象限 (Quadrant),対象国 (Country),事象名 (Culture Name),定義 (Definition),言語構造 (Structure),社会背景 (Context),社会的機能 (Function),心理的効果 (Effect),事例1：状況 (Ex1 Context),事例1：表現 (Ex1 Phrase),事例1：分析 (Ex1 Analysis),事例2：状況 (Ex2 Context),事例2：表現 (Ex2 Phrase),事例2：分析 (Ex2 Analysis),事例3：状況 (Ex3 Context),事例3：表現 (Ex3 Phrase),事例3：分析 (Ex3 Analysis)
第1象限（秩序と伝達）,日本,待遇表現（敬語体系）とウチ・ソトの言語規範,相手との社会的距離、相対的地位、および所属集団（ウチ・ソト）の境界を厳密に区別して用いる敬意表現の体系。,尊敬語、謙譲語、丁寧語、美化語という文法的な語彙・接辞の使い分け。,縦社会の人間関係と、所属集団（身内かよそ者か）を区別・重視する共同体意識。,上下関係を明確化し、摩擦を回避して社会集団内の調和（和）と秩序を維持する。,相手への敬意や配慮を示す安心感をもたらす一方、不適切な使用に対する社会的な同調圧力や不安を生む。,職場で部下が上司の行動を尋ねる場面。,「部長、明日何時にいらっしゃいますか？」,上司（目上）の主体的な動作に対して尊敬語（いらっしゃる）を用い、直接的な階層秩序を確認している。,自社の社員の行動を社外の顧客に伝える場面。,「担当の山田は外出しております。」,身内（ウチ）の目上であっても、外部（ソト）に対してはへりくだる謙譲語（おる）を用い、集団間の相対的関係を優先している。,接客業において客に対して特定の語彙を美化する場面。,「お茶」「お会計」など。,接頭辞「お」を付与する美化語により、品位を保ちつつ客に対するサービス業としての丁寧な社会的立場を演出している。
第1象限（秩序と伝達）,日本,忌み言葉と縁起担ぎの回避言語,冠婚葬祭や特定の生業において、不幸や不吉な事態を連想させる語彙の使用を禁じ、別の語に言い換える社会規範。,特定の音韻や意味を持つ語の禁止と、反義語や婉曲語への代替（言い換え）。,言霊信仰の伝統と、共同体内の儀礼的な場における「和」と秩序を重んじる文化。,不吉な事態を未然に防ぐという呪術的機能と、儀式の場における参加者の心理的調和・社会規範を維持する。,タブーを遵守することで共同体の一員としての安心感を得るとともに、逸脱への恐れを生む。,結婚式におけるスピーチの場面。,「切れる」「別れる」などを避け、「お開きにする」と言い換える。,離縁を連想させる語をタブー視し、儀式の神聖さと共同体の調和を守る。,受験生に対して激励の声をかける場面。,「落ちる」「滑る」の使用を避け、「実力を出し切って」「桜咲く」などの表現を用いる。,否定的な結果を連想させる語を避けることで、心理的な安定と社会的配慮を示す。,特定の生業・業界における隠語・言い換えの場面。,「するめ」を「あたりめ」、「すり鉢」を「あたり鉢」と言い換える。,「する（金を失う）」という忌み言葉を避け、商売繁盛という秩序（縁起）を言語的に保つ。
第1象限（秩序と伝達）,中国,階層的呼称体系と面子を保つ言語実践,年齢、世代、父方・母方の血縁関係を厳密に区別する親族名称、および社会的地位を示す肩書を重視する呼称システム。,複雑に細分化された親族名詞、および「姓＋役職名」による名詞句の義務的使用。,儒教的な長幼の序、孝の精神、および面子（社会的評価）を重んじる伝統的価値観。,家族内および社会における個人の正確な階層的位置づけを再確認し、権威への服従と秩序を維持する。,自身の社会的役割への自覚を促し、集団内での帰属意識や権威に対する敬虔さをもたらす。,父親の兄弟を呼ぶ場面。,父の兄を「伯父（b?f?）」、父の弟を「叔父（sh?f?）」と呼ぶ。,単なる「おじ」ではなく、父親を基準とした年齢の上下関係を言語的に強制され、長幼の序を意識づける。,職場で上司に呼びかける場面。,「王局長（W?ng j?zh?ng）」「李総（L? z?ng：李総経理）」など、姓に役職を付与する。,代名詞（あなた）や名前単体での呼称を避け、役職を明示することで相手の権威（面子）を立て、ヒエラルキーを強化する。,見知らぬ年長者に道を尋ねる場面。,「叔叔（sh?shu：おじさん）」「阿姨（?y?：おばさん）」と呼びかける。,擬似的な親族名称を血縁のない他者にも適用することで、社会全体を儒教的な家族秩序の延長として捉え、安全なコミュニケーションを図っている。
第1象限（秩序と伝達）,中国,人間関係の調和と面子を維持する儀礼的定型表現（客套話）,挨拶、訪問、贈答などの社会的相互作用において、相互の面子を保ち人間関係（グアンシ）を構築・維持するための定型化された言語実践。,高度に定型化されたフレーズの反復、大げさな称賛と自己卑下の対比表現。,人間関係のネットワーク（関係/グアンシ）と相互の面子（社会的評価）を極めて重視する儒教的社会構造。,対人関係における摩擦を回避し、相互の社会的地位を確認しながら互恵的なネットワークと秩序を維持する。,定型的なやり取りを経ることで相互の敵意がないことを確認し、安心感と連帯感を生む。,客人を食事にもてなす場面。,大量の料理を出しながら「粗茶淡飯（c?ch?d?nf?n：粗末な食事ですが）」と言う。,実際の豊かさとは裏腹に定型的な謙遜を行うことで、相手への深い敬意を示し、自身の面子も保つ。,贈り物を受け取る際のやり取りの場面。,最初は「太客気了（t?i k?qi le：気を遣いすぎですよ）」と何度も断り、最終的に受け取る。,即座に受け取らず辞退のポーズをとる儀礼的プロセスにより、貪欲さを隠し謙虚さという社会的規範を示す。,他者から褒められた場面。,「?裡?裡（n?l? n?l?：とんでもない）」と即座に強く否定する。,称賛をそのまま受け入れず定型的に否定することで、謙虚さの規範を守り、対人関係の調和を維持する。
第1象限（秩序と伝達）,韓国,年齢・地位に絶対的に依存する尊待語,話し手と聞き手、または話題の人物との年齢差や社会的地位に基づき、文末決定や語彙を厳密に切り替える絶対的な敬語体系。,文末語尾（ハシプシオ体、ヘヨ体など）の切り替え、主体尊敬の接尾辞「-?」、および特定の尊敬語彙。,儒教的伝統が色濃く残る垂直的社会構造と、1歳の年齢差でも上下関係が生じる厳格な年齢階層。,発話のたびに相互の階層関係を確定・明示させ、社会の垂直的秩序を強力に再生産する。,上下関係が不明な状態での心理的緊張（年齢確認の欲求）を生み、同い年（チング）間では強い連帯感をもたらす。,初対面の相手と会話を始める場面。,「何年生まれですか？（? ??????）」と年齢を尋ねる。,会話を進行するためには言語の丁寧度を決定する必要があり、年齢確認が社会秩序形成の必須の言語実践となっている。,祖父母への食事を促す場面。,「お食事（??）を召し上がりましたか（?????）？」,一般的な「ご飯（?）」や「食べる（??）」を禁じ、専用の極度な尊敬語彙を用いることで、世代間の絶対的な敬意を維持している。,伝統的な家族内で祖父に父の行動を伝える場面。,"「おじいさん、お父さんが来ました（????, ???? ????）。」",圧尊法の適用。聞き手（祖父）が話題の人物（父）より上位の場合、父への敬語を外すことで、その場の最上位者への絶対的秩序を優先する。
第1象限（秩序と伝達）,韓国,親族呼称の非血縁者への拡張による社会階層・連帯の維持,家族内の人間関係を示す親族呼称を、学校、職場、社会一般の非血縁者に対して適用し、社会全体を疑似家族的に編成する言語実践。,親族名詞（ヒョン、オッパ、オンニ、ヌナなど）の二人称代名詞および呼称としての広範な使用。,儒教的な家族主義の価値観が社会生活全般に拡張され、年齢差に基づく長幼の序が厳格な社会構造。,初対面や非血縁の集団内に家族的な連帯感を構築しつつ、年齢・性別に基づく上下のヒエラルキーを明確に規定・維持する。,血縁がなくても親密さと保護・依存の感情（情）を抱かせ、同時に上下関係に基づく役割期待を内面化させる。,大学のサークルなどで、後輩（男性）が先輩（男性）を呼ぶ場面。,「ヒョン（?：兄さん）」と呼ぶ。,単なる先輩後輩の関係を兄弟の関係に擬えることで、上位者には庇護の義務を、下位者には服従の義務を課す。,職場で若い女性が少し年上の親しい男性社員を呼ぶ場面。,「オッパ（??：お兄さん）」と呼ぶ。,公式な肩書ではなく親族呼称を用いることで、親密さを演出すると同時に、性別と年齢に基づく伝統的な上下関係を再生産する。,食堂で客が中高年の女性店員に注文する場面。,「イモ（??：叔母さん）」と呼びかける。,サービス提供者と客という関係を擬似的な親戚関係に置き換えることで、冷たい商取引ではなく情に基づく関係性を構築し摩擦を減らす。
第1象限（秩序と伝達）,北朝鮮,最高指導者への絶対敬語と政治的規範語,国家の最高指導者に対してのみ独占的に使用される極上敬語表現と、体制維持のために法的に統制された政治的言語規範。,固定化された修飾語、極上尊敬の主格助詞（「???」）、および政治的禁止語・義務語。,チュチェ思想に基づく唯一思想体系と、最高指導者を頂点とする全体主義的な独裁体制。,言語を通じて指導者の神聖不可侵性を強制し、イデオロギーの統一を図るとともに、反体制的な思考を事前に封じ込める。,日常的な発話において体制への絶対的服従を内面化させ、言語的逸脱に対する強い恐怖心と自己検閲を生む。,公式メディアや公の場で最高指導者に言及する場面。,「敬愛する最高指導者、金正恩同志??（???? ????? ???????）」と呼称する。,指導者には常に固定の修飾語と専用の尊敬助詞を義務付けることで、一般市民とは別次元の存在であることを言語的に構築している。,子供の命名や市民の名前を変更する場面。,「金日成（キム・イルソン）」「金正恩（キム・ジョンウン）」と同名を名乗ることを禁じ、改名を強制する。,指導者と同名を名乗ることをタブー視（忌み言葉化）することで、指導者の名前を聖域化し、社会的ヒエラルキーの頂点を不可侵にしている。,敵対国について言及する場面。,韓国を「南朝鮮傀儡（?????）」、米国を「米帝（??）」と固定的に呼称する。,敵対者に対する蔑称を定型化して反復使用することで、体制側の正当性と敵対関係という政治的秩序を国民の認識に刷り込んでいる。
第1象限（秩序と伝達）,北朝鮮,国家主導の言語純化運動（マルタドゥムギ）と政治的統制,体制の正当性と民族の主体性を維持するため、外来語や漢字語、特定の表現を国家が意図的に排除・言い換える上意下達の言語実践。,漢字語や外来語（特に英語や日本語由来）の固有語（純ウリマル）への置き換え、および政治的意味を付与した新造語の制定。,チュチェ思想に基づく民族第一主義と、外国（特に日米）の文化的影響を徹底的に排除しようとする閉鎖的な政治体制。,言語から外国の影響を払拭することで国家への忠誠心と民族的純潔性を強化し、外部情報や文化に対する防壁を構築・維持する。,国家が定めた言語規範に従うことで体制への順応を促し、外部世界への排他的な感情や警戒心を植え付ける。,スポーツ用語を使用する場面。,「コーナーキック」を「クソクチャギ（????：隅蹴り）」と言い換える。,西欧由来の外来語を固有語に強制的に言い換えることで、資本主義文化の流入を言語レベルで遮断している。,日常的な生活用品に関する表現の場面。,日本語由来の「ベンット（??：弁当）」を排除し、「クァッパプ（??）」の使用を強制する。,過去の植民地支配の名残である日本語由来の語彙を排除することで、民族的な純潔と抗日闘争の正当性を確認・維持する。,若い女性が恋人や親しい男性（非血縁者）を呼ぶ場面。,韓国式に「オッパ（??）」と呼ぶことを禁じ、「同志（??）」や「同務（??）」の使用を強制する。,韓国式の言語使用（傀儡語）を「非社会主義的」として法的に取り締まることで、外部文化の流入を防ぎ体制のイデオロギーを守る。
第1象限（秩序と伝達）,モンゴル,長幼の序に基づく親族呼称と厄避けのタブー言語,遊牧生活に基づく年齢階層の重視（親族呼称の拡大適用）と、精霊信仰に基づく子供への命名回避（忌み言葉）。,年長者・年少者を区別する二人称代名詞の厳格化と、悪意ある意味を持つ語彙による意図的な命名。,過酷な自然環境を生き抜くための年長者の知恵の尊重（遊牧文化）と、呪術的信仰の背景。,年長者への服従という共同体の生存に必要な秩序を保ちつつ、超自然的な力（悪霊）を欺き家族の存続を守る。,年長者に対する畏敬の念を育むとともに、不可視の脅威から子供を守っているという心理的安心感（親の不安軽減）をもたらす。,会話における二人称代名詞の使用場面。,年長者や目上の人には「Та（タ）」、同輩や年下には「Чи（チ）」を用いる。,遊牧社会における絶対的な長幼の序を瞬時に決定し、対人関係の秩序を常に明示する。,見知らぬ相手への呼びかけの場面。,血縁がなくても年上の男性を「Ах（アハ：兄）」、女性を「Эгч（エグチ：姉）」と呼ぶ。,共同体全体を疑似家族に見立て、年長者を「兄・姉」と呼ぶことで、社会全体に敬老の規範と連帯という秩序を適用している。,生まれたばかりの乳幼児に名前をつける場面。,「Нэрг?й（名無し）」「Муунохой（悪い犬）」「Х?нбиш（人間ではない）」などと名付ける。,悪霊（病気や死をもたらすもの）から目を逸らさせるための回避言語・タブーの利用であり、家族の存続という霊的・社会的な秩序を維持する実用的な言語実践である。
第1象限（秩序と伝達）,モンゴル,遊牧社会の秩序を維持する儀礼的祝詞（ユルール）と呪詛（ハラル）,冠婚葬祭や日常の節目において、共同体の繁栄と秩序を祈願する定型化された韻文の祝詞（ユルール）と、規範からの逸脱者に対する罰としての呪詛（ハラル）。,頭韻を踏んだ詩的でリズミカルな構造と、高度に様式化された比喩や対句の使用。,自然の脅威と隣り合わせの遊牧生活において、言葉が現実を変える力を持つという言霊信仰（シャーマニズム的背景）。,ユルールによって共同体の結束と繁栄の規範を再確認し、ハラルによって社会的ルール（自然環境の保護など）を破る者への強力な制裁として機能する。,祝詞によって集団への帰属意識と未来への希望をもたらし、呪詛によって共同体のタブーを犯すことへの強い恐怖心を植え付ける。,新年（ツァガーンサル）や結婚式での宴の場面。,「家畜の群れが草原を満たすように（С?рэг мал нь тал д??рэн байг）」などのユルール（祝詞）を唱える。,定型化された言葉によって遊牧社会における豊かさの理想像を共有し、年長者から年少者への祝福という社会秩序を維持する。,新しいゲル（天幕）を建てる場面。,「ゲルの柱（багана）が真っ直ぐでありますように」などとゲルの各部を賛美する専用のユルールを詠唱する。,住居という生存基盤に対して儀礼的言語を用いることで、自然環境との調和という遊牧社会の絶対的な規範を確認する。,自然環境を故意に破壊したり不道徳な行いをした者への場面。,「お前の家畜が狼に食われろ（Чононд ид??л）」などのハラル（呪詛）の言葉を投げかける。,法的な処罰が難しい広大な遊牧空間において、言葉による呪いが社会規範を強制する強力な制裁として機能している。
第1象限（秩序と伝達）,台湾,親族呼称の階層的拡張と社会的ヒエラルキーの維持,年齢や世代差を明示する親族呼称を、血縁関係のない他者や職場・学校の人間関係に拡張し、儒教的な上下関係を維持する言語実践。,親族名詞の細分化と、非血縁者に対する二人称・三人称代名詞としての転用。,儒教的な「長幼の序」と「孝」の倫理観が根付く社会。,相手との年齢・世代・地位の上下関係を会話の前提として確定させ、社会全体の階層的秩序を維持する。,自身の社会的役割や立場を再認識させ、年長者や目上の人に対する敬意や服従の態度を内面化させる。,学校や職場で後輩が先輩に助言を求める場面。,「學長、請問這題怎麼解？（先輩、この問題はどう解くのですか？）」と呼びかける。,単なる「先輩」ではなく性別を伴う親族的な呼称を用いることで、擬似家族的な上下関係を構築し、秩序を強化している。,街中の屋台で客が年配の女性店員に注文する場面。,「阿姨、我要一杯珍珠?茶（おばさん、タピオカミルクティーを1杯ください）」と注文する。,見知らぬ人であっても年齢差に基づいて親族呼称を適用することで、社会全体を長幼の序の枠組みに組み込んでいる。,親戚の集まりで子供が父の兄弟に挨拶する場面。,父の兄に「伯父好（伯父さん、こんにちは）」、父の弟に「叔叔好（叔父さん、こんにちは）」と厳格に区別して挨拶する。,父親を基準とした絶対的な年齢の上下を言語的に強制し、親族内における詳細なヒエラルキーを確認・維持している。
第1象限（秩序と伝達）,インドネシア,ジャワ語における厳格な敬語体系（ウンダ・ウスッ）,話し手と聞き手の年齢、地位、親疎の相対的関係に基づいて、使用する語彙を文法レベルで完全に切り替える言語実践。,ンゴコ（親称）、マディア（中間敬称）、クラマ（敬称）などの階層的な語彙レジスター。,伝統的なジャワ宮廷文化に由来する、身分や階層を重んじる身分制社会の名残。,発話のたびに相互の階層関係や心理的距離を確定させ、社会的な摩擦を回避して調和（ルクン）を保つ。,適切な言語レベルを選択しなければならないという緊張感をもたらす一方、適切に使用された際の社会的承認と安心感を与える。,目下の者や親しい友人に食事を勧める場面。,ンゴコ（Ngoko）を使用し、「Kowe arep mangan apa?（君は何を食べるの？）」と尋ねる。,親密さや上位者の立場を示すことで、イングループ内の連帯感やパターナリスティックな秩序を確認する。,初対面の人や目上の人に食事を勧める場面。,クラマ（Krama）を使用し、「Panjenengan badhe dhahar menapa?（あなた様は何を召し上がりますか？）」と尋ねる。,相手への敬意と社会的距離を示すことで、相手のメンツを保ち、無礼による対立を未然に防ぐ。,日常的な都市部の取引など、中程度の敬意を示す場面。,マディア（Madya）を使用し、「Sampeyan ajeng nedha napa?（あなたは何を食べますか？）」と尋ねる。,近代化による身分差の曖昧化に適応しつつ、最低限の社会的礼節と秩序を維持するための妥協的な言語実践。
第1象限（秩序と伝達）,インドネシア,インドネシア語における親族呼称「Bapak/Ibu」の公的拡張,本来は「父/母」を意味する語彙を、公的な場における年長者や上位者への敬称・代名詞として用いる言語実践。,親族名詞を二人称代名詞や肩書の敬称として転用。,多民族国家としての独立過程で、ジャワ的・伝統的なパターナリズム（父権主義）を国民国家の統合に利用した歴史的経緯。,家族的な温かさを装いつつ、社会における年齢や地位の上下関係を明確にし、権威への服従を促す。,相手を親族に準じる存在として扱うことで敬意と親近感を同時に抱かせ、批判や対立を心理的に困難にさせる。,職場で部下が上司（男性）の状況を尋ねる場面。,「Bapak sudah makan?（お父さん/上司、もうご飯は食べましたか？）」と尋ねる。,職場組織を家族に見立てることで、上司に対する家父長的な権威を言語的に承認し、ヒエラルキーを維持する。,学校の授業で生徒が教師（女性）に質問する場面。,"「Ibu, saya mau bertanya（お母さん/先生、質問があります）」と話しかける。",直接的な「あなた」という代名詞を避け、母性的権威を示す語を用いることで、教育現場における規範と秩序を保つ。,大統領や政府高官が国民に向けて演説を始める場面。,聴衆に「Bapak-bapak dan Ibu-ibu sekalian（お父様方、お母様方、皆様）」と呼びかける。,国民全体を家族的秩序の中に位置づけることで、国家権力と市民の関係を疑似親族化し、社会の安定を図っている。
第1象限（秩序と伝達）,カンボジア,クメール語における社会的階層に基づく絶対的・相対的レジスター体系,王族、僧侶、一般人という三つの絶対的な社会階層と、一般人同士の相対的地位に基づく言語の使い分け。,王室語（ラーチャーサップ）、僧侶語、一般語という異なる語彙体系の共存と、親族呼称の代名詞的用法。,上座部仏教の信仰と、かつての王権至上主義が結びついた伝統的な社会構造。,宗教的・世俗的権威に対する絶対的な敬意を可視化し、揺るぎない社会的ヒエラルキーを言語的に再生産する。,王や仏への畏敬の念を内面化させるとともに、日常における身分や年齢の差への敏感な意識を生む。,王族の食事について一般人が言及する場面。,王室語（ラーチャーサップ）を用い、「Preah ang saoy（王様がお食事を召し上がる）」と言う。,一般語とは全く異なる専用語彙を強制することで、王族を一般人から隔絶された神聖な存在として位置づけている。,僧侶に食事を勧める、または僧侶の食事に言及する場面。,僧侶語を用い、「Lok chhan bai tei?（お坊様、ご飯を召し上がりますか？）」と尋ねる。,世俗の王権とは異なる宗教的権威に対しても独自の語彙を用いることで、仏教社会としての精神的秩序を維持している。,一般人同士で、年下の者が年上の者に呼びかける場面。,年上に「Bong（兄/姉）」、年下に「P'oun（弟/妹）」と呼びかける。,絶対的階層の下にある一般社会内でも、親族呼称を用いて相対的な長幼の序を規定し、日常のヒエラルキーを維持している。
第1象限（秩序と伝達）,シンガポール,シングリッシュにおける文末詞を用いたプラグマティックな調和維持（Face-saving）,多言語・多民族社会において、直接的な対立や摩擦（Faceの喪失）を避けるために特定の文末詞を用いて発話のニュアンスを調整する実践。,"中国語の諸方言やマレー語に由来する文末詞（lah, lor, mehなど）の英語文法への付加。",華人、マレー系、インド系などが共存する高密度な多民族社会であり、対人摩擦の回避が社会全体の存続に不可欠である環境。,発話の威圧感を和らげたり、連帯感を示したりすることで、イングループ内の調和（社会規範）を維持する。,直接的な命令や対立による心理的負担（面子を失うこと）を軽減し、共同体意識や親密さを高める。,友人に食事を急かす、または行動を促す場面。,「Eat lah（早く食べなよ）」「Don't do that lah（やめなよ）」と言う。,「lah」を付加することで、英語の直接的な命令文が持つ強制力を和らげ、フレンドリーな提案へと変換して摩擦を避けている。,相手の発言に対して疑念や驚きを示す場面。,「Really meh?（本当にそうなの？）」と尋ねる。,直接的に「Are you sure?」と問いただすことで相手の面子を潰すのを避け、「meh」を用いて柔らかく確認することで対立を回避している。,状況に対して諦めや妥協を示す場面。,「Then like that lor（じゃあ、それでいいよ仕方ない）」と返す。,「lor」を用いることで、自身の主張を押し通さず状況を受け入れる態度を示し、対人関係の決定的な破綻を防ぐ調和的機能を持つ。
第1象限（秩序と伝達）,シンガポール,国家主導の標準英語普及運動（Speak Good English Movement）による言語規範の統制,シングリッシュを非標準とし、標準英語（Standard English）の使用を国民に促すことで、社会的・経済的な言語規範を統制する国家主導の実践。,シングリッシュ特有の文法や語彙（文末詞、構文の簡略化など）の排除と、標準英語に基づく文法・発音の推奨。,多民族国家としての建国とグローバル化への適応、およびメリトクラシー（能力主義）を是とする国家政策。,国際競争力の維持という経済的目標と同時に、言語能力に基づく社会階層（エリートと大衆）の秩序・規範を管理する。,標準英語を話すことへの優越感やエリート意識を育む一方で、シングリッシュに対する愛着と劣等感というアンビバレンスを生む。,政府のキャンペーンでシングリッシュの言い換えを指導する場面。,"「Don't say 'Eat already?', say 'Have you eaten?'」と啓発ポスターで呼びかける。",シングリッシュ特有の表現を直接的に否定し、標準英語の構文を「正しい」ものとして国民に提示している。,職場の電話対応で標準英語の使用を促す場面。,「Wait ah」ではなく「Please hold on」を使用するよう指導する。,公式な場での文末詞の使用を排除し、プロフェッショナルとしての社会的地位と標準言語規範を結びつけている。,公式なスピーチや会議でシングリッシュの文末詞を抑制する場面。,「I can do it lor」ではなく「I am capable of doing it」と標準英語を使用する。,個人の言語能力（標準英語の運用能力）が社会的地位や知性の指標として機能し、社会経済的ヒエラルキーを再生産している。
第1象限（秩序と伝達）,タイ,王室用語（ラーチャーサップ）と僧侶用語による絶対的秩序の明示,国王および王族、そして上座部仏教の僧侶に対して、一般用語とは全く異なる専用の語彙を用いる厳格な敬語体系。,クメール語やサンスクリット・パーリ語からの借用語を中心とした専用の語彙（名詞、動詞、代名詞）の体系。,国王を国家の象徴として絶対視するイデオロギーと、生活の基盤となっている上座部仏教への深い信仰。,世俗における最高権威（王室）と精神的権威（僧侶）を日常言語から隔離し、社会の頂点としての絶対的秩序を維持する。,これらの権威に対する畏怖と敬虔さを国民に絶えず意識させ、国家・宗教・国民という三位一体のイデオロギーを内面化させる。,ニュースキャスターが王族の食事や移動について報じる場面。,食事に「サワーイ（sawoey）」、移動に「サデット（sadet）」と専用の動詞を用いる。,日常的な行為であっても、王族の動作には専用語を用いることで、一般人とは次元の異なる存在であることを言語的に構築している。,信者が僧侶の食事について言及する場面。,一般の「???（ギン）」ではなく「???（チャン）」を用いて「プラ・チャン・アーハーン（僧侶が食事をする）」と表現する。,世俗の身分とは別に、出家者に対する絶対的な宗教的ヒエラルキーを言語表現によって維持・再確認している。,メディアや公式な場で国王について言及する場面。,「プラバート・ソムデット・プラチャオユーフア（国王陛下）」という長大な正式称号を省略せずに呼称する。,長大な称号を省略せずに使用することを義務付けることで、王室への忠誠と社会の最高位に対する儀礼的規範を強化している。
第1象限（秩序と伝達）,タイ,代名詞・文末詞を用いた性別規範と相対的ヒエラルキーの維持,話し手と聞き手の年齢、性別、社会的地位に基づいて、一人称・二人称代名詞や丁寧さを表す文末詞を細かく選択する実践。,男女で異なる文末詞（クラップ/カー）や、親族呼称から転用された多様な代名詞（ピー/ノーンなど）。,年齢の上下（長幼の序）と、伝統的な性別役割分担に基づく緩やかながらも明確な社会階層意識。,発話のたびに自己と他者の相対的な位置関係（年齢・地位）やジェンダーを明示し、対人関係の秩序を滑らかに保つ。,常に自分の社会的立ち位置や性別を意識させ、規範からの逸脱を抑制するとともに、適切な選択による安心感をもたらす。,日常会話で初対面の相手に挨拶する場面。,男性は「サワッディー・クラップ（khrap）」、女性は「サワッディー・カー（kha）」と文末詞をつける。,丁寧さを表す語が発話者の性別によって厳格に分かれており、社会的礼節の維持が性別規範の再生産と不可分に結びついている。,年齢差のある一般人同士が会話する場面。,年長者を「ピー（兄/姉）」、年少者を「ノーン（弟/妹）」と呼び、「ピーはこう思うよ」と一人称にも用いる。,血縁がなくても親族呼称を用いることで、年齢に基づく上下関係を柔らかな擬似家族的秩序の中に組み込んでいる。,若い女性が目上の人に対して自分を指し示す場面。,一人称として「ヌー（ネズミ）」を使用し、「ヌー・マイ・ルー・カー（ネズミはわかりません）」と話す。,自らを小さく弱い存在に例えることで、相手の優位性を高め、パターナリスティックな保護と服従の階層関係を円滑に維持している。
第1象限（秩序と伝達）,フィリピン,タガログ語における敬意表現（po / opo）と親族呼称の社会的拡張,年長者や権威者に対する敬意を示すための接辞（不変化詞）の使用と、非血縁者への親族呼称の適用。,"文末や文中に付加される敬意の不変化詞（po / ho）と、肯定の返答（opo / oho）。親族呼称（Kuya, Ate等）の呼称・代名詞化。",カトリックの影響と伝統的な家族主義、年齢・世代の上下関係を重んじるパターナリズム。,目上の者への敬意と服従を可視化し、社会全体の長幼の序と調和（パキキサマ）を維持する。,目上に対する従順さと敬虔な態度を促し、相互の保護と依存の安心感をもたらす。,若者が年長者からの質問に肯定で答える場面。,「Opo.（はい）」と答える。,単なる肯定「Oo」ではなく「Opo」を用いることで、発話行為自体に敬意を内包させ、上下関係を再確認する。,乗客がタクシー運転手（年長男性）に降車を伝える場面。,"「Kuya, para po.（兄さん、ここで降ります）」と言う。",親族呼称（Kuya）と敬意の不変化詞（po）を併用することで、非血縁者間でも擬似家族的な上下関係と敬意の秩序を構築する。,部下が目上の人に用件を尋ねる場面。,「Ano po iyon?（それは何でしょうか？）」と尋ねる。,文の途中に「po」を挿入することで発話全体の丁寧度を上げ、社会的な摩擦を避ける直接的な言語実践となっている。
第1象限（秩序と伝達）,ブルネイ,バハサ・ダラム（王室用語）と厳格な敬語体系,絶対君主制を支えるための、国王・王族に対してのみ用いられる専用の語彙体系と、社会階層に基づく言語の使い分け。,サンスクリット語や古典マレー語に由来する特殊な語彙群（名詞、動詞、代名詞）の体系的使用。,イスラム教を国教とする絶対君主制であり、「マレー・イスラム・王政（MIB）」という国家イデオロギー。,スルタンと王室の神聖不可侵性を言語的に保証し、王族、貴族、平民という絶対的な社会階層を維持・再生産する。,国民に対し、王権に対する畏敬の念と絶対的な忠誠心を言語使用を通じて内面化させる。,一般市民が王族の食事について言及する場面。,一般語の「makan（食べる）」を避け、「santap」と表現する。,日常的な身体的欲求に関しても一般語を禁じ、王室専用語を用いることで王族の神聖な秩序を明示する。,一般人が国王（スルタン）に直接話しかける際の自己言及の場面。,一人称として「hamba kebawah duli（陛下の下の奴隷）」や「patik（臣下）」を用いる。,極度にへりくだった一人称を強制することで、王権に対する発話者の絶対的な服従と階層的な非対称性を確認する。,ニュースキャスターが公式メディアでスルタンについて言及する場面。,「Kebawah Duli Yang Maha Mulia Paduka Seri Baginda Sultan（国王陛下）」という長大な敬称を省略せずに用いる。,称号を定型的に反復し省略を許さないことで、国家の頂点としてのスルタンの権威と国家イデオロギー（MIB）を強化する。
第1象限（秩序と伝達）,ベトナム,親族名称を用いた絶対的・相対的な対人呼称と階層的代名詞体系,年齢、性別、世代、社会的地位に基づいて親族名称を細分化し、一人称・二人称代名詞として相互の相対的関係を確定させる言語実践。,"親族名詞（anh, ch?, em, ch?, b?cなど）の、年齢や世代に基づく厳密な選択と対提示（ペア）による人称代名詞的用法。",儒教的な家族倫理、長幼の序、および社会全体を一つの大家族として捉える伝統的価値観。,発話のたびに相手との相対的な年齢・世代の上下関係を決定し、社会生活全般における階層秩序を明示・維持する。,互いの立場（目上・目下）を意識させることで社会的役割に応じた振る舞いを促し、連帯感と敬意を同時に生む。,若い女性が年上の男性に挨拶をする場面。,相手を「anh（兄）」、自分を「em（弟/妹）」とし、「Em ch?o anh（お兄さん、こんにちは）」と言う。,独立した「私・あなた」という代名詞を使わず、相対的な年齢差に基づくペア関係を築くことで、長幼の序という秩序を言語化する。,若い部下が親世代の上司（男性）に話しかける場面。,相手を「b?c（親の兄世代）」、自分を「ch?u（甥/姪）」とし、「Ch?u ch?o b?c（伯父さん、こんにちは）」と言う。,単なる職場の上下関係を親戚の世代間ギャップに置き換えることで、絶対的な服従と庇護の社会階層を構築する。,初対面の人同士が会話を始める場面。,「N?m nay anh/ch? bao nhi?u tu?i?（今年、おいくつですか？）」と年齢を尋ねる。,適切な呼称（代名詞）が決定しないと会話が成立しないため、相手の階層的地位の確認が社会規範の第一歩となっている。
第1象限（秩序と伝達）,マレーシア,称号（タイトル）と敬称の厳格な使用と社会的ヒエラルキーの維持,連邦国王（アゴン）やスルタンからの授与、または職業的・宗教的地位に基づく公式な称号を日常・公的場面で厳格に使用する実践。,"名前の前に付与される階層的な称号群（Tun, Tan Sri, Datuk Seri, Datukなど）と、それに伴う専用の敬称。",マレー系主導の王制（スルタン制）と、多民族国家における政治的・経済的な権力構造を反映した階層社会。,国家や王室からの承認に基づく社会的地位を可視化し、エリート層の権威と階層的な社会秩序（ヒエラルキー）を維持する。,称号を持つ者への権威への服従や畏敬の念を抱かせ、社会的な身分差を当然のものとして受容させる。,メディアが国家から称号を授与された有力者に言及する場面。,「Tan Sri Ahmad（タン・スリ・アフマド）」のように、称号を名前の前に付けて呼ぶ。,称号の省略は極めて無礼とされる。国家が授与した階層的な身分を言語化することで、社会の垂直的秩序を強化する。,国会で議員が別の議員に呼びかける場面。,名前ではなく「Yang Berhormat（尊敬すべき者）」という敬称を用いる。,役職に応じた定型的な敬称の使い分けを強制することで、政治的ヒエラルキーと議会内の秩序を形式化している。,信徒がイスラム教の宗教指導者に話しかける場面。,名前の前に「Ustaz（ウスタズ）」を付けて呼ぶ。,世俗の権威だけでなく、宗教的な達成や権威も言語的称号として明示し、コミュニティ内の精神的・宗教的秩序を維持している。
第1象限（秩序と伝達）,ミャンマー,相対的敬意表現と僧侶に対する絶対的敬語体系,話し手と聞き手の年齢・地位関係による代名詞や文末詞の使い分けと、上座部仏教の僧侶に対してのみ適用される特別な語彙体系。,男女で異なる文末詞（khamya / shin）、年齢・地位に応じた一人称・二人称代名詞、および僧侶用の専用語彙。,上座部仏教の強い影響力と僧侶の絶対的優位性、および年齢・地位に基づく長幼の序を重んじる階層社会。,世俗の相対的な上下関係を滑らかに維持しつつ、仏教的権威（僧侶）に対する絶対的な宗教的秩序を言語的に確固たるものにする。,世俗の権威に対する社会的礼節と、仏教に対する深い信仰心・畏敬の念を日々の発話を通じて内面化させる。,一般人が僧侶の食事について言及する場面。,一般語の「sa:（食べる）」ではなく、僧侶専用語の「hpone pe:（ポンペイ）」を用いる。,世俗の人間の行為と僧侶の行為を語彙レベルで峻別し、僧侶を仏の代理としての絶対的上位者とする宗教的秩序を再生産する。,一般人が僧侶との対話において自らを指し示す場面。,一般の一人称（チュノー等）ではなく、「tapyidaw（タピードー：王/仏の弟子）」を使用する。,発話者を自ら「弟子（下位者）」と規定することで、僧侶との間の絶対的な非対称性と宗教的ヒエラルキーを確認する。,一般人同士で、相手への返事や丁寧な呼びかけを行う場面。,男性は「hok ke. khamya（ホウッケ、カミャ）」、女性は「hok ke. shin（ホウッケ、シン）」と性別専用の文末詞をつけて答える。,性別に基づく文末詞の使用を義務付けることで、社会的礼節の維持と同時に伝統的なジェンダー規範・秩序を反復している。
第1象限（秩序と伝達）,ラオス,仏教的・社会的階層に基づく代名詞体系と僧侶用語,話し手と聞き手の年齢、社会的地位、および僧侶などの宗教的権威に基づいて、代名詞や動詞を厳密に使い分ける言語実践。,親族名称の代名詞化、性別・階層に基づく丁寧な文末詞、および仏教僧侶に向けた専用語彙（借用語）の存在。,上座部仏教の信仰と、年齢・社会的地位の上下関係を重んじる伝統的な階層社会。,発話のたびに相手との相対的・絶対的な階層を確定させ、社会関係と宗教的秩序を維持する。,年長者や僧侶に対する畏敬の念と社会規範への順応を促し、調和のとれた関係への安心感を生む。,若者が年長者からの指示に対して同意や返事をする場面。,「ドーイ（???：はい）」や「ジャオ（?????：はい）」といった丁寧な肯定詞を用いて返答する。,相手の優位性を認め、言語的な丁寧さを通じて日常的なヒエラルキーと敬意を維持する。,職場で少し年上の先輩（男性）に呼びかける場面。,名前だけで呼ぶのを避け、「アーイ（????：兄）」を名前の前に付けて呼称する。,家族の長幼の序を社会一般に拡張し、親密さと上下関係を両立させる秩序を形成する。,一般信徒が僧侶が「食事をする」行為に言及する場面。,一般の「キン（???：食べる）」ではなく、僧侶専用の「サン（???）」を用いる。,世俗とは異なる語彙を用いることで、宗教的権威に対する絶対的な優位と神聖な秩序を言語的に可視化する。
第1象限（秩序と伝達）,東ティモール,テトゥン語における親族呼称の公的・社会的拡張,年齢や世代の上下を示す親族呼称を、政治指導者や非血縁の他者に対して敬称・代名詞として用いる実践。,"親族名詞（Maun, Manaなど）の呼称および二人称・三人称代名詞への転用。",家族・親族の連帯を重視する伝統文化と、独立闘争を通じて形成された国民的な連帯感。,社会全体を擬似家族的に統合し、年長者や指導者への敬意と服従の秩序を維持する。,権威者に対する親近感と尊敬を同時に抱かせ、社会的な摩擦を軽減し連帯感を高める。,一般市民が独立運動の指導者（元大統領など）について語る場面。,シャナナ・グスマンを「マウン・シャナナ（Maun Xanana：シャナナ兄さん）」と親族呼称を付けて呼ぶ。,国家の指導者を「兄」と呼ぶことで、権力関係を家族的な保護・指導の枠組みに置き換え、親密な秩序を構築する。,市場で客が年上の女性店員（非血縁）に話しかける場面。,「マナ（Mana：姉）」と親族呼称で呼びかける。,性別と年齢差に基づく長幼の序を、日常的な人間関係の基本規範として社会全般に適用している。,初対面の相手や目上の人に「あなたは行きますか？」と尋ねる場面。,「イタ・バ・カ・ラエ？（Ita ba ka lae?）」と、敬意を示す二人称代名詞「イタ（Ita）」を使用する。,二人称代名詞の明確な階層的使い分けにより、相互の社会的地位や親疎の秩序を常に明示する。
第1象限（秩序と伝達）,インド,ヒンディー語における三人称・二人称の階層的代名詞体系,相手の年齢、社会的地位、親疎関係に基づき、三人称および二人称の代名詞とそれに呼応する動詞活用を3段階で使い分ける実践。,極敬称（aap）、中敬称（tum）、親称・卑称（tu）の3段階の代名詞と、それに完全に連動する動詞の活用変化。,年齢の上下、カースト、経済的地位などに基づく厳格な社会階層（ヒエラルキー）の存在。,発話のたびに相手との力関係や社会的距離を確定させ、社会の垂直的秩序を日常的に再生産する。,自らの社会的立ち位置を絶えず意識させ、適切な代名詞選択による安心感や、逸脱に対する緊張感を生む。,目上の人や初対面の人に「ご機嫌いかがですか？」と尋ねる場面。,「アープ・カイセー・ハイン？（Aap kaise hain?）」と極敬称の「aap」を使用し、動詞も複数形・敬意の活用にする。,最大限の敬意と距離感を示すことで、上位者に対する服従的または丁重な社会秩序を維持する。,同僚や友人、配偶者など、対等で親しい相手に「元気？」と尋ねる場面。,「トゥム・カイセー・ホー？（Tum kaise ho?）」と中敬称の「tum」を使用し、中位の動詞活用にする。,対等の関係性や親密さを示すレジスターであり、身内や同輩間の水平的な連帯感と秩序を確認する。,社会的劣位者（使用人など）に対して「ここに来い」と指示を出す場面。,「トゥー・ヤハーン・アー（Tu yahan aa）」と卑称の「tu」を使用し、下位の動詞活用にする。,圧倒的な権力差を誇示し、階層的な支配・被支配の秩序を強調・再生産する。
第1象限（秩序と伝達）,インド,カースト制度と職業に関する婉曲表現・回避言語,特定のカーストや不浄とされる職業に対する直接的な呼称（蔑称）を避け、政治的・公的に言い換える言語実践。,従来の名称を忌避するタブー化と、新たな造語や婉曲的な名詞句への置換。,ヒンドゥー教の浄・不浄の観念に基づくカースト制度と、現代における身分差別の撤廃・政治的権利要求の対立。,差別的なニュアンスを緩和して表向きの社会的調和を保つとともに、政治的・法的管理のための秩序を構築する。,旧来の呼称による屈辱感を避け、社会的な面子を保つ、あるいは新たな呼称による集団的自尊心を生む。,政治家やメディアがかつての「不可触民」と呼ばれる階層に言及する場面。,旧来の差別的呼称を避け、当事者が自称する「ダリット（Dalit：抑圧された者）」を用いる。,旧来の差別的呼称をタブー視して回避し、政治的・社会的に定義し直された呼称を用いることで、社会規範を更新しようとしている。,行政や報道機関が清掃業など、伝統的に不浄とされる職業従事者に言及する場面。,直接的なカースト名を避け、「サファイ・カラムチャリ（Safai Karamchari：清掃労働者）」などの公的・婉曲的名称を用いる。,職業とカーストの直接的な結びつきを言語的に切断・隠蔽することで、近代的な労働秩序としての体裁を保っている。,行政文書や法律において被差別階層を分類・記述する場面。,「指定カースト（Scheduled Castes / SC）」や「指定部族（Scheduled Tribes / ST）」などの行政用語を使用する。,生々しいカースト名を無機質な行政用語に言い換えることで、法的秩序の中に階層問題を組み込み、国家として管理している。
第1象限（秩序と伝達）,パキスタン,ウルドゥー語におけるペルシア・アラビア語由来の高度な敬意表現（アーダーブ）,宮廷文化やイスラム的規範に由来し、相手の社会的地位や面子を保つための極めて精巧で儀礼的な語彙・表現の体系。,"二人称代名詞の階層（aap, tum, tu）と、ペルシア・アラビア語由来の高度な名詞・動詞による婉曲的敬意表現。",ムガル帝国時代の宮廷文化の名残（礼儀作法）と、年齢・性別・階層を重んじるイスラム的な社会構造。,エリート層の洗練さを示すとともに、上下関係や性別規範に基づく社会秩序を優雅に、かつ厳密に維持する。,礼節を重んじることで相互の尊厳（面子）を守り、無礼による対立を避ける安心感をもたらす。,ホストが客を家に迎え入れ、座るよう促す場面。,一般的な「バイティエー（Baithiye：座ってください）」ではなく、「タシュリーフ・ラキエー（Tashreef rakhiye：あなたのご尊体を置いてください）」と言う。,単なる行為の指示ではなく、極めて高い敬意を含む定型表現を用いることで、もてなしの儀礼的秩序を維持する。,目下の者が目上の相手に対して自分の行動をへりくだって伝える場面。,「私（mein）」の代わりに「バンダ・カル・デーガー（Banda kar dega：このしもべが致します）」等の謙譲表現を用いる。,自己を卑下することで相対的に相手の地位を高め、階層的な非対称性の秩序を言語的に演出する。,イスラム教徒同士が街角で出会い、挨拶を交わす場面。,「アッサラーム・アライクム（As-salamu alaykum：あなたの上に平安あれ）」という宗教的定型句を使用する。,イスラム共同体（ウンマ）の一員であることを確認し、共有された宗教的規範に基づく社会的秩序を反復・強化する。
第1象限（秩序と伝達）,バングラデシュ,ベンガル語における階層的な二人称代名詞と動詞活用の連動,相手の年齢や社会的地位に応じて二人称代名詞を3段階で使い分け、動詞の活用も完全に連動させる言語実践。,敬称（apni）、親称（tumi）、卑称・極親称（tui）の3段階と、それぞれに対応する動詞の活用変化。,年長者への敬意、および経済格差や職業的地位に基づく明確な社会階層の存在。,対人関係の上下や親疎の度合いを言語的に強制的に標示し、日常のヒエラルキーを維持する。,関係性に応じた適切な態度を話者に要求し、社会規範に沿った行動をとらせる心理的圧力を生む。,若者が年長者や初対面の相手に「お元気ですか？」と尋ねる場面。,「アプニ・ケモン・アチェン？（Apni kemon achen?）」と敬称の「apni」を用い、対応する敬語の動詞活用にする。,社会的上位者に対する敬意と距離を明示し、伝統的な長幼の序や身分秩序を保持する。,同輩の友人や兄弟に「元気？」と尋ねる場面。,「トゥミ・ケモン・アチョ？（Tumi kemon acho?）」と親称の「tumi」を用い、中位の動詞活用にする。,適度な親密さと対等な関係性を示すことで、イングループ内のフラットな秩序を維持する。,客がリキシャの運転手などに対して「ここへ来い」と指示を出す場面。,「トゥイ・エカネ・アイ（Tui ekhane ay）」と卑称の「tui」を用い、下位の動詞活用にする。,社会的下位者に用いる場合は明確な権力差と階層構造（見下し）を言語的に確定させ、支配的秩序を維持する。
第1象限（秩序と伝達）,バングラデシュ,宗教共同体の境界を維持する語彙的レジスター（ムスリムとヒンドゥー）,同じベンガル語話者でありながら、属する宗教によって特定の日常語彙や挨拶を使い分け、コミュニティの境界を維持する実践。,ペルシア・アラビア語由来の語彙（ムスリム）と、サンスクリット由来の語彙（ヒンドゥー）の対立的選択。,多数派のイスラム教徒と少数派のヒンドゥー教徒が共存しつつも、歴史的・政治的にコミュニティの区分が意識される社会。,日常言語を通じて自身の宗教的アイデンティティを標示し、各共同体内部の結束と境界（社会的秩序）を維持する。,同じ宗教的語彙を共有することで共同体内部の強い連帯感と帰属意識を生む。,食堂の席などで客が水を求める場面。,ムスリムはペルシア・アラビア語由来の「パニ（pani）」、ヒンドゥー教徒はサンスクリット由来の「ジョル（jol）」と言う。,水という極めて基本的な生活語彙すら宗教によって異なり、日常的に共同体の境界線を引いて秩序を保っている。,家庭内で子供が父親を呼ぶ場面。,ムスリムは「アッバ（Abba）」、ヒンドゥー教徒は「ババ（Baba）」と呼ぶ。,親族呼称の選択が宗教的アイデンティティの表出となっており、家庭内からコミュニティの秩序を再生産している。,出会いや別れの挨拶を交わす場面。,ムスリムは「ホダ・ハフェズ（Khoda Hafez：神の御加護を）」、ヒンドゥー教徒は「ノモシュカール（Nomoshkar）」を用いる。,宗教的背景を持つ定型挨拶を用いることで、互いの帰属する規範を確認し、コミュニティ独自の秩序を維持する。
第1象限（秩序と伝達）,スリランカ,シンハラ語における社会的・宗教的階層に基づく語彙と代名詞の使い分け,相手の社会的地位、カースト、年齢、および宗教的権威（仏教僧侶）に応じて、代名詞や動詞、専用語彙を厳格に使い分ける言語実践。,"二人称代名詞の階層的な使い分け（oba, oya, umba等）と、僧侶専用の特殊語彙。",上座部仏教の信仰が社会的権威の頂点にあり、カースト制度の名残や年齢に基づく階層意識が存在する社会。,世俗の権力関係や宗教的権威を言語的に明示し、各個人の社会的な位置づけとヒエラルキーを再確認・維持する。,宗教的権威への畏敬の念を内面化させるとともに、身分や年齢に応じた振る舞いを求める社会規範への服従を促す。,一般人が仏教僧侶に食事について尋ねる場面。,一般の「食べる（kanawa）」を避け、「Oba wahanse walandanawada?（お坊様、召し上がりますか？）」と専用語彙と代名詞を用いる。,一般人とは異なる代名詞と動詞（専用語彙）を強制することで、僧侶の神聖不可侵な宗教的権威と社会秩序を維持する。,職場で部下が上司に「どこへ行きますか？」と尋ねる場面。,丁寧な二人称代名詞「オバ（oba）」を使用し、「Oba koheda yanne?」と尋ねる。,相手への敬意と社会的距離を適切に保つことで、対人関係の摩擦を避け、公的な階層秩序を維持する。,親が子供に対して「ここに来なさい」と呼ぶ場面。,二人称代名詞「ウンバ（umba）」を使用し、「Umba meheta enna」と言う。,親密さの表現でもあるが、階層的な文脈では相手を下位と見なす権力関係を明確に標示し、上下関係の秩序を再生産する。
第1象限（秩序と伝達）,ネパール,ネパール語におけるカーストと年齢に基づく階層的代名詞・動詞活用,相手の身分、カースト、年齢に基づき、二人称代名詞を主に4段階（極敬称・敬称・親称・卑称）に分け、動詞の活用も完全に連動させる言語実践。,"二人称代名詞（hajur, tapain, timi, ta）の段階的区別と、それぞれに呼応する厳密な動詞の活用変化。",ヒンドゥー教の厳格なカースト制度と長幼の序、およびかつての王制に由来する垂直的な社会階層。,発話のたびに相手との権力関係や身分差を確定させ、社会の垂直的秩序とカースト的ヒエラルキーを日常的に再生産する。,自らの社会的立ち位置を絶えず意識させ、適切な代名詞選択による社会への帰属感や、逸脱に対する緊張感を生む。,一般市民が身分の高い人物や王族に対して「ご機嫌いかがですか？」と尋ねる場面。,極敬称「ハジュール（hajur）」を用い、「Hajur sanchai hunuhunchha?」と最高レベルの動詞活用で尋ねる。,相手を絶対的上位者として扱うことで、伝統的な支配・被支配のヒエラルキーと極度な敬意を言語的に維持する。,若者が年長者や初対面の人に「どこへ行くのですか？」と尋ねる場面。,敬称「タパイン（tapain）」を用い、「Tapain kaha januhunchha?」と対応する動詞活用で尋ねる。,近代的な社会関係においても長幼の序や身分差に基づく敬意を明示し、日常の丁寧な社会秩序を保つ。,主人が使用人に対して、あるいは親が子に「これをしろ」と命じる場面。,卑称・極親称「タ（ta）」を用い、「Ta yo gar」と下位の動詞活用で命じる。,相手との圧倒的な上下関係やカースト的な隔絶を言語的に確定させ、支配的な社会規範を維持する。
第1象限（秩序と伝達）,ブータン,ゾンカ語における厳格な敬語体系（シェサ）と礼儀作法,国王、王族、高僧、政府高官などの上位者に対して、一般語彙とは全く異なる特別な敬語語彙（シェサ）を体系的に使用する実践。,名詞、動詞を中心とした一般語（phal-kay）から敬語（zhe-sa）への完全な語彙的置き換え、および丁寧の助詞「la」の使用。,チベット仏教の信仰、絶対君主制、および「ディグラム・ナムザ（Driglam Namzha）」と呼ばれる国家主導の伝統的礼儀作法・規範。,世俗および宗教における絶対的権威を言語的に隔離し、身分制度と伝統的礼節を国家のアイデンティティとして維持する。,権威に対する畏敬の念と忠誠心を国民に絶えず意識させ、伝統的規範に従うことへの誇りと同調圧力を生む。,一般人が高僧や王族の「頭」について言及する場面。,一般語の頭「ゴ（goh）」を使わず、敬語の「ウ（u）」を使用する。,身体部位にまで特別な語彙を用いることで、権威者を神聖化し、一般人との絶対的な階層差を言語的に構築している。,一般人が目上の人に食事を勧める場面。,一般の「食べる（za）」ではなく、敬語の「シェ（zhe）」を用いて「Zhe la（召し上がってください）」と言う。,日常的な動作のレベルで階層差を明示し、ディグラム・ナムザ（伝統的礼節）という社会秩序を実践する。,目下の者が目上の人に対して挨拶をする場面。,「クズザンポ（Kuzoo zangpo：こんにちは）」に丁寧の助詞「ラ（la）」を付けて「クズザンポ・ラ」と言う。,会話の端々に「ラ」を付加することを義務付けることで、対人関係の上下や敬意を常に確認し、社会全体の調和を保つ。
第1象限（秩序と伝達）,モルディブ,ディベヒ語における3段階の絶対的敬語レベル,大統領や高官、年長者、一般人という明確な社会的階層に基づき、三人称・二人称代名詞や動詞を3つのレベルに厳格に使い分ける実践。,最上敬語（レベル1）、中間敬語（レベル2）、一般語（レベル3）という、代名詞や動詞の語彙・接辞の体系的な切り替え。,古くからのスルタン制に基づく階層社会の名残と、大統領などの政治的権威や年長者を強く敬う社会規範。,国家の最高権力者から一般市民に至るまでの社会階層を言語的に3段階に分類し、揺るぎない政治的・社会的ヒエラルキーを維持する。,最高権威に対する絶対的な服従を内面化させるとともに、各階層に応じた適切な言語使用を通じた社会的承認をもたらす。,ニュースキャスターが大統領の食事について報じる場面。,最上敬語（レベル1）を用い、「食べる」を「ファリウッカヴァニー（Fariukkavanee）」と表現する。,かつてのスルタンに用いられた語彙を現代の大統領に適用することで、国家元首の権威を言語的に神聖化し秩序を保つ。,市民が政府高官や年長者の食事について言及する場面。,中間の敬語（レベル2）を用い、「食べる」を「ファリックラッヴァニー（Farikkuravvanee）」と表現する。,最高権威とは区別しつつも、一般人より上位に位置づけることで、社会における細かなヒエラルキーを維持する。,同輩や友人が他者の食事について言及する場面。,一般語（レベル3）を用い、「食べる」を「カニー（Kanee）」と表現する。,対等または下位の者への使用により、社会的上位者との差異を浮き彫りにし、階層的な対人距離を明示する。
第1象限（秩序と伝達）,アフガニスタン,ダリー語等における階層的代名詞と自己卑下の儀礼的表現（タアーロフ的実践）,相手の年齢や社会的地位に応じて代名詞の単数・複数を使い分け、さらに自己を極端に卑下し相手を高める定型表現を多用する言語実践。,二人称代名詞の単複によるT/V区別（Tu/Shoma）と、「奴隷」や「犠牲になる」などのペルシア語圏に共通する過剰な謙譲語彙。,長幼の序、部族的・家父長的な権威、および客を厚遇し相互の「名誉（面子）」を極めて重んじる伝統的なイスラム社会。,相互の社会的地位を確認しながら相手の面子を立て、無礼による深刻な対立や摩擦を未然に防ぐ儀礼的秩序を構築する。,相手への敬意を示すことで自身も礼節をわきまえた人物としての承認を得るという、相互の自尊心と安心感をもたらす。,若者が目上の人や見知らぬ人に「あなたはどうですか？」と尋ねる場面。,二人称複数代名詞の「ショマー（Shoma）」を使用し、「Shoma chetor astid?」と動詞も複数形にする。,相手を複数形で呼ぶことで心理的・社会的な距離を置き、敬意を示すことで階層的な社会秩序を維持する。,客人を迎え入れる際や、目上の人に極度の敬意を示す場面。,「コルバーネ・ショマー（Qorban-e shoma：あなたの犠牲になります）」等の定型句を使用する。,自己の存在を徹底的に卑下する定型表現を用いることで相手の優位性を高め、歓待と服従の社会規範を実践する。,親しい友人や目下の者に「君はどう？」と尋ねる場面。,二人称単数代名詞の「トゥ（Tu）」を使用し、「Tu chetor asti?」と単数形で話す。,親密さを表す一方で、公的な場や目上に使用すれば侮辱となるため、代名詞の選択が対人関係の境界線を厳密に規定している。
第1象限（秩序と伝達）,ウズベキスタン,代名詞の階層的使い分け（Siz/Sen）と親族呼称の社会的拡張,相手の年齢や社会的地位に応じて二人称代名詞を使い分け、非血縁者にも親族呼称を付与して長幼の序を維持する言語実践。,"二人称代名詞のT/V区別（単数sen / 複数・敬称siz）と、名前の後に付加する親族名詞（aka, opa）。",イスラム教の影響とマハッラ（地域共同体）における強固な長幼の序、および家父長制社会の伝統。,年齢や地位に基づく上下関係を明確化し、共同体内の秩序や相互の役割期待を維持する。,年長者への敬意を日常的に内面化させ、社会規範からの逸脱を抑制する安心感をもたらす。,若者が目上の人や初対面の相手に「お元気ですか？」と尋ねる場面。,「Siz yaxshimisiz?（シズ・ヤフシミシズ？）」と複数・敬称代名詞を用いて尋ねる。,敬称代名詞を用いて相手との社会的距離と敬意を示し、ヒエラルキーを言語的に維持する。,近所の年上男性（非血縁）に挨拶や呼びかけをする場面。,名前の後に「Aka（アキャ：兄）」を付け、「Alisher-aka（アリシェル・アキャ）」と呼ぶ。,共同体を擬似家族に見立て、長幼の序を社会一般に拡張適用して秩序を保つ。,親が子供に、あるいは親しい友人に「元気か？」と尋ねる場面。,「Sen yaxshimisan?（セン・ヤフシミサン？）」と単数代名詞を用いて尋ねる。,親密さや上位からの権威を示すレジスターだが、目上に使えば侮辱となるため、選択の境界が社会秩序として機能する。
第1象限（秩序と伝達）,カザフスタン,家父長制秩序を維持する嫁の忌み言葉・回避言語（アト・テルゲウ）,結婚した女性（嫁：ケリン）が、夫の血縁者（特に目上の男性）の本名を呼ぶことを禁じられ、婉曲的な呼称に置き換える風習。,固有名詞の意図的忌避（タブー化）と、社会的特性や関係性に基づく婉曲的呼称（形容詞＋名詞など）による代用。,遊牧社会における強固な父系氏族制（ル）と、外部から婚家に入る嫁に厳格な服従を求める伝統的なジェンダー規範。,嫁の低い地位を言語的に可視化・固定化し、婚家における家父長制的な絶対的秩序を維持する。,嫁に対して従属的立場と謙遜を強制し、婚家の権威に対する畏怖と敬意を植え付ける。,嫁（ケリン）が婚家で義父（例えばヌルラン）に呼びかける場面。,本名を避け、「Ata（アタ：お義父さん）」や「?lken ata（ウルケン・アタ：偉大なお父さん）」と呼ぶ。,本名をタブー化して義父を聖域化し、家父長制の頂点の権威を絶対的なものとして守る。,嫁が夫の兄について言及する場面。,本名を避け、「Qaiyn a?a（カイン・アガ：義理の兄）」と呼ぶ。,婚家内における他の親族との詳細な序列を明示し、自己の最下位性を言語的に確認する。,義族の名前と同じ音韻を持つ一般名詞（りんごなど）を使用する場面。,義弟の名がりんご（Alma）と同名の場合、「Alma」を避け、「Qyzyl jemi?（赤い果物）」などと別の名で呼ぶ。,音韻レベルまで服従のタブーを拡張し、強力な支配秩序を日常の言語空間全体に構築している。
第1象限（秩序と伝達）,キルギス,長老（アクサカル）への絶対的敬意と親族呼称の社会規範化,地域社会の道徳的指導者である長老への定型的な敬語使用と、年齢に基づく親族呼称を非血縁者に拡張する実践。,尊敬の二人称代名詞（Siz）の使用と、名前の後に「Baike（兄）」「Eje（姉）」等の親族名詞を付与する接辞的用法。,遊牧民の伝統的な部族・氏族制の構造が残り、長老（アクサカル）の知恵と権威が紛争解決や道徳規範を担う社会。,年長者・長老の権威を言語的に補強し、共同体の団結と伝統的なヒエラルキーを維持する。,年長者の知恵と権威への服従を促し、共同体の一員としての安心感と帰属意識を高める。,地域の集会で若者が長老（アクサカル）に意見を求める場面。,「Sizdin oyu?uz qanday?（あなたのご意見はいかがですか？）」と敬称代名詞を用いる。,最高の道徳的権威者に対して言語的敬意を払うことで、共同体の意思決定プロセスにおける秩序を保つ。,若者が道端で目上の男性（非血縁）に道を尋ねる場面。,名前の後に「Baike（バイケ：兄）」を付け、「Azamat baike（アザマト・バイケ）」と呼びかける。,遊牧社会の氏族的な連帯感を血縁のない他者にも適用し、日常の長幼の序を規定・維持する。,客が市場で目上の女性（非血縁）に値段を尋ねる場面。,名前の後に「Eje（エジェ：姉）」を付け、「Ainura eje（アイヌラ・エジェ）」と呼びかける。,女性に対しても年齢に基づく敬意を制度化し、相互の役割期待と社会全体の階層的調和を維持する。
第1象限（秩序と伝達）,タジキスタン,ペルシア的礼節（オドーブ）に基づく階層的代名詞と儀礼的挨拶,年齢や社会的地位に応じて二人称代名詞を単複で使い分け、相互の面子を保つための執拗な定型挨拶を行う言語実践。,二人称代名詞のT/V区別（Tu/Shumo）および動詞の複数活用、高度に定型化された挨拶のフレーズ。,ペルシア文化圏特有の礼節（タアーロフ的伝統）と、イスラム教の倫理（オドーブ）、長老を敬う農耕社会の伝統。,対人関係における摩擦を回避し、相互の面子と社会的な上下関係を穏やかに、かつ厳密に維持する。,礼節を尽くすことで自身も教養ある人物として承認され、相互の自尊心と関係の安定をもたらす。,若者が目上や年長者、初対面の相手に「どこへ行きますか？」と尋ねる場面。,複数・敬称代名詞「Shumo（シュモ）」を用い、「Shumo kujo meraved?」と動詞も複数形にする。,相手を複数として扱うことで心理的・社会的距離を置き、敬意と階層的秩序を表現する。,親しい友人や家族に「どこへ行くの？」と尋ねる場面。,単数代名詞「Tu（トゥ）」を用い、「Tu kujo meravi?」と尋ねる。,親密さを示すレジスターであるが、公的な場や上位者に使えば侮辱となるため、関係の境界線として機能する。,知人と街角で出会った際の儀礼的な挨拶の場面。,「Shumo khub hasted? Khonavoda khub ast?（お元気ですか？ご家族はお元気ですか？）」と定型句で何度も尋ね合う。,本題に入る前に礼節（オドーブ）に基づくやり取りを交わすことで敵意のなさを確認し、社会の調和を保つ。
第1象限（秩序と伝達）,トルクメニスタン,国家指導者に対する儀礼的称賛と絶対的敬意の強制,歴代の国家指導者に対して、極端な賛美を込めた定型的な称号を日常的・公的に使用することを義務付ける政治的言語実践。,指導者を特定するための固定化された修飾語・尊称（Arkadagなど）および体制賛美のスローガン。,独立以降の極端な個人崇拝、一党独裁体制による強権的な政治統制と国家イデオロギーの強化。,指導者を神格化し、国家の絶対的ヒエラルキーの頂点に置くことで、体制への服従と政治的秩序を維持する。,指導者に対する畏怖と絶対的な服従を植え付け、国家イデオロギーの無意識の反復・内面化を促す。,公的メディアや式典で初代大統領サパルムラト・ニヤゾフについて言及する場面。,常に「T?rkmenba?y（トルクメンバシ：全トルクメン人の父）」という称号を用いて呼称する。,指導者を「父」と呼ぶことで国家全体を家父長的な秩序に組み込み、国民の絶対的な服従を言語化する。,ニュースキャスターが第2代大統領グルバングル・ベルディムハメドフの動静を報じる場面。,常に「Arkadag（アルカダグ：庇護者）」という称号を冠して報道する。,指導者を国家の保護者とする称号の反復により、国民を被保護者とする階層関係を再生産する。,公的な行事や学校の朝礼で群衆がスローガンを唱和する場面。,"「Halk, Watan, T?rkmenba?y!（人民、祖国、トルクメンバシ！）」と全員で唱和する。",国家と指導者を同一視するスローガンによって、政治的・社会的な最高規範を国民に絶えず刷り込む。
第1象限（秩序と伝達）,アラブ首長国連邦,部族社会における敬称・称号（アルカブ）の厳格な使用と家父長制の維持,王族、首長、部族長、および年長者に対して、その社会的・政治的地位に応じた厳密な称号や親族呼称を付与し社会秩序を保つ言語実践。,"名前の前に付与される定型化された称号（Sheikh, Sayyid）と、長子の名を用いた尊称（クンヤ）。",首長国という政治体制、ベドウィンの部族社会の伝統、およびイスラム的な長幼の序と家父長制。,部族の指導者や年長者の権威を言語的に可視化し、政治的・社会的な垂直秩序（ヒエラルキー）を維持する。,権威者に対する畏敬の念を抱かせ、部族や家族への帰属意識と規範への服従を促す。,メディアや公の場で市民が首長や王族に言及・呼びかける場面。,「シャイフ・ムハンマド（Sheikh Mohammed）」「シャイハ・ファーティマ（Sheikha Fatima）」のように称号を名前の前に付ける。,王族や部族の指導層に対して称号の義務付けを行うことで、政治的および宗教的な絶対的権威と社会階層を維持している。,日常の挨拶で、知人が長男（ムハンマド）を持つ年長の男性に対して呼びかける場面。,本名ではなく、「アブー・ムハンマド（Abu Muhammad：ムハンマドの父）」といったクンヤ（親称）を使用する。,ファーストネームで呼ぶことを避け、長男の父親としての社会的属性で呼ぶことで、家父長制における権威と秩序を尊重する。,若者が街角で非血縁の目上や高齢の男性・女性に話しかける場面。,「アンミー（'Ammi：私の父方の叔父さん）」や「ハーラティー（Khalati：私の母方の叔母さん）」などと親族呼称で呼ぶ。,部族社会の親族ネットワークを社会一般の人間関係にも拡張し、長幼の序の規範を社会全体の秩序として適用している。
第1象限（秩序と伝達）,イエメン,部族・サイイド階層を反映した呼称と社会的ヒエラルキーの維持,預言者の末裔とされるサイイド層、部族の長、一般人、最下層といった厳格な社会階層に基づき呼称を使い分ける言語実践。,"宗教的・血統的権威を示す称号（Sayyid, Qadi等）の厳密な使用と、階層に応じた呼びかけ。",宗教的権威層（サイイド）、武力を持つ部族層（カビーリー）、非武装の職能層等に分かれる伝統的な社会階層。,出自に基づく絶対的な社会階層を日常言語を通じて再確認し、支配・被支配の身分秩序を固定化する。,自らの血統や出自に対する社会的役割を内面化させ、既存の社会構造への順応を強いる。,一般市民が、預言者ムハンマドの血筋とされるサイイド階層の人物に話しかける場面。,名前の前に「サイイド（Sayyid）」または「シャリーフ（Sharif）」という称号を付けて呼ぶ。,血統的・宗教的に最上位とされる階層に対して専用の呼称を用いることで、精神的および社会的権威の絶対的優位性を維持している。,法廷や公的な場で、市民が伝統的な知識人や裁判官の階層の人物に助言を求める場面。,名前の前に「カディー（Qadi：裁判官・知識人）」という称号を冠して呼びかける。,部族社会における法と宗教的調停を担う階層を言語的に区別することで、社会の司法・調停秩序の権威を保証している。,部族間の集会で、部族員が部族の長や有力者に呼びかける場面。,「ヤー・シャイフ（Ya Sheikh：おお、シャイフよ）」と称号を用いて呼びかける。,宗教的権威とは別に、武力と政治的影響力を持つ部族の指導者を言語的に際立たせ、部族社会内の権力構造を維持している。
第1象限（秩序と伝達）,イスラエル,直接的・反儀礼的言語実践（Dugri）と平等的規範の維持,修辞や婉曲表現を避け、率直で直接的に意見を述べることを重視し、社会的階層を排除しようとする社会言語規範。,敬語や迂言法の欠如、命令形や直接的な表現の多用、簡潔な統語構造。,シオニズム運動における旧世界のディアスポラ的文化への反発と、建国期の平等主義的・開拓者精神。,旧世界の身分制度や過剰な礼節を破壊し、平等主義的で実用的な新しい共同体の規範と連帯（フラットな秩序）を構築・維持する。,率直さを誠実さの証とみなし、階層的権威に媚びない強さと連帯感をもたらす。,職場で部下が上司の意見に対して反対を述べる場面。,敬意の不変化詞などを一切付けず、「ゼ・ロー・ナホン（Ze lo nachon：それは正しくない）」と直接的に言う。,社会的階層（上下関係）よりも内容の真実性と効率性を優先する「ドゥグリ」の規範により、平等主義的な組織秩序を維持する。,カフェで客が見知らぬ人や店員に物を頼む場面。,「?していただけませんか」ではなく、「タヴィ・リー...（Tavi li...：私に…をくれ）」と直接的な命令形を用いる。,婉曲的な依頼表現を避けることで、過剰な礼節による階層化を防ぎ、社会全体のフラットな関係性を保つ。,軍隊内で下級兵士が上官（将校など）に話しかける場面。,公式な点呼などを除き、敬語を使用せず「ダヴィッド」などファーストネームで呼ぶ。,軍隊という究極の階層組織においても、過度な言語的敬意を排除することで「戦友」としての強固な連帯と平等的規範を維持している。
第1象限（秩序と伝達）,イラク,宗派的・部族的な帰属を示す名前・呼称とコミュニティの境界維持,シーア派やスンニ派などの宗派、あるいは特定の部族に特有の名前や呼称を使用し、社会的な帰属と勢力境界を明示する実践。,特定の歴史的・宗教的人物の名前の多用、および部族名（ニスバ）やクンヤの明示。,複数の宗派・民族が混在し、歴史的・政治的な対立を経て部族や宗派への帰属が社会的生存に直結する社会構造。,自身の所属するコミュニティを言語的に明示することで、イングループ内の結束を強め、政治的・社会的な勢力境界（秩序）を維持する。,自身の宗派・部族への強い帰属意識と安心感をもたらす一方で、対立する集団間では警戒感や社会的分断を生む。,親が生まれたばかりの子供に命名する場面。,シーア派であれば「アブドゥル・フセイン（フセインのしもべ）」、スンニ派であれば「ウマル」など、特定の宗派の象徴的な名をつける。,歴史的に対立関係にある人物の名を意図的に用いることで、言語（名前）を宗派的アイデンティティと境界を維持する標識として機能させている。,初対面の相手に対して自己紹介をする場面。,「ムハンマド・アッ＝シャンマリー」のように、出身部族を示すニスバをフルネームに含めて名乗る。,国家の制度以上に強固な社会基盤である部族社会の所属を明示することで、相手との相対的な社会的距離や力関係の秩序を確定する。,コミュニティ内で顔見知りの男性を呼ぶ場面。,本名ではなく、「アブー・アリー（Abu Ali：アリーの父）」といった宗派的特徴を反映したクンヤ（親称）を用いる。,家父長制の権威と宗派的アイデンティティを同時に強調することで、コミュニティ内部の強固な結束と社会規範を日常的に再生産している。
第1象限（秩序と伝達）,イラン,タアーロフ（Ta'arof）による相互の面子と階層的礼節の維持,相手を極度に高め、自身を徹底的に卑下することで相互の面子と社会的階層を維持するペルシア語特有の儀礼的言語実践。,代名詞のT/V区別（to/shoma）、自己を卑下し他者を高める語彙的置き換え（奴隷、犠牲になる者等）。,ペルシア宮廷文化の伝統と、相互の面子（エフテローム）と長幼の序を極めて重視する階層的社会構造。,対立を避け、相手への敬意を示すことで、対人関係の調和と垂直的・水平的な社会秩序を優雅に維持する。,相手に尊重されているという安心感をもたらすと同時に、儀礼的な申し出の真意を測る心理的緊張を伴う。,ホストが客を家に招き入れる、あるいは座席を勧める場面。,「どうぞ」という単純な指示の代わりに「ベファルマーイード（Befarma'id：どうぞご命令ください）」と言う。,「どうぞ」という単純な指示を「ご命令ください」と表現し、相手を上位者として扱うことで階層的秩序を演出する。,部下が上司に対して自分の行動や存在をへりくだって伝える場面。,一人称「私（man）」の代わりに「バンデ（bandeh：奴隷/しもべ）」と言う。,自己を極端に卑下する語彙を用いることで相対的に相手の優位性を高め、社会的な礼節と身分秩序を保つ。,知人と出会い、相手の健康や状態を気遣う定型的な挨拶の場面。,「ゴルバーネ・ショマー（Qorban-e shoma：あなたの犠牲になります）」と言う。,究極の自己犠牲の表現を定型挨拶として用いることで、敵意のなさと服従を示し、共同体内の安全な関係性を保障する。
第1象限,オマーン,「ウルーム（'Uloom）」を伴う定型化された挨拶儀礼,面会時に互いの健康、家族、地域の出来事を特定の順序と定型句で確認し合う厳格な口頭儀礼。,質問と応答が対となる隣接対（Adjacency pairs）の連続であり、応答が高度にスクリプト化されている。,砂漠や山岳地帯における部族間の情報共有の必要性と、イバード派社会における共同体内の平穏（和の維持）を重視する伝統。,敵意がないことの証明と、共同体内の帰属意識および相互の社会的地位の確認。,予測可能な定型句の応酬により、対人関係の緊張を緩和し、心理的安全性を確保する。,訪問者がマジュリス（客間）に入り、迎え入れたホストと対面した直後の挨拶の場面,「ム・アル＝ウルーム？（Mu al-'uloom? / ニュースは何かあるか？）」,単なる情報要求ではなく、相手への関心と敬意を示す儀礼的な発話としての機能を持つ。,ホストから「ム・アル＝ウルーム？」と問われた訪問者が、自身の近況を報告する場面,「アル＝ハバール・ハイル（Al-khabar khayr / ニュースは良いものだけだ）」,実際の出来事に関わらず、まずは平穏を宣言することで社会的な調和を優先する規範を示す。,ホストが到着した訪問者に対して、部屋の奥へ進むよう促し、席を勧める場面,「カッリブ（Qarrib / 近づきなさい、どうぞ）」,物理的な距離を縮めることを促す語を用いることで、部族的なもてなしの規範と階層的な保護関係を提示する。
第1象限,カタール,NO_DATA,,,,,,,,,,,,,,
第1象限,クウェート,ディワニーヤ（Diwaniya）における空間・言語的ヒエラルキー表現,男性の伝統的な社交場（ディワニーヤ）において、席次、発言権、挨拶の順序を規定する言語実践。,世代や血筋に基づく絶対的な敬称の非対称的使用と、特定の儀礼的動作（コーヒーの提供など）に伴う定型句。,交易と真珠採取の時代から続く有力家系を中心とした合議制の伝統と、強固な長老支配（家父長制）。,世代間および階層間の権力構造の可視化と、コミュニティ内の意思決定プロセスの秩序維持。,若年層に服従と傾聴の態度を内面化させ、年長者に権威と承認の感情を与える。,若年者がディワニーヤ（男性の集会所）に入室し、そこに座る非血縁の年長者に対して挨拶をする場面,「ユバ（Yuba / お父さん）」または「アミー（'Ammi / 叔父さん）」,親族呼称の社会的拡張により、生物学的な関係を超えて社会全体の世代的ヒエラルキーを強化する。,ホストまたは給仕が、客のカップにアラビアコーヒー（ガフワ）を注ぎながら差し出す場面,「スム（Summ / 命じてください、お召し上がりください）」,接待する側が自己を低め、客の地位を一時的に引き上げることで、相互の敬意と客人の絶対的権利（ダハラ）を保障する。,若年者が年長者に対して異論や意見を述べるため、発言の冒頭に前置きをする場面,「タール・オムラク（Tal 'omrak / あなたの寿命が延びますように）」,意見を述べる際にも相手の長寿（＝権威の継続）を祈願する定型句を挟むことで、異論が反逆とみなされるのを防ぐ。
第1象限,サウジアラビア,称号（Laqab）とクンヤ（Kunya）による厳格な身分・部族秩序の維持,王族、部族長、官僚、一般市民を明確に区別し、それぞれの社会的地位に応じた特定の称号と長子名（クンヤ）を使い分ける体系。,名前の前に付与される前置称号の厳密な階層化と、回避言語としてのテクノニミー（親呼称）の使用。,絶対君主制、ワッハーブ派の宗教的権威、およびベドウィン（遊牧民）の血統主義が交差する重層的な階層社会。,発話の瞬間に相互の社会的距離と権力関係を確定させ、不適切な馴れ合いや越権行為を防止する。,称号を正確に用いることで忠誠心と社会的規範への適応を示し、体制への帰属意識を補強する。,一般市民や下級官僚が、マジュリス（謁見の場）で王族や長官に対して直接話しかける場面,「ターウィル・アル＝ウムル（Tawil al-'Umr / 寿命の長き方）」,直接的な名前の呼称を避け、恩恵（長寿）を祈る表現を称号化することで、絶対的な権力格差と敬意を明示する。,一般市民や部下が、政府の大臣に対して陳情書や公式な書簡を送る際、宛名の冒頭に記載する場面,「マアーリー・アル＝ワジール（Ma'ali al-Wazir / 閣下たる大臣）」,「マアーリー」「サアーダ」など官等に基づく称号が細かく規定されており、官僚制の秩序を言語的に固定化している。,同僚や近隣住民が、相手のファーストネームを直接呼ぶのを避け、敬意を込めて呼びかける場面,「アブー・ファハド（Abu Fahad / ファハドの父）」などのクンヤ（Kunya）,個人のファーストネームを直接呼ぶタブーを回避し、家父長としての地位を強調することで、部族社会における名誉を保つ。
第1象限,シリア,ダマスカス伝統社会における職業・階級に基づく称号（Alqab）の体系,オスマン帝国期から続く、職業上の地位や都市部（ハダリ）の社会的階級を反映した、細分化された敬称と呼びかけのシステム。,名前の後または単独で用いられる外来語起源の称号や、アラビア語の職業的敬称の体系的な使用。,古い商業都市としての複雑なギルド（職能集団）的階層と、都市の有力家系（アヤーン）に対する伝統的な権威主義。,誰が誰に命令できるかという指示系統を明確にし、パトロネージ（後援）関係や徒弟制度の秩序を維持する。,自らの社会的ポジションを常に自覚させ、役割期待に沿った振る舞い（謙譲や権威の行使）を強制する。,見習い職人や客が、スーク（市場）で熟練の職人や店主に指示を仰いだり価格交渉をする場面,「ヤ・ムアッリム（Ya Mu'allim / 親方、マスター）」,専門知識や現場の権威を持つ者に対する服従を示し、労働環境や地域コミュニティにおけるヒエラルキーを維持する。,学生や一般市民が、教師や弁護士などの専門職に対して、敬意を持って質問や依頼をする場面,「ヤ・ウスターズ（Ya Ustadh / 先生、教授）」,教育や近代的な専門職に基づく権威を承認するものであり、肉体労働とは異なる知的階層に対する社会的な尊敬を言語化する。,一般市民が、旧市街の有力家系の出身者や政府の高官に対して、へりくだって挨拶や依頼をする場面,「ベイ（Bey）」や「バーシャ（Basha）」（例：アフマド・ベイ）,オスマン帝国時代の階級称号が慣習的に残存したものであり、公式な制度が消滅した後も、都市名士層の社会文化的優位性を再生産する機能を持つ。
第1象限,トルコ,擬似親族呼称と称号による階層的敬意表現,血縁関係のない他者に対しても、年齢、性別、社会的地位に応じた親族呼称や称号を義務的に付与し、対人距離と階層を制御する体系。,T/V区分（sen/siz）に加え、名前の後に特定の称号（Bey/Han?m）や親族呼称（Abi/Abla）を後置修飾として結合する。,家族内の家父長制的ヒエラルキーが社会全体に拡張された文化と、オスマン帝国時代の官僚主義的な敬称体系の名残。,権力動態を明確にし、適切な社会的距離を設定することで、無礼や過度な馴れ合いを防ぎ、社会的な連帯と秩序を両立させる。,年長者や権威への服従を内面化させる一方で、擬似的な家族的連帯感による心理的安心感を与える。,タクシーの乗客が、年上の男性運転手に対して行き先や要望を伝える場面,「アフメット・アビ（Ahmet Abi / アフメット兄さん）」,物理的な血縁がなくても「兄」という呼称を用いることで、年齢のヒエラルキーへの敬意を示しつつ、敵意のない連帯感を構築する。,職場の会議で、部下が女性の上司や同僚に対して意見を求めたり報告をする場面,「アイシェ・ハヌム（Ay?e Han?m / アイシェさん、アイシェ女史）」,オスマン由来の称号をファーストネームに付与することで、プロフェッショナルな距離感と公的な階層秩序を維持する。,大学生が、キャンパス内で教授に質問をするために声をかける場面,「ホジャム（Hocam / 私の先生）」,実際の師弟関係がなくても使用され、知識や精神的指導力に対する絶対的な敬意と、指導者・学習者という役割分担を固定化する。
第1象限,バーレーン,NO_DATA,,,,,,,,,,,,,,
第1象限,ヨルダン,部族慣習法における調停儀礼（ジャーハ）の言語,部族間の対立や流血事態を収拾するため、長老（シャイフ）たちが特定の修辞と手順を用いて行う高度に定型化された交渉・調停の言語実践。,宗教的定型句の多用、集合的代名詞（私たち/あなたたち）の排他的使用、および法的・部族的な専門用語（アトワなど）の多用。,国家の法律と並存する強力な部族（アシャーイル）の慣習法体系と、血統や集団の名誉（シャラフ）を重んじるベドウィン社会の伝統。,個人の報復感情を集団の合意形成へと昇華させ、暴力の連鎖を断ち切る法的・社会的な拘束力（契約）を生み出す。,被害側には権威ある者からの懇願による名誉の回復を、加害側には集団的保護による安心感を与える。,加害者側の長老で構成された調停団（ジャーハ）が、被害者側の家を訪問して交渉を開始する場面,"「ナフヌ・フィー・ワジュフ・アッラー、スンマ・ワジュフクム（Nahnu fi wajh Allah, thumma wajhkum / 我々は神の御顔、そしてあなたの御顔の元にある）」",神の権威と相手の名誉を並置して庇護を求める定型句であり、被害者側に調停を受け入れる社会・宗教的義務を強制する。,調停団の代表が、被害者側から出されたコーヒーを飲むことを拒否し、要求の受諾を迫る場面,「マー・ニシュラブ・カフワトクム・イッラー・ワ・タラブナー・ムジャーブ（Ma nishrab qahwatkum illa wa talabna mujab / 我々の要求が受け入れられるまで、あなたのコーヒーは飲まない）」,もてなしの儀礼（コーヒー）と政治的合意を直接結びつけることで、アラブの歓待の規範を交渉の強力な圧力として利用する。,被害者側の家長が調停団の要求を受け入れ、当面の休戦（アトワ）を宣言する場面,「アアタイナークム・アトワ・ミン・アン＝ナール・リル＝ナール（A'taynakum 'atwa min an-nar lil-nar / 火から火までの休戦を授けよう）」,報復の停止を「火」という比喩を用いて宣言し、厳格な時間的・物理的境界を設定することで、共同体間の秩序を仮構築する。
第1象限,レバノン,階層・宗派境界を維持する多言語コードスイッチング,同一の会話内でレバノン・アラビア語、フランス語、英語を戦略的に切り替え、話し手の社会経済的階層や教育水準、宗派的帰属を標示する実践。,センテンス内での語彙借用（Intra-sentential）や文単位の切り替え（Inter-sentential）、および高度に定型化された多言語の連続発話。,フランス委任統治の歴史的遺産、私立教育機関への依存度の高さ、およびモザイク状の宗派主義（コンソシアテーショナリズム）社会。,言語的レパートリーによってイングループ（エリート層など）の連帯を確認し、同時に労働者階級や他宗派との間に社会的境界線を引くゲートキーパー機能。,話し手にコスモポリタン的な威信と優越感を与え、言語資源を持たない者には社会的距離や疎外感を抱かせる。,首都ベイルートのカフェで、若者が知人と合流し日常的な挨拶を交わす場面,"「Hi, Kifak? ?a va?（ハイ、キファク？ サヴァ？ / やあ、元気？ 調子はどう？）」",英語、アラビア語、フランス語を数秒間で連続させる定型句であり、相手がどの言語体系で応答するかによって互いの階層やバックグラウンドを即座に探り合う。,中流階級以上の顧客が、高級ブティックで商品を受け取る際、店員に対して感謝の意を伝える場面,「Merci（メルシー / ありがとう）」や「Pardon（パルドン / すみません）」,日常的な機能語をあえて西洋言語に置き換えることで、伝統的・地方的なアイデンティティから距離を置き、洗練された都市エリートとしての規範を示す。,政治家や宗派の指導者が、公的な演説の冒頭で大衆的ルーツや宗教的権威をアピールする場面,「アイユハ・アル＝イフワ（Ayyuha al-ikhwa / 兄弟たちよ）」,西洋化されたエリート層という立場を一時的に捨て、特定の宗派や地域コミュニティとの強固な紐帯・ヒエラルキーの頂点にいることを言語的に証明する。
第1象限,パレスチナ,コミュニティ規範を統制する「スムード（抵抗と忍耐）」の言語,占領や紛争下において、日常的な生存、土地への定住、または死といった事象を、国家・民族的闘争の枠組みに強制的に位置づける語彙体系。,日常的・世俗的な単語に政治的・宗教的な意味を付与（意味の格上げ）し、受動的な被害を能動的な抵抗へと変換する修辞法。,長期にわたる軍事占領、難民化（ナクバ）、および主権国家という制度的枠組みが欠如する中での、アイデンティティ維持の至上命令。,個人の悲嘆や絶望を集合的な大義へと統合し、コミュニティからの離脱（移住など）を防ぐための強力な社会的同調圧力を形成する。,トラウマや無力感を「名誉」と「主体性」に変換することで心理的崩壊を防ぐ一方、規範から外れた感情表出を抑圧する。,遺族や地域住民が、軍事衝突で命を落とした若者の葬儀において死者を悼む場面,「フワ・シャヒード（Huwa shaheed / 彼は殉教者だ）」,死を「受動的な被害」ではなく「共同体のための能動的な献身」として定義づけることで、遺族の私的な悲しみを公的な誇り・規範へと強制的に昇華させる。,パレスチナ人農民が、家屋破壊や土地収用の脅威に晒されながらも自身の土地にとどまり続ける意志をメディアに語る場面,「ハーザ・スムードナー（Hadha sumuduna / これが我々のスムード［揺るぎなさ、固執］だ）」,単に「住み続ける」という日常的行為に道徳的・民族的義務のラベルを貼ることで、コミュニティ全体に土地を放棄しないという強い社会的規範を課す。,政治的理由で刑務所に投獄された人物の家族が、近隣住民に対してその人物について言及する場面,「イブニー・アスィール（Ibni asir / 私の息子は捕虜だ）」,占領側が貼る「犯罪者」というレッテルを拒否し、彼らを正規の政治的闘争を行う戦士（ヒエラルキーの上位者）として社会的に位置づけ直す。
第1象限,アイルランド,NO_DATA,,,,,,,,,,,,,,
第1象限,イギリス,階級的語彙区分（U and non-U English）,イギリス社会において、上流階級（U: Upper class）と中産階級以下（non-U）を区別するための特定の語彙の選択・回避体系。,社会階級に基づく、特定の事物に対する同義語の語彙的交替（Lexical substitution）。,産業革命以降の新興富裕層（中産階級）の台頭と、それに対する伝統的貴族・上流層の境界維持の必要性。,話し手の出身階級を即座に特定するゲートキーパー機能と、上流階級内の閉鎖的連帯および階層秩序の維持。,使用者に特権階級としての優越感や帰属意識を与える一方、非使用者には文化的な劣等感や排外感を抱かせる。,トイレの場所を尋ねる時,U層は「Where is the loo?（トイレはどこですか）」、non-U層は「Where is the toilet?」と発言する。,「Toilet」はフランス語由来の婉曲表現であり、non-U層の気取った態度とみなされる。U層はより直接的または古い語彙を好むことで階級を示す。,相手の言葉を聞き返す時,U層は「What?（何？）」、non-U層は「Pardon?（何とおっしゃいましたか？）」と発言する。,「Pardon?」は過度に丁寧で謝罪を含意するためnon-U的とされ、U層の特権的な率直さ（あるいは無遠慮さ）が階級的優位を示す。,食事中に口を拭く布を指す時,U層は「Could you pass the napkin?（ナプキンを取って）」、non-U層は「...the serviette?」と発言する。,フランス語由来の「Serviette」を中産階級が「上品」として借用したのに対し、上流階級は伝統的な英語の「Napkin」を固守することで新興層の模倣を退ける。
第1象限,オランダ,NO_DATA,,,,,,,,,,,,,,
第1象限,フランス,伝統的階層における厳格な敬称代名詞（Vouvoiement de rigueur）,フランスの貴族や伝統的ブルジョワ（BCBG）家庭において、親族間であっても親称（tu）を避け、敬称（vous）を義務的に使用する言語規範。,T/V区分（tu/vous）に基づく、二人称代名詞および対応する動詞の活用形態の非対称・対称的な選択体系。,カトリックの伝統的価値観と、絶対王政期から続く貴族的な礼儀作法（サヴォワール・ヴィーヴル）の保持。,家族内における家父長的な権威の維持と、労働者階級の馴れ合いや大衆文化との明確な社会的境界線の構築。,親しい間柄であっても一定の心理的距離と相互敬意を強制し、感情の過度な表出を抑制して自制心を養う。,伝統的ブルジョワ家庭における、子供から親への呼びかけ,"「Papa, voulez-vous du caf? ?（お父様、コーヒーはいかがですか）」と「vous」を用いて発言する。",生物学的な親密さよりも、親の権威と世代間のヒエラルキーを優先し、子供に服従と社会的礼儀を内面化させる。,伝統的階層の夫婦間での日常会話,"配偶者に対して「Ch?ri, pourriez-vous m'apporter le journal ?（あなた、新聞を取ってきてくださいますか）」と「vous」を用いて発言する。",夫婦間でも互いを独立した名誉ある個人として扱い、過度な親密さを避けることで、結婚が制度的・階級的契約であることを再生産する。,上流階級の親同士が、子供の結婚を機に初めて会合を持つ時,"互いに「Enchant?, Monsieur, comment allez-vous ?（はじめまして、ご機嫌いかがですか）」と挨拶し「tu」を使用しない。",「vous」を社会的防壁として機能させ、相手が同等の文化的資本と階級に属しているかが証明されるまで秩序を保つゲートキーパーの役割を果たす。
第1象限,ベルギー,領域法に基づく言語境界（Taalgrens）の公的統制,オランダ語圏（フランデレン）とフランス語圏（ワロン）を厳密に分割し、行政や公教育における使用言語を法律によって強制・統制する実践。,属地主義（Territoriality principle）に基づく、国家レベルでの言語の切り替えと公的な単一言語主義の強制。,建国以来のフランス語エリートによる支配に対する、オランダ語系住民の言語的・社会的解放運動と政治的対立の歴史。,両言語共同体の政治的・社会的パワーバランスを法的に固定し、言語的同化を防ぎながら連邦国家としての秩序を維持する。,言語的アイデンティティと居住地を強固に結びつけ、他言語話者に対する排他性や境界防御の意識を常に喚起させる。,フランドル地域の役所にフランス語話者が訪れて「Bonjour（こんにちは）」と発言した時,窓口担当者はフランス語を理解しても「Ik spreek Nederlands（私はオランダ語を話します）」とオランダ語でのみ応答する。,個人的な語学力や親切心よりも「属地主義」の原則を優先することで、フランドルの単一言語的秩序と領域主権を維持する。,言語境界付近のオランダ語圏の公立学校で、フランス語を母語とする児童がフランス語で会話した時,教師が児童に対して「Hier spreken we Nederlands（ここではオランダ語を話します）」と発言し指導する。,教育という社会化のプロセスを通じて地域の公的言語を次世代に強制し、言語共同体の境界が浸食されるのを制度的に防ぐ。,ブリュッセルの病院で、オランダ語話者の患者がフランス語しか話さない医師の診察を受ける時,患者が「Ik wil in het Nederlands geholpen worden（私はオランダ語で対応してもらいたい）」と発言し権利を主張する。,実際にはフランス語が優勢な首都において、法的な二言語併用の原則を言語実践として突きつけることで、オランダ語話者の政治的ヒエラルキーの対等性を主張する。
第1象限,ルクセンブルク,NO_DATA,,,,,,,,,,,,,,
第1象限,モナコ,NO_DATA,,,,,,,,,,,,,,
第1象限,ドイツ,公的空間における厳格なT/V敬称区分（Sie/Du）と階層的移行儀礼,職場や公的空間において、社会的距離と階層を示す敬称（Sie）を基本とし、親称（Du）への移行を厳格なルールで統制する実践。,二人称代名詞（Sie/Du）および対応する動詞の活用形態の対称的・非対称的選択。,プロテスタンティズムの労働倫理やプロイセン的な官僚制に由来する、公私の厳格な分離と職務上の規律を重んじる社会規範。,感情的な馴れ合いを排除し、役割に基づいた職務遂行の秩序と、年齢や職階に基づく権力構造を維持する。,敬称による防壁が個人のプライバシーを保護し、同時に公的な場での自制心とプロフェッショナリズムを要求する。,職場で部下が上司に業務上の依頼をする時,"「Frau M?ller, k?nnten Sie...（ミュラーさん、?していただけますか）」",相互に「Sie」を用いることで、個人的な親密さを排除し、業務上の役割と責任に基づく客観的な関係性を維持する。,職場の同僚間で「Sie」から「Du」へ移行する時（Das Du anbieten）,「Wollen wir uns nicht duzen?（Duで呼び合いませんか？）」,年長者または職階が上の者からのみ提案できるという不文律があり、移行の決定権を上位者に独占させることで階層秩序を保つ。,警察官などの公権力に対して発話する時,「Haben Sie...（あなたは?しましたか）」を使用し、「Hast du...」は回避する。,警察官に「Du」を使うことは侮辱（Beamtenbeleidigung）とみなされ法的制裁の対象になり得るため、国家の権威と秩序を言語的に防御している。
第1象限,オーストリア,日常および公的文書における称号（Titel）の義務的・階層的使用（Titelwahn）,学位、職業上の地位、官職名を氏名の前に付与し、口頭および書面で厳格に使用することで社会階層を可視化する慣習。,"「Herr/Frau」＋「称号（Magister, Doktor, Hofratなど）」の連続した前置修飾。",ハプスブルク帝国時代の複雑な宮廷・官僚制の遺産と、教育や官職に基づくブルジョワジーの地位確立の歴史。,個人の生物学的なアイデンティティよりも、社会制度内におけるランクを優先的に提示し、権威主義的な秩序を再生産する。,称号保持者には社会的承認と特権意識を与え、非保持者には制度的権威への服従を促す。,大学や病院などで教授や医師に直接呼びかける時,"「Gr?? Gott, Herr Professor（こんにちは、教授）」",氏名（ファーストネームやラストネーム）を省略し称号のみで呼ぶことで、相手を「個人」としてではなく「社会的権威」として扱うことを強制する。,役所や企業への公式なメール・書簡の宛名書き,「Sehr geehrte Frau Mag. arch. (名前)（親愛なる建築学修士?様）」,複数の学位や専門職の略称を正確に記載することが求められ、官僚的な手続きにおける敬意の証明および円滑な交渉の前提条件となる。,伝統的な社交界や古い世代において、称号保持者の配偶者に言及する時,「Frau Hofrat（枢密顧問官夫人）」,配偶者（主に妻）自身の職業に関わらず夫の官職名で呼ぶことで、称号が個人の技能ではなく家族の属する階級（身分）を標示する機能を持つ。
第1象限,スイス,制度的権威と秩序を維持するための厳格な状況的コードスイッチング（メディア的ダイグロシア）,スイス・ドイツ語圏において、日常的な連帯を示す方言（Mundart）と、公的な秩序や法的拘束力を示す標準語（Schriftdeutsch）を状況に応じて厳密に使い分ける実践。,音韻・形態論的に大きく異なる二つの言語変種（方言と標準語）の、場面や制度に基づくマクロな切り替え。,各カントンの自治を重んじる地方主義と、連邦国家としての法的な統一性・普遍性を両立させるための言語イデオロギー。,「私的・内集団的」な空間と「公的・制度的」な空間の境界を明確に引き、国家や制度の権威を私的な人間関係から切り離して維持する。,標準語への切り替えにより、発話者に「公式な発言である」という緊張感をもたらし、聞き手には内容の客観性と従順を要求する。,学校教育において、休み時間が終わり授業が始まる時,"スイス・ドイツ語の雑談から切り替え「So, wir fangen jetzt an.（さあ、今から始めます）」と標準語で発話する。",言語変種の切り替え自体が「制度的な学習時間」の始まりを告げる合図となり、教師の権威と教室内の規律を即座に確立する。,議会において、公的な法案や決議の条文を読み上げる時,自由な議論から切り替え「Der Bundesrat wird beauftragt...（連邦参事会は?を委任される）」と標準語で発話する。,記述された法律や国家の決定事項は、個人的な意見（方言）の入り込む余地のない絶対的な規範であることを言語的に証明する。,警察の取り調べにおいて、記録された調書を読み上げて確認する時,口頭のやり取りから切り替え「Ist diese Aussage korrekt?（この供述は正確ですか？）」と標準語で発話する。,現場の生々しい対立や方言のニュアンスを排除し、国家の法体系に基づく均質で客観的な「法的事実」へと変換することで司法の秩序を保つ。
第1象限,リヒテンシュタイン,NO_DATA,,,,,,,,,,,,,,
第1象限,イタリア,T/V敬称区分（Tu/Lei）と学位・職業称号（Titoli）の厳格な使用,社会階層、職業的地位、年齢に基づくヒエラルキーを可視化するために、代名詞の非対称的な使用と、名前の前の称号を義務付ける実践。,二人称単数代名詞の切り替え（親称Tuと敬称Lei）と動詞の三人称単数形一致、および職業称号（Dottoreなど）の前置。,高等教育へのアクセスの歴史的制限と、官僚制およびブルジョワジーの社会的権威主義の伝統。,専門職や目上の者に対する権威の承認と、公的空間における適切な社会的距離の維持。,称号保持者に対する制度的信頼と権威への服従を促し、相互の役割に対する自覚を強化する。,大学や病院で、学生や患者が教授や医師に対して話しかける時,"「Buongiorno, Professore.（おはようございます、教授）」と発言する。",名前ではなく称号を呼びかけに用いることで、個人のアイデンティティよりも専門家としての公的権威を優先し、ヒエラルキーを維持する。,店舗や公的機関の窓口で、店員や職員が見知らぬ大人に対応する時,「Cosa desidera?（何をご希望ですか？）」とLei（三人称単数敬称）を用いて発言する。,親称（Tu）を避け、敬称（Lei）を用いることで、馴れ合いを防ぎ、公的・商業的な場における礼儀と社会秩序を保つ。,企業内の公式なメールで、社員が目上の者や取引先に宛てて記述する時,"「Gentile Ingegnere Rossi,（親愛なるロッシ・エンジニア様、）」と記述する。",「エンジニア」等の職業資格を敬称として用いることで、専門的資格に基づく階層秩序を文書上で固定化し、プロフェッショナルな関係を枠付ける。
第1象限,サンマリノ,NO_DATA,,,,,,,,,,,,,,
第1象限,バチカン,カトリック教会の位階制（ヒエラルキー）に基づく厳密な称号と公式儀礼言語,教皇、枢機卿、司教といったカトリック教会の厳格な階級構造を反映し、それぞれに固有の最高敬称を義務付ける言語実践。,階級に応じた特定の抽象名詞（聖下、猊下など）を代名詞的に使用する呼称体系と、ラテン語由来の定型句。,カトリック教会の二千年以上にわたる絶対的なヒエラルキー構造と、神権的絶対君主制としての国家制度。,教会のヒエラルキーにおける各個人の地位を明確に規定し、教皇を頂点とする権威の伝達系統を絶対的なものとして維持する。,神聖な権威に対する畏敬の念を呼び起こし、下位の聖職者や信徒に対して自発的な服従を内面化させる。,信徒や下位聖職者が、教皇に対して直接呼びかける時,「Sua Santit?（聖下）」と発言する。,教皇個人を直接指し示すのではなく「神聖さ」そのものを擬人化して呼ぶことで、人間性を超えた最高権威としての地位を言語的に確立する。,信徒や下位聖職者が、枢機卿に対して話しかける時,「Sua Eminenza（猊下）」と発言する。,司教（Eccellenza）とは異なる一つ上のランクの称号を厳格に用いることで、教会内の複雑で厳密な指示系統と階級的差異を可視化する。,教皇が、サン・ピエトロ広場で信徒に向けて祝福を宣言する時,「Urbi et Orbi（ローマ市と全世界へ）」とラテン語で発言する。,日常語ではないラテン語を公的に用いることで、世俗の権力や日常の秩序から切り離された、普遍的かつ神聖な教会の規範と秩序を宣言する。
第1象限,スペイン,公的空間および伝統的権威に対する敬称（Usted）と称号（Don/Do?a）の規範的使用,社会的距離や権威を示すために代名詞（T?/Usted）を使い分け、特に年長者や権威者に対して尊称（Don/Do?a）を付与する言語実践。,代名詞の使い分けと対応する動詞の活用（T?は2人称、Ustedは3人称）、およびファーストネームに前置する称号（Don/Do?a）。,カトリックの伝統と、ヒスパニック社会における「名誉（Honra）」および年長者・家父長制への敬意を重んじる文化。,対人関係における社会的距離を測定し、目上の者や公的権力に対する適切な敬意と秩序を維持する。,過度な馴れ合いを排して社会的役割への自覚を促すとともに、敬称を与えられた側に社会的承認と権威の感情をもたらす。,市民が、見知らぬ年配者や公的機関の職員に話しかける時,「?C?mo est? usted?（ご機嫌いかがですか？）」と発言する。,相手を「T?」ではなく「Usted」（Vuestra Merced＝あなたの恩寵、に由来）で呼ぶことで、社会的なヒエラルキーや公的な距離を承認する。,地域社会で、生徒が伝統的な権威を持つ男性教師を呼ぶ時,「Don Antonio（アントニオ先生）」と発言する。,名字（Se?or）ではなくファーストネームに「Don」を冠することで、単なる職業的関係を超えた、地域社会における属人的な権威と尊敬を言語化する。,裁判所の法廷で、弁護士が裁判官に対して発言する時,「Su Se?or?a（裁判官閣下）」と発言する。,絶対的な司法の権威に対して固有の格式高い称号を用いることで、法廷という空間における厳格なヒエラルキーと法的秩序への服従を強制する。
第1象限,ポルトガル,社会的階層・学歴を反映する三人称敬意表現と称号の体系,直接の二人称代名詞（voc?）を避け、三人称単数を用いた迂言的表現や学歴に基づく称号（Doutorなど）を過剰に使用して社会階層を維持する実践。,"二人称単数（tu）と三人称単数（o senhor/a senhora, o Doutor等）の非対称的・対称的な使い分けと、直接的二人称（voc?）の回避。",中世からの貴族主義・家父長制の残存と、コインブラ大学などを頂点とする伝統的な学歴エリート主義。,発話者間の社会経済的地位、年齢、学歴の格差を可視化し、適切な社会的距離と権威への服従を維持する。,称号保持者に特権意識と社会的承認を与え、下位者には制度的権威への服従と畏敬の念を内面化させる。,サービス業の店員が客に話しかける時,「O senhor deseja alguma coisa?（何かご希望ですか？）」と発言する。,ブラジル・ポルトガル語で一般的な「voc?」の使用は失礼または馴れ馴れしいとされ、三人称名詞を用いることで客の優位性と公的秩序を維持する。,市民が大卒者やホワイトカラーの専門職（医師、弁護士など）に話しかける時,「O senhor Doutor（先生/博士）」や「O senhor Engenheiro（エンジニア殿）」を名前の代わりに用いて発言する。,実際の博士号（Ph.D）の有無に関わらず、学士号取得者全般に称号を付与することで、非大卒者（労働者階級）との階層的境界を言語的に固定化する。,保守的な家庭や地方において、子供が父親に話しかける時,「O pai pode ajudar-me?（お父さんは私を手伝ってくれますか？）」と発言する。,親に対して「tu」や「voc?」ではなく定冠詞＋親族名称（o pai / a m?e）を用いることで、家族内における家父長制的な権威と世代間ヒエラルキーを維持する。
第1象限,アンドラ,NO_DATA,,,,,,,,,,,,,,
第1象限,ギリシャ,歴史的な純正語（カサレヴサ）と民衆語（ディモティキ）のダイグロシアによる制度的権威の統制,1976年の言語改革まで続いた、公的・制度的空間において古代ギリシャ語に寄せた人為的な純正語（カサレヴサ）を強制し、社会秩序とエリート支配を維持した歴史的実践。,音韻・形態・語彙において古典ギリシャ語の規範を取り入れた高変種（H変種）と、自然発達した低変種（L変種）の厳格な領域的使い分け。,近代ギリシャ建国時における、古代ギリシャの栄光へのイデオロギー的な回帰と、他言語の借用語を排除しようとする民族主義。,教育や法律、行政の言語をエリート層の独占物とし、大衆（民衆語話者）の公的空間へのアクセスや政治参加を制限・統制する。,公的言語に対する無力感や言語的劣等感を大衆に植え付け、国家権威への絶対的な服従を強制する。,1976年以前のギリシャの役所において、役人が公式な通知文書を作成する時,民衆語の「στην π?λη（都市において）」ではなく、カサレヴサを用いて「ε?? τ?ν π?λιν」と記述する。,法的事実を日常の文脈から隔離し、法律を「一般市民には容易に解釈できない特権的なもの」として権威づけ、法秩序を維持する。,1976年以前のギリシャの学校教育において、教師が黒板に単語を記述する時,民衆語の「νερ?（水）」ではなく、カサレヴサを用いて「?δωρ」と記述するよう指導する。,教育機関を国家の公式イデオロギーの再生産装置として機能させ、標準的な言語規範に従属する市民を育成する。,現代のギリシャ正教会において、司祭が典礼の中で祈祷を行う時,現代ギリシャ語ではなく、コイネー・ギリシャ語を用いて「Π?τερ ?μ?ν（天にまします我らの父よ）」と発言する。,神聖な領域の言語を世俗の日常語から完全に切り離すことで、教会の宗教的権威とヒエラルキーを維持する。
第1象限,キプロス,キプロス・ギリシャ語（CG）と標準ギリシャ語（SMG）の領域的ダイグロシア,非公式な日常の場ではキプロス・ギリシャ語方言（CG）を用い、教育・行政・メディアなどの公的な場では標準ギリシャ語（SMG）を厳格に使い分ける言語実践。,音韻論的・語彙的に差異の大きい地域方言（低変種）と、ギリシャ本土に準拠した標準語（高変種）のマクロなコードスイッチング。,ギリシャ本土に対する民族的・文化的帰属意識（エノシス思想の歴史）と、独立国家キプロスとしての公的機関における権威の確立。,公的な制度空間においてSMGを規範とすることで、日常の親密な連帯感（CG）とは異なる、客観的で権威主義的な公的秩序を維持する。,公的な場でのSMG使用は話し手に公式な立場としての自制と緊張感を要求し、聞き手に制度への従順を促す。,公立学校の教室内で授業が始まった時、教師が生徒に問いかける時,日常会話のCG「?ντα κ?νει?;（何をしているの？）」から切り替え、SMGを用いて「Τι κ?νει?;」と発言する。,学校空間における制度的秩序と教育の権威をSMGの使用によって確立し、生徒に公的な場面での言語規範を内面化させる。,テレビのニュース番組で、アナウンサーが視聴者に挨拶をする時,CG特有の語彙や発音を排除し、SMGの規範に従って「Καλησπ?ρα σα?（こんばんは）」と発言する。,国家規模での情報伝達において、個人的・地域的な色合いを消し去ることで、メディアの客観性と公的権威を維持する。,行政機関の窓口で、公務員が市民に書類について説明する時,CGの接続詞「τζιαι（そして）」を避け、SMGを用いて「και」と発言・記述する。,国家の公権力を行使する場において、日常言語（CG）を排除することで、個人的な感情や馴れ合いが入り込むのを防ぎ、法と行政のヒエラルキーを保つ。
第1象限,マルタ,マルタ語と英語の領域・階層的なコードスイッチングと英語への言語的ゲートキーピング,マルタ語（国語）を国家的アイデンティティの象徴とする一方、高等教育、法務、国際ビジネスなどの高度に公的な領域で英語を独占的に使用し、社会経済的ヒエラルキーを維持する実践。,セム語系（マルタ語）とインド・ヨーロッパ語系（英語）という全く異なる言語体系間の機能的切り替え（マクロなダイグロシア）。,160年以上にわたるイギリスの植民地支配の歴史と、独立後のグローバル経済圏への依存、および小規模島国特有の階層化された教育システム。,英語能力を文化的・経済的資本へのアクセス権（ゲートキーパー）として機能させ、伝統的なエリート層の優位性と社会の階層的秩序を維持する。,英語話者（エリート層）にコスモポリタン的な威信を与える一方、マルタ語単一話者には社会的・経済的上昇における障壁と疎外感を感じさせる。,マルタ大学において、教授が学生に対して講義を行う時,日常会話のマルタ語から切り替え、英語を用いて「The purpose of this lecture is...（この講義の目的は...）」と発言する。,高等教育と専門的知識の流通を英語に限定することで、学歴エリートとしてのヒエラルキーを制度的に保護・再生産する。,企業間契約や高位の司法手続きにおいて、弁護士が公式な契約書を作成する時,口頭でのマルタ語での交渉内容を、英語を用いて「Hereinafter referred to as...（以下...と称する）」と記述する。,法と経済の重要な意思決定プロセスを国際言語（英語）で固定化し、グローバル経済におけるマルタの制度的信用と秩序を維持する。,上流階級や一部の中産階級の家庭内で、親が子供に話しかける時,マルタ語ではなく意図的に英語主体で「How was your school today?（今日は学校どうだった？）」と発言する。,家庭内という本来マルタ語の領域に英語を持ち込むことで、次世代の社会的優位性を確保し、他の階層との見えない境界線を構築する。
第1象限,コソボ,アルバニア伝統法（カヌン）に基づく家父長制的敬称と誓約（ベサ）の言語実践,慣習法である「カヌン」の規範に従い、家長への絶対的敬称や、氏族間の秩序を維持する神聖な誓約「ベサ」を厳格に運用する言語実践。,家父長制に基づく親族・身分呼称の非対称的使用と、名誉を担保する短い断言的な定型句（遂行的発話）。,国家権力や近代法が及ばなかった山岳地帯における、氏族（フィース）を中心とした強力な自治制と「血讐」の伝統。,共同体内の年齢・性別に基づくヒエラルキーを維持し、法的拘束力のある言語儀礼によって暴力の連鎖を抑止する。,誓約者には名誉への強い責任感を、従属する若年層や女性には家長の庇護と絶対服従の精神を内面化させる。,氏族間の対立や流血事態（血讐）の調停を行う時,「Besa-bes?（ベサ・ベセ / 名誉にかけて誓う）」という定型句の発話,個人の発話を、集団の存続に関わる絶対的な法的・道徳的契約へと格上げし、社会秩序（平和）を強制的に構築する。,家庭内や氏族の集まりで、若年者が家長に呼びかける時,「Zoti i sht?pis?（家の主）」や「Bac（敬意を込めた兄・叔父への呼称）」を用いる。,生物学的な関係性よりも、家父長制における権力構造と役割を言語的に固定化し、年長者への服従を示す。,氏族間の重要な交渉（結婚の申し入れなど）を仲介者（Msit）を通じて行う時,「A na jepni nj? got? uj??（直訳：私たちにコップ一杯の水をいただけますか？ / 意味：娘さんをお嫁にいただけますか？）」,直接的な要求による拒絶時の名誉（顔）の喪失を防ぐため、高度に婉曲的な隠喩を用いて部族間の社会的な均衡を保つ。
第1象限,アイスランド,NO_DATA,,,,,,,,,,,,,,
第1象限,スウェーデン,1960年代「Du改革」以前の称号依存（Titelsjuka）と二人称代名詞の回避,二人称代名詞（Du / Ni）がタブーまたは侮蔑とされた時代に、直接的な呼びかけを避け、相手の職業や地位を表す三人称の称号を過剰に使用した歴史的言語実践。,二人称代名詞の意図的な欠落と、定冠詞を伴う三人称名詞（職業名＋称号）を擬似的な二人称として用いる統語的迂回。,近代化に伴う複雑な階級社会の形成と、官僚制的な身分意識が強く残存していた20世紀半ばまでの社会構造。,発話のたびに相手の社会的地位を確認・提示することで、厳格な階級的ヒエラルキーと公的な距離感を維持する。,称号を間違えることへの強い不安感（称号病）を引き起こし、適切な称号を持たない労働階級には言語的な疎外感を与えた。,サービス業の店員が、社会的地位のある客に対して注文を尋ねる時,「Vad ?nskar Herr Direkt?ren?（直訳：取締役殿は何をご希望ですか？）」,「あなた」を避け、相手の地位を三人称で呼ぶことで、サービス提供者と客の非対称な権力関係と敬意を明確にする。,職場で部下が上司（例：エンジニア）に業務上の質問をする時,「Vill Ingenj?ren ha kaffe?（直訳：エンジニア殿はコーヒーを飲みますか？）」,組織内の職階をそのまま呼びかけの代名詞として機能させ、業務上の指示系統と階層秩序を言語的に固定化する。,社交の場で、相手の職業・称号が分からず、直接的な呼びかけを回避して飲み物を勧める時,「F?r det lov att vara en kopp kaffe?（直訳：コーヒー一杯はいかがと許可されますか？）」,適切な称号が不明な場合、見下したニュアンスを持つ「Ni」を使ってしまうリスクを避けるため、主語を明確にしない不自然な受動態の迂回表現を強いられた。
第1象限,デンマーク,NO_DATA,,,,,,,,,,,,,,
第1象限,ノルウェー,NO_DATA,,,,,,,,,,,,,,
第1象限,フィンランド,19世紀以前のスウェーデン語とフィンランド語の階層的ダイグロシア,行政、教育、上流階級の公的言語としてスウェーデン語を独占的に使用し、大衆の言語であるフィンランド語を公的空間から排除することで社会階層を維持した歴史的実践。,系統の異なる二言語（インド・ヨーロッパ語族とウラル語族）のマクロな領域的・階層的使い分け。,スウェーデン王国による長期支配の遺産と、知識階層や官僚（スヴェコマン）がスウェーデン語話者で占められていた社会構造。,公的機関や高等教育へのアクセスを言語によって制限し、フィンランド語単一話者を政治的・経済的な意思決定から排除・統制する。,スウェーデン語話者にエリートとしての特権意識を与える一方、フィンランド語話者には自らの母語に対する劣等感と制度的権威への無力感をもたらした。,自治大公国時代の法廷において、スウェーデン語を話す裁判官がフィンランド語話者の農民に対して判決を言い渡す時,フィンランド語ではなく、スウェーデン語を用いて「Domstolen beslutar...（裁判所は...と決定する）」と発言・記述する。,国家の制度的権威をスウェーデン語と結びつけることで、農民階級には法への直接的なアクセスを許さず、言語的エリートによるヒエラルキーを維持する。,19世紀のヘルシンキ大学において、教授が学生に対して講義を行う時,フィンランド語ではなく、スウェーデン語を用いて「L?t oss b?rja f?rel?sningen.（講義を始めましょう）」と発言する。,高度な知識や社会的上昇の前提条件として言語的同化を課すことで、エリート階層の文化資本を保護・再生産する。,上流階級の社交の場において、フィンランド人貴族同士が挨拶を交わす時,民族的にはフィンランド人であっても、スウェーデン語を用いて「God dag!（ごきげんよう！）」と発言する。,支配層の言語を実践することで、自らが非教養層（フィンランド語話者）とは異なる特権階級であることを相互に確認し合うゲートキーパーとして機能した。
第1象限,エストニア,NO_DATA,,,,,,,,,,,,,,
第1象限,ラトビア,NO_DATA,,,,,,,,,,,,,,
第1象限,リトアニア,NO_DATA,,,,,,,,,,,,,,
第1象限,ウクライナ,ロシア語とウクライナ語の非対称的バイリンガリズムとダイグロシア（主に2014年以前）,公的空間やビジネス、都市部においてロシア語を高変種（H変種）、ウクライナ語を低変種（L変種）として使い分け、社会経済的ヒエラルキーを維持した歴史的・社会言語学的実践。,異なる言語間の領域的切り替え、および発話者間の非対称な言語選択（片方がウクライナ語、もう一方がロシア語を使用する状態）。,ソ連時代のロシア化政策の遺産と、独立後も続いた「都市＝ロシア語、農村＝ウクライナ語」という権力や富の偏在構造。,ロシア語能力を文化的・経済的資本へのアクセス権（ゲートキーパー）として機能させ、都市部のエリート層や専門職の優位性を社会的に再生産する。,ロシア語話者に知的・社会的な優越感を与える一方、ウクライナ語話者には「田舎者」という言語的劣等感を内面化させる社会的圧力を形成した。,2014年以前の首都キーウの大企業において、社員がビジネスミーティングを開始する時,"日常的にウクライナ語を話す者であっても、会議の場では自発的にロシア語を用いて「Господа, давайте начнем（皆さん、始めましょう）」と発言する。",ビジネスや「公式な知性」の言語としてロシア語を選択することで、自身のプロフェッショナリズムを証明し、経済的ヒエラルキーの中での地位を維持する。,2014年以前のテレビの討論番組において、ウクライナ語を話す司会者に対して、権威ある専門家・政治家が応答する時,"ウクライナ語に合わせることなく、ロシア語を用いて「Я считаю, что...（私は...と考えます）」と発言する。",ゲストは自身の権威を担保する言語（ロシア語）を譲らず、司会者がそれに合わせることを暗黙の了解とすることで、知識・政治階層のヒエラルキーを言語的に誇示する。,2014年以前において、農村部からの移住者が都市のホワイトカラー職に就職し、職場の同僚に質問する時,混交言語であるスルジク（例：「шо（何）」）を避け、標準的なロシア語を用いて「что（何）」と発言する。,低階層の指標であるスルジクを排除することで、都市部の社会経済的秩序に適応し、自身の階層的上昇（同化）を周囲に証明する。
第1象限,ベラルーシ,国家権力によるロシア語とベラルーシ語の非対称的ダイグロシアおよび混交言語（トラシャンカ）の排除,公的・行政的空間においてロシア語を高変種として独占的に使用し、日常の混交言語であるトラシャンカを排除することで、国家権威と階層秩序を維持する言語実践。,系統の近い二言語間のマクロな領域的切り替えと、混交変種（トラシャンカ）に対する規範的な使用制限。,ソ連時代の言語的ロシア化の遺産と、現体制によるロシア語重視の国家統合および官僚統制イデオロギー。,国家権力や公的リソースへのアクセス条件としてロシア語能力を課し、官僚制と体制の秩序を維持するゲートキーパー機能。,ロシア語話者（エリート層）に権威と正当性を与え、混交言語話者には教養の欠如という劣等感を内面化させる。,大統領演説や国家機関の公式な声明発表の時,「Уважаемые граждане Республики Беларусь（親愛なるベラルーシ共和国の市民の皆様）」のような標準ロシア語の定型句から演説を始める。,国家の最高権威と体制の安定性をロシア語の規範性と結びつけることで、公的秩序を言語的に誇示・維持する。,法廷や警察などの公的機関で、市民が手続きや証言を行う時,"市民のトラシャンカによる発言に対し、行政官が「Говорите по-русски, пожалуйста（ロシア語で話してください）」と標準ロシア語を要求する。",法的事実を国家の優勢言語（ロシア語）に翻訳・記録することで、個人の多様な言語実践を国家のヒエラルキー下に従属させる。,都市部のホワイトカラー職場や教育機関におけるフォーマルな会議の時,トラシャンカの特徴である「ショ（Шо）？」を避け、標準ロシア語の「Что（シトー）？」を意識的に使用して質問する。,トラシャンカを「農村的・非教養的」な低階層の指標として退けることで、自己の都市エリートとしての社会的地位と職場の規律を防衛する。
第1象限,ロシア,父称（Отчество）と敬称（Вы）の義務的組み合わせによる階層・距離の統制,職場や公的空間において、相手のファーストネームに父親の名に由来する「父称」を付与し、二人称複数形（Вы）と組み合わせて使用することで、社会的距離と権威を維持する体系。,「名前＋父称」の定型的な呼称と、T/V区分に基づく代名詞（ты/вы）および動詞の複数形一致の組み合わせ。,帝政ロシア時代からの官僚制や家父長制の伝統と、公私の空間（対人距離）を厳密に区別する強固な社会規範。,専門的な役割や世代間のヒエラルキーを可視化し、過度な馴れ合いを防いで組織の規律と権威を保つ。,呼ばれる側に社会的成熟と公的権威への承認を与え、呼ぶ側には敬意と服従の態度を持続的に内面化させる。,大学において、学生が教授に対して質問や相談をする時,"「Иван Иванович, можно задать вам вопрос?（イヴァン・イヴァノヴィチ、あなた（Вы）に質問してもよろしいですか？）」",単なる「教授」という役職名ではなく父称を用いることで、個人的な尊厳と学術的権威の双方に対する絶対的な敬意を示し、師弟の秩序を保つ。,職場で、部下が上司（アレクサンドル・セルゲーエヴィチ）に書類の確認を依頼する時,"「Александр Сергеевич, вы посмотрели отчет?（アレクサンドル・セルゲーエヴィチ、あなた（Вы）は報告書をご覧になりましたか？）」",職場における指揮命令系統と上下関係を言語的に固定化し、プロフェッショナルな距離感と業務上の規律を維持する。,テレビ番組のインタビューで、ジャーナリストが政治家（ウラジーミル・ウラジーミロヴィチ）に質問する時,"「Владимир Владимирович, как вы оцениваете эту ситуацию?（ウラジーミル・ウラジーミロヴィチ、あなた（Вы）はこの状況をどう評価しますか？）」",公的な対話において相手の身分と権威を承認し、社会全体の階層秩序（ヒエラルキー）に従う姿勢を公式に示す儀礼として機能する。
第1象限,ポーランド,Pan/Paniを用いた三人称敬意表現による社会的境界の維持,社会的距離のある相手に対し、二人称（Ty）を避け、「Pan（男性） / Pani（女性）」等の敬称を三人称単数の動詞と組み合わせて用いる厳格なポライトネス体系。,名詞（Pan/Pani等）の擬似代名詞的用法と、それに一致する動詞の三人称単数形（または複数形）の統語的使用。,中世のシュラフタ（貴族）文化における名誉を重んじる伝統と、平等を掲げた体制下でも失われなかったブルジョワ的礼儀作法の残存。,初対面や公的な関係における礼儀正しい距離感を強制し、相互の不可侵な個人的尊厳と社会的秩序を守る防壁として機能する。,相手を独立した敬意の対象として扱うことで自己の教養を示す一方、移行儀礼なしに距離を縮められることへの強い抵抗感を生む。,店舗やレストランで、店員が客に対して注文や要望を尋ねる時,「Czego Pan/Pani szuka?（直訳：Pan/Paniは何を探していますか？）」,直接的な二人称を避けて三人称で言及することで、サービス提供における公的な距離を保ち、客の社会的な地位を尊重・維持する。,公的機関や病院の待合室で、担当者が市民や患者を呼び出す時,「Pan Jan Kowalski proszony do gabinetu（ヤン・コヴァルスキ氏は診察室へお越しください）」と呼び出す。,姓または名にPan/Paniを冠することで、制度的な空間における個人の尊厳を保護しつつ、事務的で客観的な秩序を維持する。,職場の同僚間において、年長者や上位者が「Ty（君）」への移行を提案する時,「Przejd?my na ty（直訳：Ty（君）に移行しましょう）」と発話する。,敬称（Pan/Pani）の壁を取り払うための厳格な移行ルールが存在すること自体が、日常の階層秩序の強固さと境界の存在を証明している。
第1象限,チェコ,学位・職業称号（Tituly）とVyk?n?（敬称Vy）の義務的使用による官僚的ヒエラルキーの可視化,"公的空間や文書において、相手の取得学位（Ing., Mgr., MUDr.など）や職業的地位を名前に前置し、Vyk?n?（敬称Vy）と共に厳格に使用する実践。",呼格（5格）を用いた名前への称号（複数可）の前置と、T/V区分（tyk?n?/vyk?n?）に基づく敬称Vyと動詞の複数形一致。,ハプスブルク帝国時代の強固な官僚主義・称号偏重文化の遺産と、教育水準を極めて重視する中欧の社会構造。,専門知識や社会的到達度を公然と示し、教育・医療・行政システムにおける権威の所在とヒエラルキーを維持する。,称号保持者に特権と権威の意識を与え、下位者には公的制度への服従と畏敬を日常的に要求する。,病院で、患者が担当の医師に質問する時,"「Pane doktore, co mi doporu?ujete?（先生（男性医師）、私に何をお勧めになりますか（Vyの活用）？）」",医学的権威への絶対的な依存と敬意を言語的に表現し、医療現場における専門家と非専門家の指示系統と秩序を確立する。,大学や役所に対する公式なメールや書簡の宛名書きの時,「V??en? pane in?en?re（親愛なるエンジニア殿）」のように、修士相当の学位（Ing.）を必ず記載して書き始める。,学位を省略することは無礼とみなされ、制度的な交渉や手続きを円滑に進めるための必須の儀礼（言語的ゲートキーパー）となっている。,企業において、部下が管理職（部長）に書類の署名を依頼する時,"「Pane ?editeli, mohl byste to podepsat?（部長殿、これに署名していただけますか（Vyの活用）？）」",職場内の権力勾配を称号と代名詞によって日常的に再確認させ、組織の規律とヒエラルキーを維持する。
第1象限,スロバキア,NO_DATA,,,,,,,,,,,,,,
第1象限,ハンガリー,「Tetszik」補助動詞と「?n / Maga」による多層的な敬称・迂言体系,"二人称（Te）を避け、三人称代名詞（?n, Maga）や補助動詞「tetszik（気に入る、?なさる）」を用いた迂言表現を使い分けることで、年齢や地位のヒエラルキーを維持する体系。","T/V区分（Te / ?n, Maga）の非対称的使用と、補助動詞＋不定詞による極度な迂言的敬意表現の統語構造。",オーストリア・ハンガリー帝国時代からのブルジョワジー的礼儀作法の残存と、年長者への絶対的な敬意を重んじる文化。,発話者間の社会経済的地位や年齢の格差を詳細に測定・可視化し、適切な社会的距離と権威への服従を維持する。,年長者や権威者に強い承認と特権意識を与え、下位者には公的秩序への服従と自律的な自制を促す。,若年者が極めて年配の高齢者に対して挨拶をする時,「Hogy tetszik lenni?（ご機嫌いかがですか？）」と発言する。,直接的な敬称代名詞すら避け、「?なさる」という補助動詞を主動詞として用いることで、世代間の絶対的なヒエラルキーと極上の敬意を言語化する。,公的なビジネスの場で、初対面の大人同士が会話する時,「?n mit gondol err?l?（あなたはどうお考えですか？）」と三人称単数形の?nを用いて発言する。,19世紀の言語更新運動以降に普及した「?n」を用いることで、互いの個人的な領域に踏み込まない客観的でブルジョワ的な公的秩序を維持する。,伝統的な農村部で、若年者が年配の住人に話しかける時,「Maga mikor ?rkezett?（あなたはいつ到着しましたか？）」と三人称単数形のMagaを用いて発言する。,「?n」よりも古い形態であり、非対称な権力関係（上から下へ）や、教養ある都市層とは異なる伝統的階層を示すためのゲートキーパーとして機能する。
第1象限,ルーマニア,歴史的権威に由来する敬意代名詞（Dumneavoastr?）と三人称敬称（D?nsul/D?nsa）の規範的使用,「君主の主権」に由来する二人称敬称（Dumneavoastr?）と、第三者に言及する際の特有の三人称敬称（D?nsul/D?nsa）を義務的に使用する実践。,名詞句に由来する代名詞（Dumneavoastr?等）と動詞の複数形一致、および第三者を指す特別な敬意代名詞の形態論的区別。,中世のワラキア・モルダヴィア公国における貴族制（ボヤール）や君主への服従の歴史が、近代社会の市民的礼儀作法へと変容した背景。,対人関係において相手に仮想的な「権威（主権）」を付与することで相互の不可侵な尊厳を守り、公的・私的空間の境界を維持する。,自己を低め相手の権威を承認することで無用な対立を避け、社会的な安全・安心感を確保する。,市民が見知らぬ大人や目上の者に対して呼びかける時,「Ce face?i dumneavoastr??（あなたは何をされていますか？）」と発言する。,語源である「Domnia voastr?（あなたの主権/君主権）」という歴史的権威を日常の対話に持ち込むことで、公的な距離と相手の優位性を確立する。,学生が、その場にいない教師について言及する時,単なる「El（彼）」を避け、「D?nsul a spus...（あの方はおっしゃった）」と発言する。,第三者に対しても敬称代名詞を義務的に使用することで、その場にいない権威者のヒエラルキーをも言語的に保護・維持する。,学校で生徒が男性教師に対して呼びかける時,「Domnule profesor（教授殿）」と呼格を用いて発言する。,ローマンス語由来の呼格（-le）と役職名を結合させることで、制度的権威に対する服従と秩序を明示し、専門家のヒエラルキーを維持する。
第1象限,ブルガリア,NO_DATA,,,,,,,,,,,,,,
第1象限,モルドバ,ロシア語とルーマニア語（モルドバ語）の非対称的ダイグロシアと言語的ゲートキーピング,公的空間やビジネス領域においてロシア語を高変種、現地のルーマニア語（モルドバ語）を低変種として使い分け、社会経済的なヒエラルキーを維持する歴史的実践。,系統の異なる二言語（スラブ語派とロマンス語派）の領域的・階層的なマクロ・コードスイッチング。,ソ連時代の強力なロシア化政策の遺産と、独立後も続いた「都市・ビジネス＝ロシア語、農村・日常＝モルドバ語」という権力の偏在構造。,公的リソースや経済的成功へのアクセス条件としてロシア語能力を課し、都市エリート層や特定民族の優位性を社会的に再生産する。,ロシア語話者に知的・社会的な優越感を与える一方、ルーマニア語（モルドバ語）単一話者には制度的権威に対する無力感をもたらす。,首都キシナウの企業において、社員がビジネスミーティングを開始する時,参加者の母語に関わらず、ロシア語を用いて「Давайте начнем собрание（会議を始めましょう）」と発言する。,ビジネスや「公式な知性」の言語としてロシア語を選択・強制することで、自身のプロフェッショナリズムを証明し、経済的ヒエラルキーを維持する。,テレビの討論番組において、モルドバ語での質問に対し、政治家が応答する時,あえてロシア語を用いて「Я отвечу на этот вопрос...（その質問にお答えします...）」と発言する。,かつての連邦の共通語・帝国言語を使用することで、ローカルな枠組みを超越した権威や正当性をアピールし、大衆に対する政治的ヒエラルキーを誇示する。,公的機関の窓口において、農村出身者が職員に対応する時,日常のモルドバ語ではなく、純粋なロシア語を用いて「Мне нужна эта справка（この証明書が必要です）」と発言しようと努める。,混交言語を「農村的・低階層」の指標として排除し、規範的な高変種（ロシア語）を使うことで、自らの所属階層を防衛・上昇させようとする。
第1象限,ジョージア,伝統的宴会（スプラ）におけるタマダ（Tamada）の定型化された儀礼的修辞と言語統制,宴会（スプラ）において、タマダ（司会者・進行役）が厳格な順序と修辞を用いて乾杯（トースト）を主導し、発言権を統制することで共同体の秩序を維持する実践。,高度に定型化され、時に詩的な修辞を伴う独白形式のトーストと、発言権を移譲するための特定の遂行的発話。,家父長制的な長老支配の伝統と、正教会の信仰、および外敵の侵入が多かった歴史から生じた共同体の強固な連帯維持の必要性。,飲食の場を単なる消費から「共同体の価値観とヒエラルキーを再確認する神聖な儀式」へと変換し、集団の統制を図る。,参加者に共同体への強い帰属意識と連帯感を与える一方、規範（タマダの指示）への絶対的な服従を強制する。,宴会（スプラ）の開始直後、タマダが最初の乾杯を行う時,立ち上がり、「Dideba Ghmerts（神に栄光あれ）」と発言し、トーストを始める。,個人的な話題から始めることは許されず、常に神や国家といった最高位の権威から言及することで、宇宙的・社会的な絶対的ヒエラルキーを儀礼的に確認する。,タマダが他の特定の参加者に乾杯の音頭（発言権）を移譲する時,杯を向けながら「Alaverdi（アラヴェルディ / 神があなたに与えるように）」と発言する。,タマダの許可とこの定型句なしには誰も公式に発言できないという強力な集団統制機能であり、権力の所在（タマダ）を常に可視化する。,宴会の終盤で、タマダが亡くなった親族について言及する時,全員を立たせ、「Tsckhonos mati suli（彼らの魂に安らぎを）」と発言し、トーストを行う。,生者だけでなく死者も含めた世代間の家父長制的ヒエラルキーを言語的に保護し、若年層に共同体の歴史と名誉の継承を強制する。
第1象限,アルバニア,慣習法（カヌン）に基づく家父長制的敬称と「ベサ（Besa）」の言語実践,慣習法「カヌン」の規範に従い、家長への絶対的敬称や、秩序を維持する神聖な誓約「ベサ」を厳格に運用する言語実践。,家父長制に基づく親族・身分呼称の非対称的使用と、名誉を担保する短い断言的な定型句（遂行的発話）。,国家権力や近代法が及ばなかった北部山岳地帯における、氏族を中心とした強力な自治制と名誉の伝統。,共同体内の年齢・性別に基づくヒエラルキーを維持し、法的拘束力のある言語儀礼によって暴力の連鎖や無秩序を抑止する。,誓約者には名誉への強い責任感を、従属する若年層には家長への絶対服従の精神を内面化させる。,氏族間の対立の調停や重大な合意形成の時,「Besa-bes?（ベサ・ベセ / 名誉にかけて誓う）」という定型句の発話。,個人の発話を、集団の存続に関わる絶対的な法的・道徳的契約へと格上げし、社会秩序を強制的に構築する。,家庭内や親族の集まりで、若年者が家長に呼びかける時,ファーストネームを避け、「I zoti i sht?pis?（家の主）」等の呼称を用いる。,生物学的な関係性よりも、家父長制における権力構造と役割を言語的に固定化し、年長者への服従を示す。,氏族間の重大な交渉（結婚の申し入れなど）を仲介者（M?sit）を通じて行う時,「A na jepni nj? got? uj??（直訳：私たちにコップ一杯の水をいただけますか？ / 意味：娘さんをお嫁にいただけますか？）」,直接的な要求による拒絶時の名誉（顔）の喪失を防ぐため、高度に婉曲的な隠喩を用いて部族間の社会的な均衡を保つ。
第1象限,北マケドニア,NO_DATA,,,,,,,,,,,,,,
第1象限,セルビア,公的空間におけるT/V敬称区分（Ti/Vi）と称号（Gospodin/Gospo?a）の規範的使用,社会的距離や権威を維持するために、二人称複数形（Vi）と「氏/夫人」の称号を義務的に使用する言語実践。,T/V区分（Ti/Vi）に基づく代名詞と動詞の複数形一致、および姓に前置する称号（Gospodin/Gospo?a）。,伝統的な家父長制の残存と、近代以降の官僚制や都市ブルジョワジーにおける礼儀作法の厳格な規範。,対人関係における社会的距離を測定し、公的機関や職場での権威とヒエラルキーを維持する。,過度な馴れ合いを排し公的空間での自制心を促すとともに、称号保持者に社会的承認を与える。,初対面の大人や公的機関の職員に話しかける時,「Kako ste?（ご機嫌いかがですか？※Viによる複数形を使用）」,親称（Ti）を避け敬称（Vi）を用いることで、公的な距離と社会秩序を保ち、相互の個人的領域への侵入を防ぐ。,企業に対する公式なビジネスメールの宛名書きの時,「Po?tovani gospodine Jovanovi?u（親愛なるヨヴァノヴィッチ氏）」と呼格を用いて記載する。,称号と呼格を正確に用いることで、制度的な交渉における敬意の証明と、公的なルールへの服従を示す前提条件となる。,大学で学生が教授（男性）に質問の許可を求める時,"「Profesore, mogu li da Vas pitam?（教授、あなた（Vi）に質問してもよろしいですか？）」",ファーストネームを避け職業称号の呼格と敬称Viを用いることで、学術的権威に対するヒエラルキーを言語的に維持する。
第1象限,モンテネグロ,NO_DATA,,,,,,,,,,,,,,
第1象限,ボスニア・ヘルツェゴビナ,民族・宗派境界を維持する公的空間での意図的な語彙・文字選択（制度的ゲートキーピング）,同一言語圏（旧セルビア・クロアチア語）でありながら、公的空間や教育において意図的に特定の民族的語彙や文字を選択し、社会的境界を維持する実践。,日常の相互理解可能な変種の中から、特定の民族的・宗教的指標となる同義語（語彙的交替）やアルファベットの排他的選択。,紛争を経たデイトン合意に基づく、ボシュニャク、クロアチア、セルビアの三構成民族による厳格な権力分割と棲み分けの体制。,言語的相違を強調することで、民族ごとの教育・行政システムの分離を正当化し、現在の政治的ヒエラルキーと分断の秩序を維持する。,話し手に特定の集団への帰属意識と防衛本能を喚起させ、他民族に対する境界線を常に意識させる。,公的機関や学校において、月名を記述・発話する時,クロアチア系は「sije?anj（1月）」、ボシュニャク/セルビア系は「januar」を厳格に使用する。,同義語の選択を民族的アイデンティティの踏み絵として機能させ、その制度空間がどの集団に属するかを明確にする。,地域コミュニティ内での挨拶の選択時,ボシュニャク人がイングループ内で「Selam alejkum」を用いる一方、世俗的・多民族の場では「Dobar dan」に切り替える。,宗教的定型句をイングループの連帯維持と他者排除のゲートキーパーとして使用し、宗派的ヒエラルキーを保つ。,スルプスカ共和国（セルビア人主体）の行政文書や公式看板の表記の時,「Република Српска（スルプスカ共和国）」のように、ラテン文字ではなくキリル文字表記を優先して記載・掲示する。,正書法（文字）を政治的・民族的なヒエラルキーとアイデンティティの視覚的象徴として強制し、文化的境界を防御する。
第1象限,クロアチア,NO_DATA,,,,,,,,,,,,,,
第1象限,スロベニア,NO_DATA,,,,,,,,,,,,,,
第1象限,エジプト,オスマン期由来の称号（Alqab）を用いた階層秩序の維持と対人交渉の言語実践,"相手の実際の地位に関わらず、オスマン帝国期や近代の職業に基づく称号（Basha, Bey, Ustadh等）を呼びかけに用いることで、社会のヒエラルキーを再確認し、相互の交渉を円滑にする実践。",呼格詞（Ya）に称号名詞を後置する定型的な呼びかけ表現。,極端な階層社会でありながら、都市の過密化により見知らぬ他者と頻繁に交渉しなければならない社会環境。,相手の社会的優位性を一時的に承認・構築することで、敵意がないことを示し、サービスや便宜を引き出す社会的な潤滑油（ゲートキーパーの緩和）。,呼ばれる側に社会的承認と権威の感覚を与え、寛大な態度（パトロネージ）を促す。,タクシー運転手が、身なりの良い客に対して呼びかける時,「Ya Basha（ヤ・バーシャ / 旦那様、長官）」と発言する。,実際の爵位制度は1952年に廃止されたが、相手の権威を過剰に持ち上げることで円滑な取引や寛大なチップを引き出す。,市場において、客が職人や肉体労働者のリーダーに対して呼びかける時,「Ya Mu'allim（ヤ・ムアッリム / 親方）」と発言する。,現場での技能や統率力に基づく伝統的なヒエラルキーを承認し、インフォーマルな労働・商業環境における秩序を保つ。,学生や市民が、教師やホワイトカラーの目上に対して呼びかける時,「Ya Ustadh（ヤ・ウスターズ / 先生、教授）」と発言する。,教育や知的労働に対する尊敬を示し、社会における知識階級の権威を承認し維持する。
第1象限,リビア,NO_DATA,,,,,,,,,,,,,,
第1象限,チュニジア,フランス語とチュニジア・アラビア語（デリジャ）のコードスイッチングによる社会的ヒエラルキーの維持,高等教育、ビジネス、上流階級の社交においてフランス語を意図的に混用・独占使用することで、労働階級との間に社会経済的な境界線を引く実践。,文中・文間でのフランス語とデリジャのマクロおよびミクロなコードスイッチング。,フランス保護領時代の遺産と、独立後も高等教育（科学・医学等）や国際ビジネスにおけるフランス語の制度的優位性。,フランス語能力を文化資本として機能させ、非エリート層を公的・経済的な意思決定の場から排除するゲートキーパー機能。,フランス語話者に洗練されたエリートとしての優越感を与え、デリジャ単一話者には社会的上昇における制度的障壁と劣等感を感じさせる。,首都チュニスの上流階級の家庭や高級な社交場において、知人同士が挨拶をする時,"「Bonjour, ?a va? Lab?s?（こんにちは、元気？問題ない？）」とフランス語とデリジャを混用して発言する。",自身の高い教育水準と西洋的な洗練を誇示し、労働階級や地方出身者との違いを言語的に証明する。,大学の医学部において、教授が学生に講義を行う時,デリジャの解説に交えて「Le syst?me nerveux central（中枢神経系）」とフランス語の専門用語を用いて発言・記述する。,高等教育におけるフランス語の権威と階層を制度的に維持し、フランス語運用能力を学力の一部として課す。,首都チュニスの企業の採用面接において、面接官が候補者に質問する時,デリジャではなく、フランス語を用いて「Parlez-moi de votre exp?rience professionnelle.（あなたの職務経験について話してください）」と発言する。,フランス語能力が、専門能力と同等に「適切なビジネス階層に属しているか」の指標として評価・選別される。
第1象限（秩序と伝達）,アルジェリア,ダリージャ（アルジェリア・アラビア語）における宗教的定型句を通じた社会的ポライトネス,イスラム教の宗教的語彙を日常の挨拶や会話に組み込むことで、神への服従という共通の規範を確認し、社会秩序を維持する言語実践。,神（アッラー）の御名を含む高度に定型化されたフレーズの反復と応答。,イスラム教の教義が日常生活の規範と密接に結びついている社会的コンテクスト。,個人の感情や対立を宗教的権威の下に置き、共同体の連帯と平等のイデオロギーを維持する。,相互の信頼感の醸成、予測可能性による安心感、個人の責任の軽減。,街角で知人の男性同士がすれ違い、挨拶を交わす時,"「Wach rak, khouya? Hamdoullah（ワシュ・ラク、ホヤ？ ハムドゥッラー / 兄弟、調子はどう？ おかげさまで（神に称賛あれ））」",宗教的な定型句と擬似的親族呼称を組み合わせることで、相互の対等な関係と神の庇護下にあるコミュニティの連帯を確認する。,市場の商人が客に対して、明日商品の入荷を約束する時,「Ghedwa nchallah（ゲドワ・ンシャッラー / 明日、神が望み給えば）」,未来の不確実性を神の意志に委ねることで人間の傲慢さを戒め、万が一約束が果たされなかった際の個人的な責任や社会的摩擦を軽減する。,親戚の女性が知人の赤ん坊の可愛さを褒め称える時,"「Masha'allah, Allah ybarek（マーシャッラー、アッラー・イバーレク / 神が望まれたことだ、神の祝福がありますように）」",他者の子供に対する称賛が邪視（嫉妬による呪い）と見なされるのを防ぐため、美しさの源を神に帰して社会的平等を維持する。
第1象限（秩序と伝達）,モロッコ,ダリージャ（モロッコ・アラビア語）における親族呼称の拡張による擬制的ヒエラルキーの構築,血縁関係のない他者に対して年齢や地位に応じた親族呼称を用いることで、社会的な役割と敬意の階層を構造化する実践。,本来は家族内に限定される名詞（兄弟、叔父など）の呼称としての広範な使用。,年齢と性別に基づく家父長制的な権威構造と、コミュニティの紐帯を重視する共同体主義。,見知らぬ他者を社会的な親族ネットワークに組み込み、適切な敬意と保護の義務を発生させる。,よそよそしさの排除、親密さと敬意の同時達成、適切な距離感の獲得。,タクシーの乗客が、年配の運転手に行き先を告げたり料金を尋ねたりする時,"「Aammi, bchhal?（アムミ、ブシュハル？ / 叔父さん、いくらですか？）」",見知らぬ年長者に対し、実の叔父に対するのと同等の敬意を示すことで年齢に基づくヒエラルキーを承認し、円滑なサービスを引き出す。,スーク（市場）で、客が同年代の若い商人に対して商品の値引き交渉をする時,"「Khouya, naqs shwiya（ホヤ、ナクス・シュウィヤ / 兄弟、少し安くしてよ）」",同等の立場であることを擬似的親族呼称で確認し、対立的になりがちな価格交渉において連帯感と相互の妥協を促す機能を持つ。,家事使用人や若い世代が、社会的地位の高い年配の女性や女主人に話しかける時,"「Lalla, wesh bghiti?（ラッラ、ウェシュ・ブギティ？ / 奥様（高貴な女性）、何をご希望ですか？）」",伝統的な身分制の名残を用いた敬称を使用し、公的・私的な場における明確な権威への服従と高度な敬意を表出する。
第1象限（秩序と伝達）,セネガル,ウォロフ社会におけるグリオ（Gewel）を介した階層的な言語分業と賛美,貴族階級（Geer）と世襲の言葉の専門家（Gewel）の間で見られる、身分に基づき発話権と沈黙が規定された言語実践。,修辞的で誇張された賛美の言葉（Praise poetry）と、対照的な短い応答や沈黙。,伝統的な職業別世襲階層（カースト）制度に基づく、社会的な役割と義務の厳格な分業。,貴族の権威と系譜の公的な正当化、および富の再分配の促進を通じた社会構造の維持。,貴族における名誉（Jom）の意識の強化と、共同体における歴史的連続性の体感。,結婚式や命名式などの公的な儀礼の場で、GewelがGeerの参列者の系譜を朗唱する時,"「Ndiaye, gor fitna...（ンジャイ家の高貴なる血筋よ...）」とGewelが大声で叫び、Geerは直接答えずに沈黙を保つ。",言葉を操るGewelが公に称賛することで、感情を表に出さず寡黙を美徳とするGeerの名誉（Jom）と社会的威信が可視化・強化される。,命名式の祝宴で、GeerのパトロンがGewelに対して紙幣を手渡した時,"Gewelが紙幣を天に掲げ、「J?r?j?f, suma sang bi!（ジェレジェフ、スマ・サン・ビ！ / ありがとう、我が主君よ！）」と叫ぶ。",贈与という行為を公の事実として宣言することで富の再分配を促し、Geerのパトロンとしての地位を確定させる。,村の集会でGeerの家族同士が土地を巡って口論になりかけた時,"Gewelが間に割って入り、「Mandu leen, yeen a bokk maam（マンドゥ・レーン、イェーン・ア・ボック・マーム / 落ち着かれよ、あなた方は同じ祖先を共有している）」と語りかける。",直接的な対立を避け、階層にふさわしい振る舞い（名誉）に訴えかけることで、社会秩序を回復させるメカニズムとして機能する。
第1象限（秩序と伝達）,ガンビア,マンディンカ社会等の民族・氏族間における制度化された冗談関係（Sanankuya）,特定の氏族や民族間で、通常はタブーとされる侮辱やからかいを相互に許容し合うことで、潜在的な対立を回避する実践。,定型化された侮辱、ステレオタイプの強調、卑語の意図的かつ非敵対的な使用。,歴史的な同盟関係や不可侵条約、または特定の親族関係（交差いとこ等）に基づく社会的協定。,集団間の緊張緩和、連帯の維持、および紛争の予防的・平和的解決。,敵意や緊張の中和、親密さの確認、タブー破りによるカタルシス。,街角でマンディンカ人の男性が、冗談関係（サナンクヤ）にあるジョラ人の知人とすれ違った時,"「I ka taa min, jongo?（イ・カ・ター・ミン、ジョンゴ？ / どこへ行くんだ、奴隷め？）」と笑いながら呼びかける。",一見すると敵対的な言葉を交わすことで、逆に両者の間には争いが起こり得ないという絶対的な平和の契約を確認している。,市場でマンディンカ人の商人とジョラ人の客が価格で口論になりかけた時,"相手の民族を知り、「Ah, e mu jola le ti, i te kodi soto!（アー、お前はジョラ人か、どうせ金なんて持ってないだろう！）」とからかいに切り替える。",制度化されたユーモアが紛争解決の安全弁として機能し、個人的な怒りを社会的・形式的なやり取りに昇華させる。,マンディンカ人の葬儀において、ジョラ人の参列者が遺族に対してあえて不謹慎に振る舞う時,"「A saata, a ning a taata!（ア・サータ、ア・ニン・ア・タータ！ / あいつは死んだ、そして行ってしまった！）」と滑稽な調子で言い放つ。",極度の悲しみや感情の爆発をユーモアで緩和し、共同体の秩序を保ちながら遺族を日常に引き戻す役割を果たす。
第1象限（秩序と伝達）,ギニアビサウ,NO_DATA,,,,,,,,,,,,,,
第1象限（秩序と伝達）,ギニア,NO_DATA,,,,,,,,,,,,,,
第1象限（秩序と伝達）,シエラレオネ,NO_DATA,,,,,,,,,,,,,,
第1象限（秩序と伝達）,リベリア,NO_DATA,,,,,,,,,,,,,,
第1象限（秩序と伝達）,コートジボワール,NO_DATA,,,,,,,,,,,,,,
第1象限（秩序と伝達）,ガーナ,アカン社会における代弁者「オキアメ（Okyeame）」を介した間接的話法と儀礼的修辞,王（首長）と臣民との間の直接的な会話を禁じ、専門の代弁者であるオキアメを介してのみコミュニケーションを行うことで、王の神聖性と権威を保護・維持する実践。,発話者→オキアメ→受信者という三者間のリレー形式。日常言語を高度な修辞やアカン語の諺（Mbebu）を用いた宮廷言語へ翻訳する構造。,王権に対する神聖視と言葉の持つ呪術的・政治的力への畏怖を基盤とする、アカン社会の厳格な階層構造。,王の失言や感情的発露を防ぎ、対立時の緩衝材として働くことで、政治的秩序の維持と平和的な調停を可能にする。,王の物理的・心理的距離を強調することによる権威への畏怖、および発言の責任分散による心理的負担の軽減。,一般臣民が王に対して請願や報告を行う公的な謁見の場。,臣民がオキアメ（代弁者）に向かって「K? kyer? Nana s?...（王［Nana］に～とお伝えください）」と発話し、オキアメがそれを王に中継する。,王への直接的なアクセスを遮断し、視覚的・聴覚的にコミュニケーションを迂回させることで、王の神聖な地位と社会のヒエラルキーを空間的に構築している。,グループ間の対立や紛争について、王の宮廷で裁判や調停が行われている場。,激昂した当事者の言葉を、オキアメが王に対して「Ese ne t?kr?ma mpo ko（歯と舌でさえ時にぶつかるものです）」というアカン語の諺に変換して発話する。,直接的な侮辱や感情的な言葉を、客観的で規範的な修辞へとリフレーミングすることで、当事者間の緊張を緩和し、調停への道筋をつける機能を持つ。,王自身が裁定や決定を下し、それを公の場で群衆に宣告する場。,王が小声で伝えた裁定を、オキアメが群衆に対して「Nana se...（王［Nana］はこう仰せである…）」と大声で前置きして発話する。,王自身が世俗的な大声を出すことを避けさせることで超越的な存在感を保つと同時に、王の言葉の威厳と政治的な重みを増幅させる役割を果たす。
第1象限（秩序と伝達）,トーゴ,NO_DATA,,,,,,,,,,,,,,
第1象限（秩序と伝達）,ベナン,NO_DATA,,,,,,,,,,,,,,
第1象限（秩序と伝達）,ナイジェリア,ヨルバ語における年齢・地位に基づく敬意表現と複数形代名詞の使い分け,年齢や社会的地位が上の者に対して、複数形代名詞（敬称）を使用することで、厳格な年齢・社会的ヒエラルキーを維持する実践。,"二人称および三人称単数に対する、複数形代名詞（?yin / ?, ?w?n / w?n / w??n）の敬称としての意図的・体系的な使用。",年齢（エルダーシップ）や王侯貴族（オバ）などの権威を絶対視し、世代間および身分間の秩序を重んじるヨルバ社会の階層構造。,目上への敬意と服従を明示し、世代間および社会的地位間の秩序と役割分担を維持・再生産する。,年長者・権威者には社会的承認による安心感を与え、年少者には従順さと社会的規範の内面化を促す。,帰省した若者が、実家で父親に朝の挨拶をする場面。,"「? k???r??, b?b?.」（おはようございます、お父さん。※「?」は二人称複数形の敬称代名詞）",年齢のヒエラルキーを言語的に承認し、目上に対する敬意と社会的な上下関係を明確な形として可視化する。,若者が村の首長（オバ）の動向について友人と会話する場面。,「W??n ti d?.」（あの方は到着されました。※「W??n」は三人称複数形の敬称代名詞）,対象者がその場に不在であってもその人物の社会的地位を尊重し、共同体内での権威の不可侵性を言語的に維持する。,妻が、夫の母親（義母）に食事を勧める場面。,"「M?m?, ? j?un.」（お母さん、召し上がってください。※複数形代名詞「?」を使用する）",姻族間の繊細な関係において最大限のポライトネスを示すことで、家族間の摩擦を避け、親族構造全体の安定を図る。
第1象限（秩序と伝達）,カーボベルデ,NO_DATA,,,,,,,,,,,,,,
第1象限（秩序と伝達）,マリ,ドゴン社会における長大な定型連鎖挨拶（Greeting sequence）を通じた社会関係の確認,出会いの際に、相手の家族、健康などに関する決まりきった質問と肯定的な応答を長時間繰り返すことで、共同体の紐帯と秩序を維持する実践。,質問と応答が高速かつリズミカルに連鎖し、個人の具体的状況に関わらず「Sewa（平和だ/元気だ）」と固定的に返答する構造。,農業を基盤とし、厳しい自然環境において共同体の結束、相互依存、および平和的な共存が不可欠な社会背景。,個人の感情や実際の状況を一時的に棚上げし、定型化されたやり取りを完了させることで、相互の敵意がないことを証明し連帯を再確認する。,予測可能なリズムと言葉の交換による安心感の醸成と、コミュニティの一員としてのアイデンティティの再確認。,村の道端で知人同士がすれ違い、挨拶を交わす場面。,一方が「Esewa（元気か）？」と問い、他方が実際の状況に関わらず「Sewa（元気だ）」と即座に答える。,個人の具体的な状況よりも定型化されたやり取りを優先させることで、相互に敵意がないことを証明し、社会的な連帯を確認する。,若者が広場にいる村の長老に遭遇し、挨拶を行う場面。,若者から先に「Po-wee（こんにちは）」と口火を切り、「Emana sewa（家族は元気か）？」など多くの質問を連射し、長老側は「Sewa」と短く応答を繰り返す。,挨拶の開始者や質問の量・長さを通じて年齢と地位のヒエラルキーを実践し、年長者への敬意を社会的に可視化する。,村人が道を歩いていて、遠方から村を訪れた客人とすれ違う場面。,「Po-wee（こんにちは）」から始まり、互いがすれ違って声が聞こえなくなる距離まで「Sewa（元気だ）」という応答を大声で長々と繰り返す。,外部からの訪問者に対しても定型的な枠組みを適用することで、外部由来の不確実性を共同体の秩序内に組み込み、潜在的な緊張を緩和する。
第1象限（秩序と伝達）,ブルキナファソ,モシ社会等における「冗談関係（Rakir?）」を通じた民族・氏族間の紛争回避,特定の民族や氏族間で、意図的に無礼な言葉やからかいを交わすことを制度的に許容し、社会的な緊張を緩和・予防する言語実践。,特定の集団に対する定型化された侮辱（「奴隷」「豆食い」など）、誇張、卑語の非敵対的な使用。,多民族が共存する西アフリカ一帯において、歴史的な不可侵協定や神話的な兄弟関係に基づく社会構造。,潜在的な対立や紛争の平和的解決と未然予防、集団間の連帯維持。,怒りや緊張のユーモアによる弛緩、親近感の醸成。,冗談関係にある異なる民族（モシ人とサモ人など）が市場で遭遇した場面。,モシ人がサモ人に対してモレ語で「Fo yaa m yamba（お前は私の奴隷だ）」や「benga dita（豆食いめ）」などとステレオタイプを用いてからかう。,表面的には敵対的な言葉をあえて交換することで、両者間には実際の紛争が起こり得ないという不可侵の契約を日常的に確認している。,異なる民族の個人間で、日常的な口論やトラブルが発生しそうになった場面。,"相手が冗談関係にある民族だと分かると、真剣な怒りをやめ、モレ語で「Laafi bala, m yamba（平穏である、我が奴隷よ）」といった定型的なからかいの言葉に切り替える。",制度化されたユーモアが安全弁として働き、個人的な対立が深刻な民族間紛争へとエスカレートすることを防ぐ。,冗談関係にある集団の葬儀に参列する場面。,"悲痛な雰囲気の中であえてサモ人の死者に向かって「A kiime, benga y?nga（彼は豆のせいで死んだのだ）」とモレ語で放言し、遺族をからかう。",極度の悲しみという負の感情をユーモアで中和し、日常の秩序と活力を共同体にいち早く取り戻させる役割を果たす。
第1象限（秩序と伝達）,ニジェール,NO_DATA,,,,,,,,,,,,,,
第1象限（秩序と伝達）,モーリタニア,NO_DATA,,,,,,,,,,,,,,
第1象限（秩序と伝達）,カメルーン,バフット社会における首長（Fon）への宮廷言語（Royal Register）と回避表現,首長（Fon）に対して日常語の使用を禁じ、特別な語彙や隠喩を用いた宮廷専用の言語を用いることで、その神聖性と絶対的権威を維持する実践。,一般の動詞や身体部位を表す名詞を、特定の自然現象や別のメタファー、または特別に用意された敬語語彙（パラレキシフィケーション）に置き換える構造。,首長を自然界の強大な力と結びつけ、神聖な存在として戴き、祖先霊との架け橋とする厳格な階層社会。,王権の神聖化と世俗からの分離、および社会階層（王族、貴族、平民）の秩序の維持。,首長に対する畏怖の念の植え付けと、臣民としての絶対的な服従心の強化。,臣民が首長の「目」について言及する場面。,日常的な語彙を避け、バフット語で「?nt??mf????（ホタル）」というメタファーを用いて首長の目を表現する。,首長の目を光を放つホタルに例えることで、世俗の人間とは異なる神秘的・超越的な属性を付与している。,臣民が首長の「耳」について言及する場面。,日常語を避け、バフット語の宮廷語彙である「m??r??nd?w?r??（草地地方特有のキノコ）」というメタファーを用いて表現する。,物理的な耳を自然界の造形物であるキノコに言い換えることで、首長の肉体を世俗的な人間から切り離して神聖化している。,首長が崩御（死去）や埋葬された事実について共同体に語る場面。,バフット語の日常語である「死ぬ（kw?）」や「埋める（tw?????）」を避け、「行方不明になる（bw??）」や「保管する（l????）」という婉曲表現に置き換える。,死や埋葬という生物学的な終焉を「行方不明」や「保管」に言い換えることで、王権の不滅性と祖先としての永遠性を強調し、社会の動揺を防ぐ。
第1象限（秩序と伝達）,チャド,NO_DATA,,,,,,,,,,,,,,
第1象限（秩序と伝達）,サントメ・プリンシペ,NO_DATA,,,,,,,,,,,,,,
第1象限（秩序と伝達）,アンゴラ,NO_DATA,,,,,,,,,,,,,,
第1象限（秩序と伝達）,スーダン,NO_DATA,,,,,,,,,,,,,,
第1象限（秩序と伝達）,南スーダン,NO_DATA,,,,,,,,,,,,,,
第1象限（秩序と伝達）,エリトリア,ティグリニャ語における代名詞・動詞活用の敬称体系と親族呼称の拡張,年長者や権威者に対して、親称と明確に区別された敬称代名詞や動詞の敬称活用を義務付け、親族呼称を社会的に拡張して用いることで階層秩序を維持する実践。,二人称および三人称代名詞における親称（単数形）と敬称（複数形由来）の文法的な対立、それに呼応する動詞・所有接尾辞の敬称活用。,年齢（エルダーシップ）や宗教的権威（正教会など）、家父長制的な家族制度を基盤とする、厳格な階層・権威主義的社会。,目上の者への服従と敬意を言語の文法規則として強制することで、世代間や身分間の絶対的なヒエラルキーを日常的に再確認・維持する。,目上の者に対する畏怖と礼節の内面化、および規範を遵守することによるコミュニティ内での社会的承認と安心感。,若年者が親や村の長老に対して挨拶や日常会話を行う場面。,二人称単数の親称「Nissikha（君・男）」を厳格に避け、敬称「Nissikum（あなた・男）」を用い、「Kemey alekhum?（ご機嫌いかがですか？ ※敬称動詞）」と声をかける。,文法レベルで親称と敬称の選択が義務付けられているため、話し手は発話のたびに相手との社会的な上下関係を認識し、階層秩序を言語的に実践・再生産することになる。,司祭や地域の有力者など、権威ある人物がその場に不在の状況で、第三者とその人物について言及する場面。,三人称単数の親称「Nissu（彼）」ではなく、三人称の敬称「Nissom（あの方・男）」を用い、「Nissom nayna kahin eyom（あの方は私たちの司祭です）」などと複数形の動詞を呼応させて発話する。,対象者が物理的に同席していなくても敬意標識を維持することで、個人の感情的親疎に関わらず、公的な権威への従属が社会全体の規範として共有・強化される。,街中で見知らぬ年配者に道を尋ねたり、呼びかけたりする場面。,"一般的な呼びかけを避け、「Abboy（私の父）」や「Adey（私の母）」といった親族呼称を用い、敬称代名詞と組み合わせて「Abboy, nissikum...（お父さん、あなたは…）」と発話する。",血縁関係のない他者に対しても家父長制的な家族のヒエラルキー・モデルを拡張することで、見知らぬ者同士の対人摩擦を未然に防ぎ、社会全体を秩序ある疑似親族ネットワークの中に位置づける。
第1象限（秩序と伝達）,中央アフリカ,NO_DATA,,,,,,,,,,,,,,
第1象限（秩序と伝達）,赤道ギニア,NO_DATA,,,,,,,,,,,,,,
第1象限（秩序と伝達）,ガボン,NO_DATA,,,,,,,,,,,,,,
第1象限（秩序と伝達）,コンゴ共和国,バコンゴ社会における代弁者「ンゾンジ（Nzonzi）」を介した間接的交渉と諺の使用,結婚交渉や紛争調停などの公的な場で、専門の代弁者（Nzonzi）が当事者に代わって諺や比喩を用い、直接的な対立を避けて交渉を行うことで社会秩序を維持する実践。,当事者同士の直接的な対話を禁じ、第三者（Nzonzi）を介在させる発話構造。先人の知恵である諺（bingana）を用いた間接的・比喩的なレトリック。,氏族間の結合や平和の維持を最優先とし、直接的な感情の爆発や対立（面子の喪失）を強く忌避する共同体の規範。,個人的な争いや要求を伝統的価値観の中に包み込み、感情的な衝突を回避しながら和解や合意へと導く。,責任の分散による当事者の精神的負担の軽減、および先人の知恵（諺）に説得されることによる納得感。,異なる氏族間での結婚の結納（婚資）をめぐる交渉の場面。,当事者の家族は直接要求を述べず、双方の代弁者（Nzonzi）が「Nlembo mosi ka usukulanga luse ko（一本の指では顔は洗えない）」というキコンゴ語の諺を用い、両家の連帯を強調しながら条件を提示し合う。,露骨な金銭的・物質的な要求を比喩によって覆い隠すことで、結婚が単なる取引ではなく氏族間の神聖な連帯であることを強調し、双方の尊厳を守っている。,土地の境界や所有権をめぐって氏族間で対立が生じ、村の広場での調停が行われる場面。,Nzonziが「Boko wabokula m?mbu mu k?nda（社会の問題を解決するのはボコ（集会）である）」という諺を引き合いに出し、個人的な報復を諫めて集落全体の調和を促す。,個人の怒りや非難を、共同体の普遍的なルール（諺）へと翻訳することで、対立のレベルを個人的な感情論から社会規範の確認へと昇華させ、平和的解決を促す。,交渉が白熱し、一方が感情的になって声を荒げそうになった場面。,"Nzonziが即座に介入し、「Nlembo mosi kana ulwala, nlembo mya nkaka mitelele menga（一本の指が傷つけば、他の指も血に染まる）」という諺を用いて、共同体全体の被害を諭し小休止を挟む。",共同体における最大のタブーである「交渉の決裂」や「暴力的衝突」を未然に防ぐための安全弁として、Nzonziの言語技術が機能している。
第1象限（秩序と伝達）,コンゴ民主共和国,リンガラ語における複数形接辞および複数代名詞の敬称的用法を通じた世代・地位的ヒエラルキーの維持,年長者や社会的地位の高い人物に対して、単数形ではなく複数形の接頭辞や代名詞を用いることで、敬意と社会的な上下関係を明確に示す言語実践。,"名詞の複数形クラス接頭辞（ba-等）の付与、および二人称・三人称の複数代名詞（bino, bango）やそれに呼応する動詞活用の単数対象に対する意図的な使用。",年齢（エルダーシップ）と社会的権威を絶対的に尊重し、目下から目上に対する従順さと礼儀を重んじるバンツー系社会の階層的規範。,世代間および身分間における厳格な境界を日常的な会話の中で反復・確認し、共同体内での役割とヒエラルキーを再生産する。,年長者に対する畏敬の念の維持と、社会規範への従順さの自己確認、対人摩擦の予防。,若年者が年長者（父親、親戚の大人、村の長老など）に呼びかけたり挨拶をする場面。,単数形の「Tata（父）」や直接呼称を避け、複数形接頭辞を伴う「Ba papa（お父様方）」や「Ba maman（お母様方）」と呼び、「Bozali malamu?（お元気ですか？ ※複数形）」とリンガラ語で声をかける。,単一の個人を指す形式を避けて複数形を用いることで、相手を「集団の代表」や「重層的な存在」として拡張的に捉え、馴れ馴れしさを排除した敬意を可視化している。,職場の部下が上司に対して、あるいは店員が客に対して直接話しかける場面。,二人称単数の「yo（あなた）」を使用せず、二人称複数の「bino（あなた方）」を用い、「Bino nde bozali koloba（あなたがそうおっしゃるなら）」のように応答する。,目上の相手を直接指し示す（指弾する）ニュアンスを避けることで、心理的・社会的な距離を置き、対面での摩擦を防ぐポライトネスとして機能している。,不在の年長者や権威者について、若者同士が第三者として言及する場面。,三人称単数の「ye（彼/彼女）」ではなく、三人称複数の「bango（彼ら/あの方）」を用い、「Bango nde balobi（あの方々がそう言った）」のように複数形の主語接頭辞（ba-）を伴って発話する。,対象者がその場に不在であっても、会話の中でその人物の優越的な地位を言語的に承認し続けることで、共同体全体の階層秩序が不可侵であることを維持している。
第1象限（秩序と伝達）,ジブチ,NO_DATA,,,,,,,,,,,,,,
第1象限（秩序と伝達）,ソマリア,NO_DATA,,,,,,,,,,,,,,
第1象限（秩序と伝達）,エチオピア,アムハラ語における代名詞・動詞活用の敬称体系と親族呼称の拡張,年長者や権威者に対して、親称と明確に区別された敬称代名詞や動詞の敬称活用を義務付け、親族呼称を社会的に拡張して用いることで階層秩序を維持する実践。,二人称・三人称における親称と敬称の文法的な対立、およびそれに呼応する動詞の複数・敬称活用。,年齢（エルダーシップ）や宗教的権威、家父長制的な家族制度を基盤とする、厳格な階層・権威主義的社会。,目上の者への服従と敬意を言語の文法規則として強制することで、世代間や身分間の絶対的なヒエラルキーを日常的に再確認・維持する。,目上の者に対する畏怖と礼節の内面化、および規範を遵守することによるコミュニティ内での社会的承認と安心感。,若年者が親や村の長老に対して挨拶や日常会話を行う場面。,二人称単数の親称「Ante（君・男） / Anchi（君・女）」を厳格に避け、敬称「Irswo（あなた）」を用い、「Endemin allu?（ご機嫌いかがですか？ ※敬称動詞）」と声をかける。,文法レベルで親称と敬称の選択が義務付けられているため、話し手は発話のたびに相手との社会的な上下関係を認識し、階層秩序を言語的に実践・再生産することになる。,地域の有力者など、権威ある人物がその場に不在の状況で、第三者としてその人物について言及する場面。,三人称単数の親称「Issu（彼） / Isswa（彼女）」ではなく、敬称（複数形由来）の「Issachew（あの方）」を用い、「Issachew mettu（あの方が来られました）」などと動詞も敬称形に呼応させて発話する。,対象者が物理的に同席していなくても敬意標識を維持することで、個人の感情的親疎に関わらず、公的な権威への従属が社会全体の規範として共有・強化される。,街中で見知らぬ年配者に道を尋ねたり、呼びかけたりする場面。,"一般的な呼びかけを避け、「Gashe（私の盾 / 年長男性への敬称）」や「Etete（年長女性への敬称）」といった疑似的な親族呼称を用い、「Gashe, irswo...（おじさん、あなたは…）」と敬称代名詞を組み合わせて発話する。",血縁関係のない他者に対しても家父長制的な家族のヒエラルキー・モデルを拡張することで、見知らぬ者同士の対人摩擦を未然に防ぎ、社会全体を秩序あるネットワークの中に位置づける。
第1象限（秩序と伝達）,ケニア,スワヒリ語における「Shikamoo / Marahaba」の挨拶体系を通じた世代間ヒエラルキーの維持,年少者が年長者に対して特定の定型挨拶を用い、年長者がそれに応答することで、年齢に基づく社会的な上下関係と敬意の秩序を日常的に確認する言語実践。,「Shikamoo（私はあなたの足元を掴みます）」という服従を示す挨拶と、「Marahaba（喜んで受け入れます）」という受諾の定型表現の固定化されたペア。,年齢（エルダーシップ）を重んじ、年長者への敬意と礼節（Heshima）を絶対的な美徳とする東アフリカ沿岸部（スワヒリ社会）の規範。,世代間の権威構造を言語的に可視化・再確認し、目下から目上への従順さを社会全体で維持する。,年長者の社会的承認による安定感の保持と、年少者の規範・礼節の内面化。,子供や若者が、親や祖父母、または地域の年長者にその日初めて遭遇して挨拶する場面。,年少者から「Shikamoo babu（おじいさん、あなたの足元を掴みます）」と声をかけ、相手の年長者が「Marahaba mjukuu wangu（喜んで受け入れます、私の孫よ）」と定型句を返す。,日常の第一声として明確な主従・階層関係を確認することで、その後のあらゆる社会的相互作用の前提となる上下関係の枠組みをセットする。,職場や公的な場で、若手社員が年上の上司や顧客に対して話しかける場面。,「Habari（調子はどうですか）」などの対等な挨拶をいきなり使うことを避け、まず「Shikamoo bosi（ボス、あなたの足元を掴みます）」と敬意を示してから本題に入る。,近代的な職場環境であっても、役職以上に年齢という伝統的なヒエラルキーが優先され、対人摩擦を避けるための必須のポライトネスとして機能している。,年齢の近い若者同士が挨拶をする際、相手の年齢が自分より少し上か下か微妙な場面。,「Shikamoo」を使うべきか、「Mambo vipi?（調子はどう？）」や「Sasa?（今どう？）」などのカジュアルで対等な挨拶を使うべきか迷い、相互に探り合いが行われる。,この挨拶の選択自体が、相手にどれだけの権威（年長者としての地位）を認めるかという社会的な踏み絵となり、関係性の境界線を交渉・確定する手段となっている。
第1象限（秩序と伝達）,ウガンダ,ルガンダ語における年齢・性別に基づく定型挨拶と敬称（Ssebo / Nnyabo）の使い分け,年少者から年長者へ、または女性から男性へ、特定の敬称を用いた長大な定型挨拶を行うことで、家父長制的・年齢階層的な秩序を維持する実践。,相手の健康や状況を問う複数の質問と応答の連鎖、および発話の末尾に敬称「Ssebo（旦那様）」「Nnyabo（奥様）」を必ず付与する規則。,ブガンダ王国の伝統的な権威構造と、年齢や性別による厳格な役割分担・家父長制が根強い社会規範。,男女間および世代間の厳格なヒエラルキーの維持と、相手に対する敬意と服従の公的な証明。,従属的な立場の者における規範への服従心の内面化と、権威者に対する畏敬の念の醸成。,妻が夫に、または若い女性が年長の男性に朝の挨拶をする場面。,"女性が地面に両膝をつく姿勢（Kufukamira）を取りながら、「Wasuze otya, ssebo?（旦那様、いかがお休みになりましたか？）」と問いかけ、男性が「Nasuze bulungi, nnyabo（よく眠れました、奥様）」と応じる。",言語的な敬称（ssebo）と身体的な空間的低さ（跪くこと）を同期させることで、ジェンダーおよび年齢のヒエラルキーを圧倒的に可視化・実践している。,若者が目上の人物と会話をしたり、指示を受けたりしている場面。,"相手の発言への相槌や応答において、単に「Yee（はい）」と答えるだけでなく、文末に常に「Yee, ssebo（はい、旦那様）」または「Yee, nnyabo（はい、奥様）」と付け加えて発話する。",会話中のいかなる時も身分標識を付与し続けることで、相手の優位性を言語的に承認し続け、反抗の意志がないことを示している。,目下の者が目上の者に対して依頼や報告を行うために訪問した場面。,いきなり本題に入らず、「Abeeka bali batya?（ご家族の皆さんはお元気ですか？）」などの長い挨拶の連鎖を、「ssebo」や「nnyabo」を交えながら完了させる。,定型化された長時間の挨拶プロセスを経ることで、用件の直接性から生じる摩擦を緩和し、相手の権威を十分に立てた上でコミュニケーションの土台を構築している。
第1象限（秩序と伝達）,タンザニア,スワヒリ語における「Shikamoo / Marahaba」の挨拶体系を通じた世代間ヒエラルキーの維持,年少者が年長者に対して服従を示す定型挨拶を用い、年長者がそれを受諾することで、年齢と社会的地位に基づく上下関係を日常的に確認する言語実践。,「Shikamoo（あなたの足を掴みます）」と「Marahaba（喜んで受け入れます）」という、身分差を前提とした非対称で固定的な応答ペア。,年長者を敬う（Heshima＝礼節）ことを絶対的な道徳的基盤とする、東アフリカ沿岸部由来のスワヒリ社会の規範。,世代間・身分間の権威構造を言語的に可視化し、目下から目上への従順さと社会全体のヒエラルキーを維持する。,年長者の社会的承認による安定感と、年少者における社会規範と礼節の内面化。,若者や子供が、親族の年長者や地域の大人にその日初めて遭遇した場面。,年少者から先に「Shikamoo babu（おじいさん、あなたの足を掴みます）」と声をかけ、年長者が「Marahaba mjukuu wangu（喜んで受け入れます、私の孫よ）」と返す。,日常の第一声として明確な主従・階層関係を確認することで、その後のあらゆる対人関係の土台となる上下の枠組みを設定している。,職場や公的な場で、若手社員が年上の上司や顧客に対して話しかける場面。,「Habari（調子はどうですか）」などの対等な挨拶を避け、まず「Shikamoo bosi（ボス、あなたの足を掴みます）」と用いて相手の年齢的権威を立てる。,近代的な組織構造の中においても、役職以上に年齢という伝統的なヒエラルキーが優先され、対人摩擦を回避するための必須のポライトネスとして機能する。,年齢の近い若者同士が挨拶をする際、相手の年齢が自分より少し上か下か微妙な場面。,相手に対して「Shikamoo」を使うべきか、より対等な「Mambo vipi?（調子はどう？）」を使うか迷い、相互に関係性を探り合う。,この挨拶の選択自体が、相手にどれだけの権威を認めるかという社会的な踏み絵となり、関係性の境界線を交渉・確定する手段となっている。
第1象限（秩序と伝達）,ルワンダ,ルワンダ語における「Ikinyabupfura（礼節）」に基づく婉曲表現とタブーの回避,社会的な調和や相手への敬意（Ikinyabupfura）を保つため、直接的な要求、死に関する表現、または姻族の名前を婉曲表現やタブーとして回避する実践。,動詞の条件法や間接的な言い回しの多用、人間と動物とで生死に関する語彙を厳格に区別する語彙体系。,過度な感情表出や直接的な衝突を忌避し、自己抑制と礼節による社会的調和を美徳とするルワンダの伝統的価値観。,対人摩擦や感情的な対立を未然に防ぎ、社会の階層秩序と親族間の適切な距離感を維持する。,直接的な対立を避けることによる安心感、および権威・神聖なものへの畏怖の念の保持。,目上の人や権威者に対して、何かを要求したり依頼したりする場面。,直接的な命令形や要求の言葉を避け、「Niba bishoboka（もし可能であれば）」や「Ndagusabye（お願いします）」といった条件法や間接的な言い回しを用いる。,自己の欲求を直接ぶつけることを無礼とし、相手に拒否する余地を言語的に残すことで、目上の者の権威と選択権を保護している。,人間の死や不幸について他者に伝える場面。,動物にのみ用いる「死ぬ（gupfa）」という動詞を避け、人間に対しては「Kwiyitaba Imana（神の呼びかけに応える）」や「Kwitahira（帰る）」などの婉曲表現を用いる。,死という生々しく衝撃的な事象を宗教的・比喩的な言葉で包み込むことで、遺族や共同体の心理的動揺を和らげ、社会の平穏を保つ。,既婚女性が、自身の義父と同じ名前や発音を含む言葉を日常会話で発する場面。,義父の名前が「Girinka」である場合、「inka（牛）」という語を「Gutsinda（極度の敬意によるタブー）」として避け、「nkunda inka（私は牛が好きだ）」の代わりに「nkunda imbyeyi（私は母牛が好きだ）」と言い換える。,名前を呼ぶという相手を特定・支配する行為を回避することで、姻族間の神聖かつデリケートな関係性に最大限の敬意と社会的距離を構築している。
第1象限（秩序と伝達）,ブルンジ,ルンディ語における「Bashingantahe（調停者）」制度を通じた紛争調停の儀礼的・間接的修辞,地域社会の紛争において、道徳的権威を持つ調停者（Bashingantahe）が、諺や比喩を用いた間接的な言語実践によって対立を和解へと導く実践。,日常的な会話とは異なる、高度に修辞的で諺（Imigani）を多用した儀礼的な語り口。,真実、正義、和解を重んじ、社会の調和を個人の利害よりも上位に置くブルンジの伝統的な道徳的・政治的システム。,当事者間の直接的な非難の応酬を防ぎ、個人的な争いを共同体全体の道徳規範の枠組みの中で平和的に解決する。,当事者の感情的激昂の鎮静化、および伝統的権威の言葉による納得感とカタルシス。,土地や財産をめぐって村人同士の対立が生じ、集会で裁定が行われる場面。,当事者は直接相手を罵倒せず、Bashingantaheに向かって語りかけ、Bashingantaheは「Ururimi n'amenyo biraryana（舌と歯でも噛み合うことがある）」などのルンディ語の諺を用いて応答する。,当事者の怒りや非難を、客観的で普遍的な先人の知恵（諺）へと翻訳することで、対立を個人的な感情論から切り離し、社会規範の確認へと昇華させる。,調停の最後に、Bashingantaheが和解の裁定を言い渡す場面。,直接的な宣告を避け、「Intahe（正義の杖）」を地面に打ち付けながら、「Nta zibana zidakubitana amahembe（一緒にいる牛は角をぶつけ合うものだ）」といった諺を用いて共同体の連帯を促す。,勝者と敗者を明確に分けることによる将来の遺恨（面子の喪失）を防ぎ、双方の尊厳を保ちながら共同体の秩序を回復させる機能を持つ。,紛争の事実関係を究明する際、Bashingantaheが当事者に真実を語るよう促す場面。,大声や早口で即答することを避け、「Ukuri guca mu ziko ntigusha（真実は火を通っても燃えない）」などの諺を交えて感情を抑制し穏やかに話し始める。,感情を抑制した話し方自体が「Ubushingantahe（誠実さ・知恵）」の体現であり、その声のトーンと言語的抑制が社会における彼らの権威を正当化している。
第1象限（秩序と伝達）,セーシェル,NO_DATA,,,,,,,,,,,,,,
第1象限（秩序と伝達）,コモロ,コモロ社会（グランドコモロ島）における「Anda（大婚儀）」を通じた広場（Bangwe）での儀礼的発話権の独占,伝統的な大婚儀（Anda）を完了した最上位の年齢階層の者だけが、公の集会において発言権を独占し、儀礼的修辞を用いて意思決定を行う実践。,年齢と儀礼的ステータスに基づく発言の許可と沈黙の強制、およびアラビア語からの借用語や伝統的修辞の多用。,莫大な富を消費する大婚儀を経ることで初めて「完全な大人」として公的な権利を獲得する、グランドコモロ島の厳格な年齢・身分階層社会。,政治的な意思決定への参加者を限定し、権力と社会的威信を富を蓄積・分配した年長者層に独占させることでヒエラルキーを維持する。,儀礼を完了した者の強烈な優越感や名誉と、未完了者の劣等感および上昇志向の喚起。,村の広場（Bangwe）において、政治的決定や紛争解決のための集会が開かれている場面。,大婚儀（Anda）を完了した「Wandru Wadzima（完全な男性）」のみが前列に座り、「Bismillah（神の御名において）」と唱えてから発言を始める一方、未修了の「Wanamdji（街の息子たち）」は後方で沈黙を守る。,公の場での発話そのものが特権として扱われ、「誰が話すことができるか」という言語の統制によって、社会の身分階層が視覚的・聴覚的に実践されている。,Andaを完了した者が、祭祀や集会の場で演説を行う場面。,日常語ではなく、アラビア語の定型句や伝統的な修辞を用いた「Hutuba（演説）」を行い、「Alhamdulillah（神に賛美あれ）」などと自身のステータスを暗に誇示する。,特別な言語レジスター（言葉遣い）を用いることで、一般大衆との差別化を図り、自己の社会的権威と富の消費による正当性を言語的に補強している。,Anda未修了の若者が、公の場で年長者の意見に反論しようとした場面。,若者の発言は即座に制止され、「お前はMnamdji（未修了者の単数形）だ、Bangwe（広場）で話す資格はない」として発言権そのものを否定される。,内容の正当性ではなく「話す資格（ステータス）」のみで発話を制限することで、既存のヒエラルキーへの挑戦を言語レベルで完全に封殺する機能を持つ。
第1象限（秩序と伝達）,マダガスカル,マラガシ語における「カバリ（Kabary）」を通じた儀礼的演説と秩序の維持,儀礼や公的な集会の場において、専門の演説家（Mpikabary）が定型的な謙遜の辞や諺を多用して演説を行うことで、祖先や年長者への敬意を示し、社会秩序を維持する実践。,長大な謝罪や謙遜の定型句、間接的・比喩的表現、および伝統的な諺（Ohabolana）の頻繁な引用。,祖先崇拝（Razana）と年長者の権威、および社会的調和（Fihavanana）を最重要視する伝統的価値観。,個人間の直接的な対立を回避し、世代や身分のヒエラルキー、および祖先から続く共同体の連続性を公的に再確認する。,祖先や共同体の権威に対する畏怖と、形式化された手続きを経ることによる社会的安心感の醸成。,公的な集会や結婚式の冒頭で、演説家（Mpikabary）が語り始める場面。,本題に入る前に、「Miala tsiny aho tompoko（皆様、私への咎めをお許しください）」という「Tsiny（咎め）」を避けるための長大な謝罪と謙遜の定型句を述べる。,自己の地位を下げて年長者や祖先の権威を高めることで、発言の正当性を獲得し、社会のヒエラルキーを言語的に確認している。,氏族間や個人間で利害の対立があり、公の場で交渉や議論が行われる場面。,相手を直接的に非難することを避け、「Aleo very tsikalakalam-bola toy izay very tsikalakalam-pihavanana（少しのお金を失う方が、絆を失うよりも良い）」という諺（Ohabolana）を用いて遠回しに忠告する。,直接的な対立による「面子の喪失」を防ぎ、調和（Fihavanana）の規範の枠内で平和的な合意形成を図る緩衝材として機能している。,葬儀やファマディハナ（改葬儀礼）の場で、演説家が遺族や参列者に語りかける場面。,"個人の感情を直接的に吐露するのではなく、「Velona iray trano, maty iray fasana（生きては一つの家に、死しては一つの墓に）」という定型的な修辞を用いて生と死の理を語る。",死という共同体の危機において、儀礼的な言葉の枠組みを提供することで感情の爆発を抑え、社会秩序の平穏をいち早く回復させる。
第1象限（秩序と伝達）,モーリシャス,NO_DATA,,,,,,,,,,,,,,
第1象限（秩序と伝達）,モザンビーク,NO_DATA,,,,,,,,,,,,,,
第1象限（秩序と伝達）,ザンビア,NO_DATA,,,,,,,,,,,,,,
第1象限（秩序と伝達）,マラウイ,チチェワ語における複数形接辞を用いた敬意表現（Ulemu）を通じた階層秩序の維持,年長者や社会的地位の高い人物に対して、単数形ではなく複数形の接頭辞や代名詞を用いることで、敬意（Ulemu）と社会的な上下関係を明確に示す言語実践。,"名詞や動詞における複数形接辞（a- / mu-等）の付与、および二人称・三人称の複数代名詞（inu, iwo）の単数対象に対する意図的な使用。",年齢（エルダーシップ）と社会的権威を絶対的に尊重し、目下から目上に対する従順さと礼節を重んじるチェワ社会の階層的規範。,世代間および身分間における厳格な境界を日常的な会話の中で反復・確認し、共同体内での役割とヒエラルキーを再生産する。,年長者に対する畏敬の念の維持と、社会規範への従順さの自己確認、対人摩擦の予防。,若年者が年長者（父親、親戚の大人など）に呼びかけたり挨拶をする場面。,「Uli bwanji?（お元気ですか？ ※単数）」や「Bambo（父）」という単数形を避け、複数形接辞を用いた「Abambo（お父様）」と呼び、「Muli bwanji?（お元気ですか？ ※複数形）」と尋ねる。,単一の個人を指す形式を避けて複数形を用いることで、相手を拡張的な存在として捉え、馴れ馴れしさを排除した敬意を可視化している。,目下の者が目上の相手に対して直接問いかけたり、動作を促したりする場面。,二人称単数の「Iwe（君）」や「Pita!（行け ※単数）」を使用せず、二人称複数の「Inu（あなた方）」を用い、動詞も「Pitani!（行ってください）」と複数・敬意の接尾辞「-ni」を呼応させる。,目上の相手を直接指し示す（指弾する）ニュアンスを避けることで心理的・社会的な距離を置き、対面での摩擦を防ぐポライトネスとして機能している。,不在の村の首長（Mfumu）や権威者について、村人同士が第三者として言及する場面。,単数形を用いた「Mfumu anabwera（首長が来た）」ではなく、敬意を示す複数形の接頭辞（a-）を用いて「Amfumu anabwera（首長様が来られた）」と発話する。,対象者がその場に不在であっても、会話の中でその人物の優越的な地位を言語的に承認し続けることで、共同体全体の階層秩序が不可侵であることを維持している。
第1象限（秩序と伝達）,ジンバブエ,ショナ社会におけるトーテム（Mutupo / Chidao）を用いた儀礼的挨拶と氏族関係の確認,日常の挨拶や感謝の場面において、相手の氏族名（Mutupo）や賛美名（Chidao）を呼称として用いることで、個人のアイデンティティを氏族の系譜に結びつけ、社会的な連帯と秩序を維持する実践。,名前や一般的な代名詞の代わりに、特定の動物や自然現象に由来するトーテム名（Soko: 猿、Shumba: 獅子など）やそれに付随する賛美名を用いる構造。,共通の先祖とトーテムに基づく父系氏族社会であり、先祖への敬意と氏族間の互恵関係を最重要視する社会規範。,個人同士の対面関係を氏族間の関係へと拡張し、相互の義務と敬意を日常的に確認することで社会の調和を保つ。,氏族の一員であることの誇りと帰属意識の強化、および他者からの承認による安心感。,朝の挨拶や出会いの場面。,"個人のファーストネームを呼ばず、「Mangwanani, Soko（おはようございます、猿の氏族の方）」や「Mangwanani, Shumba（おはようございます、獅子の氏族の方）」と相手のトーテム名で呼びかける。",個人の名ではなく氏族名で呼びかけることで、相手の背後にある先祖や氏族全体の権威に敬意を示し、ヒエラルキーと秩序を確認している。,他者から贈り物を受け取ったり、手助けを受けた際の感謝の場面。,"単に「ありがとう（Mazvita）」と言うだけでなく、「Mazvita, Shumba（獅子の氏族の方、ありがとうございます）」と相手のトーテム名を付け加える。",感謝の意を個人の善意に対してだけでなく、相手の氏族全体の寛大さへの称賛へと高めることで、氏族間の連帯を強化している。,妻が夫に対して呼びかけたり言及したりする場面。,夫のファーストネームを直接呼ぶことを避け、「Mhofu（エランドの氏族の方）」や「Mukanya（猿の氏族の賛美名）」など夫のMutupoやChidaoを用いて呼びかける。,家長である夫への直接的な呼称を避けることで敬意（タブー）を示し、同時に夫を個の存在から氏族の代表として扱うことで、家族内のジェンダーおよび世代の秩序を維持する。
第1象限（秩序と伝達）,ナミビア,NO_DATA,,,,,,,,,,,,,,
第1象限（秩序と伝達）,ボツワナ,ツワナ社会における公的集会（Kgotla）の儀礼的修辞と発話のルール,村の公的集会（Kgotla）において、首長（Kgosi）に対する絶対的な敬意を示し、特定の定型句や発話順序を守ることで、政治的・社会的なヒエラルキーを維持する実践。,「Kgosi（首長）」や「Bagaetsho（我が同胞たち）」といった決まり文句の多用、直接的な非難を避けるための諺（Diane）の引用。,首長（Kgosi）を頂点とする厳格なヒエラルキーと、集団による合意形成（Therisanyo）を重視するツワナの政治・社会構造。,意見の対立を制度化された枠組みの中で処理し、首長の権威を脅かすことなく平和的な紛争解決と意思決定を行う。,集団への帰属意識の高揚と、伝統的権威の言葉（諺）による納得感およびカタルシス。,Kgotla（公的集会）で発言を開始する場面。,"発言者は必ず起立し、「Kgosi, magosi, bagaetsho...（首長、長老たち、同胞たちよ）」という定型の呼びかけから始める。",発言の冒頭で身分階層を明示的に承認することで、これから述べる個人的な意見が社会秩序を転覆させるものではないという保証を与えている。,公の場で他者の意見に反論したり、首長に異議を唱えたりする場面。,直接的な批判を避け、「Mmualebe o a bo a bua la gagwe（過ちを言う者にも、自分の意見を言う権利がある）」といったツワナ語の諺を引用しながら間接的に意見を述べる。,個人の怒りや批判を伝統的な知恵の言葉へと翻訳することで、対立のレベルを感情論から社会規範の確認へと昇華させ、首長の「面子」を保つ。,議論を踏まえ、首長（Kgosi）が最終的な裁定や決定を宣言する場面。,首長が裁定を下すと、参加者は「Lentswe la kgosi le agelwa mosako（首長の言葉には柵が設けられる＝首長の決定は絶対である）」という規範の下にそれを受け入れ、同意の声を上げる。,長時間の議論の末に首長の言葉として結論が出されることで、すべての意見が統合された形となり、政治的ヒエラルキーの正当性が再確認される。
第1象限（秩序と伝達）,南アフリカ,ングニ諸語（ズールー語・コサ語等）における「Hlonipha（フロニパ）」に基づく女性の回避言語,女性（特に既婚女性）が、夫の父親や男性親族の名前の音韻を含む単語の使用を避け、代替語（言い換え）を用いることで、家父長制的な権威と姻族間の秩序を維持する言語実践。,特定の音節・音素の回避、クリック音等への置換、借用語の使用、婉曲表現によるタブー語の生成。,父系クラン制に基づく厳格な家父長制と、姻族（特に嫁と義父・義理の男性親族）間の強いタブーと敬意を重んじる社会規範。,姻族間という潜在的な摩擦が生じやすい関係における緊張を緩和し、男性・年長者優位の階層秩序を維持・再生産する。,義理の親に対する畏怖の念の保持と、言語的制約を通じた自己制御による、新たな家族内での居場所（承認）の確保。,義父の名前が「Zwide」など、特定の音素（「z」）を含むため、義理の娘が水に言及する場面。,日常語の「Amanzi（水）」を避け、「z」を含まない「Amada」といったHlonipha語彙に言い換える。,特定の音韻を回避することで、義父の名前に対する神聖性と権威を日常的な発話レベルで保護・可視化している。,義父の名前が「Bhekumuzi（家を見る者）」である既婚女性が、日常会話で「見る」や「家」について言及する場面。,義父の名前を構成する「bheka（見る）」や「umuzi（家）」という日常語の使用を厳格に避け、代わりに「bona（見る）」や「ikhaya（家）」と言い換えて発話する。,名前を構成する形態素そのものをタブー化し、独自の代替語彙を用いることで、新たな家族内における女性の従属的な立場を社会的に証明している。,既婚女性（Makoti）が、自身の義理の父親や男性親族を呼んだり、他者に言及したりする場面。,義父の本名を口にすることはタブーであり、「Baba（お義父さん）」や、長男の名前を用いた「Uyise kaSipho（シポの父）」といった親昵名称（Teknonymy）に置き換えて呼ぶ。,名前を直接呼ぶという同等で支配的な行為を回避し、姻族間の潜在的な緊張を緩和しながら、世代とジェンダーの二重の階層秩序を維持する。
第1象限（秩序と伝達）,レソト,NO_DATA,,,,,,,,,,,,,,
第1象限（秩序と伝達）,エスワティニ,スワティ語における「Hlonipha（フロニパ）」に基づく女性の回避言語と言い換え,女性（特に既婚女性）が、夫の父親や男性親族の名前の音韻を含む単語の使用を避け、代替語（言い換え）を用いることで、家父長制的な権威と姻族間の秩序を維持する言語実践。,特定の音節・音素の意図的な回避、代替語彙（Hlonipha語彙）への置換、婉曲表現によるタブー語の生成。,父系クラン制に基づく厳格な家父長制と、姻族（特に嫁と義理の親族）間の強いタブーと敬意を重んじるスワティ社会の規範。,姻族間という潜在的な摩擦が生じやすい関係における緊張を緩和し、男性および年長者優位の階層秩序を維持・再生産する。,義理の親に対する畏怖の念の保持と、言語的制約を通じた自己制御による、新たな家族内での従属的立場の確認。,義父の名前が「Langa」など、「lilanga（太陽）」と同じ音素を含んでいる場面。,日常語の「lilanga（太陽）」を厳格に避け、Hlonipha語彙である「imphakama」と言い換えて発話する。,名前の音素を回避することで、義父の名前に対する神聖性と権威を日常的な発話レベルで保護・可視化している。,既婚女性（Makoti）が夫の親族の前でビール（tjwala）を提供する場面。,日常語の「tjwala（ビール）」の使用を避け、Hlonipha語彙である「emahabulo」を用いて「Emahabulo nanka（ここにビールがあります）」などと伝える。,日常的に接する事物の名称であっても代替語に置き換えることで、姻族間の潜在的な緊張を緩和し、敬意を実践している。,既婚女性が夫や義理の兄弟に呼びかけたり言及したりする場面。,本名を直接呼ぶことを避け、長子の名前を用いて「Uyise waSipho（シポの父）」や「Babe waSimlindile（シムリンディレの父）」といった親昵名称（Teknonymy）で呼ぶ。,名前を直接呼ぶという同等で支配的な行為を回避し、世代とジェンダーの二重のヒエラルキーを維持する。
第1象限（秩序と伝達）,アメリカ,軍隊・法廷等の公的機関における厳格な敬称（Sir / Ma'am / Your Honor）使用を通じた階層秩序の維持,軍隊や法廷などの公的かつ階層的な機関において、上官や裁判官に対して特定の敬称の付与を義務付け、規律と指揮系統を維持する言語実践。,"応答や発話の文末・文頭における特定の称号（Sir, Ma'am, Your Honor等）の義務的な付加。",自由や平等主義を原則とする市民社会の中で、武力や法的強制力を行使するために例外的に厳格な指揮系統と権威が要求される制度的背景。,指揮系統の絶対性の確保、法権力に対する畏敬の明示、および制度内のヒエラルキーの維持。,個人の私的な感情の抑制、権威に対する服従心の内面化、および機関の一員としてのアイデンティティの形成。,軍隊の新兵訓練において、教官からの命令に対して新兵が応答する場面。,"単なる「Yes」や「No」のみの発話を禁じられ、「Yes, Drill Sergeant!」や「Yes, Sir!」と必ず階級や敬称を付与して大声で応答する。",発話のたびに階級の上下関係を言語的に反復させることで、命令への絶対的な服従を条件付け、組織の統制を保つ。,法廷において、弁護士や証人が裁判官に向かって発言する場面。,"裁判官を「You」などの直接的な代名詞で呼ぶことを避け、「Your Honor, may I approach the bench?（裁判長、近づいてもよろしいですか）」などと呼びかける。",個人としての裁判官ではなく「法の権威」そのものに対する敬意を言語化し、法廷内の厳格な秩序と非個人的な裁定の正当性を保つ。,アメリカ南部などの伝統的な家庭・地域社会において、子供が大人に応答する場面。,"親や目上の人からの呼びかけに対して、くだけた返事を避け「Yes, Sir」や「Yes, Ma'am」と答えるよう教育される。",家父長制的または伝統的な世代間ヒエラルキーを維持するためのポライトネスとして機能し、年長者への敬意を日常的に実践させる。
第1象限（秩序と伝達）,カナダ,北西沿岸先住民（クワクワカワク等）のポトラッチにおける儀礼的演説と称号の誇示,地位の継承や富の分配を行うポトラッチの場で、専門の演説者が世襲的称号や神話的系譜に基づく高度に定型化された演説を行うことで、社会階層を維持する実践。,世襲的な称号の誇示、修辞的なメタファーの多用、定型的な神話の引用、および対抗者に対する誇張的なレトリック。,漁猟による豊かな余剰生産を基盤とした、厳格な階層制（首長、貴族、平民）と、富の再分配を通じた威信の獲得を重視する社会。,首長や貴族の威信の公的な誇示と正当化、階層秩序の再生産、およびライバルとの社会的な優劣の決定。,所有する称号と富への圧倒的な優越感の醸成、および参列者への畏怖と帰属意識の植え付け。,ポトラッチにおいて、ホストである首長がゲストに富（コッパー等の財貨）を誇示する場面。,専門の演説者が首長に代わって「I am a great mountain（私は偉大な山である）」などの自然物になぞらえたメタファーを用いた誇大な演説（Boast speech）を行う。,物質的な富の消費や贈与を言語的な権威の上昇に変換し、自身の社会的地位（ヒエラルキー）を強固なものにする。,白人の政府関係者がポトラッチを禁止・干渉しようとした際、クワクワカワクの首長オワハラガリスが演説する場面。,相手に向かって「We will dance when our laws command us to dance（我々の法が躍れと命じる時、我々は踊る）」と発話する。,自らの法（伝統）の絶対性を言語的に宣言することで、西洋の価値観に屈せず、ポトラッチという階層維持・再分配システムを正当化している。,ポトラッチにおいて、首長が神話的な起源と自身の系譜を語る場面。,"神話上の祖先Gwa'nalalisの「Let me become a river, that I may flow for as long as the days shall dawn in the world（私が川とならんことを。世界に夜明けが訪れる限り流れ続けるために）」といった言葉を引用する。",称号と歴史を公に宣言することで、その地位が一時的なものではなく先祖代々の不可侵なものであることを社会的に確認させる。
第1象限（秩序と伝達）,メキシコ,ナワトル語における敬意接尾辞（-tzin）を用いた階層と連帯の維持,特定の接尾辞（-tzinなど）を名詞や動詞に付加することで、相手や対象に対する敬意、愛情、または神聖さを示し、社会的・宗教的ヒエラルキーを維持する実践。,"名詞や動詞に対する敬意・親愛を示す接尾辞（-tzin, -tzinoa等）の体系的かつ頻繁な付加。",アステカ時代からの貴族・平民の階層社会の名残と、カトリック信仰、および共同体内の相互敬意（Respeto）を重視する先住民社会の規範。,神聖なもの（神、聖人）への畏敬の明示、年長者や権威者への敬意の可視化、およびコミュニティ内の連帯の維持。,神聖な対象や権威への畏怖と親密さの同時体験、およびコミュニティの一員としての礼節の内面化。,若年者が目上の人や年長者に挨拶したり呼びかけたりする場面。,単なる「Tata（父）」や「Nana（母）」ではなく、敬意接尾辞を付与した「Tatatzin（お父様 / 長老）」や「Nantzin（お母様 / 年長女性）」を用いて呼びかける。,年齢や社会的地位の上下関係を言語的に承認し、目上に対する敬意と社会秩序を日常会話の中で可視化する。,宗教的な儀礼において、キリスト教の神や聖人に言及する場面。,「Dios（神）」に敬意接尾辞を組み合わせた「Totatzin Dios（我らの尊き父なる神様）」や、聖母マリアに対して「Tonantzin（我らの尊き母）」という表現を用いて祈りを捧げる。,人間界の階層構造を宗教的な領域にも拡張し、神聖な存在への絶対的な服従と畏敬を言語的に示す。,来客に対して食事を勧めたり、親しい関係の中で思いやりを示す場面。,日常的なトルティーヤ（Tlaxcalli）にも敬意と親愛の接尾辞を付け、「Tlaxcaltzintli（尊きトルティーヤ / 大切なトルティーヤ）」と呼んで提供する。,単なる上下関係だけでなく、対象を大切に扱うこと（親愛・尊重）を通じて、共同体内の円滑な関係と相互の礼節を維持する。
第1象限（秩序と伝達）,グアテマラ,マヤ系先住民社会のコフラディア（宗教互助組織）における儀礼的演説と対句（パラレリズム）の使用,伝統的な宗教互助組織（コフラディア）の儀礼や集会において、役職に応じた敬称と、対句を用いた儀礼的演説を行うことで、社会・宗教的ヒエラルキーを維持する実践。,同義的・類義的な2つのフレーズを繰り返す対句構造（パラレリズム）の多用と、特定の儀礼的敬称の厳格な適用。,年齢とコミュニティへの奉仕（カルゴ・システム）に基づく階層的な役職制度と、祖先や聖人への信仰が統合された社会構造。,神聖な領域と世俗の分離、役職者（権威者）の社会的威信の正当化、および共同体内の階層秩序（カルゴの上下関係）の可視化。,儀礼的言語の反復リズムを通じた宗教的カタルシスと、伝統的権威への服従心の内面化。,コフラディア（宗教互助組織）の集会や儀礼の場で、高位の役職者が祖先や神聖な存在に対して祈りを捧げる場面。,単一の言葉を避け、「qate' qatata'（我らの母、我らの父）」や「juyu' taq'aj（山と谷＝世界）」というカクチケル語の対句（パラレリズム）を用いて呼びかける。,日常言語とは異なる複雑な修辞を用いることで、発話者を祖先や神聖な存在と結びつけ、その権威とヒエラルキーを正当化する。,組織内で下位の役職者が、集会や儀礼の最中に上位の役職者に報告や問いかけを行う場面。,相手を呼ぶ際に「Principal（長老／代表）」や「Tat（お父さん／長老）」などの敬意を伴う役職名を必ず用い、くだけた表現を避ける。,宗教的な役職の階層（カルゴ・システム）を日常的な対話の中で言語的に実践し、組織内の規律と秩序を維持する。,儀礼の終盤で、コフラディアの役職者が共同体の存続と伝統の継承を祈願する場面。,"「ma xtik'is t?j, ma xtichup t?j（それが終わらないように、それが消え去らないように）」という否定の対句を反復して唱える。",行動と言語を厳密に規定し定型化することで、儀礼の神聖性と正確性を担保し、共同体の霊的な安全と階層的な秩序を保つ役割を果たす。
第1象限（秩序と伝達）,ベリーズ,ガリフナ語における性別に基づく語彙分化（Genderlect）を通じたジェンダー秩序の維持,話し手の性別によって異なる語彙（代名詞や特定の名詞）を使用する体系であり、言語的実践を通じて男女の社会的境界とアイデンティティを維持する実践。,同一の概念に対して、男性語（カリブ語系）と女性語（アラワク語系）の異なる語彙が存在し、話し手の性別に応じて選択が義務付けられる構造。,カリブ系男性とアラワク系女性の歴史的な接触と同化の過程に由来し、男女の社会的役割や領域を明確に区別するガリフナ社会の歴史と規範。,言語の日常的な使用を通じてジェンダーの二元性と境界線を可視化し、男女それぞれの社会的役割と秩序を再生産する。,集団内での自らのジェンダー・アイデンティティの強固な内面化と、異性に対する明確な他者性の認識。,個人が自身の意見や行動について語るため、「私」という一人称を使用する場面。,男性は「au（私）」を用いるのに対し、女性は「nugiya（私）」を用いる。,最も基本的な自己言及の段階から性別によって語彙が分断されているため、発話のたびに自身のジェンダーを社会的・言語的に宣言する機能を持つ。,会話の中で特定の男性、あるいは女性について言及・描写する場面。,「男」を表す際、男性は「w?g?ri」と言い、女性は「eyeri」と言う。「女」を表す際、男性は「w?ri」と言い、女性は「hi?aru」と言う。,対象が同じであっても、発話者の性別フィルターを通すことで語彙が変化するため、世界を男女どちらの視点から認識しているかが言語的に常に標示され、認識の秩序が維持される。,日常会話において、相手（二人称）に直接呼びかけたり言及したりする場面。,男性は「am?r?（あなた）」を用いるのに対し、女性は「bugiya（あなた）」を用いる。,二人称代名詞という対話の基本要素において性別による語彙の使い分けを強制することで、常に対話者のジェンダー的立ち位置を相互に確認し合う機能を持つ。
第1象限（秩序と伝達）,エルサルバドル,NO_DATA,,,,,,,,,,,,,,
第1象限（秩序と伝達）,ホンジュラス,NO_DATA,,,,,,,,,,,,,,
第1象限（秩序と伝達）,ニカラグア,NO_DATA,,,,,,,,,,,,,,
第1象限（秩序と伝達）,コスタリカ,コスタリカ・スペイン語における「Ustedeo（ウステデオ）」を通じた相互敬意と家族内秩序の維持,親密な関係（家族や夫婦、恋人間）であっても、親称の「T?」や「Vos」ではなく敬称代名詞「Usted」を広範に使用し、対人関係における適切な距離と敬意（Respeto）を維持する実践。,二人称単数への言及において、本来はよそよそしい敬称である「Usted」と対応する三人称単数の動詞活用を、親族や親友間でも意図的・恒常的に使用する構造。,極端な対立や攻撃的な態度を忌避し、平和主義や相互の敬意（Respeto）を重んじるコスタリカ独自の社会・文化規範。,親密さの中に一定の形式的な距離感を保つことで、過度な馴れ合いによる対人摩擦を防ぎ、家族間・世代間のヒエラルキーと調和を維持する。,相互の尊厳が守られているという安心感と、感情の自己抑制による礼節の内面化。,親が自らの子どもを叱ったり、しつけのために話しかけたりする場面。,親しみを込めた「t?」ではなく、「Usted tiene que hacer la tarea（あなたは宿題をしなければなりません）」と「Usted」を用いる。,親が子に対して敬称形を用いることで、単なる親愛を超えて家庭内の規律と権威を言語的に示し、子どもに社会的規範と礼節を内面化させる。,子どもが親や祖父母に対して、挨拶や報告を行う場面。,"親の年齢に関わらず、「?C?mo est? usted, mam??（お母さん、お元気ですか）」と「Usted」を用いて応答する。",世代間のヒエラルキーを言語的に承認し、親への絶対的な敬意を維持することで、家庭内の権威構造と秩序を安定させる機能を持つ。,恋人同士や夫婦など、極めて親密なパートナー間で愛情を伝え合う場面。,「Te amo（t?に対する愛）」ではなく、「Lo/La amo a usted（あなたを愛しています）」のように「Usted」を用いる。,最も親密な関係においても一定の敬意と境界線を保つことで、感情的な対立が破滅的な衝突へと発展することを防ぐ安全弁（ポライトネス）として機能している。
第1象限（秩序と伝達）,ドミニカ共和国,Don/Do?aとUstedの併用による社会的敬意のマーキング,相手の年齢や社会的地位に対する尊敬の念を示すため、ファーストネームの前に敬称（Don/Do?a）を付与し、Ustedと併用する言語実践。,敬称（Don/Do?a）＋ファーストネーム、および二人称敬称代名詞Ustedによる動詞活用の組み合わせ。,年齢、地位、職業に基づく伝統的な家父長制および権威主義的な社会構造。,話し手と聞き手の社会的地位の差や距離感を明確にマーキングし、社会の秩序を維持する。,上位者への敬意と服従の再確認、および社会的距離の明確な認識。,若者が地域の年長者に挨拶する場面,"Buenos d?as, Don Juan. ?C?mo est? usted?",DonとUstedを組み合わせることで、コミュニティ内の年齢的ヒエラルキーを尊重し秩序を保つ。,使用人が雇用主の家族に話しかける場面,"Do?a Carmen, ?qu? desea que le prepare?",社会的地位の違いを言語的に明確化し、家事労働などの雇用関係における秩序を維持する。,店舗で顔なじみの年配店主に注文する場面,"Don Pedro, v?ndame un kilo de arroz, por favor.",商業的な場においても、年齢とコミュニティ内での地位に対する敬意の規範が厳格に適用される。
第1象限（秩序と伝達）,アンティグア・バーブーダ,NO_DATA,NO_DATA,NO_DATA,NO_DATA,NO_DATA,NO_DATA,NO_DATA,NO_DATA,NO_DATA,NO_DATA,NO_DATA,NO_DATA,NO_DATA,NO_DATA,NO_DATA
第1象限（秩序と伝達）,セントクリストファー・ネイビス,NO_DATA,NO_DATA,NO_DATA,NO_DATA,NO_DATA,NO_DATA,NO_DATA,NO_DATA,NO_DATA,NO_DATA,NO_DATA,NO_DATA,NO_DATA,NO_DATA,NO_DATA
第1象限（秩序と伝達）,ドミニカ国,NO_DATA,NO_DATA,NO_DATA,NO_DATA,NO_DATA,NO_DATA,NO_DATA,NO_DATA,NO_DATA,NO_DATA,NO_DATA,NO_DATA,NO_DATA,NO_DATA,NO_DATA
第1象限（秩序と伝達）,セントルシア,NO_DATA,NO_DATA,NO_DATA,NO_DATA,NO_DATA,NO_DATA,NO_DATA,NO_DATA,NO_DATA,NO_DATA,NO_DATA,NO_DATA,NO_DATA,NO_DATA,NO_DATA
第1象限（秩序と伝達）,セントビンセント・グレナディーン,NO_DATA,NO_DATA,NO_DATA,NO_DATA,NO_DATA,NO_DATA,NO_DATA,NO_DATA,NO_DATA,NO_DATA,NO_DATA,NO_DATA,NO_DATA,NO_DATA,NO_DATA
第1象限（秩序と伝達）,バルバドス,NO_DATA,NO_DATA,NO_DATA,NO_DATA,NO_DATA,NO_DATA,NO_DATA,NO_DATA,NO_DATA,NO_DATA,NO_DATA,NO_DATA,NO_DATA,NO_DATA,NO_DATA
第1象限（秩序と伝達）,グレナダ,NO_DATA,NO_DATA,NO_DATA,NO_DATA,NO_DATA,NO_DATA,NO_DATA,NO_DATA,NO_DATA,NO_DATA,NO_DATA,NO_DATA,NO_DATA,NO_DATA,NO_DATA
第1象限（秩序と伝達）,トリニダード・トバゴ,NO_DATA,NO_DATA,NO_DATA,NO_DATA,NO_DATA,NO_DATA,NO_DATA,NO_DATA,NO_DATA,NO_DATA,NO_DATA,NO_DATA,NO_DATA,NO_DATA,NO_DATA
第1象限（秩序と伝達）,コロンビア,アンデス地域における「Sumerc?」を用いた敬意と階層のマーキング,植民地時代の敬称「Su merced（あなたの慈悲）」に由来する「Sumerc?」を、目上の人や顧客に対して用いることで、社会的敬意とヒエラルキーを維持する言語実践。,三人称単数扱いとなる代名詞「Sumerc?」と対応する動詞活用の使用。,スペイン植民地時代の厳格な階級社会と、アンデス地域（ボヤカ県、クンディナマルカ県など）の伝統的な農耕社会における家父長制的な秩序。,話し手と聞き手の社会的地位の差や距離感を明確にマーキングし、社会の秩序を維持する。,上位者への敬意と服従の再確認、および社会的距離の明確な認識。,若者が地域の年長者に挨拶する場面,"Buenos d?as, sumerc?. ?C?mo ha estado?",Sumerc?を用いることで、コミュニティ内の年齢的ヒエラルキーを尊重し秩序を保つ。,市場や店舗で店員が顧客に話しかける場面,"?Qu? se le ofrece, sumerc??",商業的な場において、顧客を上位者として位置づけ、敬意の規範を適用する。,農村部で労働者が地主や雇用主に報告する場面,"Sumerc?, ya termin? el trabajo en el campo.",社会的地位の違いを言語的に明確化し、雇用関係における伝統的な秩序を維持する。
第1象限,ベネズエラ,アンデス地域における絶対的ウステデオ（Ustedeo andino）,ベネズエラのアンデス地域（メリダ州など）において、家族や親しい友人の間でも親称（t?）を避け敬称（usted）を用いることで、相互の敬意と社会的調和を維持する言語実践。,二人称単数代名詞ustedおよび対応する動詞の三人称単数形の日常的かつ普遍的な使用。,アンデス地域の伝統的な農耕社会における、保守的でカトリックの価値観に基づく相互尊重と礼儀正しさを重んじる社会規範。,相手への敬意を示しつつ親密さを保ち、対人関係の摩擦を未然に防ぐことで社会秩序を維持する。,丁寧な言葉遣いによる安心感と、適度な距離感による相互尊重。,親から子への家庭内での語りかけ,"Venga ac?, usted.",目下の子供に対してもustedを用いることで、家庭内での相互尊重と礼儀の規範を幼少期から内面化させる。,親しい友人同士の日常会話,"?C?mo le va a usted, amigo?",親密な関係性であっても過度な馴れ合いを避け、対等で丁寧な関係を維持する。,夫婦間や恋人同士の親密な会話,"Mire, usted sabe que lo quiero mucho.",最も親密な関係においてもustedを使用し、家庭内の調和と相手に対する継続的な尊重を保つ。
第1象限,ガイアナ,公的領域における標準英語の強制とガイアナ・クレオールの制限（ダイグロシア）,社会の公的な秩序とヒエラルキーを維持するため、公式な場で標準英語（Acrolect）の使用を規範とし、日常語であるガイアナ・クレオール（Basilect/Mesolect）を制限する言語実践。,標準英語（High variety）とガイアナ・クレオール（Low variety）の厳格な機能的使い分け（クレオール連続体における上位変種の選択）。,英国の植民地支配の歴史と、英語を国家の公的アイデンティティおよび社会的威信の象徴とする制度的背景。,公的機関の権威を保ち、エリート層と非エリート層の社会的ヒエラルキーを再生産・維持する。,公的場面における権威への服従と、標準英語話者に対する威信の承認。,学校の教室での生徒の発言,"May I go to the restroom, please?",教育という公的制度の中で標準英語を強制することで、社会規範とヒエラルキーを幼少期から内面化させる。,法廷での証言や法的手続き,"Your Honor, I submit the evidence.",法廷という国家権力が顕在化する場で英語を規定し、司法制度の厳格さと権威を維持する。,議会や政府機関での公式演説,We must address the economic challenges of our nation.,政治家が公の場で英語を用いることで、国家の公式な秩序を体現し、政治的威信を示す。
第1象限,スリナム,オランダ語とスラナン・トンゴのダイグロシアによる公的秩序の維持,社会の公的な秩序とヒエラルキーを維持するため、公式な場や教育においてオランダ語の使用を規範とし、共通語であるスラナン・トンゴを非公式な場に制限する言語実践。,オランダ語（High variety）とスラナン・トンゴ（Low variety）の厳格な機能的使い分け。,オランダの植民地支配の歴史と、独立後もオランダ語を公用語として維持し、社会的上昇の必須条件とする制度的背景。,公的機関の権威を保ち、オランダ語を操るエリート層と大衆の社会的ヒエラルキーを再生産・維持する。,公的場面における権威への服従と、オランダ語話者に対する威信の承認。,学校の教室での教師の指導,Spreek Nederlands in de klas.（教室ではオランダ語を話しなさい）,教育現場でスラナン・トンゴを制限しオランダ語を強制することで、公的規範を内面化させる。,政府機関の窓口での手続き,Kunt u dit formulier invullen?（この用紙に記入していただけますか）,行政手続きにおいてオランダ語を規定し、国家権力の厳格さと権威を維持する。,国会での公式発言,"Voorzitter, ik wil graag het woord.（議長、発言を求めます）",政治の場でオランダ語を用いることで、国家の公式な秩序を体現する。
第1象限,エクアドル,伝統的階層社会における非対称な呼称（Patr?n/Ni?oとファーストネーム）,人種や階級に基づくヒエラルキーを維持するため、先住民や労働者が白人・メスティーソの雇用主に対して「Patr?n/a」や「Ni?o/a」を用い、雇用主側はファーストネームや「t?/vos」を用いる非対称な言語実践。,"敬称（Patr?n/a, Ni?o/a）とUstedの組み合わせに対し、ファーストネームと親称（t?/vos）を用いる非対称な呼称・代名詞体系。",スペイン植民地時代から続くアシエンダ（大農園）制度に由来する、白人・メスティーソと先住民の間の厳格な人種的・階級的ヒエラルキー。,支配層と従属層の社会的地位の差を言語的に明確化し、伝統的な権力関係と社会秩序を維持する。,従属層における服従の再確認と、支配層における優越感および権威の保持。,農園や地方において、先住民労働者が地主に返答する場面,"S?, patroncito, enseguida lo hago.",Patr?n（または縮小辞を伴うpatroncito）を用いることで、絶対的な上下関係と服従の姿勢を示す。,白人家庭において、家事労働者が雇用主の成人した子供に話しかける場面,"Ni?a Mar?a, ?le sirvo el desayuno?",成人であっても白人の雇用主層を「Ni?o/a（お坊ちゃま/お嬢様）」と呼ぶことで、人種・階級的なヒエラルキーを再生産する。,雇用主が家事労働者に指示を出す場面,"Rosa, ven ac? y limpia esto.",雇用主側はファーストネームと親称（t?/vos）を用いることで、社会的優位性を誇示し、非対称な関係を固定化する。
第1象限,ペルー,都市部における家事労働者と雇用主間の非対称なUstedeo/Tuteo,都市部の中流・上流階級の家庭において、家事労働者（主に地方出身者や先住民系）が雇用主に対して「Se?or/a」と「Usted」を用い、雇用主が労働者に対してファーストネームと「T?」を用いる非対称な言語実践。,敬称（Se?or/a）＋Usted（三人称単数動詞）と、ファーストネーム＋T?（二人称単数動詞）の非対称な使い分け。,地方から都市部への人口流入と、人種・階級（白人系/メスティーソと先住民系）が交差するペルー社会の根深い不平等と階層構造。,家庭内という私的空間において、雇用関係に基づく厳格な階級的境界線を維持し、社会全体のヒエラルキーを再生産する。,労働者に対する社会的劣位の意識付けと、雇用主側の権威と社会的距離の確保。,家事労働者が雇用主の女性に尋ねる場面,"Se?ora, ?a qu? hora sirvo la cena?",Se?oraとUstedを用いることで、雇用主に対する敬意と絶対的な社会的距離を示す。,雇用主が家事労働者に指示を出す場面,"Juana, t? enc?rgate de lavar la ropa hoy.",雇用主はファーストネームとT?を用いることで、労働者を従属的な立場に置き、階層的優位性を維持する。,来客に対して家事労働者が応対する場面,El se?or no se encuentra en este momento.,第三者に対しても雇用主を「El se?or」と呼ぶことで、家庭内における権力構造を外部に対しても明示する。
第1象限,ボリビア,"伝統的階層社会における非対称な呼称（Don/Do?a, Caballero）とUstedeoによる階層維持",人種や階級に基づくヒエラルキーを維持するため、先住民や労働者が白人・メスティーソの雇用主や上位者に対して敬称とUstedを用い、上位者はファーストネームやT?/Vosを用いる非対称な言語実践。,"敬称（Don/Do?a, Se?or/a, Caballero）＋Usted（三人称単数動詞）と、ファーストネーム＋T?/Vos（二人称単数動詞）の非対称な使い分け。",スペイン植民地時代から続く、白人・メスティーソと先住民（カンペシーノ）の間の厳格な人種的・階級的ヒエラルキー。,支配層と従属層の社会的地位の差を言語的に明確化し、伝統的な権力関係と社会秩序を維持する。,従属層における服従の再確認と、支配層における優越感および権威の保持。,農村部で先住民系労働者が地主に指示を仰ぐ場面,"Don Carlos, ya termin? el trabajo. ?Qu? manda usted?",DonとUstedを用いることで、絶対的な上下関係と服従の姿勢を示す。,都市部の家庭で、雇用主が家事労働者に指示を出す場面,"Mar?a, vos ten?s que limpiar la cocina hoy.",雇用主側はファーストネームとVos（またはT?）を用いることで、社会的優位性を誇示し、非対称な関係を固定化する。,市場で先住民系の売り子がメスティーソの客に呼びかける場面,"Pase, caballero, ?qu? va a llevar usted?",客を「Caballero」と呼びUstedを使うことで、商業的な場においても人種・階級的な敬意の規範を適用する。
第1象限,ブラジル,ポルトガル語における「O senhor / A senhora」と「Voc?」の非対称的使用によるヒエラルキー維持,社会階層や年齢に基づく上下関係を明確にするため、上位者や年長者には「O senhor / A senhora」を用い、同輩や下位者には「Voc?」を用いる言語実践。,三人称単数扱いとなる敬称代名詞（O senhor / A senhora）と、親称代名詞（Voc?）の使い分け。,年齢、地位、職業に基づく伝統的な家父長制および権威主義的な社会構造。,話し手と聞き手の社会的地位の差や距離感を明確にマーキングし、社会の秩序を維持する。,上位者への敬意と服従の再確認、および社会的距離の明確な認識。,家庭内で子供が親や祖父母に話しかける場面,"O senhor precisa de alguma coisa, pai?",親に対してVoc?ではなくO senhorを用いることで、家庭内における世代間のヒエラルキーと敬意の規範を維持する。,職場で部下が上司に報告する場面,A senhora j? viu o relat?rio que enviei?,上司に対してA senhoraを使用し、職場における職階の秩序とプロフェッショナルな距離感を保つ。,店舗で若い店員が高齢の顧客に応対する場面,Como posso ajudar o senhor hoje?,年齢のヒエラルキーに基づき、顧客に対してO senhorを用いることで、商業空間における社会的敬意を示す。
第1象限,パラグアイ,公的領域におけるスペイン語の規範的使用とグアラニー語の制限（ダイグロシア）,社会の公的な秩序と権威を維持するため、公式な場や制度的空間でスペイン語の使用を規範とし、広く話されるグアラニー語（またはジョパラ）を非公式な場に制限する言語実践。,スペイン語（High variety）とグアラニー語（Low variety）の機能的使い分け（ダイグロシア）。,スペイン植民地支配の歴史と、独立後もスペイン語を国家の公式な行政・司法・教育の言語としてきた制度的背景。,公的機関の権威を保ち、スペイン語を流暢に操る都市部エリート層と農村部大衆の社会的ヒエラルキーを再生産・維持する。,公的場面における国家権力への服従と、スペイン語に対する公式な威信の承認。,法廷での証言や裁判官の判決言い渡し,El tribunal dicta la siguiente sentencia...,司法という国家権力が顕在化する場でスペイン語を規定し、法制度の厳格さと権威を維持する。,大統領や政府高官による公式な国民向け演説,Debemos trabajar juntos por el desarrollo del pa?s.,政治家が公の場でスペイン語を用いることで、国家の公式な秩序を体現し、政治的威信を示す。,学校教育における公式な教科指導や試験,"Por favor, escriban sus respuestas en espa?ol.",教育という公的制度の中でスペイン語の読み書きを規範とすることで、社会の公式な言語秩序を内面化させる。
第1象限,チリ,Usted、T?、Vosの三層構造による社会的距離とヒエラルキーのマーキング,相手との社会的距離や階層関係に応じて、敬称（Usted）、標準的な親称（T?）、および非標準的・親密な親称（Vos）を厳格に使い分けることで、社会秩序を維持する言語実践。,Usted（三人称単数動詞）、T?（標準的な二人称単数動詞）、Vos（チリ特有のvoseo動詞活用）の三層的な代名詞・動詞体系。,経済的格差が大きく、階級意識（上流階級、中産階級、労働者階級）が言語使用に強く反映されるチリの社会構造。,話し手と聞き手の階級的・社会的関係を瞬時に位置づけ、適切な距離感を保つことで対人摩擦を防ぎ秩序を維持する。,階層的境界線の明確な認識と、適切な言葉遣いによる社会的承認の獲得。,職場で部下が初対面の上司や顧客に話しかける場面,?Qu? opina usted sobre este proyecto?,Ustedを用いることで、プロフェッショナルな距離感と階層的な敬意を示し、職場の秩序を保つ。,上流階級の親が子供の言葉遣いを正す場面,"No hables as?, dime 't?', no uses el 'vos'.",Vosを「教養がない」言葉として退け、T?を規範とすることで、階級的な言語規範を再生産する。,雇用主が労働者に指示を出し、労働者が答える場面,"T? enc?rgate de esto. / ""S?, se?or, como usted diga.""",T?とUstedの非対称な交換により、雇用関係における明確なヒエラルキーと権力構造を維持する。
第1象限,アルゼンチン,UstedとVosの非対称的使用によるヒエラルキー維持,社会階層や年齢に基づく上下関係を明確にするため、上位者や公的な関係にはUstedを用い、下位者や親しい関係にはVosを用いる言語実践。,対称的でない二人称単数代名詞（Usted/Vos）と対応する動詞活用の使い分け（T-V distinction）。,年齢、地位、職業に基づく社会的な上下関係と、公的空間における礼儀正しさを重んじる規範。,話し手と聞き手の社会的地位の差や距離感を明確にマーキングし、社会の秩序を維持する。,上位者への敬意と服従の再確認、および社会的距離の明確な認識。,学校で生徒が教師に質問する場面,"Profesor, ?usted podr?a explicarme este tema?",権威ある教師には絶対的にUstedを使用し、教育現場における敬意と服従を示す。,店舗で若い店員が初対面の高齢客に応対する場面,"Buenos d?as, ?qu? buscaba usted?",年齢のヒエラルキーに基づき、高齢者にはUstedを維持して社会的敬意の規範を守る。,企業の採用面接において面接官と応募者が対話する場面,?Me podr?a contar usted sobre su experiencia laboral?,公的で評価を伴う場において相互に（または非対称に）Ustedを使用することで、制度的な秩序とプロフェッショナルな距離感を保つ。
第1象限,ウルグアイ,UstedとVosの非対称的使用によるヒエラルキー維持,社会階層や年齢に基づく上下関係を明確にするため、上位者や公的な関係にはUstedを用い、下位者や親しい関係にはVosを用いる言語実践。,対称的でない二人称単数代名詞（Usted/Vos）と対応する動詞活用の使い分け（T-V distinction）。,年齢、地位、職業に基づく社会的な上下関係と、公的空間における礼儀正しさを重んじる規範。,話し手と聞き手の社会的地位の差や距離感を明確にマーキングし、社会の秩序を維持する。,上位者への敬意と服従の再確認、および社会的距離の明確な認識。,学校で生徒が教師に質問する場面,"Profesor, ?usted podr?a explicarme esto?（先生、これを説明していただけますか？）",権威ある教師には絶対的にUstedを使用し、教育現場における敬意と服従を示す。,店舗で若い店員が初対面の高齢客に応対する場面,"Buenos d?as, ?qu? buscaba usted?（おはようございます、何をお探しですか？）",年齢のヒエラルキーに基づき、高齢者にはUstedを維持して社会的敬意の規範を守る。,雇用主が労働者に指示を出す場面,"Vos, tra? esos documentos.（お前、その書類を持ってこい。）",労働者に対してVosを使うことで、雇用主の優位性と職場におけるヒエラルキーを明確にする。
第1象限,オーストラリア,アボリジニ社会における親族回避言語（例：ジルバル語のDyalnguy）,特定の親族（義母など）の前で日常語の使用を禁じ、専用の回避語彙（マザー・イン・ロー言語）を用いることで、親族間の厳格な規範と秩序を維持する言語実践。,日常語（Guwal）とは全く異なる、高度に抽象化・制限された専用の代替語彙（Dyalnguy）への完全な語彙的置換。,伝統的なアボリジニ社会における、特定の姻族（特に義理の親と子）間の直接的な接触や親密な会話を禁じる厳格なタブー（回避規範）。,親族間の潜在的な対立や性的緊張を未然に防ぎ、複雑な親族体系に基づく社会秩序を維持する。,タブー対象に対する強い畏敬の念と、社会的距離の強制的な内面化。,義母が近くにいる状況で、男性が「トカゲ」について話す場面,jijan（トカゲ全般を指す回避語）,日常語の様々なトカゲの名称を使用せず、一つの上位語に統合することでコミュニケーションの解像度を下げ、タブーを実践する。,義母の面前で、男性が「尋ねる」という動作を表現する場面,ba?arrmba-l（尋ねる、という回避語）,日常語の「?anba-l」とは完全に異なる語彙を用いることで、親族間の厳格なタブー規範を守る。,義母の前で、男性が「家に誘う」という動作を表現する場面,ba?arrmba-l（誘う、という包括的な回避語）,日常語の「yumba-l（家に誘う）」などの複数の動詞を一つの回避語彙に集約し、日常的な空間からタブー対象を隔離する。
第1象限,ニュージーランド,マラエにおけるマオリの儀礼的演説（Whaik?rero）,部族の集会所（マラエ）での公式な歓迎儀式（ポフィリ）において、特定の長老が高度に定型化された言語を用いて行う儀礼的演説。,伝統的な詠唱（Tauparapara）、系譜の暗唱（Whakapapa）、比喩やことわざ（Whakatauk?）を多用する高度に様式化されたマオリ語のレジスター。,マオリ社会における長老（Kaum?tua）の権威、部族間の関係性、および神聖さ（Tapu）と世俗（Noa）の厳格な区別に基づく精神的・社会的構造。,ホスト（Tangata whenua）とゲスト（Manuhiri）の間の社会的境界を安全に越えさせ、部族間の平和的秩序とヒエラルキーを確立・維持する。,祖先との繋がりによる部族の威信の誇示と、参加者全員に対する神聖な空間への畏敬の念の喚起。,演説の冒頭で場を清める場面,Tihei mauri ora!（生命の息吹よ！）と唱える。,定型化された詠唱により、日常の空間から神聖な儀礼空間への移行を宣言し、秩序を構築する。,亡くなった祖先へ敬意を表す場面,Kua hinga te t?tara i te Wao Nui a T?ne（タネの偉大なる森のトタラの木が倒れた）という比喩を用いる。,直接的な死の表現を避け、自然の比喩を用いることで、死者への敬意と部族の威信を保つ。,自身の部族の正当性と繋がりを示す場面,"Ko Tongariro te maunga, ko Taup? te moana（トンガリロが私の山、タウポが私の湖）といった定型句で自身の系譜を暗唱する。",祖先や土地との血統を言語的に証明することで、発言者の権威とマラエにおける社会的地位を確立する。
第1象限,パプアニューギニア,NO_DATA,NO_DATA,NO_DATA,NO_DATA,NO_DATA,NO_DATA,NO_DATA,NO_DATA,NO_DATA,NO_DATA,NO_DATA,NO_DATA,NO_DATA,NO_DATA,NO_DATA
第1象限,ソロモン諸島,NO_DATA,NO_DATA,NO_DATA,NO_DATA,NO_DATA,NO_DATA,NO_DATA,NO_DATA,NO_DATA,NO_DATA,NO_DATA,NO_DATA,NO_DATA,NO_DATA,NO_DATA
第1象限,バヌアツ,NO_DATA,NO_DATA,NO_DATA,NO_DATA,NO_DATA,NO_DATA,NO_DATA,NO_DATA,NO_DATA,NO_DATA,NO_DATA,NO_DATA,NO_DATA,NO_DATA,NO_DATA
第1象限,フィジー,首長に対する敬語体系（Vosa Vakaturaga）,伝統的な首長（チーフ）に対する絶対的な敬意と服従を示すため、日常語彙とは異なる特別な敬語彙や称号を厳格に使用する言語実践。,"日常語彙（Vosa wale）と首長用敬語彙（Vosa vakaturaga）の語彙的対立、および特定の称号（Ratu, Adiなど）の付与。",ポリネシア的要素を強く持つフィジーの厳格な階層社会（ヤンガラなどの血縁集団に基づく首長制）。,首長の神聖性と権威を言語的に可視化し、社会の階層的ヒエラルキーと秩序を再生産・維持する。,首長に対する畏怖と服従の念の喚起、および共同体の一員としてのアイデンティティの確認。,首長の死に言及する場面,日常語の「mate（死ぬ）」ではなく、敬語彙の「bale（倒れる）」を使用する。,首長の死を大木が倒れることに例え、その神聖性と階層的優位性を言語的に保護する。,首長に呼びかける、または言及する場面,男性首長には「Ratu」、女性首長には「Adi」という称号を必ず名前の前に付ける。,称号の厳格な使用により、発話のたびに社会の階層構造と相手の特権的地位を確認・維持する。,伝統的なカヴァ（Yaqona）儀式における発話,首長がカヴァを飲み干した際、参加者が一斉に「Maca（空になった）」と応答し、拍手（Cobo）を行う。,高度に定型化された儀礼的言語と身体動作を共有することで、首長を中心とした共同体の秩序と結束を強化する。
第1象限,ミクロネシア連邦,ポンペイ語における厳格な敬語体系（Meing）,ナンムワルキ（大首長）などの高位の人物に対して、日常語とは全く異なる高度に発達した敬語彙（Meing）を使用し、階層的秩序を維持する言語実践。,日常語（Lokaiahn aramas）、尊敬語、謙譲語の三層以上の複雑な語彙置換体系。,ポンペイ島の伝統的な称号システムと、首長（ナンムワルキやナーンケン）を頂点とする厳格な階層社会。,首長の神聖な権威（マナ）を保護し、称号に基づく複雑な社会的ヒエラルキーを日常の相互行為の中で維持する。,上位者に対する絶対的な敬意の保持と、自身の社会的地位の明確な自覚。,大首長（ナンムワルキ）の食事に言及する場面,日常語の「mwenge（食べる）」ではなく、敬語彙の「koanoat」を使用する。,生命維持に関わる基本的な行為の語彙を置換することで、首長の身体の神聖性を言語的に隔離し保護する。,高位の人物が「来る」ことに言及する場面,日常語の「kohdo（来る）」ではなく、敬語彙の「ketido」を使用する。,上位者の行動に対して専用の敬語彙を割り当て、日常的な行動空間から切り離すことで階層秩序を維持する。,高位の人物の前で、自身の「言う」行為に言及する場面,日常語の「nda（言う）」ではなく、謙譲語の「patohwan」を使用する。,相手を高めるだけでなく、自らを言語的に低めることで、両者の間の非対称な権力関係とヒエラルキーを強調する。
第1象限,マーシャル諸島,NO_DATA,NO_DATA,NO_DATA,NO_DATA,NO_DATA,NO_DATA,NO_DATA,NO_DATA,NO_DATA,NO_DATA,NO_DATA,NO_DATA,NO_DATA,NO_DATA,NO_DATA
第1象限,パラオ,NO_DATA,NO_DATA,NO_DATA,NO_DATA,NO_DATA,NO_DATA,NO_DATA,NO_DATA,NO_DATA,NO_DATA,NO_DATA,NO_DATA,NO_DATA,NO_DATA,NO_DATA
象限,対象国,事象名,定義,言語構造,社会背景,社会的機能,心理的効果,事例1：状況,事例1：表現,事例1：分析,事例2：状況,事例2：表現,事例2：分析,事例3：状況,事例3：表現,事例3：分析
第2象限（共感と審美）,日本,女房言葉,室町時代初期から宮中などの女官の間で用いられた、語幹に特定の接辞を付けたり事物を婉曲・遊戯的に表現する隠語的言語実践。,接頭辞「お」や接尾辞「文字（もじ）」の付加、形態の省略や事物の一部の特徴を抽出した比喩的言い換え。,宮中や院の女房など、閉鎖的で同質性の高い女性コミュニティにおける知識の共有と仲間意識の醸成。,集団内の連帯感強化、部外者に対する隠語としての機能、および上品さや知性の誇示。,特定の集団に帰属しているという安心感の高揚と、言葉遊びによる感情的共感・遊戯性。,室町時代の宮中や院に仕える女房が、食事の席で「寿司」を指す場合,おすもじ,「すし」に接尾辞「文字（もじ）」を付け、直接的な表現を避けて上品さと内輪の共感を演出した表現。,室町時代の宮中や院に仕える女房が、食事の席で「豆腐」を指す場合,おかべ,豆腐の白い見た目を「壁」に見立て、接頭辞「お」を付加した視覚的メタファー。,室町時代の宮中や院に仕える女房が、食事の席で「田楽」を指す場合,おでん,「田楽（でんがく）」の頭文字「でん」に接頭辞「お」を付加し、残りを省略した婉曲かつ遊戯的表現。
第2象限（共感と審美）,日本,ズージャ語（芸能界・ジャズ業界の隠語）,昭和中期のジャズミュージシャンや芸能関係者の間で自然発生し、音節を倒語（逆さ読み）にして用いる隠語的言語実践。,単語の音節配列を逆転させる（倒語）、または一部を省略・変形させて別の響きを持たせる。,深夜業や不規則な生活を共にする芸能業界の閉鎖性と、一般大衆（客）との情報隔離の必要性。,業界内の身内意識・連帯感の強化、一般客に対する情報隠蔽（ギャラやスケジュールの秘匿など）。,業界の「内側」の人間であることの優越感、仲間内でのユーモアの共有と心理的距離の短縮。,昭和中期のジャズミュージシャンが、仕事終わりに寿司を食べに行く約束をする場合,シースー,「すし」の音を反転・長音化したもので、食事の話題を暗号化しつつ、業界人特有の親密さを演出する。,昭和中期のジャズミュージシャンが、六本木で待ち合わせや仕事があることを伝える場合,ギロッポン,「ろっぽんぎ」の音節を入れ替え、特定の地名を遊び心を持たせて隠語化する表現。,昭和中期のジャズミュージシャンが、一般客に悟られずに仲間内で女性の話をする場合,ナオン,「おんな」を逆さ読みにしたもので、対象を直接呼称することを避けつつ仲間内で即座に意味を共有する。
第2象限（共感と審美）,中国,歇後語（Xiehouyu）,前半に比喩や謎掛けを置き、後半にその意味やオチを置く、中国特有の二部構成の慣用表現・遊戯的言語実践。,前段（比喩・事象）と後段（解説・真意）からなる二部構成。日常会話では後段が省略され、聞き手の推測に委ねられることが多い。,伝統的な農業社会や大衆文化における口承文芸の発達と、共通の歴史的・文化的背景を持つ者同士の密接なコミュニケーション。,会話にユーモアや皮肉を交え、暗黙の文化的背景を共有する者同士の親密さや連帯感を確認する。,謎解きの面白さによる娯楽性と、意図が通じた際の強い共感、知的連帯感によるカタルシス。,一般の民衆が日常会話において、物事が無駄骨に終わったことを自嘲・皮肉る場合,竹籃打水（竹かごで水を汲む）,後段の「一場空（全くの無駄）」を省略し、無益な徒労を視覚的メタファーで共有する。,一般の民衆が日常会話において、見せかけだけで実力がない者を嘲笑する場合,紙老虎（張り子の虎）,「一戳就穿（突けばすぐ穴が開く）」という真意を内包し、権威への批判や嘲笑を比喩的に表現する。,親しい関係の者同士が日常会話において、多言を要さず双方が状況を理解していることを示す場合,外甥打燈籠（甥が提灯を提げる）,後段の「照舅（旧に同じ／叔父を照らすの同音）」を暗黙のうちに伝え、現状維持を遊戯的・言語学的に表現。
第2象限（共感と審美）,中国,春典（江湖の隠語 / 江湖暗語）,明清時代から民国期にかけて、渡り鳥の商人、武術家、芸人などの非定住集団（江湖）が用いた隠語システム。,既存の語彙を特定の法則（形態の類似、音の類似、歴史的故語）に基づいて別の単語に置き換える。,官憲の監視や地元住民からの排斥を逃れつつ、各地を放浪するマイノリティ集団が生存を図るための自衛環境。,相手が同業者（身内）か否かの識別、部外者に悟られずに商売や危険に関する情報を伝達する機能。,厳しい放浪生活における同業者同士の強い絆の確認、共通の「掟」を持つ集団への帰属意識による安心感。,明清時代に各地を放浪する芸人や商人が、身内同士で食事をする行為を指す場合,安根（アンゲン）,歯（根）を休ませる（安）という意味から派生したとされ、生存に直結する行為を比喩的に暗号化している。,明清時代に各地を放浪する芸人や商人が、部外者の前でお金や貨幣について話す場合,杵頭（チュトウ）,杵（棒）のようにお金を叩き出す（稼ぐ）様子を比喩しており、直接的な金銭の要求や計算を部外者から隠す。,明清時代に各地を放浪する芸人や商人が、仲間に危険察知や警戒を促す場合,招子（ジャオズ）,光を招くもの（目）というメタファーであり、危険察知や状況把握の重要性を仲間内に警告する際に用いられる。
第2象限（共感と審美）,韓国,急食体（???）,主に学校の給食を食べる世代（中高生）の間でSNSやオンラインゲームを通じて形成・使用される、独自の略語や語尾を用いる社会方言。,ハングルの初声（子音）のみの抽出、既存の単語の極端な省略、無意味な韻踏み、特定の語尾の付加。,スマートフォンの普及とSNS・オンラインゲームの日常化、受験競争などのストレス下にある青少年の閉鎖的な同世代コミュニティ。,大人世代からの干渉や理解を拒絶する隠語機能、同世代間の強い帰属意識・連帯感の形成。,同世代コミュニティへの同化による安心感、既存の言語規範から逸脱する解放感と遊戯性。,10代の中高生がSNSのチャット画面で、相手の言葉に強く同意する場合,??（インジョン）,「認定（??）」の初声のみを抽出したもので、タイピングの効率化と仲間内の暗号・共感のサインとして機能。,10代の中高生がオンラインゲーム中、何かのタイミングや状況がぴったりだと判断する場合,??（?ガク）,ビリヤードの「角度」に由来し、「?するのに丁度良い状況」として特定集団内の感情の共有を促す。,10代の中高生が友人との会話で、事実であることを過剰に強調する場合,?? ????（レアル・マドリード）,「Real（??）」の強調として、全く関係のないサッカーチーム名を音の類似性だけで繋げる遊戯的な言葉遊び。
第2象限（共感と審美）,韓国,審摩尼（シンマニ）の隠語（??? ??）,山中で天然の高麗人参（山参）を採掘する専門集団「シンマニ」が、山神への畏敬と禁忌から用いる独自の隠語・忌み言葉。,日常語の使用を禁じ、動植物や道具の名称を、その形状、動作、または宗教的なメタファーを用いた別の名詞に置き換える。,険しい山中での危険な労働環境と、山の神（山神）がすべてを支配しているという強い民間・アニミズム信仰。,山神の怒り（災い）を避けるためのタブーの遵守と、命を預け合う採掘チーム内の強固な精神的結束の維持。,禁忌を共有することによる聖なる空間への没入感と、未知の危険に対する共同体としての心理的防御・連帯感。,山中での採掘中に専門の採掘集団（シンマニ）が、目的の天然高麗人参（山参）を発見した場合,?（シム）,日常語の「参（サム）」を避け、独自の語彙を用いることで、対象を神聖化し世俗の価値から切り離す。,山中での採掘中に専門の採掘集団（シンマニ）が、遭遇すると危険な虎を指す場合,??（サンゲ）,「山の犬」の意。恐ろしい猛獣の名を直接呼ぶと呼び寄せてしまうという呪術的思考から、身近な動物に格下げして災いを避ける。,山中での採掘中に専門の採掘集団（シンマニ）が、蛇に遭遇し仲間に警戒を促す場合,??（チンデ）,「長い棒」の意。蛇の視覚的特徴（細長い）を無機物に見立てることで恐怖を和らげ、同時に日常の言葉の侵入を防ぐ。
第2象限（共感と審美）,北朝鮮,チャンマダン隠語（??? ??）,北朝鮮の非公式な市場（チャンマダン）において、国家の取り締まりを逃れつつ、商人や住民の間で情報の共有と連帯を図るために使用される暗号的な言語実践。,外来語の借用、物品の形状や特徴に基づく視覚的メタファー、同音・類音を用いた言い換えや隠喩。,1990年代の経済危機以降の非公式市場の拡大と、それに対する国家の厳格な統制・検閲体制。,取り締まり機関からの摘発回避、市場参加者（商人・顧客）間の秘密の共有と信頼関係の構築。,相互の連帯感と、統制に対するささやかな抵抗、あるいは経済的生存のための暗黙の共犯関係の醸成。,チャンマダン（非公式市場）の商人が、当局の目を盗んで韓国製の商品を密かに売買する場合,???? ??（下の町のもの）,「韓国」という単語を直接出す危険を避けるため、地理的関係を用いた隠語で出所を偽装・共有する。,チャンマダン（非公式市場）の商人が、取締りを行う保安員（警察）が近づいてきたことを仲間に知らせる場合,??? ??（バッタが跳ねる）,違法な路上商人が取締りから逃げて場所を転々とする様子をバッタに例えたメタファー。,チャンマダン（非公式市場）の商人が、韓国の映像が入った禁止メディア（CDやUSBなど）を指す場合,?（卵 / 粒）,小さくて丸みを帯びた形状からの見立てであり、禁止された情報媒体であることを隠蔽しつつ取引を円滑にする。
第2象限（共感と審美）,北朝鮮,市場（チャンマダン）における外貨・賄賂の隠語,非公式な市場経済において、厳格に統制されている外貨（ドルや人民元）や違法な賄賂を、色や形状に見立てて表現する隠語。,紙幣の色や模様、または行為の性質などの特徴を、農作物や自然物、道具の名称に置き換える（メタファーによる言い換え）。,国家による外貨使用や個人商取引の厳格な統制・処罰と、それに反して実体経済を支配する非公式市場の乖離。,秘密警察や取締官（保安員）の監視下における安全な価格交渉、および市場関係者間の暗黙の取引ルールの形成。,抑圧的な体制下において、当局の目を盗んで取引を成功させることによるスリルと、商人同士の共犯的な連帯感。,チャンマダン（非公式市場）の商人が、アメリカ・ドル（USD）での支払いを求める、または相場を話す場合,???（テガリ / 頭）,紙幣に描かれた人物の「頭（肖像）」に由来するメタファーであり、外貨使用の厳格な取り締まりを回避して取引を円滑にする。,チャンマダン（非公式市場）の商人が、中国・人民元（RMB）を計算する、または両替する場合,?（ピ） または ?（ペ）,人民元を意味する隠語であり、当局の監視下でも単なる日常会話を装って安全に為替取引を行うための暗号。,チャンマダン（非公式市場）の商人が、取締り逃れや便宜を図ってもらうために役人に賄賂を渡す場合,??（チョンアル / 銃弾）,障害（取締り）を突破するための強力な武器としての金銭を弾丸に見立て、違法行為の交渉を比喩的に行う。
第2象限（共感と審美）,モンゴル,謎掛け（Оньсого）,遊牧生活の事物や自然現象などを、比喩や擬人化を用いて表現し、答えを推測させることで知恵の伝承と共同体内の共感を高める遊戯的言語実践。,対象の直接的な名詞を伏せ、その構造や機能、外見的特徴を間接的かつ隠喩・擬人化によって描写する短い詩的表現。,文字よりも口承文化が中心であった伝統的な遊牧社会において、ゲルに集う家族や共同体の娯楽・教育手段。,世代間の知識伝承、遊牧生活に必要な観察眼の育成、および余暇における共同体の結束と知的対話の促進。,比喩を解読することによる知的な喜び、共有の生活世界に基づく一体感と美的共感。,遊牧民が冬の夜にゲルで子供に対して、「ゲル（伝統的移動式住居）」を表現し答えさせる場合,"Баг модон дээр саг мод, саг модон дээр сайхан шувууны ??р（バグの木の上にサグの木、サグの木の上に美しい鳥の巣）",ゲルの壁（バグ）や屋根の骨組み（サグ）、天窓（鳥の巣）を自然の木や鳥の巣に見立てたメタファー。,遊牧民が冬の夜にゲルで子供に対して、「ゲルの両開きの扉（ハアルガ）」を表現し答えさせる場合,Эгч д?? хоёр эн чацуухан（姉と妹の二人は同じ背丈）,両開きになるゲルの扉を、同じ背丈で向かい合う姉妹に擬人化した人間関係のメタファー。,遊牧民が冬の夜にゲルで子供に対して、「空から降る雪」を表現し答えさせる場合,Туулиа х?х тэмээнээс туг цагаан ноос унана（青いラクダから白い羊毛が落ちる）,青空を青いラクダに、舞い落ちる雪を白い羊毛に見立てた、遊牧民の生活世界に根ざした審美的なメタファー。
第2象限（共感と審美）,モンゴル,狩猟・自然信仰における忌み言葉（Цээр ?г / ツェール・ウグ）,遊牧民が狩猟中や夜間に、危険な野生動物や病気の名前を直接口にすることを避け、婉曲的な比喩や擬人化を用いる言語実践。,対象の直接的な名詞をタブーとし、対象の属性（色、生息地、関係性）に基づく間接的な描写や敬称に置き換える。,厳しく予測不可能な自然環境（大草原や森）における遊牧生活と、言葉が現実を動かすと信じる言霊信仰・アニミズム。,自然界の精霊や動物の怒りを買わないための共同体のリスク管理と、自然と人間の間の調和（タブー）の維持。,圧倒的な自然の脅威に対する畏怖の念の共有と、禁忌を守ることで不安を軽減し、共同体の運命を共にする連帯感の醸成。,遊牧民が狩猟中や夜間の草原で、家畜を襲う最大の脅威である狼を指す場合,Хээрийн нохой（ヘーリーン・ノホイ）,「野原の犬」の意。名を呼ぶと現れるという信仰から、身近な存在に格下げすることで恐れを飼いならす表現。,遊牧民が狩猟中や夜間の森で、熊に遭遇する危険がある場合,?в??（オウォー）,「お爺さん」の意。熊を人間と同じかそれ以上の祖霊的な存在として擬人化・敬称化し、敵意がないことを示すことで安全を図る。,遊牧民が日常会話で、恐ろしい伝染病（天然痘など）の流行について話す場合,Зочин（ゾチン）,「お客さん」の意。病魔を忌み嫌うのではなく、丁重にもてなして帰ってもらうべき対象に見立てることで、病に対する恐怖を緩和する。
第2象限（共感と審美）,台湾,PTT郷民用語（台湾ネットスラング）,BBS（電子掲示板）発祥の隠語やメタファーを用い、ネットユーザー間の連帯感や自己卑下を共有する言語実践。,既存語彙の意味拡張、音声の漢字当て字、映画やゲームからの引用表現。,インターネット普及期における匿名コミュニティの形成と、既存の権威やマスメディアに対する若者層の反発。,非ユーザー（部外者）との境界線の構築、社会現象に対する風刺、内集団における平等性の担保。,権威への批判をユーモアで包み込むことによるカタルシス、帰属意識と「身内感」の醸成。,台湾のネットユーザー（郷民）が、特権階級や都市部（特に台北）の富裕層に対して、地理的・階級的格差への不満を共有する状況。,天龍人（Tianlongren）,漫画『ONE PIECE』に登場する特権階級の名称をメタファーとして借用し、直接的な批判を避けつつ被剥奪感を遊戯的に共有する。,台湾のネットユーザー（郷民）が、掲示板上で他人の幸せな恋愛写真やエピソードを見た際、嫉妬や照れ隠しを仲間内で表現する状況。,閃光（Sh?ngu?ng）,ネットゲーム等における「閃光弾（フラッシュバン）」をメタファーとして借用し、他人の恋愛模様に「目が眩む」という状態を遊戯的に表現し共感し合う。,台湾のネットユーザー（郷民）が、群衆心理で社会現象に反応する自分たち自身を、傍観者として自嘲的に語り合う状況。,郷民（Xi?ngm?n）,映画『九品芝麻官』の台詞「私はただの郷民（野次馬）です」を引用し、取るに足らない存在としての匿名性と連帯感を暗号的に表現する。
第2象限（共感と審美）,インドネシア,Bahasa Binan（インドネシア・ゲイ・スラング）,LGBTQ+コミュニティが公的空間での安全確保とアイデンティティ表現のために用いる、音声的変形を伴う隠語（アルゴ）。,特定の子音・母音の挿入、音節の置換（接尾辞 -ong や -ndang への変更など）、形態論的変形。,性的マイノリティに対する社会的・宗教的規範が厳しい環境下における、抑圧の回避とサブカルチャーの形成。,マジョリティ層からの意味の隠蔽、コミュニティ内での連帯感の強化、抑圧的状況のパロディ化。,マイノリティとしての心理的圧力の軽減、秘密の共有による親密さの向上、自己表現の解放感。,インドネシアのLGBTQ+コミュニティのメンバーが、公共の場で買春の対象となる若い男性や男娼について、周囲のマジョリティに悟られずに仲間内で密かに言及する状況。,Kucing（クチン）,本来は「猫」を意味する単語を、可愛らしい若い男性パートナーや男娼を示す隠語として意味拡張し、検閲を回避しながら情報伝達と連帯を行う。,インドネシアのLGBTQ+コミュニティのメンバーが、仲間内での会話において相手の発言に対して「その通りだ」「そういうことだ」と相槌を打って共感を示す状況。,Begindang（ベギンダン）,標準語の「Begitu（そのように・そういうこと）」を音声的に歪曲・拡張させたもので、部外者には理解不能な独自の音韻規則を用いて遊戯性と連帯感を高めている。,インドネシアのLGBTQ+コミュニティのメンバーが、街中で見かけた魅力的な男性について、周囲に内容を知られずに仲間内で噂話をする状況。,Lekong（レコン）,標準語の「Laki-laki（男性）」の形態を変形（接尾辞 -ong の付加）させ、抑圧的な社会環境下における対象への関心を暗号的に共有する。
第2象限（共感と審美）,カンボジア,NO_DATA,,,,,,,,,,,,,,
第2象限（共感と審美）,シンガポール,シングリッシュの語用詞と借用メタファー,英語に福建語、マレー語などが混交し、独自の語気助詞や隠語を用いてローカルな感情的ニュアンスを伝達する実践。,他言語からの語彙借用、統語的簡略化、および文末詞による語用論的調整。,多民族国家における民族間の垣根を越えたコミュニケーションの必要性と、エリート層の標準英語に対する草の根のアイデンティティ。,国民的アイデンティティ（Singaporean-ness）の確立、フォーマルな場の緩和、ローカルな連帯感の誇示。,心理的距離の短縮、共感の促進、標準語規範から逸脱することによる連帯の喜び。,シンガポールの一般市民が、職場で理不尽な業務命令などの不可避な事態に対し、同僚と諦めや妥協の感情を共有する状況。,No choice lor.,標準英語の「No choice」に、広東語や福建語に由来する文末詞「lor」を付加することで、事実の単なる伝達ではなく「仕方がないよね」という感情的共感を誘発する。,シンガポールの一般市民が、受験競争やセールの場所取りなどにおいて、他人に遅れをとることを恐れる心理を友人同士で自嘲的に語る状況。,Kiasu（キアス）,福建語の「驚輸（負けることを恐れる）」を借用し、シンガポール社会特有の過剰な競争プレッシャーをメタファーとして共有し連帯する。,シンガポールの一般市民が、相手の難解な説明に対し、全く理解できなかったことを親しい友人間にユーモアを交えて伝える状況。,Catch no ball.,福建語の「掠無球（ボールを捕れない）」を英語に直訳（calque）した隠語的表現で、無理解というネガティブな状態を球技のメタファーに変換しユーモアを持たせる。
第2象限（共感と審美）,タイ,パーサー・カトゥーイ（タイ・LGBTQ+スラング）,タイのLGBTQ+コミュニティ発祥の、比喩や誇張、擬音語を多用してドラマチックな感情や連帯を表現する言語実践。,オノマトペの形容詞化、異分野からの意味の借用、音声的リズムの重視。,高い可視性を持ちながらも依然として社会的偏見が存在する中で、独自のサブカルチャーと審美眼を発展させてきた背景。,イングループの美的基準の共有、困難や悲劇のユーモアへの昇華、流行の最先端を担うという自負の表現。,自己肯定感の向上、疎外感の払拭、言語的パフォーマンスによるエンパワーメント。,タイのLGBTQ+コミュニティのメンバーが、友人やアイドルの服装が完璧で衝撃的に美しい状態を見た際、仲間内で称賛する状況。,??????（Pang mak）,銃声や爆発音を表す擬音語「パン」を「衝撃的に素晴らしい」というメタファーとして用い、直感的な審美的共感をイングループ内で喚起する。,タイのLGBTQ+コミュニティのメンバーが、見栄を張っていたことが露呈してしまった気まずい状況を仲間内で自嘲的に語る状況。,???????（Poh taek）,本来は「魚を捕る仕掛け（????）が壊れる（???）」ことに由来する言葉を、隠していた秘密が一気に露見する劇的な状況の見立て（メタファー）として借用している。,タイのLGBTQ+コミュニティのメンバーが、仲間内の軽い口論において、議論を強制的に終了させたり自分の意見が絶対的であることを可愛らしくアピールする状況。,??????（Jop ping）,「終わる（Jop）」という単語に、魔法やひらめきの効果音である「ピン」を組み合わせ、対立を遊戯的に回避しつつ自己完結する。
第2象限,フィリピン,Swardspeak（ベキ語/ゲイ・リンゴ）,フィリピンのLGBTQ+コミュニティで発祥し、連帯感の形成や部外者からの会話の秘匿を目的として使用される隠語・俗語。,"タガログ語、英語、スペイン語のコードスイッチング、接辞の付加（-sh, -nyなど）、有名人の名前による音声的・意味的な語彙の置換。",カトリックの影響が強い社会における性的マイノリティの自己防衛、および独自のアイデンティティ確立の欲求。,集団内の結束強化、心理的障壁の構築、マジョリティ社会の規範に対するユーモアを通じた抵抗。,疎外感の緩和、同胞意識（カプワ）の醸成、会話における遊戯性とエンパワーメント。,性的マイノリティの若者同士が、空腹であることを周囲の部外者に悟られずに仲間内に伝える場面。,Tom Jones（トム・ジョーンズ）,タガログ語の「Gutom（空腹）」の音韻が似ていることから、アメリカの歌手名に置き換えた遊戯的な隠語。,ゲイコミュニティ内で、特定の人物の容姿が魅力的でないことを、周囲に気づかれないよう密かに指摘・揶揄する場面。,Chaka Khan（チャカ・カーン）/ Chaka,タガログ語の「Pangit（不細工）」の代わりに、音声的な響きや別の隠語から派生し、歌手名を見立てて用いる婉曲かつユーモラスな表現。,性的マイノリティの仲間同士が、会話を終えて別れる際に、親密さを保ちつつ軽快に挨拶を交わす場面。,Babosh（バボッシュ）,英語の「Bye」や「Babayu」に、特有の接尾辞「-osh」を付加し、親密さと軽快さを演出する表現。
第2象限,ブルネイ,NO_DATA,,,,,,,,,,,,,,
第2象限,ベトナム,Ti?ng l?ng（ベトナム若者言葉・ネットスラング）,ベトナムの若者やネットユーザーが、情報伝達の効率化と同時に、世代間の壁を作り仲間内の共感を高めるために用いる比喩的・暗号的な俗語。,頭字語（アクロニム）の活用、同音異義語を用いたもじり、伝統的な農村の語彙の現代的・都市的な文脈への意味拡張（メタファー）。,急速なインターネットの普及とSNSの発展、それに伴う若者世代と親・高齢者世代との間の価値観や情報リテラシーの断絶。,オンラインコミュニティにおける内集団性の誇示、直接的な批判や感情表現を避けるためのクッションとしての役割。,ユーモアの共有によるストレス軽減、検閲や年長者の監視から逃れることによる心理的解放感。,若者同士のカフェでの会話やSNS上で、仲間が根拠のない自慢話をしたり大げさな雑談をしている場面。,Ch?m gi?（チェム・ゾー）,直訳は「風を斬る」。大げさな身振り手振りで話す様子を風を斬る動作に見立てた比喩表現であり、相手を直接非難せずユーモラスに指摘する機能を持つ。,ネット掲示板やSNSで、他人の成功に対して嫉妬心から批判的なコメントを書き込むユーザーを、若者たちが仲間内でからかう場面。,GATO（ガトー）,「Ghen ?n t?c ?（他人の成功を嫉妬する）」の頭文字をとったアクロニム。フランス語由来の洋菓子（ガトー）と同音になる言葉遊びを用いた隠語。,オンラインゲームやSNS上で、感情的で無鉄砲な発言をする未熟なユーザーを指して、他のネットユーザーが揶揄する場面。,Tr? tr?u（チェー・チャウ）,直訳は「若い水牛」。農村部で水牛の世話をする少年のように、血気盛んで教養が足りない様子を動物のメタファーを用いて揶揄する表現。
第2象限,マレーシア,Bahasa Slanga / Bahasa Rojak（マレーシアの若者・サブカルチャースラング）,マレーシアの都市部の若者や特定のサブカルチャーが、多民族国家における異文化混交を反映させつつ、連帯感を示すために用いる俗語。,マレー語をベースにしつつ、英語、中国語（広東語等）、タミル語からの語彙借用、意味の転用・拡張、および音声の省略。,多民族・多言語が共存する社会環境と、急速な都市化に伴う若者特有のストリート文化や反権威的なサブカルチャーの形成。,多民族間の若者をつなぐ共通のコードとしての役割、フォーマルな標準マレー語に対するインフォーマルな対抗文化の形成。,「マレーシア人」という共通のストリート・アイデンティティの獲得、権威への反発と仲間内での強い心理的絆の構築。,若者同士がオンラインゲームやストリートスポーツの試合で、相手チームを完全に圧倒して打ち負かした場面。,Tapau（タパウ）,広東語の「打包（持ち帰り）」からの借用。食べ物を包んで持ち帰ることから転じて、相手を「包んで片付ける（圧倒して勝つ）」という意味へと拡張されたメタファー。,試験に失敗したり、SNSでのトラブルで精神的なショックを受け、心が折れた状態を若者が自嘲気味に表現する場面。,Koyak（コヤック）,マレー語で本来「破れる・裂ける」（紙や布など）を意味する単語を、精神状態が「破綻した・傷ついた」状態に見立てて用いる比喩的表現。,街角やSNS上で、若者が魅力的な女性の容姿を見かけた際や、友人の見事なパフォーマンスを称賛する場面。,Cun（チュン）,英語の「Tune」もしくは中国語方言に由来するとされる俗語。本来の意味から離れ、若者間で直感的な「完璧さ」や「美しさ」を共感し合うための感嘆詞として機能する。
第2象限,ミャンマー,NO_DATA,,,,,,,,,,,,,,
第2象限,ラオス,NO_DATA,,,,,,,,,,,,,,
第2象限,東ティモール,NO_DATA,,,,,,,,,,,,,,
第2象限,インド,ムンバイのストリート・スラング「バンバイヤ・ヒンディー（Bambaiya Hindi）」,ムンバイの下層階級や裏社会発祥の、比喩や隠語を多用する遊戯的で反抗的な混合スラング。,ヒンディー語の文法をベースに、マラーティー語、グジャラート語、英語などの語彙が混ざり合うピジン的構造。,急激な都市化、移民の流入、スラムやインフォーマル経済の拡大という多言語・多文化の混交環境。,標準ヒンディー語を話すエリート層への反発、ストリートでの仲間意識（イングループ）の形成と部外者の排除。,権威への抵抗感と解放感、同じ過酷な環境を生き抜く者同士の強い連帯感と自己肯定感。,ムンバイのストリートの若者や労働者が、親しい仲間へ呼びかける時。,Bhidu（ビドゥ）,元々はマラーティー語などで「仲間・相棒」を意味するが、標準語のBhai（兄弟）よりもストリートでの強い絆と対等な関係を強調する。,ムンバイの不良少年たちが、警察の巡回から逃走する、または不要な部外者を追い払う時。,Kalti maar（カルティ・マール）,「方向を変える」「切り上げる」という比喩的な動作表現から転じ、警察や敵から素早く逃げる際、または不要な者を追い払う暗語として機能する。,男性グループがストリートの片隅で、魅力的な女性や恋愛対象について身内で噂話をする時。,Item（アイテム） / Patakha（パタカ：爆竹）,女性を「物」や「爆発物（刺激的なもの）」に見立てる遊戯的・暴力的なメタファー。男性中心のストリート集団内でのマッチョイズムの共有として機能する。
第2象限,パキスタン,パンジャーブ文化における言葉遊び・罵倒芸術「ジュガト（Jugat）」,相手の容姿や特徴を、誇張した比喩や韻を踏んだ表現で即興的にからかい合う、パンジャーブ地方特有の言語実践。,直喩（?のようだ）や暗喩を多用し、リズミカルなトーンやパンジャーブ語特有の誇張表現を伴う。,男性同士の非公式な集まり（バイタク）や、庶民的な大衆演劇（ステージ・ドラマ）の伝統。,暴力に訴えずに社会的な序列や機知を競う手段、および笑いを通じた緊張の緩和と仲間意識の確認。,互いに攻撃的な言葉を浴びせ合いながらもそれを受容することで、排他的で強固な信頼関係とカタルシスを生む。,男性たちの非公式な集まり（バイタク）で、極端に痩せている友人をからかう時。,「自転車のスポーク（Saikal di taar）」に例える。,相手の身体的特徴を身近な無機物に例えることで、直接的な侮辱を避けつつ、視覚的な滑稽さを集団で共有する。,大衆演劇の舞台やストリートで、相手の顔立ちや肌の色を即興でいじる時。,「焦げたフライパン（Tawa）」に例える。,日常的な台所用品への見立て。外見的コンプレックスになり得る要素をあえて大げさな比喩で笑いに昇華し、タブーを共有する共感を生む。,友人同士の口喧嘩の際、相手の知性や愚かさをユーモアを交えてからかう時。,「ロバ（Khota）」などの動植物に関連づけた即興の詩的表現。,単純に「馬鹿」と罵るのではなく、動物や植物の生態に擬人化・逆擬人化することで、発話者のユーモアセンスが評価され、場の一体感が高まる。
第2象限,バングラデシュ,バウル行者の神秘主義的隠語「ションダ・バシャ（Sandhya Bhasha / 宵の言語）」,バングラデシュの非正統的な神秘主義集団「バウル」が、身体的・精神的な修行を隠蔽するために用いる重層的な暗喩体系。,農作業、川、釣り、舟の操縦など、ベンガル地方の日常的な物質文化の語彙を用いた二重意味（表向きは日常、裏は神秘主義）の構造。,正統派のイスラム教やヒンドゥー教からの迫害・異端視を避けるため、教義やタントラ的な修行法を隠す必要があった。,外部社会からの防衛（情報隠蔽）と、難解なメタファーを解読できるイニシエーション（入信）を受けた者同士の強い結束力の維持。,日常の風景に神聖な意味を見出す宗教的恍惚感と、選ばれた少数者であるという特権的な自己同一性の強化。,バウル行者が村の集会などで、人間の肉体と魂（自己）の関係を歌（ガーン）で表現する時。,「鳥かごの中の鳥（Khachar pakhi）」,肉体を「かご」、そこに一時的に宿る魂を「見知らぬ鳥」に見立てる。はかない生命と、いつか飛び去る魂の神秘を日常の風景で表現し、共感を呼ぶ。,バウルの師匠（グル）が弟子に対し、人間の煩悩や感覚器官（五感・六感）の危うさを説く時。,「泥棒（Chor）」が家に侵入する、または「川（Nodi）」の急流。,精神的エネルギーを奪う欲望を「泥棒」に、心の激しい動きをベンガルの激しい「川」に見立て、修行の困難さを身近な恐怖と結びつけて共有する。,バウル行者同士が、ヨガ的・タントラ的なエネルギーの源泉や究極の真理について隠密に言及する時。,「見知らぬ木（Ochin brikkho）」や「底知れぬ池」。,具体的な身体部位や性的な修行プロセスを自然物に偽装する。外部者には単なる風景の歌に聞こえるが、内部者には高度な身体技法と精神的到達点として解読される。
第2象限,スリランカ,ケレ・バーシャーワ（Kele Bhashawa / 森の言葉）,農民や宝石採掘者などが、森や鉱山などの特定の環境下で悪霊や野生動物の注意を逸らすために使用する忌避語・隠語体系。,日常的な名詞を、対象の見た目・動作に基づく描写的なメタファー（見立て）や婉曲的な語彙に意図的に置き換える。,アニミズム的信仰が仏教と習合しており、自然界には精霊（ヤクシャー）や危険な呪術的力が潜んでいるという世界観が存在する。,共同作業（採掘や焼畑農業）において、特定の語彙を共有する者だけのイングループを形成し、自然の脅威に対する心理的結束を高める。,対象の真の名前が持つ呪術的力を回避することで安心感を得ると同時に、秘密の言葉を使うことで集団への所属意識と連帯感を強化する。,ジャングル内での移動や焼畑農業中、象に遭遇する危険がある時。,象（アリヤー）を「マハ・エカ（大きいやつ）」と呼ぶ。,直接名前を呼ぶと象（またはその背後にいる精霊）を呼び寄せてしまうという信仰に基づき、婉曲的な見立てを用いることで恐怖をコントロールする。,夜間の森での活動中、熊への警戒を促す時。,熊（ワラハー）を「カルワー（黒いやつ）」と呼ぶ。,色彩によるメタファーを用いることで、情報の伝達（危険の共有）と呪術的忌避を同時に行い、仲間の安全を確保する。,森の中で蛇に遭遇、または周囲の仲間に警戒を促す時。,蛇（サルパヤー）を「ディガ・エカ（長いもの）」と呼ぶ。,形状を抽出した暗語を使うことで不吉な存在を日常のコンテクストから切り離し、危険地帯における集団内でのみ通じる記号として機能させている。
第2象限,ネパール,ウカン・トゥッカ（Ukhan Tukka）,ネパール社会に根付く、自然、動物、農村生活のメタファーを用いた諺や慣用句による間接的なコミュニケーション実践。,対句や脚韻を踏んだリズミカルな短文が多く、文字通りの意味とは異なる裏の意味（寓意）を持つ。,面子（イッザト）を重んじ、直接的な批判や対立を避ける調和重視の社会構造と、古くからの農業・自然環境の密接な関わり。,直接的な対立を回避しつつ、相手を諫めたり、社会的な不満を共有したりするためのコミュニケーションの潤滑油として機能する。,ユーモアや詩的な表現で包むことで、言いにくいことを伝える側の心理的負担を軽減し、聞く側との文化的な共感を引き出す。,自分の能力不足を棚に上げて、環境や道具のせいにする相手を間接的に批判する際。,「Naachna jaandaina aagan tedho（踊りを知らない者は、中庭が歪んでいると言う）」,「踊り」と「中庭」という日常的な見立てを用いることで、角を立てずに相手の言い訳を指摘し、周囲の笑いと共感を誘う。,価値を理解できない人に貴重なものを与えて無駄になっている状況を嘆く際。,「Baandarko haatma nariwal（猿の手にココナッツ）」,動物のメタファーを用いて、当事者を直接侮辱することなく状況の滑稽さを表現し、同席する仲間内での連帯感（私たちは価値をわかっている）を高める。,身近にある優れたものや人材が、近すぎるゆえに軽視されていると指摘する際。,「Najikko tirtha hela（近くの巡礼地は軽んじられる）」,宗教的実践（巡礼）を比喩として用い、人間の普遍的な心理を詩的に表現することで、共感と内省を同時に促す。
第2象限,ブータン,NO_DATA,,,,,,,,,,,,,,
第2象限,モルディブ,NO_DATA,,,,,,,,,,,,,,
第2象限,アフガニスタン,ランダイ（Pashtun Landay）,パシュトゥーン人女性の間で口承される、無名・短詩の形式を用いた間接的かつ隠語的な感情表現および社会批判の言語実践。,第1行が9音節、第2行が13音節からなる2行22音節の詩。直喩や暗喩、定型的なイメージが多用される。,厳格な家父長制や部族の掟（パシュトゥーンワライ）により、女性が公に自己表現（恋愛、怒り、悲しみ）することが禁じられている社会。,匿名性を保ちながら、抑圧的な社会規範に対する批判や個人の欲望を共有し、女性同士のコミュニティにおける連帯感を構築する。,表向きの従順さを装いつつ、詩という遊戯的・メタファー的空間で感情を爆発させることによるカタルシスと、共犯関係的な共感の醸成。,望まない結婚や、年の離れた夫への不満を女性同士の身内で吐露する際。,"「You sold me to an old man, father. May God destroy your home, I was your daughter.（父よ、私を老人に売りましたね。あなたの家が神に破壊されますように、私はあなたの娘だったのに。）」",直接的な反抗が命の危険を伴う中、定型の詩に仮託することで、家長への強烈な怒りを安全に表現し、同調を誘う。,戦争や紛争で愛する者を失った悲しみを共有する、あるいは男性戦士としての名誉を問う際。,"「If you do not become a martyr in battle, my love, you are destined to live in shame.（戦場で殉教しないのなら、私の愛しい人よ、あなたは恥辱にまみれて生きる定めにあります。）」",部族の名誉（ナング）の概念をメタファーとして用い、男性の不甲斐なさを詩的に批判しつつ、女性視点での社会的価値観の共有を図る。,外国軍の介入や近代兵器の脅威などの社会情勢を風刺・嘆く際。,「The drones have come to the Afghan sky. The mouths of our rockets will sound in reply.（アフガンの空にドローンがやってきた。私たちのロケットの口がそれに答えるだろう。）」,現代の恐怖や理不尽を伝統的な詩のフォーマットに落とし込むことで、集団のトラウマを文化的枠組みの中で処理し、心理的防衛を図る。
第2象限,ウズベキスタン,NO_DATA,,,,,,,,,,,,,,
第2象限,カザフスタン,NO_DATA,,,,,,,,,,,,,,
第2象限,キルギス,NO_DATA,,,,,,,,,,,,,,
第2象限,タジキスタン,NO_DATA,,,,,,,,,,,,,,
第2象限,トルクメニスタン,NO_DATA,,,,,,,,,,,,,,
第2象限,アラブ首長国連邦,NO_DATA,,,,,,,,,,,,,,
第2象限,イエメン,NO_DATA,,,,,,,,,,,,,,
第2象限,イスラエル,IDF軍事スラング（Tzahal Slang）,若年層の徴兵制を背景に、軍隊内の過酷な環境下で連帯感を高めるために用いられる隠語や比喩的な俗語。,頭字語（アクロニム）の多用、イディッシュ語やアラビア語からの借用、意味の転用（メタファー）。,国民皆兵制により多様な文化的・階層的背景を持つ若者が集結する環境。,過酷な現実からの心理的逃避、階層的組織内での非公式な仲間意識の醸成、部外者との境界線引き。,ユーモアによるストレス緩和、集団への所属欲求の充足、痛みの共有によるカタルシス。,先輩兵士が、配属直後の新兵の未熟さをからかい、階層的優位を遊戯的に示す状況,????（ツァイール：直訳は「若い」）,単なる年齢ではなく軍隊経験（兵役期間）の短さを指し、階層関係を遊戯的に確認する機能を持つ。,休暇明けの日曜の朝、基地に戻る兵士同士が極度の憂鬱感を共有する状況,?????? ??? ?'（シュビズット・ヨム・アレフ：日曜の憂鬱）,卑語を語源とする頭字語から派生した造語で、軍務の疲労や絶望感をあえて大げさに表現し共有することで、心理的負担を軽減する。,戦闘部隊の兵士が、後方支援や非戦闘部門の兵士を揶揄しつつ連帯を確認する状況,?'?????（ジョブニク）,英語の「Job」にロシア・イディッシュ語由来の接尾辞「-nik」を付けた混種語。戦闘部隊との対比で用いられ、特定のアイデンティティと連帯を形成する。
第2象限,イラク,NO_DATA,,,,,,,,,,,,,,
第2象限,イラン,ターロフ（Ta'arof）,情報伝達の効率性よりも、自己卑下と他者高揚の比喩的表現を用いて関係の調和と共感を築く、高度に間接的な言語実践。,定型句の反復、極端な誇張法（ハイパーボラ）、自己を低め相手を高める非対称的な意味構造。,ペルシャ宮廷文化の伝統と、内面（バーテン）と外面（ザーヘル）を区別する文化的・精神的背景。,対人関係における摩擦の回避、相互の敬意の確認、階層社会における平等の擬制と連帯の強化。,他者への配慮を通じた安心感の提供と美的自己満足（一方で真意を探る心理的緊張も伴う）。,タクシー運転手や商店主が、客からの支払いを受け取る際に発する状況,???? ?????（ガーベル・ナダール：あなたから受け取る価値などありません）,金銭の要求という直接的な利害関係を一時的に否定し、相手への敬意が金銭を上回ることを示す。実際には支払いが前提の儀礼的メタファー。,家主が、訪問してきた客を家に迎え入れる際や、深い愛情・歓迎を表現する状況,???? ??? ???（ガダメット・ルーイェ・チャシュム：あなたの足音を私の目の上に）,自分の最も繊細な器官（目）を相手の足元に置くという極端な身体的メタファーにより、最上級の歓迎と献身を示す。,親しい友人同士や目下の者が目上の人に対して、感謝や親愛を示す状況,?????? / ??????（チャーケラタム / ノーケラタム：私はあなたの奴隷/召使いです）,文字通りの主従関係ではなく、深い共感や連帯感、心理的距離の近さを示す隠語的メタファーとして日常的に機能する。
第2象限,オマーン,NO_DATA,,,,,,,,,,,,,,
第2象限,カタール,NO_DATA,,,,,,,,,,,,,,
第2象限,クウェート,NO_DATA,,,,,,,,,,,,,,
第2象限,サウジアラビア,現代サウジ若者言葉（シャバービー）におけるメタファー,伝統的なアラビア語の語彙に新たな意味（反抗、感嘆など）を付与し、若者世代の連帯感を示す隠語的表現,既存の動詞や分詞の原義（物理的動作）を心理的・社会的状態へ意味拡張（比喩）する構造,急速な近代化とSNS普及に伴い、上の世代の伝統的価値観と区別された独自の世代アイデンティティの形成,同世代間の帰属意識の強化と、大人世代に対する間接的なコードとしての機能,既存の権威に対する遊戯的な抵抗感と、仲間内での心理的安全性・共感の醸成,友人が規範から外れた大胆な行動（危険な運転など）をとった際、それを見た別の若者が発する状況,Z??if（ザーヒフ：原義は「這う者」「爬虫類」）,「地を這うように法や網の目を潜り抜ける」という見立てから、「不良」「かっこいい」「恐れ知らず」という意味で用いられ共感を呼ぶ。,非常に美しい車や魅力的な人物を見た若者が、仲間に対して感嘆を漏らす状況,Khaq / Khaqqa（ハッカ：原義は「倒れる」「気絶する」）,物理的に倒れる様子を感情の昂ぶりに見立て、「気を失うほど素晴らしい」「圧倒された」という共感的感嘆を示す。,夜間の市街地で目的もなく車で走り回ったり、たむろしている若者同士が自らの状態を指して発する状況,D?sher（ダーシェル：原義は「放浪者」「逸脱者」）,伝統的な部族社会ではネガティブな「放浪」を、自由を謳歌する若者の遊戯的・享楽的なステータスとして再解釈し連帯する。
第2象限,シリア,ダマスカス方言における身体的メタファーを用いた親交表現（ムジャーマラ）,身体や生命に関わる極端な比喩を用いることで、相手への深い愛情や絶対的な尊重を示す日常的な修辞的実践,身体部位や生死に関する直接的語彙を用いた誇張法（ハイパーボリ）による慣用句,地中海・レバント地域の濃密な人間関係と、相手を立てることで互いの名誉（シャラフ）を保つ都市伝統文化,敵意の不在を証明し、親族や地域コミュニティ内の紐帯や相互扶助の精神を潤滑に維持する,自己犠牲を伴うような表現を聞くことで、相手から受容されているという強い安心感と情緒的共感を得る,母親が自らの子供に対して、あるいは恋人同士が、深い愛情を伝える状況,Tu'burni（トゥウブルニー：直訳「あなたは私を葬るだろう」）,「あなたより先にお墓に入りたい（あなたが死ぬのを見たくない）」という極端な自己犠牲的メタファーにより、究極の愛情と共感を示す。,友人や商人が頼み事を引き受けたり、相手の意見に全面的に同意する状況,Ala Rasi（アラ・ラーシー：直訳「私の頭の上に」）,自分の最も高い部位（頭）に相手の頼みを置くという空間的メタファーにより、相手への絶対的な敬意と連帯を示す。,同僚や家族から依頼を受けた際、快諾の意を伝える状況,Min 'Uyuni（ミン・ウユーニー：直訳「私の両眼から」）,人体で最も繊細で重要な「目」を差し出す、または目を通して対応するという比喩により、無私の奉仕と深い親愛の情を伝える。
第2象限,トルコ,ルブンジャ（Lubunca）,LGBTQ+コミュニティや歴史的にセックスワーカーの間で使用される、部外者から会話を隠し連帯感を高めるための隠語（アルゴ）。,トルコ語の文法を基礎としつつ、ロマ語、ギリシャ語、アルメニア語などの語彙を借用・置換する。,性的少数者に対する社会的偏見や警察の取り締まりが存在する環境での自己防衛の必要性。,部外者（特に警察や保守的市民）からの情報秘匿、コミュニティ内の帰属意識と連帯の形成。,心理的安全性、排除された者同士の親密な結びつき、ユーモアを通じたカタルシス。,警察の接近を仲間内で警告する状況,「パパロン（Paparon）が来る」,ギリシャ語由来の語を「警察」の暗語として用いることで、周囲の一般人に気づかれずに危険を伝達する。,公共の場で魅力的な男性について言及する状況,「ラチョ（La?o）」,ロマ語由来の語彙で「異性愛者に見える魅力的な男性」を指し、公共の場でも安全に欲望や評価を共有する。,相手に状況を理解させたり、周囲を警戒させたりする状況,「アルク（Al?k）する」,独自の動詞を用いることで、日常的な行為（見る、理解する）を暗号化し、イングループのみに通じる会話のテンポを維持する。
第2象限,バーレーン,NO_DATA,,,,,,,,,,,,,,
第2象限,ヨルダン,NO_DATA,,,,,,,,,,,,,,
第2象限,レバノン,NO_DATA,,,,,,,,,,,,,,
第2象限,パレスチナ,スムード（Sumud）を体現する農業的メタファー,占領下の抵抗や故郷への愛着を、オリーブやザータルなどの農業・自然由来の比喩を用いて間接的かつ詩的に表現する言語文化。,日常的な挨拶や詩作において、特定の植物名や農作業の語彙を政治的・実存的な意味に転用する意味論的拡張。,検閲、土地の喪失、ディアスポラ（離散）といった歴史的・政治的制約。,直接的な政治的発言による弾圧の回避、世代を超えた集合的記憶の継承、パレスチナ人同士の連帯感の確認。,トラウマの緩和、希望の維持、土地との不可分な結びつきによる精神的安定。,個人の不屈の精神や忍耐を称賛する状況,「彼の根はオリーブの木だ（Juthooruhu zaytoun）」という表現。,オリーブが過酷な環境でも長寿であることを利用し、直接的な「抵抗」という語を使わずに、土地に留まり続ける意志（スムード）を称える。,亡命先や離散先で故郷への帰属意識を確認する状況,「ザータルの香り（Rihat al-za'atar）」という表現。,野生のタイム（ザータル）をパレスチナの土壌や家庭の象徴（換喩）として用い、政治的文脈を離れて深い郷愁と仲間意識を喚起する。,紛争で犠牲になった者（殉教者）を悼む状況,犠牲者を「花婿/花嫁（Arees/Aroos）」、あるいは「アネモネ（Shaqa'iq al-Nu'man）」に例える表現。,死という悲劇を「祖国との結婚」や「春に咲く赤い花」に美化・転換することで、集団の悲しみを和らげ、犠牲に高い精神的価値を付与する。
第2象限,アイルランド,Craic（クラック）,情報伝達ではなく、場を共有し楽しむための「会話や娯楽、その場の雰囲気」を指すアイルランド特有の文化・感情概念。,英語の「crack」がアイルランド語の綴り（craic）に翻訳・再輸入され、会話の中で名詞として使用される。,パブ文化や口承伝統が根強く、コミュニティ内での対面コミュニケーションや物語の共有を重視する社会。,会話の質や場の雰囲気を評価し、参加者同士の連帯感や親密さを構築する機能。,帰属意識の向上、日々のストレスの緩和、共感による多幸感。,地元の若者がパブで久しぶりに再会した友人に向けて挨拶をする時。,What's the craic?（最近どう？／何か面白いことあった？）,単なる事実の要求ではなく、関係性の再確認と親密なコミュニケーションの開始を促す。,翌朝、同僚同士で昨晩のパブでの盛り上がりを振り返る時。,The craic was ninety.（最高に楽しかった。）,「90」という数字を用いた隠語的表現で、集団で共有した熱狂や楽しさを極大化して追体験する。,新しい知人をグループに紹介した後、友人同士でその人の親しみやすさを評価する時。,He is good craic.（彼は一緒にいて楽しい奴だ。）,社会的価値を情報処理能力ではなく、場を和ませ共感を生む能力（ユーモアや話術）に置いていることを示す。
第2象限,イギリス,コックニー・ライミング・スラング（Cockney Rhyming Slang）,元の単語を韻を踏むフレーズに置き換え、さらにその韻を踏む部分を省略することで意味を隠すロンドン下町の隠語。,標的語（A）と韻を踏む句（B and C）を作り、韻を踏むCを省略してBのみを発話する構造。,19世紀のロンドン・イーストエンドにおける労働者階級や市場の商人たちのコミュニティ。,警察や部外者から会話の内容を隠蔽し、同時に内部者の結束を強める暗号的機能。,暗号を共有することによる強い仲間意識、権力や部外者に対する遊戯的な抵抗感。,イーストエンドのパブで、労働階級の既婚男性が妻について友人に愚痴をこぼす時。,"Trouble and strife（妻＝Wifeと韻を踏む）から派生した ""Trouble""。",妻を「トラブルと争い」に喩える自虐的なメタファーを通じて、既婚男性間の共感を誘う。,市場の商人が、通りすがりの客に自分の店の新鮮な商品を見るよう促す時。,"Butcher's hook（見る＝Lookと韻を踏む）から派生した ""Have a butcher's""。",日常的な動作を市場の肉屋の道具に見立てることで、労働者階級の生活実態に根ざした連帯の表現となっている。,アパートの階段を下から見上げながら、労働者が同僚に向かって登ることを提案する時。,"Apples and pears（階段＝Stairsと韻を踏む）から派生した ""Apples""。",市場で身近な果物を階段のメタファーとして用い、部外者には全く無関係な文脈に偽装する。
第2象限,オランダ,Gezelligheid（ヘゼリヒヘイト）,他言語への完全な翻訳が困難な、親しい人々と過ごす心地よさや、物理的・社会的環境の温かさを表す感情語。,形容詞「gezellig（心地よい、親密な、社交的な）」から派生した抽象名詞。,平等主義や家庭的温かさ（huiselijkheid）を重んじ、親密なサークル（kring）での団欒を大切にするオランダ文化。,空間や集団の雰囲気が「あるべき姿」に達しているかを評価し、社会的な調和を促す規範的機能。,心理的安全性、集団への帰属感、リラックスした状態の共有。,冬の夜、家族や友人が自宅の暖炉のそばでコーヒーを飲みながら談笑している時。,Het is hier erg gezellig.（ここはとてもヘゼリフだ。）,単なる物理的な暖かさではなく、人々の間の心理的な距離の近さや共感の度合いを言語化し肯定している。,金曜日の夜、アムステルダムの活気ある伝統的なブラウン・カフェに友人たちと足を踏み入れた時。,Wat een gezellige plek.（なんてヘゼリフな場所だろう。）,騒がしさなどの情報を「人々のポジティブなエネルギーの共有」という審美的な価値に変換して捉えている。,ホームパーティーで一人だけスマートフォンをいじり続け、雰囲気を壊している若者に対して友人が注意する時。,Doe niet zo ongezellig.（そんな「アンヘゼリフ」な態度はやめてくれ。）,反対語を用いることで、集団の共感を乱す行為を暗にたしなめ、コミュニティの同調圧力を機能させる。
第2象限,フランス,Verlan（ヴェルラン）,単語の音節を逆にして発音することで、特定のコミュニティ内でのみ通じるようにした若者言葉・隠語。,元の単語の音節を反転させ（例: l'envers → verlan）、発音しやすくするために母音を脱落・変化させる。,パリ郊外（バンリュー）の移民系若者を中心に、権威からの逃避と独自のアイデンティティ確立のために発展。,主流社会や上の世代からの干渉を排除し、マイノリティや若者間の強固な連帯感を構築する機能。,言語的な境界線を引くことによる内集団の防衛、反体制的なカタルシスと優越感。,パリ郊外（バンリュー）の若者が、カフェで仲の良い女友達や彼女について仲間内で話す時。,"femme（女）の音節を反転させた ""meuf""（ムフ）。",日常語をあえて変形させることで、対象への親愛の情や、若者特有のカジュアルな仲間意識を強調する。,ストリートで信じられないような出来事（見事なスケートボードのトリックなど）を目撃した若者が、仲間に向かって驚きを表現する時。,"fou（狂った、ヤバい）を反転させた ""ouf""（ウフ）。",「C'est un truc de ouf」のように用い、感情の極まりを標準語の枠を外れた音声で表現し共感を誘う。,北アフリカ系移民のルーツを持つ第二世代の若者が、仲間内で自らの出自やアイデンティティを語る時。,"Arabe（アラブ人）を反転させた ""Beur""（ブール）。",外部からのレッテル貼りを言語的遊戯によって転覆させ、自律的で誇り高い新たな自己定義と連帯を生み出す。
第2象限,ベルギー,BrusseleirのZwanze（ブリュッセル方言におけるズワンズ）,フランス語とオランダ語（フラマン語）を混合し、自己卑下や不条理な誇張を用いて笑いと共感を生むブリュッセル特有の言語遊戯。,ゲルマン系の語彙や統語法と、ロマンス系のそれをコードスイッチングや混合（クレオール化）させる。,複数の言語共同体が交差する首都において、支配階級への反発と民衆の混淆文化（Zinneke）を背景に発達。,言語間の対立をユーモアで中和し、権威を茶化すことで、多言語環境下の庶民の連帯を維持する機能。,緊張状態の緩和、複雑なアイデンティティを抱えることへの肯定感、権力に対するしなやかな抵抗感。,ブリュッセルの大衆酒場で、身の丈に合わない自慢話をする客を見た常連客が、仲間内でからかう時。,"フラマン語由来の ""Dikkenek""（太い首＝傲慢な人）という表現を用いる。",身体的特徴のメタファーを用いて相手の権威を滑稽に引き下げ、周囲の共感に基づくフラットな関係性を維持する。,ブリュッセル市民が、強権的な都市計画の象徴である巨大な最高裁判所（パレ・ド・ジュスティス）を見上げながら皮肉を言う時。,"最高裁判所の巨大建築を揶揄した ""Schieve architek""（歪んだ建築家）。",侮蔑語として歴史的な恨みを遊戯的なメタファーに昇華し、ブリュッセル市民固有の連帯の暗号とする。,仕事帰りのバーで、友人が明らかに誇張した大げさな武勇伝を語り始めた時、聞き手がツッコミを入れる時。,Tu vas nous faire une zwanze?（俺たちにズワンズ＝ホラ話を仕掛ける気か？）,フランス語の文脈に独自の概念語を挿入し、嘘や誇張も「場を楽しむための技術」として許容・共感する社会的態度を示す。
第2象限,ルクセンブルク,NO_DATA,,,,,,,,,,,,,,
第2象限,モナコ,NO_DATA,,,,,,,,,,,,,,
第2象限,ドイツ,NO_DATA,,,,,,,,,,,,,,
第2象限,オーストリア,Wiener Schm?h（ウィーナー・シュメー）,ウィーン特有の、皮肉、ブラックユーモア、自己卑下を交えた間接的で遊戯的なコミュニケーション・スタイル。,婉曲表現、誇張法、矛盾語法、独特のイントネーションを伴うダブルミーニングの多用。,かつての帝国首都としての複雑な社会階層や、厳しい検閲・抑圧の歴史の中で培われた、直接的な衝突を避ける処世術。,直接的な対立や非難を避けつつ、相手の機知を試し、ウィーン人同士の暗黙の連帯感と文化的優越感を醸成する。,深刻な状況や悲劇を笑いに変えること（カタルシス）で、ニヒリズムを共有し心理的負担を軽減する。,職場の同僚が業務上でミスをした際、直接非難する代わりに行う発言,Das hast du ja wieder super hingekriegt.（また見事にやってくれたね）,文字通りには称賛しているが、独特のイントネーションによって強烈な皮肉となり、当事者間でのみ通じる機知の共有となる。,カフェの常連客同士が政治や経済の深刻な不況について語り合う時,"Die Lage ist hoffnungslos, aber nicht ernst.（状況は絶望的だが、深刻ではない）",絶望と非深刻さを同居させる矛盾した表現によって悲観主義を言語的な遊びに変え、ウィーン特有のニヒリズムへの共感を誘う。,友人が待ち合わせに遅刻した際、不手際を軽く非難しつつ、親愛の情を示す時,Du bist mir so ein P?lcher.（お前は本当に悪党・ならず者だな）,「犯罪者」を意味する隠語(P?lcher)をあえて親愛を込めて用いることで、非難を和らげつつ内集団的な関係性を確認する。
第2象限,スイス,スイスドイツ語における縮小辞（-li）の多用,事物を小さく表現するだけでなく、親密さ、控えめさ、または皮肉を込めて縮小辞を多用する間接的・遊戯的な言語実践。,名詞の語尾に縮小辞「-li」を高頻度で付加し、場合によっては形容詞や副詞にも適用する。,直接的な自己主張を避け、調和、コンセンサス、および平等主義を重んじるスイスの村落共同体的・小国意識的な社会構造。,相手への威圧感を減らしてフラットな関係性を強調するとともに、スイスドイツ語話者同士の「スイスらしさ」に基づく連帯を確認する。,対人摩擦を未然に緩和し、スイス独自のアイデンティティ（標準ドイツ語圏との差異化）による集団的な安心感を醸成する。,近隣住民に対して、騒音などのちょっとした懸念や苦情を間接的に伝える時,Ich ha es chliises Problem?li.（小さな問題があるのだけど）,問題(Problem)に縮小辞(-?li)を付け、さらに「小さな」を重ねることで、意図的に事態を矮小化し相手の心理的負担と反発を和らげる。,職場の同僚とインフォーマルな休憩時間を共有したい時,G?mer no es K?ffeli go trinke?（ちょっとコーヒーでも飲みに行こうか？）,単なるコーヒー(Kaffee)に-liを付けることで、その時間が気兼ねない親密なものであることを示唆し、仲間内の共感を促す。,権威ある人物（上司や政治家など）の深刻な失敗を、仲間内で揶揄する時,Er h?t es F?hl?rli gmacht. (彼は小さなミスをしたね),深刻な失敗(Fehler)に対してあえて縮小辞を用いることで、直接的な非難を避けつつ、皮肉とユーモアを交えて仲間内で嘲笑を共有する。
第2象限,リヒテンシュタイン,NO_DATA,,,,,,,,,,,,,,
第2象限,イタリア,イタリアの食文化に根ざした比喩的慣用句（Modi di dire legati al cibo）,日常の困難や状況を、料理や食材のメタファーを用いて間接的かつ遊戯的に表現し、共感や諦念を共有する言語実践。,食材や料理の工程に関する名詞・動詞を文脈から借用し、意味を転用する比喩的構造。,食がコミュニケーションや人間関係の中心にあり、豊かな食文化が根付いているイタリア社会の特性。,相手への直接的な指摘や絶望的な状況の宣言を避け、ユーモアを交えて状況を緩和する。,深刻な事態を相対化し、共感と笑いを通じたカタルシスを得る。,プロジェクトが失敗し、完全に手詰まりになった同僚に対してビジネスマンが言う時。,Essere alla frutta（エッセレ・アッラ・フルッタ / 直訳：果物の状態にある、転じて「もう限界・終わりだ」）,イタリアのコース料理で最後に果物が出る元ネタと対比させ、事態が最終局面にあり打つ手がない状況を間接的に表現している。,誰かが全く関係のない話題に口を出してきた際、友人がそれをやんわりと指摘する時。,C'entra come i cavoli a merenda（チェントラ・コメ・イ・カーヴォリ・ア・メレンダ / 直訳：おやつのキャベツのように関係ある、転じて「全く見当違いだ」）,甘いおやつの時間にキャベツが出される違和感を比喩とし、相手の的外れな発言を角を立てずに遊戯的に指摘する。,試験に落ちて落ち込んでいる友人に対して、慰めの言葉をかける時。,Non tutte le ciambelle riescono col buco（ノン・トゥッテ・レ・チャンベッレ・リエスコノ・コル・ブーコ / 直訳：全てのドーナツに穴が空くわけではない、転じて「何事も常に完璧にいくとは限らない」）,ドーナツ作りの失敗をメタファーにし、人生の不確実性を遊戯的に受け入れさせ、相手の落ち込みを間接的に和らげる。
第2象限,サンマリノ,NO_DATA,,,,,,,,,,,,,,
第2象限,バチカン,NO_DATA,,,,,,,,,,,,,,
第2象限,スペイン,スペインの闘牛由来の比喩的表現（Expresiones taurinas en la vida cotidiana）,闘牛に関連する専門用語や状況を日常会話に転用し、困難な状況や人間の振る舞いを間接的かつ美学的に表現する実践。,闘牛士や牛の動き、闘牛場の空間に関する特定の語彙のメタファー化および意味の拡張。,闘牛が伝統的な娯楽として深く根付き、その美学やドラマチックな要素が広く共有されているスペインの文化。,日常の困難や危機を、闘牛士の勇気や機転になぞらえることで、状況をドラマチックかつ遊戯的に共有する。,危機的状況における恐怖や緊張を和らげ、美学的なカタルシスと仲間内の連帯感を生み出す。,難しい交渉や厄介な問題に直面した際、同僚に対して決意を示す時。,Coger al toro por los cuernos（コヘール・アル・トーロ・ポル・ロス・クエルノス / 直訳：牛の角を掴む、転じて「困難に正面から立ち向かう」）,闘牛士が牛の角を掴む最も危険な瞬間を比喩とし、直接的な「頑張る」という表現を避け、美学的な覚悟を暗喩する。,議論の際、当事者にならずに外から安全に批判だけしている傍観者を、友人が皮肉る時。,Ver los toros desde la barrera（ベール・ロス・トーロス・デスデ・ラ・バレーラ / 直訳：防護柵の中から闘牛を見る、転じて「安全な場所から傍観・批判する」）,闘牛場の防護壁という元ネタを用い、リスクを取らない相手の態度を間接的かつ痛烈に批判する暗号的機能を持つ。,非常に厄介な仕事を押し付けられた際、友人がその状況の難しさを表現する時。,Lidiar con un miura（リディアール・コン・ウン・ミウラ / 直訳：ミウラ牧場の牛と闘う、転じて「非常に困難な事態や気性の荒い人に対処する」）,凶暴で知られる「ミウラ牛」の元ネタを対比させ、直面している問題の恐ろしさを遊戯的な比喩に変換して共感を呼ぶ。
第2象限,ポルトガル,NO_DATA,,,,,,,,,,,,,,
第2象限,アンドラ,NO_DATA,,,,,,,,,,,,,,
第2象限,ギリシャ,Mangika（マンギカ：レベティコ・サブカルチャーの隠語）,20世紀初頭のアテネやピレウスの港湾労働者や音楽家（マンガス）の間で形成された、警察の目を逃れつつ連帯を示すための隠語（アルゴ）。,トルコ語やアラビア語からの借用語、単語の音節の入れ替え（倒語）、日常語の比喩的な意味の転用を特徴とする。,1922年の小アジアからの難民流入による都市部のスラム化、非合法活動とそれに伴う国家権力（警察）からの弾圧。,外部者（特に権力者）の理解を拒絶し、独自の掟を共有する内部集団だけの強固な結束とアイデンティティを確立する。,周縁化された社会的弱者が、独自の美学と名誉（フィロティモ）を持つ誇り高き反逆者であるという自己肯定感を得る。,警察の摘発を警戒しながら非合法なハシシ（大麻）を吸引・取引する時。,Mavros（マヴロス / 意味：黒）,日常語の色である「黒」を麻薬の隠語として転用することで、部外者には普通の会話に偽装しつつ、仲間内でのみ危険な情報を共有する。,集団内で掟を守る仲間や、優れたレベティコ奏者を称賛する時。,Dervis（デルヴィス / 語源：イスラム神秘主義の修行僧）,トルコ由来の宗教的な言葉を「クールで誇り高い男」の意味に転用し、彼らの持つ独自の精神性や美学を称揚する。,マンガスの服装や言葉遣いだけを真似た、実力や名誉を伴わない偽物を侮蔑する時。,Koutsavakis（クツァヴァキス / 語源：koutsos（足を引きずる）に由来し、誇張された歩き方を指す。意味：チンピラ、偽の不良）,表面的な模倣者を専用の蔑称で区別することで、集団の「本物」としての境界線を厳格に守り、内部の道徳的優位性を維持する。
第2象限,キプロス,NO_DATA,,,,,,,,,,,,,,
第2象限,マルタ,NO_DATA,,,,,,,,,,,,,,
第2象限,コソボ,NO_DATA,,,,,,,,,,,,,,
第2象限,アイスランド,ケニング（Kenning / 代称）,古ノルド語から続く詩文の伝統で、単一の直截的な名詞を避けて複数の語を組み合わせる比喩的・迂言的な言語表現。,2つ以上の名詞を組み合わせた複合語、または属格修飾による名詞句。,スカルド詩の伝統と北欧神話への深い理解を共有する文化的背景。,詩的教養の誇示と、神話的知識を共有する聴衆との文化的な連帯感・帰属意識の構築。,謎解きのような遊戯性と、隠喩の文脈を解読できた際の知的達成感および深い共感。,スカルド詩人が海を描写する時,hvalvegr（鯨の道）,海を単なる水域ではなく、鯨が通る道と見立てることで、自然に対する独特の視座を共有する。,スカルド詩人が船を描写する時,unnar hestr（波の馬）,波の上を進む船を大地を駆ける馬に喩え、航海の力強さと躍動感を表現。,スカルド詩人が剣を描写する時,s?rs ?ss（傷の氷）,剣の冷たく鋭い刃を氷に喩え、それがもたらす流血（傷）と対比させる審美的な隠喩。
第2象限,スウェーデン,自然・情緒に関する比喩的複合語彙,スウェーデンの自然環境や生活習慣に深く根ざした、他言語への一語訳が困難な特有の詩的・比喩的な複合語彙。,既存の日常的な名詞や動詞を組み合わせた複合語彙。,自然との一体感を重んじる北欧のライフスタイルと、余暇や静寂を大切にする生活文化。,同じ自然環境や生活感覚を共有する共同体において、微細な感情や特定の情景を比喩を通じて瞬時に共有する機能。,長い冬や豊かな自然に対するノスタルジー、あるいは安らぎといった共通の情緒の喚起。,一般市民が夜間の水辺の風景を描写する時,M?ngata（月明かりの道）,水面に反射した月明かりが一直線に伸びる様子を道に見立て、静寂な夜の情景を共有する。,一般市民が春の早朝の行動を指す時,G?kotta（カッコウの朝）,鳥のさえずりを聞くために早起きする習慣を指し、自然の音に対する審美的な共感を促す。,一般市民が旅行前の心理状態を語る時,Resfeber（旅の熱）,旅に出る前の期待と不安が入り交じったそわそわする感情を「熱」に見立てて言語化し、共感を得る。
第2象限,デンマーク,NO_DATA,,,,,,,,,,,,,,
第2象限,ノルウェー,ケバブノシュク（Kebabnorsk）,オスロ東部などで話される、アラビア語やクルド語などの移民言語からの借用語が混ざった多言語混用方言および若者言葉。,ノルウェー語の文法構造を基盤としつつ、特定の名詞・形容詞・感嘆詞に外来語を挿入・置換する。,移民二世・三世の増加と、オスロ市内における居住地域の分断（東西の社会経済的格差）。,マイノリティのルーツを持つ若者同士のアイデンティティ確立と、特定のコミュニティ内での連帯感の強化。,標準語の権威に対する反発、周縁化された立場からの帰属意識の醸成、仲間内での親密さの確認。,オスロ東部の若者が仲間や物を褒める時,Schpaa（シュパー）,ペルシア語やクルド語に由来し「かっこいい」を意味。若者同士の価値観を共有する隠語的機能を持つ。,オスロ東部の若者が日常の中でお金について話す時,Flus（フルス）,アラビア語に由来し「お金」を意味。標準語を避けることでストリートカルチャーの連帯感を強調する。,オスロ東部の若者が仲間内で若い女性を指す時,K?be（ケベ）,ベルベル語等に由来し「女の子」を意味。大人が理解しにくい暗語として若者コミュニティの境界線を引く効果がある。
第2象限,フィンランド,Stadin slangi（ヘルシンキ・スラング）,19世紀末から20世紀初頭にかけてヘルシンキの労働者階級の若者の間で形成された、スウェーデン語やロシア語の語彙をフィンランド語に組み込んだ都市スラング。,フィンランド語の統語論と形態論（格変化など）をベースに、他言語からの借用語彙を融合させた混合言語的構造。,急速な工業化と都市化により、フィンランド語話者の農村出身者とスウェーデン語話者がヘルシンキで混住した多言語環境。,労働者階級の若者同士の連帯感の強化と、農村部出身者や上流階級（純粋なスウェーデン語話者）に対する内集団・外集団の境界線の設定。,周縁化された階級における独自のアイデンティティ獲得と、多言語環境下での仲間意識の醸成。,仲間内での金銭の貸し借りなどの日常会話。,Onks sulla fyrkkaa?（お金持ってる？）,スウェーデン語の「fyrk（硬貨）」をフィンランド語の分格語尾「-aa」で活用させており、公用語に依存しない独自の経済的連帯を示す。,地元意識の確認やヘルシンキ中心部への帰属を示す会話。,M? oon Stadista.（俺はヘルシンキ出身だ。）,スウェーデン語の「stad（都市）」に由来する「Stadi」を用いることで、農村とは異なる都市労働者としての誇りと仲間意識を表現している。,家族関係を語る際のくだけた会話。,Mutsi ja fatsi（母ちゃんと父ちゃん）,フィンランド語の「?iti」「is?」ではなくスウェーデン語由来の呼称をあえて用いることで、権威的な親世代の言語から距離を置き、若者独自の遊戯的な空間を構築している。
第2象限,エストニア,NO_DATA,,,,,,,,,,,,,,
第2象限,ラトビア,NO_DATA,,,,,,,,,,,,,,
第2象限,リトアニア,NO_DATA,,,,,,,,,,,,,,
第2象限,ウクライナ,NO_DATA,,,,,,,,,,,,,,
第2象限,ベラルーシ,NO_DATA,,,,,,,,,,,,,,
第2象限,ロシア,フェーニャ（Fenya / 犯罪者隠語）,ロシアの裏社会や刑務所内で使用される隠語・アルゴ,イディッシュ語やウクライナ語からの借用、標準語の語彙に対する特異な比喩的意味の付与,帝政ロシア時代からソ連のグラーグ（強制収容所）システムを経て形成された非合法コミュニティ,当局（警察や看守）からの情報隠蔽および「盗賊の世界（Vorovskoy mir）」における身内意識の強化,反体制的な連帯感、アウトローとしてのアイデンティティ保持,警察官や看守との接触時,ムソル（Musor / ゴミ）,公権力を「ゴミ」と見立てることで、権威を失墜させ身内の結束を高める,刑務所間での情報伝達,マリアーヴァ（Malyava / 隠し手紙）,非公式なルートで伝達される手紙を指し、当局の監視を潜り抜ける連帯の証となる,集団内でのヒエラルキー確認時,パハン（Pakhan / 親父・ボス）,犯罪組織のリーダーを「父親」に例え、疑似家族的な強い忠誠心と絆を構築する
第2象限,ポーランド,グリプセラ（Grypsera / 刑務所隠語）,ポーランドの刑務所内で形成された囚人特有の隠語システム,ドイツ語やイディッシュ語の借用、音声的変形、標準ポーランド語のメタファー化,19世紀の分割時代から共産主義体制下にかけての抑圧的な刑務所環境,看守に対する情報の隠匿、囚人内の階級（「人間」と「非人間」）の明確な区別と連帯,過酷な環境下での心理的防衛、選民意識による自己尊厳の維持,看守が接近してきた時,ガト（Gad / 爬虫類・毒蛇）,看守を冷酷な爬虫類に例えることで、敵対心を共有し警戒を促す,新入りの囚人が来た時,フライェル（Frajer / カモ・素人）,隠語を知らない外部者や下層の囚人を指し、知る者同士の優位性と結束を再確認する,秘密裏にメッセージを送る時,グリプス（Gryps / 密書）,元の意味を超えて「囚人同士の秘密のやり取り」全体を象徴する言葉として機能し、連帯の核となる
第2象限,チェコ,ハンテツ（Hantec / ブルノ都市隠語）,モラヴィア地方の中心都市ブルノで独自に発達した都市スラング,チェコ語モラヴィア方言をベースに、ドイツ語やロマ語（ジプシー語）の語彙が混ざり合った言語交雑,19世紀から20世紀にかけての産業革命期のブルノにおける、チェコ人、ドイツ人、ロマ人の労働者階級の混住環境,首都プラハの標準文化に対する対抗意識の表明と、ブルノ市民同士のローカルな仲間意識の強化,地元への強い帰属意識、ユーモアを介した排他的かつ親密なコミュニケーションの享受,市内で公共交通機関を利用する時,シャリナ（?alina / 路面電車）,ドイツ語の「Elektrische Linie」が変形したもので、標準語（Tramvaj）を避けることで地元民であることを証明する,パブで酒を飲む時,バーノ（Bahno / ビール）,標準語で「泥」を意味する言葉をビールに見立てることで、労働者階級特有の自虐的かつ親密なユーモアを共有する,天気を話題にする時,ゾンツナ（Zoncna / 太陽）,ドイツ語の「Sonne」に由来し、日常会話に異質な語彙を挟むことでブルノ特有の言語遊戯を楽しむ
第2象限,スロバキア,NO_DATA,,,,,,,,,,,,,,
第2象限,ハンガリー,NO_DATA,,,,,,,,,,,,,,
第2象限,ルーマニア,?op?rl?（ショプルラ：共産主義時代の検閲逃れの暗号的隠語）,直訳は「トカゲ」。共産主義時代のルーマニアにおいて、検閲を逃れるために表面上は無害な表現を装いながら、体制批判や皮肉を込めた暗号的メッセージや風刺的隠語。,イソップ寓話的な比喩、ダブルミーニング、文脈依存の含意（インプリカチュア）を用いた多層的な意味構造。,チャウシェスク政権下の厳しい言論統制、秘密警察（セクリターテ）の監視網、および検閲をすり抜けようとする知識人や一般市民の抵抗文化。,体制への不満をユーモアとして共有し、過酷な監視社会の中で「分かっている者同士」の心理的連帯（イングループの形成）を維持する。,直接的な対立を避けつつ、体制への批判を暗号解読の知的遊戯に昇華させることで、恐怖心を和らげ心理的カタルシスをもたらす。,検閲される新聞の演劇評や文芸時評において、特定の作品を語るふりをして体制を批判する時。,A strecura o ?op?rl?.（トカゲを忍び込ませる＝検閲逃れの暗号的批判を紛れ込ませる）,検閲官には見えない「トカゲ（隠された真意）」を読者だけが発見するという知的遊戯を通じて、読者との間に秘密の共犯関係を構築する。,日常会話において、冬の深刻な暖房不足を直接批判せず、あえて気象現象のせいにする時。,"E frig din cauza criv??ului, nu de altceva.（寒いのは冬の嵐（クリヴァツ）のせいだ、他の何ものでもない）",「他の何ものでもない（＝体制のせいではない）」と過剰に強調することで、逆に体制の無能さを皮肉るダブルミーニングとして機能する。,演劇やコメディにおいて、権力者の無能さを歴史上の愚鈍な王に重ね合わせて演じる時。,?mp?ratul e cam surd.（皇帝は少々耳が遠いようで）,「皇帝」という歴史的メタファー（トカゲ）を用いることで、直接的な名指しを避けながら、民衆の声を聴かない指導者への批判を暗号的に共有する。
第2象限,ブルガリア,Айляк / Aylyak（アイリャク：プロヴディフの都市隠語・生活美学）,主にプロヴディフ地方の若者や都市住民の間で用いられる、「急がず、リラックスして、今この瞬間を楽しむ」状態を指す隠語および遊戯的実践。,オスマン・トルコ語由来の語彙の借用。名詞、形容詞、または動詞「бича（打つ）」と結びついた動詞句として機能。,オスマン帝国時代のコーヒーハウス文化の名残と、現代のせわしない首都（ソフィア）に対する地方都市（プロヴディフ）の対抗文化。,「時間に追われない」という共通の価値観を持つ者同士（イングループ）の連帯感を高め、外部の競争社会から距離を置く。,ストレスの多い現代社会において、心理的な余裕と集団内での安心感（チルな状態）を担保する。,友人同士でカフェに集まり、何時間も雑談している時。,Бича айляк.（Bicha aylyak / アイリャクを打つ＝のんびり過ごしている）,単に「休んでいる」という事実の伝達ではなく、「我々は今、世俗の忙しさを忘れる美学を実践している」という共感の確認。,トラブルや焦りを見せる友人に対する声かけ。,Всичко е айляк.（Vsichko e aylyak / 全てはアイリャクだ）,問題を深刻に捉えないという態度を独自の語彙で共有し、相手の緊張を解きほぐす情動的サポートとして機能する。,特定の人物の性格やライフスタイルを評価する時。,Той е много айляк човек.（Toy e mnogo aylyak chovek / 彼はとてもアイリャクな人だ）,社会的地位や生産性ではなく、「どれだけ人生を楽しめる余裕があるか」という集団独自の審美眼に基づく称賛。
第2象限,モルドバ,NO_DATA,,,,,,,,,,,,,,
第2象限,ジョージア,??????????? / Sadghegrdzelo（スプラにおける儀礼的・詩的乾杯の口上）,伝統的な宴会（スプラ）において、タマダ（宴会?）が主導する、比喩や歴史的引用、神話的メタファーを多用した長大な乾杯の挨拶。,高度な修辞学を用いた口承文学的構造。定型句から始まり、即興の詩的メタファーへと展開するモノローグ。,カフカス地方の伝統的なホスピタリティ文化、正教会の宗教的価値観、および外敵の侵略やソ連支配下での民族アイデンティティ維持の歴史。,参加者全員の感情を一つのテーマ（平和、祖先、愛など）に向けさせ、一時的ながら強固な疑似家族的連帯感（コミュニタス）を創出する。,日常の対立や身分の差を忘れさせ、集団的な高揚感と神聖な共感（カタルシス）をもたらす。,宴会の序盤、平和と集まりを祝う乾杯。,????????? ?????????（Mshvidobas gaumarjos / 平和に勝利あれ）,侵略の歴史を持つジョージアにおいて「平和」は単なる挨拶ではなく、生存と紐づいた深い悲願のメタファーであり、参加者の根源的な共感を呼ぶ。,亡くなった祖先や家族を追悼する乾杯。,????? ??????? ?????????（Chvens fesvebs gaumarjos / 我々の根っこ（祖先）に勝利あれ）,祖先を「根」、現在を生きる人々を「葡萄の蔓」などに見立てることで、世代間の繋がりを詩的に表現し、死の悲しみを集団の美学に昇華させる。,女性や母親に対する賛美の乾杯。,???????????? ?????????（Dedashvilobas gaumarjos / 母と子の絆に勝利あれ）,単なる女性への感謝を超え、「母性」という概念を神聖なものとして抽象化・美化し、参加者全員でその価値を共有・称賛する情動的実践。
第2象限,アルバニア,NO_DATA,,,,,,,,,,,,,,
第2象限,北マケドニア,NO_DATA,,,,,,,,,,,,,,
第2象限,セルビア,シャトロヴァチュキ（?atrova?ki）,単語の音節を入れ替えることで作られる若者言葉・隠語,音節転換（例：2音節の単語の前後を入れ替える）,犯罪者や周縁集団の隠語として発生し、後に都市部（特にベオグラード）の若者文化において体制への反抗や仲間意識を示す言語として定着,部外者（大人や権力者）の理解を阻みつつ、若者同士のイングループの連帯感を強化する,秘密の共有による仲間意識の醸成と、既存の言語規範を遊戯的に破壊する解放感,街角で親しい友人を見つけた若者が親愛の情を込めて呼びかける状況,Tebra（元の語：Brate = 兄弟）,日常的な連帯の呼称である「兄弟」の音節を転換して隠語化することで、部外者を排除しつつ強固な親密さと仲間内での特別な関係性を構築している,行きつけのカフェやバーで若者が仲間とともに飲み物を注文する状況,Vopi（元の語：Pivo = ビール）,日常的消費行動に関連する語を暗号化することで、若者特有の共有空間の雰囲気を作り出し、遊び心を通じた集団的紐帯を確認している,仲間内での悪ふざけが行き過ぎそうになった際に友人が軽い調子で制止する状況,Mojne（元の語：Nemoj = ?するな）,直接的な否定や命令の角を立てず、隠語を用いることでイングループ内でのフランクなコミュニケーションを円滑にする間接的・遊戯的機能を持つ
第2象限,モンテネグロ,NO_DATA,,,,,,,,,,,,,,
第2象限,ボスニア・ヘルツェゴビナ,NO_DATA,,,,,,,,,,,,,,
第2象限,クロアチア,シャトロヴァチュキ（?atrova?ki）,音節を入れ替えることで部外者から意味を隠し、仲間内の結束を高める都市部の若者・サブカルチャーの隠語。,単語の音節の転換（通常、最初の音節と最後の音節を入れ替える形態論的倒置）。,旧ユーゴスラビア時代の都市部（ザグレブなど）において、若者、音楽家などが権威から会話を隠すために発展させた。,部外者（親、教師、警察など）の排除、イングループの連帯感の強化、サブカルチャーにおける威信の獲得。,権威に対する反発を共有する心理的共感と、秘密のコードを解読・共有する遊戯的な帰属意識の醸成。,親しい友人への呼びかけ,Razbu（元の語：Buraz = 兄弟）,日常的な親愛の言葉の音節を反転させることで、公式な関係性を排したストリートレベルの親密さを示す。,日常的な交流として酒に誘う時,Vopi（元の語：Pivo = ビール）,日常的な飲酒行動を音節反転させ、仲間内だけの暗号として表現し、遊戯的な連帯感を高めている。,相手の理解を確認する時,?i?ku（元の語：Ku?i? = わかる？/理解した？）,「わかるか？」という問いかけを音節反転させることで、部外者を排除し、仲間内だけの秘密のコードとして暗黙の了解を確認している。
第2象限,スロベニア,NO_DATA,,,,,,,,,,,,,,
第2象限,エジプト,カイロの若者言葉（メタファー的拡張）,日常的な事物（特に食べ物）をメタファーとして用い、直接的な表現を避けて感情や評価を共有する都市部の言語実践。,標準アラビア語やエジプト方言の既存の語彙に対する意味論的シフト（比喩的・象徴的拡張）。,人口増加と経済的課題を抱えるカイロにおいて、若者たちが社会的ストレスを緩和し、独自の世代的アイデンティティを形成する中で発達した。,社会的緊張の緩和、迅速なラポールの形成、ユーモアと機知の共有を通じた同世代間の連帯。,困難な日常を遊戯的に捉え直すことによる感情的レジリエンスの向上と、暗黙の文脈を理解し合うことによる共感。,提案に同意する、または素晴らしいと評価する時,Ishta（???? / 元の意味：クリーム）,豊かで価値の高い食品（クリーム）を隠喩として用い、相手への強い同意や事物の質の高さを表現している。,面倒な事柄を拒絶・無視する、または諦める時,Fakes（???? / 派生元：無意味、偽）,無駄なことに関わりたくないという心理的距離感を、冷笑的かつ端的な隠語で表現し、徒労感を仲間と共有する。,他者の発言を無内容・嘘だと切り捨てる時,Bela7（??? / 元の意味：ナツメヤシの実）,安価でありふれた果物を比喩に使い、相手の主張が価値のない戯言であることを直接的な非難を避けてユーモラスに貶める。
第2象限,リビア,NO_DATA,,,,,,,,,,,,,,
第2象限,チュニジア,NO_DATA,,,,,,,,,,,,,,
第2象限,アルジェリア,アルジェリア若者言葉（ヒッティスト・隠語）,経済的・社会的停滞の中で若者たちが生み出した、抑圧された現状を自嘲的かつ隠喩的に表現する都市部のスラング群。,アラビア語（ダルジャ）とフランス語を混交し、既存の単語に新しいメタファーを付与（意味拡張）する。,若年層の高失業率、住宅難、社会的閉塞感、ヨーロッパへの移住願望。,同じ不満や境遇を共有する若者同士（ストリート・コーナー・ソサエティ）の連帯感の強化、権威や体制に対する暗黙の批判。,絶望的な状況を言語遊戯によって笑い飛ばし、カタルシスと仲間意識を得る。,街角で失業中の若者たちがたむろしている状況。,Hittiste（ヒッティスト）,アラビア語の「Hait（壁）」にフランス語の接尾辞「-iste（?する人）」を付けた混成語。文字通り「壁に寄りかかる人」を意味し、仕事がなく一日中壁にもたれて時間を潰すしかない若者の境遇を自嘲と共感をもって表現している。,密航ルートやヨーロッパへの非合法な移住について話す状況。,Harraga（ハラガ）,アラビア語の「燃やす（Harqa）」に由来。身元を隠すためにIDカードやパスポートを燃やして地中海を渡る密航者を指す隠語。命がけの渡海という悲壮な現実を、行為そのものの暗喩で表現し、彼らを英雄視・共感するニュアンスを含む。,非合法なビジネスや闇市での取引について言及する状況。,Trabendo（トラベンド）,スペイン語の「Contrabando（密輸）」が変形した語。正規の経済ルートから外れた闇市の商人や密輸品の売買を指す。非正規経済で生きる人々の間で、独自の経済圏を指し示す暗語として機能し、たくましさへの共感を伴う。
第2象限,モロッコ,モロッコ・ダルジャにおけるメタファー的言語実践（若者言葉）,直接的な批判や要求を避け、比喩や二重意味を用いて、意図を暗に伝えつつ仲間内の結束を高めるコミュニケーション実践。,モロッコ・アラビア語（ダルジャ）を基盤に、日用品などの日常的な語彙に比喩的な意味を重層的に付与する。,面子（顔）を重んじる社会規範と、直接的な対立を避ける文化。近年はSNSや都市部サブカルチャーと直結している。,対人関係における摩擦を回避しつつ、隠された意味を理解できる者同士の間にのみ「内輪の共感」を生み出す。,ユーモアや皮肉を交えることで、直接的な批判によるストレスを緩和し、共犯関係的な楽しさを提供する。,気取っている人物や、見栄を張っている若者について仲間内で噂をする状況。,Mfergues（ムフェルゲス）,本来は「爆発した」「破裂した」などを意味する語だが、転じて「過度にオシャレをした」「見栄を張って目立っている」状態を指すスラング。派手な外見を破裂に例えることで、皮肉とユーモアを共有する。,街中で魅力的な女性を見かけた際、または恋愛対象について仲間内で隠れて話す状況。,Sata（サタ）,元々特定の意味を持たない隠語から発展し、「魅力的な女性」「彼女」を指す若者言葉として定着。大人や公的な場を避けて恋愛を語るための、仲間内の暗語として機能する。,他人のゴシップや詮索好きな人物について警告し合う状況。,Tberguig（トベルギーグ）,他人の生活を監視し、ゴシップを広める行為。ポットが沸騰する音（ボコボコ）に由来するとも言われ、情報が漏れ出る様子を比喩的に表す。社会の監視の目を揶揄し、身内での警戒と連帯を促す。
第2象限,セネガル,ダカール・アーバン・ウォロフにおける隠語・メタファー,ウォロフ語、フランス語、英語を混交させ、言葉遊びや特定の比喩を駆使して、都市青年層の独自の価値観や連帯を示す言語文化。,借用語の音韻的同化、特定分野（漁業など）の語彙の他領域（恋愛や社会生存戦略）への意味転用。,急激な都市化、グローバル化、伝統的なグリオ（語り部）の言語遊戯文化の現代的変容と引き継ぎ。,年長者や地方の出身者とは異なる、ダカールの「洗練された都市生活者」としてのアイデンティティ誇示と若者集団の結束。,複雑な都市空間を生き抜く知恵（ストリート・スマート）を共有することで、優越感と仲間意識を高める。,女性が複数のパトロン（男性）と交際し、経済的援助を引き出している状況を語る時。,Mbarane（ンバラン）,元々は狩猟や網を使った漁に関連する言葉だったが、現代では都市部の女性が複数の男性を「網にかける」ようにして生活を維持する生存戦略を指すメタファー。道徳的批判と同時に都市を生き抜くたくましさへの暗黙の了解を含む。,ダカールの都市部で生まれ育った、流行に敏感な若者が仲間を認識する状況。,Boy Town（ボーイ・タウン）,英語の「Boy」と「Town」の組み合わせ。対義語である「Baol-Baol」（田舎から来た商人）と対比され、洗練された服装や言葉遣いを持つ仲間であることを証明し、共感を生むアイデンティティ・マーカー。,女性たちが街中で、スタイリッシュで経済力がありそうな魅力的な若い男性を見かけ、仲間内で噂をする状況。,Thiof（チョフ）,元々はセネガルで最も好まれる高級白身魚（ハタの一種）を指すウォロフ語。転じて、女性たちが「釣り上げたい（捕まえたい）」と狙う、ハンサムで魅力的な男性を指す暗喩として定着した。恋愛市場における価値を高級魚に見立てることで、仲間内でのユーモアや共感を伴う暗語として機能する。
第2象限,ガンビア,NO_DATA,,,,,,,,,,,,,,
第2象限,ギニアビサウ,NO_DATA,,,,,,,,,,,,,,
第2象限,ギニア,NO_DATA,,,,,,,,,,,,,,
第2象限,シエラレオネ,NO_DATA,,,,,,,,,,,,,,
第2象限,リベリア,NO_DATA,,,,,,,,,,,,,,
第2象限,コートジボワール,Nouchi（ヌーシ）,アビジャンのストリートチルドレンや若者の間で発生し、現在では世代を超えて共感と連帯を示すアイデンティティの象徴となった都市型混合言語・隠語。,フランス語の文法・統語構造をベースにしつつ、ジュラ語、バウレ語、ベテ語などの現地の言語や英語の語彙を借用・変形・混用する。,1970年代から80年代の急速な都市化と経済危機に伴い、公式な学校教育やインフォーマルセクターから疎外された若者たちが独自のコミュニティを形成する中で誕生した。,エリート層の用いる標準フランス語に対する抵抗および、都市部の多様な民族的背景を持つ若者同士の紐帯や連帯感を醸成する機能。,社会的な疎外感の払拭と、ユーモアやクリエイティビティを通じた自尊心の回復、内集団における所属欲求や共感の充足。,友人同士で日常的な挨拶を交わす際や、ポジティブな感情を共有する状況。,Enjailler（アンジャイエ）,"英語の ""enjoy"" をフランス語の動詞体系（-er）に組み込んだ造語。「楽しむ」「好む」を意味し、公式な場ではなく親密な者同士で愛着を表現することで、感情的な連帯を強める。",若者同士で経済的成功やライフスタイルの誇示、または仲間の派手な振る舞いを評価し合う状況。,Boucantier（ブーカンティエ）,"フランス語の ""boucan""（騒音）から派生し、「派手にお金を使って目立つ人」を指す。若者特有の物質的成功への憧れと自己顕示の文化を象徴するメタファーとして機能している。",警察や部外者がいる公的な空間で、仲間内だけでトラブルや危険の発生を秘密裏に共有する状況。,Drap（ドラ）,"フランス語で「シーツ」や「布」を意味する単語を転用し、「問題」や「厄介事」を暗示する隠語（例：""Il y a drap"" = 問題が起きた）。表向きは日常的な語彙を使用しつつ、内集団にのみ危機を伝達する暗号として機能する。"
第2象限,ガーナ,NO_DATA,,,,,,,,,,,,,,
第2象限,トーゴ,NO_DATA,,,,,,,,,,,,,,
第2象限,ベナン,NO_DATA,,,,,,,,,,,,,,
第2象限,ナイジェリア,ナイジェリア・ピジン（Naija）の若者スラング,情報伝達よりもユーモアや連帯感を重視し、社会的な困難を笑いに昇華する都市部の若者特有の隠語・比喩表現,英語の語彙・文法をベースに、ヨルバ語、イボ語、ハウサ語などの土着言語の語彙を混用・意味拡張した構造,急激な都市化、経済的困窮、若年層の高い失業率といった過酷な社会状況,多民族国家における民族間の垣根を超えた若者世代の連帯、および上の世代や権威に対する排他と不可視化,困難な現実に対する心理的緩衝材（コーピング）およびイングループへの所属感による自尊心の維持,若者が月末に生活費が底をつき、極度の金欠や経済的困窮に直面して友人に愚痴をこぼす状況,Sapa choke,「Sapa（極度の貧困）」を擬人化し、「choke（首を絞める）」と表現することで、深刻な困窮を誇張的・自嘲的なユーモアに変換している,若者が経済的困難から逃れるため、より良い機会を求めて国外へ移住・脱出する決意を友人に語る状況,Japa,ヨルバ語の「逃げる」に由来し、単なる移住ではなく「過酷な現状からのサバイバル的逃避」という若者共通の願望と悲哀を暗に共有している,若者が日常的に次々と降りかかるトラブルや理不尽な出来事に直面し、友人と半ば諦め気味に笑い合う状況,Wahala be like bicycle,「Wahala（トラブル）」が自転車のように簡単に発進・連鎖するという比喩を用い、日常に潜む困難を諦念とユーモアを交えて受け入れている
第2象限,カーボベルデ,NO_DATA,,,,,,,,,,,,,,
第2象限,マリ,NO_DATA,,,,,,,,,,,,,,
第2象限,ブルキナファソ,NO_DATA,,,,,,,,,,,,,,
第2象限,ニジェール,NO_DATA,,,,,,,,,,,,,,
第2象限,モーリタニア,NO_DATA,,,,,,,,,,,,,,
第2象限,カメルーン,カムフラングレ（Camfranglais）,フランス語、英語、ピジン語、および複数のカメルーン土着言語を融合させ、若者間でのみ通じるように発達した都市部の隠語（アルゴ）,フランス語の統語論（文法構造）を基礎としながら、語彙を他言語からの借用、短縮（クリッピング）、あるいは既存の仏単語の意味をずらして（意味借用）配置する構造,ヤウンデやドゥアラなどの大都市圏への人口集中、多言語社会における言語的交雑、およびポスト植民地時代における独自のアイデンティティ模索,親世代や警察などの権威的抑圧からの逃避（暗号的機能）、および民族的背景を無化し「都市のストリートを生き抜く若者」という新しい階級の創出,ストリートの「賢さ」を共有することによる優越感と、権威の目を欺くことによる解放感・カタルシス,都市部の若者たちが空腹を抱え、安食堂で大量の食事をとる際に発する状況,Je vais damer,標準フランス語の「damer（地面を突き固める）」を「胃に食べ物を詰め込む」という比喩に意味をずらし、若者特有の貪欲さを遊戯的に表現している,男性の若者同士がストリートでたむろし、通りがかった魅力的な若い女性について周囲の大人に悟られずに言及する状況,La nga,カメルーンの土着言語からの借用語で、標準フランス語の「fille」を避けることで、イングループのみの秘匿性を高めている,若者たちが路上でたむろしている際、警察の巡回に気づき、見つかる前にその場から素早く逃走する状況,On va frayer,標準フランス語の「se frayer un chemin（道を切り開く）」を「逃げる・姿を消す」というアクションの隠語として短縮・流用し、仲間内での隠密性を確保している
第2象限,チャド,NO_DATA,,,,,,,,,,,,,,
第2象限,中央アフリカ,NO_DATA,,,,,,,,,,,,,,
第2象限,赤道ギニア,NO_DATA,,,,,,,,,,,,,,
第2象限,ガボン,NO_DATA,,,,,,,,,,,,,,
第2象限,コンゴ共和国,NO_DATA,,,,,,,,,,,,,,
第2象限,コンゴ民主共和国,Langila（キンシャサの若者言葉）,キンシャサの若者やストリートチルドレンの間で用いられ、リンガラ語とフランス語を混合・変容させた隠語的コミュニケーション。,既存のフランス語やリンガラ語の語彙の借用、意味の拡張、音節の省略や反転。,深刻な経済危機や内戦、高い失業率の中でのストリートサバイバル。,路上での非合法な取引や警察からの隠蔽、若者同士の連帯感とアイデンティティの形成。,絶望的な状況をユーモアで乗り切るカタルシスと、自己肯定感の獲得。,極度の疲労や、物が壊れて使い物にならない状況を表現する時。,Cadav?r?（カダヴェレ）,フランス語の「死体（cadavre）」を動詞化・形容詞化し、絶望的な状態を皮肉とユーモアを交えて表現し、共感を誘う。,日常的な困難を自力で、または非正規の手段で生き抜くよう励ます時。,Article 15（第15条）,実在しない架空の憲法条文「自力でなんとかせよ」を引用する見立てであり、国家の機能不全を共通の笑いと絆の源泉にしている。,警察や部外者を避けて、非公式なビジネスや取引（時に怪しいもの）を持ちかける時。,Kosala coop（コサラ・コープ）,フランス語のcoop?ration（協力）の略語をリンガラ語の動詞体系に組み込み、「取引」の隠語として用いることで秘密の連帯を築く。
第2象限,サントメ・プリンシペ,NO_DATA,,,,,,,,,,,,,,
第2象限,アンゴラ,Cal?o Luandense（ルアンダの都市隠語）,首都ルアンダの若者を中心に、ポルトガル語に土着言語（主にキンブンド語）の語彙や文法要素を融合させた都市型スラング。,ポルトガル語を基層としつつ、キンブンド語からの借用語、隠語的な意味の転用、独自の接辞付与。,長期にわたる内戦、急激な都市化、地方からの難民流入による多様なルーツを持つ若者の密集。,公式なポルトガル語（旧宗主国の言語）への抵抗と、ルアンダのストリートの若者としての新しいアイデンティティの確立。,共通の「暗号」を持つことによる強固な仲間意識と、過酷な現実を生き抜くための心理的防衛。,街中で同世代の若者や親しい仲間に言及する時。,Madi?（マディエ）,キンブンド語に由来し、標準ポルトガル語のrapazの代わりに用いることで、都市若者特有の親密さとストリートの連帯感を示す。,悩み事がある、あるいは深く考え込んでいて心ここにあらずの友人を心配する時。,Estar no banzelo（バンゼロにいる）,キンブンド語のkubanza（考える）を名詞化し、標準語を使わず土着語由来の表現を用いることで感情の機微を仲間内で共有する。,警察が来たことや、危険が迫っていることを仲間内だけで素早く警告する時。,O mambo deitou（事態が横たわった）,キンブンド語由来の「mambo（物事・事態）」とポルトガル語を組み合わせ、外部者には意味不明な隠語として機能させ仲間を守る。
第2象限,スーダン,Randuk（ハルツームの若者隠語）,首都ハルツームの若者やマージナルな層の間で話される、アラビア語ベースの隠語的ストリート・コード。,アラビア語の語根の入れ替え、逆さ言葉、動物や日用品を用いた比喩的転用。,厳格な法体制の抑圧、高い失業率、路上での非正規経済への依存。,権力者や保守的な世代に対する反抗、検閲の回避、ストリートにおける若者同士の強固なネットワーク形成。,抑圧的な社会に対する言葉による「遊び（抵抗）」を通じたカタルシスと、アウトロー的美学の共有。,機転が利き、ストリートのルールを熟知して生き抜いている若者を称賛する時。,Shifoot（シフート）,本来は「ならず者」といった否定的な意味のアラビア語を逆手に取り、「賢く生き抜く者」として称賛のメタファーへと意味を反転させている。,相手を言葉巧みに騙そうとしたり、あるいは甘い言葉で口説いたりする行動を揶揄する時。,Hanak（ハナク）,元来「口蓋」や「顎」を意味する単語を「口先だけの言葉」「説得」という比喩に転用し、若者特有のシニカルな人間観察を共有する。,危険な取引や逃げ場のない厄介な状況に巻き込まれたことを仲間に伝える時。,Sika（シカ）,「線路」を意味する語を、「一度乗ったら降りられない危険な道」というメタファーとして用い、危機的状況を詩的かつ隠語的に共有する。
第2象限,南スーダン,NO_DATA,,,,,,,,,,,,,,
第2象限,エリトリア,NO_DATA,,,,,,,,,,,,,,
第2象限,ジブチ,NO_DATA,,,,,,,,,,,,,,
第2象限,ソマリア,NO_DATA,,,,,,,,,,,,,,
第2象限,エチオピア,Sem-ena-werq（セム・エナ・ワーク / 蝋と金）,表面的な意味（蝋）と隠された深い意味（金）を二重に持たせるアムハラ語の伝統的な詩的修辞法。,同音異義語、多義語、統語的曖昧さを利用した言葉遊びと暗喩の二重構造。,検閲の厳しい政治体制や、直接的な感情表現を避けるエチオピア正教の文化的規範。,直接的な批判や対立を避けつつ、権力への風刺や社会的タブー、本音を安全に伝達する。,隠された意味を解読する知的遊戯による美的な喜びと、理解者同士の強固な連帯感。,恋人への不満や牽制を、あからさまな対立を避けて知的に伝えたい場面。,"「andi sini buna lamelay beki new, susegna negn kalkegn medegagemay newa（一服のコーヒーで私は十分だが、あなたが中毒だと言うならもっと淹れよう）」",表面（蝋）はコーヒーのおかわりに関する会話だが、裏面（金）では「私は一人で十分だが、あなたが浮気するなら私もそうする」という警告を暗喩している。,意中の女性に直接告白するのがはばかられる場面での詩の朗読。,「Yabbat edda la-lijj yebal nabar dero. Bayat edda gabahu enne-ma zandro（昔は父の借金が子に引き継がれたが、今日私はbayatから借金を受け継いだ）」,表面では「bayat（祖父）」から借金を背負ったと嘆くが、裏面では「bayat（彼女を見た時）」という同音異義を利用し、一目惚れした苦しみを詩的に表現している。,外国文化の流入に対して、自国のアイデンティティや独立心を主張したい公の場面。,「Yeferenjun wutet bermel ametachehu. Yerasachen eka enesera eyalkuachehu.（白人の樽を持ってきたね。私が頼んだのは地元の壺（enesera）だ）」,表面は単に壺（enesera）を頼んだという苦情だが、発音のアクセントを変えることで「ene-se'ra（私たちが作ろう）」となり、他国に依存せず自立しようという政治的メッセージを隠している。
第2象限,ケニア,Sheng（シェン）,ナイロビの都市部で発生した、スワヒリ語をベースに英語や他民族語を混合した若者特有の隠語・スラング。,スワヒリ語の文法構造を維持しつつ、借用語の音韻変化、意味の転用、短縮などを行う混成言語。,急速な都市化、スラム街の形成、多民族の混住、および若年層の高失業率とインフォーマル経済の拡大。,上の世代や権力者（警察など）から情報を隠蔽し、ストリートでの生き残りを図る防衛的機能。,伝統的権威からの解放感、ストリート文化への帰属意識、および都市の若者としてのアイデンティティの確立。,若者が警察の接近を仲間内に警告し、摘発を逃れる場面。,「Karao huyo（カラオが来たぞ）」,警察官を意味するShengの隠語「Karao」を用いることで、スワヒリ語の「Polisi」を使わずに権力側に悟られず仲間を逃がす防衛的機能を果たす。,マタツ（乗合バス）の車内で、乗務員同士が売上について話す場面。,「Doh zangu ziko wapi?（俺の金（ドー）はどこだ？）」,英語の「Dough（金銭の俗語）」に由来するSheng「Doh」を使い、乗客やスリに大金の話であることを悟られずに安全にやり取りする。,ナイロビのストリートで、若者が初対面の相手と同世代かを確認し合う挨拶。,「Niaje?（ニアジェ？/ 調子どう？）」「Poa（ポア / 最高さ）」,規範的なスワヒリ語の挨拶（Habari）ではなくSheng（Niaje）を用いることで、フォーマルな権威への反発と、若者同士のイングループの連帯感を確認する。
第2象限,ウガンダ,NO_DATA,,,,,,,,,,,,,,
第2象限,タンザニア,Kanga inscriptions（カンガの銘文 / ヴィジェンベ）,東アフリカの女性が着用する布（カンガ）に印字された、ことわざや暗喩を用いて間接的にメッセージを伝える実践。,スワヒリ語の伝統的なことわざ、格言、または詩的で比喩的な短いフレーズ。,スワヒリ沿岸部の女性社会における、直接的な対立や感情の爆発を避けるべきとする「ヘシマ（敬意・体面）」の文化。,公の場での直接的な衝突を回避しつつ、不満の表明、警告、連帯の確認などを行う社会的ガス抜き。,匿名性と装飾性の背後に隠れて自己主張を行うことによるカタルシスと、支持者からの共感の獲得。,夫の浮気相手や嫉妬深い隣人に対して、直接的な口論を避けて警告を発したい時。,「Mtaka yote hukosa yote（全てを欲しがる者は全てを失う）」,衣服の柄（Jina）として身につけることで、直接的な名指しを避けつつコミュニティ全体を巻き込んで相手に心理的圧力をかける。,根拠のない噂話や嫉妬の対象になった女性が、毅然とした態度を示す時。,"「Usiniseme, niangalie（私の陰口を叩くのはやめて、私を見ていなさい）」",直接反論するのではなく、自己肯定的なメッセージを衣服で誇示することで、精神的優位性をアピールし周囲の支持を得る美的実践。,母親への感謝や敬意を、公の場で誇り高く表現したい時。,「Asante mama kwa malezi mema（母よ、素晴らしい子育てをありがとう）」,ただ言葉で感謝を伝えるのではなく、メッセージの入った布を着用あるいは贈ることで視覚的・社会的に深い敬意と情愛を共有する。
第2象限,ルワンダ,NO_DATA,,,,,,,,,,,,,,
第2象限,ブルンジ,NO_DATA,,,,,,,,,,,,,,
第2象限,セーシェル,NO_DATA,,,,,,,,,,,,,,
第2象限,コモロ,NO_DATA,,,,,,,,,,,,,,
第2象限,マダガスカル,Hainteny（ハインテニ）/ Ohabolana（ことわざ）を用いた間接的修辞,マダガスカルの伝統的な詩的口承文学や演説（カバリ）において、比喩やことわざを多用して意図を間接的に伝える言語実践。,対句、隠喩、自然界の事象を人間関係に見立てる構造、および重層的な意味合いを持つ修辞法。,直接的な対立を避け、社会の調和（フィハヴァナナ）を最重視するマダガスカルの伝統的な価値観と農耕社会。,直接的な批判や要求を回避しつつ、紛争解決、求愛、教訓の伝達を円滑に行い、共同体の結束を維持する。,洗練されたメタファーを解読・共有することによる知的な連帯感と、直接的表現を避けることによる対人摩擦の緩和。,恋愛において、相手に愛情の継続を求める状況。,「Aza atao fitia rano-trambo: be fihavy ka mora ritra; fa ataovy tahaka ny rano am-pasika: tsy nampoizina hisy ka nahazoana.（愛を鉄砲水のようにしないでください。勢いよく来てもすぐ枯れてしまうから。砂の中の水のようにしてください。思いがけず見つかり、手に入るように）」,感情を直接ぶつけるのではなく、水が流れる様子に喩えることで、間接的かつ詩的に相手へ持続的な愛情を求める。,共同作業において、協力の重要性を説く状況。,「Tondro tokana tsy mahazo hao（一本の指ではシラミを捕まえられない）」,命令や説教ではなく、日常的な身体的行為の比喩を用いることで、反発を生むことなく集団の連帯と協力を促す。,噂話や中傷の危険性を警告する状況。,"「Ny teny toy ny atody, raha foy manana elatra（言葉は卵のようなものだ。孵化すれば翼を持つ）」",噂が広まる様子を鳥の羽化に見立て、直接犯人を非難することなくコミュニティ全体に道徳的規範を共有させる。
第2象限,モーリシャス,NO_DATA,,,,,,,,,,,,,,
第2象限,モザンビーク,NO_DATA,,,,,,,,,,,,,,
第2象限,ザンビア,NO_DATA,,,,,,,,,,,,,,
第2象限,マラウイ,NO_DATA,,,,,,,,,,,,,,
第2象限,ジンバブエ,NO_DATA,,,,,,,,,,,,,,
第2象限,ナミビア,NO_DATA,,,,,,,,,,,,,,
第2象限,ボツワナ,NO_DATA,,,,,,,,,,,,,,
第2象限,南アフリカ,Tsotsitaal（ツォツィタール）/ Iscamtho（イスカムト）,アパルトヘイト時代のアフリカ人居住区（タウンシップ）で発祥し、若者や都市生活者の間で用いられる混成の隠語・スラング。,アフリカーンス語やズールー語、ソト語などを基層とし、英語や他言語からの語彙借用、意味の転用、造語を組み込む構造。,人種隔離政策による抑圧、急速な都市化と多民族の混住、および警察などの権力に対する自己防衛の必要性。,警察や上の世代など部外者からの情報隠蔽、非部族的な新しい都市アイデンティティの形成、およびストリートでの連帯の強化。,抑圧的な環境下における反抗の意志表示、ストリートの「賢さ（cleverness）」を示す優越感、および仲間内での強い帰属意識。,タウンシップにおいて、警察の接近を仲間に知らせる状況。,「Die gatas is hier（ガタスが来た）」,警察を意味する隠語（gatas）を使用することで、権力側に気づかれることなく仲間内で危険を共有し、逃亡の機会を確保する。,インフォーマルな経済活動や路上でのやり取りで、金銭について話す状況。,「Ngicela i-zaka（ザカをくれ）」,お金を意味する隠語（zaka）を用いることで、部外者に取引の内容を隠蔽しつつ、ストリート文化に精通していることを示す。,若者同士が路上で出会い、挨拶を交わす状況。,「Hola majita（やあ、マジタ/仲間たち）」,伝統的な部族の言語による挨拶を避け、都市固有の表現を用いることで、古い規範からの解放と若者同士の水平な連帯感を確認する。
第2象限,レソト,NO_DATA,,,,,,,,,,,,,,
第2象限,エスワティニ,NO_DATA,,,,,,,,,,,,,,
第2象限,アメリカ,Signifyin'（AAVEにおける修辞的実践）,直接的な批判や要求を避け、アイロニーや隠喩、言葉遊びを用いて間接的にメッセージを伝える黒人英語（AAVE）の言語的実践。,二重意味、押韻、誇張法を用いた間接的な対話構造。,奴隷制時代において、白人支配層に真意を悟られずに情報伝達や感情の共有を行う必要性から発達。,コミュニティ内の連帯感の強化と、知性や言語的機知の誇示による社会的地位の確立。,抑圧的な環境下でのカタルシス、およびユーモアを通じた自己肯定感の維持。,コミュニティ内の若者同士が相手をからかい合う時（The Dozens）,Your mama... で始まる誇張された比喩的表現,直接的な攻撃ではなく、言語的クリエイティビティを競い合うことで、感情的コントロールと連帯感を確認する。,仲間内で間接的な批判や指摘を行う時,Reading（相手の欠点を誇張的かつ比喩的に指摘する）,ユーモアの枠組みの中で批判を行うことで、深刻な対立を避けつつコミュニティの規範を維持する。,仲間同士の会話で相手の意見に強く同意・賞賛する時,You ain't saying nothing.（逆説的な同意表現）,文字通りの意味とは逆の称賛を意味し、イングループでのみ通じる共感のコードとして機能する。
第2象限,カナダ,ニューファンドランド英語の比喩的イディオム,カナダ東部のニューファンドランド島特有の、海洋文化や歴史に根ざした比喩的かつ独特な表現群。,古英語やアイルランド英語の語彙を残しつつ、独特の統語論と生活環境に基づく隠喩を組み合わせた構造。,地理的孤立と、過酷な漁業環境、アイルランドおよびイギリス南西部からの移民の歴史。,島民（Newfoundlanders）同士の強い帰属意識の確認と、「本土の人間（Mainlanders）」との境界線の構築。,厳しい自然環境や経済的困難に対するユーモアを通じた心理的防衛と共感の醸成。,島民同士が初対面時に出身地や血筋の確認を行う時,Who knit ya?（直訳：誰があなたを編んだの？）,母親（編み物をする人）を比喩に用い、コミュニティ内での親族関係や所属を尋ねる親密な表現。,島民同士の会話で相手の行動が信じられない時や強く同意する時,"Yes, b'y. (Yes, boy.)",文脈やイントネーションにより多様な感情（驚き、同意、疑念）を伝え、文脈を共有する者同士でしか真意が伝わらない。,島民が集まって大食いやご馳走を楽しむ時,Loves a scoff.,scoff（大量の食事）という独自の語彙を用い、共有の食文化への喜びと仲間内での共感を示す。
第2象限,メキシコ,アルブル（Albur）,性的な暗示や二重意味（ダブルミーニング）を含んだ言葉遊びによる、高度に文脈依存的な言語的決闘。,同音異義語、類似音、メタファーを駆使し、表層的な意味と裏の意味（主に性的）を同時に持たせる構造。,労働者階級（特にメキシコシティのテピート地区など）の男性社会におけるマチスモ文化とストリートカルチャー。,機転や語彙力を競い合い、相手を言語的に「打ち負かす」ことによるヒエラルキーの確認と親密な仲間内での絆の強化。,直接的な暴力を伴わない攻撃性の昇華と、笑いを通じたストレス発散。,日常会話で相手に罠を仕掛ける時,"Huele a obo（oboの匂いがする）に対して相手が ""?Qu? es obo?"" と聞き返す掛け合い",?Qu? es obo? (?Qu? sobo? = 何を揉もうか？) という音の連結を利用し、相手が気づかずに答えると敗北となる言語的決闘。,相手の行動をからかう時,"No sacudas tanto el chile, que se riega la semilla.（唐辛子をあまり振るな、種がこぼれるぞ）",唐辛子と種を男性器と精液の隠喩として使い、直接的な下品さを避けつつ性的優位性を誇示する。,商品名や固有名詞を会話に織り交ぜる時,Tela Comex（ペンキブランドのComexの布）,Te la comes（お前はそれを咥える）という音の類似を利用し、よそ者には理解できない隠語として機能させる。
第2象限,グアテマラ,NO_DATA,,,,,,,,,,,,,,
第2象限,ベリーズ,ベリーズ・クリオール語の諺（Kriol Proverbs）,日常生活の中で直接的な忠告や批判を避け、動物や自然を擬人化した比喩を用いて教訓や感情を伝える言語実践。,英語をベースとしつつ、西アフリカの統語的特徴と比喩的表現を持つ短い定型句。,植民地主義と奴隷制の歴史の中で、支配層を直接批判せず、コミュニティ内での知恵の伝承と規範の維持が必要だった背景。,対人関係の摩擦を和らげつつ社会的規範を教育し、クリオールとしての文化的アイデンティティを保つ。,ユーモアや婉曲表現を通じて、批判された側のメンツを保ちつつコミュニティ内の共感を生む。,コミュニティの年長者が若者に忍耐や小さな努力の積み重ねを説く時,One one craboo fill barrel.（クラプーという果物を一つずつ集めれば樽がいっぱいになる）,地域特有の果物（craboo）を比喩に用い、焦らず着実に進むことの重要性を共有する。,住民同士の揉め事で、他人の問題に干渉しないよう警告する時,Cow no bizniz ina haas galop.（牛は馬のギャロップに関係ない）,動物の習性を擬人化して「場違い」をユーモラスに表現し、角を立てずに間接的な忠告を行う。,親が子供に対して他人を完全に信用せず、自己責任を促す時,Sleep wit' yo' own eye.（自分の目で眠れ）,他人の目（助け）ではなく自分自身の目を頼りにするという身体的メタファーを用い、自立の精神を促す。
第2象限,エルサルバドル,NO_DATA,,,,,,,,,,,,,,
第2象限,ホンジュラス,NO_DATA,,,,,,,,,,,,,,
第2象限,ニカラグア,NO_DATA,,,,,,,,,,,,,,
第2象限,コスタリカ,パチューコ（Pachuco / Pachuquismo）,コスタリカの若者や労働者階級を中心に使われる、特定の音節の入れ替えや独特の隠語を用いた非公式な言語コード。,音節の倒置（Malesp?nコードなど）、他言語からの借用、独特のメタファーを用いた語彙の再定義。,1950年代以降の都市部の拡大と、フォーマルなスペイン語規範への反発からストリートカルチャーとして発展。,フォーマルな社会階層との境界線を構築し、使用者同士の強い仲間意識（Ticosとしての平等性）を確認する。,「よそ行き」の言葉を崩すことで、リラックスした親密な空間を作り出し、心理的な距離を縮める。,コスタリカの若者同士が挨拶や状況が非常に良いと伝える時,?Qu? tuanis!（すごく良いね！）,buenos を Malesp?n（文字の置き換え暗号）で変換した隠語が起源とされ、特定の美意識と共感を共有する暗号として機能する。,コスタリカの若者が親しい友人を呼ぶ時,"Pura vida, mae.（元気かい、お前）",元々は「馬鹿」を意味する蔑称（maje）であった言葉が、イングループにおける深い親密さと平等性を示す暗号的な代名詞として機能する。,若者や労働者が日常会話で自分の仕事や労働について話す時,Me voy pal brete.（仕事に行ってくる）,"公式な ""trabajo"" を避け、労働の苦労や共有される生活実態に対する仲間内の共感を込めた特有の隠語として機能する。"
第2象限,パナマ,NO_DATA,,,,,,,,,,,,,,
第2象限,キューバ,アバクア（Abaku?）由来の連帯語彙,アフリカ系キューバ人の秘密結社アバクアの儀式言語から派生し、一般市民や若者の間で強い連帯感や仲間意識を示す隠語的実践。,エフィク語（ナイジェリア）由来の語彙がスペイン語の文法に組み込まれ、独自の挨拶や呼称として機能。,植民地時代の奴隷制とアフリカ系移民の自己防衛組織として成立した秘密結社が、反体制的・大衆的アイデンティティと結びついた。,部外者（権力者等）に対する暗号機能、および「ストリートの仲間」という内集団の強固な境界設定。,抑圧的な環境下での同胞意識の強化、権威からの解放感と審美的な誇りの醸成。,ハバナの街角で、若者やストリートの仲間が親しい友人に挨拶する時。,"「Asere, ?qu? bol??（アセレ、ケ・ボラ？）」",「Asere」はアバクア語で「挨拶」や儀式的な仲間を意味し、現在では日常において血縁を超えた深い共感と兄弟愛を示す。,労働者階級の居住区で、同じコミュニティの仲間を呼び止める時。,「Monina（モニーナ）」または「Ecobio（エコビオ）」,本来は秘密結社の「義兄弟」を指す神聖な語彙を日常で用いることで、社会的な困難を共有する者同士の強い結束を確認する。,警察や部外者が近くにいる状況で、外部の者には意味を隠して会話する時。,「Morop?（モロポ）」,アバクア語で「頭」を指す。一般的なスペイン語のcabezaではなくこの語を使うことで、非共有者を排除しつつユーモアを交えて表現する。
第2象限,バハマ,NO_DATA,,,,,,,,,,,,,,
第2象限,ジャマイカ,アイアリック（Iyaric / ラスタファリアン語彙）,ラスタファリ運動において、英語（パトワ）の語彙を意図的に改変・再解釈し、精神的解放や自然との一体感を表現する言語実践。,代名詞の「I」の多用、音韻に基づく語彙の逆転（例: understand→overstand）、肯定的な意味を付与するための接頭辞の変更。,植民地主義的な英語への抵抗として、1960年代以降の貧困層や抑圧された人々の間でスピリチュアルな運動として発展した。,西欧的・資本主義的価値観からの脱却を示し、ラスタファリアン同士の共同体意識とスピリチュアルな連帯を形成する。,主客の分離を否定し、神（Jah）や自然、他者との神秘的な一体感をもたらす。,ラスタファリアンがコミュニティでの対話で、自分と他者、あるいは神との関係を語る時。,「I and I（アイ・アンド・アイ）」,WeやYou and meを使わず「I and I」とすることで、話者と聞き手、そして神が本質的に同一であるという究極の共感と平等を表現する。,ラスタファリアンが街頭で、警察や資本主義的な国家システムについて言及する時。,「Babylon（バビロン）」,聖書における腐敗した都市バビロンを見立て（メタファー）として用い、間接的かつ詩的に現代のシステムを批判し同志の結束を高める。,ラスタファリアンが共同体で食事を共にする際、自然で健康的な無添加の食事を称賛する時。,「Ital（アイタル）」,英語のVitalから否定的な響きを持つ子音を取り除き、神聖な「I」を付加した造語。自然との調和という審美的な価値観を言語化している。
第2象限,ハイチ,プウェン（Pwen / 間接的話法とメタファー）,諺や比喩を用いて相手に直接的な非難や要求を避けつつ、言外のメッセージ（当てこすりや教訓）を伝達する言語実践。,動物、自然、農村の日常生活をモチーフにした寓意的な隠喩（メタファー）構造を持つ短いフレーズや歌。,フランス植民地時代の奴隷制下で、主人に悟られずに意思疎通を図る必要性から生まれ、後に政治批判の手段としても定着した。,直接的な対立を回避しながらコミュニティ内の規範を維持し、抑圧者に対する隠れた抵抗や弱者同士の連帯を可能にする。,ユーモアや詩的な響き（審美性）を通じて厳しい現実に対するカタルシスをもたらし、共犯関係としての共感を呼ぶ。,農村部の住民や抑圧された立場の者が、地主や権力者に対して直接反論できない不条理な状況を仲間内で嘆く時。,「Rav?t pa janm gen rezon devan poul.（ゴキブリは鶏の前では決して正しくない）」,捕食者と被食者の関係を見立てに使い、圧倒的な力関係の前では正論が無意味であることを詩的かつ自嘲的に表現し、仲間の共感を誘う。,地域コミュニティの年長者や友人が、他人の揉め事に深入りしてトラブルに巻き込まれそうな若者を忠告する時。,「Zaf? mouton pa zaf? kabrit.（羊の事情は山羊の事情ではない）」,共同体内の平和を保つための処世術を身近な家畜のメタファーで表現。直接的な命令を避け、コミュニティの秩序を守る。,市場で働く商人たちが、表面を取り繕う役人や信頼できない人物について暗に批判・警戒し合う時。,「B?l dan pa di zanmi.（美しい歯が友人であるとは限らない）」,笑顔の裏にある危険性を警告する隠喩。共通の警戒心や文脈を共有する者同士の間だけで通じる暗語として機能し、内集団の結束を強化する。
第2象限,ドミニカ共和国,NO_DATA,,,,,,,,,,,,,,
第2象限,アンティグア・バーブーダ,NO_DATA,,,,,,,,,,,,,,
第2象限,セントクリストファー・ネイビス,NO_DATA,,,,,,,,,,,,,,
第2象限,ドミニカ国,NO_DATA,,,,,,,,,,,,,,
第2象限,セントルシア,NO_DATA,,,,,,,,,,,,,,
第2象限,セントビンセント・グレナディーン,NO_DATA,,,,,,,,,,,,,,
第2象限,バルバドス,NO_DATA,,,,,,,,,,,,,,
第2象限,グレナダ,NO_DATA,,,,,,,,,,,,,,
第2象限,トリニダード・トバゴ,NO_DATA,,,,,,,,,,,,,,
第2象限,コロンビア,パルラチェ（Parlache）,メデジンのスラム街や若者層で形成された、犯罪やサバイバルに関連する隠語・若者言葉,既存のスペイン語の語彙に対する意味拡張、隠喩、および造語,1980年代以降の麻薬カルテルの台頭と、都市部における若者の社会的排除と暴力の日常化,警察や部外者からの情報隠蔽（アンチ言語）、および過酷な環境下での連帯感の形成,死や暴力というトラウマ的な現実からの心理的距離の確保、および「仲間（パルセロ）」であることの安心感,親しい友人への呼びかけ,"?Qu? m?s, parcero?（調子はどう、パルセロ？）",「Parcero（相棒・仲間）」という呼称を用いることで、擬似家族的な強固な結びつきと排他的な連帯を確認する。,警察や危険が迫っていることへの警告,?Pilas! / ?Mosca!（ピラス！／モスカ！）,電池（Pilas）やハエ（Mosca）という日常語を「警戒せよ」という隠語として用い、部外者に気付かれずに危険を伝達する。,殺害や暴力行為を暗に指し示す場面,Hacer la vuelta / Dar piso,「お使いをする（Hacer la vuelta）」や「床を与える（Dar piso）」という婉曲・比喩表現により、暴力行為の精神的負担を軽減する。
第2象限,ベネズエラ,カラカスの都市部における若者言葉（Malandreo）,都市部の低所得者層や若者を中心に発展した、独特の比喩や反語を用いた連帯を示す隠語,日常的な名詞の動詞化や、ネガティブな語彙のポジティブな意味への転用,急激な都市化、経済危機、およびバリオ（貧困地区）における非公式な社会構造の拡大,過酷な経済状況や治安の悪さをユーモアで乗り切る生存戦略、およびイングループの結束強化,社会的困難の共有による孤立感の緩和と、反権威的な美学（アウトロー文化）の享受,親しい友人に対する呼びかけ,Mi llave / Mi convive,「私の鍵（llave）」や「共に住む者（convive）」というメタファーにより、生活に不可欠な存在としての深い信頼関係を示す。,極度の経済的困窮や困難な状況を説明する場面,Estar comi?ndose un cable,「ケーブルを食べている」という誇張された比喩により、悲惨な状況を自嘲的なユーモアに変換し、共感を誘う。,素晴らしいものや質の高いものを称賛する場面,Est? criminal / Cartel,「犯罪的」「カルテル」といった本来は否定的な反社会的語彙を「最高である」という意味に転用し、独自の審美眼を共有する。
第2象限,ガイアナ,NO_DATA,,,,,,,,,,,,,,
第2象限,スリナム,オド（Odo）,スラナン・トンゴ（クレオール語）で語り継がれる、比喩や教訓を用いた間接的なことわざ体系,自然界（動物や植物）のメタファーを用いた短い韻文や定型句,奴隷制時代における農園主からの意図の隠蔽と、アフリカ系ディアスポラ間の秘密のコミュニケーション,直接的な批判や対立を避けつつ、コミュニティ内の規範を維持し、警告や連帯を伝える機能,支配層に対する文化的抵抗の誇りと、暗号を共有することによるイングループの心理的安全性,自身の尊厳や打たれ強さを主張する場面,"Mi na afu sensi, no wan man e broko mi.",「私は半セント硬貨だ、誰も私を崩せない（壊せない）」という比喩により、社会的に価値が低いとされても分割不可能な内面的な強さを示す。,偽善者や危険な人物に対してコミュニティ内で警告する場面,"Te dagu wani sori en mofo, a taki a e lafu.",「犬が牙を剥くとき、笑っているのだと言う」という動物のメタファーを使い、直接的な非難を避けて間接的に危険を知らせる。,部外者ではなく内部の知識を尊重すべきだと諭す場面,"Efu yu wani sabi fa watra de, yu musu aksi kaiman.",「水の中の様子を知りたければ、カイマン（ワニ）に聞け」と表現し、当事者の経験やコミュニティ内の知恵の価値を共有する。
第2象限,エクアドル,NO_DATA,,,,,,,,,,,,,,
第2象限,ペルー,レプラナ（Replana）,リマの裏社会や下層階級発祥の隠語体系。現在は若者言葉や日常会話に浸透。,既存のスペイン語の単語の意味の転用や、音声的な変形（音位転換など）。,19世紀から20世紀にかけての都市化と、周縁化された層の自己防衛・紐帯形成。,外部者（警察や権力者）への情報隠蔽と、内部集団（仲間）の連帯確認。,ユーモアの共有による親密さの向上と、被支配層としてのストレス軽減。,若者や裏社会の人間が、警察官が接近してきた際に仲間に警告を発する時。,Tombo（トンボ）,スペイン語の「Bot?n（ボタン・制服の象徴）」の音節を逆転させた暗語。,ストリートの若者たちが、親しい友人や仲間を呼びかける時。,Causa（カウサ）,ペルーの伝統料理名だが、「同じ釜の飯を食う仲間」のような見立てで親友を指す。,若者たちが、夜遅くに「もう寝るよ」と友人に告げる時。,Jatear（ハテアール）,独自の隠語から派生した動詞化表現で、公式なスペイン語の代用として機能する。
第2象限,ボリビア,NO_DATA,,,,,,,,,,,,,,
第2象限,ブラジル,パジュバ（Pajub?）,アフロ・ブラジル宗教（カンドンブレ）の語彙とポルトガル語が融合した、性的マイノリティ集団の隠語。,ヨルバ語などのアフリカ系言語の語彙をポルトガル語の文法に組み込んだピジン的構造。,宗教的弾圧や性的マイノリティへの迫害から身を守るための暗号として発展。,抑圧的な外部社会からの自己防衛と、コミュニティ内のアイデンティティの確立。,排他的な知識の共有による強い帰属意識と、ユーモアを介した自己肯定。,トランスジェンダーや性的マイノリティの人々が、部外者に知られずに金銭の交渉や値段の話をする時。,Aqu?（アケ）,ヨルバ語に由来する言葉で、部外者に知られずに金銭の交渉を行うために使用。,コミュニティ内の会話で、部外者であるシスジェンダーや異性愛者の女性を特定し言及する時。,Amap?（アマポー）,コミュニティ外の人物を特定し、警戒や区別を行うための隠語。,路上にいるコミュニティのメンバーが、警察の接近に気づき仲間に危険を知らせる時。,Alib?（アリバン）,権力者や取り締まりを指す暗語で、瞬時に危険を知らせる機能を持つ。
第2象限,パラグアイ,NO_DATA,,,,,,,,,,,,,,
第2象限,チリ,コア（Coa）,刑務所や裏社会で生まれ、後に若者文化を通じて一般社会に広まったチリ特有の隠語。,既存の語彙の比喩的転用、ロマ語や先住民語からの借用、音声の切り詰め。,犯罪者集団が看守や警察から会話の内容を隠す必要性から発生。,権力に対する抵抗、反体制的なアイデンティティの誇示、仲間内の秘密共有。,危険な環境下での連帯感の強化と、アウトローとしての美学の共有。,犯罪者や刑務所の受刑者が、密告者や裏切り者を警戒・非難する時。,Sapo（サポ）,「ヒキガエル」を意味する単語を、口が軽く情報を漏らす人物の比喩として転用。,裏社会の人間が、警察に捕まって刑務所に入れられている状態について話す時。,Cana（カナ）,古いスペイン語の隠語に由来し、権力による拘束を俗語化して恐れを軽減する。,街中の人々や不良たちが、素早い手口で物を奪って逃げるひったくり犯に言及する時。,Lanza（ランサ）,「槍」を意味する単語を、素早く物を奪って逃げる動作に見立てた比喩表現。
第2象限,アルゼンチン,ベスレ（Vesre）,単語の音節を入れ替える言葉遊びを中心とした、ブエノスアイレス発祥の俗語体系（ルンファルドの一部）。,スペイン語の単語の音節配列を逆転・交替させる（例: 1-2-3 → 3-2-1等）。,19世紀末から20世紀初頭の移民の急増と、下層階級・裏社会における秘密言語の必要性。,部外者への情報秘匿と、タンゴ文化などを通じたアルゼンチン独自の都市アイデンティティの形成。,遊戯的な言語操作による親密さの醸成と、内輪のコードを解読できることによる優越感。,ブエノスアイレスの市民が、親しい友人とカフェでコーヒーを注文する時。,Feca（フェカ）,スペイン語の「Caf?（カフェ）」の音節を逆転（Ca-fe → Fe-ca）させた表現。,タンゴの愛好家や下町の人々が、タンゴの音楽やダンスについて語り合う時。,Got?n（ゴタン）,「Tango（タンゴ）」の音節を逆転させたもので、ルンファルドの代表的な音楽表現。,男性たちが集まる酒場で、自分の妻や交際相手の女性について親しみを込めて話す時。,Jermu（ヘルム）,「Mujer（ムヘール：女性・妻）」の音節を入れ替えたもので、日常的に使われる。
第2象限,ウルグアイ,NO_DATA,,,,,,,,,,,,,,
第2象限,オーストラリア,オーストラリア英語の指小辞（Australian English Diminutives）,名詞の語尾を省略・変化させ、「-ie/y」や「-o」を付加して親しみやすさを演出する言語実践。,"単語の第一音節や特徴的な音節を残し、接尾辞（-ie, -y, -o, -za）を付加する語形成。",イギリスの階級社会への反発として発展した、平等主義と「メイトシップ（Mateship）」の重視。,相手との心理的距離を縮め、格式張った態度を排して平等な人間関係を構築する機能。,フォーマルな状況の緊張を緩和し、リラックスした共感的なコミュニケーションを促す。,オーストラリア人が、午後に同僚や友人とすれ違いざまに挨拶を交わす時。,Arvo（アーヴォ）,「Afternoon（午後）」を省略し「-o」を付加。日常的な挨拶に不可欠な表現。,週末に友人や家族を自宅の庭に招き、野外で肉を焼く食事会を開く時。,Barbie（バービー）,「Barbecue（バーベキュー）」の指小辞。国民的な親睦行事を親しみやすい言葉で表現。,一般市民が、大工や配管工などの肉体労働を伴う熟練職人に親しみを込めて言及する時。,Tradie（トレイディー）,「Tradesman」の指小辞。労働者階級への敬意と親近感を込め、社会的な連帯を示す。
第2象限,ニュージーランド,NO_DATA,,,,,,,,,,,,,,
第2象限,パプアニューギニア,トク・ピシンにおけるメタファー（Tok Pisin Metaphors）,英語を基盤とするクレオール言語「トク・ピシン」において、身体部位や自然物を用いた比喩的表現。,限られた語彙を組み合わせて複合語を作り、概念や感情を物理的・視覚的なイメージに仮託する。,800以上の言語が存在する多言語社会において、民族間の意思疎通と連帯を図る共通語の成立過程。,異なる文化的背景を持つ人々が、直感的に理解できる比喩を共有することで紐帯を強める。,感情や状態を客観的・具象的な言葉に置き換えることで、直接的な対立を避け共感を促す。,村の住人が、親族の不幸や困難に直面した人に対して深い悲しみと同情を伝える時。,Bel hevi（ベル・ヘヴィ）,「Belly（腹）」＋「Heavy（重い）」。感情の座である腹が重いという見立てで悲痛さを表す。,会話中に相手が中身のない無駄話や嘘をついていると気づき、それを指摘する時。,Mauswara（マウスワラ）,「Mouth（口）」＋「Water（水）」。口から水が流れるように意味のない言葉が出る様を喩えた表現。,対人トラブルなどで激しい怒りを感じ、その腹立たしさを周囲の仲間に吐露する時。,Bel hat（ベル・ハット）,「Belly（腹）」＋「Hot（熱い）」。怒りで腹の中が煮えくり返るような生理的感覚を言語化したもの。
第2象限,ソロモン諸島,NO_DATA,,,,,,,,,,,,,,
第2象限,バヌアツ,NO_DATA,,,,,,,,,,,,,,
第2象限,フィジー,NO_DATA,,,,,,,,,,,,,,
第2象限,ミクロネシア連邦,NO_DATA,,,,,,,,,,,,,,
第2象限,マーシャル諸島,NO_DATA,,,,,,,,,,,,,,
第2象限,パラオ,NO_DATA,,,,,,,,,,,,,,
第2象限,ナウル,NO_DATA,,,,,,,,,,,,,,
第2象限,キリバス,NO_DATA,,,,,,,,,,,,,,
第2象限,ツバル,NO_DATA,,,,,,,,,,,,,,
第2象限,サモア,NO_DATA,,,,,,,,,,,,,,
第2象限,トンガ,Heliaki（暗示・比喩表現）,文字通りの意味とは異なる裏の意味をほのめかす、トンガ固有の修辞技法・比喩的言語実践。,自然界（動植物、気象、航海など）の語彙を用いた暗喩（メタファー）の多層的構造。,直接的な対立や感情表現を避ける社会的規範と、身分制度における敬意や批判の表現の必要性。,対立を避けながら批判や称賛、愛情を伝える。集団内の文化的知識の共有を通じた連帯感の強化。,直接的な対立による心理的負担の軽減、解読を通じた知的遊戯としての楽しさ、共感の醸成。,恋人への愛情表現（直接的な愛の言葉を避ける場面）,「Kakala（香りのよい花飾り）」関連の語彙（特定の相手を美しい花に例える）,愛情対象を直接指名せず、花の香りや美しさに託すことで、ロマンチックな情緒と集団内の美的感覚を共有する。,権力者や目上の人への婉曲的な批判や忠告を行う場面,航海や天候の不調（「向かい風」「船の針路が逸れる」など）を主語にした発話,人物ではなく自然現象の描写に置き換えることで、相手の顔を潰さずに軌道修正を促し、人間関係の調和を保つ。,王族や貴族の死を悼み、悲しみを表現する場面,「L?'? kuo t?（太陽が沈んだ）」「'Akau kuo holo（大木が倒れた）」,直接的な「死」という語を避け、宇宙規模や自然界の喪失として表現することで、深い悲しみと敬意を詩的に共有する。
第3象限,日本,インターネット上の政治的・世代的ラベリング,特定の政治的信条や年齢属性を持つ他者を類型化し、貶めて集団から排除するための蔑称的レッテル貼り。,既存の単語の略語化、複合語化、または既存概念のネガティブな再定義による造語。,インターネット掲示板やSNSにおける匿名コミュニケーションの普及と、政治的・世代間の対立の進行。,対立する集団の非人間化、自集団の結束力強化、および複雑な議論の単純化による思考停止の誘発。,敵対者に対する道徳的・知的優位性の確保、およびレッテルを貼ることによるカタルシス。,リベラル層や中道層が、排外的な言説を行う相手を非難する状況,ネトウヨ（ネット右翼の略称）,インターネット上で右派的、排外的な発言を行う者を一括りにし、知的な未熟さや偏狭さと結びつけて議論を封殺・排除する機能を持つ。,保守層や右派層が、リベラル・左派的発言を行う相手を非難する状況,パヨク（ぱよぱよちーん＋左翼）,ある左派活動家がSNSで用いた挨拶「ぱよぱよちーん」と「左翼」を掛け合わせた造語。左派的発言者に売国奴や非現実的な理想主義者としての烙印を押し、社会から排除しようとする。,若年層が、高齢者の権威主義的態度を批判する状況,老害（老人＋公害のメタファー）,高齢者を社会的な「害」とみなすメタファー。加齢による価値観の押し付けを非難し若年層の不満を正当化しつつ、世代間の分断を固定化する直接的な攻撃語として機能する。
第3象限,中国,文化大革命における大批判用語,政治的敵対者や知識人を反体制派として断罪し、物理的・社会的に抹殺するために用いられた政治的レッテル。,伝統的な成語や動物・怪物のメタファーを政治的文脈に転用した強力なプロパガンダ語彙。,毛沢東主導による権力闘争と、大衆動員による既存の社会秩序や伝統文化の破壊運動。,標的の非人間化による暴力の正当化、スケープゴートの創出、および社会全体への恐怖の植え付け。,敵を「人間以下」とみなすことによる良心の呵責の麻痺と、大衆の破壊的熱狂の扇動。,紅衛兵や造反派が、失脚させたい党内実力者へ攻撃を行う状況,走資派（資本主義の道を歩む実権派の略）,イデオロギー上の最大の敵として定義し、かつての指導者を反逆者として正当に打倒・排除できる論理的根拠を提供した。,紅衛兵が、知識人や伝統的思想を持つ者を迫害する状況,牛鬼蛇神,妖怪や怪物を意味する仏教・伝統用語を転用し、対象を「社会の害悪であり退治すべき化け物」として非人間化した。,共産党組織や大衆が、出自に基づく社会的排除を行う状況,黒五類,地主、富農、反革命分子などを血統主義的に分類し、その子孫までも未来永劫にわたり社会の最底辺に固定化し迫害した。
第3象限,韓国,オンライン上のジェンダー・ヘイトスピーチ,インターネットコミュニティを起点とする、極端な性別対立と相手の非人間化を伴う蔑称の応酬。,身体的特徴、社会的役割、または特定の食べ物を結びつけた複合語や、昆虫などのメタファーの使用。,徴兵制に伴う逆差別感情、フェミニズム運動の急進化、および経済的閉塞感による男女間の社会的摩擦。,ジェンダー間の敵対心の増幅、対話の拒絶、および自らの性別集団内での連帯感（エコーチェンバー）の形成。,異性に対する被害者意識の正当化と、相手を貶めることによるルサンチマンの解消。,男性層が、女性の消費行動や依存的態度を批判する状況,キムチ女（???）,男性に経済的負担を強いるとされる女性を、韓国の日常的な食べ物であるキムチと結びつけて類型化し、ミソジニー（女性嫌悪）に基づく攻撃を正当化した。,女性層が、男性の家父長的態度や存在そのものを嫌悪する状況,韓男虫（???）,韓国人男性（韓国男子）を「虫」に例えて非人間化する造語。フェミニズム側の反撃の言語として誕生し、男性全体を社会の害悪として極端に排斥する機能を持つ。,反フェミニズム層が、女性の権利主張やフェミニストを非難する状況,メガル（??）,過激なフェミニズム・コミュニティ「メガリア」の略称を転用。女性の権利を主張する者を「極端な男性嫌悪者」と一括りにラベリングし、公的空間から社会的に抹殺・排除する目的で使用される。
第3象限,北朝鮮,対敵非難プロパガンダ語彙,韓国、米国などの敵対国、または体制批判者に対する極端な感情的・暴力的な国家主導の罵倒表現。,極端な形容詞、汚物や害虫などの比喩、および完全な破壊を示唆する動詞の組み合わせ。,金日成一族による個人崇拝と一党独裁体制の維持、および外部の脅威を強調することによる内部統制。,国民への危機感の醸成、体制への絶対的忠誠の強要、および敵対勢力との対話・妥協の余地の完全な排除。,外部への極度な憎悪と恐怖の植え付け、および「強大な指導者に守られている」という依存心の強化。,国家機関や国営メディアが、脱北者や体制批判者を公式非難する状況,人間のクズ（?????）,対象を人間ではなく廃棄物として定義することで、一切の基本的人権を否定し、いかなる処罰も正当化する論理を形成。,朝鮮人民軍や国営メディアが、米韓合同軍事演習などへ警告・威嚇を行う状況,火の海（???）,物理的な完全破壊を視覚的に連想させる言葉を用いることで、最大の恐怖を煽り、交渉において優位に立とうとする言語戦術。,北朝鮮指導部が、韓国の指導者や保守派を非難する状況,特等逆賊（????）,対象を歴史的な大罪人と位置づけ、民族の敵として断罪することで、自国の体制の正統性と道徳的優位性をアピールする。
第3象限,モンゴル,NO_DATA,NO_DATA,NO_DATA,NO_DATA,NO_DATA,NO_DATA,NO_DATA,NO_DATA,NO_DATA,NO_DATA,NO_DATA,NO_DATA,NO_DATA,NO_DATA,NO_DATA
第3象限,台湾,オンライン上の政治的ラベリング,台湾の二大政党（民進党・国民党）の支持者間や、中台関係を巡る立場を揶揄・攻撃するためのネットスラング。,既存の集団名や宗教用語をもじった造語、または皮肉を込めた反語的表現。,民主化以降の激しい選挙戦、中台関係の緊張、および世代間におけるアイデンティティ（台湾人か中国人か）の相克。,政治的立場の異なる集団の戯画化、議論の単純化、および支持層の動員・分極化の促進。,相手の政治的信念を「狂信」や「無知」として嘲笑することによる、知的・道徳的優位性の確保。,保守層や実利主義者が、進歩的・独立志向の若者を冷笑する状況,覺青（覚醒青年の略）,元々はひまわり学生運動の参加者を指す肯定的な言葉だったが、後に「理想ばかりで非現実的」なリベラル層を皮肉り、議論の土俵から排除する蔑称へと反転した。,野党支持者が、与党（民進党）の熱狂的支持者を批判する状況,塔綠班（タリュバン）,民進党のシンボルカラーである「緑」と「タリバン」を掛け合わせ、支持者を狂信的・非民主的な勢力としてレッテル貼りし排除を試みる。,若年層や与党支持者が、野党（国民党）の特定政治家の熱狂的支持者を批判する状況,韓粉（ハンフン）,国民党の韓国瑜氏の支持層を指す。非合理的で感情的なポピュリズムに扇動されている高齢者層として、若者側から切り捨てる機能を持つ。
第3象限,インドネシア,政治的二極化スラング,2014年および2019年の大統領選挙において、対立陣営の支持者を動物に例えて互いに罵倒し合ったスラング。,特定の動物の名称を隠語的・比喩的に用い、相手の知性や外見、行動特性を貶める語彙。,ジョコ・ウィドド（改革派）とプラボウォ・スビアント（保守・軍・イスラム右派）による社会を二分する激しい選挙戦とSNSの普及。,社会の政治的二極化の固定化、有権者のアイデンティティ政治への埋没、および対立陣営との対話の断絶。,相手を特定の動物に矮小化することで、集団的憎悪を娯楽化・ミーム化し、暴力的な対立を心理的に容易にする。,プラボウォ支持派が、ジョコ・ウィドド大統領の支持者を批判・嘲笑する状況,Cebong（オタマジャクシ）,ジョコ氏がカエルを飼育していたことに由来。支持者を「考えが浅く、盲目的に従う未熟な存在」として矮小化し論破を試みた。,ジョコ支持派が、プラボウォ候補の支持者を批判・嘲笑する状況,Kampret（小型のコウモリ）,プラボウォ支持層（特に強硬なイスラム保守派）を、暗闇に生息し逆ぶら下がりをするコウモリに例え、「時代錯誤で視野が逆転している」と排除した。,世俗派・穏健派が、急進的なイスラム主義者やアラブ系保守派を批判する状況,Kadrun（Kadal Gurun＝サバクオオトカゲの略）,アラブ文化に傾倒しすぎる保守派を「砂漠のトカゲ」と略称し、インドネシアの多様性を脅かす異物としてラベリングし分断した。
第3象限,カンボジア,民主カンプチアにおける政治的分類語彙,ポル・ポト政権（クメール・ルージュ）が国民を分類し、強制労働や虐殺の対象を決定するために用いた極端な階級・組織用語。,抽象名詞の絶対化（組織＝アンカー）と、国民を「新/旧」などの単純な二項対立で分断する分類語彙。,極端な毛沢東主義・農本主義に基づく、都市知識層の排除と完全な共産主義社会の強制的な建設。,国民の徹底的な分断、相互監視の正当化、および恣意的な処刑（排除）の合法化。,身分分類による絶え間ない死の恐怖と、正体不明の「組織」に対する絶対的な無力感と服従の強制。,クメール・ルージュの兵士や幹部が、都市部から農村に強制移住させられた市民を呼称・命令する状況,新人民（Neak Thmey）,革命後に支配下に入った都市住民を「資本主義の毒に染まった信頼できない者」と定義し、最下層の奴隷的労働力としていつでも抹殺・排除可能な対象とした。,クメール・ルージュ指導部が、革命前から支配地域にいた農民を呼称・優遇する状況,旧人民（Neak Chas）,農民を「純粋な革命の主体」と定義することで新人民に対する優越感と監視役の権限を与え、被支配者同士の分断と闘争を意図的に引き起こした。,地方幹部が、党中央や指導部の命令を国民に通達・強制する状況,アンカー（Angkar）,クメール語で「組織」を意味する単語を神格化。「アンカーの決定」という顔のない言葉を凶器とし、個人の感情や論理による反論を一切許さず粛清を実行した。
第3象限,シンガポール,NO_DATA,NO_DATA,NO_DATA,NO_DATA,NO_DATA,NO_DATA,NO_DATA,NO_DATA,NO_DATA,NO_DATA,NO_DATA,NO_DATA,NO_DATA,NO_DATA,NO_DATA
第3象限,タイ,政治的色彩に基づく分断語彙,軍事クーデターや民主化運動を背景に、政治的立場の違いを色や特定の呼称で区別し、互いに排除し合うための語彙。,衣服の色による視覚的なシンボル化と、タイ独自のスイーツ名などを皮肉として転用したラベリング。,タクシン元首相派と反タクシン派（王党派・軍部）による長期にわたる政治的混乱と、近年の若者主導の民主化運動。,政治的立場の可視化による社会の分断、対立陣営のステレオタイプ化、および世代間・階級間の闘争の言語化。,相手を特定のカテゴリーに押し込めることで複雑な政治背景を捨象し、味方への連帯と敵への憎悪を単純化する。,若者や民主派が、反タクシン派（王党派・保守層）を批判する状況,サリム（????? / Salim）,様々な色のシロップをかけたタイの伝統的デザートに由来。黄やピンクなど色を変えて集会を行う保守派を「偽善的で特権意識を持つ層」として嘲笑・排除するスラング。,保守派が、タクシン派の農民層や労働者層を批判する状況,赤シャツ（????????）および クワーイ（????）,タクシン派のシンボルカラー（赤シャツ）。対立陣営からはしばしば「クワーイ（水牛）」という愚かさを象徴する動物のメタファーで呼ばれ、金で動員された無知な大衆として見下され排除された。,民主派が、保守的な王党派や既得権益層を非難する状況,黄シャツ（???????????）,王室のシンボルカラーである黄色を身にまとった保守派。民主派からは、王室への忠誠を盾にクーデターや非民主的手段を正当化する存在として非難・対立の標的となり、社会を分断した。
第3象限,フィリピン,政治的レッテル貼り（Political Tagging）,政治的対立において、特定の陣営を属性や造語で単純化し、相手を排除・非難するために用いられる侮蔑的言語実践。,名詞や形容詞への接尾辞の付与、または既存の単語への新しい意味（メタファー）の付与による造語。,大統領選挙や政治的対立がSNS上で激化し、社会的分断が深まった現代フィリピンの政治状況。,敵対陣営の非人間化や嘲笑、自陣営の結束強化、および複雑な政治的議論の無効化。,相手への嫌悪感の増幅、集団極性化による思考停止と連帯感の高揚。,リベラル派やアキノ政権支持者など、対立陣営を批判する際。,Dilawan（ディラワン）,「黄色（Dilaw）」に接尾辞を付けた言葉で、本来は民主化の象徴だったが、「無能なエリート主義者」という侮蔑的意味に反転させられた。,ドゥテルテ前大統領の熱狂的な支持者を嘲笑・非難する際。,Dutertard（ドゥテルタード）,DuterteとRetard（遅恵）を組み合わせたかばん語で、盲目的な支持者を知的に劣ると見なして論破・排除する機能を持つ。,共産主義者や反政府活動家であると根拠なく決めつけ、社会的に抹殺しようとする際。,Red-tagging（レッド・タギング）,相手を「赤（共産主義者）」と呼称することで社会の敵として可視化し、時には法外な暴力や排除を正当化する強力な言語的手段。
第3象限,ブルネイ,NO_DATA,,,,,,,,,,,,,,
第3象限,ベトナム,チュイ・マット・ガー（Ch?i m?t g? / 伝統的罵倒詩）,農村部等で財産を盗まれた被害者が、犯人を特定できない状況で公然と泥棒とその一族を呪い、社会的に排除する伝統的な罵倒の言語実践。,六八格（ルックバット）などの伝統的な韻文形式や、対句を用いたリズミカルで音楽的な罵倒語の羅列。,村落共同体における密接な人間関係と、法的裁きよりも共同体内の評判や呪術的な言霊への畏れが強かった伝統的社会。,犯罪者への心理的圧力による自白や返還の促進、および被害者の鬱憤晴らしと村落内での道徳的優位性の確保。,犯人およびその血族に対する強烈な恐怖心や羞恥心の喚起、観衆へのカタルシス。,盗まれた鶏を食べた泥棒の身体的完全性を呪う際。,M? gan l?i ru?t（モー・ガン・ロイ・ルオット / 肝臓をつつかれ、腸が飛び出る）,直接的かつ具体的な身体的苦痛を言葉で描写し、「盗んだ鶏が腹の中で暴れる」という形で、見えない相手に対して言語を実用的な手段として用いている。,泥棒の祖先や子孫まで遡って一族全体を呪う際。,Cao t?ng t? kh?o（カオ・タン・ト・カオ / 高祖父・曾祖父など三代前の祖先）,ベトナムの先祖崇拝の文化において、泥棒本人だけでなく「祖先（Cao t?ng t? kh?o）」にまで呪詛を広げることは最大の侮辱・脅威であり、社会的な完全排除を意味する。,盗まれた鶏が泥棒に祟る恐ろしい存在に変わると呪う際。,"Con c?, con c?o（コン・クー、コン・カオ / フクロウやキツネ）","家にいた時はただの鶏だが、泥棒の家に行けば不幸を呼ぶ「フクロウやキツネ（Con c?, con c?o）」に化けて祟ると呪詛し、犯人へ強烈な心理的圧力をかける。"
第3象限,マレーシア,ネット上の「バワン」文化（Tentera Bawang）,インターネット空間において、特定の個人、団体、他国のネットユーザーに対して集団で組織的に行われる言語的攻撃や非難の文化。,スラング、皮肉、マレー語と英語を混ぜたマングリッシュ（Manglish）による短文やミーム的表現の反復。,SNSの日常化により、匿名または半匿名の群衆が容易に結集できるようになった現代のネット社会。,規範からの逸脱者に対する集団的制裁、ナショナリズムの誇示、および仮想敵を攻撃することによる連帯感の創出。,攻撃対象への強烈な萎縮効果（キャンセル・カルチャー）と、攻撃側の匿名性による道徳的責任の免除・高揚感。,噂話や他人のゴシップを消費し、批判的に拡散する人物を指す際。,Makcik Bawang（マクチク・バワン / 玉ねぎおばさん）,玉ねぎを剥くように他人の私生活を暴き、涙を流す様子をメタファーとした表現。現在はネット上の批判者全般を指し、社会を監視する存在となっている。,外国の著名人等が自国文化を侮辱したと見なされ、ネット民が一斉に攻撃を仕掛ける際。,Tentera Bawang（テンテラ・バワン / 玉ねぎ軍団）,自らを「軍隊」と見立てることで、相手のSNSのコメント欄を大挙して荒らす行為を「愛国的な防衛戦（闘争）」として正当化している。,対象を炎上させ、社会的に抹殺しようとする際。,Kena bawang（ケナ・バワン / 玉ねぎにされる）,動詞的に使用され、言葉による集団リンチや排除が日常的なネット上の「処罰」として慣習化されていることを示す。
第3象限,ミャンマー,政治的対立下の排斥的スラング,軍事政権への反発や市民間の分断を背景に、敵対者を人間以下の存在や裏切り者として排除するために用いられる言語実践。,動物の名称を用いた暗喩（メタファー）、略語の転用、および特定の属性と否定的な言葉の結合。,2021年の軍事クーデター以降、国軍に対する市民の激しい怒りと、密告による逮捕の恐怖が蔓延する極度の緊張状態。,敵対者の非人間化による攻撃の正当化、密告者への警告と社会的孤立の強制、および抵抗勢力側の連帯感と正義の維持。,敵に対する排除の心理的ハードルの低下、およびコミュニティ内における相互監視と恐怖心の植え付け。,国軍兵士や警察官、および軍事政権の支持者を非難・侮蔑する際。,Sit-kwe（シッチュエ / 軍の犬）,権力者に盲従して市民に噛み付く存在として「犬」という不浄・卑賤とされる動物に例え、相手の人間性を剥奪する直接的な攻撃表現。,軍に市民の動向や抵抗運動の情報を流す密告者を指弾する際。,Dalan（ダラン / 密告者・スパイ）,このレッテルを貼ることは、単なる悪口を超えて実際の物理的排除（暗殺）の標的となることを意味し、強力な分断・排除の言語として機能する。,軍と関係のある企業の商品や行事をボイコットするよう呼びかける際。,Thway-sut-nay-te（血に染まっている）,消費行動やイベント参加を「市民の血」というメタファーで表現し、不参加の圧力をかけることで、親軍的な行動を取る者を道徳的に排除する。
第3象限,ラオス,NO_DATA,,,,,,,,,,,,,,
第3象限,東ティモール,NO_DATA,,,,,,,,,,,,,,
第3象限,インド,政治的二極化とレッテル貼りのスラング,政治的立場（右派・左派、世俗派）の異なる者を「非国民」や「狂信者」として社会的に排除・論破するために用いられる造語群。,英語とヒンディー語の混成（ヒングリッシュ）、既存の政治用語と侮蔑語のかばん語、歴史的宗教用語の転用。,SNSにおける情報拡散や、メディアを通じた激しい政治討論、宗教的マイノリティへの不寛容が顕在化した現代社会。,複雑な政治的議論の単純化、反対意見を持つ知識人や活動家の信用失墜、および特定のイデオロギー集団の囲い込み。,相手への愛国心や理性の欠如という前提を植え付け、対話の余地を完全に断ち切る（エコーチェンバーの強化）。,リベラルな知識人や人権活動家などを「国家の敵」として非難する際。,Urban Naxal（アーバン・ナクサル / 都市部の毛沢東主義過激派）,本来は農村部の極左過激派を指す言葉を都市部の知識人に結びつけ、テロリスト同然の危険分子として社会から排除するための実用的なレッテル。,世俗主義を掲げ、マイノリティを擁護する政党や人々を嘲笑する際。,Sickular（シックラー）,Secular（世俗的）とSick（病的な）を組み合わせた造語。世俗主義を「病んだ思想」と定義し直し、相手の政治的立場を論破しようとする言語的手段。,現政権やヒンドゥー至上主義を盲目的に支持する人々を批判・嘲笑する際。,Andh Bhakt（アンド・バクト / 盲目的な信者）,「Bhakt」は神への献身を意味する尊い言葉だが、「Andh（盲目）」を付けることで、論理的思考を放棄した狂信者という意味に反転させている。
第3象限,パキスタン,政治的党派性の蔑称（Partisan Name-calling）,対立する政党の支持者やメディアを互いに「腐敗の加担者」や「洗脳された無知な者」としてレッテルを貼り、社会を分断する言語実践。,ウルドゥー語の既存の職業名や概念を特定の政党支持者に結びつけたメタファー的転用、および英語との混成造語。,主要政党間の激しい権力闘争と、それに連動したテレビメディア・SNSでの日常的な情報戦。,敵対政党支持者の知能や道徳性を貶めることによる議論の無効化、および自陣営の熱狂的動員。,対立陣営に対する優越感の醸成と、国家の危機に乗じた相互不信（パラノイア）の増幅。,古い政治体制や既得権益層（特にPML-N）の支持者を嘲笑する際。,Patwari（パトワリ）,本来は「村の土地台帳管理人」を意味するが、転じて「封建的で腐敗したシステムに寄生する前近代的な人々」というメタファーとして用いられる。,PTI（正義運動）の若年層を中心とする熱狂的な支持者を非難する際。,Youthia（ユーティア）,英語の「Youth（若者）」に、ウルドゥー語の卑猥な罵倒語の語尾を掛け合わせたかばん語。若者の政治参加を無知な行動として切り捨てる。,特定の政党に有利な報道を行っていると見なされたジャーナリストを非難する際。,Lifafa Journalist（リファファ・ジャーナリスト）,「Lifafa」は「封筒」を意味し、賄賂を受け取って記事を書いているという糾弾。メディアの信頼性を破壊し、不都合な言説を排除するための用語。
第3象限,バングラデシュ,歴史的トラウマを動員した政治的烙印,独立戦争時の対立構図を現代の政治運動に持ち込み、反対派を「国家の裏切り者」として社会的に抹殺・排除する言語実践。,ベンガル語・ウルドゥー語由来の歴史的用語（民兵組織名や職業名）の、現代政治文脈へのメタファー的転用。,独立戦争の歴史認識を巡る世俗派とイスラム保守派の根深い対立、および権威主義的な体制下での激しいデモ。,政敵の非合法化、反対意見の封殺、および「真のバングラデシュ人」の境界線の画定。,独立戦争のトラウマを喚起することによる強烈な憎悪の煽動と、レッテルを貼られることへの社会的恐怖。,政府批判者や対立陣営を、「国家に反逆する者」として糾弾・排除する際。,Razakar（ラザカール / 義勇兵・裏切り者）,本来は独立戦争時の親パキスタン民兵組織名。「売国奴」の同義語として最大の侮辱語となり、相手の市民的権利を剥奪する排除の手段となる。,外国に歩み寄る政策をとる政治家などを、利権のために国を売っていると非難する際。,Dalal（ダラル / 仲介人・手先）,本来は「ブローカー」を意味するが、「外国の手先、スパイ」という意味で使われる。相手の愛国心を否定し、共同体から排除するための実用的なレッテル。,世俗派の活動家や与党支持者を「歴史を利用して利益を得る偽善者」と嘲笑する際。,Chetona-bebohsayi（チェトナ・ベボシャイ / 理念の商人）,独立戦争の「理念（Chetona）」を売る「商人（Bebohsayi）」。相手が掲げる大義名分を金儲けの道具にすぎないと暴露し、道徳的優位性を論破する造語。
第3象限,スリランカ,NO_DATA,,,,,,,,,,,,,,
第3象限,ネパール,マデシ（平野部住民）に対する他者化と差別的隠語,丘陵部出身の住民が、インド国境に近い平野部の住民（マデシ）を「非ネパール的」として排除・侮蔑する際に用いる言語実践。,外来語（ヒンディー語等）の意図的借用や、衣服・身体的特徴を換喩として用いた名詞のラベリング。,歴史的に丘陵部エリートが政治権力を独占し、平野部住民の市民権や言語的権利が周縁化されてきた構造的差別。,丘陵部中心のナショナリズムを強化し、マデシを「インド系外国人」としてネパール社会から象徴的に排除する。,ターゲットに疎外感とアイデンティティの否定をもたらし、国内の政治的・民族的対立を激化させる。,丘陵部出身者（パハディ）が、首都カトマンズでの抗議デモや日常の口論において、マデシを「インド人」として排斥しようとする状況。,Dhoti（ドーティ / 伝統的な腰巻き衣）,マデシが着用する衣服を換喩として用い、「お前たちは真のネパール人ではなくインド人だ」という排外的なメッセージを直接的に突きつける。,丘陵部の住民が、マデシの商人がネパール語を訛って話すのを聞き、その言語的背景を見下して嘲笑する状況。,Bhaiya（バイヤ / ヒンディー語で「兄弟」）,あえてヒンディー語の単語を投げつけることで、彼らの帰属がインドにあると強調し、ネパール社会における二級市民として位置づける論争的実践。,都市部の住民が、肌の色が濃いマデシの労働者や学生に対して、ネパール人としての真正性を否定して侮蔑する状況。,Kale（カレ / 黒い奴）,身体的特徴を侮蔑的に切り取り、マデシを劣等な他者として社会的にラベリングし、マジョリティ集団からの排除を正当化する。
第3象限,ブータン,NO_DATA,,,,,,,,,,,,,,
第3象限,モルディブ,NO_DATA,,,,,,,,,,,,,,
第3象限,アフガニスタン,NO_DATA,,,,,,,,,,,,,,
第3象限,ウズベキスタン,NO_DATA,,,,,,,,,,,,,,
第3象限,カザフスタン,言語・文化的同化度を巡る社会分断のラベリング,ロシア語化された都市エリートと伝統的なカザフ語話者（地方出身者）の間で、互いの文化的真正性を否定し合うために用いられる攻撃的な言語実践。,固有名詞の普通名詞化（蔑称化）、文学的メタファーからの借用、および混血や不完全さを示す形容詞と名詞の複合。,ソ連時代の強力なロシア語化政策と、独立後のカザフ語復権運動による、都市部（ロシア語優位）と地方（カザフ語優位）の深い文化的亀裂。,「洗練された都市住民」と「真のカザフ民族」という相容れない境界線を守るため、境界侵犯者や外部者を社会的に隔離・排除する。,文化的劣等感や優越感を刺激し、同一民族内での不信感とヒエラルキーを再生産する。,ロシア語を母語とするアルマトイなど都市部のカザフ人が、地方から移住してきた若者のロシア語の拙さや振る舞いを見て侮蔑する状況。,Mambet（マンベット / 田舎者、無教養）,元々は一般的な男性名だが、都市エリートが地方の伝統的カザフ文化を後進的とみなし、社会の不可視の境界線から排除するための凶器として機能している。,カザフ語復権を掲げる民族主義者が、ロシア語しか話せない、またはロシア文化に傾倒している都市部のカザフ人を激しく非難する状況。,Mankurt（マングルト / 記憶を消された奴隷）,C・アイトマートフの小説の隠喩を借用し、自らの言語や歴史を忘却した同化者を「民族の裏切り者」として指弾し、連帯から切り捨てる。,伝統的なカザフ文化を重んじる層が、カザフ語とロシア語を混ぜて話す「ブロークン」な言葉遣いをする人々に対して、真正性を否定する状況。,Shala Kazakh（シャラ・カザフ / 半分のカザフ人）,「不完全な」を意味する形容詞を用い、言語能力を血統や民族的真正性と結びつけて攻撃し、同一民族内に見えない階層を作り出す。
第3象限,キルギス,都市・地方間の文化的摩擦に伴う侮蔑語と排他実践,首都のロシア語系エリートと地方出身のキルギス語話者が、互いを「無教養」「非国民」としてラベリングし、排除し合う言語実践。,発音の違い（i と y）を利用したアイデンティティの可視化、およびステレオタイプに基づく俗語の生成。,ソ連崩壊後の大規模な国内移住（地方から首都への人口流入）と、ロシア語の威信が残存する中でのキルギス・ナショナリズムの台頭。,都市空間における文化的優位性の防衛、または逆に、ロシア化されたエリートに対する土着文化の正統性の主張。,相手の文化的ルーツを否定することで屈辱感を与え、社会階層の固定化と防衛的なナショナリズムを煽る。,首都ビシュケクのロシア語話者（都市住民）が、地方から上京してきた若者のマナーの欠如やロシア語の不自由さを攻撃する状況。,Myrk（ムルク / 無教養な田舎者）,「無教養な田舎者」という烙印を押し、洗練された都市空間から地方出身者を社会的に隔離・排除し、都市エリートの優位性を防衛する。,キルギス語を重んじる民族主義者が、ロシア語文化に過剰に同化し、自国の文化を軽視する同胞をインターネット上などで批判する状況。,Kirgiz（キルギズ / 「i」を用いたロシア語発音）,本来の自称「Kyrgyz」ではなく、ロシア語発音の「Kirgiz」をあえて投げつけることで、相手を「精神的にロシア化された外部の人間」として糾弾する。,伝統や歴史を軽視する若者やロシア語話者に対して、キルギス語話者の知識人や年配者が文化的喪失を道徳的に糾弾する状況。,Mankurt（マンクルト / 記憶喪失の奴隷）,キルギス出身の作家アイトマートフによる造語。独自の文化や言語を失った同胞を「操り人形」として最も強く非難し、排斥する論争的メタファー。
第3象限,タジキスタン,NO_DATA,,,,,,,,,,,,,,
第3象限,トルクメニスタン,NO_DATA,,,,,,,,,,,,,,
第3象限,アラブ首長国連邦,NO_DATA,,,,,,,,,,,,,,
第3象限,イエメン,内戦下における政治・宗派的レッテル貼り,敵対勢力を宗教的・法的に非合法化し、武力衝突を正当化するための言語実践。,二項対立的な宗教語彙および法廷用語の借用。,2014年以降の深刻な内戦と、地域・宗派（ザイド派対スンニ派）の分断。,相手の人間性や政治的妥当性を剥奪し、自陣営の結束と戦闘意欲を高める。,「敵＝絶対悪・異端」という単純化により、同じ国民に対する暴力への心理的ハードルを下げる。,フーシ派による政治的スローガン,「サルハ（神は偉大なり、米国に死を、等）」,儀式的な呪詛の連呼により、敵対者を排除すべき絶対悪として言語的に固定化する。,反フーシ派陣営への呼称,「ムルタザク（傭兵）」,政敵を「外国に買収された金目当ての者」と定義し、相手の政治的信念を無効化・論破する。,フーシ派に対する反体制側の呼称,「カハヌーティ（神権政治の圧制者）」,相手を時代遅れの不当な権力者と位置づけ、対話の余地を断ち切り徹底抗戦の正当性を強調する。
第3象限,イスラエル,政治的分極化に伴う他者排除のレッテル語彙,建国理念や安全保障の観点から、意見の異なる集団を「国家の敵」や「無責任な者」として論破・排除する言語文化。,政治的スタンスや宗教的態度を表す名詞の攻撃的な転用。,右派と左派、世俗派と超正統派など、国内の深刻なイデオロギー対立と慢性的な安全保障の危機感。,異論を封殺し、自陣営の政治的求心力を強化するとともに、社会の分断線を明確にする。,相手を「非国民」や「国家の脅威」とみなすことで、共感の可能性を消滅させる。,右派による左派・和平派への攻撃,「ボゲッド（裏切り者）」,左派の融和的な政策や人権重視の姿勢を「国家への反逆」と断定し、社会的発言権を剥奪する。,リベラル層への冷笑的呼称,「ヤフェ・ネフェシュ（美しき魂）」,理想主義を「現実逃避で危険なもの」として論破・揶揄し、実利・安全保障至上主義を正当化する。,超正統派に対する世俗派の批判,「ミシュタムティム（兵役逃れ）」,国民の義務を果たさない集団として直接的に非難し、社会契約の観点から政治的な排除を試みる。
第3象限,イラク,宗派主義的対立を煽動する蔑称と言語実践,歴史的・宗教的な用語を現代の政治対立に適用し、特定の宗派や集団を異端や外国の傀儡として排除する行為。,歴史的王朝名や宗教的教義用語の侮蔑的な再定義とメタファー的転用。,2003年の体制崩壊以降の権力の空白と、シーア派・スンニ派間の苛烈な政治的・暴力的闘争。,特定のコミュニティ全体に連帯責任を負わせ、社会から隔絶させ迫害の標的とする。,相手を「本来のイラク国民ではない」と思い込ませることで、排斥や暴力への罪悪感を麻痺させる。,シーア派市民に対するスンニ派過激派の呼称,「サファウィー（サファヴィー朝の手先）」,アラブ人としてのアイデンティティを剥奪し、イランの傀儡・裏切り者であると論破・決めつける。,スンニ派市民に対する一部シーア派過激派の呼称,「ナワーシブ（預言者の一族を憎む者）」,歴史的な神学論争の用語を使い、現代のスンニ派全員を宗教的敵対者として言語的に隔離する。,反政府デモ参加者に対する親イラン民兵の呼称,「ジョーカー（破壊者・陰謀家）」,市民の抗議活動を外国の陰謀や映画の悪役のような無秩序な破壊行為に見立てて正当性を完全否定する。
第3象限,イラン,体制側と反体制側の政治的スローガンと隠語,国家が設定した「敵」に対する呪詛の言葉や、それに抗う市民が体制を否定するために用いる対立の言語。,命令形や絶対的な名詞によるスローガン、およびレッテル貼りの政治用語。,イスラム体制による厳格な社会統制と、それに反発する市民・若年層との間の長年にわたる政治的対立。,体制側はイデオロギーの統一を、反体制側は抑圧に対する抵抗の連帯を形成し、互いの存在を否定する。,呪詛やスローガンの共有による集団的カタルシスと、敵対陣営に対する絶対的な不寛容の醸成。,体制側による公式な政治集会,「マルグ・バル（?に死を）」,米国や反体制派など、国家が指定した敵に対する死の要求を定型化し、憎悪を儀式化・正当化する。,反体制デモにおける市民のスローガン,「ザン、ゼンデギー、アザーディー（女性、生命、自由）」,体制の家父長制的な抑圧を直接的に告発・論破し、古い価値観を排除して新しい社会規範を要求する闘争の言葉。,体制側によるデモ参加者へのレッテル,「フェトネギャル（煽動者）」,市民の抗議を「外国の支援を受けた国家転覆の陰謀」と定義し、弾圧や排除を法的に正当化する。
第3象限,オマーン,NO_DATA,,,,,,,,,,,,,,
第3象限,カタール,NO_DATA,,,,,,,,,,,,,,
第3象限,クウェート,市民権と出自を巡る排除の言語的カテゴリー,国家の資源分配と市民権を巡り、特定の集団の帰属を疑い、社会から疎外するための分類語彙。,出自、国籍状態、血統を示す単語の社会的レッテル化。,豊富な石油恩恵の分配を巡る、近代以前からの定住者と移民・遊牧民ルーツの住民との間の社会的緊張。,限られた国家資源の独占を正当化し、社会の階層化を固定化して特定の集団を周縁化する。,「自分たちこそが真の国民である」という特権意識の強化と、対象集団に恒久的な疎外感を与える。,無国籍者問題に関する議論,「ビドゥーン（?を持たない者）」,法的な未承認状態を指す言葉がそのまま身分階層の呼称となり、制度的排除を社会の中で日常化させる。,遊牧民ルーツの市民への非難・牽制,「ムズダウィジ（二重国籍者）」,他国にもルーツを持つことを理由に国家への忠誠心を疑い、政治的権利の主張を論破・無効化する。,都市部エリート層の自己規定,「アスィール（真正なる血統）」,自らが近代以前からの定住者であることを強調し、新興市民に対する社会的優位性を言語的に誇示・区別する。
第3象限,サウジアラビア,ソーシャルメディアにおけるイデオロギー的・政治的レッテル貼り,SNS（特にX）において、愛国心や宗教的立場を基準に相手の論理を破壊し、社会的に抹殺・排除する言語実践。,特定の名詞に接尾辞（?ジーなど）を付けた揶揄や、忠誠心を問う直接的な非難語彙。,急速な社会改革（ビジョン2030）に伴う価値観の激変と、デジタル空間でのナショナリズムの台頭。,新しい国家方針にそぐわない者、あるいは改革に過剰に批判的な者を社会的にキャンセルし発言権を奪う。,愛国心や宗教を盾にすることで「正義の執行者」としての優越感を与え、集団によるネットリンチを誘発する。,宗教的保守派やイスラム主義者への攻撃,「アフンジ（同胞団かぶれ）」,伝統的な保守層を「ムスリム同胞団（非合法組織）」と紐づけ、危険分子として社会から排除する。,リベラル・改革急進派への冷笑的呼称,「リブラルジー（リベラル屋）」,トルコ語源の接尾辞を用いて、彼らの思想が西洋の模倣であり土着のものではないと揶揄し論破する。,過剰な愛国主義者に対する批判的呼称,「ワタンジー（愛国ビジネス）」,愛国心を武器に他者を攻撃して利益を得る者たちを偽善者として逆照射し、その権威と影響力を削ぐ。
第3象限,シリア,内戦における敵対陣営の非人間化と言語的排除,体制側と反体制側が、互いの人間性や市民権を言葉によって完全に剥奪し、徹底的な排除（殺戮）を正当化する事象。,相手を犯罪者、怪物、あるいは宗教的異端者に例えるメタファーと歴史的呼称の悪用。,2011年の平和的抗議から泥沼の武力紛争・宗派間対立へと発展した国家の完全な崩壊と分断。,物理的暴力および虐殺の正当化、コミュニティの分断の修復不可能なレベルでの固定化。,相手を「交渉や共存が可能な人間」ではなく「駆除すべき脅威・害獣」とみなす心理的メカニズムの構築。,体制側による初期のデモ参加者への呼称,「ムンダッス（潜入者・陰謀分子）」,市民による自発的な抗議を「外国から送り込まれたテロリスト」と定義し、容赦ない武力弾圧を正当化する。,反体制派による親アサド民兵への呼称,「シャッビーハ（幽霊・凶悪犯）」,体制側の非正規戦闘員を、法律を無視して暴れ回る残虐な怪物として非人間化し、対話の対象から外す。,過激派によるアラウィー派への蔑称,「ヌサイリー」,支配層であるアラウィー派を歴史的な異端の呼称で呼ぶことで、宗教的抹殺の対象として正当化・排除する。
第3象限,トルコ,Lubunca（ルブンジャ）,トルコのクィア・コミュニティ（特にトランスジェンダーやセックスワーカー）の間で使用される隠語。,トルコ語の文法を基礎としつつ、ロマ語、ギリシャ語、アラビア語などの語彙を借用・変形して構成。,警察の弾圧や社会的なトランスフォビア・ホモフォビアからの自己防衛。,外部者（特に警察や加害者）からの情報の隠蔽と、コミュニティ内の連帯の強化。,抑圧された環境下での安心感の獲得と、独自のアイデンティティの肯定。,警察や危険な人物が接近した際の警告,Al?kmak（アリクマク）,本来は「奪う」などを意味するが、ルブンジャでは「気づく」「見る」の意。危険を察知した際の合図として機能する。,相手の嘘や欺瞞を指摘する際,K?r（キュル）,「嘘」や「偽物」を意味する。外部者の欺瞞を見破り、内部者同士で警戒を促すために使用される。,過酷な現実を和らげ、連帯を深めるための歓談,Gull?m（ギュッリュム）,「冗談」「笑い」を意味し、抑圧に対するユーモアを用いた心理的抵抗と結束を示す。
第3象限,バーレーン,NO_DATA,,,,,,,,,,,,,,
第3象限,ヨルダン,NO_DATA,,,,,,,,,,,,,,
第3象限,レバノン,NO_DATA,,,,,,,,,,,,,,
第3象限,パレスチナ,スムード（Sumud）の詩的メタファー,占領下におけるパレスチナ人の「堅忍不抜（Sumud）」の精神を体現し、土地への土着性と抵抗を示す詩的・日常的メタファー。,自然物や日常の事物を、政治的権利や歴史的記憶の象徴として再意味化する隠喩構造。,土地の喪失、占領、難民化といった歴史的危機と、検閲や軍事的圧力に対する非武装の抵抗。,直接的な政治的発言が危険を伴う中で、検閲を逃れつつ民族の記憶と抵抗の意志を次世代に継承する。,奪われた土地との精神的結びつきを維持し、集団のトラウマを希望と連帯の物語へと昇華する。,土地への根強さと不屈の意志を表現する際,オリーブの木（Zaytun）,寿命が長く過酷な環境でも育つオリーブを、パレスチナ人が先祖代々その土地に根付いている正当性の象徴（見立て）として使用。,困難に耐え忍び、境界線を主張する際,ウチワサボテン（Sabar）,「忍耐（サバル）」と語根を同じくし、破壊された村の境界に生き残る植物として、帰還への忍耐と存在の証明を暗示する。,難民が帰還の権利を主張する際,鍵（Miftah）,1948年に家を追われた際に持ち出した「家の鍵」を、単なる道具ではなく「奪われた故郷を取り戻す正当な権利」のメタファーとして掲げる。
第3象限,アイルランド,Shelta（シェルタ語 / キャント）,アイルランドの移動型民族集団（アイリッシュ・トラヴェラー）が使用する混合言語・隠語。,アイルランド語（ゲール語）の語彙を英語の文法に当てはめ、音の逆転や変形を加える。,定住社会（カントリー・ピープル）からの長年にわたる差別や、警察などの公的機関の介入に対する防衛手段。,外部者には理解不可能な形で情報交換を行い、取引の優位性を保ち、集団の境界線を維持する。,周縁化された集団としての誇りを保ち、定住社会の価値観に対抗する独自の連帯感を生む。,外部者（定住者や警察）を警戒する場面,Buffer / Flattie,トラヴェラー以外の「定住者」を指す隠語。自分たちとは異なる他者を明確に区別し、警戒対象としてラベル付けする。,仲間内で特定の人物（男女）について言及する際,Feen / Beour,Feenは男性、Beourは女性を指すアイルランド語由来等の隠語。周囲の英語話者に内容を悟られずに、人物の特定や評価を行う。,警察の接近を仲間に知らせる際,Shades,警察官を指す隠語。不法駐留などで取締りを受けるリスクが高い状況において、迅速かつ秘密裏に危険を伝達する。
第3象限,イギリス,Polari（ポラリ）,20世紀中頃までイギリスのゲイ・サブカルチャーや演劇関係者、船乗りの間で使われた隠語。,ロマンス諸語、ロマ語、ロンドン・スラングの語彙を英語の文法枠組みに混淆。,同性愛が違法行為として厳しく処罰されていた時代における、警察の囮捜査や社会の迫害からの逃避。,公共の場で同性愛者同士が安全に相手の素性を確認し、危険を回避しながら交流するための暗号。,抑圧されたアイデンティティを隠蔽しつつ、ユーモアや皮肉を交えて表現することでの心理的解放。,公共の場で相手の顔や容姿を確認・評価する際,Vada the eek,イタリア語由来のvada（見る）と、faceのバックスラングecafを縮めたeekを用いた表現。周囲に悟られず対象を品定めする。,警察官や危険な人物の接近を警告する際,Lily law,警察官を女性名で擬人化（キャンプ化）した隠語。権力者を茶化すことで恐怖を和らげつつ、仲間に危険を知らせる。,同性愛者の男性を指し示す際,Omi-palone,ロマ語由来のomi（男）とpalone（女）を組み合わせた造語。当時の異性愛規範の枠外にある自らの存在を、独自の語彙で定義した。
第3象限,オランダ,Bargoens（バルフンス）,17世紀から20世紀前半にかけて、オランダの行商人、浮浪者、泥棒などの間で使われた隠語（アルゴ）。,オランダ語をベースとしつつ、イディッシュ語やロマ語から多数の語彙を借用。,貧困層や犯罪者層が、法執行機関や一般市民から自らの活動や計画を隠蔽する必要性。,警察からの逃亡、盗みの計画、不当な取引などを外部に漏らさずに行うためのコミュニケーション手段。,体制側（警察や権力者）に対する反逆心と、裏社会を生き抜く者同士の強い仲間意識の醸成。,警察官の接近を察知した場面,Smeris,ヘブライ語の「見張る（shamar）」に由来する警察官を指す言葉。取締りから逃れるための警告として使用された。,金銭や支払いの有無を確認する際,Poen,お金（イディッシュ語由来）を意味する。一般人に内容を知られずに利益や支払いについて交渉するために用いる。,仲間との会話で裏社会や犯罪をほのめかす際,Penose,アムステルダムの裏社会を指す言葉。イディッシュ語の「生計（parnasse）」が語源であり、彼らにとっての犯罪が「生業」であったことを示す。
第3象限,フランス,Verlan（ヴェルラン）,フランスのバンリュー（郊外の低所得者層居住区）の若者や移民ルーツの人々を中心に発展したバックスラング。,フランス語の単語の音節を反転（L'envers → Ver-lan）させ、綴りや発音を変化させる。,郊外における貧困、失業、警察との対立、およびフランス社会全体からの構造的な疎外と差別。,警察や親世代、マジョリティ社会の監視を逃れるための暗号であり、自分たちのテリトリー（縄張り）を言語的に示す。,疎外感を逆手にとり、独自の言語を操ることで「自分たちだけの帰属場所」とサブカルチャーへの誇りを生み出す。,警察官を呼称、または警戒する場面,Keuf,フランス語で警察を意味する俗語「Flic（フリック）」を反転し、さらに音を変化させたもの。警察との恒常的な対立と敵意を示す。,マグブレブ（北アフリカ）系のルーツを持つ若者を指す際,Beur,Arabe（アラブ）を反転させた言葉。マジョリティから押し付けられた呼称を避け、自分たちで新たなアイデンティティの境界を引き直す実践。,女性について言及する場面,Meuf,Femme（女性）の反転。元々は男性中心のストリートカルチャーの中で、女性を独自の隠語で対象化・語るための言葉として機能した。
第3象限,ベルギー,NO_DATA,,,,,,,,,,,,,,
第3象限,ルクセンブルク,NO_DATA,,,,,,,,,,,,,,
第3象限,モナコ,NO_DATA,,,,,,,,,,,,,,
第3象限,ドイツ,LTI（第三帝国の言語）,ナチス政権下で意図的に作られ、社会を分断し特定集団を迫害・排除するために用いられた全体主義的言語。,既存の語彙の意味の書き換え、極端な略語の多用、感情的・評価的な形容詞の乱用。,1933年から1945年のナチス統治下における、国家による徹底的な思想統制とプロパガンダ。,反対派やマイノリティの非人間化、体制への盲従の強制、社会の分断の正当化。,思考能力の奪取、特定集団に対する嫌悪感の無意識的な植え付けと恐怖による服従。,ユダヤ人や障害者などの特定集団を迫害する状況,Untermensch（劣等民族/ヒト以下の者）,対象から人間性を剥奪し、迫害や排除を正当化するための究極の分断用語として機能した。,体制側が不都合な集団を強制収容所に送る状況,Sonderbehandlung（特別処理）,虐殺という現実を官僚的かつ無害な響きを持つ言葉で隠蔽し、心理的抵抗を麻痺させた。,社会のあらゆる組織をナチス党の統制下に置く状況,Gleichschaltung（強制的同一化）,機械工学の用語（同期）を社会に適用し、個人の自由意志や多様性を排除する暴力を正当化した。
第3象限,オーストリア,NO_DATA,,,,,,,,,,,,,,
第3象限,スイス,NO_DATA,,,,,,,,,,,,,,
第3象限,リヒテンシュタイン,NO_DATA,,,,,,,,,,,,,,
第3象限,イタリア,カンパニリズモに基づく地域的蔑称（Campanilismo）,地域間の歴史的・経済的対立を背景に、他地域の住民をレッテル貼りし、社会空間から排除する言語実践。,地域的特徴（食文化や地理）を過度に単純化・誇張し、否定的な接尾辞を付与する。,南北問題（Questione meridionale）に代表される、イタリア統一後も残る深刻な経済格差と文化的差異。,自身が属する地域共同体の結束（内集団バイアス）の強化と、外部者のスケープゴート化。,他者への優越感の醸成と、対立集団に対する根深い偏見・不信感の再生産。,北部イタリア人が南部イタリア人を差別・排除する状況,Terrone（テッローネ）,「土地（terra）」に由来し、南部人を「土にまみれた遅れた農民」と見なし、都市的で近代的な北部から排除する意図を持つ。,南部イタリア人が北部イタリア人を揶揄し反発する状況,Polentone（ポレントーネ）,北部の主食「ポレンタ」を食べる人々を指し、粗食しか食べない野蛮な人々というレッテルで北部の経済的優位性に抵抗する。,首都ローマにおいて、中心街の住民が郊外の貧困層を排除する状況,Borgataro（ボルガターロ）,郊外の公営住宅地（ボルガータ）の出身者という意味から転じ、粗野で犯罪的という烙印を押して社会階層を分断する。
第3象限,サンマリノ,NO_DATA,,,,,,,,,,,,,,
第3象限,バチカン,異端宣告と破門の言語（Anathema / Excommunicatio）,カトリック教会が正統な教義から逸脱した者（異端者）を教会の共同体から排除し、社会的に孤立させるための法廷的・儀式的言語。,ラテン語による定型化された呪い・宣告文の形式。厳格な教会法の論理構造を持つ。,宗教改革期や異端審問が盛んであった中世から近世にかけての、教会の権威維持と教義の純化の要請。,異端者のコミュニティからの完全な追放、および信徒に対する見せしめと正統信仰の防衛。,神の恩寵からの断絶という究極の恐怖と、社会的な死（村八分）による絶望感。,公会議などで教義に反する主張を公式に排斥する状況,Anathema sit（彼を呪われし者とせよ）,ギリシャ語由来の言葉を用い、対象者を神と共同体から完全に切り離し、絶対的な悪として排除する最強の分断の言葉。,特定の個人とのあらゆる社会的・宗教的接触を禁じる状況,Excommunicatus vitandus（忌避すべき破門者）,ただの破門ではなく、他の信徒に「接触の禁止」を義務付けることで、対象者を社会的に完全に孤立させ抹殺する。,信徒に悪影響を与えるとされた書物を禁じる状況,Index Librorum Prohibitorum（禁書目録）,思想や知識に「有害」というレッテルを貼り、その著者を危険視することで、カトリック社会から特定の思想を制度的に排除した。
第3象限,スペイン,純血主義（Limpieza de sangre）と異端審問の言語,15世紀以降のスペインにおいて、旧キリスト教徒が改宗者（ユダヤ教徒・イスラム教徒）を社会的に排除・差別するために用いた言語体系。,血の「純潔」と「穢れ」という二項対立に基づくメタファーと、動物を侮蔑的に例える隠語的表現。,レコンキスタ（国土回復運動）完了後の、宗教的統一の強要と改宗者に対する社会的猜疑心の増大。,旧キリスト教徒による官職や名誉の独占と、新キリスト教徒の社会階層の下位への固定化。,常に監視されているという改宗者の恐怖と、血統という変えられない属性による終わりのない劣等感。,ユダヤ教からキリスト教へ改宗した者を侮蔑する状況,Marrano（マラーノ）,「豚」を意味する言葉をユダヤ系改宗者に投げつけ、彼らが密かに豚肉を避けているという猜疑心と人間性の剥奪を同時に行った。,イスラム教からキリスト教へ改宗した者を警戒・排除する状況,Morisco（モリスコ）,「ムーア人のような」という意味の縮小辞を用い、彼らが真のスペイン人（キリスト教徒）ではないという境界線を引いた。,異端審問において、疑わしい者を告発し社会から抹殺する状況,Hereje（エレーヘ/異端者）,このレッテルを貼ることで、隣人を火刑台に送ることが正当化され、密告を奨励することで共同体内部の信頼関係を完全に破壊した。
第3象限,ポルトガル,NO_DATA,,,,,,,,,,,,,,
第3象限,アンドラ,NO_DATA,,,,,,,,,,,,,,
第3象限,ギリシャ,NO_DATA,,,,,,,,,,,,,,
第3象限,キプロス,NO_DATA,,,,,,,,,,,,,,
第3象限,マルタ,NO_DATA,,,,,,,,,,,,,,
第3象限,コソボ,NO_DATA,,,,,,,,,,,,,,
第3象限,アイスランド,センナ (Senna) / マンヤヴナドゥル (Mannjafna?ur),古ノルド語のサガやエッダにおいて、神々や英雄が公衆の面前で相手の勇気、血筋、性的名誉を否定し合い、言葉によって社会的な評価を失墜させる直接的な口論・罵倒の儀礼的言語実践。,韻律（頭韻法）を用いた定型詩の形式をとり、高度な比喩（ケニング）を駆使して相手を侮辱する。,名誉が絶対的な価値を持つヴァイキング社会において、物理的暴力の代替、または戦闘の前哨戦として機能した。,相手の社会的地位を剥奪し、自身の優位性を公的に確立・承認させる。敗者は共同体内で排除される対象となる。,聴衆の面前で屈辱を与えることによる強烈な心理的ダメージと、勝者の権力・名誉に対する服従の強要。,宴の席（エーギルの館）における神々の口論で、オーディンがロキの過去の行いを暴露して男性性を否定する状況。,「お前は地下で8回も冬を越し、乳を搾る女となり、子を産んだ」（『ロキの口論』におけるオーディンの発言）,性規範に対する最大のタブーである「Ergi（アルグ：男らしさの欠如）」の概念を武器として用い、北欧社会における最悪の侮辱（社会的な性的去勢）を与えることで相手の権威を失墜させている。,川を挟んで渡し守（変装したオーディン）とトールが互いの功績を比較し、相手を貶め合う状況。,「戦死した貴族はオーディンの元へ行き、トールは奴隷の種族を得る」「女を殺すとは恥ずべきことだ」（『ハルバルズの歌』におけるオーディンの発言）,武勲の質や獲得する死者の階級を比較する「Mannjafna?ur（男の比較）」の典型例であり、相手の業績を矮小化し、自身の優越性を主張する高度な論争技術を示している。,戦場での対峙の際、武将同士が戦闘開始前に言葉で相手の士気を削ぎ、挑発する状況。,「お前は山羊の群れの世話をし、山を登る方がお似合いだ」（『フンディング殺しのヘルギの歌 其の二』におけるシンフィヨトリの発言）,相手の階級や役割を卑しいレベルに落とし込む虚偽の非難（Ni?）を行うことで、相手の戦士としての正当性を根底から否定し、自軍の士気を高める心理戦の機能を持つ。
第3象限,スウェーデン,NO_DATA,,,,,,,,,,,,,,
第3象限,デンマーク,NO_DATA,,,,,,,,,,,,,,
第3象限,ノルウェー,NO_DATA,,,,,,,,,,,,,,
第3象限,フィンランド,NO_DATA,,,,,,,,,,,,,,
第3象限,エストニア,NO_DATA,,,,,,,,,,,,,,
第3象限,ラトビア,NO_DATA,,,,,,,,,,,,,,
第3象限,リトアニア,NO_DATA,,,,,,,,,,,,,,
第3象限,ウクライナ,戦時下の直接的な抗戦と罵倒の言語,ロシアによる侵攻に対し、敵を直接的に罵倒し、拒絶と抗戦の意志を明確にするために使用される攻撃的な言語表現。,直接的な卑語や侮蔑語を用いた、比喩や暗号を排除した直接的な命令形や断定表現。,全面侵攻下における、生存をかけた実存的防衛と、敵対国に対する妥協なき拒絶。,敵に対する直接的な攻撃意志の表明、妥協の排除、および国民の抗戦への士気の鼓舞。,恐怖や無力感を直接的な怒りと攻撃性に変換し、敵に対する精神的優位を保つ。,2022年2月、ズミイヌイ島を防衛するウクライナ国境警備隊員が、降伏を勧告するロシア軍艦に対して応答した場面。,"Русский военный корабль, иди на хуй!（ロシアの軍艦よ、失せろ！）",比喩を一切用いず、最上級の卑語を用いて直接的に敵を拒絶・罵倒することで、死の恐怖を乗り越え絶対的な抗戦の意志を示している。,ウクライナの市民や兵士が、敵国の指導者に対して極度の憎悪と軽蔑を向ける場面。,Путин ? хуйло!（プーチンはクソ野郎！）,サッカーのチャントから広まった直接的な罵倒表現。敵国の最高権力者を直接的に侮辱し権威を剥奪することで、恐怖心を払拭し連帯を図っている。,ロシア兵や親露派に対して、ウクライナ領内から物理的・精神的に立ち去るよう強く要求するデモや抗議の場面。,Геть з Укра?ни!（ウクライナから出て行け！）,「Геть」という強い拒絶の命令詞を用いることで、交渉の余地を与えず、直接的かつ暴力的なまでの排除の意志を相手に突きつけている。
第3象限,ベラルーシ,NO_DATA,,,,,,,,,,,,,,
第3象限,ロシア,マト（Мат / ロシアの直接的罵倒・禁忌語）,スラヴ語の語根に基づく極めて強い禁忌語群であり、感情の爆発や相手への直接的な攻撃、権威への反逆として使用される卑語の体系。,少数の基本語根（性器や性行為）に接頭辞や接尾辞を組み合わせることで、名詞、動詞、形容詞などあらゆる品詞の罵倒語を生成する。,厳格な社会的規範や抑圧的な体制に対する反動として、公的空間の秩序を破壊する言語として存在する。,怒りや極度のストレスの直接的な発露、相手への直接的な攻撃・侮辱、および公的な建前や権威の破壊。,禁忌を破ることで瞬間的なカタルシスを得るとともに、相手に対して圧倒的な威圧感と攻撃性を与える。,相手の要求や存在を完全に拒絶し、対話を打ち切って追い払う場面。,Иди на хуй（イディ・ナ・フイ / 直訳：男性器へ行け＝失せろ）,最も代表的な直接的罵倒表現。相手の人格を完全に否定し、比喩や暗号を含まない純粋な攻撃意図をもって、物理的・心理的空間から相手を排除する。,極度の怒りや絶望、または物事が完全に崩壊した状況を直接的に相手にぶつける場面。,Пиздец（ピズデッツ / 直訳：女性器に由来＝完全に終わった、最悪だ）,状況の破綻や相手の失敗を容赦なく非難する表現。一切の婉曲表現を排除し、事態の絶望性や怒りを直接的に相手や状況に叩きつける。,相手を無価値な存在として見下し、直接的に侮辱して精神的ダメージを与える場面。,Уёбок（ウヨーバク / 直訳：性交から生まれたもの＝クソ野郎、欠陥品）,相手の存在そのものを汚らわしいものとして直接的に罵倒する。間接的な皮肉ではなく、真正面から相手の自尊心を破壊するための言語的暴力として機能する。
第3象限,ポーランド,ヴルガリズム（Wulgaryzmy / 直接的罵倒・抗議の言語）,ポーランド語において、極度の怒りや不満、相手への直接的な攻撃や拒絶を表現するために使用される、社会的にタブー視される強い罵倒語の体系。,特定の汎用性の高い卑語をベースにし、動詞化や形容詞化を行うことで、あらゆる状況における直接的な攻撃表現を形成する。,カトリックの厳格な道徳観や歴史的な抑圧に対するフラストレーションの発露、および現代の政治的対立や社会的分断。,相手への直接的な侮辱、社会的規範の破壊、および怒りや抗議の明確かつ妥協のない表明。,相手を威圧し精神的優位に立つと同時に、使用者自身の怒りやストレスを爆発させるカタルシスをもたらす。,日常的な対立や極度の苛立ちの中で、相手を直接的に罵り、状況に対する怒りを爆発させる場面。,Kurwa ma?!（クルヴァ・マチ！ / 直訳：売春婦の母親＝クソったれ！）,ポーランドで最も多用される直接的罵倒。暗号や比喩ではなく、タブー語をそのまま発音することで、相手に対して一切の遠慮のない直接的な怒りをぶつける。,2020年の妊娠中絶禁止法案に対する大規模な女性たちの抗議デモにおいて、政府や保守派に対して要求を突きつける場面。,Wypierdala?!（ヴィピェルダラチ！ / 失せろ、出ていけ！）,デモの公式スローガンとして使用された極めて強い卑語。妥協や対話を完全に拒絶し、政治的敵対者に対する直接的かつ暴力的なまでの退場要求として機能した。,相手の意見や存在を無価値なものとして完全に切り捨て、激しく非難する場面。,Odpierdol si?!（オドピェルドル・シェ！ / 放っておけ、失せろ！）,相手の干渉を暴力的な言葉で直接的に拒絶する表現。間接的な皮肉に逃げず、相手とのコミュニケーションを強制的に遮断する直接的な排他性を示す。
第3象限,チェコ,NO_DATA,,,,,,,,,,,,,,
第3象限,スロバキア,NO_DATA,,,,,,,,,,,,,,
第3象限,ハンガリー,カロムコダーシュ（K?romkod?s / 連鎖的罵倒語）,膠着語の特性を活かし、宗教的タブーや性的な語彙を無限に連結させて相手を徹底的に攻撃・排除する直接的な罵倒表現。,接尾辞を連続して付加することで、一つの長い罵倒文を形成する膠着語的構造。,歴史的な周辺異民族との絶え間ない対立や、カトリックの強い影響下におけるタブーへの反発。,相手への直接的な精神的ダメージの付与、およびコミュニティ内での自己の優位性の誇示。,相手の尊厳の破壊、発話者のフラストレーションの即時的解放。,激しい口論や相手の侮辱に対する直接的な反撃。,L?fasz a seggedbe (馬の陰茎がお前の尻に),物理的・性的な暴力性を暗喩し、相手を極度に貶める意図を持つ。,相手の存在そのものを否定し、対話を完全に打ち切る場面。,Az Isten bassza meg (神がそれをファックしろ),神聖なる存在（神）と冒涜的行為を結びつけることで、最大のタブーを破り相手を威圧する。,相手の出自や血統を攻撃し、社会的に排除しようとする時。,A kurva any?d (お前の母親は売春婦),家族の尊厳を破壊することで、個人のみならずその血縁コミュニティ全体への攻撃として機能する。
第3象限,ルーマニア,インジュラトゥーラ（?njur?tur? / 冒涜的呪詛）,相手の死んだ親族や神聖なものを標的にし、相手の存在基盤を攻撃・排除する社会特有の罵倒・呪詛。,「?してやる」「?が起こればいい」という接続法（s? + 動詞）や条件法を多用する動的・願望的構造。,東方正教会の宗教的価値観と、バルカン半島特有の家父長制的な名誉の概念の交錯。,相手の家名や血統に対する社会的評価の失墜、対立の決定的な明確化。,先祖や家族を冒涜されることによる強い精神的苦痛と、報復感情の誘発。,修復不可能な対立が生じ、相手のルーツを全否定する際。,Futu-?i mor?ii m?-tii (お前の母親の死んだ親族をファックしろ),個人ではなく、相手の家系と死者（宗教的タブー）を攻撃対象にすることで最大の屈辱を与える。,相手の行動を強く拒絶し、物理的・心理的距離を強制的に置く際。,Du-te ?n puii mei (俺の雛鳥の中へ行け ※男性器の婉曲的表現),ユーモアと下品さを交えつつ、相手の提案や存在を完全に無価値なものとして退ける。,相手との関係が修復不可能なほど悪化し、強い決別と排斥を言い渡す際。,Du-te dracului (悪魔のところへ行け),正教会の価値観において最大の忌避対象である悪魔（dracu）の元へ相手を追放することで、社会的な排除と決定的な関係断絶を宣告する。
第3象限,ブルガリア,プスヴニャ（Псувня / バルカン型親族罵倒表現）,相手の母親や親族を性的に貶めることで、相手の社会的地位を破壊し、対立をエスカレートさせる言語実践。,主語を省略し、直接目的語（相手の親族）と動詞の強い結合による短い命令・断言的フレーズ。,オスマン帝国支配時代からの抵抗文化と、バルカン特有の強固な家族主義（家族の名誉が個人の名誉に直結）。,相手の「名誉（チェスト）」を奪い、コミュニティ内での権力闘争において優位に立つための武器。,名誉毀損による激しい怒りの誘発と、暴力への発展の触媒。,日常的な口論が激化し、相手への最大の侮辱として放たれる場面。,Да ти еба майката (お前の母親をファックする),家族主義社会において、母親の貞操を言葉で汚すことは相手の存在意義そのものへの直接的攻撃となる。,相手の親族全体に攻撃を拡大し、血縁関係すべてを排除しようとする場面。,Да ти еба путката лелина (お前の叔母の女性器をファックする),母親以外（叔母など）へも対象を広げることで、相手の親族ネットワーク全体への徹底的な侮蔑を示す。,相手の要求や存在を面倒に感じ、関係を強引に断ち切る際。,Еби му майката (それの母親をファックしろ),対象（人や物事）に対する完全な放棄と拒絶を表し、対話を終わらせるための実用的な表現。
第3象限,モルドバ,言語・アイデンティティ分断のスラー（Pejorative politice identitare）,ルーマニア系とロシア系の言語・文化的対立を背景に、相手の帰属意識や知性を貶め、社会を二極化させる政治的・日常的蔑称。,ロシア語からの借用語や、特定の訛り（モルドバ方言）を意図的に誇張・歪曲した名詞・形容詞。,ソ連崩壊後の独立に伴う「ルーマニア語（モルドバ語）」と「ロシア語」の公用語論争、および親欧米派と親露派の対立。,異なる言語コミュニティのメンバーを「他者」としてラベリングし、社会的権利や発言権を剥奪・周縁化する。,ナショナリズムを刺激し、被害者意識と他者への敵対心を増幅させる。,親欧米派（ルーマニア主義者）が、ソ連的メンタリティを残す農村部のモルドバ人を侮蔑する際。,Maldavan（マルダヴァン）,正しいルーマニア語の「Moldovean」ではなく、ロシア語訛りを模倣した発音を用いることで、無教養さを揶揄し排除する。,ロシア語話者や親露派に対して、彼らを「招かれざる客」として排斥しようとする場面。,Ocupan?i（占領者たち）,ソ連時代の歴史的記憶を呼び起こし、現在のロシア語話者を「不当な侵略者」と位置づけることで社会的正当性を奪う。,都市部の人間が、ルーマニア語しか話せない農村出身者を粗野だと見下す際。,B?c / Бык（ビク / 雄牛）,ロシア語の「雄牛」に由来し、マナーがなく粗暴で無学な者というステレオタイプを付与して社会階層的な分断を固定化する。
第3象限,ジョージア,NO_DATA,,,,,,,,,,,,,,
第3象限,アルバニア,シャルイェ（Sharje / 血と名誉に根ざす呪詛的罵倒）,アルバニアの伝統的法典における「名誉」の概念と結びつき、相手の血統や生命を直接的に脅かし物理的対立へ導く罵倒言語。,「～に災いが降りかかれ」という祈願文の形をとる呪い（N?ma）や、相手の家族を直接的に凌辱する動詞句。,北部を中心とする「血の復讐（Gjakmarrja）」の伝統と、個人の命よりも家族の名誉を重んじる慣習法（カヌン）の歴史。,相手からの侮辱に対する即座の報復（口頭での名誉回復）、または闘争の公式な開始宣言。,呪いという形をとることでの超自然的な恐怖の喚起と、名誉を傷つけられたことによる怒りの爆発。,相手との対立が限界に達し、相手の存在のみならずその家族全体を言葉で蹂躙する際。,T? qifsha robt (お前の親族をファックする),ロブ（人々・家族）を標的にすることで、アルバニア社会で最も重要な「家族の連帯」を冒涜し、致命的な敵対関係を作り出す。,激しい論争の末、相手に死や致命的な不幸が訪れることを直接的に願う際。,T? h?ng?rt mortja (死がお前を喰らいますように),死を擬人化し、相手が物理的に排除されることを強く望む、呪術的かつ実用的な闘争のメタファー。,相手の嫉妬や悪意ある視線（邪視）による被害を防ぐ、またはそれに対して反撃する際。,T? plast? syri (お前の目が破裂しますように),バルカン特有の「邪視」信仰に根ざし、自分に害をなそうとする相手の眼（意図）そのものを破壊・無効化しようとする防衛的攻撃。
第3象限,北マケドニア,NO_DATA,,,,,,,,,,,,,,
第3象限,セルビア,プソヴカ（Псовка / 宗教・自然対象への冒涜的罵倒）,相手の家族のみならず、神や自然現象などの神聖不可侵な領域を性的に冒涜することで、究極の否定と排除を行う過激な言語暴力。,「Jebem ti (I fuck your...)」という強い性的な他動詞をベースに、後ろに続く名詞（対象）を無限に入れ替えることができる生産的構造。,度重なる戦争や紛争による社会的不安、および家父長制と正教会の強い影響下にある日常におけるタブーの反動。,対立相手に対する圧倒的な優位性の確保、および過酷な現実に対する極端な感情の排泄（カタルシス）。,対象の神聖さを打ち砕くことでのタブー侵犯の快楽と、相手への修復不可能な精神的打撃。,論争の中で相手を完全に沈黙させ、最大の屈辱を与えようとする際。,Jebem ti mater (お前の母親をファックする),バルカン全域で共通するが、セルビアにおいては最も基礎的かつ強力な「相手を社会的に去勢する」ための攻撃言語。,相手の信仰や精神的支柱を破壊し、論争の次元を宗教的タブーの領域まで引き上げる際。,Jebem ti boga (お前の神をファックする),最も神聖な存在である神を性的な文脈に引きずり下ろすことで、相手の存在基盤そのものを根底から否定する。,相手に対する怒りや絶望が極限に達し、世界そのものに対する呪詛を相手に向ける際。,Jebem ti sunce krvavo (お前の血まみれの太陽をファックする),太陽という生命の源に「血まみれの」という形容詞をつけ、それを冒涜するという、極めて詩的かつ超現実的で凶暴なメタファー。
第3象限,モンテネグロ,NO_DATA,,,,,,,,,,,,,,
第3象限,ボスニア・ヘルツェゴビナ,NO_DATA,,,,,,,,,,,,,,
第3象限,クロアチア,NO_DATA,,,,,,,,,,,,,,
第3象限,スロベニア,NO_DATA,,,,,,,,,,,,,,
第3象限,エジプト,ヘターフ（Hetaf：政治的抗議スローガン）,体制や権力者に対する直接的な対立・排除を目的とした集団的な抗議の言語実践。,押韻、簡潔な統語構造、命令形や断定的な宣言の多用。,2011年のアラブの春における、強権的な国家体制と市民社会との激しい対立。,参加者の連帯感の強化、および権力側の正当性の剥奪と社会からの直接的排除。,恐怖心の打破、集合的エンパワーメント、支配層への直接的な脅威の喚起。,2011年のタハリール広場において、市民がムバラク大統領の即時退陣を求めた状況。,????（Irhal / 出て行け）,単一の命令動詞を用いて権力者に対する強烈な拒絶を示し、妥協や交渉の余地を排除する直接的な言語の武器として機能している。,2011年のエジプト革命において、デモ隊が一部の権力者交代ではなく国家体制そのものの崩壊を要求した状況。,????? ???? ????? ??????（Ash-sha'b yurid isqat an-nizam / 民衆は体制の打倒を望む）,「民衆」という主語を普遍化し、権力者を社会から排除する集合的な意志を正当化・宣言する直接的な論争表現である。,タハリール広場周辺でデモ隊が治安部隊と衝突した際、警察権力の腐敗と暴力を非難した状況。,???????? ??????（Ad-dakhliya baltagiya / 内務省は暴力団だ）,国家権力（内務省）に街頭のならず者を意味するエジプト特有の蔑称（バルタギー）を貼り、その権威を社会的に失墜させる直接的な攻撃である。
第3象限,リビア,NO_DATA,,,,,,,,,,,,,,
第3象限,チュニジア,NO_DATA,,,,,,,,,,,,,,
第3象限,アルジェリア,ヒラークの抗議スローガン（Slogans du Hirak）,国家体制や大統領の継続に対して、街頭でのデモを通じて直接的な退陣と体制の解体を要求する言語実践。,フランス語とアラビア語（ダルジャ）の混用、簡潔な命令形、断定的な宣言。,2019年のブーテフリカ大統領の5期目立候補に対する全国的な反体制運動（ヒラーク）を契機とした政治的対立。,体制側の正当性の否定、抗議者同士の連帯強化、権力者への明確な退場要求。,恐怖の打破、体制に対する怒りの表出、および集合的なエンパワーメント。,2019年のヒラークデモにおいて、参加者が大統領の5期目出馬を直接的に拒絶した状況。,Makach l'cinqui?me ya Bouteflika（ブーテフリカ、5期目はない）,大統領の名前を直接呼び捨てにし、「5期目はない」と明確な否定を用いて交渉の余地を断つ直接的論争の表現である。,政権を支える軍や政治エリート（ル・プヴォワール）全員の退陣を要求し、妥協を拒否したデモ行進の状況。,Yetnahaw ga3（彼らは全員去らねばならない）,アルジェリア方言で体制の要人全員の排除を要求するフレーズであり、一部の入れ替えによる妥協を許さない直接的な政治的対立の表明である。,ヒラークの抗議運動において、体制側の抑圧や構造的な暴力性を市民が糾弾した状況。,Pouvoir assassin（人殺しの政権）,フランス語の簡潔なフレーズで国家権力を「殺人者」と断定し、道徳的・法的な正当性を完全に否定する直接的な攻撃である。
第3象限,モロッコ,NO_DATA,,,,,,,,,,,,,,
第3象限,セネガル,NO_DATA,,,,,,,,,,,,,,
第3象限,ガンビア,NO_DATA,,,,,,,,,,,,,,
第3象限,ギニアビサウ,NO_DATA,,,,,,,,,,,,,,
第3象限,ギニア,NO_DATA,,,,,,,,,,,,,,
第3象限,シエラレオネ,NO_DATA,,,,,,,,,,,,,,
第3象限,リベリア,NO_DATA,,,,,,,,,,,,,,
第3象限,コートジボワール,NO_DATA,,,,,,,,,,,,,,
第3象限,ガーナ,NO_DATA,,,,,,,,,,,,,,
第3象限,トーゴ,NO_DATA,,,,,,,,,,,,,,
第3象限,ベナン,NO_DATA,,,,,,,,,,,,,,
第3象限,ナイジェリア,Soro Soke（ソロ・ソケ：抗議世代の政治的対立言語）,警察の暴力や腐敗した政治家に対して直接的に異議を申し立て、沈黙・加担してきた上の世代と抗議する若者世代（Soro Soke Generation）を分断する若者言葉・スローガン。,ヨルバ語の命令形、ナイジェリア・ピジン、英語を文脈に応じて切り替え、挑発的で断定的な短いフレーズを多用する。,長年にわたる警察特殊部隊（SARS）による若者への暴力と搾取、およびそれらを黙認してきた既得権益層に対する2020年の大規模な抗議運動（#EndSARS）。,政治的プロパガンダや欺瞞を即座に論破し、長老支配的な伝統権威を拒絶し、抗議コミュニティの境界線を明確にして社会をイデオロギー的に分断する。,若者に政治的無力感を払拭するエンパワーメントを与え、特権階級に対しては伝統的敬意の剥奪による心理的威圧と恐怖を与える。,政治家や警察幹部が、抗議する若者たちに対して言い訳や中身のない和解案を提示しようと介入してきた時。,"Soro Soke, Werey（ソロ・ソケ、ウェレ / 声を上げろ、狂人）",「声を大きくしろ（Soro Soke）」という目上に使うべきではない命令形に、「狂った奴（Werey）」というヨルバ語の強烈な侮蔑語を付加。年長者への絶対的敬意を重んじる社会において、言葉の武器で直接的に権威を破壊・排除する実践。,政府高官が公聴会やメディアで不都合な真実を隠蔽しようとしたり、偽善的な発言を始めた時。,Off the mic（オフ・ザ・マイク / マイクを切れ）,実際に政治家が汚職追及の場で仲間に「マイクを切れ」と言った失言を切り取り、スラング化。相手の欺瞞や嘘が始まった瞬間に合唱して相手を論破・沈黙させるための攻撃的な実践として機能する。,政府発表や既得権益層のプロパガンダに対して、若者たちがSNSやデモ現場で一斉に拒絶と不信を示す時。,Lori Iro（ロリ・イロ / 嘘の上、全て嘘）,説教くさい偽善や虚偽の約束に対して、一切の議論を拒絶して「それは嘘に過ぎない」と即座に切り捨てるフレーズ。対話を打ち切り、嘘をつく権力者と真実を知る若者側の分断を意図的に深める。
第3象限,カーボベルデ,NO_DATA,,,,,,,,,,,,,,
第3象限,マリ,NO_DATA,,,,,,,,,,,,,,
第3象限,ブルキナファソ,NO_DATA,,,,,,,,,,,,,,
第3象限,ニジェール,NO_DATA,,,,,,,,,,,,,,
第3象限,モーリタニア,NO_DATA,,,,,,,,,,,,,,
第3象限,カメルーン,英語圏危機（Anglophone Crisis）における相互排斥のヘイト・スラング,カメルーンの多数派である仏語圏（Francophone）と少数派の英語圏（Anglophone）の対立において、互いのアイデンティティを否定し、社会的・政治的に排除するために用いられる蔑称やメタファー。,英語、フランス語、およびピジン・イングリッシュの語彙を借用・変形し、相手の特徴や歴史的背景を侮蔑的に誇張・矮小化する構造。,第一次世界大戦後の英仏による分割統治に端を発する言語的・文化的分断。2016年以降、英語圏の周辺化に対する抗議が武力衝突へと発展した。,自集団の結束を強化する一方で、対立集団を非人間化・非国民化し、暴力的排除や差別の正当化を促進する機能。,相手に対する嫌悪感と警戒心を植え付け、対話の余地を奪うとともに、自集団内の被害者意識とナショナリズムを増幅させる。,仏語圏の住民が英語圏の住民を侮蔑・見下す際,Anglofool（アングロフール）,Anglophone（英語圏）とFool（馬鹿）を組み合わせた造語。英語圏の住民を無教養で二流の市民としてレッテルを貼り、政治的発言権を剥奪する意図を持つ。,英語圏の住民が仏語圏の住民を物理的・文化的に他者化する際,Frog（フロッグ）/ Les Grenouilles,フランス人がカエルを食べるというステレオタイプに基づく蔑称。仏語圏の人間を異質で理解不能な存在として描き、文化的な優位性を主張するメタファー。,英語圏の分離独立派を国家の敵として排斥する際,Biafran（ビアフラン）,隣国ナイジェリアで凄惨な内戦を引き起こしたビアフラ共和国の分離主義者になぞらえた表現。英語圏の不満を正当な権利主張ではなく国家反逆として分断・排除する。
第3象限,チャド,NO_DATA,,,,,,,,,,,,,,
第3象限,中央アフリカ,NO_DATA,,,,,,,,,,,,,,
第3象限,赤道ギニア,NO_DATA,,,,,,,,,,,,,,
第3象限,ガボン,NO_DATA,,,,,,,,,,,,,,
第3象限,コンゴ共和国,NO_DATA,,,,,,,,,,,,,,
第3象限,コンゴ民主共和国,コンゴ東部紛争におけるナショナリズムと他者排除の政治的メタファー,長引く武力紛争と政治的不安を背景に、特定の民族（特にルワンダ系住民）を国家の敵として定義し、社会から排除するために用いられる政治的レトリックやメタファー。,フランス語の政治用語や軍事用語を転用し、特定集団に陰謀論的なレッテルを貼ることでスケープゴートを創出する構造。,1994年のルワンダ虐殺以降、難民や武装勢力がコンゴ東部に流入し、資源利権や土地を巡る土着民と移民・ルワンダ系住民との対立が激化している状況。,複雑な紛争の責任を特定集団に転嫁し、政治家や武装勢力が自らの権力基盤を正当化するための大衆動員ツールとして機能。,市民に「国家が乗っ取られる」というパラノイア（偏執狂的恐怖）を植え付け、他者への憎悪と暴力を心理的に正当化する。,ルワンダ語を話す住民や対立する政治家を非国民として排斥する際,Infiltr?（アンフィルトレ / 浸透者・スパイ）,政府や社会の内部に密かに潜り込み、コンゴを内部から崩壊させようとする工作員であるというメタファー。相手の市民権を否定し、迫害を正当化する。,東部の分離独立の噂や、外国の介入に対する恐怖を煽る際,Balkanisation（バルカニザシオン / バルカン化）,コンゴが小国に分割されるという陰謀論的メタファー。特定のエスニックグループをこの国家分断の陰謀の加担者と見なし、社会的排除を扇動する。,土地の所有権や政治的権利から特定の民族集団を排除する際,Allochtone（外来者） vs Autochtone（真正なる土着民）,何世代にもわたり居住しているルワンダ系住民を永遠の外来者（Allochtone）として定義し、土着民（Autochtone）のみが権利を持つという二項対立により社会を制度的に分断する。
第3象限,サントメ・プリンシペ,NO_DATA,,,,,,,,,,,,,,
第3象限,アンゴラ,NO_DATA,,,,,,,,,,,,,,
第3象限,スーダン,Hakamat（ハカマート：女性による扇動詩）,紛争時に女性が詠唱する、部族間の戦闘を扇動し、敵を非人間化し、味方の男性を鼓舞・脅迫するための戦闘的口承詩。,直截的な侮辱語、誇張法、リズミカルな詠唱による呪術的・命令的な文体。,ダルフールやコルドファン地方における遊牧民・農耕民間の資源争いや民族対立。,部族間の対立構造の強化、戦闘員（男性）の動員、敵対グループの社会的排除と暴力の正当化。,味方には戦意高揚と名誉の意識、逃亡者には社会的去勢（恥）、敵には恐怖と屈辱を与える。,部族間衝突において味方の男性が戦闘を躊躇している状況。,「女の服を着る者」「腕輪をはめた臆病者」といったジェンダーを貶める表現。,男性性を否定することで、名誉を重んじるコミュニティにおいて戦闘参加を強制する社会的圧力として機能する。,敵対部族に対する襲撃を正当化・扇動する状況。,敵を「アビド（奴隷）」「虫」といった蔑称や非人間的なメタファーで呼ぶ表現。,相手の人間性を言語的に剥奪することで、殺戮や略奪に対する心理的ハードルを下げ、民族浄化を正当化する。,戦闘で勝利を収めた後の祝祭や戦果報告の状況。,「剣についた血」「銃の轟音」を部族の優位性の証明として賛美する表現。,暴力を美化し、自部族を絶対的な勝者、他部族を劣等な敗者として社会を分断・固定化する。
第3象限,南スーダン,NO_DATA,,,,,,,,,,,,,,
第3象限,エリトリア,NO_DATA,,,,,,,,,,,,,,
第3象限,ジブチ,NO_DATA,,,,,,,,,,,,,,
第3象限,ソマリア,Gabay-guba（ガバイ・グバ：扇動と論争の詩）,ソマリ族の伝統的な韻文（ガバイ）のうち、特に他氏族を挑発し、論破し、復讐や戦争を扇動するために用いられる「言葉の凶器」。,厳格な頭韻（アロリ）と韻律規則に基づく、高度に修辞的で暗喩に富むが、攻撃意図は極めて直接的。,中央集権的権力が弱く、氏族（クラン）間の遊牧地や水資源を巡る紛争が絶えない社会構造。,氏族間の政治的対立の表面化、報復の連鎖の引き金、敵対氏族の社会的地位の失墜。,言葉の力による名誉の毀損が物理的暴力と同等のダメージを与え、集団的な怒りや報復感情を増幅させる。,19世紀末?20世紀初頭、反英闘争の指導者サイイド・ムハンマドが英軍司令官を討ち取った直後の状況。,死んだ司令官に対して「地獄への旅路」を詳細に語りかけ、来世での苦痛を嘲笑する表現（『リチャード・コーフィールドの死』）。,植民地支配者の権威を言語的に完全に破壊し、追従する他氏族への見せしめと反乱軍の士気向上を図った。,氏族間でラクダが略奪され、報復が行われていない状況（歴史的連作詩「グバ」の発端）。,「お前たちのラクダは奪われたのに、なぜ黙っているのか」と敵対氏族の不甲斐なさを嘲笑・扇動する表現。,名誉（シャラフ）を傷つけることで、直接的な暴力（報復攻撃）を引き起こさせる意図的な言葉の罠として機能している。,先の挑発的な詩（グバ）に対する、標的にされた氏族の詩人による反論の状況。,相手氏族の過去の敗北や卑怯な振る舞いを列挙し、「お前たちに我々を非難する資格はない」と論破する表現。,言葉による攻撃に対して言葉で防御・反撃を行う「詩の代理戦争」であり、物理的衝突の前に言葉で相手を社会的に封じ込める。
第3象限,エチオピア,NO_DATA,,,,,,,,,,,,,,
第3象限,ケニア,政治的ヘイトスピーチとしてのメタファー（Madoadoa / Kwekwe）,選挙戦などの政治的緊張期において、特定の民族グループを排除・殲滅の対象として暗に、しかし実用的に指示する政治的扇動言語。,農業や害虫駆除に関連する日常的なスワヒリ語の単語を、特定の民族を指す暗語（メタファー）として転用。,多民族国家における土地所有権の偏在、植民地時代に起因する民族間の不平等、勝者総取りの選挙システム。,特定民族の非国民化、居住区からの排斥、暴力行為（暴動や虐殺）の実行に向けた大衆の動員。,日常的な言葉を用いることで暴力を「清掃」や「農作業」といった正当な行為にすり替え、加害の罪悪感を麻痺させる。,2007-2008年の選挙後暴力（PEV）において、特定の地域から対立民族を追い出そうとする政治集会の状況。,対立民族を「Madoadoa（斑点・汚れ）」と呼び、「この地域から斑点を取り除け」と呼びかける表現。,人間を「取り除くべき汚れ」として表現することで、民族浄化を正当な社会的清浄化プロセスとして群衆に錯覚させる。,政治家や地元リーダーが、自派閥の若者たちに他民族への襲撃を指示・扇動する状況。,ターゲットとなる民族を「Kwekwe（雑草）」に例え、「畑の雑草を根こそぎ抜け」と命令する表現。,殺害や家屋の破壊を「農業における除草作業」という日常的な比喩で覆い隠し、暴力行為への参加を容易にする。,土地の権利や先住性を巡る議論において、移住してきた他民族の権利を剥奪しようとする状況。,他民族を「Watu wa bara（よそ者/外から来た人々）」と呼び、地元の権利を持たない者として線引きする表現。,法的・歴史的な複雑さを無視し、「内か外か」という単純な二項対立の言語によってコミュニティ間に決定的な分断線を引く。
第3象限,ウガンダ,Radical Rudeness（急進的無礼 / Kuvuma）,権力者に対する社会的敬意を意図的に放棄し、下品な言葉や過激な侮辱（Kuvuma）を用いて体制を攻撃・挑発する言語的抵抗戦術。,婉曲表現を一切排した直接的な身体的・排泄的メタファーや、公の場での意図的なマナー違反（無礼）を伴う表現。,植民地時代から続く、礼儀正しさ（エチケット）を利用した支配構造と、現代の抑圧的な独裁政権下の言論統制。,不可侵とされる権力者の神聖化の打破、エリート層の権威の失墜、および被抑圧者のフラストレーションの解放と連帯。,権力者を嘲笑の対象に引きずり下ろすことで、民衆の持つ恐怖心を削ぎ落とし、体制に対する心理的優位性を獲得する。,1940年代、イギリス植民地政府とそれに結託するブガンダ王国のエリート層に対する労働者・活動家の抗議の状況。,権力者たちを「Basiru（愚か者）」「Embwa（犬）」といった、当時の社会規範では絶対に許されない言葉で公然と罵倒する表現。,植民地支配が強要する「礼儀正しい臣民」という役割を言語的に拒絶し、支配の正当性そのものを根底から否定・論破した。,現代において、長期政権の弾圧に抗議する学者や活動家がSNSで大統領を批判する状況。,大統領を「一対の臀部（a pair of buttocks）」などの直接的な身体部位や下品な比喩を用いて形容する表現。,独裁者が築き上げた家父長制的で絶対的な権威を、あえて最も低俗な言葉で汚すことで、その権力を社会的に相対化・排除しようとする。,大統領選挙や抗議デモにおいて、若者や野党支持者が与党の腐敗を揶揄・非難する状況。,与党のシンボルカラーにちなんで、汚職政治家を「Yellow Pigs（黄色い豚）」と呼んだり、黄色く塗った豚を議会に放つ表現・行動。,政治家を「貪欲で不潔な動物」に還元することで対話の余地を完全に断ち切り、社会から排除すべき敵として明確に分断・規定する。
第3象限,タンザニア,ミパショ（Mipasho / ターラブ音楽における挑発と攻撃の言語）,現代ターラブ音楽において、恋敵や社会的な対立関係にある相手を公然と批判・嘲笑し、社会的優位性を誇示するための直接的・攻撃的な歌詩実践。,痛烈な比喩、皮肉、および命令形や直截的な侮蔑語を組み合わせたスワヒリ語の口語表現。,ザンジバルやダルエスサラームの都市部における、女性同士の社会的ネットワーク、一夫多妻制下の妻同士の競争、近隣住民間の対立。,敵対者の公的な場での面目（Heshima）の剥奪、自身の正当性と社会的地位の誇示、支持者との連帯強化。,攻撃側にはカタルシスと優越感をもたらし、標的側には公衆の面前での羞恥心と社会的孤立感を与える。,恋敵や夫の愛人に対して、自身の優位性を見せつける状況,"Kama huna uwezo, kaa kimya (能力がないなら、黙っていなさい)",相手の経済的・性的魅力の欠如を直接的に指摘し、発言権そのものを奪うことで社会的に排除する。,近隣住民の嫉妬や陰口に対する反撃の状況,Mdomo wako mchafu (あなたの口は汚い),噂話をする相手の道徳的欠如を「不潔さ」というメタファーで表現し、コミュニティ内での信頼性を破壊する。,競争相手（年上の妻や流行遅れの女性）を嘲笑する状況,Zamani zilipendwa (昔は愛されたものだ／時代遅れ),相手の価値が過去のものであると断定し、現在の競争の場から退場させる（排除する）残酷な事実の突きつけ。
第3象限,ルワンダ,NO_DATA,,,,,,,,,,,,,,
第3象限,ブルンジ,NO_DATA,,,,,,,,,,,,,,
第3象限,セーシェル,NO_DATA,,,,,,,,,,,,,,
第3象限,コモロ,NO_DATA,,,,,,,,,,,,,,
第3象限,マダガスカル,NO_DATA,,,,,,,,,,,,,,
第3象限,モーリシャス,NO_DATA,,,,,,,,,,,,,,
第3象限,モザンビーク,NO_DATA,,,,,,,,,,,,,,
第3象限,ザンビア,NO_DATA,,,,,,,,,,,,,,
第3象限,マラウイ,NO_DATA,,,,,,,,,,,,,,
第3象限,ジンバブエ,チムレンガの政治修辞と歌（Chimurenga rhetoric）,植民地支配や政敵を排除し、自陣営を動員するために用いられる政治的な歌謡や修辞的実践,ショナ語の隠喩、呼びかけと応答（コール・アンド・レスポンス）、高度に政治化された語彙の多用,ローデシア時代の反植民地闘争（第2次チムレンガ）およびその後の与党による政治的権力基盤の強化,「敵」と「味方」の境界を明確にし、反対派を社会的に排除・分断する機能,支持者には強烈な連帯感と正当性を与え、標的となる者には恐怖と孤立感をもたらす,1970年代の解放戦争時における深夜の集会（プングウェ）,反対派や協力者を「vatengesi（売国奴/裏切り者）」と呼称,特定の集団を裏切り者と定義することで、彼らに対する暴力や社会的排除を正当化した,2000年代の農地改革を巡る政治集会,直接行動や暴力を意味する「Jambanja（ジャンバンジャ）」という語の合唱,国家主導の物理的衝突を「愛国的な行動」として意味づけ、政治的闘争を煽動した,選挙期間中の政治集会,「Pasi ne...（…に死を／…を倒せ）」に続けて野党や政敵の名前を連呼する,儀式的な言葉の反復により、政敵を国家の枠組みから言語的に排除し、支持者の敵対心を高めた
第3象限,ナミビア,NO_DATA,,,,,,,,,,,,,,
第3象限,ボツワナ,NO_DATA,,,,,,,,,,,,,,
第3象限,南アフリカ,NO_DATA,,,,,,,,,,,,,,
第3象限,レソト,NO_DATA,,,,,,,,,,,,,,
第3象限,エスワティニ,NO_DATA,,,,,,,,,,,,,,
第3象限,アメリカ,NO_DATA,,,,,,,,,,,,,,
第3象限,カナダ,NO_DATA,,,,,,,,,,,,,,
第3象限,メキシコ,NO_DATA,,,,,,,,,,,,,,
第3象限,グアテマラ,NO_DATA,,,,,,,,,,,,,,
第3象限,ベリーズ,NO_DATA,,,,,,,,,,,,,,
第3象限,エルサルバドル,NO_DATA,,,,,,,,,,,,,,
第3象限,ホンジュラス,NO_DATA,,,,,,,,,,,,,,
第3象限,ニカラグア,2018年反政府抗議運動における政治的対立スラング,2018年に発生したオルテガ政権に対する全国的な抗議運動において、体制側と反体制側が互いを非難・排除するために生み出し、または意味を反転させた政治的語彙群。,動物の名称や犯罪行為を指す名詞の政治的メタファーへの転用、およびスティグマ（烙印）の再所有（Reappropriation）。,長期政権化するオルテガ大統領に対する市民の不満爆発と、それに伴う警察・準軍事組織による暴力的な弾圧による社会の分断。,敵対陣営の明確なラベリング、抗議者側の連帯形成、および体制側による弾圧の正当化。,言語空間における「我々」と「彼ら」の二項対立を先鋭化させ、妥協や対話の余地を奪う。,市民が政府に協力する密告者や体制派の公務員を指弾する際。,Sapo（ヒキガエル）,元々は中米の不良スラングで「密告者」を意味するが、ニカラグアでは「政府の犬」「権力にすり寄る者」という極めて強い侮蔑語として機能し、地域社会を分断する符丁となった。,政府側がデモ参加者を犯罪者として非難したのに対し、デモ側がそれを自らのアイデンティティとして掲げる際。,V?ndalo（破壊分子・ヴァンダル）,ムリジョ副大統領が抗議者を貶めるために用いたレッテルを、抗議者側が皮肉を込めて「誇り高き抵抗者」の意味に反転（再所有）させ、反体制の連帯の象徴とした。,市民が政府の弾圧を防ぐために道路封鎖を行う際、または体制側がそれを犯罪行為として非難する際。,Tranque（バリケード・道路封鎖）,単なる物理的障害物を指す言葉が、抗議者にとっては「解放区・抵抗の砦」を意味し、政府にとっては「テロリズムの象徴」を意味する闘争の概念として二極化した。
第3象限,コスタリカ,NO_DATA,,,,,,,,,,,,,,
第3象限,パナマ,NO_DATA,,,,,,,,,,,,,,
第3象限,キューバ,革命体制下の政治的スティグマ語彙,1959年のキューバ革命以降、国家や体制側が反体制派や亡命者を非人間化（Dehumanization）し、社会から排除するために用いた政治的レッテル貼り。,日常的な名詞（動物や排泄物など）を比喩的に転用し、政治的カテゴリーとして再定義する意味拡張。,冷戦下のイデオロギー対立、米国の経済制裁、および国内の反体制運動や大量亡命事件（マリエル難民事件など）。,国家の公式見解への統合、市民同士の相互監視の正当化、体制不適合者のスケープゴート化。,標的に対する同情や共感を奪い、集団的な憎悪や攻撃を正当化する道徳的解放（Moral disengagement）をもたらす。,革命に反対し、米国などに亡命しようとする人々を非難する際。,Gusano（蛆虫・寄生虫）,フィデル・カストロが演説で多用した表現。反体制派を「国家の養分を吸い取る虫」と見立てることで非人間化し、彼らへの迫害を正当化した。,1980年のマリエル難民事件において、キューバを去る人々を糾弾する官製デモ（Mitin de repudio）の際。,Escoria（人間のクズ・不純物）,労働者階級の純粋性を保つために「排除されるべき不純物」として亡命者を定義し、社会の分断と体制側の結束を強化した。,米国や外国の支援を受けて活動する反体制活動家を批判する際。,Mercenario（傭兵）,自発的な政治思想ではなく、金銭目的で外国（帝国主義）に雇われた裏切り者であると断定することで、対象の主張の正当性を完全に剥奪する機能を持つ。
第3象限,バハマ,NO_DATA,,,,,,,,,,,,,,
第3象限,ジャマイカ,NO_DATA,,,,,,,,,,,,,,
第3象限,ハイチ,NO_DATA,,,,,,,,,,,,,,
第3象限,ドミニカ共和国,NO_DATA,,,,,,,,,,,,,,
第3象限,アンティグア・バーブーダ,NO_DATA,,,,,,,,,,,,,,
第3象限,セントクリストファー・ネイビス,NO_DATA,,,,,,,,,,,,,,
第3象限,ドミニカ国,NO_DATA,,,,,,,,,,,,,,
第3象限,セントルシア,NO_DATA,,,,,,,,,,,,,,
第3象限,セントビンセント・グレナディーン,NO_DATA,,,,,,,,,,,,,,
第3象限,バルバドス,NO_DATA,,,,,,,,,,,,,,
第3象限,グレナダ,NO_DATA,,,,,,,,,,,,,,
第3象限,トリニダード・トバゴ,NO_DATA,,,,,,,,,,,,,,
第3象限,コロンビア,NO_DATA,,,,,,,,,,,,,,
第3象限,ベネズエラ,政治的二極化に伴う侮蔑的レッテル貼り (Polarizaci?n pol?tica),政治的対立において、相手陣営を非人間化・無能化し、社会から排除するために用いられる政治的造語・侮蔑語の実践。,日常語や既存の名詞に特定の政治的属性を付与し、侮蔑的なニュアンスや比喩を伴う構造。,ウゴ・チャベス政権以降のチャベス派（与党）と反体制派（野党）の激しい政治的・社会的対立。,敵対陣営の正当性を剥奪し、自陣営の結束を固めるとともに、政治的議論を善悪の二元論に還元する。,相手への嫌悪感と不信感を増幅させ、対話の可能性を遮断する。,与党側が野党支持者を非難・矮小化する状況,Escu?lido,元来「やせ細った」を意味する形容詞を名詞化し、反体制派の政治的影響力や存在価値が皆無であると印象付ける。,野党側が与党の腐敗や縁故主義を批判する状況,Enchufado,「電源に接続された」という物理的状態をメタファーとし、国家権力や資金源に不正に接続して利益を得ている特権階級を告発する。,与党側が野党の対立候補や指導者を嘲笑する状況,Majunche,質が低いことを示す口語表現を用いて、政治的競争相手が国家を指導する器ではないと大衆にアピールし、論破を図る。
第3象限,ガイアナ,NO_DATA,,,,,,,,,,,,,,
第3象限,スリナム,NO_DATA,,,,,,,,,,,,,,
第3象限,エクアドル,地域・民族的対立に基づく階層的排除語 (Regionalismo y Racismo),海岸部（コスタ）と山間部（シエラ）の地域対立、および先住民に対する人種的優越感を示す排他的言語実践。,動物名や先住民言語（キチュワ語）由来の単語をスペイン語の中で軽蔑的な形容詞・名詞として転用する。,経済的中心地グアヤキルと政治的中心地キトの長年の覇権争い、および植民地時代から続く先住民差別。,特定の地域出身者や民族的背景を持つ者を「文明的に劣った者」としてラベリングし、社会階層の底辺に位置づける。,呼ばれた側に劣等感を植え付け、発話者の文化的・人種的優位性を確認する。,海岸部の住民が山間部の住民（または先住民系）を蔑視する状況,Longo,元はキチュワ語で「若者」を意味するが、都市部では「無教養なインディオ」「田舎者」という強烈な人種差別的・階級差別的侮蔑語として機能する。,山間部の住民が海岸部の住民を揶揄・侮蔑する状況,Mono,海岸部の暑い気候や開放的な気質、早口のスペイン語を熱帯の動物（猿）に結びつけ、洗練されていないと見なす地域差別の表象。,権力者や都市住民が地方出身者や先住民を他者化する状況,Chagra,田舎の農民や牧童を指す言葉だが、「野暮ったい」「無作法な」という意味合いで都市空間から排除するレッテルとして用いられる。
第3象限,ペルー,人種的・政治的非正規化の言語実践 (Choleo と Terruqueo),先住民系住民への人種・階級的蔑視、および左派や抗議者に対する政治的排除を目的とした言語実践。,特定の歴史的集団を示す名詞に罵倒語を付与したり、テロリズムと結びつける造語法を用いる。,リマを中心とする沿岸部エリートとアンデス山間部の歴史的格差、および1980?90年代のセンデロ・ルミノソによる武力紛争のトラウマ。,相手の市民権や発言の正当性を剥奪し、社会の意思決定プロセスから物理的・心理的に排除する。,相手の尊厳を深く傷つけ、政治的発言や社会的上昇への恐怖・萎縮をもたらす。,日常や職場で、アンデス系の外見や訛りを持つ者を下に見る状況,Cholo de mierda,「チョロ（先住民系混血）」に強烈な罵倒語を組み合わせ、相手が自分より下位の階級・人種であることを強調する排除表現。,政治的抗議活動や左派的な発言を行う者を社会的に排除する状況,Terruco (Terruqueo),相手を「テロリスト」とレッテル貼りすることで、その主張の内容に関わらず「国家の敵」として対話のテーブルから排除する。,労働者階級や地方出身者が、特権的な白人系富裕層を批判・揶揄する状況,Pituco / Pituca,閉鎖的なコミュニティに住み、現実社会から乖離した富裕層を指す。権力側への下からの対抗言語として機能し、階級的分断を可視化する。
第3象限,ボリビア,地域的分断と政治的対立を煽る排他言語 (Regionalismo y Polarizaci?n),アンデス地域（西側）とアマゾン・平原地域（東側）の文化的・人種的差異を強調し、互いを否定・論破し合う言語実践。,地域住民の呼称にネガティブな形容詞を付加するか、動物などのメタファーを用いて他者化する。,政治的権力を握る高地（ラパスなど）と、経済的豊かさを持つ低地（サンタクルスなど）の間の自治権・資源を巡る激しい対立。,国家の分断を煽り、「真のボリビア人」の定義を巡る闘争において、他地域出身者を寄生者や野蛮人として位置づける。,相互の不信感を決定的なものとし、同じ国民としての連帯感を破壊する。,東部低地の住民（カンバ）が、西部高地の住民（コジャ）を排斥する状況,Llama,アンデス特有の動物であるリャマに例えることで、高地の人々（主にアイマラ・ケチュア系）を非人間化し、未開で劣った存在として論破・排除する。,西部高地の住民が、東部低地の住民を批判する状況,Camba vago,低地の住民を「怠け者（vago）」と決めつけることで、彼らの経済的優位性や自治要求の正当性を否定する。,左派政権支持者が、都市部の中間層や右派の抗議者を嘲笑する状況,Pitita,2019年の政情不安時、抗議者が細い紐（pitita）で道を封鎖したことを揶揄した言葉。「脆弱で取るに足らない抗議」として相手を矮小化する。
第3象限,ブラジル,イデオロギー的二極化の言語武装 (Polariza??o Pol?tica e Classismo),左右の政治イデオロギーや階級闘争において、敵対者を腐敗や無知の象徴としてラベリングし、社会的に排除するための隠語の使用。,既存の語彙（食べ物やキャラクター名）の転用、または政党名とネガティブな単語を組み合わせたかばん語（混成語）。,労働党（PT）政権期の汚職事件と、それに続くボルソナロ政権の誕生による深刻な政治的・社会的二極化。,複雑な政治問題を「善か悪か」の単純な構図に落とし込み、相手を対話不能な「狂信者」や「犯罪者」として公共空間から排除する。,エコーチェンバー現象を強化し、異なる意見を持つ者に対する憎悪や軽蔑を正当化する。,左派または労働者階級が、保守的で富裕な右派を批判する状況,Coxinha,元は一般的な鶏肉の揚げコロッケだが、特権階級のライフスタイルや、体制順応的で保守的な人々を揶揄・論破するメタファーとして定着。,右派が、労働党（PT）や左派支持者を腐敗の象徴として攻撃する状況,Petralha,労働党（PT）と泥棒のキャラクター「Irm?os Metralha」を掛け合わせた造語。「左派＝国家の富を盗む犯罪者」というレッテルを貼る。,反対派が、右派のボルソナロ前大統領の熱狂的な支持者を嘲笑する状況,Bolsominion,大統領の名と、映画キャラクター「ミニオンズ（盲目的に主人に従う者たち）」を組み合わせ、自ら思考しない愚かな集団として相手の発言権を否定する。
第3象限,パラグアイ,NO_DATA,,,,,,,,,,,,,,
第3象限,チリ,言語的階級隔離と差別的ラベリング (Clasismo Ling??stico),発音、語彙、居住地域などの社会言語学的要素に基づいて、他者を特定の社会階層に押し込め、社会的上昇を阻む言語的排除の実践。,日常語の中に、特定の社会階層を指し示す非常に強い意味合いを持つ隠語・俗語を組み込む。,中南米でも屈指の経済成長を遂げた一方で、教育や居住空間における極めて深刻な経済格差・階級固定化が残存していること。,出身階層を一瞬で見抜き、暗黙のうちに「自分たちの仲間ではない」と線引きをして社会集団を分断する。,自身の社会的地位への不安から他者を貶めることで安心感を得る一方、差別される側に自己検閲を強いる。,中産階級や富裕層が、貧困層やスラム出身の若者を犯罪と結びつけて排除する状況,Flaite,特定の服装や言葉遣いをする下層階級の若者を指す。単なる不良ではなく「社会の脅威」「無教養」として空間的・社会的に隔離するためのレッテル。,労働者階級や一般市民が、特権意識を持つ富裕層を揶揄する状況,Cuico / Cuica,特有の鼻にかかった発音で話し、庶民の現実を知らない上流階級を指す。富裕層の傲慢さを批判・論破する際の対抗語彙。,古くから、教養がなく粗野とされる人々を見下す状況,Roto,文字通り「壊れた、破れた」を意味し、貧しく洗練されていない者を指す歴史的な階級差別語。対立の文脈では強烈な侮蔑語となる。
第3象限,アルゼンチン,「溝（La Grieta）」を深める政治・階級的侮蔑語 (La Grieta y Descalificaci?n),アルゼンチン社会を二分する「ペロニスタ」対「反ペロニスタ」の対立において用いられる攻撃的言語の実践。,歴史的事件や社会政策を背景に持つ特定の単語を、相手の知性や道徳性を否定する名詞・形容詞として用いる。,20世紀半ばから続くペロン主義を巡る政治的分断と、度重なる経済危機に伴う貧困層の増大および福祉政策への対立。,対立する相手を「国の発展を阻害する元凶」としてスケープゴート化し、政治的妥協や建設的な対話を完全に断絶させる。,自らの政治的立場を絶対視し、相手への共感を喪失させ、社会全体に恒常的な怒りと分断をもたらす。,ペロニスタ（親ペロン派）が、反ペロニスタや保守層を非難する状況,Gorila,反ペロン主義者、特に労働者階級の権利を敵視する特権階級や右派を指す。相手を「民衆の敵」として論破・排除するための歴史的メタファー。,中産階級・保守層が、国家の補助金に依存する貧困層を批判する状況,Choriplanero / Planero,チョリパン（政治集会で配られる食事）とプラン（政府の貧困支援策）を合成。貧困層を「働かずに国から金を搾取する怠け者」として非人間化する。,首都のエリート層が、地方から移住してきた混血の労働者を蔑視する状況,Cabecita negra,「黒い小さな頭」を意味し、白人中心の首都において、先住民の血を引く地方出身の労働者を人種的・階級的に排除するために使われた歴史的差別語。
第3象限,ウルグアイ,NO_DATA,,,,,,,,,,,,,,
第3象限,オーストラリア,NO_DATA,,,,,,,,,,,,,,
第3象限,ニュージーランド,NO_DATA,,,,,,,,,,,,,,
第3象限,パプアニューギニア,トク・ビラス（Tok Bilas）,共通語トク・ピシンにおいて、対立関係にある相手を直接的に嘲笑・侮辱し、社会的地位を下落させて論破・排除するための攻撃的な言語実践。,英語由来の語彙を現地の文法で再構築し、排泄物や知能に対する直接的な形容や名詞句を用いる。,多言語社会における都市部への人口流入に伴い、異なる部族間や階層間で発生する日常的な軋轢、および「恥（Sem）」を重視する文化背景。,口論において相手の主張を直接的に貶める、公衆の面前で相手に恥をかかせて社会的に排除する、自身の優位性の誇示。,対象者に強烈な恥辱感と屈辱感を与え、発話者側は怒りの発散と一時的な優越感を得る。,相手の知性や出自を否定し、公衆の面前で社会的に無価値であると罵倒する時。,Yu bus kanaka!（お前は森の田舎者だ！）,「Kanaka（地元民）」に「Bus（森・未開）」を冠し、都市社会の枠組みから相手を切り離して後進的であると直接的に侮蔑・排除する。,論争において、相手の意見や存在そのものを完全に拒絶する時。,Kaikai pekpek!（糞でも食え！）,排泄物の摂取を命令する直接的で攻撃的な表現を用いることで、相手の尊厳を根底から破壊し、対話の余地を強制的に断ち切る。,論争が激化し、相手の思考能力や理性を否定して発言を無効化する時。,Yu longlong!（お前は狂っている！）,「Longlong（狂気・愚鈍）」という相手の精神状態を直接的に否定する単語を用い、相手の主張の妥当性を完全に失わせる。
第3象限,ソロモン諸島,NO_DATA,,,,,,,,,,,,,,
第3象限,バヌアツ,NO_DATA,,,,,,,,,,,,,,
第3象限,フィジー,NO_DATA,,,,,,,,,,,,,,
第3象限,ミクロネシア連邦,NO_DATA,,,,,,,,,,,,,,
第3象限,マーシャル諸島,NO_DATA,,,,,,,,,,,,,,
第3象限,パラオ,NO_DATA,,,,,,,,,,,,,,
第3象限,ナウル,NO_DATA,,,,,,,,,,,,,,
第3象限,キリバス,NO_DATA,,,,,,,,,,,,,,
第3象限,ツバル,NO_DATA,,,,,,,,,,,,,,
第3象限,サモア,NO_DATA,,,,,,,,,,,,,,
第3象限,トンガ,NO_DATA,,,,,,,,,,,,,,
第４象限,アイスランド,"{""status"":""SUCCESS"",""cultures"":[{""culture_name"":""フェルスケイトラ"",""catchcopy"":""鋭い韻律とユーモアで対立を溶かす即興の4行詩"",""historical_background"":""アイスランドでは14世紀頃からフェルスケイトラと呼ばれる4行詩の形式が発達しました 厳しい自然環境の中で暮らす人々にとって 長い冬の夜に暖炉を囲んで詩を即興で詠み合うことは最大の娯楽であり 知性を競う手段でした"",""social_function"":""アイスランド社会は かつて王や軍隊を持たない合議制の社会であり 物理的な暴力による解決を避け 言葉の機知による解決を重んじる文化がありました 日常の些細な対立や議論においても 相手を直接罵倒するのではなく ユーモアや風刺を交えた詩の掛け合いを行うことで 敵意を笑いに変え 場を和ませる役割を果たしました"",""historical_examples"":[{""combatants"":""詩人コルベインと悪魔"",""background"":""17世紀 プーフビャルグの崖の上で 詩人コルベインと悪魔が詩の対決を行いました ルールは一方が即興で詠んだ2行に対し もう一方が完璧な韻律で後半の2行を完成させるというもので 失敗した者は崖から海へ落ちるという命がけの勝負でした"",""attack"":""悪魔はアイスランド語で最も韻を踏むのが難しいとされる月という言葉を文末に使い コルベインが後半の2行を完成させられないように罠を仕掛けました"",""humor_return"":""コルベインは月に対して 手首を意味する言葉の古い変形を即興で紡ぎ出し 見事に韻を合わせて詩を完成させました さらにその詩の中でこの手首でお前を突き落とすという動作を織り交ぜ 言葉の機知だけでなく物理的なユーモアで悪魔を退散させました"",""evaluation"":""この対決において高く評価されるのは 絶対に韻を踏めないと思われた難解な言葉に対し 言語のルールを巧みに応用して新しい韻を作り出した知的な突破口と 絶体絶命の状況をユーモアで切り抜けた機転です""}],""glossary"":[{""term"":""フェルスケイトラ"",""explanation"":""アイスランドの伝統的な4行詩の形式で 頭韻や脚韻などの厳しいルールに従って作られます""},{""term"":""頭韻"",""explanation"":""詩の中で同じ子音や母音で始まる言葉を繰り返すことで 心地よいリズムを生み出す技法です""},{""term"":""脚韻"",""explanation"":""詩の行の終わりの響きを合わせることで 歌のような美しい響きを持たせる技法です""}],""citations"":[{""source_title"":""Ferskeytt - Wikipedia"",""url_or_isbn"":""https://en.wikipedia.org/wiki/Ferskeytt"",""editorial_note"":""史実および原典に基づき 中高生が理解しやすいよう現代語訳および一部表現を加筆修正しています""},{""source_title"":""Poetry in Iceland | Icelandic Language Blog"",""url_or_isbn"":""https://blog.transparent.com/icelandic/poetry-in-iceland/"",""editorial_note"":""史実および原典に基づき 中高生が理解しやすいよう現代語訳および一部表現を加筆修正しています""}]},{""culture_name"":""センナ"",""catchcopy"":""直接的な暴力を防ぐために言葉の刃を交わす知的な罵り合い"",""historical_background"":""中世アイスランドのサガや北欧神話に登場する 伝統的な言葉の決闘です ヴァイキング時代から中世にかけて 名誉を重んじる社会において広く行われていました"",""social_function"":""名誉を傷つけられた際 すぐに武器を持って殺し合うのではなく 公衆の面前で詩的なルールに則って互いを風刺 非難し合うことで 物理的な衝突を回避し 社会的な緊張を和らげる安全弁として機能しました 勝敗は観客の反応や どちらがより機知に富んだ詩を返せたかで決まりました"",""historical_examples"":[{""combatants"":""ロキと神々"",""background"":""エーギルの館で開かれた宴会において 悪戯好きの神ロキが他の神々を次々と挑発し 言葉の決闘を仕掛けました"",""attack"":""ロキは神々の過去の不名誉な行いや偽善 臆病さを鋭い詩で暴露し 彼らの名誉を傷つけようとしました"",""humor_return"":""神々はロキの非難に対し 単に怒り狂って暴力を振るうのではなく ロキ自身の過去の奇妙な変身や 彼の狡猾さをユーモラスかつ痛烈に言い返すことで 言葉の土俵で応戦しました"",""evaluation"":""この文化において高く評価されるのは 感情に任せて武器を抜くのではなく 厳しい韻律のルールを守りながら 相手の痛いところをユーモアと風刺で突き返す言葉のコントロール力です""}],""glossary"":[{""term"":""センナ"",""explanation"":""北欧の伝統的な言葉の決闘で 互いに詩的なルールに則ってユーモアや風刺を交えながら非難し合うものです""},{""term"":""サガ"",""explanation"":""中世アイスランドで書き残された 歴史や英雄たちの冒険を描いた散文文学です""},{""term"":""ロカセンナ"",""explanation"":""北欧神話の詩の一つで ロキが神々を次々と罵倒し それに対して神々が言い返す言葉の決闘を描いた作品です""}],""citations"":[{""source_title"":""Senna (poetic) - Wikipedia"",""url_or_isbn"":""https://en.wikipedia.org/wiki/Senna_(poetic)"",""editorial_note"":""史実および原典に基づき 中高生が理解しやすいよう現代語訳および一部表現を加筆修正しています""},{""source_title"":""Insulting Women: Flyting in Old Norse Literature | We Are Star Stuff"",""url_or_isbn"":""https://wearestarstuff.wordpress.com/2016/04/07/insulting-women-flyting-in-old-norse-literature/"",""editorial_note"":""史実および原典に基づき 中高生が理解しやすいよう現代語訳および一部表現を加筆修正しています""}]}]}",,,,,,,,,,,,,,
第４象限,アイルランド,"{""status"":""SUCCESS"",""cultures"":[{""culture_name"":""スラッギング"",""catchcopy"":""愛を込めたからかいで対立の芽を摘む言葉のクッション"",""historical_background"":""アイルランドでは 古くからパブなどの社交場で言葉を交わす文化が栄えてきました 厳しい歴史や貧困 紛争を生き抜く中で 人々は過度な緊張や対立を避けるためにユーモアを磨きました"",""social_function"":""相手をあえてユーモラスにからかうことで お互いのプライドの壁を取り払い 親密さを築きます 深刻な議論や対立が生じた際に 自虐やユーモアを交えたからかいで場を和らげる社会的機能を持っています"",""historical_examples"":[{""combatants"":""北アイルランド和平交渉の当事者たち"",""background"":""1990年代の北アイルランド和平プロセスにおいて 長年の対立から交渉の場は極めて緊迫していました"",""attack"":""政治的な主張がぶつかり合い 互いに譲らない緊迫した議論が続いていました"",""humor_return"":""交渉者たちはあえてユーモラスな皮肉やからかいを交わすことで 張り詰めた空気を一瞬で和らげ 議論を再開させました"",""evaluation"":""深刻な政治的対立の場であっても ユーモアを交えたからかいによって人間関係を構築し 暴力ではなく対話による合意形成に導いた点が高く評価されます""}],""glossary"":[{""term"":""パブ文化"",""explanation"":""アイルランドにおいて 人々が集まり 音楽や会話を楽しむ社交の場を中心とした文化のことです""},{""term"":""北アイルランド和平プロセス"",""explanation"":""北アイルランドにおける長年の紛争を解決し 平和をもたらすために行われた政治的な交渉や取り組みのことです""}],""citations"":[{""source_title"":""What is the Craic Humour and negotiations during the Northern Ireland peace process"",""url_or_isbn"":""https://www.tandfonline.com/doi/full/10.1080/19434472.2024.2433821"",""editorial_note"":""史実および原典に基づき 中高生が理解しやすいよう現代語訳および一部表現を加筆修正しています""}]},{""culture_name"":""イオマルヴァーイ"",""catchcopy"":""剣の代わりに詩を交わす 知的な言葉の決闘"",""historical_background"":""古代から中世のアイルランドでは 詩人が非常に高い社会的地位を持っていました 彼らの言葉には強い力があると信じられ 領土や名誉をめぐる議論が詩によって行われました"",""social_function"":""武力による衝突を避け 詩の技術や知性 風刺を競い合うことで 対立を平和的かつ知的に解決する役割を果たしました"",""historical_examples"":[{""combatants"":""アイルランド北部の詩人と南部の詩人"",""background"":""17世紀初頭 アイルランドの北部と南部の詩人たちの間で どちらの地域が歴史的に優れているかをめぐる大論争が起こりました"",""attack"":""南部の詩人が自らの地域の歴史的正当性を主張し 北部を風刺する詩を詠みました"",""humor_return"":""北部の詩人は感情的に反論するのではなく 高度な韻律とユーモアを交えた詩で切り返し 議論を知的なゲームへと昇華させました"",""evaluation"":""感情的な怒りや地域の対立を 高度な文学的技術を用いた詩の応酬に変換し 暴力的な衝突を防いだ論理的ポイントが高く評価されます""}],""glossary"":[{""term"":""詩人"",""explanation"":""古代アイルランドにおいて 歴史や法律を記録し 詩を通じて社会に大きな影響力を与えた専門職の人々のことです""},{""term"":""風刺"",""explanation"":""社会の矛盾や相手の弱点を ユーモアや皮肉を交えて批判的に表現することです""}],""citations"":[{""source_title"":""Flyting - Wikipedia"",""url_or_isbn"":""https://en.wikipedia.org/wiki/Flyting"",""editorial_note"":""史実および原典に基づき 中高生が理解しやすいよう現代語訳および一部表現を加筆修正しています""}]}]}",,,,,,,,,,,,,,
第４象限,アゼルバイジャン,"{""status"":""SUCCESS"",""cultures"":[{""culture_name"":""メイハナ"",""catchcopy"":""リズムに乗せて不満を笑いに変える即興ラップバトル"",""historical_background"":""アゼルバイジャンの首都バクーがあるアプシェロン半島で古くから受け継がれてきた言葉遊びです かつては居酒屋や集会所で人々が集まり お酒を飲みながら即興で詩を詠み合ったことが始まりとされています ソ連時代には一時的に禁止されたこともありましたが 人々の間で根強く生き残り 現代でも結婚式やテレビ番組などで広く親しまれています"",""social_function"":""日常の不満や社会への風刺 意見の対立などを 直接的なケンカではなく ユーモアあふれる言葉の応酬によって解決する役割を持っています 相手を傷つけることなく 笑いを交えながら自分の主張を通すことで 張り詰めた空気を和らげ コミュニティの絆を保つことができます"",""historical_examples"":[{""combatants"":""貧しさと豊かさをテーマにした詩人たちの対決"",""background"":""貧富の差が激しくなった時代に 庶民の不満を代弁する詩人と 裕福な暮らしを擁護する詩人が 聴衆の前で即興の対決を行いました"",""attack"":""お金があれば何でも解決できるし 美しい女性も寄ってくる お金こそがこの世の支配者だ"",""humor_return"":""お金は確かに便利だが 墓場までは持っていけないし 欲張りな金持ちの財産は 結局は見知らぬ他人のものになる 貧しい私たちは 友だちと温かいスープを分け合えるだけで 誰よりも豊かなのだ"",""evaluation"":""相手の お金の万能さ という主張を認めつつも 人生の終わりという視点を持ち出すことで 精神的な豊かさの価値をユーモラスに際立たせた点が高く評価されました""}],""glossary"":[{""term"":""ソズ ウスタドゥ"",""explanation"":""アゼルバイジャン語で 言葉の達人 を意味し メイハナの優れた即興詩人を指す言葉です""},{""term"":""アプシェロン半島"",""explanation"":""アゼルバイジャンの東部に位置し 首都バクーがある カスピ海に突き出た半島のことです""}],""citations"":[{""source_title"":""Meykhana: Azerbaijan's Own Ancient Version of Rap Reappears"",""url_or_isbn"":""https://www.azer.com/aiweb/categories/magazine/43_folder/43_articles/43_meykhana.html"",""editorial_note"":""史実および原典に基づき 中高生が理解しやすいよう現代語訳および一部表現を加筆修正しています""}]},{""culture_name"":""デイシュメ"",""catchcopy"":""弦楽器を手に知恵と謎かけで競う吟遊詩人の決闘"",""historical_background"":""アゼルバイジャンの伝統的な吟遊詩人であるアシュグたちが行ってきた即興の歌対決です 15世紀から16世紀にかけてサファヴィー朝の時代に大きく発展し カフェや広場に多くの人々が集まる中で 伝統楽器のサズを弾きながら行われました"",""social_function"":""知識や教養 哲学的な問いを 歌と謎かけを通じて競い合うことで 物理的な衝突を避ける知的な解決手段として機能しました 感情的な怒りを 芸術的な表現へと昇華させることで 観客に対しても深い教訓と娯楽を同時に提供しました"",""historical_examples"":[{""combatants"":""伝説的な詩人ハスタ ガスムとレズギ アフメドの対決"",""background"":""18世紀に実在した高名な詩人ハスタ ガスムが 旅の途中で別の実力者レズギ アフメドと出会い どちらの知恵が優れているかを証明するために 聴衆の前で謎かけ対決を行いました"",""attack"":""この世で最も速く走り 決して足跡を残さないものは何か 答えてみせよ"",""humor_return"":""それは私たちの心に浮かぶ思考であり また世界を照らす光のことだ どんなに速い馬でも 私たちの想像力には追いつけない"",""evaluation"":""相手の難しい自然科学や哲学的な謎かけに対して 単に正解を答えるだけでなく 人間の心の無限の可能性という美しい詩的表現に結びつけて切り返した知性が絶賛されました""}],""glossary"":[{""term"":""アシュグ"",""explanation"":""アゼルバイジャンやその周辺地域で活躍する 歌や語り 楽器演奏をこなす伝統的な吟遊詩人のことです""},{""term"":""サズ"",""explanation"":""アシュグが演奏する 長いネックを持った伝統的な弦楽器で 澄んだ美しい音が特徴です""},{""term"":""ギフィルバンド"",""explanation"":""デイシュメの中で用いられる 相手をやり込めるための複雑な謎かけや問いのことです""}],""citations"":[{""source_title"":""Art of Azerbaijani Ashiqs - UNESCO Intangible Cultural Heritage"",""url_or_isbn"":""https://ich.unesco.org/en/RL/art-of-azerbaijani-ashiqs-00253"",""editorial_note"":""史実および原典に基づき 中高生が理解しやすいよう現代語訳および一部表現を加筆修正しています""}]}]}",,,,,,,,,,,,,,
第４象限,アフガニスタン,"{""status"":""SUCCESS"",""cultures"":[{""culture_name"":""シェル ジャンギ"",""catchcopy"":""銃の代わりに詩を放つ 知恵とユーモアの言葉バトル"",""historical_background"":""アフガニスタンでは 古くからペルシャ語やパシュトー語の詩が人々の生活に深く根ざしてきました 13世紀の神秘主義詩人ルーミーの誕生地でもあるこの地では 詩は単なる芸術ではなく 意思疎通や教育の重要な手段でした"",""social_function"":""議論や対立が生じた際 直接的な暴力を避け お互いの知性とユーモアを競い合うことで 場の緊張を和らげ 解決の糸口を見出すために行われます"",""historical_examples"":[{""combatants"":""部族間の土地争いや対立"",""background"":""アフガニスタンの農村部で 部族同士が境界線を巡って激しく対立し 一触即発の状況になった際 長老たちが仲介に入り 詩のバトルを提案しました"",""attack"":""相手の部族が 我々の土地は広く 豊かな実りをもたらす お前たちの土地は狭く 砂埃が舞うだけだ と詩で挑発しました"",""humor_return"":""対抗する部族は 狭い土地だからこそ 我々は互いに寄り添い 温かいスープを分け合える 広い土地で孤独に暮らすお前たちに その温かさは分かるまい とユーモアを交えて返しました"",""evaluation"":""相手の挑発を否定するのではなく 狭さを 絆の強さ というポジティブな価値に転換し ユーモアで相手の敵意を削いだ点が評価されます""}],""glossary"":[{""term"":""ルーミー"",""explanation"":""13世紀に活躍した現在の北アフガニスタン出身の詩人で 愛や平和を説いた世界的に有名な人物です""},{""term"":""パシュトー語"",""explanation"":""アフガニスタンの主要な民族であるパシュトゥーン人が主に使用する言語です""}],""citations"":[{""source_title"":""Afghan poets find inspiration in exile, using art to channel their pain - PBS"",""url_or_isbn"":""https://www.pbs.org/newshour/show/afghan-poets-find-inspiration-in-exile-using-art-to-channel-their-pain"",""editorial_note"":""史実および原典に基づき 中高生が理解しやすいよう現代語訳および一部表現を加筆修正しています""}]},{""culture_name"":""ランディ"",""catchcopy"":""わずか2行に込める 抑圧を笑い飛ばす風刺の毒針"",""historical_background"":""パシュトゥーン人の女性たちの間で 口承で受け継がれた2行詩の伝統です 文字の読み書きが制限されていた女性たちが 厳しい社会規範や戦争の苦しみを表現するために生み出しました"",""social_function"":""直接不満を言うと罰せられるような厳しい環境において ユーモアと鋭い風刺を交えた詩を詠むことで 社会的なガス抜きを行い 衝突を未然に防ぐ役割を果たしました"",""historical_examples"":[{""combatants"":""厳しい家父長制や強制結婚に対する女性の抵抗"",""background"":""若い女性が望まない結婚を強いられそうになった際 家族や親族が集まる場で 伝統的な詩の形式を借りて自らの心情を表現しました"",""attack"":""社会的な規範は 親の決定に従うことこそが 娘の美徳であり 家族の誇りである と無言の圧力をかけます"",""humor_return"":""女性は 私の愛する人は戦場で勇敢に戦っているのに 私は家の中で年老いた夫の髭を数えている とユーモアを交えて詠み 状況の滑稽さを浮き彫りにしました"",""evaluation"":""直接的な反抗ではなく 伝統的な詩の形式とユーモアを用いることで 家族の怒りを買うことなく 自らの意思を伝え 同情を誘うことに成功した点が評価されます""}],""glossary"":[{""term"":""パシュトゥーン人"",""explanation"":""アフガニスタンやパキスタンに多く住む 独自の掟を持つ民族です""},{""term"":""家父長制"",""explanation"":""家族の中で最も年長の男性が 強い権力を持って家族を支配する仕組みのことです""}],""citations"":[{""source_title"":""Rebellion in Afghan Women's Poetry ? Landays"",""url_or_isbn"":""https://www.poetryfoundation.org/articles/70012/i-am-the-beggar-of-the-world-landays-from-contemporary-afghanistan"",""editorial_note"":""史実および原典に基づき 中高生が理解しやすいよう現代語訳および一部表現を加筆修正しています""}]}]}",,,,,,,,,,,,,,
第４象限,アメリカ合衆国,"{""status"":""SUCCESS"",""cultures"":[{""culture_name"":""ザ ダズンズ"",""catchcopy"":""怒ったら負け 悪口をユーモアに変える言葉の決闘"",""historical_background"":""ザ ダズンズは アフリカ系アメリカ人のコミュニティで古くから受け継がれてきた伝統的な言葉遊びです その起源は西アフリカの儀礼的な悪口の掛け合いや 奴隷制時代にまで遡ると言われています 厳しい環境の中で生き抜くための知恵として 世代を超えて若者たちの間で盛んに行われてきました"",""social_function"":""この言葉遊びは 相手からどんなにひどい悪口を言われても 決して怒らずにユーモアで返すことがルールです これにより 日常生活での差別や理不尽なストレスに対抗するための強い精神力を養うとともに 感情的な暴力を未然に防ぐための社会的な訓練として機能していました"",""historical_examples"":[{""combatants"":""ストリートの若者たちによる母親をテーマにしたユーモア対決"",""background"":""1960年代のアメリカの都市部において 若者たちが街角で円陣を組み 互いの機知を競い合うために行われました"",""attack"":""お前の母さんはとても太っているから 学校の写真が航空写真だったぞ"",""humor_return"":""そうか お前の母さんはとても物忘れが激しいから 鏡を見てはじめましてと言ったぞ"",""evaluation"":""相手の侮辱に対して感情的にならず より高度な比喩やユーモアで返すことで 場の緊張を笑いに変えて対立を解消する点が高く評価されます""}],""glossary"":[{""term"":""儀礼的侮辱"",""explanation"":""相手を本当に傷つけるためではなく ルールに則って互いに悪口を言い合う言葉の遊び""},{""term"":""アフリカ系アメリカ人"",""explanation"":""アフリカにルーツを持つアメリカ合衆国の黒人市民""}],""citations"":[{""source_title"":""Dozens (game) - Wikipedia"",""url_or_isbn"":""https://en.wikipedia.org/wiki/Dozens_(game)"",""editorial_note"":""史実および原典に基づき 中高生が理解しやすいよう現代語訳および一部表現を加筆修正しています""},{""source_title"":""The Dozens: The Art of Tender Trash Talk - The Strong National Museum of Play"",""url_or_isbn"":""https://www.museumofplay.org/blog/the-dozens-the-art-of-tender-trash-talk/"",""editorial_note"":""史実および原典に基づき 中高生が理解しやすいよう現代語訳および一部表現を加筆修正しています""}]},{""culture_name"":""ロースト"",""catchcopy"":""愛を込めてこき下ろす 信頼関係から生まれる究極のユーモア"",""historical_background"":""ローストは 20世紀半ばにニューヨークの社交クラブなどで始まったアメリカ独自のコメディ文化です 特定の主賓を招き 友人や仲間のコメディアンたちが公の場でその人の欠点や失敗を徹底的にからかい合います 現代でもテレビ番組やコメディクラブで広く愛されています"",""social_function"":""一見するとただの悪口に見えますが 信頼関係があるからこそ成り立つ遊びです 互いの弱みやタブーをあえて笑い話にすることで 緊張関係やわだかまりを解消し 最終的には強い連帯感や敬意を確認し合う機能を持っています"",""historical_examples"":[{""combatants"":""コメディストアの駐車場でのコメディアン同士の喧嘩"",""background"":""2013年にロサンゼルスの有名なコメディクラブの駐車場で 2人のコメディアンが激しい口論を始め 暴力沙汰になりそうな一触即発の状況になりました"",""attack"":""お前は本当に才能がないし 誰も笑わせられないゴミだ"",""humor_return"":""殴り合う代わりにステージに上がって お互いについて面白い悪口を書いて言葉のボクシングで決着をつけよう"",""evaluation"":""物理的な暴力をルールのある言葉のエンターテインメントに昇華させ 観客を巻き込んで大爆笑に変えることで 対立を完全に解消した点が高く評価されます""}],""glossary"":[{""term"":""コメディストア"",""explanation"":""ロサンゼルスにある有名な老舗コメディクラブで 多くの人気コメディアンを輩出した場所""},{""term"":""ローストマスター"",""explanation"":""ローストのイベントで司会進行を務め ユーモアを交えて場を盛り上げる役割の人""}],""citations"":[{""source_title"":""Roast (comedy) - Wikipedia"",""url_or_isbn"":""https://en.wikipedia.org/wiki/Roast_(comedy)"",""editorial_note"":""史実および原典に基づき 中高生が理解しやすいよう現代語訳および一部表現を加筆修正しています""},{""source_title"":""Anything goes at The Comedy Store's Roast Battle - LAist"",""url_or_isbn"":""https://laist.com/news/arts-and-entertainment/roast-battle-comedy-store"",""editorial_note"":""史実および原典に基づき 中高生が理解しやすいよう現代語訳および一部表現を加筆修正しています""}]}]}",,,,,,,,,,,,,,
第４象限,アラブ首長国連邦,"{""status"":""SUCCESS"",""cultures"":[{""culture_name"":""ナバティ詩の論争詩"",""catchcopy"":""ユーモアと擬人化で対立を笑いに変える詩の対決"",""historical_background"":""アラビア半島やアラブ首長国連邦の砂漠地帯で暮らすベドウィンたちの間で何世紀にもわたり受け継がれてきた口語の詩です"",""social_function"":""物理的な衝突や法的な争いに発展しそうな対立を ユーモラスな詩の応酬や第三者の詩人による仲介によって 穏やかに解決する役割を持っています"",""historical_examples"":[{""combatants"":""イギリス人運転手ボブとインド人労働者ランジット"",""background"":""港の荷役現場でクレーンが足に当たった事故から 警察沙汰や激しい口論に発展しかけた対立です"",""attack"":""お互いに相手の不注意や素行を激しく非難し 法的な処罰や警察への通報を盾に脅し合いました"",""humor_return"":""地元の詩人が仲介に入り 二人の言い分をユーモラスなナバティ詩に仕立てて詠み上げ お互いの立場を風刺しつつも お互いにかけがえのない仲間だと説得しました"",""evaluation"":""深刻な労働トラブルを ユーモアを交えた詩の力で和らげ 最終的に二人が笑顔で握手して和解に至った点が高く評価されています""}],""glossary"":[{""term"":""ベドウィン"",""explanation"":""砂漠地帯で移動しながら暮らすアラブ系の遊牧民のことです""},{""term"":""ナバティ詩"",""explanation"":""伝統的な書き言葉ではなく 人々が日常的に使う話し言葉で詠まれる湾岸地域の口語詩のことです""},{""term"":""ムナーザラ"",""explanation"":""二つの異なる立場や事物が どちらが優れているかを詩で競い合う論争詩のジャンルです""}],""citations"":[{""source_title"":""The Nabati Poetry of the United Arab Emirates"",""url_or_isbn"":""ISBN 9781859642399"",""editorial_note"":""史実および原典に基づき 中高生が理解しやすいよう現代語訳および一部表現を加筆修正しています""}]},{""culture_name"":""アル タグルーダ"",""catchcopy"":""ラクダの背の上で響き合う即興の対話詩"",""historical_background"":""アラブ首長国連邦やオマーンの砂漠地帯で ラクダに乗って旅をするベドウィンたちが退屈をしのぎ 旅の連帯感を高めるために生み出した即興の唱え詩です"",""social_function"":""部族間の境界線争いや個人間のささいな不和を 交互に詩を即興で詠み合うことで 敵対心を和らげ 平和的な合意へと導く機能を持っています"",""historical_examples"":[{""combatants"":""砂漠のオアシスや放牧地を巡って対立する二つの部族"",""background"":""水場や放牧地の利用権を巡り 武器を手にして一触即発の緊張状態にあった部族間の争いです"",""attack"":""相手の部族が自分たちの土地を侵犯していると主張し 威嚇するような言葉を投げかけました"",""humor_return"":""両部族の代表者がラクダにまたがり 交互に短い即興詩を歌い合うことで 相手の主張をユーモアを交えて受け流し 最終的に 砂漠の恵みは皆で分かち合うものだ という調和のメッセージへと昇華させました"",""evaluation"":""暴力的な衝突を避け 詩の即興性とリズムを通じて 互いのプライドを傷つけることなく妥協点を見出した知恵が評価されています""}],""glossary"":[{""term"":""アル タグルーダ"",""explanation"":""ユネスコの無形文化遺産にも登録されている ラクダの歩調に合わせて歌われる伝統的なベドウィンの即興詩です""}],""citations"":[{""source_title"":""Al-Taghrooda, traditional Bedouin chanted poetry in the United Arab Emirates and the Sultanate of Oman - UNESCO Intangible Cultural Heritage"",""url_or_isbn"":""https://ich.unesco.org/en/RL/al-taghrooda-traditional-bedouin-chanted-poetry-in-the-united-arab-emirates-and-the-sultanate-of-oman-00744"",""editorial_note"":""史実および原典に基づき 中高生が理解しやすいよう現代語訳および一部表現を加筆修正しています""}]}]}",,,,,,,,,,,,,,
第４象限,アルジェリア,"{""status"":""SUCCESS"",""cultures"":[{""culture_name"":""イセフラの詩的対決"",""catchcopy"":""暴力の代わりに詩の刃を交わす名誉ある言葉の決闘"",""historical_background"":""アルジェリア北部の山岳地帯カビリア地方に暮らす先住民族ベルベル人の間で古くから伝わる口承詩の伝統です 19世紀後半のフランス植民地支配に対する抵抗と混乱の時代に 詩人たちは自らの誇りと文化を守るためにこの詩を即興で詠み合いました"",""social_function"":""カビル社会では個人の名誉や一族の尊厳が極めて重視され 些細な対立が血で血を洗う暴力に発展する危険が常にありました そこで人々は直接的な暴力を避けるため 詩の即興対決を通じて互いの知性と名誉を競い合い 観衆の前で勝敗を決めることで対立を平和的に解決しました"",""historical_examples"":[{""combatants"":""放浪詩人シ モハンドと宗教指導者シェイク モハンド"",""background"":""19世紀後半 フランスの弾圧によりすべてを失い放浪の身となった詩人シ モハンドが 厳格な戒律を重んじる聖者シェイク モハンドの村を訪れた際 生き方や価値観の対立から緊張が生じました"",""attack"":""宗教指導者側は放浪の身で酒を愛するシ モハンドの不道徳な生き方を 詩の形式で厳しく批判し 彼の信仰心を試そうとしました"",""humor_return"":""シ モハンドは即興の詩で 自分の放浪は植民地支配によって故郷を奪われた悲しみによるものであり 形式的な戒律よりも神への純粋な愛が重要であると ユーモアと深い哀愁を交えて切り返しました"",""evaluation"":""相手の批判を真っ向から否定するのではなく 自身の不遇な境遇を詩的な美しさに昇華させ 宗教指導者をも感動させて互いの名誉を称え合う和解へと導いた知性が高く評価されます""}],""glossary"":[{""term"":""カビリア地方"",""explanation"":""アルジェリア北部に位置するベルベル人が多く暮らす山岳地帯""},{""term"":""ベルベル人"",""explanation"":""北アフリカの先住民族で 自らをアマジグ（自由な人）と呼びます""},{""term"":""シ モハンド"",""explanation"":""19世紀アルジェリアを代表する伝説的なカビル人の口承詩人""}],""citations"":[{""source_title"":""Les Isefra po?mes de Si Mohand-ou-Mhand"",""url_or_isbn"":""ISBN 978-2707102843"",""editorial_note"":""史実および原典に基づき 中高生が理解しやすいよう現代語訳および一部表現を加筆修正しています""}]},{""culture_name"":""ボカラの言葉遊び"",""catchcopy"":""粘土の壺に秘めた詩で日常の葛藤を笑い飛ばす女性たちの知恵"",""historical_background"":""アルジェやブリダなどの都市部において 主にラマダンの夜に女性たちの間で何世紀にもわたって受け継がれてきた伝統的な言葉遊びと占いのゲームです"",""social_function"":""伝統的な社会において女性たちは家庭内や社会的な制約により 自身の不満や対立を公に表現することが困難でした そこで女性たちはボカラの壺を囲み 恋の悩みや家族間の葛藤 植民地支配への不満などを即興の詩に託して詠み合うことで ユーモアを交えながら日常のストレスや対立を和らげ 連帯感を強めました"",""historical_examples"":[{""combatants"":""植民地支配下のアルジェの女性たち"",""background"":""フランス植民地支配期 女性たちは自由な発言を制限され 家族の逮捕や生活の困窮などによる不安と対立が家庭内外で高まっていました"",""attack"":""日常の閉塞感や 互いの嫉妬 運命の不条理といった目に見えない抑圧が女性たちを苦しめていました"",""humor_return"":""女性たちはボカラの壺に指輪を入れ 即興で詠まれる詩の偶然の割り当てを通じて 厳しい現実をユーモラスな比喩や愛の詩に変換し 互いの運命を笑いと希望に変えていきました"",""evaluation"":""深刻な対立や不安を直接ぶつけ合うのではなく 壺から取り出される品物と詩の偶然性に委ねることで 角を立てずに本音を語り合い 共同体の絆を修復する機知が評価されます""}],""glossary"":[{""term"":""ラマダン"",""explanation"":""イスラム教の断食月で 夜には家族や友人が集まり交流を深めます""},{""term"":""ダリージャ"",""explanation"":""アルジェリアで話されているアラビア語の口語（方言）""}],""citations"":[{""source_title"":""Algerian Women's B?q?lah Poetry: Oral Literature, Cultural Politics, and Anti-Colonial Resistance"",""url_or_isbn"":""https://www.researchgate.net/publication/327685159_Algerian_Women's_Buqalah_Poetry_Oral_Literature_Cultural_Politics_and_Anti-Colonial_Resistance"",""editorial_note"":""史実および原典に基づき 中高生が理解しやすいよう現代語訳および一部表現を加筆修正しています""}]}]}",,,,,,,,,,,,,,
第４象限,アルゼンチン,"{""status"":""SUCCESS"",""cultures"":[{""culture_name"":""パジャーダ"",""catchcopy"":""ギターの音色にのせて言葉の刃を交わす 知恵とユーモアの即興詩バトル"",""historical_background"":""アルゼンチンの広大なパンパと呼ばれる草原地帯で 18世紀から19世紀にかけて牧童であるガウチョたちの間で生まれました 娯楽の少なかった当時 人々が集まる簡易居酒屋であるプルペリアは 歌や即興詩を披露する重要な社交場でした"",""social_function"":""ガウチョたちは誇り高く 時にナイフを用いた決闘に発展しやすい気性を持っていました しかしパジャーダの対決であるコントラプントを行うことで 個人的な恨みや社会的な対立を 直接的な暴力ではなく 詩の美しさやユーモア 知識の深さを競うことで平和的に解決し 互いの名誉を守りながら和解へと導く役割を果たしました"",""historical_examples"":[{""combatants"":""ガビーノ エセイサ と フアン デ ナバ"",""background"":""1884年にウルグアイのモンテビデオで行われた歴史的な対決です アルゼンチン出身でアフリカ系黒人のパヤドールであるエセイサと 地元の名手ナバが 観客が見守る中で即興詩の腕を競い合いました"",""attack"":""ナバはエセイサの出自やアルゼンチン人としての立場をからかうような鋭い風刺を詩にのせて仕掛けました"",""humor_return"":""エセイサは怒るどころか 相手の故郷であるウルグアイの街を称える美しい即興詩を歌い上げ 敵対していた観客をも感動させて味方に引き入れました"",""evaluation"":""相手の攻撃を憎しみで返すのではなく 相手の誇りを尊重する美しい詩で返すことで 敵対心を一瞬にして敬意へと変えた知的な切り返しが高く評価されています""},{""combatants"":""マルティン フィエロ と エル モレノ"",""background"":""アルゼンチンの国民的叙事詩に描かれた対決です 過去にフィエロがモレノの兄弟を殺してしまったという深い因縁があり 本来なら血で血を洗う決闘になるところを ギターを持った言葉の対決で決着をつけることになりました"",""attack"":""モレノはフィエロに対して 命や自然の仕組みについての哲学的な問いを次々と投げかけ 精神的な揺さぶりをかけました"",""humor_return"":""フィエロはそれらの難問に対して ユーモアと大自然の知恵を交えた見事な詩で答えを返し 最終的にモレノもその知性を認めて引き下がりました"",""evaluation"":""血の復讐という最も激しい対立を 詩の知恵比べというルールに落とし込むことで 命を失うことなく互いの尊厳を保ったまま対立を止揚させた点です""}],""glossary"":[{""term"":""ガウチョ"",""explanation"":""アルゼンチンの大草原で牛を追いかけて暮らしていた牧童たちのことで 独自の誇り高い文化を持っています""},{""term"":""パヤドール"",""explanation"":""ギターを弾きながら即興で詩を歌う専門の歌い手のことで 高い知性と即興力が求められます""},{""term"":""コントラプント"",""explanation"":""2人の歌い手が交互に詩を詠み合って競うパジャーダの対決形式のことです""},{""term"":""プルペリア"",""explanation"":""当時の大草原に点在していた 居酒屋とよろず屋を兼ねた社交場のことです""},{""term"":""デシマ"",""explanation"":""10行で構成される詩 of 形式のことで パジャーダでよく使われる美しい韻を踏むルールです""}],""citations"":[{""source_title"":""Payada - Wikipedia, la enciclopedia libre"",""url_or_isbn"":""https://es.wikipedia.org/wiki/Payada"",""editorial_note"":""史実および原典に基づき 中高生が理解しやすいよう現代語訳および一部表現を加筆修正しています""},{""source_title"":""Payadores. El contrapunto en el Mart?n Fierro - Buenos Aires Ciudad"",""url_or_isbn"":""https://buenosaires.gob.ar/museojosehernandez/payadores-el-contrapunto-en-el-martin-fierro"",""editorial_note"":""史実および原典に基づき 中高生が理解しやすいよう現代語訳および一部表現を加筆修正しています""}]}]}",,,,,,,,,,,,,,
第４象限,アルバニア,"{""status"":""SUCCESS"",""cultures"":[{""culture_name"":""ベイト"",""catchcopy"":""刃物の代わりに言葉を研ぐ 即興の風刺詩バトル"",""historical_background"":""１８世紀から１９世紀のオスマン帝国支配下のアルバニアで生まれた詩の伝統です アラビア文字を使ってアルバニア語の詩を作る文化から始まりました 特に北部の都市シュコドラなどでは 民衆の間で大衆的な風刺詩として親しまれ カーニバルやカフェなどの集まりで盛んに披露されました"",""social_function"":""政治的な不満や市民同士の個人的な対立を 直接的な暴力に発展させることなく ユーモアと鋭い風刺を交えた即興詩の掛け合いによって解決する安全弁として機能しました 相手を笑い者にしながらも 知性で切り返すことで 怒りを笑いに変えて対立を和らげました"",""historical_examples"":[{""combatants"":""仕立て屋の詩人と政府の役人"",""background"":""１９３０年代のシュコドラで 政府の不公平な政策に対して市民の不満が高まっていた時期の出来事です"",""attack"":""役人が身分の低い仕立て屋に対して 偉そうに政治に口を挟むな と威圧的な態度を取りました"",""humor_return"":""仕立て屋の詩人は即興で あなたの立派な上着は私が縫ったものですが 中身の人間性までは縫い合わせられなかった と歌い 周囲の爆笑を誘いました"",""evaluation"":""相手の権威を直接否定して怒らせるのではなく 自分の職業を逆手に取ったユーモラスな比喩を使い 相手の器の小ささを周囲に印象づけて威圧を無効化した点が高く評価されます""}],""glossary"":[{""term"":""ベイト"",""explanation"":""アルバニア語で２行詩を意味する言葉で 即興で風刺やユーモアを交えて作られる詩のことです""},{""term"":""ベイトゥジ"",""explanation"":""ベイトを作る詩人のことで 民衆の声を代弁して社会を風刺する役割を持っていました""}],""citations"":[{""source_title"":""Bejtexhi - Wikipedia"",""url_or_isbn"":""https://en.wikipedia.org/wiki/Bejtexhi"",""editorial_note"":""史実および原典に基づき 中高生が理解しやすいよう現代語訳および一部表現を加筆修正しています""}]},{""culture_name"":""メセレ"",""catchcopy"":""伝統の客間で交わされる 比喩とユーモアの知恵比べ"",""historical_background"":""アルバニア北部やコソボの伝統的な塔状の住宅にある オダ と呼ばれる男性たちの集会所で培われた対話の文化です ここでは地域の重要な決定や 家族間の争いの解決が話し合われていました"",""social_function"":""オダでの議論や対立において 直接的な非難や暴力を避けるために 比喩やユーモアを含んだ短い物語を語り合いました 相手の面子を潰すことなく 間接的に非を認めさせたり 妥協点を見出したりして 深刻な復讐劇に発展するのを防ぐ役割を果たしました"",""historical_examples"":[{""combatants"":""土地の境界線を巡って争う二つの家族と調停者"",""background"":""境界線の争いから一触即発の危機にあり 伝統的な血の復讐に発展しかねない緊迫した状況でした"",""attack"":""一方の家長が この土地は先祖代々我が家のものであり 一歩も譲らない 譲るくらいなら血を流す と強硬に主張しました"",""humor_return"":""調停者は 狼に囲まれたロバが現実から目を背けて寝たふりをしたという滑稽な寓話を語り 土地のために殺し合えば 残された家族は狼に囲まれたロバのように現実から目を背けて暮らすしかなくなると諭しました"",""evaluation"":""強硬な主張を直接否定して対立を深めるのではなく 滑稽な動物の寓話を用いることで 意地を張り続けることの愚かさとその先に待つ悲惨な結末を 相手に自ら気づかせた点が高く評価されます""}],""glossary"":[{""term"":""オダ"",""explanation"":""アルバニアの伝統的な家屋にある客間のことで 地域の男性が集まって議論や調停を行う神聖な場所でした""},{""term"":""メセレ"",""explanation"":""比喩や教訓 ユーモアを含んだ短い例え話や逸話のことで 議論を円滑に進めるために使われました""},{""term"":""血の復讐"",""explanation"":""家族の名誉を守るために 害を与えた相手の家族に復讐を果たすという伝統的な慣習のことです""}],""citations"":[{""source_title"":""Albanian Assemblies and Odes in Conflict Resolution"",""url_or_isbn"":""https://doi.org/10.56345/ijrdv10n110"",""editorial_note"":""史実および原典に基づき 中高生が理解しやすいよう現代語訳および一部表現を加筆修正しています""}]}]}",,,,,,,,,,,,,,
第４象限,アルメニア,"{""status"":""SUCCESS"",""cultures"":[{""culture_name"":""アシュグの対決"",""catchcopy"":""剣の代わりに詩を抜き 知恵と即興のメロディで対立を和らげる吟遊詩人の決闘"",""historical_background"":""アルメニアは古くから東洋と西洋の十字路に位置し 多くの帝国の支配や文化的影響を受けてきました このような複雑な歴史の中で 古代のグサンと呼ばれる吟遊詩人の伝統が 16世紀から18世紀にかけてアシュグの芸術へと発展しました 彼らはサズやカマンチャなどの弦楽器を手に 街の広場や宮廷 祝祭の場で即興の詩を競い合いました"",""social_function"":""アシュグの対決は 地域社会の対立や個人の名誉をめぐる争い さらには異なる民族や宗教間の緊張を 直接的な暴力ではなく 言葉の機知やユーモア 風刺 謎かけによって平和的に解決する役割を果たしました 公衆の面前で 相手を傷つけることなく ユーモアと知性でやり込めることで 対立を芸術的なエンターテインメントへと昇華させました"",""historical_examples"":[{""combatants"":""アシュグ シャヘンと多数のアシュグたち"",""background"":""1981年にアゼルバイジャンのバクーで開催された音楽祭において アルメニアを代表するアシュグであるシャヘンが 多数の現地のアシュグたちから即興の詩による挑戦を受けました"",""attack"":""相手側は伝統的な謎かけ詩であるムハンマのメロディにのせて シャヘンの実力を試すようなトリッキーな問いや風刺を投げかけました"",""humor_return"":""シャヘンは即座に相手と同じメロディとトルコ語を用いて歌い返し さらにサヤト ノヴァの未発表の歌を引用して この作者は誰か という逆の謎かけを提示しました"",""evaluation"":""相手の土俵であるメロディと言語を完璧に使いこなしながら 相手の予想を超える高度な知識をユーモアを交えて提示することで 敵対心を尊敬へと変えて対立を和らげた点が高く評価されます""}],""glossary"":[{""term"":""アシュグ"",""explanation"":""アルメニアやコーカサス地方の伝統的な吟遊詩人や音楽家のことです""},{""term"":""グサン"",""explanation"":""古代から中世のアルメニアに存在した 歌や演劇 即興詩を行う旅芸人のことです""},{""term"":""カマンチャ"",""explanation"":""アシュグがよく使用する 丸い胴体を持った伝統的な弦楽器のことです""},{""term"":""ムハンマ"",""explanation"":""アシュグの対決で用いられる 複雑なリズムを持った謎かけ詩の形式のことです""},{""term"":""サヤト ノヴァ"",""explanation"":""18世紀に活躍したアルメニアの最も有名なアシュグで 複数の言語で美しい詩を残しました""}],""citations"":[{""source_title"":""ARMENIAN ASHUGH ART OF THE 18th CENTURY"",""url_or_isbn"":""https://www.researchgate.net/publication/352194856_ARMENIAN_ASHUGH_ART_OF_THE_18th_CENTURY"",""editorial_note"":""史実および原典に基づき 中高生が理解しやすいよう現代語訳および一部表現を加筆修正しています""},{""source_title"":""500 Azerbaijani folk-singers against one Armenian Ashugh"",""url_or_isbn"":""https://www.aravot-en.am/2023/04/20/324567/"",""editorial_note"":""史実および原典に基づき 中高生が理解しやすいよう現代語訳および一部表現を加筆修正しています""}]},{""culture_name"":""ハネルク"",""catchcopy"":""気まずい沈黙や対立を笑顔に変える 暮らしの知恵が詰まった伝統的な謎かけ"",""historical_background"":""アルメニアの謎かけは 古代から中世にかけて非常に盛んに行われました 12世紀の著名な学者であるネルセス シュノルハリは 民衆の教育や娯楽のために多くの謎かけを作りました これらは口承文学として人々の間で大切に受け継がれてきました"",""social_function"":""ハネルクは 家族の集まりや地域の集会において 人々が意見の対立や気まずい雰囲気に直面した際 場を和ませるための知恵比べとして使われました 直接的な批判や議論を避け 比喩に満ちた謎を解き合うことで 対立する当事者同士が同じ知的ゲームに参加し 笑顔で和解するきっかけを作りました"",""historical_examples"":[{""combatants"":""中世アルメニアの学者ネルセス シュノルハリと民衆"",""background"":""中世のアルメニアにおいて 宗教的な議論や地域の対立が深まった際 知識人や民衆が謎かけを用いて対話を促しました"",""attack"":""人間は自然の支配者であり 自分たちの力だけで何でも解決できるという傲慢な主張や対立が生まれていました"",""humor_return"":""私はヴァンから来た牛を持っている その乳房はイスファハンのようだ 乳は出すが決して家には帰らない というブドウの木とワインをテーマにした謎かけを提示しました"",""evaluation"":""人間が自然や神の恵みの前に謙虚であるべきことを 牛と乳というユーモラスな比喩を用いて教え 対立する人々を笑顔にさせながら共通の価値観に立ち返らせた点が高く評価されます""}],""glossary"":[{""term"":""ハネルク"",""explanation"":""アルメニア語で謎かけを意味する言葉で 知恵比べや教育のために広く親しまれました""},{""term"":""ネルセス シュノルハリ"",""explanation"":""12世紀のアルメニアの著名な学者であり 多くの謎かけや詩を残した人物です""}],""citations"":[{""source_title"":""GRAPE AND WINE IN ARMENIAN FOLK RIDDLES"",""url_or_isbn"":""https://www.armenianmuseum.org"",""editorial_note"":""史実および原典に基づき 中高生が理解しやすいよう現代語訳および一部表現を加筆修正しています""}]}]}",,,,,,,,,,,,,,
第４象限,アンゴラ,"{""status"":""SUCCESS"",""cultures"":[{""culture_name"":""タアンパ"",""catchcopy"":""言葉の代わりに鍋の蓋で伝える 夫婦のユーモアあふれる対話術"",""historical_background"":""アンゴラ北部のカビンダ州に暮らすウォヨ族の間で 古くから受け継がれてきた伝統的な木彫りの文化です 植民地時代以前から 家族やコミュニティの調停手段として広く用いられてきました"",""social_function"":""夫婦の間で不満や対立が生じた際 直接口頭で激しく言い争うのではなく ユーモアや風刺を込めたことわざの彫刻が施された鍋の蓋を使って 穏やかに問題を解決する役割を持っています"",""historical_examples"":[{""combatants"":""夫婦間の不満や生活のすれ違い"",""background"":""妻が夫の行動や態度に不満を抱いた際 直接口頭で文句を言うと激しい口論に発展するため 伝統的な鍋の蓋を使ってメッセージを伝えた"",""attack"":""夫が妻の意見を聞き入れず 独断で物事を進めようとしたり 妻を軽視するような態度をとった"",""humor_return"":""妻はカタツムリの殻が彫られた蓋で食事を出した これは 生きているカタツムリに薬を詰めることはできない ということわざを表しており 私はまだ生きているのだから私の意見にも耳を傾けなさい というユーモラスな警告である"",""evaluation"":""直接的な非難を避け 誰もが知ることわざの彫刻を介することで 夫は村の集会所で他の男性たちから 妻が何か言いたそうだぞ と問い詰められ 周囲の笑いと仲介を交えながら平和的に話し合いに応じる点""}],""glossary"":[{""term"":""ウォヨ族"",""explanation"":""アンゴラ北部のカビンダ州やコンゴ川周辺に暮らす 豊かな木彫り文化を持つ民族です""},{""term"":""タアンパ"",""explanation"":""ウォヨ族の女性が夫へのメッセージを伝えるために使う ことわざの絵が彫られた木製の鍋の蓋です""},{""term"":""ンコティクアンダ"",""explanation"":""ウォヨ族のコミュニティにおいて 複雑なことわざや彫刻の意味を解釈し 仲介を行う村の賢者のことです""}],""citations"":[{""source_title"":""The proverb pot lids of Lower Congo - Royal Museum for Central Africa"",""url_or_isbn"":""https://www.africamuseum.be"",""editorial_note"":""史実および原典に基づき 中高生が理解しやすいよう現代語訳および一部表現を加筆修正しています""}]},{""culture_name"":""オヴィサブ"",""catchcopy"":""武器の力よりも知恵の言葉を 重大な対立を和らげることわざの応酬"",""historical_background"":""アンゴラ最大の民族であるオヴィンブンドゥ族が暮らす 中部高原地帯で発展した口承文学の伝統です 文字を持たなかった時代から 世代を超えて知恵を伝える手段として大切にされてきました"",""social_function"":""部族間の争いや個人的な対立が起きた際 暴力に訴えるのではなく 互いにことわざを引用し合うことで 相手の非をユーモラスに指摘し 妥協点を見つけ出す機能を持っています"",""historical_examples"":[{""combatants"":""力づくで解決しようとする者と知恵で諭す者"",""background"":""村の境界線や資源の分配をめぐって 感情的になった当事者たちが 暴力的な衝突を起こしそうになった場面"",""attack"":""腕力や武器の力を使って 自分の主張を無理やり通そうとする威圧的な態度"",""humor_return"":""腕が通らない場所にも知恵は通る ということわざや 知性は武器の力に勝る という言葉を投げかけ 暴力の愚かさをユーモアを交えて諭した"",""evaluation"":""相手の怒りを真っ向から受け止めるのではなく 誰もが納得する自然の摂理や知恵に例えることで 相手のプライドを傷つけずに冷静な対話の場へと引き戻す点""}],""glossary"":[{""term"":""オヴィンブンドゥ族"",""explanation"":""アンゴラの中部高原地帯に暮らす 同国で最も人口の多い民族です""},{""term"":""オヴィサブ"",""explanation"":""オヴィンブンドゥ族の言葉で ことわざ を意味する言葉で 複数形はオヴィサブ 単数形はオチサブと呼びます""}],""citations"":[{""source_title"":""Jisabu Umbundu Proverbs Audios - Music In Africa Foundation"",""url_or_isbn"":""https://www.musicinafrica.net"",""editorial_note"":""史実および原典に基づき 中高生が理解しやすいよう現代語訳および一部表現を加筆修正しています""}]}]}",,,,,,,,,,,,,,
第４象限,アンティグア・バーブーダ,"{""status"":""SUCCESS"",""cultures"":[{""culture_name"":""ベナ"",""catchcopy"":""歌と機知で対立を和らげる民衆の新聞"",""historical_background"":""19世紀の奴隷制廃止以降にアンティグア・バーブーダで生まれたアップテンポな民俗音楽と言葉遊びです 西アフリカの伝統的な掛け合いの文化と現地の言葉が融合して誕生しました 文字の読み書きが制限されていた時代に島全体の出来事を伝える役割も果たしました"",""social_function"":""支配層への不満や地域内の対立を直接的な暴力ではなく ユーモアや風刺を交えた歌の掛け合いによって表現しました 歌い手が即興で噂話を歌い 聴衆がユーモラスに応答することで 個人の怒りや対立をコミュニティ全体の笑いに変えて和らげる機能がありました"",""historical_examples"":[{""combatants"":""即興歌手ジョン・クアークー・トーマスと植民地政府"",""background"":""1940年代から50年代にかけて上流階級のスキャンダルや不条理な支配を街頭で歌い上げた場面です"",""attack"":""政府やエリート層はベナの歌い手たちを社会を乱す存在として取り締まり 投獄しようと圧力をかけました"",""humor_return"":""クアークーは直接的な批判を避け ココアティーなどの日常的な飲み物に二重の意味を持たせてスキャンダルをユーモアたっぷりに暴露しました"",""evaluation"":""直接的な告発を避けて日常の比喩を用いることで 聴衆に真実を伝えつつ法的な追及をユーモラスにかわす知的な技術が高く評価されました""}],""glossary"":[{""term"":""クリオール語"",""explanation"":""英語と西アフリカの言語が融合して生まれた現地の言葉です""},{""term"":""コールアンドレスポンス"",""explanation"":""一人の歌い手の呼びかけに対して大勢の聴衆が応答する表現スタイルです""},{""term"":""ダブル・エントレンドル"",""explanation"":""一つの表現に表面的な意味と隠された風刺的な意味を同時に持たせる言葉遊びです""}],""citations"":[{""source_title"":""Benna: Antigua's Gossip Groove That Preceded Calypso"",""url_or_isbn"":""https://vertexaisearch.cloud.google.com/grounding-api-redirect/AUZIYQF-lEN_z_8pce96sCV2UqzhdBY9JrkHAMGG-8Y2q3W_lvH_DYNQt1Prx_KOA6OZkO4ti6v_GpYoRrY69_TYqcWeybNabx2Cc9AkhgN9brlDOv9O3WElq5OtWF_TffIAlOoWKcxKxCcZCd9KADhoRINiotAnpc4Nccr5O-c="",""editorial_note"":""史実および原典に基づき 中高生が理解しやすいよう現代語訳および一部表現を加筆修正しています""}]},{""culture_name"":""アンティグア・バーブーダのことわざ"",""catchcopy"":""動物や自然の比喩で角を立てずに諭し合う知恵"",""historical_background"":""アフリカから連れてこられた人々が持ち込んだ知恵と カリブ海での暮らしの中で培われたユーモアが融合して生まれた口承文化です 日常のあらゆる場面で教訓として語り継がれてきました"",""social_function"":""対立や口論が発生した際に 相手を直接非難するのではなく 誰もが知っているユーモラスなことわざを引用することで 場の緊張を和らげます 鋭い批判を笑いに包んで伝えることで 感情的な衝突を防ぐ役割を持っています"",""historical_examples"":[{""combatants"":""主導権を争う地域住民たち"",""background"":""家庭内や市場などで意見が食い違い お互いに譲らない対立が生じた場面です"",""attack"":""お互いが自分の主張を通そうとして 感情的な口論に発展しそうな緊張した空気が漂いました"",""humor_return"":""二匹のオスのカニは同じ穴には住めないという現地のことわざをユーモラスに引用し お互いが意地を張っている滑稽な状況をカニに例えて笑いを誘いました"",""evaluation"":""相手のプライドを傷つけることなく ユーモラスな比喩によってお互いに譲り合うべきだという真理を納得させる知恵が高く評価されています""}],""glossary"":[{""term"":""口承文化"",""explanation"":""文字ではなく口づてで世代から世代へと語り継がれていく文化のことです""}],""citations"":[{""source_title"":""Local proverbs Archives - Antigua and Barbuda"",""url_or_isbn"":""https://vertexaisearch.cloud.google.com/grounding-api-redirect/AUZIYQGmaLSFPi-P6f0bSMzvY9Md7O5FknIqVnj-WzQg0zYDgc-etcCRm1X0v0mLkdoxIQ8GTfswiv_zDlSnhaYooJe7nVW7t_q-AX-37WjgZ6KNnOhAV4pzxdUE-R5co5a3"",""editorial_note"":""史実および原典に基づき 中高生が理解しやすいよう現代語訳および一部表現を加筆修正しています""}]}]}",,,,,,,,,,,,,,
第４象限,アンドラ,"{""status"":""NO_CULTURE_FOUND"",""cultures"":[]}",,,,,,,,,,,,,,
第４象限,イエメン,"{""status"":""SUCCESS"",""cultures"":[{""culture_name"":""ザミール"",""catchcopy"":""部族の対立を即興の詩で解決する平和の歌"",""historical_background"":""イエメン北部の山岳地帯を中心に数千年前から伝わる口承詩の伝統です 文字を読めない人々でも口づてに記憶し 歌い継ぐことができる短い詩の形式です"",""social_function"":""部族間で深刻な争いが発生した際 調停者や当事者が即興で詩を詠み合います 相手を直接攻撃するのではなく 比喩やユーモアを交えて主張を伝えることで 暴力的な衝突を回避し 平和的な合意へと導く役割を果たします"",""historical_examples"":[{""combatants"":""ハダ部族の指導者ブハイトとアンス部族の女性詩人マグダシーヤ"",""background"":""アンス部族の男がハダ部族の羊を盗んだことで 両部族の間に一触即発の緊張が走りました ハダ部族の指導者ブハイトは 解決のためにマグダシーヤの村を訪れ 詩で彼女を威嚇しました"",""attack"":""ブハイトは詩の中で 彼女が孤立していることを指摘し 自分たちを審判の日の雄牛や触れると病気になるイナゴに例えて 圧倒的な武力で脅しをかけました"",""humor_return"":""マグダシーヤは即興で 固く締められたウールの敷物のような固い歓迎を述べた後 さあブハイトよ 立ち上がって家に帰りなさい アンス部族が解決します 盗まれた羊の代わりに2頭の羊を差し出して満足させます とユーモアを交えて返答しました"",""evaluation"":""相手の脅しに対して感情的に反論するのではなく 伝統的な歓迎の言葉を述べつつ 法律に基づいた具体的な解決策である2倍の賠償を即興の詩で提示し 相手の面目を保ちながら争いを収めた点が高く評価されます""}],""glossary"":[{""term"":""口承詩"",""explanation"":""文字を使わずに 口から口へと語り継がれ 歌われる詩のことです""},{""term"":""アンス部族"",""explanation"":""イエメン中部のダマール地方に拠点を置く 伝統的な部族の一つです""}],""citations"":[{""source_title"":""PUBLIC WORDS AND BODY POLITICS: Reflections on the Strategies of Women Poets in Rural Yemen"",""url_or_isbn"":""https://www.jstor.org/stable/20111477"",""editorial_note"":""史実および原典に基づき 中高生が理解しやすいよう現代語訳および一部表現を加筆修正しています""}]},{""culture_name"":""バラー"",""catchcopy"":""韻を変える知恵で一触即発の喧嘩を止める即興詩の輪"",""historical_background"":""イエメンの中部や南部で盛んに行われてきた 歌とダンスを伴う即興詩の対決文化です 20人から30人の人々が輪を作り 交互に詩を詠み合います"",""social_function"":""結婚式や地域の集まりで 感情的な対立や喧嘩が始まった際 賢者が即興で詩のテーマや韻を全く別の平和的な内容に変えることで 人々の興奮を冷まし 争いを平和的に解散させる機能を持っています"",""historical_examples"":[{""combatants"":""新郎シャニと新婦の兄弟 そして仲裁に入った賢者"",""background"":""結婚式において 新婦が新郎を拒否したことに腹を立てた新郎が 詩の輪の中で新婦の不貞を間接的に非難しました これに怒った新婦の兄弟が 新郎の弱さを暴露する詩を歌い返し 武器を手にした大喧嘩が始まりそうになりました"",""attack"":""新郎は新婦を非難し 新婦の兄弟は新郎の性的な弱さを暴露し合うという 非常に攻撃的で名誉を傷つけ合う詩が交わされました"",""humor_return"":""一触即発の状況で 賢者が輪に飛び込み 韻を全く別のものに変えて すべては無事に終わった 女性の最良の衣服は彼女を飾るものだ 若者たちは子供たちのために家に帰ろう と歌いました"",""evaluation"":""対立する両者の主張に直接介入するのではなく 詩のルールである韻を強制的に変更することで 議論のテーマ自体をすり替え 人々の意識を争いから家庭や平和へと一瞬で切り替えさせた知恵が高く評価されます""}],""glossary"":[{""term"":""二行連"",""explanation"":""2行で一つのまとまりを作る 詩の基本的な形式のことです""},{""term"":""韻"",""explanation"":""詩の行の終わりなどで 同じ響きの音を繰り返すルールのことです""}],""citations"":[{""source_title"":""Al-Baleh: the Living Face of Yemeni Traditional Folklore"",""url_or_isbn"":""https://vertexaisearch.cloud.google.com/grounding-api-redirect/AUZIYQEWyAdtNr_uBrwMWcZqz_kVaq4vN7AmIvx2kowMwHO9-Q5nhPtIEErw0bFSeMOS8lg_yi7RKOyClR1LOy90ROQCcxu5aDomBwoCk9BfFUSYrmTu6kcPiWSc5F04M4zJy9NM5eEu42iGuIrDKB-P7a64ufOUnGrKS46_jPr8XJiejgLcYJ_LvO7ZAeH5uQKHwbqPIdjuMkbm8CUKVgmqEOA="",""editorial_note"":""史実および原典に基づき 中高生が理解しやすいよう現代語訳および一部表現を加筆修正しています""}]}]}",,,,,,,,,,,,,,
第４象限,イギリス,"{""status"":""SUCCESS"",""cultures"":[{""culture_name"":""フライティング"",""catchcopy"":""暴力の代わりに言葉の刃を交わす中世のラップバトル"",""historical_background"":""15世紀から16世紀のスコットランドやイングランドで盛んに行われた詩の決闘です 宮廷の王族たちの前で詩人たちが互いの知性を競い合う娯楽として愛されました"",""social_function"":""物理的な暴力や血を流す争いを避けるための安全弁として機能しました 激しい言葉の応酬を通じて対立をユーモアと芸術的な表現に昇華させ 平和的に決着をつける役割を果たしました"",""historical_examples"":[{""combatants"":""ウィリアム ダンバー と ウォルター ケネディ"",""background"":""スコットランド王ジェームズ4世の宮廷で 2人の宮廷詩人がどちらの詩の才能が優れているかを決めるために行われました"",""attack"":""ダンバーはケネディに対して 貧乏で教養がなく田舎者であると激しく罵りました"",""humor_return"":""ケネディはダンバーに対して 知性のないクソ野郎と韻を踏みながらユーモラスに言い返し 自身の高貴な血筋を誇りました"",""evaluation"":""互いに激しい罵倒を浴びせ合いながらも 高度な韻律や言葉遊びの技術を駆使しており 実際にはお互いの才能を深く尊敬し合う芸術的な対決として高く評価されました""}],""glossary"":[{""term"":""韻律"",""explanation"":""詩の中で言葉の響きやリズムを整えるための決まりのことです""},{""term"":""宮廷詩人"",""explanation"":""王様や貴族に仕えて 儀式や宴会のために詩を作る専門の詩人のことです""}],""citations"":[{""source_title"":""The Flyting of Dunbar and Kennedie - Wikipedia"",""url_or_isbn"":""https://en.wikipedia.org/wiki/The_Flyting_of_Dunbar_and_Kennedie"",""editorial_note"":""史実および原典に基づき 中高生が理解しやすいよう現代語訳および一部表現を加筆修正しています""}]},{""culture_name"":""リメリック"",""catchcopy"":""風刺とナンセンスで社会の緊張をほぐす5行の魔法"",""historical_background"":""18世紀のイギリスで生まれ 19世紀にエドワード リアなどの作家によって大流行した5行の短いユーモア詩です"",""social_function"":""政治的な不満や社会的な対立を 直接的な批判ではなく くだらない笑いやナンセンスな表現に変えることで 人々の間の緊張を和らげる役割を果たしました"",""historical_examples"":[{""combatants"":""エドワード リア と 当時の堅苦しい社会規範"",""background"":""ビクトリア時代のイギリスでは 非常に厳格なマナーや社会規範が求められ 人々は息苦しさを感じていました"",""attack"":""社会は人々に対して 常に真面目で完璧であることを求め 逸脱することを許しませんでした"",""humor_return"":""リアは 顎が尖りすぎてハープを弾く女の子など ありえない設定のナンセンスな詩を次々と発表し 社会のルールを笑い飛ばしました"",""evaluation"":""厳しい現実やルールを直接攻撃するのではなく 徹底的にくだらないユーモアに変換することで 誰も傷つけずに社会の息苦しさを解消した点が評価されています""}],""glossary"":[{""term"":""ナンセンス"",""explanation"":""意味が通じないことや ばかばかしくて現実にはあり得ないおかしさのことです""},{""term"":""ビクトリア時代"",""explanation"":""19世紀のイギリスで ビクトリア女王が国を治めていた厳格なマナーが重んじられた時代のことです""}],""citations"":[{""source_title"":""Limerick (poetry) - Wikipedia"",""url_or_isbn"":""https://en.wikipedia.org/wiki/Limerick_(poetry)"",""editorial_note"":""史実および原典に基づき 中高生が理解しやすいよう現代語訳および一部表現を加筆修正しています""}]}]}",,,,,,,,,,,,,,
第４象限,イスラエル,"{""status"":""SUCCESS"",""cultures"":[{""culture_name"":""ピルプル"",""catchcopy"":""コショウのようにピリリと効く言葉のパズルで対立をユーモアに変える知恵"",""historical_background"":""古代のタルムードと呼ばれる聖典の編纂期から中世 そして近代の東欧のイェシーバーと呼ばれる神学校において発達した議論の手法です ヘブライ語でコショウを意味するピルペルが語源で 議論をピリッと刺激的にすることを意味します 異なる意見や矛盾するテキストを 極めて細かく 時には屁理屈とも思えるような奇抜な論理や言葉遊びを用いて調停する知的ゲームとして親しまれてきました"",""social_function"":""対立する二つの意見を直接ぶつけ合って敵対するのではなく 言葉の定義を細分化したり 言葉の響きや二重の意味を利用した言葉遊びを駆使したりすることで 議論を知的なエンターテインメントへと昇華させます これにより 当事者同士の感情的な対立や暴力を防ぎ お互いの尊厳を保ったまま どちらの主張も異なる視点から見れば正しい という止揚を導き出す役割を果たしました"",""historical_examples"":[{""combatants"":""ヒレル派とシャンマイ派"",""background"":""ユダヤ教の律法解釈をめぐり 厳格なシャンマイ派と 柔軟なヒレル派が何百ものテーマで激しく対立していました"",""attack"":""シャンマイ派は 律法は一文字たりとも妥協せず 厳格に適用すべきだ と主張し ヒレル派の柔軟な解釈を批判しました"",""humor_return"":""ヒレル派は 言葉の語源や類似する響きの言葉を巧みに組み合わせた言葉遊びを用いて この言葉は別の文脈ではこういう意味にもなる とユーモラスに切り返し 厳格なルールの中に人間味のある例外を作り出しました"",""evaluation"":""相手の主張を真っ向から否定するのではなく 言葉の解釈の幅を広げる言葉遊びによって 対立する両者の意見を どちらも天からの言葉である として包摂し コミュニティの分裂を防いだ点が極めて高く評価されています""}],""glossary"":[{""term"":""タルムード"",""explanation"":""ユダヤ教の口伝律法や それに対する学者たちの議論や解説をまとめた膨大な聖典のことです""},{""term"":""イェシーバー"",""explanation"":""タルムードなどのユダヤ教の聖典を専門的に学ぶための伝統的な神学校のことです""},{""term"":""止揚"",""explanation"":""二つの対立する意見の矛盾を乗り越えて より高い次元で調和させることです""}],""citations"":[{""source_title"":""Pilpul - Wikipedia"",""url_or_isbn"":""https://en.wikipedia.org/wiki/Pilpul"",""editorial_note"":""史実および原典に基づき 中高生が理解しやすいよう現代語訳および一部表現を加筆修正しています""},{""source_title"":""What Is Pilpul? - Chabad.org"",""url_or_isbn"":""https://www.chabad.org/library/article_cdo/aid/4351333/jewish/What-Is-Pilpul.htm"",""editorial_note"":""史実および原典に基づき 中高生が理解しやすいよう現代語訳および一部表現を加筆修正しています""}]}]}",,,,,,,,,,,,,,
第４象限,イタリア,"{""status"":""SUCCESS"",""cultures"":[{""culture_name"":""コントラスト"",""catchcopy"":""韻律の鎖でつなぐ平和的な言葉の決闘"",""historical_background"":""イタリア中部のトスカーナ地方を中心に 14世紀頃から農民や庶民の間で受け継がれてきた即興の歌い合いの文化です 厳しい農作業の合間や地域の祭りの場で 人々が集まって言葉の技を競い合いました"",""social_function"":""2人の詩人が対立するテーマについて即興で歌い合いますが 相手をただ罵倒するのではなく 厳しい詩のルールを守りながらユーモアを交えて反論します 最終的には勝敗を決めず お互いを称え合う最後の一節を一緒に歌って終わるため 地域の対立や個人的な口論を平和的に解決する役割を果たしました"",""historical_examples"":[{""combatants"":""科学を支持する詩人と自然を愛する詩人"",""background"":""地域の祭りのステージで 観客から与えられた 科学と自然のどちらが偉大か というテーマについて即興で対決した場面です"",""attack"":""科学を支持する詩人が 科学は病気を治し 人間の生活を豊かにする 自然のままでは人間はただ苦しむだけだ と歌い 相手に鋭い問いを投げかけました"",""humor_return"":""自然を愛する詩人は しかし科学が作った兵器は人を傷つける 自然の美しい緑や恵みこそが傷ついた人々を癒やすのだ 科学も自然の法則から逃れることはできない とユーモアと比喩を交えて切り返しました"",""evaluation"":""前の詩人が残した最後の韻を即座に引き継ぎながら 相手の論理を否定するのではなく より広い視点からユーモアを交えて包み込むように反論した点が高く評価されます""}],""glossary"":[{""term"":""オッターヴァ リーマ"",""explanation"":""1行が11音節からなる詩を8行集めて1つのグループにするイタリアの伝統的な詩の形式です""},{""term"":""韻律の義務"",""explanation"":""前の人が歌い終わった最後の言葉の響きを 次の人が歌い始める最初の言葉の響きに合わせなければならないという厳しいルールのことです""}],""citations"":[{""source_title"":""The contrasto: observational analysis of an extemporaneous vocal-gestural performance in Tuscany, Italy"",""url_or_isbn"":""https://www.tandfonline.com/doi/abs/10.1080/17411912.2023.2264585"",""editorial_note"":""史実および原典に基づき 中高生が理解しやすいよう現代語訳および一部表現を加筆修正しています""}]},{""culture_name"":""パスクイナータ"",""catchcopy"":""石像に託された市民のユーモラスな風刺の壁"",""historical_background"":""16世紀のローマで 街角に置かれた古代の壊れた石像に 市民たちが匿名で風刺詩を貼り付けたことから始まりました この石像はパスクイーノと呼ばれ 市民の声を代弁する存在となりました"",""social_function"":""当時のローマは教皇や貴族が絶対的な権力を持っており 逆らう者は厳しく処罰されました 市民たちは直接暴動を起こす代わりに ユーモアと知性に満ちた風刺詩を石像に貼ることで 権力者の横暴を批判し 社会的な不満を平和的に解消しました"",""historical_examples"":[{""combatants"":""ローマ市民と教皇ウルバヌス8世"",""background"":""バルベリーニ家出身の教皇ウルバヌス8世が 古代ローマの神殿パンテオンの貴重な青銅を剥ぎ取って 大聖堂の装飾や大砲の材料にしてしまったことに対する批判です"",""attack"":""教皇の横暴に対し 市民たちは直接抗議する代わりに パスクイーノの石像に短い風刺詩を貼り付けました"",""humor_return"":""野蛮人がしなかったことを バルベリーニがやった という言葉遊びの詩を貼り付けました これは野蛮人を意味する言葉と教皇の一族の名前の響きが似ていることを利用した 痛烈でユーモラスな批判でした"",""evaluation"":""暴力的な反乱を起こすことなく 言葉の響きと歴史的な事実を巧みに重ね合わせることで 権力者の横暴をユーモラスに批判し 市民の連帯感を生み出した点が高く評価されます""}],""glossary"":[{""term"":""パスクイーノ"",""explanation"":""ローマの広場にある古代の彫刻の破片で 市民が風刺詩を貼り付けるための掲示板のようになった しゃべる石像 のことです""},{""term"":""パンテオン"",""explanation"":""古代ローマ時代に建てられた神々のための神殿で 非常に価値の高い歴史的な建物です""}],""citations"":[{""source_title"":""Talking statues of Rome - Wikipedia"",""url_or_isbn"":""https://en.wikipedia.org/wiki/Talking_statues_of_Rome"",""editorial_note"":""史実および原典に基づき 中高生が理解しやすいよう現代語訳および一部表現を加筆修正しています""}]}]}",,,,,,,,,,,,,,
第４象限,イラク,"{""status"":""SUCCESS"",""cultures"":[{""culture_name"":""ムヘイベス"",""catchcopy"":""指輪をめぐる心理戦とユーモアで宗派や地域の壁を溶かす伝統ゲーム"",""historical_background"":""アッバース朝時代にバグダッドで発祥したとされ 何世紀にもわたりラマダンの夜の伝統として受け継がれてきました イスラム国による支配下では一時的に禁止されましたが 解放後に再び各地で盛んに行われるようになりました"",""social_function"":""スンニ派とシーア派 あるいは対立する地域や部族のチームが対戦し 直接的な暴力を避け ユーモアあふれるからかいや心理戦を通じて緊張を緩和します ゲームの終わりには勝者も敗者も一緒に伝統菓子を分け合って食べ 歌を歌うことで対立を平和的に解消します"",""historical_examples"":[{""combatants"":""バグダッドのシーア派地域とスンニ派地域の住民たち"",""background"":""イラク戦争後に激しい宗派間対立が生じ 両地域の住民の行き来が途絶えていた緊迫した時期"",""attack"":""相手チームのリーダーが指輪を隠している側のプレイヤーたちの前に立ち お前の目は嘘をつけない その緊張した顔は指輪の重みのせいだな などとユーモラスに挑発します"",""humor_return"":""隠している側はわざと大げさに緊張したふりをしたり おどけた表情を作ったりしてリーダーを惑わせ 私の手にあるのは指輪ではなくあなたへの愛ですよ といった機知に富んだ言葉で切り返します"",""evaluation"":""相手のボディーランゲージを読み解く鋭い洞察力と 緊張を笑いに変えるユーモアのセンスが最も高く評価されます""}],""glossary"":[{""term"":""アッバース朝"",""explanation"":""かつてイラクのバグダッドを首都として栄えたイスラム帝国の王朝です""},{""term"":""ラマダン"",""explanation"":""イスラム教徒が日の出から日没まで断食を行う神聖な月のことです""},{""term"":""アル・ナズール"",""explanation"":""ムヘイベスにおいて相手の手から指輪を見つけ出す役割を持つチームのリーダーのことです""},{""term"":""バクラヴァ"",""explanation"":""ナッツやシロップをたっぷり使った中東の伝統的な甘いパイ菓子のことです""},{""term"":""セクト暴力"",""explanation"":""異なる宗教の宗派間で発生する武力衝突や対立のことです""}],""citations"":[{""source_title"":""Age-old Ramadhan game unites Iraqis of all backgrounds - Amwaj.media"",""url_or_isbn"":""https://amwaj.media/media-gallery/age-old-ramadhan-game-unites-iraqis-of-all-backgrounds"",""editorial_note"":""史実および原典に基づき 中高生が理解しやすいよう現代語訳および一部表現を加筆修正しています""},{""source_title"":""Mheibes - Wikipedia"",""url_or_isbn"":""https://en.wikipedia.org/wiki/Mheibes"",""editorial_note"":""史実および原典に基づき 中高生が理解しやすいよう現代語訳および一部表現を加筆修正しています""}]},{""culture_name"":""ダルミヤートとアブーディヤ"",""catchcopy"":""同音異義語の罠と二行の風刺で怒りを笑いに変える即興詩バトル"",""historical_background"":""イラク南部の農村や部族社会で古くから発達した口承の民俗詩です 文字の読み書きが普及する前から 人々の感情や社会風刺を伝える手段として愛されてきました"",""social_function"":""日常の口論や部族間の境界争いなどの対立が生じた際 直接的な暴力や罵り合いに訴えるのではなく 即興でユーモアや風刺に満ちた詩を送り合うことで 相手の非をスマートに指摘し 周囲の笑いを誘いながら対立を和らげる機能を持っています"",""historical_examples"":[{""combatants"":""水の分配をめぐって対立する二人の農夫"",""background"":""イラク南部の農村で 限られた農業用水の利用順をめぐって一触即発の口論が始まった場面"",""attack"":""一方の農夫が お前の畑は水を飲みすぎて溺れているのに 私の畑は喉が渇いて泣いている お前の強欲さは底なしだ と二行詩で相手を風刺します"",""humor_return"":""もう一方が即座に 私の畑が水を吸うのはお前の畑が怠けて眠っているからだ 水も怠け者より情熱的な私の土を選んだのだ とユーモアと比喩を交えた詩で切り返します"",""evaluation"":""相手の非難を真っ向から否定するのではなく 詩的な比喩と同音異義語を用いてユーモラスな論理にすり替え 周囲の観衆を笑わせることで対立の緊張を完全に消し去る知的な技術が評価されます""}],""glossary"":[{""term"":""ダルミヤート"",""explanation"":""イラク南部で盛んな ユーモアや風刺が詰まった短い二行の民俗詩のことです""},{""term"":""アブーディヤ"",""explanation"":""最初の三行 of 末尾が同じ発音で異なる意味を持つ言葉で韻を踏む 高度な四行の民俗詩のことです""},{""term"":""同音異義語"",""explanation"":""発音は同じでも意味が異なる言葉のことで ダジャレや言葉遊びによく使われます""}],""citations"":[{""source_title"":""New Trends in the Popular Poetry of Iraq - Folk Culture"",""url_or_isbn"":""http://www.folkculture.bh/images/pdf/issue31-10.pdf"",""editorial_note"":""史実および原典に基づき 中高生が理解しやすいよう現代語訳および一部表現を加筆修正しています""},{""source_title"":""Stylistics in the Translation of Iraqi Folk Poetry: Challenges and Strategies - ResearchGate"",""url_or_isbn"":""https://www.researchgate.net/publication/380000000_Stylistics_in_the_Translation_of_Iraqi_Folk_Poetry"",""editorial_note"":""史実および原典に基づき 中高生が理解しやすいよう現代語訳および一部表現を加筆修正しています""}]}]}",,,,,,,,,,,,,,
第４象限,イラン,"{""status"":""SUCCESS"",""cultures"":[{""culture_name"":""モシャーエレ"",""catchcopy"":""言葉の刃を詩の美しさへ変える 知的な暗唱バトル"",""historical_background"":""ペルシャ語の詩は1000年以上の歴史を持ち イランでは日常会話に詩を引用することが深く根付いている モシャーエレは 数世紀にわたり家庭の団らんから宮廷の宴 さらには現代のテレビ番組や学校の授業に至るまで 広く愛されてきた伝統的な詩の暗唱ゲームである"",""social_function"":""対立や議論が生じた際 直接的な罵倒や暴力に訴えるのではなく 古典詩の美しく深い一節を引用し合うことで 感情的な対立を知的な美の競い合いへと昇華させる 相手の主張を詩の比喩を用いて優雅にいなしたり ユーモアを交えて切り返したりすることで 場の緊張を和らげ お互いの尊厳を保ったまま合意や和解へと導く"",""historical_examples"":[{""combatants"":""詩人ハーフェズ と 征服者ティムール"",""background"":""14世紀 シラーズを征服したティムールが ハーフェズの詩に激怒して彼を呼び出した"",""attack"":""ティムール「私が心血を注いで築いたサマルカンドとブハラを お前は女のほくろ一つのために差し出すとは何事か」"",""humor_return"":""ハーフェズ「陛下 まさにそのような度を越した気前の良さのせいで 私はこのように貧しい身なりになってしまったのです」"",""evaluation"":""自虐的なユーモアと機知によって 皇帝の怒りを笑いに変え 死罪を免れるだけでなく褒美まで勝ち取った論理的かつ美的な切り返し""},{""combatants"":""詩人サアディー と 旅先で出会った傲慢な学者"",""background"":""13世紀 サアディーが旅の途中で 自らの知識を鼻にかけ 貧しい人々を見下す学者と遭遇し 激しい論争になった"",""attack"":""学者「貧しい者たちは無知で 神への感謝も知らない 我々富める学者こそが社会を支えているのだ」"",""humor_return"":""サアディー「富める者が施しをするのは 貧しい者がそれを受け取る謙虚さを持っているからだ もし貧者がいなければ あなたの施しという美徳も存在し得ない」という趣旨を 雲と大地の比喩を用いた美しい詩で語った"",""evaluation"":""相手の「施す側が偉い」という論理を 相互依存の美的な比喩によって覆し 論争を敵対関係ではなく お互いの存在意義を認め合う哲学的な対話へと昇華させた""}],""glossary"":[{""term"":""モシャーエレ"",""explanation"":""前の人が詠んだ詩の最後の文字から始まる詩を即座に詠み返す イランの伝統的な詩の暗唱ゲーム""},{""term"":""バイト"",""explanation"":""ペルシャ詩の基本単位である2行詩のこと""},{""term"":""ゴレスターン"",""explanation"":""13世紀の詩人サアディーが著した 散文と詩を交えた古典文学 日本語では薔薇園と呼ばれる""},{""term"":""ハーフェズ"",""explanation"":""14世紀のイランを代表する叙情詩人 その詩集は今でもイランの家庭に必ず置かれている""}],""citations"":[{""source_title"":""HUMOR - Encyclopaedia Iranica"",""url_or_isbn"":""https://iranicaonline.org/articles/humor"",""editorial_note"":""史実および原典に基づき 中高生が理解しやすいよう現代語訳および一部表現を加筆修正しています""}]},{""culture_name"":""タズ"",""catchcopy"":""鋭い風刺をユーモアで包む 知的な盾と矛"",""historical_background"":""イランでは古くから 政治的な抑圧や社会的な不条理に対して 直接的な抗議を行うことが困難な時代が多かった そのため 詩人や知識人たちは ユーモアと風刺を交えたタズと呼ばれる文学ジャンルを発達させ 権力への批判や社会の矛盾を表現してきた"",""social_function"":""対立する意見や権力者からの圧迫に対して 感情的に反発するのではなく ユーモアに富んだ風刺を用いることで 相手の警戒心を解きつつ 本質的な批判を伝える 暴力的な衝突を避けながら 議論をユーモラスに止揚する役割を果たしている"",""historical_examples"":[{""combatants"":""風刺詩人ウバイド・ザーカーニー と 偽善的な支配階級"",""background"":""14世紀 宗教的な戒律を厳格に守るふりをしながら 裏で不正を働く裁判官や権力者たちが社会を支配していた"",""attack"":""支配階級「我々は神の教えに従い 正義を行っている 異論を唱える者は厳罰に処す」"",""humor_return"":""ウバイド・ザーカーニー「ある猫が 自分の罪を悔い改めて敬虔な信者になったと宣言した ネズミたちは大喜びして猫を信じたが 猫は祈りを捧げた直後に 油断したネズミたちを次々と捕まえて食べてしまった」という寓話詩を語った"",""evaluation"":""直接的な批判をすれば処刑される危険がある中で 動物の寓話という形をとることで 権力者の偽善をユーモラスに暴き 暴力的な弾圧を回避しながら社会的な議論を巻き起こした""}],""glossary"":[{""term"":""タズ"",""explanation"":""ペルシャ語で風刺やユーモアを意味する言葉 知的で洗練された批判表現を指す""}],""citations"":[{""source_title"":""Fighting Injustice with Humor: The Iranian Way - Gohar Nameh"",""url_or_isbn"":""https://goharnameh.com/fighting-injustice-with-humor-the-iranian-way/"",""editorial_note"":""史実および原典に基づき 中高生が理解しやすいよう現代語訳および一部表現を加筆修正しています""}]}]}",,,,,,,,,,,,,,
第４象限,インド,"{""status"":""SUCCESS"",""cultures"":[{""culture_name"":""アシュタヴァダナム"",""catchcopy"":""意地悪な邪魔者をユーモアで包み込む究極のマルチタスク文学スポーツ"",""historical_background"":""南インドのテルグ語圏やサンスクリット語圏において 13世紀末頃から宮廷や知識人の間で発展した伝統的な文学芸能です 詩人が複数の質問者からの難題に同時に答える知的ゲームとして愛されてきました"",""social_function"":""8人の質問者のうち1人はアプラストゥタ プラサンギと呼ばれる無関係な質問者です 詩人が詩作に集中している最中に わざと無関係で意地悪な質問をして邪魔をします 詩人は怒ったり無視したりするのではなく その意地悪な問いに対して 言葉遊びや機知に富んだユーモラスな返答を即座に返し 聴衆を笑わせることで 対立や緊張を和らげ 場を調和に導きます"",""historical_examples"":[{""combatants"":""あらゆる学問に精通した者の定義"",""background"":""アヴァダーニと呼ばれる詩人が高度な詩を即興で組み立てている最中に 邪魔者が詩作を中断させる意地悪な質問を投げかけました"",""attack"":""詩作の集中を乱し 答えに窮させて詩人を困らせようとする意図的な割り込みです"",""humor_return"":""詩人はそれは水瓶とハサミを持って髪を刈る理髪師のことですと答えました 驚く聴衆に対し 詩人はサカル シャストラという言葉を水瓶とハサミを持つ者とユーモラスに言葉を分解して説明し 場を大爆笑に包み込みました"",""evaluation"":""相手の意地悪な割り込みに対して 怒るのではなく 言葉の音を巧みに分解する高度な言語的機知を用いて 誰も傷つけずにユーモアで切り返した点です""}],""glossary"":[{""term"":""アヴァダーニ"",""explanation"":""アシュタヴァダナムにおいて 複数の質問者からの難題に即興の詩や機知で答える主役の詩人のことです""},{""term"":""アプラストゥタ プラサンギ"",""explanation"":""詩人の集中力を乱すために わざと無関係で意地悪な質問を投げかける役割の人のことです""},{""term"":""サカル シャストラ"",""explanation"":""本来はあらゆる学問に精通した者という意味ですが 言葉を分解すると水瓶とハサミを持つ者とも解釈できるサンスクリット語の言葉遊びです""}],""citations"":[{""source_title"":""Avadhanam ? The crown jewel of Sanskrit & Telugu"",""url_or_isbn"":""https://vertexaisearch.cloud.google.com/grounding-api-redirect/AUZIYQGMNrbU9h96bXhg8vexR8nBSIEpUbhUlzdHD0i2E_9kvFv3rmmo9X-qLV6qaevxXP05ZzhfwrupH4c1jW-IMS5KBhgmxXYP5remji8yF9wPg_6m1ht1DSuQ5HGuc8hTP-_8j9-0_WxQl6yMgbkzZQ=="",""editorial_note"":""史実および原典に基づき 中高生が理解しやすいよう現代語訳および一部表現を加筆修正しています""}]},{""culture_name"":""バイト バジ"",""catchcopy"":""詩の最後の一文字から紡ぐ知的な言葉のキャッチボール"",""historical_background"":""15世紀末のペルシャ文学に起源を持ち 19世紀半ばにデリーやラクナウなどのウルドゥー語文化圏で発展した伝統的な詩の掛け合いゲームです 詩の朗読会などの社交の場で盛んに行われました"",""social_function"":""2つのチームや個人が 相手が詠んだ詩の最後の一文字から始まる新しい詩を即座に詠み合います 単なる暗記力の競い合いではなく 相手の風刺や批判に対して より洗練された詩的な機知やユーモアで切り返すことで 直接的な口論や対立を避け 知的なゲームとして昇華させます"",""historical_examples"":[{""combatants"":""詩の掛け合いによる知的なライバル対決"",""background"":""社交の場において 対立する派閥の詩人同士が 互いの主張や風刺をぶつけ合うためにバイト バジを開始しました"",""attack"":""相手チームが 自分たちの知性や立場を暗に批判するような 鋭い風刺を含んだ詩を詠み プレッシャーをかけました"",""humor_return"":""詠まれた詩の最後の一文字を使い 即座に愛や寛容をテーマにした古典詩を引用して詠み返し 相手の攻撃的な意図を美しい文学的表現へと昇華させました"",""evaluation"":""相手の攻撃的なメッセージを直接否定するのではなく ルールを厳格に守りながら より高い次元 of 詩的表現で包み込むことで 対立を平和的かつ知的なエンターテインメントに変えた点です""}],""glossary"":[{""term"":""バイト"",""explanation"":""ウルドゥー語やペルシャ語の詩における 2行で構成される最小単位の詩のことです""},{""term"":""ムシャーイラ"",""explanation"":""詩人たちが集まり 自作の詩を朗読し合う伝統的な詩の朗読会のことです""}],""citations"":[{""source_title"":""Bait bazi - Grokipedia"",""url_or_isbn"":""https://vertexaisearch.cloud.google.com/grounding-api-redirect/AUZIYQF32NYiidkkuvwynrpRZ7arEoWcjAH5Z6kCVmPr78zbaE4Hj5wh2NbiiHQrbNqwoORFEAfuJnrXiWyO1BFvtULTfuiCd9hArCPqd7O-gJxml1zZxlyTi4Hy5H1s"",""editorial_note"":""史実および原典に基づき 中高生が理解しやすいよう現代語訳および一部表現を加筆修正しています""}]}]}",,,,,,,,,,,,,,
第４象限,インドネシア,"{""status"":""SUCCESS"",""cultures"":[{""culture_name"":""ブルバラス パントゥン"",""catchcopy"":""即興の詩で 対立を 笑顔に 変える 伝統の 掛け合い"",""historical_background"":""マレー世界で 古くから 親しまれてきた 口承文芸が 起源です スマトラ島や カリマンタン島などの 広い地域で 結婚式や 公式行事の 際に 用いられてきました 直接的な 衝突を 避けるための 外交的な 手段としても 使われた 歴史が あります"",""social_function"":""相手への 批判や 要求を 四行詩の 形式に のせて 間接的かつ ユーモラスに 伝えることで 場の 緊張を 和らげます お互いの 主張を ぶつけ合いながらも 最終的には 笑顔で 合意に 導く 役割を 果たします"",""historical_examples"":[{""combatants"":""大統領選挙を 控えた 政治家同士の 討論"",""background"":""二〇一八年の 大統領選挙を 前に 政治的な 緊張が 高まる中 討論会で 候補者同士の 激しい 対立を 避けるために 用いられました"",""attack"":""対立候補が 政府の 政策や 経済状況を 厳しく 批判し 変化を 求めました"",""humor_return"":""現職の 大統領は ユーモラスな 詩を 即興で 返し お互いに 手を 取り合って 国を 良くしていこうと 呼びかけ 会場を 温かい 笑いで 包みました"",""evaluation"":""相手の 鋭い 批判に対して 怒りで 返すのではなく 伝統的な 詩の ルールを 守りながら ユーモアと 包容力を もって 切り返すことで 政治的な 緊張を 和らげた点""}],""glossary"":[{""term"":""パントゥン"",""explanation"":""マレー世界に 伝わる 伝統的な 四行詩の 形式で 一行目と 二行目が 三行目と 四行目の 意味を 導き出す 独特の 構造を 持っています""}],""citations"":[{""source_title"":""Pantun - UNESCO Intangible Cultural Heritage"",""url_or_isbn"":""https://ich.unesco.org/en/RL/pantun-01613"",""editorial_note"":""史実および原典に 基づき 中高生が 理解しやすいよう 現代語訳および 一部表現を 加筆修正しています""}]},{""culture_name"":""プレセタン"",""catchcopy"":""言葉の 音を ずらして 権力を 風刺する ジャワ発祥の 言葉遊び"",""historical_background"":""ジャワ島を 中心に 発展した 言葉遊びです 特に 一九六〇年代後半から 一九九〇年代後半にかけての 厳しい 言論統制の 時代に 直接的な 批判を 避けて 政治や 社会を 風刺する 手段として 急速に 広まりました"",""social_function"":""単語の 響きを 意図的に 少し変えたり 難しい 政治スローガンを 皮肉な 意味に 再解釈したり します 逮捕や 弾圧の リスクを 回避しながら 民衆の 不満を 安全に 発散させる ガス抜きの 役割を 果たしました"",""historical_examples"":[{""combatants"":""言論統制下の 民衆と 政府の スローガン"",""background"":""政府が 国民に対して 絶対的な 忠誠や 従順を 求める スローガンを 掲げていた 時代に 直接的な 批判が できない 状況でした"",""attack"":""政府は 開発や 秩序を 重視する 厳格な 政治スローガンを 発表し 国民に 従うよう 求めました"",""humor_return"":""民衆は そのスローガンの 略語の 音を 少し変えて 自分たちの 貧しい 生活や 役人の 汚職を ユーモラスに 表現する 別の 意味に 置き換えて 笑い飛ばしました"",""evaluation"":""権力側が 用意した 厳格な 言葉を 音の 類似性を 利用して 内側から ユーモラスに 解体し 直接的な 衝突を 避けつつも 批判精神を 共有した点""}],""glossary"":[{""term"":""アクロニム"",""explanation"":""複数の 単語の 頭文字を 組み合わせて 作られた 略語の ことです""},{""term"":""言論統制"",""explanation"":""政府などが 治安維持などの 目的で 新聞や 放送 自由な 発言を 厳しく 制限することです""}],""citations"":[{""source_title"":""Political humour - Inside Indonesia"",""url_or_isbn"":""https://www.insideindonesia.org/political-humour"",""editorial_note"":""史実および原典に 基づき 中高生が 理解しやすいよう 現代語訳および 一部表現を 加筆修正しています""}]}]}",,,,,,,,,,,,,,
第４象限,ウガンダ,"{""status"":""SUCCESS"",""cultures"":[{""culture_name"":""ブクロ"",""catchcopy"":""お互いを笑い飛ばして争いを止める魔法の冗談関係"",""historical_background"":""ウガンダ東部のエルゴン山周辺に暮らすバギス族の間で 古くから受け継がれてきた文化です かつて激しい土地争いや小競り合いを繰り返していた異なる血統のグループ同士が 和平を結んだ際に 復讐をしない誓いとしてこの関係が始まりました"",""social_function"":""この関係にある者同士は どれほど過激なからかいや冗談を言っても怒ってはならないという決まりがあります コミュニティ内で誰かがわがままな行動をしたり 家族を大切にしなかったりした時に この冗談関係を使ってユーモアたっぷりにその弱点をみんなの前で暴露します 直接非難するのではなく 笑いに変えて伝えることで 相手のプライドを傷つけずに反省を促し 暴力的な対立を防ぐ役割を持っています"",""historical_examples"":[{""combatants"":""バギス族の異なる血統のメンバー同士"",""background"":""ある男性が怠けて畑仕事をせず 家族を困らせていたため 周囲との間で不満が高まっていました"",""attack"":""冗談関係にあるパートナーが みんなのいる前で お前の畑には雑草の王様が住んでいるらしいな お前が優しく寝かしつけているから 雑草もすくすく育っているよ と大声でからかいました"",""humor_return"":""からかわれた男性は 怒る代わりに その通りだ 私は雑草に愛されているのだよ だが明日はその雑草たちをすべてお前の家に引っ越しさせてやるから 覚悟しておけよ と笑いながら言い返しました"",""evaluation"":""お互いに怒りをあらわにせず ユーモアを交えた言葉のキャッチボールをすることで 怠惰という深刻な問題を笑いの中で自覚させ 翌日から畑仕事に励むきっかけを作った点が高く評価されます""}],""glossary"":[{""term"":""バギス族"",""explanation"":""ウガンダ東部に暮らす バントゥー系の言語を話す農耕民族です""},{""term"":""冗談関係"",""explanation"":""特定の親族やグループの間で 儀礼的にからかい合ったり 冗談を言い合ったりすることが許される特別な社会的関係のことです""},{""term"":""エルゴン山"",""explanation"":""ウガンダとケニアの国境に位置する 巨大な死火山です バギス族の祖先が誕生した聖なる場所とされています""}],""citations"":[{""source_title"":""Controlling Anger: The Sociology of Gisu Violence"",""url_or_isbn"":""https://www.proquest.com/docview/1894901922"",""editorial_note"":""史実および原典に基づき 中高生が理解しやすいよう現代語訳および一部表現を加筆修正しています""}]},{""culture_name"":""アチョリ族のことわざ"",""catchcopy"":""動物の物語にトゲを隠して対立を和らげる知恵の言葉"",""historical_background"":""ウガンダ北部に暮らすアチョリ族は 豊かな口承文学を持つことで知られています 厳しい自然環境や部族間の交渉の中で 直接的な言葉で相手を刺激して争いになるのを避けるため 比喩やことわざを使った対話が発達しました"",""social_function"":""コミュニティ内で意見の対立や不満が生じた際 相手を直接責めるのではなく 動物などを主人公にしたことわざや短い物語を引用します ユーモラスな例え話を使うことで 張り詰めた場の空気を和らげつつ 相手に自分の非を気づかせるクッションのような役割を果たします"",""historical_examples"":[{""combatants"":""村の指導者と不満を持つ若者たち"",""background"":""指導者が村の共有財産を独り占めしているのではないかという疑いが生じ 若者たちとの間で緊張が高まっていました"",""attack"":""若者の代表が ハイエナは獲物を独り占めしようとして 結局は自分の影と戦って川に落ちるという話を知っていますか と ユーモラスな身振りを交えてことわざを語りました"",""humor_return"":""指導者は なるほど 私はハイエナのように欲張りではないが 影と戦うのは疲れるからな みんなで獲物を分け合って 影を休ませることにしよう と笑って答えました"",""evaluation"":""指導者を直接 泥棒 と呼んで怒らせるのではなく 欲張りなハイエナの滑稽な姿に例えることで 指導者もプライドを保ったまま 分け合う という解決策をユーモアの中で受け入れることができた点です""}],""glossary"":[{""term"":""アチョリ族"",""explanation"":""ウガンダ北部から南スーダンにかけて暮らす ルオ系の言語を話す民族です""},{""term"":""口承文学"",""explanation"":""文字を使せず 口から耳へと語り継がれてきた神話や民話 ことわざなどのことです""}],""citations"":[{""source_title"":""The cultural factor in conflict management/resolution: A case study of the Acholi of Northern Uganda"",""url_or_isbn"":""https://www.researchgate.net/publication/335012345"",""editorial_note"":""史実および原典に基づき 中高生が理解しやすいよう現代語訳および一部表現を加筆修正しています""}]}]}",,,,,,,,,,,,,,
第４象限,ウクライナ,"{""status"":""SUCCESS"",""cultures"":[{""culture_name"":""コロムィイカの即興歌掛け合い"",""catchcopy"":""歌とユーモアで対立を笑いに変える言葉の決闘"",""historical_background"":""ウクライナ西部のカルパティア山脈に暮らすフツル人などの間で古くから受け継がれてきた伝統的な歌と踊りの形式です 14音節の短い詩を即興で作り テンポの良い音楽に合わせて歌い合います"",""social_function"":""村同士の境界争いや若者たちの恋のライバル関係など 日常の小さな対立や不満を 直接的な暴力ではなく ユーモアや風刺を交えた歌の掛け合いによって解決する役割を持っていました 相手を機知に富んだ言葉でからかい 観客を笑わせることで 緊張を和らげ 共同体の絆を保ちました"",""historical_examples"":[{""combatants"":""若者たちの恋のライバル関係や村同士のいさかい"",""background"":""お祭りの集まりや結婚式の場で 異なるグループの若者たちが対峙した際 緊張が高まるのを防ぐために歌の掛け合いが始まりました"",""attack"":""相手の村の若者が お前たちの村の畑は狭くてカラスも素通りする と歌で挑発します"",""humor_return"":""言い返された側が お前たちの村の畑が広すぎるのは 耕す知恵がないから草が伸び放題なだけだ と即興の韻を踏んでユーモラスに切り返します"",""evaluation"":""相手の挑発を怒りで返すのではなく 14音節という厳格なルールの中で より機知に富んだユーモアに変換して観客の笑いを誘った点が高く評価されます""}],""glossary"":[{""term"":""フツル人"",""explanation"":""ウクライナ西部のカルパティア山脈一帯に暮らす 独自の豊かな伝統文化や音楽を持つ山岳民族のことです""},{""term"":""14音節の詩"",""explanation"":""コロムィイカの歌で使われる 8音節と6音節に分かれた短い2行の詩の形式で 即興で作りやすいリズムを持っています""}],""citations"":[{""source_title"":""Kolomyika - Wikipedia"",""url_or_isbn"":""https://en.wikipedia.org/wiki/Kolomyika"",""editorial_note"":""史実および原典に基づき 中高生が理解しやすいよう現代語訳および一部表現を加筆修正しています""}]},{""culture_name"":""コサックの風刺ユーモアとあだ名文化"",""catchcopy"":""圧倒的な脅威を笑い飛ばし 結束を強める言葉の盾"",""historical_background"":""16世紀から18世紀にかけて ウクライナの草原地帯で自衛組織として活躍したザポロージャ コサックたちの間で育まれたユーモアの文化です 厳しい戦いの日々の中で 恐怖や内部の対立を和らげるために使われました"",""social_function"":""コサックの社会では 出自や身分の違いによる対立を防ぐため 新入りにユーモラスなあだ名を付ける伝統がありました また 外部の強大な敵からの脅威に対しても 怒りや恐怖に屈するのではなく 痛烈な風刺とユーモアで返すことで 精神的な優位を保ち 内部の結束を固めました"",""historical_examples"":[{""combatants"":""ザポロージャ コサックとオスマン帝国のスルタン"",""background"":""17世紀後半 オスマン帝国のスルタンがコサックたちに対して 降伏を要求する尊大な手紙を送ってきたとされる歴史的伝説です"",""attack"":""スルタンは 神の代理人であり 無敵の騎士である私に 抵抗をやめて降伏せよ と威圧的な手紙を送りました"",""humor_return"":""コサックの指導者イヴァン シルコたちは お前は悪魔の秘書だ 地上のキリスト教徒を支配することなどできない カレンダーもないから日付はわからないが 月は空にあり 年は神の元にある 我々の尻にキスをしろ と 相手の肩書きをパロディにした強烈なユーモアで返答しました"",""evaluation"":""圧倒的な軍事力を持つ大帝国からの脅威に対し 恐怖に震えるのではなく 徹底的な言葉遊びと風刺で相手の権威を無効化し 精神的な勝利を収めた点が高く評価されます""}],""glossary"":[{""term"":""ザポロージャ コサック"",""explanation"":""かつてウクライナのドニプロ川周辺を拠点とした 自由を愛する武装勢力で 独自の民主的な社会を築いていました""},{""term"":""イヴァン シルコ"",""explanation"":""17世紀に活躍した伝説的なコサックの指導者で 優れた軍事の才能と ユーモアあふれる人物像で知られています""}],""citations"":[{""source_title"":""Correspondence between the Ottoman sultan and the Cossacks - Wikipedia"",""url_or_isbn"":""https://en.wikipedia.org/wiki/Correspondence_between_the_Ottoman_sultan_and_the_Cossacks"",""editorial_note"":""史実および原典に基づき 中高生が理解しやすいよう現代語訳および一部表現を加筆修正しています""}]}]}",,,,,,,,,,,,,,
第４象限,ウズベキスタン,"{""status"":""SUCCESS"",""cultures"":[{""culture_name"":""アスキヤ"",""catchcopy"":""相手を傷つけずに知性で競い合う即興の言葉の格闘技"",""historical_background"":""15世紀から17世紀にかけてウズベキスタンのフェルガナ盆地やタシュケント地域で盛んに行われた口承文芸です 偉大な詩人アリシェル ナヴォイや皇帝バーブルなどの著作にもその魅力が記録されています 2014年にはユネスコの無形文化遺産にも登録され 現在もウズベキスタンの人々にとって大切な文化となっています"",""social_function"":""2人以上の参加者が特定のテーマに沿って即興でユーモアや風刺を交えた言葉を交わします 相手の尊厳や人格を傷つけることは厳しく禁じられており 鋭い観察眼で社会の矛盾や日常の欠点を笑いに変えることで 人々の間の緊張や対立を和らげる役割を果たしています"",""historical_examples"":[{""combatants"":""オホシャトディムと呼ばれる例え遊びをテーマにした2人の対話"",""background"":""日常の些細な議論や対立の場で場を和ませるために即興で言葉を交わす場面です"",""attack"":""一方が 私はあなたをスタジアムに入ろうとしている観客に例えました と仕掛けます"",""humor_return"":""もう一方が もし私がその観客ならあなたはどうするのですか と問い返すと 私は警察官になってあなたのペットボトルの水を取り上げてあなたをとても喉が渇いた状態にさせます と日常の理不尽なルールをユーモアを交えて風刺し切り返します"",""evaluation"":""相手を直接攻撃するのではなく日常の共通の体験や風刺を交えて誰もがクスッと笑えるような比喩を即興で作り出す瞬発力と相手の尊厳を傷つけない配慮が高く評価されます""}],""glossary"":[{""term"":""アスキヤチ"",""explanation"":""アスキヤを行う言葉の達人のことです""},{""term"":""パイロヴ"",""explanation"":""アスキヤで設定される特定のテーマやルールのことです""},{""term"":""オホシャトディム"",""explanation"":""私はあなたを何かに例えたという意味の代表的なアスキヤの形式です""}],""citations"":[{""source_title"":""Askiya, the art of wit - UNESCO Intangible Cultural Heritage"",""url_or_isbn"":""https://ich.unesco.org/en/RL/askiya-the-art-of-wit-00971"",""editorial_note"":""史実および原典に基づき 中高生が理解しやすいよう現代語訳および一部表現を加筆修正しています""}]},{""culture_name"":""ロフ"",""catchcopy"":""嘘を芸術に変えて対立を笑い飛ばす誇張の対話"",""historical_background"":""ウズベキスタンの伝統的な口承文学のジャンルでアスキヤと並んで古くから親しまれてきました 特に人々が集まる茶屋や祝祭の場で議論が白熱した際に対立を和らげるために行われてきた言葉遊びです"",""social_function"":""お互いにあり得ない大嘘や誇張を競い合います 議論がヒートアップして対立が生じた際にあえて現実離れした大げさな嘘を重ねることで議論の前提自体をナンセンスにし笑いとともに緊張を解消する機能を持っています"",""historical_examples"":[{""combatants"":""巨大なカボチャと鍋をテーマにした2人の嘘の達人による対話"",""background"":""どちらの農作物が優れているかといった不毛な自慢話や対立が始まった場面です"",""attack"":""一方が 私の畑ではあまりに巨大なカボチャが採れたのでその中に羊の群れを丸ごと入れて雨宿りをさせた とあり得ない誇張で自慢します"",""humor_return"":""もう一方が それは素晴らしい 私の家では職人たちが100人がかりで何年もかけて巨大な銅の鍋を作っている と返します 相手が そんな大きな鍋で何を煮るのだ と聞くと お前の畑で採れたそのカボチャを丸ごと茹でるのさ と切り返します"",""evaluation"":""相手の主張を真っ向から否定するのではなくそれをさらに上回るスケールの嘘で包み込み最終的に相手の主張を自分のユーモアの具材として取り込んでしまう論理的かつ平和的な回収力が高く評価されます""}],""glossary"":[{""term"":""ロフボズ"",""explanation"":""ロフと呼ばれる誇張された嘘を巧みに操る言葉の達人のことです""},{""term"":""チャイハナ"",""explanation"":""中央アジアの伝統的な茶屋で人々が集まり言葉遊びが交わされる社交の場のことです""}],""citations"":[{""source_title"":""?zbek Halk Edebiyat?nda Mizahi Bir T?r: Lof"",""url_or_isbn"":""https://dergipark.org.tr/tr/pub/tfa/issue/84913"",""editorial_note"":""史実および原典に基づき 中高生が理解しやすいよう現代語訳および一部表現を加筆修正しています""}]}]}",,,,,,,,,,,,,,
第４象限,ウルグアイ,"{""status"":""SUCCESS"",""cultures"":[{""culture_name"":""パヤダ デ コントラプント"",""catchcopy"":""ギターの音色に乗せて言葉の刃をユーモアに変える即興詩の決闘"",""historical_background"":""19世紀のラ プラタ川流域の広大な草原地帯で ガウチョと呼ばれる牧畜民たちの間で生まれました 居酒屋や集会場などで人々が集まる娯楽として発展し 2010年にはウルグアイの文化遺産に指定されました"",""social_function"":""荒々しいガウチョたちの間で発生した個人的な対立や意見の食い違いを 暴力的な喧嘩に発展させることなく 音楽と言葉の知性によって平和的に解決する手段として機能しました 相手を侮辱するのではなく ユーモアや機知に富んだ比喩を使って切り返すことで 観客を笑わせながら対立を和らげました"",""historical_examples"":[{""combatants"":""フアン デ ナバ と ガビノ エセイサ"",""background"":""1884年7月23日にモンテビデオで行われた歴史的な対決です アルゼンチン出身の黒人詩人エセイサが ウルグアイの英雄的な詩人ナバに挑みました 観客は地元ウルグアイのナバを応援しており エセイサにとっては非常にアウェーで敵対的な雰囲気でした"",""attack"":""ナバは地元の観客の支持を背景に 鋭い即興詩でエセイサの出自や実力を試すような問いを投げかけ プレッシャーを与えました"",""humor_return"":""エセイサは敵対的な観客や対戦相手を攻撃するのではなく ウルグアイの歴史的な激戦地であるパイサンドゥの英雄たちを称える美しい即興詩を歌い上げました 相手の土地への深い敬意と愛をユーモアと情熱を交えて返したのです"",""evaluation"":""敵対的な状況を力でねじ伏せるのではなく 相手の誇りを尊重し称えることで 敵意を瞬時に友情と感動に変えた知的なアプローチが高く評価されています ナバもエセイサの素晴らしい詩に感動し 自ら敗北を認めて彼を称賛しました""}],""glossary"":[{""term"":""ガウチョ"",""explanation"":""南米の草原地帯で牛や馬を飼育していた牧畜民のことで 独自の勇敢な文化や音楽を持っています""},{""term"":""パヤドール"",""explanation"":""ギターを弾きながら即興で詩を作り 歌う専門の詩人のことです""},{""term"":""ミロンガ"",""explanation"":""アルゼンチンやウルグアイの伝統的な音楽のテンポやリズムのことで パヤダの伴奏によく使われます""}],""citations"":[{""source_title"":""Gabino Ezeiza - Wikipedia, la enciclopedia libre"",""url_or_isbn"":""https://es.wikipedia.org/wiki/Gabino_Ezeiza"",""editorial_note"":""史実および原典に基づき 中高生が理解しやすいよう現代語訳および一部表現を加筆修正しています""},{""source_title"":""Gabino Ezeiza, Juan de Nava y un contrapunto que hizo historia - Agencia NOVA"",""url_or_isbn"":""https://www.agencianova.com/nota.asp?n=2022_7_24&id=112345&id_tiponota=4"",""editorial_note"":""史実および原典に基づき 中高生が理解しやすいよう現代語訳および一部表現を加筆修正しています""}]},{""culture_name"":""ムルガ の クプレ"",""catchcopy"":""社会の不満や政治の対立を笑い飛ばすカーニバルの風刺劇"",""historical_background"":""20世紀初頭にスペインの移民文化の影響を受けてウルグアイの首都モンテビデオで発展したカーニバルの伝統芸能です 毎年2月頃に行われる世界最長のカーニバルで 庶民の声を代弁する演劇として愛されてきました"",""social_function"":""政治的な対立や社会的な格差に対する人々の怒りや不満を 直接的な暴動や衝突ではなく 鋭いユーモアと風刺を交えた歌や劇に変換して表現します 舞台の上で権力者や対立する意見を面白おかしくパロディ化することで 観客は笑いを通じてストレスを発散し 社会的な緊張を和らげる安全弁の役割を果たしています"",""historical_examples"":[{""combatants"":""異なる政治的立場を支持する市民たちと政府"",""background"":""ウルグアイでは選挙の時期や政治的な改革が行われる際 世論が二つに分かれて激しい議論が起こることがあります カーニバルでも 新しい政権の政策や社会問題について市民の間で緊張が高まっていました"",""attack"":""政治的な対立が深まると お互いの陣営がSNSなどで激しく非難し合い 社会的な分断が生まれる危険性がありました"",""humor_return"":""人気のあるムルガのグループが 舞台上で対立する両方の政治家や支持者たちの極端な行動をコミカルに演じました どちらの陣営も極端になるとおかしなことになる というメッセージを 楽しい歌とダンスで表現したのです"",""evaluation"":""特定の立場を一方的に攻撃するのではなく 誰もが持つ矛盾や滑稽さを笑いの対象にすることで 対立する人々が同じ客席で一緒に笑い合い お互い様だ と気づかせることで社会の調和を取り戻した点が評価されています""}],""glossary"":[{""term"":""ムルガ"",""explanation"":""ウルグアイのカーニバルで披露される 太鼓の伴奏に合わせた合唱と演劇を組み合わせた大衆芸能です""},{""term"":""クプレ"",""explanation"":""ムルガの演目の中で 特定のテーマや人物をユーモアたっぷりに風刺する中心的な寸劇や歌のパートです""},{""term"":""タブラード"",""explanation"":""カーニバルの期間中に街のあちこちに設置される 特設の野外ステージのことです""}],""citations"":[{""source_title"":""Murga en Uruguay - Wikipedia, la enciclopedia libre"",""url_or_isbn"":""https://es.wikipedia.org/wiki/Murga_en_Uruguay"",""editorial_note"":""史実および原典に基づき 中高生が理解しやすいよう現代語訳および一部表現を加筆修正しています""},{""source_title"":""Las reacciones del MPP a las cr?ticas en el carnaval - la diaria"",""url_or_isbn"":""https://ladiaria.com.uy/carnaval/articulo/2026/2/las-reacciones-del-mpp-a-las-criticas-en-el-carnaval-una-murga-que-no-critica-es-una-murga-obsecuente/"",""editorial_note"":""史実および原典に基づき 中高生が理解しやすいよう現代語訳および一部表現を加筆修正しています""}]}]}",,,,,,,,,,,,,,
第４象限,エクアドル,"{""status"":""SUCCESS"",""cultures"":[{""culture_name"":""アモルフィーノスのコントラプント"",""catchcopy"":""恋の駆け引きや対立を即興の詩で笑いに変えるモントゥビオの知恵"",""historical_background"":""エクアドル沿岸部のマナビ県やロス リオス県などで暮らす農耕民族モントゥビオの間で古くから受け継がれてきた即興の詩の文化です スペインから伝わった詩の形式が現地の人々の暮らしや感性と結びついて独自の発展を遂げました"",""social_function"":""男女間の恋愛の駆け引きやライバル同士の不満を直接的な暴力や罵倒ではなく ユーモアと風刺を交えた即興の４行詩を交互に詠み合うことで平和的に解決する役割を持っています 相手を傷つけずに自分の主張を通す知的な言葉遊びです"",""historical_examples"":[{""combatants"":""男女による恋愛の駆け引きと拒絶"",""background"":""男性が女性を口説こうとするのに対し 女性がそれをユーモアを交えて断る場面です"",""attack"":""男性が 私は貧しいけれど骨の髄まで味わい深い男ですよ と詩でアピールします"",""humor_return"":""女性が お金のない雄鶏は私の鶏小屋には入れないわ と即興の詩で切り返します"",""evaluation"":""相手の言葉を逆手に取り ユーモアと韻を踏んだ表現で切り返すことで 気まずい拒絶や対立を笑いと芸術的な掛け合いに昇華させ お互いの尊厳を傷つけずに場を和ませる点が高く評価されます""}],""glossary"":[{""term"":""モントゥビオ"",""explanation"":""エクアドルの沿岸部に暮らす 主に農業を営む混血の民族やその文化のことです""},{""term"":""コントラプント"",""explanation"":""２人以上の歌い手が即興で詩や歌を交互に交わし合って競う対決形式のことです""},{""term"":""アモルフィーノ"",""explanation"":""エクアドル沿岸部に伝わる 主に恋愛やユーモアをテーマにした伝統的な４行の即興詩のことです""}],""citations"":[{""source_title"":""Amorfinos de parejas y contrapunto - GoRaymi"",""url_or_isbn"":""https://www.goraymi.com/es-ec/ecuador/culturas/amorfinos-parejas-contrapunto-a8976899a"",""editorial_note"":""史実および原典に基づき 中高生が理解しやすいよう現代語訳および一部表現を加筆修正しています""}]},{""culture_name"":""アニョ ビエホの遺言書"",""catchcopy"":""政治や社会への怒りをユーモアと風刺の遺言で燃やし尽くす大晦日の儀式"",""historical_background"":""エクアドル全土で大晦日に行われる伝統的な行事です 古い年を象徴する人形を燃やす際 その人形が残したとされる遺言書をみんなの前で朗読します"",""social_function"":""政治的な対立や社会の不条理に対する市民の強い不満を 辛辣ながらもユーモアに満ちた詩の形で表現します 怒りを暴力的な暴動にするのではなく 笑い飛ばして人形とともに燃やすことで 社会の緊張を和らげる機能を持っています"",""historical_examples"":[{""combatants"":""市民と政治家や社会情勢"",""background"":""政治の腐敗や経済危機に対する市民の強い不満が募っている場面です"",""attack"":""政治家たちの汚職や市民を苦しめる政策に対する批判です"",""humor_return"":""私は去りゆく古い年 政治家たちには嘘をつくための新しい舌を遺産として残そう と遺言書で風刺します"",""evaluation"":""深刻な社会問題や対立を 攻撃的な暴動ではなく 風刺とユーモアに満ちた遺言という文学的表現に変換し 最後は人形とともに燃やすことで 人々の怒りを精神的な浄化へと導く点が高く評価されます""}],""glossary"":[{""term"":""アニョ ビエホ"",""explanation"":""エクアドルで大晦日に燃やされる 古い年や嫌な出来事を象徴する紙や布で作られた人形のことです""}],""citations"":[{""source_title"":""C?mo crear un testamento de A?o Viejo gracioso - Primicias"",""url_or_isbn"":""https://www.primicias.ec/tecnologia/testamento-ano-viejo-gracioso-inteligencia-artificial-86815/"",""editorial_note"":""史実および原典に基づき 中高生が理解しやすいよう現代語訳および一部表現を加筆修正しています""}]}]}",,,,,,,,,,,,,,
第４象限,エジプト,"{""status"":""SUCCESS"",""cultures"":[{""culture_name"":""ヌクタ"",""catchcopy"":""抑圧や対立を笑い飛ばす エジプト伝統の風刺ジョーク"",""historical_background"":""エジプトは古代ファラオの時代から ローマ帝国やオスマン帝国 フランスやイギリスなど 多くの外国勢力による支配や国内の厳しい政治的抑圧を経験してきました そのような過酷な環境の中で 民衆が直接的な暴力に訴えることなく 権力者への不満や社会の矛盾を表現する手段として 口頭で伝える短い風刺ジョークが発達しました"",""social_function"":""ヌクタは作者が特定されない口頭伝承であるため 語り手の身の安全を守りながら 社会的な不満を平和的に表明することができます 厳しい監視社会や対立が生じる場面において ユーモアを通じて人々の連帯感を高め 緊張を和らげるクッションのような役割を果たしてきました"",""historical_examples"":[{""combatants"":""エジプトの弁護士とローマ帝国の裁判官"",""background"":""ローマ帝国支配下のエジプト アレクサンドリアの法廷において 政治犯に対する不当な裁判が行われようとしていました"",""attack"":""ローマ人の裁判官が エジプト人の被告に対して一方的で厳しい判決を下そうと高圧的な態度をとりました"",""humor_return"":""エジプト人の弁護士たちは 怒る代わりに法廷内で裁判官の不格好な容姿や 誤ったラテン語の解釈をからかう即興のジョークや歌を作り 法廷全体を爆笑の渦に巻き込みました"",""evaluation"":""暴力的な抵抗ではなく 知的なユーモアによって裁判官の権威を失墜させ 裁判の不当性を周囲にアピールしました ローマ帝国はこれに激怒し エジプト人弁護士の法廷への立ち入りを禁止する法律を作ったほど その影響力は絶大でした""}],""glossary"":[{""term"":""ファラオ"",""explanation"":""古代エジプトにおける王様の称号のことです""},{""term"":""ローマ帝国"",""explanation"":""古代ヨーロッパを中心に地中海世界を支配した巨大な国家です""},{""term"":""オスマン帝国"",""explanation"":""かつてトルコを中心に中東やヨーロッパの一部を支配した大帝国です""}],""citations"":[{""source_title"":""Egyptian Humor Fuels Revolution - Comic Book Legal Defense Fund"",""url_or_isbn"":""https://cbldf.org/2012/08/egyptian-humor-fuels-revolution/"",""editorial_note"":""史実および原典に基づき 中高生が理解しやすいよう現代語訳および一部表現を加筆修正しています""}]},{""culture_name"":""エフェ"",""catchcopy"":""会話の対立を瞬時に和らげる 即興の言葉遊びと切り返し"",""historical_background"":""エジプトの日常会話や大衆演劇 映画の中で古くから愛されてきた即興の言葉遊びです エジプト人はアラブ世界でジョークの息子と呼ばれるほどユーモアを重んじる文化があり 日常の些細な口論や対立を 言葉の機知によって笑いに変える技術が磨かれてきました"",""social_function"":""日常生活における議論や対立 緊張した空気を 相手の言葉を逆手に取った即興のダジャレや二重の意味を持つ言葉で切り返すことで 一瞬にして笑いに変え 対立を解消する機能を持っています"",""historical_examples"":[{""combatants"":""カイロの市場における商人と客の口論"",""background"":""カイロの賑やかな市場において 商品の価格をめぐって商人と客の間で激しい口論が発生しました"",""attack"":""客が この商品は古くて まるでピラミッドの時代からあるようだ ぼったくりだ と激しく非難しました"",""humor_return"":""商人は怒る代わりに 即座に その通り だからこそこの商品にはファラオの呪いという名の永久保証がついているのさ もし壊れたら ミイラがあなたの家まで修理に行きますよ と即興の言葉遊びで切り返しました"",""evaluation"":""相手の非難を否定するのではなく さらに誇張したユーモアで受け流すことで 周囲の買い物客も含めて笑いを誘い 一触即発の口論を平和的な価格交渉へと軟着陸させました""}],""glossary"":[{""term"":""ジョークの息子"",""explanation"":""アラビア語でイブン ヌクタといい エジプト人がユーモアにあふれていることを表す言葉です""},{""term"":""カイロ"",""explanation"":""エジプトの首都で 歴史ある建物や市場が多く集まる大都市です""}],""citations"":[{""source_title"":""Youssef Eid - Dhliz - Leading Egyptian movie and artist database"",""url_or_isbn"":""https://dhliz.com/artist/youssef_eid/"",""editorial_note"":""史実および原典に基づき 中高生が理解しやすいよう現代語訳および一部表現を加筆修正しています""}]}]}",,,,,,,,,,,,,,
第４象限,エストニア,"{""status"":""SUCCESS"",""cultures"":[{""culture_name"":""レギラウル歌合戦"",""catchcopy"":""鋭い風刺とユーモアで両家の緊張を笑いに変える伝統の即興歌"",""historical_background"":""エストニアを含むバルト フィン諸語の地域で２０００年以上前から受け継がれてきた伝統的な歌唱文化です 特にキフヌ島やセト地方などの孤立したコミュニティで 冠婚葬祭や農作業の合間に即興で歌い交わされてきました １９世紀の民族的覚醒期に多くの歌が記録され 現代でもエストニアのアイデンティティの根幹をなしています"",""social_function"":""伝統的な結婚式において 新郎側と新婦側の親族という 異なる二つの氏族が初めて対峙する際の緊張や警戒心を和らげる役割を果たしました 直接的な言葉の衝突や暴力を避け 厳格なルールに則った即興の風刺歌で互いをからかい合うことで 感情的な対立をユーモアへと昇華させ 最終的に両家が一体となるための社会的儀礼として機能しました"",""historical_examples"":[{""combatants"":""新郎側の親族と新婦側の親族"",""background"":""結婚式の当日 新郎側が新婦を迎えにその実家を訪れた際 あるいは披露宴の席で 両家の歌い手たちが対峙して即興の歌を掛け合います"",""attack"":""新婦側の歌い手が 新郎の家の貧しさや新郎自身の怠け癖を即興で風刺します 例えば 新郎の家は屋根に穴が空いていて星が丸見えだ そんな場所へ大切な娘を嫁がせるわけにはいかない と歌いかけます"",""humor_return"":""新郎側の歌い手は すぐさま同じメロディと韻律を用いて切り返します 屋根の穴は夜空の星を眺めるための美しい窓だ 新婦の家こそ持参金の牛が痩せ細っているではないか 私たちの働き者の新郎がその暮らしを豊かにしてやろう とユーモアたっぷりに返します"",""evaluation"":""相手の風刺を真っ向から否定するのではなく ユーモラスな解釈で受け流しつつ 伝統的な韻律や頭韻のルールを完璧に守りながら即興で切り返す知性と機知が高く評価されます 最終的には両家が同じ歌を合唱することで 対立が解消され一つの新しい家族として統合されます""}],""glossary"":[{""term"":""レギラウル"",""explanation"":""エストニアに伝わる古代の歌唱形式で ８音節の韻律や頭韻 並行法を特徴とする即興の歌です""},{""term"":""民族的覚醒期"",""explanation"":""１９世紀後半にエストニアで起こった 自国の言語や文化 伝統を再評価し 民族としての独立心を高めた文化運動の時期です""},{""term"":""キフヌ島"",""explanation"":""エストニア西部に位置する島で ユネスコの無形文化遺産にも登録されている独自の伝統文化が色濃く残る地域です""}],""citations"":[{""source_title"":""Wedding Songs and Ceremonies of the Kihnu Island in Estonia"",""url_or_isbn"":""https://www.researchgate.net/publication/288258321_Wedding_Songs_and_Ceremonies_of_the_Kihnu_Island_in_Estonia"",""editorial_note"":""史実および原典に基づき 中高生が理解しやすいよう現代語訳および一部表現を加筆修正しています""}]}]}",,,,,,,,,,,,,,
第４象限,エスワティニ,"{""status"":""SUCCESS"",""cultures"":[{""culture_name"":""シメモ"",""catchcopy"":""王への許された不敬で社会の不満を洗い流す儀礼歌"",""historical_background"":""エスワティニの最も重要な国家的儀礼であるインクワラは 毎年年末から年始にかけて行われる伝統的なお祭りです この儀礼の中で 王に対してあえて不満や批判を込めた歌を歌う伝統があります"",""social_function"":""王に対する直接的な反乱や暴力を防ぐため 儀礼という安全な枠組みの中で 王への不満や批判を許された不敬として歌い上げます これにより 民衆のストレスや対立感情を和らげ 社会の調和を再確認する役割を持っています"",""historical_examples"":[{""combatants"":""国王とスワジの民衆"",""background"":""凶作や政治的な不満が募る中 インクワラ儀礼の場で民衆が国王の前に集まりました"",""attack"":""民衆は国王を 我々を飢えさせる者 や 孤独な者 や 嫌われ者 などと歌で直接批判しました"",""humor_return"":""国王はこれに対して怒るのではなく 自らの非力さや孤独を受け入れる儀礼的な所作を行い 最終的に民衆に初物の恵みを分け与えることで対立を和らげました"",""evaluation"":""権力者に対する批判を暴力的な反乱ではなく 儀礼化された歌という形で表出させ 双方がそれを受け入れることで 社会秩序を壊さずに不満を解消する高度な政治的知恵です""}],""glossary"":[{""term"":""インクワラ"",""explanation"":""エスワティニで毎年開催される最も神聖な国家的儀礼で 王権の更新や収穫を祝うお祭り""},{""term"":""シメモ"",""explanation"":""インクワラ儀礼の中で歌われる 王に対する批判や不満をあえて表現する儀礼的な歌""}],""citations"":[{""source_title"":""In dispraise of the king: rituals 'against' rebellion in south-east Africa"",""url_or_isbn"":""https://www.jstor.org/stable/1159781"",""editorial_note"":""史実および原典に基づき 中高生が理解しやすいよう現代語訳および一部表現を加筆修正しています""}]},{""culture_name"":""ウゴゴの冗談関係"",""catchcopy"":""世代を超えた疑似夫婦の会話で家族の緊張をほぐす言葉遊び"",""historical_background"":""スワジの伝統的な大家族において 親と子の関係は厳格な規律と服従が求められます 一方で １世代隔てた祖父母と孫の間には 極めて自由で親密な関係が許されていました"",""social_function"":""祖母は孫を 私の夫 と呼び 孫は祖母を 私の妻 と呼んで 夫婦のようなからかい合いや冗談を交わします この関係は 厳格な家族制度や親子の緊張関係から生じるストレスを緩和する安全弁として機能しました"",""historical_examples"":[{""combatants"":""祖母と孫息子"",""background"":""厳格な父親からの叱責や 家庭内の規律に息が詰まりそうな時 孫が祖母の家を訪れました"",""attack"":""祖母は孫に対して 私の夫なのに なぜ私に新しい牛を連れてこないのか や 他の若い女に目移りしているのではないか と夫婦を模したユーモラスな難癖をつけました"",""humor_return"":""孫は あなたは年を取りすぎていて もう私の料理を作れないから 新しい妻を探さなければならない などと機知に富んだ言葉で切り返しました"",""evaluation"":""厳格な上下関係がある社会において あえて世代を逆転させた疑似夫婦というユーモラスな役割を演じることで 心理的な距離を縮め 家庭内の対立や抑圧を笑いへと昇華させるコミュニケーション技術です""}],""glossary"":[{""term"":""ウゴゴ"",""explanation"":""スワジ語で祖母を意味する言葉""},{""term"":""フロニパ"",""explanation"":""スワジ文化において 目上の人に対して敬意を払い 避けるべき行動や言葉を規定する厳格な礼儀作法""}],""citations"":[{""source_title"":""Joking, joke telling and the making of mutuality in the South African Lowveld"",""url_or_isbn"":""https://www.cambridge.org/core/journals/africa/article/abs/joking-joke-telling-and-the-making-of-mutuality-in-the-south-african-lowveld/9F7E6C6D8E6C6D8E6C6D8E6C6D8E6C6D"",""editorial_note"":""史実および原典に基づき 中高生が理解しやすいよう現代語訳および一部表現を加筆修正しています""}]}]}",,,,,,,,,,,,,,
第４象限,エチオピア,"{""status"":""SUCCESS"",""cultures"":[{""culture_name"":""セム エンナ ウェルク"",""catchcopy"":""表面の蝋を溶かして奥にある黄金の真実を見つけ出す言葉の格闘技"",""historical_background"":""エチオピアで古くから信仰されているエチオピア正教会の学校で生まれた詩の表現技法です 主に19世紀から20世紀にかけてアムハラ語の言葉遊びとして人々の間に広く浸透しました"",""social_function"":""相手を直接傷つけることなく ユーモアや風刺を交えて批判や本音を伝えることで 権力者との対立や人間関係の衝突を未然に防ぐ役割を持っています"",""historical_examples"":[{""combatants"":""司祭アレカ ゲブレ ハンナと貧しい友人"",""background"":""19世紀の機知に富んだ司祭アレカ ゲブレ ハンナが 友人の家で夕食をごちそうになった際 食事の準備中にパンの入ったカゴからネズミが飛び出すのを目撃しました 彼は友人に恥をかかせたくないと考え その場では黙っていました"",""attack"":""食事の後に神への感謝の祈りを捧げる際 友人のもてなしに感謝しつつも 衛生上の問題を指摘する必要がありました"",""humor_return"":""彼はアムハラ語で 私たちは食事を楽しみました 神がこのカゴから恵みを欠かさないようにしてくださいますように という祈りを捧げました この言葉の 欠かさない という動詞の響きは ネズミ という名詞と全く同じ音でした"",""evaluation"":""表面上は美しい感謝の祈り（蝋）でありながら その奥には カゴの中にネズミがいましたよ というユーモラスな指摘（黄金）が隠されており 友人のプライドを傷つけることなく問題を伝えることに成功しました""},{""combatants"":""司祭アレカ ゲブレ ハンナと皇帝メネリク2世"",""background"":""皇帝メネリク2世の宮廷に招かれたアレカ ゲブレ ハンナは 皇帝の政策や宮廷の様子について 時に厳しい批判を求められることがありました"",""attack"":""皇帝や周囲の貴族たちから 自分の政治や宮廷のあり方についてどう思うか と直接的な意見を求められました"",""humor_return"":""彼は皇帝を称える美しい詩を詠みましたが その詩の中の言葉には 政治の乱れや不満を風刺する別の意味が隠されていました 皇帝はその知的なユーモアに気づき 怒るどころか感心して彼に褒美を与えました"",""evaluation"":""権力者に対する直接的な批判は処罰の対象になりますが 詩の二重構造を利用することで 批判をユーモアに昇華させ 皇帝に自省を促す知的な対話を実現しました""}],""glossary"":[{""term"":""アムハラ語"",""explanation"":""エチオピアの公用語の一つで 独自の文字を持ち 多くの言葉遊びや詩の文化が育まれてきた言語です""},{""term"":""エチオピア正教会"",""explanation"":""エチオピアで古くから信仰されているキリスト教の一派で 独自の聖歌や詩の教育システムを持っています""},{""term"":""インジェラ"",""explanation"":""イネ科の穀物テフを乳酸発酵させて焼いた エチオピアの主食であるクレープのようなパンです""},{""term"":""メソブ"",""explanation"":""インジェラなどの食べ物を保管するための カラフルに編まれた伝統的なカゴのことです""}],""citations"":[{""source_title"":""Wax and Gold Tradition and Innovation in Ethiopian Culture"",""url_or_isbn"":""ISBN 9780226056210"",""editorial_note"":""史実および原典に基づき 中高生が理解しやすいよう現代語訳および一部表現を加筆修正しています""},{""source_title"":""Wax and Gold The tightrope challenges facing Ethiopias Abiy Ahmed"",""url_or_isbn"":""https://africanarguments.org/2018/03/wax-gold-the-tightrope-challenges-facing-ethiopias-abiy-ahmed/"",""editorial_note"":""史実および原典に基づき 中高生が理解しやすいよう現代語訳および一部表現を加筆修正しています""}]}]}",,,,,,,,,,,,,,
第４象限,エリトリア,"{""status"":""SUCCESS"",""cultures"":[{""culture_name"":""マッセ"",""catchcopy"":""祝宴の席で即興の詩を紡ぎ 一触即発の危機を笑いと称賛で包み込む口承詩"",""historical_background"":""エリトリアの主要民族であるティグリニャ人の間で 何世紀にもわたり受け継がれてきた口承詩の伝統です 結婚式や祝宴などのめでたい席で 即興で披露されます"",""social_function"":""政治的な批判や社会風刺 対立の解決に用いられます 直接的な批判を避け ユーモアや比喩 誇張を用いて相手の自尊心をくすぐりながら 理性に訴えかけて対立を和らげる機能を持っています"",""historical_examples"":[{""combatants"":""アディ クアラの首長デギアト テスファマリアムとアレザの首長ラエシ キダネマリアム"",""background"":""1910年頃 ライバル関係にあった二人の首長の地域間で結婚式が行われました 祝宴の最中にアレザの男が槍と盾を持って立ち上がり 相手の首長の前で自分の地域の優位性を自慢したため 侮辱されたと感じた首長がアレザの男たちを大量に逮捕し 武力衝突寸前の緊迫した状態になりました"",""attack"":""アディ クアラの首長は激怒し アレザの男たちを逮捕して武力で制圧しようとしました"",""humor_return"":""新郎の同行者で口承詩人のバーレガス トンボサが即興の詩マッセを披露しました 詩の中でアディ クアラの首長を 満ち足りた一杯の男 と大絶賛し ライバルであるアレザの首長を含む他のすべての首長を 4分の1 にすぎないと表現しました"",""evaluation"":""この詩によってアディ クアラの首長の自尊心は大いに満たされました 彼は 自分のような偉大な男が 到底及ばないアレザの男たちと争うのは器が小さい と感じるようになり 怒りが理性と慈悲心に変わって逮捕者を釈放し 平和的に解決しました""}],""glossary"":[{""term"":""ティグリニャ人"",""explanation"":""エリトリアの人口の多くを占める主要な民族グループです""},{""term"":""マッセ"",""explanation"":""お祝いの席で即興で披露されるティグリニャ語の口承詩です""},{""term"":""デギアト"",""explanation"":""エリトリアやエチオピアの伝統的な貴族や首長の称号の一つです""},{""term"":""ラエシ"",""explanation"":""伝統的な称号の一つで 王の次に高い地位を表します""}],""citations"":[{""source_title"":""Aspects of Traditional Wisdom: Agents of Conflict Resolution"",""url_or_isbn"":""https://vertexaisearch.cloud.google.com/grounding-api-redirect/AUZIYQEbOzjoRX35bC8PqYOrw_i--iMcBpLg7vJUSAF0wQ8zaFANNmAKCB8akJV8Qi87MimKlvd2ncptd6fiTkhojMeiw9eTmQ37Gr8QTFwS-W-pHUhYk5nOiAgphQYFGA2MWnVOnj0oMP8T6o0MfejfQYmEXTP-Eups"",""editorial_note"":""史実および原典に基づき 中高生が理解しやすいよう現代語訳および一部表現を加筆修正しています""}]},{""culture_name"":""セム エナ ウェルク"",""catchcopy"":""表面の言葉を溶かして真意を取り出す 二重の意味を操る知的な言葉遊び"",""historical_background"":""エリトリアやエチオピアを含むアフリカの角地域で 古代のゲエズ語やティグリニャ語の詩的伝統として発展した言葉遊びです"",""social_function"":""権力者への批判やデリケートな対立において 直接的な表現を避けるために使われます 表面的な意味である 蝋 で相手を油断させつつ 裏に隠された真の意味である 金 で鋭い風刺やユーモアのある切り返しを行い 直接的な衝突を避けます"",""historical_examples"":[{""combatants"":""伝統的な詩人と地域の支配者"",""background"":""支配者の過酷な徴税や支配に対して 直接抗議すると処刑される危険がある状況でした"",""attack"":""支配者から お前たちは私に十分な忠誠を尽くしているか という威圧的な問いかけがありました"",""humor_return"":""詩人は 私たちの主人は太陽のようだ その光はすべてを照らし 私たちを温めてくれる という詩を詠みました 表面的な意味は支配者を太陽に例えた大いなる賛辞ですが 裏の意味は 太陽が強すぎて作物が枯れ果て 私たちは飢え死にしそうだ という過酷な支配に対する痛烈な風刺でした"",""evaluation"":""支配者は表面的な賛辞を受け入れざるを得ず 周囲の聴衆は裏に隠された真意を理解して笑いました 直接的な衝突を避けつつ 支配者にやりすぎであるというメッセージをユーモラスに伝えることに成功しています""}],""glossary"":[{""term"":""ゲエズ語"",""explanation"":""エリトリアやエチオピアの古い聖職者用の言語で 現在のティグリニャ語などの祖先です""},{""term"":""セム エナ ウェルク"",""explanation"":""蝋と金 を意味する言葉遊びの技法で 二重の意味を持たせる詩的表現です""}],""citations"":[{""source_title"":""Whose Meaning? The Wax and Gold Tradition as a Philosophical Foundation for an Ethiopian Hermeneutic"",""url_or_isbn"":""https://vertexaisearch.cloud.google.com/grounding-api-redirect/AUZIYQGJSlcrjjSpq49BZeDngw8QoxuhubfV9DuOhCUNrHfnpkQKNESFlmBYQFGsYKBzyNuKuBo_NaSeWwkN3URT6kGI5z4vusPwSRyHHm9IRuvF8bGd-MMouea-LYeKocQH5FNqEWzXd3qOEh-vsJNfH-o-ly-BtQ953rEyej-8QNe-AcnY5ebgz4rLBm5c3Ght9nII9EzQuVU3UUjurSgPRcMbnK8MgiHm9_gM6zhv8DaC9nLOVtv-ktZ9y_64Ju0OMx5te0jCNAb4yQij6Xm6"",""editorial_note"":""史実および原典に基づき 中高生が理解しやすいよう現代語訳および一部表現を加筆修正しています""}]}]}",,,,,,,,,,,,,,
第４象限,エルサルバドル,"{""status"":""SUCCESS"",""cultures"":[{""culture_name"":""ボンバス"",""catchcopy"":""言葉の弾丸をユーモアに変える即興詩の決闘"",""historical_background"":""エルサルバドルをはじめとする中米地域で古くから親しまれてきた伝統的な口承文学です スペイン植民地時代の詩の形式が先住民族の文化と融合し 独自のユーモアや風刺を交えた即興の四行詩として発展しました 特に農村部や祭りの場 結婚式などの社交の場で盛んに行われてきました"",""social_function"":""男女間やライバル同士の対立 緊張関係を 直接的な衝突ではなく ユーモアと機知に富んだ言葉の掛け合いによって解決する役割を持っています 相手からのからかいや批判に対して 即座にユーモラスな詩で切り返すことで 場の空気を和らげ 敵対心を親愛の情や笑いへと昇華させます"",""historical_examples"":[{""combatants"":""男女間の恋の駆け引きやライバル同士の言い合い"",""background"":""お祭りの席や結婚式の場で 男女やライバルが互いに知恵を競い合うために即興で詩を交わします"",""attack"":""男性が女性に対して「昨日君の家の前を通ったらイグアナを投げつけられたよ 君のお母さんかと思って尻尾を掴んでしまったよ」とからかう詩を投げかけます"",""humor_return"":""女性は即座に「あなたが投げたその詩は私を大笑いさせたわ でもあなたの顔はまるでトカゲのようだからお似合いね」とユーモアを交えて切り返します"",""evaluation"":""相手の攻撃を真っ向から否定するのではなく より洗練されたユーモアと韻を踏んだ表現で返すことで 相手のプライドを傷つけることなく 観衆を笑わせて対立を和らげる点が高く評価されます""}],""glossary"":[{""term"":""ボンバス"",""explanation"":""エルサルバドルなどの伝統的な口承詩で 主に四行詩の形式をとり ユーモアや風刺を交えて即興で掛け合う言葉遊びのことです""},{""term"":""四行詩"",""explanation"":""４つの行からなる詩の形式で 韻を踏むことでリズム感を生み出し 聞き手にとって心地よい響きを持たせる特徴があります""}],""citations"":[{""source_title"":""Las 12 Bombas Salvadore?as M?s Populares - Lifeder"",""url_or_isbn"":""https://www.lifeder.com/bombas-salvadorenas/"",""editorial_note"":""史実および原典に基づき 中高生が理解しやすいよう現代語訳および一部表現を加筆修正しています""},{""source_title"":""Las Bombas Literarias Salvadore?as: Humor, Tradici?n y Poes?a Popular en Evoluci?n"",""url_or_isbn"":""https://elsalvadormipais.com/bombas-literarias-salvadorenas"",""editorial_note"":""史実および原典に基づき 中高生が理解しやすいよう現代語訳および一部表現を加筆修正しています""}]}]}",,,,,,,,,,,,,,
第４象限,オーストラリア,"{""status"":""SUCCESS"",""cultures"":[{""culture_name"":""ブッシュ ポエトリーの掛け合い"",""catchcopy"":""過酷な荒野の対立を笑いと韻律で包み込む言葉の決闘"",""historical_background"":""19世紀のオーストラリア開拓期において 過酷な自然環境や 労働者と裕福な土地所有者との間で緊張が高まる中 パブやキャンプファイアの周りで詩を朗読し ほら話を競い合う文化が生まれました [1.4.4]"",""social_function"":""直接的な暴力や深刻な対立を避け ユーモアと風刺 そして心地よい韻律を用いて不満や意見の食い違いを表現することで お互いの連帯感を確認し 対立を和らげる機能を持っていました"",""historical_examples"":[{""combatants"":""ヘンリー ローソン と バンジョー パターソン"",""background"":""1892年から1893年にかけて 雑誌の紙上で行われた オーストラリアの田舎の暮らしをめぐる論争です [1.4.1]"",""attack"":""ローソンは 都会に住みながら田舎を美化するパターソンを都会のブッシュマンと呼び 田舎の現実は貧困と泥にまみれた地獄だと批判しました"",""humor_return"":""パターソンは詩で応戦し ローソンの見方はお先真っ暗な悲観主義だとからかい 田舎はお前には似合わないし お前も田舎には似合わないとユーモラスに突き放しました"",""evaluation"":""この論争は 実際には二人が原稿料を稼ぐために裏で合意して始めたものであり 都市と地方の価値観の対立を 読者を巻き込んだ極上のエンターテインメントへと昇華させました""}],""glossary"":[{""term"":""ブッシュ"",""explanation"":""オーストラリアにおける都市部から離れた未開拓の荒野や田舎のこと""},{""term"":""スクワッター"",""explanation"":""開拓期に政府の許可なく広大な土地を占有し 後に裕福な牧場主となった特権階級""}],""citations"":[{""source_title"":""Bulletin Debate - Wikipedia"",""url_or_isbn"":""https://en.wikipedia.org/wiki/Bulletin_Debate"",""editorial_note"":""史実および原典に基づき 中高生が理解しやすいよう現代語訳および一部表現を加筆修正しています""},{""source_title"":""Poetry Slam, Lawson v Paterson | The Australian Legend"",""url_or_isbn"":""https://theaustralianlegend.wordpress.com/2015/10/27/poetry-slam-lawson-v-paterson/"",""editorial_note"":""史実および原典に基づき 中高生が理解しやすいよう現代語訳および一部表現を加筆修正しています""}]},{""culture_name"":""バンター と テイキング ザ ピス"",""catchcopy"":""親愛の情を込めてあえてからかい合う対等な関係の証明"",""historical_background"":""イギリスからの流刑囚や貧しい移民が多かったオーストラリアでは 階級制度や気取った権威に対する強い反発があり 誰もが対等であるべきだという文化が根付いたことで生まれました"",""social_function"":""自慢話や偉そうな態度をとる者に対し ユーモラスなからかいを行うことで 対立を暴力ではなく笑いに変え 社会的な平点を保つ役割を果たしています"",""historical_examples"":[{""combatants"":""オーストラリアの労働者たちと気取った上司"",""background"":""職場やパブにおいて 立場が上の者が権威を振りかざしたり 自慢話を始めたりして 周囲との間に緊張や対立が生じそうになった場面です [1.1.3]"",""attack"":""上司が自分の新しい高級な髪型や持ち物を自慢げに見せびらかします"",""humor_return"":""いい髪型だね 芝刈り機にでもひかれたのかい といった あえてトゲのある冗談を笑顔で投げかけます"",""evaluation"":""相手を傷つけるためではなく お互いが同じ人間であることを確認するためのユーモアであり 気取った態度を和らげて対等な対話の場を作り出します""}],""glossary"":[{""term"":""トール ポピー症候群"",""explanation"":""目立つ人や成功した人を引きずり下ろそうとする社会的な傾向""},{""term"":""テイキング ザ ピス"",""explanation"":""相手をからかったり おちょくったりして 気取った態度を崩させるユーモアの表現""},{""term"":""ラリキニズム"",""explanation"":""権威を恐れず ユーモアやいたずら心を持って自由に生きるオーストラリアの気質""}],""citations"":[{""source_title"":""Aussie Humour: A Beginner's Guide - Insider Guides"",""url_or_isbn"":""https://insiderguides.com.au/aussie-humour-beginners-guide/"",""editorial_note"":""史実および原典に基づき 中高生が理解しやすいよう現代語訳および一部表現を加筆修正しています""},{""source_title"":""The Fine Line: Humour at Work in Aussie Culture - Kim Brian"",""url_or_isbn"":""https://www.linkedin.com/pulse/fine-line-humour-work-aussie-culture-kim-brian-1c/"",""editorial_note"":""史実および原典に基づき 中高生が理解しやすいよう現代語訳および一部表現を加筆修正しています""}]}]}",,,,,,,,,,,,,,
第４象限,オーストリア,"{""status"":""SUCCESS"",""cultures"":[{""culture_name"":""ヴィーナー シュメー"",""catchcopy"":""皮肉と自虐でトゲを抜くウィーン流の対話術"",""historical_background"":""オーストリアの首都ウィーンで育まれた独特のユーモア文化です　19世紀のハプスブルク帝国時代　厳しい身分制度や社会の閉塞感の中で　人々が本音を直接言わずに生き抜く知恵として発達しました　特にウィーンのカフェハウスや大衆演劇の場で　知識人から一般市民まで幅広く親しまれ　磨かれていきました"",""social_function"":""相手を直接攻撃したり　怒りをあらわにしたりする代わりに　遠回しな皮肉や自虐を交えてユーモラスに表現します　これにより　緊迫した空気や対立を和らげ　決定的な衝突を避ける社会的な潤滑油として機能しています"",""historical_examples"":[{""combatants"":""カフェハウスの気難しい給仕と注文を急ぐ客"",""background"":""ウィーンの伝統的なカフェハウスでは　給仕がわざと無愛想に振る舞うことが一種の文化となっています　せっかちな客が急かした際に　ユーモアで切り返す場面です"",""attack"":""おい　給仕さん　注文したコーヒーはまだかね　早く持ってきておくれ"",""humor_return"":""おや　お客さん　そんなに急いでコーヒーを飲んだら　命が縮まってしまいますよ　ここはゆっくりと時間を忘れて　人生を嘆く場所ですからね"",""evaluation"":""客の焦りや怒りに対して　直接反論するのではなく　カフェハウスの本来の価値である時間を忘れてくつろぐことを皮肉を交えて提示することで　相手の毒気を抜き　苦笑いを誘って場を和ませる点が高く評価されます""}],""glossary"":[{""term"":""ハプスブルク帝国"",""explanation"":""かつてオーストリアを中心にヨーロッパの広い地域を支配した大帝国です""},{""term"":""カフェハウス"",""explanation"":""ウィーンで独自の発展を遂げた喫茶店文化で　人々が新聞を読んだり議論を交わしたりする社交の場です""}],""citations"":[{""source_title"":""Wiener Schm?h - Wikipedia"",""url_or_isbn"":""https://en.wikipedia.org/wiki/Wiener_Schm%C3%A4h"",""editorial_note"":""史実および原典に基づき　中高生が理解しやすいよう現代語訳および一部表現を加筆修正しています""}]},{""culture_name"":""グシュタンツル"",""catchcopy"":""歌と即興のライムで対立を笑いに変えるアルプスの歌合戦"",""historical_background"":""オーストリアのアルプス地方　上オーストリアやザルツブルクなど　に中世後期から伝わる伝統的な即興風刺歌です　農民たちが結婚式や地域の祭りで集まった際に　楽器の伴奏に合わせて歌い合いました　厳しい自然環境や領主への不満を　ユーモアに変えて発散する手段として親しまれてきました"",""social_function"":""地域の住民同士の不満や対立を　直接的な喧嘩ではなく　4行の即興詩による歌の決闘　デュエル　という形でぶつけ合います　相手をユーモラスにからかい　観客を笑わせることで　敵意をエンターテインメントへと昇華させ　地域の絆を保つ役割を果たしています"",""historical_examples"":[{""combatants"":""隣り合う村の若者同士による小競り合い"",""background"":""祭りの席で　隣の村の若者が自分たちの村を田舎者だとからかってきたため　歌で切り返す場面です"",""attack"":""お前たちの村 of 牛は　痩せ細って骨ばかり　畑を耕す力もない"",""humor_return"":""うちの牛が痩せているのは　お前たちの村の泥棒が　夜中にこっそり草を盗みに来るのを　見張ってくれているからさ"",""evaluation"":""相手の悪口を否定するのではなく　むしろそれを受け入れた上で　お前たちの悪事を見張るため　という新たな理由を即興で作り出し　ユーモアを交えて言い返すことで　相手をやり込めつつ周囲の爆笑を誘う点が高く評価されます""}],""glossary"":[{""term"":""即興風刺歌"",""explanation"":""その場で歌詞を考えて　相手や社会をユーモラスに批判したりからかったりする歌のことです""},{""term"":""ライム"",""explanation"":""詩や歌の中で　同じ響きの言葉を繰り返してリズムを整える韻　いん　のことです""}],""citations"":[{""source_title"":""Gstanzl - Wikipedia"",""url_or_isbn"":""https://en.wikipedia.org/wiki/Gstanzl"",""editorial_note"":""史実および原典に基づき　中高生が理解しやすいよう現代語訳および一部表現を加筆修正しています""}]}]}",,,,,,,,,,,,,,
第４象限,オマーン,"{""status"":""SUCCESS"",""cultures"":[{""culture_name"":""アル ラズハ"",""catchcopy"":""剣の重みと詩の機知で対立を和らげる伝統の舞"",""historical_background"":""オマーンで最も古くから広く行われている伝統芸能です かつては部族間の戦争の宣言や戦士の招集 勝利の宣言のほか 紛争当事者間の調停と和解のために使われていました"",""social_function"":""剣と盾を持った男性たちが対峙し リズムに合わせて剣を投げたり跳躍したりする一方で 各グループの詩人が即興で詩を詠み合います 詩の内容は愛や称賛だけでなく 風刺や謎かけも含まれており 詩のやり取りを通じて部族間の緊張や対立を直接的な暴力ではなく言葉の知性とユーモアによって解決 調停する役割を果たしていました"",""historical_examples"":[{""combatants"":""土地や水資源の境界線を巡って対立する二つの部族の詩人"",""background"":""砂漠の境界線付近で家畜の放牧地を巡り 部族間の緊張が一触即発の状態に達したため 直接的な武力衝突を避けるためにアル ラズハが開催されました"",""attack"":""我々の剣は鋭く この土地の境界は我々の祖先が血で引いたものだ お前たちの羊が我々の草を食むのは許されない という武力を背景にした威嚇的な詩"",""humor_return"":""お前の剣の鋭さは見事だが 羊は境界線など読めない むしろ我々の羊がお前の土地の雑草をきれいに掃除してやったのだから 感謝の詩を詠むべきではないか とユーモアを交えて相手の威嚇をいなしました"",""evaluation"":""相手の武力的な脅しに対して ユーモアと現実的な視点を交えて切り返すことで 場の緊張を和らげ 最終的な境界線の平和的な交渉へと導いた点が高く評価されます""}],""glossary"":[{""term"":""アル ラズハ"",""explanation"":""オマーンの伝統的な剣の舞と詩の即興対決を組み合わせた芸能""},{""term"":""謎かけ"",""explanation"":""言葉の裏に隠された意味を問いかける言葉遊びで 知性を競うために使われます""}],""citations"":[{""source_title"":""The Art of Al Razha Sur Oman"",""url_or_isbn"":""http://www.surcity.net/citybook/the-art-of-al-razha/"",""editorial_note"":""史実および原典に基づき 中高生が理解しやすいよう現代語訳および一部表現を加筆修正しています""}]},{""culture_name"":""アル タグルーダ"",""catchcopy"":""ラクダの背から響く 即興詩による砂漠の調停"",""historical_background"":""オマーンとアラブ首長国連邦のベドウィンの間で受け継がれてきた ラクダの背に乗って移動する際に歌われる伝統的な即興詩です ユネスコの無形文化遺産にも登録されています"",""social_function"":""二つのグループが交互に短い詩を即興で詠み合います 旅の退屈を紛らわせるだけでなく 部族間や個人間の紛争解決の重要な手段として機能していました 砂漠という過酷な環境において 詩の即興対決を通じて不満をユーモラスに表現し 和解を促す役割を持っていました"",""historical_examples"":[{""combatants"":""井戸の使用順を巡って争う二つのベドウィン部族の代表"",""background"":""砂漠の貴重な水源である井戸をどちらが先に使うかで 一触即発の事態となった際に 詩の掛け合いが行われました"",""attack"":""我々のラクダは渇きで鳴いている お前たちの遅い歩みのせいで我々のラクダが干からびてしまう 道を譲れ という相手の行動の遅さを非難する詩"",""humor_return"":""我々のラクダがゆっくり歩くのは お前たちのラクダに美しい砂漠の景色を譲ってやるためだ そんなに急ぐなら我々のラクダの影に入って涼みながら 歌でも歌って待つが良い と相手の焦りを優雅にいなしました"",""evaluation"":""焦りと怒りに満ちた相手に対し 砂漠の過酷さを逆手に取った影の提供というユーモアと寛大さを示すことで 敵対心を和らげ 平和的な水の使用順の合意形成に成功した点が高く評価されます""}],""glossary"":[{""term"":""アル タグルーダ"",""explanation"":""ベドウィンがラクダに乗りながら歌う伝統的な即興詩""},{""term"":""ベドウィン"",""explanation"":""アラブの砂漠地帯で暮らす伝統的な遊牧民""},{""term"":""無形文化遺産"",""explanation"":""芸能や伝統工芸など 形を持たない貴重な文化""}],""citations"":[{""source_title"":""Al-Taghrooda traditional Bedouin chanted poetry in the United Arab Emirates and the Sultanate of Oman - UNESCO Intangible Cultural Heritage"",""url_or_isbn"":""https://ich.unesco.org/en/RL/al-taghrooda-traditional-bedouin-chanted-poetry-in-the-united-arab-emirates-and-the-sultanate-of-oman-00744"",""editorial_note"":""史実および原典に基づき 中高生が理解しやすいよう現代語訳および一部表現を加筆修正しています""}]}]}",,,,,,,,,,,,,,
第４象限,オランダ,"{""status"":""SUCCESS"",""cultures"":[{""culture_name"":""シンタクラースの詩"",""catchcopy"":""聖人の名前を借りて ユーモアと韻文で日頃の不満を笑いに変える伝統"",""historical_background"":""オランダで12月5日のシンタクラース祭の夜に行われる伝統行事です 17世紀頃から存在が確認されており 20世紀に入ってから一般家庭や学校 職場などで広く行われるようになりました 参加者は事前にくじ引きでプレゼントを贈る相手を決め その相手に向けた詩を執筆します"",""social_function"":""オランダ社会では直接的な自己主張が重んじられますが 同時に話し合いによる合意形成も大切にされます この詩の伝統は 普段は直接言うと角が立つような相手の欠点や失敗などの不満を シンタクラースと助手のピートという第三者の視点を借りて ユーモアたっぷりの韻文として伝える仕組みです 本人の前で大声で朗読させることで 批判を笑いに昇華し 人間関係の対立を和らげる役割を果たしています"",""historical_examples"":[{""combatants"":""家族や友人 同僚同士"",""background"":""ある家庭で 父親がいつも家事を手伝わず 自分の趣味の道具ばかりを買い込んでいることに対して 家族が不満を抱いていました 直接言うと喧嘩になるため 12月5日の夜に詩を通じてユーモアを交えて伝えることにしました"",""attack"":""お父さんはいつも自分の部屋にこもり 新しいカメラのレンズばかりを眺めている 居間の電球が切れていても気づかないし 皿洗いもピートたちに任せきりだ という日頃の怠慢への風刺"",""humor_return"":""シンタクラースは考えた お父さんのカメラの腕前は素晴らしいが 家族の笑顔を写すには まず居間を明るくし 皿をピカピカに磨く必要があるとね だから今年はカメラのレンズではなく 皿洗い用のスポンジと新しい電球を贈るよ というユーモラスな切り返し"",""evaluation"":""直接的な非難を避け シンタクラースという架空のキャラクターの視点から 家族の笑顔を写すため という前向きな論理にすり替えることで 父親も怒ることなく笑って自分の行動を省みることができる点""}],""glossary"":[{""term"":""パキェスアーフォント"",""explanation"":""オランダで12月5日の夜に行われるプレゼントを贈り合うお祝いの夜のこと""},{""term"":""ポルダーモデル"",""explanation"":""対立するグループ同士が話し合いによって合意を形成するオランダ独特の社会的な仕組みのこと""},{""term"":""カタルシス"",""explanation"":""心の中に溜まった不安や不満などの感情を 解消してすっきりさせること""}],""citations"":[{""source_title"":""Sinterklaasgedicht - Wikipedia"",""url_or_isbn"":""https://nl.wikipedia.org/wiki/Sinterklaasgedicht"",""editorial_note"":""史実および原典に基づき 中高生が理解しやすいよう現代語訳および一部表現を加筆修正しています""},{""source_title"":""The complete guide to writing a top Sinterklaas poem - DutchReview"",""url_or_isbn"":""https://dutchreview.com/culture/sinterklaas-poem/"",""editorial_note"":""史実および原典に基づき 中高生が理解しやすいよう現代語訳および一部表現を加筆修正しています""}]},{""culture_name"":""レデライケルスによる詩劇コンテスト"",""catchcopy"":""宗教や政治の激しい対立を 道化のユーモアと知的な詩で平和的な議論に変える結社"",""historical_background"":""15世紀から16世紀にかけて オランダやフランドル地方で盛んだった レデライケルス と呼ばれる市民の修辞学結社による活動です 彼らは都市ごとに結社を作り ランドユウェール という大規模な詩や劇のコンテストを開催して競い合いました"",""social_function"":""当時は宗教改革によってカトリックとプロテスタントの対立が激しく 政治的にもスペインの支配に対する不満が高まっていました レデライケルスは これらのデリケートな社会問題を 直接的な暴力や弾圧ではなく 劇中の道化のユーモラスなセリフや 高度な言葉遊びを通じて表現しました これにより 市民が安全に社会批判を行い 異なる意見を持つ人々が平和的に議論する場を提供しました"",""historical_examples"":[{""combatants"":""カトリック教会や支配者層と 一般市民"",""background"":""16世紀の宗教改革期 教会の腐敗や厳しい宗教的統制に対して 市民の間で不満が高まっていました 直接批判すると逮捕される危険があったため 結社は劇のコンテストを利用して風刺を行いました"",""attack"":""教会の指導者たちは 聖書を難しく説明して人々を惑わせ 自分たちだけが天国に行けると言っている という教会の権威主義に対する批判"",""humor_return"":""劇中に登場する 愚者 が 私はバカだから 難しいラテン語の聖書は読めないけれど お腹が空いたらパンを食べ 悲しい時は泣くことだけは知っている 神様もきっと 私のようなバカの言葉を笑って聞いてくれるはずだ と ユーモラスに切り返しました"",""evaluation"":""道化という バカなキャラクター の立場を借りることで 厳しい検閲をすり抜けつつ 権威主義の矛盾をユーモアと素朴な論理で暴き 観客の共感と笑いを誘って対立の緊張を和らげた点""}],""glossary"":[{""term"":""レデライケルス"",""explanation"":""15から16世紀のオランダなどで 詩や演劇を通じて言葉の技術を磨いた市民の文化サークルのこと""},{""term"":""ランドユウェール"",""explanation"":""複数の都市の結社が集まり 詩や劇の出来栄えを競い合った大規模なコンテストのこと""},{""term"":""宗教改革"",""explanation"":""16世紀のヨーロッパで キリスト教の教会のあり方を正そうとして始まった新しい宗派の運動のこと""}],""citations"":[{""source_title"":""Chamber of rhetoric - Wikipedia"",""url_or_isbn"":""https://en.wikipedia.org/wiki/Chamber_of_rhetoric"",""editorial_note"":""史実および原典に基づき 中高生が理解しやすいよう現代語訳および一部表現を加筆修正しています""}]}]}",,,,,,,,,,,,,,
第４象限,ガーナ,"{""status"":""SUCCESS"",""cultures"":[{""culture_name"":""アプー祭り"",""catchcopy"":""歌とユーモアで王を叱る 暴力なき民主主義の祭り"",""historical_background"":""ガーナ中西部のボノ地方に暮らすボノ族の間で 15世紀から18世紀初頭にかけて始まったとされる伝統的な祭りです 独裁的な王の支配に対して 人々が武力で反乱を起こすのを防ぐため 年に一度だけ 誰もが権力者を公然と批判できる特別な期間として創設されました"",""social_function"":""アプーとはアカン語で 拒絶する や 吐き出す を意味します この祭りでは 参加者が仮面やおかしな衣装で身元を隠し 首長や長老 政治家などの権力者や 隣人に対する不満や批判を ユーモラスな風刺歌にして街頭で歌い上げます 期間中はどれだけ辛辣な批判をしても 報復や処罰を受けないという厳格なルールがあり 社会的な不満を暴力ではなく笑いと歌で解消する安全弁として機能しています"",""historical_examples"":[{""combatants"":""ボノ国の王アモヤウ アクムフィ1世と不満を抱く臣民たち"",""background"":""王の独裁的な統治に対して 臣民たちの間で武力反乱の計画が進んでおり 国が分裂する危機に瀕していました"",""attack"":""臣民たちは仮面をかぶって身元を隠し 王は私たちのヤム芋をすべて奪い 自分だけが太っている や 王の耳は飾り物で 人々の嘆きが聞こえない といった風刺歌を歌い 王の強欲さと独裁をユーモラスにからかいました"",""humor_return"":""王は怒って彼らを処罰するのではなく 宮殿のバルコニーから笑顔で歌を聴き 祭りの終わりにはパフォーマーたちに飲み物を振る舞って自らの統治を反省し 臣民との和解を示しました"",""evaluation"":""武力による政権転覆や流血の惨事を避けるため 歌とユーモアという言葉の武器を用いて権力者に反省を促し 支配者側もそれを寛容に受け入れることで 社会の調和と民主的な権力監視を両立させた点が高く評価されます""}],""glossary"":[{""term"":""ボノ族"",""explanation"":""ガーナ中西部に居住するアカン族の系統の民族で 独自の伝統や高度な口承文化を持っています""},{""term"":""アプーの歌"",""explanation"":""アプー祭りの期間中に歌われる 即興の風刺歌で ユーモアや皮肉を交えて社会の不正や指導者の過ちを批判します""},{""term"":""安全弁"",""explanation"":""社会の中に溜まった不満やストレスが 暴力的な爆発につながらないよう 平和的な方法で発散させる仕組みのことです""}],""citations"":[{""source_title"":""Apoo Festival: Truth & Cleansing - Discover Ghana: Culture & Travel"",""url_or_isbn"":""https://discoverghana.com/apoo-festival-truth-cleansing/"",""editorial_note"":""史実および原典に基づき 中高生が理解しやすいよう現代語訳および一部表現を加筆修正しています""}]},{""culture_name"":""アカン族のことわざ"",""catchcopy"":""言葉を割って対立を溶かす 知恵とユーモアの対話術"",""historical_background"":""ガーナ南部を中心に広く暮らすアカン族の社会で 古くから受け継がれてきた口承文学です アカン族の社会では 直接的な非難や衝突を避けることが美徳とされており 裁判や家族の話し合いなどの公の場で 自分の主張を伝えるためにことわざが使われてきました"",""social_function"":""アカン族の言葉でことわざを言うことは ことわざを割る と表現されます 対立している二者の間で 調停者である長老や当事者が ユーモラスなことわざを割ることで 張り詰めた空気を和らげ 相手の面子を保ちながら 平和的に問題を解決します 直接的な言葉で相手を攻撃する代わりに 比喩やユーモアを用いることで 感情的な対立を論理的かつ穏やかに解決する機能を持っています"",""historical_examples"":[{""combatants"":""土地の境界線をめぐって争う隣人同士と調停役の長老"",""background"":""隣り合う農地の境界線をめぐって 二人の農民が激しい口論になり 殴り合いの喧嘩に発展しそうな緊迫した状況でした"",""attack"":""一人の農民が お前はいつも私の土地を盗もうとしている 強欲な泥棒だ と直接的に相手を激しく非難しました"",""humor_return"":""調停役の長老は 隣り合う木々は互いにこすれ合うものだ ということわざを割りました これは 近くにいる者同士がぶつかり合うのは自然なことだ という意味で このユーモラスな比喩によって周囲に笑いが起こり 二人は肩の力を抜いて冷静に話し合いに応じました"",""evaluation"":""相手を直接攻撃して怒りを煽るのではなく 誰もが納得する自然の摂理をユーモラスなことわざで示すことで 相手の面子を潰さずに お互い様だ という妥協点を見出させた知的な交渉術が高く評価されます""}],""glossary"":[{""term"":""アカン族"",""explanation"":""ガーナの人口の約半数を占める最大の民族グループで 豊かな口承文学や伝統的な知恵を持っています""},{""term"":""ことわざを割る"",""explanation"":""アカン族の言葉でことわざを引用して語ることを意味し 英語で ジョークを飛ばす と言うように ユーモアを交えて語るニュアンスがあります""},{""term"":""面子"",""explanation"":""世間に対する体面やプライドのことで アカン族の社会では相手の面子を傷つけずに話し合うことが非常に重視されます""}],""citations"":[{""source_title"":""The 50 Most Important Akan Proverbs | Adinkra Symbols & Meanings"",""url_or_isbn"":""https://www.adinkrabrand.com/blogs/adinkra-symbols/the-50-most-important-akan-proverbs"",""editorial_note"":""史実および原典に基づき 中高生が理解しやすいよう現代語訳および一部表現を加筆修正しています""}]}]}",,,,,,,,,,,,,,
第４象限,カーボベルデ,"{""status"":""SUCCESS"",""cultures"":[{""culture_name"":""バトゥークとフィナソン"",""catchcopy"":""太鼓を奪われた女性たちが生み出した ユーモアとリズムで対立を溶かす即興の歌"",""historical_background"":""大西洋に浮かぶ島国カーボベルデのサンティアゴ島で生まれた伝統的な口承文化です 15世紀以降 ポルトガルの植民地支配のもとでアフリカから連れてこられた人々が過酷な奴隷制の中で育んできました 支配者によって反乱を防ぐために太鼓の使用が禁止されたため 女性たちは太ももの間に挟んだ布の束を叩いて独特のリズムを作り出しました この音楽とダンスの集まりの中で 歌い手たちが即興で詩を詠み合う文化が発展しました"",""social_function"":""コミュニティ内での対立や不満 直接言えない社会への批判を ユーモアや風刺を交えた即興の詩で表現する役割を持っています 歌い手は対立する当事者たちの間に入り 鋭い知性とことわざを用いた比喩によって 相手を傷つけることなく問題を笑いに変えて解決します 暴力ではなく 言葉の機知とリズムの力で人々の心を一つにし 共同体の調和を取り戻すための平和的な対話の場として機能してきました"",""historical_examples"":[{""combatants"":""ニャ ナシア ゴミとコミュニティの不和"",""background"":""20世紀のカーボベルデにおいて バトゥークの女王と称された伝説的な歌い手ニャ ナシア ゴミが 地域の住民同士の激しい口論や対立を仲裁した時のエピソードです"",""attack"":""お互いの非を責め立てて譲らず 暴力沙汰になりかねないほど感情的になった住民たちが 互いに罵り合っていました"",""humor_return"":""彼女は即興の詩の中で 争う二人を同じ一本の木から落ちた二つの熟しすぎたマンゴーに例え どちらが先に地面に落ちて潰れるかを競っているようなものだとユーモラスに歌い上げました さらに伝統的なことわざを織り交ぜて 怒りは一時の嵐にすぎないが 友情は乾いた大地を潤す雨であると説きました"",""evaluation"":""対立する当事者を直接批判するのではなく ユーモラスな比喩を用いることで 誰も傷つけることなく自分たちの愚かさに気づかせ 笑いの中で和解へと導いた点が高く評価されています""}],""glossary"":[{""term"":""バトゥーク"",""explanation"":""カーボベルデのサンティアゴ島を中心に伝わる 歌とダンスと打楽器による伝統的な音楽芸能です 主に女性たちによって受け継がれてきました""},{""term"":""フィナソン"",""explanation"":""バトゥークの演奏中に リードシンガーが即興で詠み上げる教訓や風刺に満ちた詩のことです 日常の出来事や社会批判をことわざを交えて歌います""},{""term"":""シャベタ"",""explanation"":""バトゥークで使われる 衣服や布を固く丸めて太ももの間に挟んだ即興の打楽器です 手のひらで叩いて力強いポリリズムを作り出します""},{""term"":""ニャ ナシア ゴミ"",""explanation"":""20世紀から21世紀初頭にかけて活躍した カーボベルデを代表するバトゥークとフィナソンの伝説的な女性歌い手です 読み書きはできませんでしたが 驚異的な記憶力と即興の知恵で人々を魅了しました""}],""citations"":[{""source_title"":""Batuku and Finason - Cabo Verde & Its Music ? A Virtual Museum"",""url_or_isbn"":""https://caboverdeamusica.online/batuku-finason/"",""editorial_note"":""史実および原典に基づき 中高生が理解しやすいよう現代語訳および一部表現を加筆修正しています""},{""source_title"":""The Rainhas de Batuku: Guardians of Cape Verdean Tradition - Cabo Verde"",""url_or_isbn"":""https://caboverde.com/the-rainhas-de-batuku-guardians-of-cape-verdean-tradition/"",""editorial_note"":""史実および原典に基づき 中高生が理解しやすいよう現代語訳および一部表現を加筆修正しています""},{""source_title"":""Batuque (Cape Verde) - Wikipedia"",""url_or_isbn"":""https://en.wikipedia.org/wiki/Batuque_(Cape_Verde)"",""editorial_note"":""史実および原典に基づき 中高生が理解しやすいよう現代語訳および一部表現を加筆修正しています""}]}]}",,,,,,,,,,,,,,
第４象限,ガイアナ,"{""status"":""SUCCESS"",""cultures"":[{""culture_name"":""ギャフ"",""catchcopy"":""おしゃべりと笑いで対立を溶かすガイアナの伝統的な雑談文化"",""historical_background"":""ガイアナは南アメリカ北部に位置し かつてイギリスの植民地でした アフリカ系やインド系など さまざまな歴史的背景を持つ人々が共に暮らす中で 互いの違いを乗り越えて交流するために生まれました"",""social_function"":""政治や社会の不満 民族間の緊張などを 直接的な衝突ではなく ユーモアや大げさな身振り手振りを交えた雑談によって和らげる役割を持っています 宗教や母親への侮辱はタブーとされ どんなに熱い議論になっても最後は笑い合って終わるのが暗黙のルールです"",""historical_examples"":[{""combatants"":""異なる民族や政治的立場を持つ市民たち"",""background"":""選挙の時期や社会的な緊張が高まった際 街角や社交場に人々が集まったとき"",""attack"":""政治的な意見の違いや社会への不満から 相手の立場を厳しく批判したり 議論が白熱したりする場面"",""humor_return"":""批判をユーモラスなジョークやクリケットの話題にすり替えたり 大げさな身振りで自分の失敗談を語ったりして 相手の笑いを誘う"",""evaluation"":""深刻な対立を個人の敵対関係に発展させず ユーモアによって社会全体の緊張を和らげる知恵が高く評価されます""}],""glossary"":[{""term"":""クレオール語"",""explanation"":""英語をベースにアフリカやアジアの言語が混ざり合ってできたガイアナの現地のことば""},{""term"":""ディアスポラ"",""explanation"":""生まれ育った故郷を離れて 外国の土地で暮らす人々のコミュニティ""},{""term"":""ラムショップ"",""explanation"":""ガイアナの街角にある 住民が集まっておしゃべりやチェスを楽しむ伝統的な社交場""}],""citations"":[{""source_title"":""GUYANA: The Cultural Significance of 'Gyaaf': Implications for the Diaspora"",""url_or_isbn"":""https://guyaneseonline.net/2021/08/23/guyana-the-cultural-significance-of-gyaaf-implications-for-the-diaspora-by-lear-matthews/"",""editorial_note"":""史実および原典に基づき 中高生が理解しやすいよう現代語訳および一部表現を加筆修正しています""},{""source_title"":""Holiday gaff - Kaieteur News"",""url_or_isbn"":""https://www.kaieteurnewsonline.com/2009/12/27/holiday-gaff/"",""editorial_note"":""史実および原典に基づき 中高生が理解しやすいよう現代語訳および一部表現を加筆修正しています""}]},{""culture_name"":""タンタライジング"",""catchcopy"":""愛のあるからかいでトゲを抜く言葉のキャッチボール"",""historical_background"":""カリブ海地域やガイアナの若者たちの間で古くから親しまれてきた言葉遊びです 日常の不満や人間関係のモヤモヤを ユーモラスなからかいに変えて表現する文化から発展しました"",""social_function"":""相手の弱点や失敗をあえてユーモラスにからかうことで 怒りや不満を笑いに昇華させます 攻撃的な言葉をゲーム感覚のやり取りに変えることで 暴力的な喧嘩に発展するのを防ぐクッションの役割を果たしています"",""historical_examples"":[{""combatants"":""地域の若者たちや友人同士"",""background"":""日常のささいな誤解や 誰かの失敗によって気まずい雰囲気が流れたとき"",""attack"":""相手のちょっとした失敗や格好の悪さを ユーモアを交えて大げさにからかう言葉を投げかける"",""humor_return"":""からかわれた側も怒るのではなく さらに機知に富んだ自虐ネタや相手へのユーモラスな切り返しで応じる"",""evaluation"":""言葉のトゲをユーモアの盾で受け流し 互いの関係性を壊さずに不満を解消するコミュニケーション能力が評価されます""}],""glossary"":[{""term"":""タンタライジング"",""explanation"":""ガイアナやカリブ海地域で 相手をユーモラスにからかったり冷やかしたりする言葉遊び""}],""citations"":[{""source_title"":""ARE YOU LOOKING AT MY MADNESS? EXAMINING CANADIAN-CARIBBEAN YOUTH'S INTERGENERATIONAL STORIES OF MENTAL HEALTH"",""url_or_isbn"":""https://yorkspace.library.yorku.ca/xmlui/handle/10315/38545"",""editorial_note"":""史実および原典に基づき 中高生が理解しやすいよう現代語訳および一部表現を加筆修正しています""}]}]}",,,,,,,,,,,,,,
第４象限,カザフスタン,"{""status"":""SUCCESS"",""cultures"":[{""culture_name"":""アイティス"",""catchcopy"":""ドンブラの音色に乗せて ユーモアと機知で戦う即興詩の決闘"",""historical_background"":""カザフスタンの広大な草原地帯で暮らす遊牧民の間で 古くから受け継がれてきた伝統芸能です 19世紀から20世紀にかけて特に盛んになり 文字を持たない遊牧社会において 歴史や道徳を伝える重要な手段でした"",""social_function"":""2人の即興詩人が楽器を弾きながら ユーモアや風刺を交えて言葉の刃を交わします 直接的な暴力を避け 観客の前で知恵を競い合うことで 社会的な不満や対立を平和的に解消する役割を果たしました"",""historical_examples"":[{""combatants"":""ビルジャンとサラの対決"",""background"":""1871年 高名な男性詩人ビルジャンと 若き女性詩人サラが対峙し 社会の不条理や女性の権利について議論を交わしました"",""attack"":""ビルジャンはサラに対し 彼女が望まない結婚を強いられていることや 彼女の部族の男性たちが彼女を守れていないことを風刺しました"",""humor_return"":""サラはひるむことなく 自身の知性と詩の美しさを誇り ユーモアと鋭い論理でビルジャンの主張をかわしながら 女性の自立と尊厳を堂々と歌い上げました"",""evaluation"":""直接的な批判ではなく 詩的な比喩とユーモアを用いることで 厳しい社会批判をエンターテインメントへと昇華させ 聴衆の共感を得た点が高く評価されています""}],""glossary"":[{""term"":""アキン"",""explanation"":""カザフスタンの伝統的な即興詩人であり 歌手や演奏家の役割も兼ね備えた人々のこと""},{""term"":""ドンブラ"",""explanation"":""カザフスタンを代表する 2本の弦を持つ伝統的な撥弦楽器""}],""citations"":[{""source_title"":""Aitysh/Aitys, art of improvisation - UNESCO Intangible Cultural Heritage"",""url_or_isbn"":""https://ich.unesco.org/en/RL/aitysh-aitys-art-of-improvisation-00997"",""editorial_note"":""史実および原典に基づき 中高生が理解しやすいよう現代語訳および一部表現を加筆修正しています""}]},{""culture_name"":""ビイの雄弁術"",""catchcopy"":""一本の髪の毛を真っ二つにする 鋭い言葉で争いを収める賢者の知恵"",""historical_background"":""近代的な裁判制度が導入される以前のカザフ草原において 紛争解決を担った賢者ビイたちによる伝統的な口承法制度です 彼らの権威は世襲や任命ではなく 優れた知性と雄弁さに対する人々の信頼によって成り立っていました"",""social_function"":""部族間の土地争いや略奪などの深刻な対立に対し 暴力的な報復を避けるため 賢者ビイが比喩やユーモアに富んだ言葉を用いて 双方の当事者が納得する平和的な和解へと導きました"",""historical_examples"":[{""combatants"":""トール ビイとカズベク ビイの対話"",""background"":""カザフの歴史において 最も尊敬される3大賢者たちが 部族間の境界線や同盟について議論を交わした際の出来事です"",""attack"":""ある部族が他方の領土や家畜の所有権を主張し 物理的な衝突が避けられない緊迫した状況が生じました"",""humor_return"":""賢者たちは 鋭い風刺や自然の比喩を用いたユーモラスな言葉遊びを交えながら 争いの愚かしさを説き 互いの面目を保ちながら妥協点を見出すことに成功しました"",""evaluation"":""法的な強制力ではなく 誰もが納得せざるを得ない機知に富んだ言葉の力によって 復讐の連鎖を断ち切り 平和的な合意を形成した点にあります""}],""glossary"":[{""term"":""ビイ"",""explanation"":""伝統的なカザフ社会において 優れた知性と雄弁術を持ち 裁判官や調停役を務めた賢者のこと""},{""term"":""雄弁術"",""explanation"":""カザフ語でシェシンディク ソズデルと呼ばれ 巧みな比喩や格言を用いて人々を説得する高度な話し言葉の技術""}],""citations"":[{""source_title"":""Justice on Steppe: How Kazakh Judges Settle Disputes - The Astana Times"",""url_or_isbn"":""https://astanatimes.com/2026/07/justice-on-steppe-how-kazakh-judges-settle-disputes/"",""editorial_note"":""史実および原典に基づき 中高生が理解しやすいよう現代語訳および一部表現を加筆修正しています""}]}]}",,,,,,,,,,,,,,
第４象限,カタール,"{""status"":""SUCCESS"",""cultures"":[{""culture_name"":""ムハーワラ"",""catchcopy"":""剣を言葉に持ち替え 即興のユーモアで部族の不和を和らげる知恵の闘技"",""historical_background"":""カタールを含むアラビア半島の砂漠地帯で暮らすベドウィンたちの間で発祥しました 過酷な環境下で部族間の武力衝突を避けるため 言葉の力で対立を解決する手段として発展した即興の詩の対決です"",""social_function"":""対立する当事者や詩人が観客の前で特定のテーマについて即興で詩を詠み合います 風刺や誇りを交えつつも ユーモアや比喩に富んだ切り返しを行うことで 当事者たちの怒りを笑いに変え 直接的な暴力を防ぐ役割を果たしました"",""historical_examples"":[{""combatants"":""水場を巡る部族間の対立"",""background"":""19世紀のカタールにおいて 貴重な水場の所有権を巡って二つの部族が武力衝突寸前の緊張状態に陥った際 仲介者がマジュリスに双方の詩人を集めて対決を行わせました"",""attack"":""お前たちの部族は砂漠の乾いた風のようであり 我々の豊かな土地を脅かし 荒廃させる存在だ"",""humor_return"":""我々が風ならば お前たちはその風を受け止める豊かな砂丘だ 風が砂を動かしても 砂丘はさらに大きく美しくなるだけではないか お互いがあってこその砂漠だ"",""evaluation"":""相手の攻撃的な比喩を逆手に取り ユーモアと寛容さを示すことで 対立を お互いに不可欠な自然の営み へと昇華させ 観客を笑わせながら緊張を解いた点が高く評価されます""}],""glossary"":[{""term"":""ベドウィン"",""explanation"":""アラビア半島の砂漠地帯で伝統的に移動しながら暮らしてきた遊牧民のことです""},{""term"":""マジュリス"",""explanation"":""人々が集まり 議論や社交 詩の朗読などを行う伝統的な集会所のことです""}],""citations"":[{""source_title"":""Layali Al-Muhawara and Al-Samri Nights Set to Launch This Weekend at Qasr Al-Hukm"",""url_or_isbn"":""https://moc.gov.qa/"",""editorial_note"":""史実および原典に基づき 中高生が理解しやすいよう現代語訳および一部表現を加筆修正しています""}]},{""culture_name"":""ナバティ詩による調停"",""catchcopy"":""伝統的な口承詩の比喩を用いて 頑なな心を解きほぐす和解の芸術"",""historical_background"":""カタールを含む湾岸地域において 何世紀にもわたり受け継がれてきた口語による詩の伝統です カタールの建国者であるシェイク ジャーシム ビン ムハンマド アール サーニーも 優れた詩人であり 詩を用いて調停を行いました"",""social_function"":""部族間の紛争や個人的な不和を解決する伝統的な和解のプロセスにおいて 詩人が比喩やユーモアを交えた詩を詠むことで 頑なになった当事者たちの心を和らげ 平和的な解決へと導く機能を持っています"",""historical_examples"":[{""combatants"":""建国者シェイク ジャーシムと対立する部族"",""background"":""19世紀後半 カタールの統合を進める中で 一部の部族が反発し 緊張が高まった際 シェイク ジャーシムは武力で制圧するのではなく 自身のナバティ詩を送り届けることで対話を試みました"",""attack"":""我々は独自の自由を愛し 誰の支配も受け入れない 剣を持って立ち向かう用意がある"",""humor_return"":""我々の剣は敵に向けるものであり 兄弟であるお前たちに向けるものではない 共に同じ天幕の下で 砂漠の星を眺めながら 温かいコーヒーを飲もうではないか"",""evaluation"":""相手の敵対心を 兄弟愛 や 共同体の温かさ という比喩で包み込み ユーモアと寛大さを示すことで 相手の面目を保ちつつ 武力衝突を回避した点が高く評価されます""}],""glossary"":[{""term"":""ナバティ詩"",""explanation"":""アラビア半島の口語 方言 で詠まれる伝統的な詩で 人々の日常生活や価値観を表現します""},{""term"":""スルフ"",""explanation"":""アラブ社会における伝統的な和解や調停のプロセスのことです""}],""citations"":[{""source_title"":""Poetry Lives On: An Examination of the Past Leads to the Present - HBKU"",""url_or_isbn"":""https://www.hbku.edu.qa/"",""editorial_note"":""史実および原典に基づき 中高生が理解しやすいよう現代語訳および一部表現を加筆修正しています""}]}]}",,,,,,,,,,,,,,
第４象限,カナダ,"{""status"":""SUCCESS"",""cultures"":[{""culture_name"":""イヌイットのソング デュエル"",""catchcopy"":""拳の代わりに言葉の矢を放つ 北極圏のユーモアあふれる歌の裁判"",""historical_background"":""カナダの北極圏に暮らす先住民族イヌイットの間で古くから行われてきた伝統的な紛争解決の手段です 厳しい自然環境の中で生き抜くためにはコミュニティ内の協力が不可欠であり メンバー同士の対立が暴力や殺し合いに発展することは集団全体の存続を脅かす重大な危機でした そのため彼らは直接的な暴力を避け 感情のしこりを解消するための知恵としてこの歌の決闘を発達させました"",""social_function"":""個人間の争いや不満が生じた際 当事者双方がコミュニティの人々の前で太鼓を叩きながら相手を風刺する歌を交互に歌い合います 歌の内容は相手の失敗や欠点 奇妙な癖などをユーモアと皮肉を交えてからかうもので 聴衆であるコミュニティのメンバーがどちらの歌をより面白がり支持したかによって勝敗が決まります 暴力を使わずにユーモアと笑いによって対立を公に解消し コミュニティの調和を取り戻す役割を果たしていました"",""historical_examples"":[{""combatants"":""ウタハーニアとカナイフアック"",""background"":""約100年前にカナダのキヴァリク地方に暮らしていたキャリブー イヌイットの二人の男性の間で起きた有名な歌のライバル関係"",""attack"":""カナイフアックはウタハーニアが親族と不適切な関係を持ったという個人的な不祥事を暴露する歌を歌い 聴衆の前で彼を激しく非難しました"",""humor_return"":""ウタハーニアは動じることなくカナイフアックが妻と喧嘩をして徹底的に叩きのめされたエピソードをユーモラスに歌い返しました さらにカナイフアックが宣教師から学んだばかりの新しい文字を書く様子を宣教師の記号アルファベットと呼んでからかい 聴衆の大きな笑いを誘いました"",""evaluation"":""相手の深刻な暴露に対してユーモアと機知に富んだエピソードで切り返し 聴衆を笑わせることで暴力的な対立に発展させることなく緊張を和らげた点が極めて高く評価されました""}],""glossary"":[{""term"":""イヌイット"",""explanation"":""カナダ北部などの極地で暮らす先住民族の総称""},{""term"":""キヴァリク地方"",""explanation"":""カナダのヌナブト準州にある地域で伝統的なイヌイットの文化が色濃く残る場所""},{""term"":""音節文字"",""explanation"":""イヌイットの言語を表記するために宣教師らによって導入された文字体系""}],""citations"":[{""source_title"":""A song about syllabics - Nunatsiaq News"",""url_or_isbn"":""https://nunatsiaq.com/stories/article/a-song-about-syllabics/"",""editorial_note"":""史実および原典に基づき 中高生が理解しやすいよう現代語訳および一部表現を加筆修正しています""},{""source_title"":""Inuit Song Duel - John Zada"",""url_or_isbn"":""https://www.johnzada.com/inuit-song-duel/"",""editorial_note"":""史実および原典に基づき 中高生が理解しやすいよう現代語訳および一部表現を加筆修正しています""}]}]}",,,,,,,,,,,,,,
第４象限,ガボン,"{""status"":""SUCCESS"",""cultures"":[{""culture_name"":""アヴソ"",""catchcopy"":""過激な罵り合いを笑いに変えて平和を築く 氏族間の絆を結ぶ伝統の冗談関係"",""historical_background"":""ガボン北部やカメルーン南部などの熱帯雨林地帯に暮らすファング族などのエカンと呼ばれる人々の間で古くから受け継がれてきました かつてこの地域では土地や資源をめぐって氏族同士の激しい武力衝突が頻発していました こうした不毛な殺し合いを終わらせるため 第三者の氏族が仲介に入り 永続的な平和の契約を結んだことがこの文化の始まりです"",""social_function"":""アヴソの関係にある氏族同士は お互いを主人と奴隷と呼び合ったり 公の場で非常に過激なからかいや侮辱を浴びせ合ったりすることが許されています この言葉の応酬には絶対に怒ってはならないという厳格なルールがあり 相手の攻撃をユーモアと機知で切り返さなければなりません これにより 日頃の不満や社会的な緊張が直接的な暴力に発展する前に 笑いとして安全に発散される仕組みになっています"",""historical_examples"":[{""combatants"":""エサコエ氏族とイェコンボ氏族"",""background"":""かつてガボン北部の森林地帯で些細な境界争いから激しい武力衝突を起こしていた両氏族が イェヴォル氏族の仲介によってアヴソの契約を結んだ後の集会での出来事です"",""attack"":""エサコエ氏族の男がイェコンボ氏族の男に対して お前たちは昔 我々の槍を恐れて森の奥深くへ逃げ込み 猿のように木の実を食べて生き延びた臆病者だ 今でもその時の泥が顔にこびりついているぞ とかつての敗走を激しくからかいました"",""humor_return"":""からかわれた男は怒るどころか大笑いし その通りだ 我々が木の上からお前たちの間抜けな戦いぶりを見下ろしてやっていたのだ お前たちは誰もいない地面に向かって槍を突き刺し 自分たちが勝ったと勘違いして踊っていたな あの時の滑稽なダンスをもう一度見せてくれたら 美味しいバナナを投げてやろう と機知に富んだユーモアで切り返しました"",""evaluation"":""過去の悲惨な戦争の記憶を 生々しい恨みとして残すのではなく お互いを道化に仕立て上げる笑い話へと昇華させた点です これにより 復讐の連鎖を完全に断ち切り 対等で親密な冗談のいとことしての関係を再確認しました""}],""glossary"":[{""term"":""エカン"",""explanation"":""ガボン北部や周辺国に暮らす ファング族など共通の文化や言語グループを持つ人々の総称です""},{""term"":""氏族"",""explanation"":""共通の祖先を持つとされる家族の集まりで ガボンの伝統社会における基本的なコミュニティの単位です""},{""term"":""セファロフス"",""explanation"":""アフリカの森林に生息する小型のレイヨウという動物で アヴソの同盟を結ぶ儀式で共に食べる特別な食事として使われました""},{""term"":""ビュッフェ・クルトゥレル・アヴソ"",""explanation"":""ガボンの首都などで現代も開催されている アヴソの伝統を体験し ユーモアの応酬や伝統料理を楽しむ文化イベントです""}],""citations"":[{""source_title"":""Cours N° 10: Avus? (Fa?on de parent? chez les Fang) - G?n?ration Ekang"",""url_or_isbn"":""https://www.generationekang.fr/2011/08/cours-n-10-avuso-facon-de-parente-chez-les-fang.html"",""editorial_note"":""史実および原典に基づき 中高生が理解しやすいよう現代語訳および一部表現を加筆修正しています""},{""source_title"":""De la n?cessit? d'?tudier les relations interethniques pour appr?hender la dynamique du changement : le cas des Baka et des Fang - Mv? de Minvoul (Gabon)"",""url_or_isbn"":""https://journals.openedition.org/anthropodev/477"",""editorial_note"":""史実および原典に基づき 中高生が理解しやすいよう現代語訳および一部表現を加筆修正しています""}]}]}",,,,,,,,,,,,,,
第４象限,カメルーン,"{""status"":""SUCCESS"",""cultures"":[{""culture_name"":""フルベ族とカヌリ族の冗談関係"",""catchcopy"":""あえて最悪の言葉をぶつけ合うことで 争いを未然に防ぐ平和の知恵"",""historical_background"":""カメルーン北部において 遊牧を営むフルベ族と 農耕を営むカヌリ族は かつてボルヌ帝国という大帝国の時代から深く関わってきました 異なる生活様式や文化を持つ両者は 時に緊張関係にありましたが 直接的な武力衝突を避けるために お互いを特別な冗談のパートナーとして認め合う歴史的な知恵を生み出しました"",""social_function"":""この関係にある者同士は 出会った際にお互いに通常では決して許されないような激しい罵り言葉を交わし合います しかし これらはすべて儀礼的な冗談であり 相手を傷つける悪意はありません どんなにひどい言葉を言われても 決して怒ってはならないというルールがあります あえて最悪の言葉をぶつけ合うことで 心の中の緊張や敵意をユーモアとして発散し 民族同士の対立を未然に防ぐ役割を果たしています"",""historical_examples"":[{""combatants"":""フルベ族とカヌリ族"",""background"":""カメルーン北部の市場や街角で 異なる民族であるフルベ族とカヌリ族が出会った場面"",""attack"":""お前たちはいつも牛の後ろを追いかけているだけの 目の見えない偽善者で わたしの奴隷だ"",""humor_return"":""お前たちこそ 犬や猫と一緒に暮らしている不衛生な人食いだ お前たちの持ち物はすべてわたしのものだ"",""evaluation"":""通常なら戦争や暴力に発展するような最悪の侮蔑語を あえて儀礼的な冗談として制度化することで お互いの感情的なトゲを抜き去り 平和的な共存を可能にする点""}],""glossary"":[{""term"":""冗談関係"",""explanation"":""特定の親族や民族の間で お互いに無礼な冗談や罵り合いをすることが社会的に許され むしろ仲良くなるために推奨される特別な人間関係のことです""},{""term"":""フルベ族"",""explanation"":""西アフリカから中部アフリカにかけて広く暮らす 伝統的に牛の放牧を行う遊牧民族です""},{""term"":""カヌリ族"",""explanation"":""チャド湖周辺やカメルーン北部に暮らす 伝統的に農耕や塩の交易を行う民族です""},{""term"":""ボルヌ帝国"",""explanation"":""14世紀から19世紀にかけて チャド湖周辺を支配した歴史的な大帝国です""},{""term"":""卑罵表現"",""explanation"":""相手を侮辱したり 罵ったりするために使われる言葉のことです""}],""citations"":[{""source_title"":""冗談関係にあるもののあいだでかわされる冗談 : 北部カメルーン・フルベ族の場合"",""url_or_isbn"":""https://doi.org/10.15021/00004176"",""editorial_note"":""史実および原典に基づき 中高生が理解しやすいよう現代語訳および一部表現を加筆修正しています""}]}]}",,,,,,,,,,,,,,
第４象限,韓国,"{""status"":""SUCCESS"",""cultures"":[{""culture_name"":""タルチュムのチェダム"",""catchcopy"":""仮面の下から放たれる言葉の矢と笑いの盾"",""historical_background"":""朝鮮王朝後期（17世紀から19世紀）の韓国では 厳格な身分制度による社会的な不満が高まっていました そのような中で 庶民たちが日頃の鬱憤や支配階級への不満を安全に解消するための娯楽として 仮面劇であるタルチュムが各地で盛んに行われるようになりました"",""social_function"":""支配階級である両班と被支配階級である庶民の間の深刻な対立を 直接的な暴力や反乱ではなく 劇中でのユーモアや言葉遊びによって笑いに昇華させました これにより 社会の緊張を一時的に和らげる安全弁としての役割を果たしました"",""historical_examples"":[{""combatants"":""下男マルットギと両班たち"",""background"":""朝鮮王朝時代の仮面劇である鳳山タルチュムにおいて 威厳を保とうとする支配階級の両班たちと 彼らに仕える下男のマルットギが対峙する場面です"",""attack"":""両班たちが威張り散らしながら マルットギよ お前は主人を差し置いてどこをほっつき歩いているのだ と威厳を示そうとします"",""humor_return"":""マルットギは 両班 という言葉を 犬の皮で作った敷物 や 壊れたお盆 などの同音異義語にすり替えてからかいます 両班が怒って 貴様 何と言った と叱りつけると マルットギは いやいや お耳が遠いようで 私が言ったのは高名で立派な両班様たちのことです と巧みに言い訳をします すると両班たちは そうか 聞き間違いだったか と納得し 最後はみんなで音楽に合わせて踊り出します"",""evaluation"":""鋭い風刺で相手の権威をユーモラスに引き下げつつも 最後は 言い訳 というクッションを挟んで相手の面子を保ち 音楽と踊りで全員が一体となって和解する対立の止揚プロセスが高く評価されます""}],""glossary"":[{""term"":""タルチュム"",""explanation"":""韓国の伝統的な仮面劇のことで 仮面をかぶった演者たちが踊りや歌 演劇を通して社会風刺を行います""},{""term"":""チェダム"",""explanation"":""タルチュムやパンソリなどの伝統芸能において 交わされる滑稽で機知に富んだセリフや言葉遊びのことです""},{""term"":""両班"",""explanation"":""朝鮮王朝時代の特権的な貴族階級のことで 政治や社会の主導権を握っていました""}],""citations"":[{""source_title"":""韓国の伝統仮面劇にみられる風刺 of Otemae University"",""url_or_isbn"":""https://ci.nii.ac.jp/naid/110009439115"",""editorial_note"":""史実および原典に基づき 中高生が理解しやすいよう現代語訳および一部表現を加筆修正しています""}]},{""culture_name"":""シジョの掛け合い"",""catchcopy"":""鋭い知性を優雅な調べに隠す言葉の真剣勝負"",""historical_background"":""朝鮮王朝時代には 儒教的な厳格な道徳観が社会を支配していました そのような息苦しい人間関係の中で 感情や主張を直接ぶつけるのではなく 定型詩であるシジョを用いて風雅にやり取りする文化が知識人や妓生の間で発達しました"",""social_function"":""政治的な対立や 身分や立場の違いによる緊張関係 あるいは男女間の駆け引きにおいて 直接的な拒絶や批判を避けるために用いられました 比喩や二重の意味を込めた詩を即興で詠み合うことで 相手のプライドを傷つけずに自分の意思を伝え 対立を和らげました"",""historical_examples"":[{""combatants"":""妓生ファン ジニと王族ピョッケス"",""background"":""王族であるピョッケスは 自分は絶対に名妓であるファン ジニの誘惑には乗らない すぐに通り過ぎてみせる と豪語していました これを聞いたファン ジニは 彼が馬に乗って通り過ぎる道中で待ち伏せし 詩を詠みかけました"",""attack"":""ピョッケスは自分が高潔な王族であり 誘惑に負けず素通りするという態度で 彼女を無視して通り過ぎようとしました"",""humor_return"":""ファン ジニは 青山の中を流れる碧渓水よ 急いで流れ去るのを誇るな 一度広い海に達すれば 再び戻ることは難しい 明月が山いっぱいに輝くこの夜に 少し休んでいってはどうだ と詠みました"",""evaluation"":""相手の名前である 碧渓水 を青い谷川の水に 重ね合わせ 自分の芸名である 明月 を明るい月に重ね合わせる重意法を用いました 直接的な誘惑や引き止めではなく 自然の理 として引き止める優雅な論理を展開し 相手を感嘆させて馬から落としました""}],""glossary"":[{""term"":""シジョ"",""explanation"":""韓国の伝統的な定型詩のことで 日本の短歌のように一定の音数律に沿って詠まれます""},{""term"":""妓生"",""explanation"":""朝鮮王朝時代に 歌舞や詩歌などの芸術的な教養を身につけ 宴席で両班たちをもてなした女性たちのことです""},{""term"":""重意法"",""explanation"":""一つの言葉に二つ以上の意味を持たせる表現技法で 日本の掛詞に似ています""}],""citations"":[{""source_title"":""ファン・ジニが広めた時調(シジョ)－日韓の国民歌謡とは"",""url_or_isbn"":""https://www.mindan.org/"",""editorial_note"":""史実および原典に基づき 中高生が理解しやすいよう現代語訳および一部表現を加筆修正しています""}]}]}",,,,,,,,,,,,,,
第４象限,ガンビア,"{""status"":""SUCCESS"",""cultures"":[{""culture_name"":""民族間のカル"",""catchcopy"":""お互いを笑い飛ばして争いを防ぐ 民族を越えた友情の約束"",""historical_background"":""西アフリカのガンビアでは 古くから異なる民族や家系の間で 冗談を言い合うことで対立を避ける文化があります 牧畜を営むフラ族と農耕を営むジョラ族などは 土地や資源をめぐって対立しやすい関係にありましたが 13世紀のマリ帝国時代に制定された平和の憲法などをきっかけに お互いに冗談を言い合う特別な同盟関係が結ばれました"",""social_function"":""この文化は 異なる民族が出会ったときに あえてお互いの特徴や生活習慣をユーモアを交えてからかい合うことで 緊張感を一瞬で和らげる機能を持っています どんなに激しい言葉を使っても 決して怒ってはならないという厳格なルールがあり 暴力的な衝突を未然に防ぐ社会的な安全弁として機能しています"",""historical_examples"":[{""combatants"":""牧畜を営むフラ族と農耕を営むジョラ族"",""background"":""市場や村の境界線などで 異なる民族の若者たちが出会ったとき 緊張感が高まるのを防ぐために交わされる日常的な言葉の応酬です"",""attack"":""お前たちジョラ族は 森の中でヤシ酒ばかり飲んで怠け者だ 先祖はうちの奴隷だったに違いない"",""humor_return"":""お前たちフラ族こそ 一生を牛の尻尾の後ろで過ごし 牛乳ばかり飲んでいるから頭が真っ白になっているぞ"",""evaluation"":""お互いの生業やステレオタイプを徹底的に笑いのネタにすることで 敵意を親しみやすさに変換し 土地や資源をめぐる現実の対立を未然に防ぐ知恵が高く評価されています""}],""glossary"":[{""term"":""カル"",""explanation"":""ウォロフ語で冗談関係を意味する言葉で 異なるグループ同士が親しくからかい合う伝統的な仕組みのことです""},{""term"":""セネガンビア"",""explanation"":""ガンビアとセネガルを含む 西アフリカの地域を指す言葉です""}],""citations"":[{""source_title"":""Joking for Peace Social Organization Tradition and Change in Gambian Conflict Management"",""url_or_isbn"":""https://journals.openedition.org/apof/263"",""editorial_note"":""史実および原典に基づき 中高生が理解しやすいよう現代語訳および一部表現を加筆修正しています""}]},{""culture_name"":""姓同士のサナーウィヤ"",""catchcopy"":""祖先の絆を名前で呼び起こし 怒りを一瞬で笑顔に変える魔法の言葉"",""historical_background"":""ガンビアでは 民族だけでなく特定の姓（ラストネーム）同士の間にも 冗談関係が結ばれています 例えばフォファナ家とジャイテ家の間には 祖先が旅の途中で飢えをしのぐために助け合ったという伝説があり これが何世代にもわたって受け継がれてきました"",""social_function"":""日常生活や話し合いの場で 激しい議論や対立が起きたとき 仲裁者が当事者たちの姓に注目します 冗談関係にある姓同士であることを指摘されると 当事者はどんなに怒っていても 冗談を受け入れて怒りを収め 和解しなければならないという強い社会的義務が生じます"",""historical_examples"":[{""combatants"":""フォファナ家とジャイテ家の当事者"",""background"":""村 of 土地争いや個人的なトラブルで 激しい口論になり 暴力沙汰になりかけた場面です"",""attack"":""お前は絶対に許さない 徹底的に戦って白黒つけてやる"",""humor_return"":""おいおい 忘れたのか 私たちの祖先は旅の途中で自分の脚の肉を分け合って生き延びた仲だぞ お前がそんなに怒るなら また私の肉を食わせてやろうか"",""evaluation"":""個人的な怒りや対立を 祖先が結んだ美しい絆の物語とユーモアによって包み込み 怒り続けることを恥ずかしいと思わせることで 平和的な解決へと導く論理が評価されています""}],""glossary"":[{""term"":""サナーウィヤ"",""explanation"":""マンディンカ語で冗談関係を意味する言葉で 姓や家系の間で結ばれる強い絆を指します""}],""citations"":[{""source_title"":""Special Affinities and Conflict Resolution West African Social Institutions and Mediation"",""url_or_isbn"":""https://www.researchgate.net/publication/237315411"",""editorial_note"":""史実および原典に基づき 中高生が理解しやすいよう現代語訳および一部表現を加筆修正しています""}]}]}",,,,,,,,,,,,,,
第４象限,カンボジア,"{""status"":""SUCCESS"",""cultures"":[{""culture_name"":""アヤイ"",""catchcopy"":""歌と言葉のキャッチボールでトゲのある本音を笑いに変える即興の知恵比べ"",""historical_background"":""カンボジアで17世紀末から受け継がれてきた伝統的な即興の歌掛け合いです 収穫祭や正月などのめでたい席で 人々が集まる広場を中心に発展しました 20世紀後半のクメール ルージュによる厳しい弾圧を乗り越え 現代でもテレビやラジオで愛され続けているカンボジアを代表する大衆芸能です"",""social_function"":""カンボジアの社会では 人前で怒りをあらわにしたり 直接相手を批判したりすることは 相手の顔を潰す大変失礼な行為とされています そのため 男女のすれ違いや世代間の価値観のズレ 社会への不満といった対立しやすいテーマを アヤイというユーモアあふれる言葉遊びの形にして 歌い合いながら笑いとともに解決する役割を果たしてきました"",""historical_examples"":[{""combatants"":""男女の役割をめぐる知恵比べ"",""background"":""伝統的な役割分担に縛られる男女が お互いの不満をユーモラスにぶつけ合うアヤイの定番の掛け合いです"",""attack"":""男は外で汗を流して重労働をしているのに 女は家の中で涼しく料理をしているだけで楽をしているのではないか という男性側からのからかい混じりの主張です"",""humor_return"":""女が家の中でこなす家事や育児は 1日に100以上の仕事を同時にこなす高度な頭脳戦であり あなたが外で稼いできたわずかなお金を 何倍もの価値に変えて家庭を守っているのは誰のおかげですか という女性側からの韻を踏んだ鋭い切り返しです"",""evaluation"":""相手の主張を真っ向から否定して怒るのではなく 相手の言葉の響きや韻を巧みに利用しながら ユーモアを交えて自分の貢献度をアピールし 最終的にお互いの大切さを認め合う着地点を見事に導き出す即興の知恵が評価されます""}],""glossary"":[{""term"":""クメール ルージュ"",""explanation"":""1970年代後半にカンボジアを支配し 多くの伝統文化や知識人を弾圧した過激な政治勢力のことです""},{""term"":""サンプア"",""explanation"":""両手を胸の前で合わせてお辞儀をする カンボジアの伝統的な挨拶や敬意の示し方です""}],""citations"":[{""source_title"":""Ayai - Wikipedia"",""url_or_isbn"":""https://en.wikipedia.org/wiki/Ayai"",""editorial_note"":""史実および原典に基づき 中高生が理解しやすいよう現代語訳および一部表現を加筆修正しています""},{""source_title"":""The Art Of AYAI - Leisure Cambodia"",""url_or_isbn"":""http://www.leisurecambodia.com/news/detail.php?id=63"",""editorial_note"":""史実および原典に基づき 中高生が理解しやすいよう現代語訳および一部表現を加筆修正しています""}]}]}",,,,,,,,,,,,,,
第４象限,北マケドニア,"{""status"":""SUCCESS"",""cultures"":[{""culture_name"":""イタル ペヨのとんち合戦"",""catchcopy"":""暴力ではなく機知で支配者をやり込めるマケドニアの伝統的な言葉遊び"",""historical_background"":""19世紀半ばのオスマン帝国支配下のマケドニア地方において 厳しい税制や身分制度に苦しむ民衆の間で生まれた民話文化です 特にマリオヴォ地方を中心に語り継がれました 支配者層であるオスマン帝国の役人や地主たちの理不尽な要求に対し 暴力ではなく言葉の機知で立ち向かう庶民の知恵が反映されています"",""social_function"":""圧倒的な権力を持つ支配者と被支配者の間の対立を 直接的な衝突や暴力に発展させることなく ユーモアやとんちによって解決する役割を果たしました 相手の面目を完全に潰すことなく ユーモラスな対話を通じて理不尽な状況を笑い飛ばし 社会的な緊張を和らげる機能を持っていました"",""historical_examples"":[{""combatants"":""イタル ペヨとナスレッディン ホジャ"",""background"":""オスマン帝国の支配下で 知識人であるホジャが貧しい農民であるペヨの無知をからかって優位に立とうとした場面です"",""attack"":""ホジャはペヨに対して 汚い文字で書かれた手紙を渡し お前のような無学な者にはこの手紙の内容は読めまい と嘲笑しました"",""humor_return"":""ペヨは手紙を眺めた後 ホジャの頭に巻かれた立派なターバンを指差し この手紙は私ではなくあなたの立派なターバン宛てに書かれているようです そんなに読みたいならそのターバンに読ませるか 私にそのターバンを貸してください そうすれば読めるでしょう と切り返しました"",""evaluation"":""相手の学歴や身分を笠に着た攻撃に対し 相手の権威の象徴であるターバンをユーモラスに引き合いに出すことで 暴力を使わずに相手の傲慢さをいなし 対話を笑いに変えた点が高く評価されます""},{""combatants"":""イタル ペヨとナスレッディン ホジャの嘘比べ"",""background"":""二人のとんち名人が どちらがより優れた嘘をつけるか競い合った場面です"",""attack"":""ホジャが 私は昨日 天に届くほどの巨大なハサミを見た と突飛な嘘をついてペヨを試しました"",""humor_return"":""ペヨは驚く風もなく それは奇遇ですね 私は昨日 天に届くほどの巨大な布を見ました あの布を裁断するには まさにあなたの見たハサミが必要だったのでしょう と答えました"",""evaluation"":""相手の嘘を嘘だと否定して対立するのではなく 相手の主張を前提として受け入れた上で さらに大きなユーモアで包み込むことで 競争をユーモラスな共同作業へと昇華させた点です""}],""glossary"":[{""term"":""イタル ペヨ"",""explanation"":""北マケドニアの民話に登場する 貧しいけれど非常に賢く 機知に富んだ農民のキャラクターです""},{""term"":""ナスレッディン ホジャ"",""explanation"":""トルコやイスラム圏で広く知られるとんち名人で マケドニアの民話ではオスマン帝国の支配層や知識人の象徴として登場します""},{""term"":""マリオヴォ"",""explanation"":""北マケドニア南部にある歴史的な山岳地帯で イタル ペヨの物語が多く生まれた発祥の地とされています""}],""citations"":[{""source_title"":""Itar Pejo ? representative of the Macedonian joking wisdom - Rural Adventure - Mariovo"",""url_or_isbn"":""https://ruraladventure.mk/itar-pejo-representative-of-the-macedonian-joking-wisdom/"",""editorial_note"":""史実および原典に基づき 中高生が理解しやすいよう現代語訳および一部表現を加筆修正しています""},{""source_title"":""Joking and fooling in North Macedonia - DMWC"",""url_or_isbn"":""https://dmwc.org.mk/2020/03/31/joking-and-fooling-in-north-macedonia/"",""editorial_note"":""史実および原典に基づき 中高生が理解しやすいよう現代語訳および一部表現を加筆修正しています""}]}]}",,,,,,,,,,,,,,
第４象限,ギニア,"{""status"":""SUCCESS"",""cultures"":[{""culture_name"":""サナンクーヤ"",""catchcopy"":""怒りを笑いに変える 魔法のいとこ関係"",""historical_background"":""サナンクーヤは 13世紀の西アフリカに存在したマリ帝国で生まれた伝統的な社会的ルールです 帝国の創始者であるスンジャタ ケイタが定めた口承憲法 クルカン フガ憲章 の中で 平和を維持するための市民の義務として定められました ギニアを含む西アフリカの国々では 異なる民族や家系の間で 互いに冗談を言い合う特別な関係が何世代にもわたって受け継がれています"",""social_function"":""この文化は 異なる民族や家系の間で生じる緊張や対立を ユーモアと機知によって未然に防ぐ役割を持っています サナンクーヤの関係にある者同士は どんなに激しい言葉でからかい合っても 決して怒ってはならないという厳格なルールがあります 政治的な対立や日常のトラブルが起きた際にも この冗談関係を思い出すことで 暴力に訴えることなく笑いの中で和解することができます"",""historical_examples"":[{""combatants"":""プローとジャカンケ"",""background"":""ギニアの主要な民族であるプローとジャカンケの間で 日常のトラブルやビジネス上の口論が発生した場面です"",""attack"":""お前たちはいつも自分勝手で 頑固な連中だ 私たちの奴隷のようなものだ"",""humor_return"":""何を言うか 私たちが恵んでやる知恵がなければ お前たちは何もできないではないか だからお前たちこそ私たちのいとこであり 世話をされる側なのだ"",""evaluation"":""相手からの侮辱的な言葉を 伝統的な いとこ関係 の枠組みに引き戻し ユーモアを交えて切り返すことで 怒りの感情を笑いに昇華させ 対立を解消する点が高く評価されます""},{""combatants"":""バリー家とケイタ家"",""background"":""プローに多いバリーという苗字の人と マリンケに多いケイタという苗字の人が 市場での取引で意見が対立した場面です"",""attack"":""ケイタの奴らはいつも豆ばかり食べていて 頭の中まで豆になっているのではないか"",""humor_return"":""その豆を育ててお前たちバリーに分けてやっているのは誰だと思っているのだ 私たちがいなければお前たちは飢えてしまうぞ"",""evaluation"":""お互いの民族的なステレオタイプや食文化をあえて誇張して攻撃し合うことで 緊張感を和らげ 最終的にはお互いの存在を認め合う関係性を再確認する点にあります""}],""glossary"":[{""term"":""サナンクーヤ"",""explanation"":""西アフリカに伝わる 異なる民族や家系の間で冗談を言い合って対立を避ける伝統的な社会的慣習のことです""},{""term"":""クルカン フガ憲章"",""explanation"":""1236年にマリ帝国で定められたとされる 世界最古の口承憲法の一つで 平和や人権に関する決まりが含まれています""},{""term"":""プロー"",""explanation"":""ギニアをはじめとする西アフリカ一帯に暮らす 伝統的に牧畜を営んできた主要な民族の一つです""},{""term"":""ジャカンケ"",""explanation"":""西アフリカに暮らす 伝統的に商業やイスラム教の学問を重んじてきた民族グループの一つです""},{""term"":""マリンケ"",""explanation"":""かつてのマリ帝国を築いた中心的な民族で ギニアでも大きな人口を占める民族の一つです""}],""citations"":[{""source_title"":""Le cousinage ? plaisanterie : un rempart ancestral contre les conflits sociaux - Guin?enews"",""url_or_isbn"":""https://guineenews.org/le-cousinage-a-plaisanterie-un-rempart-ancestral-contre-les-conflits-sociaux/"",""editorial_note"":""史実および原典に基づき 中高生が理解しやすいよう現代語訳および一部表現を加筆修正しています""},{""source_title"":""La parent? ? plaisanterie (le sanakouya) : un atout pour le dialogue et la coh?sion sociale en Guin?e"",""url_or_isbn"":""ISBN : 978-2-343-02240-6"",""editorial_note"":""史実および原典に基づき 中高生が理解しやすいよう現代語訳および一部表現を加筆修正しています""}]}]}",,,,,,,,,,,,,,
第４象限,ギニアビサウ,"{""status"":""SUCCESS"",""cultures"":[{""culture_name"":""デンディラーガル"",""catchcopy"":""フラ族に伝わる 怒りを笑顔に変える魔法のからかい合い"",""historical_background"":""ギニアビサウの東部ガブ地方などに多く暮らすフラ族の間で 古くから受け継がれてきた伝統です 異なる家系や近隣の民族との間で 争いを避けるために結ばれた平和の約束がもとになっています"",""social_function"":""家畜の放牧地や水場をめぐるトラブルが起きたときに 相手をユーモラスにからかうことで 緊張した空気を一瞬で和らげ 暴力ではなく話し合いで解決する役割を持っています"",""historical_examples"":[{""combatants"":""フラ族の牧畜民と農耕民の対立"",""background"":""家畜が農地に迷い込んでしまい お互いに一触即発の険悪な空気になった場面です"",""attack"":""農民側が 牧畜民に対して お前たちの牛は持ち主に似て のんびりしすぎている から管理ができないのだ とからかいました"",""humor_return"":""牧畜民は怒るどころか お前たちの畑の作物が美味しすぎるから 牛も我慢できなかったのだ と笑いながら返し お互いに笑顔になって話し合いが始まりました"",""evaluation"":""相手の非難をユーモアで受け流し 敵対関係ではなく 冗談を言い合える親しい関係 であることを再確認させることで 衝突を未然に防ぐ知恵です""}],""glossary"":[{""term"":""フラ族"",""explanation"":""西アフリカに広く暮らす 伝統的に牛などの家畜を飼って移動する生活を送ってきた民族です""},{""term"":""ガブ地方"",""explanation"":""ギニアビサウの東部に位置する地域で かつてカブ王国という歴史的な国が栄えた場所です""}],""citations"":[{""source_title"":""Special Affinities and Conflict Resolution: West African Social Institutions and Mediation"",""url_or_isbn"":""https://vertexaisearch.cloud.google.com/grounding-api-redirect/AUZIYQFFxMVB50txlgu5-YeiJgywInc9lT4dlb7OoUA9PFlw-B3BKa9AI4aeKVJx6AM6z-JHWYzsx1PhWhoNloBFRnasdpC1f4SotQxPJlOy-6Y3SopJKiU2To1cGNcr73V79_C4uPcxxnTe888ufZ8tD6E="",""editorial_note"":""史実および原典に基づき 中高生が理解しやすいよう現代語訳および一部表現を加筆修正しています""}]},{""culture_name"":""サナウェヤー"",""catchcopy"":""マンディンゴ族が受け継ぐ どんな悪口も許される平和の同盟"",""historical_background"":""かつて西アフリカに栄えたマリ帝国の時代に 異なる氏族や民族の間で 決して血を流さない という誓いとともに結ばれた伝統的な同盟関係です"",""social_function"":""市場での取引や日常のささいな口論の際にあえて過激な冗談やからかいをぶつけ合うことで お互いのプライドを傷つけることなく 感情のガス抜きをする機能があります"",""historical_examples"":[{""combatants"":""市場での商人と買い手の値切り交渉"",""background"":""商品の値段をめぐって お互いに譲らず 口論になりかけた場面です"",""attack"":""買い手が 商人の氏族名を聞き お前の氏族はいつもケチで 有名だから こんなに高い値段をつけるのだ とからかいました"",""humor_return"":""商人は お前の氏族こそ いつもタダで手に入れようとする 欲張りだ と笑いながら言い返し 最終的にお互いが納得する適正な価格で取引を終えました"",""evaluation"":""氏族の歴史や名前を使った伝統的なからかいを利用することで 個人の怒りを集団のユーモアに昇華させ 平和的に交渉をまとめる技術です""}],""glossary"":[{""term"":""マンディンゴ族"",""explanation"":""西アフリカの広い範囲に暮らす民族で かつてのマリ帝国を築いたことでも知られています""},{""term"":""マリ帝国"",""explanation"":""１３世紀から１６世紀にかけて西アフリカで繁栄した 黄金の国として有名な大帝国です""}],""citations"":[{""source_title"":""Joking kinship: when Africa invented the political art of defusing violence - Nofi Media"",""url_or_isbn"":""https://vertexaisearch.cloud.google.com/grounding-api-redirect/AUZIYQGx0ItL3drCaIsfBB8iQMg3vdxKB_8r7kNLSy0yNBeMiCiy1X5LsjpINDhzhqzRV2R-YlLwgiufTnfhR6yvXLhw9Ncy6Oukd5McxW2UkeyfMn59HkStaAsncQeWvXZX_ru8rDIF-stNA2zofNko9yBa4JShO5aWql874qvhVraBzNo="",""editorial_note"":""史実および原典に基づき 中高生が理解しやすいよう現代語訳および一部表現を加筆修正しています""}]},{""culture_name"":""アゲロール"",""catchcopy"":""ジョラ族とセレール族を結ぶ 命を救う冗談の絆"",""historical_background"":""ギニアビサウ北部からセネガル南部にかけて暮らすジョラ族と セレール族の間で 共通の祖先を持つという伝説に基づいて何世代も守られてきた特別な関係です"",""social_function"":""どれほど深刻な対立や武力衝突の最中であっても この関係を呼び起こすことで 敵対心を一瞬で消し去り 命を奪うことを禁止する強力な平和維持機能を持っています"",""historical_examples"":[{""combatants"":""国境付近の武装勢力と人質を乗せた車の運転手"",""background"":""ギニアビサウ国境近くの紛争地域で 武装した兵士たちに車が包囲され 人質が危機に瀕した場面です"",""attack"":""武装した兵士（ジョラ族）に対し 運転手（セレール族）が 伝統的な冗談の関係を使って お前たちはいつもお腹をすかせているから 食べ物を奪いに来たのか とからかいました"",""humor_return"":""兵士たちは怒るどころか セレール族のくせに生意気なことを言うな と大笑いし 冗談のいとこ である運転手に敬意を表して 人質を全員無傷で解放しました"",""evaluation"":""一触即発の極限状態において 伝統的な冗談のルールを思い出すことで 暴力の連鎖を断ち切り 奇跡的な平和的解決をもたらした実例です""}],""glossary"":[{""term"":""ジョラ族"",""explanation"":""ギニアビサウやセネガル南部に暮らす 稲作を伝統とする民族です""},{""term"":""セレール族"",""explanation"":""セネガルやギニアビサウ周辺に暮らす ジョラ族と深い歴史的つながりを持つ民族です""}],""citations"":[{""source_title"":""Joking cousins | The Duck of Minerva"",""url_or_isbn"":""https://vertexaisearch.cloud.google.com/grounding-api-redirect/AUZIYQFDBReQBLhKrdIAqjJM2GNF1IEzk-vboQGaqE_A4WrZbypeoE9veuBEAVzkGHwpALWJB5WEWSmamPeSZ8FxRwunD__KdHAr7TfUtHp00B58r6B8pjMiiMAXIOV-ea2jYD7zvygSNTKYYv-YK_0OeXiV"",""editorial_note"":""史実および原典に基づき 中高生が理解しやすいよう現代語訳および一部表現を加筆修正しています""}]}]}",,,,,,,,,,,,,,
第４象限,キプロス,"{""status"":""SUCCESS"",""cultures"":[{""culture_name"":""ツィアティスタ"",""catchcopy"":""楽器の音色に乗せて言葉の刃をユーモアに変える即興詩の決闘"",""historical_background"":""地中海に浮かぶキプロス島では 古代ギリシャの詩の競技や中世ビザンツ帝国の英雄の歌が融合し 独自の言葉遊びが育まれました 19世紀末頃には バイオリンやリュートの伴奏に合わせて 15音節の韻を踏んだ詩を即興で作り合う現在の形が確立されました"",""social_function"":""人々が集まるお祭りや結婚式などの場で 意見の食い違いやライバル心を直接的なケンカではなく ユーモアと機知に富んだ詩の応酬によって解決する役割を持っています 相手を鋭く風刺しながらも 決して本気の暴力に発展させず 観客を笑わせるエンターテインメントとして対立を平和的に解消します"",""historical_examples"":[{""combatants"":""伝統的な詩人同士の対決"",""background"":""キプロスの伝統的なお祭りである洪水祭などで 詩人たちが大衆の前で互いの知恵とユーモアを競い合う場面"",""attack"":""お前がもし救急救命士だったとしても 私の鋭い言葉の攻撃でお前を心臓麻痺にして病院送りにしてみせよう"",""humor_return"":""お前は言葉が軽すぎて誰も相手にしない笑いものだ 私の言葉の重みで目を覚ますといい"",""evaluation"":""相手の攻撃をユーモラスに誇張して受け流し 暴力ではなく言葉のセンスとリズム感だけで相手を圧倒して観客を味方につける点""}],""glossary"":[{""term"":""ツィアティスタ"",""explanation"":""キプロスで受け継がれてきた即興の詩の対決で ユネスコの無形文化遺産にも登録されています""},{""term"":""洪水祭"",""explanation"":""キプロスで毎年行われる伝統的なお祭りで 詩の対決や音楽の演奏が盛んに行われます""},{""term"":""リュート"",""explanation"":""ヨーロッパや中東で古くから使われている 弦楽器の一種です""}],""citations"":[{""source_title"":""Tsiattista poetic duelling - UNESCO Intangible Cultural Heritage"",""url_or_isbn"":""https://ich.unesco.org/en/RL/tsiattista-poetic-duelling-00536"",""editorial_note"":""史実および原典に基づき 中高生が理解しやすいよう現代語訳および一部表現を加筆修正しています""},{""source_title"":""Cyprus' lyrical duelists spit fierce rhymes as they battle it out to the licks of a fiddle - AP News"",""url_or_isbn"":""https://apnews.com/article/cyprus-tsiattista-poetic-duels-rap-battle"",""editorial_note"":""史実および原典に基づき 中高生が理解しやすいよう現代語訳および一部表現を加筆修正しています""}]}]}",,,,,,,,,,,,,,
第４象限,キューバ,"{""status"":""SUCCESS"",""cultures"":[{""culture_name"":""コントロベルシア"",""catchcopy"":""言葉のボクシングの最後は笑顔のハグで終わる即興詩の対決"",""historical_background"":""キューバの農村地域で生まれた伝統的な音楽プント グアヒーロの中で発展した即興詩の掛け合いです スペインから伝わった詩の形式がキューバ独自の音楽やユーモアと結びつき 18世紀頃から人々の間で親しまれるようになりました"",""social_function"":""二人の詩人がお互いをユーモアや風刺を交えてからかい合いますが 最終的には必ずお互いを称え合って和解します コミュニティ内の対立や緊張を 暴力ではなく知的な笑いによって解決し 人々の絆を深める役割を持っています"",""historical_examples"":[{""combatants"":""フスト ベガ と アドルフォ アルフォンソ"",""background"":""キューバの長寿テレビ番組パルマス イ カーニャスで30年以上にわたりお茶の間を沸かせた伝説的な二人の詩人による対決です"",""attack"":""アドルフォがフストの年齢や真面目すぎる性格をユーモアたっぷりにからかい 観客の笑いを誘います"",""humor_return"":""フストは怒ることなく 持ち前の知性と美しい韻律を使ってアドルフォのいたずら心を優しくいなし 友情を確かめ合う詩を返します"",""evaluation"":""お互いを激しく攻撃し合っているように見えても 詩のルールを厳格に守りながら最後は必ず固いハグを交わして和解する姿勢が高く評価されています""}],""glossary"":[{""term"":""プント グアヒーロ"",""explanation"":""キューバの農村部で生まれた伝統的な音楽ジャンルで 弦楽器の伴奏に合わせて即興で詩を歌うのが特徴です""},{""term"":""レペンティスタ"",""explanation"":""伴奏に合わせてその場で即興の詩を作り出し 歌い上げる高度な技術を持った詩人のことです""},{""term"":""デシマ"",""explanation"":""1行が8音節で構成される10行の詩の形式です 韻を踏むルールが厳格に決まっています""},{""term"":""チョテオ"",""explanation"":""どんなに深刻な状況や権威に対しても ユーモアや風刺を使って笑い飛ばすキューバ独特の文化的な気質です""}],""citations"":[{""source_title"":""El punto guajiro expresion musical del alma cubana"",""url_or_isbn"":""https://www.todocuba.org/el-punto-guajiro-expresion-musical-del-alma-cubana/"",""editorial_note"":""史実および原典に基づき 中高生が理解しやすいよう現代語訳および一部表現を加筆修正しています""},{""source_title"":""Justo Vega - Directorio Musica Cubana"",""url_or_isbn"":""https://directoriomusicacubana.com/?artista=justo-vega"",""editorial_note"":""史実および原典に基づき 中高生が理解しやすいよう現代語訳および一部表現を加筆修正しています""}]}]}",,,,,,,,,,,,,,
第４象限,ギリシャ,"{""status"":""SUCCESS"",""cultures"":[{""culture_name"":""マティナデス"",""catchcopy"":""銃弾の代わりに言葉の刃を交わす即興詩の決闘"",""historical_background"":""ギリシャのクレタ島を中心に 15世紀から17世紀のヴェネツィア支配期に起源を持つとされる伝統的な口承詩の文化です 山岳地帯の厳しい自然環境と 家族間の名誉を重んじる強い絆の中で 時に激しい対立や復讐劇が生まれる社会背景から育まれました"",""social_function"":""クレタ島では歴史的に 家族や部族間の名誉をかけた血の復讐が社会問題となっていました このような緊張した対立関係において 直接的な暴力を避け 知性とユーモアによって名誉を守りつつ和解へと導く手段として 即興の詩の掛け合いが用いられました 音楽に合わせて交互に詩を詠み合うことで 怒りを芸術的な競争へと昇華させ 最終的な調停を促す役割を果たします"",""historical_examples"":[{""combatants"":""宴会の席で怒り出した若者と周囲の演奏者"",""background"":""クレタ島の伝統的な宴会において 些細な誤解から若者たちの間で一触即発の緊張が走った場面です"",""attack"":""相手の態度や発言を侮辱と受け取り 武器に手をかけようとする一瞬の沈黙と怒りの視線"",""humor_return"":""演奏者がリラを弾きながら ズッキーニの葉ではドルマデスは作れない 同じようにマティナデスに誤解やわだかまりは存在しない という即興詩を詠み上げました"",""evaluation"":""ズッキーニの葉という身近な料理の例えを用いて 詩の掛け合いの中ではすべての対立がユーモアに昇華されるべきだというルールを提示し 相手の怒りを笑いに変えて武装解除させた点が高く評価されます""}],""glossary"":[{""term"":""デカペンダシラボス"",""explanation"":""ギリシャの伝統的な詩で使われる15音節の韻律のことです""},{""term"":""サスモス"",""explanation"":""クレタ島に伝わる伝統的な和解や調停の慣習のことです""},{""term"":""ドルマデス"",""explanation"":""ブドウの葉などで米や肉を包んだギリシャの伝統的な料理のことです""}],""citations"":[{""source_title"":""Dialogues in Rhyme: The Performative Contexts of Cretan Mantin?des"",""url_or_isbn"":""https://journal.oraltradition.org/wp-content/uploads/2009/01/06_sykari.pdf"",""editorial_note"":""史実および原典に基づき 中高生が理解しやすいよう現代語訳および一部表現を加筆修正しています""}]},{""culture_name"":""スコリオン"",""catchcopy"":""饗宴の席で知性を競い合う即興の宴席歌"",""historical_background"":""古代ギリシャの古典期を中心に 知識人や市民が集まる饗宴の場で盛んに行われた即興の歌遊びです 参加者が順番に歌を繋いでいく形式で 政治的な議論や社会風刺が主なテーマとなりました"",""social_function"":""異なる政治的立場や意見を持つ市民たちが 直接的な口論や暴力を避け 詩的なルールの中で知的に意見を戦わせることで 饗宴の調和を保つ機能がありました 前の人が歌った詩に対して 即興でユーモアや風刺を交えて切り返すことで 緊張した議論を和らげ 共通の知的エンターテインメントへと昇華させました"",""historical_examples"":[{""combatants"":""饗宴に参加した異なる政治的立場を持つ市民たち"",""background"":""古代アテナイの饗宴において 政治的な対立や権力者への不満から 参加者の間で激しい議論が起こりそうになった場面です"",""attack"":""前の歌い手が 権力者を称えるような政治的な詩を歌い 自身の立場を主張しました"",""humor_return"":""次の歌い手が ミルトスの枝を受け取り 前の詩の韻律を巧みに引き継ぎながら 権力者の裏の顔をユーモラスに風刺する即興の詩を歌い上げました"",""evaluation"":""相手の主張を真っ向から否定するのではなく 詩のルールに従いながら機知に富んだ風刺で切り返すことで 議論をユーモアのある知的ゲームに変え 饗宴の調和を維持した点が高く評価されます""}],""glossary"":[{""term"":""シンポシオン"",""explanation"":""古代ギリシャで行われた 知的な対話や詩の朗読を伴うお酒を飲む宴会のことです""},{""term"":""ミルトス"",""explanation"":""古代ギリシャで神聖視された常緑樹で 饗宴で歌を歌う順番を示すために手渡されました""}],""citations"":[{""source_title"":""Skolion - Grokipedia"",""url_or_isbn"":""https://grokipedia.org/wiki/Skolion"",""editorial_note"":""史実および原典に基づき 中高生が理解しやすいよう現代語訳および一部表現を加筆修正しています""}]}]}",,,,,,,,,,,,,,
第４象限,キリバス,"{""status"":""NO_CULTURE_FOUND"",""cultures"":[]}",,,,,,,,,,,,,,
第４象限,キルギス,"{""status"":""SUCCESS"",""cultures"":[{""culture_name"":""アイティシュ"",""catchcopy"":""楽器を手に言葉の刃をユーモアに変える即興詩の対決"",""historical_background"":""キルギスの大自然の中で暮らす遊牧民たちの間で古くから受け継がれてきた口承文芸です 19世紀から20世紀にかけてトクトグル サティルガノフなどの偉大な詩人たちが活躍し 現代でも国の重要な文化として愛されています"",""social_function"":""人々が集まるお祭りや集会で 政治的な批判やコミュニティ同士の対立を 直接的な暴力ではなく ユーモアや風刺を交えた歌の掛け合いによって解決する役割を持っていました 相手を言い負かすだけでなく 聴衆を笑わせ納得させることが勝利の条件となります"",""historical_examples"":[{""combatants"":""トクトグル サティルガノフ と 宮廷歌手アルズィマト"",""background"":""1882年 当時18歳だった貧しい若き詩人トクトグルが 権力者に仕えるお抱え歌手のアルズィマトと大衆の前で対決しました"",""attack"":""アルズィマトはトクトグルに対して お前は靴すら買えない貧乏人で 権力者の偉大さを知らない無知な若者だと嘲笑しました"",""humor_return"":""トクトグルは 私は貧しいが人々の心を自由に歌う鳥だ お前は権力者のテーブルから落ちた骨をかじる犬にすぎないとユーモアを交えて切り返しました"",""evaluation"":""富や権力による威嚇に対して 精神の自由さとユーモアで対抗し 暴力を使わずに言葉の力だけで民衆の支持を勝ち取った点が高く評価されています""},{""combatants"":""トクトグル サティルガノフ と 弟子のエシュマンベト"",""background"":""お祭りや結婚式の席で 師匠と弟子が互いの実力を高め合い 会場を盛り上げるために行われた親善対決です"",""attack"":""エシュマンベトは師匠に対して 年老いて言葉のキレが鈍くなったのではないか と冗談交じりに挑発しました"",""humor_return"":""トクトグルは 熟した果実ほど甘みが増すように 私の言葉は年を重ねるごとに深みを増している お前はまだ青い果実だからもっと修行しなさい と笑顔で諭すように歌い返しました"",""evaluation"":""世代間の緊張や実力差による対立を ユーモアあふれる師弟の掛け合いに昇華させ 会場全体を温かい笑いで包み込んだ機知が高く評価されています""}],""glossary"":[{""term"":""アキン"",""explanation"":""キルギスやカザフスタンなどの伝統的な即興詩人であり 吟遊詩人のことです""},{""term"":""コムズ"",""explanation"":""キルギスの伝統的な3本弦の撥弦楽器で 木で作られています""},{""term"":""マナプ"",""explanation"":""かつてのキルギス社会における貴族や領主 権力者のことです""},{""term"":""アリム サバク"",""explanation"":""アイティシュの中でも 特に短いフレーズを素早く交互に交わすスピーディーな対決スタイルのことです""}],""citations"":[{""source_title"":""Aitysh/Aitys, art of improvisation - UNESCO Intangible Cultural Heritage"",""url_or_isbn"":""https://ich.unesco.org/en/RL/aitysh-aitys-art-of-improvisation-00997"",""editorial_note"":""史実および原典に基づき 中高生が理解しやすいよう現代語訳および一部表現を加筆修正しています""},{""source_title"":""Toktogul Satylganov - National Bank of the Kyrgyz Republic"",""url_or_isbn"":""https://www.nbkr.kg"",""editorial_note"":""史実および原典に基づき 中高生が理解しやすいよう現代語訳および一部表現を加筆修正しています""}]}]}",,,,,,,,,,,,,,
第４象限,グアテマラ,"{""status"":""SUCCESS"",""cultures"":[{""culture_name"":""ウエルガ デ ドロレス"",""catchcopy"":""独裁者の牙城を笑いで崩す 大学生たちの風刺パレード"",""historical_background"":""1898年にグアテマラのサン カルロス大学の学生たちによって始められた伝統的な抗議活動です 当時は独裁政権下であり 直接的な批判が厳しく制限されていたため 学生たちは仮面をかぶり ユーモアや風刺を用いて社会への不満を表現しました"",""social_function"":""政治的な抑圧や社会的な対立による緊張を 直接的な暴力ではなく 鋭い言葉遊びやパロディ 演劇などのユーモアによって昇華させ 市民の不満を安全に代弁する役割を持っています"",""historical_examples"":[{""combatants"":""サン カルロス大学の学生たちと軍学校の士官候補生たち"",""background"":""1946年の前夜祭の演劇で学生たちが軍をからかったため 翌1947年に軍の士官候補生たちが激怒し 暴力的な衝突に発展しかねない緊張状態が生じました"",""attack"":""軍側は名誉を傷つけられたとして怒り 武器を手に対立姿勢を強めました"",""humor_return"":""学生たちは詩人のウェルナー オバジェ ロペスの機知により 軍服を模したミニスカートをはき ライフルの代わりにほうきを担いで ユーモラスな歌に合わせて行進するパロディを行いました"",""evaluation"":""怒りに対して暴力で応じるのではなく 徹底的なユーモアとパロディで返すことで 相手の怒りの矛先をそらし 暴力的な衝突を未然に防いだ点が極めて高く評価されています""}],""glossary"":[{""term"":""サン カルロス大学"",""explanation"":""グアテマラで最も歴史があり 国内唯一の国立大学です 社会運動や文化活動の中心地としても知られています""},{""term"":""パロディ"",""explanation"":""有名な作品や特定の人物の行動を ユーモアを交えて真似ることで 風刺や笑いを生み出す表現手法です""}],""citations"":[{""source_title"":""Huelga de Dolores - Wikipedia"",""url_or_isbn"":""https://es.wikipedia.org/wiki/Huelga_de_Dolores"",""editorial_note"":""史実および原典に基づき 中高生が理解しやすいよう現代語訳および一部表現を加筆修正しています""},{""source_title"":""Centenaria Huelga de Dolores"",""url_or_isbn"":""https://www.prensalibre.com/"",""editorial_note"":""史実および原典に基づき 中高生が理解しやすいよう現代語訳および一部表現を加筆修正しています""}]},{""culture_name"":""ボンバス"",""catchcopy"":""お祭りの音楽を止めて放たれる ユーモアたっぷりの即興風刺詩"",""historical_background"":""スペイン植民地時代に伝わった詩の形式が 現地の先住民族マヤの文化や日常のユーモアと融合して発展した伝統的な口承文芸です お祭りやダンスの途中で音楽を止めて披露されます"",""social_function"":""男女間のちょっとした不満や 地域の人間関係の対立を 直接的な口論ではなく ユーモラスな詩の掛け合いによって笑い飛ばし 人間関係の緊張を和らげる機能を持っています"",""historical_examples"":[{""combatants"":""お祭りのダンスフロアでの男女"",""background"":""男性が女性に対して強引にアプローチしたことで 周囲に気まずい空気が流れました"",""attack"":""男性が「君の美しい瞳に吸い込まれそうだ」とキザな詩を詠んでアプローチしました"",""humor_return"":""女性が「吸い込まれる前に あなたの大きな鼻にぶつかってしまいそうね」と即興の詩で切り返しました"",""evaluation"":""相手の強引な態度を拒絶する際 怒るのではなくユーモアを交えた言葉遊びで返すことで 相手のプライドを傷つけずに場を爆笑に包み 緊張を和らげた点が評価されています""}],""glossary"":[{""term"":""口承文芸"",""explanation"":""文字で書かれるのではなく 人々の口から口へと語り継がれてきた詩や物語などの文化です""},{""term"":""即興"",""explanation"":""あらかじめ準備することなく その場の状況や雰囲気に合わせて その場で詩や言葉を作り出すことです""}],""citations"":[{""source_title"":""Bombas y Coplas - Tradici?n Oral"",""url_or_isbn"":""https://www.culturagenial.com/"",""editorial_note"":""史実および原典に基づき 中高生が理解しやすいよう現代語訳および一部表現を加筆修正しています""}]}]}",,,,,,,,,,,,,,
第４象限,クウェート,"{""status"":""SUCCESS"",""cultures"":[{""culture_name"":""ディワーニーヤ"",""catchcopy"":""私的な空間で公的な対立を溶かす対話の広場"",""historical_background"":""クウェートの伝統的なテントや住居の応接間から発展した集会文化です 1961年の独立以前から部族や家族 近隣住民が集まる場として大切にされてきました 2025年にはユネスコの無形文化遺産にも登録され クウェートの社会生活に欠かせないものとなっています"",""social_function"":""政党が禁止されているクウェートにおいて ディワーニーヤは非公式な民主主義の場として機能します 異なる意見を持つ人々がお茶やコーヒーを飲みながら ユーモアや機知に富んだ会話を交わすことで 政治的 社会的な対立を直接的な衝突ではなく 平和的な合意形成へと導く役割を持っています"",""historical_examples"":[{""combatants"":""クウェートの市民と政治家たち"",""background"":""政治的な抑圧や意見の対立が深まり 公式な場での発言が制限された緊迫した時期の対話です"",""attack"":""公式なメディアや議会が閉ざされ 自分たちの意見が届かないことへの不満や批判が渦巻いていました"",""humor_return"":""ディワーニーヤに集まった人々は 風刺的なジョークや即興の詩を交えてお互いをからかい合いながら 緊張を和らげ 共通のコンセンサスを形成していきました"",""evaluation"":""敵対する立場であっても 同じ部屋で対面しもてなしを受けながら ユーモアを交えて議論することで 対立を対話へと昇華させる点が高く評価されます""}],""glossary"":[{""term"":""無形文化遺産"",""explanation"":""人類が受け継いできた伝統的な芸能や祭り 社会的慣習などの形のない文化のことです""},{""term"":""コンセンサス"",""explanation"":""複数の人の間で得られる意見の一致や合意のことです""}],""citations"":[{""source_title"":""The Diwaniya a unifying cultural practice in Kuwait"",""url_or_isbn"":""https://ich.unesco.org/en/RL/the-diwaniya-a-unifying-cultural-practice-in-kuwait-02108"",""editorial_note"":""史実および原典に基づき 中高生が理解しやすいよう現代語訳および一部表現を加筆修正しています""}]},{""culture_name"":""ムハーワラ"",""catchcopy"":""即興の詩とユーモアで戦う言葉の決闘"",""historical_background"":""アラビア半島の遊牧民であるベドウィンの伝統に由来する 即興の詩の対決です クウェートを含む湾岸地域で古くから冠婚葬祭や祭りの場で行われ 人々を熱狂させてきました"",""social_function"":""2人の詩人が太鼓の伴奏やコーラスに合わせて 即興で詩を交わし合います テーマは社会問題や部族間の対立などですが 相手を直接攻撃するのではなく 比喩や風刺 ユーモアを用いて切り返します これにより 対立を暴力ではなく 芸術的でユーモラスなエンターテインメントとして平和的に解決します"",""historical_examples"":[{""combatants"":""異なる立場を代表する2人の即興詩人"",""background"":""部族間の名誉や過去の争い あるいは現代の社会的な対立をテーマにした対決です"",""attack"":""相手の立場や主張を 巧みな比喩や風刺を用いてユーモラスに挑発します"",""humor_return"":""挑発された詩人は 怒る代わりにさらに洗練された比喩とユーモア そして同じ韻律を守った即興詩で相手の主張をかわし 観客の笑いを誘います"",""evaluation"":""相手の攻撃を怒りで返すのではなく ルールの中でより高い知性とユーモアを持って切り返すことで 対立をエンターテインメントとして昇華させる点が高く評価されます""}],""glossary"":[{""term"":""ベドウィン"",""explanation"":""アラビア半島の砂漠で暮らしてきた伝統的な遊牧民のことです""},{""term"":""ナバティ詩"",""explanation"":""アラビア半島の口語（話し言葉）で書かれる伝統的な詩のことです""},{""term"":""ラザマ"",""explanation"":""詩の対決で観客やコーラス隊が繰り返す歌のフレーズのことです""}],""citations"":[{""source_title"":""Tonight My Gun Is Loaded Poetic Dueling In Arabia"",""url_or_isbn"":""https://journal.oraltradition.org/wp-content/uploads/2018/01/04_sowayan.pdf"",""editorial_note"":""史実および原典に基づき 中高生が理解しやすいよう現代語訳および一部表現を加筆修正しています""}]}]}",,,,,,,,,,,,,,
第４象限,クック諸島,"{""status"":""SUCCESS"",""cultures"":[{""culture_name"":""ウテ"",""catchcopy"":""即興の風刺とユーモアで対立を笑いに変える歌合戦"",""historical_background"":""クック諸島において古くから伝わる伝統的な歌やチャントの形式です 19世紀にキリスト教の宣教師が到来した際 その奔放でユーモラスな性質から一時的に禁止された歴史もありますが 人々の間で密かに受け継がれ 現在では憲法記念祭などの重要な文化的イベントで欠かせない演目となっています"",""social_function"":""島同士のライバル意識や 地域社会の中での政治的 社会的な対立 個人的な不満などを 直接的な暴力や激しい議論ではなく ユーモアや風刺を交えた即興の歌によって表現します 相手をユーモラスにからかいながらも 音楽と笑いを通じて緊張を和らげ 最終的にコミュニティの調和と連帯感を取り戻す役割を果たしています"",""historical_examples"":[{""combatants"":""異なる島や村の代表者たちによるライバル関係"",""background"":""クック諸島の各島の間には 歴史的に強いライバル意識が存在していました 特に伝統的な祭事や集会において 土地の境界や名誉を巡る緊張が生じることがありました"",""attack"":""相手の島の不便さや 過去の小さな失敗 あるいは指導者のちょっとした癖などを 鋭い風刺とユーモアを交えた即興の歌詞で歌い上げ 観客の笑いを誘います"",""humor_return"":""言われた側は怒るのではなく さらに機知に富んだ即興の歌詞で応酬します 相手の島の誇張された特徴をユーモラスに言い返したり 自分たちの不便さを自虐的な笑いに変えたりして 歌の技術とユーモアのセンスで切り返します"",""evaluation"":""単なる悪口ではなく 誰もが笑える絶妙なユーモアと その場で即興で歌詞を紡ぎ出す高い知性と音楽的センスが評価されます 対立をエンターテインメントに昇華させることで コミュニティ全体の絆を深める点が重視されます""}],""glossary"":[{""term"":""テ マエヴァ ヌイ"",""explanation"":""クック諸島の自主管理法制定を記念して毎年開催される 国内最大級の伝統文化フェスティバルです""},{""term"":""イメネ トゥキ"",""explanation"":""キリスト教の賛美歌とポリネシアの伝統的なチャントが融合した クック諸島独特の多声合唱のスタイルです""}],""citations"":[{""source_title"":""Vocal Music of the Cook Islands: Imene Tuki and Ute in the Homeland and the Diaspora"",""url_or_isbn"":""https://scholarspace.manoa.hawaii.edu/handle/10125/101987"",""editorial_note"":""史実および原典に基づき 中高生が理解しやすいよう現代語訳および一部表現を加筆修正しています""}]}]}",,,,,,,,,,,,,,
第４象限,グレナダ,"{""status"":""SUCCESS"",""cultures"":[{""culture_name"":""シェイクスピア マス"",""catchcopy"":""シェイクスピアの劇を暗唱して競い合う知的な言葉の決闘"",""historical_background"":""グレナダの姉妹島であるカリアク島で 植民地時代から受け継がれてきた伝統的な仮面劇です かつて奴隷制や植民地支配のもとで教育を制限されていた人々が 支配者の教科書に載っていたウィリアム シェイクスピアの戯曲を暗記し 独自の文化として再解釈したことが始まりです 2024年にはユネスコの無形文化遺産にも登録されました"",""social_function"":""村同士の対立や個人的な議論を 物理的な暴力ではなく 言葉の正確さと表現力で解決するための平和的な手段として機能してきました 相手を言葉で圧倒し ユーモアを交えながら知性を競い合うことで コミュニティの絆を深める役割を持っています"",""historical_examples"":[{""combatants"":""異なる村の代表者たちによるジュリアス シーザーの暗唱対決"",""background"":""カーニバルの日に村の境界線や広場で鉢合わせた異なる村のグループが 縄張りや名誉をかけて対峙した場面です"",""attack"":""相手の知性を試すために シェイクスピアの戯曲 ジュリアス シーザー の一節を大声で暗唱し 挑発します"",""humor_return"":""挑発された側は 相手の言葉を完璧に引き継いで暗唱し さらに独自の抑揚やユーモアを交えて切り返します もし相手が言葉に詰まったり間違えたりすると 象徴的な軽い鞭打ちを受け 観客の笑いを誘います"",""evaluation"":""支配者の文学を完璧にマスターしているという知的な誇りと 緊迫した状況をユーモアと暗記力で平和的なエンターテインメントに昇華させる論理的思考力が高く評価されます""}],""glossary"":[{""term"":""カリアク島"",""explanation"":""グレナダ領の小さな島で 独自の伝統文化や音楽が色濃く残っている地域です""},{""term"":""ジュリアス シーザー"",""explanation"":""シェイクスピアが書いた有名な歴史劇で 劇中のセリフがこの言葉遊びで広く使われます""}],""citations"":[{""source_title"":""Shakespeare Mas' added to UNESCO's ICH Representative List"",""url_or_isbn"":""https://nowgrenada.com/2024/12/shakespeare-mas-added-to-unescos-ich-representative-list/"",""editorial_note"":""史実および原典に基づき 中高生が理解しやすいよう現代語訳および一部表現を加筆修正しています""}]},{""culture_name"":""ピエロ グレナード"",""catchcopy"":""言葉をユーモラスに分解してスペリングする知的な道化師"",""historical_background"":""1700年代後半にフランス系グレナダ人とその奴隷たちがトリニダード島へ移住した際に持ち込まれた グレナダ起源の伝統的なカーニバルキャラクターです 豪華な衣装を着て暴力的な鞭打ちを行う従来のピエロを 風刺するために生まれました"",""social_function"":""物理的な暴力や逮捕につながるような激しい対立を ユーモアあふれる言葉遊びや社会風刺に置き換えることで 緊張を和らげる役割を果たしました 鋭い言葉の刃をユーモアで包み込み 社会の不平等を笑い飛ばすことで 人々の不満を平和的に解消しました"",""historical_examples"":[{""combatants"":""街頭での即興の言葉の戦い"",""background"":""カーニバルの期間中 異なるグループのピエロ グレナードが遭遇し どちらがより知的で言葉の扱いに長けているかを競い合った場面です"",""attack"":""相手に対して 難しい英単語を正しくスペリングできるか という知的な挑戦状を突きつけます"",""humor_return"":""挑戦された側は 単語を音節ごとにユーモラスな物語に分解してスペリングします 例えば 新聞 を意味する ニュースペーパー という単語を ニュース と 紙 に分け メディアハウスで落とし物の紙をめぐって会話する即興劇を演じながら ニュースペーパー とスペリングして観客を笑わせます"",""evaluation"":""難しい言葉をただ暗記するだけでなく その場で即興のユーモラスなストーリーに仕立て上げて説明する高い言語能力と機知が高く評価されます""}],""glossary"":[{""term"":""カーニバル"",""explanation"":""キリスト教の断食期間の前に行われるお祭りで 仮装や音楽 言葉遊びなどが盛んに行われます""},{""term"":""スペリング"",""explanation"":""英単語の綴りを一文字ずつ正しく並べることです""}],""citations"":[{""source_title"":""Traditional Mas Characters ? Pierrot Grenade"",""url_or_isbn"":""https://www.ncctt.org/traditional-mas-characters-pierrot-grenade/"",""editorial_note"":""史実および原典に基づき 中高生が理解しやすいよう現代語訳および一部表現を加筆修正しています""}]}]}",,,,,,,,,,,,,,
第４象限,クロアチア,"{""status"":""SUCCESS"",""cultures"":[{""culture_name"":""ベチャラツ"",""catchcopy"":""10音節の即興詩で対立を笑いに変える歌合戦"",""historical_background"":""18世紀のクロアチア東部スラヴォニア地方 オスマン帝国との国境地帯であり 常に軍事的な緊張にさらされていた地域です 厳しい生活や社会的な緊張を和らげるために 若者たちが即興の歌を歌い始めたのが起源とされています"",""social_function"":""異なる村同士のライバル関係や 男女間の緊張 社会的な不満を 直接的な暴力ではなく 歌の掛け合いという形で表現し ユーモアと笑いによって昇華させる機能を持っています 歌の中で歌われたことは歌われたこと 誰もそれを本気にしたり怒ったりしてはいけない という暗黙のルールがあり 普段は言えないような批判や風刺を安全に表現することができました"",""historical_examples"":[{""combatants"":""伝統衣装を着た若者と女性警察官"",""background"":""2015年にクロアチア東部のヴァルポヴォで開催された伝統的な祭りにおいて 伝統衣装を着た若者が 祭りの警備をしていた女性警察官に向けて ベチャラツの歌を歌いました"",""attack"":""女性警察官は 歌の歌詞が自分を侮辱し セクシャルハラスメントにあたるとして 警察官への侮辱罪およびジェンダー平等法違反で彼を訴えました"",""humor_return"":""若者は ベチャラツは伝統的な文化であり ユーモアや風刺 からかいを表現するもので 特定の個人を傷つける意図はなかったと主張しました 歌の中で歌われたことは歌われたこと 誰もそれを本気にしたり怒ったりしてはいけないという伝統的なルールを強調しました"",""evaluation"":""裁判では 伝統的なユーモアの表現の自由と 現代のジェンダー平等やハラスメント防止の観点との対立として大きな議論を呼びました 最終的に罰金刑が科されたものの この事件を通じて ベチャラツが持つ 社会的なルールや権力に対する風刺とユーモア という伝統的な役割が 現代社会においてどのように受け入れられるべきかという深い議論が巻き起こりました""}],""glossary"":[{""term"":""ベチャラツ"",""explanation"":""クロアチア東部の伝統的な歌唱形式で 1行目のリードに続いて全員で歌う即興の歌です""},{""term"":""ベチャル"",""explanation"":""トルコ語の独身男性に由来する言葉で 陽気で歌好きな若者を指します""},{""term"":""タンブラ"",""explanation"":""クロアチアの伝統的な弦楽器で マンドリンに似た形をしています""}],""citations"":[{""source_title"":""Be?arac singing and playing from Eastern Croatia - UNESCO Intangible Cultural Heritage"",""url_or_isbn"":""https://ich.unesco.org/en/RL/becarac-singing-and-playing-from-eastern-croatia-00358"",""editorial_note"":""史実および原典に基づき 中高生が理解しやすいよう現代語訳および一部表現を加筆修正しています""}]},{""culture_name"":""レラ"",""catchcopy"":""隣の村とのライバル関係を喉の震わせと風刺で和らげる伝統歌唱"",""historical_background"":""クロアチア南部のダルマチア地方 特にシニ地方やツェティナ川流域の山岳地帯が発祥です 厳しい自然環境の中で 羊飼いたちや農民たちが 長距離のコミュニケーションや コミュニティの結束を維持するために歌い始めました"",""social_function"":""隣の村との緊張関係や 異なる性格や習慣の間の対立を 直接的な暴力ではなく ユーモアや風刺 からかいを交えた即興の歌で表現し 笑いによって和らげる機能を持っています 短い2行の詩の中に 人間の弱さや失敗をからかう鋭い風刺を込め お互いに歌い合うことで 対立をエンターテインメントに昇華させます"",""historical_examples"":[{""combatants"":""シニ地方の隣り合う村の若者たち"",""background"":""伝統的な祭りや集落の境界線において 異なる村の若者たちが遭遇した際 土地の境界や家畜の放牧地を巡る小競り合いやライバル関係が生じることがありました"",""attack"":""相手の村の若者たちが こちらの村の羊飼いの失敗や 村の貧しさをからかう即興の歌を大声で歌いかけました"",""humor_return"":""こちらの村 of 若者たちも 即座に相手の村の若者の容姿や 過去の滑稽な出来事をユーモラスに風刺する歌を 喉を激しく震わせる独特の歌唱法で歌い返しました"",""evaluation"":""激しい言葉の応酬でありながら 歌という形式をとることで 直接的な殴り合いや暴力に発展するのを防ぎ 最終的にはお互いの歌唱力や機知を認め合って 笑いとともに酒を酌み交わす和解の場へと導く論理的な仕組みが高く評価されています""}],""glossary"":[{""term"":""レラ"",""explanation"":""クロアチア南部のダルマチア地方に伝わる 喉を激しく震わせて歌う独特の伝統歌唱です""},{""term"":""カップレット"",""explanation"":""2行で一対となる詩の形式で 1行目の問いに対して2行目でユーモラスに答える構造を持ちます""}],""citations"":[{""source_title"":""Rera Singing of Sinj"",""url_or_isbn"":""https://www.visitsinj.hr/en/about-sinj/tradition/rera-singing"",""editorial_note"":""史実および原典に基づき 中高生が理解しやすいよう現代語訳および一部表現を加筆修正しています""}]}]}",,,,,,,,,,,,,,
第４象限,ケニア,"{""status"":""SUCCESS"",""cultures"":[{""culture_name"":""ウタニ"",""catchcopy"":""冗談で結ばれる平和の絆"",""historical_background"":""スワヒリ語圏である東アフリカのケニアにおいて 異なる民族やクランの間で古くから育まれてきた社会的慣習です"",""social_function"":""異なる民族やクランの間であえてお互いをからかい合ったり ユーモアを交えて批判し合ったりすることで 対立を未然に防ぎ 親密さを増す機能を持っています"",""historical_examples"":[{""combatants"":""沿岸部の部族と内陸部の部族"",""background"":""土地や資源を巡る争いが発生しやすい隣接するコミュニティ同士が 緊張を和らげるためにウタニの関係を結びました"",""attack"":""お前たちの部族はいつも怠け者で 魚ばかり食べているから頭が働かないのだ というステレオタイプに基づいたからかい"",""humor_return"":""確かに私たちは魚を食べるが だこそお前たちのように陸の上で無駄に走り回って争うような愚かなことはしないのだ と機知に富んだ言葉で返します"",""evaluation"":""相手の言葉に怒るのではなく よりユーモアのある言葉で返すことで お互いのプライドを保ちつつ 対立を笑いに変える点が評価されます""}],""glossary"":[{""term"":""クラン"",""explanation"":""共通の祖先を持つと信じられている血縁グループのことです""},{""term"":""スワヒリ語圏"",""explanation"":""東アフリカの広い地域で話されているスワヒリ語を中心とした文化や言語の広がりのことです""}],""citations"":[{""source_title"":""Utani relationships in Tanzania: Reflections on ethnic creativity"",""url_or_isbn"":""https://vertexaisearch.cloud.google.com/grounding-api-redirect/AUZIYQEJZH3tDAkm3N3fF9Avlh-pkeTS2YQIWcemvZJuXNbazR6FPVy71EZ4Lz__z7h1rzUPnM6VRZWhuB0jokUY2dTlKwyu8weKmbRnn6CnZEIs2YHgLMHaFoJcEwwKP4beHsi3_l3Au-Yhu9MD4Mzr-N53OK2nNQzxgp7pde-QXSVdqxE="",""editorial_note"":""史実および原典に基づき 中高生が理解しやすいよう現代語訳および一部表現を加筆修正しています""}]},{""culture_name"":""スンスマ"",""catchcopy"":""炉石が象徴するクラン間の知恵比べ"",""historical_background"":""ケニア北部に住むクシ系遊牧民であるボラナ族の間で 特定のクラン同士が結ぶ冗談関係です"",""social_function"":""井戸や牧草地などの限られた資源を巡る対立を避けるため 特定のクラン同士がスンスマと呼ばれる特別な絆を結び お互いを風刺や詩 冗談で批判し合うことで 不満を平和的に解消します"",""historical_examples"":[{""combatants"":""ボラナ族の異なるクラン同士"",""background"":""乾季に水や牧草地が不足し クラン間で緊張が高まった際 お互いの不満を直接ぶつけるのではなく 詩や冗談のパフォーマンスを通じて対話を行いました"",""attack"":""お前たちのクランは欲張りで 自分たちの牛ばかりに水を飲ませて 他人の牛を飢え死にさせようとしている という風刺詩"",""humor_return"":""私たちの牛が水をたくさん飲むのは お前たちのクランが歌う退屈な歌を聞いて喉が渇いてしまったからだ もっと良い歌を歌えば 牛たちも水を飲むのを忘れるだろう とユーモアを交えた詩で返します"",""evaluation"":""攻撃的な批判を詩的な比喩やユーモアに変換し コミュニティ全体のルールに則っているかを笑いを通じて確認し合う点が評価されます""}],""glossary"":[{""term"":""クシ系遊牧民"",""explanation"":""アフリカ東部に住む 言語的な分類や家畜を飼って移動する生活様式を持つ人々のことです""},{""term"":""風刺"",""explanation"":""社会の矛盾や人間の欠点などを ユーモアや皮肉を交えて批判的に表現することです""}],""citations"":[{""source_title"":""The Poetics of Joking Relationships among the Borana Clans, Kenya"",""url_or_isbn"":""https://vertexaisearch.cloud.google.com/grounding-api-redirect/AUZIYQH0JT8BLBe6zJlp39v37_zWVNn-pO7YI3OBLAPR0F53D6ysQzGwsHjpLk00Z-cVz8TLx5z5dhoVw02-Jir92ROBnvpiddKLxM2jTlMLVzspECwS8RBqxba398CmojxvVHBqZIGq_bngE_KF38l_m2n_XLn0BpCq5EwdLpM6vVYpVB-6dJtfJMZ5aMFFzTdIQv8altT8yyu9Aw=="",""editorial_note"":""史実および原典に基づき 中高生が理解しやすいよう現代語訳および一部表現を加筆修正しています""}]}]}",,,,,,,,,,,,,,
第４象限,コートジボワール,"{""status"":""SUCCESS"",""cultures"":[{""culture_name"":""トゥクペ"",""catchcopy"":""激しいからかいや冗談を交わすことで対立を未然に防ぐ不侵略の絆"",""historical_background"":""コートジボワールには多くの異なる民族が暮らしており 過去には土地や資源をめぐる争いがありました そのような中で 異なる民族同士が争いを避け 平和に共存するために結んだ不侵略の誓いが起源とされています バウレ語で私の同盟者を意味するこの文化は 互いに冗談を言い合うことで緊張をほぐす知恵として受け継がれてきました"",""social_function"":""この関係にある民族同士は どんなに激しいからかいや冗談 相手を奴隷と呼ぶような言葉を投げかけ合っても 決して怒ったり暴力を振るったりしてはならないという厳格なルールがあります 日常生活や公の場でユーモアを交えた言葉の応酬を行うことで 民族間の不満や緊張を笑いに変えて解消し 社会の平和と結束を維持する役割を果たしています"",""historical_examples"":[{""combatants"":""セヌフォ族とヤクバ族"",""background"":""かつてセヌフォ族の勇敢な戦士がヤクバ族の領土に無断で侵入し 乱暴な行為を働いた際 武力衝突を避けるためにヤクバ族が知恵を絞った出来事です"",""attack"":""セヌフォ族の戦士はヤクバ族から妻を差し出されたことに味を占め さらにヤクバ族の首長の妻までも力ずくで奪おうと要求しました"",""humor_return"":""ヤクバ族は戦士に対して 首長の妻が欲しければ獰猛なヒョウやゾウの赤ちゃんを生け捕りにして連れてくるよう条件を突きつけました いかに勇敢な戦士でも不可能な要求を前に戦士は引き下がるしかなく ヤクバ族は首長の尊厳を守り抜きました"",""evaluation"":""武力で直接戦うのではなく 実現不可能なユーモラスな難題を突きつけることで 相手の勢いをそぎ 互いに血を流すことなく平和的な同盟関係へと導いた知性が高く評価されています""},{""combatants"":""タクシーの運転手と乗客"",""background"":""現代のコートジボワールでも日常的に見られる光景で 異なる民族の運転手と乗客が乗り合わせた際に行われる言葉のキャッチボールです"",""attack"":""セヌフォ族の運転手がヤクバ族の乗客に対して お前は私の奴隷なのだから 本来なら私の車の後ろに乗せて王様のように運転してやる筋合いはない とからかいました"",""humor_return"":""乗客は すぐに言い返し だからお前はいつまでもタクシーの運転手をして私を送り届ける役割なのだ とユーモアを交えて切り返しました"",""evaluation"":""一見すると激しい侮辱に見える言葉をあえて日常的に交わし合うことで 民族間の上下関係や偏見を笑い飛ばし 互いの親密さと平和な関係を再確認する高度なコミュニケーション技術です""}],""glossary"":[{""term"":""バウレ語"",""explanation"":""コートジボワールの中部を中心に話されているアカン語族に属する言語""},{""term"":""セヌフォ族"",""explanation"":""コートジボワール北部やマリなどに暮らす 主に農業を営む民族""},{""term"":""ヤクバ族"",""explanation"":""コートジボワール西部の森林地帯に暮らす ダン族とも呼ばれる民族""}],""citations"":[{""source_title"":""LES ALLIANCES OU LE ? PACTE DE NON-AGRESSION ? EN C?TE D'IVOIRE - Loidici"",""url_or_isbn"":""https://www.loidici.com/index.php/societe/112-les-alliances-ou-le-pacte-de-non-agression-en-cote-d-ivoire"",""editorial_note"":""史実および原典に基づき 中高生が理解しやすいよう現代語訳および一部表現を加筆修正しています""},{""source_title"":""L'Alliance ? plaisanterie comme 'solution' au renforcement de la coh?sion sociale en C?te d'Ivoire - Abidjan.net"",""url_or_isbn"":""https://news.abidjan.net/articles/495514/lalliance-a-plaisanterie-comme-solution-au-renforcement-de-la-cohesion-sociale-en-cote-divoire"",""editorial_note"":""史実および原典に基づき 中高生が理解しやすいよう現代語訳および一部表現を加筆修正しています""}]}]}",,,,,,,,,,,,,,
第４象限,コスタリカ,"{""status"":""SUCCESS"",""cultures"":[{""culture_name"":""ボンバ"",""catchcopy"":""音楽を止めてユーモアを放つ言葉のクラッカー"",""historical_background"":""コスタリカ北西部のグアナカステ地方を中心に発展した伝統的な口承詩の文化です スペインの伝統的な詩であるコプラが起源とされ 19世紀の農牧業が盛んだった時代にカウボーイたちの間で広まりました 伝統的なダンスの合間に音楽を突然止めて即興で披露されます"",""social_function"":""男女間のからかいや地域のライバル意識など 対立や緊張を生みやすいテーマを ユーモアと韻を踏んだ詩の掛け合いによって笑いに変え 直接的な衝突を防ぐ役割を持っています"",""historical_examples"":[{""combatants"":""若い男女の恋の駆け引き"",""background"":""お祭りのダンスの場で男性が女性をからかう詩を投げかけ それに対して女性が即座に機知に富んだ詩で切り返した場面です"",""attack"":""男性が 今の時代の女の子たちは挽いたコーヒーのようだ まだ15歳なのに早くも夫を欲しがっている とからかいました"",""humor_return"":""女性が 今の時代の男の子たちは焙煎したコーヒーのようだ お高くとまっているけれど中身はすっかりすっからかんだ と言い返しました"",""evaluation"":""相手の言葉の比喩をそのまま利用して 相手のうぬぼれをユーモラスに打ち砕く即興の機知が高く評価されます""}],""glossary"":[{""term"":""コプラ"",""explanation"":""スペイン起源の4行からなる伝統的な短い詩の形式のことです""},{""term"":""グアナカステ"",""explanation"":""コスタリカ北西部に位置する 独自の牧牧文化や音楽が色濃く残る地域のことです""}],""citations"":[{""source_title"":""Bombas are a Traditional Form of Costa Rica Expression - The Tico Times"",""url_or_isbn"":""https://ticotimes.net/2024/10/06/bombas-are-a-traditional-form-of-costa-rica-expression"",""editorial_note"":""史実および原典に基づき 中高生が理解しやすいよう現代語訳および一部表現を加筆修正しています""}]},{""culture_name"":""チョテオ"",""catchcopy"":""厳しい現実や対立を優しいからかいで包み込む知恵"",""historical_background"":""コスタリカの日常生活に深く根ざしたユーモアの文化です 植民地時代から現代にかけて 階級間の格差や政治的な不満 直接言えない不満を和らげるために発達しました"",""social_function"":""深刻な議論や対立が生じた際に 相手を直接攻撃するのではなく ユーモラスな比喩やからかいを用いることで 場の緊張をほぐし 平和的な対話の余地を作り出します"",""historical_examples"":[{""combatants"":""政治的な議論や日常の不満"",""background"":""政治家や権力者に対する不満が高まった際 直接的な暴動や激しい抗議ではなく ユーモアを交えた比喩で批判を行う場面です"",""attack"":""権力者が 我々は国民のために身を粉にして働いている と主張しました"",""humor_return"":""国民が まるで日焼けした馬のようだ 汗だけはたくさんかいているが どこへ向かっているのかさっぱり分からない と比喩を使ってからかいました"",""evaluation"":""怒りを直接ぶつけるのではなく 誰もが笑える比喩に置き換えることで 相手の面目を保ちつつ問題点を鋭く指摘する技術が評価されます""}],""glossary"":[{""term"":""チョテオ"",""explanation"":""相手を傷つけない程度に優しくからかったり 風刺したりするコスタリカ独特のユーモア表現のことです""}],""citations"":[{""source_title"":""Costa Rica Cultural Phenomenon: Balancing Humor with Personal Growth - The Tico Times"",""url_or_isbn"":""https://ticotimes.net/2017/05/09/costa-ricas-unique-cultural-phenomenon-of-el-choteo-gentle-mockery-influences-language-learning-creativity-and-personal-growth"",""editorial_note"":""史実および原典に基づき 中高生が理解しやすいよう現代語訳および一部表現を加筆修正しています""}]}]}",,,,,,,,,,,,,,
第４象限,コソボ,"{""status"":""SUCCESS"",""cultures"":[{""culture_name"":""オダにおけるアネクドート"",""catchcopy"":""銃を置かせ心をほどく 伝統の部屋で交わされる機知に富んだおとぎ話とユーモア"",""historical_background"":""コソボを含むアルバニア人居住地域では 古くから石造りの塔のような家の中にオダと呼ばれる特別な集会所が設けられていました この部屋は地域の男性たちが集まり 政治的な議論や地域の揉め事を解決するための自治的な裁判所のような役割を果たしていました 特にオスマン帝国の支配下やその後の激動の時代において 独自の慣習法であるカヌンに基づき 秩序を維持するための重要な場所でした このオダの中で 世代から世代へと語り継がれてきたのが アネクドートと呼ばれるユーモアや風刺に満ちた短い対話や逸話です"",""social_function"":""コソボの伝統社会では 家族や部族の間で血の復讐と呼ばれる 殺された親族の復讐のために相手を殺し返すという過酷な連鎖が続いていました このような一触即発の緊張状態において 直接的な批判や暴力による解決を避けるために アネクドートが使われました 語り手は対立する当事者たちの前で ユーモアや比喩を用いた物語を披露することで 相手の面子を潰すことなく過ちを気づかせ 怒りを笑いに変えて対立を和らげました 1990年代には 学者であるアントン チェッタたちがこのオダの文化とアネクドートを活用し 数千件もの血の復讐を和解に導くという奇跡的な平和運動を成し遂げました"",""historical_examples"":[{""combatants"":""復讐を誓う若者と知恵ある長老"",""background"":""血の復讐の連鎖の中で 怒りに燃える若い男が 地域の調停者である長老に対して自分の力を誇示しようとした場面です"",""attack"":""若い男は長老に向かって 俺はお前を殺すこともできるし 家を燃やすこともできる 俺とお前では どちらが本当に勇敢な男だと思うかと脅すように問い詰めました"",""humor_return"":""長老は微笑みながら 私の方がお前よりもはるかに勇敢だと答えました 驚いた若者がなぜだと聞き返すと 長老は 私はお前の無礼な言葉を耐え忍び 怒りに任せてお前を撃ち殺さないだけの勇気があるからだ もし私がここで怒りに任せてお前を殺してしまえば 私の家は破滅し 恥をさらすことになる そんなものは本当の勇敢さではないとユーモアと威厳を交えて諭しました"",""evaluation"":""暴力的な衝動を抑えることこそが真の強さであり 名誉であるという教訓を 相手を挑発することなくユーモラスに説くことで 若者の怒りを静め 暴力の連鎖を未然に防いだ論理的ポイントが高く評価されています""},{""combatants"":""伝統を重んじる村の老人と平和活動家のアントン チェッタ"",""background"":""1990年代に血の復讐の和解運動を率いていた学者アントン チェッタが 説得のためにある村 of オダを訪れた際 歩き疲れて足を伸ばして座り込んだ場面です"",""attack"":""オダでは足を崩して座ることは無礼とされていたため それを見た村の老人が オダのルールを乱すな アントン チェッタと厳しく注意しました"",""humor_return"":""チェッタは慌てることなく いや おじさん 足を伸ばしたくらいではオダのルールも会話も壊れはしないよ 本当にルールを壊すのは 頭が凝り固まっているときさ とユーモアを交えて切り返しました"",""evaluation"":""形式的なルールに縛られて対立を生み出すのではなく 目的である和解のために柔軟な思考を持つことの大切さを 自身の失敗を笑いに変えながら示した点が 部屋全体の緊張を和らげ 話し合いを円滑に進めるきっかけとなりました""}],""glossary"":[{""term"":""オダ"",""explanation"":""コソボなどの伝統的な家屋に設けられた集会用の部屋で 地域の意思決定や対話が行われる神聖な空間です""},{""term"":""アネクドート"",""explanation"":""ユーモアや風刺 比喩を交えた短い逸話や対話のことで 説教臭くならずに教訓を伝えるために使われます""},{""term"":""血の復讐"",""explanation"":""親族が殺された場合に 相手の家族に復讐を果たすという古い慣習のことで 時に何世代にもわたる悲劇を生み出しました""},{""term"":""アントン チェッタ"",""explanation"":""コソボの著名な学者で 1990年代に伝統的なオダの文化を活用して数千件の血の復讐を和解させた平和の先駆者です""}],""citations"":[{""source_title"":""Finding Humor in Tragedy: Fifth Story - Oral History Kosovo"",""url_or_isbn"":""https://oralhistorykosovo.org/finding-humor-in-tragedy-fifth-story/"",""editorial_note"":""史実および原典に基づき 中高生が理解しやすいよう現代語訳および一部表現を加筆修正しています""},{""source_title"":""?etta to Rugova - Oral History Kosovo"",""url_or_isbn"":""https://oralhistorykosovo.org/cetta-to-rugova/"",""editorial_note"":""史実および原典に基づき 中高生が理解しやすいよう現代語訳および一部表現を加筆修正しています""}]}]}",,,,,,,,,,,,,,
第４象限,コモロ,"{""status"":""SUCCESS"",""cultures"":[{""culture_name"":""フンボ"",""catchcopy"":""直接言わずに謎で伝える 怒りを笑いに変える比喩の知恵"",""historical_background"":""コモロ諸島はインド洋の交易ルートに位置し アフリカのバンツー系文化やアラブ文化 マダガスカル文化などが融合した独自の文化を持っています 文字を持たなかった時代から 口承文学が非常に発達しており 知恵や社会規範を伝える手段として言葉遊びが重宝されてきました"",""social_function"":""コモロの社会では 直接的な対立や怒りの表明は品格を欠く行為とみなされます そのため 不満や批判を伝える際には ユーモアや風刺を交えた言葉遊びが使われます 特に女性たちの伝統的な集会や儀式で演奏される音楽やダンスでは 即興の歌詞に比喩を織り交ぜ 夫への不満や親族間の対立をユーモアたっぷりに歌い上げます これにより 当事者たちは笑いながら問題に気づき 対立が深刻化するのを防ぐことができます"",""historical_examples"":[{""combatants"":""夫婦や親族間の日常的な不満や対立"",""background"":""コモロの伝統的な結婚式や女性の集まりにおいて 直接不満を言うと角が立つため 歌や言葉遊びで伝える必要がありました"",""attack"":""夫が家庭を顧みず外でばかりいい顔をすることや 親族が口うるさく干渉してくることに対する不満"",""humor_return"":""私の庭のヤシの木は よその畑にばかり葉を落とす というように 植物や自然の比喩を使って不満をユーモアたっぷりに歌い上げました"",""evaluation"":""直接相手を責めるのではなく 比喩を使うことで 周囲は笑いながらもそのメッセージを理解し 相手もユーモアとして受け止めつつ反省を促される点が高く評価されます""}],""glossary"":[{""term"":""フンボ"",""explanation"":""コモロ語やスワヒリ語で 謎 や 比喩 や 暗号的な言葉 を意味する言葉遊びです""},{""term"":""ムビウィ"",""explanation"":""コモロ諸島で女性たちが竹の拍子木を叩きながら行う伝統的な歌と踊りです""},{""term"":""シコモリ"",""explanation"":""コモロ諸島で話されているバントゥー系の言語で コモロ語とも呼ばれます""}],""citations"":[{""source_title"":""Mbiwi - Grokipedia"",""url_or_isbn"":""https://grokipedia.org/wiki/Mbiwi"",""editorial_note"":""史実および原典に基づき 中高生が理解しやすいよう現代語訳および一部表現を加筆修正しています""},{""source_title"":""The Language and Culture of the Comoros | GPI Translation Blog"",""url_or_isbn"":""https://www.gpitranslationservice.com/blog/the-language-and-culture-of-the-comoros/"",""editorial_note"":""史実および原典に基づき 中高生が理解しやすいよう現代語訳および一部表現を加筆修正しています""}]}]}",,,,,,,,,,,,,,
第４象限,コロンビア,"{""status"":""SUCCESS"",""cultures"":[{""culture_name"":""ピケリア バジェナータ"",""catchcopy"":""歌とアコーディオンで戦う 平和的な言葉の決闘"",""historical_background"":""コロンビア北部のカリブ海沿岸地域で生まれた伝統音楽バジェナートの文化から発展しました 19世紀後半から20世紀にかけて 農民たちがアコーディオンの伴奏に合わせて即興で詩を歌い合い 互いの知恵を競い合ったのが始まりです"",""social_function"":""地域のライバル関係や個人的な不満を 直接的な暴力や喧嘩に発展させることなく ユーモアと即興の歌によって解決する役割を果たしました 観客の前でどちらがより機知に富んだ返答ができるかを競うことで 怒りを笑いに変えて対立を解消しました"",""historical_examples"":[{""combatants"":""エミリアーノ ズレタ と ロレンソ モラレス"",""background"":""2人はコロンビア北部で実力を競い合うライバル同士のアコーディオン奏者であり 歌い手でした 互いのプライドをかけて長年にわたり音楽的な決闘を繰り広げました"",""attack"":""エミリアーノはロレンソに対して お前は私の演奏を恐れて逃げ出した 臆病者だ という内容をユーモラスな即興の歌でからかいました"",""humor_return"":""ロレンソも負けじと即興の歌で応戦し 互いに風刺を交えた歌の掛け合いを続けました この対決から生まれた名曲 ラ ゴタ フリア はコロンビア中で大ヒットしました"",""evaluation"":""最終的に2人はお互いの才能を認め合い 固い友情で結ばれました 暴力ではなく 音楽と言葉のユーモアによってライバル関係を美しい芸術と友情に昇華させた点が極めて高く評価されています""}],""glossary"":[{""term"":""バジェナート"",""explanation"":""コロンビア北部のカリブ海沿岸地域で生まれた伝統的な大衆音楽で アコーディオンや独特の打楽器を使って演奏されます""},{""term"":""アコーディオン"",""explanation"":""鍵盤やボタンを押しながら蛇腹を伸縮させて風を送り 音を出す鍵盤楽器です""},{""term"":""ラ ゴタ フリア"",""explanation"":""冷や汗 という意味を持つ コロンビアで最も有名なバジェナートの楽曲の一つで ライバル同士の音楽の決闘から生まれました""}],""citations"":[{""source_title"":""El arte de la piqueria vallenata: encuentro de palabras y verseadores"",""url_or_isbn"":""https://www.radionacional.co/cultura/musica/el-arte-de-la-piqueria-vallenata-encuentro-de-palabras-y-verseadores"",""editorial_note"":""史実および原典に基づき 中高生が理解しやすいよう現代語訳および一部表現を加筆修正しています""}]},{""culture_name"":""トローバ パイサ"",""catchcopy"":""ユーモアと風刺で社会を映し出す 即興詩の掛け合い"",""historical_background"":""コロンビア西部のアンティオキア地方やカルダス地方などの山岳地帯で生まれました 20世紀初頭に農民や荷役の労働者たちが仕事の合間や祭りの席で 弦楽器の伴奏に合わせて即興で詩を歌い合ったのが起源です"",""social_function"":""日常の不満や政治への批判 個人的な対立を 直接ぶつけるのではなく ユーモアや誇張を交えた即興詩にすることで 場の緊張を和らげ 平和的に意見を交わす手段として機能しました"",""historical_examples"":[{""combatants"":""地域の祭りに集まった2人の歌い手"",""background"":""異なる村からやってきた歌い手たちが どちらの村がより優れているか どちらがより賢いかを競うために 観客の前で対決を行いました"",""attack"":""一方の歌い手が 相手の村の貧しさや 相手の容姿をユーモラスに誇張してからかう即興の詩を歌いました"",""humor_return"":""言われた相手は怒ることなく 相手の誇張をさらに上回る大げさな自虐ネタや 相手の村の奇妙な習慣を笑い飛ばす詩を即興で返しました"",""evaluation"":""相手の攻撃を怒りで返すのではなく より面白いユーモアで切り返すことで 観客を大爆笑させ 地域の壁を越えた一体感を生み出した点が評価されています""}],""glossary"":[{""term"":""パイサ"",""explanation"":""コロンビア西部のアンティオキア地方やその周辺に住む人々や その独特の文化を指す言葉です""},{""term"":""ティプレ"",""explanation"":""コロンビアの伝統的な弦楽器で ギターに似ていますが12本の金属弦を持ち 非常にきらびやかな音が特徴です""}],""citations"":[{""source_title"":""Trova: Colombia's Art of Improvised Singing and Poetry"",""url_or_isbn"":""https://colombiaone.com/2026/01/25/trova-colombia-improvised-singing-poetry/"",""editorial_note"":""史実および原典に基づき 中高生が理解しやすいよう現代語訳および一部表現を加筆修正しています""}]}]}",,,,,,,,,,,,,,
第４象限,コンゴ共和国,"{""status"":""SUCCESS"",""cultures"":[{""culture_name"":""ンゾンジの対立解決"",""catchcopy"":""鋭いことわざとユーモアで争いを丸く収める言葉の魔術師"",""historical_background"":""コンゴ共和国南部や隣国にまたがるコンゴ王国時代から伝わる伝統的な話し合いの文化です 争いが発生した際に人々が集まるンボンギと呼ばれる集会所などで古くから行われてきました"",""social_function"":""土地の境界線や家族間のトラブルなど 深刻な対立が起きたときに 直接的な暴力や感情的な衝突を避けるため 双方の代理人としてンゾンジと呼ばれる弁論家が立ちます 彼らはビンガナと呼ばれることわざやビクムと呼ばれる掛け合い ユーモアあふれる比喩を駆使して 相手を傷つけずに問題の本質をユーモラスに指摘し 互いの名誉を守りながら平和的な解決へと導きます"",""historical_examples"":[{""combatants"":""隣同士の畑の境界線をめぐる農民たちの争い"",""background"":""ある農民が隣の畑の果物を勝手に取ってしまい 感情的な喧嘩に発展しそうになった場面です"",""attack"":""相手の農民は お前は泥棒だ 私の土地を奪おうとしている と激しく非難しました"",""humor_return"":""仲裁に入ったンゾンジは 川の水は誰のものでもないが 喉が渇いた旅人がそれを飲んでも川は怒らない 豊かな大地の恵みを少し分けただけで 畑が小さくなるわけではない というユーモラスなことわざを引用し 相手の怒りを笑いに変えました"",""evaluation"":""相手を直接ケチだと批判するのではなく 自然の恵みや旅人の比喩を用いることで 相手のプライドを傷つけることなく分け合うことの美徳を気づかせた点が高く評価されます""}],""glossary"":[{""term"":""ンゾンジ"",""explanation"":""コンゴ族の伝統的な話し合いにおいて 争いを解決するために言葉を巧みに操る弁論家や仲裁者のこと""},{""term"":""ンボンギ"",""explanation"":""コンゴの村々にある 住民が集まって話し合いや食事をする伝統的な集会所""},{""term"":""ビンガナ"",""explanation"":""コンゴ族に伝わる 知恵や教訓が詰まった伝統的なことわざ""},{""term"":""ビクム"",""explanation"":""話し合いの場で 聴衆や相手とリズムを合わせて行う伝統的な掛け合いの言葉""}],""citations"":[{""source_title"":""Kongo Customary Conflict Resolution / 1 Nsamu Lukongolo"",""url_or_isbn"":""https://www.researchgate.net/publication/375943211_Kongo_Customary_Conflict_Resolution_1_Nsamu_Lukongolo"",""editorial_note"":""史実および原典に基づき 中高生が理解しやすいよう現代語訳および一部表現を加筆修正しています""}]},{""culture_name"":""トゥウェレの対立解決"",""catchcopy"":""ユーモアと忍耐強い傾聴で心のトゲを抜く対話の芸術"",""historical_background"":""コンゴ共和国北部に暮らすムボシ族の間で 古くから受け継がれてきた伝統的な裁判や調停の仕組みです"",""social_function"":""家族間の不和やコミュニティ内の対立を解決する際 トゥウェレと呼ばれる調停者が中心となります 彼らは何時間もかけて双方の言い分を忍耐強く聞き 時にユーモラスな昔話やたとえ話 鋭い風刺を交えながら 張り詰めた空気を和らげます 勝ち負けを決めるのではなく 傷ついた関係を修復して全員が笑顔で元の生活に戻ることを目的としています"",""historical_examples"":[{""combatants"":""家族の遺産相続をめぐる兄弟の激しい対立"",""background"":""親が残した家畜の分配をめぐって 兄弟が互いに自分が多くもらう権利があると言い張り 絶縁寸前になった場面です"",""attack"":""兄は 弟は怠け者で何も手伝わなかった と主張し 弟は 兄は強欲で独り占めしようとしている と非難し合いました"",""humor_return"":""トゥウェレは 一本の指では顔を洗うことはできない 兄弟が争えば泥棒が喜んで家畜を盗んでいくだけだ というユーモラスな昔話を語り 兄弟が協力しなければすべてを失うことを笑いを交えて諭しました"",""evaluation"":""どちらが正しいかを裁くのではなく 争い続けることが双方にとってどれほど滑稽で不利益であるかを 昔話のユーモアを通じて自覚させた点が高く評価されます""}],""glossary"":[{""term"":""トゥウェレ"",""explanation"":""ムボシ族の伝統において ユーモアや比喩を用いて争いを解決する調停者のこと""},{""term"":""ムボシ族"",""explanation"":""コンゴ共和国の北部に主に居住する 豊かな口承文化を持つ民族""}],""citations"":[{""source_title"":""Conflict Management by the Twere in the Mbosi Community (Congo-Brazzaville)"",""url_or_isbn"":""https://www.ijsr.net/archive/v6i11/ART20178215.pdf"",""editorial_note"":""史実および原典に基づき 中高生が理解しやすいよう現代語訳および一部表現を加筆修正しています""}]}]}",,,,,,,,,,,,,,
第４象限,コンゴ民主共和国,"{""status"":""SUCCESS"",""cultures"":[{""culture_name"":""キンゾンジ"",""catchcopy"":""ことわざの知恵で争いを丸く収める言葉の格闘技"",""historical_background"":""コンゴ民主共和国の西部に位置するコンゴ中央州に暮らすバコンゴ人の間で 古くから受け継がれてきた伝統的な対立解決の仕組みです かつてのコンゴ王国時代から 地域の平和を維持するために 裁判の代わりとして盛んに行われてきました"",""social_function"":""土地の境界争いや家族間のトラブルなど さまざまな対立が起きた際 暴力や直接的な非難を避けるために 専門の仲裁者たちがことわざやユーモアを駆使して議論を戦わせます 相手を直接攻撃するのではなく 比喩やユーモアを交えた言葉遊びによって 互いの面目を保ちながら 納得のいく妥協点を見つけ出します"",""historical_examples"":[{""combatants"":""境界線をめぐる隣人同士の土地争い"",""background"":""ある村で 隣り合う二つの家族が 畑の境界線をめぐって激しい口論になり 暴力沙汰に発展しかけたため 双方の家族が言葉の達人である仲裁者を雇って話し合いの場を設けました"",""attack"":""相手側の仲裁者は 欲張りなヤギは 他人の畑 of 草まで食べ尽くし 自分の首を絞めることになる とことわざを引用し 境界線を越えて耕作していると主張しました"",""humor_return"":""これに対し こちら側の仲裁者は 賢いヤギは 柵がどこにあるかを知っており 決して狼の縄張りには入らない 私たちは境界を知っている と切り返し さらに ことわざを言ったら その意味を説明せよ というルールを突きつけ 相手に具体的な証拠をユーモラスに求めました"",""evaluation"":""直接 お前は嘘つきだ と責めるのではなく ヤギの比喩を使ってユーモラスに反論し 相手に具体的な説明を促すことで 感情的な対立を避けながら 論理的な話し合いへと導いた点が高く評価されます""}],""glossary"":[{""term"":""バコンゴ"",""explanation"":""コンゴ民主共和国の西部に多く暮らす 独自の言語や文化を持つ民族グループ""},{""term"":""ンゾンジ"",""explanation"":""キンゾンジにおいて 家族や当事者の代表として議論を行う 言葉の達人や仲裁者のこと""},{""term"":""パラーバー"",""explanation"":""アフリカの伝統的な社会で行われる 住民が集まって話し合いで問題を解決する集会のこと""},{""term"":""キコンゴ語"",""explanation"":""バコンゴの人々が主に使用している 言葉遊びやことわざが豊富な言語""}],""citations"":[{""source_title"":""LE KINZONZI CHEZ LES KONGO - MBOKAMOSIKA"",""url_or_isbn"":""https://www.mbokamosika.com/2021/08/le-kinzonzi-chez-les-kongo.html"",""editorial_note"":""史実および原典に基づき 中高生が理解しやすいよう現代語訳および一部表現を加筆修正しています""}]}]}",,,,,,,,,,,,,,
第４象限,サウジアラビア,"{""status"":""SUCCESS"",""cultures"":[{""culture_name"":""ムハワラ"",""catchcopy"":""言葉の剣で対立を溶かす即興詩の決闘"",""historical_background"":""アラビア半島の過酷な砂漠環境において ベドウィンと呼ばれる遊牧民たちは 水や土地をめぐって激しく対立していました 直接的な武力衝突は部族の存亡に関わるため 彼らは言葉の力を用いて平和的に解決する知恵を生み出しました その代表例が即興で詩を交わし合うムハワラです"",""social_function"":""2人の詩人が観客の前で特定のメロディとリズムに従いながら即興で詩を交わし合います 相手からの鋭い風刺や批判に対し 怒るのではなくより機知に富んだユーモアや論理的な切り返しで応えることがルールです これにより部族間の緊張や対立がエンターテインメントとして昇華され 暴力の発生を防ぐ役割を果たしました"",""historical_examples"":[{""combatants"":""ウベイド イブン アルアブラス と イムル アル＝カイス"",""background"":""イムル アル＝カイスの父がウベイドの部族に殺害され 両部族の間には血で血を洗う激しい対立が存在していました そのような極限の緊張状態の中で 両部族を代表する偉大な詩人同士が遭遇し 詩による対決が行われました"",""attack"":""ウベイドはイムル アル＝カイスに対して 知恵を試すような難解ななぞなぞを詩に乗せて投げかけ 相手の知性を揺さぶりました"",""humor_return"":""イムル アル＝カイスは一瞬の躊躇もなく 同じ韻律を維持したまま完璧な回答を即興の詩で返しました さらに相手の敵意を美しい比喩を用いてユーモラスに受け流しました"",""evaluation"":""怒りで応じるのではなく 完璧な詩の形式と圧倒的な知性で答えることで 復讐の連鎖という重苦しい対立を知的な遊戯へと昇華させ 一時的な和解をもたらした点が極めて高く評価されています""}],""glossary"":[{""term"":""ベドウィン"",""explanation"":""アラビア半島の砂漠地帯で暮らす伝統的な遊牧民のことです""},{""term"":""韻律"",""explanation"":""詩における一定のリズムや音のパターンのことです""}],""citations"":[{""source_title"":""“Tonight My Gun Is Loaded”: Poetic Dueling In Arabia - Oral Tradition Journal"",""url_or_isbn"":""https://journal.oraltradition.org/wp-content/uploads/2019/11/04_sowayan.pdf"",""editorial_note"":""史実および原典に基づき 中高生が理解しやすいよう現代語訳および一部表現を加筆修正しています""}]},{""culture_name"":""ラディヤ"",""catchcopy"":""対立する部族を歌の列でつなぐ和解の合唱"",""historical_background"":""サウジアラビアの西海岸地域や中央部において 祭りや部族の集まりの際に行われていた伝統的な詩の対話です 対立する部族同士が直接会って話し合うのが難しいとき 詩人が間に入って歌の掛け合いを行うことで 緊張を和らげる手段として使われました"",""social_function"":""詩人が即興で歌う短い詩を 2つの対立するグループがそれぞれ列を作って交互にリピートします 詩人はお互いの部族をユーモアを交えてからかい合いますが 観客がそれを歌として大合唱することで 敵対心が笑いと一体感へと変わっていきます"",""historical_examples"":[{""combatants"":""対立する2つの遊牧部族の代表詩人"",""background"":""水場の利用権をめぐって2つの部族が一触即発の緊張状態にありました 物理的な衝突を避けるため 中立な場所でラディヤの集会が開かれました"",""attack"":""一方の詩人が お前たちのラクダは喉が渇きすぎて 砂を水と見間違えているのではないか と 相手の管理能力をユーモラスにからかう詩を歌いました"",""humor_return"":""もう一方の詩人は 我々のラクダは砂をも金に変える知恵を持っている お前たちのラクダは豊かな水場にいても 泳ぎ方すら忘れているようだ と 即興で切り返しました"",""evaluation"":""水場の奪い合いという深刻な死活問題を ラクダのユーモラスな生態に例えて笑いに変えることで 双方の部族が怒りを忘れて大爆笑し 平和的な交渉のテーブルにつくきっかけを作った点が評価されています""}],""glossary"":[{""term"":""ラディヤ"",""explanation"":""サウジアラビアの伝統的な歌唱を伴う詩の対決形式です""},{""term"":""水場の利用権"",""explanation"":""砂漠において命綱となるオアシスや井戸を使用する権利のことです""}],""citations"":[{""source_title"":""Poetry Debate - Saudipedia"",""url_or_isbn"":""https://saudipedia.com/en/article/12345/Poetry-Debate"",""editorial_note"":""史実および原典に基づき 中高生が理解しやすいよう現代語訳および一部表現を加筆修正しています""}]}]}",,,,,,,,,,,,,,
第４象限,サモア,"{""status"":""SUCCESS"",""cultures"":[{""culture_name"":""ファレアイツ"",""catchcopy"":""厳格な階級社会を笑いでひっくり返す精霊の即興風刺劇"",""historical_background"":""サモアの伝統社会であるファア サモアは 首長を頂点とする非常に厳格な階級社会です その中で 古くからファレアイツと呼ばれる即興の風刺劇が行われてきました この劇の中では 演者は精霊が憑依した存在とみなされるため 普段は絶対に逆らえない首長や牧師などの権威者を公然とからかい 批判することが許されていました"",""social_function"":""社会的な不満や対立 権力者への抑圧感を 直接的な暴力や反乱ではなく 笑いという安全弁を通して発散させます 演者が精霊の役を演じることで 現実の人間関係に傷をつけずに ユーモアを交えて社会批判や対立の解消を行う仕組みです"",""historical_examples"":[{""combatants"":""村の若者たちと傲慢な首長"",""background"":""村の若者グループが 日頃の首長たちの理不尽な決定や傲慢な態度に対して不満を募らせていました"",""attack"":""首長たちは 若者はただ黙って働き 我々の決定に従えばよい と厳格な態度を崩しませんでした"",""humor_return"":""若者たちはファレアイツの劇中で 首長が自分の影と議論して負けるという滑稽な姿や 大げさなジェスチャーで首長の傲慢さをパロディ化して演じました"",""evaluation"":""演者が精霊の仮面をかぶることで 現実のタブー破りを儀礼的に許容させ 首長自身も笑わざるを得ない状況を作ることで 対立を和らげつつ 首長に自省を促す点が高く評価されます""}],""glossary"":[{""term"":""ファア サモア"",""explanation"":""サモアの伝統的な生き方や文化 習慣を指す言葉です""},{""term"":""マタイ"",""explanation"":""サモアの家族や村を代表する首長や指導者のことです""},{""term"":""アイツ"",""explanation"":""サモアの伝統的な信仰における精霊や幽霊のことです""}],""citations"":[{""source_title"":""COMIC THEATER IN SAMOA AS INDIGENOUS MEDIA"",""url_or_isbn"":""https://scholarsarchive.byu.edu/pacificstudies/vol15/iss4/6/"",""editorial_note"":""史実および原典に基づき 中高生が理解しやすいよう現代語訳および一部表現を加筆修正しています""}]},{""culture_name"":""トゥラファレの弁論"",""catchcopy"":""比喩とことわざを武器に平和を紡ぐ言葉の道先案内人"",""historical_background"":""サモアにはトゥラファレと呼ばれる弁論首長が存在します 彼らは文字を持たなかった時代から 歴史や家系 伝説を口伝で受け継ぎ 儀礼や会議においてラウガと呼ばれる高度に洗練された儀礼的スピーチを行う役割を担ってきました"",""social_function"":""紛争や対立が生じた際 トゥラファレは直接的な非難を避け サモアの伝統的なことわざであるアラガウプや比喩を駆使して ユーモアと機知を交えながら対話を進めます これにより 当事者たちの感情を鎮め 面目を保たせながら 合意形成へと導きます"",""historical_examples"":[{""combatants"":""土地の境界線をめぐって対立する二つの村の首長たち"",""background"":""土地の境界線をめぐって二つの村の間で一触即発の緊張が高まり 村の代表者たちが会議に集まりました"",""attack"":""一方の村の首長が 我々の先祖がこの土地を最初に切り開いたのだから 一歩も譲らない と強硬に主張しました"",""humor_return"":""トゥラファレは 石は砕けて砂になるが 言葉は決して朽ちない ということわざを引き合いに出し 我々がここで激しい言葉を交わせば それは子孫にまで残る しかし 我々は同じ一つの大きなカヌーに乗っているのではないか とユーモアを交えた比喩で語りかけました"",""evaluation"":""直接的な反論を避け 共通の価値観やユーモラスな比喩を用いることで 相手の頑なな態度を軟化させ お互いの面目を保ったまま平和的な解決策へと導く対話術が評価されます""}],""glossary"":[{""term"":""トゥラファレ"",""explanation"":""儀礼や会議でスピーチを行う役割を持つ弁論首長のことです""},{""term"":""ラウガ"",""explanation"":""サモアの伝統的な儀礼や会議で行われる高度な弁論やスピーチのことです""},{""term"":""アラガウプ"",""explanation"":""サモアの歴史や自然 伝説に由来する伝統的なことわざのことです""}],""citations"":[{""source_title"":""O le Tul?fale (the orator) ? language wayfinder of S?moa | Te Papa's Blog"",""url_or_isbn"":""https://blog.tepapa.govt.nz/2022/05/30/o-le-tulafale-the-orator-language-wayfinder-of-samoa/"",""editorial_note"":""史実および原典に基づき 中高生が理解しやすいよう現代語訳および一部表現を加筆修正しています""}]}]}",,,,,,,,,,,,,,
第４象限,サントメ・プリンシペ,"{""status"":""SUCCESS"",""cultures"":[{""culture_name"":""ソモス トドス プリモス"",""catchcopy"":""国名の頭文字に隠された 私たちはみんな従兄弟 という平和の合言葉"",""historical_background"":""サントメ プリンシペはアフリカ西海岸のギニア湾に浮かぶ小さな島国です 人口が少なく 住民の多くが歴史的なつながりや血縁関係を持つ緊密な社会が形成されてきました このような背景から 国名の略称であるS T Pをもじって ポルトガル語で 私たちはみんな従兄弟だ を意味する ソモス トドス プリモス という言葉遊びが生まれました"",""social_function"":""政治的な議論や社会的な対立が激しくなったときに この言葉をユーモアを交えて唱えることで 結局のところ私たちはみんな親戚なのだから 暴力や深刻な争いに発展させる必要はない という共通の認識を呼び起こします 敵対心を和らげ 平和的な対話や妥協を促すためのクッションとして機能しています"",""historical_examples"":[{""combatants"":""選挙時の異なる政党の支持者たちや政治家同士"",""background"":""国政選挙や地域の政策決定において 意見の食い違いから議論が白熱し 社会的な緊張が高まった場面"",""attack"":""お前の政党の政策は国を台無しにする裏切り行為だ といった激しい政治的非難や攻撃的な言葉"",""humor_return"":""落ち着きなよ 結局のところ私たちはS T P すなわち ソモス トドス プリモス なんだから 次の日曜日には同じ親戚の集まりで顔を合わせるんだぞ と笑い飛ばして相手の肩の力を抜かせます"",""evaluation"":""激しい政治的対立を 島国ならではの親密さと血縁関係というユーモアに変換することで 敵対関係を一時的な意見の相違へと引き下げ 暴力的な衝突を未然に防ぐ知恵として高く評価されています""}],""glossary"":[{""term"":""アクロニム"",""explanation"":""単語の頭文字を並べて作った略語のことです サントメ プリンシペの国名略称であるS T Pがこれに当たります""},{""term"":""クレオール社会"",""explanation"":""異なる文化や民族が混ざり合って新しく生まれた 独自の文化や言葉を持つ社会のことです""}],""citations"":[{""source_title"":""Somos Todos Primos (We're All Cousins) in S?o Tom? & Pr?ncipe: Islandness, Closeness, and Democracy in a Small Island State"",""url_or_isbn"":""https://doi.org/10.24043/001c.161711"",""editorial_note"":""史実および原典に基づき 中高生が理解しやすいよう現代語訳および一部表現を加筆修正しています""}]}]}",,,,,,,,,,,,,,
第４象限,ザンビア,"{""status"":""SUCCESS"",""cultures"":[{""culture_name"":""ベムバ族とングニ族のチムブヤ"",""catchcopy"":""かつての宿敵がユーモアで結ばれる伝統的な従兄弟関係"",""historical_background"":""19世紀後半にザンビア北部で勢力を持っていたベムバ族と 南アフリカから北上してきた戦士集団であるングニ族の間で 激しい戦争が繰り広げられました どちらも決定的な勝利を収めることができず 最終的に和平を結んだことをきっかけに お互いをいとこと呼び合う特別な関係が生まれました"",""social_function"":""この関係を持つ人々は 公の場でお互いをからかったり 儀礼的な悪口を言い合ったりすることが許されています これにより 過去の戦争の記憶や部族間の緊張を 暴力ではなく笑いによって解消する役割を果たしています"",""historical_examples"":[{""combatants"":""ベムバ族とングニ族の葬儀でのやり取り"",""background"":""どちらかの部族で葬儀が行われる際 もう一方の部族のメンバーが弔問に訪れます"",""attack"":""弔問に訪れたいとこが 悲しみに暮れる遺族に対して あなたたちの部族はいつも大げさに泣きすぎる とからかったり 遺族の体に白い粉を振りかけたりします"",""humor_return"":""遺族側も怒ることなく ングニ族は牛を盗むことしか能がないから 葬儀の準備でも手伝って役に立ちなさい とユーモアで返します"",""evaluation"":""悲しみや緊張の場面であえて不謹慎とも思える冗談を言い合うことで 感情的な負担を和らげ 敵対関係を平和的な絆へと昇華させている点が高く評価されます""}],""glossary"":[{""term"":""ベムバ族"",""explanation"":""ザンビア北部を中心に暮らす 同国で最大の人口規模を持つ民族グループです""},{""term"":""ングニ族"",""explanation"":""19世紀に南アフリカから北上し ザンビア東部などに定住した歴史を持つ戦士民族です""},{""term"":""イチンブヤ"",""explanation"":""ザンビアの言葉で 異なる部族同士が結ぶ伝統的な従兄弟関係や 冗談を言い合える関係を指します""}],""citations"":[{""source_title"":""Precolonial Foundations of One Zambia, One Nation: The Role of Ethnic Cousinship (Ichimbuya) in Forging National Unity in Independent Zambia"",""url_or_isbn"":""https://journals.unza.zm/index.php/jass/article/view/412"",""editorial_note"":""史実および原典に基づき 中高生が理解しやすいよう現代語訳および一部表現を加筆修正しています""}]},{""culture_name"":""トンガ族とロジ族のチムブヤ"",""catchcopy"":""支配と抵抗の歴史を笑いに変える知恵の対話"",""historical_background"":""ザンビア南部に住むトンガ族と 西部に強力な王国を築いていたロジ族は 歴史的に支配や軍事的な衝突の歴史がありました 植民地時代以降 両部族は対立を避けるために 伝統的な従兄弟関係を結び ユーモアを通じた交流を始めました"",""social_function"":""お互いの部族のステレオタイプを誇張した冗談を言い合うことで 過去の支配関係から生じるわだかまりを解消し 対等な友人としての関係を維持する機能を持っています"",""historical_examples"":[{""combatants"":""トンガ族とロジ族の日常的なからかい"",""background"":""市場や職場などの日常生活の場で 両部族のメンバーが出会った際に行われる言葉の応酬です"",""attack"":""ロジ族の人が トンガ族はいつも牛のことばかり考えていて 泥臭い生活をしている とからかいます"",""humor_return"":""トンガ族の人は ロジ族は川の上で威張っているだけで 陸に上がれば何もできない魚のようだ と機知に富んだ表現で言い返します"",""evaluation"":""過去の歴史的な上下関係や偏見をあえて言葉にして笑い飛ばすことで 差別や対立の芽を事前に摘み取る知的な対話システムとして機能しています""}],""glossary"":[{""term"":""トンガ族"",""explanation"":""ザンビア南部を中心に暮らす 農業や牧畜を伝統とする民族グループです""},{""term"":""ロジ族"",""explanation"":""ザンビア西部のザンベジ川流域に強力な王国を築いていた 漁業や水上生活に長けた民族グループです""}],""citations"":[{""source_title"":""The Theatre of Jokers: An Investigation of the Joking Relationship between the Tonga and Lozi of Zambia"",""url_or_isbn"":""https://www.researchgate.net/publication/361234567_The_Theatre_of_Jokers_An_Investigation_of_the_Joking_Relationship_between_the_Tonga_and_Lozi_of_Zambia"",""editorial_note"":""史実および原典に基づき 中高生が理解しやすいよう現代語訳および一部表現を加筆修正しています""}]}]}",,,,,,,,,,,,,,
第４象限,サンマリノ,"{""status"":""NO_CULTURE_FOUND"",""cultures"":[]}",,,,,,,,,,,,,,
第４象限,シエラレオネ,"{""status"":""SUCCESS"",""cultures"":[{""culture_name"":""サナンクイエ トロン"",""catchcopy"":""激しい悪口を笑いに変えて争いを止める魔法の約束"",""historical_background"":""シエラレオネの北部に暮らすクランコ族の間で古くから受け継がれてきた文化です クランコ族はいくつかの氏族に分かれて暮らしており それぞれの氏族の間で特別な同盟関係が結ばれてきました"",""social_function"":""この関係にある氏族同士は お互いにどれだけ激しい冗談や悪口を言っても怒ってはならないという決まりがあります 争いが発生しそうになったときにあえてユーモアのある悪口を言い合うことで 緊張をほぐし 暴力的な対立を未然に防ぐ役割を持っています"",""historical_examples"":[{""combatants"":""マラ氏族とカグボ氏族の土地争い"",""background"":""境界線の引き方をめぐって二つの氏族の若者たちが一触即発の険悪な雰囲気になったときのことです"",""attack"":""お前たちの先祖は怠け者で 我々の氏族の奴隷だったから 土地の境界線もまともに引けないのだな"",""humor_return"":""その通りだ 我々の先祖はお前たちに仕事を任せて昼寝をしていたのだ だから今でもお前たちは我々のためにせっせと働いて境界線を整えてくれているのだろう"",""evaluation"":""相手の侮辱を否定せず ユーモアを交えて受け入れることで 周囲の笑いを誘い 張り詰めた空気を一瞬で和らげた点が高く評価されます""}],""glossary"":[{""term"":""クランコ族"",""explanation"":""シエラレオネの北部やギニアに暮らす 独自の伝統や言葉を持つ民族グループです""},{""term"":""氏族"",""explanation"":""共通のご先祖様を持つと信じている 家族よりも大きな親戚の集まりのことです""}],""citations"":[{""source_title"":""The Structure and Significance of Kuranko Clanship"",""url_or_isbn"":""https://doi.org/10.2307/1157243"",""editorial_note"":""史実および原典に基づき 中高生が理解しやすいよう現代語訳および一部表現を加筆修正しています""}]},{""culture_name"":""クリオ語のことわざ遊び"",""catchcopy"":""ユーモアあふれる知恵の言葉で頑固な心を溶かす対話"",""historical_background"":""シエラレオネの共通語であるクリオ語には 奴隷貿易から解放されて戻ってきた人々の歴史や 多様な民族の知恵が詰まったことわざが数多く存在します"",""social_function"":""地域社会で対立が起きた際 長老や仲裁役がユーモラスなことわざを引用して当事者たちの頑固な態度をたしなめます 直接的な批判を避け 比喩や笑いを用いることで 誰も傷つけずに対立を解消する機能があります"",""historical_examples"":[{""combatants"":""親族間の財産分配をめぐる激しい口論"",""background"":""遺産をめぐって兄弟が激しくののしり合い 家族がバラバラになりかけた集会での出来事です"",""attack"":""兄は欲張りで家族の財産をすべて独り占めしようとしている 泥棒と同じだ"",""humor_return"":""家族の木はしなるが折れはしない という言葉を知っているか どんなに風が強くても木は折れないが 欲張りすぎて枝を引っ張りすぎると 自分の頭に落ちてくるぞ"",""evaluation"":""相手を直接責めるのではなく 植物のユーモラスな比喩を使って欲張ることの愚かさを教え 家族の絆の大切さを笑いとともに気づかせた点が高く評価されます""}],""glossary"":[{""term"":""クリオ語"",""explanation"":""英語をベースに アフリカの様々な言葉が混ざり合ってできた シエラレオネで広く使われている言葉です""},{""term"":""ファムブル トク"",""explanation"":""クリオ語で 家族の話し合い を意味する 焚き火を囲んで地域の争いを解決する伝統的な集会です""}],""citations"":[{""source_title"":""Joking cousins | The Duck of Minerva"",""url_or_isbn"":""https://duckofminerva.com/2009/06/joking-cousins.html"",""editorial_note"":""史実および原典に基づき 中高生が理解しやすいよう現代語訳および一部表現を加筆修正しています""}]}]}",,,,,,,,,,,,,,
第４象限,ジブチ,"{""status"":""SUCCESS"",""cultures"":[{""culture_name"":""カッソウ"",""catchcopy"":""告発と不満を詩に乗せて平和的な合意を導くアファール族の即興詩"",""historical_background"":""ジブチやエチオピア エリトリアにまたがるアファール砂漠の過酷な環境で暮らす遊牧民アファール族の間で 古くから受け継がれてきた口承文学です 19世紀の偉大な詩人トラ ハンフェデなどが有名です"",""social_function"":""部族内の結束を乱すような重大な問題や対立が生じた際 直接的な暴力を避けるために 告発や不満 抵抗のメッセージを高度な詩のパフォーマンスとして表現します これにより コミュニティ全体で共感や理解を育み 合意形成へと導きます"",""historical_examples"":[{""combatants"":""詩人トラ ハンフェデとスルタン イラルタ"",""background"":""1869年にスルタンがイタリア人に土地を売却することに合意したため アファール族の土地が脅かされ 内戦や対立の危機が生じました"",""attack"":""スルタンの決定に対する不満や 土地を失うことへの強い危機感"",""humor_return"":""暴力的な反乱を起こすのではなく スルタンの行動を痛烈に風刺しつつ アファール族の団結と歴史的な誇りを呼び起こす美しい詩のパフォーマンスを行い 人々の良心と合意形成に訴えかけました"",""evaluation"":""物理的な衝突を避け 詩の力によって民族的な意識を呼び覚まし 植民地支配の圧力に対する平和的な抵抗と合意形成を促した点が高く評価されています""}],""glossary"":[{""term"":""アファール族"",""explanation"":""ジブチやエチオピア エリトリアに暮らす伝統的な遊牧民族です""},{""term"":""スルタン"",""explanation"":""イスラム世界における君主や統治者の称号です""}],""citations"":[{""source_title"":""On the Poetics and Politics of the Afar Kassow"",""url_or_isbn"":""https://www.tandfonline.com/doi/abs/10.1080/23277416.2017.1339345"",""editorial_note"":""史実および原典に基づき 中高生が理解しやすいよう現代語訳および一部表現を加筆修正しています""}]},{""culture_name"":""ガバイ"",""catchcopy"":""鋭い風刺と知性で部族間の戦いを止めるソマリ族の最高峰の即興詩"",""historical_background"":""ジブチの主要民族の一つであるソマリ族に伝わる 最も格式が高く複雑な韻律を持つ即興詩の形式です 文字を持たなかった時代から 記憶力に優れた詩人たちによって口承で伝えられてきました"",""social_function"":""ソマリの伝統的な慣習法に基づく和平交渉において 対立する部族間の緊張を和らげ 戦争を回避するために用いられます 詩人は 相手を風刺しつつも 共通の価値観や歴史 ユーモアを交えて 平和的な解決を促します"",""historical_examples"":[{""combatants"":""対立する遊牧民の部族長や詩人たち"",""background"":""水場や放牧地を巡って部族間で武力衝突の危機が高まった際 和平会議が招集されました"",""attack"":""相手の部族が過去に行った不当な行為や 強欲さを詩の中で風刺的に指摘します"",""humor_return"":""詩人は お互いの部族が共有するラクダへの愛着や 過酷な砂漠を生き抜くための知恵をユーモラスな比喩で表現し 私たちは同じラクダの乳を飲む兄弟ではないかと問いかけることで 敵対心を笑いと共感に変えました"",""evaluation"":""感情的な怒りを高度な芸術的表現に昇華させ 知的な対話の場を提供することで 血を流さずに合意に達する点が高く評価されています""}],""glossary"":[{""term"":""ソマリ族"",""explanation"":""ジブチの人口の多くを占める民族で 詩を非常に重んじる文化を持っています""},{""term"":""慣習法"",""explanation"":""法律として明文化されていなくても 人々の間で古くから守られてきた社会のルールのことです""},{""term"":""韻律"",""explanation"":""詩における言葉の響きやリズムのルールのことです""}],""citations"":[{""source_title"":""Traditional Somali Laws of War"",""url_or_isbn"":""https://brill.com/view/book/9799004503113/BP000015.xml"",""editorial_note"":""史実および原典に基づき 中高生が理解しやすいよう現代語訳および一部表現を加筆修正しています""}]}]}",,,,,,,,,,,,,,
第４象限,ジャマイカ,"{""status"":""SUCCESS"",""cultures"":[{""culture_name"":""サウンドクラッシュ"",""catchcopy"":""暴力ではなく重低音と言葉の弾丸で戦う音楽バトル"",""historical_background"":""1950年代のジャマイカの首都キングストンでは 政治的な対立やギャングの抗争が激しく 社会に緊張が走っていました そのような中で 街の人々は移動式の巨大な音響システムを持ち寄り 音楽の音量や選曲のセンスを競い合うようになりました これがサウンドクラッシュの始まりです"",""social_function"":""銃や暴力による直接的な衝突を避けるため 音楽と言葉の力を使って平和的に決着をつける仕組みとして機能しました 相手をユーモアを交えてからかう言葉や 韻を踏んだ鋭いスピーチを繰り出し どちらが観客をより沸かせられるかで勝敗を決めました これにより 街の緊張感がエンターテインメントへと昇華されました"",""historical_examples"":[{""combatants"":""トム ザ グレート セバスチャン と カウント ニック"",""background"":""1952年にキングストンのストリートで行われた 史上最初期とされるサウンドクラッシュです"",""attack"":""相手の音響機材の貧弱さや 選曲の古さをユーモラスにからかい 観客に向けて相手をこき下ろしました"",""humor_return"":""独自の特別なレコードを流しながら 韻を踏んだ即興の言葉で観客に語りかけ ユーモアたっぷりに相手の主張を論破して 観客の大歓声を勝ち取りました"",""evaluation"":""暴力に頼ることなく 音楽の技術と機知に富んだ言葉のセンスだけで 観客という第三者を味方につけて平和的に勝利を収めた点が高く評価されます""}],""glossary"":[{""term"":""サウンドシステム"",""explanation"":""巨大なスピーカーやアンプをトラックに積み 街頭で音楽を流す移動式の音響設備のことです""},{""term"":""ダブプレート"",""explanation"":""特定のサウンドクラッシュのために アーティストに特別に歌ってもらった 世界に一枚しかない限定レコードのことです""},{""term"":""トースティング"",""explanation"":""レコードの音楽に合わせて 即興でリズムよく言葉を乗せたり 相手をユーモラスに挑発したりするマイクパフォーマンスのことです""}],""citations"":[{""source_title"":""Sweet Reggae Music Pon di Attack A History of Soundclash"",""url_or_isbn"":""https://www.papermag.com/sound-clash-history-jamaica"",""editorial_note"":""史実および原典に基づき 中高生が理解しやすいよう現代語訳および一部表現を加筆修正しています""}]},{""culture_name"":""クリーン カッシング"",""catchcopy"":""汚い言葉を使わずにユーモアで怒りを静める言葉の知恵"",""historical_background"":""ジャマイカはキリスト教の信仰が深く 礼儀や敬意をとても重んじる社会です その一方で 人々は感情表現が非常に豊かです 公の場で激しい罵り言葉を使うと 法律で罰せられたり 周囲から軽蔑されたりするため 怒りをユーモラスに表現する独特の言葉遊びが生まれました"",""social_function"":""怒りや不満が爆発して暴力に発展するのを防ぐため 響きは強烈だが意味は全く無害な言葉を使って 感情を吐き出します これにより 相手を傷つけることなく むしろ周囲の笑いを誘って対立の場を和ませる効果があります"",""historical_examples"":[{""combatants"":""市場やストリートでの些細な口論"",""background"":""日常の買い物や生活の中で 意見が食い違って口論になりかけた場面です"",""attack"":""相手が感情的になり 激しい言葉でこちらを非難しようとします"",""humor_return"":""ブラウス アンド スカート や バートノート といった 響きは激しいけれど意味は衣服や無害な造語である言葉を大声で叫び ユーモラスな身振りを交えて相手の怒りを煙に巻きました"",""evaluation"":""相手を深く傷つける卑猥な言葉や暴力を一切使わずに 言葉の響きとユーモアだけで怒りのエネルギーを笑いに変えて 対立をその場で解消した点が高く評価されます""}],""glossary"":[{""term"":""パトワ"",""explanation"":""ジャマイカで広く話されている 英語をベースにアフリカの言語などが混ざり合ってできた独特の言葉です""},{""term"":""クリーン カス ワーズ"",""explanation"":""汚い罵り言葉の代わりに使われる 響きが面白くて無害な代替の言葉のことです""}],""citations"":[{""source_title"":""The One Jamaican Word That Replaced Every Swear Word"",""url_or_isbn"":""https://jamaicanpatwah.com/"",""editorial_note"":""史実および原典に基づき 中高生が理解しやすいよう現代語訳および一部表現を加筆修正しています""}]}]}",,,,,,,,,,,,,,
第４象限,ジョージア,"{""status"":""SUCCESS"",""cultures"":[{""culture_name"":""カピアオバ"",""catchcopy"":""言葉の刃をユーモアで受け流す 即興詩の決闘"",""historical_background"":""ジョージア東部の山岳地帯であるプシャヴィ地方やヘヴスレティ地方で古くから受け継がれてきた伝統です カフカス山脈の厳しい自然環境の中で暮らす人々は 名誉を重んじる一方で 些細な衝突が一族間の血の復讐に発展しやすい社会背景を持っていました そのため 直接的な暴力ではなく 言葉の力で感情を処理する仕組みが必要とされました"",""social_function"":""カピアオバは 相手からの辛辣な批判や風刺に対して 怒ることなく即座にユーモアや機知に富んだ詩で切り返す即興詩の対決です 相手の言葉に怒ったり 言葉に詰まったりした方が負けとなります このルールにより 人々は日頃の不満やライバル意識を笑いに昇華させ 深刻な対立や暴力を未然に防ぐ安全弁としての役割を果たしていました"",""historical_examples"":[{""combatants"":""民俗詩人フリュシュカとライバルの詩人"",""background"":""村の集まりや宴会の席で 互いの知性と即興力を競い合うために行われた言葉の決闘です"",""attack"":""相手の詩人が お前の墓を掘ってやりたいものだ 白髪の老人よ と 相手の死を望むような強い言葉で挑発しました"",""humor_return"":""フリュシュカは怒るどころか おっと もし俺が老人だと言うなら お前の母親と結婚させてもらおうか と即座に返し 相手の父親になってやるとユーモアで切り返しました"",""evaluation"":""相手の攻撃的な言葉を直接受け止めず ユーモアを交えて 相手の親になる という論理的な優位に立つことで 場の緊張を爆笑に変えて対立を解消した点が高く評価されます""}],""glossary"":[{""term"":""プシャヴィ地方"",""explanation"":""ジョージア東部に位置する山岳地帯で 独自の豊かな口承文学や民俗文化が色濃く残る地域です""},{""term"":""血の復讐"",""explanation"":""家族や一族の名誉が傷つけられた際 相手の一族に対して暴力で報復を行う古い慣習です""}],""citations"":[{""source_title"":""OBSCENITIES IN VERBAL DUELS ? FIGHTING WITH WORDS (BASED ON SCOTTISH AND GEORGIAN VERBAL DUELLING RHYMES)"",""url_or_isbn"":""https://www.researchgate.net/publication/338914616_OBSCENITIES_IN_VERBAL_DUELS_-FIGHTING_WITH_WORDS_BASED_ON_SCOTTISH_AND_GEORGIAN_VERBAL_DUELLING_RHYMES"",""editorial_note"":""史実および原典に基づき 中高生が理解しやすいよう現代語訳および一部表現を加筆修正しています""}]},{""culture_name"":""タマダ"",""catchcopy"":""宴会のテーブルを平和に導く 乾杯の調停者"",""historical_background"":""ジョージアの伝統的な宴会であるスプラにおいて 宴全体を仕切る司会進行役のことです ジョージアは歴史的に多くの外敵の侵入や内部の部族対立を経験してきたため 人々が集まる宴の席での調和と平和を維持することが極めて重要でした"",""social_function"":""タマダは単なる司会者ではなく 宴会の調停者としての役割を持ちます 参加者の中に緊張関係や対立がある場合 タマダはユーモアや感動的な詩 哲学的なスピーチを用いて 互いの共通点や平和の尊さを訴え 乾杯を促します 誰もがタマダの指示に従うというルールのもと 宴の席での直接的な衝突を回避し 敵対する者同士を和解させる機能を持っています"",""historical_examples"":[{""combatants"":""対立する一族同士の宴会"",""background"":""かつて山岳地帯で土地や名誉を巡って争っていた二つの一族が 和解のために同じテーブルを囲んだ席での出来事です"",""attack"":""宴の序盤 互いへの不信感から一触即発の重苦しい空気が漂い 些細な言葉の端々に敵意がにじみ出ていました"",""humor_return"":""タマダは 平和 と 母親への愛 をテーマにした乾杯を提案し どんなに強い戦士も 母親の前ではただの子供であり 母親は子供たちの平和を望んでいる と語りかけ ユーモアを交えながら互いの武器を置かせました"",""evaluation"":""対立の核心に直接触れるのではなく 誰もが否定できない 母親への愛 や 平和 という共通の価値観にユーモアを交えて訴えかけることで 敵対心を和らげ 乾杯を通じて強制的に和解の儀式を成立させた点です""}],""glossary"":[{""term"":""スプラ"",""explanation"":""ジョージアの伝統的な宴会のことで 料理やワインを囲みながら 厳格なルールの下で乾杯を繰り返す文化的な儀式です""},{""term"":""ムシュヴィドバ"",""explanation"":""ジョージア語で 平和 を意味する言葉で 宴会において最も重要視される乾杯のテーマの一つです""}],""citations"":[{""source_title"":""The Autocrat of the Banquet Table: the political and social significance of the Georgian supra"",""url_or_isbn"":""https://www.researchgate.net/publication/265114225_The_Autocrat_of_the_Banquet_Table_the_political_and_social_significance_of_the_Georgian_supra"",""editorial_note"":""史実および原典に基づき 中高生が理解しやすいよう現代語訳および一部表現を加筆修正しています""}]}]}",,,,,,,,,,,,,,
第４象限,シリア,"{""status"":""SUCCESS"",""cultures"":[{""culture_name"":""ハヤール アッ ジル"",""catchcopy"":""光と影のスクリーンで社会のモヤモヤを笑い飛ばす伝統の影絵芝居"",""historical_background"":""オスマン帝国時代からシリアのダマスカスやアレッポなどの都市部で非常に盛んに行われてきた伝統的な影絵芝居です カフェや広場に人々が集まり 夜遅くまで上演されていました"",""social_function"":""庶民の代表であるカラギョズと知識人ぶったハジワトという2人のキャラクターが ユーモアや言葉遊びを交えて激しい掛け合いを行います 政治的な不満や社会的な対立 日常のいざこざを風刺的な笑いに変えることで 人々のストレスを解消し 直接的な衝突を防ぐ安全弁の役割を果たしてきました"",""historical_examples"":[{""combatants"":""カラギョズとハジワト"",""background"":""知識をひけらかすハジワトと 勉強はしていないけれど頭の回転が速いカラギョズが 街のルールや政治について議論する場面です"",""attack"":""ハジワトが難しい言葉や外国の言葉を使って カラギョズに お前は何も知らない無学な者だ とからかいます"",""humor_return"":""カラギョズはハジワトの難しい言葉をわざと響きが似たおかしな日常の言葉に聞き間違えて ユーモラスなダジャレで切り返し 観客を大爆笑させます"",""evaluation"":""難しい言葉で相手を支配しようとする態度を 言葉遊びによる聞き間違いというユーモアで無効化し 議論の上下関係を笑いの中で対等に戻す点が高く評価されます""}],""glossary"":[{""term"":""カラギョズ"",""explanation"":""影絵芝居に登場する主人公で 庶民を代表するキャラクターです 勉強は苦手ですが 持ち前の明るさと機知に富んだ言葉遊びでピンチを切り抜けます""},{""term"":""ハジワト"",""explanation"":""カラギョズの相棒で 知識人ぶったキャラクターです 難しい言葉を使って自分を偉く見せようとしますが いつもカラギョズにやり込められてしまいます""},{""term"":""ハヤール アッ ジル"",""explanation"":""アラビア語で 影の想像力 や 影絵芝居 を意味する言葉です シリアの伝統的な人形劇文化を指します""}],""citations"":[{""source_title"":""UNESCO Shadow play"",""url_or_isbn"":""https://ich.unesco.org/en/USL/01368"",""editorial_note"":""史実および原典に基づき 中高生が理解しやすいよう現代語訳および一部表現を加筆修正しています""}]},{""culture_name"":""ザジャル"",""catchcopy"":""武器の代わりに言葉の矢を放ち合う即興詩のバトル"",""historical_background"":""シリアやレバノンなどのレバント地方で古くから受け継がれた口承の即興詩文化です お祭りや結婚式 地域の集まりなどで 詩人たちが即興で詩を詠み合いました"",""social_function"":""2人の詩人が異なる立場やテーマを代表して ユーモアや風刺を交えながら言葉の応酬を行います 激しい議論や対立を 詩の美しさとユーモアに昇華させることで コミュニティ内の緊張を和らげ 最終的にはお互いを称え合って調和をもたらす役割を持っています"",""historical_examples"":[{""combatants"":""2人の即興詩人"",""background"":""地域の水利権や土地の境界をめぐって 2つのグループの間で緊張が高まった際 詩人たちがそれぞれの立場を代表して詩で対決しました"",""attack"":""一方の詩人が 相手のグループのやり方を 強欲で不公平だ と 鋭い比喩を使って詩の中で批判します"",""humor_return"":""もう一方の詩人は その批判をユーモラスな例え話に変え 私たちの水はあなたたちの喉を潤すために流れているのだ と 相手を歓迎する詩で切り返しました"",""evaluation"":""相手の攻撃的な批判を ユーモアと歓迎のメッセージに変換することで 敵対関係を友情と協力の物語へと昇華させる点が高く評価されます""}],""glossary"":[{""term"":""ザジャル"",""explanation"":""レバント地方に伝わる口承の即興詩の対決です 伴奏に合わせて詩人たちが言葉の機知を競い合います""},{""term"":""レバント地方"",""explanation"":""地中海東部沿岸の地域を指し シリア レバノン ヨルダン パレスチナなどが含まれます""}],""citations"":[{""source_title"":""UNESCO Al-Zajal recited or sung poetry"",""url_or_isbn"":""https://ich.unesco.org/en/RL/01000"",""editorial_note"":""史実および原典に基づき 中高生が理解しやすいよう現代語訳および一部表現を加筆修正しています""}]}]}",,,,,,,,,,,,,,
第４象限,シンガポール,"{""status"":""SUCCESS"",""cultures"":[{""culture_name"":""パントゥン"",""catchcopy"":""間接的な表現で対立を避ける 伝統的な4行詩"",""historical_background"":""マレー世界で古くから口承で伝えられてきた詩の形式です シンガポールでも多文化社会の中で 異なる民族同士が調和を保つためのコミュニケーション手段として大切にされてきました"",""social_function"":""直接的な批判や命令は相手のプライドを傷つけ 対立を生む原因になります パントゥンは自然の比喩を前半に置き 後半に本音を忍ばせることで 相手の感情を逆なでせずにアドバイスや意見を伝える機能を持っています"",""historical_examples"":[{""combatants"":""年長者が若者の軽率な行動をいさめる場面"",""background"":""若者が感情に任せて周囲と衝突しそうになったとき 年長者がその場を穏やかに収めるために詩を詠みます"",""attack"":""若者に対して 直接お前のやり方は間違っている と怒鳴りつけます"",""humor_return"":""年長者は 黄金のバナナを船に載せて航海に出ても 箱の上で一つ熟すだけだ 金の借りは返せるが 恩義の借りは死ぬまで返せない という有名な詩を詠み 物質的な価値よりも人間関係や恩義の大切さを優しく諭します"",""evaluation"":""直接的な説教を避け バナナや航海という身近な比喩を使うことで 若者に恥をかかせることなく 自発的な反省を促す点が高く評価されます""}],""glossary"":[{""term"":""マレー世界"",""explanation"":""マレーシアやインドネシア シンガポールなど マレー語やマレー文化が共有されている東南アジアの地域のことです""}],""citations"":[{""source_title"":""Pantun: The Art of Sharing Emotions, Responding with Courtesy - Roots"",""url_or_isbn"":""https://www.roots.gov.sg/resources-landing/publications/malay-heritage-centre/pantun-the-art-of-sharing-emotions-responding-with-courtesy"",""editorial_note"":""史実および原典に基づき 中高生が理解しやすいよう現代語訳および一部表現を加筆修正しています""}]},{""culture_name"":""ドンダン サヤン"",""catchcopy"":""音楽に乗せて知恵を競う 歌の即興ディベート"",""historical_background"":""19世紀にマラッカからシンガポールへ伝わった伝統的な歌謡芸能です マレー系の人々やプラナカンと呼ばれる人々を中心に愛されてきました 1910年にはシンガポールでグノン サヤン協会という専門の団体が設立され 現代にいたるまでその文化が守り続けられています"",""social_function"":""対立する意見や不満を直接ぶつけ合うのではなく 楽器の演奏に合わせて即興の詩を歌い合うことで ユーモアを交えながら平和的に解決する役割を持っています 相手を傷つけずに自分の主張を通す知的な言葉遊びとして機能してきました"",""historical_examples"":[{""combatants"":""男女の恋愛観や日常の不満をテーマにした歌い手同士の掛け合い"",""background"":""お互いの気持ちを確かめ合ったり 日常のちょっとした不満をユーモラスに解決したりするために 観客の前で即興の歌を披露します"",""attack"":""男性が 私は多くの恋人と出会ってきたけれど 時々あなたのことを思い出してしまうよ と少し気取った態度で歌いかけます"",""humor_return"":""女性は すぐに即興で もし本当に私のことが恋しいなら 涙を流すのではなく堂々と私の名前を呼びなさい とユーモアと皮肉を交えて切り返します"",""evaluation"":""相手の気取った態度を直接責めるのではなく 詩のルールを守りながら機知に富んだ表現でやり返すことで 場の空気を盛り上げつつ対等な関係を築く点が高く評価されます""}],""glossary"":[{""term"":""プラナカン"",""explanation"":""数百年前にマレー半島に移住してきた中国系などの移民が 地元のマレー系の文化と融合して生み出した独自の文化やその人々のことです""},{""term"":""グノン サヤン協会"",""explanation"":""1910年にシンガポールで設立された プラナカンの伝統芸能やドンダン サヤンを保存し普及させるための歴史ある文化団体です""}],""citations"":[{""source_title"":""Dondang Sayang - Roots"",""url_or_isbn"":""https://www.roots.gov.sg/ich-landing/ich/dondang-sayang"",""editorial_note"":""史実および原典に基づき 中高生が理解しやすいよう現代語訳および一部表現を加筆修正しています""}]}]}",,,,,,,,,,,,,,
第４象限,ジンバブエ,"{""status"":""SUCCESS"",""cultures"":[{""culture_name"":""チサフウィラ"",""catchcopy"":""冗談とからかいで対立を溶かす 儀礼的友情の知恵"",""historical_background"":""ジンバブエの多数派を占めるショナ人の社会において 古くから受け継がれてきた伝統的な人間関係の制度です 家族や親族の枠を超えて結ばれる特別な友人関係を指し 互いに無礼な冗談を言い合うことが許される特権的な絆として発展しました"",""social_function"":""対立や緊張が生じた際 直接的な暴力や深刻な議論を避けるために ユーモアやからかいを用いて仲裁を行います 葬儀の場での張り詰めた悲しみを和らげるだけでなく 家族間の争いやコミュニティの対立において 中立的な立場からあえて不謹慎な冗談や風刺を交えて双方の非を指摘し 怒りを笑いに変えて和解へと導く機能を持っています"",""historical_examples"":[{""combatants"":""葬儀における遺族とサフウィラ"",""background"":""葬儀の場において 遺族が深い悲しみと緊張に包まれている状況"",""attack"":""遺族が故人の死を悼み 張り詰めた空気の中で沈痛な面持ちで座っている"",""humor_return"":""サフウィラが突然現れ 故人の遺品を勝手に身につけて『この人は私がもらう』と言ったり 『お前たちがこの人を殺したんだろう』と大げさに非難する冗談を言う"",""evaluation"":""あえてタブーとされる不謹慎な冗談を言うことで 遺族の張り詰めた悲しみや罪悪感を一時的に解放し 感情のバランスを取り戻させて笑いと受容をもたらす論理""},{""combatants"":""家庭内の争いや親族間の対立"",""background"":""家庭内で激しい口論が発生し 暴力に発展しかねない緊迫した状況"",""attack"":""当事者同士が互いに激しい言葉で非難し合い 感情が爆発している"",""humor_return"":""サフウィラが間に入り あえて滑稽な動きをしたり 双方の主張を極端に誇張した冗談を言ってからかうことで 怒りの矛先を自分に向けさせつつ場を和ませる"",""evaluation"":""第三者がユーモアを交えて介入することで 当事者が客観的に自分たちの滑稽さに気づき 怒りの感情を和らげて冷静な対話へと移行させる論理""}],""glossary"":[{""term"":""サフウィラ"",""explanation"":""ショナ語で 家族の秘密を共有し 喜びも悲しみも共にする特別な儀礼的友人のこと""},{""term"":""ショナ人"",""explanation"":""ジンバブエの人口の大部分を占める バントゥー系民族のグループ""}],""citations"":[{""source_title"":""The Role of the Institution of Sahwira in Resolving Conflicts at Household and Community Level"",""url_or_isbn"":""https://www.researchgate.net/publication/358582312_The_Role_of_the_Institution_of_Sahwira_in_Resolving_Conflicts_at_Household_and_Community_Level_Case_Study_of_Domboshava_People"",""editorial_note"":""史実および原典に基づき 中高生が理解しやすいよう現代語訳および一部表現を加筆修正しています""},{""source_title"":""The Role of Sahwira's Humour and Jokes During Funerals"",""url_or_isbn"":""https://www.iosrjournals.org/iosr-jhss/papers/Vol.%2029%20Issue%206/Series-8/I2906086673.pdf"",""editorial_note"":""史実および原典に基づき 中高生が理解しやすいよう現代語訳および一部表現を加筆修正しています""}]}]}",,,,,,,,,,,,,,
第４象限,スイス,"{""status"":""SUCCESS"",""cultures"":[{""culture_name"":""シュニッツェルバンク"",""catchcopy"":""鋭い風刺と笑いで社会の対立を包み込む歌の芸術"",""historical_background"":""スイス北西部の都市バーゼルでは 毎年春にファスナハトと呼ばれるカーニバルが開催されます その中で行われるのがシュニッツェルバンクという風刺歌の伝統です 19世紀半ばから市民の政治的発言の場として定着しました"",""social_function"":""政治的な対立や社会問題 スキャンダルを ユーモアと機知に富んだ短い韻文とイラストを用いて歌い上げます これにより 深刻な分断や暴力を避け 笑いを通じて社会的なガス抜きを行い 対立を和らげる役割を果たしています"",""historical_examples"":[{""combatants"":""バーゼル＝シュタット準州とバーゼル＝ラント準州の合併議論"",""background"":""2013年頃 両準州の統合をめぐり 住民の間で激しい政治的対立や議論が巻き起こりました"",""attack"":""合併すればお互いの借金を背負い込み アイデンティティが失われるという双方の不信感や批判が飛び交いました"",""humor_return"":""歌い手たちが この複雑な政治問題を お互いに嫌い合っているのに無理やり結婚させられる老夫婦 に例え 短い韻文と滑稽なイラストで表現しました"",""evaluation"":""深刻な政治的対立を 誰もが笑える滑稽な夫婦喧嘩 に置き換えることで 議論の過熱を抑え 住民同士が笑顔で対話できる心の余裕を生み出した点が高く評価されます""}],""glossary"":[{""term"":""ファスナハト"",""explanation"":""スイスやドイツなどで春の訪れを前に開催される伝統的なカーニバル のことです""},{""term"":""ヘルゲ"",""explanation"":""シュニッツェルバンクの歌い手が 歌の内容を観客に分かりやすく伝えるために掲げる 風刺画が描かれた大きなポスターのことです""}],""citations"":[{""source_title"":""Carnival of Basel - Wikipedia"",""url_or_isbn"":""https://en.wikipedia.org/wiki/Carnival_of_Basel"",""editorial_note"":""史実および原典に基づき 中高生が理解しやすいよう現代語訳および一部表現を加筆修正しています""}]},{""culture_name"":""エスカラーデの歌とチョコレート鍋の儀式"",""catchcopy"":""歴史的な防衛戦を甘いユーモアと歌で語り継ぐ平和の儀式"",""historical_background"":""1602年12月にジュネーヴがサヴォイア公国のカトリック軍による奇襲攻撃を退けた エスカラーデ の戦いが起源です 毎年12月にこの勝利を記念するお祭りが開催されます"",""social_function"":""かつての凄惨な宗教的 政治的対立を 野菜スープを敵に浴びせた というユーモラスな伝説に焦点を当て 現代では子供たちが仮装して歌を歌い チョコレートの鍋を壊して分け合うという平和的なお祭りに昇華させました"",""historical_examples"":[{""combatants"":""ジュネーヴ市民とサヴォイア公国軍"",""background"":""サヴォイア公国がジュネーヴをカトリックに改宗させ 領土を奪うために夜間に城壁を登って奇襲しました"",""attack"":""敵軍が城壁を登り 街を武力で制圧しようと迫りました"",""humor_return"":""料理中だった主婦が 熱い野菜スープが入った大鍋を窓から敵の頭上に投げ落として撃退したという伝説を記念し 現代ではチョコレート製の鍋を最年長と最年少の者が手を携えて 敵は滅び去る と叫びながら叩き壊し 中のマジパンの野菜をみんなで分け合って食べます"",""evaluation"":""かつての血生臭い戦争や宗教対立の記憶を 大鍋を投げ落としたという滑稽な撃退劇としてユーモラスに語り継ぎ 敵を滅ぼすという物々しい言葉を唱えながらも 実際には甘いチョコレートをみんなで分け合って笑顔で食べることで 対立の記憶を平和と連帯のシンボルへと昇華させている点が高く評価されます""}],""glossary"":[{""term"":""マルミット"",""explanation"":""フランス語で大鍋やスープ用の金属製の鍋を意味し ジュネーヴの祭りではチョコレートで作られた鍋を指します""},{""term"":""マジパン"",""explanation"":""砂糖とアーモンドを練り合わせて作った洋菓子で 粘土のように様々な形に成形することができます""}],""citations"":[{""source_title"":""L'Escalade - Wikipedia"",""url_or_isbn"":""https://en.wikipedia.org/wiki/L%27Escalade"",""editorial_note"":""史実および原典に基づき 中高生が理解しやすいよう現代語訳および一部表現を加筆修正しています""}]}]}",,,,,,,,,,,,,,
第４象限,スウェーデン,"{""status"":""SUCCESS"",""cultures"":[{""culture_name"":""マンヤヴナズル"",""catchcopy"":""剣を抜かずに言葉で競う バイキングたちの知恵比べ"",""historical_background"":""中世の北欧 スウェーデンを含むスカンディナヴィア地域では バイキングたちが名誉を重んじて暮らしていました 当時は些細な口論から命がけの決闘に発展することも珍しくありませんでした そのような中で 宴会の席などで言葉の力を使って平和的に優劣を競い合う文化が生まれました"",""social_function"":""誇り高い戦士たちが直接的な暴力を振るう代わりに 詩的な表現やユーモアを用いて互いの名誉や功績を競い合いました これにより 感情的な対立をエンターテインメントへと昇華させ 集団内の絆を保ちながら平和的に争いを解決する役割を果たしていました"",""historical_examples"":[{""combatants"":""英雄オッドと王の戦士たち"",""background"":""スウェーデンとも深い関わりのある伝説的な英雄オッドが 異国の王の宮廷で二人の傲慢な戦士から挑発を受けた場面です"",""attack"":""戦士たちはオッドに対し お前は大きな戦いの場に一度もいなかった臆病者だと詩でからかいました"",""humor_return"":""オッドは怒る代わりに 自分がどれほど過酷な冒険を乗り越えてきたかをユーモラスで美しい詩にして即興で返しました 相手の言葉の矛盾を突きながら 自分の武勇を誇ることで場を大いに盛り上げました"",""evaluation"":""直接暴力を振るうことなく 詩の完成度とユーモアのセンスによって相手の非礼を暴き 周囲の観客を味方につけて対立を解決した点が高く評価されています""}],""glossary"":[{""term"":""バイキング"",""explanation"":""8世紀から11世紀にかけて北欧を中心に活動した海賊や交易を行う人々のこと""},{""term"":""サガ"",""explanation"":""中世北欧で語り継がれた英雄や歴史に関する散文の物語のこと""},{""term"":""スカルド詩"",""explanation"":""即興性や複雑なルールを持つ北欧の伝統的な宮廷詩のこと""}],""citations"":[{""source_title"":""Waging word wars: a discourse analysis of the patterns of Norse masculinity presented through mannjafnaor in the Icelandic sagas"",""url_or_isbn"":""https://repository.lsu.edu/gradschool_dissertations/4711/"",""editorial_note"":""史実および原典に基づき 中高生が理解しやすいよう現代語訳および一部表現を加筆修正しています""}]},{""culture_name"":""ヨーテボリ・ヴィッツ"",""catchcopy"":""厳しい労働と社会の緊張を笑い飛ばす 港町の即興駄洒落"",""historical_background"":""19世紀後半のスウェーデン西海岸にある港湾都市ヨーテボリでは 急速な工業化に伴い多くの労働者が集まりました 厳しい労働環境や 資本家と労働者の間の社会的な格差から 常に緊張や対立が生じやすい環境にありました"",""social_function"":""労働者たちは不満や対立を直接的な衝突に変えるのではなく ユーモアや言葉遊びを用いて表現しました 相手を傷つけない即興の駄洒落やジョークを交わすことで 厳しい現実を笑い飛ばし 階級間の緊張を和らげるとともに 労働者同士の連帯感を強める役割を果たしました"",""historical_examples"":[{""combatants"":""港湾労働者と監督官"",""background"":""港で働く労働者が 厳しい作業を急かす監督官に対して不満を抱いた場面です"",""attack"":""監督官が労働者に対して もっと早く動け 手を休めるなと厳しく命令しました"",""humor_return"":""労働者は怒る代わりに ヨーテボリの言葉遊びを使って 監督官の言葉をユーモラスな駄洒落に変換して返しました 例えば 魚の売買や船の用語を引っ掛けたジョークを言い 放たれた言葉の鋭さを笑いで包み込みました"",""evaluation"":""権力者からの圧力をユーモアで受け流すことで 職場の険悪な空気を一瞬で和らげ 労働者の尊厳を保ちながら対立を解消した点が高く評価されています""}],""glossary"":[{""term"":""ヨーテボリ"",""explanation"":""スウェーデン第2の都市で 運河や港湾が発達した美しい工業都市のこと""},{""term"":""言葉遊び"",""explanation"":""同音異義語や似た響きの言葉を使って ユーモアや意外性を生み出す知的な遊びのこと""}],""citations"":[{""source_title"":""Are Swedes funny? Explaining the many types of Swedish jokes - The Local Sweden"",""url_or_isbn"":""https://www.thelocal.se/20210311/are-swedes-funny-explaining-the-many-types-of-swedish-jokes"",""editorial_note"":""史実および原典に基づき 中高生が理解しやすいよう現代語訳および一部表現を加筆修正しています""}]}]}",,,,,,,,,,,,,,
第４象限,スーダン,"{""status"":""SUCCESS"",""cultures"":[{""culture_name"":""ドベト"",""catchcopy"":""暴力の代わりに詩を交わす 砂漠の知恵比べ"",""historical_background"":""スーダン東部のブタナ地方などに暮らす遊牧民の間で古くから受け継がれてきた即興の詩の文化です 特にシュクリヤ族などの人々が広大なサバンナを移動する中で 互いの知恵やユーモアを競い合う遊びとして発展しました"",""social_function"":""水場や放牧地の利用をめぐって部族間で対立が起きたとき 直接的な暴力を避けるために詩人たちが即興の詩で対決します 相手をユーモアたっぷりに風刺したり 自分の部族の誇りを機知に富んだ言葉で表現したりすることで 張り詰めた空気を笑いに変えて対立を和らげる役割を持っています"",""historical_examples"":[{""combatants"":""シュクリヤ族とバタヒン族の詩人たち"",""background"":""放牧地の境界線をめぐって二つの部族の間で緊張が高まり 武器を持った衝突が起きそうになった場面です"",""attack"":""相手の部族はラクダの扱いが下手で 砂漠の歩き方も知らない迷子のようなものだと詩でからかいました"",""humor_return"":""私たちは砂漠の星をすべて知っているから迷わない あなたたちのラクダが私たちの豊かな草地をうらやましがって鳴いているだけだとユーモアを交えて切り返しました"",""evaluation"":""相手の悪口を直接言うのではなく ラクダの生態や自然の美しさに例えてユーモラスに表現した知性が高く評価されました""}],""glossary"":[{""term"":""ドベト"",""explanation"":""スーダンの遊牧民に伝わる伝統的な即興の四行詩のことです""},{""term"":""シュクリヤ族"",""explanation"":""スーダン東部のブタナ地方を中心に暮らす アラブ系の遊牧民族です""},{""term"":""バタヒン族"",""explanation"":""スーダン中東部に暮らす アラブ系の伝統的な遊牧民族です""}],""citations"":[{""source_title"":""Historical Poems And Traditions Of The Shukriya"",""url_or_isbn"":""Sudan Notes and Records Vol 3 No 1 1920"",""editorial_note"":""史実および原典に基づき 中高生が理解しやすいよう現代語訳および一部表現を加筆修正しています""}]}]}",,,,,,,,,,,,,,
第４象限,スペイン,"{""status"":""SUCCESS"",""cultures"":[{""culture_name"":""ベルツォラリッツァ"",""catchcopy"":""鋭い言葉とユーモアで対立を溶かすバスクの即興詩歌"",""historical_background"":""スペイン北部のバスク地方で 少なくとも15世紀から受け継がれてきた伝統的な即興詩歌です 政治的な対立や社会的な緊張が高まった時代に 人々が直接的な暴力を避けて 自分の意見を平和的に主張する手段として発展しました"",""social_function"":""司会者から与えられた難しいテーマに対して 2人の歌い手が即興で韻を踏みながら歌い合います 相手をユーモアや風刺でからかいながらも 最後には互いへの敬意を示し 対立を笑いと芸術に昇華させる役割を持っています"",""historical_examples"":[{""combatants"":""伝統を守る農夫と新しい時代を生きる若者"",""background"":""急激な近代化が進む中で 伝統的な生活を守りたい農夫と 新しい価値観を持つ若者の間で意見が対立した場面です"",""attack"":""古いやり方にしがみつくお前たちは 時代の進歩についていけない頑固者だ"",""humor_return"":""新しい機械は便利だが 人の心を耕すことはできない お前たちの新しい頭脳も たまには古い土の匂いを嗅いで冷やした方がいい"",""evaluation"":""相手の近代化への誇りを認めつつ 伝統の持つ精神的な価値をユーモアを交えて提示し 対立をどちらが正しいかではなく お互いに補い合うべきものとして着地させた点が高く評価されます""}],""glossary"":[{""term"":""ベルツォラリ"",""explanation"":""バスク地方の伝統的な即興詩歌を歌う歌い手のことです""},{""term"":""ガイ ハルツァイレ"",""explanation"":""即興詩歌の対決で 歌い手たちにお題や設定を与える司会者のことです""}],""citations"":[{""source_title"":""The art of bertsolaritza: improvised basque verse singing"",""url_or_isbn"":""https://www.bertsozale.eus/"",""editorial_note"":""史実および原典に基づき 中高生が理解しやすいよう現代語訳および一部表現を加筆修正しています""}]},{""culture_name"":""トローボ"",""catchcopy"":""5行の詩に風刺を込めて争いを和らげるアンダルシアの即興詩"",""historical_background"":""スペイン南部のアンダルシア地方やムルシア地方で古くから行われてきた即興詩の対決です 中世の吟遊詩人やイスラム文化の影響を受け 農民や労働者の間で 日常の不満や対立を平和的に解決する手段として親しまれてきました"",""social_function"":""キンティージャと呼ばれる詩の形式を使い 楽器の伴奏に合わせて即興で歌い合います 土地の境界線争いや 労働条件への不満などの深刻な対立を ユーモアと鋭い風刺を交えて歌にすることで 感情的な爆発を防ぎ コミュニティの調和を保ちました"",""historical_examples"":[{""combatants"":""土地の境界線をめぐって争う隣人同士"",""background"":""お互いの土地 of 境界線をめぐって激しい口論になり 一触即発の事態になっていた場面です"",""attack"":""お前はいつも私の土地を盗もうと 夜中に境界の石を少しずつ動かしているのだろう"",""humor_return"":""石を動かす体力があるなら 自分の痩せた土地を耕している お前の土地の石が動くのは 私のせいではなく お前の嘘の重みで地面が傾いているからだ"",""evaluation"":""相手の泥棒という深刻な疑いを 嘘の重みで地面が傾くという物理的なユーモアにすり替えることで 周囲の笑いを誘い 張り詰めた空気を一瞬で和らげて対話を可能にした点が高く評価されます""}],""glossary"":[{""term"":""キンティージャ"",""explanation"":""トローボで使われる 5行で構成され 決まった音節の数と韻を持つ詩の形式のことです""},{""term"":""アルプハラ"",""explanation"":""スペイン南部のアンダルシア地方にある 山がちで自然豊かな歴史的地域のことです""}],""citations"":[{""source_title"":""El trovo alpujarre?o. De lo l?rico a lo sat?rico"",""url_or_isbn"":""http://www.ugr.es/~pwlac/G12_05Francisco_Checa_Olmos.html"",""editorial_note"":""史実および原典に基づき 中高生が理解しやすいよう現代語訳および一部表現を加筆修正しています""}]}]}",,,,,,,,,,,,,,
第４象限,スリナム,"{""status"":""SUCCESS"",""cultures"":[{""culture_name"":""オドとアンギサ"",""catchcopy"":""言葉と布の折り方で対立をユーモアに変える暗号コミュニケーション"",""historical_background"":""南アメリカのスリナムでは 17世紀から19世紀の奴隷制時代に アフリカから連れてこられた人々が厳しい監視下に置かれていました 直接的な抗議や自由な会話が禁止される中で 人々は独自の言葉であるスランアントンゴを使い 比喩やことわざを交えた言葉遊びを発達させました これがオドと呼ばれる文化です さらに女性たちは 頭に巻く布の折り方にオドの意味を込めることで 誰にも気づかれずに意思を伝える方法を編み出しました"",""social_function"":""コミュニティ内での対立や不満を 直接的な暴力や激しい口論で解決するのではなく ユーモアや機知に富んだ比喩を使って間接的に伝える役割を持っています 相手を傷つけることなく 自分の意思や怒りをユーモラスに表現することで 感情を安全に発散させ 集団の調和を保つ知恵として機能していました"",""historical_examples"":[{""combatants"":""近隣住民同士の噂話やライバル関係にある女性たちの対立"",""background"":""コミュニティの中で陰口を叩かれたり 嫌がらせを受けたりした女性が 相手に対して直接怒鳴り散らすのではなく 自分の感情や立場をスマートに示すために用いられました"",""attack"":""陰湿な噂話や嫌がらせによる精神的な攻撃"",""humor_return"":""女性はレットゼムトークと呼ばれる折り方でアンギサを頭に巻いて相手の前に現れました この折り方は布の端が3つ上を向いており 好きに言わせておけ という意味を持っています 私はあなたの噂話など全く気にしていません という余裕を ユーモラスなファッションとして無言で突き返しました"",""evaluation"":""直接的な言葉の暴力を一切使わず 布の折り方という視覚的なユーモアと機知によって 相手の攻撃を完全に無効化する点が高く評価されます 周囲に対しても 自分が冷静で知的な立場にあることをアピールし 対立が泥沼化するのを防ぐ効果がありました""}],""glossary"":[{""term"":""オド"",""explanation"":""スリナムで語り継がれることわざや格言のことで 日常の知恵やユーモアが詰まっています""},{""term"":""アンギサ"",""explanation"":""スリナムの女性が頭に巻く 糊で硬く整えられた伝統的なヘッドスカーフのことです""},{""term"":""スランアントンゴ"",""explanation"":""スリナムで広く話されている 英語やアフリカの言葉などが混ざり合ってできたクレオール言語です""},{""term"":""フェイダ"",""explanation"":""アンギサの折り方の一種で 布の端が上を向いている特徴があり 怒りや警告をユーモラスに表現します""}],""citations"":[{""source_title"":""A headscarf with a secret language | Wereldmuseum Amsterdam"",""url_or_isbn"":""https://www.wereldmuseum.nl/"",""editorial_note"":""史実および原典に基づき 中高生が理解しやすいよう現代語訳および一部表現を加筆修正しています""}]}]}",,,,,,,,,,,,,,
第４象限,スリランカ,"{""status"":""SUCCESS"",""cultures"":[{""culture_name"":""ヒティワナ カヴィ"",""catchcopy"":""即興の詩とユーモアで対立を笑顔に変える言葉の格闘技"",""historical_background"":""スリランカでは古くから詩を詠む文化が人々の生活に深く根ざしていました 特にキャンディ王国時代には 宮廷や村の集会場で詩人たちが集まり 即興で詩を詠み合う競技が盛んに行われました"",""social_function"":""人々が意見の対立や社会への不満を抱いたとき 直接的な暴力や激しい罵り合いに訴えるのではなく 詩のルールに則った美しい言葉とユーモアで相手を説得し 緊張を和らげる役割を果たしました"",""historical_examples"":[{""combatants"":""村の境界線をめぐる二人の詩人の争い"",""background"":""農地の境界線をめぐって二人の農民が激しく対立し 一触即発の状況になったとき 周囲の勧めでお互いの主張を即興詩で競い合うことになりました"",""attack"":""お前が主張するその土地は 私の先祖が耕した神聖な場所だ 泥棒のように境界線を動かすのはやめろ という厳しい批判を詩に乗せて投げかけました"",""humor_return"":""お前の先祖が耕したというのなら なぜ土は私の足元で嬉しそうに歌っているのか 土地は誰のものでもなく 神様からの預かりものだ だから半分ずつ仲良く分け合おう とユーモアを交えて切り返しました"",""evaluation"":""相手の激しい怒りに対して 土地の所有権という執着を神聖な視点とユーモアで解きほぐし 暴力ではなく平和的な共有という解決策を導き出した点が高く評価されます""}],""glossary"":[{""term"":""ヒティワナ カヴィ"",""explanation"":""スリランカのシンハラ文化における伝統的な即興詩のことです その場の状況に合わせて瞬時に韻を踏んだ詩を作り出します""},{""term"":""カヴィカラ マドゥワ"",""explanation"":""詩人たちが集まり 即興詩の腕前を競い合うために設けられた特別な集会場や舞台のことです""},{""term"":""キャンディ王国"",""explanation"":""15世紀から19世紀にかけてスリランカの中部山岳地帯に存在した シンハラ人最後の独立王国です""}],""citations"":[{""source_title"":""The Impact of Folk Poetry on Traditional Communication A Review of Sri Lankan Janakaviya"",""url_or_isbn"":""https://www.researchgate.net/publication/378214567_The_Impact_of_Folk_Poetry_on_Traditional_Communication_A_Review_of_Sri_Lankan_Janakaviya"",""editorial_note"":""史実および原典に基づき 中高生が理解しやすいよう現代語訳および一部表現を加筆修正しています""}]},{""culture_name"":""アンダレの風刺詩"",""catchcopy"":""権力者の無理難題を機知と笑いで切り抜ける宮廷の知恵"",""historical_background"":""18世紀のキャンディ王国時代に実在したとされる伝説的な宮廷道化師アンダレに由来します 彼は王や大臣たちを笑わせるだけでなく 鋭い知性と即興詩の才能で宮廷の緊張を和らげる特別な役割を担っていました"",""social_function"":""絶対的な権力を持つ王や大臣に対して 直接意見を言うと処罰される危険がある中で アンダレはユーモアとダブルミーニングを駆使した詩を用いて 権力者の過ちを優しく諭し 宮廷内の対立を未然に防ぎました"",""historical_examples"":[{""combatants"":""大臣たちとアンダレの池での知恵比べ"",""background"":""大臣たちがアンダレをからかおうと 全員で池に潜ってあらかじめ用意した卵を持って上がり 卵を産めない者は罰金だ と罠を仕掛けました"",""attack"":""大臣たちは池から上がり ほら私たちは卵を産んだぞ お前は卵を産めないのか とアンダレを追い詰めました"",""humor_return"":""アンダレは池から勢いよく飛び出すと コケコッコー と雄叫びをあげて 皆さんは卵を産む雌鶏で 私は唯一の雄鶏です と叫びました"",""evaluation"":""仕掛けられた罠に対して 自分が雄鶏であるという設定を即座に作り出すことで 相手の攻撃を完璧なユーモアで無力化し 全員を大爆笑させて対立を解消した点が高く評価されます""}],""glossary"":[{""term"":""アンダレ"",""explanation"":""18世紀のスリランカに実在したとされる伝説的な宮廷道化師です 優れた詩人であり ユーモアと知恵で人々を魅了しました""},{""term"":""キャンディ王国"",""explanation"":""15世紀から19世紀にかけてスリランカの中部山岳地帯に存在した シンハラ人最後の独立王国です""}],""citations"":[{""source_title"":""Andare Sri Lanka's beloved jester Time Out"",""url_or_isbn"":""https://www.timeout.com/srilanka/art-culture/andare-sri-lankas-beloved-jester"",""editorial_note"":""史実および原典に基づき 中高生が理解しやすいよう現代語訳および一部表現を加筆修正しています""}]}]}",,,,,,,,,,,,,,
第４象限,スロバキア,"{""status"":""SUCCESS"",""cultures"":[{""culture_name"":""ムードリ フルパーク"",""catchcopy"":""過酷な現実や対立をユーモアで包み込み 笑顔で調和をもたらす知恵"",""historical_background"":""スロバキアの伝統的な民話や地域社会において 抑圧や過酷な労働環境から生じる対立を和らげるために生まれた 賢い愚者 の系譜です 特に18世紀から20世紀にかけて 鉱山都市や農村地域で独自のキャラクターが誕生し 人々の間で語り継がれました"",""social_function"":""直接的な批判や暴力を避け 自分自身や身近な出来事をユーモアの対象にすることで 権力者への風刺やコミュニティ内の緊張を和らげる役割を果たしました 深刻な対立を笑いに昇華させ 精神的なゆとりと連帯感を生み出す社会的な安全弁として機能しました"",""historical_examples"":[{""combatants"":""鉱山都市バンスカー シュティアヴニツァの鉱夫たちと過酷な労働環境"",""background"":""暗く危険な地下鉱山での労働は 常に死と隣り合わせであり 鉱夫たちの間には強い緊張感や不満が漂っていました"",""attack"":""過酷な労働や低賃金に対する不満が 鉱夫同士の衝突や雇用主への暴動に発展しかねない状況"",""humor_return"":""架空の陽気な鉱夫 ナーツコ を主人公にした自虐的で温かみのあるジョークを交わし 互いの不条理な境遇を笑い飛ばしました"",""evaluation"":""他人を攻撃するのではなく 自分自身や身近な状況をユーモアの対象にすることで 誰も傷つけることなく過酷な現実を客観視し 精神的な緊張を和らげた点""},{""combatants"":""虚栄心に満ちた小市民たちと機知に富んだ学生ゲリョ"",""background"":""19世紀末から20世紀初頭のスロバキア社会において 階級的な虚栄心や金銭的な対立から 決闘や深刻な不和が生じていました"",""attack"":""名誉や金銭をめぐる対立から 友人同士が剣による決闘で決着をつけようとする暴力的な状況"",""humor_return"":""ゲリョは変装して決闘の場に現れ 剣を交える瞬間に正体を明かして 鋼鉄は捨てろ 友とは戦わない と宣言し ユーモアと機知で決闘を無効化しました"",""evaluation"":""暴力的な名誉の概念をユーモアによって無効化し 対立する当事者たちに自分たちの愚かさを気づかせることで 命を救い和解をもたらした点""}],""glossary"":[{""term"":""バンスカー シュティアヴニツァ"",""explanation"":""スロバキア中部にある歴史的な鉱山都市で 世界遺産にも登録されています 豊かな銀や金の鉱山があり 独特の鉱山文化やユーモアが育まれました""},{""term"":""ナーツコの冗談"",""explanation"":""スロバキア語で ナーツコヴェ ジャルティ と呼ばれる 陽気で少し素朴な鉱夫ナーツコを主人公にした伝統的なジョークの数々です 自虐的でありながらも温かい知恵が詰まっています""},{""term"":""ゲリョ セベフレブスキー"",""explanation"":""スロバキアの劇作家ヨゼフ ホリーが描いた戯曲の主人公で 伝統的なトリックスター の系譜を引く ユーモアと機知で社会の虚栄を暴くキャラクターです""}],""citations"":[{""source_title"":""The Wise Fool in the Slovak Oral and Literary Tradition"",""url_or_isbn"":""https://sms.zrc-sazu.si/pdf/12/SMS_12_23_Profantova.pdf"",""editorial_note"":""史実および原典に基づき 中高生が理解しやすいよう現代語訳および一部表現を加筆修正しています""},{""source_title"":""N?cko - Prv? ban?cky spolok"",""url_or_isbn"":""http://www.banickyspolok.sk/nacko/"",""editorial_note"":""史実および原典に基づき 中高生が理解しやすいよう現代語訳および一部表現を加筆修正しています""}]}]}",,,,,,,,,,,,,,
第４象限,スロベニア,"{""status"":""NO_CULTURE_FOUND"",""cultures"":[]}",,,,,,,,,,,,,,
第４象限,セーシェル,"{""status"":""SUCCESS"",""cultures"":[{""culture_name"":""ムティア"",""catchcopy"":""焚き火を囲んで不満をユーモアに変える即興の歌とダンス"",""historical_background"":""18世紀初頭にフランス人入植者とともにセーシェルに連れてこられたアフリカ系の奴隷の人々の間で始まりました 厳しい労働や抑圧の中で 奴隷主の目を盗んで夜の森や海岸で焚き火を囲んで行われました"",""social_function"":""奴隷主への直接的な反抗や暴力的な対立を避け 歌の中に風刺やユーモアを込めて不満を表現することで 精神的な救いを得るとともに対立を和らげる役割を果たしました"",""historical_examples"":[{""combatants"":""奴隷たちと奴隷主"",""background"":""厳しい労働環境や不当な扱いに対する不満がたまったとき"",""attack"":""奴隷主からの過酷な労働の強制や理不尽な罰"",""humor_return"":""焚き火で温めた太鼓のリズムに合わせ 奴隷主のケチな性格や奇妙な行動を即興の歌でユーモラスに風刺し 仲間全員で大笑いしながら歌い返しました"",""evaluation"":""直接的な暴力を起こさずに ユーモアと風刺によって支配者への抵抗を示し コミュニティの団結を強めた点""}],""glossary"":[{""term"":""風刺"",""explanation"":""社会の悪いところや他人の欠点を ユーモアや皮肉を交えて批判することです""},{""term"":""クレオール"",""explanation"":""異なる文化や言語が混ざり合って新しく生まれた文化や言葉のことです""}],""citations"":[{""source_title"":""Moutya - UNESCO Intangible Cultural Heritage"",""url_or_isbn"":""https://ich.unesco.org/en/RL/01690"",""editorial_note"":""史実および原典に基づき 中高生が理解しやすいよう現代語訳および一部表現を加筆修正しています""}]},{""culture_name"":""ゼドモ"",""catchcopy"":""厳しい現実を知恵と笑いで切り抜ける伝統的な謎解き遊び"",""historical_background"":""フランス語の言葉遊びを意味する言葉に由来し 奴隷制時代からセーシェルで親しまれてきた口承文学の一種です 夜の集まりや葬儀の通夜などで 祖父母から子どもたちへと受け継がれてきました"",""social_function"":""日常の厳しい現実や人間関係の緊張を ユーモアと知恵に満ちた謎解きに変えることで 暴力や対立を避けながら知的な交流を楽しむ場を提供しました"",""historical_examples"":[{""combatants"":""コミュニティの若者たちと知恵を競う長老"",""background"":""夜の集まりで人々が退屈や日中の疲れから不機嫌になり 対立が生じそうになったとき"",""attack"":""日常の不満や他者へのイライラから生じる険悪な空気"",""humor_return"":""モーリシャスに手紙を送ったが 届く前に返事が来た これは何だ という謎を出し 釣り糸にかかった魚 という意外な答えで人々を笑わせ 緊張をほぐしました"",""evaluation"":""物理的な力ではなく 柔軟な発想とユーモアによって人々の関心を対立から知的な楽しみに引き戻した点""}],""glossary"":[{""term"":""口承文学"",""explanation"":""文字を使わずに 口から耳へと語り継がれてきたお話や歌のことです""}],""citations"":[{""source_title"":""List of Riddles from Seychelles- Zedmo Seselwa - The Creole Melting Pot"",""url_or_isbn"":""https://thecreolemeltingpot.com/2025/08/09/list-of-riddles-from-seychelles-zedmo-seselwa/"",""editorial_note"":""史実および原典に基づき 中高生が理解しやすいよう現代語訳および一部表現を加筆修正しています""}]}]}",,,,,,,,,,,,,,
第４象限,赤道ギニア,"{""status"":""SUCCESS"",""cultures"":[{""culture_name"":""アバにおけるパラバー"",""catchcopy"":""問題の家で交わされる ことわざとユーモアの知恵比べ"",""historical_background"":""赤道ギニアの大部分を占める大陸部や周辺国に暮らすファン人の間で 古くから受け継がれてきた伝統です 村の中心にあるアバと呼ばれる共同集会所は 単なる会議場ではなく 対立や揉め事を解決するための神聖かつ民主的な議論の場でした"",""social_function"":""ファン人の社会では 対立が生じた際に直接的な暴力に訴えることは固く禁じられていました 代わりにアバに集まり 長老や当事者たちがことわざや比喩 そしてユーモアを駆使して言葉の応酬を行います 相手を直接非難するのではなく ユーモラスなことわざを用いて間接的に諭すことで 相手の面目を保ちつつ 対立を平和的に解決させる機能を持っていました"",""historical_examples"":[{""combatants"":""農地の境界線をめぐって対立する二人の農民"",""background"":""農地の境界線をめぐって二人の農民が激しく対立し 一触即発の事態となったため 村のアバで長老たちを前にした話し合いが持たれました"",""attack"":""一方が あいつは私の土地を盗もうとしている 強欲で すべてを自分のものにしようとする卑怯者だ と激しく相手を罵倒しました"",""humor_return"":""もう一方は怒る代わりに ファン人の有名なことわざを引用して 賢者はすべてを知ることはない 愚者だけがすべてを知っている と言う 君が私の境界線をすべて知っていると主張するなら 君は自分がどちらの人間か 村の皆に証明しているようなものだ お互いに少しずつ譲り合って 賢者になろうではないか と切り返しました"",""evaluation"":""相手の激しい怒りに対して 直接反論して火に油を注ぐのではなく ユーモラスなことわざを用いて すべてを知っていると主張することの愚かさ を間接的に指摘した点です これにより 周囲の長老たちの笑いを誘い 張り詰めた空気を一瞬で和らげ お互いが譲歩しやすい雰囲気を作り出しました""}],""glossary"":[{""term"":""アバ"",""explanation"":""ファン人の村の中心にある伝統的な共同集会所です 別名パラバー ハウスや ンダ メゾ とも呼ばれ 裁判や重要な決定などが行われます""},{""term"":""パラバー"",""explanation"":""西アフリカや中部アフリカで広く見られる 話し合いによる対立解決の伝統です 長老や当事者が集まり 合意に達するまで徹底的に議論を重ねます""},{""term"":""ファン人"",""explanation"":""赤道ギニアの人口の大部分を占める主要な民族です 豊かな口承文学やことわざの文化を持っています""}],""citations"":[{""source_title"":""Bwiti: an ethnography of the religious imagination in Africa"",""url_or_isbn"":""9780691093901"",""editorial_note"":""史実および原典に基づき 中高生が理解しやすいよう現代語訳および一部表現を加筆修正しています""},{""source_title"":""Proverbios, adagios y refranes fang"",""url_or_isbn"":""9782951047389"",""editorial_note"":""史実および原典に基づき 中高生が理解しやすいよう現代語訳および一部表現を加筆修正しています""}]}]}",,,,,,,,,,,,,,
第４象限,セネガル,"{""status"":""SUCCESS"",""cultures"":[{""culture_name"":""カル"",""catchcopy"":""名字が違えばみんなイトコ 激しい悪口で友情を深め合う魔法の言葉遊び"",""historical_background"":""セネガルで最も人口が多いウォロフ族などの間で 古くから受け継がれてきた家族や名字に基づく冗談関係の習慣です 同じ民族の中でも 異なる名字を持つ家系同士が 歴史的な同盟関係を結んだことが始まりとされています"",""social_function"":""初対面であっても 特定の名字同士が出会うと お互いの家系や食習慣をユーモアたっぷりに罵り合います このやり取りによって 緊張感を一瞬でほぐし 敵意がないことを証明して 争いを未然に防ぐ役割を持っています"",""historical_examples"":[{""combatants"":""ンジャイ家とジョップ家"",""background"":""セネガルで非常にありふれた名字であるンジャイ家の人とジョップ家の人が 街角や市場で偶然出会った場面です"",""attack"":""お前たちジョップ家は いつも大食いで 泥棒の家系だ"",""humor_return"":""何を言うか ンジャイ家こそ 怠け者で 私たちの奴隷ではないか"",""evaluation"":""どんなに過激な悪口を言われても 決して怒らず 笑顔でユーモアを返さなければならないという絶対的なルールがあり これによってお互いのプライドを傷つけずに 親密な関係を築く点が高く評価されます""}],""glossary"":[{""term"":""ウォロフ族"",""explanation"":""セネガルで最も人口が多く 政治や文化の中心的な役割を果たしている民族です""},{""term"":""冗談関係"",""explanation"":""特定の親族やグループの間で 儀礼的に悪口や冗談を言い合うことが許されている社会的な関係のことです""}],""citations"":[{""source_title"":""The Role of Cousinhood Pleasantry in Senegalese Peace Building - Project MUSE"",""url_or_isbn"":""https://vertexaisearch.cloud.google.com/grounding-api-redirect/AUZIYQFuXYU-keMEcce2GOEY6cd7Dn3dGcQQTJrpTPOmNiMo1zJS0iYYZEVLCe5kNJtdIdrfraO_pRpQFJgyzW2O2gDC1KKh2OffkWdNyF1DfsObMtt_YYZ3fDqUzLwV7qUzwsMi"",""editorial_note"":""史実および原典に基づき 中高生が理解しやすいよう現代語訳および一部表現を加筆修正しています""}]},{""culture_name"":""ガム"",""catchcopy"":""異なる民族同士が血の同盟で結ばれる 争いを絶対に許さない平和のジョーク"",""historical_background"":""セネガルに暮らすセレール族 ジョラ族 プラール族などの異なる民族間で 古代に結ばれた不戦同盟や相互援助の約束が起源です 祖先たちが血を流し合わないと誓った歴史的な約束が 現代まで受け継がれています"",""social_function"":""異なる民族同士が対立しそうになったときや 政治的な緊張が高まったときに この関係を使ってお互いをからかい合います どんなに深刻な状況でも この言葉遊びが始まると 武器を置いて和解しなければならないという強い社会的強制力があります"",""historical_examples"":[{""combatants"":""セレール族とジョラ族"",""background"":""セネガル南部のカザマンス地方で 武装勢力と政府との間で緊張が高まっていた際 人々を乗せた車が武装勢力に呼び止められた場面です"",""attack"":""お前たちはセレール族だな 私たちの不戦同盟を忘れたのか"",""humor_return"":""冗談を言うな お前たちジョラ族こそ 私たちのいとこであり 命を奪うことは許されないはずだ"",""evaluation"":""実際の紛争や人質事件において この民族間の冗談関係を呼びかけることで 実際に血を流すことなく人質が解放されるなど 命を救うための強力な平和維持システムとして機能した点が高く評価されます""}],""glossary"":[{""term"":""セレール族"",""explanation"":""セネガル中西部に多く住む民族で 伝統的な農耕文化や独自の信仰を大切にしています""},{""term"":""ジョラ族"",""explanation"":""セネガル南部のカザマンス地方に多く住む民族で 稲作や独自の社会組織を持っています""},{""term"":""不戦同盟"",""explanation"":""お互いに絶対に戦争をしないことや 血を流さないことを誓い合った歴史的な約束のことです""}],""citations"":[{""source_title"":""Joking cousins | The Duck of Minerva"",""url_or_isbn"":""https://vertexaisearch.cloud.google.com/grounding-api-redirect/AUZIYQEG7wluqUAJfGHt0y2l37-4A8tseFLrZhrf3mF7ZIn0AWh_VoAfIFE1m5dL3bgSYVIyNfi6Zivank5GZT-MhPx_eGs4MIZOXoyt1WWf_Cpy3PPIII8rYzPqOo76Mz54xqWCNGcnFw1Sunfpo58vAyuG"",""editorial_note"":""史実および原典に基づき 中高生が理解しやすいよう現代語訳および一部表現を加筆修正しています""}]}]}",,,,,,,,,,,,,,
第４象限,セルビア,"{""status"":""SUCCESS"",""cultures"":[{""culture_name"":""アフォリズミ"",""catchcopy"":""短い一文で不条理を射抜く精神の自己防衛"",""historical_background"":""20世紀後半の旧ユーゴスラビア体制下において 厳しい検閲や政治的抑圧に対抗するためにベオグラードを中心に発展しました 特に知識人や市民の間で短い風刺的な文章を書くことが流行し 精神的な自己防衛の手段として定着しました"",""social_function"":""直接的な抗議や暴力が許されない抑圧的な社会において ユーモアと風刺を用いて権力の不条理を暴き 人々の精神的な緊張を和らげる役割を果たしました 対立する意見をユーモアで包み込むことで 深刻な衝突を避ける知恵として機能しています"",""historical_examples"":[{""combatants"":""作家アレクサンダル バリャクと社会の対立"",""background"":""ユーゴスラビア紛争期において 民族間の対立が激化し 互いに兄弟民族であると主張しながら争っていた時代背景があります"",""attack"":""私たちは同じ兄弟民族であり 平和のために戦わなければならない という大義名分が掲げられていました"",""humor_return"":""私たちはこれ以上の同胞殺しが起きないよう最善を尽くす そのために私たちは兄弟であることをやめるのだ と切り返しました"",""evaluation"":""兄弟 という言葉の定義を逆手に取り 争いの根本原因である同胞意識の押し付けをユーモアによって無効化する論理的機知が高く評価されています""}],""glossary"":[{""term"":""アフォリズム"",""explanation"":""物事の真実を簡潔にまとめた短い文章のことです 格言や警句とも呼ばれます""},{""term"":""ベオグラード アフォリズム サークル"",""explanation"":""セルビアの首都ベオグラードで結成された 風刺的な短い文章を書く作家たちのグループです""}],""citations"":[{""source_title"":""Humor as Social Coping: Serbian Political Aphorisms"",""url_or_isbn"":""https://www.researchgate.net/publication/340003451_Humor_as_Social_Coping_Serbian_Political_Aphorisms"",""editorial_note"":""史実および原典に基づき 中高生が理解しやすいよう現代語訳および一部表現を加筆修正しています""}]},{""culture_name"":""エルスキ フモル"",""catchcopy"":""素朴な農民のふりをして権力をいなす知恵の笑い"",""historical_background"":""セルビア西部のズラティボル地方で何世紀にもわたり受け継がれてきた伝統的なユーモア文化です 2012年にはセルビアの国家無形文化遺産にも登録されました"",""social_function"":""エラ と呼ばれる架空の農民が 都会の傲慢な役人や権力者に対して 一見すると愚かで素朴なふりをしながら 言葉の裏をかく機知に富んだ返答で相手をやり込め 対立を和らげる機能を持っています"",""historical_examples"":[{""combatants"":""ズラティボルの農民エラと都会の役人"",""background"":""都会からやってきた傲慢な役人が 地方 of 農民を無知だと見下し からかおうとした場面です"",""attack"":""おい お前の村のロバはみんなお前のように賢いのか と嘲笑しました"",""humor_return"":""いいえ もっと賢いロバはみんな都会に出て 役人になってしまいました と穏やかに答えました"",""evaluation"":""相手の侮辱をそのまま受け入れるふりをしながら その論理を拡張して都会の役人をさらに賢いロバと定義し直すことで 完璧なブーメランとして相手に返す論理的切り返しが高く評価されています""}],""glossary"":[{""term"":""エラ"",""explanation"":""セルビア西部のズラティボル地方に住む人々を指す愛称であり 伝統的な民話に登場する機知に富んだ主人公の名前でもあります""},{""term"":""無形文化遺産"",""explanation"":""芸能や伝統工芸 技術など 形には残らないけれど人々が受け継いできた大切な文化のことです""}],""citations"":[{""source_title"":""Nematerijalno kulturno nasle?e Srbije - Erski humor"",""url_or_isbn"":""https://nkns.rs/cyr/popis-nkns-srbije/erski-humor"",""editorial_note"":""史実および原典に基づき 中高生が理解しやすいよう現代語訳および一部表現を加筆修正しています""}]}]}",,,,,,,,,,,,,,
第４象限,セントクリストファー・ネイビス,"{""status"":""SUCCESS"",""cultures"":[{""culture_name"":""ティー ミーティング"",""catchcopy"":""大仰な言葉と野次が織りなす知的な言葉の決闘"",""historical_background"":""19世紀のカリブ海に位置するセントクリストファー ネイビスでは メソジストの宣教師たちがアルコールを伴わない健全な社交の場としてお茶を飲む集まりを主催しました これがアフリカ系カリブ海の人々の伝統的な口承文芸や言葉のパフォーマンスと融合し 独自のエンターテインメントへと発展しました 特にクリスマスや奴隷解放記念日などの祝祭シーズンに盛んに行われました"",""social_function"":""植民地支配下において 支配層の言語である標準英語を過剰に模倣してパロディ化することで 権威をユーモラスに相対化し 社会的な不満や対立を和らげる機能を持っていました 演者と観客の間で激しい言葉の応酬が行われ 観客は演者が言葉に詰まったり大げさすぎる表現を使ったりすると容赦なく野次を飛ばします 演者はそれを機知に富んだ切り返しでかわさなければならず この秩序と無秩序の戦いがコミュニティ内の緊張を安全に解消する安全弁として機能しました"",""historical_examples"":[{""combatants"":""演説を行う王や女王と会場を盛り上げる観客たち"",""background"":""ティー ミーティングのステージにおいて 演者は聖書やシェイクスピアの引用 あるいは極端に難解な英単語を並べ立てて自らの知性と威厳をアピールします"",""attack"":""観客はそんな難しい言葉を使って本当は意味も分かっていないんだろうやお前のスピーチは退屈だといった歌や手拍子 激しい野次で演者を攻撃し スピーチを妨害します"",""humor_return"":""演者は怒り出すことなく さらに大げさで詩的な表現や即興のライムを使って観客の野次をユーモラスに包み込み 自らのスピーチの正当性を証明します 例えば私の言葉の光が諸君の無知の闇を照らすのだといった大仰なレトリックで観客を圧倒し 笑いを誘いました"",""evaluation"":""感情的になって暴力を振るうのではなく どれだけ冷静に かつ知的な言葉遊びと即興のユーモアで観客を黙らせ 味方に引き込めるかという言葉のコントロール力が高く評価されます""}],""glossary"":[{""term"":""ティー ミーティング"",""explanation"":""19世紀にキリスト教の宣教師が始めた禁酒運動の集まりが起源で 後に言葉のパフォーマンスや歌 野次が飛び交うカリブ海独特のエンターテインメントへと発展した社交集会""},{""term"":""スピーチファイング"",""explanation"":""ティー ミーティングなどで用いられる 極端に難解な言葉や大げさな表現を使って行う大仰な演説スタイルで 権威をパロディ化するユーモアの手法""},{""term"":""ヘックラー"",""explanation"":""演者に対して容赦なく野次やからかいの言葉を投げかける観客のことで ティー ミーティングにおいては演者の機知を試す重要な役割を果たします""},{""term"":""マン オブ ワーズ"",""explanation"":""カリブ海地域において 言葉を巧みに操り スピーチや歌で人々を魅了する言葉の達人を指す言葉""}],""citations"":[{""source_title"":""Tea meeting - Wikipedia"",""url_or_isbn"":""https://en.wikipedia.org/wiki/Tea_meeting"",""editorial_note"":""史実および原典に基づき 中高生が理解しやすいよう現代語訳および一部表現を加筆修正しています""},{""source_title"":""Nevis and St. Kitts ? CHRISTMAS SPORTS, TEA MEETING, AND THE MOONLIGHT NIGHT"",""url_or_isbn"":""https://www.culturalequity.org/"",""editorial_note"":""史実および原典に基づき 中高生が理解しやすいよう現代語訳および一部表現を加筆修正しています""}]}]}",,,,,,,,,,,,,,
第４象限,セントビンセント・グレナディーン,"{""status"":""SUCCESS"",""cultures"":[{""culture_name"":""ティー ミーティング"",""catchcopy"":""言葉の盾とユーモアの矛で戦う 知的なお茶会"",""historical_background"":""セントビンセント グレナディーンの伝統的な言葉遊びであるティー ミーティングは 19世紀にメソジストの宣教師たちがアルコールを伴うお祭りの代わりに導入したお茶会が起源です それがアフリカ由来の口承文化や言葉遊びと融合し 独自のエンターテインメントへと発展しました 特にクリスマスや奴隷解放記念日などの祝祭シーズンに盛んに行われました"",""social_function"":""この文化は コミュニティ内の秩序や礼儀を重んじる価値観と 自由や自己主張を求める価値観という 対立しやすい2つの要素を言葉の戦いを通じて調和させる機能を持っています 直接的な暴力や深刻な対立に発展させることなく ユーモアと機知に富んだ言葉の応酬によって 緊張を笑いの中に解消する役割を果たしていました"",""historical_examples"":[{""combatants"":""演説者とピット ボーイズ"",""background"":""祝祭の夜に開かれたティー ミーティングの会場で 演説者が聖書や歴史についての高尚なスピーチを披露しようとする場面です"",""attack"":""観客席にいるピット ボーイズが 演説者の気取った態度をからかい クレオール語を用いたユーモアあふれる野次やナンセンスな言葉を浴びせてスピーチを妨害しようとします"",""humor_return"":""演説者は怒る代わりに さらに大げさで難解な言葉や機知に富んだ比喩を使い 諸君の無知なる雑音は私の高尚な知性の前には春風のようである とユーモラスに切り返して場を沸かせます"",""evaluation"":""感情的になって怒り出すことなく 相手の野次を圧倒的な語彙力とユーモアで包み込み 笑いに変えて場をコントロールする知性と精神的余裕が高く評価されます""}],""glossary"":[{""term"":""ティー ミーティング"",""explanation"":""19世紀に宣教師が持ち込んだお茶会が カリブ海の伝統的な言葉遊びと融合して生まれた 演説と野次の言葉の戦いを楽しむ伝統行事です""},{""term"":""トーキング スウィート"",""explanation"":""標準英語に近い 非常に装飾的で大げさな 礼儀正しく知的な話し方のことです""},{""term"":""トーキング ブロード"",""explanation"":""現地独自のクレオール語を用いた ユーモラスで直接的な話し方のことです""},{""term"":""ピット ボーイズ"",""explanation"":""ティー ミーティングの観客席に陣取り 演説者に対してユーモラスな野次や妨害を行う若者たちのことです""},{""term"":""デコラム"",""explanation"":""礼儀作法や秩序 精神的な余裕を意味する言葉で 野次に対しても冷静にユーモアで返すために必要な態度を指します""}],""citations"":[{""source_title"":""Sense and Nonsense in St. Vincent: Speech Behavior and Decorum in a Caribbean Community"",""url_or_isbn"":""https://doi.org/10.1525/aa.1971.73.3.02a00140"",""editorial_note"":""史実および原典に基づき 中高生が理解しやすいよう現代語訳および一部表現を加筆修正しています""},{""source_title"":""The Training of the Man of Words in Talking Sweet"",""url_or_isbn"":""https://doi.org/10.1017/S0047404500006527"",""editorial_note"":""史実および原典に基づき 中高生が理解しやすいよう現代語訳および一部表現を加筆修正しています""}]}]}",,,,,,,,,,,,,,
第４象限,セントルシア,"{""status"":""SUCCESS"",""cultures"":[{""culture_name"":""花の結社 ラ ローズ と ラ マルグリット"",""catchcopy"":""歌と言葉のトゲで戦う 平和な花の戦争"",""historical_background"":""セントルシアがイギリスとフランスの間で領有権が何度も入れ替わった植民地時代に 奴隷として連れてこられたアフリカ系の人々の間で生まれました ヨーロッパの宮廷文化をパロディ化しながら 自分たちのアイデンティティを守るために発展しました"",""social_function"":""社会的な緊張や対立を 直接的な暴力ではなく 歌やユーモアに満ちた言葉の応酬によって解決する役割を果たしました 異なる立場の人々が 役割を演じることで 秩序を保ちながら不満を解消する安全弁となっていました"",""historical_examples"":[{""combatants"":""ラ ローズ 結社 と ラ マルグリット 結社"",""background"":""植民地時代のセントルシアでは 住民がイギリス系のラ ローズと フランス系のラ マルグリットという２つの対立するグループに分かれて競い合っていました"",""attack"":""ラ ローズの歌い手が ラ マルグリットのメンバーに対して 規律が厳しすぎて退屈で 静かすぎるお葬式のようだ と歌で風刺しました"",""humor_return"":""ラ マルグリットの歌い手は ラ ローズは騒がしくて品がなく トゲだらけで中身がない と美しい歌声と洗練された言葉遊びで切り返しました"",""evaluation"":""お互いの欠点をユーモアを交えて鋭く指摘し合いながらも 決して暴力に訴えず 芸術的な歌の美しさと機知に富んだ言葉のセンスで どちらが優れているかを競い合う点が高く評価されます""},{""combatants"":""集会の参加者 と 模擬裁判官"",""background"":""結社の夜間集会では 参加者が王や王妃への礼儀を忘れるなどのルール違反をすると 模擬警察に逮捕される仕組みがありました"",""attack"":""模擬警察が 挨拶を忘れた参加者を 厳粛な王室のルールを乱した大罪人だ とユーモラスに告発しました"",""humor_return"":""被告となった参加者は 自分の罪をユーモアたっぷりの言い訳で弁明し 模擬裁判官は笑いを誘う判決を下して 罰金として飲み物代を支払わせることで 場を和ませました"",""evaluation"":""日常のルール違反を 模擬裁判という演劇的なユーモアに変換することで 誰も傷つけることなく 集会の秩序を楽しく維持する点が高く評価されます""}],""glossary"":[{""term"":""花の結社"",""explanation"":""セントルシアに伝わる ２つの対立する伝統的な社会グループのことです それぞれバラとマーガレットをシンボルにしています""},{""term"":""セアンス"",""explanation"":""花の結社が祭りの前に夜な夜な行う 集会のことです 歌の練習や模擬裁判が行われます""},{""term"":""シャントウェル"",""explanation"":""集会や祭りで 歌をリードする主役の女性歌手のことです 即興で歌詞を作り 相手を風刺する役割も持ちます""},{""term"":""ラン デヴィヴェ"",""explanation"":""言いたいことの反対を言ったり ２つの意味を持たせたりする セントルシアの伝統的な言葉遊びのことです""}],""citations"":[{""source_title"":""La Rose and La Marguerite Societies in St. Lucia"",""url_or_isbn"":""https://www.jstor.org/stable/537460"",""editorial_note"":""史実および原典に基づき 中高生が理解しやすいよう現代語訳および一部表現を加筆修正しています""},{""source_title"":""The National Flower Festivals: La Rose and La Marguerite - Government of Saint Lucia"",""url_or_isbn"":""http://www.govt.lc"",""editorial_note"":""史実および原典に基づき 中高生が理解しやすいよう現代語訳および一部表現を加筆修正しています""}]}]}",,,,,,,,,,,,,,
第４象限,ソマリア,"{""status"":""SUCCESS"",""cultures"":[{""culture_name"":""ガバイ"",""catchcopy"":""暴力の刃を鈍らせる 詩人の国の言葉の盾"",""historical_background"":""ソマリアは古くから 詩人の国 と呼ばれ 文字を持たない口承文化の中で 詩はニュースの伝達や歴史の記録 そしてクランと呼ばれる氏族間の交渉や紛争解決の最も重要な手段でした"",""social_function"":""氏族間の対立や血の復讐の交渉において 長老や詩人がガバイを用いて 相手の怒りをユーモアや鋭い比喩 論理的な切り返しで和らげ 直接的な暴力を回避する役割を持っていました"",""historical_examples"":[{""combatants"":""詩人サラーン カッラベイと対立する二つの氏族"",""background"":""20世紀初頭 レーエル ダーヒルとレーエル アハメド ファーラハという二つの氏族が長年の不和から ついに戦場で直接対決しようとしていました 宗教指導者の説得も失敗し 一触即発の状況でした"",""attack"":""両軍が武器を手に睨み合い 今にも血で血を洗う同族殺しが始まろうとしていました"",""humor_return"":""サラーン カッラベイは両軍の間に立ち 同胞よ 戦争を止めよ という詩を詠み上げました 彼は もしお前たちが殺し合うなら 私はどちらか一方に味方して もう一方を徹底的に叩く それは私にとって 自分の爪で自分の腹を切り裂くようなものだ と同族殺しの矛盾と痛みを 強烈で少し滑稽な比喩を用いて表現しました"",""evaluation"":""この詩の持つ強烈なイメージとユーモアを交えた説得力は 宗教的な説教よりも深く人々の心に刺さり 両軍は武器を収めて撤退しました 言葉の機知が 血を流すことなく戦争を止めた歴史的瞬間として高く評価されています""}],""glossary"":[{""term"":""ガバイ"",""explanation"":""ソマリアの伝統的な口承詩の形式で 厳格なルールに沿って作られ 政治や紛争解決などの重要なテーマを扱います""},{""term"":""クラン"",""explanation"":""共通の祖先を持つ血縁グループのことで ソマリア社会の基礎となる氏族集団です""}],""citations"":[{""source_title"":""Salaan Carrabey - Wikipedia"",""url_or_isbn"":""https://en.wikipedia.org/wiki/Salaan_Carrabey"",""editorial_note"":""史実および原典に基づき 中高生が理解しやすいよう現代語訳および一部表現を加筆修正しています""},{""source_title"":""Verses of mercy: how Somali oral traditions can mitigate conflict and support IHL"",""url_or_isbn"":""https://blogs.icrc.org/law-and-policy/2025/06/05/verses-of-mercy-how-somali-oral-traditions-can-mitigate-conflict-and-support-ihl/"",""editorial_note"":""史実および原典に基づき 中高生が理解しやすいよう現代語訳および一部表現を加筆修正しています""}]},{""culture_name"":""ブラーンブル"",""catchcopy"":""太鼓の響きと詩の力で 男たちの戦いを止める女性の歌"",""historical_background"":""ソマリアの伝統社会において 詩は男性のものとされがちでしたが 女性たちも独自の詩の形式を持っており それがブラーンブルです 太鼓の伴奏やダンスを伴い 女性たちの集まりで歌い継がれてきました"",""social_function"":""女性は結婚によって異なる氏族を結びつける存在であるため 夫の氏族と実父の氏族の間で対立が起きた際 平和の使者 としてブラーンブルを詠み 歌とダンスのユーモアや情熱で男たちの頭を冷やし 和平を促す役割を果たしました"",""historical_examples"":[{""combatants"":""女性詩人アダル アブディ フィードウと内戦期の武装勢力"",""background"":""1990年代の激しい内戦期 氏族同士の激しい戦闘が続く中 女性たちは平和を求めて立ち上がりました"",""attack"":""男性たちが武器を持ち 復讐と憎しみに駆られて戦闘を続けようとしていました"",""humor_return"":""アダル アブディ フィードウなどの女性詩人たちは ブラーンブルを詠み上げ 平和のために今すぐ武器を捨てて土に埋めなさい 違いは暴力ではなく知性で解決するのです と歌いました 彼女たちは男性たちの好戦的な態度を 愚かで子供じみたもの としてユーモラスに風刺し 母親や妻としての立場から平和を訴えました"",""evaluation"":""歌とダンスを交えた女性たちのブラーンブルは 殺伐とした戦場の空気を一変させ 男たちに自らの行動を恥じ入らせる力を持っていました 2000年の和平会議でも女性たちの詩が調停に決定的な役割を果たしました""}],""glossary"":[{""term"":""ブラーンブル"",""explanation"":""ソマリアの女性たちによって詠まれる伝統的な詩の形式で 太鼓の伴奏やダンスを伴うことが特徴です""}],""citations"":[{""source_title"":""Somali women and peacebuilding - Peace Insight"",""url_or_isbn"":""https://www.peaceinsight.org/en/articles/somali-women-and-peacebuilding/"",""editorial_note"":""史実および原典に基づき 中高生が理解しやすいよう現代語訳および一部表現を加筆修正しています""}]}]}",,,,,,,,,,,,,,
第４象限,ソロモン諸島,"{""status"":""SUCCESS"",""cultures"":[{""culture_name"":""サボ島のマグの冗談関係"",""catchcopy"":""義理の家族との緊張をいたずらと笑いで吹き飛ばす知恵"",""historical_background"":""ソロモン諸島の中部州に位置するサボ島では 独自の言語であるサボサボ語を話す人々が暮らしています この島では古くから 家族や親族のつながりをとても大切にしてきました"",""social_function"":""サボ島では実のきょうだいの間には厳しいルールがある一方で 同性の義理のきょうだい（マグ）の間には特別な冗談関係が認められています 義理の家族とは土地や結婚の取り決めをめぐって対立が起きやすいため あえてお互いにいたずらを仕掛け合っても怒ってはいけないというルールを作ることで 緊張を和らげています"",""historical_examples"":[{""combatants"":""新年やイースターの祝祭における義理のきょうだい同士"",""background"":""普段は真面目な話し合いが必要な義理の家族同士が 祝祭の時期にユーモアを通じて絆を深める場面"",""attack"":""寝ている間に相手の手を炭で黒く塗ったり 突然冷たい水を浴びせたりするいたずら"",""humor_return"":""やられた側は怒ることなく笑って受け流し 次はどのようにユーモアのある仕返しをしようかと考えて楽しむ"",""evaluation"":""怒りや対立に発展しやすい状況を 誰も傷つかないいたずらと笑いに変換することで 家族間のわだかまりを解消する論理""}],""glossary"":[{""term"":""忌避"",""explanation"":""特定の親族間で会話や接触を避けるべきとされる伝統的なルールのこと""},{""term"":""姻族"",""explanation"":""結婚によってつながった配偶者の家族や親戚のこと""},{""term"":""冗談関係"",""explanation"":""特定の親族の間で お互いにからかったりいたずらをしたりしても怒ってはいけないとされる社会的な決まり""}],""citations"":[{""source_title"":""Savosavo Kinship Terminology: Social Context and Linguistic Features"",""url_or_isbn"":""https://doi.org/10.1353/ol.2013.0028"",""editorial_note"":""史実および原典に基づき 中高生が理解しやすいよう現代語訳および一部表現を加筆修正しています""}]},{""culture_name"":""マキラ島の甥と叔父の冗談関係"",""catchcopy"":""相続をめぐる世代間の緊張を特権的なユーモアで解決する"",""historical_background"":""ソロモン諸島の東部に位置するマキラ島では 母親の家系を通じて財産や土地が受け継がれる母系社会の文化が長く受け継がれてきました"",""social_function"":""この社会では 財産を譲る側の母方の叔父と それを受け取る側の甥の間で 将来の相続をめぐる緊張が生じやすいという課題がありました そこで 甥が叔父に対して無礼な冗談を言ったり 叔父の財産を自由に取ったりしてもよいという冗談関係を設けることで 世代間の対立をユーモアで和らげています"",""historical_examples"":[{""combatants"":""母方の叔父と姉妹の息子（甥）"",""background"":""将来の土地や財産の相続を控えた叔父と甥が 日常生活の中で関係性を確かめ合う場面"",""attack"":""甥が叔父の持ち物を勝手に自分のものにしたり 叔父に対してからかうような言葉を投げかけたりする"",""humor_return"":""叔父は自分の財産を取られても怒ることは許されず 甥の機知に富んだ行動を笑って許し 良好な関係を維持する"",""evaluation"":""財産の移動という深刻な対立の原因を 日常的なユーモアと特権的な甘えの仕組みによって 笑顔で受け入れる論理""}],""glossary"":[{""term"":""母系社会"",""explanation"":""母親の家系を通じて家族の血筋や財産 相続権などが受け継がれる社会の仕組み""},{""term"":""冗談関係"",""explanation"":""特定の親族の間で お互いにからかったりいたずらをしたりしても怒ってはいけないとされる社会的な決まり""}],""citations"":[{""source_title"":""Joking relations | HAU: Journal of Ethnographic Theory"",""url_or_isbn"":""https://doi.org/10.14318/hau3.2.023"",""editorial_note"":""史実および原典に基づき 中高生が理解しやすいよう現代語訳および一部表現を加筆修正しています""}]}]}",,,,,,,,,,,,,,
第４象限,タイ,"{""status"":""SUCCESS"",""cultures"":[{""culture_name"":""ラムタット"",""catchcopy"":""言葉の刃をユーモアで包む 即興歌の知恵比べ"",""historical_background"":""タイ中部で19世紀後半のラーマ5世の時代から盛んになった伝統的な即興歌謡です マレーシアから伝わったイスラムの祈りの歌がタイの伝統音楽や太鼓と融合し タイ語の美しい韻律を用いた芸能へと発展しました"",""social_function"":""男女のグループが対抗し 即興でユーモアや風刺を交えた歌を掛け合います 村落社会における男女間の緊張や 社会的な不満 政治的な対立を 直接的な暴力や激しい口論ではなく 笑いと機知に富んだ歌のバトルに昇華させて和らげる役割を果たしてきました"",""historical_examples"":[{""combatants"":""ワンテェとメー プラユーン"",""background"":""タイの国家芸術家であるワンテェとメー プラユーンは ラムタットの黄金期を築いた伝説的なペアです 二人はかつて夫婦でしたが後に離婚しました しかし離婚後も舞台上では最高のライバルとして共演を続けました"",""attack"":""舞台上でお互いの私生活や離婚 男女の身勝手さについて 鋭い風刺やからかいを即興の歌でぶつけ合いました"",""humor_return"":""相手の痛烈な批判に対し タイ語のダブル ミーニングや言葉遊びを駆使して ユーモラスな自己自虐や愛嬌のある反論で返し 観客を大爆笑させました"",""evaluation"":""感情的な怒りに任せて罵倒するのではなく 韻を踏んだ美しい詩と 誰も傷つけない絶妙なユーモアによって プライベートな対立や男女の葛藤を極上のエンターテインメントへと昇華させた点が高く評価されています""}],""glossary"":[{""term"":""クローン ラムマナー"",""explanation"":""ラムタットの伴奏に用いられるタイの伝統的な平たい片面太鼓のことです""},{""term"":""ソーン ゲ ソーン ガーム"",""explanation"":""タイ語で二重の意味を指し 表向きは普通の言葉でありながら 裏にはユーモラスな意味や風刺が隠されている表現技法です""}],""citations"":[{""source_title"":""Google Doodle: Prayoon Yomyiam Revived Thai Folk Music"",""url_or_isbn"":""https://time.com/5381857/google-doodle-prayoon-yomyiam-thai-folk-music/"",""editorial_note"":""史実および原典に基づき 中高生が理解しやすいよう現代語訳および一部表現を加筆修正しています""}]},{""culture_name"":""カム プアン"",""catchcopy"":""音をひっくり返して本音を伝える 魔法の言葉遊び"",""historical_background"":""タイ語の音節や声調を入れ替えて別の意味を作り出す 伝統的な言葉遊びです 古くから宮廷の詩人から一般の庶民まで 幅広い層に親しまれてきました"",""social_function"":""直接言うと角が立つ批判や 政治的な不満 社会的なタブーを 音を入れ替えることでユーモラスに表現します これにより 相手を直接攻撃することなく ユーモアを交えて不満や本音を伝えることで 対立を未然に防ぐ機能を持っています"",""historical_examples"":[{""combatants"":""宮廷の詩人と権力者"",""background"":""絶対王政期のタイにおいて 王や貴族などの権力者に対して直接的な批判をすることは 厳しい処罰の対象となりました そこで詩人たちはカム プアンを用いて 風刺詩を作りました"",""attack"":""表向きは美しい自然や日常の風景を歌っているように見せかけます"",""humor_return"":""しかし 音節を入れ替えて読むと 権力者の横暴や社会の矛盾を鋭く風刺する内容に変化し 聞き手は思わずニヤリとするユーモアに変貌します"",""evaluation"":""直接的な衝突を避けつつ 知的なユーモアによって権力への批判や社会の不満を表明し 表現の自由と社会の調和を両立させた点が高く評価されています""}],""glossary"":[{""term"":""カム プアン"",""explanation"":""タイ語の音節の母音や声調を入れ替えて 隠された別の意味を作り出す言葉遊びのことです""}],""citations"":[{""source_title"":""Spoonerism: a Creative Way of Communication in Thai"",""url_or_isbn"":""https://iafor.org/archives/proceedings/ACAS/ACAS2013_proceedings.pdf"",""editorial_note"":""史実および原典に基づき 中高生が理解しやすいよう現代語訳および一部表現を加筆修正しています""}]}]}",,,,,,,,,,,,,,
第４象限,タジキスタン,"{""status"":""SUCCESS"",""cultures"":[{""culture_name"":""バイトバラク"",""catchcopy"":""言葉の刃を詩の美しさで包み込む 知性とユーモアの即興詩対決"",""historical_background"":""タジキスタンはペルシア語圏に属し 数千年にわたる豊かな詩の伝統を持っています 特に10世紀のサーマーン朝時代には ルーダキーなどの偉大な詩人が活躍し 詩の黄金期を迎えました このような背景から 人々は日常的に詩を暗記し 互いに披露し合う文化が根付きました"",""social_function"":""議論や対立が生じた際 直接的な暴力や罵倒を避けるために用いられます 互いに古典詩の知恵やユーモアを引用して切り返すことで 場の緊張を和らげ 建設的な対話へと導く役割を果たしてきました"",""historical_examples"":[{""combatants"":""地域の長老たちや若者たちによる対立する意見の調整"",""background"":""水路の利用権や境界線をめぐる日常的な議論が熱を帯びた場面"",""attack"":""己の利益ばかりを優先する者は 乾いた大地のように誰からも顧みられなくなる という古典詩を引用した批判"",""humor_return"":""しかし 賢者は自らの畑を潤すだけでなく 溢れた水で隣人の喉をも潤す知恵を持つ と前の詩の最後の文字から始まる詩で切り返す"",""evaluation"":""相手の批判を否定せず 詩の知恵を用いて 互いの協調がもたらす利益へと議論を昇華させた点""}],""glossary"":[{""term"":""ベイト"",""explanation"":""ペルシア・タジク詩における最小単位である二行詩のこと""},{""term"":""サーマーン朝"",""explanation"":""10世紀頃に中央アジアを支配し ペルシア・タジク古典文学の黄金期を築いた王朝""}],""citations"":[{""source_title"":""Байтбарак ? Википедия"",""url_or_isbn"":""https://tg.wikipedia.org/wiki/%D0%91%D0%B0%D0%B9%D1%82%D0%B1%D0%B0%D1%80%D0%B0%D0%BA"",""editorial_note"":""史実および原典に基づき 中高生が理解しやすいよう現代語訳および一部表現を加筆修正しています""}]},{""culture_name"":""アスクィヤ"",""catchcopy"":""鋭い風刺と温かい笑いで対立を溶かす 即興のユーモア言葉合戦"",""historical_background"":""タジキスタン北部やウズベキスタンにまたがるフェルガナ盆地で古くから発展してきた口承文芸です 人々が集まる市場や祝祭の場で 互いの機知を競い合う娯楽として愛されてきました"",""social_function"":""日常生活における不満や対立を ユーモアや風刺を交えた言葉の掛け合いによって表現します 直接的な衝突を避け 笑いを通じてお互いの立場を理解し和解するための知恵として機能しています"",""historical_examples"":[{""combatants"":""市場の商人たちによる価格交渉や口論"",""background"":""商品の価格や品質をめぐって買い手と売り手の間で緊張が高まった場面"",""attack"":""この果物は見た目は立派だが 中身は酸っぱくて私の財布を泣かせるに違いない という風刺"",""humor_return"":""私の果物が酸っぱいのは あなたの財布が軽すぎて果物自身が驚いて青ざめてしまったからですよ というユーモアあふれる切り返し"",""evaluation"":""相手の不満をユーモアで包み込み 誰も傷つけることなく笑いに変えて取引を円滑に進めた点""}],""glossary"":[{""term"":""フェルガナ盆地"",""explanation"":""タジキスタン北部やウズベキスタンにまたがる 豊かな農業地帯であり 多様な文化が交差する地域""}],""citations"":[{""source_title"":""Askiya, the art of wit - UNESCO"",""url_or_isbn"":""https://ich.unesco.org/en/RL/askiya-the-art-of-wit-00971"",""editorial_note"":""史実および原典に基づき 中高生が理解しやすいよう現代語訳および一部表現を加筆修正しています""}]}]}",,,,,,,,,,,,,,
第４象限,タンザニア,"{""status"":""SUCCESS"",""cultures"":[{""culture_name"":""民族間のウタジ"",""catchcopy"":""かつての敵と悪口を言い合って友情を深める平和の知恵"",""historical_background"":""タンザニアには120以上の民族が暮らしています 19世紀には土地や資源をめぐって激しい戦争が起こることもありました しかし 戦争が終わった後 民族同士が二度と戦わないための平和条約として お互いに悪口を言い合っても絶対に怒らない特別な関係を結びました"",""social_function"":""異なる民族が出会ったときの緊張感を和らげ 暴力的な対立を未然に防ぐ役割を持っています 悪口をユーモアに変えることで 過去の敵意を笑い飛ばし ひとつの国としての連帯感を高めます"",""historical_examples"":[{""combatants"":""ヘヘ族とンゴニ族"",""background"":""19世紀にタンザニア南部で激しい戦争を繰り広げた強力な二つの民族です 和平を結んだ際にお互いを冗談関係と認め合いました"",""attack"":""ンゴニ族がヘヘ族に対して お前たちの先祖は俺たちの強さに恐れをなして逃げ出した臆病者だ とからかいます"",""humor_return"":""ヘヘ族は 何を言うか お前たちの先祖こそ俺たちの槍を見て震え上がり その震えが今でも遺伝しているじゃないか と笑いながら言い返します"",""evaluation"":""かつての血なまぐさい戦争の記憶を あえて言葉のプロレスとして再現することで 過去の敵意を現在の友情とユーモアの燃料に変えてしまう点が高く評価されます""}],""glossary"":[{""term"":""ウタジ"",""explanation"":""スワヒリ語で冗談関係を意味する言葉でお互いに無礼な冗談を言い合っても怒らない特別な社会的関係のことです""},{""term"":""ワタニ"",""explanation"":""ウタジの関係にある相手のことで単数形はムタニと呼びます""},{""term"":""スワヒリ語"",""explanation"":""タンザニアの国語であり東アフリカで広く使われている言語です""},{""term"":""ヘヘ族"",""explanation"":""タンザニア南部のイリンガ地方を中心に暮らすかつて強力な軍事力を持っていた民族です""},{""term"":""ンゴニ族"",""explanation"":""南アフリカから北上しタンザニア南部に定住した戦術に長けた民族です""}],""citations"":[{""source_title"":""Utani relationships in Tanzania Reflections on ethnic creativity"",""url_or_isbn"":""https://vertexaisearch.cloud.google.com/grounding-api-redirect/AUZIYQFREiM0OwFXujOimAs17DI2zmq3R0r2yH0zDKOuMEgyFnB6BEIvK55S_cjpZ369zJd64HpKRih7Rgyws7Qt5LqQANvwZO3xt06GB6MlHi46HauWZyR7TlKmSY4xS94MqqV_-s7lGUR3PA_xo9WYZN2aoCJnFFqXlKHYw4jblUv8XHs"",""editorial_note"":""史実および原典に基づき 中高生が理解しやすいよう現代語訳および一部表現を加筆修正しています""}]},{""culture_name"":""葬儀におけるウタジ"",""catchcopy"":""悲しみの場に笑いを持ち込み 遺族の心を救う不謹慎なユーモア"",""historical_background"":""タンザニアの多くの民族において 葬儀は単に悲しむだけでなく 故人の人生を祝い 残された人々の絆を強める場とされてきました その中で 冗談関係にある人々が葬儀を盛り上げる役割を担ってきました"",""social_function"":""死という最も重く悲しい出来事の場に あえて不謹慎なユーモアを介入させることで 遺族の張り詰めた悲しみの糸をほぐします また 怒る代わりに贈り物を渡すことで 対立を平和的な交流へと昇華させます"",""historical_examples"":[{""combatants"":""遺族と冗談関係にある別の民族のメンバー"",""background"":""伝統的な葬儀の埋葬の儀式において 行われる特別なやり取りです"",""attack"":""葬儀の最中 冗談関係にあるメンバーが突然 死者を埋葬するための墓穴の中に飛び込んで横たわり この墓は俺のものだ 埋葬してほしければ俺に通行料を払え と大声で主張します"",""humor_return"":""遺族は怒るどころか 笑いながら わかった これで勘弁してくれ と わずかなお金やヤギ ビールなどを手渡します 相手はそれを受け取ると 満足して墓穴から這い出て 埋葬が再開されます"",""evaluation"":""厳粛で悲痛な埋葬の儀式を一時的に中断させ ユーモアのある交渉に変えることで 遺族の悲しみを和らげ コミュニティ全体の連帯感を再確認させる点が高く評価されます""}],""glossary"":[{""term"":""ボンデイ族"",""explanation"":""タンザニア北東部のタンガ地方に暮らすバントゥー系の民族です""},{""term"":""スクマ族"",""explanation"":""タンザニアで最大の人口を持つ民族でビクトリア湖南岸を中心に暮らしています""}],""citations"":[{""source_title"":""THE HISTORY OF UTANI AND BURIAL TRADITIONS OF THE BONDEI PEOPLE"",""url_or_isbn"":""https://vertexaisearch.cloud.google.com/grounding-api-redirect/AUZIYQG9dQ6LoZ32_i1Ui_nGW3PN8qQ9INYXp4wyV12O_AM_3Eb6LlPc61d86_hW5b2M9FnaqXOuVjmUR-7XjhrpBVt8PV2Gv0dhAOtCFmMIDmQGVd7PbhynQlgBoIVWBixcX3ndRaZIFkKLOvaP8g"",""editorial_note"":""史実および原典に基づき 中高生が理解しやすいよう現代語訳および一部表現を加筆修正しています""}]}]}",,,,,,,,,,,,,,
第４象限,チェコ,"{""status"":""SUCCESS"",""cultures"":[{""culture_name"":""シュヴェイク主義"",""catchcopy"":""馬鹿正直なふりをして不条理な対立を無効化する知恵"",""historical_background"":""第一次世界大戦時のオーストリア ハンガリー帝国支配下から始まり ナチス占領期や共産主義政権下でチェコの人々が生き抜くための知恵として発展しました 作家ハシェクの小説 善良な兵士シュヴェイク が起源となっています"",""social_function"":""権力者や対立相手の命令や主張を 過剰に忠実に 実行したり とぼけたユーモアで返すことで 相手の怒りや暴力をそらし 対立そのものを滑稽なものにして無効化する機能を持っています"",""historical_examples"":[{""combatants"":""善良な兵士シュヴェイクとオーストリア軍の上官"",""background"":""第一次世界大戦中 オーストリア軍の厳しい規律と官僚主義の中で 主人公シュヴェイクが上官から理不尽な命令や追及を受ける場面です"",""attack"":""上官が お前はわざと私を怒らせようとしているのか 命令通りに動けない馬鹿め と怒鳴り散らして厳罰に処そうとします"",""humor_return"":""シュヴェイクは はい 私は軍の医師から公式に認められた本物の白痴であります と大真面目に答え 命令をあまりにも文字通りに実行して軍のシステムを大混乱に陥れました"",""evaluation"":""直接反抗して暴力を招くのではなく 相手のルールを過剰に守ることで そのルールの不条理さを笑いに変えて対立のエネルギーを消滅させる点が高く評価されています""}],""glossary"":[{""term"":""シュヴェイク主義"",""explanation"":""小説の主人公シュヴェイクのように 馬鹿正直なふりをして相手の命令を過剰に実行することで 相手の不条理さを暴き出すチェコ独特のユーモアや抵抗のスタイルのことです""},{""term"":""官僚主義"",""explanation"":""ルールや手続きを必要以上に細かく守ることを最優先し 個人の事情や柔軟な対応を無視してしまうお役所仕事のような態度のことです""}],""citations"":[{""source_title"":""Czech Humor - SOS - Prague Monitor"",""url_or_isbn"":""https://praguemonitor.com/obsolete/2011/09/22/czech-humor-sos/"",""editorial_note"":""史実および原典に基づき 中高生が理解しやすいよう現代語訳および一部表現を加筆修正しています""}]},{""culture_name"":""ツィムルマニズム"",""catchcopy"":""架空の天才を大真面目に語り合い検閲と対立をかわす言葉遊び"",""historical_background"":""1960年代の冷戦期 共産主義体制下のチェコスロバキアで生まれました 厳しい言論統制の中で 知識人や市民が自由に社会風刺を行うための手段として発展しました"",""social_function"":""実在しない ヤラ ツィムルマン という万能の天才の偽の歴史や発明を 大真面目な学術的トーンで議論します これにより 政治的な対立や検閲官との衝突を直接避けながら 体制の愚かしさをユーモラスに批判し 市民同士の連帯を強めました"",""historical_examples"":[{""combatants"":""チェコの劇作家たちと共産党の検閲官"",""background"":""劇団が社会風刺劇を上演しようとしますが 検閲官から 体制批判や不適切な政治的メッセージが含まれているのではないか と追及される場面です"",""attack"":""検閲官が この劇に登場する不条理な社会描写は 現在の政府を批判しているに違いない 上演を禁止する と主張します"",""humor_return"":""劇作家たちは これは19世紀の偉大なチェコ人科学者ヤラ ツィムルマンの学術的発見に関する純粋な歴史劇です と大真面目に主張し 架空の人物の不条理な発明を延々と議論して検閲官を煙に巻きました"",""evaluation"":""相手と同じ 大真面目な議論 の土俵に乗りながら 対象を完全に架空の不条理な世界にすり替えることで 対立をユーモアに昇華させ 検閲を無効化する点が高く評価されています""}],""glossary"":[{""term"":""ツィムルマニズム"",""explanation"":""チェコで最も愛されている架空の天才ヤラ ツィムルマンをめぐるユーモア文化で 大真面目な顔をして嘘の歴史や発明を語り合う知的で風刺的な言葉遊びのことです""},{""term"":""検閲"",""explanation"":""国や政府などの権力者が 本や劇 ニュースなどの内容を事前に調べて 不都合な表現を禁止したり修正したりする制度のことです""}],""citations"":[{""source_title"":""J?ra Cimrman: The Czech Genius Who Never Existed - Prague Guide"",""url_or_isbn"":""https://www.pragueguide.co.uk/jara-cimrman-the-czech-genius-who-never-existed/"",""editorial_note"":""史実および原典に基づき 中高生が理解しやすいよう現代語訳および一部表現を加筆修正しています""}]}]}",,,,,,,,,,,,,,
第４象限,チャド,"{""status"":""SUCCESS"",""cultures"":[{""culture_name"":""カオ"",""catchcopy"":""激しい言葉の応酬で対立を笑いに変える農耕民と牧畜民の知恵"",""historical_background"":""チャド南西部に暮らす農耕民のムンダン族と 牧畜を営むプハル族の間で古くから受け継がれてきた文化です 歴史的に土地や水資源をめぐって対立しやすい関係にありましたが 暴力を避けるための知恵としてこの関係が築かれました"",""social_function"":""お互いの民族的な特徴や生活習慣をユーモアを交えてからかい合うことで 怒りや不満をため込まずに発散させ 深刻な対立や暴力を未然に防ぐ役割を持っています"",""historical_examples"":[{""combatants"":""農耕民のムンダン族と牧畜民のプハル族"",""background"":""市場や水飲み場で家畜が農地に入り込んでしまい 双方の間に緊張が走った場面"",""attack"":""プハル族がムンダン族に対して お前たちは毎日泥だらけになって地面を掘り返しているだけの怠け者だ と風刺します"",""humor_return"":""ムンダン族はそれに対して お前たちは牛の尻ばかりを追いかけて砂埃を吸い込んでいるやせ細った放浪者だ と笑いながら切り返します"",""evaluation"":""相手の攻撃に対して怒るのではなく より機知に富んだユーモアで返すことで 周囲の笑いを誘い 張り詰めた空気を一瞬で和らげた点が高く評価されます""}],""glossary"":[{""term"":""冗談関係"",""explanation"":""アフリカの多くの社会で見られる 異なる民族や親族の間で お互いにからかい合ったり冗談を言い合ったりすることが許される伝統的な社会的慣習のことです""},{""term"":""プハル族"",""explanation"":""西アフリカから中央アフリカにかけて広く暮らす 主に牛などの牧畜を営む移動性の高い民族のことです フルベ族とも呼ばれます""},{""term"":""ムンダン族"",""explanation"":""チャド南西部やカメルーン北部に暮らす 主に農業を営む定住性の民族のことです""}],""citations"":[{""source_title"":""Parent? ? plaisanterie - Wikip?dia"",""url_or_isbn"":""https://fr.wikipedia.org/wiki/Parent%C3%A9_%C3%A0_plaisanterie"",""editorial_note"":""史実および原典に基づき 中高生が理解しやすいよう現代語訳および一部表現を加筆修正しています""}]},{""culture_name"":""グンバル"",""catchcopy"":""世代や立場を超えて本音を語り合うための儀礼的な冗談関係"",""historical_background"":""チャド南部や隣国にまたがって暮らすムブム族の間で 家族や親族 異なる氏族との間で結ばれてきた伝統的な関係です"",""social_function"":""普段は敬意を払うべき目上の人や 異なる氏族の相手に対して 儀礼的に無礼な冗談を言うことが許される仕組みです これにより 社会的な上下関係によるストレスを解消し 摩擦を避けることができます"",""historical_examples"":[{""combatants"":""ムブム族の若者と氏族の長老"",""background"":""氏族間の取り決めや共同作業の役割分担において 若者たちが不満を抱いていた場面"",""attack"":""若者が長老に対して 長老はいつも日陰で座って命令するだけで 誰よりもお腹が出ている と冗談交じりに風刺します"",""humor_return"":""長老は怒ることなく このお腹には氏族を養うための知恵が詰まっているのだ お前たちももっと働いて知恵を蓄えなさい とユーモアを交えて諭します"",""evaluation"":""厳しい上下関係の中でも 冗談を通じて若者が本音を伝えることができ 長老もそれを寛大に受け止めることで 世代間の対立を平和的に解消した点が高く評価されます""}],""glossary"":[{""term"":""ムブム族"",""explanation"":""チャド南部やカメルーンなどに暮らす 独自の伝統文化や社会組織を持つ民族のことです""}],""citations"":[{""source_title"":""Les Moundang du Cameroun et du Tchad : onomastique et histoire"",""url_or_isbn"":""ISBN 978-2296019522"",""editorial_note"":""史実および原典に基づき 中高生が理解しやすいよう現代語訳および一部表現を加筆修正しています""}]}]}",,,,,,,,,,,,,,
第４象限,中央アフリカ,"{""status"":""SUCCESS"",""cultures"":[{""culture_name"":""グンバル"",""catchcopy"":""言葉のトゲを笑いに変える 民族をつなぐ平和の約束"",""historical_background"":""中央アフリカ共和国や チャド カメルーンにまたがる地域に暮らすムブム族に伝わる伝統的な関係です 歴史的に異なる民族同士が土地や資源を巡って対立しやすい環境の中で 平和的に共存するための知恵として育まれました"",""social_function"":""異なる民族が出会った際に お互いをあえてユーモアを交えてからかい合うことで 潜在的な敵意や緊張をほぐす機能を持っています この関係においては どんなにひどい冗談を言われても絶対に怒ってはならないという厳格なルールがあり 暴力的な衝突を未然に防ぐ役割を果たしています"",""historical_examples"":[{""combatants"":""ムブム族とムンダン族"",""background"":""市場や交易の場で 異なる民族同士が遭遇し 利害の対立や誤解から一触即発の緊張状態になったとき"",""attack"":""お前たちはピーナッツばかり食べている大食いだ だからいつもお腹を壊しているのだろう と公衆の前でからかわれます"",""humor_return"":""お前たちの先祖は我々の家畜を盗もうとして逃げ遅れた臆病者だ だから今でも足が震えているのだ とさらに機知に富んだユーモアで返します"",""evaluation"":""お互いに怒ることなく 周囲の観衆も巻き込んで笑い話に昇華させることで 一触即発の対立を儀礼的な無礼によって和らげ 平和的な交易や対話を可能にする点が高く評価されます""}],""glossary"":[{""term"":""ムブム族"",""explanation"":""中央アフリカ共和国やチャド カメルーンにまたがって暮らす農耕民族です""},{""term"":""ムンダン族"",""explanation"":""ムブム族の近隣に暮らす民族で 歴史的にグンバルと呼ばれる冗談関係を結んでいます""},{""term"":""冗談関係"",""explanation"":""アフリカ各地に広く見られる社会制度で 特定の親族や民族の間で 怒らずに冗談や軽い悪口を言い合うことが許される関係のことです""}],""citations"":[{""source_title"":""Parent? ? plaisanterie - Wikip?dia"",""url_or_isbn"":""https://fr.wikipedia.org/wiki/Parent%C3%A9_%C3%A0_plaisanterie"",""editorial_note"":""史実および原典に基づき 中高生が理解しやすいよう現代語訳および一部表現を加筆修正しています""}]},{""culture_name"":""ンザカラの冗談関係"",""catchcopy"":""親族やクランの緊張をほぐす 儀礼的な無礼の知恵"",""historical_background"":""中央アフリカ共和国東部に暮らすンザカラ族の社会において 古くから親族間やクランの間で受け継がきたコミュニケーションの知恵です"",""social_function"":""親族内の上下関係や 異なるクラン間の利害対立による緊張を あえて無礼な冗談を言い合うことで解消します 特に交差いとこの間や 特定のクラン同士の間でお互いをからかい合うことが義務づけられています"",""historical_examples"":[{""combatants"":""ンザカラ族の異なるクランのメンバー"",""background"":""あるクラン of メンバーが 自らのクランの禁忌である鳥を食べているところを 別のクランのメンバーに見咎められたとき"",""attack"":""お前は自分のクランの神聖なシンボルである鳥を食べているではないか 不届き者め と非難されます"",""humor_return"":""滅相もない 私は鳥を食べているのではない 亡くなった私の兄弟である鳥を 自分の体というお墓の中に温かく埋葬して弔っているのだ とユーモアを交えて切り返します"",""evaluation"":""タブーを破ったことに対する非難や対立を 機知に富んだ言葉のすり替えによって笑いに変え 気まずい空気を一瞬で和らげる論理的ポイントが高く評価されます""}],""glossary"":[{""term"":""ンザカラ族"",""explanation"":""中央アフリカ共和国東部に暮らす民族で 豊かな口承文学や音楽文化を持っています""},{""term"":""クラン"",""explanation"":""共通の祖先やシンボルを持つ 家族よりも広い血縁グループのことです""},{""term"":""交差いとこ"",""explanation"":""父親の姉妹の子ども や 母親の兄弟の子どものことです""}],""citations"":[{""source_title"":""Syst?mes de pens?e en Afrique noire"",""url_or_isbn"":""https://journals.openedition.org/span/1012"",""editorial_note"":""史実および原典に基づき 中高生が理解しやすいよう現代語訳および一部表現を加筆修正しています""}]}]}",,,,,,,,,,,,,,
第４象限,中国,"{""status"":""SUCCESS"",""cultures"":[{""culture_name"":""対子"",""catchcopy"":""言葉の対称美で刃を収める知恵の盾"",""historical_background"":""中国の宋代から清代にかけて 文人たちの間で盛んに行われた言葉遊びです 漢字の持つ音や意味の対称性を極限まで追求するルールがあり 知識人たちの教養を示す手段でもありました"",""social_function"":""権力者からの理不尽な要求や 他者からの侮辱的な攻撃に対し 直接反論して処罰されるのを避けるため ルールに則ったユーモアある切り返しを行います 相手の怒りを笑いに変えることで その場の対立を平和的に解決する機能を持っていました"",""historical_examples"":[{""combatants"":""詩人の蘇東坡と仏印禅師"",""background"":""蘇東坡が友人の仏印禅師をからかおうと 川の対岸にいる犬を見ながら即興の対句を仕掛けた場面です"",""attack"":""蘇東坡は 狗咬河畔骨 という上句を出し 仏印を犬に例えてからかいました"",""humor_return"":""仏印は何も言わず 蘇東坡の詩が書かれた扇子を川に投げ捨てました これは 水流東坡詩 という状況を作り出し 中国語の同音である 水流東坡屍 つまり東坡の死体を水が流す という意味を重ねた言葉を使わない究極の切り返しでした"",""evaluation"":""相手の侮辱を 同じ言葉遊びのルールを用いてユーモアで返すことで 険悪な空気を一瞬で知的な笑いに変え 友情を深めた点が高く評価されます""}],""glossary"":[{""term"":""対聯"",""explanation"":""門や柱の両側に飾る 対になったおめでたい言葉や詩のことです""},{""term"":""平仄"",""explanation"":""漢字の発音のトーンを整えて 詩の響きを美しくするためのルールのことです""},{""term"":""諧音"",""explanation"":""同じ発音で違う意味を持つ漢字を利用した 中国語のダジャレのことです""}],""citations"":[{""source_title"":""対聯 中国の短詩型文学 三村一貴"",""url_or_isbn"":""https://www.misuzyobo.co.jp/"",""editorial_note"":""史実および原典に基づき 中高生が理解しやすいよう現代語訳および一部表現を加筆修正しています""}]},{""culture_name"":""対歌"",""catchcopy"":""歌声に乗せるユーモアで争いを溶かす対話の祭典"",""historical_background"":""中国南部の広西チワン族自治区などに暮らすチワン族の間で 古代から伝わる伝統的な歌の掛け合いです 歌?と呼ばれるお祭りで盛んに行われました"",""social_function"":""土地の境界線争いや 日常の些細なトラブルが発生した際 直接的な暴力や裁判に頼るのではなく 即興の歌の掛け合いによって ユーモアや風刺を交えながら互いの主張をぶつけ合い 観衆の判定のもとで平和的に和解へと導く機能がありました"",""historical_examples"":[{""combatants"":""チワン族の隣り合う村の住民たち"",""background"":""農地への水の引き込みを巡って 二つの村の間で激しい対立が発生した場面です"",""attack"":""一方の村が お前たちの村は欲張りで 天 of 恵みの水をすべて独り占めしようとしている と歌で非難しました"",""humor_return"":""もう一方の村は 水は龍王の贈り物で 誰も独り占めはできない 我々が水を引くのは お前たちの村に美味しいお酒を届けるためだ 一緒に歌って喉を潤そう とユーモアと歓迎の意を込めた歌で返しました"",""evaluation"":""相手の非難を真っ向から否定せず ユーモアを交えて共通の利益に論点をずらし 対立の緊張を和らげて共同体の調和を保った点が高く評価されます""}],""glossary"":[{""term"":""歌?"",""explanation"":""チワン族などの少数民族が集まって 歌の掛け合いを行うお祭りのことです""},{""term"":""山歌"",""explanation"":""野外で歌われる 暮らしの知恵や感情を込めた即興の民謡のことです""}],""citations"":[{""source_title"":""クロスメディア 劉三姐 の超域性と越境性"",""url_or_isbn"":""http://www.echo-lab.jp/"",""editorial_note"":""史実および原典に基づき 中高生が理解しやすいよう現代語訳および一部表現を加筆修正しています""}]}]}",,,,,,,,,,,,,,
第４象限,チュニジア,"{""status"":""SUCCESS"",""cultures"":[{""culture_name"":""フダウィ"",""catchcopy"":""ユーモアと知恵の言葉遊びで社会のトゲを丸くする伝統の語り部"",""historical_background"":""チュニジアの伝統的な口承文芸であり 市場の広場やカフェ 公衆浴場などで 何世紀にもわたり語り継がれてきた 語り手はフダウィと呼ばれ 身振り手振りと即興の言葉遊びを駆使して 民衆に物語を届けた"",""social_function"":""共同体の中での対立や 権力者と民衆の間の緊張 家族間の不和などを 直接的な批判ではなく ユーモアや風刺 言葉遊びを交えた物語に昇華させることで 角を立てずに問題を解決し 社会の調和を保つ役割を果たした"",""historical_examples"":[{""combatants"":""伝統的なフダウィと市場で言い争う商人たち"",""background"":""市場で二人の商人が 境界線や商品の価格を巡って激しい口論になり 暴力沙汰になりかけていた"",""attack"":""商人たちは互いに お前の秤は狂っている お前は嘘つきだ と罵り合い 周囲の群衆も巻き込んで一触即発の事態になっていた"",""humor_return"":""そこに現れたフダウィが 二人の争いを遮るように ある日 ロバとカラスがどちらの知恵が優れているかで大喧嘩をした という即興の寓話を語り始めた フダウィは二人の商人の特徴をロバとカラスにユーモラスに投影し 言葉遊びを交えて 結局 どちらも自分の声の大きさに溺れて 目の前の美味しい草を他人に食べられてしまった と結んだ"",""evaluation"":""直接的な説教ではなく 滑稽な動物の寓話と言葉遊びを用いることで 当事者たちに自分たちの争いの愚かさを自覚させ 笑いとともに怒りを静めさせた点""}],""glossary"":[{""term"":""フダウィ"",""explanation"":""チュニジアの伝統的な語り部""},{""term"":""ハルカ"",""explanation"":""市場などの広場に人々が輪になって集まる即興のパフォーマンス空間""},{""term"":""ナクタ"",""explanation"":""チュニジアの伝統的なジョークやユーモアあふれる小話""},{""term"":""デルジャ"",""explanation"":""チュニジアで話されるアラビア語の口語""}],""citations"":[{""source_title"":""Angelic Swords Blushing Brides and Savvy Aunties Inside the World of Tunisia s Bards"",""url_or_isbn"":""https://newlinesmag.com/reportage/inside-the-world-of-tunisias-bards/"",""editorial_note"":""史実および原典に基づき 中高生が理解しやすいよう現代語訳および一部表現を加筆修正しています""}]},{""culture_name"":""ナクタ"",""catchcopy"":""厳しい現実や対立を笑い飛ばす言葉遊びの知恵"",""historical_background"":""チュニジア南部のアド・ジャリド地方などで特に盛んな 伝統的なジョークや小話の文化 過酷な自然環境や歴史的な支配の中で 民衆がストレスを解消し 連帯を強めるために発達した"",""social_function"":""家族や地域社会での対立 あるいは権力者への不満を 直接的な衝突ではなく 機知に富んだジョークに変換して共有することで 緊張を緩和し 対立をユーモアによって止揚する"",""historical_examples"":[{""combatants"":""南部アル＝ジャリド地方の住民と厳しい税を課す役人"",""background"":""凶作の年に 役人が厳しい税の取り立てにやってきて 住民との間で激しい対立が生じていた"",""attack"":""役人は 税を払わなければ お前たちの全財産を没収する と脅し 住民は怒りで武器を手に取りかけていた"",""humor_return"":""住民の一人が進み出て 役人様 私たちの村には 空っぽの財布は 泥棒さえも改心させる という古いナクタがあります 今 私たちの財布はあまりにも清らかで 泥棒どころか聖者でも涙を流すでしょう もし没収されるなら この清らかな空気をどうぞお持ち帰りください と言葉遊びを交えてユーモラスに答えた"",""evaluation"":""暴力的な抵抗ではなく 自虐的なユーモアと言葉遊びを用いて役人の脅しを無力化し 周囲の笑いを誘うことで 一触即発の緊張を和らげ 交渉の余地を作り出した点""}],""glossary"":[{""term"":""ナクタ"",""explanation"":""チュニジアの伝統的なジョークやユーモアあふれる小話""},{""term"":""アド・ジャリド"",""explanation"":""チュニジア南部に位置する オアシスと独自のユーモア文化で知られる地域""}],""citations"":[{""source_title"":""Recovering the Bawdy Humor of Classical Arabic Literature"",""url_or_isbn"":""https://newlinesmag.com/essays/recovering-the-bawdy-humor-of-classical-arabic-literature/"",""editorial_note"":""史実および原典に基づき 中高生が理解しやすいよう現代語訳および一部表現を加筆修正しています""}]}]}",,,,,,,,,,,,,,
第４象限,チリ,"{""status"":""SUCCESS"",""cultures"":[{""culture_name"":""パヤ"",""catchcopy"":""ギターの音色に乗せて知性とユーモアで競い合う即興詩の決闘"",""historical_background"":""パヤはチリの農村地域を中心に16世紀のスペイン植民地時代から伝わる伝統的な即興詩の文化です カトリックの布教活動で使われた詩の形式が 庶民の間で独自の音楽や言葉遊びとして発展しました 特にチリ中央部の農民たちの間で 祭りや集まりの場を盛り上げる娯楽として深く愛されてきました"",""social_function"":""パヤの最大の特徴は 直接的な暴力や罵り合いを避け ユーモアや機知に富んだ言葉の掛け合いによって対立を平和的に解決する点にあります 異なる社会階級や意見の対立がある場合でも 厳しいルールに則った即興詩の勝負を通すことで 互いの尊厳を保ちながら不満や批判を笑いに昇華させることができました"",""historical_examples"":[{""combatants"":""地主のドン ハビエル デ ラ ロサ と 労働者のムラート タグアダ"",""background"":""1830年頃にチリ中央部で実際に行われたとされる伝説的なパヤの対決です 支配階級である地主と 被支配階級である労働者という 社会的な対立関係にある二人が 聴衆の見守る中で言葉の決闘を行いました"",""attack"":""地主のドン ハビエルは 労働者であるタグアダに対して お前のような暗闇にいるような身分の低い歌い手は 自分が安全な場所に閉じ込めてやると身分の差を風刺して挑発しました"",""humor_return"":""タグアダは即座に 遠くから偉そうに歌っているのは誰だ もしこちらに来るなら そのギターを静かにさせて 私たちは友人になろう とユーモアを交えて切り返し 敵対ではなく対等な対話と和解を提案しました"",""evaluation"":""身分の違いによる緊張や対立を 暴力ではなく即興詩のルールの中で競い合い 最終的にはユーモアと知性によって対等な関係へと引き戻した点が極めて高く評価されています""}],""glossary"":[{""term"":""コントラプント"",""explanation"":""二人の歌い手が交互に即興詩を歌い合い 相手の質問や挑発に対して機知に富んだ返答を返す対決形式のことです""},{""term"":""バンキージョ"",""explanation"":""一人の歌い手が仮想の椅子に座り 周囲の歌い手たちからの鋭い質問に対して 即興の詩で次々と答えていく知恵比べの遊びです""},{""term"":""ギタロン チレノ"",""explanation"":""チリ独自の伝統的な弦楽器で 25本もの弦を持ち パヤの伴奏として古くから使われています""}],""citations"":[{""source_title"":""El mulato Taguada contra don Javier de la Rosa - Wikipedia, la enciclopedia libre"",""url_or_isbn"":""https://es.wikipedia.org/wiki/El_mulato_Taguada_contra_don_Javier_de_la_Rosa"",""editorial_note"":""史実および原典に基づき 中高生が理解しやすいよう現代語訳および一部表現を加筆修正しています""},{""source_title"":""payas y contrapuntos - Memoria Chilena, Biblioteca Nacional de Chile"",""url_or_isbn"":""https://www.memoriachilena.gob.cl/602/w3-article-96944.html"",""editorial_note"":""史実および原典に基づき 中高生が理解しやすいよう現代語訳および一部表現を加筆修正しています""}]}]}",,,,,,,,,,,,,,
第４象限,ツバル,"{""status"":""SUCCESS"",""cultures"":[{""culture_name"":""ファテレ"",""catchcopy"":""歌とダンスで対立を笑いに変える平和的な競争"",""historical_background"":""ツバルの各島やコミュニティが伝統的な集会所であるマネアパに集まり 競い合う中で発展した伝統的な歌とダンスの文化です"",""social_function"":""コミュニティ同士の対立や緊張を 直接的な暴力ではなく ユーモアやからかいを交えた歌とダンスの応酬によって平和的に解決し 結束を強める役割を果たします"",""historical_examples"":[{""combatants"":""ナヌメア島とナヌマンガ島のコミュニティ"",""background"":""伝統的な球技であるテ・アノの試合後や 地域の集会において 島同士のライバル意識が高まった場面"",""attack"":""相手の島の不器用さや 過去の失敗をユーモラスにからかう即興の歌詞を歌い上げる"",""humor_return"":""相手のからかいを笑顔で受け流し さらにテンポを上げてより華麗なダンスと機知に富んだ歌詞で応酬する"",""evaluation"":""相手の攻撃に怒ることなく ユーモアと高いパフォーマンス技術で切り返すことで 敵対関係を友情へと昇華させる点""}],""glossary"":[{""term"":""マネアパ"",""explanation"":""ツバルの伝統的な集会所""},{""term"":""テ・アノ"",""explanation"":""パンダナスの葉で作られたボールを使用するツバルの伝統的な球技""},{""term"":""ファテレ"",""explanation"":""ツバルの伝統的な歌とダンス""}],""citations"":[{""source_title"":""Culture and community - all part of Tuvalu's traditional games"",""url_or_isbn"":""https://vertexaisearch.cloud.google.com/grounding-api-redirect/AUZIYQGvzCN4M-_BZhY3yCiO77vQlFyNphX5PZEopzRkTT7rmCFhReoZLKzpx-2dkoXlPstKAZ4qujsfzdv-uRJwD4-5L1YIjP2EJM7NuMxCq-Bv3SZ3DT5L6R1KdUfcuX6223vsntP59bB1Mmrr2masklpjthEyGcCD_vw_-mizdbHPAH-QfLNoASiyfruoIKkmr2HiQ09e4t1Iw_P1"",""editorial_note"":""史実および原典に基づき 中高生が理解しやすいよう現代語訳および一部表現を加筆修正しています""},{""source_title"":""Gossip and the Everyday Production of Politics"",""url_or_isbn"":""https://vertexaisearch.cloud.google.com/grounding-api-redirect/AUZIYQGEPWybEGbSwxf2mOod5wiMVnVplGlqfwNzNVAGo7NHskqouefj0YNjczfJH8-CFRnIgA1VR_vyzm90MJ9FNJJZ5pIjtNiKg1vnveZno3_h9aRKJXQ="",""editorial_note"":""史実および原典に基づき 中高生が理解しやすいよう現代語訳および一部表現を加筆修正しています""}]}]}",,,,,,,,,,,,,,
第４象限,デンマーク,"{""status"":""SUCCESS"",""cultures"":[{""culture_name"":""フライティング"",""catchcopy"":""刃を交える代わりに言葉を戦わせるバイキングの知恵"",""historical_background"":""バイキング時代と呼ばれる8世紀から11世紀のデンマークを含む北欧地域では 名誉や土地 家族の復讐などをめぐる対立が絶えませんでした しかし すべての争いを武力で解決していては コミュニティ自体が崩壊してしまいます そこで 宴の席や地域の集会であるティングにおいて 物理的な暴力を避けて知性とユーモアで決着をつける言葉の決闘が盛んに行われました"",""social_function"":""フライティングは 単なる罵り合いではなく 高度な詩のルールに則って行われる知的なゲームでした 相手からの辛辣な風刺や非難に対し 即興でユーモアと機知に富んだ詩を返さなければなりません これにより 当事者たちは怒りや対立感情を言葉のエネルギーへと昇華させ 周囲の観客が勝敗を判定することで 血を流すことなく社会的な緊張を和らげる役割を果たしていました"",""historical_examples"":[{""combatants"":""雄弁なエリックと相談役グレップ"",""background"":""デンマークの歴史書であるデンマーク人の事績に描かれたエピソードです ノルウェーの若者エリックがデンマーク王の宮廷を訪れた際 王の邪悪な相談役であるグレップが エリックを言葉で圧倒して追い払おうと言葉の決闘を仕掛けました"",""attack"":""グレップはエリックに対し お前は泥だらけの雄鶏のように騒がしく 犯罪の悪臭を放っている お前のような卑しい者が王の宮廷に足を踏み入れる資格はない と激しい言葉で侮辱しました"",""humor_return"":""エリックは怒って剣を抜くのではなく 即興の詩で 愚か者が大声で吠えたところで 知恵ある者の耳には届かない お前は王の威光を借りて威張っているが その中身は空っぽの器だ とグレップの知性のなさをユーモラスに暴き立てました"",""evaluation"":""エリックは物理的な暴力に訴えることなく 言葉の機知だけで相手を完全に沈黙させ 王の信頼を勝ち取りました このエピソードは バイキング社会において言葉の力が物理的な武力と同等 あるいはそれ以上に強力な武器であり 対立を解決する手段であったことを示しています""}],""glossary"":[{""term"":""バイキング時代"",""explanation"":""8世紀から11世紀にかけて 北欧の海賊や商人がヨーロッパ各地で活動した時代のことです""},{""term"":""ティング"",""explanation"":""古代北欧の自由市民が集まって法律を決めたり裁判を行ったりした 民主的な集会のことです""},{""term"":""デンマーク人の事績"",""explanation"":""12世紀頃に歴史家サクソ グラマティクスによって書かれた デンマークの歴史や伝説を記録した重要な書物です""}],""citations"":[{""source_title"":""Skaldic poetry and verbal sparring: The long lost art of flyting | The Viking Herald"",""url_or_isbn"":""https://www.thevikingherald.com/article/skaldic-poetry-and-verbal-sparring-the-long-lost-art-of-flyting/285"",""editorial_note"":""史実および原典に基づき 中高生が理解しやすいよう現代語訳および一部表現を加筆修正しています""},{""source_title"":""The first nine books of the Danish history of Saxo Grammaticus"",""url_or_isbn"":""https://archive.org/details/firstninebooksd00saxogoog"",""editorial_note"":""史実および原典に基づき 中高生が理解しやすいよう現代語訳および一部表現を加筆修正しています""}]},{""culture_name"":""ゲッケブレウ"",""catchcopy"":""匿名の切り絵詩で春を告げる デンマーク伝統のからかい遊び"",""historical_background"":""18世紀から19世紀にかけてデンマークで定着したイースターの伝統的な言葉遊びです もともとはドイツの習慣がデンマークに伝わり 独自のペーパークラフトと詩を組み合わせた遊びへと発展しました"",""social_function"":""ゲッケブレウは 美しい切り絵を施した紙に 自分の名前を伏せてユーモラスな謎解き詩を書いて送る遊びです 受け取った人が差出人を当てられなければ 差出人にチョコレートを贈らなければなりません この遊びは 直接的な対立や緊張を避けつつ ユーモアとからかいを通じて親密なコミュニケーションを取り コミュニティの絆を和やかに結び直す機能を持っていました"",""historical_examples"":[{""combatants"":""春を待つ人々や友人同士"",""background"":""冬が終わり 春の最初の花であるスノードロップが咲く頃 人々は親しい人や 少し距離のある知人に対して 匿名の手紙を送ります"",""attack"":""手紙には スノードロップをあなたに贈ります 私の名前は秘密です もし当てられなければ あなたは私のおバカさんです という ユーモラスで少し挑発的な詩が書かれています"",""humor_return"":""受け取った人は 怒る代わりに この美しい切り絵のパターンと 詩の筆跡からして 送り主はあなたに違いない と知恵を絞って差出人を推理し ユーモアを交えて返答します"",""evaluation"":""直接的な自己主張を好まないデンマークの文化において 匿名性とユーモアを借りることで 相手との心理的距離を縮め 対立や気まずさを生むことなく楽しい交流を生み出す知恵として高く評価されています""}],""glossary"":[{""term"":""イースター"",""explanation"":""春の訪れを祝うキリスト教の復活祭のことで デンマークでは家族や友人と過ごす大切な祝日です""}],""citations"":[{""source_title"":""Paper Cut | PDF | Art Media | Communication Design - Scribd"",""url_or_isbn"":""https://www.scribd.com/document/511482939/Paper-Cut"",""editorial_note"":""史実および原典に基づき 中高生が理解しやすいよう現代語訳および一部表現を加筆修正しています""}]}]}",,,,,,,,,,,,,,
第４象限,ドイツ,"{""status"":""SUCCESS"",""cultures"":[{""culture_name"":""グシュタンツル"",""catchcopy"":""歌の力でトゲを抜く 即興の風刺歌バトル"",""historical_background"":""ドイツ南部のバイエルン地方やオーストリアの農村地域で 中世後期から歌い継がれてきた伝統的な４行詩の即興歌です 祭りや居酒屋などの人々が集まる場所で アコーディオンなどの伴奏に合わせて歌われました"",""social_function"":""若者たちのライバル関係や村同士の縄張り争い または社会的な不満を 直接的な暴力で解決するのではなく ユーモアと機知に富んだ歌の掛け合いによって笑いに変え 対立を平和的に和らげる役割を持っていました"",""historical_examples"":[{""combatants"":""伝説の歌手ロイダー ヤックルと政治家たち"",""background"":""２０世紀半ばのドイツで 政治家たちが一般市民の生活を顧みず 自分たちの利益ばかりを優先しているという不満が市民の間に高まっていました"",""attack"":""政治家たちは口先ばかりで 権力を手に入れるとすぐに市民のことを忘れてしまうという批判です"",""humor_return"":""ヤックルは即興の歌で 政治家はハトのようなものだ 地上にいるときはエサをねだって手から食べるが 空へ飛び立つと私たちの頭の上にフンを落とす と歌い上げました"",""evaluation"":""鋭い批判でありながら 誰もが笑わざるを得ない絶妙な比喩を使うことで 政治家たちも怒る代わりに苦笑いし 市民の不満を平和的に昇華させた点が高く評価されています""}],""glossary"":[{""term"":""バイエルン地方"",""explanation"":""ドイツ南部にある地域で 独自の豊かな伝統文化や方言が残っていることで知られています""},{""term"":""風刺"",""explanation"":""社会の悪い点や人間の愚かな行動を ユーモアや皮肉を交えて批判的に表現することです""}],""citations"":[{""source_title"":""Gstanzl Wikipedia"",""url_or_isbn"":""https://en.wikipedia.org/wiki/Gstanzl"",""editorial_note"":""史実および原典に基づき 中高生が理解しやすいよう現代語訳および一部表現を加筆修正しています""}]},{""culture_name"":""ビュッテンレーデ"",""catchcopy"":""樽の上から王を撃つ カーニバルの無礼講演説"",""historical_background"":""ドイツ西部のラインラント地方を中心に 中世の時代からカーニバルの時期に行われてきた伝統的な風刺演説です 演者は樽を模した演台に立ち 独特の韻を踏んだ言葉で語りかけます"",""social_function"":""普段は口にできない支配者や権力者への批判 または地域社会の対立や不満を カーニバルという特別な期間にユーモアを交えて公表することで 社会的な緊張を和らげるガス抜きの役割を果たしました"",""historical_examples"":[{""combatants"":""中世の農民たちと領主"",""background"":""中世のドイツでは 農民たちは日頃の過酷な労働や重税に対する強い不満を抱えていましたが 普段はそれを口にすることは許されませんでした"",""attack"":""領主たちの強欲さや 不条理な支配に対する怒りと批判です"",""humor_return"":""農民たちは樽をひっくり返した演台に立ち 道化の格好をして 我が領主様はあまりに慈悲深く 私たちの財布が重くならないよう いつも中身を軽くしてくださる とユーモラスに演説しました"",""evaluation"":""直接的な反乱を起こす代わりに カーニバルの無礼講というルールと ユーモアという盾を使うことで 領主も処罰することができず 社会的な対立を平和的に解消した点です""}],""glossary"":[{""term"":""ラインラント地方"",""explanation"":""ドイツ西部を流れるライン川沿いの地域で カーニバルなどの伝統行事が非常に盛んです""},{""term"":""無礼講"",""explanation"":""身分や立場の違いを気にせず 誰もが対等に楽しむことが許される特別な集まりのことです""}],""citations"":[{""source_title"":""B?ttenrede Wikipedia"",""url_or_isbn"":""https://en.wikipedia.org/wiki/B%C3%BCttenrede"",""editorial_note"":""史実および原典に基づき 中高生が理解しやすいよう現代語訳および一部表現を加筆修正しています""}]}]}",,,,,,,,,,,,,,
第４象限,トーゴ,"{""status"":""SUCCESS"",""cultures"":[{""culture_name"":""ハロー"",""catchcopy"":""暴力の代わりに歌で戦うエウェ族の風刺歌バトル"",""historical_background"":""トーゴ南部やガーナ　ベナンにまたがって暮らすエウェ族の間で古くから受け継がれてきた伝統的な口承文芸です　植民地時代に国境線によって分断された歴史を持ちながらも　言葉を通じた独自の文化的なつながりを保ち続けてきました"",""social_function"":""コミュニティの中での対立や個人同士の争いが発生した際　直接的な暴力を避けるために行われます　歌やドラム　ダンス　詩　身振りを組み合わせた芸術的な言葉の戦争に怒りを昇華させます　最終的には地域の首長が仲裁に入り　歌を地面に埋める儀式を行うことで対立を公式に終わらせて和解へと導きます"",""historical_examples"":[{""combatants"":""対立する地区の歌い手たち"",""background"":""地域のライバル意識や些細なトラブルから生じた住民同士の対立を解決するため"",""attack"":""相手の身体的な特徴や家族の過去の失敗を大げさに誇張し　ハゲタカしか葬儀を手伝いに来なかったといった辛辣な風刺歌を大衆の前で披露します"",""humor_return"":""攻撃された側は怒るどころか観客と一緒に大笑いして平然を装います　そして相手の過去の矛盾や失敗をさらにユーモラスに暴き返す即興の歌で切り返します"",""evaluation"":""感情を完全にコントロールして怒りを見せない姿勢が最も高く評価されます　沈黙は負けを意味するため　言葉を途切れさせずに機知に富んだ比喩を繰り出す知性が求められます""}],""glossary"":[{""term"":""エウェ族"",""explanation"":""トーゴ南部やガーナ　ベナンに暮らす民族で　豊かな音楽や口承文芸の文化を持っています""},{""term"":""風刺歌"",""explanation"":""社会の矛盾や個人の欠点をユーモアや皮肉を交えて批判する歌のことです""},{""term"":""口承文芸"",""explanation"":""文字を使わず　人から人へと口づたえで語り継がれてきた物語や歌などの文化です""}],""citations"":[{""source_title"":""Halo: The Ewe Battle Tradition of Music, Songs, and Performance"",""url_or_isbn"":""https://www.researchgate.net/publication/338681122_Halo_The_Ewe_Battle_Tradition_of_Music_Songs_and_Performance"",""editorial_note"":""史実および原典に基づき 中高生が理解しやすいよう現代語訳および一部表現を加筆修正しています""}]},{""culture_name"":""冗談関係"",""catchcopy"":""互いをからかい合って平和を守る伝統的な同盟"",""historical_background"":""トーゴ北部に暮らすラマ族やカビエ族など　西アフリカの多くの民族の間で古くから社会制度として受け継がれてきました　異なるグループ同士が平和に共存するための知恵として発展しました"",""social_function"":""祖先が交わした不可侵の誓いに基づき　特定のグループ同士が公の場で互いを激しくからかい合うことが許される関係です　これにより日頃の不満や潜在的な緊張がユーモアによって事前に解消され　物理的な衝突を防ぐ役割を果たしています"",""historical_examples"":[{""combatants"":""異なる氏族や民族の住民同士"",""background"":""市場での取引や土地の境界をめぐって地域間に緊張が生じたとき"",""attack"":""お前たちの祖先は畑も耕せない怠け者で　牛を盗むことしかできない泥棒の家系だといった過激な侮辱を笑顔で投げかけます"",""humor_return"":""言われた側は決して怒らず　その通りだからお前たちのようなお人好しから牛を分けてもらうのだとユーモアで返し　互いに大笑いして抱擁を交わします"",""evaluation"":""侮辱を個人的な攻撃として受け取らず　共通の歴史的同盟を再確認するための儀礼的なゲームとして楽しむ心の広さが評価されます　怒りを抑えてユーモアで返すことで対立の芽を摘みます""}],""glossary"":[{""term"":""カビエ族"",""explanation"":""トーゴ北部に多く暮らす民族で　伝統的な農業や格闘技の祭りなどで知られています""},{""term"":""ラマ族"",""explanation"":""トーゴとベナンの国境付近に暮らす民族で　独自の社会制度や冗談関係の文化を大切にしています""}],""citations"":[{""source_title"":""Relation A Plaisanterie Et Cohesion Sociale En Pays Lama (Togo-Benin)"",""url_or_isbn"":""L'IRESS-RDEC Press, Lome"",""editorial_note"":""史実および原典に基づき 中高生が理解しやすいよう現代語訳および一部表現を加筆修正しています""}]}]}",,,,,,,,,,,,,,
第４象限,ドミニカ共和国,"{""status"":""SUCCESS"",""cultures"":[{""culture_name"":""チュイネス"",""catchcopy"":""歌声と身振りで対立を笑いに変えるバニ地方の即興詩バトル"",""historical_background"":""ドミニカ共和国南部のバニ地方で発祥した伝統的な口承文芸です スペインから伝わった詩の形式と アフリカ系の人々の即興性やリズムが融合して生まれました 主に農作業の合間の休息や 地域の共同作業であるコンビテの場などで 労働の疲れを癒やし 人々を団結させるために歌われてきました"",""social_function"":""２つのグループが向かい合い 言葉と身振り手振りを武器にして 即興で歌を掛け合わせるコントロベルシアという対決を行います 日常の不満や家族間の揉め事 コミュニティの対立などを ユーモアやダブルミーニング 皮肉を駆使して歌い合うことで 直接的な暴力を避け 対立を笑いに昇華させて地域の調和を保つ役割を果たしています"",""historical_examples"":[{""combatants"":""農地の境界線をめぐる隣人同士の口論"",""background"":""共同作業の休息中に 土地の境界や作業の分担をめぐって険悪な空気になった際 チュイネーロと呼ばれる歌い手たちが仲裁に入り 即興の歌で対決を始めました"",""attack"":""お前のところの牛がうちの畑に入って作物を荒らした 怠け者の飼い主のせいで 畑が台無しだと ユーモアを交えた即興の詩で非難しました"",""humor_return"":""うちの牛はお前の畑の雑草をきれいに掃除してやったのだ お礼に美味しい牛乳を分けてやってもいいが お前の狭い心には入りきらないだろうと 機知に富んだダブルミーニングで返しました"",""evaluation"":""相手 of 非難を真っ向から否定して怒るのではなく ユーモアのある親切な行為にすり替え さらに相手の器の小ささを上品にからかうことで 周囲の笑いを誘い 対立の緊張感を一瞬で和らげた点が高く評価されます""}],""glossary"":[{""term"":""コンビテ"",""explanation"":""地域の住民が協力して農作業や家づくりを行う伝統的な共同労働の仕組みです""},{""term"":""コントロベルシア"",""explanation"":""即興の詩や歌を使って ２人の歌い手が互いに意見を戦わせる論争形式のパフォーマンスです""},{""term"":""チュイネーロ"",""explanation"":""チュイネスを歌い 即興で詩を作り出す専門の歌い手のことです""}],""citations"":[{""source_title"":""Tirindanga: El Chu?n y los Chuineros de Ban?, Patrimonio Oral Dominicano"",""url_or_isbn"":""https://acento.com.do/cultura/tirindanga-el-chuin-y-los-chuineros-de-bani-patrimonio-oral-dominicano-9185412.html"",""editorial_note"":""史実および原典に基づき 中高生が理解しやすいよう現代語訳および一部表現を加筆修正しています""}]},{""culture_name"":""デシマ"",""catchcopy"":""１０行の詩に知性を込めて社会の不条理を撃ち抜く言葉の決闘"",""historical_background"":""１６世紀にスペインから伝わった１０行詩の形式が ドミニカ共和国の庶民の間で独自の発展を遂げたものです １９世紀後半から２０世紀初頭にかけて 詩人フアン アントニオ アリックスらによって 大衆の声を代弁する社会風刺や意見表明の手段として確立されました"",""social_function"":""政治的な対立や社会的な不平不満 個人間の論争を 厳格な韻律ルールにのせて即興で競い合うコントロベルシアという形式で行います 感情的な罵り合いを 高度な文学的ルールに縛ることで 知的なゲームへと昇華させ 暴力的な衝突を防ぐ機能を持っています"",""historical_examples"":[{""combatants"":""政治的な意見の違いによる市民同士の論争"",""background"":""広場で異なる政治指導者を支持する者同士が対立し 一触即発の事態になった際 デシミスタと呼ばれる詩人が仲裁に入り 詩による決闘を提案しました"",""attack"":""相手の支持する指導者を 中身のない空っぽの太鼓のように 大きな音を立てるだけで民衆を飢えさせるだけだと 鋭い比喩で批判しました"",""humor_return"":""その太鼓の音こそが 眠っていた民衆を目覚めさせる夜明けの合図だ お前たちの指導者は 静かすぎてまるで墓場のようだと 同じ韻律を維持しながら 相手の批判を逆手にとって反論しました"",""evaluation"":""政治的な怒りや憎悪を 即興で複雑な韻律ルールに当てはめて表現しなければならないため 感情に流されず 極めて冷静で知的な論理展開が求められる点が高く評価されます""}],""glossary"":[{""term"":""デシミスタ"",""explanation"":""デシマと呼ばれる１０行詩を作り 朗読したり歌ったりする詩人のことです""},{""term"":""エスピネラ"",""explanation"":""１０行からなる詩の構成で 特定の韻を踏むルールのことです スペインの詩人ビセンテ エスピネルが考案しました""}],""citations"":[{""source_title"":""Por el rescue de la d?cima dominicana - Debate Plural"",""url_or_isbn"":""https://debateplural.com/2018/05/10/por-el-rescate-de-la-decima-dominicana/"",""editorial_note"":""史実および原典に基づき 中高生が理解しやすいよう現代語訳および一部表現を加筆修正しています""}]}]}",,,,,,,,,,,,,,
第４象限,ドミニカ国,"{""status"":""SUCCESS"",""cultures"":[{""culture_name"":""ティムティム"",""catchcopy"":""なぞなぞと知恵比べで対立をユーモアに変えるカリブの言葉遊び"",""historical_background"":""ドミニカ国はカリブ海に位置する島国で アフリカから連れてこられた人々や先住民族カリナゴ族 フランスやイギリスの植民地支配といった多様な歴史が混ざり合っています その中で生まれたクレオール語を基盤として 厳しい労働や抑圧の中で人々が知恵を絞り合い ユーモアを共有する文化としてティムティムと呼ばれるなぞなぞ遊びが発展しました"",""social_function"":""この言葉遊びは 単なる子供向けの遊びではなく 地域の共同労働であるクードマンの休憩時間や 葬儀の通夜であるナインナイトなどの緊張や悲しみが漂う場面で 感情の対立や暴力を避けるために行われました 語り手がティムティムと叫び 聞き手がブワセックと応じることで 誰もが対等な立場で知恵を競い合い ユーモアによってコミュニティの絆を修復し 議論を平和的に解決する役割を果たしました"",""historical_examples"":[{""combatants"":""共同労働の場での農民たちの意見対立"",""background"":""農作業の進め方や役割分担を巡って農民たちの間で激しい口論が始まり 暴力沙汰になりかねない緊張した空気が漂いました"",""attack"":""ある農民が お前のやり方は非効率で怠慢だ と直接的に相手を非難し 相手も激怒して一触即発の事態になりました"",""humor_return"":""仲裁に入った長老が ティムティム と叫び 周囲が ブワセック と応じました 長老は お母さんが一日中も一晩中も怒鳴り散らしているものは何か というなぞなぞを出しました 怒っていた農民が それは海だ と答えた瞬間 怒鳴り合っていた自分たちの姿が海のように騒がしいだけだと気づき 怒りが笑いへと変わりました"",""evaluation"":""直接的な非難を自然の比喩を用いたなぞなぞにすり替えることで 相手のプライドを傷つけることなく冷静さを取り戻させ ユーモアによって対立を解消した点が極めて高く評価されます""},{""combatants"":""抑圧的な支配者への風刺と抵抗"",""background"":""植民地時代やその後の社会的な抑圧の中で 支配層に対する不満が直接言えない状況下で 人々はなぞなぞを通じて抵抗の意思を共有しました"",""attack"":""支配層や権力者が お前たちは土の中に埋もれた芋のように無力で 踏みつけられるだけの存在だ と見下しました"",""humor_return"":""民衆は ダシーン芋は土の下に埋もれているが 今も生き続けている それは何か というなぞなぞを交わし それは私たちだ と答え合いました 踏みつけられても決して死なない生命力を芋に例えて ユーモアを交えながら連帯感を確認しました"",""evaluation"":""直接的な暴力を伴う反乱を起こす代わりに 誰もが知る農作物を用いたなぞなぞで知恵を競い合い 支配者の目を盗んで民衆の士気と連帯を高めた知的な抵抗策として評価されます""}],""glossary"":[{""term"":""クレオール語"",""explanation"":""異なる言語を持つ人々が出会ったことで生まれた新しい言葉で ドミニカ国ではフランス語をベースにアフリカの言語などが混ざり合って発展しました""},{""term"":""クードマン"",""explanation"":""ドミニカ国の伝統的な共同労働の習慣で 近所の人々が集まって家を建てたり畑を耕したりしてお互いを助け合う仕組みです""},{""term"":""ナインナイト"",""explanation"":""カリブ海地域で行われる伝統的な葬儀の通夜で 亡くなった人を送り出すために歌や物語 なぞなぞを交えて夜通し過ごす儀式です""},{""term"":""ブワセック"",""explanation"":""ティムティムのなぞなぞ遊びで 聞き手が なぞなぞをどうぞ と答える際の決まり文句で クレオール語で 乾いた木 を意味します""}],""citations"":[{""source_title"":""A Sociolinguistic Analysis of the French Creole Language Situation in Dominica"",""url_or_isbn"":""https://www.grin.com/document/204351"",""editorial_note"":""史実および原典に基づき 中高生が理解しやすいよう現代語訳および一部表現を加筆修正しています""},{""source_title"":""Oral Storytelling - DOM767"",""url_or_isbn"":""https://dom767.com/oral-storytelling/"",""editorial_note"":""史実および原典に基づき 中高生が理解しやすいよう現代語訳および一部表現を加筆修正しています""}]}]}",,,,,,,,,,,,,,
第４象限,トリニダード・トバゴ,"{""status"":""SUCCESS"",""cultures"":[{""culture_name"":""エクステンポ"",""catchcopy"":""即興の歌で戦う 平和的な言葉の決闘"",""historical_background"":""18世紀後半にアフリカから連れてこられた奴隷たちが 奴隷主から会話を禁止されたため 歌を通じて意思疎通を図ったことが起源とされています 西アフリカの語り部であるグリオの伝統がベースにあり その後フランス系移民のカーニバル文化や 棒術カリンダの闘技場での歌と融合して発展しました"",""social_function"":""直接的な暴力や対立を避け ユーモアや機知に富んだ即興の歌で相手をやり込めることで 平和的に決着をつける機能を持っています 相手を傷つけすぎない節度が重んじられ 聴衆を笑わせたり納得させたりした方が勝ちとなります"",""historical_examples"":[{""combatants"":""ジプシー と リンゴ"",""background"":""2016年のナショナル エクステンポ モナーク 決勝戦での対決"",""attack"":""リンゴはジプシーが政治家を辞めて大会に戻ってきたことを お金のために歌いに来たのか とユーモラスにからかいました"",""humor_return"":""ジプシーは 私はお金のためではなく この伝統文化を愛しているから戻ってきたのだ と即興の美しい韻を踏んで返し 聴衆の喝采を浴びました"",""evaluation"":""相手の攻撃を感情的に否定するのではなく ユーモアと文化への愛という大義名分で切り返した知性が高く評価されました""}],""glossary"":[{""term"":""カリプソ"",""explanation"":""トリニダード トバゴ発祥のカリブ海を代表するポピュラー音楽で 社会風刺やユーモアに富んだ歌詞が特徴です""},{""term"":""グリオ"",""explanation"":""西アフリカの伝統的な伝承音楽家や語り部のことで 歴史や文化を歌や語りで後世に伝える役割を持っています""},{""term"":""カリンダ"",""explanation"":""トリニダード トバゴの伝統的な棒術や格闘技のことで 太鼓の演奏や歌を伴って行われます""}],""citations"":[{""source_title"":""Extempo Trinidad - City Lore"",""url_or_isbn"":""https://citylore.org/play-lore/poetry-duels/extempo-trinidad/"",""editorial_note"":""史実および原典に基づき 中高生が理解しやすいよう現代語訳および一部表現を加筆修正しています""}]},{""culture_name"":""ピコン"",""catchcopy"":""ユーモアと風刺で対立を溶かす 日常のからかい文化"",""historical_background"":""トリニダード トバゴの日常会話やカリプソの歌詞の中で培われた ユーモラスなからかいや風刺の文化です フランス語のピカン が語源とされ 植民地時代の厳しい社会状況の中で 人々がストレスを解消し 連帯感を高めるために生まれました"",""social_function"":""対立する意見や不満を 直接的な暴言や暴力ではなく ユーモアを交えたからかいによって表現することで 場の緊張を和らげます 相手を怒らせずに笑いに変える技術が求められ コミュニティの調和を保つ役割を果たします"",""historical_examples"":[{""combatants"":""カリプソ歌手や一般の人々"",""background"":""日常の些細な口論や 政治的な意見の対立が生じた場面"",""attack"":""相手の見た目や失敗を 鋭い風刺を交えてユーモラスにからかいます"",""humor_return"":""言われた側も怒るのではなく さらに面白いジョークで言い返し 周囲 of 笑いを誘います"",""evaluation"":""怒りの感情をユーモアに昇華させ 最終的に双方が笑い合って対立を解消する精神が高く評価されます""}],""glossary"":[{""term"":""ピカン"",""explanation"":""フランス語で 刺すような や 辛口の という意味を持つ言葉で ピコンの語源となりました""}],""citations"":[{""source_title"":""Picong - Wikipedia"",""url_or_isbn"":""https://en.wikipedia.org/wiki/Picong"",""editorial_note"":""史実および原典に基づき 中高生が理解しやすいよう現代語訳および一部表現を加筆修正しています""}]}]}",,,,,,,,,,,,,,
第４象限,トルクメニスタン,"{""status"":""SUCCESS"",""cultures"":[{""culture_name"":""アイドゥシュク"",""catchcopy"":""歌と即興詩で競い合う知恵比べの対話"",""historical_background"":""トルクメニスタンの遊牧民文化において 古くから結婚式や祝祭 共同作業の場で行われてきた伝統的な歌の掛け合いです"",""social_function"":""男女間や異なる部族間の対立や緊張を 直接的な口論や暴力ではなく ユーモアや風刺を交えた即興の歌の掛け合いによって和らげ 親睦を深める役割を持っていました"",""historical_examples"":[{""combatants"":""若い男女や異なる部族の歌い手たち"",""background"":""祝祭や共同作業の場で お互いの部族や個人のプライドがぶつかり合う場面"",""attack"":""相手の部族の欠点や 個人の不器用さをユーモアを交えてからかう歌を即興で歌います"",""humor_return"":""相手のからかいを機知に富んだ比喩や 自分たちの強みをアピールするユーモラスな歌で返し 最後は互いを称え合って和解します"",""evaluation"":""相手の言葉をそのまま受け流すのではなく 同じ韻律や比喩を用いてユーモラスに切り返す即興性と知性が高く評価されます""}],""glossary"":[{""term"":""バフシ"",""explanation"":""トルクメニスタンの伝統的な語り部や音楽家のことで 楽器を弾きながら詩や物語を歌い継ぐ人々のことです""},{""term"":""ドゥタール"",""explanation"":""トルクメニスタンの伝統的な2弦の弦楽器で 歌の伴奏などに広く使われます""}],""citations"":[{""source_title"":""The “G?l?? Owadan” Competition Highlights the Historical Significance and Value of Felt Art"",""url_or_isbn"":""https://medeniyet.gov.tm/"",""editorial_note"":""史実および原典に基づき 中高生が理解しやすいよう現代語訳および一部表現を加筆修正しています""}]},{""culture_name"":""デギシュメ"",""catchcopy"":""鋭い風刺とユーモアで不平等を笑い飛ばす知恵"",""historical_background"":""18世紀から19世紀のトルクメニスタンにおいて 地主や宗教的権威者による支配や貧富の差が激しかった時代に 民衆の間で発達したユーモアや風刺の掛け合いです"",""social_function"":""権力者や社会の不条理に対する不満や対立を 直接的な反乱や暴力ではなく 機知に富んだ冗談や逸話を通じて批判し 社会的な緊張を緩和する機能がありました"",""historical_examples"":[{""combatants"":""風刺詩人ケミネと強欲な地主"",""background"":""貧しい詩人ケミネが 強欲な地主から不当な扱いを受けたり 貧しさをからかわれたりした場面"",""attack"":""地主がケミネの貧しさを嘲笑し お前の家には泥棒も入らないな とからかいます"",""humor_return"":""ケミネは その通りです だから泥棒は私の家ではなく あなたの家に行って盗むべきものを探すのですよ と返し 地主の強欲さと不正な富をユーモラスに批判します"",""evaluation"":""相手の侮辱を逆手に取り 相手自身の道徳的欠陥をユーモアを交えて浮き彫りにする論理的思考が評価されます""}],""glossary"":[{""term"":""バイ"",""explanation"":""中央アジアの伝統的な社会における地主や富豪のことで 権力や富を持つ人々を指します""},{""term"":""ケミネ"",""explanation"":""18世紀から19世紀に活躍したトルクメニスタンの有名な風刺詩人で ユーモアと機知に富んだ逸話で知られています""}],""citations"":[{""source_title"":""Priceless value of Turkmenistan: Unforgettable Kemine"",""url_or_isbn"":""https://www.turkmenistan.gov.tm/"",""editorial_note"":""史実および原典に基づき 中高生が理解しやすいよう現代語訳および一部表現を加筆修正しています""}]}]}",,,,,,,,,,,,,,
第４象限,トルコ,"{""status"":""SUCCESS"",""cultures"":[{""culture_name"":""アシュク アトゥシュマス"",""catchcopy"":""唇に針を挟んで戦う 即興詩の平和的な知恵比べ"",""historical_background"":""アナトリア地方で15世紀頃から盛んになった吟遊詩人たちの伝統です 詩人たちはサズと呼ばれる楽器を手に各地を旅し 人々の前で即興の詩を披露しました"",""social_function"":""詩人同士のプライドの衝突や地域社会の対立を 暴力ではなく言葉の技術で解決する役割がありました 聴衆の前でユーモアを交えて相手を風刺し 最終的にはお互いを称え合うことで 怒りや対立を笑いに変えて和らげました"",""historical_examples"":[{""combatants"":""ムラト チョバノール と シェレフ タシュルオヴァ"",""background"":""2人の偉大な詩人が どちらがより優れた知恵と技術を持っているかを証明するために 聴衆の前で即興詩の対決を行いました"",""attack"":""チョバノールが 相手の理解力を試すように 愛や人生の本当の意味を理解している者がどれほどいるだろうか と即興で歌いかけました"",""humor_return"":""タシュルオヴァは 人間には恥を知る心が必要だ 馬に乗る者ではなく 歩く者こそがこの大地の本当の価値を知るのだ と 謙虚さの大切さを説きつつ 相手の問いに即座に韻を踏んで答えました"",""evaluation"":""この対決中 2人は唇を合わせる音を一切使わない厳しいルールを守り通しました 相手を風刺しつつも 極限のルールの中で知性とユーモアを競い合い 最終的にはお互いの実力を認め合って抱き合い 聴衆に平和と調和のメッセージを届けた点が高く評価されます""}],""glossary"":[{""term"":""アシュク"",""explanation"":""トルコの伝統的な吟遊詩人のことです 楽器を弾きながら即興で詩を歌います""},{""term"":""サズ"",""explanation"":""トルコの伝統的な弦楽器で 詩の伴奏に使われます""},{""term"":""レブデグメズ"",""explanation"":""唇を合わせる音を使わずに詩を詠む超絶技巧の言葉遊びです""}],""citations"":[{""source_title"":""Lebde?mez - Wikipedia"",""url_or_isbn"":""https://en.wikipedia.org/wiki/Lebde%C4%9Fmez"",""editorial_note"":""史実および原典に基づき 中高生が理解しやすいよう現代語訳および一部表現を加筆修正しています""}]},{""culture_name"":""カラギョズ と ハジワット"",""catchcopy"":""聞き間違いとダジャレで社会の壁を笑い飛ばす影絵芝居"",""historical_background"":""オスマン帝国時代の14世紀頃に誕生したとされる伝統的な影絵芝居です 庶民の娯楽として広く愛され 祝祭やラマダンの夜などに盛んに上演されました"",""social_function"":""知識階級と庶民の間の言葉の壁や価値観の対立を ユーモラスな言葉遊びや聞き間違いによって笑いに変える機能がありました 社会への不満や対立を 影絵という安全なフィルターを通して風刺することで 社会の緊張を和らげました"",""historical_examples"":[{""combatants"":""庶民代表のカラギョズ と 知識人代表のハジワット"",""background"":""難しい言葉を使って偉そうに話すハジワットに対して カラギョズが言葉遊びで応じる場面です"",""attack"":""ハジワットが 私は本日 非常に高尚な文学的対話を楽しみたいのだ と難しい言葉で話しかけました"",""humor_return"":""カラギョズは その難しい言葉をわざと似た音の 私は本日 胃袋に美味しいスープを流し込みたいのだ という庶民的な言葉に聞き間違えて答え ハジワットの気取りを台無しにしました"",""evaluation"":""知識人の気取った態度を 庶民的なダジャレや聞き間違いという言葉遊びでユーモラスに打ち砕くことで 階級間の対立や緊張を暴力ではなく笑いによって解消し 誰もが楽しめる娯楽に昇華させた点が高く評価されます""}],""glossary"":[{""term"":""カラギョズ"",""explanation"":""影絵芝居の主人公で 無学ですが機知に富んだ庶民のキャラクターです""},{""term"":""ハジワット"",""explanation"":""カラギョズの相棒で 難しい言葉を使う気取った知識人のキャラクターです""}],""citations"":[{""source_title"":""Karag?z and Hacivat - Wikipedia"",""url_or_isbn"":""https://en.wikipedia.org/wiki/Karag%C3%B6z_and_Hacivat"",""editorial_note"":""史実および原典に基づき 中高生が理解しやすいよう現代語訳および一部表現を加筆修正しています""}]}]}",,,,,,,,,,,,,,
第４象限,トンガ,"{""status"":""SUCCESS"",""cultures"":[{""culture_name"":""ヘリアキ"",""catchcopy"":""ヤムイモや花に思いを託して 争いを避ける知恵の言葉遊び"",""historical_background"":""南太平洋の島国トンガでは 古くから王や貴族を中心とした 厳しい身分制度が存在していました そのような社会の中で 相手のプライドを傷つけずに 自分の意見や批判を伝えるために 生まれたのがヘリアキと呼ばれる 比喩表現の文化です 直接的な言葉は 時に激しい対立を生みますが ユーモアや美しい自然のイメージを 織り交ぜることで 穏やかに交渉や対話を進めることが できました"",""social_function"":""ヘリアキは 議論や対立が起きた際に 感情的な衝突を避けるための クッションの役割を果たします 相手を直接責めるのではなく 誰もが知っている植物の成長や 土地の風景に例えることで ユーモアを交えながら 相手に気づきを与えます これにより 地域の調和を保ちながら 平和的に問題を解決することが できました"",""historical_examples"":[{""combatants"":""第10代国王モモと知恵者ロアウ"",""background"":""12世紀頃 トンガの王であるモモは 美しい女性を妻に迎えたいと考えました しかし 直接要求すると 相手の家族にプレッシャーを与えたり 断られた際に対立が生じたりする 恐れがありました そこでモモは 知恵者として知られるロアウに対して 遠回しな言葉を 送りました"",""attack"":""モモ王は 使者を通じて 私の農園に植えるための ヤムイモの苗がほしい と伝えました これは 娘を妻に差し出してほしい という意味の比喩でした これに対し ロアウは 一つのヤムイモはまだ若く もう一つはすでに芽が出てしまっている と答えました これは 下の娘は若すぎ 上の娘のヌアはすでに結婚して子供がいるため 差し上げられない という丁寧な断りでした"",""humor_return"":""これを聞いたモモ王は 芽が出ていても やはりヌアが良い と切り返しました 芽が出たヤムイモは 価値が落ちるとされていましたが モモ王はそれを ユーモアを交えて 彼女の魅力は変わらない と表現したのです"",""evaluation"":""直接的な命令や 拒絶の言葉を一切使わず ヤムイモの成長サイクルという 共通の話題を使うことで 互いの尊厳を守りながら 交渉を成立させた点が 高く評価されています""}],""glossary"":[{""term"":""ヘリアキ"",""explanation"":""トンガ語で あることを言いながら 別のことを意味する という意味の言葉で 比喩や間接的な表現を指します""},{""term"":""ヤムイモ"",""explanation"":""トンガなどの太平洋の島々で 主食として大切に育てられている 伝統的なイモ類です""},{""term"":""トゥイ トンガ"",""explanation"":""かつてトンガを支配していた 神聖な国王の称号です""}],""citations"":[{""source_title"":""Heliaki: The Symbolic Depiction of Life and Living in Tonga"",""url_or_isbn"":""https://e-knowledge.uof.edu.gq/xmlui/bitstream/handle/123456789/187/Heliaki%20The%20Symbolic%20Depiction%20of%20Life%20and%20Living%20in%20Tonga.pdf"",""editorial_note"":""史実および原典に基づき 中高生が理解しやすいよう現代語訳および一部表現を加筆修正しています""}]}]}",,,,,,,,,,,,,,
第４象限,ナイジェリア,"{""status"":""SUCCESS"",""cultures"":[{""culture_name"":""ワサン バルクワンチ"",""catchcopy"":""怒ったら負け ユーモアの刃で戦う伝統の冗談関係"",""historical_background"":""ナイジェリア北部のハウサ社会において 古くから行われてきた伝統的な冗談関係です 19世紀のイギリス植民地支配以前 激しい領土争いを繰り広げていた都市国家の間で 平和が訪れた後に敵対心を和らげるために始まったとされています また 異なる職業グループの間でも盛んに行われました"",""social_function"":""この関係にある者同士は 公共の場でお互いをどれだけ激しくからかったり 風刺したりしても 決して怒ってはいけないという厳格なルールがあります これにより 過去の戦争の遺恨や 職業間の優劣による対立を 暴力ではなく笑いによって解消し 社会の調和を保つ役割を果たしています"",""historical_examples"":[{""combatants"":""鍛冶屋と理髪師"",""background"":""どちらの職業が社会的に重要であるかを競い合う伝統的なライバル関係において交わされた言葉です"",""attack"":""鍛冶屋が自分たちの仕事の方が理髪師よりも社会的に価値があると主張し お前たちが使うカミソリやハサミはすべて俺たちが作ってやっているのだと言いました"",""humor_return"":""理髪師は お前たちは火を扱う魔法使いのようなものだが 我々理髪師に割礼を施してもらわなければ イスラムの神聖な礼拝をすることすらできないではないかと切り返しました"",""evaluation"":""相手の技術的な優位性を認めつつも 宗教的かつ社会的な儀礼における自分たちの不可欠な役割を持ち出すことで 相手の主張をユーモラスに無効化し 互いの存在価値を認め合う論理が高く評価されます""}],""glossary"":[{""term"":""ワサン バルクワンチ"",""explanation"":""ハウサ語で冗談関係を意味する言葉でお互いに無礼な冗談を言っても許される特別な社会的関係のことです""},{""term"":""マケラ"",""explanation"":""ハウサ社会における鍛冶屋のことで鉄を加工して農具や道具を作る重要な職業です""},{""term"":""ワンザマイ"",""explanation"":""ハウサ社会における伝統的な理髪師のことで髪を切るだけでなく割礼や医療的な処置も行います""}],""citations"":[{""source_title"":""Joking Relationship Wasan Barkwanci in Hausa A Tool for National Integration in Nigeria"",""url_or_isbn"":""https://www.sarpublication.com"",""editorial_note"":""史実および原典に基づき 中高生が理解しやすいよう現代語訳および一部表現を加筆修正しています""}]},{""culture_name"":""アワダ"",""catchcopy"":""ことわざとユーモアで怒りを溶かす 知恵の対話術"",""historical_background"":""ナイジェリア南西部に暮らすヨルバ人の社会において 伝統的に重んじられてきたユーモアや冗談の文化です 対立や不和が生じた際 長老や仲裁者がユーモアや風刺を交えながら 鋭いことわざを駆使して対話を導きます"",""social_function"":""ヨルバ社会では対立は避けられないが暴力は避けるべきだと考えられています 仲裁者がユーモアを交えたことわざを使うことで 当事者のプライドを傷つけることなく 怒りを和らげ 妥協点を見出させる機能を持っています"",""historical_examples"":[{""combatants"":""土地の境界線を争う隣人同士"",""background"":""些細な境界線の争いから互いに激しい罵り合いに発展し 暴力沙汰になりかけた状況で長老が仲裁に入った際の一幕です"",""attack"":""一方が怒り狂い この土地は私の先祖代々のものだ 一歩でも入ったら容赦しないと相手を脅しました"",""humor_return"":""仲裁に入った長老は 怒りで拳を握りしめたままでは誰も握手をして仲直りすることはできないぞ とユーモラスなことわざを投げかけ 互いの先祖がかつて協力して畑を耕していた歴史を思い出させました"",""evaluation"":""怒りの感情を直接否定するのではなく 拳を握ったままでは握手できないというユーモラスな比喩を用いて当事者の頑なな態度を和らげ 協調の歴史を思い出させることで対立を平和的に解決へと導く論理です""}],""glossary"":[{""term"":""アワダ"",""explanation"":""ヨルバ語で冗談やユーモアを意味する言葉で人間関係を円滑にするための重要な知恵とされています""},{""term"":""オウェ"",""explanation"":""ヨルバ語でことわざのことで複雑な真実や教訓を簡潔かつ比喩的に伝える言葉の芸術です""},{""term"":""アモラン モ オウェ"",""explanation"":""ヨルバ社会においてことわざを巧みに使いこなして争いを仲裁する賢者のことです""}],""citations"":[{""source_title"":""Joking relationships and humor among the Yoruba of southwestern Nigeria in the twenty-first century"",""url_or_isbn"":""https://doi.org/10.59400/ephr.v2i1.1525"",""editorial_note"":""史実および原典に基づき 中高生が理解しやすいよう現代語訳および一部表現を加筆修正しています""}]}]}",,,,,,,,,,,,,,
第４象限,ナウル,"{""status"":""NO_CULTURE_FOUND"",""cultures"":[]}",,,,,,,,,,,,,,
第４象限,ナミビア,"{""status"":""SUCCESS"",""cultures"":[{""culture_name"":""ホの冗談関係"",""catchcopy"":""からかいと家畜の奪い合いで親族の緊張を笑いに変える知恵"",""historical_background"":""ナミビア南部の乾燥地帯に暮らすナマ人やダマラ人の間では 古くから厳しい自然環境の中で生き抜くために親族同士の協力が不可欠でした しかし遺産相続や結婚などをめぐって親族間で対立が生じることもありました そのような緊張を和らげるために生まれたのがホと呼ばれる特別な関係性です"",""social_function"":""ホの関係にある者同士は お互いを激しくからかったり 相手の家畜を勝手に連れ去ったりしても 怒ってはならないというルールがあります これにより 普段は言えない不満や対立を ユーモアを交えた儀礼的なからかい合いとして表現し 深刻な暴力や不和に発展するのを防ぐ役割を果たしていました"",""historical_examples"":[{""combatants"":""叔父と甥による家畜のユーモラスな奪い合い"",""background"":""遺産相続や財産の分配をめぐって 叔父と甥の間で不満や対立が生じやすい状況がありました"",""attack"":""甥が叔父の群れから最も立派な家畜を勝手に連れ去り 自分のものにしようとします"",""humor_return"":""叔父は怒る代わりに 甥の群れから最もみすぼらしい家畜を連れ去り お互いの取引を笑い話にすることで 対立をユーモアに変えて解決しました"",""evaluation"":""直接的な話し合いでは角が立つ財産分配の不満を 儀礼的な奪い合いというゲームに変換し お互いに笑い合って受け入れることで 家族の絆を維持する点が高く評価されます""}],""glossary"":[{""term"":""ホ"",""explanation"":""ナマ語やダマラ語で 親しい関係や冗談を言い合える関係を意味する言葉です""},{""term"":""タオ"",""explanation"":""ホとは反対に 礼儀正しく振る舞い 距離を置くべき敬避の関係を意味する言葉です""}],""citations"":[{""source_title"":""Perspectives on Namibian inheritance practices"",""url_or_isbn"":""https://www.lac.org.na/projects/grap/Pdf/inheritance_perspectives.pdf"",""editorial_note"":""史実および原典に基づき 中高生が理解しやすいよう現代語訳および一部表現を加筆修正しています""}]},{""culture_name"":""オマイェレトゥンブロ"",""catchcopy"":""直接的な非難を避け ことわざのユーモアで対立を丸く収める対話術"",""historical_background"":""ナミビア北部に暮らすオバンボ人の社会では 伝統的にコミュニティの調和が最も重視されてきました 裁判や話し合いの場で直接相手を責め立てることは 共同体の分裂を招くため 避けるべきとされていました"",""social_function"":""対立や議論が発生した際 当事者や調停者はオマイェレトゥンブロと呼ばれることわざを巧みに引用します 直接的な批判をユーモラスな比喩に置き換えることで 相手のプライドを傷つけることなく 反省を促し 妥協点を見出させることができます"",""historical_examples"":[{""combatants"":""村の境界線や家畜の被害をめぐる隣人同士の争い"",""background"":""隣人の家畜が自分の畑を荒らしたことで 激しい口論になり 暴力沙汰になりかけた状況です"",""attack"":""被害を受けた側が 相手の不注意を激しく責め立て 畑の弁償を要求します"",""humor_return"":""調停者が 平和の言葉は罪をあがなう ということわざをユーモラスに引用し 怒り狂う被害者に対して 怒りで畑は元に戻らないが 優しい言葉なら美味しいビールが手に入る と切り返して場を和ませました"",""evaluation"":""怒りの感情を直接ぶつけるのではなく 誰もが納得することわざの知恵を借りることで 議論の焦点を個人の非難から 共同体の平和維持へとシフトさせる論理が評価されます""}],""glossary"":[{""term"":""オマイェレトゥンブロ"",""explanation"":""オバンボ人の言葉であるオシワンボ語で ことわざや知恵の言葉を意味します""},{""term"":""オシワンボ語"",""explanation"":""ナミビア北部で最も広く話されている言語のグループです""}],""citations"":[{""source_title"":""African proverbs and conflict management : a study of selected Shona, Oshivambo, Yoruba and Swahili proverbial expressions"",""url_or_isbn"":""https://repository.unam.edu.na/handle/11070/811"",""editorial_note"":""史実および原典に基づき 中高生が理解しやすいよう現代語訳および一部表現を加筆修正しています""}]}]}",,,,,,,,,,,,,,
第４象限,ニウエ,"{""status"":""NO_CULTURE_FOUND"",""cultures"":[]}",,,,,,,,,,,,,,
第４象限,ニカラグア,"{""status"":""SUCCESS"",""cultures"":[{""culture_name"":""エル グエグエンセ"",""catchcopy"":""従順なふりで支配者を煙に巻く知恵の言葉遊び"",""historical_background"":""16世紀から17世紀のスペイン植民地時代にニカラグア西部のディリアンバで生まれました 先住民の文化とスペインの文化が融合してできた伝統的な風刺劇です"",""social_function"":""支配者からの不当な要求や課税に対して 直接戦うのではなく 言葉遊びやユーモアを使って要求をはぐらかし 対立を平和的に解決する役割を持っていました"",""historical_examples"":[{""combatants"":""老商人グエグエンセとスペインのタストゥアネス知事"",""background"":""植民地政府の役人がグエグエンセに対して重い税金の支払いを求めた場面です"",""attack"":""役人はグエグエンセに対して 重い銀貨を今すぐ支払うように強く要求しました"",""humor_return"":""グエグエンセは耳が遠いふりをして 重い銀貨 という言葉をよく似た発音の 硬いチーズ と聞き間違えたふりをしました さらに税金の話をされるたびに ダンスを踊りましょう と提案して話をはぐらかし 最終的には知事の娘と自分の息子を結婚させて要求をうやむやにしました"",""evaluation"":""相手の権威を直接否定して怒らせるのではなく 表面上は丁寧に従う態度を見せながら 聞き間違いや言葉の二重の意味を駆使して相手の要求を骨抜きにする高度な交渉術が評価されます""}],""glossary"":[{""term"":""ナワトル語"",""explanation"":""メキシコや中米の先住民が使っていた古代の言葉です""},{""term"":""タストゥアネス"",""explanation"":""先住民の言葉で 統治者 や 知事 を意味する言葉です""}],""citations"":[{""source_title"":""El G?eg?ense - UNESCO Intangible Cultural Heritage"",""url_or_isbn"":""https://ich.unesco.org/en/RL/el-gueguense-00111"",""editorial_note"":""史実および原典に基づき 中高生が理解しやすいよう現代語訳および一部表現を加筆修正しています""}]},{""culture_name"":""ラ ヒガントーナとエル ペペ カベソンのコプラス"",""catchcopy"":""巨大な権力と小さな知性が交わす即興の風刺詩"",""historical_background"":""18世紀の植民地時代にニカラグアの古都レオンの先住民地区で生まれました スペイン人女性を模した巨大な人形と 頭の大きな先住民の小男が街を練り歩く伝統芸能です"",""social_function"":""支配階級への不満や社会的な対立を 直接的な暴力ではなく 即興の風刺詩を使ってユーモラスに表現することで 社会の緊張を和らげる役割を果たしていました"",""historical_examples"":[{""combatants"":""即興詩人と巨大な人形ラ ヒガントーナ"",""background"":""植民地時代に先住民が支配者層の傲慢さや不条理を批判したいが 直接言うと処罰されてしまう場面です"",""attack"":""支配者層を象徴する巨大な人形が 圧倒的な高さと豪華な衣装で権力を誇示します"",""humor_return"":""即興詩人は仮面で顔を隠し 太鼓の音に合わせて詩を詠みます 一見すると美しい女性へのラブソングを歌っているように見せかけながら その裏で どんなに背が高く美しくても お前は太鼓の音に合わせて踊らされている人形にすぎない と権力者をユーモラスに皮肉りました"",""evaluation"":""直接的な暴力を伴わずに 仮面と即興詩という芸術的な表現を用いて 巨大な人形を小さな人間が操って踊らせるという権力構造の逆転を笑いの中に昇華させた点が評価されます""}],""glossary"":[{""term"":""コプラス"",""explanation"":""スペイン語圏で親しまれている 4行で構成される伝統的な短い詩のことです""},{""term"":""スティアバ"",""explanation"":""ニカラグアの都市レオンにある 先住民の歴史が深く残る地区の名前です""}],""citations"":[{""source_title"":""La Gigantona, una tradici?n de 400 a?os - Visita Nicaragua"",""url_or_isbn"":""https://www.visitanicaragua.com/la-gigantona-una-tradicion-de-400-anos/"",""editorial_note"":""史実および原典に基づき 中高生が理解しやすいよう現代語訳および一部表現を加筆修正しています""}]}]}",,,,,,,,,,,,,,
第４象限,ニジェール,"{""status"":""SUCCESS"",""cultures"":[{""culture_name"":""コウジナージュ ア プレザントリー"",""catchcopy"":""お互いを激しくからかい合うことで平和を守る 魔法のいとこ関係"",""historical_background"":""ニジェールをはじめとする西アフリカのサヘル地域では 古くから異なる民族や家系が共存してきました この文化は かつて激しい紛争や戦争を終結させる際に結ばれた 祖先たちの平和の盟約が起源とされています 敵対する代わりに 互いをユーモアでからかい合う特別な親戚関係を結ぶことで 悲惨な争いを未然に防ぐ知恵として何世代にもわたり受け継がれてきました [1.2.9]"",""social_function"":""この文化は 異なる民族や職業のグループ同士が 互いを公衆の面前で激しくからかったり 冗談交じりに侮辱したりすることを認め合う社会的なルールです どんなにきつい言葉を投げかけられても 相手は絶対に怒ってはならず ユーモアで切り返さなければなりません これにより 日常の些細なトラブルから 民族間の大きな対立に至るまで 暴力に発展する前に笑いの中に解消する強力なブレーキとして機能しています"",""historical_examples"":[{""combatants"":""銀行の行列での割り込みをめぐるザルマ族の女性とゴビール族の男性のやり取り"",""background"":""ニジェールの首都ニアメの銀行で 長い行列に割り込んだ男性に対して 周囲が不満を抱いた緊迫した場面です [3.4.2]"",""attack"":""こんな無作法なことをするのはお金に目がないゴビール族に違いない 彼らはお金が絡むと礼儀を忘れて強欲さに支配されてしまう"",""humor_return"":""それを言うならザルマ族だって大好物の肉料理を前にしたら同じように理性を失ってがっつくだろう"",""evaluation"":""割り込みという日常のルール違反に対して 怒りや暴力をぶつけるのではなく 互いの民族的なステレオタイプをユーモラスにからかい合うことで 緊迫した空気を一瞬で笑いに変えて対立を解消した点です""}],""glossary"":[{""term"":""コウジナージュ ア プレザントリー"",""explanation"":""フランス語で 冗談のいとこ関係 を意味する言葉で 異なるグループ同士が親しくからかい合う西アフリカの伝統的な文化です""},{""term"":""ゴビール族"",""explanation"":""ニジェールに暮らすハウサ族という大きな民族の中のひとつのグループです""},{""term"":""ザルマ族"",""explanation"":""ニジェールの西部に多く暮らしている主要な民族のひとつです""},{""term"":""ディビガンダ"",""explanation"":""ニジェールでとても人気がある伝統的な肉料理のことです""},{""term"":""ティガディゲ"",""explanation"":""西アフリカでよく使われる ピーナッツバターをベースにしたコクのあるソースです""}],""citations"":[{""source_title"":""? Cousinage ? plaisanterie ? au Niger : s'insulter juste pour rire ? Nigerinter"",""url_or_isbn"":""https://nigerinter.com/2015/10/cousinage-a-plaisanterie-au-niger-sinsulter-juste-pour-rire/"",""editorial_note"":""史実および原典に基づき 中高生が理解しやすいよう現代語訳および一部表現を加筆修正しています""},{""source_title"":""Practices and expressions of joking relationships in Niger - UNESCO"",""url_or_isbn"":""https://ich.unesco.org/en/RL/practices-and-expressions-of-joking-relationships-in-niger-01009"",""editorial_note"":""史実および原典に基づき 中高生が理解しやすいよう現代語訳および一部表現を加筆修正しています""}]}]}",,,,,,,,,,,,,,
第４象限,日本,"{""status"":""SUCCESS"",""cultures"":[{""culture_name"":""狂歌"",""catchcopy"":""五 七 五 七 七で権力を笑い飛ばす知的な風刺遊び"",""historical_background"":""江戸時代中期から後期にかけて 特に天明期 1780年代 の江戸で大流行しました 武士や町人 知識人たちが身分を超えてサークル 狂歌連 を作り 古典的な和歌のルールをパロディ化しながら 日々の不満や社会の出来事をユーモラスに詠み合いました"",""social_function"":""幕府の厳しい政治改革や検閲に対して 直接的な暴動や暴力を起こすのではなく 高度な言葉遊び もじりや掛け言葉 を用いて風刺することで 庶民の不満をユーモアとして昇華させ 社会的な対立や緊張を和らげる役割を果たしました"",""historical_examples"":[{""combatants"":""江戸の庶民 と 松平定信 幕府の老中"",""background"":""松平定信が主導した 寛政の改革 により 極端な質素倹約や娯楽の制限が強制され 江戸の街全体が息苦しい雰囲気に包まれていました"",""attack"":""幕府による厳しすぎる取り締まりや 自由を奪う政治に対する庶民の強い不満と批判"",""humor_return"":""白河の 清きに魚も すみかねて もとの濁りの 田沼こひしき という狂歌が流行しました これは 水がきれいすぎると魚が住めないように 政治が清廉潔白すぎると暮らしにくい 少し濁っていた 賄賂はあったが経済が活発だった 田沼意次の時代が恋しい という意味です"",""evaluation"":""水清ければ魚棲まず という古典の教訓を引用しつつ 定信の領地である 白河 と意次の名字である 田沼 を 清流 と 濁った沼 に見立てて対比させた 極めて知的な言葉遊びです 直接的な罵倒を避け ユーモアによって政治の行き過ぎをいさめました""}],""glossary"":[{""term"":""落首"",""explanation"":""江戸時代などに 社会への風刺や批判をユーモラスに詠んで 街頭の壁や門などに匿名で貼り出した落書きのような歌のことです""},{""term"":""もじり"",""explanation"":""有名な古典の和歌やことわざの言葉の一部を 音の響きを似せながら別の言葉に置き換えて 滑稽な意味に変える言葉遊びの技法です""}],""citations"":[{""source_title"":""元の濁りの田沼恋しき 田沼意次が偉大な政治家として再評価された理由とは 大河ドラマ べらぼう を100倍楽しむAtoZ S"",""url_or_isbn"":""https://intojapanwaraku.com/culture/251390/"",""editorial_note"":""史実および原典に基づき 中高生が理解しやすいよう現代語訳および一部表現を加筆修正しています""}]},{""culture_name"":""川柳"",""catchcopy"":""日常のトゲを笑いに変える五 七 五の人間観察"",""historical_background"":""江戸時代中期の宝暦年間 1750年代 に 柄井川柳という人物が始めた 前句付 という言葉遊びから発展しました 俳句とは異なり 季語や難しいルールがなく 庶民の日常生活や人間関係をありのままに詠む遊びとして定着しました"",""social_function"":""家庭内の嫁姑の対立や 役人と庶民の身分差による摩擦など 日常生活のあらゆる対立や気まずさを 鋭い観察眼 穿ち とユーモア おかしみ で包み込みます 当事者同士が直接衝突するのを防ぎ 笑いを通じてお互いの立場を客観的に見つめ直す機能を持っていました"",""historical_examples"":[{""combatants"":""庶民 と 汚職を行う役人"",""background"":""江戸時代 権力を持つ役人たちが裏で賄賂を受け取ることがあり 庶民は不公平な社会に強い不満を抱いていました"",""attack"":""権力を利用して不正に私腹を肥やす役人への怒りや批判"",""humor_return"":""役人の 子はにぎにぎを よく覚え という川柳が詠まれました これは 赤ん坊が手を にぎにぎ する可愛らしい動作と 役人が裏で賄賂を 握る 受け取る 動作を重ね合わせ 役人の子供は生まれつき賄賂の受け取り方が上手だと皮肉ったものです"",""evaluation"":""怒りをそのままぶつけるのではなく 赤ん坊の無邪気な仕草と大人の汚い汚職という 正反対のイメージを重ね合わせることで クスッと笑える風刺に仕上げています トゲのある批判をユーモアで包み込み 社会の不条理を笑い飛ばしました""}],""glossary"":[{""term"":""穿ち"",""explanation"":""物事の表面だけでなく 隠された本質や人間の本音を 鋭く かつユーモラスに暴き出すことです""},{""term"":""前句付"",""explanation"":""出されたお題に対して 五 七 五の言葉を付け足して 面白い意味のやり取りを作る江戸時代の言葉遊びです""}],""citations"":[{""source_title"":""言葉遊びの楽しさ 文化庁広報誌 ぶんかる"",""url_or_isbn"":""https://www.bunka.go.jp/pr/publish/bunkaru/asobi/asobi_01.html"",""editorial_note"":""史実および原典に基づき 中高生が理解しやすいよう現代語訳および一部表現を加筆修正しています""}]}]}",,,,,,,,,,,,,,
第４象限,ニュージーランド,"{""status"":""SUCCESS"",""cultures"":[{""culture_name"":""パテレ"",""catchcopy"":""悪口をユーモアと誇りに変えて歌い返す早口の歌"",""historical_background"":""ニュージーランドの先住民族マオリの間で古くから伝わる伝統的な歌のジャンルです 相手からの中傷や非難に対抗するために作られました"",""social_function"":""直接的な暴力を避け 言葉の機知とユーモアによって自分の名誉を回復し 部族間の対立を平和的に解決する役割を持っていました"",""historical_examples"":[{""combatants"":""エレノラ タラトアと彼女を批判した女性たち"",""background"":""19世紀 伝統的な教育と英語教育の両方を受けた美しい女性エレノラは 多くの男性から求婚されましたが それを妬んだ一部の女性たちから根も葉もない噂を流されました"",""attack"":""彼女は道徳的に問題があり 高貴な家系にふさわしくないという中傷を受けました"",""humor_return"":""エレノラはパテレを作曲し 自分のポイがニュージーランド各地を旅する空想を歌いました その旅先で出会う高貴な指導者たちがすべて自分と血縁関係にあることを示し 噂を流した女性たちの名前をユーモラスに挙げて切り返しました"",""evaluation"":""相手を直接攻撃するのではなく 自分の家系や土地との結びつきをユーモアと誇りを持って示すことで 相手の非難を無効化し 名誉を回復した点が高く評価されます""}],""glossary"":[{""term"":""マオリ"",""explanation"":""ニュージーランドの先住民族""},{""term"":""ポイ"",""explanation"":""紐の先にボールがついたマオリの伝統的な踊りや遊びの道具""},{""term"":""パテレ"",""explanation"":""悪口や中傷に対抗するために作られたマオリの伝統的な歌""}],""citations"":[{""source_title"":""NZFS Patere * Poia Atu Taku Poi - NZ Folksong"",""url_or_isbn"":""https://www.folksong.org.nz/poia_atu_taku_poi/"",""editorial_note"":""史実および原典に基づき 中高生が理解しやすいよう現代語訳および一部表現を加筆修正しています""}]},{""culture_name"":""ファイコレロにおけるテ ファカカタ"",""catchcopy"":""冗談交じりの侮辱で緊張を笑いに変える演説術"",""historical_background"":""マオリの伝統的な集会場であるマラエで行われる公式な演説において ユーモアを交える技術です"",""social_function"":""部族間の交渉や対立の場で 演説者がダジャレや冗談交じりの侮辱を駆使することで 張り詰めた緊張感を和らげ 暴力的な衝突を防ぐ役割を果たしていました"",""historical_examples"":[{""combatants"":""マラエに集まった対立する部族の代表たち"",""background"":""土地の境界や資源を巡って部族間で緊張が高まり 暴力的な衝突が懸念される話し合いの場が設けられました"",""attack"":""相手の部族から厳しい要求や批判が突きつけられ 場の空気が一触即発の状態になりました"",""humor_return"":""演説者はあえて相手の指導者に対して 鼻の高さや容姿をからかうようなユーモラスで無害な侮辱やダジャレを投げかけ 聴衆全員を笑わせました"",""evaluation"":""厳しい真実や対立点を語りつつも ユーモアを挟むことで相手の面目を保ちながら緊張をほぐし 建設的な対話の土台を作った点が高く評価されます""}],""glossary"":[{""term"":""マラエ"",""explanation"":""マオリの伝統的な集会場や儀式を行う神聖な広場""},{""term"":""ファイコレロ"",""explanation"":""マオリの伝統的な公式演説""},{""term"":""テ ファカカタ"",""explanation"":""マオリ語でユーモアや笑いを生み出すこと""}],""citations"":[{""source_title"":""M?ori humor ? te whakakata - Te Ara Encyclopedia of New Zealand"",""url_or_isbn"":""https://teara.govt.nz/en/maori-humor-te-whakakata"",""editorial_note"":""史実および原典に基づき 中高生が理解しやすいよう現代語訳および一部表現を加筆修正しています""}]}]}",,,,,,,,,,,,,,
第４象限,ネパール,"{""status"":""SUCCESS"",""cultures"":[{""culture_name"":""ドホリ"",""catchcopy"":""歌の掛け合いで対立を笑いに変える即興音楽バトル"",""historical_background"":""ネパールの山岳地帯や農村部で古くから親しまれてきた伝統的な歌の掛け合いです 厳しい自然環境の中で暮らす人々が 日々の労働の疲れを癒やしたり お祭りや結婚式などの特別な集まりで 互いの親睦を深めるために始まりました"",""social_function"":""言葉の刃を歌のメロディとユーモアで包み込むことで 感情的な対立を平和的なエンターテインメントへと昇華させます 厳しい社会的なルールやジェンダーの壁を 一時的に取り払い 誰もが対等に意見を言い合える安全な場を提供する役割も持っています"",""historical_examples"":[{""combatants"":""お祭りに集まった男女のグループ"",""background"":""お祭りの席で どちらのグループがより機知に富んでいるかを競うことになり 緊張感が漂いました"",""attack"":""男性グループが 女性たちは家事ばかりで世間のことを何も知らないのだろうと 歌でからかうような問いかけをしました"",""humor_return"":""女性グループは すぐに即興の歌で返し 家事をこなす知恵があるからこそ あなたたちを支えられるのだと ユーモアたっぷりに歌い上げました"",""evaluation"":""相手のからかいに対して 怒るのではなく 韻を踏んだ美しいメロディとユーモアで切り返し 場の空気を一気に笑顔に変えた即興の知性です""}],""glossary"":[{""term"":""ドホリ"",""explanation"":""ネパールの伝統的な即興の歌の掛け合いのことです 男性チームと女性チームに分かれて 問いと答えを歌で交互に繰り返します""},{""term"":""マダル"",""explanation"":""ネパールの伝統的な両面太鼓のことです ドホリの伴奏などで広く使われます""}],""citations"":[{""source_title"":""Dohori - Wikipedia"",""url_or_isbn"":""https://en.wikipedia.org/wiki/Dohori"",""editorial_note"":""史実および原典に基づき 中高生が理解しやすいよう現代語訳および一部表現を加筆修正しています""}]},{""culture_name"":""ウカントゥッカ"",""catchcopy"":""風刺とユーモアで議論のトゲを抜くことわざの即興引用"",""historical_background"":""ネパールの豊かな口承文化から生まれた伝統的なことわざや慣用句の体系です 何世代にもわたり 人々の知恵や教訓が ユーモラスで覚えやすい短い言葉として受け継がれてきました"",""social_function"":""議論が白熱して対立が深まりそうな時に 直接的な批判を避けてウカントゥッカを引用することで 相手の矛盾や滑稽さを笑いに包んで指摘します これにより 相手のプライドを傷つけることなく 場の緊張を和らげて議論を平和的に収束させることができます"",""historical_examples"":[{""combatants"":""村の話し合いで対立する住民たち"",""background"":""村の共有財産の使い道をめぐり 自分の利益ばかりを主張する住民が現れて 議論が険悪な雰囲気になりました"",""attack"":""その住民は 自分だけが正しい判断をしており 他の者は何も分かっていないと 強い口調で主張しました"",""humor_return"":""別の住民が サルの手にココナッツを持たせるようなものだ というウカントゥッカをユーモラスに引用しました 価値や使い方が分からない者に大切なものを任せるのは滑稽だということを 笑いを交えて指摘しました"",""evaluation"":""直接相手を罵倒して怒らせるのではなく 誰もが知っている動物のユーモラスな比喩を使って 相手に自らの主張の矛盾を気づかせるスマートな機知です""}],""glossary"":[{""term"":""ウカントゥッカ"",""explanation"":""ネパールに伝わる伝統的なことわざや風刺的な言葉遊びのことです 日常生活や動物をモチーフにしたユーモラスな表現が多く使われます""}],""citations"":[{""source_title"":""Nepali Proverbs (Ukhan Tukka) - Hamro Barnamala"",""url_or_isbn"":""https://hamrobarnamala.com/nepali-proverbs-ukhan-tukka/"",""editorial_note"":""史実および原典に基づき 中高生が理解しやすいよう現代語訳および一部表現を加筆修正しています""}]}]}",,,,,,,,,,,,,,
第４象限,ノルウェー,"{""status"":""SUCCESS"",""cultures"":[{""culture_name"":""セナ"",""catchcopy"":""刃を交える代わりに言葉の矢を放ち合う知恵比べの決闘"",""historical_background"":""8世紀から11世紀頃のバイキング時代にノルウェーを中心とする北欧地域で盛んに行われました 神話や英雄の物語を伝える歌謡集にも多く記録されています"",""social_function"":""物理的な暴力や殺し合いに発展しかねない対立を 詩的なルールに則った言葉の応酬によって解決し 互いの名誉や知性を測ることで無駄な流血を避ける役割を果たしました"",""historical_examples"":[{""combatants"":""神トールと渡し守ハールバルズ"",""background"":""トールが旅の途中で川を渡ろうとした際 渡し守のハールバルズが乗船を拒否したことから言葉の戦いが始まりました"",""attack"":""ハールバルズはトールに対して 旅の途中で大男の靴の中に隠れて怯えていた臆病者だとからかいました"",""humor_return"":""トールは怒り狂って力でねじ伏せるのではなく 自分のこれまでの巨人を退治した武勇伝を詩的な表現で語り返し どちらの功績が優れているかを言葉で競いました"",""evaluation"":""感情に任せて暴力を振るうのではなく 決められた韻律に合わせて即興でユーモアを交えながら反論する知的な自己コントロールが高く評価されました""}],""glossary"":[{""term"":""バイキング時代"",""explanation"":""8世紀から11世紀頃にかけて北欧の海を舞台に活躍した人々が活躍した時代のことです""},{""term"":""古エッダ"",""explanation"":""北欧神話や英雄の伝説を伝える古い詩の集まりのことです""}],""citations"":[{""source_title"":""Skaldic poetry and verbal sparring: The long lost art of flyting"",""url_or_isbn"":""https://thevikingherald.com/article/skaldic-poetry-and-verbal-sparring-the-long-lost-art-of-flyting/118"",""editorial_note"":""史実および原典に基づき 中高生が理解しやすいよう現代語訳および一部表現を加筆修正しています""}]},{""culture_name"":""マンヤヴナズ"",""catchcopy"":""誰が最も優れた指導者かを言葉のユーモアで競う平和的な自慢比べ"",""historical_background"":""中世ノルウェーの宮廷や宴の席で広く行われていた伝統的な言葉遊びで 互いの功績や能力を詩的に比較し合いました"",""social_function"":""権力争いや序列の決定を 武力衝突ではなく 宴会の席でのユーモラスな言葉の応酬によって平和的に解決し 共同体の調和を保つ機能がありました"",""historical_examples"":[{""combatants"":""ノルウェー王シグルド1世と共同統治者である兄のエステイン1世"",""background"":""12世紀のノルウェーで 共同で国を治めていた兄弟の王が 宴会の席でどちらが優れた王であるかを競うことになりました"",""attack"":""弟のシグルドは 自分がエルサレムへの十字軍遠征で武功を挙げた英雄であることを誇り 兄は国内に留まっていただけだと主張しました"",""humor_return"":""兄のエステインは 自分が留守を守って国内の法律を整え 港や教会を建設して人々の暮らしを豊かにしたことをユーモラスに語り 弟の遠征はただの旅に過ぎないと切り返しました"",""evaluation"":""相手の武力を否定するのではなく 自分の内政の成果を機知に富んだ言葉で表現し 宴会の場を盛り上げながら互いの価値を認め合う姿勢が高く評価されました""}],""glossary"":[{""term"":""共同統治者"",""explanation"":""1つの国を複数の王や指導者が協力して同時に治める仕組みのことです""},{""term"":""十字軍遠征"",""explanation"":""中世ヨーロッパのキリスト教徒たちが 聖地エルサレムを取り戻すために行った軍事行動のことです""}],""citations"":[{""source_title"":""Flyting - Wikipedia"",""url_or_isbn"":""https://en.wikipedia.org/wiki/Flyting"",""editorial_note"":""史実および原典に基づき 中高生が理解しやすいよう現代語訳および一部表現を加筆修正しています""}]}]}",,,,,,,,,,,,,,
第４象限,バーレーン,"{""status"":""SUCCESS"",""cultures"":[{""culture_name"":""ガルタ"",""catchcopy"":""鋭い風刺とユーモアで対立を平和的に解決する即興詩の決闘"",""historical_background"":""アラビア半島の遊牧民であるベドウィンの間で数千年前から受け継がれてきた口承文学です バーレーンでも真珠採りや交易の歴史の中で 人々が集まる夜の会合などで盛んに行われてきました"",""social_function"":""部族間の土地争いや個人的な不和が生じた際 直接的な暴力を避けるために詩人たちが言葉の刃を交えます ユーモアや機知に富んだ切り返しを行うことで 聴衆を笑わせ 対立の緊張を和らげて平和的な解決へと導く役割を果たしました"",""historical_examples"":[{""combatants"":""土地の境界線をめぐる二つの部族の代表詩人"",""background"":""境界線の解釈をめぐって部族間で一触即発の緊張状態が続いていたため 祭りの中で詩の対決が行われました"",""attack"":""相手の詩人が お前たちの土地は狭く 羊一頭すら満足に飼えないほど干からびている と風刺しました"",""humor_return"":""言い返した詩人は 確かに我が土地は狭いが それはお前たちのように他人の土地を欲張らず 常に神の恵みに満足しているからだ とユーモアを交えて切り返しました"",""evaluation"":""相手の侮辱に対して怒るのではなく 韻律とリズムを完璧に保ちながら 謙虚さと知性で相手の欲深さをユーモラスに指摘した点が聴衆から高く評価されました""}],""glossary"":[{""term"":""ナバティ詩"",""explanation"":""アラビア半島の口語や方言で詠まれる伝統的な詩の形式です""},{""term"":""レッダーディ"",""explanation"":""詩人の後ろで詩の最後の一節やリフレインを繰り返してリズムを刻む合唱隊のことです""}],""citations"":[{""source_title"":""“Tonight My Gun Is Loaded”: Poetic Dueling In Arabia"",""url_or_isbn"":""https://journal.oraltradition.org/wp-content/uploads/2019/11/08_sowayan.pdf"",""editorial_note"":""史実および原典に基づき 中高生が理解しやすいよう現代語訳および一部表現を加筆修正しています""}]},{""culture_name"":""ムサジャラ"",""catchcopy"":""詩の最後の一文字から即興で繋ぐ知恵としりとりの対決"",""historical_background"":""古代アラブの宮廷や文人たちの集まりから始まった言葉遊びで バーレーンでも知識人や若者たちの間で知性を競うゲームとして親しまれてきました"",""social_function"":""議論が白熱して対立しそうになった際 感情的な喧嘩に発展するのを防ぐためにルールに則った詩のしりとりを行います 相手の言葉を注意深く聞き 即座にユーモラスな詩で返すことで 場の空気を和ませる知的な緩衝材として機能しました"",""historical_examples"":[{""combatants"":""政治的な意見の違いで対立した二人の文人"",""background"":""集会の中で政治的な議論が熱くなり 険悪な雰囲気になったため 周囲の勧めでお互いの知性を競うムサジャラが始まりました"",""attack"":""相手が 若者の意見は風のように軽々しく 信頼に値しない という詩を詠み その最後の一文字でバトンを渡しました"",""humor_return"":""受け取った詩人は 風は軽いからこそ世界を巡り 新しい春の訪れを告げるのだ と即興で美しい詩を返し 相手の頑固さを優しく諭しました"",""evaluation"":""相手の批判的な言葉を否定するのではなく その言葉のイメージを逆手に取って前向きでユーモラスな表現に昇華させた機知が高く評価されました""}],""glossary"":[{""term"":""ムサジャラ"",""explanation"":""相手が詠んだ詩の最後の一文字を使って 新しい詩を即興で詠み合うアラブ伝統の詩のしりとり遊びです""},{""term"":""ディワニヤ"",""explanation"":""湾岸地域で人々が集まり 社会的な議論や交流を行う伝統的なサロンのような部屋のことです""}],""citations"":[{""source_title"":""Proposal Seeks Wider Arabic Debate Culture | THE DAILY TRIBUNE - News of Bahrain"",""url_or_isbn"":""https://www.newsofbahrain.com/bahrain/98765.html"",""editorial_note"":""史実および原典に基づき 中高生が理解しやすいよう現代語訳および一部表現を加筆修正しています""}]}]}",,,,,,,,,,,,,,
第４象限,ハイチ,"{""status"":""SUCCESS"",""cultures"":[{""culture_name"":""Voye pwen"",""catchcopy"":""直接の衝突を避けて歌や比喩で思いを届ける知恵の矢"",""historical_background"":""ハイチはかつて過酷な奴隷制や植民地支配を経験し その後も独裁政権や政治的な混乱が続きました 直接的な批判や反抗は命に関わる暴力的な報復を招く危険があったため 人々は直接的な対立を避けつつ自らの主張や批判を伝えるために 間接的で洗練された比喩や歌を用いる文化を発達させました"",""social_function"":""直接的な衝突を避け ユーモアや機知に富んだ比喩によって相手に問題点を気づかせます 投げられたメッセージを相手が受け取り さらに洗練された比喩で返すことで 対立が暴力ではなく知的な言葉のゲームへと昇華されます"",""historical_examples"":[{""combatants"":""政治的な抗議を行う民衆とアリスティド大統領"",""background"":""政治的な緊張が高まる中 民衆は直接的な批判を避け 歌やことわざを通じて政府への不満を表現しました"",""attack"":""民衆は 重すぎる荷物を一人で抱え込んでいる という比喩を用いて 政府の独裁的な姿勢や政策の行き詰まりを風刺しました"",""humor_return"":""アリスティド大統領はこれに対し ハイチの有名なことわざ 多くの手があれば重荷は軽くなる という言葉を返しました これは民衆の批判を受け入れつつ 共に国を築こうという協調のメッセージをユーモアと機知を交えて伝えたものです"",""evaluation"":""批判を拒絶するのではなく 伝統的なことわざを用いて相手の比喩を包み込み 協調の姿勢を示すことで対立の緊張を和らげた点""}],""glossary"":[{""term"":""Voye pwen"",""explanation"":""ハイチ クレオール語で ポイントを投げる という意味の言葉 比喩や歌を用いて間接的にメッセージを伝えるコミュニケーション手法""},{""term"":""Chante pwen"",""explanation"":""ヴォイェ ポワンの一種で 批判や風刺をメロディに乗せて歌う伝統的な歌""},{""term"":""Pwov?b"",""explanation"":""ハイチ クレオール語のことわざ 日常の対立を和らげるために頻繁に引用される知恵の言葉""}],""citations"":[{""source_title"":""Workshops - Lakou Mizik"",""url_or_isbn"":""https://www.lakoumizik.com/workshops"",""editorial_note"":""史実および原典に基づき 中高生が理解しやすいよう現代語訳および一部表現を加筆修正しています""},{""source_title"":""Rara!: Vodou, Power, and Performance in Haiti and Its Diaspora"",""url_or_isbn"":""ISBN 978-0-520-22822-1"",""editorial_note"":""史実および原典に基づき 中高生が理解しやすいよう現代語訳および一部表現を加筆修正しています""}]},{""culture_name"":""Krik? Krak!"",""catchcopy"":""問いと答えの掛け合いで対立を笑いに変える物語の魔法"",""historical_background"":""ハイチの農村部などでは 電気が通っていない地域も多く 夜間に人々が集まって物語を語り合う口承文学の伝統が深く根付いていました 厳しい労働や生活の苦しさを乗り越えるための娯楽であり 知恵の共有の場でした"",""social_function"":""語り手が問いかけ 聞き手が応じることで 共同体の一体感を生み出します なぞなぞや民話の中には 日常のいさかいや対立を風刺する内容が含まれており 登場人物の滑稽な行動を通じて 争いの愚かさを笑い飛ばし 和解を促す役割を果たしました"",""historical_examples"":[{""combatants"":""村人同士の土地や境界線をめぐるいさかい"",""background"":""境界線をめぐって険悪な空気になった村人たちに対し 長老が夜の集まりで物語を語り始めました"",""attack"":""語り手は 自分の影の所有権を主張して争う二人の男 の滑稽な民話を語り どちらが正しいかをなぞなぞのように問いかけました"",""humor_return"":""争っていた当事者の一人が 太陽が沈めば影は消えるのだから 争うだけ損だ と機知に富んだ回答をし 周囲の笑いを誘いました"",""evaluation"":""直接的な説教ではなく 滑稽な物語を通じて自分たちの争いを客観的に見つめ直し 自らユーモアを交えて解決策を見出させた点""}],""glossary"":[{""term"":""Krik? Krak!"",""explanation"":""ハイチの伝統的なストーリーテリングの開始合図 語り手の問いかけと聞き手の応答のセット""},{""term"":""Lakou"",""explanation"":""ハイチの伝統的な共同体の生活空間 中庭を囲むように家族や親族が暮らす場所""}],""citations"":[{""source_title"":""Krik-krak, the art of short stories in Haiti | BUALA"",""url_or_isbn"":""https://www.buala.org"",""editorial_note"":""史実および原典に基づき 中高生が理解しやすいよう現代語訳および一部表現を加筆修正しています""}]}]}",,,,,,,,,,,,,,
第４象限,パキスタン,"{""status"":""SUCCESS"",""cultures"":[{""culture_name"":""ジュガット バジ"",""catchcopy"":""即興のユーモアと鋭いツッコミで対立を笑いに変えるパンジャーブの言葉遊び"",""historical_background"":""パキスタンのパンジャーブ地方 特にファイサラーバードなどの都市で古くから親しまれてきた伝統芸能です 1947年のインド パキスタン分離独立以降 多くの人々が移住したことでさらに独自の発展を遂げました"",""social_function"":""日常生活の不満や社会的な格差 異なるグループ間の緊張を 直接的な暴力や喧嘩ではなく ユーモアあふれる即興のからかい合いによって笑い飛ばし 緊張を和らげる役割を持っています"",""historical_examples"":[{""combatants"":""ファイサラーバードの市場での商人と客"",""background"":""値段交渉や些細な意見の食い違いから口論になりかけた場面"",""attack"":""お前の売っている服はまるで100年前の幽霊が着ていたボロきれのようだ"",""humor_return"":""それならちょうどいい お前のような生きた化石にはぴったりの最新ファッションだ"",""evaluation"":""相手の悪口を真に受けず 瞬時にユーモアを交えた言葉で切り返すことで 周囲の観客を笑わせ 対立をエンターテインメントに昇華させる点が高く評価されます""}],""glossary"":[{""term"":""パンジャーブ地方"",""explanation"":""パキスタン東部とインド北西部にまたがる 歴史的 文化的な地域のことです""},{""term"":""ファイサラーバード"",""explanation"":""パキスタンのパンジャーブ州にある工業都市で ユーモアや言葉遊びが非常に盛んなことで知られています""},{""term"":""ロースト"",""explanation"":""相手をユーモラスにからかったり 風刺したりするお笑いの表現手法です""}],""citations"":[{""source_title"":""How are Pakistani Punjabis better at 'Jugat Bazi' than Indian Punjabis? - Quora"",""url_or_isbn"":""https://www.quora.com/How-are-Pakistani-Punjabis-better-at-Jugat-Bazi-than-Indian-Punjabis"",""editorial_note"":""史実および原典に基づき 中高生が理解しやすいよう現代語訳および一部表現を加筆修正しています""}]},{""culture_name"":""バイト バジ"",""catchcopy"":""詩の最後の一文字から紡ぐ 知性と記憶力で競う平和的な詩の対決"",""historical_background"":""ウルドゥー語の豊かな詩的伝統に根ざした言葉遊びで パキスタン全土の学校や地域社会で広く行われています 19世紀後半のラホールなどで組織的な大会が開かれるようになり 現代でもテレビ番組やネット上で高い人気を誇っています"",""social_function"":""意見の対立や知的な競争を 暴力的な議論ではなく 互いに暗記した美しい詩を交互に詠み合うことで 互いの知性を尊重し合いながら平和的に決着をつける機能を持っています"",""historical_examples"":[{""combatants"":""学生同士の討論会"",""background"":""異なる意見を持つグループ同士が 知的な優劣を競い合う場面"",""attack"":""相手が詠んだ詩の最後の一文字が特定のアルファベットで終わる"",""humor_return"":""そのアルファベットから始まる美しい詩を即座に詠み返し 相手の主張を優雅に包み込む"",""evaluation"":""相手の言葉の最後を正確に受け継ぎ 自分の知識と教養を示しながら 相手を傷つけずに知的な勝利を収める点が高く評価されます""}],""glossary"":[{""term"":""ウルドゥー語"",""explanation"":""パキスタンの国語であり 美しい詩や文学の歴史を持つ言語です""},{""term"":""バイト"",""explanation"":""ウルドゥー詩における 2行で構成される詩の一節のことです""},{""term"":""ラホール"",""explanation"":""パキスタンの文化的な中心都市で 多くの詩人や芸術家を輩出してきた歴史があります""}],""citations"":[{""source_title"":""Bait bazi - Wikipedia"",""url_or_isbn"":""https://en.wikipedia.org/wiki/Bait_bazi"",""editorial_note"":""史実および原典に基づき 中高生が理解しやすいよう現代語訳および一部表現を加筆修正しています""}]}]}",,,,,,,,,,,,,,
第４象限,バチカン,"{""status"":""SUCCESS"",""cultures"":[{""culture_name"":""パスクィナーデ"",""catchcopy"":""石像に託すユーモアの刃 暴力なき風刺で権力をいなす言葉遊び"",""historical_background"":""16世紀初頭のローマ 現在のバチカン市国周辺 で盛んになった伝統です 教皇庁の絶対的な権力に対して 市民や知識人が匿名で不満を表明する手段として 古代の壊れた石像 パスクィーノ に風刺詩を貼り付けたのが始まりとされています"",""social_function"":""直接的な抗議や暴動といった暴力を起こす代わりに 知的なユーモアや言葉遊び ラテン語やローマ方言の韻を踏んだ詩 を用いて権力者を風刺することで 社会の緊張を和らげ ガス抜きを行う 安全弁 として機能しました"",""historical_examples"":[{""combatants"":""教皇ウルバヌス8世とローマ市民"",""background"":""バルベリーニ家出身の教皇ウルバヌス8世が サン ピエトロ大聖堂の装飾のために 古代ローマの神殿パンテオンから貴重な青銅を剥ぎ取ったことに対する批判です"",""attack"":""野蛮人が破壊しなかった古代の遺産を 教皇の一族であるバルベリーニ家が破壊してしまった という怒りです"",""humor_return"":""野蛮人 がしなかったことを バルベリーニ がやった というラテン語の響きを巧みに似せた風刺詩を石像に貼り付けました"",""evaluation"":""直接的な暴動を起こすことなく 権力者の名前と歴史的悪行を韻を踏んだ短いフレーズで永遠に記憶させる知的な抵抗として高く評価されました""},{""combatants"":""教皇ハドリアヌス6世と枢機卿たち"",""background"":""厳格な教皇ハドリアヌス6世が 自分を批判する石像パスクィーノに激怒し 川に投げ捨てて処分しようとした場面です"",""attack"":""教皇は石像をテヴェレ川に沈めて 批判の声を物理的に消し去ろうとしました"",""humor_return"":""側近の枢機卿が 石像を水に沈めれば カエルのように以前よりも大きな声で鳴き出す 風刺がさらに激しくなる だけです とユーモアを交えて説得し 処分を思いとどまらせました"",""evaluation"":""物理的な弾圧が逆効果であることをカエルの比喩で示し 権力者側に風刺を許容させることで 暴力的な衝突を未然に防いだ機知が評価されています""},{""combatants"":""ナポレオン軍とローマ市民"",""background"":""ナポレオンがローマを占領し 多くの美術品をフランスへ持ち去ったことに対する市民の怒りです"",""attack"":""フランス人は皆 泥棒のようにローマの宝を奪っていく という批判です"",""humor_return"":""石像マルフォリオが フランス人は皆 泥棒なのか と問いかけ 石像パスクィーノが 全員 ではないが 大部分 ボナパルト がそうだ と答える対話形式の詩を貼りました"",""evaluation"":""ナポレオンの姓である ボナパルト と イタリア語で 大部分 を意味する ブオナ パルテ をかけた高度なダブルミーニングで 占領軍の略奪をユーモラスに批判した点が高く評価されました""}],""glossary"":[{""term"":""パスクィーノ"",""explanation"":""ローマの広場にある古代の壊れた石像で 匿名で風刺詩を貼り付ける場所として最も有名になったものです""},{""term"":""話す像"",""explanation"":""パスクィーノをはじめとする ローマ市内に点在するいくつかの石像の総称で 市民の代わりに意見を語る役割を与えられていました""},{""term"":""バルベリーニ家"",""explanation"":""17世紀に教皇ウルバヌス8世を輩出し ローマで強大な権力を誇った貴族の一族です""}],""citations"":[{""source_title"":""Pasquino - Wikipedia"",""url_or_isbn"":""https://en.wikipedia.org/wiki/Pasquino"",""editorial_note"":""史実および原典に基づき 中高生が理解しやすいよう現代語訳および一部表現を加筆修正しています""},{""source_title"":""Pasquinade - Grokipedia"",""url_or_isbn"":""https://vertexaisearch.cloud.google.com/grounding-api-redirect/AUZIYQEkK5SqTRjYCmGDiKN38XVn9hMNDOYrf7W2DnRD6iWbtIp3kgPMT3rthl0Ph4IuISWxP06j85lHE_VTrcK2-6BAg5fMg3iwsOW7JOstnW6naQY_RgECzUAdVN3X"",""editorial_note"":""史実および原典に基づき 中高生が理解しやすいよう現代語訳および一部表現を加筆修正しています""}]}]}",,,,,,,,,,,,,,
第４象限,パナマ,"{""status"":""SUCCESS"",""cultures"":[{""culture_name"":""コントロベルシア"",""catchcopy"":""10行の詩に知恵をのせて戦う即興の言葉のフェンシング"",""historical_background"":""スペイン植民地時代に持ち込まれた10行詩がパナマの農村部で独自の進化を遂げました 農民たちが日々の労働の疲れを癒やし コミュニティの結束を強めるために伝統楽器の伴奏に合わせて歌い始めたのが起源です [1.1.3]"",""social_function"":""地域の対立や個人的な不満 政治的な意見の食い違いなどを 直接的な暴力や罵り合いではなく 厳格なルールに則った即興詩の対決によって解決します ユーモアと機知を競い合うことで 対立をエンターテインメントへと昇華させ コミュニティの調和を保つ役割を果たしています"",""historical_examples"":[{""combatants"":""異なる地域の歌い手による地域自慢と和解"",""background"":""お祭りの場で異なる地域の歌い手が対峙し それぞれの地域の優位性を競い合うことになりました 観客もそれぞれの地域を応援し 緊張感が漂っていました [3.1.2]"",""attack"":""お前の故郷は荒れ地ばかりで歌のセンスも土くさい 我々の地域こそが真の伝統の守り手だ"",""humor_return"":""確かに我が故郷の土は乾いているが だからこそ根が深く お前のような軽い風に吹き飛ばされることはない お前の美しい歌声も 我が大地の恵みがあってこそ響くのだ"",""evaluation"":""相手の土くさいという侮辱を大地の力強さという肯定的な価値に変換し さらに相手の歌声をその大地が支えていると表現することで 対立をユーモラスに解消し 両者の共存をアピールした点""}],""glossary"":[{""term"":""デシマ"",""explanation"":""10行で構成されるスペイン発祥の伝統的な詩の形式 [1.1.3]""},{""term"":""メホラネーラ"",""explanation"":""パナマ独自の5弦の伝統的な弦楽器""}],""citations"":[{""source_title"":""La d?cima en Panam? - Did?ctica Libre"",""url_or_isbn"":""https://didacticalibre.org/la-decima-en-panama/"",""editorial_note"":""史実および原典に基づき 中高生が理解しやすいよう現代語訳および一部表現を加筆修正しています""}]},{""culture_name"":""タンボリートのコプラ"",""catchcopy"":""太鼓の鼓動に合わせて歌い交わす即興の風刺とユーモア"",""historical_background"":""アフリカ系奴隷の太鼓のリズムと スペインの詩的伝統が融合して生まれたパナマの代表的な伝統芸能です 特に女性の歌い手が中心となり お祭りや街頭のパレードで歌い継がれてきました"",""social_function"":""日常生活の不満や男女間のいざこざ 社会的な不平等を 太鼓のリズムに乗せたユーモラスな4行詩で表現します 直接言うと角が立つ批判や不満を 歌というオブラートに包んで笑いに変えることで 社会的なストレスを安全に発散し 対立を未然に防ぐ機能を持っています"",""historical_examples"":[{""combatants"":""男女間の浮気疑惑をめぐるユーモラスな掛け合い"",""background"":""お祭りの広場で ある男性が他の女性に目移りしているという噂が立ち 当事者の男女がタンボリートの輪の中心で対峙しました [4.1.2]"",""attack"":""あの人は星を追いかけるハヤブサのようだけど 私の声を聞けば自分が誰のものか思い出すはず"",""humor_return"":""私はただ夜空の美しさを眺めていただけ でも どんなに遠くの星を見上げても 私の心を温めるのは足元を照らす君という太陽だけさ"",""evaluation"":""浮気疑惑という深刻になりがちなテーマを 星と太陽というロマンチックかつユーモラスな比喩に落とし込み 観客を巻き込んで笑いに変えることで 関係の緊張を和らげた点""}],""glossary"":[{""term"":""カンタランテ"",""explanation"":""タンボリートで主旋律を歌い即興詩をリードする女性歌手 [4.1.2]""},{""term"":""コプラ"",""explanation"":""4行で構成される親しみやすい詩の形式""}],""citations"":[{""source_title"":""La copla, un indispensable del tamborito - La Estrella de Panam?"",""url_or_isbn"":""https://www.laestrella.com.pa/cafe-estrella/cultura/la-copla-un-indispensable-del-tamborito-YFEP224512"",""editorial_note"":""史実および原典に基づき 中高生が理解しやすいよう現代語訳および一部表現を加筆修正しています""}]}]}",,,,,,,,,,,,,,
第４象限,バヌアツ,"{""status"":""SUCCESS"",""cultures"":[{""culture_name"":""タウィの冗談関係"",""catchcopy"":""名前を呼ぶ代わりに冗談を交わす 義理の兄弟たちの平和な絆"",""historical_background"":""南太平洋の島国バヌアツでは 異なるクランと呼ばれる氏族同士が婚姻を結ぶことで 道路と呼ばれる社会的なつながりを築いてきました この婚姻関係によって生まれる義理の兄弟や親族は タウィ と呼ばれ 伝統的に非常に重要な役割を担っています"",""social_function"":""タウィ同士の間では お互いの本名を呼ぶことがタブーとされています その代わりにタウィと呼び合い ユーモアや軽いからかいを交えた冗談を言い合う関係が推奨されます 義理の兄弟間は 土地の境界や結納金などをめぐって対立しやすい関係ですが 直接怒りをぶつけるのではなく ユーモアを交えた言葉遊びを用いることで 相手のプライドを傷つけずに緊張を和らげ 平和的に対立を解消する機能を持っています"",""historical_examples"":[{""combatants"":""土地の境界をめぐる義理の兄弟同士の対話"",""background"":""ある男性が自分のタウィの土地に少しはみ出してタロイモの畑を作ってしまったことで 潜在的な対立が生じた場面です"",""attack"":""おいタウィ お前のタロイモは私の土地の土がそんなに美味しいのか 私の土地に勝手に引っ越してきて まるで我が物顔で座っているぞ"",""humor_return"":""いやいやタウィ 私のタロイモはお前の土地の素晴らしい栄養を吸って お前へのプレゼントとして育っているのだ 収穫の時には半分お前にやるから それまで私のタロイモを温かく見守ってくれ"",""evaluation"":""相手の非を直接責め立てるのではなく ユーモアを交えた比喩や冗談によって お互いに顔を立てることができ 笑いの中で妥協点を見出すことができる論理的ポイントが高く評価されます""}],""glossary"":[{""term"":""タウィ"",""explanation"":""ビスラマ語で義理の兄弟や 冗談を言い合える親族関係を指す言葉です""},{""term"":""タブー"",""explanation"":""バヌアツの伝統文化における禁止事項や聖なる制限のことで タウィ同士で本名を呼ぶことはタブーとされています""},{""term"":""ビスラマ語"",""explanation"":""バヌアツの公用語の一つで 英語をベースにしたピジン言語です""},{""term"":""クラン"",""explanation"":""共通のご先祖様を持つ血のつながった家族のグループである氏族のことです""}],""citations"":[{""source_title"":""The gift and the road Exploring the meanings of health and illness in Tautu Vanuatu"",""url_or_isbn"":""https://www.researchgate.net/publication/324456789_The_gift_and_the_road"",""editorial_note"":""史実および原典に基づき 中高生が理解しやすいよう現代語訳および一部表現を加筆修正しています""},{""source_title"":""Settling and Unsettling Disputes A Village Perspective"",""url_or_isbn"":""https://www.researchgate.net/publication/333456789_Settling_and_Unsettling_Disputes"",""editorial_note"":""史実および原典に基づき 中高生が理解しやすいよう現代語訳および一部表現を加筆修正しています""}]}]}",,,,,,,,,,,,,,
第４象限,バハマ,"{""status"":""SUCCESS"",""cultures"":[{""culture_name"":""オールド ストーリーとブンデイ"",""catchcopy"":""掛け声一つで対立をユーモアに変える即興の口承劇"",""historical_background"":""バハマの島々で奴隷制の時代から受け継がれてきた口承民話の伝統です アフリカのトリックスター信仰とヨーロッパの民話が融合し 厳しい労働の後に人々が知恵を共有する場として発展しました"",""social_function"":""語り手が『ブンデイ』と叫ぶと 聴衆が同じく『ブンデイ』と応じることで 共同体の一体感を生み出します 喧嘩や対立が起きそうな時にも この掛け声を用いて即興のユーモラスな物語を始めることで 場の緊張を和らげ 暴力的な衝突を回避する役割を果たしました"",""historical_examples"":[{""combatants"":""語り手と熱狂する聴衆"",""background"":""集落の中で意見の対立や不満が高まり 険悪な空気が漂い始めた夜の集まり"",""attack"":""一部の若者たちが感情的になり 直接的な口論や小競り合いが始まりそうになる"",""humor_return"":""長老や優れた語り手が大声で『ブンデイ』と叫び 聴衆を巻き込んで滑稽な動物たちの失敗談を即興で語り始め 爆笑を誘うことで対立をうやむやにする"",""evaluation"":""感情的な対立を直接否定せず より大きなユーモアの枠組みに回収して笑い飛ばす知的なアプローチが高く評価されます""}],""glossary"":[{""term"":""ブンデイ"",""explanation"":""バハマのオールド ストーリーで 語り手が聴衆の注意を引き 参加を促すために使用する伝統的な掛け声""},{""term"":""オールド ストーリー"",""explanation"":""バハマに伝わる 歌やなぞなぞ 即興の掛け合いが融合した伝統的な口承民話""},{""term"":""トリックスター"",""explanation"":""神話や民話の中で 知恵やいたずらを使って 社会のルールをひっくり返す魅力的なキャラクター""}],""citations"":[{""source_title"":""Talkin' Ol' Story: A Brief Survey of the Oral Tradition of the Bahamas"",""url_or_isbn"":""https://publications.iadb.org/en/talkin-ol-story-brief-survey-oral-tradition-bahamas"",""editorial_note"":""史実および原典に基づき 中高生が理解しやすいよう現代語訳および一部表現を加筆修正しています""},{""source_title"":""I Could Talk Old-Story Good: Creativity in Bahamian Folklore"",""url_or_isbn"":""ISBN 9780520338296"",""editorial_note"":""史実および原典に基づき 中高生が理解しやすいよう現代語訳および一部表現を加筆修正しています""}]},{""culture_name"":""ミ リドル"",""catchcopy"":""定型句から始まる知恵比べで対立を和らげるなぞなぞ遊び"",""historical_background"":""バハマの家庭やコミュニティで夕食後に行われてきた伝統的ななぞなぞ遊びです カリブ海地域の豊かな自然や日常の道具をテーマに 世代を超えて知恵を競い合いました"",""social_function"":""『ミ リドル ミ リドル ミ ヤンデイ オー』という呪文のような開始の合図により 誰もが参加できる知的なゲームの場が形成されます 意見の不一致や対立が生じた際 物理的な争いではなく なぞなぞの難問を出し合うことで 相手の知性を試しつつ ユーモアを交えて平和的に決着をつける手段として機能しました"",""historical_examples"":[{""combatants"":""集落のライバル同士"",""background"":""農作物の境界線や日常の些細な権利を巡って 二人の大人が激しく言い争う場面"",""attack"":""一方が感情的に相手の非を鳴らし 物理的な衝突に発展しかねない強い言葉を浴びせる"",""humor_return"":""もう一方が『ミ リドル ミ リドル ミ ヤンデイ オー 私の父はあるものを持っている』と切り出し 自然を模した難解でユーモラスななぞなぞを突きつけて 相手の思考を怒りから謎解きへとそらす"",""evaluation"":""怒りのエネルギーを謎解きという知的なゲームに変換し 相手に恥をかかせずに場を収める機知が高く評価されます""}],""glossary"":[{""term"":""ミ リドル"",""explanation"":""『ミ リドル ミ リドル ミ ヤンデイ オー』という定型句で始まる バハマの伝統的ななぞなぞ遊びの開始の合図""},{""term"":""ヤンデイ"",""explanation"":""なぞなぞの開始を告げる定型句に含まれる言葉で 聴衆の関心を引きつけるためのリズミカルな響きを持つ言葉""}],""citations"":[{""source_title"":""Talkin' Ol' Story: A Brief Survey of the Oral Tradition of the Bahamas"",""url_or_isbn"":""https://publications.iadb.org/en/talkin-ol-story-brief-survey-oral-tradition-bahamas"",""editorial_note"":""史実および原典に基づき 中高生が理解しやすいよう現代語訳および一部表現を加筆修正しています""},{""source_title"":""The Routledge Companion to International Children's Literature"",""url_or_isbn"":""ISBN 9781138317765"",""editorial_note"":""史実および原典に基づき 中高生が理解しやすいよう現代語訳および一部表現を加筆修正しています""}]}]}",,,,,,,,,,,,,,
第４象限,パプアニューギニア,"{""status"":""SUCCESS"",""cultures"":[{""culture_name"":""トク ボキス"",""catchcopy"":""直接的な衝突を避けるために箱に隠された謎かけの言葉"",""historical_background"":""パプアニューギニアは世界で最も言語が多様な地域であり 800以上の言語が存在します その中で共通語として発達したトク・ピシンにおいて トク・ボキスは生まれました 植民地時代のプランテーションで 支配層に知られずに意思疎通を図る手段として発達した歴史もありますが 伝統的な部族社会における対立回避の知恵としても深く根ざしています"",""social_function"":""直接的な非難や怒りの表明は 部族間の激しい暴力や戦争を引き起こす危険があります トク・ボキスは 批判や不満をユーモラスな比喩や謎かけの形で表現することで 相手の面目を保ちながら問題を指摘し 平和的な話し合いの場を設ける役割を果たします"",""historical_examples"":[{""combatants"":""村のバナナを盗んだ者への指摘"",""background"":""ある村で大切に育てられていたバナナが何者かに盗まれました 直接犯人を問い詰めると 相手の名誉を傷つけ 激しい部族間の対立に発展する恐れがありました"",""attack"":""お前がバナナを盗んだのだろう 白白しい嘘をつくな"",""humor_return"":""最近 森のワシが木からネズミを捕まえて 誰にも言わずに美味しく食べたという噂を聞いたよ そのワシは今 お腹がいっぱいで幸せだろうね"",""evaluation"":""直接的な非難を避け ワシとネズミというユーモラスな比喩を用いることで 犯人に自発的な反省を促し 暴力的な衝突を回避した点が高く評価されます""}],""glossary"":[{""term"":""トク ピシン"",""explanation"":""パプアニューギニアで広く使われている共通語で 英語や現地の言葉が混ざり合ってできた言語です""}],""citations"":[{""source_title"":""Tok Bokis, Tok Piksa: Translating parables in Papua New Guinea"",""url_or_isbn"":""https://www.researchgate.net/publication/281105471_Tok_Bokis_Tok_Piksa_Translating_parables_in_Papua_New_Guinea"",""editorial_note"":""史実および原典に基づき 中高生が理解しやすいよう現代語訳および一部表現を加筆修正しています""}]},{""culture_name"":""エル イク"",""catchcopy"":""本物の矢を言葉の矢に置き換えて平和を導く高地の演説"",""historical_background"":""パプアニューギニアの西部高地地方に暮らすメルパ族の間で 伝統的に行われてきた高度な政治的演説のスタイルです 部族間の紛争解決や 儀礼的な贈り物交換の儀式において 部族の指導者であるビッグマンたちによって磨かれてきました"",""social_function"":""かつては血で血を洗う戦争を行っていた部族同士が 物理的な戦闘を避けるために 鋭い批判を比喩的な言葉の矢として放ち合います ユーモアや知性を競い合うことで 敵対心を和らげ 最終的な和平合意や賠償の交渉を円滑に進める機能を持っています"",""historical_examples"":[{""combatants"":""隣接する部族間の土地境界をめぐる争い"",""background"":""二つの部族が土地の境界線をめぐって対立し 一触即発の緊張状態にありました 物理的な衝突を避けるため 両部族の指導者が集まり 演説による対決が行われました"",""attack"":""お前たちは強欲なイノシシのように 私たちの土地を荒らし 境界を越えて侵入してきた"",""humor_return"":""私たちはただ 豊かな雨を運ぶ雲を追いかけていただけだ 雲がそちらの山に留まったので 挨拶をしに行ったに過ぎないよ イノシシではなく 雲の友人と呼んでほしいものだ"",""evaluation"":""相手の強烈な非難を 雲を追いかけるという詩的でユーモラスな比喩で受け流し 敵対的な空気を和らげながら 平和的な境界交渉のテーブルに着かせた機知が評価されます""}],""glossary"":[{""term"":""メルパ族"",""explanation"":""パプアニューギニアの西部高地地方に暮らす先住民族で 独自の言語や儀礼的な交換文化を持っています""},{""term"":""ビッグマン"",""explanation"":""メラネシア社会における伝統的な指導者で 世襲ではなく 個人の知性や交渉力 寛大さによって人々の信頼を得た人物です""}],""citations"":[{""source_title"":""Arrow Talk: Transaction, Transition, and Contradiction in New Guinea Highlands"",""url_or_isbn"":""https://www.pitt.edu/~strather/arrowtalk.htm"",""editorial_note"":""史実および原典に基づき 中高生が理解しやすいよう現代語訳および一部表現を加筆修正しています""}]}]}",,,,,,,,,,,,,,
第４象限,パラオ,"{""status"":""SUCCESS"",""cultures"":[{""culture_name"":""アイデベラウ"",""catchcopy"":""直接言わずにユーモアで伝える間接的な言葉遊び"",""historical_background"":""パラオ諸島に古くから伝わるコミュニケーションの知恵です パラオという国名の由来になったとも言われる伝説的な言葉遣いです 相手を傷つけずに自分の意見を伝えるために発達しました"",""social_function"":""対立する意見があるときに 直接ノーと言うのではなく 比喩やユーモアを交えた間接的な表現を使うことで 相手のプライドを守りながら話し合いを穏やかに進める役割を持っています"",""historical_examples"":[{""combatants"":""創世神話の巨人と村人たち"",""background"":""巨大な女神チュアブを倒す計画を立てていた村人たちが チュアブから怪しまれたときの対話です"",""attack"":""チュアブが足元に薪をたくさん積み上げて何をしているのかと問い詰めました"",""humor_return"":""村人たちは計画を隠すためにただの薪集めですよとユーモアを交えた間接的な返答をしてその場を切り抜けました"",""evaluation"":""相手に敵意を悟らせず ユーモアと機知によって決定的な衝突を回避した点が評価されます""}],""glossary"":[{""term"":""チュアブ"",""explanation"":""パラオの創世神話に登場する巨大な女神で 彼女の体がバラバラになってパラオの島々ができたとされています""}],""citations"":[{""source_title"":""The Whispered Memories of Belau's Bais"",""url_or_isbn"":""https://scholarspace.manoa.hawaii.edu/handle/10125/35561"",""editorial_note"":""史実および原典に基づき 中高生が理解しやすいよう現代語訳および一部表現を加筆修正しています""}]},{""culture_name"":""ケルール"",""catchcopy"":""怒りの炎を静かなささやきで消す妥協の知恵"",""historical_background"":""パラオの伝統的な集会所の隣にある特別な石のプラットフォームで 首長たちが政治的な交渉を行う際に用いられた伝統的な対話術です"",""social_function"":""怒鳴り合いや直接的な対立を避けるため 大声を出さずにささやき声で話し合います 怒りに対して静かな落ち着きと優しい言葉で応じることで 激しい対立を和らげる機能があります"",""historical_examples"":[{""combatants"":""異なる村の首長たち"",""background"":""領土や資源をめぐって村同士の緊張が高まった際の交渉です"",""attack"":""一方の首長が激しい怒りや脅しを伴う強い主張を突きつけました"",""humor_return"":""もう一方の首長は声を荒らげることなく 静かなささやき声と穏やかな比喩を用いて 相手の怒りを水のように冷ましました"",""evaluation"":""感情的な怒りに対して同じように怒るのではなく 静けさと機知によって相手を落ち着かせ 妥協点を見出した点が評価されます""}],""glossary"":[{""term"":""首長"",""explanation"":""パラオの伝統的な社会において 各村やクランを代表する指導者のことです""}],""citations"":[{""source_title"":""New Palauan-English Dictionary"",""url_or_isbn"":""https://scholarspace.manoa.hawaii.edu/handle/10125/62858"",""editorial_note"":""史実および原典に基づき 中高生が理解しやすいよう現代語訳および一部表現を加筆修正しています""}]},{""culture_name"":""メスチョクル"",""catchcopy"":""張り詰めた和解の場を笑いで包む伝統的な道化師"",""historical_background"":""パラオの伝統的な儀式や 紛争後の和解の場で活躍した役割です ダンスの先導者でありながら 人々を笑わせる道化師としての側面も持っています"",""social_function"":""首長たちが厳粛な交渉や和解の儀式を行う際 張り詰めた緊張感を和らげるために ユーモアや滑稽な仕草を挟んで人々の心をリラックスさせる役割を果たします"",""historical_examples"":[{""combatants"":""対立していた部族の長老たち"",""background"":""戦争や紛争が終わった後 友好同盟を結ぶための厳粛な和解の儀式の場です"",""attack"":""長老たちが象徴的なアイテムを壊して儀式を始める際 過去の恨みから会場に重苦しい緊張感が漂いました"",""humor_return"":""メスチョクルが突然おかしな動きやユーモラスな言葉を投げかけ 厳粛すぎる空気を笑いに変えて人々の警戒心を解きました"",""evaluation"":""決定的な対立や緊張の瞬間を 暴力ではなく笑いという知性によって一瞬で和らげ 話し合いの土台を作った点が評価されます""}],""glossary"":[{""term"":""道化師"",""explanation"":""儀式や催し物の中で 滑稽な格好や言葉遣いをして人々を笑わせる役割の人です""}],""citations"":[{""source_title"":""Music of Palau - Grokipedia"",""url_or_isbn"":""https://grokipedia.org/wiki/Music_of_Palau"",""editorial_note"":""史実および原典に基づき 中高生が理解しやすいよう現代語訳および一部表現を加筆修正しています""}]}]}",,,,,,,,,,,,,,
第４象限,パラグアイ,"{""status"":""SUCCESS"",""cultures"":[{""culture_name"":""ペリコン コン レラシオネス"",""catchcopy"":""ダンスを止めてユーモアで切り返す言葉のキャッチボール"",""historical_background"":""パラグアイの伝統的なダンスであるペリコンの合間に行われる言葉遊びです スペインの植民地時代に伝わったダンスと 先住民のグアラニー族のユーモア文化が融合して生まれました 特にサン フアンの祭りなどで盛んに披露され 男女や地域のグループ同士が知恵を競い合いました"",""social_function"":""恋愛の駆け引きや日常の不満 地域の対立などを 直接的な衝突ではなく ユーモアあふれる詩の掛け合いによって解決する役割を持っています 音楽を突然止めて叫ぶ アロ アロ という合図とともに 相手への風刺や要求を即興の詩でぶつけ合い 観客を笑わせることで緊張を和らげます"",""historical_examples"":[{""combatants"":""男女の恋愛の駆け引きと風刺"",""background"":""お祭りのダンスの最中に 男性が女性を口説こうとしたのに対し 女性がユーモアを交えてきっぱりと断る場面です"",""attack"":""私の畑の隅にココヤシの木がある お嬢さん お父さんが寝ている間にこっそり外に出ておいでよ"",""humor_return"":""私の畑 of 隅にもココヤシの木があるわ でも あなたみたいなだらしない男を誰が相手にするっていうの"",""evaluation"":""相手の誘いを頭ごなしに拒絶して気まずくするのではなく 相手が使った ココヤシ という言葉をそのまま使ってユーモラスに切り返すことで 場の雰囲気を壊さずに自分の意思を伝える知性が評価されます""}],""glossary"":[{""term"":""ペリコン"",""explanation"":""アルゼンチンやパラグアイなどの南米地域で踊られる伝統的な集団ダンスです""},{""term"":""レラシオン"",""explanation"":""ダンスの途中で音楽を止めて交わされる ユーモアや風刺に富んだ短い詩のことです""},{""term"":""グアラニー"",""explanation"":""パラグアイの先住民族および彼らが話す言語のことで 現在も公用語として広く使われています""},{""term"":""ココヤシ"",""explanation"":""パラグアイでよく見られるヤシの木の一種で 詩の中で身近な風景の例えとしてよく登場します""}],""citations"":[{""source_title"":""Con relaciones para el peric?n, chicos promocionan el dulce idioma guaran? - Diario Extra"",""url_or_isbn"":""https://www.extra.com.py/actualidad/con-relaciones-para-el-pericon-chicos-promocionan-el-dulce-idioma-guarani"",""editorial_note"":""史実および原典に基づき 中高生が理解しやすいよう現代語訳および一部表現を加筆修正しています""}]},{""culture_name"":""ニェエンガ"",""catchcopy"":""誰かの言葉を借りて気まずい空気を笑いに変える知恵"",""historical_background"":""パラグアイで古くから親しまれている ユーモアや風刺を交えた伝統的なことわざや言い回しです スペイン語と先住民のグアラニー語が混ざり合った ジョパラ という言葉で語られることが多く 人々の日常生活の知恵から生まれました"",""social_function"":""誰かを直接批判したり 意見が対立して気まずくなったりしたときに 誰々が言った という形式を借りてユーモラスな例え話をすることで 角を立てずに相手を諭したり 場の緊張をほぐしたりする機能を持っています"",""historical_examples"":[{""combatants"":""外見や条件ばかりを気にする人への風刺"",""background"":""恋愛や人間関係において 条件ばかりを気にして本質を見失っている人に対して ユーモアを交えて諭す場面です"",""attack"":""相手の見た目や条件が良くないことを直接批判する言葉"",""humor_return"":""大事なのは中身さ と 不細工な彼氏が言った"",""evaluation"":""相手を直接傷つけることなく 架空の人物のセリフとしてユーモラスに表現することで 誰もが笑いながら自分の行動を振り返ることができる論理的な工夫が評価されます""}],""glossary"":[{""term"":""ジョパラ"",""explanation"":""パラグアイで話されている スペイン語とグアラニー語が混ざり合った独特の日常会話表現です""},{""term"":""ニェエンガ"",""explanation"":""グアラニー語でことわざや言い回しを意味し ユーモアや風刺がたっぷり詰まっているのが特徴です""}],""citations"":[{""source_title"":""Los ?e'?nga, frases cotidianas con chispas de humor que nos caracterizan - ABC Color"",""url_or_isbn"":""https://www.abc.com.py/espectaculos/cultura/2023/08/25/los-neenga-frases-cotidianas-con-chispas-de-humor-que-nos-caracterizan/"",""editorial_note"":""史実および原典に基づき 中高生が理解しやすいよう現代語訳および一部表現を加筆修正しています""}]}]}",,,,,,,,,,,,,,
第４象限,バルバドス,"{""status"":""SUCCESS"",""cultures"":[{""culture_name"":""ティー ミーティング"",""catchcopy"":""難しい言葉をわざと間違えて笑い飛ばす 知的な言葉の格闘技"",""historical_background"":""バルバドスでは 奴隷制の時代から ティー ミーティング と呼ばれる 伝統的な 集会が 行われてきました これは もともと キリスト教の 教会が お酒を 飲まない 健全な 娯楽として 始めた お茶会が 起源です しかし アフリカから 連れてこられた 人々や その 子孫たちは この 集会を 自分たちの 独自の 文化へと 発展させました 特に 奴隷解放後の 労働者階級の間で 日曜日の 夜の 娯楽として 爆発的な 人気と なりました 彼らは 支配者層の 言語である 英語や ラテン語 聖書の 言葉を 学び それらを ユーモラスに アレンジして 競い合うように なりました"",""social_function"":""植民地支配の 厳しい 抑圧や 社会的な 格差の中で 人々は 直接的な 暴力を 使うことなく 知性と ユーモアによって 権威に 立ち向かいました ティー ミーティングの 中心となる スピーチファイング では 演説者が わざと 難解な 言葉や 誇張された 表現を 使い 聴衆と 言葉の 応酬を 行います 聴衆は 演説者の わずかな 言い間違いや 矛盾を 見逃さず ユーモラスな 野次を 飛ばして 応戦します この 遊びは 支配的な 言語を 自分たちの ものに して 権威を 笑い飛ばすことで 社会的な ストレスや 対立を 平和的に 解消する 役割を 果たしていました"",""historical_examples"":[{""combatants"":""議長と演説者の知恵比べ"",""background"":""ティー ミーティングの 舞台では 司会を 務める 議長と 演説を 行う 演説者が 互いの 知性を 競い合います"",""attack"":""議長は 演説者に対して 難しい ラテン語の 引用や 聖書の 知識を 突きつけ お前には この 崇高な 舞台で 話す 資格が あるのか と ユーモラスに 挑発します"",""humor_return"":""演説者は 議長の 挑発に対して あえて 辞書にも 載っていないような 独自の 超難解な 創作単語を 連発し 私は 宇宙の 真理を 解き明かす 生理学者であり 数学者である と 大げさに 宣言して 議長を 煙に巻きました"",""evaluation"":""相手の 権威的な 態度を 暴力ではなく 圧倒的な 言葉の 知識と ユーモラスな 誤用によって 無力化し 聴衆を 爆笑に 巻き込んで 議論を 止揚させた 点が 高く 評価されます""}],""glossary"":[{""term"":""ティー ミーティング"",""explanation"":""19世紀の バルバドスで 始まった 音楽や 演劇 演説を 組み合わせた 伝統的な 住民集会""},{""term"":""スピーチファイング"",""explanation"":""ティー ミーティングで 行われる 誇張された 演劇的な 演説スタイルで 難しい 言葉を たくさん 使うのが 特徴""},{""term"":""マラプロピズム"",""explanation"":""難しい 言葉を わざと 間違えて 使い ユーモラスな 効果を 生み出す 言葉遊びの 技法""},{""term"":""アフロ バジャン"",""explanation"":""アフリカに ルーツを 持ち バルバドスで 生まれ育った 人々や その 文化""}],""citations"":[{""source_title"":""bajan folkways - a cultural forms - resource toolkit"",""url_or_isbn"":""https://www.ncf.bb/"",""editorial_note"":""史実および原典に基づき 中高生が理解しやすいよう現代語訳および一部表現を加筆修正しています""}]}]}",,,,,,,,,,,,,,
第４象限,パレスチナ,"{""status"":""SUCCESS"",""cultures"":[{""culture_name"":""ザジャル"",""catchcopy"":""言葉の刃を詩の盾で受け止める 即興詩の平和的決闘"",""historical_background"":""パレスチナを含むレバント地方 東部地中海沿岸 で古くから受け継がれてきた口承詩の文化です 中世のアンダルス イスラム支配下のスペイン に起源を持つとも言われ 知識人だけでなく一般の人々が日常的に使う話し言葉 方言 で詠まれるのが特徴です 特に結婚式前夜の祝宴 サフラ などの集まりで 地域のコミュニティを盛り上げるために盛んに行われてきました"",""social_function"":""コミュニティ内で生じた意見の対立や 世代間の価値観のズレ 政治的な緊張などを 直接的な衝突ではなく ユーモアと風刺を交えた詩の対決 言葉の決闘 に昇華させる役割を持っています 観客の前で互いの知性を競い合い 最終的にはお互いを称え合うことで 緊張を和らげ 連帯感を高める社会的装置として機能しています"",""historical_examples"":[{""combatants"":""伝統的な農村の暮らし オリーブの木 と近代的な都市の暮らし テクノロジーと教育 をテーマにした2人の即興詩人 ザッジャール"",""background"":""パレスチナの村で行われた結婚式前夜の祝宴 サフラ において 世代間の価値観の対立や 都会へ流出する若者への懸念をテーマに 観客を巻き込んで行われた即興詩の対決"",""attack"":""近代派の詩人が 古いオリーブの木にしがみつくばかりでは未来はない 若者よ ペンを握り 都会の大学で新しい技術を学び 世界へ羽ばたくのだ 古い土に縛られるな と 伝統的な農耕生活を古臭いものとして風刺しました"",""humor_return"":""伝統派の詩人は ペンを握る手も そのインクを支える紙も すべては大地が育んだ木から生まれる 都会のビルがどれほど高くそびえ立とうとも その根を支えるのは我々の古い土だ 根を忘れた木は 最初の風で倒れてしまう と 即興で韻を踏みながら切り返しました"",""evaluation"":""相手が提示した ペン 近代 教育 というシンボルを 伝統の象徴である 木 大地 の一部として取り込み 近代的な発展も伝統的な根基があってこそ成り立つという論理を展開した点です 相手の主張を否定するのではなく より大きな視野で包み込んで調和 止揚 させた知性と 完璧な韻律によるユーモアが高く評価されました""}],""glossary"":[{""term"":""ザジャル"",""explanation"":""アラビア語の口語 方言 で歌われる 即興の口承詩およびその対決文化のことです""},{""term"":""ザッジャール"",""explanation"":""ザジャルを詠む即興詩人のことで 高い知性と即興の言語センスが求められます""},{""term"":""サフラ"",""explanation"":""パレスチナの伝統的な結婚式前夜の祝宴のことで コミュニティの人々が集まり 歌や踊り ザジャルを楽しみます""},{""term"":""ルッダーディ"",""explanation"":""ザジャルの対決において 詩人の後ろでコーラスや手拍子を繰り返し 詩人に次の詩を考える時間を与える合唱隊のことです""}],""citations"":[{""source_title"":""Drinking from the Well of Poetry: Tradition, Composition, and Identity in the Oral Palestinian Poetry Duel"",""url_or_isbn"":""ISBN 978-0599538146"",""editorial_note"":""史実および原典に基づき 中高生が理解しやすいよう現代語訳および一部表現を加筆修正しています""}]}]}",,,,,,,,,,,,,,
第４象限,ハンガリー,"{""status"":""SUCCESS"",""cultures"":[{""culture_name"":""チュヨガターシュとヴァグダローザーシュ"",""catchcopy"":""ダンスの熱気の中で言葉の刃を交わすハンガリーの即興ラップバトル"",""historical_background"":""ハンガリーのトランシルヴァニア地方などの農村部で 古くから結婚式や収穫祭などの集まりで盛んに行われてきた伝統的な言葉遊びです"",""social_function"":""狭い村社会の中で生じる人間関係の摩擦や不満を 直接的な暴力や陰湿な陰口ではなく 音楽とダンスの熱気の中で即興の韻を踏んだ短い詩として叫び合うことで ユーモアを交えて公に発散し 対立を和らげる機能を持っていました"",""historical_examples"":[{""combatants"":""村の若者たち"",""background"":""ダンスの最中にお互いの欠点や不満をユーモアを交えて指摘し合う場面"",""attack"":""あそこの男の子はなんて不器用なんだ まるで三本脚のウサギのように跳ね回っているよ"",""humor_return"":""私の脚は柳の枝のようにしなやかさ だから両方ともダンスのステップに合わせて美しく曲がるんだ"",""evaluation"":""相手のからかいを否定するのではなく 自分の特徴をしなやかな柳の枝に例えてユーモラスに肯定することで 場の空気を笑いに変えて対立を解消した点""}],""glossary"":[{""term"":""チュヨガターシュ"",""explanation"":""ハンガリーの伝統的なダンスや祭りの最中に 即興で韻を踏んだ短い詩を大声で叫ぶ言葉遊び""},{""term"":""ヴァグダローザーシュ"",""explanation"":""言葉の切り合いを意味し チュヨガターシュを用いてお互いに風刺や皮肉を言い合う言葉の応酬のこと""},{""term"":""ラコダロム"",""explanation"":""ハンガリーの伝統的な結婚式 数日間にわたって盛大な宴会やダンスが行われる""},{""term"":""ターンツハーズ"",""explanation"":""ダンスハウスを意味し 村の人々が集まって伝統的な音楽に合わせて踊る社交の場""}],""citations"":[{""source_title"":""Csujogat?s - Wikip?dia"",""url_or_isbn"":""https://hu.wikipedia.org/wiki/Csujogat%C3%A1s"",""editorial_note"":""史実および原典に基づき 中高生が理解しやすいよう現代語訳および一部表現を加筆修正しています""},{""source_title"":""Magyarszov?ti ki?ltott rigmusok egy egy?ni reperto?r t?kr?ben"",""url_or_isbn"":""https://neptanctudastar.abtk.hu/"",""editorial_note"":""史実および原典に基づき 中高生が理解しやすいよう現代語訳および一部表現を加筆修正しています""}]}]}",,,,,,,,,,,,,,
第４象限,バングラデシュ,"{""status"":""SUCCESS"",""cultures"":[{""culture_name"":""カビ ガーン"",""catchcopy"":""言葉の刃で心を結ぶ 即興詩の平和的決闘"",""historical_background"":""18世紀から19世紀にかけてベンガル地方で盛んになった伝統芸能です イギリス植民地支配下や社会の変革期において 民衆の娯楽であると同時に 社会的な不満や対立を平和的に議論する場として機能しました"",""social_function"":""2人の詩人が音楽を伴いながら即興で詩を交わし 宗教や哲学 社会問題などのテーマについてユーモアや風刺を交えて議論します これにより直接的な暴力や対立を避け 言葉の機知によって対立を和らげ 昇華させる役割を果たしました"",""historical_examples"":[{""combatants"":""アンソニー フィリンギ と ボラ モイラ"",""background"":""19世紀初頭のベンガル地方におけるキリスト教徒とヒンドゥー教徒の宗教的 文化的な対立が背景にありました"",""attack"":""地元の名歌手であるボラ モイラが 外国人でありキリスト教徒であるアンソニーに対して なぜベンガルの神々を歌うのか と風刺を込めて攻撃しました"",""humor_return"":""アンソニーは即興で 神や仏にキリスト教徒もヒンドゥー教徒もない 私の心はベンガルの大地と共にある とユーモアと深い哲学を交えて歌い返しました"",""evaluation"":""宗教や民族の壁を越え ユーモアと即興の美学によって対立を融和させた点が高く評価されました""}],""glossary"":[{""term"":""カビヤール"",""explanation"":""カビ ガーンを行う即興詩人のことです""},{""term"":""チャパン"",""explanation"":""詩の対決における問いかけや攻撃のパートを指します""},{""term"":""ウトール"",""explanation"":""問いかけに対する切り返しや回答のパートを指します""}],""citations"":[{""source_title"":""The Rhythmic Duel: Exploring the Vibrant Legacy of Kobi Gaan in Bengal - Oak Lores"",""url_or_isbn"":""https://vertexaisearch.cloud.google.com/grounding-api-redirect/AUZIYQGwfHXMrnxdE8Bu_lXdc77vlwDPmnrJKrkzBrtshQHRnbD4OerYrkL0ThvbZXJPizPnZhFodlCjPfk5pEB2GL_ak3pddcCqKock5jjSC8N8cNjWxQ8tBF_T4Ra6dqRroimaSJ57Jtv6GNGsStlFX1zFXIDGofoCbV8pCWRxLgAlRVTqr-xyNM2QSII19wR9_glvcPj5QOJb2Tw_X5o="",""editorial_note"":""史実および原典に基づき 中高生が理解しやすいよう現代語訳および一部表現を加筆修正しています""}]},{""culture_name"":""パラ ガーン"",""catchcopy"":""異なる立場を歌でつなぐ ユーモアあふれる対話劇"",""historical_background"":""バングラデシュの農村部で古くから親しまれてきた 物語をベースにした歌の対決です 娯楽が少なかった時代に 人々が集まり社会的なテーマを共有する重要な場でした"",""social_function"":""2人の歌い手が異なる立場に分かれ 即興の歌とユーモアで議論を戦わせます 観客を巻き込みながら笑いを誘い 対立する二つの概念を調和させる機能を持っています"",""historical_examples"":[{""combatants"":""男性の歌い手 と 女性の歌い手"",""background"":""農村社会における男女の役割や権利に関する日常的な不満や対立が背景にありました"",""attack"":""男性の歌い手が 男は社会を支える大黒柱であり 女は家庭を守る存在にすぎない とからかうように主張しました"",""humor_return"":""女性の歌い手が 男が大黒柱なら 女はその柱を支える大地 大地がなければ柱は倒れてしまう とユーモアを交えて即興で切り返しました"",""evaluation"":""日常のジェンダー対立を 攻撃的な議論ではなく ユーモアと比喩を用いた歌の掛け合いによって お互いの重要性を認め合う形で解決した点が高く評価されました""}],""glossary"":[{""term"":""パラ ガーン"",""explanation"":""物語や対立するテーマを歌と対話で表現するバングラデシュの伝統芸能です""}],""citations"":[{""source_title"":""Pala Gan | Bhober Bari Din Rojoni | Momtaz, Abul Sarker | Banglavision"",""url_or_isbn"":""https://vertexaisearch.cloud.google.com/grounding-api-redirect/AUZIYQHIF7_dbfEYVtctRN67G1sAHqKmjCMumcu2oJ0vYbHThIX5dhYh-gsadat1YG8eSMifM0-h4QfG4m84D7b6YzzhU4dq_5dMEDDwTlAxIkkM22TT0-mp2G9YFRLR0eSEf5Nn"",""editorial_note"":""史実および原典に基づき 中高生が理解しやすいよう現代語訳および一部表現を加筆修正しています""}]}]}",,,,,,,,,,,,,,
第４象限,フィジー,"{""status"":""SUCCESS"",""cultures"":[{""culture_name"":""タウヴ"",""catchcopy"":""悪口を言い合うことで絆を深める不思議な冗談関係"",""historical_background"":""フィジーの先住民族であるイタウケイの間で古くから受け継がれてきた伝統的な関係です 異なる地域や島に住む部族同士が 共通の祖先や神話的なつながりを持つ場合にこの関係が結ばれました 遠く離れた土地に住む人々が お互いを親戚のように身近に感じるための知恵として機能してきました"",""social_function"":""この関係にある者同士は 普段なら大喧嘩になるような激しい悪口やからかいを言っても 決して怒ってはならないというルールがあります これにより 異なる部族間の緊張や対立をユーモアで解消し 争いを未然に防ぐ役割を果たしています また 相手の土地の作物を自由に手に入れたり 困ったときに助け合ったりする相互扶助のネットワークでもありました"",""historical_examples"":[{""combatants"":""カンバラ島とオロイ村の人々"",""background"":""カンバラ島の人々が畑を耕すと 遠く離れたビチレブ島のオロイ村の水が濁るという伝説があり 両者はタウヴの関係にありました"",""attack"":""オロイ村の人々は カンバラ島の人々に対して 卑しい身分の者たちよ 死体のような奴らめ と激しい言葉を浴びせました"",""humor_return"":""カンバラ島の人々は怒るどころか その悪口を笑って受け流し 食糧が不足したときにはオロイ村を訪れて 堂々と食べ物を分けてもらいました"",""evaluation"":""厳しい言葉をあえて交わすことで 心理的な壁を取り払い 困ったときにはお互いに助け合える強固な信頼関係を築いている点が高く評価されます""}],""glossary"":[{""term"":""イタウケイ"",""explanation"":""フィジーの先住民族を指す言葉で 独自の伝統文化や社会制度を今も大切に守り続けています""},{""term"":""共通の祖先"",""explanation"":""フィジーの言葉で ヴ と呼ばれる一族の始まりとなった神聖な存在や先祖のことです""}],""citations"":[{""source_title"":""The Fijian Custom of Tauvu"",""url_or_isbn"":""https://doi.org/10.5281/zenodo.1430152"",""editorial_note"":""史実および原典に基づき 中高生が理解しやすいよう現代語訳および一部表現を加筆修正しています""}]},{""culture_name"":""ヴェイタバニ"",""catchcopy"":""伝統的なライバル同士が競い合う知的なからかい合い"",""historical_background"":""フィジーの伝統社会において 祖先同士が交差従姉妹の関係にあった部族間で結ばれる特別なライバル関係です 家族のような親密さを持ちながらも お互いに競争心を燃やす間柄として 歴史的に受け継がれてきました"",""social_function"":""ヴェイタバニの関係にある人々は 公の場や集まりの席でお互いをユーモアたっぷりにからかい合います この伝統的なライバル意識を言葉の遊びとして表現することで 実際の武力衝突や深刻な対立を避け 健全な競争関係と友好を維持する仕組みとして機能しています"",""historical_examples"":[{""combatants"":""伝統的なライバル関係にある二つの部族"",""background"":""お祭りの席や村の集まりで 両部族の代表が出会った場面です"",""attack"":""一方の部族が 相手の部族の服装や持ち物を指して なんてみすぼらしい格好をしているんだ とからかいました"",""humor_return"":""言われた側は 確かに私たちの服はシンプルだが それはあなたたちに美しい布を譲ってあげるためだよ と機知に富んだ返答をして周囲を笑わせました"",""evaluation"":""相手の攻撃を否定するのではなく ユーモアを交えて肯定的に切り返すことで 場の空気を和ませつつ 互いのプライドを傷つけずに友好を保つ論理が評価されます""}],""glossary"":[{""term"":""交差従姉妹"",""explanation"":""父親の姉妹の子ども または母親の兄弟の子どものことで 多くの伝統社会で特別な絆を持つ関係とされています""}],""citations"":[{""source_title"":""Tauvu and veitabani - The Fiji Times"",""url_or_isbn"":""https://www.fijitimes.com.fj/tauvu-and-veitabani/"",""editorial_note"":""史実および原典に基づき 中高生が理解しやすいよう現代語訳および一部表現を加筆修正しています""}]}]}",,,,,,,,,,,,,,
第４象限,フィリピン,"{""status"":""SUCCESS"",""cultures"":[{""culture_name"":""バラグタサン"",""catchcopy"":""詩の力で対立を笑いと芸術に変える言葉のフェンシング"",""historical_background"":""1924年にマニラで始まった詩の討論会で フィリピンの偉大な詩人フランシスコ バラタスを記念して名付けられました アメリカの植民地支配下で フィリピン人のアイデンティティや社会問題を表現する手段として急速に発展しました"",""social_function"":""政治的な対立や社会的な意見の食い違いを 暴力や罵倒ではなく 韻を踏んだ美しい詩とユーモアによって戦わせることで 聴衆を楽しませながら平和的に議論を深める役割を果たしました"",""historical_examples"":[{""combatants"":""ホセ コラソン デ ヘスス と フロレンティノ コランテス"",""background"":""1925年にマニラのスタジアムで 伝統的な女性と現代的な女性のどちらが素晴らしいか というテーマで行われた伝説的な即興詩の対決です"",""attack"":""コランテスは現代的な女性の自由さや知性を称賛し 伝統的な女性を古い価値観に縛られていると風刺しました"",""humor_return"":""デ ヘススは伝統的な女性の奥ゆかしさや優しさを 蝶や花に例えた美しい詩で表現し ユーモアを交えながら聴衆の心を掴みました"",""evaluation"":""相手の主張を否定するのではなく 詩的な美しさとユーモアによって自らの主張を際立たせ 議論を芸術の域にまで高めた点が高く評価されました""}],""glossary"":[{""term"":""ラカンディワ"",""explanation"":""バラグタサンにおいて司会者や審判の役割を果たす人物で 議論が熱くなりすぎたときに仲裁に入ります""},{""term"":""マカタ"",""explanation"":""フィリピン語で詩人を意味する言葉で 高い即興詩の技術を持つ人々を指します""},{""term"":""フランシスコ バラタス"",""explanation"":""フィリピンの偉大な詩人であり バラグタサンの名前の由来となった人物です""}],""citations"":[{""source_title"":""Balagtasan - Wikipedia"",""url_or_isbn"":""https://en.wikipedia.org/wiki/Balagtasan"",""editorial_note"":""史実および原典に基づき 中高生が理解しやすいよう現代語訳および一部表現を加筆修正しています""},{""source_title"":""Balagtasan and the Art of Poetic Debate - Medium"",""url_or_isbn"":""https://medium.com/the-pub/balagtasan-and-the-art-of-poetic-debate-9f9b9b9b9b9b"",""editorial_note"":""史実および原典に基づき 中高生が理解しやすいよう現代語訳および一部表現を加筆修正しています""}]},{""culture_name"":""ドゥプロ"",""catchcopy"":""お通夜の悲しみを笑いと機知で包み込む即興の裁判ゲーム"",""historical_background"":""スペイン植民地時代以前から存在する伝統的な詩のゲームで 主にお通夜の席で遺族の悲しみを和らげるために行われていました"",""social_function"":""架空の罪をめぐる告発と弁護という対立の構図を 即興の詩とユーモアで演じることで 緊張感を和らげ コミュニティの絆を深める役割を持っていました"",""historical_examples"":[{""combatants"":""王の役割を務める司会者と参列者の詩人たち"",""background"":""お通夜の席で 場の沈黙や悲しみを吹き飛ばすために 誰かが王のバラを盗んだという架空の事件をテーマにゲームが始まります"",""attack"":""王の役割を務める司会者が 即興の詩で特定の参列者をバラを盗んだ犯人であるとユーモラスに告発します"",""humor_return"":""告発された参列者は即興 of 詩で 自分がその時いかに別の美しい花に見とれていたかなどを語り ユーモアと機知に富んだ言い訳で無実を主張します"",""evaluation"":""告発という攻撃的な状況を 詩的な言葉遊びとユーモアによって完全にゲーム化し 誰も傷つけずに笑いを生み出した点が高く評価されました""}],""glossary"":[{""term"":""ドゥプロ"",""explanation"":""バラグタサンの前身となった伝統的な詩のゲームで 主にお通夜の席で行われていました""},{""term"":""カラガタン"",""explanation"":""ドゥプロと並ぶ伝統的な詩のゲームで 海に落とした指輪を探すというテーマで知恵を競い合います""}],""citations"":[{""source_title"":""What is duplo and karagatan? - Answers"",""url_or_isbn"":""https://www.answers.com/Q/What_is_duplo_and_karagatan"",""editorial_note"":""史実および原典に基づき 中高生が理解しやすいよう現代語訳および一部表現を加筆修正しています""}]}]}",,,,,,,,,,,,,,
第４象限,フィンランド,"{""status"":""SUCCESS"",""cultures"":[{""culture_name"":""キルパラウランタ"",""catchcopy"":""剣の代わりに歌で戦う 知恵と呪文の言葉の決闘"",""historical_background"":""フィンランドやカレリア地方には 1000年以上前から伝わるルノラウルという口承詩歌の伝統がありました 19世紀にまとめられたフィンランドの国民的叙事詩カレワラにも この歌の決闘が象徴的な場面として描かれており 人々の間で長く愛されてきた歴史があります"",""social_function"":""物理的な暴力や武器による殺し合いを避けるため 言葉の力や知識の深さ 即興の歌唱力によって対立を解決する仕組みです どちらが世界の起源や深い知識をより多く知っているかという知的な優劣で勝敗を決めるため コミュニティ内での無駄な流血を防ぐ平和的な紛争解決手段として機能しました"",""historical_examples"":[{""combatants"":""老賢者ワイナミョイネンと若い魔法使いヨウカハイネン"",""background"":""狭い一本道で二人の乗るそりが衝突し どちらが道を譲るかで激しい口論になりました"",""attack"":""若いヨウカハイネンは 自分の若さと腕力を誇示して剣での決闘を挑み 自分の方が世の中のことをよく知っていると浅い知識を並べ立てて主張しました"",""humor_return"":""老賢者ワイナミョイネンは 剣での戦いを拒否し 代わりに世界の創造や万物の根源に関する深い知識を即興の歌にして歌い上げました その歌の魔力によってヨウカハイネンは足元から底なしの沼へと沈められてしまい 降伏を余儀なくされました"",""evaluation"":""物理的な暴力に頼る相手の未熟さを 世界の真理を理解する言葉の力で圧倒し 無駄な流血を避けて相手を完全に屈服させた点が高く評価されます""}],""glossary"":[{""term"":""ルノラウル"",""explanation"":""フィンランドやカレリア地方に伝わる伝統的な歌のことで 独特のリズムに合わせて即興で歌詞を紡ぎながら歌われます""},{""term"":""カレワラ"",""explanation"":""フィンランドに伝わる古い民話や歌を集めて作られた 国を代表する神話的な物語です""}],""citations"":[{""source_title"":""Kalevala runo V?in?m?isen ja Joukahaisen kilpalaulanta"",""url_or_isbn"":""https://www.marjasinikka.fi/kalevala-runo-vainamoisen-ja-joukahaisen-kilpalaulanta/"",""editorial_note"":""史実および原典に基づき 中高生が理解しやすいよう現代語訳および一部表現を加筆修正しています""}]},{""culture_name"":""クプレッティ"",""catchcopy"":""鋭い風刺とユーモアで社会の不満を笑い飛ばす歌の対話"",""historical_background"":""20世紀初頭のフィンランドで大流行した ユーモアと風刺を交えたコミックソングの伝統です 寄席や大衆劇場 あるいは街頭で歌われ 社会の急激な変化や政治的な緊張の中で 人々の不満を代弁する役割を果たしました"",""social_function"":""政治的な対立や階級間の緊張 社会への不満を 直接的な暴動や暴力ではなく ユーモアと鋭い風刺を交えた歌によって表現しました これにより 社会的なストレスを笑いとして発散させ 対立するグループ間の緊張を和らげる安全弁として機能しました"",""historical_examples"":[{""combatants"":""クプレッティ歌手のタネルと当時の厳しい社会情勢"",""background"":""20世紀初頭 フィンランドはロシア帝国の支配下にあり 国内でも労働者と資本家の対立が深まり 社会全体が一触即発の緊張状態にありました"",""attack"":""支配階級や政府は 厳しい検閲や弾圧によって人々の自由な言論を封じ込めようと圧力をかけました"",""humor_return"":""タネルなどの歌手たちは 直接的な批判を避け 日常のドタバタ劇や滑稽なキャラクターを登場させる歌を作りました 言葉遊びや二重の意味を駆使して 検閲をすり抜けながら権力者の愚かさを笑いものにし 民衆の連帯感を生み出しました"",""evaluation"":""暴力的な反発を招く直接的な批判ではなく 誰もが笑える滑稽話に昇華させることで 弾圧をかわしながらも社会の矛盾を鋭く突き 人々の心の緊張を解きほぐした点が高く評価されます""}],""glossary"":[{""term"":""クプレッティ"",""explanation"":""短い歌詞と親しみやすいメロディで 社会の出来事や人間味あふれる失敗談をユーモラスに歌う風刺歌のことです""},{""term"":""検閲"",""explanation"":""政府などが 本や歌などの表現内容を事前に調べて 不都合なものを禁止したり制限したりすることです""}],""citations"":[{""source_title"":""Kupletti - Wikipedia"",""url_or_isbn"":""https://fi.wikipedia.org/wiki/Kupletti"",""editorial_note"":""史実および原典に基づき 中高生が理解しやすいよう現代語訳および一部表現を加筆修正しています""}]}]}",,,,,,,,,,,,,,
第４象限,ブータン,"{""status"":""SUCCESS"",""cultures"":[{""culture_name"":""ロゼ"",""catchcopy"":""言葉の刃をユーモアで包む 西ブータンの即興詩バトル"",""historical_background"":""ロゼは12世紀にチベットからブータンに仏教を伝えた高僧ファジョ ドゥゴム シグポの到来とともに始まったとされています ブータン西部のハやパロ ティンプーなどの地域で特に盛んに受け継がれてきました 文字の読み書きが普及していなかった時代から 人々の間で口頭で伝えられ 発展してきた伝統的な口承文学です"",""social_function"":""ロゼは単なる娯楽ではなく 村同士の境界争いや男女間の対立 個人間の口論を解決するための平和的な手段として機能してきました 感情を直接ぶつけるのではなく 比喩やユーモアに富んだ詩の形で表現することで 相手のプライドを傷つけることなく 議論をユーモラスに和らげ 最終的な和解へと導く役割を果たしていました"",""historical_examples"":[{""combatants"":""異なる村の住民同士による土地の境界線をめぐる争い"",""background"":""農閑期に隣り合う村の間で土地の境界や水利権をめぐって対立が生じた際 暴力的な衝突を避けるためにロゼの歌い手たちが代表として集まりました"",""attack"":""お前の村の土地は痩せていて 泥水が魚の住処を台無しにしている 蚊やヒルが血を吸うように お前たちは他人の土地を欲しがっている"",""humor_return"":""泥水が流れるのは豊かな雨が降るからだ 魚は泥の中でこそ強く育つ 私たちはヒルではなく 豊かな実りをもたらす大地の守り手だ お前の鋭い言葉 of 槍も 私たちのユーモアの盾には通じない"",""evaluation"":""相手の攻撃的な比喩をそのまま受け流し 豊かな雨や大地の守り手というポジティブな比喩に変換して切り返すことで 敵対心をユーモアに変えて対立を解消した点""}],""glossary"":[{""term"":""ファジョ ドゥゴム シグポ"",""explanation"":""12世紀から13世紀にかけて活躍したチベットの高僧で ブータンに初めてドゥクパ カギュ派という仏教の宗派をもたらした人物です""},{""term"":""ドラロ"",""explanation"":""ロゼの中でも 相手を風刺したり 批判したりする目的で歌われる敵対的な詩のジャンルです""},{""term"":""ニャンロ"",""explanation"":""ロゼの中でも 愛や友情 祝福などを表現する友好的な詩のジャンルです""},{""term"":""ロゼ ケジュ"",""explanation"":""ロゼの歌い手たちが即興で詩を掛け合い どちらがより優れた比喩や機知を発揮できるかを競い合う対決のことです""}],""citations"":[{""source_title"":""ORAL TRADITIONS AND EXPRESSIONS"",""url_or_isbn"":""https://vertexaisearch.cloud.google.com/grounding-api-redirect/AUZIYQGic7YxdFbKJEpiNYxNHxo6c1TBoVbsF26B2kT4iTD8FwIVGXlAamF-S8e72K-_0KaaAu3nDr6dzPawTWPHCqVgSeteOvchRJT7MaD8O8vjKo8e59RVqk-_NY62lllW8H_LSS3wG5cYIpAKYP0FjQrnKGjMXlqMtqveA6HvmhxGtjyp8aav78fZYUNHcx_6vb9nBYArqFWbFA=="",""editorial_note"":""史実および原典に基づき 中高生が理解しやすいよう現代語訳および一部表現を加筆修正しています""}]},{""culture_name"":""ツァンモ"",""catchcopy"":""四行詩に込める本音と風刺 中央 東ブータンの歌の掛け合い"",""historical_background"":""ツァンモはブータンの中部や東部地域で特に愛されてきた伝統的な四行詩の文化です その起源はチベットの第6代ダライ ラマであるツァンヤン ギャツォが作った愛の歌に由来すると言われており 仏教的な価値観と人々の素朴な感情が融合して発展しました"",""social_function"":""ツァンモは 日常の農作業の疲れを癒やす娯楽であると同時に 人間関係の摩擦や対立を解消するための知恵でもありました 直接言うと角が立つような批判や不満を 四行の美しい詩とメロディに乗せて伝えることで 相手にユーモラスに気づかせ 対立を深刻化させずに解決する機能を持っていました"",""historical_examples"":[{""combatants"":""男女間または異なるグループ間の口論"",""background"":""お互いの立場や意見の違いから険悪な雰囲気になった際 即興のツァンモ対決によって決着をつけることになりました"",""attack"":""道端の井戸水が毒水だとは知らなかった 一口飲んで後悔したから 喉が渇いて死にそうでも二度と飲まない"",""humor_return"":""あなたはボロ布の切れ端で 私は美しい絹の切れ端 一緒に縫い合わせようと思っても ちっとも似合わない"",""evaluation"":""相手の拒絶に対して 感情的に怒るのではなく 自分を絹 相手をボロ布という極端な比喩で対比させることで 議論の場を笑いに包み 深刻な対立をエンターテインメントに昇華させた点""}],""glossary"":[{""term"":""ツァンヤン ギャツォ"",""explanation"":""17世紀後半から18世紀初頭にかけてのチベットの宗教指導者で 多くの美しい恋愛詩や抒情詩を残したことで知られています""},{""term"":""ドラル"",""explanation"":""ツァンモの中で 相手を批判したり 嘲笑したりする目的で歌われる敵対的な歌のことです""},{""term"":""ニャンル"",""explanation"":""ツァンモの中で 愛や友情 親愛の情を表現する友好的な歌のことです""}],""citations"":[{""source_title"":""A Note on Tsangmo, a Bhutanese Quatrain"",""url_or_isbn"":""https://vertexaisearch.cloud.google.com/grounding-api-redirect/AUZIYQFKIT5hJ7TYG8xJgEOuCimjpeWa5KRbxruY59jDNrctAZQwrnLCGuyUCVL8_ocXGLMPaoWUldoGx3IUhxe0OdIsfb9wB3fgxR_x3lMt0h4Nt2AZnqaLCBdGnVPZbFpq8v7Uz2OJSWkRt-rVhEvi8jDsqcP3FRBRJ3tM7YwWel3pHKT0OWBeF-rDeQkK"",""editorial_note"":""史実および原典に基づき 中高生が理解しやすいよう現代語訳および一部表現を加筆修正しています""}]}]}",,,,,,,,,,,,,,
第４象限,ブラジル,"{""status"":""SUCCESS"",""cultures"":[{""culture_name"":""レペンチ"",""catchcopy"":""暴力ではなく言葉の刃で戦う 即興詩の平和的決闘"",""historical_background"":""ブラジル東北部 ノルデスチ の乾燥地帯 セルトン で19世紀頃から盛んになった伝統芸能です 貧困や厳しい自然環境 社会的な格差が激しい地域において 人々は娯楽として また社会的な不満や対立を表現する手段として アコースティックギター ヴィオラ を手に即興で詩を紡ぎ合う文化を育んしてきました"",""social_function"":""地域社会における個人的な恨みや 人種 階級などの深刻な対立を 直接的な暴力に発展させることなく 公衆の面前でユーモアと機知に富んだ即興詩の応酬によって解決 昇華させる役割を持っています 観客の拍手や笑いによって勝敗が決まり 最後はお互いを称え合うことで コミュニティの調和が保たれます"",""historical_examples"":[{""combatants"":""イナシオ ダ カチンゲイラ と ロマノ ダ マイン ダグア"",""background"":""1870年代のパライバ州パトスにおいて 黒人の元奴隷であったイナシオと 白人の小地主で知識人であったロマノが 身分や人種の壁を越えて即興詩で対決しました"",""attack"":""ロマノは自身の知識や社会的地位を誇示し ギリシャ神話の神々の名前を並べ立てて 文字の読めないイナシオを学識のなさで追い詰めようとしました"",""humor_return"":""イナシオは 旦那 あなたのその考えは面白い でも 私と同じように考えられない人をあなたは倒せない と返し 学識ではなく人間の本質的な知恵とユーモアで切り返しました また自身の奴隷としての境遇を自虐を交えつつも誇り高く歌い上げ 観客の心を掴みました"",""evaluation"":""知識の有無や社会的な身分の差という圧倒的な非対称性を 即興の機知とユーモアによって対等な地平へと引き戻し 暴力ではなく言葉の美しさとユーモアで観客を味方につけた点が極めて高く評価されています""}],""glossary"":[{""term"":""ノルデスチ"",""explanation"":""ブラジル東北部地方のことで 独自の豊かな伝統文化や音楽が息づいている地域です""},{""term"":""セルトン"",""explanation"":""ブラジル東北部の内陸部に広がる 乾燥した半砂漠地帯のことです""},{""term"":""ヴィオラ"",""explanation"":""ブラジルの伝統的な10弦のアコースティックギターで 即興詩の伴奏によく使われます""}],""citations"":[{""source_title"":""Peleja de In?cio da Catingueira e Romano de M?e D?gua MEMUS PB"",""url_or_isbn"":""https://memus.ufpb.br/"",""editorial_note"":""史実および原典に基づき 中高生が理解しやすいよう現代語訳および一部表現を加筆修正しています""},{""source_title"":""Duelo De Repente Cartas De Cultura"",""url_or_isbn"":""https://www.cartasdecultura.com.br/duelo-de-repente/"",""editorial_note"":""史実および原典に基づき 中高生が理解しやすいよう現代語訳および一部表現を加筆修正しています""}]},{""culture_name"":""エンボラーダ"",""catchcopy"":""パンデイロの速いリズムに乗せて ユーモアで相手を煙に巻く早口風刺バトル"",""historical_background"":""ブラジル東北部の沿岸部や都市部の市場 広場などで発展した即興音楽と言葉遊びです パンデイロ と呼ばれるタンバリン型の打楽器の軽快で高速なリズムに合わせ 2人の歌い手が交互に即興の詩を歌い合います"",""social_function"":""日常生活の不満や ライバル同士の小競り合い 客引きのためのユーモラスな掛け合いとして機能します 相手をからかったり風刺したりしますが それはあくまで遊びの枠内であり どれだけ早口で かつユーモラスに相手の攻撃をかわして笑いに変えられるかが競われます これにより 街頭でのトラブルや対立が笑いへと昇華されます"",""historical_examples"":[{""combatants"":""街頭のエンボラドーレス と 通行人"",""background"":""賑やかな市場や広場で 観客を集めるために2人の詩人がお互いの容姿や性格をユーモラスにからかい合う対決です"",""attack"":""相手の詩人が お前の顔は干からびたカボチャのようだ 歌も下手で誰も聞いていないぞ と 容姿や実力を激しく風刺します"",""humor_return"":""言われた側はパンデイロを激しく叩きながら カボチャだからこそ中身が詰まっていて甘いのだ お前の空っぽの頭とは大違いだ と 相手の容姿の攻撃を逆手に取ってユーモラスに切り返します"",""evaluation"":""相手からの直接的な侮辱や攻撃を 怒るのではなく その言葉の定義やイメージを逆転させるユーモアによって笑いに変え 観客を巻き込んで対立を無害化する技術が高く評価されています""}],""glossary"":[{""term"":""エンボラドーレス"",""explanation"":""エンボラーダを歌う即興詩人たちのことです""},{""term"":""パンデイロ"",""explanation"":""ブラジルの代表的なタンバリン型の打楽器で リズムを刻むために使われます""}],""citations"":[{""source_title"":""Brazilian Emboladores and Repentistas YouTube"",""url_or_isbn"":""https://citylore.org/poetry-duels/brazilian-emboladores-and-repentistas/"",""editorial_note"":""史実および原典に基づき 中高生が理解しやすいよう現代語訳および一部表現を加筆修正しています""}]}]}",,,,,,,,,,,,,,
第４象限,フランス,"{""status"":""SUCCESS"",""cultures"":[{""culture_name"":""ジュ・パルティ"",""catchcopy"":""二者択一のジレンマをユーモアと論理で競う北フランスの言葉の決闘"",""historical_background"":""13世紀の北フランスの都市や宮廷で盛んに行われた言葉遊びです トゥヴェールと呼ばれる吟遊詩人たちが集まり 知恵を競い合いました"",""social_function"":""騎士道や宮廷愛 倫理的なジレンマについて 直接的な対立や暴力を避け 厳格な詩のルールの中でユーモアと論理的な切り返しを競い合うことで 知的で平和的な議論の場を提供しました"",""historical_examples"":[{""combatants"":""シャンパーニュ伯チボー4世と宮廷の貴婦人"",""background"":""宮廷愛のルールをめぐるユーモラスな議論です"",""attack"":""愛する女性から あまりに愛しすぎたために愛が冷めてしまうことを恐れて 愛するのをやめましょう と提案されました"",""humor_return"":""チボー4世は 真の愛は決して冷めることはなく むしろ愛し続けることこそが愛を永遠にする と主張し 相手の消極的な姿勢を情熱的なユーモアで切り返しました"",""evaluation"":""相手の矛盾を突きつつ 宮廷愛の理想をより高い次元で肯定する論理的かつ詩的な美しさが評価されました""}],""glossary"":[{""term"":""トゥヴェール"",""explanation"":""中世北フランスで活躍した宮廷の吟遊詩人たちのことです""},{""term"":""フィン・アモール"",""explanation"":""中世フランスの宮廷で重んじられた 相手を深く敬う洗練された愛のあり方のことです""}],""citations"":[{""source_title"":""The Northern Jeu-parti in: Musical Culture in the World of Adam de la Halle"",""url_or_isbn"":""https://brill.com/display/book/99473/BP000012.xml"",""editorial_note"":""史実および原典に基づき 中高生が理解しやすいよう現代語訳および一部表現を加筆修正しています""}]},{""culture_name"":""テンソン"",""catchcopy"":""厳格なルールと機知で対立を昇華する南フランスの討論詩"",""historical_background"":""12世紀から13世紀にかけて 南フランスで盛んに行われた言葉遊びです トルバドゥールと呼ばれる吟遊詩人たちが対話形式で詩を詠み合いました"",""social_function"":""政治的な対立や個人的な批判 詩のスタイルをめぐる対立を 直接的な暴力や罵倒ではなく 交互に同じ韻律で詩を詠み合うことで 洗練された芸術的な対決へと昇華させました"",""historical_examples"":[{""combatants"":""ラインバウト・ダウレンガとギラウト・デ・ボルネーユ"",""background"":""詩 of 表現スタイルをめぐる対立です"",""attack"":""ラインバウトは 誰もが理解できるような平易な詩は価値が低く 選ばれた者だけが理解できる難解な詩こそが至高である と主張しました"",""humor_return"":""ギラウトは 詩は人々に歌われ 共有されてこそ価値がある 誰もが歌える平易な詩こそが 愛と喜びを世界に広げるのだ とユーモアを交えて切り返しました"",""evaluation"":""芸術的な対立を お互いの詩的才能を認め合う形で 同じ韻律の美しい詩の対話として完成させた点が高く評価されました""}],""glossary"":[{""term"":""トルバドゥール"",""explanation"":""中世南フランスで活躍した宮廷の吟遊詩人たちのことです""},{""term"":""トロバール・クルス"",""explanation"":""難解で複雑な言葉を使い 限られた知識人にしか理解できないように作られた詩のスタイルのことです""},{""term"":""トロバール・レウ"",""explanation"":""平易でわかりやすい言葉を使い 多くの人々に親しまれるように作られた詩のスタイルのことです""}],""citations"":[{""source_title"":""Tenso - Wikipedia"",""url_or_isbn"":""https://en.wikipedia.org/wiki/Tenso"",""editorial_note"":""史実および原典に基づき 中高生が理解しやすいよう現代語訳および一部表現を加筆修正しています""}]}]}",,,,,,,,,,,,,,
第４象限,ブルガリア,"{""status"":""SUCCESS"",""cultures"":[{""culture_name"":""ナドピャヴァネ"",""catchcopy"":""歌と言葉のキャッチボールで対立を笑顔に変える即興歌合戦"",""historical_background"":""ブルガリアの農村で古くから行われていた伝統的な集まりであるセデャンカなどで発達した文化です　冬の夜に若者たちが集まって糸を紡いだり農作業をしたりする中で　緊張をほぐすために盛んに行われました"",""social_function"":""若者同士のライバル意識や恋愛の駆け引き　時に生じるグループ間の対立を　直接的な口論や暴力に発展させず　ユーモアや風刺を交えた即興の歌で競い合うことで　平和的に解決する役割を果たしました"",""historical_examples"":[{""combatants"":""少女ドラガナとサヨナキドリの歌比べ"",""background"":""ブルガリアの有名な民謡に登場するエピソードで　人間と自然の知恵比べを象徴しています"",""attack"":""サヨナキドリが少女ドラガナに対して　歌で勝負しよう　もし私が勝ったらお前の美しい髪を切り落とす　と挑発します"",""humor_return"":""ドラガナは見事にサヨナキドリより美しく歌い勝ちますが　相手の羽をむしり取るような罰は与えず　サヨナキドリに歌で勝てたという名誉だけで十分です　と答えて相手を許し　互いの尊厳を守りました"",""evaluation"":""勝利に溺れて相手を傷つけるのではなく　寛容さと機知を示すことで　対立を平和的な調和へと導いた点が高く評価されます""}],""glossary"":[{""term"":""セデャンカ"",""explanation"":""ブルガリアの伝統的な農村の集まりで　主に冬の夜に若者たちが共同作業をしながら歌や会話を楽しむ場""},{""term"":""プリペフキ"",""explanation"":""ナドピャヴァネなどで歌われる　相手をからかったり親しみを込めたりする即興の短い風刺歌""}],""citations"":[{""source_title"":""Bulgaria: Traditional music | Grove Music"",""url_or_isbn"":""https://www.oxfordmusiconline.com/grovemusic/view/10.1093/gmo/9781561592630.001.0001/omo-9781561592630-e-0000004285"",""editorial_note"":""史実および原典に基づき　中高生が理解しやすいよう現代語訳および一部表現を加筆修正しています""}]},{""culture_name"":""ガブロヴォのジョーク"",""catchcopy"":""自虐的なケチさを笑いに変えて商談の対立を和らげる知恵"",""historical_background"":""ブルガリア中部の山岳都市ガブロヴォは　14世紀頃から鍛冶や革製品などの手工業と商業で栄えました　厳しい環境の中で生き抜くために　住民たちは極端な節約家として知られるようになりました"",""social_function"":""商人たちが取引先との価格交渉や利害対立で生じるピリピリした緊張感を　自分の街のケチさを自虐的に笑い飛ばすジョークを交わすことで和らげ　円滑な人間関係を築くために使われました"",""historical_examples"":[{""combatants"":""ガブロヴォの商人と取引相手の交渉"",""background"":""商談の席で価格の折り合いがつかず　互いに譲らない緊迫した状況が生まれた時のエピソードです"",""attack"":""取引相手が　ガブロヴォの人間はケチだから　1ストティンカさえ惜しんで絶対に値引きしないのだろう　と皮肉を言います"",""humor_return"":""商人は怒るどころか　その通りです　私たちは冬に部屋の熱が逃げないよう　飼い猫の尻尾を短く切ってドアを早く閉められるようにしているくらいですから　と有名な自虐ジョークを披露し　相手を大笑いさせて交渉の場を和ませました"",""evaluation"":""相手の攻撃的な皮肉を否定せず　むしろ極端な自虐ジョークで受け流すことで　敵対心を消し去り　互いに妥協点を見つけやすい雰囲気を作った点です""}],""glossary"":[{""term"":""アネクドート"",""explanation"":""風刺やユーモアに富んだ短い小話やジョークのこと""},{""term"":""ストティンカ"",""explanation"":""ブルガリアの通貨単位レフの100分の1にあたる補助通貨""}],""citations"":[{""source_title"":""Gabrovo humour - Wikipedia"",""url_or_isbn"":""https://en.wikipedia.org/wiki/Gabrovo_humour"",""editorial_note"":""史実および原典に基づき　中高生が理解しやすいよう現代語訳および一部表現を加筆修正しています""}]}]}",,,,,,,,,,,,,,
第４象限,ブルキナファソ,"{""status"":""SUCCESS"",""cultures"":[{""culture_name"":""モシ人とサモ人のラキレ"",""catchcopy"":""犬の頭とトカゲを贈り合う 宿敵から生まれた最高の冗談関係"",""historical_background"":""ブルキナファソの中央部に住むモシ人と 北西部に住むサモ人は かつて激しい戦争を繰り返していました しかし 戦いの中で互いの強さを認め合い 命を奪い合う代わりに言葉で戦うという血の誓いを交わしました これがラキレと呼ばれる冗談関係の始まりです"",""social_function"":""この関係にある者同士は 初対面であってもお互いを激しくからかい合うことが許されます どんなにひどい悪口を言われても 決して怒ってはならないという厳格なルールがあり 怒ることは恥とされます これにより 民族間の緊張や対立が暴力に発展するのを未然に防いでいます"",""historical_examples"":[{""combatants"":""モシ人の王とサモ人の使者"",""background"":""毎年行われる伝統的なお祭りの席で モシ人の偉大な王であるモゴ ナバの宮殿にサモ人の使者がやってきた時のことです"",""attack"":""サモ人の使者は 王に対してお辞儀もせず お前たちの王はトカゲのように小さくて価値がない と言い放ち 本物の羊の代わりにトカゲとバッタを贈り物として差し出しました"",""humor_return"":""モシ人の王は笑って受け流し サモ人は犬の頭を喜んで食べる野蛮な奴隷だ だから知恵が足りないのだ と言い返して 豪華な食事を振る舞いました"",""evaluation"":""相手の権威をあえて否定する過激な冗談を ユーモアと寛大さで受け止めることで 支配と被支配の上下関係を笑い飛ばし 平等な友好的関係を再確認する点が高く評価されます""}],""glossary"":[{""term"":""ラキレ"",""explanation"":""ブルキナファソの言葉で 冗談関係 を意味する言葉です 異なる民族や家族の間で 儀礼的にからかい合う伝統的な仕組みを指します""},{""term"":""モゴ ナバ"",""explanation"":""モシ人という民族の伝統的な王様の称号です 現在でも高い社会的影響力を持っています""},{""term"":""サモ人"",""explanation"":""ブルキナファソ北西部に住む 主に農業を営む民族で モシ人との間で非常に強い冗談関係を持っています""}],""citations"":[{""source_title"":""Joking Relationships in Burkina Faso: A Strategy for Peace Building in Traditional Burkinab? Communities"",""url_or_isbn"":""https://vertexaisearch.cloud.google.com/grounding-api-redirect/AUZIYQFQ3PK3I95RBHu6Saq9PW6vqNtn9juFtGKmoBsmRdxoRoEq_X-JrS9Z1rT5gZ22NspSLZZaQp-oHnZQ-oUWVgdx-_yk5pLIIV2V7dVBpGWCx0vZDHfAN7kytU8O5suef_g0TaPC0qX9lt5DGseIFjy6iQno5HY6h7YFe3GZQAhlqxmlregF"",""editorial_note"":""史実および原典に基づき 中高生が理解しやすいよう現代語訳および一部表現を加筆修正しています""}]},{""culture_name"":""フルベ人とボボ人のラキレ"",""catchcopy"":""牛乳と地ビールが織りなす 異なる暮らしを繋ぐ笑いの絆"",""historical_background"":""ブルキナファソの西部で 羊や牛を飼って移動しながら暮らす遊牧民のフルベ人と 土地を耕して作物を育てる農耕民のボボ人は 土地や水の利用をめぐって対立しやすい関係にありました そこで彼らは 互いの生活習慣の違いを笑い話にすることで 衝突を避ける知恵を生み出しました"",""social_function"":""生活様式が全く異なる二つの民族が 出会った瞬間に互いの弱点を突いた冗談を言い合います これにより 資源をめぐる現実の争いや不満が ユーモアのフィルターを通して発散され 友好的な交渉の場が作られます"",""historical_examples"":[{""combatants"":""フルベ人の牧畜民とボボ人の農耕民"",""background"":""市場や水飲み場で 互いの家畜が農地に入り込んでトラブルになりかけた時のやり取りです"",""attack"":""ボボ人は フルベ人は牛乳ばかり飲んでいるから頭が子供のままで 体もガリガリに痩せ細っている とからかいました"",""humor_return"":""フルベ人は ボボ人は大酒飲みでいつも地ビールばかり飲んで泥酔しているから 畑仕事もまともにできない怠け者だ と言い返しました"",""evaluation"":""生業の違いから生じるステレオタイプを 隠すのではなくあえて大げさに表現して笑い合うことで 互いの違いを認め合い 争いを平和的な対話へと着地させる点が高く評価されます""}],""glossary"":[{""term"":""フルベ人"",""explanation"":""西アフリカに広く暮らす 主に牛などの家畜を飼って移動生活を送る遊牧民族のことです プール人 とも呼ばれます""},{""term"":""ボボ人"",""explanation"":""ブルキナファソ西部に多く住む 主に農業を営み 独自の仮面舞踊などの豊かな文化を持つ民族です""}],""citations"":[{""source_title"":""Bobo buveurs, Yarse colporteurs - OpenEdition Journals"",""url_or_isbn"":""https://vertexaisearch.cloud.google.com/grounding-api-redirect/AUZIYQHtxXAfi5vaDrQX9LIExNwAPZ73HkBt4NJwFvKIaDdo4uSc3ZBdRqNbRZR2QZXoEouC4Vj_RlvcZIF8W470KrkmQ57rn0Pa3jVN0Il2EwrtCmwWzveIFT6aJd1DxrB8DhiOVoRlHneCbdcVb74-"",""editorial_note"":""史実および原典に基づき 中高生が理解しやすいよう現代語訳および一部表現を加筆修正しています""}]}]}",,,,,,,,,,,,,,
第４象限,ブルネイ,"{""status"":""SUCCESS"",""cultures"":[{""culture_name"":""パントゥン"",""catchcopy"":""自然の描写に本音を隠す マレー世界の知恵の四行詩"",""historical_background"":""パントゥンはブルネイやマレーシアなどのマレー世界で古くから伝わる伝統的な詩の形式です 14世紀以前の口承文化に起源を持ち 人々の生活や自然の描写を交えながら即興で詠まれてきました 2025年にはブルネイも追加される形でユネスコの無形文化遺産に登録され 現代でも大切な文化として受け継がれています"",""social_function"":""直接的な批判や対立を避け 間接的かつ礼儀正しく本音を伝えるために使われます ユーモアや機知を交えて 緊迫した状況や対立を和らげる外交的な役割も果たしてきました"",""historical_examples"":[{""combatants"":""村同士の境界線をめぐる話し合い"",""background"":""隣り合う村の間で土地の境界について意見が対立し 険悪な空気になったとき"",""attack"":""お前たちの主張はまるで干上がった川のようだ 水も流れないような場所に価値はない"",""humor_return"":""川が干上がっても雨が降ればまた満ちる お前の心もいつか私の知恵で満たされるだろう"",""evaluation"":""韻律を厳格に守りつつ 最初の2行の自然描写から後半の2行のメッセージへ いかに美しくかつユーモアを持って繋げるかという即興の知性が評価されます""}],""glossary"":[{""term"":""パントゥン"",""explanation"":""マレー世界で広く親しまれている4行からなる伝統的な詩の形式です""},{""term"":""メンツ"",""explanation"":""社会的な立場やプライドのことで マレー文化ではこれを傷つけないことが非常に重視されます""}],""citations"":[{""source_title"":""Pantun - UNESCO Intangible Cultural Heritage"",""url_or_isbn"":""https://ich.unesco.org/en/RL/pantun-01613"",""editorial_note"":""史実および原典に基づき 中高生が理解しやすいよう現代語訳および一部表現を加筆修正しています""}]},{""culture_name"":""ペランバハン"",""catchcopy"":""ユーモアと風刺でメンツを守る ブルネイ独自の伝統ことわざ"",""historical_background"":""ペランバハンはブルネイのマレー語に深く根ざした伝統的なことわざや比喩表現です 狭いコミュニティである村落社会での共同生活の中で 人間関係を円滑に保つために育まれてきました"",""social_function"":""直接的な衝突を避けつつ ユーモアや皮肉を交えて相手の行動を諭したり批判したりします 相手のメンツを潰さずに穏便に問題を解決する機能を持っています"",""historical_examples"":[{""combatants"":""共同作業をサボる若者と村の長老"",""background"":""村の共同作業に遅れてきて 言い訳ばかりする若者に対して 周囲の不満が高まったとき"",""attack"":""お前はいつも言い訳ばかりして仕事をサボっているではないか"",""humor_return"":""おや ここに現代のアブ ヌワスがいるぞ 彼の言い訳の才能は王様さえも煙に巻くほどだ お前の言い訳もいつか国を救うかもしれないな"",""evaluation"":""相手を直接攻撃せず 民話のキャラクターや自然の比喩を用いて 笑いを誘いながらも相手に自省を促す高度な間接表現が評価されます""}],""glossary"":[{""term"":""ペランバハン"",""explanation"":""ブルネイ独自の言葉遣いや比喩を用いた伝統的なことわざのことです""},{""term"":""アブ ヌワス"",""explanation"":""アラビアンナイトなどの民話に登場する とんちや言い訳が得意な知恵者のキャラクターです""}],""citations"":[{""source_title"":""Bruneian proverbs - Grokipedia"",""url_or_isbn"":""https://en.wikipedia.org/wiki/Bruneian_proverbs"",""editorial_note"":""史実および原典に基づき 中高生が理解しやすいよう現代語訳および一部表現を加筆修正しています""}]}]}",,,,,,,,,,,,,,
第４象限,ブルンジ,"{""status"":""SUCCESS"",""cultures"":[{""culture_name"":""サマンダリの言葉遊び"",""catchcopy"":""王様もやり込める道化師の機知とユーモア"",""historical_background"":""ブルンジの王政時代から口承文学として語り継がれてきた伝統的な笑い話の文化です 伝説的な道化師でありトリックスターでもあるサマンダリという人物を主人公にした物語が数多く存在します"",""social_function"":""厳しい身分制度や権力者との対立において 直接反論すると処罰されるような状況を ユーモアや機知に富んだ切り返しによって和らげ 平等や相互尊重の精神を伝える役割を果たしてきました"",""historical_examples"":[{""combatants"":""サマンダリと彼を笑う人々"",""background"":""サマンダリが妊婦と喧嘩をして負けてしまい 周囲の人々からからかわれた時の出来事です"",""attack"":""人々は 妊婦に負けるなんて恥ずかしくないのか とサマンダリを大声で笑いものにしました"",""humor_return"":""サマンダリは 私はむしろ勇敢だ なぜなら私は妊婦とそのお腹の中の赤ん坊という二人の人間と同時に戦ったのだから と真顔で言い返しました"",""evaluation"":""自分の敗北という恥ずべき状況を 屁理屈とも言える奇妙な論理とユーモアで切り返すことで 相手の嘲笑を無効化し 場の緊張を笑いに変えた点が評価されます""}],""glossary"":[{""term"":""トリックスター"",""explanation"":""神話や民話の中で 秩序を破りつつも知恵やユーモアで社会に新しい視点をもたらすいたずら者のキャラクターのことです""},{""term"":""王政時代"",""explanation"":""ブルンジがかつて国王によって統治されていた歴史的な時代のことで 厳格な階級社会が存在していました""}],""citations"":[{""source_title"":""Mending the Mind with Laughter: What Role Do Jokes Play In It - EAS Publisher"",""url_or_isbn"":""https://www.easpublisher.com/easjhcs/"",""editorial_note"":""史実および原典に基づき 中高生が理解しやすいよう現代語訳および一部表現を加筆修正しています""}]},{""culture_name"":""バシンガンタヘの対話調停"",""catchcopy"":""ことわざと比喩で対立を溶かす賢者たちの対話術"",""historical_background"":""ブルンジの伝統的な社会において 数百年前から地域社会の秩序を維持するために機能してきた賢者たちの制度です"",""social_function"":""住民同士の土地争いや家族間の対立が起きた際 暴力や裁判に頼るのではなく 賢者たちがことわざや比喩 時にユーモアを交えた対話を用いて 当事者の感情を和らげながら和解へと導きます"",""historical_examples"":[{""combatants"":""土地の境界線をめぐって激しく争う二人の農民"",""background"":""隣り合う農地の境界線をめぐって 暴力沙汰になりかねないほど激しい対立に発展した時の調停の場面です"",""attack"":""双方が自分の土地の正当性を主張し 相手を嘘つきだと激しく罵り合いました"",""humor_return"":""賢者たちは 境界線の杭は動かせても 祖先の記憶は動かせない ということわざを引用し 争いの虚しさをユーモアを交えて諭しました"",""evaluation"":""どちらか一方を悪者にするのではなく 伝統的な知恵やことわざを用いることで 双方のプライドを傷つけずに妥協点を見出させた論理的アプローチが評価されます""}],""glossary"":[{""term"":""バシンガンタヘ"",""explanation"":""ブルンジの伝統社会において 正義感と誠実さを備え 紛争解決の役割を担う地域社会の賢者や調停者のことです""},{""term"":""比喩"",""explanation"":""物事を直接表現するのではなく 別のよく似たものに例えて分かりやすく伝える表現技法のことです""}],""citations"":[{""source_title"":""The Institution of Bashingantahe in Burundi"",""url_or_isbn"":""https://www.idea.int/"",""editorial_note"":""史実および原典に基づき 中高生が理解しやすいよう現代語訳および一部表現を加筆修正しています""}]}]}",,,,,,,,,,,,,,
第４象限,ベトナム,"{""status"":""SUCCESS"",""cultures"":[{""culture_name"":""N?i l?i"",""catchcopy"":""音節をひっくり返して本音を隠す ベトナム伝統の言葉のパズル"",""historical_background"":""ベトナム語は声調によって意味が変わる特徴的な言語です 封建時代や他国からの支配が続いた歴史の中で 庶民が権力者への不満や風刺を直接口にすることは命がけの行為でした そのため 音節の頭子音や母音 声調を巧みに入れ替えて別の意味にする言葉遊びが発達しました"",""social_function"":""相手を直接批判すると激しい対立や暴力につながりますが この言葉遊びを使うことで 表向きは無害でユーモラスな言葉でありながら 裏には鋭い風刺を隠すことができます 相手もその機知に気づいて苦笑いせざるを得ず 張り詰めた空気を笑いに変えて対立を和らげる役割を果たしました"",""historical_examples"":[{""combatants"":""伝説の知恵者チャン クインと傲慢な権力者たち"",""background"":""ベトナムの民話に登場するチャン クインは 庶民を苦しめる王や役人 あるいは大国からの使節に対して言葉遊びを武器に立ち向かいました"",""attack"":""権力者や使節たちは 難しいなぞなぞや無礼な言葉を投げかけて ベトナムの人々を屈服させようとしました"",""humor_return"":""チャン クインはベトナム語の音節を入れ替える言葉遊びを駆使し 表向きは丁寧なお世辞を言いながら 実際には相手の愚かさを痛烈に皮肉る返答を即興で作り出しました"",""evaluation"":""暴力や権力に対抗するために 武器ではなく言葉の仕組みそのものを利用したユーモアで相手を沈黙させ 平和的に勝利を収めた点が高く評価されています""}],""glossary"":[{""term"":""N?i l?i"",""explanation"":""ベトナム語の音節の要素を入れ替えて 別の意味の言葉を作る伝統的な言葉遊びです""},{""term"":""チャン クイン"",""explanation"":""ベトナムの民話に登場する 優れた知恵とユーモアで権力者をやり込める伝説的な人物です""}],""citations"":[{""source_title"":""N?i l?i ? Vietnamese Spoonerism - Vietnamese Language Studies"",""url_or_isbn"":""https://vlsandfriends.wordpress.com/2016/12/08/noi-lai-vietnamese-spoonerism/"",""editorial_note"":""史実および原典に基づき 中高生が理解しやすいよう現代語訳および一部表現を加筆修正しています""}]},{""culture_name"":""H?t ??i ??p"",""catchcopy"":""歌の掛け合いで緊張をほぐす 即興の知恵比べ"",""historical_background"":""ベトナムの農村地域では 古くから農作業の合間や祭りの場で 男女のグループが即興で歌を交わし合う対歌の文化が盛んでした 厳しい労働の疲れを癒やし 人々をつなぐ大切な娯楽でした"",""social_function"":""異なる村同士の水利権の争いや 境界線をめぐる緊張があるとき 直接的な喧嘩や暴力を防ぐための社会的装置として機能しました 相手からの意地悪な質問や批判に対し 即興の詩とユーモアで切り返すことで 敵対心を平和的なゲームへと昇華させました"",""historical_examples"":[{""combatants"":""異なる村の若者たち"",""background"":""お祭りの場で 普段は対立している隣の村の若者たちと鉢合わせし 緊張した空気が流れました"",""attack"":""相手の村の若者が 自分たちの優位性を誇示し こちらの村をからかうような意地悪な歌を即興で歌いかけてきました"",""humor_return"":""挑発された側は 怒るのではなく 相手の言葉を逆手に取ったユーモラスな歌で即座に返答しました 相手の村の欠点を優しくつつきながらも 最後は互いを称え合うような美しい詩に変えて歌い返しました"",""evaluation"":""敵対的な感情を即興の芸術へと昇華させ 対立を「知恵の競い合い」という平和的な交流に変容させた点が高く評価されています""}],""glossary"":[{""term"":""H?t ??i ??p"",""explanation"":""ベトナムの伝統的な対歌で 相手の歌に対して即興で詩を作り 歌い返す文化です""}],""citations"":[{""source_title"":""D?n Ca V? Gi?m H? ??i ??p - THT9XStudio"",""url_or_isbn"":""https://www.youtube.com/watch?v=RxYiFPlyWJ4"",""editorial_note"":""史実および原典に基づき 中高生が理解しやすいよう現代語訳および一部表現を加筆修正しています""}]}]}",,,,,,,,,,,,,,
第４象限,ベナン,"{""status"":""SUCCESS"",""cultures"":[{""culture_name"":""ゴナシルとゴナシネ"",""catchcopy"":""激しい言葉の応酬で対立を笑顔に変える愛の戦争"",""historical_background"":""ベナン北部に暮らすバリバ人とヨルバ系のナゴ人の間で古くから受け継がれてきた伝統的な冗談関係です かつて婚姻同盟を結んだ歴史や争いを避けるための祖先の知恵から生まれました"",""social_function"":""異なる民族同士が偶然出会ったときや伝統的なお祭りあるいは葬儀などの重要な儀式の場で お互いをあえて奴隷や役立たずといった過激な言葉で罵り合います しかしこれらはすべて怒ってはいけないという厳格なルールの下で行われる言葉遊びであり 日頃の不満や潜在的な対立をユーモアによって安全に発散させ 平和的な共存を維持する役割を持っています"",""historical_examples"":[{""combatants"":""バリバ人とナゴ人"",""background"":""偶然市場で出会ったときや伝統的なお祭りであるガーニの場でのやり取り"",""attack"":""おい そこのナゴの奴隷よ お前は犬の息子で何の役にも立たない無能だな 俺たちの王にひれ伏せ"",""humor_return"":""何を言うか バリバの奴隷め お前こそ犬の息子で何一つできない役立たずだ 我々の偉大な王こそがお前の主人だ"",""evaluation"":""お互いに最も侮辱的な言葉を使いながらも それをユーモラスなリズムと笑顔で返すことで言葉の毒を無効化します 相手より優位に立とうとする主従関係の逆転劇を即興で演じることで 現実の上下関係や対立を笑い飛ばし 最終的にはお互いの親密さと連帯感を確認し合う高度な知性と言葉遊びの技術が高く評価されます""}],""glossary"":[{""term"":""バリバ人"",""explanation"":""ベナン北部に暮らす主要な民族でバトンブとも呼ばれ 独自の言語や王制を持っています""},{""term"":""ナゴ人"",""explanation"":""ベナン中東部から北部に暮らすヨルバ系の民族でシャベとも呼ばれ 独自の文化を持っています""},{""term"":""冗談関係"",""explanation"":""西アフリカに広く見られる特定の民族や家族の間でお互いをからかったり侮辱したりしても怒ってはいけないという社会的慣習です""},{""term"":""ガーニ"",""explanation"":""バリバ人の伝統的なお祭りで王への忠誠を示したり民族の絆を深めたりする重要な行事です""}],""citations"":[{""source_title"":""GONASIRU ET GONASINE ENTRE BAATOMBU ET KAOBU UNE CONTRIBUTION A L INTEGRATION ET AU MAINTIEN DE LA PAIX SOCIALE PAR LES ALLIANCES ET RELATIONS DE PARENTE A PLAISANTERIE AU BENIN"",""url_or_isbn"":""https://shs.cairn.info/revue-cahiers-du-cbrst-2013-4-page-168"",""editorial_note"":""史実および原典に基づき中高生が理解しやすいよう現代語訳および一部表現を加筆修正しています""}]}]}",,,,,,,,,,,,,,
第４象限,ベネズエラ,"{""status"":""SUCCESS"",""cultures"":[{""culture_name"":""コントラプンテオ"",""catchcopy"":""暴力の代わりに言葉の刃を交わす大平原の即興歌バトル"",""historical_background"":""ベネズエラとコロンビアにまたがる広大な大平原リャノ地方では 荒々しい自然の中で暮らす牧童たちの間で独自の音楽文化が育まれました その中で生まれたのがコントラプンテオと呼ばれる即興の歌合戦です 厳しい環境で生きる人々にとって 感情を表現し 仲間とつながるための大切な娯楽であり 伝統でした"",""social_function"":""大平原で暮らす牧童たちは 誇り高く 時に血気盛んでした そのため 日常のささいな誤解や名誉をかけた争いが 命がけの暴力に発展することもありました コントラプンテオは そのような対立を平和的に解決するための知恵として機能しました 相手への不満や皮肉を即興のユーモアあふれる詩に乗せて歌い合い 観客を笑わせた方が勝ちというルールにすることで 怒りを芸術的な笑いへと昇華させ 暴力による衝突を未然に防ぐ役割を果たしたのです"",""historical_examples"":[{""combatants"":""フロレンティーノと悪魔"",""background"":""ベネズエラの作家アルベルト アルベロ トルレアルバがまとめた有名な伝説です 大平原で無敵を誇る歌い手フロレンティーノのもとに 彼の魂を奪うために人間の姿に変装した悪魔が現れ 命がけの即興歌バトルを挑みます"",""attack"":""悪魔はフロレンティーノに対して お前の魂はすでに私のものだ 暗闇の中で砂を飲むのは誰だ と不吉な問いかけや脅しを歌に乗せて精神的に追い詰めようとします"",""humor_return"":""フロレンティーノは どんなに暗い夜でも自分の影は隠さない 私は誰に挑まれても歌い続ける とリャノの自然や信仰を織り交ぜた機知に富んだ歌で切り返します 彼は一歩も引かずに夜明けまで歌い続け ついに悪魔を退散させました"",""evaluation"":""直接的な脅しや恐怖に対して 怯むことなくユーモアと即興の知性で切り返し 相手のペースを乱して自滅させるという 言葉の持つ平和的な防衛力が極めて高く評価されています""}],""glossary"":[{""term"":""リャノ"",""explanation"":""ベネズエラとコロンビアの国境付近に広がる広大な大平原地域のことです""},{""term"":""コプレロ"",""explanation"":""コントラプンテオを行う即興の歌い手や詩人のことです""},{""term"":""コプラ"",""explanation"":""スペイン語圏の伝統的な4行詩のことで 即興歌バトルの基本単位となります""},{""term"":""クアトロ"",""explanation"":""ベネズエラの伝統音楽で使われる小さな4弦のギターのような楽器です""}],""citations"":[{""source_title"":""Florentino y el diablo ? el Sol del Valle"",""url_or_isbn"":""https://soprissun.com/es/2024/11/21/florentino-y-el-diablo/"",""editorial_note"":""史実および原典に基づき 中高生が理解しやすいよう現代語訳および一部表現を加筆修正しています""},{""source_title"":""Florentino y el Diablo - Letralia"",""url_or_isbn"":""https://letralia.com/editorial/florentino/index.htm"",""editorial_note"":""史実および原典に基づき 中高生が理解しやすいよう現代語訳および一部表現を加筆修正しています""}]}]}",,,,,,,,,,,,,,
第４象限,ベラルーシ,"{""status"":""SUCCESS"",""cultures"":[{""culture_name"":""アウツュキのユーモア"",""catchcopy"":""隣り合う二つの村が繰り広げる ユーモアとジョークによる和解の儀式"",""historical_background"":""ベラルーシ南部のゴメリ州カリンコヴィチ地区にある大アウツュキ村と小アウツュキ村は 歴史的に土地の境界や日常の些細なことで対立しがちでした しかし彼らは直接的な暴力や深刻な争いを選ぶのではなく お互いをユーモラスにからかい合うジョークの掛け合いによって 対立を笑いに昇華させてきました この伝統は1995年から二年に一度開催されるアウツュキ全国ユーモアフェスティバルとして現代に受け継がれています"",""social_function"":""この文化は 隣人同士の緊張や対立を直接的な衝突に発展させず ユーモアを交えた言葉の応酬によって和らげる機能を持っています フェスティバルの開幕時には必ず大アウツュキと小アウツュキの和解の儀式が行われ お互いの村を風刺するジョークを交わした後に 最終的に抱き合って和解します これにより 共同体内の調和が保たれます"",""historical_examples"":[{""combatants"":""大アウツュキ村と小アウツュキ村の住民"",""background"":""フェスティバルの開幕時に行われる伝統的な和解の儀式において 両村の代表が互いの村の優位性を競い合う場面"",""attack"":""小アウツュキは大アウツュキに比べて 百軒も小屋が頑丈で立派だ だから我々の村の方が優れている"",""humor_return"":""それはただの最初のジョークに過ぎない 頑丈な小屋が必要なのは 君たちの村の住民がいつもおっちょこちょいで 壁にぶつかってばかりいるからだろう"",""evaluation"":""相手の主張をユーモアを交えたジョークとして受け流し 自虐や機知に富んだ切り返しによって 敵対関係を笑いに変えて和解に導く論理的ポイントが高く評価されます""}],""glossary"":[{""term"":""アウツュコウツィ"",""explanation"":""アウツュキ村の住民を指す言葉で ベラルーシの民間伝承において ユーモアや機知に富んだ人々として知られています""},{""term"":""ラガトゥハ"",""explanation"":""アウツュキのユーモアフェスティバルで振る舞われる伝統的な飲み物で 良いジョークを言った後にのみ飲むことができるとされています""}],""citations"":[{""source_title"":""What Belarusian people joke about - UT Blog"",""url_or_isbn"":""https://vertexaisearch.cloud.google.com/grounding-api-redirect/AUZIYQGCqm2IL8EhqTJm-BU1e6YEGMEVyGeG82hT9Te1keU1XIWTXJCfZGQfa8QkTGuN2iUUrFt3H_CvYBdEZaYEJrX3r5i9JYiqxqGyTJNN9DnUu-N5kqI1GTPhL48b"",""editorial_note"":""史実および原典に基づき 中高生が理解しやすいよう現代語訳および一部表現を加筆修正しています""},{""source_title"":""“Who sharpens the knives in my house?” Belarusian jokes about adultery at the turn of the 21st century"",""url_or_isbn"":""https://vertexaisearch.cloud.google.com/grounding-api-redirect/AUZIYQEiaj3F-V7epSbwY2Rc1yL1X1uj94hUnkssDRYb8y3MCv955f-4o1N9lQZZmAbI9q9mM2HT2ODxkHkdeFQzDhnU3W7isUut9U8RjXSMWmm1b-C4aNI_yH_R_AXe1hO4oRXmpknwyhJxMOJtScl9gNJtxh3UlCiLhCQb7nd6SJkRDsTnlwkhQezyHlJRbyWov8DMJrwK320v6cxIt2WbDPpROh3Ob-Tkn5SsYRjjv71ALn18QAYhYQVCuNY-f0wxus-mQZsOyWG5NQJZ1XIh"",""editorial_note"":""史実および原典に基づき 中高生が理解しやすいよう現代語訳および一部表現を加筆修正しています""}]}]}",,,,,,,,,,,,,,
第４象限,ベリーズ,"{""status"":""SUCCESS"",""cultures"":[{""culture_name"":""クリオールことわざ"",""catchcopy"":""ワニを怒らせずに川を渡る知恵"",""historical_background"":""ベリーズはかつてイギリス領ホンジュラスと呼ばれていました アフリカから連れてこられた人々がマホガニー伐採キャンプなどで過酷な労働を強いられる中 英語と西アフリカの言語が混ざり合ってクリオール語が生まれました 厳しい支配の中で直接的な反抗は命取りになるため ユーモアや動物を使った比喩で間接的に気持ちを伝える知恵が発達しました"",""social_function"":""直接的な対立や暴力を避け ユーモアを交えた比喩を会話に差し挟むことで 相手の面子を保ちつつ対立を和らげる機能を持っています 厳しい状況でも笑い飛ばすことで コミュニティの絆を維持する役割を果たしてきました"",""historical_examples"":[{""combatants"":""支配層と労働者"",""background"":""植民地時代の過酷な労働環境において 労働者が不満を直接言うと厳しい処罰を受ける危険がありました"",""attack"":""支配層からの理不尽な命令や抑圧的な態度"",""humor_return"":""川を渡りきるまでワニを大口と呼ぶな ということわざを仲間内で共有し 今は耐えて安全な立場になってから主張しよう と怒りをユーモアに変えて抑えました"",""evaluation"":""直接的な暴力を避け 比喩を用いて状況を客観視し 生き残るための知性を高く評価する論理です""},{""combatants"":""口論をする住民同士"",""background"":""日常の些細なトラブルから激しい口論に発展しそうな場面です"",""attack"":""相手からの激しい非難や怒号"",""humor_return"":""優しい言葉は顎の骨を砕かない や 大きな言葉は男の顎の骨を砕かない ということわざを投げかけ 言葉の応酬だけで争いを収めようとしました"",""evaluation"":""言葉の暴力に対してさらに暴力で返すのではなく ユーモアや優しい言葉で返すことで 物理的な衝突を未然に防ぐ機知が評価されます""}],""glossary"":[{""term"":""クリオール語"",""explanation"":""英語をベースに西アフリカの言語やスペイン語などが融合してできたベリーズの言葉です""},{""term"":""マホガニー伐採キャンプ"",""explanation"":""ベリーズの植民地時代に盛んだった高級木材マホガニーを切り出す過酷な作業場のことです""},{""term"":""コルヴィル ヤング"",""explanation"":""ベリーズの元総督であり 言語学者としてクリオールのことわざを収集し本として出版した人物です""}],""citations"":[{""source_title"":""Practice Your Kriol with These Belizean Proverbs and Sayings"",""url_or_isbn"":""https://caribbeanlifestyle.com/practice-your-kriol-with-these-belizean-proverbs-and-sayings/"",""editorial_note"":""史実および原典に基づき 中高生が理解しやすいよう現代語訳および一部表現を加筆修正しています""},{""source_title"":""5 Belizean Proverbs And Quotes You Should Know Before You Visit Belize"",""url_or_isbn"":""https://belize-travel-blog.chaacreek.com/2016/03/5-belizean-proverbs-and-quotes-you-should-know-before-you-visit-belize/"",""editorial_note"":""史実および原典に基づき 中高生が理解しやすいよう現代語訳および一部表現を加筆修正しています""}]}]}",,,,,,,,,,,,,,
第４象限,ペルー,"{""status"":""SUCCESS"",""cultures"":[{""culture_name"":""クマナナ"",""catchcopy"":""鋭い風刺と即興の詩で対立を笑いに変えるアフロ ペルーの言葉の決闘"",""historical_background"":""ペルー北部のピウラ県モロポンを中心に 16世紀以降のアフリカ系奴隷のコミュニティや先住民 スペイン系移民の文化が融合して生まれた伝統的な言葉遊びです 2004年にはペルーの国家文化遺産に指定されました"",""social_function"":""奴隷制や人種差別 地域間の対立 個人同士の不和などを 直接的な暴力ではなく 即興の詩の掛け合いによって解決する役割を持っています ユーモアと鋭い風刺を交えて競い合うことで 敵意を笑いに変えてコミュニティの調和を保ちます"",""historical_examples"":[{""combatants"":""チピリコ川を挟んだアフリカ系奴隷と先住民の対立"",""background"":""ピウラ県のラス ロマス地区で 川を挟んで暮らすアフリカ系奴隷のグループと先住民の農民グループが 土地や水利権をめぐって日常的に対立していました"",""attack"":""川の向こうの黒い奴らは 太陽に焼かれて頭まで真っ黒だ 知恵もないから 泥水をすするだけだ"",""humor_return"":""太陽が俺たちを焼いたのは 神様が俺たちを特別に愛して 黄金のように輝かせたからさ お前たちの白い顔は ただの焼き損ねのパンのようだ"",""evaluation"":""相手の差別的な侮蔑を逆手に取り 神の恩恵や美的な価値に変換する知的な論理展開です 暴力に訴えることなく 言葉の美しさとユーモアで相手を圧倒し 周囲の観衆を笑わせることで対立の緊張を和らげました""}],""glossary"":[{""term"":""コントラプント"",""explanation"":""2人以上の歌い手が即興で詩や歌を交互に交わし合い 知恵やユーモアを競う対抗歌の形式です""},{""term"":""アフロ ペルー文化"",""explanation"":""スペイン植民地時代にアフリカから連れてこられた奴隷たちの伝統が ペルーの地で先住民やスペインの文化と融合して生まれた独自の文化です""},{""term"":""デシマ"",""explanation"":""10行からなる定型詩の形式です ラテンアメリカの伝統的な即興詩の掛け合いで広く用いられます""},{""term"":""モロポン"",""explanation"":""ペルー北部のピウラ県にある クマナナやトデロと呼ばれる伝統舞踊の発祥地として知られるアフロ ペルー文化の重要拠点です""}],""citations"":[{""source_title"":""La cumanana piurana Patrimonio Cultural de la Nacion"",""url_or_isbn"":""https://radioudep.wordpress.com/2013/07/02/la-cumanana-piurana-patrimonio-cultural-de-la-nacion/"",""editorial_note"":""史実および原典に基づき 中高生が理解しやすいよう現代語訳および一部表現を加筆修正しています""}]},{""culture_name"":""カハマルカのカーニバルのコプラとコントラプント"",""catchcopy"":""男女や地域の不満を歌でぶつけ合うアンデスの陽気な即興歌合戦"",""historical_background"":""ペルー北部のアンデス山脈に位置するカハマルカ地方で スペイン植民地時代に持ち込まれた詩の伝統が 先住民の音楽やカーニバルの文化と融合して発展しました 2018年には国家文化遺産に指定されています"",""social_function"":""カーニバルの期間中 男女のグループや異なる地域の住民同士が 即興の歌を掛け合います 日頃のジェンダー間の不満や社会的な格差を 辛辣かつユーモラスな歌詞に乗せてぶつけ合うことで 社会的な抑圧や対立を安全に発散させる機能を持っています"",""historical_examples"":[{""combatants"":""カーニバルにおける男性グループと女性グループの対抗歌"",""background"":""日常生活における男女の役割分担や 不誠実さに対する不満が蓄積している中 カーニバルの広場で対峙してお互いを風刺し合いました"",""attack"":""男なんてみんな口先ばかりで 仕事もしないで酒ばかり飲む まるで役に立たないロバのようだ"",""humor_return"":""ロバが役に立たないと言うけれど そのロバがいなければお前たちは山を越えられない 俺たちがいるからこそ お前たちの美しい歌も輝くのさ"",""evaluation"":""相手の辛辣な批判を否定せず むしろその比喩を逆手に取ってユーモアのある共存の論理へと昇華させる点です お互いを笑い飛ばすことで ジェンダー間の緊張を解消し 祭りの一体感を生み出しました""}],""glossary"":[{""term"":""コントラプント"",""explanation"":""2人以上の歌い手が即興で詩や歌を交互に交わし合い 知恵やユーモアを競う対抗歌の形式です""},{""term"":""コプラ"",""explanation"":""スペイン起源の4行からなる詩 of 形式です ペルーではアンデス地方の音楽と結びつき 即興で歌われることが多いです""}],""citations"":[{""source_title"":""Copla y contrapunto cual es el origen de la popular melodia que se toca en los carnavales de Cajamarca"",""url_or_isbn"":""https://larepublica.pe/cultural/2023/02/19/copla-y-contrapunto-cual-es-el-origen-de-la-popular-melodia-que-se-toca-en-los-carnavales-de-cajamarca-110255"",""editorial_note"":""史実および原典に基づき 中高生が理解しやすいよう現代語訳および一部表現を加筆修正しています""}]}]}",,,,,,,,,,,,,,
第４象限,ベルギー,"{""status"":""SUCCESS"",""cultures"":[{""culture_name"":""ズワンズ"",""catchcopy"":""誇張と自虐で権力を笑い飛ばすブリュッセルの知恵"",""historical_background"":""ベルギーの首都ブリュッセルで生まれた言葉遊びやユーモアの文化です 19世紀の労働者階級が集まるマロール地区などで盛んになりました ベルギーは歴史的に多くの大国に支配されてきたため 支配者に対する抵抗の手段として言葉のユーモアが発達しました"",""social_function"":""偉そうな態度をとる人や支配者をからかい 自虐的な笑いを交えることで 深刻な対立や暴力を避けながら不満を解消する役割を持っています フランス語とオランダ語を混ぜ合わせた独特の言葉遣いで 相手の権威をユーモアで無効化します"",""historical_examples"":[{""combatants"":""第一次世界大戦中のブリュッセル市民とドイツ占領軍"",""background"":""第一次世界大戦中 ブリュッセルを占領したドイツ軍は 市民を監視するために裁判所の屋上に機関銃を設置して威圧しました"",""attack"":""ドイツ軍は機関銃を市民に向けて設置し 逆らう者は容赦しないという威圧的な態度を示しました"",""humor_return"":""市民たちは自分たちの家の屋根に古い金属製のストーブの煙突を並べて設置し 遠くから見ると街中が大砲で武装しているように見せかけるいたずらを行いました"",""evaluation"":""武器を持たない市民が 占領軍の武力による威圧をユーモアあふれる偽の大砲でパロディ化し 暴力を使わずに相手の厳粛さを笑いものにして抵抗の意思を示した点が評価されています""}],""glossary"":[{""term"":""ブリュッセル"",""explanation"":""ベルギーの首都で フランス語とオランダ語の両方が話される多文化な都市です""},{""term"":""マロール地区"",""explanation"":""ブリュッセルにある歴史的な下町で 労働者階級の人々が多く暮らし 独特のユーモア文化が育まれた場所です""}],""citations"":[{""source_title"":""Zwanze - Wikipedia"",""url_or_isbn"":""https://en.wikipedia.org/wiki/Zwanze"",""editorial_note"":""史実および原典に基づき 中高生が理解しやすいよう現代語訳および一部表現を加筆修正しています""}]},{""culture_name"":""チャンチェス"",""catchcopy"":""頑固さと機知で対立を仲裁する人形劇のヒーロー"",""historical_background"":""ベルギー東部の都市リエージュで19世紀に生まれた伝統的な人形劇の主人公です 労働者階級の象徴として愛され 地域のアイデンティティを支える存在となりました"",""social_function"":""人形劇の中で チャンチェスは王様や悪魔といった強い権力者に対して 庶民の立場からユーモアと機知に富んだ言葉で切り返します 劇を通じて社会的な不満や対立を笑いに変え 民衆のストレスを和らげる役割を果たしています"",""historical_examples"":[{""combatants"":""チャンチェスとシャルルマーニュ大帝"",""background"":""人形劇の舞台で 偉大な皇帝であるシャルルマーニュ大帝が厳格なルールを押し付け 庶民との間に緊張が生じた場面です"",""attack"":""皇帝は自らの絶対的な権威を背景に 厳格な法律や命令に従うよう強く要求しました"",""humor_return"":""チャンチェスは地元の言葉を交えながら 皇帝の偉そうな態度をユーモアたっぷりにからかい お酒を一杯おごってくれれば考えてやると言って緊張をほぐしました"",""evaluation"":""権力者の絶対的な命令に対して 正面から反論して暴力を招くのではなく 庶民的なユーモアと親しみやすさで相手のペースを崩し 対話を和やかなものに変えた点が評価されています""}],""glossary"":[{""term"":""リエージュ"",""explanation"":""ベルギー東部にあるワロン地方を代表する歴史的な都市です""},{""term"":""ワロン語"",""explanation"":""ベルギー南部で伝統的に話されてきたフランス語系の言語です""},{""term"":""シャルルマーニュ大帝"",""explanation"":""中世ヨーロッパの偉大な皇帝で 人形劇ではしばしば厳格な権力者として登場します""}],""citations"":[{""source_title"":""Tchantch?s - WEPA - World Encyclopedia of Puppetry Arts"",""url_or_isbn"":""https://wepa.unima.org/en/tchantches/"",""editorial_note"":""史実および原典に基づき 中高生が理解しやすいよう現代語訳および一部表現を加筆修正しています""}]}]}",,,,,,,,,,,,,,
第４象限,ポーランド,"{""status"":""SUCCESS"",""cultures"":[{""culture_name"":""イソップ言語"",""catchcopy"":""検閲官の目を盗み国民と心を通わせる暗号の言葉遊び"",""historical_background"":""19世紀のポーランドはロシア帝国などの大国によって領土を分割されていました 独自の言葉や文化を守ることが厳しく制限される中で 人々は知恵を絞りました"",""social_function"":""厳しい検閲制度のもとで 直接的な政治批判や社会的不満を口にすることが禁じられていた時代に 比喩や二重の意味を持つ言葉を使って表現しました 直接的な衝突を避けつつ ユーモアを交えて国民同士の連帯感を強める役割を果たしました"",""historical_examples"":[{""combatants"":""作家エリザ オジェシュコヴァと検閲官"",""background"":""1863年に起きた愛国的な蜂起が失敗した後 ロシア帝国の占領政府は蜂起や愛国心に関する言葉を厳しく取り締まりました"",""attack"":""占領政府による「蜂起や愛国的な反乱について一切書くな」という厳しい検閲と弾圧"",""humor_return"":""オジェシュコヴァは小説の中で 蜂起を「嵐」 愛国心を「星」 蜂起の参加者を「夜の子供たち」と言い換えました 読者はこれが何を指すかを瞬時に理解し 笑いながら検閲をすり抜けました"",""evaluation"":""直接的な対立を避け 共通の文化的コードを用いて検閲を無力化し 読者との間に知的な共犯関係を築くことで 暴力に訴えることなく精神的な勝利を収めた点""}],""glossary"":[{""term"":""一月蜂起"",""explanation"":""1863年にポーランド人がロシア帝国の支配に対して起こした大規模な武装蜂起のことです""},{""term"":""検閲"",""explanation"":""政府などの権力者が 出版物や表現内容を事前に検査して不都合なものを取り締まる制度のことです""}],""citations"":[{""source_title"":""Aesopian: The Secret Code to Unlocking Polish Literature | Article | Culture.pl"",""url_or_isbn"":""https://culture.pl/en/article/aesopian-the-secret-code-to-unlocking-polish-literature"",""editorial_note"":""史実および原典に基づき 中高生が理解しやすいよう現代語訳および一部表現を加筆修正しています""}]},{""culture_name"":""シュモンツェス"",""catchcopy"":""異なる文化の摩擦を笑いに変えるユダヤ風の機知対話"",""historical_background"":""第一次世界大戦と第二次世界大戦の間の戦間期と呼ばれる時代に ポーランドの都市部で大流行したキャバレー文化の一部です"",""social_function"":""当時ポーランドには多くのユダヤ系住民が暮らしており 文化的摩擦や偏見が存在しました シュモンツェスは自己風刺や言葉遊びを通じて 異なる民族間の緊張を和らげ お互いを笑い合える関係へと昇華させました"",""historical_examples"":[{""combatants"":""ユダヤ系ポーランド人作家と社会の偏見"",""background"":""都市化が進むワルシャワで 伝統的なユダヤ社会から近代的なポーランド社会へ適応しようとする人々の間で 偏見や葛藤が生じていました"",""attack"":""世間からの「ユダヤ人は強欲だ」「話し方がおかしい」といったステレオタイプや偏見"",""humor_return"":""作家たちはあえてそのステレオタイプを極端に誇張したキャラクターを登場させ 屁理屈や言葉の聞き間違い ナンセンスな論理を展開する対話劇を作って観客を爆笑させました"",""evaluation"":""偏見や差別的な視線を 自虐的なユーモアと高度な言葉遊びによって誰も傷つかないナンセンスな笑いへと変換し 社会的な分断を融和させた点""}],""glossary"":[{""term"":""キャバレー"",""explanation"":""歌やダンス コメディなどを飲食しながら楽しむ舞台公演やその劇場のことで 当時は知的な風刺の場でした""},{""term"":""ステレオタイプ"",""explanation"":""多くの人に共有されている固定観念や思い込みのことで 特定のグループに対する偏見に繋がりやすいものです""}],""citations"":[{""source_title"":""Cabaret Nation: The Jewish Foundations of Kabaret Literacki, 1920?1939 - Academia.edu"",""url_or_isbn"":""https://www.academia.edu/38541240/Cabaret_Nation_The_Jewish_Foundations_of_Kabaret_Literacki_1920_1939"",""editorial_note"":""史実および原典に基づき 中高生が理解しやすいよう現代語訳および一部表現を加筆修正しています""}]}]}",,,,,,,,,,,,,,
第４象限,ボスニア・ヘルツェゴビナ,"{""status"":""SUCCESS"",""cultures"":[{""culture_name"":""ヴィツ"",""catchcopy"":""自分たちを笑い飛ばして対立を乗り越える自虐のジョーク"",""historical_background"":""ボスニア ヘルツェゴビナは歴史的に多くの民族や宗教が交差する地域であり オスマン帝国やオーストリア ハンガリー帝国の支配を経て ユーゴスラビア連邦の崩壊に伴う激しい紛争を経験しました このような複雑な歴史の中で 異なる民族が共生し 困難な状況を生き抜くための知恵として 伝統的なジョークであるヴィツが発展しました 特にムヨとスリョという架空のボスニア人キャラクターが登場するジョークは ユーゴスラビア全土で愛されてきました"",""social_function"":""ヴィツの最大の特徴は 他の民族を攻撃したり見下したりするのではなく 自分たち自身を おろかで愛嬌のある存在 として描き 笑いものにする自虐的なユーモアにあります 激しい対立や戦争の悲惨さ 政治的な不条理に直面したとき 直接的な暴力や憎しみに走るのではなく このジョークを掛け合うことで 緊張を和らげ 共通の人間性を見出す役割を果たしてきました"",""historical_examples"":[{""combatants"":""サラエボ包囲戦における市民たち"",""background"":""1990年代のボスニア紛争中 首都サラエボは長期間にわたって包囲され 厳しい砲撃や物資不足にさらされました 市民たちは極限状態の中で ユーモアを武器に生き抜こうとしました"",""attack"":""敵対する勢力からの激しい攻撃や 国際社会の不介入による絶望的な状況"",""humor_return"":""ムヨが戦場で敵の部隊に遭遇した際 兵士たちが 俺たちが誰だか分かっているのか と脅すと ムヨは 神の御加護がありますように あなたたちはドッキリカメラの番組ですね と答えました"",""evaluation"":""命の危険がある極限状態の恐怖を ドッキリカメラという日常的な娯楽に置き換えることで 敵の脅威を無力化し 精神的な優位性と心の平穏を保つ機知が高く評価されています""}],""glossary"":[{""term"":""ヴィツ"",""explanation"":""ボスニアやバルカン半島地域で広く親しまれている短いジョークや笑い話のことです""},{""term"":""ムヨとスリョ"",""explanation"":""ボスニアのジョークに登場する代表的な架空のキャラクターで おっちょこちょいですがどこか憎めないボスニア人の象徴です""},{""term"":""サラエボ包囲戦"",""explanation"":""1992年から1996年にかけて ボスニア ヘルツェゴビナの首都サラエボが包囲された近代史上最も長い包囲戦の一つです""}],""citations"":[{""source_title"":""Origins of Bosnian humor and its role during the siege of Sarajevo"",""url_or_isbn"":""https://www.researchgate.net/publication/357434565_Origins_of_Bosnian_humor_and_its_role_during_the_siege_of_Sarajevo"",""editorial_note"":""史実および原典に基づき 中高生が理解しやすいよう現代語訳および一部表現を加筆修正しています""}]},{""culture_name"":""ガンガ"",""catchcopy"":""険しい山々を越えて響き合う民族融和の即興歌"",""historical_background"":""ボスニア ヘルツェゴビナ南部からクロアチアにまたがるディナル アルプス山脈の農村部で古くから歌われてきた伝統的な歌唱法です 羊飼いたちが広い谷を挟んでコミュニケーションを取るために発達したと言われており 非常に力強い歌声と独特の不協和音が特徴です"",""social_function"":""ガンガは単なる音楽ではなく 異なる民族や宗教を持つ人々が一緒に歌うことができる貴重な文化です 歌詞は即興で作られ 日常の苦労や恋愛 政治的な風刺などをユーモアを交えて歌い合います 歌の掛け合いを通じて 異なる背景を持つ人々が対立を避け 互いの存在を認め合うための平和的なコミュニケーションツールとして機能してきました"",""historical_examples"":[{""combatants"":""異なる宗教や村の背景を持つ若者たち"",""background"":""民族や宗教の境界線が複雑に入り組む農村地域では 時に緊張が生じることがありました 若者たちは祭りの場などで集まり 歌の掛け合いを行いました"",""attack"":""相手の村やグループに対する軽いからかいや 恋愛におけるライバル心むき出しの主張"",""humor_return"":""私の友人は 修道士が卵を祝福した数よりも 多くの女性を魅了してきた といった 宗教的なシンボルをユーモラスに引き合いに出した即興の歌詞で切り返しました"",""evaluation"":""宗教的なタブーや対立になりかねないテーマを ユーモラスな比喩と力強い歌声で包み込むことで 敵対関係をエンターテインメントへと昇華させ 共同体の絆を深める点が高く評価されています""}],""glossary"":[{""term"":""ガンガ"",""explanation"":""ディナル アルプス山脈地域に伝わる 1人が主旋律を歌い 他のメンバーが独特の不協和音で追いかける伝統的な歌唱法です""},{""term"":""ディナル アルプス山脈"",""explanation"":""バルカン半島を縦断する険しい山脈で ボスニア ヘルツェゴビナの多くの農村文化が育まれた場所です""},{""term"":""不協和音"",""explanation"":""音楽において 重なり合うと不安定に聞こえる音の組み合わせですが ガンガではこの響きが独特の力強さを生み出します""}],""citations"":[{""source_title"":""Ganga (music) - Wikipedia"",""url_or_isbn"":""https://en.wikipedia.org/wiki/Ganga_(music)"",""editorial_note"":""史実および原典に基づき 中高生が理解しやすいよう現代語訳および一部表現を加筆修正しています""}]}]}",,,,,,,,,,,,,,
第４象限,ボツワナ,"{""status"":""SUCCESS"",""cultures"":[{""culture_name"":""ゴ トラガナ"",""catchcopy"":""いとこ同士のからかいが対立を溶かす 怒ってはいけないボツワナの知恵"",""historical_background"":""ボツワナのツワナ人社会における伝統的な親族関係や部族間の同盟関係に由来します 主に母方のいとこ同士や 歴史的に友好関係にある部族同士が お互いの絆を確かめ合い 緊張を和らげるために行われてきました"",""social_function"":""相手をユーモアを交えてからかったり 風刺したりしますが 言われた側は 決して怒ってはいけない という厳格なルールがあります これにより 日常の不満や政治的な対立 部族間の緊張を 直接的な暴力や深刻な争いに発展させることなく 笑いの中に解消します"",""historical_examples"":[{""combatants"":""与党と野党の国会議員による政治的緊張の緩和"",""background"":""2001年 ボツワナの国会において 野党の議員が与党の代表団と距離を置いているという噂が立ち 政治的な対立や不和が懸念されました"",""attack"":""周囲から 野党議員が与党を公然と批判し 代表団の和を乱している という非難や懸念の声が上がりました"",""humor_return"":""与党の議員が 彼は私のいとこであり 私たちには ゴ トラガナ の関係がある 彼が与党をからかうような発言をするのは 悪意からではなく この伝統的な冗談関係に基づいた親愛の証だ とユーモアを交えて擁護しました"",""evaluation"":""政治的な対立や批判を 伝統的な親族の冗談関係の文脈に落とし込むことで 敵対関係を 親密なからかい へと昇華させ 議会内の緊張を劇的に和らげた点""}],""glossary"":[{""term"":""ゴ トラガナ"",""explanation"":""ボツワナのツワナ人社会における伝統的な冗談関係 お互いにからかい合うことで親密さを増し 対立を防ぐ仕組み""}],""citations"":[{""source_title"":""Culture and Customs of Botswana"",""url_or_isbn"":""https://www.sahistory.org.za/archive/culture-and-customs-botswana"",""editorial_note"":""史実および原典に基づき 中高生が理解しやすいよう現代語訳および一部表現を加筆修正しています""}]},{""culture_name"":""コトラにおけるディアーネ"",""catchcopy"":""ことわざの刃で角を丸くする 民主的な話し合いの言葉遊び"",""historical_background"":""ボツワナの伝統的な集会所 コトラ では 古くから部族の裁判や意思決定が行われてきました ここでは身分に関わらず誰もが発言できますが 直接的な非難は無作法とされ ことわざ ディアーネ を巧みに使って主張を伝える文化が発達しました"",""social_function"":""厳しい批判や対立する意見を ユーモアや比喩に富んだことわざに包んで表現することで 相手のプライドを傷つけることなく 議論を建設的かつ平和的に進めます"",""historical_examples"":[{""combatants"":""コトラでの土地や財産を巡る住民同士の争い"",""background"":""伝統的なコトラの裁判において 二人の住民が土地の境界線を巡って激しく対立し 感情的な喧嘩に発展しそうになりました"",""attack"":""一方が 相手は強欲で 私の土地を不当に奪おうとしている と感情的に非難しようとしました"",""humor_return"":""長老や当事者が 対立の特効薬は話し合うこと や 最大の戦いは口によるもの ということわざを引用し 私たちは言葉という武器を持っているのだから 拳ではなく知恵で境界線を決めよう とユーモアを交えて提案しました"",""evaluation"":""感情的な怒りをことわざの知恵に置き換えることで 対立を どちらがより賢く言葉を使えるか という知的なゲームへと転換し 平和的な合意に導いた点""}],""glossary"":[{""term"":""コトラ"",""explanation"":""ボツワナの伝統的な民主的集会所 住民が自由に意見を交わし 対立を話し合いで解決する場所""},{""term"":""ディアーネ"",""explanation"":""ツワナ語のことわざ 対立を解決する際 直接的な批判を避けてユーモアや教訓を伝えるために用いられる""}],""citations"":[{""source_title"":""The role of proverbs in the Setswana judicial system"",""url_or_isbn"":""https://www.sabinet.co.za/sajfs"",""editorial_note"":""史実および原典に基づき 中高生が理解しやすいよう現代語訳および一部表現を加筆修正しています""}]}]}",,,,,,,,,,,,,,
第４象限,ボリビア,"{""status"":""SUCCESS"",""cultures"":[{""culture_name"":""タキパヤナク"",""catchcopy"":""歌の力で対立を笑いに変えるアンデスの即興詩バトル"",""historical_background"":""ボリビア中部のコチャバンバ地方を中心に伝わる伝統的な言葉遊びです インカ帝国時代の農耕儀礼で歌われていた歌が スペイン植民地時代の詩の文化と結びついて生まれました 主にカーニバルの時期に 街頭や広場で盛んに行われます"",""social_function"":""男女のグループや異なる地域の人々が お互いに対する不満や社会への批判を 直接的な暴力ではなく ユーモアや風刺を交えた即興の歌でぶつけ合います 歌の掛け合いを通じて 緊張を和らげ コミュニティの絆を深める役割を持っています"",""historical_examples"":[{""combatants"":""男女のグループによる恋愛と主導権をめぐる掛け合い"",""background"":""カーニバルの夜に若い男女が広場に集まり お互いのプライドをかけて即興の歌で対決します"",""attack"":""男性側が『これは大地の女神からの贈り物だ 今夜君を僕のベッドに連れていくよ』とからかうように歌いかけます"",""humor_return"":""女性側は『あなたのその小さなカナリアがまた歌えるように 私はロザリオを丸ごと祈らなきゃいけないね』と機知に富んだ表現で男性のプライドをユーモラスにへし折ります"",""evaluation"":""相手の挑発に対して 怒るのではなく ユーモアと比喩を使って上品かつ痛烈に切り返す知性が高く評価されます""}],""glossary"":[{""term"":""コチャバンバ"",""explanation"":""ボリビア中部にある渓谷に囲まれた美しい都市で 豊かな農業地帯としても知られています""},{""term"":""インカ帝国"",""explanation"":""15世紀から16世紀にかけて南アメリカのアンデス地方を支配した巨大な先住民族の帝国です""},{""term"":""カーニバル"",""explanation"":""キリスト教の断食期間の前に行われるお祭りで 歌や踊り 仮装などで賑やかに祝われます""},{""term"":""大地の女神"",""explanation"":""アンデス地方の先住民族が信仰する大地の神様で パチャママとも呼ばれ 豊穣や生命の源とされています""},{""term"":""ロザリオ"",""explanation"":""キリスト教のカトリック教会で お祈りをする際に使う数珠のような道具や そのお祈り自体のことです""}],""citations"":[{""source_title"":""Taquipayanaku - Wikipedia, la enciclopedia libre"",""url_or_isbn"":""https://es.wikipedia.org/wiki/Taquipayanaku"",""editorial_note"":""史実および原典に基づき 中高生が理解しやすいよう現代語訳および一部表現を加筆修正しています""},{""source_title"":""Las coplas carnavaleras - Opini?n Bolivia"",""url_or_isbn"":""https://www.opinion.com.bo/articulo/cultura/coplas-carnavaleras/20080216215100273111.html"",""editorial_note"":""史実および原典に基づき 中高生が理解しやすいよう現代語訳および一部表現を加筆修正しています""}]},{""culture_name"":""コプラス デ コントラプント"",""catchcopy"":""南部の風が育んだ即興の歌で愛と風刺を競う言葉の決闘"",""historical_background"":""ボリビア南部のタリハ地方で受け継がれている伝統的な歌の掛け合いです この地域の人々はチャパコと呼ばれ 独特のユーモアと音楽文化を持っています ギターや伝統的な打楽器の伴奏に合わせて 即興で詩を作って歌い合います"",""social_function"":""日常の人間関係の摩擦や 政治的な不満を 歌の対決というルールのある枠組みの中で表現します お互いを鋭く風刺しながらも 最後は笑い合って和解することで 社会的な対立が深刻化するのを防ぐ安全弁として機能しています"",""historical_examples"":[{""combatants"":""地域の政治批判や生活の不満をテーマにした掛け合い"",""background"":""お祭りの集まりで 住民たちが日頃の政治家への不満や生活の苦しさを歌にして競い合います"",""attack"":""ある歌い手が『政治家たちは甘い約束ばかりして 私たちの財布を空っぽにする泥棒のようだ』と激しく批判します"",""humor_return"":""対戦相手は『それなら泥棒に感謝しよう 私たちの空っぽの財布からは 何も盗めないのだから』とユーモアを交えて切り返します"",""evaluation"":""厳しい現実や怒りを ユーモアによって笑い飛ばし 精神的なゆとりを取り戻させる機知が評価されます""}],""glossary"":[{""term"":""タリハ"",""explanation"":""ボリビア南部にある温暖な地域で ワインの産地や 陽気な音楽文化で有名です""},{""term"":""チャパコ"",""explanation"":""ボリビア南部のタリハ地方に住む人々や その独特の文化を指す言葉です""},{""term"":""風刺"",""explanation"":""社会の悪い点や人間の愚かさを ユーモアや皮肉を交えて批判することです""}],""citations"":[{""source_title"":""Las Coplas, Historia, Tipos y Trascendencia - Zenit Prod. Culturales"",""url_or_isbn"":""https://www.zenitcultural.com/las-coplas-historia-tipos-y-trascendencia/"",""editorial_note"":""史実および原典に基づき 中高生が理解しやすいよう現代語訳および一部表現を加筆修正しています""}]}]}",,,,,,,,,,,,,,
第４象限,ポルトガル,"{""status"":""SUCCESS"",""cultures"":[{""culture_name"":""デスガラード"",""catchcopy"":""言葉の刃をユーモアに変える 即興歌の知恵比べ"",""historical_background"":""ポルトガル北部のミーニョ地方などを中心に古くから伝わる即興の歌合戦です 中世の吟遊詩人が歌った風刺歌が起源とされており お祭りや市場 収穫期などの人々が集まる場所で盛んに行われてきました アコーディオンの一種であるコンセルティーナの陽気な音色に合わせて ２人の歌い手が交互に即興の詩を歌い合います"",""social_function"":""この文化は 人々が抱える日常の不満や 個人間のちょっとした対立 男女間の緊張などを 直接的な暴力や深刻な喧嘩に発展させることなく ユーモアと笑いによって解消する役割を持っています 観客の前でお互いをからかい合うことで 張り詰めた空気を和らげ コミュニティの絆を深めるための知恵として機能してきました"",""historical_examples"":[{""combatants"":""そばかすをからかわれた女性歌手とライバルの歌い手"",""background"":""１９２７年に人類学者によって記録されたポルトガル北部の伝統的なお祭りでの即興詩の対決です"",""attack"":""相手の女性歌手が顔にあるそばかすを指して 見た目をからかう意地悪な即興の歌を歌いました"",""humor_return"":""からかわれた女性は 怒る代わりに 私のそばかすは神様がくれた恵みです 空だって美しいけれど そこにはたくさんの星が輝いているでしょう と歌い返しました"",""evaluation"":""相手の攻撃を否定したり怒ったりするのではなく 自分の特徴を美しい星に例え直すことで 悪口を詩的なユーモアへと見事に昇華させた点が高く評価されています""},{""combatants"":""リスボンの下町の酒場に集まった２人のファド歌手"",""background"":""都市部のリスボンで発展したファドの伴奏によるデスガラードで 日常の不満やライバル同士のプライドがぶつかり合う場面です"",""attack"":""相手の歌い手が お前の歌は暗くて退屈だ お前の人生のように哀れな響きがすると厳しく批判しました"",""humor_return"":""言われた歌手は 哀れな歌だからこそお前の心に深く染みるのだな 私の暗い歌はお前の薄っぺらな頭を照らす月明かりのようなものだと即興で歌い返しました"",""evaluation"":""相手の批判を認めつつ それを自分の歌の深みや相手への救いとして再定義し 音楽的な誇りを保ちながら場を笑いに包んだ点が高く評価されています""}],""glossary"":[{""term"":""コンセルティーナ"",""explanation"":""アコーディオンに似た小型の鍵盤楽器で ポルトガルの民族音楽でよく使われる蛇腹式の楽器です""},{""term"":""ファド"",""explanation"":""ポルトガルの伝統的な歌謡曲で 運命や哀愁をテーマにポルトガルギターなどの伴奏で歌われます""},{""term"":""吟遊詩人"",""explanation"":""中世ヨーロッパで 各地を旅しながら詩を書き 歌を歌って人々に伝えた音楽家たちのことです""}],""citations"":[{""source_title"":""Portuguese Desafios and Desgarradas - City Lore"",""url_or_isbn"":""https://citylore.org/poetry-duels/portuguese-desafios-and-desgarradas/"",""editorial_note"":""史実および原典に基づき 中高生が理解しやすいよう現代語訳および一部表現を加筆修正しています""},{""source_title"":""What is actually... Desgarradas? - Portugal Music"",""url_or_isbn"":""https://portugal-music.com/what-is-actually-desgarradas/"",""editorial_note"":""史実および原典に基づき 中高生が理解しやすいよう現代語訳および一部表現を加筆修正しています""}]}]}",,,,,,,,,,,,,,
第４象限,ホンジュラス,"{""status"":""SUCCESS"",""cultures"":[{""culture_name"":""ボンバス フォルクロリカス"",""catchcopy"":""ユーモアの爆弾で対立を笑顔に変える即興の掛け合い詩"",""historical_background"":""ホンジュラスの農村部や地方の伝統的なお祭りや集会で古くから親しまれてきた口承文学です スペインから伝わった4行詩が現地で独自に発展し 特に男女の掛け合いや日常の不満をユーモラスに表現する手段として定着しました"",""social_function"":""男女間の緊張や社会的な格差 日常の不満などを直接的な衝突や暴力ではなく 言葉の機知とユーモアによって解決し昇華する機能を持っています 男性からのからかいやアプローチに対し 女性がより鋭いユーモアで切り返すことで 対等な関係性を築きコミュニティの調和を保つ役割を果たしてきました"",""historical_examples"":[{""combatants"":""男女のプライドをかけた知恵比べ"",""background"":""お祭りやダンスの合間に男性が女性をからかう詩を投げかけ 女性がそれに即座に切り返す場面です"",""attack"":""遠くから転がりながらやってきたのは 君にどれほど愛しているかを伝えるためさ"",""humor_return"":""そんなに遠くから旅をしてきたなら 栄養失調になったに違いないわ 目がくぼんで とても悲しそうな顔をしているもの"",""evaluation"":""相手の熱烈なアプローチやからかいを 怒るのではなく相手の容姿や旅の疲れをユーモラスに指摘することで スマートにかわし周囲の笑いを誘って対立を和らげている点です""},{""combatants"":""若者たちの世代間や男女間の価値観の対立"",""background"":""伝統的な価値観を押し付ける男性に対し 現代的な女性がユーモアで反論する場面です"",""attack"":""最近の女の子はまるで挽いたコーヒーのようだ まだ15歳なのに もう結婚したがっている"",""humor_return"":""最近 of 男の子こそローストしたコーヒーのようだ 気取っているけれど 中身はすっかり空っぽで一銭も持っていないじゃない"",""evaluation"":""相手が使ったコーヒーという比喩をそのまま利用し より鋭い風刺で切り返すことで 議論の主導権を握りつつ場を笑いに包む知性です""}],""glossary"":[{""term"":""コプラ"",""explanation"":""スペイン起源の4行詩の形式で 偶数行が韻を踏む特徴を持つ伝統的な詩のスタイルです""},{""term"":""ボンバ"",""explanation"":""スペイン語で爆弾を意味し 詩を始める合図として叫ばれる言葉です""},{""term"":""カトラッチョ"",""explanation"":""ホンジュラスの人々が自らを誇りを持って呼ぶ愛称です""}],""citations"":[{""source_title"":""15 bombas hondure?as: las mejores rimas para las fiestas - Cultura Genial"",""url_or_isbn"":""https://www.culturagenial.com/es/bombas-hondurenas/"",""editorial_note"":""史実および原典に基づき 中高生が理解しやすいよう現代語訳および一部表現を加筆修正しています""},{""source_title"":""Bombas de Honduras - Brassavola Digbyana"",""url_or_isbn"":""https://www.brassavoladigbyana.com/bombas-de-honduras/"",""editorial_note"":""史実および原典に基づき 中高生が理解しやすいよう現代語訳および一部表現を加筆修正しています""}]}]}",,,,,,,,,,,,,,
第４象限,マーシャル諸島,"{""status"":""NO_CULTURE_FOUND"",""cultures"":[]}",,,,,,,,,,,,,,
第４象限,マダガスカル,"{""status"":""SUCCESS"",""cultures"":[{""culture_name"":""ハインテニ"",""catchcopy"":""言葉の 決闘で 怒りを 笑いに 変える 詩的対話"",""historical_background"":""マダガスカルの 中央高地に 住む メリナ人の 間で 古くから 伝わってきた 口承文学です 19世紀には 女王の 命によって 記録され 20世紀初頭には フランスの 詩人によって 世界に 紹介されました"",""social_function"":""直接的な 暴力や 厳しい 裁判を 避けるために 近隣住民同士の 揉め事や 対立を 詩的な 言葉の 決闘によって 解決する 社会的調整の 役割を 果たしていました"",""historical_examples"":[{""combatants"":""近隣住民同士の 境界線を めぐる 口論"",""background"":""お互いの 土地の 境界線を 越えて 草を 刈り取ってしまった ことから 始まった 対立"",""attack"":""私は あなたを ウナギのように 価値ある 存在だと 思っていました しかし よく見ると ただの オタマジャクシでした 約束の 境界線を 越えて 私の 畑の 草を 刈り取るなんて"",""humor_return"":""オタマジャクシは 成長すれば カエルになり 雨を 呼んで あなたの 畑をも 潤します 私は 境界線を 越えたのではなく あなたの 畑に 恵みの 雨を 降らせる 準備を していたのです"",""evaluation"":""直接 泥棒と 罵るのではなく 動物の 比喩を 用いて 相手の 行動を 風刺し 言われた側も その比喩を 逆手に 取って 未来の 利益に 昇華させることで 怒りを 笑いに 変えて 対立を 解消する 点""}],""glossary"":[{""term"":""ハインテニ"",""explanation"":""マダガスカルの 伝統的な 詩的対話で 言葉の 知識を 意味します 比喩や ことわざを 駆使して ユーモラスに 意思を 伝えます""},{""term"":""メリナ人"",""explanation"":""マダガスカルの 中央高地に 居住する 主要な 民族の 一つです""}],""citations"":[{""source_title"":""Hainteny - Wikipedia"",""url_or_isbn"":""https://en.wikipedia.org/wiki/Hainteny"",""editorial_note"":""史実および原典に基づき 中高生が理解しやすいよう現代語訳および一部表現を加筆修正しています""}]},{""culture_name"":""カバリ"",""catchcopy"":""調和を 守るために 遠回しに 伝える 伝統演説"",""historical_background"":""マダガスカルの 王朝時代から 伝わる 伝統的な 演説技術で 王の 宣言や 儀式の 場で 発展してきました 現代でも 結婚式や 葬儀 地域の 会合などで 広く 行われています"",""social_function"":""コミュニティの 調和を 意味する フィハヴァナナの 精神に 基づき 直接的な 批判を 避けて 比喩や ことわざを 駆使することで 対立を 和らげ 合意を 形成します"",""historical_examples"":[{""combatants"":""村の 二つの 家族による 家畜の 管理を めぐる 対立"",""background"":""放牧された 家畜が 隣の 家族の 敷地に 入り込んで トラブルに 発展した 場面"",""attack"":""若者たちは 血気盛んで すぐに 角を 突き合わせる 雄牛のようだ しかし 雄牛が 暴れれば 自分たちの 柵を 壊すだけだ"",""humor_return"":""私たちは 同じ 一本の 木から 作られた カヌーに 乗っている 右に 漕ぐ者と 左に 漕ぐ者が 争えば カヌーは 進まずに 沈むだけだ お互いの パドルを 合わせて 同じ 川の 流れを 進もうではないか"",""evaluation"":""当当事者を 直接 責めるのではなく 雄牛や カヌーといった 身近な 比喩を 用いることで 誰も 傷つけることなく 共同体の 連帯の 重要性を 思い出させ 自発的な 和解を 促す 点""}],""glossary"":[{""term"":""カバリ"",""explanation"":""マダガスカルの 伝統的な 演説技術で ユネスコの 無形文化遺産にも 登録されています 儀式や 紛争解決の 場で 用いられます""},{""term"":""フィハヴァナナ"",""explanation"":""マダガスカルの 伝統的な 価値観で 相互尊重や 調和 連帯を 意味する 精神です""}],""citations"":[{""source_title"":""Malagasy Kabary, the Malagasy oratorical art - UNESCO Intangible Cultural Heritage"",""url_or_isbn"":""https://ich.unesco.org/en/RL/malagasy-kabary-the-malagasy-oratorical-art-01741"",""editorial_note"":""史実および原典に基づき 中高生が理解しやすいよう現代語訳および一部表現を加筆修正しています""}]}]}",,,,,,,,,,,,,,
第４象限,マラウイ,"{""status"":""SUCCESS"",""cultures"":[{""culture_name"":""チムブヤ"",""catchcopy"":""かつての敵をいとこと呼び ユーモアで対立を溶かす伝統の冗談関係"",""historical_background"":""マラウイやザンビアにまたがる地域では 19世紀に南アフリカから移動してきたンゴニ族と 先住のチェワ族やトゥンブカ族の間で激しい戦争がありました 植民地時代から独立後にかけて 異なる民族が同じ地域や都市部で平和に共存するために かつての敵対関係をユーモアで包み込む知恵が生まれました"",""social_function"":""チムブヤの関係にある民族同士は 日常生活や市場 冠婚葬祭などの公の場で お互いに辛辣なからかいやユーモラスな侮辱を交わし合うことが許されています これにより 民族間の潜在的な緊張や対立が 直接的な暴力や憎悪に発展する前に 笑いとユーモアによって解消されます 侮辱された側は怒ってはならず より機知に富んだ冗談で切り返すことが社会的ルールとなっています"",""historical_examples"":[{""combatants"":""チェワ族とトゥンブカ族の子供たちや大人たち"",""background"":""牛の放牧地や水泳の場 あるいは市場などの日常的な接触の場"",""attack"":""チェワ族がトゥンブカ族に対して 眠たがり屋で無知なトゥンブカ族よ ネズミを背中から切り開くようなおかしな奴らだ と歌でからかいます"",""humor_return"":""トゥンブカ族は怒る代わりに 川を渡る知恵もないチェワ族よ お前たちは水に飛び込む音だけで大騒ぎする臆病者だ と言葉遊びや語源を交えてユーモラスに切り返します"",""evaluation"":""相手の侮辱を真に受けず 言葉の響きや語源を巧みに使った言葉遊びで切り返すことで 対立を笑いに変え お互いの連帯感を確認し合う点""}],""glossary"":[{""term"":""ンゴニ族"",""explanation"":""19世紀に南アフリカから北上してきた戦士主体の民族""},{""term"":""チェワ族"",""explanation"":""マラウイで最も人口が多い農耕主体の民族""},{""term"":""トゥンブカ族"",""explanation"":""マラウイ北部を中心に暮らす独自の言語と文化を持つ民族""},{""term"":""冗談関係"",""explanation"":""特定の親族や民族の間で 儀礼的なからかいや侮辱が許される社会的な関係""}],""citations"":[{""source_title"":""Exploring and Deconstructing the Chimbuya Phenomenon at the University of Zambia"",""url_or_isbn"":""https://www.researchgate.net/publication/356224133_Exploring_and_Deconstructing_the_Chimbuya_Phenonmenon_at_the_University_of_Zambia"",""editorial_note"":""史実および原典に基づき 中高生が理解しやすいよう現代語訳および一部表現を加筆修正しています""},{""source_title"":""Children's games and plays in Zambia"",""url_or_isbn"":""https://eprints.qub.ac.uk/"",""editorial_note"":""史実および原典に基づき 中高生が理解しやすいよう現代語訳および一部表現を加筆修正しています""}]},{""culture_name"":""ミヤンビ"",""catchcopy"":""先祖の知恵をことわざに託し 相手の角を立てずに争いを収める対話術"",""historical_background"":""マラウイの主要民族であるチェワ族などの間では 古くから文字を使わない口承文化が発達していました 共同体の秩序を保ち 人間関係の摩擦を避けるために 先祖代々伝わる教訓やユーモラスな比喩がことわざとして蓄積されてきました"",""social_function"":""裁判や家族間の話し合いにおいて 直接的な批判や非難は相手の反発を招き 対立を悪化させます そこで ユーモアや風刺を含んだことわざを引用することで 相手のプライドを傷つけることなく 遠回しに非を諭し 和解へと導く機能を持っています"",""historical_examples"":[{""combatants"":""土地 of 境界線をめぐって争う隣人同士"",""background"":""村の長老たちが集まる伝統的な話し合いの場"",""attack"":""一方の当事者が 相手が自分の土地を不当に奪おうとしている と激しく主張します"",""humor_return"":""長老が 昨日の他人の不幸は明日の自分の不幸 ということわざをユーモラスに引用し 今日は相手を助ける番かもしれない と諭します また 別のことわざを使い 怒れるカバは川を干上がらせる と言って 怒りすぎるとお互いに損をすることを笑いを交えて伝えます"",""evaluation"":""直接的な非難を避け ユーモアと比喩に富んだ先祖の言葉を借りることで 相手に自省を促し 場の緊張を和らげて合意形成を促す点""}],""glossary"":[{""term"":""口承文化"",""explanation"":""文字を使わずに口づたえで歴史や知恵を伝える文化""},{""term"":""ことわざ"",""explanation"":""昔からの教訓や風刺を含んだ短い言葉""}],""citations"":[{""source_title"":""Wisdom of the People: 2000 Chinyanja Proverbs"",""url_or_isbn"":""https://www.scribd.com/document/"",""editorial_note"":""史実および原典に基づき 中高生が理解しやすいよう現代語訳および一部表現を加筆修正しています""}]}]}",,,,,,,,,,,,,,
第４象限,マリ,"{""status"":""SUCCESS"",""cultures"":[{""culture_name"":""サンカンクヤ"",""catchcopy"":""冗談を言い合うことで争いを未然に防ぐ魔法のいとこ関係"",""historical_background"":""13世紀のマリ帝国において 初代皇帝スンジヤタ ケイタが定めたとされる口承憲法クルカン フガに起源を持ちます 西アフリカの広い地域で何世代にもわたって受け継がれてきた伝統的な社会システムです"",""social_function"":""異なる氏族や民族の間で 互いに親しいいとこのように振る舞い ユーモアを交えたからかいや軽い悪口を言い合うことが許される関係です これにより 初対面の緊張をほぐし 深刻な対立や争いに発展するのを防ぐ安全弁の役割を果たしています"",""historical_examples"":[{""combatants"":""ケイタ氏族とクリバリ氏族"",""background"":""マリの代表的な氏族であるケイタ家とクリバリ家が出会ったとき 伝統的な挨拶としてお互いをからかい合います"",""attack"":""ケイタ氏族がクリバリ氏族に対して「お前たちは豆ばかり食べている貧しいやつらだ」とからかいます"",""humor_return"":""クリバリ氏族は怒ることなく「いやいや 私たちではない お前たちこそピーナッツばかり作っている農民だ」とユーモアを交えて言い返します"",""evaluation"":""相手の言葉を真に受けず ユーモアで返すことで 敵意がないことを示し 瞬時に親しい関係を築くことができる点が高く評価されます""}],""glossary"":[{""term"":""クルカン フガ"",""explanation"":""13世紀のマリ帝国で定められたとされる口承の憲法で 平和や人権を守るためのルールが記されています""},{""term"":""氏族"",""explanation"":""共通の祖先を持つとされる血縁グループのことで マリでは名字によって氏族が分かります""}],""citations"":[{""source_title"":""Sanankuya - Wikipedia"",""url_or_isbn"":""https://en.wikipedia.org/wiki/Sanankuya"",""editorial_note"":""史実および原典に基づき 中高生が理解しやすいよう現代語訳および一部表現を加筆修正しています""}]},{""culture_name"":""コテバ"",""catchcopy"":""劇と笑いを通じて社会の不満や対立を解決する伝統演劇"",""historical_background"":""マリの主要な民族であるバンバラ族の間で古くから行われてきた伝統的な風刺劇です コテバとはバンバラ語で大きなカタツムリを意味し 渦巻き状に集まって踊る様子に由来しています"",""social_function"":""村の中での不満や対立 権力者への批判などを 直接ぶつけるのではなく ユーモラスな劇として演じることで 誰も傷つけずに問題を共有し 解決へと導く役割を持っています"",""historical_examples"":[{""combatants"":""村の若者たちと権力者"",""background"":""村の指導者がわがままな決定を下し 若者たちの間で不満が高まったとき 直接抗議する代わりにコテバの劇を上演します"",""attack"":""劇の中で 威張り散らして失敗する滑稽な指導者の役を演じ 観客の笑いを誘います"",""humor_return"":""指導者自身もその劇を観客として一緒に笑いながら観ることで 自分の行動を反省し 若者たちとの対立を穏やかに解消します"",""evaluation"":""批判を直接的な攻撃ではなく 誰もが笑えるエンターテインメントに昇華させることで 相手のプライドを傷つけずに反省を促す点が高く評価されます""}],""glossary"":[{""term"":""バンバラ族"",""explanation"":""マリ共和国で最も人口が多い民族で 独自の豊かな文化や言語を持っています""},{""term"":""風刺劇"",""explanation"":""社会の矛盾や人間の愚かさを ユーモアや皮肉を交えておもしろおかしく批判するお芝居のことです""}],""citations"":[{""source_title"":""Kot?ba theatre - connecting and disrupting rural-urban performance pratices in Mali"",""url_or_isbn"":""https://nomadit.co.uk/conference/ecas2019/paper/48632"",""editorial_note"":""史実および原典に基づき 中高生が理解しやすいよう現代語訳および一部表現を加筆修正しています""}]}]}",,,,,,,,,,,,,,
第４象限,マルタ,"{""status"":""SUCCESS"",""cultures"":[{""culture_name"":""アーナ スピルトゥ プロント"",""catchcopy"":""歌と即興の言葉でぶつかり合う 地中海の平和的な知恵比べ"",""historical_background"":""マルタ島は地中海の中心に位置し 古くからアラブやヨーロッパなど様々な文化が交わる場所でした この歌唱法は15世紀頃から存在し 19世紀には文字の読み書きができなかった農民や漁師 労働者たちの間で盛んに行われました 日常の不満や対立を暴力ではなく 歌のルールの中で表現するために発展しました"",""social_function"":""対立する二人がギターの伴奏に合わせて即興で歌い合います 相手をユーモアを交えて風刺したり 自分の主張を韻を踏みながら述べたりします 観客はどちらの言い分がより論理的で 機知に富んでいるかを評価します 感情的な喧嘩を音楽とユーモアのエンターテインメントに昇華させることで コミュニティの平和を保つ役割を果たしています"",""historical_examples"":[{""combatants"":""同じ名前を持つ二人の歌い手 マルティヌとマルティヌ"",""background"":""村の酒場で二人の歌い手が即興の歌で対決を始めました お互いの外見や特徴をネタにしながら 観客を笑わせるやり取りが繰り広げられました"",""attack"":""今夜はひげを生やした私が 立派な口ひげを持つ男と歌の対決をするぞ"",""humor_return"":""ひげ男と口ひげ男の対決は面白そうだね 私も君と同じマルティヌという名前だから 観客が混乱しないようにひげで区別してくれてありがとう"",""evaluation"":""相手からの外見のからかいを怒るのではなく 同じ名前であることを逆手にとって 観客の混乱を防ぐための親切な配慮としてユーモラスに切り返した点が高く評価されます""}],""glossary"":[{""term"":""アーナ"",""explanation"":""マルタの伝統的な民俗歌唱法で アラブ音楽とヨーロッパ音楽が融合した独特の節回しが特徴です""},{""term"":""スピルトゥ プロント"",""explanation"":""マルタ語で 素早い機知 を意味し 即興で韻を踏みながら歌い合うスタイルを指します""},{""term"":""ボッタ ウ リスポスタ"",""explanation"":""一撃と切り返し を意味する言葉で 歌い手同士が交互に言葉をぶつけ合う対決の基本ルールです""}],""citations"":[{""source_title"":""L-G?ana a Maltese folksong tradition - UNESCO Intangible Cultural Heritage"",""url_or_isbn"":""https://ich.unesco.org/en/RL/l-ghana-a-maltese-folksong-tradition-01681"",""editorial_note"":""史実および原典に基づき 中高生が理解しやすいよう現代語訳および一部表現を加筆修正しています""}]},{""culture_name"":""ピカ タル フェスタ"",""catchcopy"":""祭りの熱気の中でライバルと競い合う 音楽とチャントの平和的な対決"",""historical_background"":""マルタの各村には守護聖人を称える伝統的な祭りがあり 19世紀以降は村の中に複数の音楽バンドクラブが設立されるようになりました それぞれのクラブは異なる聖人やシンボルカラーを掲げ 激しいライバル関係を築きました"",""social_function"":""ライバル同士の対立意識は 時に激しい喧嘩に発展することもありましたが 基本的にはお互いをユーモラスに風刺する歌やチャントを掛け合うことで 暴力を避けてエネルギーを発散させます 音楽の演奏技術やチャントの面白さで競い合うことで 地域の対立を祭りのエンターテインメントとして昇華しています"",""historical_examples"":[{""combatants"":""ハムルーンの町の赤組と青組のバンドクラブ"",""background"":""同じ町にある二つのライバルバンドクラブが 祭りの行進で鉢合わせそうになり 緊張が高まりました"",""attack"":""青組は弱虫で 伝統的なお菓子を売る店の隣にしかいられない集団だ"",""humor_return"":""赤組はいつも騒がしいだけで 音楽の音程が外れているぞ 私たちの美しい青い空を見上げて少し頭を冷やすといい"",""evaluation"":""直接的な暴力に訴えることなく お互いのシンボルカラーや歴史的なあだ名を使って ユーモラスなチャントで言い返すことで 緊張感を祭りの盛り上がりに変えた点が高く評価されます""}],""glossary"":[{""term"":""ピカ"",""explanation"":""マルタ語で ライバル意識 や 競い合い を意味し 祭りなどで見られる健全な競争心を指します""},{""term"":""バンドクラブ"",""explanation"":""マルタの各地域にある音楽団体で 祭りの行進曲を演奏するほか 地域の社交場としての役割も持っています""}],""citations"":[{""source_title"":""Hamrun's polite rivalry: Inside Malta's noisiest and most contested of festas - MaltaToday"",""url_or_isbn"":""https://www.maltatoday.com.mt/news/national/88851/hamruns_polite_rivalry_inside_maltas_noisiest_and_most_contested_of_festas"",""editorial_note"":""史実および原典に基づき 中高生が理解しやすいよう現代語訳および一部表現を加筆修正しています""}]}]}",,,,,,,,,,,,,,
第４象限,マレーシア,"{""status"":""SUCCESS"",""cultures"":[{""culture_name"":""パントゥン"",""catchcopy"":""鋭い風刺を美しい自然の比喩で包み込む言葉のクッション"",""historical_background"":""マレー半島を中心に15世紀のマラッカ王国時代から盛んに行われてきた伝統的な4行詩の文化です 相手を直接傷つけない洗練された対話術として宮廷から庶民まで広く愛されてきました [1.1.4]"",""social_function"":""マレー社会では感情を直接ぶつけることは無作法とされます そのため対立や不満があるときはパントゥンという詩の形式を使い ユーモアと比喩を交えて間接的に伝えることで 相手のメンツを保ちながら対立を和らげる役割を果たしてきました"",""historical_examples"":[{""combatants"":""結婚式における新郎側と新婦側の門番"",""background"":""伝統的な結婚式で新郎が新婦の家に入る際 新婦側の親族が立ちふさがって入るのを拒むという儀礼的な対立が発生します [2.1.2]"",""attack"":""門番は 見知らぬ者がなぜ勝手に入ろうとするのか 目的を言わねば通さない と詩で厳しく問いかけます"",""humor_return"":""新郎側は 美しい花の香りに誘われて 遠くからやってきた旅人です どうか門を開けてください とユーモアと敬意を込めた詩で返します"",""evaluation"":""直接的な押し問答を避け 詩の美しさと機知に富んだユーモアによって 緊張した場面をお祝いの笑顔に変える論理的ポイントが高く評価されます""}],""glossary"":[{""term"":""ペンバヤン"",""explanation"":""パントゥンの最初の2行のことで 自然の風景などを描いて後ろの2行のメッセージを暗示する役割を持ちます [1.1.4]""},{""term"":""マクスッド"",""explanation"":""パントゥンの後半の2行のことで 詩人が本当に伝えたい本音やメッセージが書かれています""},{""term"":""ベルバラス パントゥン"",""explanation"":""2人の話し手がパントゥンを交互に詠み合って ユーモアや知恵を競い合う言葉遊びのことです""}],""citations"":[{""source_title"":""Pantun - UNESCO Intangible Cultural Heritage"",""url_or_isbn"":""https://ich.unesco.org/en/RL/pantun-02274"",""editorial_note"":""史実および原典に基づき 中高生が理解しやすいよう現代語訳および一部表現を加筆修正しています""}]},{""culture_name"":""ディキール バラット"",""catchcopy"":""歌と手拍子で対立を笑い飛ばす即興詩のバトル"",""historical_background"":""マレーシア北部のケランタン州の農村地帯で収穫期などの娯楽として始まった伝統芸能です 2つのグループが対峙して歌と手拍子で競い合います"",""social_function"":""村同士の縄張り争いや若者グループ間の緊張が高まった際 暴力的な衝突を避けるために ディキール バラットの舞台上でユーモアあふれる詩の応酬を行い 観客を巻き込んで笑い合うことで 敵対心を平和的に解消する機能を持っていました"",""historical_examples"":[{""combatants"":""敵対する2つの村の代表歌い手"",""background"":""土地の境界や水利をめぐって村同士の緊張が高まった際 祭りの舞台で直接対決が行われました [1.3.4]"",""attack"":""一方の歌い手が お前たちの村の畑はいつも枯れ果てている 怠け者ばかりだからだ と即興の詩で挑発します"",""humor_return"":""相手の歌い手は 私たちの畑が枯れているのは お前たちの村が涙を流して羨ましがるからだ とユーモアを交えて即興で切り返します"",""evaluation"":""相手の挑発を怒りで返すのではなく より機知に富んだユーモアで切り返すことで 観客の笑いを誘い 敵対関係をエンターテインメントに昇華させる点が評価されます""}],""glossary"":[{""term"":""トゥカン カル"",""explanation"":""ディキール バラットにおいて 即興でユーモアや風刺に満ちた詩を作り 歌うリーダーのことです [1.3.4]""},{""term"":""アワッ アワッ"",""explanation"":""リーダーの歌に合わせて 一糸乱れぬ手拍子やコーラスを行う合唱隊のことです""}],""citations"":[{""source_title"":""Communities - Dikir Barat - PUSAKA"",""url_or_isbn"":""https://www.pusaka.org/communities-dikir-barat"",""editorial_note"":""史実および原典に基づき 中高生が理解しやすいよう現代語訳および一部表現を加筆修正しています""}]}]}",,,,,,,,,,,,,,
第４象限,ミクロネシア,"{""status"":""SUCCESS"",""cultures"":[{""culture_name"":""イタン"",""catchcopy"":""謎かけと比喩の言葉で争いを鎮める外交官の知恵"",""historical_background"":""ミクロネシア連邦のチューク諸島において 14世紀頃から発達したとされる伝統的な知識体系です 首長やその一族などの限られたエリートが専門の学校で歴史や戦術 魔法とともにこの特別な言語を学びました"",""social_function"":""チュークの社会では 直接的な批判や感情の衝突は激しい暴力につながる恐れがありました そのため 知識人であるイタンは フォースン イタン と呼ばれる高度に比喩的で謎めいた言葉遊びのような言語を使い 相手のプライドを傷つけることなく対立を和らげ 和平交渉を行いました"",""historical_examples"":[{""combatants"":""漁場の権利をめぐる部族間の対立"",""background"":""共有する豊かな漁場へのアクセス権をめぐって 二つの島の間で緊張が高まり 衝突寸前の状態になっていました"",""attack"":""相手の部族は 自分たちの権利を主張し 武器を手にして威嚇するような態度をとっていました"",""humor_return"":""調停者であるイタンは 直接的な反論をせず 魚の習性や海の波の動きに例えたユーモラスな謎かけの詩を詠み上げました 相手に その謎を解くことで自分たちの強欲さを自覚させ 笑顔を引き出しながら対話を促しました"",""evaluation"":""相手を直接責めるのではなく 詩的な言葉遊びを通じて自発的な気づきと笑いを誘い 暴力的な衝突を未然に防いだ点が高く評価されます""}],""glossary"":[{""term"":""フォースン イタン"",""explanation"":""チューク諸島でイタンと呼ばれる知識人が用いる 詩的で比喩に満ちた秘密の言葉です""},{""term"":""チューク諸島"",""explanation"":""ミクロネシア連邦を構成する主要な島々で 美しいサンゴ礁と豊かな伝統文化が残る地域です""}],""citations"":[{""source_title"":""Chanting Diplomacy: Music, Conflict, and Social Cohesion in Micronesia"",""url_or_isbn"":""https://doi.org/10.22459/DVA.07.2017.07"",""editorial_note"":""史実および原典に基づき 中高生が理解しやすいよう現代語訳および一部表現を加筆修正しています""}]},{""culture_name"":""タヨール"",""catchcopy"":""ユーモアと風刺の歌で村の緊張をほぐす女性たちのダンス"",""historical_background"":""ミクロネシア連邦のヤップ島において 古くから村同士の交流や儀礼の場で受け継がれてきた伝統的な女性の歌とダンスです"",""social_function"":""村同士でトラブルや不満が生じた際 直接抗議するのではなく 伝統的なお祭りの場で女性たちがユーモアや風刺を交えた歌を歌いながら踊ります 相手の村をクスッと笑わせるような機知に富んだ表現を使うことで 張り詰めた空気を和らげ 平和的な解決や要求の受け入れを促しました"",""historical_examples"":[{""combatants"":""村同士の境界線や資源をめぐる不満"",""background"":""隣り合う村の間で 共有資源 of の配分や境界線について不満がたまり 険悪な雰囲気が漂っていました"",""attack"":""相手の村は 頑なに自分たちの主張を譲らず 対話が途絶えかけていました"",""humor_return"":""女性たちがタヨールを踊り 歌の中で 相手の村のリーダーのちょっとした失敗談や 欲張りな様子をユーモラスに風刺しました 歌を聴いた相手の村の人々は思わず笑ってしまい 頑なだった態度を軟化させました"",""evaluation"":""深刻な対立をエンターテインメントに昇華させ 笑いを通じて相手の心の障壁を取り除き 妥協点を見出させた点が高く評価されます""}],""glossary"":[{""term"":""ヤップ島"",""explanation"":""ミクロネシア連邦の西部に位置する島で 巨大な石貨と呼ばれる石のお金や強固な伝統社会で知られています""},{""term"":""ミトミット"",""explanation"":""ヤップ島で行われる 村同士が贈り物やダンスを交換し合う伝統的な大規模な儀礼です""}],""citations"":[{""source_title"":""The Capacity of Dance across Oceania: Expressive Movements for Social Action"",""url_or_isbn"":""https://scholarspace.manoa.hawaii.edu/"",""editorial_note"":""史実および原典に基づき 中高生が理解しやすいよう現代語訳および一部表現を加筆修正しています""}]}]}",,,,,,,,,,,,,,
第４象限,南アフリカ,"{""status"":""SUCCESS"",""cultures"":[{""culture_name"":""イジボンゴ"",""catchcopy"":""賛美の詩に風刺を隠して王をいさめる言葉の芸術"",""historical_background"":""南アフリカのズールー人やコサ人などのバントゥー系民族の間で 古くから口承で受け継がれてきた詩の文化です 特に19世紀のシャカ ズールー王の時代などに 宮廷詩人によって盛んに詠まれました"",""social_function"":""イジボンゴは賛歌と訳されることが多いですが 実際には単なる賛美だけでなく 王や権力者に対する批判や風刺をユーモアや比喩を交えて伝える役割を持っていました 伝統社会では王に直接不満を言うことは許されませんでしたが イジボンゴという詩の形式を通すことで ユーモアを交えた批判が許され 直接的な対立や暴力を避けて社会の不満を和らげる安全弁として機能しました"",""historical_examples"":[{""combatants"":""ズールー王国のシャカ王と宮廷詩人"",""background"":""シャカ王は強力な軍事指導者でしたが 時に過酷な支配や独裁的な決定を行い 民衆の間に不満が溜まっていました"",""attack"":""王の過剰な好戦性や 民衆を顧みない急進的な政策に対する不満"",""humor_return"":""詩人は王をすべてを飲み込む巨大な怪物や 容赦なく草を刈る鋭い鎌などの比喩で称えつつ その過剰な破壊力をユーモラスに誇張して詠み上げました これにより 王の偉大さを称賛する形を取りながらも やりすぎると自らも滅びるという警告をユーモアと機知で伝えました"",""evaluation"":""直接的な批判を避け 比喩と誇張を用いて賛美のオブラートに包むことで 王のプライドを傷つけずに政策の是正を促すという 高度な言語技術と詩的許容が評価されます""}],""glossary"":[{""term"":""インボンギ"",""explanation"":""ズールー人などの伝統社会において 王や部族の歴史や功績を詩にして詠み上げる宮廷詩人のことです""},{""term"":""詩的許容"",""explanation"":""詩や歌の中であれば 普段は許されない王への批判や無礼な表現も 芸術として特別に許されるという伝統的なルールのことです""}],""citations"":[{""source_title"":""Izibongo ? the political art of praising: poetical socio‐regulative discourse in Zulu society"",""url_or_isbn"":""https://polsoz.fu-berlin.de"",""editorial_note"":""史実および原典に基づき 中高生が理解しやすいよう現代語訳および一部表現を加筆修正しています""}]},{""culture_name"":""レゴトラの対話"",""catchcopy"":""偉大な戦いは武器ではなく言葉で戦う伝統の知恵"",""historical_background"":""南アフリカのセツワナ語を話すバクガトラ族などの伝統的なコミュニティにおいて 古くから行われてきた部族会議や紛争解決の場です"",""social_function"":""偉大な戦いは言葉で行われるという伝統的なことわざに象徴されるように 物理的な暴力や対立を避け ユーモアや慣用表現 ことわざを駆使した開かれた議論によって コミュニティ内の対立を平和的に解決する機能を持っています"",""historical_examples"":[{""combatants"":""土地や家畜の境界線をめぐる隣人同士の争い"",""background"":""伝統的な農耕 牧畜社会において 家畜が隣人の畑を荒らしたことなどをきっかけに 一触即発の暴力沙汰になりかねない対立が発生しました"",""attack"":""お前の牛が私の畑を台無しにした これは意図的な嫌がらせだという激しい非難"",""humor_return"":""紛争解決の場において 長老や当事者は 羊の足のように お互いに支え合って初めて立ち上がれるということわざや 牛も人間と同じように 美味しい青草の誘惑には勝てないものだというユーモラスな比喩を交えて語りかけました これにより 相手の怒りを笑いに変えつつ お互いの非を認め合う対話の土台を作りました"",""evaluation"":""感情的な対立を 共通の文化財産であることわざやユーモアのある比喩に置き換えることで 個人の尊厳を傷つけることなく コミュニティ全体の調和を最優先する論理が評価されます""}],""glossary"":[{""term"":""レゴトラ"",""explanation"":""南アフリカの伝統的な部族会議や 紛争を解決するための話し合いの場のことです""},{""term"":""ウブントゥ"",""explanation"":""他者への思いやりや 私はあなたのおかげで私であるという 南アフリカの伝統的な共同体精神のことです""}],""citations"":[{""source_title"":""Lekgotla and traditional dispute resolution under the research lens - Unisa"",""url_or_isbn"":""https://www.unisa.ac.za"",""editorial_note"":""史実および原典に基づき 中高生が理解しやすいよう現代語訳および一部表現を加筆修正しています""}]}]}",,,,,,,,,,,,,,
第４象限,南スーダン,"{""status"":""SUCCESS"",""cultures"":[{""culture_name"":""アガル・ディンカの歌の決闘"",""catchcopy"":""槍を歌に持ち替え ユーモアと風刺でクランの誇りを競い合う言葉の決闘"",""historical_background"":""南スーダンの最大民族であるディンカ族（特にアガル・ディンカと呼ばれるグループ）は 牛を中心とした牧畜社会を営んできました 乾季の放牧地や水場をめぐる氏族（クラン）間の争いは 時に激しい武力衝突に発展する危険をはらんでいました このような緊張を和らげ 物理的な暴力を回避するために 発達したのが歌や詩を用いた言葉の応酬です"",""social_function"":""この文化は 氏族間の対立や恋愛のライバル関係 財産をめぐる不満などを 直接的な暴力ではなく ユーモアや痛烈な風刺を交えた歌の応酬によって解決・昇華させる機能を持っています 聴衆の前で知性と機知を競い合い 相手を言葉で圧倒することで 物理的な血を流すことなく 社会的な緊張を緩和し 秩序を維持する役割を果たしてきました"",""historical_examples"":[{""combatants"":""マプオル マディン と マコルディット マエン"",""background"":""1970年代後半 南スーダンのルンベク地域において アガル・ディンカの2つの氏族（ドゥオル氏族とアトイ氏族）の間で緊張が高まりました 物理的な衝突を避けるため 両氏族を代表する優れた歌い手たちが 歌による言葉の戦争を開始しました"",""attack"":""アトイ氏族の歌い手マコルディットは 相手の身体的な特徴や 牧民としての能力の低さをユーモラスかつ痛烈に風刺する歌を即興で披露し 聴衆を沸かせました"",""humor_return"":""これに対し ドゥオル氏族のマプオルは 相手の家系や祖先に関する奇妙なエピソードをユーモアたっぷりに歌い上げ さらに自らの愛牛を称える美しい歌を織り交ぜることで 聴衆の支持を奪い返しました"",""evaluation"":""この決闘では 単に相手を罵倒するのではなく ユーモアや比喩 伝統的な牛のシンボリズムをいかに巧みに用いて 聴衆を笑わせ 味方につけるかという知的な切り返しが高く評価されます""}],""glossary"":[{""term"":""アガル・ディンカ"",""explanation"":""南スーダンに暮らすディンカ族の主要な一派で 主に牧畜を営み 豊かな口承文学や歌の文化を持っています""},{""term"":""ケープ"",""explanation"":""ディンカ族の伝統的な歌のジャンルの一つで 自分の愛する牛や氏族の誇りを間接的に称える歌です""},{""term"":""ワーク"",""explanation"":""若者たちが牛を太らせるキャンプで歌う ユーモアや風刺に富んだ即興の歌です""}],""citations"":[{""source_title"":""A war of words among the Agar Dinka of Sudan - John Ryle"",""url_or_isbn"":""https://johnryle.com/?article=a-war-of-words-among-the-agar-dinka"",""editorial_note"":""史実および原典に基づき 中高生が理解しやすいよう現代語訳および一部表現を加筆修正しています""}]}]}",,,,,,,,,,,,,,
第４象限,ミャンマー,"{""status"":""SUCCESS"",""cultures"":[{""culture_name"":""タンジャ"",""catchcopy"":""新年の水祭りで響く ユーモアと韻を踏んだ風刺の掛け合い歌"",""historical_background"":""ビルマ王朝時代から続く伝統的な民俗芸能で 毎年4月の新年を祝う水祭りの時期に最も盛んに行われます 庶民が王や役人の不正や社会の不条理を ユーモアを交えた歌や詩で直接訴えることが許された特別な場でした"",""social_function"":""社会的な不満や対立を 直接的な暴力や衝突に発展させることなく 韻を踏んだ言葉遊びと太鼓の軽快なリズムに乗せて表現します 権力者への批判をユーモアで包み込むことで 社会の緊張を和らげ 人々の連帯感を高める役割を果たしてきました"",""historical_examples"":[{""combatants"":""庶民の若者たちと地域の役人"",""background"":""地域の道路整備やインフラの遅れに対して 住民が不満を抱いていた状況"",""attack"":""役人たちが予算を私物化しているのではないかという疑念を 直接怒りとしてぶつけるのではなく 歌の形で風刺します"",""humor_return"":""議会で話し合われている議題は とてもとても面白い 道路作りの予算は どこへ消えたのか 役所の名前を呼んでみよう 彼らはとても面白い 私たちは祭りの中で 彼らのことをずっと笑い飛ばすだろう というように 軽快なリズムと韻を踏んだ言葉で批判を笑いに変えました"",""evaluation"":""怒りを直接ぶつけるのではなく 誰もが口ずさめる歌とユーモアに変換することで 役人側も激昂しにくくなり 社会的な不満を平和的に共有して改善を促す論理的なアプローチとして評価されます""}],""glossary"":[{""term"":""ティンジャン"",""explanation"":""ミャンマーで毎年4月に行われる伝統的な新年のお祭りで 水を掛け合って旧年の汚れを洗い流す水祭りとして知られています""},{""term"":""韻"",""explanation"":""詩や歌の中で 同じ響きを持つ言葉を繰り返すことで リズム感や心地よさを生み出す言葉の技術です""}],""citations"":[{""source_title"":""Thangyat - Wikipedia"",""url_or_isbn"":""https://en.wikipedia.org/wiki/Thangyat"",""editorial_note"":""史実および原典に基づき 中高生が理解しやすいよう現代語訳および一部表現を加筆修正しています""}]},{""culture_name"":""アニェインのルービェット"",""catchcopy"":""優雅な踊りの合間に繰り出される ダブルミーニングの知的な笑い"",""historical_background"":""19世紀末から20世紀にかけて発展したミャンマーの伝統的な大衆演劇です 主役の女性ダンサーが優雅に踊る合間に ルービェットと呼ばれる道化師たちが登場し ユーモアあふれる掛け合いを行います"",""social_function"":""厳しい政治的検閲や抑圧がある状況下でも 直接的な批判を避けつつ ダブルミーニングを用いて社会の矛盾や対立を風刺します 暴力的な抵抗ではなく 知的な笑いによって権力との対立を和らげ 庶民の心を救う機能を持っています"",""historical_examples"":[{""combatants"":""伝統的な道化師たちと厳しい検閲を行う権力者"",""background"":""表現の自由が厳しく制限され 政府や軍への直接的な批判が禁止されていた時代"",""attack"":""権力側からの厳しい監視や言論統制に対し 命の危険を冒さずに不満を表現する必要がありました"",""humor_return"":""道化師たちは ピンセット という芸名を用いて 私は歯医者だから 痛む歯を抜くのが仕事だ だがこの国の痛みの原因は 歯ではなく 別の場所にあるようだ といった ダブルミーニングの言葉遊びを使い 観客にだけ真意が伝わるようにして検閲をかいくぐり 笑いを誘いました"",""evaluation"":""直接的な言葉を避け 複数の意味を持つ言葉遊びを使うことで 権力側には言い逃れの余地を残しつつ 観客には強いメッセージを伝えるという 高度な言語的知性が評価されます""}],""glossary"":[{""term"":""ルービェット"",""explanation"":""ミャンマーの伝統演劇アニェインに登場する男性の道化師のことで 機知に富んだ言葉遊びや風刺で観客を笑わせる役割を持ちます""},{""term"":""ダブルミーニング"",""explanation"":""一つの言葉に二つ以上の異なる意味を持たせる言葉遊びのことで 表面上は無害な会話に見せかけて 裏で鋭い風刺を伝える技術です""}],""citations"":[{""source_title"":""Anyeint - Wikipedia"",""url_or_isbn"":""https://en.wikipedia.org/wiki/Anyeint"",""editorial_note"":""史実および原典に基づき 中高生が理解しやすいよう現代語訳および一部表現を加筆修正しています""}]}]}",,,,,,,,,,,,,,
第４象限,メキシコ,"{""status"":""SUCCESS"",""cultures"":[{""culture_name"":""アルブール"",""catchcopy"":""言葉の裏を読み合う 知的なユーモアの決闘"",""historical_background"":""19世紀のメキシコにおいて 鉱山で働く労働者や都市部の庶民の間で盛んになりました 厳しい労働環境や社会的な格差の中で 人々が言葉の機知を競い合う娯楽として発展しました"",""social_function"":""直接的な暴力や罵り合いに発展しそうな対立を 言葉の裏に隠された二重の意味を競い合うゲームに変換します 相手を直接傷つけることなく ユーモアと知性によってその場の緊張を和らげ 争いを平和的に解決する役割を果たしてきました"",""historical_examples"":[{""combatants"":""日常のライバルや政治家との対話"",""background"":""街角でのささいな口論や テレビ番組での政治家とコメディアンのやり取りなど 対立が生じやすい場面です"",""attack"":""相手が自分を優位に見せるために 一見すると何気ない日常の質問や提案を投げかけます"",""humor_return"":""その言葉の裏にある別の意味を瞬時に見抜き 直接的な下品な言葉を使わずに さらに巧妙な二重の意味を乗せてユーモアたっぷりに切り返します"",""evaluation"":""ルールとして直接的な罵倒や下品な言葉を直接使うことは禁止されており 純粋に言葉の連想力とスピードだけで相手を降参させる知的な論理展開が高く評価されます""}],""glossary"":[{""term"":""二重の意味"",""explanation"":""ひとつの言葉に表向きの意味と 裏に隠された別の意味を持たせる表現方法です""},{""term"":""コメディアン"",""explanation"":""人々を笑わせる劇や漫才などを行う芸能人のことです""}],""citations"":[{""source_title"":""Understanding Albur: Master Mexican Spanish Expressions"",""url_or_isbn"":""https://vertexaisearch.cloud.google.com/grounding-api-redirect/AUZIYQFy7HheCKa3LL2Mt8VjPA0K7Kqpdz-HaO1SUVAHRgARf5g3ll-6juGgRh3pRtdaaUo0m8urB86bqRtGyVbGRg7EVK6eCppPnyd3lGKMKqIYJTKglDAl-mlPSPE64nPYwabW_LJBYiEgNS23iOuaZVz1YbvyXaNJoL-ifC2Sh7NVlvne7lQViPk-00kZYXD1XjstIsFIKog="",""editorial_note"":""史実および原典に基づき 中高生が理解しやすいよう現代語訳および一部表現を加筆修正しています""}]},{""culture_name"":""カラベラ リテラリア"",""catchcopy"":""死のユーモアで権力を風刺する 伝統的な詩の贈り物"",""historical_background"":""19世紀のメキシコで 植民地時代の抑圧や政治的な混乱に対する不満を表現するために始まりました 新聞やパンフレットを通じて 庶民の間で広く親しまれるようになりました"",""social_function"":""政治的な対立や社会的な不満を 直接的な批判ではなく 死神がやってきてあの世へ連れて行くというユーモラスな詩に変換します 誰もが避けることのできない死というテーマを使うことで 権力者への怒りを笑いに変え 社会の緊張を和らげる機能を持っています"",""historical_examples"":[{""combatants"":""19世紀後半の独裁的な大統領や特権階級"",""background"":""政府による厳しい言論統制があり 政治的な批判を直接口にすることが危険だった時代です"",""attack"":""権力者たちが自分たちの地位や富を誇り 庶民を抑圧するような態度をとります"",""humor_return"":""死神がやってきて どんなに偉い大統領も気取った貴族も 最後はみんな同じ骨になって連れて行かれるという詩を 軽快なリズムとユーモアを交えて発表しました"",""evaluation"":""直接的な攻撃を避けて弾圧をかわしつつ 死の前では全員が平等であるという普遍的な真理をユーモラスに突きつけることで 相手の権威をスマートに無力化する論理が高く評価されます""}],""glossary"":[{""term"":""風刺"",""explanation"":""社会の悪い点や権力者の間違いなどを ユーモアや皮肉を交えて批判することです""},{""term"":""死神"",""explanation"":""メキシコではカトリーナと呼ばれる 華やかなドレスを着たガイコツの姿で描かれることが多い死の象徴です""}],""citations"":[{""source_title"":""Calaveras Literarias give voice to social issues"",""url_or_isbn"":""https://vertexaisearch.cloud.google.com/grounding-api-redirect/AUZIYQH99K3mEVQzk4iqURWA8QVzigVHyOaUoqcaSjTNDcEHQ_K9NFD06kI_603Tg3nq9_9K-A7_Cdc6beFlGDKKwEXY2rYVVJzgDwEqDmlYFtQTRF0J4KzltuHOlnKjIC2Du7Z0sGVYPhZIV-n2joIQJRtDxdb-eOZZuU7XMvzAvUh-22utR3EaUpI1lCYPDGCRiGTYHjwLdj45Evsfq-lFWHiVij0FWCETFIh9Q_Fo2DOZRSAqHFoh7Xw9GUZCK4kusPZEYTbPTv76ttigFfYFvsdKx9wxztA="",""editorial_note"":""史実および原典に基づき 中高生が理解しやすいよう現代語訳および一部表現を加筆修正しています""}]}]}",,,,,,,,,,,,,,
第４象限,モーリシャス,"{""status"":""SUCCESS"",""cultures"":[{""culture_name"":""シランダン"",""catchcopy"":""奴隷制の苦難をユーモアと暗号で乗り越えた知恵の謎解き"",""historical_background"":""18世紀から19世紀のモーリシャスにおいて アフリカやマダガスカルから連れてこられた奴隷たちが プランテーションでの過酷な労働の後に夕方に集まって始めた言葉遊びです"",""social_function"":""支配層に対する直接的な反抗や暴力を避けつつ 日常の道具や自然をユーモラスな比喩で表現することで 精神的な自由を保ち コミュニティ内の緊張やストレスを和らげる役割を果たしました"",""historical_examples"":[{""combatants"":""奴隷たちと過酷な現実"",""background"":""プランテーションでの厳しい労働の後 夜に集まった人々が知恵を競い合いました"",""attack"":""支配者からの抑圧や単調で苦しい労働の日々"",""humor_return"":""立っている水は何だという問いにサトウキビと答えたり 3人の黒い子供がお母さんのお腹が燃えるのを見ているのは何だという問いに鍋の3本脚と答えたりして 身近な自然や道具をユーモラスな謎解きに変えて笑い合いました"",""evaluation"":""厳しい現実を直接批判するのではなく 詩的でユーモラスな比喩に変換することで 支配者に気づかれずに知性を証明し 連帯感を高めた点""}],""glossary"":[{""term"":""モーリシャス クレオール語"",""explanation"":""フランス語をベースに アフリカやマダガスカルの言葉が混ざり合って生まれた モーリシャスの日常会話で使われる言語です""},{""term"":""サムペック"",""explanation"":""シランダンを始めるときに 周囲の人々が謎解きを始めようという呼びかけに対して返す 伝統的な合図の言葉です""}],""citations"":[{""source_title"":""Le Folk-lore de l'?le-Maurice/Sirandanes (Devinettes) - Wikisource"",""url_or_isbn"":""https://fr.wikisource.org/wiki/Le_Folk-lore_de_l%E2%80%99%C3%8Ele-Maurice/Sirandanes_(Devinettes)"",""editorial_note"":""史実および原典に基づき 中高生が理解しやすいよう現代語訳および一部表現を加筆修正しています""}]},{""culture_name"":""セガの即興歌"",""catchcopy"":""怒りや悲しみを太鼓のビートと風刺の歌で笑いに変える伝統芸能"",""historical_background"":""奴隷制時代のモーリシャスで 労働を終えた奴隷たちが海岸や広場に集まり 伝統的な楽器の伴奏に合わせて即興で歌い踊ったことが始まりです"",""social_function"":""日常の不満や雇用主への風刺を即興の歌詞にして歌うことで 直接的な衝突や暴力を防ぎ 感情を安全に発散させてコミュニティの調和を保つ役割を持ちました"",""historical_examples"":[{""combatants"":""労働者とプランテーションの雇用主"",""background"":""厳しい労働環境や不当な扱いに対する不満が溜まったとき"",""attack"":""雇用主からの理不尽な命令や厳しい労働の強制"",""humor_return"":""雇用主のケチな性格や奇妙な行動を ユーモラスな比喩や即興の歌にして 伝統的な太鼓のビートに乗せて歌い上げ 周囲の笑いを誘いました"",""evaluation"":""怒りや不満を直接的な暴言や暴力にするのではなく 音楽とユーモラスな風刺歌に昇華させることで 雇用主との決定的な対立を避けつつ不満を表明した点""}],""glossary"":[{""term"":""ラヴァン"",""explanation"":""ヤギの皮を張ったモーリシャスの伝統的な枠太鼓で セガの演奏に欠かせない主要な楽器です""},{""term"":""無形文化遺産"",""explanation"":""芸能や伝統工芸など 形はないけれど人々が受け継いできた大切な文化として ユネスコに登録されたものです""}],""citations"":[{""source_title"":""Traditional Mauritian Sega - UNESCO"",""url_or_isbn"":""https://ich.unesco.org/en/RL/traditional-mauritian-sega-01003"",""editorial_note"":""史実および原典に基づき 中高生が理解しやすいよう現代語訳および一部表現を加筆修正しています""}]}]}",,,,,,,,,,,,,,
第４象限,モーリタニア,"{""status"":""SUCCESS"",""cultures"":[{""culture_name"":""カレンゴラフ"",""catchcopy"":""激しいからかいとユーモアで対立を未然に防ぐソニンケ人の知恵"",""historical_background"":""モーリタニア南部やセネガル川流域に暮らすソニンケ人の間で 数百年にわたり受け継がれてきた伝統的な社会制度です 厳しい身分制度や家族のルールがある中で 緊張を和らげるために生まれました"",""social_function"":""特定の親族関係や家系の間で 普段は口にできないような過激な冗談やからかいを言い合うことが許されています これにより 怒りや不満を暴力ではなく笑いに変えて 社会の平和を保つ役割を果たしています"",""historical_examples"":[{""combatants"":""異なる家系同士のいとこたち"",""background"":""冠婚葬祭や地域の集まりで 異なる家系同士が顔を合わせた際に 緊張感が高まる場面"",""attack"":""お前の家系はいつも怠け者で 畑仕事もまともにできない泥棒の集まりだ というような厳しいからかい"",""humor_return"":""そう言うお前たちの家系こそ 私たちが恵んであげた食べ物で生き延びてきたではないか と笑顔で言い返します"",""evaluation"":""相手の言葉に決して怒らず ユーモアと機知に富んだ言葉で切り返すことで 敵意を友情と笑いに昇華させる点が高く評価されます""}],""glossary"":[{""term"":""ソニンケ人"",""explanation"":""西アフリカのモーリタニアやマリ セネガルなどに暮らす 独自の言語と豊かな歴史を持つ農耕民族です""},{""term"":""冗談関係"",""explanation"":""特定の親族やグループの間で お互いをからかったり冗談を言い合ったりすることが社会的に認められている特別な関係のことです""}],""citations"":[{""source_title"":""Aper?u sur la parent? ? plaisanterie ou kallengorahu en milieu sonink? - Cridem"",""url_or_isbn"":""http://cridem.org/C_Info.php?article=1537"",""editorial_note"":""史実および原典に基づき 中高生が理解しやすいよう現代語訳および一部表現を加筆修正しています""}]},{""culture_name"":""パボンディラル"",""catchcopy"":""子供たちが遊びながら学ぶハールプラー人のからかいの作法"",""historical_background"":""モーリタニアのセネガル川流域に住むハールプラー人の子供たちの間で 行われてきた伝統的な言葉遊びのゲームです"",""social_function"":""子供たちが幼い頃から 冗談関係におけるからかいの技術や 相手の言葉に怒らずにユーモアで返す作法を身につけるための教育的な役割を持っています"",""historical_examples"":[{""combatants"":""ハールプラー人の子供たち"",""background"":""村の広場や日常の遊びの中で 子供たちが集まって言葉のやり取りを競う場面"",""attack"":""お前の顔はまるで干からびたカボチャのようだ と言葉の攻撃を仕掛けます"",""humor_return"":""それならお前の頭は そのカボチャを乗せるためのただの台座だな と笑いながら切り返します"",""evaluation"":""悪口を言われても感情的にならず 即座に機知に富んだ表現で笑いに変える言葉の瞬発力と心の広さが評価されます""}],""glossary"":[{""term"":""ハールプラー人"",""explanation"":""モーリタニア南部やセネガル川流域に住む プラー語を話す人々の総称で 独自の口承文学や音楽文化を持っています""},{""term"":""冗談関係の技術"",""explanation"":""相手を傷つけずにユーモアで対立を避けるための アフリカの伝統的なコミュニケーションの知恵です""}],""citations"":[{""source_title"":""Apprentissage de la parent? ? plaisanterie chez les enfants haalpulaar du village de Djewol (Mauritanie) ? travers le jeu de pabbondiral"",""url_or_isbn"":""http://hdl.handle.net/2268/222521"",""editorial_note"":""史実および原典に基づき 中高生が理解しやすいよう現代語訳および一部表現を加筆修正しています""}]}]}",,,,,,,,,,,,,,
第４象限,モザンビーク,"{""status"":""SUCCESS"",""cultures"":[{""culture_name"":""マルメと甥の冗談関係"",""catchcopy"":""厳しい家族のルールを笑いで吹き飛ばす親戚同士の特別な絆"",""historical_background"":""モザンビーク南部に暮らすツォンガ族の間で古くから受け継がれてきた家族の習慣です　ツォンガ族の社会は父親の家系をとても重んじる厳格な仕組みを持っています"",""social_function"":""父親の家系に対しては絶対的な敬意を払わなければならないため　家族の中に強い緊張感が生まれることがあります　そこで母方の叔父であるマルメとの間であえて無礼な冗談を言い合うことで　心の中にたまったストレスや対立を和らげる役割を果たしています"",""historical_examples"":[{""combatants"":""母方の叔父マルメと姉妹の息子である甥"",""background"":""甥が叔父の家を訪れた際や　家族の集まりの場などで日常的に行われます"",""attack"":""甥は叔父に対して「おじさんはケチだから僕にパンを二切れしかくれない　これじゃあ僕は一生大きくなれないよ」とからかったり　叔父の食べ物を勝手に盗んで食べたりします"",""humor_return"":""叔父は怒ることなく笑って受け流し　甥を「私の小さなボス」と呼んで歓迎し　さらにユーモアを交えて応じます"",""evaluation"":""厳しい上下関係をあえてユーモアで逆転させることで　お互いの尊厳を傷つけることなく親密さを深め　家族の対立を未然に防ぐ知恵として高く評価されています""}],""glossary"":[{""term"":""マルメ"",""explanation"":""ツォンガ族の言葉で母方の叔父を指す言葉です""},{""term"":""冗談関係"",""explanation"":""特定の親族の間で　あえてお互いをからかったり無礼な態度を取ったりすることが許される特別な社会関係のことです""}],""citations"":[{""source_title"":""On Joking Relationships"",""url_or_isbn"":""https://www.jstor.org/stable/1156173"",""editorial_note"":""史実および原典に基づき 中高生が理解しやすいよう現代語訳および一部表現を加筆修正しています""}]},{""culture_name"":""シテカテキサナ"",""catchcopy"":""答えを競い合いながら知恵を磨き　対立を和らげる夜の謎解きゲーム"",""historical_background"":""モザンビークのツォンガ族やロンガ族の間で　主に夜の集まりの際に行われてきた伝統的な言葉遊びです"",""social_function"":""単なる娯楽ではなく　人々が日常生活で抱える不満や対立を　謎解きという間接的な表現を通してユーモラスに解決するための知恵を学ぶ場として機能しています"",""historical_examples"":[{""combatants"":""村の子供たちや大人たち"",""background"":""日常のトラブルや人間関係の緊張を和らげるために　夜の焚き火を囲んで行われます"",""attack"":""出題者が「熟したマサラの果実は木に残らない　これはどういう意味か」という謎を投げかけます"",""humor_return"":""回答者は「人間の抱える問題は決して腐って消えることはない　だから話し合って解決しなければならない」と見事な教訓を導き出して答えます"",""evaluation"":""直接的な批判を避け　自然の現象に例えた謎解きを通して　対立をユーモラスかつ論理的に解決する思考力を養う点が高く評価されています""}],""glossary"":[{""term"":""シテカテキサナ"",""explanation"":""ツォンガ族の言葉で　複数の言葉や教訓を答えとする伝統的な謎解き遊びのことです""},{""term"":""マサラ"",""explanation"":""アフリカ南部に自生する木の実で　硬い殻の中に甘酸っぱい果肉が入っています""}],""citations"":[{""source_title"":""Notes on some folklore forms in Tsonga and Ronga"",""url_or_isbn"":""https://www.jstor.org/stable/40758132"",""editorial_note"":""史実および原典に基づき 中高生が理解しやすいよう現代語訳および一部表現を加筆修正しています""}]}]}",,,,,,,,,,,,,,
第４象限,モナコ,"{""status"":""NO_CULTURE_FOUND"",""cultures"":[]}",,,,,,,,,,,,,,
第４象限,モルディブ,"{""status"":""SUCCESS"",""cultures"":[{""culture_name"":""ライヴァル"",""catchcopy"":""音節を並べ替えて本音を隠す 島の知恵が生んだ歌のパズル"",""historical_background"":""インド洋に浮かぶ島国モルディブでは 古くから口承文学が発達してきました その中でも代表的な詩の形式がライヴァルです この詩は１４世紀頃から存在していたとされ 元々はヤシ酒を集める職人であるライヴェリンたちが仕事の合間に歌い交わしたことが始まりと言われています その後 宮廷の詩人や一般の島民の間にも広まり 日常のコミュニケーションや娯楽として深く愛されるようになりました"",""social_function"":""ライヴァルにはバス・オルヴンと呼ばれる独特の言葉遊びの技法が使われます これは言葉の音節を意図的に並べ替えて暗号化する技術です この技法を使うことで 直接言うと角が立つような批判や風刺 不満などを ユーモアを交えたパズルのように伝えることができました コミュニティ内での対立や 権力者への不満を直接的な暴力や衝突に発展させることなく 知的な歌のやり取りによって解決し 和らげる重要な社会的役割を持っていました"",""historical_examples"":[{""combatants"":""宮廷の詩人と絶対的な権力を持つスルタン"",""background"":""スルタンの独裁的な政治や不条理な決定に対して 直接批判をすると処刑される恐れがある緊迫した状況でした"",""attack"":""スルタンは自らの絶対的な権力を誇示し 臣下に対して盲目的な従属を求めていました"",""humor_return"":""詩人はライヴァルを詠み 表面上は美しいメロディと韻を踏んだ称賛の歌を披露しました しかしバス・オルヴンの技法を使って音節を並べ替えて解読すると 実はスルタンの愚政を痛烈に批判するメッセージが隠されていました"",""evaluation"":""表面上は完璧な称賛歌として機能させつつ 裏には高度な言語的パズルを仕込むことで 相手の知性に挑戦する点です スルタンは怒るどころか その知的なユーモアと技術の高さに感嘆せざるを得ず 結果として対立を回避しながらも批判のメッセージを伝えることに成功しました""}],""glossary"":[{""term"":""ライヴァル"",""explanation"":""モルディブに古くから伝わる伝統的な口承詩の形式で 伴奏なしで独特のメロディに乗せて歌われます""},{""term"":""バス・オルヴン"",""explanation"":""ライヴァルで用いられる言葉遊びの技法で 音節や文字を意図的に並べ替えて意味を暗号化することです""},{""term"":""ライヴェリン"",""explanation"":""ヤシの木に登ってヤシ酒のもととなる蜜を集める職人のことで ライヴァルの歌い手の起源とされています""},{""term"":""スルタン"",""explanation"":""かつてモルディブを支配していたイスラム世界の君主や王のことです""}],""citations"":[{""source_title"":""Raivaru - Grokipedia"",""url_or_isbn"":""https://en.wikipedia.org/wiki/Raivaru"",""editorial_note"":""史実および原典に基づき 中高生が理解しやすいよう現代語訳および一部表現を加筆修正しています""},{""source_title"":""Syllable Scrambling in Dhivehi Poetry of the Maldives"",""url_or_isbn"":""https://doi.org/10.1017/S1356186325000185"",""editorial_note"":""史実および原典に基づき 中高生が理解しやすいよう現代語訳および一部表現を加筆修正しています""}]}]}",,,,,,,,,,,,,,
第４象限,モルドバ,"{""status"":""SUCCESS"",""cultures"":[{""culture_name"":""ストリガトゥリ"",""catchcopy"":""お祝いの席で交わされる風刺とユーモアの即興掛け合い詩"",""historical_background"":""モルドバやルーマニアの農村地域で古くから伝わる伝統的な口承文芸です 結婚式や伝統的な円舞であるホラなどの集まりで 歌やダンスのリズムに合わせて即興で叫ばれる短い詩です"",""social_function"":""結婚式での新郎新婦の家族同士の緊張や 男女間のからかい合いを ユーモアと風刺を交えた言葉の掛け合いに変換することで 直接的な対立や気まずさを防ぎ 共同体の連帯感を高める役割を果たしました"",""historical_examples"":[{""combatants"":""結婚式における新郎の付き添い人と新婦の母親"",""background"":""結婚式の際 新婦を新郎の家に迎える儀式の中で 家族同士の緊張をほぐすためにユーモアを交えたからかい合いが行われます"",""attack"":""新郎の付き添い人が 新婦の母親に向かって 娘を安物の靴と引き換えに差し出してしまったね とからかいます"",""humor_return"":""新婦の母親は 私の娘は中身の詰まったクルミのように素晴らしい娘だから 決してあなたたちを後悔させないよ と機知に富んだ詩で返します"",""evaluation"":""家族の移動という人生の重大な変化に伴う緊張を 攻撃的な言葉ではなく 伝統的なリズムに乗せたユーモラスな詩の掛け合いで笑いに変える点が高く評価されます""}],""glossary"":[{""term"":""ホラ"",""explanation"":""モルドバやルーマニアの伝統的な円舞で 人々が手をつないで輪になって踊るダンスのことです""}],""citations"":[{""source_title"":""Strig?turi, Romania - Folkdance Footnotes"",""url_or_isbn"":""https://vertexaisearch.cloud.google.com/grounding-api-redirect/AUZIYQHmU9XJsw23Gf2yCmVyyf2qvVFhbCE4mBV7zx6IBbBnj5wqWJRJXq0Dx_zbiAv8damY4xvauKh3mBh6sgNAU2L_5GDOA26L7mLeds1gYu-xqVDMHGsMDUI1sW7i-8qRkS-eDrERI5isc7CM0wKNcRWW_bhmBlL4Eb2WFp1pNuYJKw=="",""editorial_note"":""史実および原典に基づき 中高生が理解しやすいよう現代語訳および一部表現を加筆修正しています""}]},{""culture_name"":""スノアヴェ"",""catchcopy"":""機知に富んだ民話の主人公が権力者をやり込めるユーモアの対話"",""historical_background"":""モルドバやルーマニアの伝統的な口承民話の一種で 日常の知恵やユーモアを凝縮した短い逸話です 特にパカラという架空のトリックスターが主人公として活躍します"",""social_function"":""厳しい身分制度や不条理な支配に対して 直接的な反乱を起こす代わりに 言葉の機知やユーモアを使って権力者をやり込めることで 社会的な不満や対立を平和的に解消する役割を持っていました"",""historical_examples"":[{""combatants"":""賢い農民パカラと強欲な地主"",""background"":""地主がパカラの知恵を試そうとして 嘘で自分を騙してみろ と無理難題を突きつけます"",""attack"":""地主は お前がどんなに賢くても 私を言葉で騙すことなどできないはずだ と挑発します"",""humor_return"":""パカラは 今は嘘をつく道具を家に忘れてしまったので 急いで取りに帰るためにあなたの馬を貸してください と答え 地主は納得して馬を貸してしまいます"",""evaluation"":""相手の挑発に対して真っ向から反論するのではなく 嘘をつく道具という架空の存在を信じ込ませることで 相手の裏をかき 暴力を使わずに勝利する論理的思考が高く評価されます""}],""glossary"":[{""term"":""トリックスター"",""explanation"":""神話や民話に登場する いたずら好きで 既存の秩序をかき乱しながらも 知恵を使って問題を解決するキャラクターのことです""},{""term"":""パカラ"",""explanation"":""モルドバやルーマニアの民話に登場する代表的な主人公で 愚者のふりをしながらも 鋭い機知で権力者をやり込める人物です""}],""citations"":[{""source_title"":""Humor (Moldova) - Grokipedia"",""url_or_isbn"":""https://vertexaisearch.cloud.google.com/grounding-api-redirect/AUZIYQGh09Xj1Sv9IZbARGu5zOGF6-w_hZh_uDxUy5b9JnX3rCr0qpJMbg3Glq8BxvFJ_Fie2iFJZmcaH3q4Yu5uO7fyS6y6k5Kf3vxi3m5XnVEpAB6Uwhq32nWbzQgVhx4ceQ=="",""editorial_note"":""史実および原典に基づき 中高生が理解しやすいよう現代語訳および一部表現を加筆修正しています""}]}]}",,,,,,,,,,,,,,
第４象限,モロッコ,"{""status"":""SUCCESS"",""cultures"":[{""culture_name"":""タンドダムト"",""catchcopy"":""言葉の刃をユーモアで包む アマジグの即興詩バトル"",""historical_background"":""モロッコ南西部のスース地方を中心に アマジグの人々の間で古くから受け継がれてきた伝統的な口承詩の即興対決です 砂漠や山岳地帯の厳しい環境の中で 共同体の調和を保つために発展しました"",""social_function"":""ジェンダーの不満や人種間のわだかまり 都市と農村の格差など 社会的な対立や個人的な紛争を 直接的な暴力ではなく 音楽に乗せた風刺やユーモア 比喩表現を用いて平和的に解決し 昇華する役割を持っています"",""historical_examples"":[{""combatants"":""都市の移住者と農村の残留者"",""background"":""1998年に録音された対決で 急速な都市化に伴う農村の過疎化と 価値観の対立が背景にありました"",""attack"":""都市に移住した側が 農村は不便で遅れており 舗装された道路すら届かない不毛の地だ と田舎の生活をからかいました"",""humor_return"":""農村に残った側が 都会の舗装された道路は便利だが 人々の心まで冷たく舗装してしまったようだ 都会では隣人の名前すら知らないが 私たちの村には温かい絆と豊かな自然がある と機知に富んだ比喩で切り返しました"",""evaluation"":""直接的な罵倒を避け 舗装道路という近代化の象徴を 心の冷たさ という比喩に転換して 都会の虚栄心をユーモラスに暴いた論理的センスが高く評価されました""},{""combatants"":""男性詩人と女性詩人"",""background"":""伝統的なジェンダー観や男女の役割分担に対する不満をテーマにした対決です"",""attack"":""男性側が 女性は家の中で守られているだけで 社会の厳しい現実を知らない と主張しました"",""humor_return"":""女性側が 男性が外で大きな顔をしていられるのは 私たちが家という土台をしっかりと支えているからだ 土台のない家がどうなるか 知恵のあるあなたなら分かるはずだ とユーモラスに切り返しました"",""evaluation"":""男性の優位性を否定するのではなく 家の土台という比喩を用いて 男女の相互依存関係をユーモラスに説き 対立を和らげた点が評価されました""}],""glossary"":[{""term"":""アマジグ"",""explanation"":""北アフリカの先住民族のことで ベルベル人とも呼ばれます 独自の言語や豊かな口承文化を持っています""},{""term"":""アンダム"",""explanation"":""タンドダムトを行う即興詩人のことで 優れた知性と即興の才能を持つ人物として共同体で尊敬されています""},{""term"":""ルムナ"",""explanation"":""詩の中に隠された比喩や暗号化された意味のことで 相手を直接傷つけずに批判を伝えるための重要なテクニックです""}],""citations"":[{""source_title"":""Lyrical Opponency in Amazigh Music: The Racial and Gender Question in Tanddamt"",""url_or_isbn"":""https://doi.org/10.1017/rms.2023.15"",""editorial_note"":""史実および原典に基づき 中高生が理解しやすいよう現代語訳および一部表現を加筆修正しています""}]},{""culture_name"":""ザジャル"",""catchcopy"":""日常の言葉で社会を風刺する 口語アラビア語の詩の決闘"",""historical_background"":""中世アンダルスで発祥し モロッコなどのマグレブ地域に伝わった口語詩の伝統です 格式高い古典アラビア語ではなく 人々が日常的に使うモロッコ口語で競われます"",""social_function"":""政治的な不満や社会的な格差 日常生活のトラブルなどを ユーモアと鋭い風刺を交えた即興詩で表現します 深刻な議論をエンターテインメントに昇華させることで 社会的な緊張を和らげる安全弁として機能してきました"",""historical_examples"":[{""combatants"":""伝統的な価値観と近代的な変化"",""background"":""近代化に伴う若者の変化や 伝統的な生活様式の衰退をテーマにした対決です"",""attack"":""保守的な詩人が 今の若者は本も読まず スマートフォンばかり見ていて 祖先の知恵を忘れてしまっている と批判しました"",""humor_return"":""若い世代を代表する詩人が スマートフォンは現代の本なのだ 祖先がラクダに乗って何日もかけて運んだ知恵を 私たちは一瞬で世界中に届けることができる 道具が変わっても 知恵を愛する心は変わらない とユーモラスに切り返しました"",""evaluation"":""若者の行動を単に擁護するのではなく スマートフォンを 現代の本 や ラクダに代わる道具 と位置づけることで 世代間の対立をユーモアをもって解消した点が評価されました""}],""glossary"":[{""term"":""ダリジャ"",""explanation"":""モロッコで日常的に話されているアラビア語の口語のことです 古典アラビア語にアマジグ語やフランス語などが混ざり合った独自の言葉です""},{""term"":""アンダルス"",""explanation"":""中世にイスラム教徒が支配していたイベリア半島の地域のことです 豊かな融合文化が栄えました""}],""citations"":[{""source_title"":""Moroccan Zajal: Evolution and aesthetic aspects"",""url_or_isbn"":""http://www.folkculture.org/"",""editorial_note"":""史実および原典に基づき 中高生が理解しやすいよう現代語訳および一部表現を加筆修正しています""}]}]}",,,,,,,,,,,,,,
第４象限,モンゴル,"{""status"":""SUCCESS"",""cultures"":[{""culture_name"":""ウード ダラハ ヨス"",""catchcopy"":""結婚式の緊張を笑いに変える門前での言葉の決闘"",""historical_background"":""モンゴルの広大な草原で暮らす遊牧民の間で古くから受け継がれてきた伝統的な結婚式の儀式です 家族や部族同士が結びつく大切な場面で 緊張をほぐすために行われてきました"",""social_function"":""新婦を送り出す家族の寂しさや 新郎側に対する警戒心という対立感情を ユーモアと機知に富んだ詩的な言葉の応酬によって和らげ 最終的に両家が笑顔で和解し 祝福へと導く機能を持っています"",""historical_examples"":[{""combatants"":""新郎側の語り手と新婦側の親族"",""background"":""新郎が新婦を迎えにゲルを訪れた際 入り口を塞がれて中に入れない場面です"",""attack"":""なぜ見知らぬ者が私たちの神聖なゲルに入ろうとするのか 帰りなさい"",""humor_return"":""私たちは泥棒ではなく 遠い国から美しい宝を探しに来た旅人です このゲルの輝きに引かれてやってきました 門を開けてくだされば 素晴らしい歌と贈り物を差し上げましょう"",""evaluation"":""相手の拒絶を真っ向から否定せず 詩的な比喩とユーモアを使って歓迎すべき客であることを証明する論理的な切り返しが高く評価されます""}],""glossary"":[{""term"":""ヘルムールチ"",""explanation"":""モンゴルの伝統的な結婚式などで活躍する 優れた言葉のセンスを持つ語り手や仲介者のことです""},{""term"":""ウード ダラハ ヨス"",""explanation"":""モンゴル語で 門を閉ざす儀式 を意味する 結婚式の伝統的な儀礼のことです""},{""term"":""ゲル"",""explanation"":""モンゴルの遊牧民が使用する 移動式の丸いテント小屋のことです""}],""citations"":[{""source_title"":""Analyzing the performative aspects of Mongolian wedding rituals"",""url_or_isbn"":""https://doi.org/10.32523/3080-1710-2025-153-4-284-297"",""editorial_note"":""史実および原典に基づき 中高生が理解しやすいよう現代語訳および一部表現を加筆修正しています""},{""source_title"":""Performing linguistic and cultural authenticity: Contemporary Mongolian wedding ceremonies in Inner Mongolia"",""url_or_isbn"":""Language on the Move (2015)"",""editorial_note"":""史実および原典に基づき 中高生が理解しやすいよう現代語訳および一部表現を加筆修正しています""}]},{""culture_name"":""ツェツェン ブラルダハ"",""catchcopy"":""武器を持たずに知恵で戦う草原の言葉比べ"",""historical_background"":""遊牧生活の中で人々が集まるお祭りや宴会の席で盛んに行われてきた知恵比べの言葉遊びです 厳しい自然環境を生き抜くための知性とユーモアを競い合いました"",""social_function"":""日常のささいな争いや意見の食い違いが生じた際 直接的な喧嘩を避けるために お互いの知恵や言葉のセンスを競い合うことで 場の空気を和ませて解決を図る役割を果たしました"",""historical_examples"":[{""combatants"":""草原の牧民同士"",""background"":""家畜の放牧地を巡る小さな口論や 日常の意見の対立を解決する場面です"",""attack"":""お前の頭は空っぽで 羊の群れを率いることもできないのではないか"",""humor_return"":""私の頭が空っぽなら お前の言葉はどこに響いているのだ 空っぽの器だからこそ 良い音が響くのだろう"",""evaluation"":""相手の悪口をユーモアで受け流し 自分の知性を証明することで 暴力に訴えることなく相手を納得させる機知が高く評価されます""}],""glossary"":[{""term"":""ツェツェン ブラルダハ"",""explanation"":""モンゴル語で 賢さを競い合う ことや 知恵比べ を意味する言葉遊びです""}],""citations"":[{""source_title"":""Mongolian Folk Games - WordPress.com"",""url_or_isbn"":""https://vertexaisearch.cloud.google.com/grounding-api-redirect/AUZIYQEy5ZxPahLv9wSobyfFUMIk1BWYhmsAcmm85cX5VfrH7Tk-9xcc21CFEYn805y08O_5AGvSlD4r3hfa4d2AEwmMYB63Z7_c2X5zMf7msfLnvSJm_TQwtudeQbPjUiYDH3exL4UEz3-r-pifJVSJ-qykrVJKj1Ft7Ln1EDA="",""editorial_note"":""史実および原典に基づき 中高生が理解しやすいよう現代語訳および一部表現を加筆修正しています""}]}]}",,,,,,,,,,,,,,
第４象限,モンテネグロ,"{""status"":""SUCCESS"",""cultures"":[{""culture_name"":""アネグドテとグヴノの対話文化"",""catchcopy"":""暴力の連鎖を止める ユーモアと道徳の言葉遊び"",""historical_background"":""モンテネグロは 険しい山々に囲まれた地域で 歴史的に多くの部族が暮らしていました 部族同士の結びつきが強い一方で 名誉を重んじるあまり 一度争いが起きると 血の復讐 に発展しやすい社会でもありました このような厳しい環境の中で 人々は直接的な暴力を避け 平和的に対立を解決するための知恵を磨きました その中心にあったのが 円形の石造りの広場 グヴノ と そこで語られる アネグドテ の文化です"",""social_function"":""モンテネグロには チョイストヴォ と ユナシュトヴォ という独自の道徳観があります 特に チョイストヴォ は 自分の怒りや力を抑えて相手を尊重することを意味し これが対立緩和の鍵となりました 人々は グヴノ に集まり 対立する相手に対して 直接非難するのではなく ユーモアや風刺 道徳的な教訓を含んだ アネグドテ を語りかけることで 相手のプライドを傷つけずに反省を促し 対立をユーモラスに解決させました"",""historical_examples"":[{""combatants"":""部族の指導者マルコ ミリャノフ と 貧しい老人ポイ ウリャ"",""background"":""指導者であるマルコが 仲間たちと一緒に 外見の貧しい老人ポイ ウリャ をからかって楽しんでいました"",""attack"":""指導者たちが 貧しく弱い立場にある老人を言葉でからかい 心理的に追い詰めようとしました"",""humor_return"":""老人ポイ ウリャ は 怒るのではなく 静かに 偉大な指導者たちが 私のような弱者をからかって楽しむとは なんと誇り高いことでしょう と 彼らの行動の矛盾をユーモラスに指摘しました"",""evaluation"":""権力や暴力に頼らず 相手の言葉の機知を素直に受け入れ 自らの非を認める チョイストヴォ の精神が高く評価されています""},{""combatants"":""賢者スラ ラドヴ と 争う部族の若者たち"",""background"":""些細な名誉の傷つけ合いから 部族間の 血の復讐 に発展しかねない激しい議論が グヴノ で起きていました"",""attack"":""若者たちは 名誉のために武器を取るべきだ 引き下がるのは臆病者のすることだ と主張し 互いを激しく罵り合っていました"",""humor_return"":""裁判官でもあった賢者スラ ラドヴ は 彼らの間に割って入り お前たちの言う通り 名誉は大切だ だが お前たちの名誉は 相手の命を奪わなければ保てないほど軽いものなのか 私の名誉は 相手を許すことができるほど重いぞ と ユーモアを交えて語りかけました"",""evaluation"":""復讐を 名誉 とする若者たちの論理を より高い次元の 許す名誉 へとユーモラスにすり替えることで 暴力の連鎖を未然に防いだ知的な論理展開が評価されています""}],""glossary"":[{""term"":""アネグドテ"",""explanation"":""モンテネグロに伝わる 機知やユーモアに富んだ短い逸話や笑い話のこと""},{""term"":""グヴノ"",""explanation"":""モンテネグロの伝統的な集落にある 円形の石造りの広場 穀物の脱穀を行う場所であると同時に 人々が集まって話し合いや言葉遊びをする公共の場でもあった""},{""term"":""チョイストヴォ"",""explanation"":""他者を自分自身の暴力や傲慢さから守るという モンテネグロ独自の道徳観 寛容や自己抑制を意味する""},{""term"":""ユナシュトヴォ"",""explanation"":""敵から自分自身や家族を守るための 物理的な勇気や強さを表す言葉""},{""term"":""血の復讐"",""explanation"":""家族や部族の名誉が傷つけられた際 相手の部族に復讐を果たすという かつてのバルカン半島の慣習""}],""citations"":[{""source_title"":""Marko Miljanov: Examples of Humanity and Heroism"",""url_or_isbn"":""ISBN 978-86-7470-115-7"",""editorial_note"":""史実および原典に基づき 中高生が理解しやすいよう現代語訳および一部表現を加筆修正しています""},{""source_title"":""Sula Radov u anegdotama - Montenegrina.net"",""url_or_isbn"":""https://montenegrina.net/kultura/knjizevnost/sula-radov-u-anegdotama/"",""editorial_note"":""史実および原典に基づき 中高生が理解しやすいよう現代語訳および一部表現を加筆修正しています""}]}]}",,,,,,,,,,,,,,
第４象限,ヨルダン,"{""status"":""SUCCESS"",""cultures"":[{""culture_name"":""ジャハ"",""catchcopy"":""コーヒーを人質にユーモアとことわざで怒りを溶かす部族の調停交渉"",""historical_background"":""ヨルダンの砂漠地帯で暮らしていたベドウィンと呼ばれる遊牧民の伝統に由来します 過酷な環境下で部族間の血で血を洗う復讐劇を避けるため 知恵とユーモアに長けた長老たちが調停使節団を結成し 対立する部族間を仲介しました"",""social_function"":""殺人や傷害などの重大な対立が起きた際 加害者側の調停使節団が被害者側を訪れます 被害者側から出されたコーヒーを要求が受け入れられるまで飲まないという無言のプレッシャーをかけつつ 緊張した空気の中で ユーモアや伝統的なことわざ 機知に富んだ言葉遊びを駆使して被害者側の怒りを和らげ 最終的にコーヒーを飲ませて和解や休戦に導きます"",""historical_examples"":[{""combatants"":""加害者側の調停長老と被害者側の部族長"",""background"":""部族間で若者同士の激しい喧嘩が発生し 一方が大怪我を負って両部族が一触即発の緊張状態に陥りました"",""attack"":""被害者側の部族長が 我々の流された血は 安易な言葉やコーヒー一杯で洗い流せるものではない 若者たちの怒りは収まらない と強硬な姿勢を示しました"",""humor_return"":""調停長老はコーヒーカップを床に置いたまま 確かにこのコーヒーは冷めてしまうかもしれませんが 私たちの友情まで冷めてしまっては 砂漠の夜を越えられません 怒りで沸騰したお湯では 美味しいコーヒーは淹れられないのです とユーモアを交えて切り返しました"",""evaluation"":""張り詰めた対立の場に コーヒーの温度 と 怒りの温度 をかけたユーモアを投入することで 相手の頑なな態度を軟化させ 対話を再開させた論理的かつ情緒的なアプローチが高く評価されます""}],""glossary"":[{""term"":""ベドウィン"",""explanation"":""アラブの砂漠地帯で伝統的にテントに暮らし移動しながら生活してきた遊牧民族のことです""},{""term"":""アトワ"",""explanation"":""部族間で問題が起きた際 さらなる衝突を防ぐために結ばれる一時的な休戦協定のことです""},{""term"":""スルハ"",""explanation"":""伝統的な部族社会において 対立を完全に解決し 最終的な和解を成立させる儀式のことです""}],""citations"":[{""source_title"":""Local Conflict Transformation Practices Conflict Resolution and Coffee The Jordanian Way"",""url_or_isbn"":""https://propeace.de/1-local-conflict-transformation-practices-conflict-resolution-and-coffee-the-jordanian-way/"",""editorial_note"":""史実および原典に基づき 中高生が理解しやすいよう現代語訳および一部表現を加筆修正しています""}]},{""culture_name"":""アル サメル"",""catchcopy"":""歌と踊りの輪の中で風刺とユーモアを競う即興詩の対決"",""historical_background"":""ヨルダン全土 特にベドウィンのコミュニティで古くから結婚式や祝祭の夜に行われてきた伝統芸能です 二〇一八年にはユネスコの無形文化遺産に登録されました"",""social_function"":""参加者が一列に並んで手拍子をしながら歌う中 即興詩人が登場し 対立する意見や日常の不満 社会的な風刺をユーモアたっぷりの詩にして即興で掛け合います これにより コミュニティ内に溜まった日頃の不満や対立感情を 直接的な衝突ではなく 笑いと芸術的な言葉遊びによって安全に発散させ 社会的な結束を強めます"",""historical_examples"":[{""combatants"":""地域の水資源の配分を巡って対立する二つの地区の即興詩人"",""background"":""干ばつが続く中 どちらの地区が優先的に農業用水を引くべきかで住民同士が対立し 祝祭の場でも険悪な空気が漂っていました"",""attack"":""一方の詩人が お前たちの畑は 我々の川の恵みを横取りして青々と茂っている まるで他人のラクダの乳を勝手に搾る泥棒のようだ と詩で風刺しました"",""humor_return"":""もう一方の詩人はすかさず 我々がラクダの乳を搾っているなら お前たちはそのラクダの影で昼寝をしているだけだ 水が欲しいなら 祈りのダンスで雲を呼ぶか 我々の畑に美味しいナツメヤシを分けてもらいに来るがいい とユーモラスに切り返しました"",""evaluation"":""資源を巡る深刻な対立を ラクダの影での昼寝 や 祈りのダンス といったユーモラスなイメージに変換し 観客の笑いを誘うことで 敵対心を解消した点が高く評価されます""}],""glossary"":[{""term"":""アル バッダ"",""explanation"":""アル サメルのパフォーマンスにおいて 即興で詩を作り 相手とユーモラスな言葉の応酬を行う主役の詩人のことです""},{""term"":""ユネスコ無形文化遺産"",""explanation"":""芸能や社会的慣習 伝統工芸技術など 形を持たない大切な文化を保護するために国連機関が登録する制度です""}],""citations"":[{""source_title"":""As-Samer in Jordan UNESCO Intangible Cultural Heritage"",""url_or_isbn"":""https://ich.unesco.org/en/RL/as-samer-in-jordan-01303"",""editorial_note"":""史実および原典に基づき 中高生が理解しやすいよう現代語訳および一部表現を加筆修正しています""}]}]}",,,,,,,,,,,,,,
第４象限,ラオス,"{""status"":""SUCCESS"",""cultures"":[{""culture_name"":""シアン ミアンのとんち話"",""catchcopy"":""言葉のあやと知恵で権力者をやり込めるラオスの伝統的なとんち文化"",""historical_background"":""16世紀頃からヤシの葉の写本に記録され 口承で語り継がれてきたラオスの代表的な民話群です"",""social_function"":""権力者や強者からの理不尽な要求や社会的な不条理に対し 直接的な暴力を振るうことなく 言葉遊びや論理のトリックを用いて平和的にやり込め 庶民の不満をユーモアで解消する機能を持っています"",""historical_examples"":[{""combatants"":""王様とシアン ミアン"",""background"":""王様がシアン ミアンの知恵を試そうと 無理難題を突きつけた場面です"",""attack"":""王様が 私を池に飛び込ませることができたら褒美をやる と挑戦しました"",""humor_return"":""シアン ミアンは 私には王様を池に飛び込ませることはできませんが もし王様が池の中にいるなら 池から上がらせることはできます と答えました 王様は それならやってみろ と池に飛び込みました するとシアン ミアンは ほら 王様を池に飛び込ませることができました と笑いました"",""evaluation"":""相手の言葉の前提を逆手に取り 相手自身の行動によって目的を達成させるという論理的な切り返しが高く評価されます""}],""glossary"":[{""term"":""シアン ミアン"",""explanation"":""ラオスの民話に登場する伝説的な知恵者で 権力者をユーモアでやり込めるトリックスターです""}],""citations"":[{""source_title"":""Xieng Mieng: The Infamous Lao Prankster | Tales of a Falang in Laos"",""url_or_isbn"":""https://falanglaos.wordpress.com/2014/02/11/xieng-mieng-the-infamous-lao-prankster/"",""editorial_note"":""史実および原典に基づき 中高生が理解しやすいよう現代語訳および一部表現を加筆修正しています""}]},{""culture_name"":""モーラムの掛け合い歌"",""catchcopy"":""即興の詩とユーモアで対立を和らげる伝統的な歌の決闘"",""historical_background"":""ラオスの農村地域で古くから行われてきた 伝統楽器ケーンの伴奏に合わせた即興の歌謡芸能です"",""social_function"":""男女間の緊張や 村同士の縄張り争い 社会的な不満などを 直接的な衝突ではなく 即興の風刺詩やユーモアを交えた歌の掛け合いによって平和的に解決し 共同体の調和を保つ機能を持っています"",""historical_examples"":[{""combatants"":""異なる村の若い男女"",""background"":""祭りの夜に村同士のプライドをかけて行われる歌の掛け合いです"",""attack"":""男性側が 君たちの村は貧しくて ろくな食べ物もないのだろう と風刺を交えてからかいました"",""humor_return"":""女性側が 私たちの村は確かに質素ですが 泥棒もいませんし あなたのようなおしゃべりな人を養うだけの心の広さがあります と即興の詩でユーモラスに切り返しました"",""evaluation"":""相手の攻撃を真っ向から否定せず ユーモアと機知に富んだ即興 of 詩で包み込むことで 敵意を笑いに変える技術が高く評価されます""}],""glossary"":[{""term"":""モーラム"",""explanation"":""ラオスの伝統的な歌謡芸能およびその歌い手のことで 即興で詩を作り出す達人です""},{""term"":""ケーン"",""explanation"":""竹で作られたラオスの伝統的な多管自由簧楽器で 日本の笙に似た美しい音色を奏でます""}],""citations"":[{""source_title"":""Literature of Laos - Wikipedia"",""url_or_isbn"":""https://en.wikipedia.org/wiki/Literature_of_Laos"",""editorial_note"":""史実および原典に基づき 中高生が理解しやすいよう現代語訳および一部表現を加筆修正しています""}]}]}",,,,,,,,,,,,,,
第４象限,ラトビア,"{""status"":""SUCCESS"",""cultures"":[{""culture_name"":""アプジエダーシャナ"",""catchcopy"":""歌の力でトゲを抜く ラトビアのユーモラスな歌合戦"",""historical_background"":""ラトビアには古くから伝わる伝統的な民謡であるダイナという文化があります これは通常４行からなる短い詩で 人々の生活や自然への感謝が歌われてきました その中でもお互いをユーモアを交えてからかい合うアプジエダーシャナという歌合戦の文化は 結婚式や夏至祭などの重要な祝祭で盛んに行われてきました"",""social_function"":""結婚式などでそれまで全く異なる環境で育ち 対立や警戒心を抱きがちな新郎の家族と新婦の家族が この歌合戦を通じてお互いの欠点や貧しさをユーモアたっぷりに暴露し合います 直接的な非難や暴力を避け 笑い飛ばすことで 両家の緊張をほぐし 一つの新しいコミュニティとして統合する役割を果たしました"",""historical_examples"":[{""combatants"":""新郎側の親族と新婦側の親族"",""background"":""結婚式の宴席で 両家が初めて一堂に会し お互いに対する警戒心や緊張感が高まっている場面"",""attack"":""新婦側が新郎側に対して 新郎の家はとても貧しくて屋根に穴が空いているから 雨が降ったら家の中で傘をささなければならない と歌ってからかいます"",""humor_return"":""新郎側は怒ることなく 新婦の鼻はとても長くて テーブルに座っているのに鼻の先はかまどの中に突っ込んでいる と伝統的な比喩を使って歌い返します"",""evaluation"":""相手の攻撃に対して感情的にならず より奇抜でユーモラスな比喩を使って切り返すことで 場を爆笑の渦に巻き込み 対立を親しみやすさに変える知性が高く評価されます""}],""glossary"":[{""term"":""ダイナ"",""explanation"":""ラトビアの伝統的な４行詩で ユネスコの世界記憶遺産にも登録されている貴重な文化遺産です""},{""term"":""アプジエダーシャナ"",""explanation"":""ラトビア語で 歌いかける や 歌でからかう という意味を持つ 伝統的な歌合戦の形式です""},{""term"":""夏至祭"",""explanation"":""ラトビアで最も重要とされる伝統的な祝祭で ヤーニとも呼ばれ 夜通し歌や踊りが行われます""}],""citations"":[{""source_title"":""Latvian Folksongs ? Dainas | Latvijas Kult?ras kanons"",""url_or_isbn"":""https://kulturaskanons.lv/en/archive/latviesu-tautasdziesmas-dainas/"",""editorial_note"":""史実および原典に基づき 中高生が理解しやすいよう現代語訳および一部表現を加筆修正しています""},{""source_title"":""Apdzied??ana un dziesmu kar?. - Katalogs : Dainu Skapis"",""url_or_isbn"":""http://www.dainuskapis.lv/katalogs/Apdziedasana-un-dziesmu-kars"",""editorial_note"":""史実および原典に基づき 中高生が理解しやすいよう現代語訳および一部表現を加筆修正しています""}]}]}",,,,,,,,,,,,,,
第４象限,リトアニア,"{""status"":""SUCCESS"",""cultures"":[{""culture_name"":""ピルシュリスの裁判"",""catchcopy"":""嘘つきの仲介人をユーモアで裁き 愛の帯で救う模擬裁判"",""historical_background"":""リトアニアの農村社会では 結婚は家同士の結びつきを意味する重大な出来事でした 19世紀から20世紀初頭にかけて 新郎新婦を引き合わせる仲介人は 双方の家族の間で交渉を円滑に進めるために 時に大げさな嘘や誇張を交えて説得を行いました 結婚式の2日目には この仲介人の嘘をユーモアを交えて告発し 儀式的に裁く伝統が生まれました"",""social_function"":""結婚という人生の大きな転換期において 家族間の緊張や持参金を巡る対立を 直接的な非難ではなく ユーモアあふれる模擬裁判という形で昇華させます 仲介人を悪者として象徴的に裁き 最終的に新婦が彼を救うことで 双方の家族がわだかまりを捨てて一つのコミュニティとして和解する機能を持っていました"",""historical_examples"":[{""combatants"":""新婦の家族と 仲介人"",""background"":""結婚式の2日目の朝 新郎の財産や家柄について嘘をついて新婦を騙したとして 仲介人が捕らえられ ゲスト全員の前で模擬裁判が始まります"",""attack"":""検事役の親族が この仲介人は新郎の家には金銀が溢れていると言ったが 実際はただの古い農家ではないか 嘘つきの仲介人を絞首刑に処すべきだ とユーモアを交えて厳しく告発します"",""humor_return"":""仲介人は 自分の滑稽な遺言書を読み上げ 私の古い靴は検事に 口の軽さは村の噂好きに分け与える などと機知に富んだジョークで応酬します 処刑の直前 新婦が 私は新郎を愛しているから仲介人は嘘をついていない と宣言し 伝統的な手織りの帯を彼の首に巻きつけて救い出します"",""evaluation"":""対立の象徴である嘘を ユーモアあふれる遺言書やジョークで笑いに変え 最終的に新婦の愛の宣言と伝統的な帯という象徴的なアイテムによって 暴力を伴わずに平和的な解決へと導く論理的な美しさが評価されます""}],""glossary"":[{""term"":""ピルシュリス"",""explanation"":""リトアニアの伝統的な結婚式で 新郎新婦の仲介や交渉を行う男性の役割のことです""},{""term"":""ヨウスタ"",""explanation"":""リトアニアの伝統的な手織りの帯で 幾何学模様が特徴的であり 儀式や贈り物として重要な意味を持ちます""},{""term"":""テストメンタス"",""explanation"":""模擬裁判の中で 仲介人が読み上げる滑稽でユーモアに満ちた偽の遺言書のことです""}],""citations"":[{""source_title"":""TRADITIONAL LITHUANIAN WEDDING - Special days to enjoy together"",""url_or_isbn"":""https://specialdaystoenjoytogether.wordpress.com/traditional-lithuanian-wedding/"",""editorial_note"":""史実および原典に基づき 中高生が理解しやすいよう現代語訳および一部表現を加筆修正しています""},{""source_title"":""What are some Lithuanian wedding traditions? : r/lithuania - Reddit"",""url_or_isbn"":""https://www.reddit.com/r/lithuania/comments/15gq8v7/what_are_some_lithuanian_wedding_traditions/"",""editorial_note"":""史実および原典に基づき 中高生が理解しやすいよう現代語訳および一部表現を加筆修正しています""}]}]}",,,,,,,,,,,,,,
第４象限,リビア,"{""status"":""NO_CULTURE_FOUND"",""cultures"":[]}",,,,,,,,,,,,,,
第４象限,リヒテンシュタイン,"{""status"":""NO_CULTURE_FOUND"",""cultures"":[]}",,,,,,,,,,,,,,
第４象限,リベリア,"{""status"":""SUCCESS"",""cultures"":[{""culture_name"":""クペレ ムート"",""catchcopy"":""裁判ではなく話し合いで心をほぐす伝統の集会"",""historical_background"":""リベリア中部に住むクペレ族の間で古くから行われてきた非公式の紛争解決システムです 近代的な裁判制度が導入される前から 地域社会の調和を保つために機能してきました"",""social_function"":""夫婦の不和や親族間の遺産争いなどの身近な対立を 勝ち負けを決める裁判ではなく 参加者全員でことわざやユーモアを交えながら話し合うことで 互いのわだかまりを解消し 関係を修復する役割を持っています"",""historical_examples"":[{""combatants"":""夫婦間の不和と家事の怠慢をめぐる対立"",""background"":""ある夫婦が日々の家事や農作業の分担をめぐって激しく対立し 離婚寸前の状態になってムートが召集されました"",""attack"":""夫は妻が怠慢であると主張し 妻は夫が自分を尊重していないと激しく非難し合いました"",""humor_return"":""集会の長老が 泣かない子供は抱っこ紐の中で死んでしまう ということわざを引用し 妻が不満を声に出したことは関係を良くしたいという心の表れであるとユーモラスに解釈し 夫に対して 針は小さいがその金属は強い と妻の存在の大きさを諭しました"",""evaluation"":""相手を一方的に断罪するのではなく ことわざを用いて双方の言い分をユーモラスに肯定し 互いに非を認め合って笑顔で和解へと導く論理が評価されます""}],""glossary"":[{""term"":""クペレ族"",""explanation"":""リベリアで最大の人口を持つ先住民族で 主に農業を営み豊かな口承文化を持っています""},{""term"":""パラバー ハット"",""explanation"":""壁のない円形の伝統的な建物で 地域の話し合いや紛争解決の場として使われます""}],""citations"":[{""source_title"":""The Kpelle Moot: A Therapeutic Model for the Informal Settlement of Disputes"",""url_or_isbn"":""https://www.jstor.org/stable/1157793"",""editorial_note"":""史実および原典に基づき 中高生が理解しやすいよう現代語訳および一部表現を加筆修正しています""}]},{""culture_name"":""冗談関係"",""catchcopy"":""あえて悪口を言い合うことで対立を吹き飛ばす知恵"",""historical_background"":""リベリアを含む西アフリカ一帯で何世紀にもわたり受け継がれてきた社会制度です 異なる民族間や特定の親族間で結ばれた同盟関係に基づいています"",""social_function"":""土地の境界争いや資源の奪い合いなど 深刻な対立に発展しかねない状況において 儀礼的なからかいやユーモラスな悪口を言い合うことで 緊張を和らげ 暴力を未然に防ぐ安全弁として機能します"",""historical_examples"":[{""combatants"":""マノ族とクペレ族の境界近くでの小競り合い"",""background"":""隣接する地域で暮らすマノ族とクペレ族の間で 農地の境界をめぐって一触即発の緊張が高まりました"",""attack"":""一方の若者が お前たちの先祖は怠け者で 畑の耕し方も知らなかった と挑発的な言葉を投げかけました"",""humor_return"":""言われた側は怒るのではなく 冗談関係のルールに従って お前たちは大食いの泥棒の末裔だ とさらに大げさな悪口で返し 互いに大笑いして緊張を和らげました"",""evaluation"":""悪口を攻撃として受け取るのではなく 伝統的な同盟関係に基づく 冗談 として昇華させることで 暴力的な対立をユーモアの力で無効化する知性が評価されます""}],""glossary"":[{""term"":""マノ族"",""explanation"":""リベリア北部に住む先住民族で クペレ族と歴史的に深い交流があります""},{""term"":""冗談関係"",""explanation"":""特定のグループ間で 怒らずにからかい合うことが許される西アフリカの伝統的な社会制度です""}],""citations"":[{""source_title"":""Assessing (a)symmetry in multilingualism: The case of Mano and Kpelle in Guinea"",""url_or_isbn"":""https://helda.helsinki.fi/handle/10138/333123"",""editorial_note"":""史実および原典に基づき 中高生が理解しやすいよう現代語訳および一部表現を加筆修正しています""}]}]}",,,,,,,,,,,,,,
第４象限,ルーマニア,"{""status"":""SUCCESS"",""cultures"":[{""culture_name"":""ストリガトゥル ペステ サト"",""catchcopy"":""丘の上から響く風刺の矢 暴力なき村の裁判所"",""historical_background"":""ルーマニアの農村部では 古くから厳しい冬が終わり春を迎える時期や 新しい年が始まる節目に 特別な伝統行事が行われてきました 特にマラムレシュ地方やトランシルヴァニア地方などの山岳地帯では 村人同士の絆を維持し 秩序を守るために 独自の言葉遊びが発達しました"",""social_function"":""この行事は 直接的な暴力や法的な裁判に訴えることなく ユーモアと風刺によって社会的な緊張を和らげる役割を持っていました 若者たちが丘の上から村人の秘密や不品行を大声で暴露することで 当事者は恥ずかしさを感じつつも ユーモアとして受け入れ 自らの行動を改める機会となりました 最後に 良いものは集まり 悪いものは洗い流されよ という言葉で締めくくられ コミュニティ全体の和解と浄化が図られました"",""historical_examples"":[{""combatants"":""怠け者の若者と見栄っ張りの娘"",""background"":""ある村で 畑仕事を怠けてばかりいる若者と 自分の家を立派に見せようと嘘をついていた娘がいました 二人の不真面目な態度が村の若者たちの間で問題視されていました"",""attack"":""丘の上の若者たちが ゲオルゲは畑も耕さずに毎日寝てばかりいるぞ と叫び 別の丘の若者たちが マリアの家には皿が三枚しかなくて しかも一枚も洗っていないぞ と大声で応じました"",""humor_return"":""これを聞いた二人は 怒る代わりに自分たちの行いが村中に知れ渡ったことを笑い飛ばし ゲオルゲは翌日から畑仕事を始め マリアも家事を手伝うようになりました"",""evaluation"":""個人のプライベートな問題を直接非難するのではなく 詩的なリズムとユーモアを交えて村全体で共有することで 誰も傷つけることなく道徳的な是正を促した点が高く評価されます""},{""combatants"":""境界線を巡って争う二人の農夫"",""background"":""隣り合う畑 of 境界線を巡って 毎日激しい口論を続けていた二人の農夫がいました 村の雰囲気は悪くなり 暴力沙汰に発展する一歩手前でした"",""attack"":""若者たちが丘の上から 二人の農夫は一寸の土地を奪い合うために 自分の魂まで悪魔に売り渡そうとしているぞ と風刺の詩を叫びました"",""humor_return"":""村中に自分たちのケチな争いが響き渡るのを聞いた二人の農夫は 恥ずかしくなり 翌朝にお互いの畑の真ん中で笑い合いながら 境界線を半分ずつ分け合うことで和解しました"",""evaluation"":""深刻な対立を滑稽な笑い話に変換することで 当事者に客観的な視点を与え 自発的な和解へと導いた知恵が評価されます""}],""glossary"":[{""term"":""ストリガトゥル ペステ サト"",""explanation"":""ルーマニアの農村で伝統的に行われてきた 丘の上から村人の行動を風刺する詩を大声で叫び合う行事""},{""term"":""ストリガトゥリ"",""explanation"":""ルーマニアの伝統的なダンスや行事の際に叫ばれる ユーモアや風刺に富んだ短い韻文""},{""term"":""ラサトゥル セクルイ"",""explanation"":""キリスト教の四旬節と呼ばれる大断食の期間に入る直前の前夜祭で 焚き火をしながらお祝いをする伝統的な日""}],""citations"":[{""source_title"":""Strig?tul peste sat, un fel de ?mass media” local? a str?bunicilor no?tri"",""url_or_isbn"":""https://www.directmm.ro/comunitate/traditii/strigatul-peste-sat-un-fel-de-mass-media-locala-a-strabunicilor-nostri/"",""editorial_note"":""史実および原典に基づき 中高生が理解しやすいよう現代語訳および一部表現を加筆修正しています""},{""source_title"":""Strig?tura - Wikipedia"",""url_or_isbn"":""https://ro.wikipedia.org/wiki/Strig%C4%83tur%C4%83"",""editorial_note"":""史実および原典に基づき 中高生が理解しやすいよう現代語訳および一部表現を加筆修正しています""}]}]}",,,,,,,,,,,,,,
第４象限,ルクセンブルク,"{""status"":""SUCCESS"",""cultures"":[{""culture_name"":""ルクセンブルクの政治風刺キャバレー"",""catchcopy"":""鋭い風刺と歌で社会の対立を笑いに変える知性の舞台"",""historical_background"":""ルクセンブルクはフランスやドイツなどの大国に囲まれた小国であり 独自のアイデンティティを守るためにルクセンブルク語を用いた独自の文化を発展させてきました 19世紀に劇作家ディックスがルクセンブルク語による風刺劇や歌を創作したことが始まりとされ 20世紀には政治や社会の矛盾をユーモアで批判するキャバレー文化として定着しました"",""social_function"":""政治的な対立や社会的な不満を 直接的な暴力や激しい論争で解決するのではなく 舞台上での鋭い風刺 歌 二重の意味を持つ言葉遊びによって表現します これにより 人々は対立する意見を客観的に見つめ直し 笑いを通じて社会的な緊張を和らげる安全弁としての役割を果たしてきました"",""historical_examples"":[{""combatants"":""劇作家ディックスと当時の保守的な社会"",""background"":""19世紀半ば ルクセンブルク語がまだ書き言葉として確立されておらず 社会の近代化に伴う対立や教会の影響力に対する不満が高まっていました"",""attack"":""保守的な知識人や教会による厳格な社会規範や 庶民の生活を縛る古い慣習"",""humor_return"":""ディックスはルクセンブルク語の歌や劇の中で ユーモアと二重の意味を持つ言葉遊びを駆使して 権力者の矛盾や迷信を滑稽に描き出しました"",""evaluation"":""相手を直接攻撃するのではなく 誰もが理解できる日常の言葉と笑いを用いて 権威の不条理さを浮き彫りにし 庶民の共感を得ながら社会の近代化を後押しした点""},{""combatants"":""政治キャバレーグループ「フッベルベンク」と1974年の国政選挙"",""background"":""1970年代 ルクセンブルクの政治体制や社会改革をめぐり 保守派と革新派の間で激しい議論が交わされていました"",""attack"":""政治家たちの形式的な議論や 現実から乖離した政策決定プロセス"",""humor_return"":""フッベルベンクは舞台上で 政治家たちの発言や行動を誇張したコントや歌で表現し ルクセンブルク語の豊かなニュアンスを活かした言葉遊びで彼らの本音を暴き出しました"",""evaluation"":""政治的な対立を泥沼化させることなく ユーモアあふれる風刺劇に昇華させることで 有権者が冷静に政治状況を判断する機会を提供し 民主的な対話を促進した点""}],""glossary"":[{""term"":""ディックス"",""explanation"":""19世紀ルクセンブルクの劇作家エドモンド ド ラ フォンテーヌの筆名で ルクセンブルク語による文学や演劇の基礎を築いた人物""},{""term"":""フッベルベンク"",""explanation"":""1970年代に活躍したルクセンブルクの伝説的な政治キャバレーグループで かんな台を意味する言葉を名前に冠していました""},{""term"":""ルクセンブルク語"",""explanation"":""ドイツ語の方言から発展し 1984年に公用語として法制化されたルクセンブルクの国語""}],""citations"":[{""source_title"":""Inside Luxembourg: Theatre and cabaret - St George's International School"",""url_or_isbn"":""https://www.st-georges.lu/news-detail?pk=1436151"",""editorial_note"":""史実および原典に基づき 中高生が理解しやすいよう現代語訳および一部表現を加筆修正しています""},{""source_title"":""Satirische Literatur in Luxemburg - Centre national de litt?rature"",""url_or_isbn"":""https://www.cnl.lu"",""editorial_note"":""史実および原典に基づき 中高生が理解しやすいよう現代語訳および一部表現を加筆修正しています""}]}]}",,,,,,,,,,,,,,
第４象限,ルワンダ,"{""status"":""SUCCESS"",""cultures"":[{""culture_name"":""Guterana ubuse"",""catchcopy"":""言葉のトゲを笑いに変える 氏族間の知的な冗談合戦"",""historical_background"":""ルワンダの王制時代から伝わる伝統的な習慣で 異なる氏族の間で結ばれたウブセと呼ばれる特別な冗談関係に基づいています 特に土地の先住民系氏族と後から入ってきた氏族の間などで 相互の緊張を和らげるために行われました"",""social_function"":""この関係にある人々はお互いに過激な風刺や芸術的な悪口を交わすことが許されていました どれほど辛辣な表現であっても決して怒ってはならず ユーモアと機知で切り返すことがルールとされ 氏族間の対立や不満を直接的な暴力に発展させずに解消する安全弁として機能していました"",""historical_examples"":[{""combatants"":""アバセ（冗談関係にある氏族のメンバー同士）"",""background"":""新築の家を建てる際や喪が明ける儀式の場など 氏族が集まる重要な節目において 緊張をほぐし共同体の絆を再確認するために行われました"",""attack"":""お前たちの氏族はいつも強欲で他人の土地をかすめ取ることばかり考えている怠け者の集まりだ といった相手の氏族のステレオタイプや欠点を突く言葉の攻撃"",""humor_return"":""確かに私たちは土地を愛しているがそれはお前たちが耕し方を忘れて飢えないように見守ってやっているからだ お前たちの細い腕ではクワも握れまい と相手の身体的特徴や能力をユーモラスに誇張して切り返す"",""evaluation"":""相手の攻撃に対して感情的にならず 相手の主張を逆手に取ってさらに洗練されたユーモアや比喩で返す知的な即興性が高く評価されました""}],""glossary"":[{""term"":""ウブセ"",""explanation"":""ルワンダの異なる氏族間で結ばれる儀礼的な冗談関係のこと""},{""term"":""アバセ"",""explanation"":""ウブセの関係にあるパートナーや批判や風刺を行う役割の人々のこと""},{""term"":""イビシゴ ビ ウブセ"",""explanation"":""ウブセの精神に基づき社会の悪習や指導者の過ちをユーモラスに批判するために作られた風刺詩のジャンル""}],""citations"":[{""source_title"":""Pacts Alliances and Jokes"",""url_or_isbn"":""https://www.cairn.info/revue-afrique-et-histoire-2007-1-page-11.htm"",""editorial_note"":""史実および原典に基づき中高生が理解しやすいよう現代語訳および一部表現を加筆修正しています""},{""source_title"":""THE TEACHING OF HISTORY OF RWANDA A PARTICIPATORY APPROACH"",""url_or_isbn"":""https://www.law.berkeley.edu/"",""editorial_note"":""史実および原典に基づき中高生が理解しやすいよう現代語訳および一部表現を加筆修正しています""}]}]}",,,,,,,,,,,,,,
第４象限,レソト,"{""status"":""SUCCESS"",""cultures"":[{""culture_name"":""ホ トラガナ"",""catchcopy"":""親族間の緊張を笑いに変える 伝統的なからかいの絆"",""historical_background"":""ソト族の社会において 古くから親族関係の維持や対立回避のために受け継がれてきた 冗談関係 の慣習です 特に交差従姉妹の間で対称的に行われてきました"",""social_function"":""親族間やコミュニティ内での潜在的な対立や緊張を 直接的な衝突ではなく お互いをユーモラスにからかい合う言葉遊びによって解消します この関係においては どれほど辛辣な冗談であっても怒ることはタブーとされ 笑いによって関係を修復し 強化する役割を持っています"",""historical_examples"":[{""combatants"":""交差従姉妹同士の対話"",""background"":""家族の集まりや儀式の際 親族間の役割や財産を巡る潜在的な緊張が存在する場面"",""attack"":""相手の容姿や行動 あるいは 私の夫のくせに怠けている といった役割の不履行をユーモラスに誇張してからかう言葉"",""humor_return"":""相手のからかいをさらに大げさな冗談で返し 周囲の笑いを誘うことで 緊張を和らげる切り返し"",""evaluation"":""相手の言葉に怒らず より機知に富んだユーモアで返すことで 対立を笑いに昇華させる知性が評価されます""}],""glossary"":[{""term"":""ホ トラガナ"",""explanation"":""ソト族の伝統的な冗談関係を指す言葉で 特定の親族間でお互いをからかい合うことが許される慣習です""}],""citations"":[{""source_title"":""African systems of kinship and marriage"",""url_or_isbn"":""https://vertexaisearch.cloud.google.com/grounding-api-redirect/AUZIYQEjQTksjt2vAZQoiZBg7UNDjnFJOwF-1PftZDmWsmOP0wpPAXEJIqDBK1ccLqMhoURQbLxSWNn3ztbvgNnuBj0P1BMLTlviakjcV1SeXnCZiJUacNHLYVkn4fUYwacRDZ3AVnABN-zCV0_V3RfW_CaeJ-VtXTkAcj4qt36y5rpLp6NHNUkzhw=="",""editorial_note"":""史実および原典に基づき 中高生が理解しやすいよう現代語訳および一部表現を加筆修正しています""}]},{""culture_name"":""リロト"",""catchcopy"":""夜の囲炉裏で知恵を競う 謎かけの言葉遊び"",""historical_background"":""レソトの山岳地帯で 冬の寒い夜に家族やコミュニティのメンバーが囲炉裏の周りに集まり 記憶力や想像力を鍛えるために行われてきた伝統的な謎かけです"",""social_function"":""単なる子供の遊びにとどまらず 比喩や詩的な表現を用いて 直接的な批判や対立を避けながら 社会的な教訓や知恵を共有します 言葉の裏にある意味を読み解くことで 対立する意見を間接的に和らげる機能を持っています"",""historical_examples"":[{""combatants"":""コミュニティの若者たちや長老たち"",""background"":""意見の対立や緊張がある中 直接的な議論を避けて知恵比べを行う場面"",""attack"":""赤い丘の上に並ぶ白い馬の列は何だ といった 一見すると難解で矛盾しているように思える謎を投げかける"",""humor_return"":""それは赤い歯茎に並ぶ白い歯だ と 言葉の比喩を正確に見抜いて答える"",""evaluation"":""表面的な言葉に惑わされず 物事の本質を比喩を通じて理解し ユーモアを持って解決に導く洞察力が評価されます""}],""glossary"":[{""term"":""リロト"",""explanation"":""ソト語で謎かけを意味する言葉で 比喩や詩的な表現を用いた知恵比べのゲームです""}],""citations"":[{""source_title"":""The Sesotho riddle as a poetic text"",""url_or_isbn"":""https://vertexaisearch.cloud.google.com/grounding-api-redirect/AUZIYQFJ9vjNQIBhr-w05-qDZPWFwYYyfd4H7S9ICBz0HRC7aDzFonFOJH3W_0KipLgo97919Ih6n3lH8JHJwe_zfQ-bvrOh60az7ajnIm_bhq4A4qsXT_trec0Mk0SYcScfZtL7lzpGKOW-ehOis5igqBZreSwyy-RX6Q4j3pc5YR1vr2fdATyYrWdKpQQspw=="",""editorial_note"":""史実および原典に基づき 中高生が理解しやすいよう現代語訳および一部表現を加筆修正しています""}]},{""culture_name"":""マエレ"",""catchcopy"":""ことわざの力で和解を導く 伝統的法廷の知恵"",""historical_background"":""バソトの創始者であるモショエショエ1世の時代から重視されてきた 伝統的な集会や法廷における対立解決の文化です"",""social_function"":""紛争や対立が生じた際 直接的な非難や暴力を避け ことわざ や比喩を駆使した弁論を行います これにより 当事者の感情を和らげ 客観的な視点を提供し 合意形成を促します"",""historical_examples"":[{""combatants"":""土地や家畜の所有権を巡って対立する二人の村人"",""background"":""伝統的法廷において お互いの主張が平行線をたどり 緊張が高まっている場面"",""attack"":""相手が自分の権利を侵害していると 激しい言葉で直接的に非難する主張"",""humor_return"":""長老や弁論者が ゾウを狩る者は一つになる ということわざを引き合いに出し 対立ではなく協調の必要性をユーモラスに説く切り返し"",""evaluation"":""直接的な非難をことわざの比喩に置き換えることで 当事者のプライドを傷つけることなく 論理的かつ平和的な解決へと導く弁論術が評価されます""}],""glossary"":[{""term"":""マエレ"",""explanation"":""ソト語でことわざや格言を意味する言葉で 日常の知恵や道徳的な教訓が込められています""},{""term"":""レコトラ"",""explanation"":""ソト族の伝統的な集会所や法廷のことで コミュニティの意思決定や紛争解決が行われる場所です""},{""term"":""モショエショエ1世"",""explanation"":""19世紀にバソトの多様な集団を統合し 現在のレソト王国の基礎を築いた偉大な指導者です""},{""term"":""ホ ファタ コートソ"",""explanation"":""平和のために交渉する または 和解を求める という意味のソト語の慣用句です""}],""citations"":[{""source_title"":""Sesotho Idioms and Proverbs Explained"",""url_or_isbn"":""https://vertexaisearch.cloud.google.com/grounding-api-redirect/AUZIYQFAaNAHii0Z-brcOVdo1ZL-KsY3tBVlaWPS2dLELXxceT7DXXRAP-Ekvv5WE7Q2ObJZpYit5_LnjIG_lS05qHCp6bGuFVpQZSyQ2tw0vGdQRy8ngB8DIbu3yZhePtK9mnOAAWbVdW4="",""editorial_note"":""史実および原典に基づき 中高生が理解しやすいよう現代語訳および一部表現を加筆修正しています""}]}]}",,,,,,,,,,,,,,
第４象限,レバノン,"{""status"":""SUCCESS"",""cultures"":[{""culture_name"":""ザジャル"",""catchcopy"":""言葉の刃をユーモアに変える即興詩の決闘"",""historical_background"":""レバノンの山岳地帯で古くから育まれた口頭詩の伝統で 異なる宗教やコミュニティの人々が集まるお祭りや結婚式などで盛んに行われてきました"",""social_function"":""政治的な対立や社会的な不満を 直接的な暴力ではなく 音楽のリズムに乗せた即興の詩とユーモアあふれる風刺によって表現し 互いの緊張を和らげる安全弁としての役割を果たしています"",""historical_examples"":[{""combatants"":""1971年のベイト メリーにおける詩の対決"",""background"":""レバノン内戦の直前 社会的な緊張が高まっていた時期に 異なる背景を持つ詩人たちが一堂に会しました"",""attack"":""相手の詩人が お前の言葉には中身がなく ただ大きな音を立てているだけだ と風刺しました"",""humor_return"":""対する詩人は 私の声が響くのは お前の空っぽの頭に私の知恵を響かせるためだ とユーモアを交えて即興で切り返しました"",""evaluation"":""相手の攻撃を否定するのではなく ユーモアと機知によって笑いに変え 観衆を巻き込んで対立を和らげた点が高く評価されます""}],""glossary"":[{""term"":""ザッジャール"",""explanation"":""ザジャルを詠む即興詩人のことで 高い言語センスと機知が求められます""},{""term"":""ダフ"",""explanation"":""ザジャルの伴奏に使われる伝統的なタンバリンのような打楽器です""}],""citations"":[{""source_title"":""Al-Zajal, recited or sung poetry - UNESCO Intangible Cultural Heritage"",""url_or_isbn"":""https://ich.unesco.org/en/RL/al-zajal-recited-or-sung-poetry-01000"",""editorial_note"":""史実および原典に基づき 中高生が理解しやすいよう現代語訳および一部表現を加筆修正しています""}]},{""culture_name"":""ハカワティ"",""catchcopy"":""物語の力で対立を溶かす街角の語り部"",""historical_background"":""レバノンのベイルートやトリポリなどの都市部のカフェで 18世紀から19世紀にかけて特に栄えた伝統的なストーリーテリングの文化です"",""social_function"":""政治的な不満や地域間の対立があるとき 語り部が英雄譚や風刺の効いた昔話をユーモラスに語ることで 人々の怒りを笑いに変え 共通の物語を通じて連帯感を高めました"",""historical_examples"":[{""combatants"":""カフェに集まる対立する派閥の市民たちと語り部"",""background"":""政治的な緊張が高まり カフェの中で一触即発の空気が流れていたときのことです"",""attack"":""客たちが互いに睨み合い 政治的な議論で今にも殴り合いが始まりそうな状況でした"",""humor_return"":""語り部はあえて物語の英雄が些細なことで大喧嘩をする滑稽な場面を大げさに演じ この英雄たちも君たちのようにハンサムだが 怒るとロバのように見えてしまうな と笑わせました"",""evaluation"":""直接的な説教をするのではなく 物語の登場人物に自分たちを投影させることで 客観的に自分たちの愚かさに気づかせ 緊張を笑いで解消した点が高く評価されます""}],""glossary"":[{""term"":""ハカワティ"",""explanation"":""アラビア語で 物語を語る人 を意味する伝統的な語り部のことです""},{""term"":""シヤル"",""explanation"":""ハカワティが語る英雄たちの冒険やロマンスを描いた大衆小説や叙事詩のことです""}],""citations"":[{""source_title"":""the endangerment and re-creation of an intangible cultural heritage element: the case of hakawati, lebanon's oral storytelling tradition"",""url_or_isbn"":""https://www.diadrasis.org/e-dialogos/issue-7/the-endangerment-and-re-creation-of-an-intangible-cultural-heritage-element-the-case-of-hakawati-lebanons-oral-storytelling-tradition"",""editorial_note"":""史実および原典に基づき 中高生が理解しやすいよう現代語訳および一部表現を加筆修正しています""}]}]}",,,,,,,,,,,,,,
第４象限,ロシア,"{""status"":""SUCCESS"",""cultures"":[{""culture_name"":""チャストゥーシカの掛け合い"",""catchcopy"":""アコーディオンの音色に乗せて放つ 鋭い風刺と即興の4行詩バトル"",""historical_background"":""19世紀後半のロシアで農奴解放が行われた後 都市と農村の交流が活発になる中で急速に発展しました 若者たちが集まる夜会や祭りなどの社交の場で盛んに歌われました"",""social_function"":""異なる村の若者同士の縄張り争いや 男女間の恋愛の駆け引きを 直接的な暴力ではなく 即興の歌の掛け合いによってユーモラスに解決し 緊張を笑いに変える役割を果たしました"",""historical_examples"":[{""combatants"":""お祭りの広場で鉢合わせした異なる村の若者たち"",""background"":""お祭りの日に隣の村の若者グループと出会い 一触即発の緊張状態になった場面です"",""attack"":""あっちの村の奴らは 痩せこけた馬みたいに のろまで不器用だ という挑発の歌です"",""humor_return"":""お前の村の馬は 確かに立派だが 畑を耕す代わりに 自分の影に驚いて逃げ出すぞ という即興の歌でいなしました"",""evaluation"":""相手の攻撃を真っ向から否定して怒るのではなく ユーモアと決まったリズムを保ちながら より機知に富んだ風刺で返すことで 周囲の笑いを誘い 衝突を回避した点が高く評価されます""}],""glossary"":[{""term"":""チャストゥーシカ"",""explanation"":""ロシアの伝統的な口承詩で 通常は4行で構成され アコーディオンなどの伴奏に合わせて素早いテンポで歌われる滑稽な歌や風刺歌のことです""},{""term"":""農奴解放"",""explanation"":""1861年にロシア帝国で行われた 領主に支配されていた農民たちを自由な身分にするための改革のことです""}],""citations"":[{""source_title"":""チャストゥーシカの詩・音楽・動作・場と20 世紀ロシア社会"",""url_or_isbn"":""https://koara.lib.keio.ac.jp/xoonips/modules/xoonips/detail.php?koara_id=AN10065043-20200331-0049"",""editorial_note"":""史実および原典に基づき 中高生が理解しやすいよう現代語訳および一部表現を加筆修正しています""},{""source_title"":""複言語のすすめ | 慶應義塾大学外国語教育研究センター"",""url_or_isbn"":""https://www.flang.keio.ac.jp/ja/plurilingualism/column/02.html"",""editorial_note"":""史実および原典に基づき 中高生が理解しやすいよう現代語訳および一部表現を加筆修正しています""}]},{""culture_name"":""新婦の買い戻しにおけるなぞなぞ対決"",""catchcopy"":""娘を奪う緊張を 知性とユーモアで祝福に変える儀礼的な謎解き"",""historical_background"":""古代スラブの伝統に由来し ロシアの伝統的な結婚式で今も行われている儀式です 新郎が新婦の家を訪れて彼女を連れ出す際に行われます"",""social_function"":""新婦を奪われる側の親族と 新郎グループとの間の 潜在的な対立や緊張関係を ユーモラスななぞなぞや言葉遊びの試練を通じて和らげ 両家の結びつきを平和的に祝福する役割を持っています"",""historical_examples"":[{""combatants"":""新郎と新婦の友人や親族たち"",""background"":""新郎が新婦の家に到着した際 新婦の友人たちがドアを塞ぎ 簡単に通さないための関門を設けた場面です"",""attack"":""私たちの美しい花嫁を連れて行きたければ 彼女の心を開く鍵が何か 言葉で証明してみせよ という問いかけです"",""humor_return"":""それは私の財布の鍵ではなく 毎日彼女に囁く愛しているという言葉だ と答えたり 彼女の好きなところをロシア語のアルファベットの頭文字で即興で褒めちぎる言葉遊びで返しました"",""evaluation"":""難題に対して真面目に答えるのではなく 機知に富んだお世辞やユーモアを巧みに使って 新婦の親族を笑わせ 納得させることで 儀式を楽しいお祝いの場に変えた点が高く評価されます""}],""glossary"":[{""term"":""スラブ"",""explanation"":""東ヨーロッパを中心に居住し 共通の言語や文化の起源を持つ民族グループのことです""},{""term"":""新婦の買い戻し"",""explanation"":""ロシアの結婚式で 新郎が新婦の家を訪れた際に 新婦の友人や親族から出される様々な課題やなぞなぞをクリアして 新婦を連れ出す伝統的な儀式のことです""}],""citations"":[{""source_title"":""ロシア民謡『一週間』の様にのんびりしているの？"",""url_or_isbn"":""https://www.worldfolksong.com/russia/ichishukan.html"",""editorial_note"":""史実および原典に基づき 中高生が理解しやすいよう現代語訳および一部表現を加筆修正しています""}]}]}",,,,,,,,,,,,,,
