Category,Category_Description,Chapter_Title,ID,Title,Analysis,Relation_to_Nazokake,Basis_Research_Title,Basis_Research_Year,Basis_Research_Researcher
大分類 I：人文学および芸術（Humanities and Arts）,言語の構造そのものと、そこから生じる意味のズレ、修辞、論理的パラドックス、および文化的変遷を客観的・理論的に解明する領域。,第1章 意味論・語彙論（Semantics and Lexicology）,1.1,多義語における中心義と周辺義のネットワーク距離測定,認知意味論において、多義語は単なる辞書的な意味の羅列ではなく、人間の身体的・物理的な基本経験に基づく「中心義（プロトタイプ）」から、メタファー（隠喩）やメトニミー（換喩）を介して放射状に拡張した「ネットワーク」として捉えられます。ジョージ・レイコフは、空間を表す前置詞（例えば「over」など）の分析を通じて、人間が抽象的な概念を理解する際に、いかに中心義から意味を派生・拡張させているかという認知プロセスを明らかにしました。この意味拡張の軌跡を理論化することで、ある単語の「中心義」から「周辺義」がどれだけ認知的に離れているかという「ネットワーク距離」を測ることが可能となります。,なぞかけの「落ち（その心は）」となる単語（C）は、しばしばこの多義語のネットワーク距離を巧みに利用しています。「AとかけてBと解く」において、お題である「A」が単語Cの具体的な中心義を引き出し、解きの「B」がそこから遠く離れた抽象的な周辺義を引き出す（あるいはその逆の）構造を持っています。優れたなぞかけは、このネットワーク距離が遠ければ遠いほど、つながりを発見した際のアハ体験（認知的快感）を増幅させます。聞き手は一瞬のうちに単語Cに内在する広大な意味のネットワークを跳躍し、中心と周辺をつなぐ見えない橋渡しを脳内で完了させているのです。,"『Women, Fire, and Dangerous Things』（多義語の放射状カテゴリー理論）",1987年,ジョージ・レイコフ（カリフォルニア大学バークレー校）
大分類 I：人文学および芸術（Humanities and Arts）,言語の構造そのものと、そこから生じる意味のズレ、修辞、論理的パラドックス、および文化的変遷を客観的・理論的に解明する領域。,第1章 意味論・語彙論（Semantics and Lexicology）,1.2,同音異義語（ホノニム）の衝突が生み出す意味的曖昧性の意図的保持,音韻が同一でありながら意味が全く異なる「同音異義語（ホモニム）」は、言語伝達においてはノイズとなり得るため、通常は文脈によって速やかに一方の意味に絞り込まれ、曖昧性が排除されます。しかし、ヴィクター・ラスキンが提唱した「ユーモアの意味論的スクリプト理論（SSTH）」によれば、ユーモアや言葉遊びは、全く異なる2つの文脈（スクリプト）が1つのテキスト内で意図的に重なり合い、衝突することで生じます。あえて意味を早期に一つに確定させず、曖昧性を「意図的に保持」したままテキストを進行させることで、最終的な解釈の急転換や知的驚きを生み出すメカニズムが解明されています。,なぞかけとは、まさに「同音異義語の衝突」を極限まで洗練させたフォーマットです。お題の「A」と解きの「B」は、それぞれ全く交わらないスクリプト（文脈）を持っています。聞き手は「その心は？」と問われるまでの間、いかにしてこの無関係な2つが結びつくのかという「不可解さの宙吊り状態」を楽しみます。そして「C」という同音異義語が音声として提示された瞬間、意図的に保持されていた意味的曖昧性が一気に活性化されます。Cが持つ2つの全く異なる意味が架け橋となり、対立していたAとBのスクリプトが同一音韻の中で見事に和解し、意味の衝突が解消されるというカタルシスを味わう構造になっています。,『Semantic Mechanisms of Humor』（ユーモアの意味論的スクリプト理論：SSTH）,1985年,ヴィクター・ラスキン（パデュー大学）
大分類 I：人文学および芸術（Humanities and Arts）,言語の構造そのものと、そこから生じる意味のズレ、修辞、論理的パラドックス、および文化的変遷を客観的・理論的に解明する領域。,第1章 意味論・語彙論（Semantics and Lexicology）,1.3,全体語（ホロニム）と部分語（メロニム）の階層的逸脱,語彙意味論では、単語間の関係性を体系的に記述します。その中で「全体と部分」の関係を表すのが全体語（ホロニム：例「木」）と部分語（メロニム：例「葉」）です。D.A.クルーズは、こうした語彙的関係性が厳密な論理的階層（タクソノミー等）を持つ一方で、日常言語や修辞表現においては、部分が全体を代用したり（提喩）、階層のレベルが意図的に混同されたりする「逸脱」が頻繁に起こることを指摘しました。人間は厳密な論理ツリーに縛られることなく、文脈や認知的な焦点に応じて階層を柔軟にショートカットしながら意味を構成・理解していることが分かっています。,なぞかけの醍醐味は、この「階層的逸脱」をレトリックとして大胆に活用する点にあります。たとえば「日本」という巨大な全体語（ホロニム）をお題（A）としたとき、解きの接点となる落ち（C）の要素として「富士（山）」という極小の部分語（メロニム）が抽出されることがあります（例：「日本」とかけて「安産」と解く。その心は、どちらもフジ（富士／無事））。なぞかけは、論理的な階層を一段ずつ辿るのではなく、全体から部分へと一気に飛躍（ズームイン）する認知的ショートカットを行っています。論理的な階層のズレを逆手にとり、部分と全体を非連続的に結びつけることで、聞き手の視点に急激なズームイン・ズームアウトを引き起こし、日常的な言語体系からの心地よい「逸脱」を創出していると言えます。,『Lexical Semantics』（語彙的意味論における部分-全体関係の体系化）,1986年,D.A. クルーズ（マンチェスター大学）
大分類 I：人文学および芸術（Humanities and Arts）,言語の構造そのものと、そこから生じる意味のズレ、修辞、論理的パラドックス、および文化的変遷を客観的・理論的に解明する領域。,第1章 意味論・語彙論（Semantics and Lexicology）,1.4,プロトタイプ理論に基づく「お題」と「解」のカテゴリー逸脱度の定量化,人間が事物をカテゴリー化する際、明確な境界線があるわけではなく、そのカテゴリーの「最も典型的な例（プロトタイプ）」を中心としたグラデーション状の広がりを持っていることが分かりました。たとえば「鳥」というカテゴリーにおいて、スズメはプロトタイプに近く典型度が高いですが、ペンギンやダチョウは中心から遠く「カテゴリーからの逸脱度」が高い周辺的なメンバーと認識されます。この理論は、人間の認知がデジタルな分類ではなく、アナログでファジーな中心・周辺構造によって成り立っていることを証明しました。,なぞかけの面白さは、この「カテゴリー逸脱度」を意図的に操作するところにあります。「A（お題）」と「B（解）」には、本来なら同じカテゴリーに属さない、逸脱度が高い（心理的距離が極めて遠い）概念が選ばれます。しかし、「C（オチ）」が提示された瞬間、AとBの背後に隠れていた共通の属性が突如として立ち現れます。つまりなぞかけとは、C（オチ）という強力な共通属性をプロトタイプ的な核として、本来交わるはずのない最も遠い周辺メンバー同士（AとB）を強引に結びつけ、脳内に新たな「アドホック・カテゴリー（特定の目的のために即席で作られる一時的カテゴリー）」を事後的に仮構築する認知的なアクロバットであると言えます。,意味的カテゴリーの認知的表象（Cognitive Representations of Semantic Categories）,1975年,エレノア・ロッシュ（Eleanor Rosch / カリフォルニア大学バークレー校）
大分類 I：人文学および芸術（Humanities and Arts）,言語の構造そのものと、そこから生じる意味のズレ、修辞、論理的パラドックス、および文化的変遷を客観的・理論的に解明する領域。,第1章 意味論・語彙論（Semantics and Lexicology）,1.5,類義語・反義語を用いたパラダイム的選択の意図的違反,言語の生成は、「選択の軸（パラダイム）」と「結合の軸（シンタグム）」という二つの次元で成り立っていることが明らかになっています。パラダイム的選択とは、ある文脈において「どの単語を置き換え可能か」という類義語や反義語などの選択肢の集合を指します（例：「私が【走る・歩く・止まる】」）。優れた詩的表現やレトリックは、この選択の軸において、日常的な予測を裏切るような単語（本来ならその文脈で選択されない言葉）をあえて選ぶ「意図的違反」を行うことで、受け手に強い印象と新しい意味作用をもたらすことが分かりました。,なぞかけは、言語の「パラダイム的選択の意図的違反」を極限まで遊び尽くすゲームです。通常、「お題」に対して連想されるパラダイム（類義語や関連語）の中から「解」を選ぶと、単なる同義語の反復になり面白みがありません。なぞかけでは、お題のパラダイムからは絶対に選択されないはずの異質な単語を「解」として提示します。しかし、「その心は（オチ）」へと至る結合の軸において同音異義語や多義語を用いることで、ヤコブソンの言う「等価性の原理」が結合の軸へと投射されます。つまり、結合の軸における音声的な等価性が事後的に「意味的等価性」を偽装し、本来なら違反であるはずのパラダイム的選択に鮮やかな論理的妥当性を与えるのです。この「意図的違反と事後的な等価性の付与」のプロセスこそが、知的な快感を生み出します。,言語学と詩学（Linguistics and Poetics）,1960年,ロマン・ヤコブソン（Roman Jakobson / マサチューセッツ工科大学・ハーバード大学）
大分類 I：人文学および芸術（Humanities and Arts）,言語の構造そのものと、そこから生じる意味のズレ、修辞、論理的パラドックス、および文化的変遷を客観的・理論的に解明する領域。,第1章 意味論・語彙論（Semantics and Lexicology）,1.6,概念メタファー理論におけるドメイン間写像（Mapping）の構造分析,メタファー（隠喩）は単なる詩的な修辞技法ではなく、人間の思考や認知の根本的なメカニズムそのものであることが提唱されました。私たちは、抽象的で理解しにくい概念（ターゲット・ドメイン）を、具体的で経験的な概念（ソース・ドメイン）に「写像（マッピング）」することで世界を理解しています。たとえば、「議論は戦争である」という概念メタファーにおいて、私たちは「相手の主張を撃ち落とす」「守りを固める」といった戦争ドメインの構造を、議論ドメインへとシステマティックにマッピングし、思考の枠組みを形成していることが判明しました。,なぞかけの構造（「AとかけてBととく」）は、概念メタファーにおける「ドメイン間写像」を、極めて人工的かつ圧縮した形で再現したものと捉えることができます。A（ターゲット・ドメイン）とB（ソース・ドメイン）は全く異なる領域に属していますが、「C（オチ）」が提示されることで、両者の間に瞬間的なマッピングが成立します。ただし、通常のメタファーが「経験的・身体的な類似性」に基づいてマッピングされるのに対し、なぞかけは「同音異義」や「多義性」といった音韻的・語彙的な偶然を媒介として構造的なマッピングを強制します。なぞかけとは、言語システムに内在するバグを利用して、脳内に一瞬だけ「本来ならあり得ない概念メタファー」を成立させる知的ハッキングであると分析できます。,レトリックと人生（Metaphors We Live By）,1980年,ジョージ・レイコフ（George Lakoff / カリフォルニア大学バークレー校）、マーク・ジョンソン（Mark Johnson / サザンイリノイ大学）
大分類 I：人文学および芸術（Humanities and Arts）,言語の構造そのものと、そこから生じる意味のズレ、修辞、論理的パラドックス、および文化的変遷を客観的・理論的に解明する領域。,第1章 意味論・語彙論（Semantics and Lexicology）,1.7,換喩（メトニミー）の隣接性が生み出す論理的飛躍のメカニズム,認知言語学において、換喩（メトニミー）は単なる修辞技法ではなく、人間の基本的な認知メカニズムの一つとして捉えられています。隠喩（メタファー）が「類似性（AはBのようだ）」に基づくのに対し、換喩は「隣接性（AとBは関係が深い）」に基づきます。例えば、「赤ずきんが来た」という表現において、「赤いずきん」と「それを被っている少女」は空間的・物理的に隣接しているため、一方が他方を指し示すことが可能です。レイコフとジョンソンは、この隣接性に基づく参照機能が、私たちの思考や行動を形作る上で不可欠であることを示しました。部分で全体を代表させたり（「顔を出す」）、容器で中身を表したり（「鍋を食べる」）するプロセスは、認知的な処理負担を減らし、最も際立った特徴に注意を向けさせる効率的なメカニズムとして機能しているのです。,なぞかけにおける「AとかけてBと解く」という飛躍は、しばしばこのメトニミー的隣接性を巧妙に利用しています。例えば、「お茶とかけて、絶体絶命のピンチと解く」その心は「どちらも『きゅうす（急須／休す）』でしょう」といった場合、お茶と急須は「内容物と容器」あるいは「目的と道具」という極めて強い隣接関係にあります。優れたなぞかけは、この隣接性を利用して聞き手の脳内に特定のスキーマ（枠組み）を素早く立ち上げさせます。「お茶」と聞いた瞬間、聞き手の意識は無意識のうちに「茶柱」「湯呑み」「急須」といった隣接する概念ネットワークに広がります。そして「心」の部分で、そのネットワーク上の特定の結節点（急須）が、もう一つの全く異なる文脈（万事休す＝絶体絶命のピンチ）と突然結びつくのです。メトニミーによる滑らかな連想の広がりがあるからこそ、その後の同音異義語による論理的飛躍が、心地よい「驚き」と「納得」を生み出すと言えます。,『レトリックと人生』（原題: Metaphors We Live By）,1980年,ジョージ・レイコフ、マーク・ジョンソン
大分類 I：人文学および芸術（Humanities and Arts）,言語の構造そのものと、そこから生じる意味のズレ、修辞、論理的パラドックス、および文化的変遷を客観的・理論的に解明する領域。,第1章 意味論・語彙論（Semantics and Lexicology）,1.8,語彙概念構造（LCS）を用いたなぞかけの「心」の動的生成モデル,語彙概念構造（Lexical Conceptual Structure: LCS）は、動詞などの語彙が持つ意味を、普遍的な概念の組み合わせとして記述しようとする意味論の枠組みです。例えば、「溶かす」という動詞は、単なる一つの意味の塊ではなく、[x CAUSE [y BECOME liquid]]（xが、yを、液体になるよう、引き起こす）というような、より細かい意味的な構成要素（「原因」「変化」「状態」など）のネットワークとして分析されます。レイ・ジャッケンドフや影山太郎らの研究により、人間の脳内辞書における語彙の意味は、このような構造化された事象のテンプレートとして保持されており、文脈に応じてその構造の一部が前景化したり後景化したりすることが明らかになっています。つまり、言葉の意味は固定されたものではなく、使用される状況に合わせて動的に生成・調整されるのです。,なぞかけの「心」が成立する瞬間は、まさにこのLCSの動的な書き換え、あるいは異なる構造の重ね合わせが起きている状態として説明できます。例えば、「氷とかけて、誤解と解く」その心は「どちらも『とける（溶ける／解ける）』でしょう」という即興のなぞかけを考えてみましょう。「溶ける」のLCSは自然現象としての [y BECOME liquid]（対象が物理的な液体に変化する）という事象構造を持ちますが、「解ける」のLCSは [y BECOME resolved]（対象が心理的な解決状態に変化する）という抽象的な事象構造を持ちます。なぞかけの「心」が開示された瞬間、聞き手は音韻的な同一性（トケル）を足場にして、これら二つの全く異なるLCSを瞬時にマッピングし、重ね合わせます。この「異なる事象構造（LCS）が、一つの音声形式を介して脳内で一瞬だけ同型になる錯覚」こそが、なぞかけの「アハ体験」の正体であり、語彙概念構造の柔軟性を最大限に遊ぶ知的ゲームだと言えるでしょう。,『意味の構造?概念意味論』（原題: Semantic Structures） / 『動詞意味論』,1990年 / 1996年,レイ・ジャッケンドフ / 影山太郎（LCSの日本語研究への応用）
大分類 I：人文学および芸術（Humanities and Arts）,言語の構造そのものと、そこから生じる意味のズレ、修辞、論理的パラドックス、および文化的変遷を客観的・理論的に解明する領域。,第1章 意味論・語彙論（Semantics and Lexicology）,1.9,提喩（シネクドキ）による包摂関係の逆転と意外性,提喩（シネクドキ）は、カテゴリーの「類（上位概念）」と「種（下位概念）」の関係を利用した修辞技法です。例えば、「花見に行く」と言えば、植物全般の花（類）ではなく「桜（種）」を指し、「お茶にする」と言えば、緑茶（種）に限らず「休憩や飲み物全般（類）」を指します。認知言語学者の瀬戸賢一らは、シネクドキを人間のカテゴリー化の認知プロセスと深く結びつけて考察しています。私たちは日常的に、あるカテゴリーの中で最もプロトタイプ（典型的）なものを全体を代表するものとして扱ったり、逆に特定のものを指すのにあえて抽象的な上位概念を用いたりしています。この「包摂関係（包含関係）の上下移動」は、文脈への依存度が高く、話し手と聞き手の間で共通の文化的背景や文脈が共有されている場合にのみ機能する高度なコミュニケーション戦略です。,なぞかけにおける「謎」と「心」の関係には、このシネクドキ的な包摂関係の操作が頻繁に観察されます。特に、意図的に包摂関係を逆転させたり、ズラしたりすることで意外性を生み出す手法です。例えば、「花とかけて、良い薬と解く」その心は「どちらも『きく（菊／効く）』でしょう」。ここでは、「花」という極めて広い上位概念（類）から、特定の植物である「菊（種）」へと概念が急降下しています。聞き手は「花」と聞いて、桜やバラやチューリップといった様々な下位概念をぼんやりと想定しますが、「心」の部分でピンポイントに「菊」という特定の下位概念へ着地させられます。この、広いカテゴリーから極めて限定的な要素への急激な焦点の絞り込み（類から種へのシネクドキ的移動）が、同音異義語の発見と組み合わさることで、「なるほど、そこを切り取ったか！」という鮮やかな意外性と知的な快感を生み出すのです。,『メタファー思考』,1995年,瀬戸賢一
大分類 I：人文学および芸術（Humanities and Arts）,言語の構造そのものと、そこから生じる意味のズレ、修辞、論理的パラドックス、および文化的変遷を客観的・理論的に解明する領域。,第1章 意味論・語彙論（Semantics and Lexicology）,1.10,複合語における構成要素の意味的透明性の操作と錯覚,私たちが「青空」や「消しゴム」といった複合語を理解する際、頭の中でどのような処理が行われているのでしょうか。心理言語学における形態素処理の研究では、複合語が「青」と「空」のように構成要素に分解されて理解されるのか、あるいは一つのまとまった単語として記憶から直接引き出されるのかが長年議論されてきました。多くの実証研究により、この処理ルートは単語の「意味的透明性（semantic transparency）」に大きく依存することが分かっています。たとえば「青空（青い空）」のように構成要素から全体の意味が容易に推測できる（透明性が高い）単語は、構成要素に分解して処理されやすい傾向にあります。一方、「出鱈目（出＋鱈＋目）」のように、構成要素の意味と全体の意味が乖離している（透明性が低い、または不透明な）単語は、分解されずに一つの塊として直接処理されることが示されています。しかし、ここで興味深い「錯覚」が生じることがあります。本来は不透明な複合語であっても、文脈や意図的な操作によって音声的な再分析（reanalysis）が行われると、本来優位であるはずの「全体としての処理」が妨害され、強制的に構成要素へと分解して解釈しようとする「錯覚」が生じることがあるのです。,なぞかけにおける「同音異義語」や「掛詞」のメカニズムは、この複合語の意味的透明性の操作と再分析を応用していると言えます。たとえば、「『ごまかし（胡麻化し）』とかけて『お菓子作り』と解く。その心は『どちらも甘く見ると失敗します（胡麻＋菓子）』」という（やや強引な）なぞかけがあったとします。ここでは、「ごまかし」という全体で一つの意味（欺瞞）を持つ不透明な語に対し、音声的な類似性を利用して「胡麻＋菓子」という全く別の形態素への分解を強制しています。聞き手は、二重経路モデルにおいて本来優位であるはずの「全体アクセス」ルートに引きずられつつも、唐突に提示された「胡麻＋菓子」という文字通りの意味の処理を強制されるため、一瞬の「意味的な錯覚」に陥ります。そして、両者を結びつける「甘い（味が甘い／考えが甘い）」という多義的なオチが提示されることで、その錯覚が解消され、知的なカタルシス（笑いや納得）が生まれるのです。,Modeling Morphological Processing（形態素処理のモデリング：並列二重経路モデルの提唱）,1995年,"Robert Schreuder, R. Harald Baayen / マックス・プランク心理言語学研究所など"
大分類 I：人文学および芸術（Humanities and Arts）,言語の構造そのものと、そこから生じる意味のズレ、修辞、論理的パラドックス、および文化的変遷を客観的・理論的に解明する領域。,第1章 意味論・語彙論（Semantics and Lexicology）,1.11,イディオムの「文字通りの意味」の再活性化による意味論的ズレ,「匙（さじ）を投げる」や「腹を割る」といったイディオム（慣用句）は、文字通りの意味（例：実際にスプーンを投げること）ではなく、比喩的な意味（例：見込みがないと諦めること）として理解されます。イディオムの処理メカニズムについては、「比喩的な意味が辞書のように一つの塊として直接記憶から引き出される」という直接アクセスモデルと、「文字通りの意味も並行して処理されている」という構成的処理モデルが存在します。近年の心理言語学研究（眼球運動測定や事象関連電位などを利用した実験）では、イディオムを理解する際、比喩的な意味が優位に処理されるものの、構成要素である個々の単語の「文字通りの意味」も、完全に抑制されるわけではなく、部分的に活性化されている（あるいは活性化されうる）ことが示唆されています。特に、文脈によって意図的に「文字通りの意味」を想起させるような手がかりが与えられた場合、本来は背景に退いているはずの文字通りの意味が「再活性化」し、比喩的意味との間に一時的な競合や意味論的なズレ（semantic shift/clash）を引き起こすことが分かっています。,なぞかけは、この「文字通りの意味の再活性化」を極めて巧みに利用した言語遊戯です。「『匙を投げる』とかけて『不味いスープ』と解く。その心は『どちらも、もうすくえ（救え／掬え）ません』」という構造を考えてみましょう。聞き手は「匙を投げる」を「諦める」という比喩的な意味で理解して待ち構えます。しかし、解きである「不味いスープ」が提示されると、「匙（スプーン）」や「投げる（物理的な動作）」という、普段は抑制されている文字通りの意味が急激に再活性化されます。そして、オチである「すくえません」が、比喩的意味（救済できない）と文字通りの意味（スープを掬えない）の結節点として機能することで、二つの意味のズレが見事に統合されます。なぞかけの鮮やかさは、一度死んだ（あるいは眠っていた）イディオムの文字通りの意味を、どれだけ鮮やかに、かつ文脈に沿って蘇らせることができるかにかかっているのです。,The Comprehension of Idioms（イディオムの理解）,1988年,"Cristina Cacciari, Patrizia Tabossi / ボローニャ大学など"
大分類 I：人文学および芸術（Humanities and Arts）,言語の構造そのものと、そこから生じる意味のズレ、修辞、論理的パラドックス、および文化的変遷を客観的・理論的に解明する領域。,第1章 意味論・語彙論（Semantics and Lexicology）,1.12,選択制限（Selectional restriction）の意図的違反によるゲシュタルト崩壊,言語学（特に生成意味論や形式意味論）において、「選択制限（selectional restriction）」という重要な概念があります。これは、ある述語（動詞や形容詞）が、その項（主語や目的語）としてとる名詞に対して要求する意味的な制約のことです。例えば、「飲む」という動詞は、目的語として「液体」であることを要求します。「水を飲む」は自然ですが、「石を飲む」は（文字通りの意味では）選択制限に違反しているため、通常は意味を成さないか、比喩として解釈されます。詩や文学においては、この選択制限に意図的に違反することで、新鮮なイメージや隠喩（メタファー）を生み出します（例：「悲しみを飲む」）。しかし、この違反があまりにも唐突であったり、文脈から完全に切り離されたりすると、人間の認知システムは適切な意味の構築に失敗し、「意味的逸脱（Semantic anomaly）」を引き起こし、解釈が宙吊りになってしまいます。,なぞかけは、一見すると選択制限に違反しそうな状況を意図的に作り出し、聞き手を一時的な意味の混乱に立たせます。「『悲しみ』とかけて『熱いお茶』と解く」というお題と解きが提示された段階では、単なる無関連な名詞の並置であり、聞き手は意味の結びつきを見出せません。そして「その心は『どちらも、時間を置くと冷めるでしょう』」と、共通の述語「冷める」が提示されます。もし聞き手が「冷める」を「物理的な温度低下」という一つの意味としてのみ捉えた場合、「悲しみが（温度的に）冷める」という解釈は「冷める」の選択制限に違反するため、意味的逸脱が生じます。しかし、なぞかけでは「冷める」が多義語（ポリセミー）であり、「物理的温度の低下（項は物理的対象）」と「感情の沈静化（項は感情）」という二つの異なる選択制限の枠組みを同時に持っていることに聞き手は気づきます。この多義性を媒介とすることで、選択制限違反の危機が一気に回避され、全く異なる二つの名詞が「サメル」という一つの音声表現の下でより高次な次元で統合されるのです。なぞかけとは、選択制限の違反の危機を意図的に提示し、多義性によってそれを劇的に回避させる高度な認知的アクロバットと言えます。,The Structure of a Semantic Theory（意味論の構造）,1963年,"Jerrold J. Katz, Jerry A. Fodor / マサチューセッツ工科大学（MIT）"
大分類 I：人文学および芸術（Humanities and Arts）,言語の構造そのものと、そこから生じる意味のズレ、修辞、論理的パラドックス、および文化的変遷を客観的・理論的に解明する領域。,第1章 意味論・語彙論（Semantics and Lexicology）,1.13,コーパス言語学を用いた高頻度語と低頻度語の不自然な結びつき分析,ジョン・シンクレアが提唱したコーパス言語学の基礎理論、特に「イディオム原則」と「コロケーション（連語）」の概念に基づき解説します。言語において、人は単語を文法に従ってゼロから自由に組み合わせているのではなく、特定の単語同士が習慣的に結びつきやすいという性質（コロケーション）に大きく依存し、予測可能なまとまりとして言語を処理しています（イディオム原則）。実際の言語使用データ（コーパス）において、日常的に共起する（一緒に使われる）確率が極めて低い、文脈の遠い言葉同士を意図的に組み合わせると、受け手の脳内における「次にどのような語が続くか」という予測モデルが破壊され、強い認知的違和感と緊張を与えることが分かっています。,なぞかけにおける「お題」に対して、全く文脈の異なる「解き」を提示する「〇〇とかけて、△△と解く」という前半の構造は、まさに意図的な「非共起語の並置（コロケーションからの逸脱）」と言えます。聞き手は「なぜコーパス上で交わらないはずの二つの語が並ぶのか？」という言語的期待値の裏切りに強い違和感を抱きます。しかし、「その心は」というオチ（共通項の提示）を聞くことで、不自然さが一転して音声・意味論的な結びつきへと鮮やかに再構築されます。この「イディオム原則の意図的な逸脱による認知的緊張」と「新たな結びつきの発見による解決（弛緩）」のプロセスこそが、なぞかけの知的カタルシスの正体です。,"『Corpus, Concordance, Collocation』（コロケーションとイディオム原則の提唱）",1991年,ジョン・シンクレア（John Sinclair / バーミンガム大学）
大分類 I：人文学および芸術（Humanities and Arts）,言語の構造そのものと、そこから生じる意味のズレ、修辞、論理的パラドックス、および文化的変遷を客観的・理論的に解明する領域。,第1章 意味論・語彙論（Semantics and Lexicology）,1.14,和語・漢語・外来語の語種交替がもたらす意味論的ギャップ,日本語の語彙は、大きく「和語（固有語）」「漢語」「外来語」の3つの語種に分類されます。金田一春彦らの言語学的考察によって、これらは単に同じ意味を指す発音のバリエーションではなく、明確な「文体的・意味論的機能の違い（位相差）」を持つことが明らかにされています。たとえば、「宿屋（和語）」「旅館（漢語）」「ホテル（外来語）」のように、指示する対象が近似していても、和語は「感情的・日常的・土着的」、漢語は「論理的・公式的・概念的」、外来語は「近代的・斬新」といった特有のニュアンス（内包的意味）を帯びます。そのため、ある概念を別の語種で言い換える（語種交替を行う）と、受け手が受け取る印象や意味の広がりに明確なギャップが生じます。,なぞかけのオチでは、この語種交替のギャップが極めて巧みに利用されます。同じ発音の言葉（同音異義語）であっても、お題側では日常的で土着的な「和語」として機能していたものが、解き側ではお堅い「漢語」や近代的な「外来語」として立ち現れることがあります。このとき、聞き手の脳内では「俗っぽい日常」と「高尚な概念」という全く異なる位相の世界線が、音声というたった一本の線で接続されます。語種が持つ特有のニュアンス（意味論的・文体的ギャップ）の落差が大きければ大きいほど、それが同音で繋がったときの認知的な驚きは増幅され、なぞかけにおける深い感心や笑いを引き起こす強力な原動力となります。,『日本語』（日本語の語種体系と意味的・文体的特質の体系化）,1957年,金田一春彦（国立国語研究所など）
大分類 I：人文学および芸術（Humanities and Arts）,言語の構造そのものと、そこから生じる意味のズレ、修辞、論理的パラドックス、および文化的変遷を客観的・理論的に解明する領域。,第1章 意味論・語彙論（Semantics and Lexicology）,1.15,同義語の言い換え不可能性となぞかけにおける語彙の固定性,意味論の大家であるジョン・ライオンズは、あらゆる文脈において完全に言い換えが可能な「絶対的同義語（Absolute Synonyms）」は、自然言語において事実上存在しないと指摘しました。同義語とされる語彙であっても、内包する微妙なニュアンス、結びつく名詞の制限（共起制限）、あるいはその語が持つ派生的な意味（多義性のネットワーク）は必ず異なります。したがって、ある特定の文脈において、その語彙を「辞書的な意味が同じ別の語」に置き換えると、文としての適格性が失われたり、本来の意図が崩壊してしまうという「言い換え不可能性」が存在します。,なぞかけは、この「言い換え不可能性（語彙の固定性）」を極限まで利用し、言語の制約を遊ぶ知的フォーマットです。なぞかけのオチ（掛詞）は、特定の語彙が偶然持ち合わせた複数の意味（多義性）や同音異義の性質に100％依存しています。もし、そのオチの言葉を「辞書的な意味が同じ別の語」に言い換えてしまうと、意味のレベルでは通じても、音声的な「掛け」の構造が完全に崩壊し、謎が成立しなくなります。つまり、なぞかけとは「この単語でなければ絶対に成立しない」という究極の語彙の固定性を逆手に取り、絶対的同義語が存在しない言語空間において「唯一無二のピースがピタリとはまる快感」を提示していると言えます。,『Semantics』（絶対的同義語の不在と言い換え不可能性の理論）,1977年,ジョン・ライオンズ（John Lyons / ケンブリッジ大学など）
大分類 I：人文学および芸術（Humanities and Arts）,言語の構造そのものと、そこから生じる意味のズレ、修辞、論理的パラドックス、および文化的変遷を客観的・理論的に解明する領域。,第1章 意味論・語彙論（Semantics and Lexicology）,1.16,語彙結束性（Lexical cohesion）を利用した伏線回収メカニズム,テクスト（文章や談話）が、単なる文の羅列ではなく、一つのまとまりのある「意味の世界」として成立するためには何が必要か。この問いに対し、言語学者のハリデーとハサンは「結束性（Cohesion）」という概念を提唱しました。中でも「語彙的結束性」は、類義語や上位・下位語、あるいは特定の文脈で共起しやすい語（コロケーション）がテクスト内に散りばめられることで、離れた文と文の間に意味的なネットワークが構築される現象を指します。彼らが提唱したこの枠組みを応用すると、優れた物語や文学作品において、一見すると無関係に思える語彙が実は背後で強固なコロケーションの網の目を形成しており、これが物語の終盤で一気に結びつくことで、読者に鮮やかな「伏線回収」のカタルシスをもたらすメカニズムが説明可能となります。,なぞかけにおける「Aとかけて、Bと解く」という前半部分は、意図的に語彙的結束性を断ち切った、つまり意味のネットワークが全く繋がらない状態を提示しています。しかし、「その心はC」と提示された瞬間、状況は一変します。Cという語（あるいはその同音異義語）は、Aの属する語彙ネットワーク（コロケーション）と、Bの属する語彙ネットワークの両方に同時に属する「結節点（ハブ）」として機能します。たとえば「A（運動会）」と「B（お坊さん）」という分断された領域に対し、C（そうりょ＝走力／僧侶）が置かれることで、両者の語彙的結束性が一瞬にして修復・接続されます。なぞかけの美しさは、この最小単位のテクスト内で起こる、極めて鮮やかな「語彙的結束性による伏線の回収」にあると言えます。,『Cohesion in English』（英語の結束性）,1976年,M.A.K. ハリデー、ルカイヤ・ハサン（ユニヴァーシティ・カレッジ・ロンドン等）
大分類 I：人文学および芸術（Humanities and Arts）,言語の構造そのものと、そこから生じる意味のズレ、修辞、論理的パラドックス、および文化的変遷を客観的・理論的に解明する領域。,第1章 意味論・語彙論（Semantics and Lexicology）,1.17,意味的相転移（Semantic shift）の瞬間的発生の記述,人間の脳内で、ある言葉の意味が別の意味へと切り替わる際、どのような認知メカニズムが働いているのか。ユーモアの言語理論を構築したヴィクター・ラスキンは、意味論的スクリプト理論（SSTH）において、テキストが持つ「二つの対立するスクリプト（意味の台本）」の存在を指摘しました。彼の理論的考察によれば、ジョークや言葉遊びが成立するためには、読み手が最初は「ある一つの真っ当な意味（スクリプト1）」で文章を解釈していても、オチとなる特定の語彙（トリガー）に遭遇した瞬間、脳内で意味のネットワークが再構築され、全く別の「隠されていた意味（スクリプト2）」へと一瞬で移行する現象が起きます。この意味のゲシュタルト崩壊と再構築は連続的ではなく、あたかも物理学における氷から水への変化のような、非連続的かつ瞬間的な「相転移」として記述することができます。,なぞかけは、この「意味的スクリプトの瞬間的な切り替え」を人工的かつ高密度に引き起こす言語装置です。「その心は」の後に続く言葉（C）を聞いたとき、聞き手の脳内ではまずAの文脈における意味が立ち上がります。しかし直後に「いや、Bの文脈でも意味が通じるぞ」という気づきが発生します。この時、同一の音声（シニフィアン）に対する概念（シニフィエ）が、パラパラ漫画のように連続して変化するのではなく、「Aの意味の世界」から「Bの意味の世界」へと、量子力学的なジャンプを伴うかのように瞬間的に相転移を起こします。聞き手が感じる「上手い！」というアハ体験（知的興奮）は、この相反する二つのスクリプトが瞬間的に切り替わる際に放出される認知的エネルギーそのものであると記述できます。,『Semantic Mechanisms of Humor』（ユーモアの意味論的メカニズム）,1985年,ヴィクター・ラスキン（パデュー大学）
大分類 I：人文学および芸術（Humanities and Arts）,言語の構造そのものと、そこから生じる意味のズレ、修辞、論理的パラドックス、および文化的変遷を客観的・理論的に解明する領域。,第1章 意味論・語彙論（Semantics and Lexicology）,1.18,フレーム意味論に基づくスクリプトの衝突と統合,言葉の意味とは、辞書的な定義だけで決定されるものではなく、人間が過去の経験によって培った背景知識の枠組み（フレーム）に依存して初めて理解される。これがチャールズ・フィルモアの提唱した「フレーム意味論」の根幹です。例えば「買う」という単語を聞くだけで、私たちは無意識に「お金」「売り手」「商品」といった一連のスクリプト（お決まりの場面展開）や概念的背景を脳内に呼び起こします。このフレーム意味論を応用したユーモアの認知理論によれば、人間の認知システムは、文脈内に「全く異なる複数のフレーム」が同時に提示されると強い認知的負荷（衝突・不調和）を感じる一方、それをある一つの概念によって矛盾なくまとめ上げられた（統合・解決された）時に、強い知的快感を得ることが明らかになっています。,「Aとかけて、Bと解く」。この行為はまさに、聞き手の脳内で全く異なる二つの「フレーム（背景知識の枠組み）」を強制的に衝突させる行為です。「野球」のフレームと「銀行」のフレームなど、互いに交わることのない別々の背景知識が同時に起動され、聞き手は認知的な宙吊り状態に置かれます。そこに「C」という概念が投下されます。Cは単なる言葉遊びにとどまらず、Aのフレームにおける特定の役割と、Bのフレームにおける特定の役割を、高い抽象度で見事に貫く性質を持っています。例えばCが「とうし（投手／投資）」であれば、野球のフレームにおける「ピッチャー」と、銀行のフレームにおける「資金運用」が一瞬にして結びつきます。なぞかけの真骨頂は、衝突していた二つの巨大な概念フレームを、「C」というたった一つの杭（ノード）を打ち込むことで統合し、新たな意味のゲシュタルトを立ち上げるという、極めて高度な認知言語学的プロセスにあるのです。,『Frame semantics』（フレーム意味論）※初出論文およびその後の体系化,1982年（主要論文発表年）,チャールズ・J・フィルモア（カリフォルニア大学バークレー校）
大分類 I：人文学および芸術（Humanities and Arts）,言語の構造そのものと、そこから生じる意味のズレ、修辞、論理的パラドックス、および文化的変遷を客観的・理論的に解明する領域。,第1章 意味論・語彙論（Semantics and Lexicology）,1.19,専門用語と日常語の交錯が引き起こすレジスター（使用域）の逸脱,社会言語学において、人々が状況や文脈に応じて使い分ける言葉のバリエーションを「レジスター（使用域）」と呼びます。言語学者M.A.K. ハリデーは、言葉が使われる「場／活動領域（Field）」「交わり／役割関係（Tenor）」「様式／伝達様式（Mode）」の3要素によってレジスターが決定されると提唱しました。日常会話というカジュアルな「場」に、突然、医学やIT、法律などの高度な専門用語（異なるレジスターの語彙）が放り込まれると、聞き手は文脈上の摩擦や違和感を覚えます。しかし、このレジスターの意図的な「逸脱」や「交錯」こそが、言語表現に皮肉やユーモア、あるいは新鮮な驚きを生み出す強力な修辞的装置として機能することが分かっています。,なぞかけの醍醐味の一つは、この「レジスターの逸脱」を鮮やかに操る点にあります。例えば、「お題」として極めて日常的な事象（例：銭湯）が提示されたにもかかわらず、その「心（落ち）」において、唐突に別分野の専門用語（例：戦闘、または特定の専門的な道具など）が同音異義語として召喚されることがあります。聞き手は一瞬、日常語のレジスターから専門用語のレジスターへと強制的に引き剥がされ、認知的なズレ（違和感）を経験します。しかし、「掛詞」の存在によって2つの異なるレジスターが論理的に結びついていることに気づいた瞬間、その違和感は知的興奮を伴う「笑い」へと昇華されます。なぞかけとは、異なる言語使用域の間を綱渡りする、高度なレジスター操作の遊びであると言えます。,選択体系機能言語学における「レジスター（使用域）理論」（著書『社会記号としての言語（Language as Social Semiotic）』等に詳述）,1978年,M.A.K. ハリデー（M.A.K. Halliday / シドニー大学等）
大分類 I：人文学および芸術（Humanities and Arts）,言語の構造そのものと、そこから生じる意味のズレ、修辞、論理的パラドックス、および文化的変遷を客観的・理論的に解明する領域。,第1章 意味論・語彙論（Semantics and Lexicology）,1.20,意味論的異常（Semantic anomaly）の許容度となぞかけ成立の境界線,伝統的な意味論（生成意味論など）では、「石が水を飲む」のように、語と語の意味的な組み合わせのルール（選択制限）を逸脱した文は「意味論的異常（Semantic anomaly）」とみなされ、無意味なものとして排除される傾向にありました。しかし、認知語用論における「関連性理論」を提唱したスペルベルとウィルソンは、人間の認知メカニズムはそれほど単純ではないと指摘します。人間は、一見すると無意味で異常な発話に出会った際でも、それをただちに破棄するのではなく、「話し手は何か意図があってこの発話をしたはずだ」と仮定し、意味を成立させるための最適な文脈（推意）を無意識に探索します。関連性理論によれば、人間は解読のための「処理労力（Processing effort）」を支払ってでも、それを上回る十分な「認知的効果（Cognitive effect：納得感や新しい知見）」が得られる見込みさえあれば、一時的な意味論的異常を高く許容し、意味の探索を続ける（＝待つ）ことが分かっています。,なぞかけにおける「Aとかけて、Bととく」という提示の瞬間は、まさに意図的に作られた「意味論的異常」の極みです。全く無関係な2つの概念が「同じである」と宣言されるため、言葉の文字通りの意味としては完全に破綻しています。しかし聞き手は、関連性理論が示す通り、この異常性を即座に拒絶せず、「その心は？」と続く解決の瞬間まで推論のための処理労力を支払いながら一時的に許容します。ここに「なぞかけ成立の境界線」が存在します。異常性（AとBの距離）が大きく推論の労力がかかるほど、オチによって論理が見事に結びついた瞬間に得られる認知的効果（カタルシス）は増幅されます。しかし、オチ（C）を聞いてもその結びつきがこじつけに過ぎず、投じた処理労力に見合うだけの関連性（認知的効果）が見出せなかった場合、許容度は限界を超え「単なる意味不明な言葉遊び（異常のまま）」として失敗に終わります。なぞかけは、人間の「意味論的異常への寛容さ」と「処理労力と認知的効果のトレードオフ」のギリギリの境界線を突く、スリリングな認知実験の場なのです。,関連性理論（著書『関連性理論：伝達と認知』において提唱）,1986年（第2版1995年）,ダン・スペルベル（Dan Sperber / フランス国立科学研究センター）＆ ディアドラ・ウィルソン（Deirdre Wilson / ユニバーシティ・カレッジ・ロンドン）
大分類 I：人文学および芸術（Humanities and Arts）,言語の構造そのものと、そこから生じる意味のズレ、修辞、論理的パラドックス、および文化的変遷を客観的・理論的に解明する領域。,第2章 音声学・音韻論（Phonetics and Phonology）,2.1,日本語のモーラ（拍）構造がもたらす「掛詞」のリズム的制約,日本語の音声の最小単位は、英語などで重視される「音節（シラブル）」ではなく、「モーラ（拍）」であることが理論的に示されています。モーラとは、発音する際に費やされる時間的な長さをほぼ等しく保つリズムの基本単位です。例えば「チョコレート」は英語では3音節程度で発音されますが、日本語では「チョ・コ・レ・ー・ト」という5つの等時的なモーラとして知覚されます。このモーラの等時性が、俳句の「五・七・五」に代表されるような、日本語特有の厳格なリズム的制約と美しさを生み出していることが分かっています。,なぞかけの「解く心（オチ）」となる掛詞が成立するための絶対条件は、この「モーラ構造の完全な一致」にあります。異なる二つの意味を持つ言葉を重ね合わせる際、私たちは無意識のうちに両者のモーラ数を測り、時間的なリズムがぴったりと重なることにカタルシスを覚えます。なぞかけは単なる意味の遊びではなく、日本語話者の脳内に深く根付いた「等時的リズム（モーラ）」の設計図を巧みに利用した、高度な音声学的パズルだと言えます。,『日本語の音声』（現代言語学入門 2）,1999年,窪薗 晴夫 / 岩波書店
大分類 I：人文学および芸術（Humanities and Arts）,言語の構造そのものと、そこから生じる意味のズレ、修辞、論理的パラドックス、および文化的変遷を客観的・理論的に解明する領域。,第2章 音声学・音韻論（Phonetics and Phonology）,2.2,高低アクセントの差異が同音異義語の受容に与える影響,日本語は「ピッチアクセント（高低アクセント）」言語であり、音の上がり下がりによって語彙の意味を区別します。例えば「橋（ハシ・低高）」と「箸（ハシ・高低）」は、分節音（モーラ列）は全く同じですが、ピッチの型が異なるため、日常会話では明確に異なる語として知覚されます。しかし、ダジャレやなぞなぞなどの「ことば遊び」の文脈においては、この厳密なアクセントの差異が意図的に中和（無効化）され、ピッチが違っていても「同音」として許容・受容されるという特殊な音韻的現象が起こることが明らかになっています。,なぞかけにおいて「解く心」を明かす際、掛けられた二つの言葉のピッチアクセントが異なっていたとしても、私たちは「うまく掛かっている」と納得します。これは、なぞかけというフォーマットが提示された瞬間、聞き手の脳内でアクセントという超分節的な音声情報を切り捨て、「分節音の同一性のみを評価基準とする」という知覚ルールの切り替えが行われているからです。なぞかけは、日常の厳格な言語規則を一時的に停止させ、独自の音声ルールを適用させる「言語的治外法権」の空間を作り出しているのです。,『アクセントの法則』,2006年,窪薗 晴夫 / 岩波書店（岩波科学ライブラリー）
大分類 I：人文学および芸術（Humanities and Arts）,言語の構造そのものと、そこから生じる意味のズレ、修辞、論理的パラドックス、および文化的変遷を客観的・理論的に解明する領域。,第2章 音声学・音韻論（Phonetics and Phonology）,2.3,母音・子音交替を用いた擬似同音語の音韻的距離の測定,言語学の「弁別的素性（Distinctive Features）」理論では、音の違いを「調音点（どこで音を作るか）」「調音法（どうやって音を作るか）」「有声か無声か」といった微細な素性の組み合わせに分解して分析します。これにより、二つの異なる音の間にどの程度の「音韻的距離」があるかを客観的に測定することができます。例えば、「カ（/k/）」と「ガ（/g/）」は有声・無声の違いしかないため距離が近く似た音として知覚されますが、「カ（/k/）」と「マ（/m/）」では複数の素性が異なるため距離が遠く、全く違う音として知覚されることが分かっています。,なぞかけの中には、完全な同音異義語ではなく、一部の音が濁ったり変化したりする「地口（じぐち）」のような「擬似同音語」を用いたものがあります（例：「後悔（こうかい）」と「公害（こうがい）」など）。この時、どこまで音が違えば「掛かっている」と許容され、どこからが「こじつけ」と呆れられるのか。その境界線を決めているのが、まさにこの「音韻的距離」です。なぞかけは、弁別的素性の差異を最小限（例えば濁点の有無など単一の素性の違い）に抑えることで、聞き手の脳を「同じ音だ」と錯覚させる、精緻な音響的トリックであると解釈できます。,The Sound Pattern of English,1968年,"Noam Chomsky, Morris Halle / マサチューセッツ工科大学（MIT）"
大分類 I：人文学および芸術（Humanities and Arts）,言語の構造そのものと、そこから生じる意味のズレ、修辞、論理的パラドックス、および文化的変遷を客観的・理論的に解明する領域。,第2章 音声学・音韻論（Phonetics and Phonology）,2.4,押韻（頭韻・脚韻）と修辞的親和性に関する音響分析,言葉の響き（韻）が、その言葉の意味的な説得力や結びつきの強さにどのような影響を与えるかについての分析です。認知心理学と言語学の境界領域では、内容が全く同じであっても、押韻（ライム）されているフレーズの方が、そうでないフレーズよりも「真実である」「深く関連している」と評価されやすいことが分かっています。これは「Rhyme-as-reason effect（韻の理屈効果）」と呼ばれ、音響的な類似性が脳内での情報処理をスムーズにし、それが結果として「意味的にも正当かつ親和性が高い」という錯覚（流暢性のヒューリスティクス）を引き起こすためだと理論づけられています。,なぞかけの醍醐味である「その心は」に続くオチ（解）は、全く無関係に見えた二つのお題を一つの音声（同音異義語や地口）で鮮やかに結びつけます。厳密に言えば、なぞかけは「押韻」ではなく完全な「同音（ホモフォニー）」ですが、ここで私たちが強いカタルシスと納得感を得るのは、論理的なダブルミーニングの発見以上に、「Rhyme-as-reason effect」の原理が極限まで適用されているからです。音響的な完全一致がもたらす極めて高い「処理の流暢性」によって、本来はこじつけに過ぎない二つの概念の間に、抗いがたいほどの「修辞的親和性（必然的な結びつき）」を脳が瞬時に感じ取ってしまいます。なぞかけは、この音声学的な錯覚を高度に利用した言葉のイリュージョンだと言えます。,Birds of a feather flock conjointly (?): Rhyme as reason in aphorisms,2000年,"Matthew S. McGlone, Jessica Tofighbakhsh / ラファイエット大学"
大分類 I：人文学および芸術（Humanities and Arts）,言語の構造そのものと、そこから生じる意味のズレ、修辞、論理的パラドックス、および文化的変遷を客観的・理論的に解明する領域。,第2章 音声学・音韻論（Phonetics and Phonology）,2.5,「オチ」提示時における発話速度（スピーチレート）の意図的減速,ユーモアのパフォーマンスにおいて、話し手がどのようなタイミングの操作を行っているかという分析です。近年の計算認知科学を用いた大規模なユーモア研究により、優れたパフォーマーは高い「意味的驚き（Semantic Surprise）」を伴うパンチライン（オチ）を提示する直前に、意図的にポーズ（間）を長く取ることが実証されています。この間は単なる間延びではなく、聞き手の中に一時的な予測誤差を蓄積させ、オチが提示された瞬間に脳内の認知資源を一気に解決へ向かわせるための「時間的足場がけ（Temporal Scaffolding）」として機能していると考察されています。,なぞかけの演者が「…とかけまして」「…と解く」とリズミカルに語った後、「その心は」の直前でたっぷりと間を取るのには、明確な認知科学的必然性があります。意図的なポーズの延長は、聞き手の注意を最大化するだけでなく、オチとなる同音異義語が脳内で二つの意味に分岐・解釈されるための「認知的な処理時間」を確保する役割を果たします。つまり演者は、沈黙という時間的足場がけを利用することで、聞き手の脳内にユーモアの前提の覆し（フレームシフト）が最も効果的かつ効率的に発生する瞬間を精密に演出しているのです。,Timing is Everything: Temporal Scaffolding of Semantic Surprise in Humor,2024年,"Yuxi Ma, Yixin Zhu, 他 / 北京大学（計算認知科学・ユーモア研究）"
大分類 I：人文学および芸術（Humanities and Arts）,言語の構造そのものと、そこから生じる意味のズレ、修辞、論理的パラドックス、および文化的変遷を客観的・理論的に解明する領域。,第2章 音声学・音韻論（Phonetics and Phonology）,2.6,プロソディ（韻律）の操作による統語的曖昧性の保持と解消,一つの文が複数の意味に解釈できる「統語的曖昧性」を持つ文章（例えば「きれいな花と鳥」が、花だけが綺麗なのか、両方綺麗なのか等）を発話する際、人間が音声をどう操作するかという考察です。基礎的な音声学研究により、話し手は特定の意味を伝えたい場合、ポーズの挿入、母音の長化、ピッチ（音高）の変動といったプロソディ（韻律）の境界を明確に設けることで、曖昧性を「解消（一意に特定）」できることが実証されています。逆に言えば、これらの韻律的境界を意図的に平滑化（フラットに発音）することで、聞き手に対して特定の意味への誘導を避け、複数の解釈を同時に保留させる（曖昧性を保持する）ことも可能になります。,なぞかけにおけるオチの言葉（掛詞）は、まさに極限の「統語的・語彙的曖昧性」を内包しています。優れた演者は、オチを口にする際、特定の一方の意味に偏るようなアクセントやイントネーション（曖昧性を解消してしまうプロソディ）を無意識的、あるいは意図的に避けます。あえて特定の文脈に引きずられない「中立的なプロソディ」を保ったまま発話することで、聞き手の脳内に二つの異なる意味へ同時にアクセスさせるのです。なぞかけの鮮やかさは、言葉そのものの秀逸な選択だけでなく、この「曖昧性を壊さずに提示する」という高度な音声コントロール技術によって支えられています。,Phonetic disambiguation of syntactic ambiguity (統語的曖昧性の音声学的解消),1973年,Ilse Lehiste / オハイオ州立大学（音声学・言語学の世界的権威）
大分類 I：人文学および芸術（Humanities and Arts）,言語の構造そのものと、そこから生じる意味のズレ、修辞、論理的パラドックス、および文化的変遷を客観的・理論的に解明する領域。,第2章 音声学・音韻論（Phonetics and Phonology）,2.7,フォルマント周波数の推移に基づく笑いを誘発する音声波形の抽出,人間の笑い声が持つ音響的特徴を分析し、それが他者にどのような感情的反応を引き起こすかを考察した研究があります。ピッチ（基本周波数：F0）やフォルマント（声道的共鳴によって強調される特定の周波数帯）の変動を解析した結果、笑い声は単なる「無声の呼気」ではなく、母音のような明確なフォルマント構造を持つ有声音を豊富に含むことが分かりました。特に、ピッチの急激な拡張やフォルマント周波数の特有の推移を伴う「有声の笑い（Voiced laughter）」は、聞き手の脳内にポジティブな情動や「笑いの伝染（Emotional Contagion）」を直接的に誘発する強力な音響的シグナルとして機能することが実証されています。,なぞかけにおいて、演者が「整いました！」と宣言し、オチを口にする瞬間、その発話音声には無意識的または意図的な「微笑み音声（Smiled speech）」や微細な笑いの成分が混入し、特有のピッチの跳躍とフォルマント周波数の推移（声色の変化）が伴います。この音響的変化は、単に答えを強調するだけでなく、「ここは笑いどころである」というプレイフレーム（遊びの領域）への移行を示すメタメッセージとして聴者の知覚システムに届きます。つまり、なぞかけの鮮やかな謎解きは、言葉の意味論的な面白さのみならず、発話者の声色に隠された「有声の笑い」に似た音響的キューが聴者の情動系を直接刺激し、物理的な「笑い」を誘発する生体メカニズムによって強固に支えられているのです。,The acoustic features of human laughter（人間の笑いの音響的特徴）,2001年,"Jo-Anne Bachorowski, Moria J. Smoski, Michael J. Owren / Vanderbilt University, Cornell Universityなど（The Journal of the Acoustical Society of America掲載）"
大分類 I：人文学および芸術（Humanities and Arts）,言語の構造そのものと、そこから生じる意味のズレ、修辞、論理的パラドックス、および文化的変遷を客観的・理論的に解明する領域。,第2章 音声学・音韻論（Phonetics and Phonology）,2.8,連濁や音便などの形態音韻論的プロセスを利用した意味の分岐,日本語の複合語において、後半要素の語頭が清音から濁音に変化する「連濁（Rendaku）」という現象は、形態音韻論の重要課題です。この現象を読み解く中で確立された「ライマンの法則」は、後半の要素にすでに濁音が含まれている場合、連濁が阻止されるという規則です。現代の理論的枠組みにおいて、連濁の生起や阻止は単なる発音の平易さに基づくものではなく、単語の境界や語彙の階層性を区別し、脳内辞書（メンタルレキシコン）への形態論的アクセス可能性（Morphological Accessibility）を制御する極めて重要なマーカーとして機能しているとされます。これにより、同一の音声連鎖であっても、連濁の有無という音韻操作によって言葉の意味ネットワークが全く異なる方向に分岐することが示されています。,なぞかけの核心を成す「同音異義語」や「掛詞」の運用は、この形態音韻論的プロセスを逆手に取った高度な認知的遊戯です。本来であれば連濁が適用されるべき文脈で意図的にそれを回避したり、逆に語の境界（形態素境界）を再解釈して全く別の語彙を同一の音韻構造に強制的に当てはめたりすることで、演者は1つの音声表現の中に2つの異なる意味（お題と解き明かし）を重層的に符号化します。聴者は一瞬、提示された音韻構造と予測される形態素境界との間に無意識の認知的不協和を抱きますが、直後にそれが別経路の語彙アクセス（Lexical Access）への分岐点であったことに気付きます。この脳内における「形態素の劇的な再分節化」と意味の再結合こそが、「その心は」に対する深い認知的カタルシスを生み出す源泉なのです。,The Phonology of Voicing in Japanese: Theoretical Consequences for Morphological Accessibility（日本語の有声性の音韻論：形態論的アクセス可能性への理論的帰結）および ライマンの法則 (Lyman's Law),1986年（It? & Mesterの論文発表）、1894年（ライマンの法則提唱）,"Junko It?, Armin Mester / Linguistic Inquiry掲載（基礎理論提唱者: Benjamin Smith Lyman）"
大分類 I：人文学および芸術（Humanities and Arts）,言語の構造そのものと、そこから生じる意味のズレ、修辞、論理的パラドックス、および文化的変遷を客観的・理論的に解明する領域。,第2章 音声学・音韻論（Phonetics and Phonology）,2.9,間（ポーズ）の持続時間が聴者のサスペンスに及ぼす音響的効果,発話中における「沈黙（サイレント・ポーズ）」が、話し手と聞き手の双方にどのような認知的影響を及ぼすかを考察した音声学的研究があります。ポーズは単なる「言葉の途切れ」ではなく、情報のチャンキング（構造化）を助ける極めて積極的な韻律的要素です。発話の途中で意図的にポーズを挿入すると、聞き手はその空白時間を用いて先行情報を認知処理すると同時に、次に提示される後続情報に対する予測（Anticipation）と認知的期待値を急激に上昇させます。特に、ドラマチックな強調を意図して計算された持続時間のポーズは、聴者の注意的リソースを強く拘束し、心理的な「サスペンス状態（緊張状態）」を構築する強力な音響的効果を持つことが明らかにされています。,「〇〇と掛けまして、××と解く。その心は……」の直後に置かれる絶妙な「間（ポーズ）」は、まさにこのサスペンス効果の極致を体現しています。このポーズの持続時間が、聴者の脳内において「お題」と「解き明かし」の間に存在するセマンティック・ギャップ（意味的隔たり）をいかに埋めるかという認知的期待を限界まで増幅させます。ポーズが短すぎれば期待の形成が不十分となり、長すぎれば注意の減衰を招きます。計算され尽くした沈黙によって聴者を極度のサスペンス状態に置き、その期待値のピークに「オチ」という解決情報（Resolution）を投下することで、ユーモア理論における「緊張の緩和（Relief）」に伴う爆発的な笑いが生成されます。なぞかけは、言語情報のみならず「無音の時間」をも音響的武器として統制する、極めて精緻な時間芸術であると言えます。,Pauses and the temporal structure of speech（ポーズと発話の時間的構造）,1994年,Brigitte Zellner / Fundamentals of speech synthesis and speech recognition掲載（基礎研究としてF. Goldman-Eislerの自発話における心理言語学研究に基づく）
大分類 I：人文学および芸術（Humanities and Arts）,言語の構造そのものと、そこから生じる意味のズレ、修辞、論理的パラドックス、および文化的変遷を客観的・理論的に解明する領域。,第2章 音声学・音韻論（Phonetics and Phonology）,2.10,音象徴（オノマトペ）の活用がもたらす直感的理解への架橋,言語の音声と意味の結びつきは「恣意的（必然性がない）である」とする伝統的な言語学の前提に対し、特定の音声が特定の視覚的形状や感覚と直接的に結びついているとする「音象徴（Sound Symbolism）」の研究があります。有名な「ブーバ・キキ効果」の調査では、丸みを帯びた図形とトゲトゲした図形を見せ、「どちらがブーバで、どちらがキキか？」と問うと、母語や文化圏を問わず95%以上の人が、丸い図形を「ブーバ（両唇音や有声子音）」、尖った図形を「キキ（軟口蓋音や無声子音）」と名付けました。これは、人間の脳が音声の音響的特徴（周波数の滑らかさや破裂音の鋭さ）と、視覚・触覚などの他感覚のイメージを、理屈を介さずに共感覚的にマッピング（対応付け）していることを示しています。,なぞかけの解き明かし（オチ）において、オノマトペや音象徴的な語彙が効果的に使われることがあります。このとき、言葉の論理的な意味だけでなく、音声そのものが持つ「響きのイメージ」が聴者の感覚に直接訴えかけます。例えば「チクチク」という鋭い摩擦・破裂音の連続や、「フワフワ」という摩擦のない滑らかな音声は、お題と解き明かしの間に存在する抽象的な関係性を、理屈抜きで直感的に結びつける「感覚の架け橋」として機能します。音象徴を活用することで、聴者の脳内では意味理解のスピードが加速し、より深く、より瞬間的なアハ体験（謎解きのカタルシス）がもたらされるのです。,"Synaesthesia: A Window Into Perception, Thought and Language（共感覚：知覚、思考、言語への窓）※ブーバ・キキ効果のメカニズムに関する神経科学的考察",2001年,"Vilayanur S. Ramachandran, Edward M. Hubbard / カリフォルニア大学サンディエゴ校（Journal of Consciousness Studies掲載）"
大分類 I：人文学および芸術（Humanities and Arts）,言語の構造そのものと、そこから生じる意味のズレ、修辞、論理的パラドックス、および文化的変遷を客観的・理論的に解明する領域。,第2章 音声学・音韻論（Phonetics and Phonology）,2.11,地域方言の音韻体系に依存した局地的なぞかけの成立条件,地域方言の音韻体系を分析する研究により、特定の地域コミュニティでは標準語とは異なる音素の統合（マージ）や対立が起きていることが体系化されています。代表的な例として「四つ仮名（ジ・ヂ・ズ・ヅ）」の合流現象や、江戸言葉における「ヒ」と「シ」の混同などが挙げられます。音韻論的考察によれば、ある方言圏で特定の音素間の区別が失われると、標準語圏では全く異なる発音とされる語彙同士が、その地域においてのみ「完全に同一の音声（同音異義語）」として機能するようになります。また、京阪式や東京式といったアクセントの型の違いも、特定の語彙のピッチパターンの合致・不合致を左右することが分かっています。,なぞかけの成立には「同音異義語（掛詞）」の存在が不可欠ですが、その成立条件は発話者が属する言語コミュニティの音韻規則に完全に依存しています。例えば、「ヒ」と「シ」の区別がない地域音韻体系を前提とすれば、「日（ヒ）」と「詩（シ）」を同音として掛け合わせる局地的ななぞかけが成立します。他地域の人間からすれば「音が合っていない」ため意味不明ですが、その音韻規則を共有するコミュニティ内では見事な知的遊戯として爆発的な笑いを生みます。つまり、方言に依存したなぞかけは、単なる言葉遊びの枠を超え、特定の音韻体系を共有する者同士の連帯感（同郷の絆）を再確認する社会文化的装置として機能しているのです。,『国語音韻史の研究』（江戸語の音韻や四つ仮名の歴史的変遷を含む日本方言音韻論の基礎的研究）,1944年（1957年増補新版）,有坂秀世 / 東京帝国大学
大分類 I：人文学および芸術（Humanities and Arts）,言語の構造そのものと、そこから生じる意味のズレ、修辞、論理的パラドックス、および文化的変遷を客観的・理論的に解明する領域。,第2章 音声学・音韻論（Phonetics and Phonology）,2.12,イントネーションの境界音調による「謎の提示」のシグナリング,発話の末尾におけるピッチ（基本周波数）の変動である「境界音調（Boundary Tone）」が、文の語用論的意味をどう決定づけるかをモデル化した研究があります。代表的なイントネーション体系（ToBIモデルなど）において、文末のピッチが上昇する音調（H%）は情報の未完了や聞き手への応答要求（質問）を示し、下降する音調（L%）は情報の完結や断定を示します。韻律的分析によれば、聞き手は言葉の字義的意味だけでなく、この発話末のピッチの軌跡（メロディ）を無意識に解析することで、話し手が今「情報を完結させた」のか、それとも「続きへの期待を要求している」のかを瞬時に判断していることが分かっています。,なぞかけを披露する際、「〇〇と掛けまして」および「××と解く」の部分では、演者は意図的にイントネーションの末尾を空中に浮かせたような上昇調、あるいは持続的な平坦調（H%）で発音します。この境界音調は、言葉の意味以上に強力な音響的シグナル（シグナリング）として機能し、聴者に対して「まだ情報は終わっていない」「これから重要な謎が提示される」というメッセージを送ります。聴者はこのピッチの動きを受け取ることで無意識のうちに認知的準備を整え、「その心は……」の後に提示される、下降調（L%）を伴う最終的なオチ（情報の完結と解放）に向けて、心理的サスペンスを高めていくのです。,The Phonology and Phonetics of English Intonation（英語イントネーションの音韻論と音声学）※境界音調を含むオートセグメンタル・メトリック（AM）理論の基礎,1980年,Janet Pierrehumbert / マサチューセッツ工科大学（MIT博士論文）
大分類 I：人文学および芸術（Humanities and Arts）,言語の構造そのものと、そこから生じる意味のズレ、修辞、論理的パラドックス、および文化的変遷を客観的・理論的に解明する領域。,第2章 音声学・音韻論（Phonetics and Phonology）,2.13,分節音の欠落・添加（音韻脱落）が引き起こすユーモアの許容範囲,言葉遊びやダジャレにおいて、完全に音が一致する同音異義語ではなく、一部の音が異なったり欠落したりする「不完全な語呂合わせ（Imperfect Puns）」がどこまで許容されるかを分析した研究があります。言語学者のズウィッキーらは、音素（分節音）の欠落、添加、あるいは置換が起きてもユーモアが成立するためには、無作為に音が変わってよいわけではなく、言語の「有標性（Markedness）」や音韻的類似性の厳密なルールに従っている必要があることを明らかにしました。つまり、調音位置や有声・無声といった音声的特徴のズレが「脳が元の単語を容易に復元できる範囲内」に収まっている時のみ、人はその音韻的逸脱を単なる言い間違い（エラー）ではなく「言葉遊び」として認知して楽しむことができるのです。,なぞかけの「その心（オチ）」において、基本的には完全な同音異義語の衝突が求められますが、時には演者が少し強引に発音を歪めたり、分節音を欠落・添加させたりして意味を掛けることがあります。この時、音韻のズレが言語学的な許容範囲（ターゲット語を復元できるギリギリの境界線）にあると、聴者の脳内で「音のズレを自動修正して意味を繋ぎ合わせる」という追加の認知的プロセスが発生します。この「少し頭を使って解読する」という適度な負荷が解決された瞬間に生み出されるカタルシスが、笑いの量を増幅させるスパイスとなるのです。ユーモアの限界線は、まさにこの音韻的逸脱と復元の絶妙な距離感の上で成立しています。,"Imperfect Puns, Markedness, and Phonological Similarity: With Fronds Like These, Who Needs Anemones?（不完全な語呂合わせ、有標性、そして音韻的類似性）",1986年,"Arnold M. Zwicky, Elizabeth D. Zwicky / オハイオ州立大学 他（Folia Linguistica 掲載）"
大分類 I：人文学および芸術（Humanities and Arts）,言語の構造そのものと、そこから生じる意味のズレ、修辞、論理的パラドックス、および文化的変遷を客観的・理論的に解明する領域。,第2章 音声学・音韻論（Phonetics and Phonology）,2.14,同音衝突における音声的明慮度（Articulation）の意図的低下,人間が発話する際の発音の明瞭さ（Articulation）が、文脈や状況によってどのように変化するかをモデル化した「H&H理論（Hyper- and Hypo-articulation theory）」という基礎理論があります。この理論によると、発話者は常に「自分の発声エネルギーを節約したい」という欲求と、「聞き手に正確に情報を伝えなければならない」という制約の間でバランスを取っています。文脈から意味が予測しやすい場面では、発話者は意図的に発音を曖昧にする「低明瞭度発話（Hypo-articulation）」を用いますが、これは単なる手抜きではなく、聞き手の推論・補完能力を計算に入れた上で、コミュニケーションの効率を最適化する高度でダイナミックな音声コントロールであることが分かっています。,なぞかけの解答編（その心は）において、2つの異なる意味を持つ同音異義語（同音衝突）が提示される瞬間、熟練の演者はこのH&H理論が前提とする「聴者の推論メカニズム」を逆手にとり、戦略的に発音を曖昧にする「低明瞭度発話」を偽装することがあります。本来は文脈から意味が予測可能な状況で許容される低明瞭度発話を、文脈が未確定なオチの瞬間にあえて用いることで、聴者がどちらか一方の意味に即座に特定してしまうことを防ぐのです。音声的明瞭度を意図的に低下させることは、一種の「音響的な煙幕」として機能します。この煙幕によって、聴者の脳内で2つの意味が重なり合ったまま宙吊りにされる時間が生み出され、直後に文脈が追いついて意味が確定した際の「腑に落ちる感覚」がより一層強調される仕掛けとなっているのです。,Explaining phonetic variation: A sketch of the H&H theory（音声変異の説明：H&H理論のスケッチ）,1990年,Bj?rn Lindblom / テキサス大学オースティン校、ストックホルム大学（Speech Production and Speech Modelling 掲載）
大分類 I：人文学および芸術（Humanities and Arts）,言語の構造そのものと、そこから生じる意味のズレ、修辞、論理的パラドックス、および文化的変遷を客観的・理論的に解明する領域。,第2章 音声学・音韻論（Phonetics and Phonology）,2.15,リズムの等時性がもたらす定型フレーズ（Aとかけて…）の呪術的効果,音声のリズムが人間の認知や注意力にどのような影響を与えるかを考察した「動的注意理論（Dynamic Attending Theory）」があります。また、音声学において、日本語は各モーラ（拍）がほぼ等しい時間間隔で発音される「等時性（Mora-timing）」を持つことが実証されています。動的注意理論によれば、等間隔で規則正しいリズムを持つ音声刺激を連続して受けると、聞き手の脳の内的リズムがそれに同調（エントレインメント）します。この同調が起きると、聞き手の注意力は「次の拍が来るタイミング」に向けて極度に研ぎ澄まされ、認知的負荷が下がり、一種のトランス状態や高い期待感（Anticipation）を伴う心理状態に誘導されることが明らかになっています。,「〇〇とかけまして、××と解く」というなぞかけ特有の定型フレーズは、日本語のモーラ等時性を最も心地よく体現するリズミカルな音声パターンです。この規則正しいリズムの反復を聞かされることで、聴者の脳波と注意のリズムは演者の発話ペースに完全に同調（エントレインメント）します。このリズムの等時性がもたらす同調状態こそが、聴者を無防備にさせる「呪術的効果」の正体です。聴者は呪文のような定型フレーズによって心地よい期待の波に乗せられ、「その心は」という最終的な謎解きの瞬間に向けて、注意力が最大化された状態へと無意識にコントロールされているのです。,"Time, Our Lost Dimension: Toward a New Theory of Perception, Attention, and Memory（動的注意理論の基礎）および Evidence for mora timing in Japanese（日本語の等時性に関する音声学研究）",1976年（Jones）、1987年（Port et al.）,Mari Riess Jones / オハイオ州立大学、Robert F. Port 他 / インディアナ大学（Psychological Review および The Journal of the Acoustical Society of America 掲載）
大分類 I：人文学および芸術（Humanities and Arts）,言語の構造そのものと、そこから生じる意味のズレ、修辞、論理的パラドックス、および文化的変遷を客観的・理論的に解明する領域。,第2章 音声学・音韻論（Phonetics and Phonology）,2.16,かばん語（Portmanteau）生成における音節構造の融合,二つの異なる単語を組み合わせて新しい語を作る「かばん語（混成語：ブレンド）」が、どのような規則に従って生成されるかを分析した研究があります。一見すると恣意的に単語を切り貼りしているように見えますが、実は母語話者の脳内には厳格な「音韻論的・形態論的制約」が存在することが分かっています。日本語や英語において、元の単語が持つモーラ（拍）や音節の数、アクセントの型、自然な音節境界を維持しながら、音韻的に最も無理のない形で融合（フュージョン）が行われます。つまり、かばん語は単なる言葉の無秩序な衝突ではなく、人間が直感的に持つプロソディ（韻律）の規則に従った、極めて高度な「音節構造の最適化」の結果なのです。,なぞかけのオチを構成する「同音異義語」や「掛詞」は、一種の「概念的なかばん語（意味のブレンド）」の生成プロセスと言えます。通常のかばん語が“異なる音声”を融合させるのに対し、なぞかけは“単一の美しい音節構造”を保ちながら、そこに「お題」と「解き明かし」という二つの異なる意味構造を完璧に融合して格納します。優れたなぞかけが聴者に心地よさを与えるのは、単に意味が掛かっているからだけではありません。二つの文脈が衝突しているにもかかわらず、その音声出力が日本語の音韻・プロソディ規則において「極めて自然で最適化された美しい形」を保っているからこそ、私たちはそこに芸術的なカタルシスを感じるのです。,Phonological constraints on blending in English as a case for phonology-morphology interface（音韻論・形態論インターフェースの事例としての英語混成語における音韻論的制約）,1990年,窪薗 晴夫（Haruo Kubozono） / Yearbook of Morphology誌掲載（日本語音韻論の世界的権威によるブレンド語の音韻制約研究）
大分類 I：人文学および芸術（Humanities and Arts）,言語の構造そのものと、そこから生じる意味のズレ、修辞、論理的パラドックス、および文化的変遷を客観的・理論的に解明する領域。,第2章 音声学・音韻論（Phonetics and Phonology）,2.17,無声化母音の有無がダジャレの認識に与える実験音声学的影響,日本語の音声的特徴である「母音の無声化」（「きつね」の「き」や「すき」の「す」など、無声子音に挟まれた狭母音の響きが消える現象）が、人間の音声知覚にどう影響するかを調査した研究があります。音響分析（スペクトログラム）を見ると、無声化された母音は声帯振動を伴わないため、物理的には単なる「摩擦音」や「気息音」に近く、本来の母音の音響的特徴（フォルマント）がほとんど消失しています。それにもかかわらず、聞き手は先行する子音に残された微細な「調音結合（coarticulation）」の痕跡や前後の文脈から、「そこに特定の母音がある」と脳内で補完（知覚）しています。一方で、この無声化により特定の音韻境界が物理的には曖昧になり、聞き間違いや知覚の揺らぎが生じやすくなることも分かっています。,なぞかけにおける「オチ（その心）」では、この母音の無声化による「音響的な曖昧さ」が、見事な錯覚のトリックとして機能することがあります。本来であればアクセントの型や微細な母音の響きが異なる二つの言葉であっても、話者が意図的に無声化の起きやすい音韻環境にオチを配置することで、物理的な音声信号は極めて似通ったノイズ音へと変換されます。聴者はその曖昧な音声信号に対し、提示された二つの文脈（お題と解き明かし）の両方を同時に「補完して」聴き取ってしまうのです。なぞかけが成立する背景には、無声化による音声信号のブラックボックス化と、聴者の脳による自動補完機能の共犯関係が隠されています。,Spectral and perceptual evidence for CV coarticulation in devoiced /si/ and /syu/ in Japanese（日本語の無声化された/si/および/syu/におけるCV調音結合のスペクトルおよび知覚的証拠）,1984年,"Mary E. Beckman, Atsuko Shoji / Phonetica誌掲載（日本語の無声化現象と音声知覚に関する基礎的実験音声学研究）"
大分類 I：人文学および芸術（Humanities and Arts）,言語の構造そのものと、そこから生じる意味のズレ、修辞、論理的パラドックス、および文化的変遷を客観的・理論的に解明する領域。,第2章 音声学・音韻論（Phonetics and Phonology）,2.18,音声知覚におけるトップダウン処理を利用した「空耳」の誘発,人間が言葉を聴き取る際、耳から入る物理的な音響信号（ボトムアップ）だけで判断しているのではなく、脳内にある語彙知識や直前の文脈からの予測（トップダウン）が強く影響を及ぼすという認知科学の基礎理論があります。これを実証した有名な現象が「ガノン効果（Ganong effect）」です。これは、特定の音素を曖昧に合成した音声を聴かせた場合、聞き手がそれを「実在する単語」になるように無意識に音韻を歪めて（カテゴライズして）知覚してしまう現象です。つまり、私たちは「聞こえた通りに意味を理解する」のではなく、「意味が通るように聞こえた音を解釈する」という強力なフィルターを持っていることが分かっています。,なぞかけは、この「トップダウン処理による知覚の書き換え」を意図的に引き起こす音声ハッキング技術と言えます。「〇〇と掛けて、××と解く」という前半部分は、聴者の脳内に極めて強力な「意味的文脈（セマンティック・プライム）」を二つ同時にセットアップする作業に他なりません。そして最後に提示されるオチの音声は、どちらの文脈フィルターを通しても「実在する意味の通った言葉（ガノン効果の応用）」として脳内で処理されます。結果として聴者は、単一の音声から二つの異なる「空耳」を同時に経験することになり、脳内でのトップダウン処理が見事に衝突・解決される瞬間に、アハ体験にも似た知的興奮と笑いが引き起こされるのです。,Phonetic categorization in auditory word perception（聴覚的単語知覚における音声学的カテゴリー化） / ガノン効果 (Ganong effect),1980年,William F. Ganong / Journal of Experimental Psychology: Human Perception and Performance誌掲載
大分類 I：人文学および芸術（Humanities and Arts）,言語の構造そのものと、そこから生じる意味のズレ、修辞、論理的パラドックス、および文化的変遷を客観的・理論的に解明する領域。,第2章 音声学・音韻論（Phonetics and Phonology）,2.19,パラ言語情報（笑い声、咳払い等）が与えるメタ・メッセージ,人間のコミュニケーションにおいては、話される「言葉（言語情報）」そのものだけでなく、声のトーン、笑い声、咳払い、ため息といった周辺的な音声である「パラ言語（Paralanguage）」が極めて重要な役割を果たしています。このパラ言語情報がいかにして会話の文脈を決定づけるかを分析した社会言語学者 John J. Gumperz らの理論的考察により、これらが「文脈化の合図（Contextualization cues）」として機能することが分かっています。つまり、咳払いや意図的な笑い声は、発話内容の文字通りの意味を超えて、「ここは冗談として受け取ってほしい」「ここから重要なことを言うぞ」という解釈の枠組み（メタ・メッセージ）を聴者に伝達する高度な社会的シグナルなのです。,なぞかけの演者が「その心は……」とオチを述べる直前に発する、微かな「咳払い」や「含み笑い」を思い浮かべてみてください。これらは単なる生理的現象ではなく、聴者に対するパラ言語的なメタ・メッセージとして機能しています。「これから見事な言葉遊びを披露しますよ」「クスッと笑う準備をしてくださいね」という暗黙の合図を送ることで、聴者の脳内にある「真面目な情報の解釈モード」を「エンターテインメントの鑑賞モード」へと強制的に切り替えているのです。なぞかけが単なるダジャレとして滑ることなく、知的で洗練された芸として成立するのは、演者がこのパラ言語情報を巧みに操り、聴者の期待値と受容の文脈を完璧にコントロールしているからです。,Discourse Strategies （パラ言語情報を含む「文脈化の合図（Contextualization cues）」の理論）,1982年,John J. Gumperz / カリフォルニア大学バークレー校など（パラ言語の基礎概念については1958年の George L. Trager の研究も包摂）
大分類 I：人文学および芸術（Humanities and Arts）,言語の構造そのものと、そこから生じる意味のズレ、修辞、論理的パラドックス、および文化的変遷を客観的・理論的に解明する領域。,第2章 音声学・音韻論（Phonetics and Phonology）,2.20,音韻的完全一致と部分一致における美的評価関数の構築,人間がなぜ「韻を踏むこと」や「言葉遊び」に美しさや快感を覚えるのかという問いは、言語学と詩学の境界で長く考察されてきました。その基礎となるのが、言語の「詩的機能（Poetic function）」という概念です。これは、音声的な等価性（音韻の類似や反復）を言語の配列の軸に投影することで、言葉そのものに自律的な美しさをもたらすという理論です。その後の認知科学やユーモアの認知理論（不適合の解消など）の知見を重ね合わせると、人間の脳には独自の「美的評価の認知メカニズム」が備わっていることが分かります。音韻の「完全一致（同音異義）」に対しては数学的パズルを解いたような強い解決の快感を覚え、一方で「部分一致（類音）」に対しては心地よい認知的摩擦（ズレの面白さ）を知覚するという構造です。本稿では、こうした脳内の情報処理システムを一種の「美的評価関数」としてモデリング（構築）します。,なぞかけの「オチ」は、まさに人間の脳内に構築されたこの「美的評価関数」をハッキングする技術です。「〇〇と掛けまして、××と解く」の答えとして提示される言葉が、全く別の意味でありながら音韻的に「完全一致（同音異義語）」していた場合、聴者の脳内では等価性の原則が美しく成立し、「お見事！」という知的カタルシス（高い美的評価スコア）が生まれます。一方で、音が微妙にズレている「部分一致（いわゆる地口・語呂合わせ）」の場合、完全な美しさには至らないものの、その「強引さ」や「ズレ」が特有の滑稽さを生み出し、笑いという別の評価軸でスコアを叩き出します。なぞかけの名手は、お題や客層の雰囲気に合わせてこの脳内の評価関数を逆算し、完全一致の「美」を狙うか、部分一致の「笑い」を狙うかを瞬時にチューニングしていると言えます。,Linguistics and Poetics （言語学と詩学における「詩的機能（Poetic function）」および等価性の原理）,1960年,Roman Jakobson / マサチューセッツ工科大学(MIT)・ハーバード大学（認知処理における音韻評価の基礎理論として。※「美的評価関数」は認知メカニズムを説明するためのアナロジーとして本稿で構築）
大分類 I：人文学および芸術（Humanities and Arts）,言語の構造そのものと、そこから生じる意味のズレ、修辞、論理的パラドックス、および文化的変遷を客観的・理論的に解明する領域。,第3章 語用論・会話分析（Pragmatics and Conversation Analysis）,3.1,グライスの「協調の原理」の意図的違反と推意（Implicature）,会話がなぜ成り立つのかを哲学的に考察した研究に、「協調の原理」という基礎理論があります。人間は円滑なコミュニケーションを行うために、「量の格率（過不足なく）」「質の格率（真実を）」「関係の格率（関連する話題を）」「様態の格率（明瞭に）」という4つの暗黙のルールに従っているとされます。しかし、日常会話ではこれらが意図的に破られることが多々あります。例えば、的外れな返答や、あえて曖昧な表現を用いるケースです。研究の結果、話し手がルールをあえて明白に破った（公然の違反：flouting）場合、聞き手はそれを異常とみなすのではなく、「それでも相手は協調しようとしているはずだ」と仮定し、発話の裏に隠された真の意図（推意＝Implicature）を推論して補うメカニズムが働くことが分かりました。皮肉や比喩は、まさにこの「公然の違反」によって成立しています。,なぞかけのお題「〇〇と掛けまして、××と解く」は、一見すると無関係な2つの事象を並べるため、グライスの「関係の格率」に対する完全な「公然の違反」です。さらに、そのつながりを隠したまま提示する点は「様態の格率（明瞭性の要求）」にも違反しています。しかし聴者は、演者がデタラメを言っているとは思いません。「必ずどこかに合理的なつながり（推意）があるはずだ」と信じ、脳内で猛烈な推論を開始します。つまりなぞかけとは、あえて会話の原則を公然と破ることで聴者の推論エンジンを強制起動させ、「その心は」によって隠された推意を明かしてカタルシスを与える、高度に計算された語用論的ゲームなのです。,Logic and Conversation（論理と会話）,1975年（初出は1967年のウィリアム・ジェームズ記念講演）,"H.P. Grice（ポール・グライス） / カリフォルニア大学バークレー校など（論文集『Syntax and Semantics, Vol. 3』収録）"
大分類 I：人文学および芸術（Humanities and Arts）,言語の構造そのものと、そこから生じる意味のズレ、修辞、論理的パラドックス、および文化的変遷を客観的・理論的に解明する領域。,第3章 語用論・会話分析（Pragmatics and Conversation Analysis）,3.2,関連性理論に基づく「処理労力」と「認知効果」の最適化,グライスの理論を発展させ、人間のコミュニケーションを「認知の効率性」から解き明かしたのが「関連性理論」です。この理論では、人間は常に「最大の情報（認知効果）を、最小の労力（処理労力）で得ようとする」認知システムを持っていると仮定します。ある発話が聞き手にとって「関連性がある（意味がある）」と判断されるのは、その発話を理解するために払った脳の「処理労力」に対して、得られた新たな気づきや既存知識の更新である「認知効果」が上回ったときです。逆に言えば、回りくどい表現であっても、それによって得られる認知効果（驚きや深い納得）が非常に大きければ、そのコミュニケーションは最適化された成功例とみなされます。,なぞかけは、この「処理労力」と「認知効果」のテンション（緊張関係）を極限まで操作するエンターテインメントです。「無関係な2つのものをどう結びつけるのか？」と、聴者の「処理労力」は提示された瞬間に跳ね上がります。普通に考えれば労力に見合わない破綻したコミュニケーションですが、オチ（同音異義語や掛詞）が提示された瞬間、2つの事象が単一の音韻構造で見事に串刺しにされ、文脈が急激に再構築されます。これにより、一気に意味が通るという爆発的な「認知効果」がもたらされ、高騰していた処理労力が一瞬にして回収されます。この「認知の投資と莫大なリターン」の構造こそが、なぞかけが人の心を捉えて離さない理由だと言えます。,Relevance: Communication and Cognition（関連性理論：伝達と認知）,1986年（第2版は1995年）,"Dan Sperber, Deirdre Wilson（ダン・スペルベル、ディアドレ・ウィルソン） / フランス国立科学研究センター、ユニヴァーシティ・カレッジ・ロンドン"
大分類 I：人文学および芸術（Humanities and Arts）,言語の構造そのものと、そこから生じる意味のズレ、修辞、論理的パラドックス、および文化的変遷を客観的・理論的に解明する領域。,第3章 語用論・会話分析（Pragmatics and Conversation Analysis）,3.3,言語行為論（Speech Act Theory）から見た遂行的発話の力学,言葉は単に事実を描写するだけではなく、言葉を発すること自体が「行為」であるとするのが「言語行為論」の核心です。例えば「私は約束する」や「会議の開会を宣言します」といった発話は、事実の真偽を問うものではなく、発話を通じて新たな現実や社会的関係を作り出しています（これを「遂行的発話」と呼びます）。研究によれば、これらの発話が効果を持つためには、発話者と聞き手の間で権限や文脈といった「適切性条件（Felicity conditions）」が満たされている必要があります。条件が整った場での遂行的発話は、単なる音声の連なりを超えて、聞き手の心理や行動に直接的な影響を及ぼす力学（発語媒介行為：Perlocutionary act）を持っています。,なぞかけにおいて定型句として発せられる「〇〇と掛けまして、××と解く。その心は」という言葉は、世界にある事実を描写しているのではなく、「今から私は、この2つの言葉を見事に結びつける言語的遊戯を披露します」という力強い『遂行的発話』です。この発話がなされた瞬間、場には「演者は謎をかけ、聴者はその鮮やかさを判定する」という暗黙の契約（適切性条件）が成立します。つまり、なぞかけの定型句は、日常会話の延長ではなく、非日常的な「言葉遊びの舞台」をその場に強制的に立ち上げるための宣言行為（発語内行為：Illocutionary act）なのです。そしてオチが決まり、聴者が感嘆の声を上げる（発語媒介行為が達成される）ことで、この一連の言語行為は初めて完結します。,How to Do Things with Words（言葉によって事を行う法）,1962年（1955年のウィリアム・ジェームズ記念講演に基づく遺稿集）,J.L. Austin（ジョン・L・オースティン） / オックスフォード大学
大分類 I：人文学および芸術（Humanities and Arts）,言語の構造そのものと、そこから生じる意味のズレ、修辞、論理的パラドックス、および文化的変遷を客観的・理論的に解明する領域。,第3章 語用論・会話分析（Pragmatics and Conversation Analysis）,3.4,会話分析（CA）手法を用いたターン・テイキングの構造,人々が日常会話の中で、どのようにして発言の順番（ターン）をスムーズに交代しているかを解明した画期的な基礎理論があります。会話分析（CA）の知見によれば、私たちは相手の言葉を最後まで聞いてから話し始めるのではなく、統語論的・韻律的な構造や文脈から「次が自分の話す番になるポイント（TRP：移行適格場所）」をミリ秒単位で予測しています。このTRPにおいて、現話者が次の話者を指名したり、聞き手が自ら発言権を取得したりすることで、沈黙や発話の重なりを最小限に抑えながら、規則的かつ協調的に会話の秩序を構築していることが分かっています。,なぞかけは、日常会話の不確実なターン・テイキング規則を高度に制度化し、「ターンの事前割当（Pre-allocation）」を行う儀式的な相互行為です。演者が「〇〇と掛けまして、××と解く」と発話した瞬間、聴者はそこが明確なTRPであると予測し、「その心は？」という定型的な合いの手（ターン）を入れます。これは会話分析における典型的な「隣接ペア（Adjacency Pair）」の強制的な形成です。ここでは「次に誰が発言権を持つか」という日常会話のランダム性が完全に排除されています。この参加者全員が合意した予測可能なターンのやり取りを経ることで、その後に続く「オチ」を語る演者には、他者からの割り込みを許さない「拡張された発言権（Extended turn）」が確約され、場の空気を完全に支配できる構造になっているのです。,A simplest systematics for the organization of turn-taking for conversation（会話のための順番交代の組織化に関する最も単純な体系）,1974年,"Harvey Sacks, Emanuel A. Schegloff, Gail Jefferson / カリフォルニア大学（UCLA）など（Language誌掲載）"
大分類 I：人文学および芸術（Humanities and Arts）,言語の構造そのものと、そこから生じる意味のズレ、修辞、論理的パラドックス、および文化的変遷を客観的・理論的に解明する領域。,第3章 語用論・会話分析（Pragmatics and Conversation Analysis）,3.5,ポライトネス理論に基づくフェイス侵害行為（FTA）の緩和,人間関係における摩擦を回避する言語行動を体系化した「ポライトネス理論」があります。この理論では、人間には「他者から認められたい（ポジティブ・フェイス）」と「自分の領域を侵されたくない（ネガティブ・フェイス）」という公的な自己像である「フェイス」が存在すると仮定します。会話における要求や批判、一方的な知識の誇示などは、このフェイスを脅かす「フェイス侵害行為（FTA: Face-Threatening Act）」となります。人間社会では、敬語などの距離を置く戦略（ネガティブ・ポライトネス）や、冗談や親愛の情を示して連帯感をアピールする戦略（ポジティブ・ポライトネス）を用いることで、このFTAの衝撃を緩和し、円滑なコミュニケーションを維持していることが示されています。,なぞかけにおいて、演者が「あなたには思いつかないような見事な解き明かしを一方的に提示する」という行為は、突き詰めれば聴者の知的自律性やプライドに対する軽微なFTA（挑戦や優位性の誇示）を含んでいます。しかし、ブラウンとレビンソンの理論において「ジョークを使用する」ことは、明確なポジティブ・ポライトネスの代表的戦略（Strategy 8）として位置づけられています。「謎掛け遊び」というユーモラスな枠組みを共有することで、FTAの脅威は無効化されます。さらに、見事なオチが決まった瞬間、聴者は「この高度な言葉遊びを瞬時に理解できた」という知的な喜びを演者と共有します。つまり、なぞかけは一時的なFTAの緊張を共同的なエンターテインメントへと変換し、結果的に演者と聴者双方の「フェイス」を高める高度な語用論的装置なのです。,Politeness: Some universals in language usage（ポライトネス：言語使用における普遍性）,1978年（初出）、1987年（改訂版出版）,"Penelope Brown, Stephen C. Levinson / マックス・プランク心理言語学研究所など"
大分類 I：人文学および芸術（Humanities and Arts）,言語の構造そのものと、そこから生じる意味のズレ、修辞、論理的パラドックス、および文化的変遷を客観的・理論的に解明する領域。,第3章 語用論・会話分析（Pragmatics and Conversation Analysis）,3.6,発話の前提（Presupposition）の意図的操作と暗黙の了解の裏切り,コミュニケーションにおいて、話し手と聞き手の間で「当然共有されている」と見なされる暗黙の背景知識に関する理論的考察があります。語用論では、発話が意味を成すためには、双方が共有する情報の基盤（コモングラウンド）と、それに依存する「前提（Presupposition）」が不可欠だとされます。対話の進行に伴い、このコモングラウンドは常に動的に更新されます。もし話し手が意図的にこの前提から逸脱した発話をすると、聞き手は一瞬の解釈の破綻に陥ります。しかし、会話を成立させようとする「協調の原則」が働くため、聞き手は話し手の真の意図（推意）を推論し、自らの知識を補って新たな前提を事後的に受け入れる「前提の適応／収容（Accommodation）」という高度な認知処理を行うことが分かっています。,なぞかけの知的快楽は、まさにこの「コモングラウンドの意図的操作と鮮やかな裏切り」にあります。最初にお題（AとB）が提示されたとき、聴者は日常的な意味論の「前提」に従い、2つの概念を単一の文脈で結びつけようとします。しかし、オチ（C）が提示される瞬間、演者は同音異義語や多義性を用いて、聴者が築いていた前提を見事に裏切ります。聴者は一瞬の混乱の後、隠されていたもう一つの文脈を読み取り、自らの頭の中でコモングラウンドを瞬時に書き換えます。この「前提の崩壊と再構築（適応）」を強制され、自らの認知処理によって意味をつなぎ合わせたときに生じるアハ体験こそが、なぞかけの奥深いカタルシスを生み出しているのです。,Pragmatic Presuppositions（語用論的前提）および コモングラウンド（Common Ground）の理論,1974年,Robert Stalnaker / 当時コーネル大学（論文集『Semantics and Philosophy』収録。※「前提の適応」概念についてはDavid Lewisらが後に定式化）
大分類 I：人文学および芸術（Humanities and Arts）,言語の構造そのものと、そこから生じる意味のズレ、修辞、論理的パラドックス、および文化的変遷を客観的・理論的に解明する領域。,第3章 語用論・会話分析（Pragmatics and Conversation Analysis）,3.7,デイキシス（直示表現）の指示対象すり替えによる文脈転換,語用論において「これ」「あそこ」「私」「今」といった、発話の状況や文脈に依存して指し示す対象が決まる言葉を「デイキシス（直示表現）」と呼びます。スティーヴン・C・レヴィンソンらが体系化した理論では、話し手のいる場所や時間を基準とする「直示中心（Deictic center）」が対話の中で移動したり、指示対象（リファレント）が突然すり替わったりすると、聴者は自身の脳内で前提となる文脈を急速に再構築しなければならないことが分かっています。この「指示の文脈依存性」は、コミュニケーションにおける視点の劇的な移動（パラダイムシフト）を引き起こす強力な要因となります。,なぞかけの快感は、デイキシスの解釈に必須となる「文脈の急速な再構築」のメカニズムを、掛詞（同音異義語）を用いて疑似的に引き起こすことで生じます。「〇〇と掛けて、××と解く。その心は、（どちらも）△△でしょう」という構造において、オチの「△△」は、最初は「〇〇」の文脈における特定の意味（指示対象）として提示されます。しかし直後に、その全く同じ「△△」という音声が、無関係な「××」の文脈における別の意味をも同時に指し示していることに気づかされます。厳密にはオチの言葉自体は直示表現ではありませんが、「たった一つの言葉が、文脈の転換によって2つの異なる世界を横断する」という点で、直示中心の劇的な移動と同等の認知負荷と文脈再構築を聴者に要求します。これが鮮やかなアハ体験（閃き）をもたらすのです。,Pragmatics（『語用論』におけるデイキシスの基礎理論）,1983年,Stephen C. Levinson（スティーヴン・C・レヴィンソン） / ケンブリッジ大学出版局
大分類 I：人文学および芸術（Humanities and Arts）,言語の構造そのものと、そこから生じる意味のズレ、修辞、論理的パラドックス、および文化的変遷を客観的・理論的に解明する領域。,第3章 語用論・会話分析（Pragmatics and Conversation Analysis）,3.8,アイロニー・皮肉の生成機構とオチの構造的類似性,言語学や認知科学の領域では、人間が発話の「真意」をどう理解するかについて、ダン・スペルベルとディアドレ・ウィルソンによる「関連性理論（Relevance Theory）」が広く支持されています。アイロニー（皮肉）の研究から発展したこの理論によれば、人間は常に「処理労力（推論にかかる認知コスト）」に見合うだけの「認知的効果（新たな気付きや知識）」が得られる「最適関連性」を求めて情報を処理します。言葉の表面的な意味と文脈に「ズレ」がある場合、聴者はあえて高い処理労力を支払い、隠された背景を探ることで、初めて発話の真意にたどり着くことができるのです。,なぞかけにおける「オチ」の生成機構は、この「最適関連性の探求」プロセスを巧みに利用した構造を持っています。なぞかけのオチは、一つの単語が持つ「表の文脈（お題A）」と「隠された文脈（お題B）」のギャップを意図的に提示します。聴者はオチを聞いた瞬間、表面的な意味だけでは処理しきれない「ズレ」に直面し、一時的な認知の迷宮（＝処理労力の上昇）に入り込みます。そして、自らの推論によって「ああ、そういう意味でも取れるのか！」という最適関連性を見つけ出した瞬間、巨大な認知的効果とともに迷宮から脱出します。アイロニーがエコー的用法（他者の発話の反響）を用いて毒のある笑いを生むのに対し、なぞかけは「聴者の推論コストを逆手に取り、見返りとして純粋なアハ体験（カタルシス）を与える」という点で、極めて高度な語用論的メカニズムを共有しているのです。,Relevance: Communication and Cognition（『関連性理論：伝達と認知』およびアイロニーの考察）,1986年（アイロニーに関する初期論文は1981年）,Dan Sperber & Deirdre Wilson（ダン・スペルベル、ディアドレ・ウィルソン） / パリ第6大学、ユニヴァーシティ・カレッジ・ロンドン
大分類 I：人文学および芸術（Humanities and Arts）,言語の構造そのものと、そこから生じる意味のズレ、修辞、論理的パラドックス、および文化的変遷を客観的・理論的に解明する領域。,第3章 語用論・会話分析（Pragmatics and Conversation Analysis）,3.9,隣接ペアにおける「フリ」と「オチ」の義務的応答関係,日常会話の構造を解明する会話分析（エスノメソドロジー）において、最も基礎的かつ重要な概念が「隣接ペア（Adjacency pair）」です。エマニュエル・シェグロフとハーヴェイ・サックスは、「挨拶には挨拶」「質問には答え」のように、会話が2人の異なる話者による2つの発話のペアで構造化されていることを定式化しました。第1成分（例：質問）が発話されると、そこに第2成分（例：答え）がなされるべきであるという「条件関連性（Conditional relevance）」が発生します。この法則により、第1成分が発せられた時点で聴者には強い期待と緊張感が生まれ、もし第2成分が遅れたり欠落したりすると、人は会話の規範からの逸脱による強い違和感や居心地の悪さを覚えることが明らかになっています。,なぞかけは一人で演じられる演芸ですが、本質的にはこの「隣接ペア」が持つ条件関連性を利用し、聴者の脳内に「擬似的な対話」を発生させるフォーマットです。「〇〇と掛けまして、××と解く」という宣言（フリ）は、会話分析的に言えば極めて強力な第1成分の提示です。これを聞いた瞬間、聴者の心理には「では、その共通点は何なのか？」という第2成分（オチ）に対する強烈な義務的応答への期待（＝緊張）がセットされます。「その心は」という自問のフレーズは、あえて第2成分を遅延（Delay）させることで、会話の規範的違反すれすれのラインを突き、この緊張感を最高潮に高めるためのポーズ（間）として機能します。そして、見事なオチが投下されることで条件関連性は完璧に満たされ、聴者は会話構造的な制約からの解放（＝カタルシス）を得て、笑いや拍手を引き起こすのです。,Opening up Closings（『会話の開始と終了』における隣接ペアと条件関連性の定式化）,1973年,Emanuel A. Schegloff & Harvey Sacks（エマニュエル・シェグロフ、ハーヴェイ・サックス） / Semiotica掲載
大分類 I：人文学および芸術（Humanities and Arts）,言語の構造そのものと、そこから生じる意味のズレ、修辞、論理的パラドックス、および文化的変遷を客観的・理論的に解明する領域。,第3章 語用論・会話分析（Pragmatics and Conversation Analysis）,3.10,動的更新プロセスにおける「共通基盤」の意図的破壊と再構築,コミュニケーションにおいて、話し手と聞き手が互いに共有していると信じている前提知識や文脈は「共通基盤（Common Ground）」と呼ばれます。この共通基盤は静的なものではなく、発話のやり取りを通じて常に確認・修正・追加される「グラウンディング（Grounding）」という動的更新プロセスの中にあります。Clarkらの基礎理論を応用した語用論的ユーモア研究によれば、本来のグラウンディングは共通基盤を安定させるための協調的プロセスですが、あえて意図的にこの基盤を揺さぶり、相手に一時的な認知のズレ（非理解や不調和）を生じさせたのちに、新たな解釈を与えて急激に修復・再構築することは、ユーモアや知的驚きを生み出す高度な語用論的戦略であることが分かっています。,なぞかけは、まさにこの「共通基盤の意図的破壊と再構築」の芸術です。「Aと掛けまして、Bと解く」という提示は、一見まったく無関係な2つの概念を並置することで、聴者がこれまで維持してきた文脈や共通基盤を一瞬にして破壊します。聴者は「なぜそれが繋がるのか？」という認知的な迷子状態に陥ります。しかし、「その心はC」というオチが提示された瞬間、隠されていた音声的・意味的な繋がりが閃きとして立ち現れ、壊れたはずの共通基盤が全く新しい形で鮮やかに再構築されます。この解釈の落差と、共通基盤が一気に更新されるダイナミズムこそが、なぞかけ特有の快感の源泉なのです。,Grounding in communication（コミュニケーションにおけるグラウンディング）,1991年,"Herbert H. Clark, Susan E. Brennan / Stanford University など（認知語用論における共通基盤の基礎理論）"
大分類 I：人文学および芸術（Humanities and Arts）,言語の構造そのものと、そこから生じる意味のズレ、修辞、論理的パラドックス、および文化的変遷を客観的・理論的に解明する領域。,第3章 語用論・会話分析（Pragmatics and Conversation Analysis）,3.11,発話意図の隠蔽と顕在化のタイムコントロール,人間がどのように発話の意図を推論するかを説明する「関連性理論（Relevance Theory）」では、話し手は意図を伝えるために証拠（発話）を提示し、聞き手は「不当に大きくない認知処理努力で、十分な認知的効果（最適な関連性）を得よう」と無意識に推論するとされます。この理論的枠組みに基づく分析によれば、話し手はすべての情報を最初から明示するのではなく、意図的に情報を隠蔽または遅延させることがあります。これにより聞き手に通常以上の「処理努力（コスト）」を強いることになりますが、最終的な情報開示の瞬間に、それまでの徒労を補って余りあるほどの豊かな「認知的効果（驚きや納得などの報酬）」を一気に与えることで、最適な関連性を成立させる精緻なタイムコントロールが行われていることが分かっています。,なぞかけにおいて、演者は最終的な発話意図（同音異義語を用いた見立ての構造）を、「その心は」の直前まで徹底的に隠蔽します。聴者は「掛けまして」と「解きます」の間に何らかの関連性を見出そうと、通常よりも高い認知処理努力を強いられますが、意図が巧妙に隠されているため自力では推論に到達できません。そして、聴者の処理努力が高まりきった絶妙なタイミングでオチが顕在化されます。意図の隠蔽によって強いられた過剰な認知処理の負荷が、オチの発見による莫大な「認知的効果」によって一気に報われることで、関連性理論におけるコストと報酬のトレードオフ原則に則った爆発的なカタルシスが生まれます。この精密な意図のタイムコントロールが、なぞかけを成立させているのです。,Relevance: Communication and Cognition（関連性理論：伝達と認知）,1986年（初版発行）,"Dan Sperber, Deirdre Wilson / Centre National de la Recherche Scientifique, University College London"
大分類 I：人文学および芸術（Humanities and Arts）,言語の構造そのものと、そこから生じる意味のズレ、修辞、論理的パラドックス、および文化的変遷を客観的・理論的に解明する領域。,第3章 語用論・会話分析（Pragmatics and Conversation Analysis）,3.12,メタ語用論的認識としての「お題を頂戴します」の機能,言葉を用いて「言葉自体の使い方」や「現在行われている対話の枠組み」を定義づける機能を「メタ語用論（Metapragmatics）」と呼びます。社会学者E.ゴフマンの「フレーム分析」などの理論的考察によれば、人間はコミュニケーションにおいて「今ここで行われているのはどのような種類の活動か（真面目な議論か、遊びか等）」という解釈の枠組み（フレーム）を他者と共有します。日常的な直接的情報伝達の枠組みから、言葉遊びや虚構という特殊な前提（プレイ・フレーム）へと参加者の認識を変換する操作は「キーイング（Keying：調律）」と呼ばれ、特定の儀礼的なフレーズなどを標識（マーカー）として用いることで、安全に枠組みを移行できることが分かっています。,舞台上や宴席で発せられる「お題を頂戴します」という決まり文句は、単にテーマを募集しているわけではありません。これは聴者に対して「これより、情報伝達を目的とした日常会話のルールを停止し、意味の多重性を楽しむ言語遊戯のフレームへ移行する」と宣言する、キーイングのための強力なメタ語用論的マーカーとして機能しています。この一言があることで、聴者は「これから発せられる言葉を額面通りに受け取るのではなく、裏の意味や音の響きを探るモードで解釈すべきだ」という認知的チューニングを完了させます。つまり、なぞかけという特殊なコミュニケーション空間は、この儀礼的なメタ発話による確固たるフレーム設定（キーイング）によって初めて安全に成立するのです。,Frame Analysis: An Essay on the Organization of Experience（フレーム分析：経験の組織化についてのエッセイ）,1974年,Erving Goffman / University of Pennsylvania（社会言語学および語用論における「解釈的枠組み」の基礎理論）
大分類 I：人文学および芸術（Humanities and Arts）,言語の構造そのものと、そこから生じる意味のズレ、修辞、論理的パラドックス、および文化的変遷を客観的・理論的に解明する領域。,第3章 語用論・会話分析（Pragmatics and Conversation Analysis）,3.13,情報構造（旧情報と新情報）の逆転による意外性の提示,私たちが会話や文章で情報を伝達する際、文は通常「すでに互いが共有していること（旧情報：Given）」から出発し、「新しく伝えるべきこと（新情報：New）」へと流れていきます。この言語の枠組みを「情報構造」と呼びます。語用論や機能言語学の基礎理論では、この旧情報から新情報への自然な流れが、聞き手のスムーズな認知処理を助けているとされます。しかし、談話においてこの構造を意図的に撹乱したり、最後に提示された「新情報」が、前提となっていたはずの「旧情報」の解釈を根底から覆すような構造を持たせたりすると、聞き手の脳内に強い認知的負荷（インコングルイティ：不一致）が生じます。そして、それが一瞬で解決されたときに強い「意外性」や「笑い」が生まれることが分かっています。,なぞかけは、この情報構造の逆転を極めて洗練された形で提示する言語フォーマットです。「〇〇と掛けて（お題）」と「××と解く（唐突な関連付け）」は、提示された時点では脈絡のない情報ですが、発話された直後に、聞き手の脳内ではオチを導くための「確定した前提（旧情報）」として即座に保持されます。そして最後に「その心は（真の新情報）」が投下されます。通常のコミュニケーションであれば、新情報は旧情報に順接的に「付け加わる」だけですが、なぞかけにおいては、最後に投下された新情報（オチの同音異義語など）が、確定していたはずの〇〇と××（旧情報）の結びつきを全く別の角度から遡及的（後ろ向き）に再解釈させ、一瞬にして意味のネットワークを書き換えてしまいます。この「新情報が旧情報の前提をハッキングし、意味を改変する」という情報構造の鮮やかな逆転劇こそが、なぞかけのもたらす知的興奮の正体なのです。,Notes on Transitivity and Theme in English（英語における他動性と主題に関するノート：情報構造・旧情報/新情報理論の基礎）,1967年,M.A.K. Halliday（マイケル・ハリデー） / University College Londonなど（Journal of Linguistics掲載）
大分類 I：人文学および芸術（Humanities and Arts）,言語の構造そのものと、そこから生じる意味のズレ、修辞、論理的パラドックス、および文化的変遷を客観的・理論的に解明する領域。,第3章 語用論・会話分析（Pragmatics and Conversation Analysis）,3.14,ユーモア・サポートとしての「笑い声」「相槌」の会話分析的機能,会話分析（CA）の分野において、「笑い」や「相槌」は単なる生理的反応や受動的な態度ではなく、参加者同士が高度に連携して生み出す「相互行為（インタラクション）」であると位置づけられています。日常会話を緻密に分析した研究により、話し手は発話の末尾に小さな笑いを添えることで「ここは笑う場面ですよ」という招待（Invitation）を行い、聞き手は笑いや相槌を重ねることでそれを受諾（Acceptance）していることが明らかになりました。さらに後の研究では、共感を示す相槌や発話の反復、重なり合う笑い声などが「ユーモア・サポート」として機能し、その場が安全な「遊びのフレーム（非真面目な文脈）」であることを社会的に構築・承認する決定的な役割を担っていると指摘されています。,なぞかけのパフォーマンスは、演者の発話単体で完結するものではなく、この「ユーモア・サポート」の連鎖があって初めて笑いとして成立します。演者が「整いました！」と宣言した際、周囲からの「おっ、なんでしょう！」という期待に満ちた相槌があるからこそ、その場に非日常的な遊びのフレームが設定されます。そしてオチが披露された瞬間、観客や共演者が一斉に声を上げて笑う（受諾する）行為は、単に謎が解けた面白さの表現にとどまりません。それは「あなたの高度な言語的遊戯を私たちは正しく理解し、見事に成功したと承認しましたよ」という、強烈な社会的連帯のサインとして機能します。なぞかけとは、演者と聴者が相槌と笑い声を交わし合いながら共に作り上げる、高度な共同作業なのです。,A technique for inviting laughter and its subsequent acceptance/declination（笑いの招待とそれに続く受諾/拒絶の技法）、および The pragmatics of humor support（ユーモア・サポートの語用論）,1979年（Jefferson）、2001年（Hay）,"Gail Jefferson / University of California, Irvine（Everyday language掲載）、Jennifer Hay / University of Canterbury（Humor掲載）"
大分類 I：人文学および芸術（Humanities and Arts）,言語の構造そのものと、そこから生じる意味のズレ、修辞、論理的パラドックス、および文化的変遷を客観的・理論的に解明する領域。,第3章 語用論・会話分析（Pragmatics and Conversation Analysis）,3.15,発話の修復（Repair）メカニズムを逆利用した「言い直し」の笑い,自然な会話において、私たちは言い間違いや言葉の詰まりを頻繁に起こしますが、会話は容易には破綻しません。これは、参加者が直ちに発話を修正する「修復（Repair）」というメカニズムを共有しているためです。会話分析の基礎研究では、他者から間違いを指摘される（他者修復）よりも、話し手自身が「あ、いや」「というか」と自ら訂正する「自己修復（Self-repair）」が強く優先される（選好される）という構造が明らかになっています。本来、このメカニズムはコミュニケーションの相互理解を維持するための防衛システムですが、熟練した話し手は、この「修復」を意図的・戦略的に引き起こすことで、発話に皮肉やユーモア、あるいは計算されたメタメッセージを忍び込ませることが分かっています。,なぞかけや演芸の文脈において、この「修復（言い直し）」メカニズムは、笑いを増幅させる強力なスパイスとして逆利用されます。例えば、なぞかけを披露する過程で、演者がわざと「〇〇と掛けて……あ、間違えた」と偽のトラブルを発生させて自己修復を入れたり、オチを言った直後に「いや、こういう意味じゃなくてね」と別視点の修復（解説）を加えたりすることがあります。聴者は「修復＝正しい情報への軌道修正である」という語用論的ルールを無意識に信じ切っているため、自己修復の体裁をとりながら突然非常識な言葉や、さらに高度な掛詞が飛び出してくると、予測の裏を激しくかかれて強い笑いが引き起こされます。会話の安全装置であるはずの「言い直し」をハッキングし、笑いの起爆剤に変える（擬似的な自己修復）、きわめて高度な語用論的トリックだと言えます。,The Preference for Self-Correction in the Organization of Repair in Conversation（会話の修復組織における自己訂正の選好）,1977年,"Emanuel A. Schegloff, Gail Jefferson, Harvey Sacks / UCLA, UC Irvineなど（Language掲載）"
大分類 I：人文学および芸術（Humanities and Arts）,言語の構造そのものと、そこから生じる意味のズレ、修辞、論理的パラドックス、および文化的変遷を客観的・理論的に解明する領域。,第3章 語用論・会話分析（Pragmatics and Conversation Analysis）,3.16,状況的文脈（Situation）に依存した即興なぞかけの語用論的制約,コミュニケーションにおいて、発話の意味がどのように決定されるかを考察した「関連性理論（Relevance Theory）」という重要な枠組みがあります。この理論によると、人間の認知システムは「最大の認知効果を、最小の処理労力で得る」ように最適化されています。つまり、その場の状況や共有知識（相互に顕在的な認知的環境）に依存すればするほど、聞き手は推論のための背景知識を検索する無駄を省き、瞬時に発話の意図を理解できることが分かっています。逆を言えば、状況的文脈から逸脱した突飛な発話は、無用な処理労力ばかりがかかり、コミュニケーションの失敗を招くという語用論的な制約が存在するのです。,客席からお題をもらう「即興なぞかけ」は、まさにこの関連性理論における「状況的文脈への依存」を極限まで高めたエンターテインメントです。演者は、あらかじめ用意された普遍的なネタではなく、たった今観客と共有されたばかりの「今、ここ」の文脈（お題）をフックにします。提示された直後のお題は、観客の脳内で関連する概念がすでに強く活性化（アクセス可能性が上昇）しているため、「意味を理解するための処理労力」を大幅に引き下げます。その結果、一見無関係な対象同士を結びつけるという高度な謎解きであっても、最小の労力で観客を鮮やかなオチへと到達させ、最大の「認知効果（驚きや知的快感）」を突発的に生み出すことが可能となるのです。即興という状況的制約は、実は観客の推論コストを最適化し、確実な笑いを保証する極めて合理的な語用論的戦略として機能しています。,Relevance: Communication and Cognition（関連性理論）,1986年,"Dan Sperber, Deirdre Wilson / Centre National de la Recherche Scientifique (CNRS), University College London"
大分類 I：人文学および芸術（Humanities and Arts）,言語の構造そのものと、そこから生じる意味のズレ、修辞、論理的パラドックス、および文化的変遷を客観的・理論的に解明する領域。,第3章 語用論・会話分析（Pragmatics and Conversation Analysis）,3.17,コミュニケーションにおける曖昧性（Ambiguity）の戦略的利用,会話がなぜ円滑に成立するのかを分析した語用論の基礎理論に、「協調の原理（Cooperative Principle）」というものがあります。通常、私たちは「曖昧な表現を避けよ（様式の格率）」などの暗黙のルールに従って会話をしています。しかし、話し手が意図的かつ明白にこのルールに「公然と違反（flouting）」した場合でも、聞き手は「相手は依然として協調の原理を守り、何か意図があって発言しているはずだ」と信じ、言葉の裏に隠された別の意味（会話の推意：implicature）を探り当てようと推論を働かせます。つまり、コミュニケーションにおける曖昧性は単なる伝達ミスではなく、新たな意味の探索を聞き手自身に強制する、高度に戦略的なツールになり得ることが明らかにされています。,なぞかけは、「曖昧性を避ける」という日常会話のルールを公然と破棄することで成立する知的遊戯です。「その心は」に続くオチの部分には、意図的に複数の意味を持ち得る同音異義語や多義語といった曖昧な言葉が配置されます。観客は、演者が仕掛けたこの「様式の格率への公然たる違反（戦略的な曖昧性）」に直面したとき、語用論的な推論をフル回転させます。「全く無関係に見える２つの言葉が、なぜ同じオチで説明できるのか？」という謎を、「演者は無意味な言葉を発しているのではなく、必ず合理的な結びつき（正解）が存在するはずだ」という強固な前提（協調の原理）に基づき解き明かし、「推意」を導き出した瞬間、観客は能動的に意味を発見したという強いカタルシスと知的快感を得るのです。,Logic and Conversation（論理と会話） / 会話の協調の原理と推意,1975年,"Paul Grice / University of California, Berkeley"
大分類 I：人文学および芸術（Humanities and Arts）,言語の構造そのものと、そこから生じる意味のズレ、修辞、論理的パラドックス、および文化的変遷を客観的・理論的に解明する領域。,第3章 語用論・会話分析（Pragmatics and Conversation Analysis）,3.18,非推論的解釈（直感）と推論的解釈（論理）の語用論的ギャップ,人間が言葉の意味を理解する過程において、直感的な解釈と論理的な解釈の間にどのような違いがあるかを考察した認知語用論の研究があります。この研究では、語彙の無意識的な意味補完や曖昧性の解消といった「一次的語用論プロセス」は、非推論的（直感的）かつ瞬時に行われるとされています。一方で、言葉の裏にある意図を汲み取るような「二次的語用論プロセス」は、一次的な直感的解釈が文脈と衝突した際に引き起こされ、意識的かつ論理的な「推論」を必要とします。この2つの認知プロセスの間には時間的・労力的なギャップが存在し、人間はこのギャップを乗り越え解釈を修正することで、より高度で豊かな意味理解に到達することが示されています。,なぞかけの「その心は」を聞いた直後、観客の脳内ではまさにこの「語用論的ギャップ」が引き起こされています。最初は一次的プロセスによって、オチの言葉を「掛ける」または「解く」のお題のいずれか一方に最もアクセスしやすい字義通りの意味で、無意識に処理しようとします。しかし即座に、もう一方の文脈との間に生じる明白な意味のズレ（文脈的衝突）に直面し、直感的な意味の構築が一度破綻してストップします。そこからコンマ数秒の間に二次的プロセス（論理的推論）が起動し、言葉に隠されたもう一つの意味を見つけ出して「なるほど、両方の文脈を満たす多義語だったのか！」と論理的な再解釈が完了します。直感的な解釈の挫折から意識的な推論による解決へ至る、この僅かなギャップと認知的飛躍こそが、なぞかけ特有の「アハ体験」を生み出す最大の源泉なのです。,Literal Meaning（字義通りの意味） / 一次的・二次的語用論プロセスの理論,2004年,"Fran?ois Recanati / Institut Jean-Nicod (CNRS, EHESS, ENS)"
大分類 I：人文学および芸術（Humanities and Arts）,言語の構造そのものと、そこから生じる意味のズレ、修辞、論理的パラドックス、および文化的変遷を客観的・理論的に解明する領域。,第3章 語用論・会話分析（Pragmatics and Conversation Analysis）,3.19,ジョークの「滑り」がもたらす会話のブレイクダウンと修復方略,会話のなかでユーモアやジョークが意図通りに機能せず「滑る（失敗する）」現象について、語用論や会話分析の観点から研究が行われています。ユーモアの失敗は、単なる情報の伝達ミスにとどまらず、参加者間の「社会的顔（フェイス）」を脅かし、相互行為（インタラクション）のブレイクダウン（気まずい沈黙や混乱）を引き起こします。これに対し、話し手と聞き手は会話の流れを正常化させるために「修復（リペア）」という方略を用います。例えば、話し手が自らジョークの意図を弁明・自虐する（自己開始修復）、あるいは聞き手が愛想笑いでごまかしたり、意図的に別の話題へ転換したりする（他者開始修復）など、参加者同士が協調的な行動をとることで、気まずさを乗り越え、人間関係のバランスを維持しようとすることが分かっています。,なぞかけの場において、「その心は」と演者が巧妙だと意図したオチを提示したにもかかわらず、観客が意味のつながりに気付けず「滑る」瞬間があります。このとき、演者と観客の間には強烈な会話のブレイクダウンが生じます。興味深いことに、なぞかけを演じる達人たちは、この失敗すらもメタ的なコミュニケーションに組み込みます。「少し難しすぎましたね」「今日は会場の温度が低いようです」といった自虐的な発言（自己開始修復）を即座に差し込むことで、破綻した場をメタ的な笑い（スベり笑い）へと変換し、再構築します。つまり、なぞかけが滑った際に繰り出される「修復方略」の巧みさ自体が、演者の語用論的スキルの高さを証明する、もう一つの知的なパフォーマンスの舞台として機能しているのです。,We Are Not Amused: Failed Humor in Interaction（ユーモアの失敗に関する相互行為分析）,2015年,"Nancy D. Bell / Washington State University （※基礎理論としてH. Sacks, E. A. Schegloffらによる会話の「修復（Repair）」の組織化理論、およびE. Goffmanの「フェイス」理論に基づく）"
大分類 I：人文学および芸術（Humanities and Arts）,言語の構造そのものと、そこから生じる意味のズレ、修辞、論理的パラドックス、および文化的変遷を客観的・理論的に解明する領域。,第3章 語用論・会話分析（Pragmatics and Conversation Analysis）,3.20,メタ・メッセージ（「これは遊びである」）のシグナリング,コミュニケーションにおいて、発話そのものの意味とは別に「この行動をどう解釈すべきか」という一段高い次元の枠組みを示す情報を「メタ・メッセージ」と呼びます。精神医学・文化人類学の分野における基礎研究では、動物の甘噛み（プレイ・ファイト）などの行動観察を通じて、「これは攻撃ではなく遊びである（This is play）」というシグナルが、相互の誤解を防ぐために不可欠であることが提唱されました。人間の会話においても、「これから冗談を言うよ」「これは例え話だよ」というフレーム（枠組み）を事前に提示・合意することで、日常的な会話のルール（情報の正確性や関連性など）を一時的に停止し、フィクションや言葉遊びの世界を安全に共有できることが分かっています。,「〇〇と掛けまして、××と解く」というなぞかけ特有の定型句は、まさに語用論における強力な「メタ・メッセージ」のシグナリングとして機能しています。このフレーズが発声された瞬間、聴者は「これから表面上は全く無関係な二つの言葉が提示されるが、それは狂気や無意味な発言ではなく、知的な『遊び』である」という特殊なルールを即座に理解します。もしこの事前合意（シグナル）がないまま唐突に謎が提示されれば、聴者は日常会話の暗黙のルール（P. グライスが提唱した「協調の原理」や「関連性の格率」など）に縛られ、「なぜ急に脈絡のない話をしたのか」と混乱するでしょう。なぞかけの洗練された定型句は、日常の論理的文脈を切り離し、聴者の認識を一時的な「知的な遊びの空間（プレイ・フレーム）」へと移行（キーイング）させるための、不可欠な合言葉なのです。,A Theory of Play and Fantasy（遊びと空想の理論）,1955年,Gregory Bateson （※のちに社会学者Erving Goffmanが提唱する「フレーム分析」の基礎となったメタ・コミュニケーション理論）
大分類 I：人文学および芸術（Humanities and Arts）,言語の構造そのものと、そこから生じる意味のズレ、修辞、論理的パラドックス、および文化的変遷を客観的・理論的に解明する領域。,第4章 修辞学・記号論（Rhetoric and Semiotics）,4.1,シニフィアンの遊戯性とシニフィエの多層的結合,ソシュールの構造言語学を出発点とし、ロラン・バルトらのポスト構造主義によって展開された記号論的考察によれば、言葉の「音のイメージ（シニフィアン）」と「意味・概念（シニフィエ）」は、常に1対1で固定されているわけではありません。テクストの中では、一つのシニフィアンが固定された単一の意味から解放され、複数のシニフィエと結びつく「シニフィアンの遊戯（戯れ）」が発生します。この分析により、文学や言語表現の豊かさは、単一の正しい意味を一義的に伝達することにあるのではなく、読者の内部で複数の意味が多層的に結合し、新たな解釈や快楽（テクストの快楽）を生み出すプロセスそのものにあることが分かりました。,なぞかけは、まさにこの「シニフィアンの遊戯性」を極限まで洗練させた大衆芸能です。「その心は」に続くオチ（解き）の言葉は、単一の音声（シニフィアン）でありながら、前半の「お題」と中盤の「掛けたもの」という全く異なる2つの概念（シニフィエ）を同時に呼び起こします。なぞかけの美しさは、シニフィアンが持つ多義性を意図的に操り、聴者の脳内で本来交わるはずのない2つのシニフィエを多層的に結合させる点にあります。私たちはなぞかけを聞るとき、記号が固定された意味から解き放たれる知的な「戯れ」の快感を味わっているのです。,『S/Z』（シニフィアンの戯れと複数性のテクスト理論）および基礎理論としての「記号の恣意性」,1970年（バルト『S/Z』）、1916年（ソシュール『一般言語学講義』）,ロラン・バルト（Roland Barthes） / エコール・デ・オート・エチュード（高等研究実習院）など（基礎理論提唱者：フェルディナン・ド・ソシュール）
大分類 I：人文学および芸術（Humanities and Arts）,言語の構造そのものと、そこから生じる意味のズレ、修辞、論理的パラドックス、および文化的変遷を客観的・理論的に解明する領域。,第4章 修辞学・記号論（Rhetoric and Semiotics）,4.2,パースの記号論におけるインデックス（指標）の文脈依存性,アメリカの言語学者ジル・フォコニエとマーク・ターナーが提唱した「概念ブレンド理論（Conceptual Blending Theory）」によれば、人間の創造的な思考や言語理解は、複数の異なる「メンタルスペース（心的空間）」から要素を選択的に取り出し、それらを結びつけて新たな「ブレンド空間」を構築することで行われます。この理論的分析により、一見すると全く無関係な事象であっても、共通の構造や接点（クロス・スペース・マッピング）を見出すことで、人間の脳は高度な推論やユーモア、創造的飛躍を瞬時に創発できることが実証されています。,なぞかけは、この「概念ブレンド」のメカニズムを意図的に操作する言語芸術に他なりません。「〇〇と掛けて、××と解く」という前半部分は、聴者に対して全く関連性のない2つの独立したメンタルスペース（「お題」の文脈と「掛けたもの」の文脈）を強制的に構築させます。そして最後のオチは、双方のスペースを繋ぐ「共通の接点（共有要素）」として機能します。聴者は、オチの言葉（同音異義など）をトリガーとして、本来交わるはずのない2つの文脈が脳内で瞬時に融合（ブレンド）されるダイナミックな認知プロセスを体験し、そのアハ体験（知的なひらめき）の心地よさに笑いや知的興奮を見出しているのです。,概念ブレンド理論（Conceptual Blending Theory）およびメンタルスペース理論,1998年（論文『Conceptual Integration Networks』）、2002年（書籍『The Way We Think』）,ジル・フォコニエ（Gilles Fauconnier）、マーク・ターナー（Mark Turner） / カリフォルニア大学サンディエゴ校、メリーランド大学など
大分類 I：人文学および芸術（Humanities and Arts）,言語の構造そのものと、そこから生じる意味のズレ、修辞、論理的パラドックス、および文化的変遷を客観的・理論的に解明する領域。,第4章 修辞学・記号論（Rhetoric and Semiotics）,4.3,パン（地口）の修辞学的な分類と美的評価基準,言葉遊び（パン：pun）や地口は、古代の修辞学から現代のユーモア研究に至るまで広く分析されてきました。言語学的ユーモア研究の金字塔である「意味的スクリプト理論（SSTH）」や「ユーモアの一般言語学理論（GTVH）」による考察では、言葉遊びの面白さは「意味的スクリプト（文脈的枠組み）の対立と解決」によって生じることが分かっています。特に美的評価の基準として、対立する2つのスクリプト（意味領域）の距離が遠ければ遠いほど、そしてそれらを結びつける論理的メカニズム（同音異義による解決）が自然で完璧であればあるほど、修辞学的な評価が高くなり、人々に深い驚きと笑いを与えることが示されています。,なぞかけは、まさにこの「意味的距離と音声的合致」という修辞学的な美的評価基準を、究極まで様式化したフォーマットです。優れたなぞかけとされるものは、「お題」と「掛けたもの」の意味的距離が絶望的なほど離れています（スクリプトの対立）。しかし、最後のオチ（パン/地口）が、一言一句違わぬ完璧な同音異義の構造をもって、その巨大な意味的隙間を論理的に縫い合わせます（スクリプトの解決）。私たちが名作のなぞかけに感嘆の声を漏らすとき、それは単なるおふざけに対してではなく、修辞学的に最も難易度が高く、かつ完璧な美的基準を満たした言語的芸術作品に対して拍手を送っているのです。,ユーモアの一般言語学理論（General Theory of Verbal Humor: GTVH）および意味的スクリプト理論（SSTH）,1991年（GTVHの提唱）、1985年（SSTHの提唱）,サルヴァトーレ・アッタルド（Salvatore Attardo）、ヴィクター・ラスキン（Victor Raskin） / パデュー大学など
大分類 I：人文学および芸術（Humanities and Arts）,言語の構造そのものと、そこから生じる意味のズレ、修辞、論理的パラドックス、および文化的変遷を客観的・理論的に解明する領域。,第4章 修辞学・記号論（Rhetoric and Semiotics）,4.4,撞着語法（オキシモロン）による論理的矛盾とユーモアの融合,「無音の絶叫」や「公然の秘密」のように、互いに矛盾・対立する意味を持つ単語を意図的に結びつける修辞技法「撞着語法（オキシモロン）」について、認知詩学の観点から考察した研究があります。一見すると論理的に破綻しているこの修辞が、なぜ人間に理解され、かつ詩的な美しさやユーモアを感じさせるのか。分析の結果、読者の脳内では相反する概念がぶつかり合うことで一時的な認知的不協和（バグ）が生じるものの、その直後に両者を包摂する上位の概念や比喩的な意味を見出すことで矛盾が解消される「意味の妥協と再構築」が起きていることが分かりました。ここに知的な快感やユーモアが立ち現れるのです。,なぞかけのお題作りは、このオキシモロンを読み解く際の「認知的不協和とその解消プロセス」を見事に応用したものです。「〇〇と掛けまして、××と解く」において、優れたなぞかけほど〇〇と××は極端にかけ離れ、本来結びつくはずのない（矛盾にも似た）異質な二物が選ばれます。聴者は一瞬、オキシモロンと同様の強い認知的不協和に陥ります。しかし、「その心は」で提示される見事な共通項（掛詞など）によって、乖離していた二つの概念が強固な一本の線で繋がれます。なぞかけの笑いや感嘆は、無関係な二物が脳内で鮮やかに融和し、意味が拡張される瞬間に生じる知的快感そのものだと言えます。,On the structure and understanding of poetic oxymoron（詩的オキシモロンの構造と理解）,1987年,Yeshayahu Shen（イェシャヤフ・シェン） / テルアビブ大学（学術誌『Poetics Today』掲載）
大分類 I：人文学および芸術（Humanities and Arts）,言語の構造そのものと、そこから生じる意味のズレ、修辞、論理的パラドックス、および文化的変遷を客観的・理論的に解明する領域。,第4章 修辞学・記号論（Rhetoric and Semiotics）,4.5,ウンベルト・エーコの「開かれた作品」に基づく解釈の多義性,イタリアの記号学者ウンベルト・エーコは、芸術作品における意味の生成プロセスを分析し、「開かれた作品（Opera Aperta）」という記念碑的な理論を提唱しました。エーコは、現代の優れたテクストや芸術作品は、作者によって単一の意味が固定された「閉じられた」ものではなく、あえて構造的な空白や曖昧さを残すことで、読者（鑑賞者）の能動的な解釈を誘発すると論じました。つまり、受け手が自らの知識や経験を総動員して多義的な意味のネットワークを埋めることで、初めて作品は完成を見ます。記号の解釈権を作者から読者へと解放したこの理論は、受け手の参加が意味生成に不可欠であることを証明しました。,エーコの定義に厳密に従えば、最終的に単一の正解（オチ）へ収束するなぞかけは「閉じられた」テクストです。しかし、お題が提示されてから「その心は」が明かされるまでの数秒間、なぞかけは意図的に未完成の状態に置かれ、一時的に極めて「開かれた作品」として機能します。この空白の時間に、聴者は自らの語彙力や連想力を駆使して「どのような同音異義語が来るのか」「どう繋げるのか」と能動的に解釈を試みます。そして、オチが提示された瞬間、聴者の予測と演者の解答がすり合わされ、言葉の多義性（ダブルミーニング）が脳内で同時処理されながらテクストは鮮やかに「閉じられ」ます。なぞかけが芸術的な満足感を与えるのは、無限の解釈を許容する「開かれた」状態から、鮮やかなオチによって一気に「閉じられる」という、ダイナミックな共作プロセスに聴者を巻き込んでいるからに他なりません。,Opera Aperta（『開かれた作品』）,1962年,Umberto Eco（ウンベルト・エーコ） / ボローニャ大学など
大分類 I：人文学および芸術（Humanities and Arts）,言語の構造そのものと、そこから生じる意味のズレ、修辞、論理的パラドックス、および文化的変遷を客観的・理論的に解明する領域。,第4章 修辞学・記号論（Rhetoric and Semiotics）,4.6,記号の「恣意性」に対する言葉遊びによる事後的な動機づけ,近代言語学の祖フェルディナン・ド・ソシュールは、言葉の音（シニフィアン）と意味（シニフィエ）の間には必然的な結びつきがないとする「記号の恣意性」を確立しました。「イヌ」という音が犬を意味する物理的・論理的理由は存在しません。しかし、後の記号論や文学理論の考察により、人間は詩やダジャレ（Pun）、言葉遊びにおいて、この恣意性に抗おうとすることが指摘されています。全く異なる意味を持つ言葉同士を「音が同じだから」という理由で強引に結びつけることで、まるでその音響構造（シニフィアン）が初めからその二つの意味（シニフィエ）を必然的に宿す運命にあったかのような錯覚を生み出します。これを記号の「事後的な動機づけ（retroactive motivation）」と呼びます。,なぞかけのメカニズムを記号論的に解剖すれば、それは「記号の恣意性」に対する華麗なる反逆行為です。「その心は」に続く鮮やかな同音異義語（掛詞）が披露された瞬間、私たちは「日本語のこの音の響きは、はじめからこの二つの事象を結びつけるために存在していたのではないか」という錯覚に陥ります。本来は何の因果関係もない言葉の音が、演者の巧妙な文脈設定によって、必然的で絶対的な意味の繋がりを持っているかのように事後的に動機づけられるのです。なぞかけを解いたときのあの「なるほど！」というカタルシスは、無機質な言語のルール（恣意性）を言葉遊びの魔力で打ち破り、音と意味の間に運命的な必然性を仮構築する、言語の魔法によるものなのです。,Cours de linguistique g?n?rale（『一般言語学講義』）における「記号の恣意性」、および Jonathan Culler（編）による言葉遊びの記号論的考察（『On Puns: The Foundation of Letters』など）,1916年（ソシュール）、1988年（カラー編）,Ferdinand de Saussure（フェルディナン・ド・ソシュール） / ジュネーヴ大学、 Jonathan Culler（ジョナサン・カラー） / コーネル大学
大分類 I：人文学および芸術（Humanities and Arts）,言語の構造そのものと、そこから生じる意味のズレ、修辞、論理的パラドックス、および文化的変遷を客観的・理論的に解明する領域。,第4章 修辞学・記号論（Rhetoric and Semiotics）,4.7,テクスト間相互関連性（インターテクストチュアリティ）の利用,フランス（ブルガリア出身）の思想家ジュリア・クリステヴァは、ロシアの批評家ミハイル・バフチンの理論を発展させ、「いかなるテクストも、過去のテクストのモザイクとして構築されている」とする「インターテクストチュアリティ（テクスト間相互関連性）」を提唱しました。この理論によれば、言葉や文章はそれ単体で孤立して意味を持つのではなく、常に他の文学作品、社会的な言説、あるいは日常的な慣用句など、既存のテクストとの関係性（引用、反復、変形）の網の目の中で意味を生成します。すなわち、発信者のメッセージは、受け手が持つ「文化的記憶のアーカイブ」と照合されることではじめて、多層的な意味の広がりを獲得することが明らかになったのです。,なぞかけは、まさにこのインターテクストチュアリティを極限まで圧縮した言語ゲームと言えます。「その心は」以降に提示されるオチ（解き明かしの理由）は、多くの場合、誰もが知っていることわざ、流行語、あるいは歴史的な出来事といった「共有された既存のテクスト」に強く依存しています。聴者は、オチを聞いた瞬間、自分の中にある知識のアーカイブに瞬時にアクセスします。そこでは単語の表面的な意味が理解されるだけでなく、一つのオチ（掛詞）を接点として、「お題」と「解き明かし」の背後にある全く異なる二つの文脈（テクスト）が交差し、見事に縫い合わされます。つまり、なぞかけの面白さは、「あなたの頭の中にあるあのテクストと、このテクストが繋がりましたね」という、演者と聴者の間における文化的コンテクストの高度な共有によって成立しているのです。,"『Word, Dialogue and Novel（言葉、対話、そして小説）』における「インターテクストチュアリティ」の提唱",1966年執筆（1969年『S?m?iotik?』所収等）,Julia Kristeva（ジュリア・クリステヴァ）
大分類 I：人文学および芸術（Humanities and Arts）,言語の構造そのものと、そこから生じる意味のズレ、修辞、論理的パラドックス、および文化的変遷を客観的・理論的に解明する領域。,第4章 修辞学・記号論（Rhetoric and Semiotics）,4.8,アブダクション（仮説推論）のプロセスとしての論理的飛躍,アメリカの哲学者チャールズ・サンダース・パースは、演繹法や帰納法とは異なる第三の推論プロセスとして「アブダクション（仮説推論）」を提唱しました。これは「ある驚くべき事実Cが観察された。もし仮説Aが真であれば、事実Cは当然の事象になる。ゆえに、Aが真であると考える理由がある」という推論の枠組みです。アブダクションは、既存のデータから論理的飛躍を伴って「新たな仮説」を見つけ出すプロセスであり、科学的発見にとどまらず、人間の日常的な認知や直観、創造的なひらめき（アハ体験）の源泉として機能していることが示されています。,なぞかけにおける「〇〇と掛けまして、××と解く」という出題部分は、聴者にとってまさに「驚くべき事実C」の提示に他なりません。一見すると全く無関係な二つの事象が並べられることで、聴者の脳内には「なぜこれが結びつくのか？」という強い認知的空白（論理的飛躍）が生まれます。そして、「その心は」に続く仮説A（オチの掛詞やダブルミーニング）が提示された瞬間、聴者の脳内でアブダクションが発動します。「なるほど、このオチ（仮説A）を媒介とすれば、一見無関係だったお題と解き明かしの並置（事実C）が両立し、当然のこととして論理的に説明できる」と事後的に合理化し、深い納得を得るのです。なぞかけは、聴者に意図的な論理的飛躍を与え、それを聴者自身の推論力（アブダクション）で解決させることによって極上のカタルシスを生み出す装置だと言えます。,アブダクション（Abduction）の推論モデル / 『Collected Papers of Charles Sanders Peirce』（チャールズ・サンダース・パース著作集）などに所収,1903年（ハーバード大学での「プラグマティズムに関する連続講義」等で本格展開）,Charles Sanders Peirce（チャールズ・サンダース・パース）
大分類 I：人文学および芸術（Humanities and Arts）,言語の構造そのものと、そこから生じる意味のズレ、修辞、論理的パラドックス、および文化的変遷を客観的・理論的に解明する領域。,第4章 修辞学・記号論（Rhetoric and Semiotics）,4.9,誇張法（ハイパーボリ）によるスケールの飛躍と滑稽さ,日常のコミュニケーションにおいて「誇張法（ハイパーボリ）」や極端な事例の構築がどのような語用論的機能を持つかを分析した研究があります。誇張法は事実の単なる歪曲や虚偽ではなく、意図的にスケールを極端に拡大・縮小させることで、語り手のスタンスを強調し、状況に対する評価を際立たせる修辞技法です。研究によれば、聴者はそれが文字通りの真実ではないことを瞬時に理解し（不一致の認知）、その極端なスケールの飛躍を「話者の意図したアイロニーやユーモア」として処理します。この現実のスケールとの意図的なズレが、親密な共感や滑稽さを生み出すトリガーになることが明らかになっています。,なぞかけにおいて、お題と解き明かしの間で意図的にスケールの落差を作る手法は、この誇張法の優れた応用です。たとえば、日常の些細な「お題」に対して、宇宙規模の事象や歴史上の大事件などを「掛ける（解き明かす）」場合があります。聴者は最初、この巨大なスケールの飛躍に対して「大げさすぎる」という不一致（緊張）を感じます。しかし、同音異義語などを用いた「オチ」によって、その巨大な事象が一気に日常的で卑近な意味へと急降下し、収束（緩和）します。この「極端なスケールの飛躍」から「卑近なオチによる不一致の事後的解消」への急激な落差が、誇張法特有のユーモアのメカニズム（緊張と緩和）を最大限に機能させ、爆発的な笑いを引き起こすのです。,"Hyperbole, extreme case formulation（誇張法、極端な事例の構築）",2004年,Neal R. Norrick / Saarland University（『Journal of Pragmatics』掲載）
大分類 I：人文学および芸術（Humanities and Arts）,言語の構造そのものと、そこから生じる意味のズレ、修辞、論理的パラドックス、および文化的変遷を客観的・理論的に解明する領域。,第4章 修辞学・記号論（Rhetoric and Semiotics）,4.10,メタ記号（記号についての記号）としての自己言及性,ロシア出身の言語学者ロマン・ヤコブソンは、言語によるコミュニケーションには6つの基本的な機能があるという理論を提唱しました。その中で特に記号論において重要なのが「メタ言語的機能（Metalingual function）」です。これは「言葉を用いて、言葉そのものや記号の体系について言及する」という機能です。例えば、「『犬』という言葉は名詞ですか？」と尋ねる時、人は現実の犬ではなく「犬という記号」自体について語っています。この考察により、人間の言語は単に外の世界の事実を伝達するだけでなく、言語体系そのものを対象化し、点検・遊戯する高度な自己言及性を備えていることが体系化されました。,なぞかけは、日常言語の伝達機能を意図的に停止させ、この「メタ言語的機能」を全開にした高度な記号遊戯です。「〇〇と掛けまして、××と解く。その心は……」という定型句は、まさに「これから私は、現実世界の話ではなく、記号（言葉）の構造についての話をしますよ」というメタレベルへの移行宣言に他なりません。聴者は「その心は」の後に続く言葉を聞いて、現実の事象ではなく「日本語の同音異義語の体系」へ意識を向けます。なぞかけの面白さとは、言葉を使って言葉自体の不思議さや構造の妙を暴き出す、自己言及的な知的快楽そのものなのです。,Linguistics and Poetics（言語学と詩学）における「言語の6機能」,1960年,Roman Jakobson（ロマン・ヤコブソン / ハーバード大学・マサチューセッツ工科大学など）
大分類 I：人文学および芸術（Humanities and Arts）,言語の構造そのものと、そこから生じる意味のズレ、修辞、論理的パラドックス、および文化的変遷を客観的・理論的に解明する領域。,第4章 修辞学・記号論（Rhetoric and Semiotics）,4.11,ゼウグマ（くびき語法）における複数意味の同時活性化,修辞学において、一つの単語が異なる意味を持つ複数の語を同時に支配する技法を「ゼウグマ（くびき語法）」と呼びます（例：「彼はネクタイと気を引き締めた」）。この複数意味の処理に関して、心理言語学者のデビッド・スウィニーは画期的な実験を行いました。多義語（複数の意味を持つ言葉）を人が聞いた際、脳内でどのような処理が行われるかを調べた結果、文脈上明らかに関係のない意味であっても、無意識下の初期段階では「全ての意味が一瞬だけ同時に活性化（アクセス）される」ことが分かったのです。その後、脳は文脈に合わせて瞬時に不要な意味を切り捨てますが、言葉を受容する瞬間、人間の脳内では豊かな意味のネットワークが並行して立ち上がっていることが証明されました。,なぞかけのオチ（解き明かし）は、究極の「ゼウグマ（くびき語法）」的状況を人工的に作り出す装置です。通常のコミュニケーションでは、スウィニーの実験が示すように、脳は文脈に合わない意味を瞬時に切り捨てます。しかしなぞかけでは、オチとなる一つの音声（多義語）が、「お題（A）」と「掛けるもの（B）」という全く異なる二つの文脈を同時に支配します。聴者は、脳内で一瞬だけ同時活性化した複数の意味を切り捨てることなく、両方の意味ネットワークを同時に保持し、重ね合わせることを要求されます。この「脳が通常なら捨てるはずの回路を両方ともオンにし続ける」という非日常的な認知負荷と、それがピタリと一致した時の解決感が、強烈なカタルシスを生み出すのです。,Lexical Access during Sentence Comprehension: (Re)Consideration of Context Effects（文理解における語彙アクセス：文脈効果の再考）,1979年,David Swinney（デビッド・スウィニー / タフツ大学）
大分類 I：人文学および芸術（Humanities and Arts）,言語の構造そのものと、そこから生じる意味のズレ、修辞、論理的パラドックス、および文化的変遷を客観的・理論的に解明する領域。,第4章 修辞学・記号論（Rhetoric and Semiotics）,4.12,文化的コードの共有を前提とした暗号化と復号プロセス,文化研究（カルチュラル・スタディーズ）の巨匠スチュアート・ホールは、メディアのメッセージがどのように伝達されるかを説明する「エンコーディング／デコーディング」モデルを提唱しました。この理論において、発信者（エンコーダー）は意味を単に送るのではなく、特定の「文化的コード（知識、規範、歴史的背景など）」を用いてメッセージを暗号化します。一方、受信者（デコーダー）は、自らが持つ文化的コードを用いてそれを解読します。つまり、記号のやり取りが成立するためには、双方が共通の文化的データベース（コード）を共有していることが絶対条件であり、コードがズレていれば、メッセージは全く異なる意味として解読されるか、意味不明なものとして棄却されることが明らかになりました。,なぞかけの演者は、高度なエンコーダー（暗号化者）です。「お題」と「掛けるもの」の間に隠された共通点を、特定の同音異義語やことわざ、流行語といった「文化的コード」を使って暗号化します。聴者はデコーダーとして、「その心は」をヒントに自分の脳内データベースを検索し、復号（解読）を試みます。もし聴者が、その日本語特有の慣用句や前提となる社会常識（コード）を知らなければ、どれほど論理的ななぞかけであっても笑いは起きません。なぞかけが解けて「お見事！」と笑い声が上がる瞬間は、単なる謎解きの成功にとどまらず、「私とあなたは同じ文化的コードを共有する共同体の仲間である」という、深い社会的・文化的な紐帯（ちゅうたい）を確認し合う儀式として機能しているのです。,Encoding and Decoding in the Television Discourse（テレビ・ディスコースにおけるエンコーディングとデコーディング）,1973年,Stuart Hall（スチュアート・ホール / バーミンガム大学 現代文化研究センター）
大分類 I：人文学および芸術（Humanities and Arts）,言語の構造そのものと、そこから生じる意味のズレ、修辞、論理的パラドックス、および文化的変遷を客観的・理論的に解明する領域。,第4章 修辞学・記号論（Rhetoric and Semiotics）,4.13,対句法（アンチテーゼ）を用いたAとBの対比の強調,アリストテレスは『弁論術』において、「対置法（アンチテーゼ）」を最も効果的な修辞技法の一つとして論じました。これは、互いに対立する概念や極端に異なる事象を意図的に並置する手法です。人間の認知は、類似したものよりも「正反対のもの」や「対照的なもの」が並べられた時に、より鮮明にその意味の輪郭を捉えます。修辞学的な考察によれば、対置法は単なる言葉の装飾ではなく、聞き手の注意を強く惹きつけ、並置された二項の間に生じる緊張感を利用して、発信者のメッセージに劇的な説得力やパラドックスの解決というカタルシスをもたらす機能があることが分かっています。,なぞかけの美しさは、提示される「お題（A）」と「掛けたもの（B）」の距離が遠ければ遠いほど増幅します。なぞかけにおけるAとBは必ずしも厳密な対義語ではありませんが、例えば「伝統的なもの」と「最新のテクノロジー」など、一見して全く共通点を持たない（極端に乖離した）二つの事象を並置することは、擬似的なアンチテーゼとして機能します。これにより、聴者の脳内に強い緊張と「どう結びつくのか？」という認知的不協和を生み出します。そして「その心は」によって、この遠く離れた事象が見事な対照的構造を保ったまま一つの意味に統合された瞬間、その「対比の落差」がそのまま「知的驚きの深さ」へと変換されるのです。優れたなぞかけは、日常の中に潜む乖離した概念を言葉遊びの力で調和させる、高度なアンチテーゼの芸術です。,『弁論術』（Rhetoric）における対置（antithesis）の理論,紀元前4世紀,アリストテレス（Aristotle）
大分類 I：人文学および芸術（Humanities and Arts）,言語の構造そのものと、そこから生じる意味のズレ、修辞、論理的パラドックス、および文化的変遷を客観的・理論的に解明する領域。,第4章 修辞学・記号論（Rhetoric and Semiotics）,4.14,脱構築における「差延」と意味の遅延・宙吊り,フランスの哲学者ジャック・デリダは、言葉（記号）の意味がどのように決定されるかについて「差延（diff?rance）」という概念を提唱しました。これは「空間的に異なる（差異）」と「時間的に遅延させる（遅延）」の両方の意味を持つフランス語の動詞「diff?rer」から作られた造語です。デリダによれば、言葉そのものの中に絶対的な意味があらかじめ内包されているわけではなく、意味は常に他の言葉との「差異」によって生じ、かつ、文章の続きが語られることによってその意味の確定は常に未来へと「先送り（遅延）」され続けます。つまり、我々が言葉を受け取っている最中、その意味は常に宙吊りにされており、文脈の終着点に至ってはじめて事後的に意味が立ち上がるという構造が明らかにされました。,なぞかけにおける「〇〇と掛けまして、××と解きます」から「その心は」に至るまでの間、聴者の脳内ではまさにこの「差延」が意図的に発生させられています。お題と掛けたものが提示された段階では、聴者はその関係性の意味を決定することができず、解釈は完全に「宙吊り」にされます。そして、最後のオチが提示された瞬間にこの意図的な遅延状態は強制的に解除され、聴者の思考は一気に発話の最初まで遡行し、「そういうことだったのか」と全体の一時的な意味を事後的に確定させます。なぞかけは、言葉が持つ「意味の先送り」という根本的な性質を逆手にとり、解決の瞬間のカタルシスを最大化する「差延のエンターテインメント」であると言えます。,『声と現象』（La Voix et le Ph?nom?ne）等における「差延（diff?rance）」概念の提唱,1967年,ジャック・デリダ（Jacques Derrida）
大分類 I：人文学および芸術（Humanities and Arts）,言語の構造そのものと、そこから生じる意味のズレ、修辞、論理的パラドックス、および文化的変遷を客観的・理論的に解明する領域。,第4章 修辞学・記号論（Rhetoric and Semiotics）,4.15,アレゴリー（寓意）としての謎掛けが持つ社会風刺の構造,修辞学における「アレゴリー（寓意）」は、表面上の言葉とは異なる、もう一つの隠された意味を伝達する技法です。アンガス・フレッチャーをはじめとする近代アレゴリー論の考察によれば、アレゴリーは単なる道徳的教訓の伝達手段にとどまらず、強い政治的・社会的な機能を持ちます。権力に対する直接的な批判が検閲や弾圧の対象となる環境下において、表現者はアレゴリーという「二重のコード（表向きの無害な物語と、裏に隠された鋭い批判）」を用いることで、それを解読できる受け手とだけ密かに共犯関係を結び、社会の不条理を笑い飛ばす風刺の構造を作り上げてきたことが指摘されています。,なぞかけは、表向きは単なる同音異義語を用いた「無害な言葉遊び」を装っていますが、時に権力や社会問題に対する痛烈なアレゴリーとして機能します。お題に「社会の不条理」や「スキャンダル」を据え、全く無関係に見える「滑稽な日用品」などを掛けることで、オチの言葉が「両者の本質的な愚かさ」を見事に撃ち抜くことがあります。直接的な言葉で批判するのではなく、なぞかけという様式美のオブラートに包むことで批判の角を落としながらも、二重のコードを解読し真意に気付いた聴者に対しては、より鋭利な風刺として機能するのです。なぞかけは、知的なユーモアという隠れ蓑を纏った、大衆のためのしなやかなレジスタンス装置になり得るのです。,『アレゴリー：象徴的様式の理論』（Allegory: The Theory of a Symbolic Mode）におけるアレゴリーの二重構造と風刺的機能の考察,1964年,アンガス・フレッチャー（Angus Fletcher / 文学批評家、ニューヨーク市立大学大学院センター等）
大分類 I：人文学および芸術（Humanities and Arts）,言語の構造そのものと、そこから生じる意味のズレ、修辞、論理的パラドックス、および文化的変遷を客観的・理論的に解明する領域。,第4章 修辞学・記号論（Rhetoric and Semiotics）,4.16,引喩（アリュージョン）を用いた教養のテストと共有の快楽,ユーモアやジョークが人間関係においてどのような機能を持つかを考察した哲学的・語用論的な研究があります。ジョーク、とりわけ前提知識を必要とする「引喩（アリュージョン）」を用いた表現は、メッセージのすべてを直接的には語りません。話し手は「聞き手もこの文化的背景を知っているはずだ」という期待（暗黙の前提）のもとに発話します。研究によれば、この省略された情報を自らの知識で補完して意味を理解したとき、聞き手は単に言葉の面白さを味わうだけでなく、「同じ共同体に属している」という強い親密性と、教養のテストに合格したような知的な快楽（共有の喜び）を得ることが明らかになっています。,なぞかけのお題やオチにおいて、歴史上の人物、古典文学、あるいは旬の時事ネタなどが「引喩」として用いられることは少なくありません。「その心は」に続く言葉は、しばしば直接的な解説を省き、聴者の持つ文化的アーカイブに解読を委ねます。聴者が自らの教養を駆使して「あの出来事と、この言葉が掛かっているのか！」と気づいた瞬間、そこには単なる言葉遊びを超えた、演者と聴者の間の「秘密の共有」が生まれます。なぞかけは、知の共通言語を持つ者同士だけが立ち入れる、極めて洗練された教養のテストにして、共犯関係を楽しむ遊戯空間なのです。,Jokes: Philosophical Thoughts on Joking Matters（ジョーク：ジョークをめぐる哲学的考察）における「親密性の構築」に関する議論,1999年,Ted Cohen（テッド・コーエン） / シカゴ大学
大分類 I：人文学および芸術（Humanities and Arts）,言語の構造そのものと、そこから生じる意味のズレ、修辞、論理的パラドックス、および文化的変遷を客観的・理論的に解明する領域。,第4章 修辞学・記号論（Rhetoric and Semiotics）,4.17,情報理論的記号論における冗長性の削減とノイズの意図的導入,本来、通信を扱う情報理論において「ノイズ」は伝達の障害であり、意味を正確に伝えるためには予測可能なパターン（冗長性）を高めるべきだとされます。しかし、ウンベルト・エーコをはじめとする記号論者は、この理論を美学や詩的言語に応用し、全く逆の視点を提示しました。芸術的・遊戯的なテクストにおいては、意図的に冗長性を削ぎ落とし、多義性や意外性という「意味論的ノイズ」を導入することで、情報量が爆発的に増大します。このノイズの存在こそが、受け手に対して受動的な理解を許さず、能動的に意味を解読（デコード）させる推進力となることが分かっています。,日常の会話は、誤解を避けるための「冗長性」に満ちています。しかし、なぞかけは「〇〇と掛けまして、××と解く」と宣言した瞬間に、その冗長性を意図的に切断します。全く無関係な二つの概念が唐突に並べられる状態は、聴者にとって究極の「意味論的ノイズ」です。脳はこのノイズ（不協和音）を解消しようとフル回転します。そして「その心は」で提示される同音異義語が、ノイズを一瞬にして鮮やかな「シグナル（意味）」へと変換させます。なぞかけは、コミュニケーションにおけるノイズを障害として排除するのではなく、むしろ知的な謎解きのエンジンとして再利用する高度な情報処理のゲームなのです。,A Theory of Semiotics（記号論）および The Open Work（開かれた作品）における情報理論の美学への応用,1962年（The Open Work）、1976年（A Theory of Semiotics）,Umberto Eco（ウンベルト・エーコ） / ボローニャ大学など
大分類 I：人文学および芸術（Humanities and Arts）,言語の構造そのものと、そこから生じる意味のズレ、修辞、論理的パラドックス、および文化的変遷を客観的・理論的に解明する領域。,第4章 修辞学・記号論（Rhetoric and Semiotics）,4.18,レファレント（指示対象）の不在がもたらす遊戯空間の形成,伝統的な言語観では、言葉（記号）は常に現実世界にある具体的な対象（レファレント）を指し示すものだと考えられてきました。しかし、ポスト構造主義の哲学者ジャック・デリダは、絶対的な指示対象が宙吊りにされたとき、言葉は現実への縛りから解放され、記号同士が終わりなき関係性の網の目を織りなす「シニフィアン（記号表現）の遊戯」が始まることを指摘しました。現実の重力から切り離され、言葉の「音」や「形」そのものが自律的に結びつき、新たな意味を無数に生成していく空間こそが、人間の文化や創造性の根源的なダイナミズムであるとされています。,なぞかけは、まさにこの「シニフィアンの遊戯」を体現したエンターテインメントです。例えば「神社と掛けて、美容院と解く」と言うとき、そこに現実の鳥居やハサミ（レファレント）は存在しません。現実の指示対象が完全に不在化されるからこそ、言葉は物理法則を無視して自由に飛び回ることができます。「どちらもカミ（神／髪）を大切にします」といったように、意味の類似性ではなく、純粋に「カミ」という「音声という記号の皮膜（シニフィアン）」のみを接着剤として、本来交わるはずのない二つの世界が結合します。なぞかけの美しさは、現実を指し示すという言葉の義務を放棄した瞬間に立ち現れる、純粋な記号のダンスにあるのです。,"Structure, Sign, and Play in the Discourse of the Human Sciences（人文科学の言説における構造、記号、そして遊戯）",1966年（ジョンズ・ホプキンス大学での国際シンポジウムにて発表）,Jacques Derrida（ジャック・デリダ） / 高等師範学校など
大分類 I：人文学および芸術（Humanities and Arts）,言語の構造そのものと、そこから生じる意味のズレ、修辞、論理的パラドックス、および文化的変遷を客観的・理論的に解明する領域。,第4章 修辞学・記号論（Rhetoric and Semiotics）,4.19,デジタル・ミームにおける記号の自己複製とコンテクストの脱臼,デジタル・ネットワーク空間におけるミーム（文化的自己複製子）の研究から、特定の画像やフレーズが爆発的に拡散するメカニズムが明らかになっています。ミームは単なる忠実なコピーではありません。元の文脈から意図的に切り離される「コンテクストの脱臼（Decontextualization）」と、新たな状況への当てはめ（再文脈化）を経て増殖します。研究によれば、特定の画像という「記号表現（シニフィアン）」は固定されたまま、ユーザーが新しい文脈（大喜利的なテキストなど）を付与することで「記号内容（シニフィエ）」が次々とハッキングされます。この意味の可塑性と、本来の文脈から切り離されているという自由さこそが、記号が自己複製を繰り返す原動力であることが示されています。,なぞかけは、アナログな言語空間で行われる「コンテクストの脱臼」の極致です。「Aと掛けまして、Bと解く」という構造は、2つの言葉を本来の日常的な文脈から強制的に引き剥がし、不自然な場に並置する行為です。そして、オチとなる「C」という単一の音声記号（シニフィアン）は、デジタル空間におけるミームの「固定された画像フォーマット」と同等の機能を果たします。この「C」が、Aの文脈にもBの文脈にも見事に適合（再文脈化）することで、記号の持つ「意味のハッキング（掛詞）」が完成するのです。現代のデジタル・ミームにおいて一つの画像があらゆる状況に適応して笑いを生むように、なぞかけの秀逸なオチもまた、全く異なる複数の文脈を横断し新たな意味を生成する、極めてミーム的適応力の高い記号実践だと言えます。,Memes in Digital Culture（デジタル文化におけるミーム）,2013年,Limor Shifman（リモル・シフマン / ヘブライ大学 コミュニケーション・ジャーナリズム学部）
大分類 I：人文学および芸術（Humanities and Arts）,言語の構造そのものと、そこから生じる意味のズレ、修辞、論理的パラドックス、および文化的変遷を客観的・理論的に解明する領域。,第4章 修辞学・記号論（Rhetoric and Semiotics）,4.20,ユーモアの解釈共同体（Interpretive Community）におけるコードの閉鎖性,文学理論家のスタンリー・フィッシュは、テクストの意味は言葉そのものに客観的に内在しているのではなく、共通の解釈戦略や前提知識（コード）を共有する読者の集団、すなわち「解釈共同体（Interpretive Community）」によって構築されると提唱しました。これをユーモアやジョークの構造に応用すると、笑いの持つ「閉鎖性」が浮き彫りになります。言葉遊びやアイロニーは、その共同体が共有する高度な文化的背景、歴史、あるいは特定の言語的規則（コード）を知らなければ解読できません。つまり、ユーモアはコードを解読できた「インサイダー」の知的な連帯感を高め、共同体の結束を強める一方で、コードを持たない「アウトサイダー」を排除する境界線引きの機能を持っていることが分かっています。,なぞかけが成立するかどうかは、演者と聴者が同じ「解釈共同体」に属しているかどうかに完全に依存しています。例えば、オチのダブルミーニングが特定の日本文化、歴史的事件、あるいは世代特有の流行語に依存している場合、そのコードを持たない外国人や異なる世代の聴者には、単なる意味不明な音の連続にしか聞こえません。なぞかけを聞いて聴者が「お見事！」と拍手喝采を送る瞬間、そこで起きているのは単なる反射的な笑いではなく、「私たちは同じ高度な文化的・言語的コードを共有し、この複雑な暗号を瞬時に解読できる共同体である」という相互確認です。なぞかけは、その閉鎖的で密室的なコードの共有を前提とするからこそ、解読できた瞬間に極めて深い知的な喜びとカタルシスを私たちにもたらすのです。,Is There a Text in This Class? The Authority of Interpretive Communities（このクラスにテクストはありますか：解釈共同体の権威）,1980年,Stanley Fish（スタンリー・フィッシュ / 発表当時 ジョンズ・ホプキンス大学など）
大分類 I：人文学および芸術（Humanities and Arts）,言語の構造そのものと、そこから生じる意味のズレ、修辞、論理的パラドックス、および文化的変遷を客観的・理論的に解明する領域。,第5章 哲学・論理学（Philosophy and Logic）,5.1,後期ウィトゲンシュタインの「言語ゲーム」としてのなぞかけの規則性,後期ウィトゲンシュタインは主著『哲学探究』において、言葉の意味はあらかじめ固定された事物（指示対象）との対応関係にあるのではなく、その言葉が日常生活の中で「どのように使われているか」という「使用（use）」によって決まると主張しました。彼は言葉を用いる活動を、チェスやトランプのように固有のルールを持つ「言語ゲーム」に例えました。私たちは文脈ごとに異なる規則を暗黙のうちに共有し、それに「従う」ことでコミュニケーションを成立させています。言葉は孤立して意味を持つのではなく、特定のルールの実践の中で初めて意味と機能を持つことが明らかになりました。,なぞかけは、日常の実用的な言語ゲームとは全く異なる特殊なルールが適用される、極めて高度な言語遊戯です。「〇〇と掛けまして、××と解く」という定型句は、今から「同音異義語を等価として扱う」「論理の飛躍を許容する」という独自の規則に従うゲームを開始するという明確な宣言（ルール提示）です。演者と聴者はこの瞬間、日常のコミュニケーションの規則を一時停止し、なぞかけ専用の規則を共有します。聴者がオチの意味を理解し感心するのは、単に言葉の辞書的な意味を知っているからではなく、なぞかけという特殊な言語ゲームの「規則に従うこと」に熟達している共犯者だからなのです。,『哲学探究』（Philosophical Investigations）における「言語ゲーム」および「規則に従うこと」の概念,1953年（没後出版）,Ludwig Wittgenstein（ルートヴィヒ・ウィトゲンシュタイン / ケンブリッジ大学など）
大分類 I：人文学および芸術（Humanities and Arts）,言語の構造そのものと、そこから生じる意味のズレ、修辞、論理的パラドックス、および文化的変遷を客観的・理論的に解明する領域。,第5章 哲学・論理学（Philosophy and Logic）,5.2,カントの「不調和理論（期待の無への解消）」に基づく笑いの存在論,イマヌエル・カントは、著書『判断力批判』の中で、人間の「笑い」がなぜ起こるのかについて本質的な考察を行いました。彼は笑いを「緊張に満ちた期待が、突如として無（Nichts）に解消されることから生じる情動」と定義しました。人間は、ある状況が提示されたとき、理性的かつ論理的な結末（重みのある意味）を無意識に予測し、知的な緊張状態（期待）を作り出します。しかし、提示された結末がその論理的な予測を裏切り、取るに足らない馬鹿馬鹿しいもの、あるいは全く無意味なものであった瞬間に、行き場を失った知的な緊張が一気に解放され、それが身体的な「笑い」として表出するのだと論じました。これがのちに「不調和理論」と呼ばれる笑いのメカニズムの基礎となります。,なぞかけの基本構造は、まさにこのカントの言う「緊張に満ちた期待」の構築と「無への解消」のプロセスを意図的に作り出す装置です。「Aと掛けまして、Bと解く」というお題が提示されたとき、聴者の理性は「この全く無関係な二つの概念に、どのような深遠で論理的な共通点があるのだろうか」と高度な知的な緊張状態（期待）に置かれます。しかし、「その心は、C（単なるダジャレ・掛詞）」というオチが投下された瞬間、理性が求めていた深遠な論理的結合への期待は見事に裏切られ、単なる音声の偶然の一致という「無（取るに足らない意味）」へと崩れ去ります。なぞかけによる爆発的な笑いとカタルシスは、理性が自らの張り詰めた期待を肩透かしされることによって生じる、極上の知的解放なのです。,『判断力批判』（Kritik der Urteilskraft）第1部「美学的判断力の批判」第54節における笑いの理論,1790年,Immanuel Kant（イマヌエル・カント / ケーニヒスベルク大学）
大分類 I：人文学および芸術（Humanities and Arts）,言語の構造そのものと、そこから生じる意味のズレ、修辞、論理的パラドックス、および文化的変遷を客観的・理論的に解明する領域。,第5章 哲学・論理学（Philosophy and Logic）,5.3,可能世界意味論に基づく「A＝B」となる論理的空間の真理値評価,現代の様相論理学において、ソール・クリプキらが確立した「可能世界意味論（Possible World Semantics）」は、命題の真偽を現実世界だけでなく、無数に存在する「あり得たかもしれない別の世界（可能世界）」の集合群の中で評価する理論です。現実世界では絶対に「偽（False）」となる命題であっても、一定の条件や法則（到達可能性関係）が満たされた別の可能世界においては「真（True）」として評価できる空間が存在します。この理論的枠組みにより、私たちは「もし?であったなら」という反事実的条件や、現実とは異なる論理的規則が支配する空間における言葉の真理値を、厳密かつ論理的に記述・評価することが可能になりました。,なぞかけは、現実世界では全く真理値を持たない「A＝Bである」という命題を強制的に「真」にするための、局所的な「可能世界」を構築する論理的プロセスと見なすことができます。現実世界（デフォルトの論理空間）において、「満員電車」と「好きな人」は全く等価ではありません。しかし、「その心は、どちらも『すいて（空いて／好いて）』くれると嬉しいでしょう」というオチが提示された瞬間、この「同音異義語が等価性を持つ」という到達可能性関係をルールとする新しい可能世界が立ち上がります。聴者は、オチを聞いてこの新たな可能世界へと認識をジャンプさせ、その世界における論理的空間内でのみ、「満員電車＝好きな人」という命題が「真（True）」として評価されることを瞬時に確認し、その論理的な鮮やかさに感心するのです。,『様相論理学における意味論の考察』（Semantical Considerations on Modal Logic）等における可能世界意味論の定式化,1963年（1959年の初期論文『様相論理学における完全性定理』を経て発表。のちに1980年『名指しと必然性』へと発展）,Saul Kripke（ソール・クリプキ / プリンストン大学など）
大分類 I：人文学および芸術（Humanities and Arts）,言語の構造そのものと、そこから生じる意味のズレ、修辞、論理的パラドックス、および文化的変遷を客観的・理論的に解明する領域。,第5章 哲学・論理学（Philosophy and Logic）,5.4,クワインの「翻訳の不確定性」から見た言葉遊びの不可知論的性質,分析哲学者のW.V.O.クワインは、「ガヴァガイ（Gavagai）」という有名な思考実験を通じて、「翻訳の不確定性（Indeterminacy of Translation）」という概念を提唱しました。未知の言語を話す原住民がウサギを見て「ガヴァガイ」と叫んだとき、それが「ウサギ」全体を指すのか、「ウサギの分離不可能な一部」を指すのか、あるいは「ウサギの瞬間的な状態」を指すのかを、行動や観察という客観的な証拠だけから完全に一つに決定することは不可能である、という理論です。この考察により、言葉とそれが指し示す対象（意味）との間には、絶対的で固定された対応関係は存在せず、意味とは解釈の枠組み（翻訳マニュアル）に依存する相対的なものであることが明らかになりました。,なぞかけの核心である「オチ（同音異義語）」は、まさにこの「翻訳の不確定性」を意図的に暴き出し、遊ぶための言語装置です。例えば「こうしょう」という音声が発せられたとき、それが「交渉」なのか「高尚」なのか「考証」なのか、音声そのものには確定的な意味が内包されていません。なぞかけは、「A（お題）」と「B（解き明かし）」という2つの全く異なる翻訳マニュアル（文脈）を同時に提示することで、一つの音声が複数の意味に翻訳可能であるという事実を聴者に突きつけます。言葉の意味が絶対的ではないという不可知論的な不安を、見事な文脈の重ね合わせによって「笑い」へと昇華させているのが、なぞかけの知的な凄みと言えます。,『言葉と対象』（Word and Object）における「翻訳の不確定性」および「根源的翻訳（Radical translation）」の思考実験,1960年,Willard Van Orman Quine（ウィラード・ヴァン・オーマン・クワイン / ハーバード大学）
大分類 I：人文学および芸術（Humanities and Arts）,言語の構造そのものと、そこから生じる意味のズレ、修辞、論理的パラドックス、および文化的変遷を客観的・理論的に解明する領域。,第5章 哲学・論理学（Philosophy and Logic）,5.5,カテゴリー・ミステイク（範疇錯誤）の意図的利用による論理の脱臼,イギリスの哲学者ギルバート・ライルは、ある論理的カテゴリー（範疇）に属する概念を、別のカテゴリーに属するものとして誤って扱ってしまう言語的混乱を「カテゴリー・ミステイク（範疇錯誤）」と名付けました。彼は、大学の図書館や講堂を案内された人が最後に「で、大学という建物はどこにあるのですか？」と尋ねる例を挙げ、制度や全体的な概念（大学）を、個別の事物（建物）と同じカテゴリーで探してしまう思考のバグを指摘しました。彼のこの考察は、人間の抱える哲学的問題の多くが、言葉の属する次元を取り違えること（論理の脱臼）によって生じていることを浮き彫りにしました。,なぞかけのお題の提示（〇〇と掛けて、××と解く）は、聴者の脳内に意図的な「カテゴリー・ミステイク」を発生させるプロセスです。例えば「人生」という抽象的・時間的なカテゴリーのものと、「コーヒー」という具体的・物質的なカテゴリーのものを並置されたとき、聴者の論理的思考は「次元が違うものを比較している」という認知的な脱臼状態（バグ）に陥ります。しかし、「どちらも苦さ（苦労／味）がつきものです」というオチが提示されることで、意味の次元ではなく「言語の音声的・比喩的な次元」においてのみ、両者が同じカテゴリーに属することが証明されます。なぞかけは、意図的に範疇錯誤の混乱を与え、それをメタレベルの言語操作によって瞬時に整復（治療）する知的遊戯なのです。,『心の概念』（The Concept of Mind）における「カテゴリー・ミステイク（Category Mistake）」の提唱,1949年,Gilbert Ryle（ギルバート・ライル / オックスフォード大学）
大分類 I：人文学および芸術（Humanities and Arts）,言語の構造そのものと、そこから生じる意味のズレ、修辞、論理的パラドックス、および文化的変遷を客観的・理論的に解明する領域。,第5章 哲学・論理学（Philosophy and Logic）,5.6,"ブール代数における論理演算（AND, OR, NOT）を用いた掛詞の形式化",数学者ジョージ・ブールは、人間の思考プロセスや論理的な推論を、数学的な代数方程式として表現する「ブール代数（Boolean Algebra）」を創始しました。彼は「真」と「偽」（あるいは「1」と「0」）のみを値として取り、それらを「論理積（AND）」「論理和（OR）」「論理否定（NOT）」などの演算子で処理することで、複雑な命題を計算可能な形式へと落とし込みました。この論理演算の定式化は、人間の「意味の組み合わせ」という曖昧な言語活動を、集合論的なベン図（重なりや排他）として視覚的かつ厳密に表現・評価できることを証明し、現代のコンピュータ科学の基礎となりました。,なぞかけにおける「掛詞（同音異義語を用いたオチ）」の解決プロセスは、聴者の脳内で行われる高度なブール代数演算（特に論理積：ANDの探索）として形式化できます。お題に関連する意味の集合をA、解き明かしに関連する意味の集合をBとします。通常、これらは全く無関係な概念であるため、その積集合（A ∩ B）は空集合（共通項なし）となります。しかし、意味ではなく「音声」を変数として捉え直したとき、オチとなる音声（C）が、「集合Aに属する意味1」と「集合Bに属する意味2」を同時に持っていること（Cの持つ意味1 ∈ A AND Cの持つ意味2 ∈ B）が発見され、この論理積が突如として真（True）になります。なぞかけのカタルシスとは、解なし（空集合）だと思われていた関係性に、音声という媒介変数を通じて見事な「論理積（AND）」を成立させ、命題を真へと反転させる数学的な快感と同質なのです。,『思考の法則』（An Investigation of the Laws of Thought）における論理代数（Boolean algebra）の確立,1854年,George Boole（ジョージ・ブール / クイーンズ・カレッジ・コーク：現在のアイルランド国立大学コーク校）
大分類 I：人文学および芸術（Humanities and Arts）,言語の構造そのものと、そこから生じる意味のズレ、修辞、論理的パラドックス、および文化的変遷を客観的・理論的に解明する領域。,第5章 哲学・論理学（Philosophy and Logic）,5.7,真理条件意味論では捉えきれないユーモアにおける「意味の余剰」,ドナルド・デイヴィッドソンらが定式化した「真理条件意味論」では、ある文の意味を理解するとは、その文が「真（True）となる条件」を知ることであると定義されます。しかし、この厳密で論理的な枠組みだけでは、人間の言語活動の全てを説明することはできません。デイヴィッドソン自身も後年の論文『メタファーの意味とは何か』において論じたように、言葉には文字通りの論理的真偽を超えた語用論的な効果が存在します。言葉は単に事実を描写する論理の道具ではなく、文字通りには明らかな「偽（または不条理）」となる表現をあえて提示することで、聴者に隠された類似性や新たな視点を「気づかせる」力（意味の余剰）を持っており、それこそが人間の豊かで複雑なコミュニケーションを支えていることが分かっています。,なぞかけのオチは、真理条件意味論の観点から見れば、多くの場合「偽」または「無意味」な命題です。例えば「満員電車＝好きな人」という等式は、現実世界の論理としては決して成立しません。しかし、なぞかけは「どちらも、すいて（空いて／好いて）くれると嬉しい」という同音異義語を用いた見事な「偽の提示」を行うことで、厳密な真偽判定の枠組みを軽やかに飛び越えます。なぞかけの面白さとは、「言葉の意味を事実と真理値だけで測ろうとするガチガチの論理」に対する痛快な反逆です。文字通りには不条理な命題が、音声の類似性をテコにして突如として別の視点に「気づかせる」その瞬間こそが、真理の枠組みからこぼれ落ちた「意味の余剰」として、人間の知性を最も自由に遊ばせ、笑いを生み出す空間なのです。,『真理と意味』（Truth and Meaning）に基づく真理条件意味論の基礎付け、および『メタファーの意味とは何か』（What Metaphors Mean）における語用論的展開の議論,1967年（真理と意味）、1978年（メタファーの意味とは何か）,Donald Davidson（ドナルド・デイヴィッドソン / プリンストン大学・シカゴ大学など）
大分類 I：人文学および芸術（Humanities and Arts）,言語の構造そのものと、そこから生じる意味のズレ、修辞、論理的パラドックス、および文化的変遷を客観的・理論的に解明する領域。,第5章 哲学・論理学（Philosophy and Logic）,5.8,ガダマーの解釈学に基づく「心」が結ぶ地平の融合,ドイツの哲学者ハンス＝ゲオルク・ガダマーは、解釈学の主著『真理と方法』において、「地平の融合（Horizontverschmelzung）」という概念を提唱しました。人は誰しも、自分の歴史的・文化的な背景という「地平（視野の限界）」を持っています。ガダマーによれば、他者や過去のテクストを深く理解するとは、自分の持つ地平を捨て去って客観的になることではなく、相手の持つ異なる地平と自らの地平がダイナミックに交わり、新たなより広い視座へと統合されるプロセスに他なりません。つまり、真の理解とは、隔絶された二つの世界（地平）が接続され、認識が拡張される創造的な出来事であることが示されました。,なぞかけにおける「お題（A）」と「解き明かし（B）」は、それぞれが全く異なる文脈を持つ「隔絶された二つの地平」として聴者の前に提示されます。最初は、この二つの地平の間にいかなる接点も見出せません。しかし、「その心は（C）」という第三の要素（オチ）が投下された瞬間、Cという言葉が持つ多義性を媒介として、Aの地平とBの地平が一気に交わり、重なり合います。なぞかけの「心（オチ）」とは、まさに孤立した二つの概念空間を接続する架け橋であり、聴者に「地平の融合」という鮮やかな意味の再構築と、それに伴う知的なカタルシスを疑似体験させる解釈学的な装置なのです。,『真理と方法』（Wahrheit und Methode）における解釈学的経験の理論（地平の融合）,1960年,Hans-Georg Gadamer（ハンス＝ゲオルク・ガダマー / ハイデルベルク大学など）
大分類 I：人文学および芸術（Humanities and Arts）,言語の構造そのものと、そこから生じる意味のズレ、修辞、論理的パラドックス、および文化的変遷を客観的・理論的に解明する領域。,第5章 哲学・論理学（Philosophy and Logic）,5.9,キルケゴールにおける「アイロニー」の実存的態度,デンマークの哲学者セーレン・キルケゴールは、初期の著作『アイロニーの概念』において、アイロニー（反語・皮肉）を単なる修辞技法ではなく、人間の「実存的態度」として深く考察しました。彼によれば、ソクラテスが用いたようなアイロニーは、既存の現実や常識の妥当性を宙吊りにし、全てを否定的に見ることで、主体（自分自身）を現実の束縛から解放する「無限の絶対的否定性」を持っています。つまり、アイロニーとは、与えられた重苦しい現実をそのまま素直に受け入れることを拒絶し、そこから精神的な距離を取ることで、主体的な自由と軽やかさを獲得しようとする哲学的なスタンスであることが明らかになりました。,なぞかけは、日常の言葉が持つ固定化された意味や、対象が持つ真面目な性質に対する、極めて「アイロニー的な態度」によって成立しています。お題となる事象を正面から真面目に語るのではなく、「全く別の下世話な、あるいは無関係なものにすり替えてやろう」という斜に構えた視点は、現実の重力から主体を解放する営みです。演者と聴者は「その心は」を通じて、言葉の真面目な用途（現実）を一時的に否定し、言葉遊びという自由な遊戯へと飛び込みます。なぞかけを楽しむという行為の底には、「現実の重たい事象を、あえて言葉の音声レベルに引き下げて笑い飛ばす」という、自由で実存的なアイロニーの精神が流れていると言えます。,『アイロニーの概念』（Om Begrebet Ironi med stadigt Hensyn til Socrates / 常にソクラテスを顧みつつアイロニーの概念について）,1841年,S?ren Kierkegaard（セーレン・キルケゴール / コペンハーゲン大学学位論文）
大分類 I：人文学および芸術（Humanities and Arts）,言語の構造そのものと、そこから生じる意味のズレ、修辞、論理的パラドックス、および文化的変遷を客観的・理論的に解明する領域。,第5章 哲学・論理学（Philosophy and Logic）,5.10,フレーゲの「意義（Sinn）」と「意味（Bedeutung）」のズレによる存在論,近代論理学の祖であるゴットロープ・フレーゲは、言葉の持つ意味作用を「意義（Sinn）」と「意味（Bedeutung）」の二つの次元に分離して考察しました。「意味（Bedeutung）」とは、その言葉が指し示す現実世界の本質的な「指示対象」そのもののことです。一方で「意義（Sinn）」とは、その対象への「提示の仕方（様態）」を指します。例えば、「明けの明星」と「宵の明星」は、どちらも現実の「金星」という同一のオブジェクトを指し示しているため「意味」は同じですが、天体としての現れ方（文脈）が異なるため「意義」は異なります。この考察により、$A = A$ という退屈な恒等式に対し、$A = B$ という文がなぜ新しい発見を伴う有意義な情報（認識価値）を持ち得るのかが論理的に説明できるようになりました。,なぞかけは、フレーゲの理論を意図的に反転させた「逆・存在論的なゲーム」です。フレーゲの「明けの明星＝宵の明星」は、意義（現れ方）が異なるが意味（指示対象）は同一であるという構造でした。しかし、なぞかけにおける「Aと掛けてBと解く」のお題において、AとBが要求する「意味（Bedeutung）」は決定的に断絶しています。演者が「その心はC（同音異義語）」と単一の音声記号を提示した瞬間、聴者の脳内では、Aに紐づく意義と、Bに紐づく意義という、二つの異なるSinnが同一の音声から同時に立ち上がります。「意味（指示対象）」が永遠に交わらない二つの概念が、「音声（記号）」のレベルにおいてのみ奇跡的に重なり合い、$A = B$ という疑似的な等式がでっち上げられるバグを目撃すること。これこそが、なぞかけがもたらす知的なアハ体験の正体なのです。,『意義と意味について』（?ber Sinn und Bedeutung）,1892年,Gottlob Frege（ゴットロープ・フレーゲ / イェーナ大学）
大分類 I：人文学および芸術（Humanities and Arts）,言語の構造そのものと、そこから生じる意味のズレ、修辞、論理的パラドックス、および文化的変遷を客観的・理論的に解明する領域。,第5章 哲学・論理学（Philosophy and Logic）,5.11,固有名の指示理論と同音異義による指示対象のパラドックス,ソール・クリプキは、それまでの言語哲学で主流だった「固有名とは記述（その対象の特徴）の束である」という記述説を批判し、新たな「指示理論」を確立しました。クリプキによれば、固有名は「固定指示子（rigid designator）」であり、最初の命名の儀式から社会的な因果の連鎖（コミュニケーションのバトン）を通じて、あらゆる可能世界において同一の対象を直接指し示し続ける性質を持ちます。この理論的考察により、言葉は文脈や記述の変化に左右されず、対象をダイレクトにロックオンする強力な絆（因果的指示連鎖）を持っていることが分かりました。しかし同時に、同一の「名（音韻）」が異なる因果の連鎖を持つ場合、指示対象が激しく混同されるパラドックス的な混乱が生じることも示唆されています。,なぞかけは、言葉が持つ「指示対象をロックオンする」という因果的な連鎖を、同音異義語というバグを用いて意図的にハッキングし、指示対象のパラドックスを引き起こす遊びです。私たちは通常、特定の言葉Cを聞いたとき、脳内に構築された一つの因果的指示連鎖に沿って、特定の指示対象を思い浮かべます。しかし、なぞかけは「その心はC」と告げることで、Cという同一の音韻表現の中に、お題Aに繋がる指示連鎖と、解き明かしBに繋がる全く別の指示連鎖を強制的にショート（短絡）させます。固定されていたはずの指示対象が、文脈の重ね合わせによって瞬時に別の対象へとすり替わり、一つの音声に同時存在してしまうこの論理的なトリックが、聴者の脳に心地よい混乱を与え、滑稽さと驚きを生み出すのです。,『名指しと必然性』（Naming and Necessity）における固定指示子（Rigid Designator）の理論,1972年（講義録発表）、1980年（単行本化）,Saul Kripke（ソール・クリプキ / プリンストン大学など）
大分類 I：人文学および芸術（Humanities and Arts）,言語の構造そのものと、そこから生じる意味のズレ、修辞、論理的パラドックス、および文化的変遷を客観的・理論的に解明する領域。,第5章 哲学・論理学（Philosophy and Logic）,5.12,集合論における共通部分（積集合）の探索となぞかけの形式論理,ゲオルク・カントールによって創始された集合論において、複数の集合が与えられたとき、それらすべての集合に共通して属する要素の集まりを「共通部分（積集合：Intersection）」と呼び、記号 ∩ を用いて表します。形式論理において、全く無関係に見える要素で構成された二つの集合 A と B は「互いに素（disjoint）」であると定義され、その共通部分は要素を持たない「空集合（ ? ）」になります。集合論の発展は、曖昧な概念の集まりを数学的な境界線として厳密に区分し、それらの間に重なり（共通部分）があるか否かを形式的に判定することを可能にしました。,なぞかけの解決プロセスは、形式論理的には「互いに素（空集合）だと思われていた空間から、見事な積集合を探索・定義してみせる演算」として定式化できます。お題に関連する事象の集合を A、解き明かしに関連する事象の集合を B としたとき、日常的な意味の次元では両者は完全に「互いに素」であり、A ∩ B = ? となります。聴者の脳内では「共通要素など存在するはずがない」という論理的行き止まりが形成されます。しかし、演者が「その心はC」と提示し、要素の定義を意味から「音声（言葉）」というメタ次元へとシフトさせた瞬間、C という同一の音声要素が集合 A に属し（C ∈ A）、かつ集合 B にも属する（C ∈ B）ことが判明します。解なし（空集合）の絶望から、突如として A ∩ B = {C} という単集合が鮮やかに成立するこの数学的な飛躍こそが、なぞかけの形式論理的な快感の正体です。,"構造的集合論の基礎（?ber unendliche, lineare Punktmannigfaltigkeiten / 無限線形点集合について 等）",1879年 - 1884年（一連の論文群）,Georg Cantor（ゲオルク・カントール / ハレ大学）
大分類 I：人文学および芸術（Humanities and Arts）,言語の構造そのものと、そこから生じる意味のズレ、修辞、論理的パラドックス、および文化的変遷を客観的・理論的に解明する領域。,第5章 哲学・論理学（Philosophy and Logic）,5.13,「間（ま）」と「沈黙」の現象学と思考の空白の体験構造,マルティン・ハイデガーは主著『存在と時間』において、「沈黙（Schweigen）」を単なる言葉の不在や無言状態ではなく、「語り（Rede）」という人間の根源的なコミュニケーションの一形態として考察しました。彼によれば、真の沈黙とは「何も言わないこと」によって、むしろ雄弁に本質的な何かを理解させ、他者との共有された世界を深く開示する現象です。日常の空虚なおしゃべりがかえって真実を隠蔽してしまうのに対し、意図的な沈黙は決して「思考の空白」ではなく、対象に向かって注意を極限まで集中させ、意味が到来するための場を準備する積極で緊迫した体験構造を持っていることが明らかになっています。,なぞかけにおいて、「……その心は？」と問いかけた直後に演者が置く「間（沈黙）」は、ハイデガー的な意味での最も豊饒な「語り」の瞬間です。演者が意図的に口をつぐむその空白の数秒間、聴者の脳内は決して停止していません。「全く無関係に見えるお題と解き明かしが、一体どう結びつくのか？」と、沈黙の中で極限まで思考を巡らせ、意味の到来を待ち構えます。この緊迫した「間」という現象学的体験が準備されているからこそ、その直後に投下されるオチの言葉は、単なる空虚なダジャレを超えて、深く腑に落ちる「真理の開示」のような鮮烈な輝きを放ち、聴者にカタルシスを与えるのです。,『存在と時間』（Sein und Zeit）第34節「現存在のそこにあることと語り。言語」における沈黙の現象学,1927年,Martin Heidegger（マルティン・ハイデガー / マールブルク大学など）
大分類 I：人文学および芸術（Humanities and Arts）,言語の構造そのものと、そこから生じる意味のズレ、修辞、論理的パラドックス、および文化的変遷を客観的・理論的に解明する領域。,第5章 哲学・論理学（Philosophy and Logic）,5.14,アナロジー推論における必然性と偶然性の認識論的区分,科学哲学者のメアリ・ヘッセは、未知の事象を理解するために既知の事象の構造を借りる「アナロジー（類推）」のメカニズムを認識論的に分析しました。彼女は、比較される二つの事象間の関係性を「積極的アナロジー（共通する属性）」「消極的アナロジー（明らかに異なる属性）」「中立的アナロジー（まだ判明していない属性）」に分類しました。優れた科学的モデルや推論は、表層的な「偶然の類似」に頼るのではなく、対象の構造や因果関係の奥深くにある「必然的な結びつき（積極的アナロジー）」を鋭く抽出する力を持っています。この区分により、単なるこじつけの類似と、新しい真理の発見を促す強力な推論との違いが論理的に説明可能になりました。,なぞかけは、このアナロジー推論における「偶然性」と「必然性」の認識論的ギャップで遊ぶ知的な構造を持っています。お題（A）と解き明かし（B）が提示された時点では、両者は完全に「消極的アナロジー（全く異なるもの）」として認識されます。しかし「その心は（C）」というオチによって、音声という「偶然の類似」を架け橋にして、両者の間に隠されていた概念的・構造的な「積極的アナロジー」が突如として提示されます。ヘッセが指摘したように、単なる表層的な偶然（ダジャレ）にとどまらず、対象の奥底にある性質の必然性までが見事に貫かれている「上手いなぞかけ」ほど、私たちに「なるほど！」という強い認識論的な快感を与えてくれるのです。,『科学におけるモデルとアナロジー』（Models and Analogies in Science）,1966年（米国・増補版。初版は1963年）,Mary Hesse（メアリ・ヘッセ / ケンブリッジ大学）
大分類 I：人文学および芸術（Humanities and Arts）,言語の構造そのものと、そこから生じる意味のズレ、修辞、論理的パラドックス、および文化的変遷を客観的・理論的に解明する領域。,第5章 哲学・論理学（Philosophy and Logic）,5.15,メタ倫理学に基づく不謹慎ななぞかけの道徳的許容範囲,ユーモアの哲学およびメタ倫理学において、「道徳的に悪とされるジョーク（不謹慎なジョーク）は、その不道徳性のゆえに面白さが減じるのか、それとも増すのか」という議論があります。ダニエル・ジェイコブソンらは「コミック・イモラリズム（Comic Immoralism）」の立場から、社会的なタブーや道徳的な規範を意図的に侵犯することが、かえって強い笑いを引き起こすメカニズムを考察しました。道徳的規範という「圧力」が高ければ高いほど、それを言葉のレベルで破壊・逸脱した際の「解放感」は大きくなります。つまり、倫理的な不謹慎さはユーモアの欠陥になるどころか、道徳的拘束からの心理的な脱臼を促し、笑いの威力を意図的に増幅させるトリガーとして機能し得ることが分かっています。,なぞかけにおいて、あえて不謹慎なテーマ（社会のタブーやブラックジョーク）をお題に選ぶ場合、このコミック・イモラリズムの力学が強く働きます。聴者は最初、その不道徳なお題に対して「道徳的な緊張」を感じます。しかし、「その心は」に続くオチが、タブーの核心を見事に射抜く毒のある掛詞だったとき、あるいは逆に全く無害で平和な同音異義語へと鮮やかに着地したとき、聴者は道徳的規範という重力から一瞬だけ解放されます。なぞかけという厳密な「論理的フォーマットの美しさ」が道徳的な免罪符として機能し、「こんな不謹慎なことなのに、上手すぎて笑ってしまう」という、メタ倫理的な許容と逸脱の境界線上で踊るスリリングな快感を生み出すのです。,論文『不道徳な芸術の賛美』（In Praise of Immoral Art）における「コミック・イモラリズム（Comic Immoralism）」の提唱とユーモアの倫理的考察,1997年（Philosophical Topics誌にて発表）,Daniel Jacobson（ダニエル・ジェイコブソン / コロラド大学など）
大分類 I：人文学および芸術（Humanities and Arts）,言語の構造そのものと、そこから生じる意味のズレ、修辞、論理的パラドックス、および文化的変遷を客観的・理論的に解明する領域。,第5章 哲学・論理学（Philosophy and Logic）,5.16,サールの言語行為論における「非本来的発話」の遂行性,ジョン・サールは、J.L.オースティンの「言語行為論（Speech Act Theory）」を発展させ、フィクションやジョーク、演劇などにおける言葉の遂行性について考察しました。通常、私たちが「雨が降っている」と断言するとき、そこには「それが真実である」と保証する責任（発語媒介的な力）が伴います。しかし、サールは小説家やコメディアンの発話を「非本来的（parasitic）／非真剣な（non-serious）発話」と定義しました。彼らは嘘をついているのではなく、発話に伴う通常の「真実への責任」を意図的に宙吊りにし、ただその言語行為を「演じて（pretend）」いるのだと論じました。この考察により、虚構やジョークが「嘘つきのレッテル」を貼られることなく、一つの正当な言語実践として社会に成立するメカニズムが解明されました。,なぞかけの冒頭で発せられる「〇〇と掛けまして」という決まり文句は、サールの言う「非本来的発話」を開始するための強力なスイッチ（遂行の宣言）です。この言葉が出た瞬間、演者は「これから私はA＝Bであると断言しますが、それは真実を保証するものではなく、あくまで断言するフリ（演技）です」と宣言していることになります。聴者もまた、そのルールを受け入れます。なぞかけは、日常の言葉が背負っている「真理への責任」を合法的に免除される特区を構築し、演者と聴者が互いに「非真剣な発話」という演技を共有することで初めて成立する、高度な言語行為の舞台なのです。,『虚構的言説の論理的状態』（The Logical Status of Fictional Discourse / New Literary History誌掲載）,1975年,John R. Searle（ジョン・サール / カリフォルニア大学バークレー校など）
大分類 I：人文学および芸術（Humanities and Arts）,言語の構造そのものと、そこから生じる意味のズレ、修辞、論理的パラドックス、および文化的変遷を客観的・理論的に解明する領域。,第5章 哲学・論理学（Philosophy and Logic）,5.17,アブサーディティ（不条理）の哲学と極端な合理性の対比,アルトゥル・ショーペンハウアーは、著書『意志と表象としての世界』において、笑いの本質を「概念（極端な合理性）」と「直観的客観（不条理な現実）」の間の不一致（Incongruity）に見出しました。人間は、厳密で論理的な「概念」を用いて世界を合理的に整理しようとします。しかし、現実は常にその理路整然とした枠組みからはみ出す、不条理で無意味な細部に満ちています。ショーペンハウアーによれば、ある厳格な概念の枠組みの中に、それとは全くそぐわない異質な現実が突然放り込まれ、その「合理性と不条理の巨大なズレ」を私たちが突如として認識した瞬間に、そこに爆発的な「笑い」が生じるのだと論じました。,なぞかけの構造は、ショーペンハウアーが指摘した「極端な合理性とアブサーディティ（不条理）の対比」の完璧なモデルケースです。「AはBである。なぜならCだからだ」というなぞかけのフォーマット自体は、三段論法にも似た極めて厳密で数学的な「合理性（概念）」の骨格を持っています。しかし、その厳格な骨格の中に流し込まれるのは、単なるダジャレや音声の偶然という、意味論的には全く無価値で「不条理（アブサード）」な中身です。なぞかけは、最高度に理知的なフォーマットを用いて、最も知的でない無意味な音声の類似を証明してみせるという「極端なギャップ」を意図的に作り出します。この形式の合理性と中身の不条理の激しい衝突こそが、知的なカタルシスを伴う笑いの源泉なのです。,『意志と表象としての世界』（Die Welt als Wille und Vorstellung）第1巻 第13節における笑いの理論（不一致理論）,1819年,Arthur Schopenhauer（アルトゥル・ショーペンハウアー / ベルリン大学などで教鞭）
大分類 I：人文学および芸術（Humanities and Arts）,言語の構造そのものと、そこから生じる意味のズレ、修辞、論理的パラドックス、および文化的変遷を客観的・理論的に解明する領域。,第5章 哲学・論理学（Philosophy and Logic）,5.18,嘘とジョークの境界線：真理値を持たない発話の哲学,言語哲学者のポール・グライスは、日常会話が成り立つための暗黙のルール「協調の原理（Cooperative Principle）」を提唱しました。その中の一つに「自分が偽であると信じていることを言ってはならない」という「質の格率（Maxim of Quality）」があります。「嘘」とは、聞き手を騙すためにこの格率に「隠れて」違反する行為です。一方で、ジョークやアイロニー（皮肉）は、聞き手にも分かるようにわざとあからさまに嘘をつく「公然の違反（Flouting）」に分類されます。グライスによれば、話し手が明らかに真理値を持たない（偽である）発話を公然と行ったとき、聞き手は「なぜ相手はわざと偽の命題を言ったのか？」と推論を働かせ、言葉の裏に隠された真のメッセージ（推意：Implicature）を発見することが分かりました。,なぞかけのお題「満員電車と掛けまして、好きな人と解く」は、事実関係としては完全に「偽」の命題です。しかし、これが「嘘（妄言）」として扱われないのは、グライスの言う「公然の違反」のルールが働いているからです。演者も聴者も、それが真理値を持たないデタラメであることを最初から共有しています。この「あからさまな偽の命題」を突きつけられることで、聴者の脳は即座に文字通りの意味を棄却し、「では、この公然の違反の裏に隠されたメッセージ（推意）は何だ？」という推論モードへと強制的に移行します。「その心は（どちらも、すいてくれると嬉しいでしょう）」というオチは、聴者が自らの推論によって探し当てようとしていた「同音異義語」という隠された推意を提示する瞬間です。なぞかけは、嘘とジョークの境界線を利用し、聴者の推論力を巧みに誘導する語用論的なマジックだと言えます。,『論理と会話』（Logic and Conversation / 会話の含み・推意に関する理論）,1975年出版（初出は1967年のウィリアム・ジェームズ記念講演）,Paul Grice（ポール・グライス / カリフォルニア大学バークレー校など）
大分類 I：人文学および芸術（Humanities and Arts）,言語の構造そのものと、そこから生じる意味のズレ、修辞、論理的パラドックス、および文化的変遷を客観的・理論的に解明する領域。,第5章 哲学・論理学（Philosophy and Logic）,5.19,ゲーデルの不完全性定理の自己言及構造とパラドックス・ジョーク,数学者クルト・ゲーデルは、「自然数論を含む矛盾のない形式的体系の内部には、証明も反証もできない真なる命題が必ず存在する」という「第一不完全性定理」を証明しました。この証明の核心は、「嘘つきのパラドックス（私は嘘つきである）」の構造を応用し、『自己言及的な命題（この命題は証明できない）』を数学的な記号の枠組み（ゲーデル数）に翻訳してシステム内部に組み込んだことにあります。この画期的な発見により、言語や論理のシステムは、外側の世界を記述するだけでなく、システムそのものの構造について「メタレベルで自らを語る（自己言及する）」能力を持っており、それゆえに避けられない原理的な限界（決定不可能性）を内包していることが明らかになりました。,なぞかけは、日常言語のシステムが持つこの「自己言及構造」を逆手に取ったメタ言語的ジョークの一種です。通常、私たちが言葉を使うとき、言葉は「外の世界の事物」を指し示しています（対象言語）。しかし、なぞかけのオチが提示された瞬間、言葉のベクトルは外の世界から「言葉自身の音声的構造（同音異義）」へと急激に反転します。なぞかけは「事物について語っている」フリをしながら、実は「日本語という言語システムの音声的バグについてメタ的に語っている（自己言及している）」のです。ゲーデルが自己言及の構造を用いて数学システムの限界を突いたように、なぞかけは言語を用いて言語自身の構造の隙間（同音異義語）を突き、対象言語からメタ言語の視点へと聴者をジャンプさせる高度な自己言及的遊戯だと言えます。,『プリンキピア・マテマティカおよび関連する諸体系の形式的に決定不可能な命題について 第I部』（?ber formal unentscheidbare S?tze der Principia Mathematica und verwandter Systeme I）,1931年,Kurt G?del（クルト・ゲーデル / ウィーン大学など）
大分類 I：人文学および芸術（Humanities and Arts）,言語の構造そのものと、そこから生じる意味のズレ、修辞、論理的パラドックス、および文化的変遷を客観的・理論的に解明する領域。,第5章 哲学・論理学（Philosophy and Logic）,5.20,矛盾許容論理（パラコンシステント論理）におけるナンセンスの形式化,アリストテレス以来の古典論理学では、「Aであり、かつAではない」という矛盾がシステム内に一つでも存在すると、そこからあらゆる命題が真として導き出されてしまい、システム全体が崩壊してしまいます（これを「爆発律（Principle of Explosion）」と呼びます）。しかし、現代の数理論理学において発展した「矛盾許容論理（パラコンシステント論理）」は、この爆発律を無効化します。グレアム・プリーストらが提唱した「真なる矛盾（Dialetheism：真矛盾主義）」などの立場によれば、論理システムは一部に矛盾（ナンセンス）を抱え込んでいても、直ちに全体を崩壊させることなく局所的にそれを処理し、有意義な推論を続けることが可能であることが形式化されました。,なぞかけの「全く無関係なAとBが同じである」というお題の提示は、日常の古典的な意味論からすれば完全な「矛盾」であり「ナンセンス」です。もし人間の認知システムが古典論理だけで動いていれば、このお題を聞いた瞬間に「意味不明だ！」と脳内の意味ネットワークがエラーを起こし、思考が崩壊（爆発）してしまうはずです。しかし、私たちがなぞかけを楽しむとき、人間の脳はまさに「矛盾許容論理（パラコンシステント論理）」のシステムとして稼働しています。聴者はこの局所的なナンセンスによる意味の崩壊を一時的に保留（許容）し、「その心は」というオチの提示によって、矛盾が「音声の次元」でのみ真（Dialetheia）として成立するのを確かめます。なぞかけの笑いとは、人間の知性が一時的な矛盾のバグに耐え、それを全体のエラーにせずに局所的に解決して遊ぶことができる、極めて強靭で柔軟な論理処理能力の証明なのです。,論文『パラドックスの論理』（The Logic of Paradox）および著書『In Contradiction』における「真なる矛盾（Dialetheism）」の提唱と体系化,1979年（論文発表）、1987年（著書出版）,Graham Priest（グレアム・プリースト / メルボルン大学、ニューヨーク市立大学など）
大分類 I：人文学および芸術（Humanities and Arts）,言語の構造そのものと、そこから生じる意味のズレ、修辞、論理的パラドックス、および文化的変遷を客観的・理論的に解明する領域。,第6章 日本文学・国文学（Japanese Literature）,6.1,古今和歌集における「掛詞」「縁語」の連想ネットワーク,平安時代の『古今和歌集』において完成を見た「掛詞（かけことば）」や「縁語（えんご）」の修辞技巧は、単なる言葉遊び（駄洒落）ではなく、三十一文字という極端な制約の中で「多層的な世界を同時に構築する」ための高度な表現システムであることが国文学研究によって解明されています。渡辺実などの研究によれば、和歌の表現は、一つの音声（シニフィアン）に「自然の景物」と「人間の情念（人事）」という二つの意味（シニフィエ）を重ね合わせる結合点として機能します。さらに、その掛詞から連想される「縁語」を歌の中に散りばめることで、水面下で意味のネットワークが形成され、短い詩型の中に奥行きのある広大な叙情空間を立ち上げることが可能になったとされています。,なぞかけは、この平安貴族たちが極めた「掛詞と縁語の連想ネットワーク」を、現代の日常語にダウンスケールして受け継いだ正統な後継者です。なぞかけの「オチ」は和歌における「掛詞」そのものであり、全く無関係に見えるお題（A）と解き明かし（B）という二つの世界を、一つの音声で鮮やかに結合させます。さらに、秀逸ななぞかけにおいては、解き明かしのフレーズの中にお題に関連する別の言葉が「縁語」として隠されていることがあります。私たちはなぞかけを聞いて「上手い！」と膝を打ちますが、その知的興奮の正体は、千年前の貴族たちが和歌の修辞に感じていた「異なる二つの世界が一つの音声ネットワークで見事に重なり合う」というカタルシスと全く同じものなのです。,論文「日本語と和歌」等に基づく和歌の修辞・表現構造の分析（のちに著書『国語意味論』に所収）,1993年（初出。2002年『国語意味論』出版）,渡辺実（わたなべ みのる / 京都大学名誉教授）
大分類 I：人文学および芸術（Humanities and Arts）,言語の構造そのものと、そこから生じる意味のズレ、修辞、論理的パラドックス、および文化的変遷を客観的・理論的に解明する領域。,第6章 日本文学・国文学（Japanese Literature）,6.2,万葉集の「戯書（ぎしょ）」に見る漢字の音訓を利用した視覚的謎解き,日本最古の歌集『万葉集』は、漢字の音訓を借用して日本語の音を書き表す「万葉仮名」で記されていますが、その中には「戯書（ぎしょ）」と呼ばれる高度な言葉遊びが多数含まれていることが研究で明らかになっています。例えば、「十六」と書いて「しし（4×4＝16）」と読ませたり、「春秋」と書いて「夏が欠けている」ことから「なつかし（夏無き）」と読ませたり、「牛水」と書いて「うすい（牛・水）」と読ませたりします。これらの表記論的分析により、古代の知識人たちが漢字という外来の文字体系を単なる記録ツールとしてではなく、視覚と音声のズレを利用した「高度な知的な謎解き（パズル）のインターフェース」として享受していたことが分かっています。,万葉集の戯書が「視覚（文字）」を用いた謎解きであるならば、なぞかけはそれを「聴覚（音声）」に変換した謎解きゲームです。戯書において、読者は「春秋」という文字面（お題）を見せられ、一瞬「？」と立ち止まります。そして、漢字の音訓や算術、あるいは欠如の論理というルール（その心は）を適用することで、「なつかし」という本来の音声と意味（オチ）にたどり着きます。なぞかけも同様に、表層的には無関係な言葉を提示し、同音異義というルールを適用させることで解に到達させます。文字を使うか音声を使うかの違いこそあれ、受け手に「一時的な意味の混迷」を与え、特定のルールで「謎を解読させる」という脳の認知プロセスは、8世紀の戯書も現代のなぞかけも完全に一致しているのです。,『万葉表記の研究』などにおける戯書（ぎしょ）と万葉仮名の表記構造に関する研究,1990年,稲岡耕二（いなおか こうじ / 東京大学名誉教授）
大分類 I：人文学および芸術（Humanities and Arts）,言語の構造そのものと、そこから生じる意味のズレ、修辞、論理的パラドックス、および文化的変遷を客観的・理論的に解明する領域。,第6章 日本文学・国文学（Japanese Literature）,6.3,俳諧の連歌における「付合（つけあい）」の論理の相同性,松尾芭蕉らによって芸術的な高みに引き上げられた「俳諧（連歌）」では、前の句（前句）に対して別の者が次の句（付句）を繋げていく「付合（つけあい）」のルールが極めて重要視されました。国文学者の尾形仂らは、この付合の論理を深く分析し、優れた付合とは単なる言葉の連想（詞付）ではなく、前句から極限まで離れた全く別の世界を描きながらも、その底流に共通の情緒や概念の響き合い（匂付・心付）を持たせることであると論じました。表層的には「飛躍（ズレ）」させつつ、深層においては見事な「相同性（調和）」を保つ。この緊張感のある距離の跳躍こそが、俳諧という「座（参加者の集まり）」における最高の知的エンターテインメントであったことが示されています。,なぞかけの「〇〇と掛けまして、××と解く」という構造は、この俳諧の付合における「前句」と「付句」の関係性を、一人の演者が自己完結で行う極小の連歌だと言えます。なぞかけのお題が「前句」だとすれば、解き明かしは「付句」です。付句（解き明かし）が前句（お題）に近すぎれば「つまらない（月並み）」と評価され、離れすぎて論理が破綻すれば「不可解」として座が白けます。最も喝采を浴びるのは、二つの言葉が遠くかけ離れて飛躍しているのに、オチの言葉（掛詞）を介した瞬間に、両者が底流で見事な論理的相同性を持っていたことが判明する瞬間です。なぞかけの美学とは、江戸時代の俳人たちが「付合」において競い合った、あのスリリングな「飛躍と調和」のメカニズムそのものなのです。,『座の文学』における俳諧の連想構造と「付合（つけあい）」の論理に関する研究,1973年,尾形仂（おがた つとむ / 東京教育大学・専修大学など）
大分類 I：人文学および芸術（Humanities and Arts）,言語の構造そのものと、そこから生じる意味のズレ、修辞、論理的パラドックス、および文化的変遷を客観的・理論的に解明する領域。,第6章 日本文学・国文学（Japanese Literature）,6.4,狂歌・川柳に見られる古典のパロディと「穿ち」の精神,江戸時代中期に花開いた「狂歌」や「川柳」の美学について、国文学の研究では「穿ち（うがち）」「おかし」「軽み」という要素が重要視されています。特に「穿ち」とは、物事の表面的な美しさや建前を突き破り、人間の隠された本音、滑稽な真実、あるいは社会の矛盾を鋭くえぐり出す精神のことです。和歌や連歌といった雅（みやび）で高尚な古典文学のフォーマット（本歌取りなど）をあえてパロディ化し、そこに卑近で俗悪な日常のリアルを流し込むことで、強烈なギャップとアイロニーを生み出しました。この「穿ち」の技法により、言葉遊びは単なるおどけを越えて、人間の心理や社会を鋭く批評する知的な文学ジャンルへと昇華したことが分かっています。,なぞかけの面白さのピークもまた、単なる同音異義語の発見（ダジャレ）ではなく、この「穿ち」の精神がいかに発揮されているかにかかっています。例えば、お題に対して、誰もが思いつくような表面的な言葉ではなく、「なるほど、確かにそういう人間の業（ごう）や裏の顔がある！」と聴者の意表を突くような鋭い解き明かし（穿ち）が行われたとき、笑いとともに深いため息が漏れます。なぞかけは、古典文芸から受け継がれた「形式は整然と美しく、中身は人間の俗な真実を鋭くえぐる」という川柳的なパロディ精神と「穿ち」の美学を、現代の日常会話のスケールに落とし込んだ極小の文学作品なのです。,『川柳の魅力』および『江戸俳句と川柳』などにおける「穿ち・おかし・軽み」の川柳美学の分析,1989年（『川柳の魅力』発行）,復本一郎（ふくもと いちろう / 神奈川大学名誉教授）
大分類 I：人文学および芸術（Humanities and Arts）,言語の構造そのものと、そこから生じる意味のズレ、修辞、論理的パラドックス、および文化的変遷を客観的・理論的に解明する領域。,第6章 日本文学・国文学（Japanese Literature）,6.5,江戸期の「前句付」から大衆的言葉遊びの洗練プロセス,江戸時代中期に花開いた「狂歌」や「川柳」の美学について、国文学の研究では「穿ち（うがち）」「おかし」「軽み」という要素が重要視されています。和歌や連歌といった雅（みやび）で高尚な古典文学のフォーマット（本歌取りなど）をあえてパロディ化し、そこに卑近で俗悪な日常のリアルを流し込むことで、強烈なギャップとアイロニーを生み出しました。この「穿ち」の技法により、言葉遊びは単なるおどけを越えて、人間の心理や社会を鋭く批評する知的な文学ジャンルへと昇華したことが分かっています。,なぞかけの面白さのピークもまた、単なる同音異義語の発見（ダジャレ）ではなく、この「穿ち」の精神がいかに発揮されているかにかかっています。例えば、お題に対して、誰もが思いつくような表面的な言葉ではなく、「なるほど、確かにそういう人間の業（ごう）や裏の顔がある！」と聴者の意表を突くような鋭い解き明かし（穿ち）が行われたとき、笑いとともに深いため息が漏れます。なぞかけは、古典文芸から受け継がれた「形式は整然と美しく、中身は人間の俗な真実を鋭くえぐる」という川柳的なパロディ精神と「穿ち」の美学を、現代の日常会話のスケールに落とし込んだ極小の文学作品なのです。,『俳句と川柳 「笑い」と「切れ」の考え方、たのしみ方』等における「穿ち・おかし・軽み」の川柳美学の分析,1999年,復本一郎（ふくもと いちろう / 神奈川大学名誉教授・俳文学者）
大分類 I：人文学および芸術（Humanities and Arts）,言語の構造そのものと、そこから生じる意味のズレ、修辞、論理的パラドックス、および文化的変遷を客観的・理論的に解明する領域。,第6章 日本文学・国文学（Japanese Literature）,6.6,黄表紙や洒落本における「地口」の多用と出版文化,江戸後期、山東京伝（さんとう きょうでん）らに代表される「黄表紙（絵入りの風刺的娯楽本）」や「洒落本（遊郭を舞台にした小説）」といった「戯作（げさく）」文学がベストセラーとなりました。戯作文学の最大の特徴の一つは、文脈を無視してでも言葉の音韻的な類似をこじつける「地口（じぐち＝ダジャレ・語呂合わせ）」や「秀句」が、地の文やセリフに過剰なまでに盛り込まれている点です。中村幸彦らの研究により、これは単なる低俗な言葉遊びではなく、高度な読字能力を持った都市の読者層と作者との間で交わされる「知的な戯れ（遊び）」の装置であったことが明らかにされています。木版印刷による大量出版文化が、共通の語彙やパロディの元ネタ（共有知識）を急速に標準化し、複雑な言葉遊びをマス・メディアのコンテンツとして成立させたのです。,なぞかけの命綱である「同音異義語（地口）」が、単なる個人的な思いつきを超えて、見ず知らずの聴者の間で瞬時に「笑い」として成立するためには、演者と聴者の間に「膨大な語彙と音声のデータベース」が共有されていなければなりません。江戸の出版文化が黄表紙や洒落本を通じて都市の読者に「地口の回路（言葉の裏の音を瞬時に探る癖）」をインストールしたように、なぞかけもまた、現代のマス・メディアや義務教育によって標準化された言語空間という「インフラ」の上に乗って初めて機能します。なぞかけを聴いて私たちが即座にオチの意味を理解できるのは、戯作文学の時代から脈々と続く「言葉を音のレベルに分解して遊ぶ」という高度なリテラシーが、出版・メディア文化を通じて私たちの中に深く根付いている証拠なのです。,『戯作論』および『近世作家の研究』における戯作文学の「遊び」と修辞（地口・秀句）の構造分析,1966年（『戯作論』発行）,中村幸彦（なかむら ゆきひこ / 関西大学・九州大学名誉教授）
大分類 I：人文学および芸術（Humanities and Arts）,言語の構造そのものと、そこから生じる意味のズレ、修辞、論理的パラドックス、および文化的変遷を客観的・理論的に解明する領域。,第6章 日本文学・国文学（Japanese Literature）,6.7,井原西鶴の浮世草子における経済的メタファーと町人の機知,江戸時代のベストセラー作家である井原西鶴は、『日本永代蔵』や『世間胸算用』などの「町人物（浮世草子）」において、貨幣経済が浸透した都市生活者のリアルな欲望を鮮やかに描き出しました。西鶴文学の研究によれば、彼は単に商売の様子を描写しただけでなく、金銭の損得や商取引の駆け引きを、人間の生き方や運命を説明するための「経済的メタファー（比喩）」として極めて高度に文学的昇華させています。そこでは、義理や人情といった目に見えない価値すらも、冷徹な「算盤（そろばん）」の論理と、機転を利かせて危機を乗り越える「才覚（機知）」のレンズを通して語られます。言葉の表面的な意味の裏に、常に「いくら儲かるか・損するか」という二重の計算が走っているのが西鶴の文体の凄みです。,なぞかけが持つ「掛ける」「解く」という構造は、極めて西鶴的な「経済的メタファー（勘定の論理）」に支えられています。お題（A）と解き明かし（B）という、全く価値の異なる二つの事象を市場（座）に持ち込み、それらを「オチ（C）」という共通の通貨（基準）を用いて見事に「等価交換」してみせるのが、なぞかけのメカニズムです。聴者はその見事な取引（掛詞）を見て、演者の「才覚（機知）」に感嘆し、拍手という利益を与えます。なぞかけとは、言葉の意味の重さや響きを天秤にかけ、瞬時に釣り合いを取ってみせる、極めて商人的で抜け目ない「言葉の胸算用（経済活動）」のエンターテインメントだと言えるのです。,著書『西鶴 評論と研究』および『日本永代蔵』注釈等における町人物の「才覚」と経済的合理性の文学的構造解析,1948年（『西鶴 評論と研究』初版発行）、以降の全集校注等で体系化,暉峻康隆（てるおか やすたか / 早稲田大学名誉教授・近世文学研究者）
大分類 I：人文学および芸術（Humanities and Arts）,言語の構造そのものと、そこから生じる意味のズレ、修辞、論理的パラドックス、および文化的変遷を客観的・理論的に解明する領域。,第6章 日本文学・国文学（Japanese Literature）,6.8,落語の「見立て落ち」「地口落ち」の文学的構造解析,日本の伝統的な話芸である「落語」は、最後に必ず「サゲ（落ち）」をつけて物語を締めくくります。言語学や芸能史のアプローチからこのサゲの構造を分類・解析した研究によれば、代表的なものに「見立て落ち」と「地口落ち（同音異義）」があります。「見立て落ち」は、ある事象を全く別の事象に重ね合わせることで認識のズレを笑いにする技法であり、「地口落ち」は、音声の類似性を利用して文脈を強制的に反転させる技法です。これらの研究は、落語のオチが単なるストーリーの終結ではなく、それまで積み上げてきた物語の論理（日常の枠組み）を、修辞的なトリックを用いて一瞬で転覆・脱臼させる高度な言語的機能を持っていることを明らかにしています。,なぞかけは、落語が数十分かけて語る物語の「フリ（前提の共有）」のプロセスを極限まで圧縮し、「サゲ」の部分だけを純粋培養した抽出物です。お題の提示は、落語の「見立て落ち」と同様に、これから全く別の文脈を重ね合わせるためのターゲット設定（照準）です。そして「その心は」に続くオチは、まさに「地口落ち（同音異義）」の炸裂です。落語家が長い噺の最後に「地口」を放って客席の論理を鮮やかに転覆させるのと同じように、なぞかけの演者はわずか数秒で日常語の論理を転覆させます。なぞかけの快感は、江戸時代から脈々と続く「落語のサゲ」が持つ構造的な破壊力とカタルシスを、最も効率的に味わうための圧縮フォーマットに由来しているのです。,著書『落語の言語学』における「サゲ（落ち）」の修辞学的分類と言語・認知機能の分析,1994年（初版発行）,野村雅昭（のむら まさあき / 日本語学者・早稲田大学名誉教授）
大分類 I：人文学および芸術（Humanities and Arts）,言語の構造そのものと、そこから生じる意味のズレ、修辞、論理的パラドックス、および文化的変遷を客観的・理論的に解明する領域。,第6章 日本文学・国文学（Japanese Literature）,6.9,謡曲（能）の詞章における言葉遊びの同居による美的緊張,世阿弥らによって大成された「能」の脚本である「謡曲（ようきょく）」は、中世の幽玄の美を体現する極めて厳粛で悲劇的な文学です。しかし、国文学者による詞章（テキスト）の修辞的分析から、驚くべき事実が指摘されています。それは、怨霊の嘆きや愛する者を失った悲哀といった極めてシリアスな場面の地の文に、「掛詞」や「縁語」といった和歌由来の「言葉遊び（修辞）」が極めて高密度で平然と織り込まれているという事実です。深い悲しみという「意味の層」と、同音異義を利用した知的遊戯という「音声の層」が同居することで、言葉が単一の意味に縛られず、観客の脳内に多層的で張り詰めた「美的緊張」を生み出していることが解明されています。,なぞかけの根底に流れているのも、この謡曲の詞章と同じ「意味のシリアスさと、音声の遊戯性の同居」がもたらす緊張感です。優れたなぞかけは、お題が「人生」「政治」「命」といった重厚で真面目なテーマであるほど輝きを増します。聴者はそのシリアスな意味の重力に一瞬引き込まれますが、「その心は」という言葉遊び（掛詞）によって、その重力から軽やかに救済されます。最も深刻な事象すらも、音声の類似という極めて軽薄で遊戯的なルールによって貫き通せるという事実。なぞかけは、全く相容れないはずの「深刻な意味」と「言葉の遊び」を一つの結び目で強引に統合してみせることで、能の幽玄にも通じる一瞬の知的・美的緊張を発生させているのです。,著書『能楽論研究』および『日本文藝史』等における謡曲の詞章構造（掛詞・縁語の修辞）と「幽玄」の美学的分析,1961年（『能楽論研究』初版発行）、以降『日本文藝史』（1985年?）等で体系化,小西甚一（こにし じんいち / 日本文学比較研究者・筑波大学名誉教授）
大分類 I：人文学および芸術（Humanities and Arts）,言語の構造そのものと、そこから生じる意味のズレ、修辞、論理的パラドックス、および文化的変遷を客観的・理論的に解明する領域。,第6章 日本文学・国文学（Japanese Literature）,6.10,説話文学（『宇治拾遺物語』等）における頓知話の物語論,,,,,
大分類 I：人文学および芸術（Humanities and Arts）,言語の構造そのものと、そこから生じる意味のズレ、修辞、論理的パラドックス、および文化的変遷を客観的・理論的に解明する領域。,第6章 日本文学・国文学（Japanese Literature）,6.11,近代文学（夏目漱石、内田百閒等）における江戸情緒と語呂合わせ,明治期以降の日本近代文学は、「言文一致（書き言葉と話し言葉の統一）」運動を推進し、一つの言葉が一つの明確な意味を持つ、論理的で透明な「近代語」の確立を目指しました。しかし、夏目漱石（『吾輩は猫である』等）やその弟子の内田百閒といった作家たちは、この硬直した近代語の波に対して、あえて江戸期の落語の文体や「地口（語呂合わせ）」、ナンセンスな言葉遊びを意図的にテクストに混入させました。研究によれば、これは単なる過去へのノスタルジーではなく、言葉を「単一の正しい意味」に縛り付けようとする近代の窮屈な啓蒙主義に対する、鋭い文学的抵抗（アンチテーゼ）であったことが示されています。彼らは言葉の多義性や音声的な遊び（江戸情緒）を保持することで、日本語が本来持っていた豊かで重層的な表現空間を守り抜いたのです。,なぞかけは、近代的な「一語一義（一つの言葉には一つの意味しかない）」という合理主義のルールに対する、最も身近でささやかな抵抗運動です。私たちが日常生活で使う言葉は、誤解を生まないよう常に意味が一つに固定されることを求められます（言文一致の完成形）。しかし、なぞかけは同音異義語を用いて、言葉の中に複数の意味が重なり合っている「バグ」を意図的に露呈させます。漱石や百閒が、ガチガチの近代文学の中に江戸の語呂合わせを放り込んで風穴を開けたように、なぞかけもまた、現代の窮屈なコミュニケーション空間の中に「意味が確定しない遊びの空間（江戸の情緒）」を一瞬だけ立ち上げ、私たちの凝り固まった脳を解きほぐしてくれるのです。,著書『日本文学と落語』等における近代文学と江戸戯作・落語的文体の影響研究,1970年（『日本文学と落語』初版発行）,興津要（おきつ かなめ / 国文学者・早稲田大学名誉教授）
大分類 I：人文学および芸術（Humanities and Arts）,言語の構造そのものと、そこから生じる意味のズレ、修辞、論理的パラドックス、および文化的変遷を客観的・理論的に解明する領域。,第6章 日本文学・国文学（Japanese Literature）,6.12,謎解き歌（なぞなぞ歌）の伝承と変遷に関する文献学的研究,「なぞ（謎）」という言葉の語源は、「何ぞ（それは何か）」という問いかけにあるとされています。民俗学者・国文学者の鈴木棠三による文献学的研究は、日本の「なぞ」の歴史的変遷を鮮やかに描き出しました。古代において「なぞ」とは、神託や呪術において隠された真実（真の名）を問う、極めて宗教的で厳粛な行為でした。それが平安・室町時代になると、和歌の形式に意味を隠す「謎解き歌」という貴族の知的遊戯へと変化します。そして江戸時代に至り、子供向けの純粋なクイズとしての「なぞなぞ」と、大人の機知を競う「なぞかけ」へと完全に世俗化・分岐しました。この研究は、「隠された意味を暴く」という人間の行為が、神との対話（呪術）から、言葉の構造そのものを楽しむエンターテインメント（遊戯）へと移行してきた壮大な文化史を明らかにしています。,なぞかけの「〇〇と掛けまして……」という前置きと、その後に訪れる思考の空白（沈黙）は、古代人が神の言葉の真意を探ろうとした「呪術的・宗教的な問いかけ（何ぞ）」の儀式の、かすかな名残であると言えます。しかし、現代のなぞかけにおいて「その心は」で開示されるのは、世界の深遠な真理ではなく、ただの「同音異義のダジャレ」です。神聖な真理を期待させるような厳粛な「謎解きのフォーマット」を用いながら、最高に世俗的で馬鹿馬鹿しいオチへと着地させる。なぞかけは、数千年におよぶ「謎解きの歴史」の重みそのものをフリ（前提）として利用し、それを笑いへと変換する究極の歴史的パロディなのです。,著書『なぞの研究』および『ことば遊び辞典』等における謎解きの文献学的・民俗学的系譜の研究,1963年（『なぞの研究』初版発行）,鈴木棠三（すずき とうぞう / 民俗学者・国文学者）
大分類 I：人文学および芸術（Humanities and Arts）,言語の構造そのものと、そこから生じる意味のズレ、修辞、論理的パラドックス、および文化的変遷を客観的・理論的に解明する領域。,第6章 日本文学・国文学（Japanese Literature）,6.13,和漢混淆文における雅語と俗語の反転メカニズム,日本の文学史において、表現のダイナミズムを生み出してきた大きな要因に「雅（が）」と「俗（ぞく）」の対立と融合があります。近世文学研究（とりわけ中野三敏らの雅俗論）によれば、江戸時代の戯作文学や俳諧は、和歌や漢詩などの伝統的で高貴な「雅」の世界と、卑近で日常的な「俗」の世界という階層性を逆手にとった「雅俗の反転（見立て・もじり）」を意図的に仕掛けました。極めて卑俗で下品な日常の出来事を、あえて荘厳な漢語や雅語を用いて大げさに描写したり、逆に高貴なテーマを俗語で地に引きずり下ろしたりすることで、文体や意味の強烈な落差（ギャップ）が生み出され、それが江戸特有の高度なユーモアや風刺として機能するメカニズムです。,なぞかけの構造は、まさにこの「雅俗の反転（階層移動）」を音声レベルで再現したものです。優れたなぞかけのオチ（掛詞）は、全く異なる階層の語彙を一つの音声で串刺しにします。例えば、お題として「国際政治（硬質で高尚な雅）」を提示しておきながら、解き明かしで「近所の銭湯（日常的で卑近な俗）」を持ってくる。そして「その心は」で放たれる同音異義語が、この極端に離れた「雅」と「俗」の階層を一瞬で接続（反転）させます。聴者は、高尚な概念と卑近な日常が同じ音の響きを持っているという事実に驚き、言葉の階層をエレベーターで急降下するような認知的なめまいを覚えます。なぞかけの快感は、日本文学が長年かけて培ってきた「雅語と俗語の衝突・反転」のダイナミズムを、わずか数秒で味わえる点にあるのです。,著書『十八世紀の江戸文芸 雅と俗の成熟』等における近世の「雅俗」の対立と融和、および文体的構造の解析,1999年（初版発行）,中野三敏（なかの みつとし / 日本近世文学研究者・九州大学名誉教授）
大分類 I：人文学および芸術（Humanities and Arts）,言語の構造そのものと、そこから生じる意味のズレ、修辞、論理的パラドックス、および文化的変遷を客観的・理論的に解明する領域。,第6章 日本文学・国文学（Japanese Literature）,6.14,短歌・俳句の近代化における言葉遊びの排除と現代詩での復活,明治時代、日本の伝統的な短詩型文学（短歌・俳句）を近代文学へと刷新するため、正岡子規は「写生（客観的な現実の描写）」という強力な文学理論を提唱しました。子規は著書『歌よみに与ふる書』の中で、『古今和歌集』以来の「掛詞」や「縁語」といった言葉遊びを「理屈っぽく、人為的で俗悪である（地口や理屈の類である）」として徹底的に否定・排除しました。近代的な「私」の真実の感情や、目の前の風景をありのままに表現するためには、一つの言葉に複数の意味を持たせるような修辞のトリックは邪魔だったのです。しかしその後、昭和期の現代詩や前衛短歌（塚本邦雄など）において、言葉が現実を単に指し示すだけの透明な道具であることを疑い、言葉自体の物質性や多義性（言葉遊び・言語遊戯）を再評価・復活させる動きが起こったことが文学史の研究で示されています。,なぞかけは、正岡子規が近代化の名の下に追い出そうとした「言葉遊び（修辞のトリック）」の残党であり、その最も純粋な結晶です。近代の合理主義は「言葉は現実を正確に映し出す鏡であるべき（一語一義）」と要求しますが、なぞかけはそのルールを真っ向から無視します。「その心は」という合図とともに、一つの音声が全く異なる二つの現実を同時に指し示すという「掛詞」のバグを意図的に引き起こすからです。なぞかけが私たちに提供するのは、現実の風景を正確に描写すること（写生）の感動ではなく、言葉そのものが持つ多義的で無責任な「遊びの力」が、近代の窮屈な論理を軽やかにすり抜けていく痛快さなのです。,正岡子規『歌よみに与ふる書』における修辞（言葉遊び）の否定、および塚本邦雄『ことば遊び悦覧記』等における言語遊戯の再評価と前衛的復活に関する研究,1898年（『歌よみに与ふる書』）、1980年（『ことば遊び悦覧記』初版発行）,正岡子規（まさおか しき）、塚本邦雄（つかもと くにお / 前衛歌人・詩人）、および近代文学研究者全般
大分類 I：人文学および芸術（Humanities and Arts）,言語の構造そのものと、そこから生じる意味のズレ、修辞、論理的パラドックス、および文化的変遷を客観的・理論的に解明する領域。,第6章 日本文学・国文学（Japanese Literature）,6.15,仮名草子における言葉遊びの教訓的・啓蒙的機能,江戸時代初期、武士や僧侶だけでなく、広く庶民や女性に向けて仮名交じり文で書かれた啓蒙的な読み物を「仮名草子（かなぞうし）」と呼びます。国文学者の野田寿雄らの研究によれば、『可笑記（かしょうき）』などの代表的な仮名草子は、儒教的な道徳や仏教の因果応報といった「お堅い教訓」を大衆に説く際、ユーモア、パロディ、そして「言葉遊び（地口・語呂合わせ）」を意図的に多用しました。読者は言葉遊びによる「笑い」に惹きつけられてページをめくるうちに、無意識のうちに道徳的・実用的な知識を吸収するように設計されていました。言葉遊びは単なる娯楽ではなく、高尚な教えのハードルを下げ、大衆の記憶に定着させるための極めて優秀な「啓蒙のインターフェース」として機能していたことが明らかになっています。,なぞかけの構造は、この仮名草子が持っていた「エンターテインメント（言葉遊び）と真理の啓蒙」の融合メカニズムをコンパクトに再現したものです。優れたなぞかけは、ただのダジャレで終わるのではなく、オチの瞬間に「確かに人生とはそういうものだ」「世の中の真理を突いている」という、一種の教訓めいたカタルシス（納得感）を伴います。聴者は、「AとBをどう繋ぐのか」という言葉遊び（クイズ）の面白さに油断しているところに、オチの同音異義語とともに「ちょっとした世間の真理」をスッと心に滑り込まされます。なぞかけは、江戸時代から続く「笑いで包んで真理を飲ませる」という仮名草子的な啓蒙の技術を受け継ぐ、大衆の知恵のフォーマットなのです。,著書『日本近世小説史 仮名草子篇』および『近世小説史論考』等における、仮名草子の教訓性と娯楽性（笑い）の構造分析,1986年（『日本近世小説史 仮名草子篇』）、1961年（『近世小説史論考』初版発行）,野田寿雄（のだ ひさお / 国文学者・近世文学研究）
大分類 I：人文学および芸術（Humanities and Arts）,言語の構造そのものと、そこから生じる意味のズレ、修辞、論理的パラドックス、および文化的変遷を客観的・理論的に解明する領域。,第6章 日本文学・国文学（Japanese Literature）,6.16,歌舞伎の「渡り台詞」における音律美学と語呂合わせ,歌舞伎の代表的な演出技法である「渡り台詞（複数の役者がリレー形式でセリフを繋いでいく手法、『白浪五人男』などが有名）」について、演劇学者の郡司正勝や河竹登志夫らは、その美学的特質を「意味」よりも「音律（音楽性）」の優位性に見出しました。渡り台詞は「七五調」という日本人に心地よいリズムで構成され、その中には「地口（語呂合わせ）」や「縁語」が過剰なまでに詰め込まれています。研究によれば、これらのセリフは登場人物のリアルな心理や状況を写実的に説明するためのものではなく、役者の声の響き、リズムのうねり、そして言葉遊びの連続によって、観客を論理の次元から引き離し、祝祭的で陶酔的な「様式美（音楽的な快楽）」へと誘い込むための強力な聴覚的装置であることが解明されています。,なぞかけが口頭で演じられる際のリズム感は、歌舞伎の台詞術が持つ「音律の陶酔」と完全に同じ回路を使用しています。「〇〇と掛けまして、××と解く、その心は……」という定型句は、内容以前にまず七五調的な心地よいテンポとリズム（グルーヴ）で聴者の耳を捉えます。そして、論理的な意味の追求ではなく、オチの「同音異義語がパシッと型にはまる瞬間」の聴覚的なカタルシスをゴールとしています。なぞかけを聞いて私たちが感じる「お見事！」という爽快感は、高度な論理的解決によるものというよりは、歌舞伎の渡り台詞がピタリと決まったときや、見得（みえ）を切ったときに客席から「大向う」の掛け声が飛ぶような、極めて音楽的で様式的な美の快楽（音律美学）に根ざしているのです。,著書『かぶき―様式と伝承』および『歌舞伎美論』等における七五調のセリフ術と音響的・様式的快楽の分析,1954年（『かぶき―様式と伝承』）、1989年（『歌舞伎美論』初版発行）,郡司正勝（ぐんじ まさかつ / 演劇学者・早稲田大学名誉教授）、河竹登志夫（かわたけ としお / 演劇学者・早稲田大学名誉教授）
大分類 I：人文学および芸術（Humanities and Arts）,言語の構造そのものと、そこから生じる意味のズレ、修辞、論理的パラドックス、および文化的変遷を客観的・理論的に解明する領域。,第6章 日本文学・国文学（Japanese Literature）,6.17,日本文学における「もどき」の精神史とパロディの機能,民俗学者であり国文学者の折口信夫は、日本の伝統芸能や文学の根底に「もどき（擬き）」という重要な構造があることを見出しました。古代の神事や芸能（神楽など）において、主役（シテ）が威厳ある神の言葉を難解で荘厳な身振りで語った後、必ず「もどき」と呼ばれる脇役（道化）が登場します。もどきは、シテの真面目で高尚な言葉を、滑稽で卑俗な日常語に「翻訳（パロディ化）」し、観客を笑わせながら神意を解説する役割を担います。折口の研究により、日本の文学や芸能は、この「高尚で聖なるもの（本歌）」と、それを茶化して地に引きずり下ろす「卑俗で笑えるもの（もどき）」という二項対立のダイナミズムによって発展してきた精神史を持つことが解明されています。,なぞかけは、この「シテ（聖・雅）」と「もどき（俗・笑）」の対話構造を一人の演者が自己完結で行う話芸です。「お題（A）」と「解き明かし（B）」の段階では、往々にして社会問題や真面目なテーマといった「シテ」の威厳ある言葉が語られます。しかし、「その心は（C）」の合図とともに、演者は突如として「もどき」の顔に切り替わります。そして、先ほどまでの高尚な概念を、単なる同音異義語という極めて卑俗で滑稽なレベルへと強制的に翻訳（パロディ化）して提示するのです。なぞかけが持つカタルシスは、神の言葉を道化が笑いに変えて大衆に届けた、古代日本から続く「もどき」の精神構造がもたらす知的な安心感に根ざしていると言えます。,『国文学の発生（第三稿・第四稿）』等における「まれびと」と「もどき」の芸能史的・民俗学的考察,1929年（『古代研究 国文学篇』収録）,折口信夫（おりくち しのぶ / 民俗学者・国文学者）
大分類 I：人文学および芸術（Humanities and Arts）,言語の構造そのものと、そこから生じる意味のズレ、修辞、論理的パラドックス、および文化的変遷を客観的・理論的に解明する領域。,第6章 日本文学・国文学（Japanese Literature）,6.18,定型フォーマット「Aとかけて」の歴史的成立過程の特定,「謎」という言語遊戯が、いつ、どのようにして現在の「Aとかけて、Bと解く、その心はC」という三段構成の定型フォーマットを獲得したのか。鈴木棠三らの文献学的研究によれば、平安時代から中世までの「古典なぞ」は「〇〇とは何か？ 答えは××」という一問一答式や和歌に隠す形が主流でした。しかし、江戸時代中期に大衆の出版・遊戯文化が花開く中で、「掛詞（かけことば）」をオチの論理的根拠（心）として明示する「三段なぞ（なぞかけ）」というジャンルが世俗化し確立しました。このプロセスにおいて、「掛けて」「解く」「心（理由）」という三つのメタ言語的な操作手順がフォーマットとして完全にパッケージ化され、誰でも同じ手順を踏めば知的遊戯を生産・享受できる「オープンソースのアルゴリズム」として世間に定着したことが明らかになっています。,なぞかけの「Aとかけて……」という定型句は、単なる開始の合図ではなく、江戸時代に完成した「極めて優秀な知のアルゴリズムの起動コマンド」です。このフォーマットが歴史的に成立・標準化されたことで、私たちは個人の天才的な閃きに頼らなくとも、「お題の決定」→「遠い概念の探索」→「同音異義による結合」という3つのステップに思考を分割して処理できるようになりました。なぞかけの面白さが現代においても全く色褪せないのは、この「掛けて・解く・心」という江戸期に発明されたインターフェース（定型フォーマット）が、人間の認知のズレと解決のプロセスを最も効率的に駆動させる、完璧なデザインを持っているからに他なりません。,著書『なぞの研究』等における謎の歴史的変遷と「三段なぞ」の定型化の書誌学分析,1963年（『なぞの研究』初版発行）,鈴木棠三（すずき とうぞう / 民俗学者・国文学者）
大分類 I：人文学および芸術（Humanities and Arts）,言語の構造そのものと、そこから生じる意味のズレ、修辞、論理的パラドックス、および文化的変遷を客観的・理論的に解明する領域。,第6章 日本文学・国文学（Japanese Literature）,6.19,泉鏡花作品等に見られる音韻連鎖がもたらす幻想空間,明治・大正期の作家である泉鏡花の文学は、近代文学が重んじた「論理的な筋立て（因果律）」よりも、「言葉の響き（音韻）」の連鎖によって物語が駆動するという特異な文体を持っています。笠原伸夫らの研究によれば、鏡花のテクスト内では、ある言葉の響きが、論理の飛躍を伴って別のイメージへとすり替わり、空間そのものが変容するといった「言葉遊び（掛詞）」の技法が多用されています。近代の散文では排除されるべき「音声の類似による文脈の混線」をあえて暴走させることで、鏡花は現実の物理法則が崩壊し、論理の代わりに「音」が世界を支配する圧倒的な「幻想空間」を立ち上げたことが示されています。,なぞかけのオチが機能するメカニズムは、泉鏡花が幻想文学を構築するために用いた「音韻連鎖による現実の書き換え」と全く同じ物理法則の上で動いています。「その心は」に続く同音異義語は、論理的な意味の繋がりを一切無視し、「音が同じである」というただ一点の事実のみをテコにして、お題（A）の空間を解き明かし（B）の空間へと強制的にワープさせます。鏡花がこの「音による論理のハッキング」を用いて美しく恐ろしい怪異（ホラー）を描いたのに対し、なぞかけは同じハッキング技術を用いて「笑い（コメディ）」を生み出します。どちらも、言葉の音声が論理的な意味を凌駕した瞬間に立ち現れる、日常言語のバグを利用したマジックなのです。,著書『泉鏡花 美とエロスの構造』等における鏡花文学の文体・修辞（音韻連鎖・イメージの転換）の分析,1976年（初版発行）,笠原伸夫（かさはら のぶお / 日本近代文学研究者・日本大学名誉教授）
大分類 I：人文学および芸術（Humanities and Arts）,言語の構造そのものと、そこから生じる意味のズレ、修辞、論理的パラドックス、および文化的変遷を客観的・理論的に解明する領域。,第6章 日本文学・国文学（Japanese Literature）,6.20,近世言語辞書（『節用集』等）における言葉遊びの語彙的基盤,室町時代末期から江戸時代にかけて、文字の書き方や意味を「いろは順」や意味分類（天地・時候など）で引くことができる『節用集（せつようしゅう）』と呼ばれる大衆向けの生活辞書が爆発的に普及しました。杉本つとむらの国語学・辞書史研究によれば、この辞書群は単なる実用書にとどまらず、都市の庶民たちに「同じ発音で異なる漢字・意味を持つ言葉（同音異義語）」を視覚的に整理して提示する機能を持っていました。『節用集』の普及によって、それまで一部の知識層のものであった膨大な語彙と漢字の知識がパッケージ化されて社会にインストールされ、これが川柳や謎解き、地口といった「大衆的な言葉遊び」を根底で支える強固なデータベース（語彙的基盤）となったことが明らかになっています。,なぞかけを即興で成立させるためには、演者の頭の中に「同音異義語の検索エンジン」が備わっているだけでなく、聴者の側にも「検索結果を瞬時に理解できる語彙のデータベース」が共有されていなければなりません。江戸時代に『節用集』という辞書が庶民の間に普及し、「言葉には様々な同音の漢字（意味）が当てられる」という言語感覚が社会のインフラとして共有されたからこそ、なぞかけというマス向けのエンターテインメントは成立し得たのです。私たちがなぞかけをスッと理解して笑えるのは、個人の言語センスの産物というよりも、数百年前に辞書文化が日本人の脳内に構築した「巨大な共有データベース」に、演者がオチというクエリ（検索要求）を見事にヒットさせた結果だと言えるのです。,著書『辞書・事典の研究』等における近世国語辞書（節用集）の普及と大衆言語文化の相関研究,1999年（『杉本つとむ著作選集』第六巻発行等）,杉本つとむ（すぎもと つとむ / 国語学者・早稲田大学名誉教授）
大分類 I：人文学および芸術（Humanities and Arts）,言語の構造そのものと、そこから生じる意味のズレ、修辞、論理的パラドックス、および文化的変遷を客観的・理論的に解明する領域。,第7章 比較文学・翻訳学（Comparative Literature and Translation Studies）,7.1,ダジャレ（Pun）の「翻訳不可能性」と等価翻訳の限界点,言語学者のローマン・ヤコブソンは、翻訳に関する記念碑的な論文の中で「詩的芸術は定義上、翻訳不可能である」と宣言しました。言葉遊びや詩においては、言葉の「意味（シニフィエ）」だけでなく、「音声や文字の形（シニフィアン）」そのものが作品の不可分な一部を構成しています。ある言語における同音異義語（Pun）が、別の言語でも全く同じ二つの意味を偶然に共有している確率は天文学的に低く、元の言葉の「意味」と「音」の機能を同時に別の言語へ移し替える「等価翻訳」は物理的に不可能です。ヤコブソンはこの考察を通じて、翻訳とは完全な意味の移植ではなく、元の言語の制約を別の言語の制約へと置き換える「創造的な移し替え（Creative transposition）」でしかあり得ないことを明らかにしました。,"なぞかけは、ヤコブソンが指摘した「翻訳不可能性」の究極の体現者です。「満員電車」と「スイカ」を「すく」という音声で結びつけるなぞかけを英語に翻訳しようとした瞬間、翻訳家は絶望します。なぜなら、""empty (or uncrowded)"" と ""transparent"" の両方の意味を持つ単一の英単語（音声）が存在しないからです。なぞかけは、日本語という特定の言語空間が偶然生み出した「音声の重なり（バグ）」に100%依存して成立しています。私たちがなぞかけを楽しめるのは、それが「絶対に他の言語には翻訳できない、この言語のネイティブスピーカーにしか味わえない特権的な暗号」であることを無意識に理解し、その極めてローカルな言語体系の豊かさ（あるいは偶然の奇跡）を共有しているからなのです。",論文『言語学的側面から見た翻訳論（On Linguistic Aspects of Translation）』における「翻訳不可能性」と創造的移し替えの理論,1959年,ローマン・ヤコブソン（Roman Jakobson / 言語学者・ハーバード大学、マサチューセッツ工科大学等）
大分類 I：人文学および芸術（Humanities and Arts）,言語の構造そのものと、そこから生じる意味のズレ、修辞、論理的パラドックス、および文化的変遷を客観的・理論的に解明する領域。,第7章 比較文学・翻訳学（Comparative Literature and Translation Studies）,7.2,スコポス理論（翻訳目的論）に基づく言葉遊びのローカリゼーション,翻訳学者ハンス・J・フェルメールらは、原文の逐語的な正確さよりも、翻訳という行為の「目的（スコポス）」を最優先する「スコポス理論（Skopostheorie）」を確立しました。この理論によれば、翻訳の成否は「ターゲットとなる読者（文化圏）に対して、原文が意図したのと同じ効果や機能を果たせたか」で決まります。例えば、コメディ映画のジョークを翻訳する際、原文の意味を直訳して「意味不明だが正確なセリフ」にするのは失敗です。その場面の目的（スコポス）が「観客を笑わせること」であるなら、翻訳者は原文の語彙を完全に捨て去り、ターゲット文化圏で同じ笑いを誘発する全く別のジョーク（言葉遊び）を創作して差し替えること（ローカリゼーション／トランスクリエーション）が、翻訳論的に最も「正しい」アプローチであると規定されました。,もしあなたが、日本の「なぞかけ」を海外の観客に披露するミッションを与えられた場合、唯一の解決策となるのがこの「スコポス理論」です。お題の「A」と解き明かしの「B」を直訳しても、現地の観客はクスリともしません。なぞかけの目的（スコポス）は、「一見無関係な二つの事象を、音声の偶然の一致を利用して鮮やかに結びつけ、知的カタルシス（笑い）を生むこと」です。したがって翻訳者は、日本語のお題とオチをすべて破棄し、例えば英語圏の観客に向けて「全く別の英単語の多義性（Pun）」を利用した新しいなぞかけをゼロから構築（創作）しなければなりません。なぞかけの翻訳とは、言葉を移し替えることではなく、「遠い概念を音で繋ぐ」という知的なシステム（目的）そのものを他言語で再構築する高度なエンジニアリングなのです。,著書『一般翻訳理論の基礎（Grundlegung einer allgemeinen Translationstheorie）』における「スコポス理論（Skopostheorie）」,1984年,カタリナ・ライス（Katharina Rei? / 翻訳学者）、ハンス・J・フェルメール（Hans J. Vermeer / 翻訳学者・ハイデルベルク大学等）
大分類 I：人文学および芸術（Humanities and Arts）,言語の構造そのものと、そこから生じる意味のズレ、修辞、論理的パラドックス、および文化的変遷を客観的・理論的に解明する領域。,第7章 比較文学・翻訳学（Comparative Literature and Translation Studies）,7.3,シェイクスピア劇の修辞と日本語の掛詞の比較文学的構造,"M. M. マフードによる古典的なシェイクスピア研究は、彼の戯曲の中に散りばめられた「言葉遊び（Pun / Quibble）」が、単なる低俗なダジャレや息抜きではなく、作品の悲劇性や人間の運命の複雑さを重層的に表現するための「極めて高度な修辞的・構造的装置」であることを実証しました。例えば『ロミオとジュリエット』において、死にゆくマキューシオが放つ ""Ask for me tomorrow, and you shall find me a grave man"" というセリフの ""grave"" は、「真面目な（静かな）男」と「墓場の男」という二つの意味を同時に響かせます。言葉の音声的偶然を利用して、生と死、あるいは愛と憎悪という両極端な概念を一つのセリフに圧縮するこの修辞法は、海を隔てた日本の和歌における「掛詞」と、文学的機能において驚くべき構造的類似（ホモロジー）を持っていることが比較文学の視点から指摘されています。",なぞかけは、シェイクスピアがルネサンス演劇で極め、日本の貴族が和歌で極めた「一つの音声に二つの世界を圧縮する」という言葉遊びの修辞学を、現代の日常に受け継いだものです。シェイクスピアの登場人物が運命の皮肉に直面したとき、その不条理さを表現するためにあえて「言葉遊び（Pun）」を用いたように、なぞかけの演者もまた、全く無関係に見えるお題（A）と解き明かし（B）という二つの世界の断絶を、「その心は（同音異義語）」という言葉遊びによって見事に縫い合わせてみせます。なぞかけによるカタルシスは、シェイクスピアの悲劇における修辞的な緊張感と同質の、「人間の脳が言語の音声的偶然の中に、世界の隠された繋がり（二重性）を発見したときの普遍的な喜び」に直結しているのです。,著書『シェイクスピアの言葉遊び（Shakespeare's Wordplay）』における修辞の多義性と悲劇的構造の分析,1957年（初版発行）,M. M. マフード（M. M. Mahood / 英文学者・オックスフォード大学等）
大分類 I：人文学および芸術（Humanities and Arts）,言語の構造そのものと、そこから生じる意味のズレ、修辞、論理的パラドックス、および文化的変遷を客観的・理論的に解明する領域。,第7章 比較文学・翻訳学（Comparative Literature and Translation Studies）,7.4,映像翻訳（字幕・吹替）における文字数制限と「意訳」の力学,映像翻訳（Audiovisual Translation）の研究者ヘンリク・ゴットリーブは、映画の字幕翻訳（Subtitling）を、紙の上の翻訳とは次元の異なる「対角的翻訳（Diagonal translation）」と定義しました。字幕には「1秒間に読める文字数（日本では約4文字）」や「画面上のスペース（最大2行）」といった絶対的な時空間の制約があります。この過酷な物理的制約の前に、翻訳者は原文の情報を一言半句すべて訳すこと（直訳）を放棄せざるを得ません。研究によれば、優れた映像翻訳者は、セリフから不要な修飾語や映像を見ればわかる情報を削ぎ落とし（削減）、原文が持つ「最も本質的な意図や感情（コア・メッセージ）」だけを抽出し、短い別の言葉で再構築する「意訳」という高度な戦略を駆使して、観客に同じ心理的効果を与えていることが分かっています。,なぞかけは、映像翻訳の字幕と同じように、極限まで「文字数と時間の制約」が課されたショート・エンターテインメントです。「Aと掛けましてBと解く、その心はC」というわずかな文字数・秒数の中に、二つの異なる世界とそれを結ぶ論理を詰め込まなければなりません。演者は、映像翻訳者が長いセリフを意訳するように、事象の複雑な説明をすべて削ぎ落とし、最も本質的で特徴的な「一つの音声（掛詞）」へと情報を圧縮・凝縮させます。なぞかけの美しさとは、制限された短い尺（フォーマット）だからこそ生まれる「無駄のない言葉の削ぎ落とし」であり、最小の文字数で最大の認知効果（笑い）を生み出す、字幕翻訳さながらの極めて洗練された情報圧縮の力学なのです。,論文『字幕翻訳―新たな大学の学問分野（Subtitling - A new university discipline）』等における「対角的翻訳」および制約と戦略の分析,1992年,ヘンリク・ゴットリーブ（Henrik Gottlieb / 映像翻訳理論家・コペンハーゲン大学等）
大分類 I：人文学および芸術（Humanities and Arts）,言語の構造そのものと、そこから生じる意味のズレ、修辞、論理的パラドックス、および文化的変遷を客観的・理論的に解明する領域。,第7章 比較文学・翻訳学（Comparative Literature and Translation Studies）,7.5,ルイス・キャロルのナンセンス文学における論理の各国語比較,ルイス・キャロルの『不思議の国のアリス』や「ジャバーウォックの詩」などのナンセンス文学は、世界各国でどのように翻訳・受容されてきたのか。高橋康也らの研究や比較文学的な分析によれば、キャロルの「ナンセンス」は、デタラメや無意味ではなく、文法（統辞論）という「厳格な論理の枠組み」は完全に保ったまま、単語の意味（意味論）だけを意図的に狂わせた「論理的なナンセンス」であることが解明されています。各国の翻訳者たち（フランス語のアントナン・アルトーなど）は、この詩を翻訳する際、自国語の文法規則と音韻の限界に挑み、独自のかばん語（造語）を発明しました。この比較研究により、言語圏が異なっても、人間は「文法規則の正しさがもたらす安心感」と「意味の不在・ズレ」が同居したときに、特有の知的な快感（ナンセンスの悦楽）を普遍的に得ることが示されました。,なぞかけのフォーマットは、まさにキャロルのナンセンス文学が用いた「厳格な論理と意味の脱臼」のシステムそのものです。「A＝Bである、なぜならCだからだ」というなぞかけの三段構造は、文法や論理の骨格としては完璧に理路整然としています。しかし、その厳密な骨格に流し込まれるのは、同音異義語という単なる音声の偶然を利用した、意味論的には「ナンセンス（論理的飛躍）」な内容です。なぞかけは、知的な推論フォーマットの「正しさ（合理性）」の中で、言葉の「バグ（不条理）」を合法的に遊ぶゲームであり、私たちがキャロルの「ジャバーウォックの詩」を読んで感じるのと同じ、高度に論理的なナンセンスの快感を提供してくれるのです。,著書『ノンセンスの文学』におけるキャロル文学の論理構造と意味の脱臼の分析,1977年（初版発行）,高橋康也（たかはし やすなり / 英文学者・東京大学名誉教授）
大分類 I：人文学および芸術（Humanities and Arts）,言語の構造そのものと、そこから生じる意味のズレ、修辞、論理的パラドックス、および文化的変遷を客観的・理論的に解明する領域。,第7章 比較文学・翻訳学（Comparative Literature and Translation Studies）,7.6,西洋の「Riddle」と日本の「なぞかけ」の普遍性の探求,西洋における「Riddle（謎々）」の構造を世界中の伝承から収集・分類したアーチャー・テイラーの金字塔的な研究があります。彼は、世界中のあらゆる文化圏に存在する謎（真の謎：True Riddle）が、普遍的に「記述（要素の提示）」と「阻害（一見矛盾する事実）」、そして「解決（答え）」という構造を持っていることを明らかにしました。出題者は、回答者に対して意図的に「一見すると両立しない、あるいは矛盾する二つの事象」を提示し、相手の論理的推論をブロック（阻害）します。そして、答えが示されることによって、ある特定の比喩やメタ的な視点を通せば、その矛盾が完璧に解消されることを証明します。この研究は、人間の脳が「矛盾による緊張状態」から「隠された論理の発見による緩和」へと至る認知プロセスに、文化を越えた普遍的なカタルシスを抱くことを実証しました。,日本の「なぞかけ」は、日本語の同音異義語（掛詞）という極めてローカルで特異な言語環境に依存した遊びですが、その骨格はテイラーが示した世界的な「Riddle」の普遍的メカニズムと完全に一致しています。お題（A）と解き明かし（B）が並べられた瞬間、聴者の前には「全く関連のない二つの概念」という強烈な矛盾（阻害）が提示されます。思考が行き詰まり、認知的な緊張が高まったところで、「その心は（C）」という音声のトリック（解決）が与えられ、矛盾が鮮やかに氷解します。なぞかけは、日本語というガラパゴス的な言語のローカルルールを用いながらも、そのエンジン部分では、世界中の人類が太古から愛してきた「Riddleの普遍的な快感（矛盾と解決のダイナミズム）」を極めて忠実に作動させている、ハイブリッドな知的装置なのです。,著書『口承伝統からの英語の謎（English Riddles from Oral Tradition）』における謎の構造と普遍性の分類研究,1951年（初版発行）,アーチャー・テイラー（Archer Taylor / アメリカの民俗学者・カリフォルニア大学バークレー校等）
大分類 I：人文学および芸術（Humanities and Arts）,言語の構造そのものと、そこから生じる意味のズレ、修辞、論理的パラドックス、および文化的変遷を客観的・理論的に解明する領域。,第7章 比較文学・翻訳学（Comparative Literature and Translation Studies）,7.7,中国語の「歇後語（けつごご）」と日本のなぞかけの比較,中国語には「歇後語（Xiehouyu）」と呼ばれる、二つの部分からなる独特の慣用表現（言葉遊び）が存在します。中国の現代修辞学の基礎を築いた言語学者、陳望道は、その著書の中でこの構造を分析しました。歇後語の前半は「状況や前提（例：泥菩薩が川を渡る）」を提示し、後半で「その結末や真意（例：自身すら保てない）」を明かします。特に「諧音歇後語（かいおんけつごご）」と呼ばれるタイプは、後半部分に同音異義語のダジャレ（諧音）が使われます（例：「外甥打燈籠（甥が提灯を提げる）」→「照舅／照旧（叔父を照らす／今まで通りだ）※舅と旧が同音」）。研究により、東アジアの漢字文化圏において、音声の類似性を利用した「謎解き形式の隠語・比喩」が、高度な民衆の知恵として広く共有・発達してきたことが分かっています。,中国の「歇後語」は、日本の「なぞかけ」の生き別れの兄弟と言えるほど、完全に相似した論理構造を持っています。歇後語の前半部分はなぞかけの「お題」であり、後半部分は「その心は（オチ）」に相当します。日常会話の中で前半だけを言い放ち、相手に後半の意味（同音異義のトリック）を推測させるという遊戯性も全く同じです。なぞかけは日本固有の「ガラパゴス的な遊び」に見えがちですが、歇後語との比較修辞学的な視点を通すと、漢字という表意文字と、同音異義語が多発する音韻体系を持つ言語圏の人類が普遍的に到達した「極めて洗練された修辞のアルゴリズム」であることが分かります。,『修辞学発凡』（中国における現代修辞学の基礎を築いた記念碑的著作）における「歇後語（藏詞・隠語）」の構造と諧音の分析,1932年,陳望道（ちん ぼうどう / Chen Wangdao / 復旦大学学長・言語学者）
大分類 I：人文学および芸術（Humanities and Arts）,言語の構造そのものと、そこから生じる意味のズレ、修辞、論理的パラドックス、および文化的変遷を客観的・理論的に解明する領域。,第7章 比較文学・翻訳学（Comparative Literature and Translation Studies）,7.8,翻訳における補償（Compensation）技術を用いたユーモアの配置転換,翻訳理論家のS.ハーヴェイとI.ヒギンズは、翻訳において原文の言葉遊びや特殊な音韻（頭韻や脚韻など）がどうしても他言語で再現できない場合、「補償（Compensation）」という技術を用いるべきだと提唱しました。これは、原文の「その場所」で失われてしまうユーモアや修辞的効果を、文章全体の「別の場所（前後のセリフなど）」に、翻訳先の言語で成立する別の言葉遊びや修辞を挿入することで補い、テクスト全体としての効果（トーン）を等価に保つ戦略です。この理論は、翻訳が単なる「単語の置き換え（ミクロの等価）」ではなく、作品全体のエネルギーや雰囲気を維持するための「テクストレベルの再構築（マクロの等価）」であることを論理的に基礎付けました。,仮に日本の小説を英訳する際、登場人物が気の利いた「なぞかけ」を披露するシーンがあったとします。同音異義語に完全に依存するなぞかけは直訳不可能であり、そのまま訳せばその文脈においてユーモアは完全に死滅します。しかし「補償」の技術を用いる翻訳者は、なぞかけ自体を普通のセリフに意訳して流す代わりに、その直後のセリフに英語ならではの「Pun（ダジャレ）」や「韻踏み」を新しく創作してねじ込みます。つまり、なぞかけという言葉遊びの存在は、翻訳者に対して「意味の正確さを捨ててでも、ユーモアというエネルギーの総量を死守せよ」という究極の選択を迫るリトマス試験紙なのです。なぞかけは翻訳不可能であるからこそ、翻訳という行為の創造性（補償）を極限まで引き出す起爆剤として機能します。,『Thinking Translation: A Course in Translation Method』における「補償（Compensation）」理論の体系化,1992年,S?ndor Hervey（シャンドール・ハーヴェイ）、Ian Higgins（イアン・ヒギンズ / ともにセント・アンドルーズ大学）
大分類 I：人文学および芸術（Humanities and Arts）,言語の構造そのものと、そこから生じる意味のズレ、修辞、論理的パラドックス、および文化的変遷を客観的・理論的に解明する領域。,第7章 比較文学・翻訳学（Comparative Literature and Translation Studies）,7.9,注釈（フットノート）による「笑いの解説」がもたらすユーモアの死,ユーモアの言語学的研究で知られるサルヴァトーレ・アッタルドやデリア・キアーロらは、言葉遊びを翻訳する際に「注釈（フットノート：訳注）」を用いることの語用論的な失敗（プラグマティック・フェイラー）について論じました。ジョークの翻訳において、「※訳注：元の言語では、AとBが同じ発音であることを掛けた言葉遊びである」とページの下部に解説を付与すれば、意味的な情報伝達は100%正確になります。しかし、ユーモアとは「認知的な不一致が、脳内で瞬時に解決されること（不一致－解決理論 / Incongruity-Resolution）」によって生じる情動です。注釈を読んで論理的に理解するという「遅延された分析プロセス」は、この瞬間的な認知のスパークを完全に殺してしまいます。研究は、意味論的にどれほど正確であっても、注釈はユーモアの「笑わせる」という語用論的機能（機能的等価）を決定的に破壊することを証明しています。,なぞかけにおいて「自分のオチを自分で解説してしまうこと」が最も野暮であり、笑いが冷める行為であることは誰もが知っています。「なぞかけの英訳に注釈をつけること」は、まさにこの「野暮な解説」を言語間で行う行為に他なりません。なぞかけのカタルシスは、聴者が自らの脳内の語彙データベースにアクセスし、「ああ、同音異義語か！」と自力で、かつ一瞬で気付く（アハ体験）ことによってのみ生じます。翻訳学とユーモア研究が「注釈によるユーモアの死」として証明したメカニズムは、裏を返せば、なぞかけの面白さの正体が「意味の深さ」などではなく、演者と聴者の間で交わされる「コンマ数秒の暗号解読のスピード感（認知の自律性）」にこそあるという事実を、鮮やかに逆証明しているのです。,『Linguistic Theories of Humor』（1994年・アッタルドによるGTVH理論の確立）および『The Language of Jokes』（1992年・キアーロ）における言葉遊びの語用論的機能の分析、ならびに論文『Translation and Humour』（2002年）,1992年、1994年、2002年,Salvatore Attardo（サルヴァトーレ・アッタルド / テキサスA&M大学コマース校）、Delia Chiaro（デリア・キアーロ / ボローニャ大学）
大分類 I：人文学および芸術（Humanities and Arts）,言語の構造そのものと、そこから生じる意味のズレ、修辞、論理的パラドックス、および文化的変遷を客観的・理論的に解明する領域。,第7章 比較文学・翻訳学（Comparative Literature and Translation Studies）,7.10,機械翻訳（NMT）における同音異義語の誤訳とコンテクスト解析限界,ニューラル機械翻訳（NMT）の発展により翻訳精度は飛躍的に向上しましたが、フィリップ・コーンらの研究によって、NMTが依然として抱える根本的な課題が指摘されています。その一つが、学習データにない未知の文脈（ドメインの不一致）や稀な用法に対する脆弱性であり、そこから派生する「語義の曖昧性解消（Word Sense Disambiguation: WSD）」の限界です。機械翻訳モデルは、前後の文脈の確率分布から、同音異義語や多義語の「唯一の正しい意味」を推論して出力しようとします。しかし、文脈情報が不足している場合や、人間が意図的に二つの意味を重ね合わせているような詩的表現・言葉遊びを与えられた場合、AIは確率的に優勢な一つの意味に無理やり決定してしまうか、文脈の解析に失敗して全く見当違いの出力（ハルシネーション）を引き起こすことが明らかになっています。,なぞかけは、現在の高度なAI（機械翻訳）が最も苦手とする「コンテクストの意図的な混線」を人間同士で楽しむ、究極のWSDハッキングです。機械翻訳は「この同音異義語は、文脈から判断してAの意味である（Bはノイズとして捨てる）」と一つの最適解を絞り込むように設計されています。しかし、なぞかけのオチ（掛詞）は「Aの意味でもあり、同時にBの意味でもある」という、機械のアルゴリズムにとっては論理破綻となる「正解の重ね合わせ状態（Superposition）」を要求します。私たちがなぞかけを聴いて「上手い！」と感じる脳の処理は、AIが確率計算で一つの意味を抽出するプロセスとは真逆の、複数の意味を同時に保持し、それを一瞬で統合するという、人間にしかできない極めて反機械的で高度な情報処理なのです。,Six Challenges for Neural Machine Translation（ニューラル機械翻訳における6つの課題）におけるコンテクストの不一致とハルシネーションの限界解析,2017年,"Philipp Koehn（フィリップ・コーン / ジョンズ・ホプキンス大学）, Rebecca Knowles（レベッカ・ノウルズ）"
大分類 I：人文学および芸術（Humanities and Arts）,言語の構造そのものと、そこから生じる意味のズレ、修辞、論理的パラドックス、および文化的変遷を客観的・理論的に解明する領域。,第7章 比較文学・翻訳学（Comparative Literature and Translation Studies）,7.11,バイリンガル作家の作品に見るコードスイッチング・ジョーク,複数の言語を操るバイリンガルの人々の間では、会話の途中で二つの言語を瞬時に切り替える「コードスイッチング（Code-switching）」が頻繁に起こります。言語学者フランソワ・グロジャンらの研究によれば、これは単なる語彙不足によるものではなく、対人関係の距離感を調整したり、アイデンティティを表現したりする高度な語用論的戦略です。特にバイリンガル作家の作品やジョークにおいて、コードスイッチングは「両方の言語のルールと背景文化を知っている者にしか分からない笑い（インサイダー・ユーモア）」を生み出します。一つの言語の音韻や文脈の中に、突如として別の言語の概念が侵入し、その摩擦やズレを瞬時に理解できる「解釈共同体」の内部でのみ、強烈な知的連帯感と笑いが発火することが分かっています。,なぞかけは、単一の言語（日本語）の内部で行われる「意味のコードスイッチング」に他なりません。バイリンガル・ジョークが「英語の文脈」から突如「スペイン語の文脈」へと音声レベルでスイッチして笑いを生むように、なぞかけもまた、「お題（A）」という文脈から、「解き明かし（B）」という全く別の文脈へと、「その心は」に続く同音異義語をスイッチとして瞬時に切り替わります。私たちは皆、日本語という単一言語しか話していなくとも、なぞかけを聞く瞬間だけは「Aの言語世界」と「Bの言語世界」を自在に行き来する高度なバイリンガル（あるいはマルチリンガル）として振る舞い、意味の摩擦と切り替えから生じる知的なインサイダー・ユーモアを共有しているのです。,『Bilingual: Life and Reality』（バイリンガル：生活と現実）におけるコードスイッチングとバイリンガル・ユーモアの分析,2010年,Fran?ois Grosjean（フランソワ・グロジャン）
大分類 I：人文学および芸術（Humanities and Arts）,言語の構造そのものと、そこから生じる意味のズレ、修辞、論理的パラドックス、および文化的変遷を客観的・理論的に解明する領域。,第7章 比較文学・翻訳学（Comparative Literature and Translation Studies）,7.12,ハイコンテクスト文化の笑いの翻訳不可能性に関する異文化比較,文化人類学者のエドワード・T・ホールは、コミュニケーションにおける文化の違いを「ハイコンテクスト」と「ローコンテクスト」という概念で分類しました。日本文化のように歴史的・社会的背景の共有度が高い「ハイコンテクスト文化」では、言葉そのもの（テキスト）による直接的な説明は少なく、行間や暗黙の了解（コンテクスト）に多くを依存します。一方、多様な背景を持つ人々が集まる「ローコンテクスト文化」では、すべてを明確な言葉で論理的に説明する必要があります。ホールの理論に基づく比較研究では、ハイコンテクスト文化のユーモアは「言わずもがなの空白」を相手の推論に委ねる傾向が強く、その前提知識を共有していない異文化の人間には、どんなに言葉を正確に翻訳しても絶対にその笑い（カタルシス）が伝わらない「翻訳不可能性」の壁が存在することが明らかにされています。,なぞかけのフォーマットである「〇〇と掛けまして、××と解く、その心は……」は、まさにホールが定義した「ハイコンテクスト文化」の極致を体現する言語装置です。この短いフレーズの中には、「これから同音異義語を使った謎解きを行う」というルールの説明や、「なぜAとBが繋がるのか」という冗長な論理的説明が一切省かれています。演者はただ「キーワード（オチ）」を提示するだけであり、二つの世界を結びつける論理的接着剤の役割は、すべて聴者の「脳内にある共有知識（コンテクスト）」に委ねられます。なぞかけが成立するか否かは、私たちが「言葉で説明されなくとも、わずかなヒントだけで瞬時に背景を理解し合える」という、極めてハイコンテクストな文化共同体に属しているかどうかのリトマス試験紙でもあるのです。,『文化を超えて』（Beyond Culture）における「ハイコンテクスト・ローコンテクスト文化」の理論,1976年,Edward T. Hall（エドワード・T・ホール / 文化人類学者・ノースウェスタン大学など）
大分類 I：人文学および芸術（Humanities and Arts）,言語の構造そのものと、そこから生じる意味のズレ、修辞、論理的パラドックス、および文化的変遷を客観的・理論的に解明する領域。,第7章 比較文学・翻訳学（Comparative Literature and Translation Studies）,7.13,ポストコロニアル翻訳論から見た言語的ユーモアによる抵抗,"ポストコロニアル（脱植民地主義）理論を牽引する思想家ホミ・K・バーバは、被支配者が支配者の文化や言語を模倣する行為を「ミミクリ（Mimicry：擬態）」と呼びました。このミミクリは、単なる従順なコピーではありません。被支配者が支配者の言語を「ほぼ同じだが、わずかに決定的に異なる（Almost the same, but not quite）」ようにずらして使用することで、支配的な言語の絶対的な権威が内部から揺るがされ、脱構築されていきます。言葉遊びやパロディ、ユーモアを交えたミミクリは、暴力を使わずに、支配者の「正しい言葉のルール」を滑稽なものへと変容させ、権力関係を無効化・転覆させる極めて高度で破壊的な「抵抗（Resistance）」の戦略であることが示されています。",なぞかけは、日常言語が私たちに強いる「一つの言葉は、決められた正しい意味と文法で使わなければならない」という権力的なルールに対する、極めて「ミミクリ」的な抵抗運動と見なすことができます。なぞかけの三段論法（Aと掛け、Bと解き、その心はC）は、一見すると非常に理路整然とした「正しい論理的フォーマット」を従順に模倣（擬態）しています。しかし、その従順な形式の裏で、オチに同音異義語を用いることで、言葉の本来の「正しい意味」を意図的にずらし、破壊しています。私たちがなぞかけを見て快感を覚えるのは、「正しく理路整然とした言葉遣いのふりをして、実は言語の固定化されたルールを鮮やかに茶化し、ハッキングしている」という、権威に対するゲリラ的な抵抗と転覆のエネルギーをそこに感じ取っているからなのです。,『文化の場所』（The Location of Culture）における「ミミクリ（mimicry）」と抵抗、ハイブリディティの理論,1994年,Homi K. Bhabha（ホミ・K・バーバ / ハーバード大学教授）
大分類 I：人文学および芸術（Humanities and Arts）,言語の構造そのものと、そこから生じる意味のズレ、修辞、論理的パラドックス、および文化的変遷を客観的・理論的に解明する領域。,第7章 比較文学・翻訳学（Comparative Literature and Translation Studies）,7.14,文化固有語（CSI）を含むジョーク翻訳における異化と帰化,翻訳学者のローレンス・ヴェヌティは、翻訳における戦略を「異化（Foreignization）」と「帰化（Domestication）」の二つに大別しました。「異化」は、原文の文化的な異質さをあえて残し、読者を外国の文脈へと引き寄せる戦略です。一方「帰化」は、原文の要素を読者の自国文化に馴染みのあるものに置き換え、滑らかで自然なテクストに仕立てる戦略です。特に、その国の歴史や風俗に根ざした「文化固有語（Culture-Specific Items: CSI）」を含むユーモアを翻訳する際、異化（直訳して注釈をつけるなど）を選択すると文化的背景は正確に伝わりますが、ユーモアとしての機能は喪失します。逆に帰化（翻案）を選択すればユーモアの表出は担保されますが、元の文化固有のニュアンスは完全に失われるという、翻訳におけるトレードオフの力学が解明されています。,なぞかけは、日本の「文化固有語（CSI）」と「同音異義語」が極限まで圧縮された言語の塊です。これを外国語に翻訳しようとしたとき、翻訳者は極端な選択を迫られます。「お題」と「オチ」の文化的背景を正確に説明する（異化）か、それとも日本語の語彙を完全に捨て去り、ターゲット言語で全く別のダジャレを作り直す（帰化）かです。なぞかけは、「ユーモア翻訳において最も優先されるべきは、意味の正確さ（異化）ではなく、認知的なカタルシスの再現（帰化）である」という事実を浮き彫りにします。翻訳されたなぞかけが笑いを生むとき、そこでは原文の日本語は完全に「帰化」によって消去されています。なぞかけの翻訳とは、オリジナルの言葉を犠牲にしてでも「笑いの機能」を守り抜くという、過酷な文化の解体と再構築のプロセスなのです。,『翻訳者の不可視性』（The Translator's Invisibility）における「異化（Foreignization）」と「帰化（Domestication）」の翻訳戦略に関する理論,1995年,Lawrence Venuti（ローレンス・ヴェヌティ / テンプル大学名誉教授）
大分類 I：人文学および芸術（Humanities and Arts）,言語の構造そのものと、そこから生じる意味のズレ、修辞、論理的パラドックス、および文化的変遷を客観的・理論的に解明する領域。,第7章 比較文学・翻訳学（Comparative Literature and Translation Studies）,7.15,漢字文化圏における筆談的言葉遊びの翻訳可能性,中国、日本、韓国、ベトナムなどの「漢字文化圏（Sinosphere）」においては、歴史的に音声言語（話し言葉）が全く通じなくとも、知識人同士が「筆談（Brush Talk）」によって高度なコミュニケーションを行ってきました。王勇らの東アジア文化交渉史の研究によれば、漢字が表音文字（アルファベット）ではなく、形そのものに意味を内包する「表意（表語）文字」であるため、各国の発音が異なっていても、視覚的な文字情報だけで詩を詠み交わし、さらには「拆字（たくじ）」に代表されるような、文字の部首を分解・結合する言葉遊びまでもが国境を越えて共有できました。この研究は、東アジアには音声翻訳を必要としない「視覚と概念による超言語的なプラットフォーム」が存在したことを証明しています。,なぞかけは基本的に「音声の同音異義（ダジャレ）」に依存するため、音声言語の壁を越えることは容易ではありません。しかし、日本語のなぞかけの中には「『辛い（つらい）』と掛けまして、『幸せ（しあわせ）』と解く。その心は、一本（一）足せば変わります」といった、漢字の視覚的な構造（形態）を利用した謎解きが存在します。この「漢字の形態に依存したなぞかけ」に限っては、中国や韓国の知識人にも「筆談」の要領でそのまま意味とウィットが通じます。つまり、なぞかけの中には、音声のローカルな偶然性に依存する「翻訳不可能なもの」と、漢字文化圏の広大な視覚的ネットワークに直結する「超言語的な翻訳可能性を持つもの」の二種類が混在しており、東アジア特有の文字文化の二面性を鮮やかに体現しているのです。,『東亜筆談文献研究』をはじめとする、漢字文化圏における非音声的コミュニケーションの文化交渉史的分析,2015年前後（代表的編著の出版年）,王勇（おう ゆう / Wang Yong / 浙江大学日本文化研究所・浙江工商大学東亜研究院）など
大分類 I：人文学および芸術（Humanities and Arts）,言語の構造そのものと、そこから生じる意味のズレ、修辞、論理的パラドックス、および文化的変遷を客観的・理論的に解明する領域。,第7章 比較文学・翻訳学（Comparative Literature and Translation Studies）,7.16,西洋の「ウィット」と日本の「機知・頓知」の概念比較と受容,ハンガリー出身の思想家アーサー・ケストラーは、著書『創造の条件』において、西洋における「ウィット（Wit：機知）」やユーモアの構造を「二元結合（Bisociation）」という概念で説明しました。彼によれば、ウィットとは、普段は全く交わることのない「独立した二つの論理的枠組み（マトリックス）」が、ある一つの概念や言葉を媒介として突如として交差・結合する瞬間に生じる認知的跳躍です。この西洋の「ウィット（二元結合）」の構造は、一休さんの逸話などに代表される日本の「頓知（とんち：一見不可能な矛盾を、視点の転換によって鮮やかに解決する知恵）」と、比較文学的・認知心理学的に極めて相同性の高いメカニズムで駆動していることが分かっています。,なぞかけは、ケストラーが定義した「二元結合（Bisociation）」のメカニズムを、最も純粋かつ大衆的なフォーマットに落とし込んだ言語装置です。お題（A）と解き明かし（B）は、それぞれ交わることのない独立した二つのマトリックス（論理の枠組み）として提示されます。聴者はその断絶に戸惑いますが、「その心は（C）」というオチ（掛詞）が、二つのマトリックスを同時に貫く「結合点」として投下されます。なぞかけが見事に決まったときに私たちが感じる知的快感は、西洋文学における最高の「ウィット」や、日本の禅僧が発揮した「頓知」と全く同質のものです。なぞかけは、東西を問わず人間の認知基盤が普遍的に愛好する「二元結合のカタルシス」を、日常的な言葉遊びのレベルで精巧に再現・反復するフォーマットなのです。,『創造の条件』（The Act of Creation）における「二元結合（Bisociation）」の理論とユーモアの構造,1964年,Arthur Koestler（アーサー・ケストラー / 小説家・思想家）
大分類 I：人文学および芸術（Humanities and Arts）,言語の構造そのものと、そこから生じる意味のズレ、修辞、論理的パラドックス、および文化的変遷を客観的・理論的に解明する領域。,第7章 比較文学・翻訳学（Comparative Literature and Translation Studies）,7.17,翻訳家の不可視性とユーモア翻訳における「創造的裏切り」,フランスの文学社会学者ロベール・エスカルピは、文学作品の受容や翻訳という行為には必ず原文の意図からの逸脱が伴うと指摘し、これを「創造的裏切り（Trahison cr?atrice）」と呼びました。どんなに正確を期しても、言語や文化の壁を越える際に原文は一度「裏切られ」ます。しかし、その裏切りによって作品は新しい言語空間で新たな生命を獲得（再創造）します。特にジョークや言葉遊びの翻訳においては、翻訳家は前述のヴェヌティが批判した「不可視性（あたかも翻訳者が存在しないかのような透明な翻訳）」を保つために、原文のジョークを丸ごと解体し、自らの手で現地の文脈に合わせたジョークを新しく書き下ろすという「不可避の裏切り」を働かざるを得ません。ここでは、原文の言語的表層を最も深く裏切ることこそが、原作者の「読者を笑わせたい」という機能的意図に最も忠実に報いる行為になるというパラドックスが存在します。,なぞかけを他言語の読者に届けるミッションを負った翻訳家は、まさにこの「創造的裏切り」の最前線に立たされます。日本語の同音異義語を用いたなぞかけを直訳しても、現地の読者には意味不明なポエムにしか見えません。翻訳家は原作者のテキスト（お題とオチ）を冷酷なまでに完全に消去（裏切り）し、自らの言語的才能を振り絞って、ターゲット言語の同音異義語を用いた「全く新しいなぞかけ」を創造しなければならないのです。なぞかけという言語芸術は、「言葉の表層への忠誠」と「笑いという効果への忠誠」が両立しないことを鋭く突きつけます。私たちが異言語間で言葉遊びの笑いを共有できる裏には、原文を破壊してでも機能的等価性（笑い）を届けようとした翻訳家による、逆説的な誠実さとしての「創造的裏切り」が隠されているのです。,『文学の社会学』（Sociologie de la litt?rature）における「創造的裏切り（Trahison cr?atrice）」の概念提唱,1958年,Robert Escarpit（ロベール・エスカルピ / ボルドー大学など）
大分類 I：人文学および芸術（Humanities and Arts）,言語の構造そのものと、そこから生じる意味のズレ、修辞、論理的パラドックス、および文化的変遷を客観的・理論的に解明する領域。,第7章 比較文学・翻訳学（Comparative Literature and Translation Studies）,7.18,シュルレアリスムの「優美な屍骸」と日本の連歌の比較,1920年代にアンドレ・ブルトンらシュルレアリストが考案した「優美な屍骸（Cadavre Exquis）」は、参加者が前の人の書いた言葉を見ずに次々と単語を書き足し、偶然性に満ちた一つの文章を作る共同制作ゲームです。理性によるコントロールを排除し、無意識と偶然による「予期せぬイメージの衝突」を美としました。一方で、日本の「連歌（れんが）」も複数の作者による共同制作ですが、こちらは極めて厳格な規則（式目）と高度な教養（本意）に基づいて、前の句（前句）と次の句（付句）を論理的・情動的に「付ける（関連づける）」知的作業です。メキシコの詩人オクタビオ・パスらは多国籍の詩人たちと共にこの二つを比較・融合する試み（多言語による連歌の共同制作）を行い、一方は「偶然の狂気」を、もう一方は「規則の調和」を目指しながらも、どちらも「個人の意図を超えた、異質なイメージの飛躍と結合」から詩的エネルギーを生み出す点において、驚くべき普遍性を持っていることを実証しました。,なぞかけは、一人の脳内で完結する「優美な屍骸」でありながら、最終的には「連歌」として解決されるという、特異なハイブリッド構造を持っています。「〇〇と掛けまして、××と解く」というお題と解き明かしの提示段階では、まるでシュルレアリストが目隠しをして言葉を並べたかのような、論理を無視した「偶然で奇妙なイメージの衝突（優美な屍骸）」が起こります。聴者はその不条理さに混乱します。しかし、「その心は」の後に続く同音異義語が提示された瞬間、その不条理は一転して、日本の連歌が持つような「極めて厳格で論理的な調和（見事な付合）」へと姿を変えます。なぞかけは、西洋のシュルレアリスム的な「狂気（ズレ）」で聴者を惹きつけ、東洋の連歌的な「調和（オチ）」で安心させるという、二つの文学的ダイナミズムを数秒間で駆け抜ける高度な言語芸術なのです。,『連歌：多言語による共同制作詩』（Renga: A Chain of Poems）における優美な屍骸と日本の連歌の比較実践と詩学理論,1971年,"Octavio Paz（オクタビオ・パス / ノーベル文学賞受賞詩人）, Jacques Roubaud（ジャック・ルーボー）など多国籍の詩人たち"
大分類 I：人文学および芸術（Humanities and Arts）,言語の構造そのものと、そこから生じる意味のズレ、修辞、論理的パラドックス、および文化的変遷を客観的・理論的に解明する領域。,第7章 比較文学・翻訳学（Comparative Literature and Translation Studies）,7.19,聖書や宗教古典における「神聖な言葉遊び」の多国語翻訳史,ヘブライ語の旧約聖書などの宗教古典には、「言葉遊び（Paronomasia：語呂合わせ・同音異義）」が驚くほど頻繁に登場します。スコット・B・ノーゲルらの聖書修辞学の研究によれば、古代オリエントの世界において「音が似ている言葉」は単なる偶然やダジャレ（笑い）ではなく、「神が隠した宇宙の真理や因果関係」を示す神聖なサイン（預言的暗号）として扱われていました。しかし、ギリシャ語（七十人訳聖書）やラテン語（ウルガタ）、さらに近代語へと翻訳される過程で、意味の正確さが優先された結果、この「音声の繋がり」は完全に欠落しました。翻訳史の観点から見ると、言葉遊びが翻訳不可能であったがゆえに、元のテキストが持っていた「音声の響き合いによる神聖な呪術性」が削ぎ落され、平板で論理的な教義テキストへと変容していった歴史が明らかになっています。,なぞかけで使われる「同音異義語」は、古代の預言者たちが神の啓示を感じ取った「神聖な言葉遊び」と全く同じ音声的メカニズムで駆動しています。なぞかけが見事に決まったとき、私たちは「一見無関係な二つの事象が、実は同じ音で繋がっていた」という事実に一種の認知的跳躍を感じます。古代人はこれを「神の意志」として厳粛に受け止めましたが、現代を生きる私たちは、その神聖な奇跡のフォーマットをそのまま「笑い」へと変換する術（なぞかけ）を身につけました。なぞかけを聴いて膝を打つとき、私たちは数千年前の古代人が言葉の神秘に触れて震えたのと同じ認知的スパークを、極めて世俗的で平和なエンターテインメントとして消費しているのです。,『ダジャレと賢者たち：ヘブライ語聖書と古代近東文学における言葉遊び』（Puns and Pundits: Word Play in the Hebrew Bible and Ancient Near Eastern Literature）における聖書翻訳と修辞の分析,2000年,Scott B. Noegel（スコット・B・ノーゲル / ワシントン大学教授）
大分類 I：人文学および芸術（Humanities and Arts）,言語の構造そのものと、そこから生じる意味のズレ、修辞、論理的パラドックス、および文化的変遷を客観的・理論的に解明する領域。,第7章 比較文学・翻訳学（Comparative Literature and Translation Studies）,7.20,コメディ作品の多言語展開における笑いのローカリゼーション品質評価,海外のシットコム（コメディドラマ）などを多言語に展開する映像翻訳（ローカリゼーション）の研究において、パトリック・ザバルベアスコアは「ジョークの翻訳類型論」を提唱しました。彼は、ユーモアの翻訳品質を評価する基準は、原文の「意味的な正確さ」ではなく、「発語媒介的な等価性（Perlocutionary equivalence）」、つまり「ターゲット言語の観客が、元の観客と全く同じタイミングで、同じ強さの笑い声を上げるかどうか」に尽きると論じました。特に、特定の言語の同音異義語に依存するジョーク（Pun）は翻訳難易度が最も高く、直訳すれば意味不明になります。そのため、高品質なローカリゼーションを行う翻訳者は、原文の言葉遊びを躊躇なく消去し、映像の尺や役者の表情に合わせて、現地の観客が爆笑する「全く別の現地語のジョーク」へと大胆に再構築（トランスクリエーション）する技術が求められることが実証されています。,もし、日本の落語やコメディ映画の劇中で「なぞかけ」が披露され、それを英語字幕でローカライズして品質評価にかける場合、ザバルベアスコアの理論が最も残酷な形で適用されます。「意味を正しく直訳した字幕」の品質評価は、笑いが全く起きないため「0点（機能的等価性ゼロ）」となります。満点の品質評価を得るためには、翻訳者は日本のなぞかけの構造（Aと掛け、Bと解く）自体を完全に解体し、画面上の演者の非言語的キュー（得意げな表情や間）に合わせて、英語圏の観客が即座に理解できる強烈な「English Pun（英語のダジャレ）」や「皮肉」に差し替えなければなりません。なぞかけは、コメディの翻訳において「言葉の真実（意味）」がいかに無価値であり、「笑いという結果（機能）」こそが唯一の正義であるという、ローカリゼーションの極端な本質を証明するための最高のリトマス試験紙なのです。,「テレビ・シチュエーション・コメディの吹替におけるジョークの翻訳」（Translating Jokes for Dubbed Television Situation Comedies / The Translator誌掲載）におけるユーモアの等価性評価と類型論,1996年,Patrick Zabalbeascoa（パトリック・ザバルベアスコア / ポンペウ・ファブラ大学 翻訳学教授）
大分類 I：人文学および芸術（Humanities and Arts）,言語の構造そのものと、そこから生じる意味のズレ、修辞、論理的パラドックス、および文化的変遷を客観的・理論的に解明する領域。,第8章 美学・芸術学（Aesthetics and Art Theory）,8.1,なぞかけの「整い（形式美）」がもたらす知的・無関心な快,近代美学の基礎を築いたイマヌエル・カントは、著書『判断力批判』において、私たちが美しいものを見て感じる喜び（美感的快）を「無関心な快（Interesseloses Wohlgefallen）」と定義しました。これは「それがお金になるか（実用性）」や「それが道徳的に正しいか（善悪・目的）」といった、現実的な利害関心（インタレスト）から完全に切り離された純粋な喜びのことです。カントによれば、美しい芸術や自然に触れたとき、人間の心の中では「構想力（多様なイメージをまとめる力）」と「悟性（概念的なルールを理解する力）」が、特定の目的や正解に縛られることなく自由に戯れ（自由な遊び）、対象が持つ「形式の美しさ（合目的性）」そのものを見出すことで、知的で純粋な快感が引き起こされると論じました。,なぞかけを披露する際の「整いました！」という宣言は、これから提示される言葉が現実の利害や実用性とは無縁の、純粋な「形式美のゲーム」であることを告げる美学的な宣言です。私たちはなぞかけを聞いて、「Aという事象がBという事象である」という一見突飛な結びつきから、何か現実的な教訓や利益を得るわけではありません。そこで味わっているのは、まさにカントが指摘した「無関心な快」そのものです。全く無関係な二つの概念（構想力）が、たった一つの同音異義語という論理的ルール（悟性）によって見事な対称性（シンメトリー）をもって重なり合う。その「形式的な整い」の美しさ（自由な遊び）に脳が心地よく揺さぶられるとき、私たちは極めて純粋で美学的なカタルシスを経験しているのです。,『判断力批判』（Kritik der Urteilskraft）第1部「美感的判断力の批判」における無関心な快および美の形式的合目的性の理論,1790年,Immanuel Kant（イマヌエル・カント / ケーニヒスベルク大学）
大分類 I：人文学および芸術（Humanities and Arts）,言語の構造そのものと、そこから生じる意味のズレ、修辞、論理的パラドックス、および文化的変遷を客観的・理論的に解明する領域。,第8章 美学・芸術学（Aesthetics and Art Theory）,8.2,ベルクソンの『笑い』論における「生命の機械的こわばり」,フランスの哲学者アンリ・ベルクソンは、名著『笑い』の中で、喜劇や笑いが生じる根源的なメカニズムを「生命の躍動を覆う機械的なこわばり（Du m?canique plaqu? sur du vivant）」という有名なフレーズで説明しました。本来、人間の生命や行動、そして思考（言語）は、状況に応じてしなやかに変化する「流動的で生き生きとしたもの」であるべきです。しかし、人間がその柔軟性を失い、まるでゼンマイ仕掛けの機械や自動人形のように、周囲の状況を無視して同じ動作や硬直した論理を繰り返したとき、他者はそこに「生命の機械化」を見て滑稽さを感じ、笑い（社会的な矯正のムチ）を生み出すのだと論じました。,なぞかけは、日常のしなやかな言語（生命）を、意図的に「同音異義語」という極めて硬直したアルゴリズム（機械）に当てはめることで笑いを生む装置です。私たちが普段話す言葉は、文脈に応じて意味を柔軟に変える生き生きとしたものです。しかしなぞかけの演者は、「A＝Bである、なぜなら発音が同じだからだ」という、言葉の意味論的な豊かさを完全に無視した、自動機械のように無機質で硬直した「機械的ルール（形式）」を強引に適用します。豊かでしなやかなはずの人間の思考や言語活動（生命）が、ダジャレという機械的なフォーマットにピタリとはめ込まれて身動きが取れなくなっている様（こわばり）。この「生命の機械化」を言葉のレベルで目撃するからこそ、ベルクソンの理論が示す通り、私たちはそこに抗いがたい滑稽さと爆発的な笑いを見出すのです。,『笑い：喜劇性が生じる意味について』（Le Rire: Essai sur la signification du comique）,1900年,Henri Bergson（アンリ・ベルクソン / コレージュ・ド・フランスなど）
大分類 I：人文学および芸術（Humanities and Arts）,言語の構造そのものと、そこから生じる意味のズレ、修辞、論理的パラドックス、および文化的変遷を客観的・理論的に解明する領域。,第8章 美学・芸術学（Aesthetics and Art Theory）,8.3,「見立て」の美学に基づく日常事物の芸術化と再解釈,日本の伝統芸術（茶道、俳諧、浮世絵など）の底流には、常に「見立て（Mitate）」という特異な美学が存在します。美術史家の辻惟雄らによる日本美術の分析によれば、「見立て」とは、ある日常的な事物や卑近な対象を、全く別の高雅な古典的テーマや宗教的モチーフに重ね合わせ（二重写し）、そのギャップと類似性を同時に楽しむ知的な遊戯です。例えば、ひょうたんを花入れに見立てたり、江戸の町娘の日常風景を仏教の普賢菩薩に見立てて描いたり（鈴木春信の浮世絵『見立普賢菩薩』など）する技法です。この美学により、日本人は現実の物理的な制約を越えて、目の前のありふれた事物の中に別の宇宙を立ち上げ、日常を芸術空間へと再解釈・飛躍させる独自の想像力を育んできたことが分かっています。,「〇〇と掛けまして……」というなぞかけの基本動作は、日本の美学が誇るこの「見立て」の精神を、日常の言語空間で実行する行為に他なりません。お題として出されたありふれた事象（A）を、演者は瞬時に「全く別の世界（B）」へと見立てます。浮世絵師が絵筆と古典の知識を使って町娘を菩薩に見立てたように、なぞかけの演者は「同音異義語（C）」という言葉の絵筆を使って、日常の事物を別の文脈へと見事に再解釈してみせます。私たちがなぞかけのオチを聞いて知的な感嘆を覚えるのは、単なる言葉のパズルが解けたからではありません。ありふれた言葉の裏側に、全く別の鮮やかな情景が重なって立ち現れるという、日本古来の「見立ての美学」がもたらす視覚的・概念的なイリュージョンを、数秒間のうちに体験させられたことへの美学的な感動なのです。,『日本美術の表情』（英題: Playfulness in Japanese Art）や『奇想の図譜』等における、浮世絵や近世美術の「あそび・見立て」の美学的構造分析,1986年（『日本美術の表情』発行）,辻惟雄（つじ のぶお / 美術史家・東京大学名誉教授）
大分類 I：人文学および芸術（Humanities and Arts）,言語の構造そのものと、そこから生じる意味のズレ、修辞、論理的パラドックス、および文化的変遷を客観的・理論的に解明する領域。,第8章 美学・芸術学（Aesthetics and Art Theory）,8.4,機知（ウィット）の歴史的概念規定と変遷,17世紀後半から18世紀にかけてのイギリス経験論および美学において、「機知（Wit）」の概念は重要な哲学的分析の対象となりました。ジョン・ロックは名著『人間悟性論』の中で、人間の知的能力を「機知（Wit）」と「判断力（Judgment）」の二つに対比させて定義しました。彼によれば、「判断力」が似たような事物の間にある微細な「違い（差異）」を厳密に見分ける理性の働きであるのに対し、「機知（ウィット）」とは、全く無関係に見える遠い観念（アイデア）の間に「素早く類似性や結合点」を見つけ出し、想像力の中に快いイメージを立ち上げる能力であると規定されました。この考察により、ウィットは単なる言葉の悪ふざけではなく、世界の中から予期せぬ繋がりを発見し、人間の想像力を豊かに飛躍させる極めて重要な知性の働きとして歴史的に位置づけられました。,なぞかけは、ロックが定義した「機知（ウィット）」という知的能力を、最も純粋なフォーマットで競い合う高度な言語遊戯です。お題（A）と解き明かし（B）という、カテゴリーも次元も全く異なる二つの遠い観念を突きつけられたとき、私たちは「両者の間に共通点などない（判断力）」と理性的には考えます。しかし、演者はその絶望的な距離を、同音異義語というたった一つの音声的ブリッジ（C）を用いて一瞬で飛び越え、鮮やかな「類似性と結合（ウィット）」を証明してみせます。私たちがなぞかけに感嘆するのは、それが単なるダジャレだからではなく、ロックが称賛した「遠い観念を瞬時に結びつける人間の想像力（ウィット）の跳躍」そのものを目の当たりにし、純粋な知的喜びに満たされるからなのです。,『人間悟性論』（An Essay Concerning Human Understanding）第2巻第11章「識別その他の心の働きについて」における機知（Wit）と判断力（Judgment）の定義,1690年,John Locke（ジョン・ロック / イギリスの哲学者）
大分類 I：人文学および芸術（Humanities and Arts）,言語の構造そのものと、そこから生じる意味のズレ、修辞、論理的パラドックス、および文化的変遷を客観的・理論的に解明する領域。,第8章 美学・芸術学（Aesthetics and Art Theory）,8.5,アヴァンギャルド芸術（ダダイズム等）における意味の剥奪,1910年代後半、第一次世界大戦の惨劇に対する絶望からスイスで誕生した「ダダイズム（Dadaism）」は、既存の西洋的な理性や論理、そして言葉の「意味」そのものを徹底的に破壊しようとしたアヴァンギャルド芸術運動です。トリスタン・ツァラによる「新聞記事をハサミで切り刻んでデタラメに繋ぎ合わせる詩」や、フーゴ・バルによる「意味を持たない無意味な音声だけを叫ぶ音響詩（Karawane）」などに代表されるように、彼らは言葉から「意味（シニフィエ）」を強制的に剥奪し、ただの「音（シニフィアン）」や「物質」へと解体しました。美術史の観点から見ると、この意味の剥奪は、狂気に走った近代の合理主義に対する痛烈な批判であり、言葉を意味の鎖から解放して、原始的な無意識のエネルギーを取り戻すための急進的な試みであったことが分かっています。,なぞかけのオチが投下される瞬間、そこには日常の言語空間におけるミクロなダダイズム的転覆（意味の解体）が実行されています。通常、私たちは言葉を「論理的な意味を伝える道具」として真面目に使っています。しかしなぞかけの演者は、「その心は」と告げた直後に、言葉を意味論的な重力から強制的に切り離し、単なる「同じ音の響き（音響詩的次元）」という物理的レベルへと引きずり下ろします。深刻なテーマのお題であればあるほど、それが単なる音声の類似（ダジャレ）へと解体されたときの落差は大きくなります。なぞかけのカタルシスは、ダダイストたちが既存の秩序を笑い飛ばしたように、「意味や論理を重んじる真面目な現実」を、言葉の音声的なバグ（無意味）によって一瞬だけ破壊・転覆させる、アヴァンギャルドな解放感に満ちているのです。,『ダダ宣言』（Manifeste Dada 1918）およびキャバレー・ヴォルテールにおける音響詩等の実践を通じたアヴァンギャルド芸術理論,1918年（ダダ宣言発表）、1916年（キャバレー・ヴォルテール設立）,"Tristan Tzara（トリスタン・ツァラ）, Hugo Ball（フーゴ・バル）等のダダイストたち"
大分類 I：人文学および芸術（Humanities and Arts）,言語の構造そのものと、そこから生じる意味のズレ、修辞、論理的パラドックス、および文化的変遷を客観的・理論的に解明する領域。,第8章 美学・芸術学（Aesthetics and Art Theory）,8.6,キッチュ・キャンプ美学における「俗なるダジャレ」の価値転換,思想家スーザン・ソンタグは、1964年の記念碑的エッセイの中で「キャンプ（Camp）」という新たな美学の概念を確立しました。キャンプとは、一般的には「悪趣味」「安っぽい（キッチュ）」「大げさすぎる」と見なされるような通俗的なものを、その過剰な人工性や様式美のゆえに、あえて「魅力的である」と高く評価する倒錯的な美的感性のことです。ソンタグによれば、キャンプの精神は「深刻さの打破」にあります。高尚な芸術と低俗な大衆文化という伝統的なヒエラルキーをアイロニー（皮肉）の力で無効化し、「ひどいからこそ素晴らしい（It's good because it's awful）」という視点の転換をもたらすことで、俗悪なものを高度に洗練された知的な遊戯（アート）へと引き上げるメカニズムが解明されました。,「同音異義語（ダジャレ）」は、日常の言語活動においては軽蔑されがちな、最も安っぽく低俗（キッチュ）な言語表現です。しかし「なぞかけ」は、この通俗的なダジャレを「Aと掛けまして……その心は」という極めて厳格で、過剰なまでに様式化されたフォーマットのど真ん中に鎮座させます。この配置こそが、ソンタグの言う「キャンプの美学的転回」を引き起こすのです。私たちは、そのあまりにくだらない言葉遊びのために、演者が真剣に頭を捻り、美しい形式（アルゴリズム）を構築してみせたという「過剰な人工性」に感動し、「くだらなさが極まって逆に知的である」という倒錯的な賛辞を送るのです。なぞかけは、世界で最も陳腐な言葉遊び（ダジャレ）を、キャンプ的な美のレンズを通して「洗練された知の芸術」へと価値転換させる、極めて高度な美学的装置なのです。,"『キャンプについての覚書』（Notes on ""Camp"" / 論文集『反解釈』所収）における人工性、誇張、アイロニーに基づく新たな美学の提唱",1964年,Susan Sontag（スーザン・ソンタグ / アメリカの作家・批評家）
大分類 I：人文学および芸術（Humanities and Arts）,言語の構造そのものと、そこから生じる意味のズレ、修辞、論理的パラドックス、および文化的変遷を客観的・理論的に解明する領域。,第8章 美学・芸術学（Aesthetics and Art Theory）,8.7,パフォーマンス・アートとしての「即興なぞかけ」の身体性,演劇学者のエリカ・フィッシャー＝リヒテは、現代のパフォーマンス・アートや演劇を分析し、芸術作品は固定された「テキスト（台本）」として単独で存在するのではなく、演者と観客が同じ空間で身体を共有し、相互に作用し合うことでその場限りの出来事として立ち現れる「フィードバック・ループの自己創出（autopoietische Feedback-Schleife）」であると定義しました。この美学理論によれば、パフォーマンスの価値は「完成された作品の美しさ」にあるのではなく、演者の身体が発する緊張感、沈黙、汗、そしてそれに反応する観客の息遣いといった「身体的・空間的なエネルギーの交換プロセス」そのものに宿ることが明らかになっています。,客席から無作為なキーワードを提示され、その場で解き明かす「即興なぞかけ」は、フィッシャー＝リヒテが定義した「フィードバック・ループ」が最も純粋な形で発火するパフォーマンス・アートです。お題が提示された瞬間から、演者の脳は極度に活性化し、舞台上には張り詰めた沈黙（身体的緊張）が生まれます。観客は「果たしてうまく解けるのか？」という期待と不安を抱きながら、演者の「思考する身体」を強い緊張感をもって見つめます。そして「整いました！」という宣言とともにオチが放たれ、張り詰めた緊張が一気に爆発的な笑いと拍手（緩和）へと転化します。即興なぞかけの真の芸術性は、言葉の巧みさだけでなく、この「演者と観客の身体的緊張がリアルタイムで共鳴し合い、一つの空間的カタルシスを立ち上げる」という、極めてスリリングなライブ・パフォーマンスの力学にあるのです。,『パフォーマンスの美学』（?sthetik des Performativen）における「フィードバック・ループの自己創出」の理論,2004年,Erika Fischer-Lichte（エリカ・フィッシャー＝リヒテ / ベルリン自由大学 演劇学教授）
大分類 I：人文学および芸術（Humanities and Arts）,言語の構造そのものと、そこから生じる意味のズレ、修辞、論理的パラドックス、および文化的変遷を客観的・理論的に解明する領域。,第8章 美学・芸術学（Aesthetics and Art Theory）,8.8,シュルレアリスムのデペイズマンとなぞかけの構造的類似,1920年代にアンドレ・ブルトンが提唱した「シュルレアリスム（超現実主義）」における最も重要な表現技法の一つが「デペイズマン（D?paysement：異化、環境の移行）」です。これは、ある事物を本来あるべき日常的な文脈（環境）から強制的に引き離し、全く別の無関係な事物と並置する手法です。その最も有名な隠喩が、ロートレアモンの詩に登場する「解剖台の上での、ミシンとこうもり傘の偶然の出会い」です。この美学的実践は、日常の論理や理性を破壊し、全く無関係な事物が不条理に衝突する瞬間に立ち現れる、無意識的で強烈な「詩的スパーク（新しい現実）」をキャンバスやテキスト上に生み出すことを目的としていました。,なぞかけの「〇〇と掛けまして、××と解く」という構造は、まさに日常の言葉を強引に文脈から引き剥がし、一つのフォーマット上に並置する言語的な「デペイズマン（解剖台）」です。ある事象（A）と無関係な事象（B）が並べられたとき、そこにはシュルレアリスムの絵画のような、不条理で強烈なイメージの衝突が発生しています。しかし、なぞかけがシュルレアリスムと決定的に異なるのは、その不条理な衝突をそのまま放置するのではなく、「その心は（同音異義語）」というたった一つの音声的ピン（留め具）を用いて、不条理な二つの事象に「超・合理的な論理」を与え、強引に縫い合わせてしまう点です。なぞかけは、シュルレアリスム的な「狂気（ズレ）」のイメージで聴者を惹きつけ、最後にそれを高度な「論理（オチ）」で回収してみせるという、二重の美学的トリックなのです。,『シュルレアリスム宣言』（Manifestes du surr?alisme）におけるデペイズマンの理論（※美学的源流としてのロートレアモン伯爵『マルドロールの歌』1869年に立脚）,1924年,Andr? Breton（アンドレ・ブルトン / フランスの詩人・文学者）
大分類 I：人文学および芸術（Humanities and Arts）,言語の構造そのものと、そこから生じる意味のズレ、修辞、論理的パラドックス、および文化的変遷を客観的・理論的に解明する領域。,第8章 美学・芸術学（Aesthetics and Art Theory）,8.9,不協和音の解決としての音楽理論との美学的アナロジー,音楽学者のレナード・B・マイヤーは、西洋音楽において人間がなぜ「感情的な揺さぶり」や「美的な快楽」を感じるのかを認知心理学的に分析しました。彼によれば、音楽における感情的起伏は、聴取者の「期待」が遅延されたり、妨害されたりしたときに生じます。例えば「不協和音（Dissonance）」が鳴らされると、人間の脳は音の不安定さに心理的緊張を覚え、早く安定した和音（主和音）へと「解決（Resolution）」されることを強く期待します。この「緊張の遅延」が大きければ大きいほど、最後にピタリと協和音へと着地した瞬間に、人間の脳内には圧倒的な安堵感と強い美学的・心理的カタルシス（快楽）が引き起こされることが科学的・理論的に実証されています。,なぞかけの論理展開は、この西洋音楽における「不協和音から協和音への解決（カデンス）」のプロセスを、言語のレベルで見事に再現した美学的アナロジーです。「お題（A）」と「解き明かし（B）」が提示された状態は、意味論的な「不協和音」が鳴り響いている状態です。聴者の脳は「なぜこの二つが繋がるのか？」という強い認知的緊張（解決への期待）を抱え込みます。演者が「その心は……」と意図的な間（ポーズ）を置く数秒間、その緊張は最高潮に達します。そしてオチである「同音異義語（C）」が放たれた瞬間、不協和音は鮮やかに「主和音（協和音）」へと解決されます。私たちがなぞかけを聴いて知的な快感を覚えるのは、音楽を聴いて和音が美しく解決したときに感じるあの生理的・美学的なカタルシスと、全く同じメカニズムが脳内で作動しているからなのです。,『音楽における感情と意味』（Emotion and Meaning in Music）における音楽の期待・遅延・解決に関する認知美学的理論,1956年,Leonard B. Meyer（レナード・B・マイヤー / シカゴ大学 音楽学・美学教授）
大分類 I：人文学および芸術（Humanities and Arts）,言語の構造そのものと、そこから生じる意味のズレ、修辞、論理的パラドックス、および文化的変遷を客観的・理論的に解明する領域。,第8章 美学・芸術学（Aesthetics and Art Theory）,8.10,驚異（ワンダー）の感覚と知的快感がもたらす「崇高」,ハーバード大学の文学・美学研究者であるフィリップ・フィッシャーは、人間の美学的経験における「ワンダー（Wonder：驚異）」の感情を再定義しました。カントらが論じた「崇高（Sublime）」が、圧倒的な自然の力に対する恐怖や自己の矮小化を伴うのに対し、フィッシャーの言う「ワンダー」は、虹の幾何学的な美しさに気づいた瞬間や、難解な数学の証明が突然理解できた瞬間に訪れる「唐突な知覚的明証性（Sudden intelligibility）」のことです。複雑で不可解に見えていた世界が、ある視点（パースペクティブ）を獲得した瞬間に、パズルが解けるように一気に「完璧な秩序」として立ち現れる。この「アハ体験（Aha! moment）」に伴う知的興奮と喜びこそが、人間に世界への驚異（ワンダー）をもたらす最も純粋な美学的快楽であると論じられました。,なぞかけが見事に決まったときに聴者に訪れるのは、単なる滑稽な笑いではなく、このフィッシャーが定義した「ワンダー（驚異）」の美学的体験に他なりません。最初は、お題と解き明かしの間に横たわる深い溝（不可解さ）を前に、聴者は戸惑います。しかしオチの言葉が提示された瞬間、脳内で認知的なフレームの脱構築と再統合がコンマ数秒で行われ、「なるほど、そういう視点を通せば両者は完全に一致するのか！」という唐突な知的明証性（アハ体験）がもたらされます。なぞかけは、日常の言語空間の中に意図的に「不可解なパズル」を仕掛け、それを鮮やかに解き明かしてみせることで、人間の知性が自らの「論理的発見能力」を歓び、世界の秩序に対して一瞬の「ワンダー（崇高な知的快感）」を感じるための、極小かつ精巧な美学的装置なのです。,"『ワンダー、虹、そして稀な経験の美学』（Wonder, the Rainbow, and the Aesthetics of Rare Experiences）における「突然の知的明証性」と驚異の美学理論",1998年,Philip Fisher（フィリップ・フィッシャー / ハーバード大学 文学・美学教授）
大分類 I：人文学および芸術（Humanities and Arts）,言語の構造そのものと、そこから生じる意味のズレ、修辞、論理的パラドックス、および文化的変遷を客観的・理論的に解明する領域。,第8章 美学・芸術学（Aesthetics and Art Theory）,8.11,バフチンの「グロテスク・リアリズム」と権力を転覆させる笑い,ロシアの思想家ミハイル・バフチンは、中世・ルネサンス期の民衆文化（カーニバル）を研究する中で、「グロテスク・リアリズム」という概念を提唱しました。カーニバルの祝祭空間においては、王や聖職者といった「高く、精神的で、権威あるもの」が、道化たちによって意図的に「低く、肉体的で、卑俗なもの（排泄や性など）」へと引きずり下ろされ、パロディ化されます。バフチンはこの「価値の引き下げ（降格：Degradation）」がもたらす両義的な笑いこそが、硬直した公式の権力や絶対的な真理を一時的に転覆させ、民衆を社会的・精神的な抑圧から解放する、極めて破壊的かつ創造的なエネルギーを持っていることを明らかにしました。,なぞかけの構造は、バフチンが指摘した「価値の引き下げ（降格）」によるカーニバル的な笑いのメカニズムそのものです。優れたなぞかけは、お題（A）において「政治」「人生」「哲学」といった高尚で権威あるテーマ（高いもの）を意図的に設定します。しかし「その心は」に続くオチにおいて、その高尚なテーマは「同音異義語」という極めて通俗的で身体的（音声的）な言葉遊び（低いもの）へと強制的に引きずり下ろされます。なぞかけのカタルシスは、真面目で硬直した権威的な言葉の意味を、ダジャレという最も卑俗なレベルへ降格させることで、言葉が日常的に持つ「意味の権力」を鮮やかに転覆させ、私たちを論理の抑圧から一時的に解放する「グロテスク・リアリズムの笑い」に根ざしているのです。,『フランソワ・ラブレーの作品と中世・ルネッサンスの民衆文化』（Tvorchestvo Fransua Rable i narodnaia kul'tura srednevekov'ia i Renessansa）におけるカーニバルとグロテスク・リアリズムの理論,1965年出版（執筆は1940年代）,Mikhail Bakhtin（ミハイル・バフチン / ロシアの思想家・文芸批評家）
大分類 I：人文学および芸術（Humanities and Arts）,言語の構造そのものと、そこから生じる意味のズレ、修辞、論理的パラドックス、および文化的変遷を客観的・理論的に解明する領域。,第8章 美学・芸術学（Aesthetics and Art Theory）,8.12,シラーの「遊戯衝動」に基づく芸術活動の本質としての言葉遊び,ドイツの詩人であり哲学者であるフリードリヒ・シラーは、著書『人間の美的教育について』において、人間には物質的な欲求に基づく「感性的衝動」と、論理や道徳を求める「形式的衝動」の二つがあり、これらを調和・統合する第三の衝動として「遊戯衝動（Spieltrieb）」が存在すると論じました。シラーによれば、人間は実用性や生存の必要性に縛られている状態では真に自由ではなく、美的な対象に対して無目的で純粋な「遊び（Play）」に没頭しているときにのみ、完全に人間本来の自由を獲得します。「人は完全に人間であるときにのみ遊び、遊ぶときにのみ完全に人間である」という彼の有名な命題は、芸術活動の根源がこの「遊戯衝動」にあることを美学的に宣言したものでした。,なぞかけは、シラーが称賛した「遊戯衝動」の言語空間における最も純粋な発露です。私たちが言葉を使うとき、通常は「情報を伝える（実用性・感性的衝動）」か「論理を構築する（形式的衝動）」という目的に縛られています。しかし、なぞかけに興じている瞬間、私たちは言葉の「実用的な意味」を完全に放棄し、ただ「音声の響き」と「論理のパズル」を純粋に操作・再配置する遊戯に没頭しています。このゲームには、何ら現実的な利益（目的）はありません。だからこそ、なぞかけを通じて言葉の意味の束縛から逃れ、純粋な言語遊戯に身を委ねるとき、私たちはシラーの言う「真の人間的自由（芸術的自由）」を日常の中でささやかに謳歌していると言えるのです。,『人間の美的教育について』（?ber die ?sthetische Erziehung des Menschen in einer Reihe von Briefen）における「遊戯衝動（Spieltrieb）」の美学理論,1795年,Friedrich Schiller（フリードリヒ・シラー / ドイツの詩人・劇作家・思想家）
大分類 I：人文学および芸術（Humanities and Arts）,言語の構造そのものと、そこから生じる意味のズレ、修辞、論理的パラドックス、および文化的変遷を客観的・理論的に解明する領域。,第8章 美学・芸術学（Aesthetics and Art Theory）,8.13,言葉の物質性（音・字面）の強調によるコンセプチュアル・アート,1960年代後半に台頭した「コンセプチュアル・アート（概念芸術）」は、芸術作品の価値を「視覚的な美しさ」から「アイデアや概念そのもの」へと移行させました。ジョセフ・コスースの『一つおよび三つの椅子』（本物の椅子、椅子の写真、辞書における「椅子」の言語的定義の展示）に代表されるように、この芸術運動は「言葉（言語）」を美術の主要なメディウム（素材）として扱いました。美学や現代アートの理論において、これは言語の「透明性（向こう側にある意味を透かして見せる性質）」を意図的に遮断し、言葉そのものの「物質性（音の響き、文字の形、インクの染み）」を観客の眼前に突きつける試みとして評価されています。私たちは言葉の「意味」を読むのではなく、言葉という「物体」を鑑賞することを強要されるのです。,なぞかけがオチを提示する瞬間、聴者の脳内では、現代アートのギャラリーでコンセプチュアルな作品を見せられたときと同じ「知覚の転回（意味から物質へのパラダイムシフト）」が引き起こされます。普段、私たちは言葉の「音（物質）」を素通りして、その向こう側にある「意味」だけを受け取っています。しかし、なぞかけの「同音異義語」が炸裂した瞬間、複数の意味が衝突して相殺され、意味の透明性が突如として失効します。そして、あとに残されるのは「ただ、その二つが同じ音声（物質）であった」という純粋な物理的事実だけです。なぞかけは、日常語から「意味を伝達する」という役割を剥ぎ取り、言葉をただの「純粋な音声的物質」として鑑賞させる、極めて大衆的でコンセプチュアルなサウンド・アートとして機能しているのです。,『哲学以後の芸術』（Art after Philosophy）および「言語論的転回」以降のコンセプチュアル・アートの理論化,1969年,Joseph Kosuth（ジョセフ・コスース / アメリカのコンセプチュアル・アーティスト）
大分類 I：人文学および芸術（Humanities and Arts）,言語の構造そのものと、そこから生じる意味のズレ、修辞、論理的パラドックス、および文化的変遷を客観的・理論的に解明する領域。,第8章 美学・芸術学（Aesthetics and Art Theory）,8.14,アイロニーのロマン主義的起源と無限の反射という美的態度,ドイツ・ロマン派の思想家フリードリヒ・シュレーゲルは、芸術家が自らの創造物を絶対的な真理として提示しつつ、同時にそれが有限な仮の姿にすぎないことを自覚し、自らの手でそれを打ち破るという「ロマン主義的アイロニー」の概念を提唱しました。これは、ある意味を構築してはそれを否定・解体し、また新たな意味を構築しては解体するという「無限の反射（自己意識の反省）」のプロセスです。この態度は、固定された真理や完成された世界観（絶対的な真面目さ）に安住することを拒絶し、常に自らを相対化して対象との間に知的な距離を保つという、極めて近代的で自由な美的態度として位置づけられています。,なぞかけは、この「ロマン主義的アイロニー（構築と自己破壊のプロセス）」を極小の言語ゲームに落とし込んだものです。演者はお題と解き明かしを提示し、一見するともっともらしい「一つの論理的・意味的世界（構築）」を立ち上げます。しかし「その心は」という合図とともに、それが単なる同音異義のダジャレにすぎなかったことを自ら暴露し、先ほど構築したばかりの真面目な意味の世界を、笑いとともに軽やかに「脱構築（相対化）」します。なぞかけの美学とは、言葉が持つ真面目な意味の構築に決して囚われず、それを自ら茶化して破壊してみせるという、軽快でアイロニカルな知の自己反射運動にあるのです。,『リュツェウム断片』および『アテネーウム断片』（Athen?ums-Fragmente）におけるロマン主義的アイロニーの理論,1797年?1798年,Friedrich Schlegel（フリードリヒ・シュレーゲル / ドイツ・ロマン派の思想家・批評家）
大分類 I：人文学および芸術（Humanities and Arts）,言語の構造そのものと、そこから生じる意味のズレ、修辞、論理的パラドックス、および文化的変遷を客観的・理論的に解明する領域。,第8章 美学・芸術学（Aesthetics and Art Theory）,8.15,パロディとパスティーシュの美学,リンダ・ハッチオンは、ポストモダン美学において「パロディ（Parody）」を単なる寄生的な嘲笑ではなく、「批判的距離を伴う反復」として再定義しました。元の作品の形式を模倣しながらも、そこに意図的な「差異（ズレ）」を組み込むことで、先行作品に対するアイロニーや新しい解釈を生み出す知的な芸術形式です。一方で、フレドリック・ジェイムソンは、こうした批判的距離や隠された意味（批評的奥ゆき）を持たず、ただ表面的なスタイルだけを模倣する空虚なパロディを「パスティーシュ（Pastiche：模倣作）」と呼びました。これらの理論は、模倣という行為が「単なる様式の剽窃（パスティーシュ）」に終わるか、それとも「新しい価値を提示する批評（パロディ）」に昇華されるかを分ける境界線を明確にしました。,なぞかけの定型フォーマット（〇〇と掛けまして…）は、使い古された「パスティーシュ（空虚な形式の反復）」に陥る危険性を常に孕んでいます。誰もが思いつくような平凡なオチ（陳腐な同音異義）を当てはめただけのなぞかけは、何の批評性も持たない単なる形式の剽窃にすぎません。しかし、卓越したなぞかけは、日常の言葉が持つ固定観念や社会の不条理を鋭く突くことで、この定型フォーマットを「批判的距離を伴うパロディ」へと見事に昇華させます。元の言葉の意味や社会の常識を「反復」しながら、同音異義語という「差異」を用いて、その常識の裏側を批評的に反転させる。優れたなぞかけは、言葉の形式主義（パスティーシュ）を乗り越えて、日常語に対する極めて高度な批評（パロディ）を成立させているのです。,『パロディの理論』（A Theory of Parody）におけるパロディの再定義、およびジェイムソンによる『ポストモダニズム、あるいは後期資本主義の文化の論理』におけるパスティーシュ論,1985年（ハッチオン）、1991年（ジェイムソン）,Linda Hutcheon（リンダ・ハッチオン / トロント大学名誉教授）、Fredric Jameson（フレドリック・ジェイムソン / デューク大学教授）
大分類 I：人文学および芸術（Humanities and Arts）,言語の構造そのものと、そこから生じる意味のズレ、修辞、論理的パラドックス、および文化的変遷を客観的・理論的に解明する領域。,第8章 美学・芸術学（Aesthetics and Art Theory）,8.16,リズムと押韻がもたらす聴覚的快のポエジー分析,言語学者のロマーン・ヤコブソンは、言葉が単なる情報伝達の道具を超えて「芸術（詩）」となる条件を分析し、これを「詩的機能（Poetic function）」と名付けました。彼は、詩の美しさは「選択の軸（どの単語を選ぶかという等価性の原理）」が「結合の軸（どう並べるかという隣接性の原理）」へと投影されることで生じると定義しました。具体的には、意味の類似性（メタファー）だけでなく、音声の類似性（リズム、頭韻、脚韻）が言語の配列に規則的なパターンを生み出し、言葉の「物質性（音の響き）」そのものに注意を引きつけます。この「音と意味の等価性」の反復が、人間の聴覚と認知に快感をもたらし、散文にはない音楽的で呪術的な美学（ポエジー）を立ち上げることが解明されました。,なぞかけが私たちに与える快感の大部分は、論理的な意味の驚きにとどまらず、ヤコブソンが指摘した「詩的機能」による聴覚的・音楽的な快楽（ポエジー）に依存しています。「Aと掛けまして、Bと解く。その心は、どちらもCでしょう」という七五調に近い独特の定型リズムは、聴者の身体に音楽的なビートを刻みます。そして最後のオチにおいて、「お題」の文脈に属する意味1と、「解き明かし」の文脈に属する意味2が、「C」という全く同じ音声（完璧な押韻・等価性）に収斂します。なぞかけの美学とは、意味のギャップという「論理的緊張」を、同音異義という「完璧な音韻的韻律（ポエジー）」によって解決することで、聴覚と知性の両方に同時に美学的快楽をもたらす点にあるのです。,『言語学と詩学』（Linguistics and Poetics）における言語の「詩的機能（Poetic function）」の定式化,1960年,Roman Jakobson（ロマーン・ヤコブソン / ハーバード大学・MIT等 言語学者）
大分類 I：人文学および芸術（Humanities and Arts）,言語の構造そのものと、そこから生じる意味のズレ、修辞、論理的パラドックス、および文化的変遷を客観的・理論的に解明する領域。,第8章 美学・芸術学（Aesthetics and Art Theory）,8.17,キュビスム絵画のコラージュ手法と言葉のコラージュの相同性,パブロ・ピカソとジョルジュ・ブラックによって創始されたキュビスム（特に「総合的キュビスム」期）において、絵画に新聞紙や壁紙などの実物を直接貼り付ける「パピエ・コレ（コラージュ）」という画期的な手法が発明されました。美術評論家クレメント・グリーンバーグらの考察によれば、この手法は、キャンバス上に「三次元のイリュージョン（奥行き）」を描くというルネサンス以来の伝統的な絵画のルールを根底から破壊するものでした。本来の文脈（日常）から切り離された新聞紙などの物質が、絵画という異物のアリーナに貼り付けられることで、観る者は「それが表す意味（描かれた内容）」だけでなく、物質そのものの手触りや、平面的な記号の集積（物質性とフラットネス）へと強制的に目を向けさせられることが解明されています。,なぞかけは、音声言語を用いて行われる「キュビスム的なコラージュ」そのものです。「お題（A）」と「解き明かし（B）」という、日常の文脈から切り取られた全く無関係な二つの概念的素材（例えば新聞紙と壁紙）を、「その心は（同音異義語）」という強力な結合のメカメカニズムを用いて、一つの平面（定型フォーマット）上に強引に貼り付けます。この言語のコラージュが完成した瞬間、言葉が本来持っていた「意味の奥行き」は破壊され、言葉はただの「同じ音の響き（物質的な平面）」へと還元されます。私たちがなぞかけに感じる前衛的なカタルシスは、ブラックやピカソがコラージュを通じて芸術界に仕掛けた「意味の破壊と物質性の強調」というモダニズムの美学と、完全に相同の構造を持っているのです。,論文『コラージュ』（Collage / 論文集『芸術と文化』所収）における総合的キュビスムと平面性（フラットネス）の美学的分析,1959年,Clement Greenberg（クレメント・グリーンバーグ / アメリカの美術評論家）
大分類 I：人文学および芸術（Humanities and Arts）,言語の構造そのものと、そこから生じる意味のズレ、修辞、論理的パラドックス、および文化的変遷を客観的・理論的に解明する領域。,第8章 美学・芸術学（Aesthetics and Art Theory）,8.18,「イキ（粋）」と「ヤボ（野暮）」の九鬼周造的美学に基づく洗練度評価,哲学者である九鬼周造は、著書『「いき」の構造』において、日本の江戸期の町人文化に特有の美意識である「粋（いき）」を現象学的に定義しました。彼によれば、「いき」とは「媚態（他者への惹きつけ）」をベースに持ちながらも、それに溺れない「意気地（気立ての張り）」と、執着を捨てる「諦め（洗練された無関心）」の三要素が絶妙な緊張関係を保つ状態です。逆に、この緊張感がなく、理屈っぽくすべてを説明しすぎたり、相手に執着してまとわりついたりする態度は「野暮（ヤボ）」として極端に嫌悪されます。この考察により、「いき」とは、対象との間に美しく洗練された「距離感」と「余韻」を保ち続け、すべてを語らずに相手の想像力に委ねる、極めて高度な美学的態度であることが体系化されました。,なぞかけの美しさと洗練度（上手さ）は、九鬼の言う「いき」と「ヤボ」の基準で完全に評価・計測することができます。最高に「いき」ななぞかけは、オチの同音異義語が放たれた後、演者は一切の解説をしません。余計な執着（意味の説明）を潔く放棄する「諦め」と「意気地」があるため、聴者の脳内に心地よい余韻と知的なカタルシスが広がります。逆に、同音異義語の繋がりが弱いために「つまり、これはこういう意味でして……」と自らオチを論理的に説明してしまう行為は、まさに説明過多で執着に満ちた「ヤボ」の極みであり、笑いと美学を著しく毀損します。なぞかけとは、いかに説明の言葉を削ぎ落とし、聴者との間に「いき」な緊張感を保てるかを競う、江戸期から続く美意識の極小のテストなのです。,『「いき」の構造』における「いき」の三契機（媚態・意気地・諦め）と野暮との対比構造の哲学・美学的分析,1930年,九鬼周造（くき しゅうぞう / 哲学者・京都帝国大学教授など）
大分類 I：人文学および芸術（Humanities and Arts）,言語の構造そのものと、そこから生じる意味のズレ、修辞、論理的パラドックス、および文化的変遷を客観的・理論的に解明する領域。,第8章 美学・芸術学（Aesthetics and Art Theory）,8.19,メディアアートにおけるアルゴリズム生成の言葉遊びとその美的評価,1960年代にレーモン・クノーやフランソワ・ル・リヨネらが結成した「ウリポ（Oulipo：潜在的文学工房）」は、文学表現に数学的・アルゴリズム的な「制約」を導入しました。例えば「テキスト中の名詞を辞書の7つ後の名詞に置き換える（S+7法）」といった機械的なルールです。現代のメディアアートやジェネレーティブ・アート（生成芸術）の源流とも言えるこのアプローチは、芸術家が「自由なインスピレーション」に頼るのではなく、極めて厳格で機械的な「アルゴリズム（規則）」を自らに課すことで、人間の無意識の偏り（クリシェ）が排除され、逆に個人の想像力を超えた想定外の美や意味の飛躍（バグやノイズ）が自動生成されるという、創造性の逆説的なメカニズムを証明しました。,なぞかけは、「AとBを同音異義語Cで結びつける」という、極めて厳格な「制約（アルゴリズム）」に基づく口承のジェネレーティブ・アートです。演者は「自由に面白いことを言ってください」と言われるよりも、この厳格なアルゴリズムを課されたときのほうが、はるかに遠くへ想像力を飛躍させることができます。ルールに従って脳内の同音異義語データベースを検索し、パズルのピースを嵌め込んだ結果、演者自身の意図すら超えた「予期せぬ意味の跳躍」や「奇妙な詩情」が自動生成されることがあります。なぞかけは、アルゴリズム（制約）が人間の創造性を奪うのではなく、むしろ未知の言語空間へと人間を強制的に連れ出し、新しい美的体験を生成させる強力なエンジンであることを教えてくれるのです。,「潜在的文学（La litt?rature potentielle）」および『百兆の詩』（Cent Mille Milliards de Po?mes）等に見る、数学的制約とアルゴリズムに基づく文学生成の美学理論,1960年代初頭（ウリポ結成期）,Raymond Queneau（レーモン・クノー / フランスの作家）、Fran?ois Le Lionnais（フランソワ・ル・リヨネ / 数学者）等
大分類 I：人文学および芸術（Humanities and Arts）,言語の構造そのものと、そこから生じる意味のズレ、修辞、論理的パラドックス、および文化的変遷を客観的・理論的に解明する領域。,第8章 美学・芸術学（Aesthetics and Art Theory）,8.20,トロンプ・ルイユ（錯視画）における存在論的問いかけと言語の遊戯性,本物と見紛うばかりに精巧に描かれた錯視画「トロンプ・ルイユ（Trompe-l'?il：眼を騙す絵）」について、思想家ジャン・ボードリヤールは著書『誘惑の論理』の中で、存在論的な観点から考察を行いました。彼によれば、トロンプ・ルイユの真の魔力は「眼を騙す技術の高さ」にあるのではなく、それがただの平面（偽物）であると種明かしされた瞬間に生じる「現実の奥行きの破壊」にあります。描かれた対象があまりにもリアルであるがゆえに、それが「ただの絵の具の平面」だと分かった瞬間、私たちが信じている「現実の三次元空間」そのものまでが虚構（シミュラークル）のように感じられ、存在の基盤が揺るがされるような目眩（めまい）をもたらすのです。トロンプ・ルイユは、現実と虚構のヒエラルキーを転覆させる「魅惑（誘惑）」の装置であることが示されました。,なぞかけは、視覚ではなく「言語（意味）」を用いて人間の認知を騙す、聴覚的なトロンプ・ルイユです。お題の「A」と解き明かしの「B」が提示されている間、聴者はそこに「意味」という確固たる意味の奥行き（現実世界）を感じ取っています。しかし「その心は」でオチが告げられた瞬間、その意味の奥行きは突如として一次元的な「純粋な音声的平面（同音異義）」へと強制的に還元されます。私たちがなぞかけで笑うとき、そこで起きているのは、私たちが普段どれほど言葉の「意味（現実の奥行き）」を盲信し、騙されているかという事実の暴露です。なぞかけは、言葉の意味が持つ現実感を一瞬で平面的な音の遊戯へと解体し、私たちの言語世界に心地よい存在論的な目眩（めまい）をもたらす魅惑の装置なのです。,『誘惑の論理』（De la s?duction）における「トロンプ・ルイユ（魅惑の空間）」の存在論的・記号論的分析,1979年,Jean Baudrillard（ジャン・ボードリヤール / フランスの哲学者・社会学者）
大分類 I：人文学および芸術（Humanities and Arts）,言語の構造そのものと、そこから生じる意味のズレ、修辞、論理的パラドックス、および文化的変遷を客観的・理論的に解明する領域。,第9章 演劇学・パフォーマンス学（Theater and Performance Studies）,9.1,寄席演芸における「間（ま）」のパフォーマティヴィティ,日本の伝統的なパフォーマンスにおいて「間（ま）」がどのような機能を持つかについては、古くから考察が重ねられてきました。その最古にして最高の演劇論の一つが、室町時代に世阿弥が著した『花鏡（かきょう）』にある「せぬところがおもしろき（何もしないところが面白い）」という理論です。世阿弥によれば、演者が声を発したり舞ったりする身体的アクションを止めたとき、それは単なる「空白・休止」ではなく、演者の内面的な集中力（心の緊張）が最高潮に達し、それが観客の想像力と舞台上で激しく交錯する極めて密度の高い時間となります。パフォーマンス学の視点から見ると、日本の伝統演芸における「間」とは、情報伝達の欠落ではなく、観客の注意を引きつけ、次に起こる出来事への期待値を最大限に操作する積極的な「身体的・空間的行為（パフォーマティヴィティ）」であることが分かっています。,なぞかけが単なるテキスト上の言語遊戯から「ライブ・パフォーマンス（演芸）」へと昇華する決定的な瞬間は、演者が「〇〇と掛けまして、××と解く」と宣言した直後に置かれる「……（沈黙）」という「間」にあります。このとき、演者は身体的アクションを意図的に停止し、視線による空間の統制を行います。この数秒の「せぬところ（間）」において、観客の脳内では「一体どう繋げる気だ？」という強烈な期待と緊張が張り詰めます。演者はこの沈黙という無音のパフォーマンスによって観客の呼吸を完全に支配し、空間のテンションが限界まで高まったその頂点で「その心は！」とオチを放ちます。なぞかけにおける爆発的なカタルシスは、オチの論理的な精緻さだけでなく、世阿弥が見出した「せぬところ（間）」による極めて高度な身体的・空間的テンションの操作によって生み出されているのです。,『花鏡（かきょう）』における「万能繋ぐ一心の事（せぬところがおもしろき）」の演技・身体論,1424年,世阿弥（ぜあみ / 室町時代の能楽師・思想家）
大分類 I：人文学および芸術（Humanities and Arts）,言語の構造そのものと、そこから生じる意味のズレ、修辞、論理的パラドックス、および文化的変遷を客観的・理論的に解明する領域。,第9章 演劇学・パフォーマンス学（Theater and Performance Studies）,9.2,漫才の構造論：ボケとツッコミによる意味の脱臼と修復プロセス,日本の「漫才（ボケとツッコミ）」の構造は、社会言語学や会話分析（Conversation Analysis）の視点から「修復（Repair）」のメカニズムとして説明することができます。ハーヴェイ・サックスらが定式化した会話分析において、日常会話で生じた言い間違いや文脈の逸脱は、ただちに話者自身または他者によって「修復（訂正）」され、元の秩序に戻される力学が働きます。漫才は、この会話の秩序維持システムを意図的に遊戯化したものです。「ボケ」は、常識や文脈を意図的に逸脱し、意味を「脱臼（トラブル）」させる不条理の役割を担います。それに対し「ツッコミ」は、観客の常識を代弁してその逸脱を指摘し、元の論理的文脈へと「修復」する役割を持ちます。この「意図的な脱臼（緊張）」と「鮮やかな修復（緩和）」の反復リズムが、観客に強い社会的・認知的な安心感と笑いをもたらすことが分かっています。,なぞかけの構造的特異性は、漫才では二人で行う「ボケ（脱臼）」と「ツッコミ（修復）」の会話プロセスを、演者が一人二役で、しかも極めて短い定型フォーマットの中に圧縮して引き受けている点にあります。「お題（A）と掛けまして、解き明かし（B）と解く」という前半部分は、全く無関係な事象を並べるという巨大な「ボケ（意味の意図的な脱臼）」です。聴者はその論理的飛躍に対する認知的違和感（ツッコミの予兆）を抱え込みます。しかし、演者は自ら「その心は（C）」という同音異義語を提示することで、自らが引き起こした意味の脱臼を、見事な論理的修辞によってセルフ・ツッコミ（自己修復）してみせます。なぞかけとは、一人で観客の常識を脱臼させ、一人でそれを鮮やかに整復してみせるという、極限まで圧縮された漫才の構造論そのものなのです。,The Preference for Self-Correction in the Organization of Repair in Conversation（会話の修復の組織化における自己訂正の優先性 / 『Language』誌掲載の会話分析基礎理論）に基づく漫才の語用論的構造解析,1977年（論文発表）,"Emanuel A. Schegloff（エマニュエル・シェグロフ）, Gail Jefferson（ゲイル・ジェファーソン）, Harvey Sacks（ハーヴェイ・サックス / 社会学者・会話分析の創始者たち）"
大分類 I：人文学および芸術（Humanities and Arts）,言語の構造そのものと、そこから生じる意味のズレ、修辞、論理的パラドックス、および文化的変遷を客観的・理論的に解明する領域。,第9章 演劇学・パフォーマンス学（Theater and Performance Studies）,9.3,即興演劇（インプロ）におけるアナロジーの身体化,"キース・ジョンストンによって体系化された「即興演劇（Impro：インプロ）」は、台本を持たず、その場で観客から与えられたお題や共演者のアクションを元に物語を紡ぐパフォーマンスです。インプロの最も重要で絶対的なルールが「アクセプト（Accept：受け入れること／Yes, and...）」です。共演者や観客からどれほど不条理で突飛な提案（オファー）が投げられても、演者はそれを否定（ブロック）せず、瞬時に肯定して自分のアイデアを乗せなければなりません。ジョンストンの理論によれば、この「未知のオファーを受け入れる恐怖」を乗り越えたとき、演者の脳はリミッターを外し、普段なら絶対に結びつかないような遠い概念同士の「アナロジー（類似性）」を瞬時に発見し、それを身体化する爆発的な創造性（スポンタネイティ）を発揮することが実証されています。","客席からランダムにお題をもらう「即興なぞかけ（リクエストなぞかけ）」は、このキース・ジョンストンが提唱した「インプロ（Yes, and...の精神）」の究極の言語的実践です。観客から「原子力発電所」や「ミドリムシ」といった、修辞的結びつきが極めて困難なオファー（お題）が飛んできたとき、演者は「それは無理です」とブロックすることは許されません。「〇〇と掛けまして」と、すべてのお題を無条件にアクセプト（肯定）して受け止めます。その瞬間、演者は極度の認知的負荷を背負いながら、自身の脳の限界を超えて遠い概念（解き明かし）へのアナロジーを探索します。観客はオチの美しさだけでなく、演者の脳と身体が「無茶ぶり」という恐怖を乗り越え、未知のオファーを笑いへと昇華させる「認知的なアクロバット（即興の知的サバイバル）」そのものを目撃し、熱狂しているのです。",『インプロ：即興演劇と想像力』（Impro: Improvisation and the Theatre）における「オファーとアクセプト」および自発性（Spontaneity）の演劇理論,1979年,Keith Johnstone（キース・ジョンストン / 演出家・即興演劇の世界的権威）
大分類 I：人文学および芸術（Humanities and Arts）,言語の構造そのものと、そこから生じる意味のズレ、修辞、論理的パラドックス、および文化的変遷を客観的・理論的に解明する領域。,第9章 演劇学・パフォーマンス学（Theater and Performance Studies）,9.4,コール＆レスポンスから構築される「笑いの劇場空間論」,パフォーマンス学の創始者の一人であるリチャード・シェクナーや、文化人類学者のヴィクター・ターナーらの理論によれば、演劇的空間は「舞台上の演者」と「暗闇の観客」という一方通行の分離した構造ではなく、両者の相互作用によって動的に形成されるものです。特に、観客からの声掛けや演者からの問いかけといった「コール＆レスポンス」のやり取りは、演者と観客の間にあった目に見えない壁（第四の壁）を融解させます。この相互作用の反復により、劇場は単なる「作品を鑑賞する場所」から、参加者全員が一時的に社会的階層や日常の役割を忘れ、等しく一つの出来事を共有する「コミュニタス（共同体的な祝祭空間）」へと変容することが解明されています。,なぞかけがライブパフォーマンスとして演じられる際、そこには必ず強力な「コール＆レスポンス」の回路が組み込まれています。観客からお題をもらう（コール）→演者がそれを受け取る（レスポンス）。そして演者が「整いました！」と宣言する（コール）→観客が「おおっ！」とどよめく（レスポンス）。最後にオチを放つ（コール）→観客が拍手喝采する（レスポンス）。なぞかけの真のパフォーマンスとしての価値は、卓越した謎解きを一方的に提示・誇示することではなく、この微細な相互作用のラリーを繰り返すことで、冷え切っていた客席の空気を急速に温め、会場全体を「共に笑いを創り上げる一つの共同体（コミュニタス）」へと動的に変容させていく、空間構築のエンジニアリングにあるのです。,『パフォーマンスの理論』（Performance Theory）等における「環境演劇」およびヴィクター・ターナーの「コミュニタス（Communitas）」理論のパフォーマンス学的応用,1988年（『Performance Theory』改訂版発行）など,Richard Schechner（リチャード・シェクナー / パフォーマンス・スタディーズの創始者）、Victor Turner（ヴィクター・ターナー / 文化人類学者）
大分類 I：人文学および芸術（Humanities and Arts）,言語の構造そのものと、そこから生じる意味のズレ、修辞、論理的パラドックス、および文化的変遷を客観的・理論的に解明する領域。,第9章 演劇学・パフォーマンス学（Theater and Performance Studies）,9.5,落語の「マクラ」における観客とのラポール形成,社会学者アーヴィング・ゴッフマンの「フレーム分析（Frame Analysis）」によれば、人間は特定のコミュニケーションを行う際、「これは冗談である」「これは演劇である」といった前提（フレーム）を相互に共有し認知する必要があります。日本の伝統演芸である「落語」は、本編（虚構の物語）に入る前に必ず「マクラ」と呼ばれる世間話や小咄の時間を持ちます。演劇論や社会言語学の視点から見ると、このマクラは、観客の日常の緊張をほぐして親密な信頼関係（ラポール）を築くと同時に、観客に対して「ここから先は虚構の笑いの空間（プレイ・フレーム）に入りますよ」と誘導（キーイング）し、客席の呼吸を一つにチューニングするための極めて高度で戦略的な導入装置であることが分かっています。,即興なぞかけの演者が、お題をもらってからオチを考えるまでの間に発する「いやあ、難しいお題が来ましたね」といった観客との軽妙な対話やメタ的なぼやきの時間は、まさに落語における「マクラ」と同じラポール形成の機能（フレーム操作）を果たしています。演者はこの時間を使って、ただ思考の時間を稼いでいるだけでなく、観客に向かって自らの「苦悩する等身大の姿（脆弱性：Vulnerability）」を意図的に開示しています。これにより、観客との間に「対立」や「審査」ではなく「共感と応援（ラポール）」の回路が開かれます。「これから言葉のゲーム（笑いのフレーム）を共に楽しむぞ」という合意形成がマクラ的コミュニケーションを通じて精緻に構築されているからこそ、その後に放たれるオチの爆発力（カタルシス）は何倍にも増幅されるのです。,『フレーム分析：経験の組織化について』（Frame Analysis: An Essay on the Organization of Experience）に基づく、落語の「マクラ」のフレーム構築およびラポール形成機能の分析,1974年（『フレーム分析』出版）,Erving Goffman（アーヴィング・ゴッフマン / アメリカの社会学者）
大分類 I：人文学および芸術（Humanities and Arts）,言語の構造そのものと、そこから生じる意味のズレ、修辞、論理的パラドックス、および文化的変遷を客観的・理論的に解明する領域。,第9章 演劇学・パフォーマンス学（Theater and Performance Studies）,9.6,なぞかけ名人の声のトーンやジェスチャーのパラ言語学,コミュニケーションにおいて、言葉の文字通りの意味（テキスト）だけでなく、声のトーン、イントネーション、話すスピード、沈黙の長さといった音声の周辺情報を「パラ言語（Paralanguage）」と呼びます。言語学者ジョージ・L・トレーガーによるパラ言語学の定式化や、レイ・バードウィステルによる「キネシクス（Kinesics：身体動作学）」の研究は、人間が発するメッセージの意味の大部分が、実はテキストそのものではなく、これらの非言語・パラ言語要素によって決定づけられていることを明らかにしました。同じ「ありがとう」という言葉でも、声のトーンや表情（パラ言語・キネシクス）が皮肉を含んでいれば、全く逆の意味（嘲笑）として相手に伝わるのです。,なぞかけが活字で読まれるテキスト的次元を超えて、名人の生の声と身体で演じられた際に圧倒的な面白さを獲得する理由は、この「パラ言語」と「キネシクス（身体動作）」の豊かな重層性に他なりません。名人が「〇〇と掛けまして……」と語り出すときの独特の節回しや声の張り（パラ言語）は、それ自体が一種の音楽的快楽として観客の耳を惹きつけます。さらに、「その心は」と放つ直前に見せる自信に満ちた特有の表情（非言語的キュー）や、手に持った扇子をピシャリと叩く動作（キネシクス）は、「これから放たれるダジャレは、単なる思いつきの言葉遊びではなく、極めて高度に洗練された伝統芸である」というメタ・メッセージを観客の認知フレームに強力に作用させています。なぞかけ名人の凄みは、テキスト上の言葉遊びを、全身のパラ言語とジェスチャーを駆使して「至高のパフォーマンス空間」へと装飾・昇華させる身体的技術にあるのです。,Paralanguage: A First Approximation（パラ言語学の基礎論文）、および『Kinesics and Context』における身体動作による意味生成の分析,1958年（トレーガー論文）、1970年（バードウィステル著書）,George L. Trager（ジョージ・L・トレーガー / 言語学者・人類学者）、Ray Birdwhistell（レイ・バードウィステル / 人類学者・キネシクスの創始者）
大分類 I：人文学および芸術（Humanities and Arts）,言語の構造そのものと、そこから生じる意味のズレ、修辞、論理的パラドックス、および文化的変遷を客観的・理論的に解明する領域。,第9章 演劇学・パフォーマンス学（Theater and Performance Studies）,9.7,ブレヒトの「異化効果」としての言葉遊びの没入阻害効果,20世紀を代表する劇作家・演出家のベルトルト・ブレヒトは、観客が劇中の登場人物に感情移入して現実を忘れてしまう（没入する）ことを批判し、「叙事的演劇」という手法を提唱しました。その中核となるのが「異化効果（Verfremdungseffekt）」です。ブレヒトは、劇の途中で突然役者に歌を歌わせたり、観客に直接語りかけさせたり、プラカードを掲げたりすることで、観客の感情的な没入を意図的に断ち切りました。演劇学の研究によれば、この「没入の阻害」によって、観客は劇を「作り物」として客観的に突き放して見るようになり、対象に対して批判的で知的な思考を巡らせるようになることが実証されています。言葉遊びやダジャレもまた、セリフの情緒的意味への没入を断ち切り、言葉の表面的な音へと意識を引き戻す強力な異化の装置として機能します。,なぞかけは、ブレヒトの「異化効果」を言語のレベルで数秒間に圧縮した極小の叙事的演劇です。お題と解き明かしによって、聴者は一瞬「なるほど、その心は何だろう」とその意味の世界に深く没入しかけます。しかし、オチとして提示されるのが「単なる同音異義語（言葉の物質的遊戯）」であるため、聴者は意味の世界から「音声的類似にすぎないという物理的現実」へと強引に引き戻されます。なぞかけは、聴者が言葉の情緒や意味の深層に感情移入することを絶対に許しません。言葉の響き（音）を用いて没入を意図的に阻害することで、言葉そのものが持つ恣意性や構造の面白さを、客観的かつ知的に鑑賞させる。なぞかけとは、極めてブレヒト的な「冷徹な知性のエンターテインメント」なのです。,『演劇のための小オルガノン』（Kleines Organon f?r das Theater）における「異化効果」および叙事的演劇の理論,1948年,Bertolt Brecht（ベルトルト・ブレヒト / ドイツの劇作家・演出家）
大分類 I：人文学および芸術（Humanities and Arts）,言語の構造そのものと、そこから生じる意味のズレ、修辞、論理的パラドックス、および文化的変遷を客観的・理論的に解明する領域。,第9章 演劇学・パフォーマンス学（Theater and Performance Studies）,9.8,喜劇的カタルシスの劇作術的分析と緊張感の解放,アリストテレスが悲劇における「カタルシス（感情の浄化）」を論じて以来、喜劇（コメディ）におけるカタルシスとは何かについて、多くの演劇学者が考察を重ねてきました。演劇評論家エリック・ベントレーらの劇作術（ドラマトゥルギー）の分析によれば、喜劇のメカニズムの本質は「人為的に作り出された心理的・状況的な緊張（Tension）」と、その「無害な解放（Release）」にあります。喜劇の登場人物が危機的な状況や論理的な矛盾に追い詰められ、観客の認知的・心理的緊張が最高潮に達した瞬間、全く予期せぬ、しかし突飛でありながらも修辞的に筋の通った拍子抜けするほど表層的な解決策が提示されます。このとき、張り詰めていた緊張感が一気に笑いとなって吹き出す現象こそが、喜劇特有のカタルシスであると定義されています。,なぞかけのフォーマットは、この「喜劇的カタルシス（緊張と解放）」のプロセスを抽出した最も純粋な劇作術（ドラマトゥルギー）です。「〇〇と掛けまして、××と解く」と宣言された瞬間、演者と聴者の間には「この全く無関係な二つの言葉をどうやって結びつけるのか？」という強烈な論理的緊張（パズルが解けないストレス）が発生します。演者が「その心は」と意図的な間（ポーズ）を置くことで、その緊張はピークに達します。そして同音異義語が放たれた瞬間、複雑に絡み合っていたかに見えた問題が、「音が同じ」というただ一点の極めて無害な理由によって鮮やかに氷解（解放）します。なぞかけの笑いとは、思考の行き詰まり（緊張）が言葉遊びによって一瞬で無効化されるときに生じる、純度100%の喜劇的カタルシスなのです。,『劇の生命』（The Life of the Drama）等における喜劇・笑劇（ファルス）のドラマトゥルギーと心理的エネルギー（緊張と解放）の分析,1964年,Eric Bentley（エリック・ベントレー / 演劇批評家・劇作家）
大分類 I：人文学および芸術（Humanities and Arts）,言語の構造そのものと、そこから生じる意味のズレ、修辞、論理的パラドックス、および文化的変遷を客観的・理論的に解明する領域。,第9章 演劇学・パフォーマンス学（Theater and Performance Studies）,9.9,メタシアター（劇中劇）と階層的なユーモア構造,劇評家ライオネル・アベルは、シェイクスピアの『ハムレット』やピランデッロの『作者を探す六人の登場人物』のように、「演劇の中で演劇が行われる（劇中劇）」構造や、登場人物自身が「自分が劇の登場人物であると自覚している」ような演劇形式を「メタシアター（Metatheatre）」と名付けました。演劇学において、メタシアターは物語の「階層性」を生み出す装置とされています。観客は、第一層（物語の筋）を楽しむと同時に、第二層（それが演劇であるという構造そのもの）を俯瞰して楽しむことになります。この階層的な構造により、作品は自己言及になり、観客はフィクションの内部に没入するのではなく、「フィクションがどのように作られているか」という構造の露呈そのものを知的なユーモアとして消費することが明らかになっています。,なぞかけは、言語を用いた「メタシアター」に他なりません。演者はただ日常の言葉を話しているのではなく、「今から私は、なぞかけという言葉のゲームをプレイする人間を演じます」というメタ的な宣言（〇〇と掛けまして…）からパフォーマンスをスタートさせます。聴者が笑うのは、お題そのものの意味（第一層）がおかしいからではありません。「言葉の意味」という第一層の背後にある、「音声（音韻）のシステム」という第二層の構造が露呈し、それがパズルのように組み合わさる瞬間（メタ・レベルでの解決）を俯瞰し、知的遊戯として享受しているのです。なぞかけは、日常言語という舞台の上で上演される「言葉についての言葉の劇（メタ言語遊戯）」であり、その自己言及的な構造が、メタシアター特有の高度に知的なユーモアを生み出しています。,『メタシアター：演劇形式の新しい見方』（Metatheatre: A New View of Dramatic Form）における自己言及的演劇構造の理論化,1963年,Lionel Abel（ライオネル・アベル / 劇作家・演劇批評家）
大分類 I：人文学および芸術（Humanities and Arts）,言語の構造そのものと、そこから生じる意味のズレ、修辞、論理的パラドックス、および文化的変遷を客観的・理論的に解明する領域。,第9章 演劇学・パフォーマンス学（Theater and Performance Studies）,9.10,演芸番組のテレビ的演出（カメラワーク等）が即興性に与える影響,パフォーマンス学者のフィリップ・オースランダーは、メディア技術（テレビなど）が発達した現代において、「ライブ（生）のパフォーマンス」の概念がいかに変容したかを分析しました。彼の「ライブネス（Liveness）」の理論によれば、テレビの演芸番組などは、一見すると劇場の生の空気を伝えているように見えますが、実際にはカメラワーク（演者の顔のズーム）、カット割り、そして後付けの笑い声（ラフ・トラック）といった「テレビ的演出」によって、観客の視線と感情が完全にコントロールされています。生の舞台に存在する「どこを見るかの自由」や「偶発的な間（ま）」はメディアによって編集・再構築されており、テレビは「即興性」や「生のパフォーマンス」のありのままの記録ではなく、それ自体が高度に作り込まれた別のメディアイベント（メディア化されたライブネス）であることが証明されています。,寄席の舞台で生で見るなぞかけと、テレビ番組（例えば『笑点』など）で見るなぞかけは、オースランダーの理論に従えば「全く異なるパフォーマンス」です。テレビのなぞかけでは、演者が「整いました！」と宣言した瞬間にカメラが演者の顔にズームインし、思考を巡らせる他演者のリアクションがワイプで挿入され、オチを言った瞬間に効果音と計算されたテロップが出現します。この「テレビ的演出」は、生の舞台にあった偶発的な身体的緊張感や、観客と演者の間でリアルタイムに共有される「間（ま）」の質感をメディア的に変容させますが、代わりに「ここで笑うべきだ」という視覚的・聴覚的なサインを過剰なまでに提示することで、大衆的な笑いの確実性を最大化します。テレビの中のなぞかけは、純粋な即興の言葉遊びの枠を超え、カメラワークや編集技術と一体化して初めて完成する「高度にメディア化されたハイブリッド・パフォーマンス」へと変容しているのです。,『ライブネス：メディア化された文化におけるパフォーマンス』（Liveness: Performance in a Mediatized Culture）におけるメディアとライブ性の関係論,1999年,Philip Auslander（フィリップ・オースランダー / ジョージア工科大学 教授）
大分類 I：人文学および芸術（Humanities and Arts）,言語の構造そのものと、そこから生じる意味のズレ、修辞、論理的パラドックス、および文化的変遷を客観的・理論的に解明する領域。,第9章 演劇学・パフォーマンス学（Theater and Performance Studies）,9.11,コメディアンのペルソナと言葉遊びの適合性に関する表象分析,社会学者アーヴィング・ゴッフマンは主著『行為と演技（日常生活における自己呈示）』の中で、人間は社会生活という舞台において、他者に向けて特定の「自己（キャラクター）」を演じている（自己呈示・印象管理）と論じました。この理論をコメディや演芸の分析に応用すると、コメディアンが舞台上で放つ言葉の説得力は、その言葉の内容そのもの以上に、演者が纏っている「ペルソナ（仮面・キャラクター造形）」に大きく依存していることが分かります。「インテリ」「皮肉屋」「道化」といった一貫したペルソナが確立されて初めて、観客はその発話（ジョークや言葉遊び）を「このキャラクターならこういう論理を展開するはずだ」という期待の枠組み（フレーム）の中で安心して消費・解釈できるようになるのです。,なぞかけは「AとBを同音異義語で論理的かつ鮮やかに繋ぐ」という極めて高度な知能パズルです。そのため、これを演じる者には「言葉を自在に操れる知的な権威（あるいは古典的教養を持つ粋な人物）」というペルソナ（自己呈示）が要求されます。もし演者が、意図的に「道化的な無知」のペルソナを構築している芸人であった場合、いかに見事ななぞかけを披露しても、観客は「ペルソナ（役割期待）との乖離による認知的不協和」を感じ、素直に笑うことができません。私たちが着物姿の落語家や、知的なペルソナを持つ芸人のなぞかけを見て心地よく笑えるのは、彼らが「なぞかけという高度な知的ゲームを支配するに足る、最適化されたペルソナ」を舞台上で一貫して演じ切っているからなのです。,『行為と演技：日常生活における自己呈示』（The Presentation of Self in Everyday Life）に基づく演者のペルソナ（印象管理）とパフォーマンスの適合性分析,1959年,Erving Goffman（アーヴィング・ゴッフマン / アメリカの社会学者）
大分類 I：人文学および芸術（Humanities and Arts）,言語の構造そのものと、そこから生じる意味のズレ、修辞、論理的パラドックス、および文化的変遷を客観的・理論的に解明する領域。,第9章 演劇学・パフォーマンス学（Theater and Performance Studies）,9.12,前衛演劇における言語の解体と沈黙の機能,20世紀半ばに登場したサミュエル・ベケットの『ゴドーを待ちながら』などに代表される「不条理演劇」について、演劇評論家マーティン・エスリンはその本質を鋭く分析しました。不条理演劇において、言語は「論理的な意味や意思を伝達する道具」としての機能を完全に失い、空虚な音声的遊戯、支離滅裂な反復、無意味な言葉遊びへと解体されます。そして、言葉が意味を失い、途切れた後に訪れる重苦しい「沈黙（ポーズ）」こそが、人間の存在の根源的な不安や、世界には確固たる意味など存在しないという不条理（真実）を、どんなセリフよりも雄弁に観客に突きつける、極めて強烈な演劇的機能を持っていることが解明されました。,なぞかけが展開されるプロセスには、不条理演劇が用いた「言語の解体」と「沈黙」のメカニズムがミニチュア版として内包されています。お題と解き明かしが提示され、演者が「その心は」と言って意図的なポーズ（休止）を置く数秒の「沈黙」。ここには、論理が崩壊した不条理な空間（意味の断絶）がぽっかりと口を開けて待ち構えています。そして放たれるオチは、言葉を「意味」から切り離し、「単なる音声の偶然の一致（同音異義）」へと解体します。しかし、なぞかけが不条理演劇と決定的に異なるのは、ベケットが観客をその無意味の深淵（沈黙）に突き落としたままにするのに対し、なぞかけは「音声の重なり」というメタ論理を用いてその不条理を見事に回収し、観客を「笑い」という安全地帯へと即座に救済（カタルシス）してみせる点にあるのです。,『不条理の演劇』（The Theatre of the Absurd）における前衛演劇の言語解体および「沈黙（ポーズ）」の機能的分析,1961年,Martin Esslin（マーティン・エスリン / イギリスの演劇評論家・プロデューサー）
大分類 I：人文学および芸術（Humanities and Arts）,言語の構造そのものと、そこから生じる意味のズレ、修辞、論理的パラドックス、および文化的変遷を客観的・理論的に解明する領域。,第9章 演劇学・パフォーマンス学（Theater and Performance Studies）,9.13,ストリートパフォーマンスにおける観客のアフォーダンス,知覚心理学者ジェームズ・J・ギブソンが提唱した「アフォーダンス（Affordance：環境が動物に提供する行為の可能性）」の理論は、現代のパフォーマンス学や環境演劇の分析にも深く応用されています。ストリートパフォーマンス（大道芸など）には、劇場のような「指定席」や「開演時間」という制度的な枠組みが存在しません。パフォーマーは、広場の段差、通行人の動線といった物理的環境が持つアフォーダンスを利用し、さらに自らのジェスチャーや声掛けによって、通行人に「立ち止まる」「半円を作る」「お金を投げる」といった行動を無意識に誘発（アフォード）します。ストリートのパフォーマンスとは、演者の身体と言葉を使って、都市空間の物理的・社会的アフォーダンスを瞬時に書き換え、一過性の「劇場空間」をゲリラ的に創出する空間操作の芸術であることが分かっています。,客席や路上でキーワードの提供を求める即興なぞかけは、観客に対して極めて強力な「参加のアフォーダンス」を発するパフォーマンスです。「〇〇と掛けまして」というリズミカルな問いかけと、演者の身体的なアプローチ（身振り）は、ただ通り過ぎようとしていた人々や、静かに座っていた観客に対し、「お題という言語的素材を投げ入れる」という具体的なアクションを誘発（アフォード）します。なぞかけのフォーマットが持つ「空白の補完を促す認知的引力」を利用することで、演者は単なる「受動的な見物人」を、パフォーマンスを共に創り上げる「共創者（能動的参加者）」へと強制的に役割変換させます。即興なぞかけは、言葉と身体の力だけでその場の空間と人間の行動をデザインする、極めて優秀なアフォーダンスの駆動装置なのです。,『生態学的視覚論』（The Ecological Approach to Visual Perception）に基づくアフォーダンス理論の、パフォーマンス空間（環境演劇・ストリートシアター）への応用分析,1979年（ギブソンの著作発表）、以降パフォーマンス・スタディーズ（リチャード・シェクナー等）へ接続,James J. Gibson（ジェームズ・J・ギブソン / アメリカの生態心理学者）を基礎としたパフォーマンス空間論
大分類 I：人文学および芸術（Humanities and Arts）,言語の構造そのものと、そこから生じる意味のズレ、修辞、論理的パラドックス、および文化的変遷を客観的・理論的に解明する領域。,第9章 演劇学・パフォーマンス学（Theater and Performance Studies）,9.14,伝統芸能における「型」の継承と時事ネタを融合する即興性,歌舞伎や落語といった日本の伝統芸能において、演者は先人から受け継いだ厳格な「型（形式や様式）」を習得することを至上命題とします。しかし演劇学者や芸能史家の研究（郡司正勝らの芸能論など）によれば、日本の伝統芸能は決して過去の遺物を保存するだけの「博物館」ではありませんでした。例えば歌舞伎の「捨てゼリフ（即興のセリフ）」や落語の「クスグリ（笑いを誘うギャグ）」に見られるように、演者は強固な「型」の枠組みの中に、その日の客席の雰囲気や、世間の最新の「時事ネタ」を即興的かつ戦略的に挿入してきました。この「不変の型」と「刹那的な即興（同時代性）」のハイブリッドな融合こそが、古典を常に「同時代の生きたパフォーマンス（現代の笑い）」として蘇らせてきた強靭なメカニズムであることが明らかになっています。,なぞかけは、この「不変の型と時事の即興」という日本芸能のダイナミズムを、極限までコンパクトに言語化したパフォーマンスです。「〇〇と掛けまして、××と解く、その心は」という江戸時代から全く変わらない絶対的な「型（フォーマット）」が存在するからこそ、演者はその中身（お題）に「最新の政治スキャンダル」や「今話題のテクノロジー」といった生々しい同時代の時事ネタを即座に組み込むことが可能となります。完全に固定された型があることで、観客は安心してパズルの解明を待つことができ、演者は「どんなに新しいお題（時事ネタ）であっても、この型に入れれば必ず論理的着地（オチ）に導ける」という確信を持って即興に挑めます。なぞかけは、型が強固であるほど即興の自由度と破壊力が増すという、伝統芸能の極意を体現しているのです。,『かぶき様式論』等における伝統芸能の「型（様式）」と、観客との同時代的な相互作用（即興・チャリ）に関する芸能史的分析,1954年,郡司正勝（ぐんじ まさかつ / 演劇学者・早稲田大学名誉教授）等に基づく日本の演劇論
大分類 I：人文学および芸術（Humanities and Arts）,言語の構造そのものと、そこから生じる意味のズレ、修辞、論理的パラドックス、および文化的変遷を客観的・理論的に解明する領域。,第9章 演劇学・パフォーマンス学（Theater and Performance Studies）,9.15,演芸評論に見る「うまいなぞかけ」の美的評価基準の歴史的変遷,大衆演芸（落語や漫才、寄席演芸など）が「芸術」や「高度な話芸」として正当に評価されるようになった近代以降、演芸評論家たち（安藤鶴夫や矢野誠一ら）の筆によって、笑いの「美的評価基準」が歴史的に形作られてきました。彼らの演芸評論を分析すると、かつての言葉遊びや謎解きが「衒学的な教養の誇示」や「辞書的な掛詞の正確さ」で評価されていた時代から、次第に「無理のない自然なオチ」「客席の呼吸を読んだ間の取り方」、そして「いかに遠く離れた概念同士を、一瞬の閃きで鮮やかに結びつけるか」という「認知的跳躍の美しさ（アクロバット性）」へと、評価の基準がシフトしてきたことが読み取れます。つまり、単なる「正解」を出すことよりも、パフォーマンスとしての「鮮やかさ」と「意外性（イキ）」が重視されるようになったのです。,現在、私たちが「うまいなぞかけ」と聞いて感嘆する基準は、まさにこの演芸評論が培ってきた美的基準の変遷の最先端に位置しています。「みかん」と掛けて「りんご」と解くような、カテゴリーが近すぎる（認知的跳躍が小さい）なぞかけは、どんなに掛詞が正しくとも「面白くない（平凡・野暮）」と低評価を受けます。逆に、「国際政治」と掛けて「近所の銭湯」と解くような、意味論的に極めて遠い事象（大きな跳躍）を、誰も予想しなかった一つの同音異義語で完璧に繋ぎ止めたとき、私たちはそこに最高の「うまい（美しい）！」という評価を下します。なぞかけの評価基準は、単なる言葉のパズルの正確さから、論理的な飛距離（意外性）をいかに美しく着地させるかという、高度な「話芸の芸術点」を競うものへと歴史的に洗練されてきたのです。,『落語鑑賞』や『寄席はるあき』などに代表される近代演芸評論の蓄積に基づく、話芸の「粋」や「笑いの美学」の評価基準の分析,1950年代?1960年代（安藤の主要評論期）,安藤鶴夫（あんどう つるお / 直木賞作家・演芸評論家）等の演芸評論史
大分類 I：人文学および芸術（Humanities and Arts）,言語の構造そのものと、そこから生じる意味のズレ、修辞、論理的パラドックス、および文化的変遷を客観的・理論的に解明する領域。,第9章 演劇学・パフォーマンス学（Theater and Performance Studies）,9.16,「整いました」という宣誓行為の遂行的機能,イギリスの哲学者J.L.オースティンは、言葉には「真実を記述する機能（事実確認的発話）」だけでなく、言葉を発することそれ自体が「行為」を遂行する機能があることを発見し、これを「遂行的発話（Performative utterance）」と名付けました。例えば、結婚式での「誓います」や、会議での「閉会を宣言します」といった言葉です。これらの言葉は、話者の心理状態を客観的に報告しているのではなく、その言葉を発した瞬間に、社会的な約束が交わされたり、現実の状況が不可逆的に変化したりする「社会的な遂行力」を持っています。この言語行為論は、演劇やパフォーマンスにおいて、演者の発話がいかにして「観客との契約」を結び、その場の空間（現実）を演劇的空間へと作り変えるかを説明する強力な理論となりました。,なぞかけの演者が発する「整いました！」という宣言は、オースティンの言う「遂行的発話」の最も完璧でドラマチックな実例に他なりません。この言葉は「私の頭の中で答えがまとまりましたよ」という単なる脳内状況の報告（記述）ではありません。「私はこれから、この場で最高に見事な謎解きを披露する」という観客に対する絶対的な「契約の宣誓」であり、「だから今から数秒間、私に耳を傾けてくれ」という空間支配の宣言（行為）なのです。演者が「整いました！」と発声した瞬間、その場の空気は日常から「笑いの儀式空間」へと不可逆的に切り替わり、演者自身も不可逆的なパフォーマンス的拘束状態に自らを置くことになります。なぞかけは、このたった一言の「遂行的発話」によって、観客の聴覚と注意力を強制的に集中させる極めて強力な空間操作の装置なのです。,『言語と行為』（How to Do Things with Words）における「遂行的発話（Performative utterance）」および言語行為論（Speech Act Theory）の確立,1962年（死後出版、講義は1955年）,J.L. Austin（ジョン・L・オースティン / イギリスの言語哲学者）
大分類 I：人文学および芸術（Humanities and Arts）,言語の構造そのものと、そこから生じる意味のズレ、修辞、論理的パラドックス、および文化的変遷を客観的・理論的に解明する領域。,第9章 演劇学・パフォーマンス学（Theater and Performance Studies）,9.17,狂言における言葉の掛け合いと騙しのレトリック,日本の代表的な古典喜劇である「狂言」は、中世の庶民の生活や権力構造を笑いへと昇華させた芸能です。狂言研究（小山弘志らの考察など）によれば、狂言の笑いの中心には常に「言葉による騙し合い（レトリック）」が存在します。例えば、太郎冠者（たろうかじゃ）などのトリックスター（秩序をかき乱す者）は、主人の命令をわざと「同音異義語」や「文字通りの意味」で曲解し、言葉の抜け穴を突いて主人の権威を無効化します。狂言における言葉遊びは、単なる言葉の装飾ではなく、弱者（家来）が強者（主人）を修辞的に打ち負かすための「知的な武器」であり、観客はその「見事な騙しの論理」に喝采を送るという喜劇的構造が解明されています。,なぞかけは、この狂言における「言葉を使った騙しのレトリック」を、演者と観客の間に持ち込んだ知的なゲームです。演者はお題を提示することで、観客に対して「さあ、この全く関係のない二つの言葉をどう繋ぐか、論理の飛躍に騙されないように予測してみなさい」という知的遊戯のプロトコルを提示します。そして、「その心は」というオチに同音異義語を用いて、観客の論理的予測を鮮やかに裏切り、心地よく「騙して」みせます。私たちがなぞかけの演者に感じる魅力は、狂言の太郎冠者が主人の盲点を突いて笑いを取ったときと同じ、「言葉というルールを逆手にとって、世界を知的に出し抜くトリックスター」としての痛快さに根ざしているのです。,『狂言の世界』（岩波講座 能・狂言）等における古典喜劇のトリックスターと「言葉の遊戯性（騙し・曲解）」に関する芸能史的分析,1987年（『狂言の世界』出版）,小山弘志（こやま ひろし / 国文学者・狂言研究の権威）らによる古典演劇論
大分類 I：人文学および芸術（Humanities and Arts）,言語の構造そのものと、そこから生じる意味のズレ、修辞、論理的パラドックス、および文化的変遷を客観的・理論的に解明する領域。,第9章 演劇学・パフォーマンス学（Theater and Performance Studies）,9.18,身体的「見立て」と言語的「なぞかけ」のマルチモーダルな連動,人間がコミュニケーションをとる際、言葉（音声）だけでなく、視線、ジェスチャー、道具の使用など、複数のモードを同時に組み合わせることを「マルチモーダル・インタラクション」と呼びます。人類学者チャールズ・グッドウィンらの研究によれば、発話の意味は言葉単独で決定されるのではなく、身体的な動作や環境と連動して初めて完全に構築されます。落語などの伝統演芸において、扇子（センス）を箸や刀に見立てる「身体的見立て（マイム）」は、観客の視覚的想像力を強制的に操作します。パフォーマンス学においては、この「視覚的な見立て」と「音声による語り」がコンマ数秒のズレもなく同期（シンクロ）したとき、観客の脳内に極めて強烈なリアリティと認知的なスパーク（笑い）が発生することが実証されています。,落語家などの名人が高座でなぞかけを演じるとき、それは単なる「テキストの読み上げ」ではなく、高度なマルチモーダル・パフォーマンスとして出力されます。「整いました！」という音声（言語）と同時に、扇子をポンと手のひらに叩きつける動作（身体）。オチの同音異義語を口にしながら、目線をスッと逸らして自信に満ちた特有の表情（非言語的キュー）を作出する視線操作。言葉の「なぞかけ（意味の重なり）」と、身体の「見立てやジェスチャー（視覚的演出）」が完璧に連動することで、ダジャレという一次元的な言語的情報を、視覚・聴覚をフルに刺激する「立体的で高密度な笑いの表象」へと変換しています。なぞかけのプロフェッショナルとは、言語と身体を完璧に同期させるマルチモーダルな身体操作の達人なのです。,Action and embodiment within situated human interaction（状況的相互行為における行為と身体性）をはじめとするマルチモーダル・インタラクションの理論,2000年,Charles Goodwin（チャールズ・グッドウィン / アメリカの人類学者・応用言語学者）
大分類 I：人文学および芸術（Humanities and Arts）,言語の構造そのものと、そこから生じる意味のズレ、修辞、論理的パラドックス、および文化的変遷を客観的・理論的に解明する領域。,第9章 演劇学・パフォーマンス学（Theater and Performance Studies）,9.19,言葉遊びのエンターテインメント化と興行システムの相関,社会学者ハワード・ベッカーは、著書『アート・ワールド』において、芸術やエンターテインメントの作品形式（長さ、形、内容）は、個人の天才的な閃きだけでなく、それを支える「興行システム（劇場、スポンサー、時間の制約）」の要求に強く規定されて形作られると論じました。日本の近代演芸史を見ても、寄席やテレビ番組といった「限られた時間内に多数の芸人が次々と入れ替わる興行システム」が確立されるにつれて、演芸のフォーマットは「いかに短時間で確実に観客を沸かせるか」というモジュール化（規格化）の圧力を受けました。この経済的・システム的な要請が、芸のスピードアップとテンポの良さを芸人たちに強制し、独自の進化を促したことが分かっています。,なぞかけは、この「近代的な興行システム」の要求に最も完璧に適応し、大衆エンターテインメント化を遂げた言葉遊びの究極形態（モジュール）です。もともと知識人の座敷遊びであった謎解きが、寄席やテレビのバラエティ番組で重宝されるようになった理由は、その「時間的制約に対する極めて高い適応性（タイムパフォーマンス）」にあります。お題をもらってからオチをつけるまで、わずか数十秒。その間に「緊張と緩和」という確実なカタルシスを提供し、すぐに次の演者へとパスを回すことができます。なぞかけの定型フォーマット（〇〇と掛けまして…）は、現代のスピード化されたショービジネス（テレビや寄席の興行システム）において、最短時間で最大瞬間風速の笑いを生産するための、極めて優秀な「産業用エンジン」として設計され、洗練されてきたものなのです。,『アート・ワールド：芸術の社会学』（Art Worlds）に基づく芸術・演芸の形式と興行・社会システムとの相関関係の分析,1982年,Howard S. Becker（ハワード・S・ベッカー / アメリカの社会学者）
大分類 I：人文学および芸術（Humanities and Arts）,言語の構造そのものと、そこから生じる意味のズレ、修辞、論理的パラドックス、および文化的変遷を客観的・理論的に解明する領域。,第9章 演劇学・パフォーマンス学（Theater and Performance Studies）,9.20,デジタルアバター（VTuber等）による大喜利ライブの身体的脱構築,現代の演劇学やメディア論において、モーションキャプチャー技術を用いてデジタルアバターを操作するパフォーマンス（VTuberなど）は、「サイバー・シアター」や「デジタル・パフォーマンス」として研究されています。スティーヴ・ディクソンらの理論によれば、アバター演劇における最大の特徴は、パフォーマーの「生物学的な肉体（汗、呼吸、老い）」と「観客が見ている身体（アニメーションの表象）」が完全に分離（脱構築）されている点にあります。しかし興味深いことに、演者が焦ってアドリブを考えているときの「リアルの心理的緊張感」は、声の震えやアバターの微細な揺らぎ等を通じて、物理的な肉体が隠蔽されているにもかかわらず、観客に対して「生々しいライブ性（Liveness）」として完璧に伝達されることが実証されています。,VTuberのようなデジタルアバターがライブ配信で「即興なぞかけ（大喜利）」を行うとき、そこでは笑いのパフォーマンスにおける「身体性の脱構築」が起きています。伝統的な演芸では、演者がお題をもらって思考的苦闘を可視化し、生理的な反応（発汗や緊張）を伴う身体が観客に提示されることでカタルシスが増幅されました。しかしアバターの場合、画面上のキャラクターは汗もかかず、表情もプログラムされたものに過ぎません。それにもかかわらず、私たち観客は、アバターの背後にある「演者の脳（認知）が必死に同音異義語を検索しているスリリングな緊張感」を音声の機微や間合いから確実に感知し、オチが見事に決まった瞬間に生の舞台と同じ興奮を覚えます。デジタル時代の大喜利・なぞかけは、笑いのカタルシスに必要なのは「生物学的な顔」ではなく、「論理的パズルに挑む知的な緊張の共有」であることを証明する、最先端のサイバー・パフォーマンスなのです。,"『デジタル・パフォーマンス：演劇・ダンス・パフォーマンスアートにおけるニューメディアの歴史』（Digital Performance: A History of New Media in Theater, Dance, Performance Art, and Installation）におけるサイバー身体とライブ性の理論",2007年,Steve Dixon（スティーヴ・ディクソン / イギリスのパフォーマンス・メディア研究者）
大分類 I：人文学および芸術（Humanities and Arts）,言語の構造そのものと、そこから生じる意味のズレ、修辞、論理的パラドックス、および文化的変遷を客観的・理論的に解明する領域。,第10章 歴史学・演芸史（History and History of Entertainment）,10.1,江戸期の大衆都市化と寄席における「謎掛け」の興行化プロセス,江戸時代後期（18世紀末?19世紀）、江戸や大坂といった大都市において町人（大衆）の経済力と識字率が向上し、巨大な大衆消費社会が誕生しました。演芸史家である延広真治らの研究によれば、この大衆都市化に伴い、それまで知識人や富裕層の座敷や限られた宴席で行われていた「芸」が、木戸銭（入場料）を取って不特定多数の客に見せる「寄席（よせ）」という商業空間へと移行しました。この「興行化（ビジネス化）」のプロセスにおいて、演芸は「一見の客を短時間で確実に満足させる」ためのテンポの良さや分かりやすさが求められるようになり、言葉遊びもまた、一部の教養人の優雅な余暇から、大衆向けの「商品（プロのエンターテインメント）」へと姿を変えていった歴史が明らかになっています。,なぞかけが現在のような「〇〇と掛けまして…」という定型フォーマットでスピーディに演じられるようになったのは、この江戸期の「寄席の興行化プロセス」による必然的な進化（最適化）です。木戸銭を払って寄席に入ってきた、消費サイクルが加速した都市の大衆を惹きつけるためには、和歌の掛詞のような悠長な文学的教養を開拓している時間的猶予はありません。演者は、客席からお題をもらうことで「客を巻き込む（インタラクティブ性）」という付加価値を生み出し、瞬時にオチをつけて笑わせることで「芸のスピードと技術（タイムパフォーマンス）」を興行価値へと転換しました。なぞかけは、大衆都市・江戸の競争の激しい興行資本主義を生き抜くために、言葉遊びを極限までコンパクトにパッケージ化した、極めて優秀な「興行用モジュール」なのです。,『落語はいかにして形成されたか』および江戸期の寄席興行・大衆演芸成立史の研究,1986年（著作出版等）,延広真治（のぶひろ しんじ / 国文学者・演芸史家・東京大学名誉教授）
大分類 I：人文学および芸術（Humanities and Arts）,言語の構造そのものと、そこから生じる意味のズレ、修辞、論理的パラドックス、および文化的変遷を客観的・理論的に解明する領域。,第10章 歴史学・演芸史（History and History of Entertainment）,10.2,中世ヨーロッパの宮廷道化師（ジェスター）と言葉の特権,中世からルネサンス期にかけてのヨーロッパの宮廷には、王や貴族に仕える「宮廷道化師（Jester / Fool）」という特異な身分が存在しました。歴史学者イーニッド・ウェルスフォードやミハイル・バフチンの研究によれば、道化師は社会のヒエラルキーの最底辺（あるいは枠外）に位置づけられていたからこそ、一般の廷臣が口にすれば即座に反逆罪で処刑されるような王への批判や政治的な風刺を、「冗談」や「謎々（言葉遊び）」のオブラートに包んで語る「言葉の免責特権（License）」を与えられていました。彼らの言葉遊びは、単なる笑いを提供するだけでなく、権力者が自らの過ちや絶対的権力の愚かさに気づくための「政治的な安全弁」や「真実を語るための鏡」として機能していたことが解明されています。,現代において、政治批判や社会のタブーを鋭く突く社会風刺的ななぞかけを即興で披露する演者は、まさに中世ヨーロッパの「宮廷道化師」と同じ機能を果たしています。もし演者が、真正面から社会の矛盾や権力者のスキャンダルを批判（AとBの論理的結びつきを直接的に指摘）すれば、深刻な政治的摩擦や社会的制裁を招くリスクを負います。しかし、演者は「その心は（C）」という同音異義語のダジャレを最後につけることで、「これは真面目な批判ではなく、ただの言葉遊び（ジョーク）ですよ」という修辞的な免罪符（道化の特権）を獲得します。なぞかけのフォーマットは、どんなに危険な真実や鋭い風刺であっても、「笑い」という無害なパッケージに変換して世に放つことができる、極めて巧妙な社会的な防壁（言語的免責装置）として機能しているのです。,『道化：その社会的・文学的歴史』（The Fool: His Social and Literary History）における宮廷道化師の特権と言語的機能の歴史分析,1935年,Enid Welsford（イーニッド・ウェルスフォード / イギリスの文学・文化史家）
大分類 I：人文学および芸術（Humanities and Arts）,言語の構造そのものと、そこから生じる意味のズレ、修辞、論理的パラドックス、および文化的変遷を客観的・理論的に解明する領域。,第10章 歴史学・演芸史（History and History of Entertainment）,10.3,ルネサンス期の人文主義者による機知集の編纂と知識人のユーモア,15世紀のイタリア・ルネサンス期において、古代ギリシャ・ローマの古典を復興させた人文主義者（ヒューマニスト）たちは、「笑い」や「ユーモア」に対する価値観を劇的に変化させました。教皇庁の書記官であったポッジョ・ブラッチョリーニが編纂した『機知集（Facetiae / ファツェティアイ）』に代表されるように、この時代、当意即妙の言葉遊び、ダジャレ、皮肉の効いた切り返し（ウィット）は、もはや下層階級の低俗な娯楽ではなく、高度なレトリック（修辞学）を修めた知識人だけが使いこなせる「知性の証明」として称賛されました。歴史学の視点から見ると、ルネサンス期を通じて、ユーモアを瞬時に生成する脳の瞬発力は、ヨーロッパの知識階級にとって不可欠な「教養とステータスのシンボル」へと格上げされたことが分かっています。,なぞかけの名人に対して私たちが抱く「頭の回転が速い」「天才的だ」という賞賛の眼差しは、ルネサンス期の人文主義者たちが『機知集』の作者たちに向けた「ユーモア＝知性の証明」という価値観と完全に地続きです。なぞかけを即興で解くためには、膨大な語彙力、論理の組み立て能力、そして瞬時の情報検索能力という、極めて高度な脳の処理（教養と演算能力）が要求されます。私たちはなぞかけのオチを聞いてただ滑稽さに笑っているだけではなく、その裏にある演者の圧倒的な「知の跳躍力とレトリックの技術」に感嘆しているのです。なぞかけとは、西洋のルネサンス知識人たちが愛した「高度な教養と機知の結びつき」を、現代の大衆演芸の中で最も分かりやすく可視化してくれる、高度な認知的修辞パフォーマンスだと言えます。,『機知集（笑話集）』（Facetiae）の編纂、およびルネサンス人文主義におけるユーモアとレトリックの思想史的分析,1450年頃（『機知集』成立）,Poggio Bracciolini（ポッジョ・ブラッチョリーニ / イタリア・ルネサンス期の人文主義者）
大分類 I：人文学および芸術（Humanities and Arts）,言語の構造そのものと、そこから生じる意味のズレ、修辞、論理的パラドックス、および文化的変遷を客観的・理論的に解明する領域。,第10章 歴史学・演芸史（History and History of Entertainment）,10.4,近代メディアの誕生と読者投稿欄における言葉遊び文化の発展史,19世紀末から20世紀にかけて、新聞や雑誌といった近代的な「活字メディア」が広く大衆に普及しました。政治学者ベネディクト・アンダーソンが「出版資本主義（Print Capitalism）」と呼んだこの情報革命は、見知らぬ人々と同時に同じ情報を消費する「想像の共同体」を生み出しました。日本のメディア史（明治・大正期の新聞史など）においても、黒岩涙香が創刊した『萬朝報（よろずちょうほう）』などに代表されるように、新聞の中に「読者投稿欄」が設けられました。これにより、川柳や言葉遊びは、一部の文人たちの直接的な対面コミュニケーション（座敷遊び）から、匿名の大衆が紙面という「バーチャルな公共空間」を通じて知性を競い合う、非同期型のオープンな参加型エンターテインメントへと劇的な発展を遂げたことが分かっています。,なぞかけは、この「近代活字メディアの読者投稿欄」と極めて相性の良いフォーマットでした。なぞかけは「お題（A）、解き明かし（B）、その心（C）」という短いテキスト情報だけで構造が完全に成立するため、落語のような「語りの間」や「ジェスチャー」といった生身の身体性を必ずしも必要としません。お題が新聞で発表されると、全国の読者が郵便ネットワークを介して回答を投稿（テキスト化）し、紙面上に巨大な集合知を形成します。なぞかけは、音声のライブ・パフォーマンスから「活字の知能パズル」へと見事にメディア・アダプテーション（媒体的適応）を果たし、見知らぬ読者同士が「文字の構造的面白さ」だけで競い合う、近代的な大衆参加型カルチャーの強力な駆動装置となったのです。,『想像の共同体』（Imagined Communities）における出版資本主義論、および日本近代メディア史における「読者投稿欄」と大衆ジャーナリズムの形成に関する研究,1983年（アンダーソンの著作出版）、1892年以降（『萬朝報』等の大衆紙創刊期）,Benedict Anderson（ベネディクト・アンダーソン / 政治学者）、日本の新聞・メディア史研究者たち
大分類 I：人文学および芸術（Humanities and Arts）,言語の構造そのものと、そこから生じる意味のズレ、修辞、論理的パラドックス、および文化的変遷を客観的・理論的に解明する領域。,第10章 歴史学・演芸史（History and History of Entertainment）,10.5,戦時下・言論統制下における暗号化された風刺ジョークの系譜,ナチス・ドイツ体制下の「囁きジョーク（Fl?sterwitze）」や、ソ連時代の「アネクドート（Anekdot）」など、全体主義や言論統制下にある社会において、民衆は直接的な権力批判を封じられます。政治学者ジェームズ・C・スコットは、支配者の前で見せる従順な顔の裏側で、被支配者たちが密かに共有する批判や抵抗の文化を「隠れた台本（Hidden Transcripts）」と呼びました。歴史が証明しているのは、検閲や秘密警察が目を光らせる絶望的な状況下において、ジョークや言葉遊びは単なる現実逃避ではなく、真実を語るための「高度に暗号化された抵抗のメディア（隠れた台本）」として機能し、民衆の精神的連帯と正気を保つための不可欠なサバイバル・ツールであったという事実です。,なぞかけは、言論弾圧の激しい社会状況下において、極めて優秀な「修辞的暗号アルゴリズム（ステガノグラフィ）」として機能する構造的ポテンシャルを秘めています。「A」と「B」という、表面的には全く政治性のない無害な言葉を並べる。検閲官が見ても、ただの不条理な言葉の羅列にしか見えません。しかし、「その心は（C）」という同音異義語の変換キーを通した瞬間、その裏側に隠されていた「鋭い政府批判」や「権力者への風刺」が、同じ文脈（コンテクスト）を共有する民衆の脳内にだけ鮮やかに立ち上がります。仮に権力側から告発を受けたとしても、「ただ発音が同じだから並べただけ（単なる言葉遊びである）」という、否認の尤もらしさ（Plausible deniability）を担保することが可能です。なぞかけの構造は、言葉の真意を音の偶然の裏に隠蔽し、知る者にだけ真実を届けるという、検閲と闘うためのゲリラ的な暗号通信システムそのものなのです。,『支配と抵抗の術：隠れた台本』（Domination and the Arts of Resistance: Hidden Transcripts）に基づく、権力闘争と言語的抵抗（ユーモア）の社会学・歴史学的分析,1990年,James C. Scott（ジェームズ・C・スコット / イェール大学 政治学・人類学教授）
大分類 I：人文学および芸術（Humanities and Arts）,言語の構造そのものと、そこから生じる意味のズレ、修辞、論理的パラドックス、および文化的変遷を客観的・理論的に解明する領域。,第10章 歴史学・演芸史（History and History of Entertainment）,10.6,昭和期のテレビ演芸番組（『笑点』等）の放送史とフォーマット化,1960年代以降の昭和期、日本においてテレビがマスメディアの覇権を握る過程で、演芸は劇的なメディア的変容を遂げました。社会学者やメディア史家の分析によれば、テレビというメディアは、放送時間の厳密な制約と、視覚的な刺激（分かりやすさ）を強く要求します。1966年に放送を開始した『笑点』は、寄席の最後に行われていた「大喜利（おおぎり）」という余興を、テレビ専用のフォーマットへと徹底的に再構築しました。色違いの着物でキャラクター（ペルソナ）を視覚化し、司会者が権力者として座布団で点数をつけるという「ゲーム性」を導入したことで、テレビ演芸は「古典をじっくり聴かせる話芸」から、「瞬発的な機知と人間関係のドラマを視覚的に消費するスポーツ」へと歴史的なフォーマット化を完了したことが分かっています。,このテレビの大喜利フォーマットによって、メディア的に最も恩恵を受け、かつ変質した言語遊戯が「なぞかけ」です。なぞかけは本来、言葉（音声）の響きに依存する地味な修辞芸ですが、テレビはこれに「視覚的・聴覚的な記号」を付与しました。演者が「ハイ！」と手を挙げる動作、司会者に指名されて解答する際の演者の誇らしげな表情（非言語的キュー）を捉えるクローズアップの手法、そしてオチが決まった瞬間に鳴り響く象徴的な効果音と座布団を運ぶアクション。なぞかけは、テレビのフォーマットに組み込まれることで、単なる言語パズルから、「挙手・回答・評価」というテンポの良い視覚的ゲーム（クイズショー）へとメディア的変換を遂げました。現代の私たちがなぞかけを「スピーディでポップな大衆エンターテインメント」として認知しているのは、昭和のテレビ放送史が構築したこの強固なメディア・フォーマットの賜物なのです。,『社会は笑う』（増補版は2013年）や論考「『笑点』は、『テレビ的笑い』の先駆けだった」等に見る、日本のテレビ放送史における演芸番組の構造変化と大喜利のフォーマット化に関するメディア社会学的分析,2002年（『社会は笑う』初版出版）以降のテレビ・お笑い史研究,太田省一（おおた しょういち / 社会学者・テレビメディア研究家）
大分類 I：人文学および芸術（Humanities and Arts）,言語の構造そのものと、そこから生じる意味のズレ、修辞、論理的パラドックス、および文化的変遷を客観的・理論的に解明する領域。,第10章 歴史学・演芸史（History and History of Entertainment）,10.7,古代ギリシャの饗宴（シンポシオン）における謎掛け競争,古代ギリシャにおける「シンポシオン（饗宴）」は、単なる飲み会ではなく、成人男性の市民（貴族）たちが集い、政治や哲学を語り合う極めて重要な社会的・知的な儀式でした。歴史学者オズウィーン・マーレーらの研究によれば、この饗宴の席では、ワインを飲みながら「グリフォス（Griphos：網・仕掛け）」と呼ばれる難解な「謎掛け競争」が頻繁に行われていました。出題された謎に対して即興で気の利いた返答（詩や言葉遊び）ができない者は、教養（パイデイア）のない人間として罰杯を飲まされ、共同体の中での地位を下げられました。古代ギリシャにおいて「言葉遊び（謎掛け）」は、単なる娯楽ではなく、市民の知性、機転、そして共同体への所属資格をテストする「極めて過酷な知能の格付けバトル」であったことが分かっています。,なぞかけは、古代ギリシャのシンポシオンで行われていた「グリフォス（謎掛け競争）」の現代的・大衆的な構造的反復とみなすことができます。「お題」が提示された瞬間、演者は古代のギリシャ市民と同じように、「この問いに美しく答えられなければ、知性を疑われる」という過酷なプレッシャー（罰杯の恐怖）に直面します。そして、見事な「オチ（同音異義語）」を閃き、それを平然と（あるいは優雅に）披露した瞬間、観客（共同体）からの圧倒的な承認と賞賛を獲得します。私たちが即興なぞかけを見て熱狂するのは、それが数千年前から人類の歴史に組み込まれている「言葉の機転によって、自らの知性と社会的優位性を証明する」という、最も原初的でスリリングな知能的闘争の文化史的遺伝子を受け継いでいるからなのです。,『シンポティカ：古代ギリシャの饗宴』（Sympotica: A Symposium on the Symposion）における、饗宴空間の社会的機能と言語遊戯の歴史学的分析,1990年,Oswyn Murray（オズウィーン・マーレー / イギリスの古代史家・オックスフォード大学）
大分類 I：人文学および芸術（Humanities and Arts）,言語の構造そのものと、そこから生じる意味のズレ、修辞、論理的パラドックス、および文化的変遷を客観的・理論的に解明する領域。,第10章 歴史学・演芸史（History and History of Entertainment）,10.8,高度経済成長期における大衆演芸の消費構造と「お笑いブーム」,1960年代から70年代にかけての日本の「高度経済成長期」は、社会のインフラだけでなく、人々の「娯楽の消費構造」を根本から作り変えました。社会学者の吉見俊哉やメディア史研究によれば、テレビの普及と大量消費社会の到来により、演芸（お笑い）は「劇場に足を運んでじっくり鑑賞する芸術」から、「家庭内において即物的かつ断片的に消費される娯楽」へと変質しました。いわゆる「演芸ブーム」の到来です。この時代、テレビのチャンネルを回す視聴者を引き留めるために、お笑いには「前置きの省略」「分かりやすさ」「数秒ごとの短い笑い（ショートコント的構成）」という、ファストフード的な「大量生産・大量消費」のモジュール化が強烈に要求されたことが明らかになっています。,なぞかけは、この高度経済成長期が求めた「笑いのファスト化（大量消費）」に最も見事に適応した伝統的フォーマットです。何十分もかけて物語の背景を説明する落語と違い、なぞかけは「〇〇と掛けまして」という一言で瞬時にゲームのルールを提示し、数十秒で確実な「オチ（笑い）」を提供します。もしオチが不発に終わっても、すぐに次の「お題」へと切り替えることができるため、テレビの短い放送時間やCMまたぎの構成に完璧にフィットします。なぞかけは、江戸時代に生まれた伝統芸でありながら、その極限まで圧縮された構造ゆえに、資本主義経済とテレビメディアが牽引した「短時間・高刺激・大量消費」という高度経済成長期のリズムに、極めて高度に適応した言葉遊びなのです。,『「声」の資本主義』や大衆消費社会・メディア史に関する一連の研究に基づく、テレビ演芸のファスト化と消費構造の分析,1995年（『「声」の資本主義』出版等）以降のメディア史・社会学研究の蓄積,吉見俊哉（よしみ しゅんや / 社会学者・東京大学名誉教授）らのメディア史的観点
大分類 I：人文学および芸術（Humanities and Arts）,言語の構造そのものと、そこから生じる意味のズレ、修辞、論理的パラドックス、および文化的変遷を客観的・理論的に解明する領域。,第10章 歴史学・演芸史（History and History of Entertainment）,10.9,知識人のサロン文化と狂歌を通じたネットワーク形成の社会史,江戸時代の中期?後期（天明期など）、厳しい身分制度（士農工商）が存在する社会の中で、驚くべき平等主義の空間が存在しました。歴史社会学者・池上英子らの研究によれば、それは「狂歌（社会風刺や言葉遊びを交えた短歌）」などを詠み合う「連（れん：知識人のサロン）」のネットワークでした。このサロンにおいて、参加者は本名や身分を隠し、「雅号（ペンネーム）」を名乗って集いました。そこでは、大名、武士、裕福な商人、貧しい学者が完全にフラットな立場で交わり、唯一の評価基準は「どれだけ気の利いた言葉遊び（狂歌や謎解き）ができるか」という「知性のキレ」だけでした。言葉遊びの文化が、身分制社会の壁を一時的に無効化し、美学と知性に基づく「非公式な市民ネットワーク（交際文化）」を形成していたことが実証されています。,「お題を出す者」と「それを解く者」の間に成立するなぞかけのコミュニケーションは、この江戸時代の「狂歌サロン」が持っていた平等主義のネットワークを現代に再現するものです。なぞかけが展開される場において、出題者が企業の社長であろうと子供であろうと、あるいは演者が大御所であろうと若手であろうと、社会的な属性は関係ありません。唯一絶対のルールは「同音異義語を用いて、二つの事象を鮮やかに結びつけられた者が文化的覇者となる」ということです。なぞかけとは、現実社会の権力構造や肩書きを一時的にすべて剥奪し、参加者全員を「言葉のウィット（機知）」という単一のルールのみで結びつける、極めて民主的でサロン的な言語空間の創造行為なのです。,『折り合いの文化：江戸のネットワークと近代化』（原著: Bonds of Civility: Aesthetic Networks and the Political Origins of Japanese Culture）における、狂歌等の言語遊戯と身分横断的ネットワークの社会学,1995年（原著出版）、2005年（邦訳出版）,池上英子（いけがみ えいこ / 歴史社会学者・ニュースクール大学教授）
大分類 I：人文学および芸術（Humanities and Arts）,言語の構造そのものと、そこから生じる意味のズレ、修辞、論理的パラドックス、および文化的変遷を客観的・理論的に解明する領域。,第10章 歴史学・演芸史（History and History of Entertainment）,10.10,明治・大正期の広告史におけるキャッチコピーと語呂合わせ,日本が近代化を推進した明治・大正期、資本主義の発展とともに新聞広告やポスター（引札）といった「商業広告」が爆発的に増加しました。広告史研究（山本武利らの考察など）によれば、街頭や紙面で無数に溢れる情報の中から消費者の注意を瞬時に引きつけ、記憶に焼き付けるために、初期のコピーライターたちは日本の伝統的な言語感覚をフル活用しました。それが「七五調のリズム」と「語呂合わせ（ダジャレ）」です。論理的な商品の長々とした説明よりも、音声としての耳触りの良さや、同音異義語を用いたクスリと笑えるキャッチコピーのほうが、大衆の脳に直接的に作用し、強い「記憶の定着（認知）」をもたらすことが、近代広告の黎明期においてすでに実践的に証明されていました。,なぞかけが人間の脳に与える強いインパクトと記憶への定着率は、明治・大正期のコピーライターたちが発見した「広告の語呂合わせ効果」と全く同じ認知メカニズムに支えられています。「Aと掛けまして、Bと解く。その心はC（同音異義語）」という構造は、二つの無関係な事象を「語呂合わせ」の力で強引かつ不可逆的に接着する修辞的アクロバットです。これが見事に決まったとき、聴者の脳内には「言葉の接着剤」が働き、そのフレーズは強力なキャッチコピーとなって記憶に定着します。なぞかけとは、日常のありふれた言葉（お題）を、高度な認知的介入技術を用いて、瞬時に「忘れられない広告的フレーズ」へと作り変える、即興のコピーライティング・パフォーマンスなのです。,『近代日本の新聞読者層』および『広告の社会史』等に見る、日本の近代広告史・メディア史における広告文案（キャッチコピー）の修辞的分析,1981年（著書出版等、近代メディア史研究の蓄積）,山本武利（やまもと たけとし / メディア史研究家・早稲田大学名誉教授）等の広告史研究
大分類 I：人文学および芸術（Humanities and Arts）,言語の構造そのものと、そこから生じる意味のズレ、修辞、論理的パラドックス、および文化的変遷を客観的・理論的に解明する領域。,第10章 歴史学・演芸史（History and History of Entertainment）,10.11,検閲制度と「隠語」の歴史がもたらしたユーモアの誕生,歴史家ロバート・ダーントンによる検閲と地下出版の研究や、日本の江戸時代における寛政の改革・天保の改革などの風紀取締りの歴史を分析すると、ある普遍的な法則が浮かび上がります。それは「国家権力による厳しい検閲と言論統制は、結果的に民衆の言語的創造性（ユーモアと暗号化）を極限まで高める」という事実です。直接的な批判や卑猥な表現が法律で禁じられたとき、民衆や作家たちは口を閉ざすのではなく、表面上は全く無害に見える言葉（カモフラージュ）を用い、その裏に「同音異義」や「文脈のズレ」を利用して真意を隠すという、高度な二重言語システムを開発しました。権力の監視網をすり抜けながら、仲間内だけで裏の意味を共有して笑い合うこの「隠語の文化」こそが、洗練された言葉遊びの歴史的源流であることが分かっています。,なぞかけの構造は、歴史上の民衆が検閲官の目を盗んで行ってきた「隠語によるユーモアの密輸」を、エンターテインメントとして遊戯的フレームの内部に純粋な構造化したものです。「Aと掛けまして、Bと解く」という表向きの言葉は、誰が聞いても検閲に引っかからない無害なテキストです。しかし「その心は（同音異義語）」という鍵を開けた瞬間、そこに隠されていた別の意味が立ち上がります。私たちがなぞかけを楽しむとき、単なるダジャレで笑っているだけではありません。「表面上の意味の裏に、全く別の意味を密かに忍ばせる」という、かつて名もなき民衆が権力と闘うために発明したスリリングな言語的ハッキング（隠語の快感）を、安全なゲームとして再体験しているのです。,『検閲官の仕事』（Censors at Work）における国家権力の検閲と文学的創造性の関係論、および江戸期の出版統制と洒落（言葉遊び）の発展史,2014年（ダーントンの著作出版）、および江戸後期の文化史研究の蓄積,Robert Darnton（ロバート・ダーントン / 歴史学者・ハーバード大学名誉教授）
大分類 I：人文学および芸術（Humanities and Arts）,言語の構造そのものと、そこから生じる意味のズレ、修辞、論理的パラドックス、および文化的変遷を客観的・理論的に解明する領域。,第10章 歴史学・演芸史（History and History of Entertainment）,10.12,印刷技術の発達が視覚的言葉遊び（判じ物等）に与えた影響,江戸時代の中期以降、浮世絵などの「木版印刷技術」が飛躍的に発達し、視覚的なメディアが安価で大量に大衆に出回るようになりました。この印刷革命によって大流行したのが「判じ物（はんじもの）」と呼ばれる視覚的な言葉遊び（絵解きパズル）です。例えば、「釜（カマ）」の絵と「輪（ワ）」の絵、そして「ぬ」という文字を並べて描き、「構わぬ（カマワヌ）」と読ませるといったクイズや意匠です。書物史やメディア史の研究によれば、高度な印刷技術の普及は、それまで「音声」や「文字」だけで行われていた言葉遊びを、絵画という「視覚情報」に変換して大衆に大量供給することを可能にし、日本の庶民の識字能力と視覚的リテラシーを爆発的に向上させたことが明らかになっています。,江戸時代に大流行した視覚パズル「判じ物」は、音声言語のパズルである「なぞかけ」と、全く同一の認知アルゴリズムで駆動する表裏一体のメディアです。なぞかけが「言葉の響き（音）」から別の意味を引き出すのに対し、判じ物は「絵（視覚）」から音を抽出し、さらに別の意味へと変換します。どちらも核にあるのは「同音異義語（掛詞）」を媒介にした意味の跳躍です。印刷技術が未発達であった時代、言葉遊びは声の届く範囲（座敷や寄席）で「なぞかけ」として消費されるしかありませんでした。しかし印刷技術の普及によって、なぞかけの脳内プロセスは「判じ物」という形で紙の上にビジュアライズ（視覚化）され、時間と空間を超えて全国の庶民の脳を刺激する巨大なメディア・コンテンツへと進化したのです。,『江戸のなぞなぞ 判じ物を読む』等に見る、木版印刷技術の普及と江戸の大衆視覚文化（リテラシー）に関するメディア史的分析,18世紀後半（浮世絵版画の普及期）?現代の図像学研究（2004年岩崎著作出版等）,岩崎均史（いわさき ひとし / 歴史研究家・浮世絵研究者）や、Peter Kornicki等の日本の書物史研究
大分類 I：人文学および芸術（Humanities and Arts）,言語の構造そのものと、そこから生じる意味のズレ、修辞、論理的パラドックス、および文化的変遷を客観的・理論的に解明する領域。,第10章 歴史学・演芸史（History and History of Entertainment）,10.13,庶民の知的遊戯としての「算額」と「謎掛け」の比較,江戸時代、日本の数学である「和算」は世界でも類を見ない特異な発展を遂げました。特筆すべきは、それが一部の特権階級の学問ではなく、農民から武士、商人、女性に至るまで、あらゆる階層の庶民が熱中した「大衆の娯楽」であった点です。数学史家の深川英俊らの研究によれば、和算の愛好家たちは、自ら解き明かした美しい幾何学問題（定理）を、絵馬のような木の板に描いて神社仏閣に奉納しました。これが「算額（さんがく）」です。算額は神様への感謝の奉納であると同時に、見知らぬ参拝客に向けた「私はこの難問を解いた。お前には解けるか？」という公開の挑戦状でした。江戸の庶民は、身分を超えた知的なパズル競技として、広場（神社仏閣）で数学を遊んでいたことが証明されています。,「算額」と「なぞかけ」は、江戸の庶民が愛好した「二大・知能パズル（論理と修辞のゲーム）」として、驚くほど似た社会的機能を持っています。算額が「図形」という制限の中で最もエレ雅な証明（補助線の引き方）を競うゲームであるならば、なぞかけは「同音異義語」という制限の中で最もエレガントな論理の飛躍（オチ）を競うゲームです。どちらも、単一の正解が存在しない日常世界において、「美しく完璧な解答が存在するパズル」に挑むことで知的な快感を得ようとする、庶民の圧倒的な遊び心の産物です。神社に算額を掲げて自慢した数学マニアの誇りと、寄席で「整いました！」と宣言して知的な優越を誇示する演者の誇りは、どちらも「論理の美しさで他者を圧倒する」という、日本の大衆文化に深く根付いた知的遊戯精神（ゲーム性）の表れなのです。,『聖なる数学：算額』（Sacred Mathematics: Japanese Temple Geometry）における和算の大衆的普及と知的コミュニティの社会史的分析,2008年,深川英俊（ふかがわ ひでとし / 数学史家）、Tony Rothman（トニー・ロスマン / プリンストン大学 物理学者）
大分類 I：人文学および芸術（Humanities and Arts）,言語の構造そのものと、そこから生じる意味のズレ、修辞、論理的パラドックス、および文化的変遷を客観的・理論的に解明する領域。,第10章 歴史学・演芸史（History and History of Entertainment）,10.14,カセットテープから深夜ラジオへ至るネタ投稿の文化史,1970年代以降、日本の若者文化において「深夜ラジオ（『オールナイトニッポン』など）」が爆発的な人気を博しました。メディア論の世界的権威であるウォルター・オングは、ラジオやテレビといった電子メディアが、活字文化以後に再び「声の文化（第二次声の文化：Secondary orality）」を復権させたと論じました。日本のラジオ史においては、この「声のメディア」に対し、リスナーがハガキやカセットテープ（録音ネタ）を送って参加するという、極めて双方向的で親密な「投稿文化」が形成されました。「ハガキ職人」と呼ばれる素人たちが、パーソナリティの課すお題（大喜利）に対して、高度な修辞的洗練を競い合う。この歴史的プロセスは、メディアが一方的な情報の伝達装置から、匿名の大衆が「笑い」を媒介にして参加・共創する「親密な音声的公共圏」へと変容していった軌跡を証明しています。,なぞかけは、深夜ラジオが培ったこの「お題と投稿（大喜利）の文化」において、極めて親和性の高い言語モジュールとして機能しました。パーソナリティが「〇〇と掛けまして」と電波に乗せてお題を投げ、全国のリスナーが辞書を引きながら「その心は」を熟考してハガキを送る。なぞかけは、文字数も少なく、音声（ラジオ）で読み上げられたときのリズムとテンポが抜群に良いため、ラジオという「第二次声の文化」のフォーマットに完璧に適合しました。なぞかけが現代でも大喜利の定番として広く愛好されているのは、それが江戸の寄席で洗練されただけでなく、昭和から平成にかけての「深夜ラジオの投稿文化」の中で、全国のハガキ職人たちによって徹底的に鍛え上げられ、高度に大衆化（民主化）された知的遊戯だからなのです。,『声の文化と文字の文化』（Orality and Literacy）における「第二次声の文化（Secondary orality）」の理論、および日本のラジオ・メディア史における「ハガキ職人（投稿文化）」の社会学的分析,1982年（オングの著書出版）など,Walter J. Ong（ウォルター・オング / アメリカの文化史家・言語学者）、日本のメディア社会学研究者たち
大分類 I：人文学および芸術（Humanities and Arts）,言語の構造そのものと、そこから生じる意味のズレ、修辞、論理的パラドックス、および文化的変遷を客観的・理論的に解明する領域。,第10章 歴史学・演芸史（History and History of Entertainment）,10.15,落語家・芸人の社会階層と地位の歴史的変遷,歴史学者である網野善彦や沖浦和光らの研究によれば、日本の中世から近世にかけて、芸能をなりわいとする人々は「河原者（かわらもの）」などと呼ばれ、社会の身分制度（士農工商）の枠外・最底辺に置かれる被差別的な存在でした。しかし同時に、彼らは日常の秩序を逸脱する「神聖な力（呪力や笑い）」を持つ者として、畏怖される存在でもありました（聖と賤の両義性）。近代化（明治以降）が進むにつれ、彼らは大衆文化のスターとして消費されるようになり、戦後には落語や歌舞伎が「古典芸術」として権威化され、人間国宝に指定される者まで現れました。芸能史の観点から見ると、芸人の歴史とは「社会の最底辺（賤視）から、大衆のアイコンを経て、国家の認める芸術家（権威）へと至る」という、極めてダイナミックな社会的階層の逆転劇であったことが分かっています。,なぞかけという言葉遊びの底流には、この「芸人の身分史」が持つ鮮やかな下剋上のエネルギーが脈々と流れています。江戸時代、身分の低い芸人が高座に上がり、インテリ層である武士や裕福な商人から難しいお題（政治や古典など）を受け取ります。もし解けなければただの「無学な卑しい者」として嘲笑されますが、芸人はそれを「同音異義語」という修辞の裏技を用いて一瞬で解き明かし、武士たちを沈黙させ、笑いによってその優位性を解体します。なぞかけとは、身分社会の最底辺にいた芸人たちが、支配階級の権力や教養に対して「言葉の知性（機転）」のみで合法的に勝利し、身分制度の壁を一時的に無効化・転覆してみせるという、極めてスリリングで痛快な階層闘争のパフォーマンスだったのです。,『日本の歴史をよみなおす』『日本の境界 忘れられた人びと』等に基づく、中世・近世日本の非農業民、境界民、芸能者の身分と社会的機能（聖と賤の両義性）に関する歴史学的研究,1990年代?（網野らの主要著作期）,網野善彦（あみの よしひこ / 歴史学者）、沖浦和光（おきうら かずてる / 比較文化学者）
大分類 I：人文学および芸術（Humanities and Arts）,言語の構造そのものと、そこから生じる意味のズレ、修辞、論理的パラドックス、および文化的変遷を客観的・理論的に解明する領域。,第10章 歴史学・演芸史（History and History of Entertainment）,10.16,19世紀アメリカのホラ話とフロンティア精神のユーモア,19世紀のアメリカ西部開拓時代、過酷な大自然と向き合う開拓者（フロンティア）たちの間で「トール・テイル（Tall Tale：大げさなホラ話）」という特異なユーモア文化が生まれました。ポール・バニヤン（巨大な木こり）の伝説や、若き日のマーク・トウェインの短編に代表されるように、これらは事実を極端に誇張し、荒唐無稽な嘘を真顔で語るという形式を持っています。文化史家コンスタンス・ルークらの分析によれば、この「極端な誇張（ホラ話）」は、開拓者たちが直面した「圧倒的な自然の脅威」や「孤独・恐怖」を、笑い飛ばすことで心理的に克服するための防衛機制であり、新しいアメリカ的アイデンティティ（どんな困難も笑いに変える不屈の精神）を形成するための重要な文化的装置であったことが解明されています。,「Aと掛けまして、Bと解く」というなぞかけは、論理の世界における「トール・テイル（ホラ話）」の構造に酷似しています。なぞかけの出題は、時に意味論的に絶望的なまでに無関係な二つの事象を提示します。これは言葉の開拓者（演者）の前に立ちはだかる「越えられない大自然の脅威」のようなものです。しかし演者は、トウェインのホラ話のように「いや、この二つは完全に一致する！」と平然と荒唐無稽な前提（誇張）を提示し、最後に「その心は」と、同音異義語という修辞的な跳躍を用いてその架空の命題を強引に真実へと変えてみせます。私たちがなぞかけの飛躍に感じる痛快さは、過酷な現実（解けないパズル）に対して、言葉の強引な機転とユーモアで打ち勝とうとする、一種の開拓者精神（論理的フロンティア・スピリット）への賞賛と深く重なっているのです。,『アメリカン・ユーモア：国民性の研究』（American Humor: A Study of the National Character）におけるトール・テイル（ホラ話）とフロンティア文化の歴史的・文学的分析,1931年,Constance Rourke（コンスタンス・ルーク / アメリカの文化史家）および Mark Twain（マーク・トウェイン）のユーモア論
大分類 I：人文学および芸術（Humanities and Arts）,言語の構造そのものと、そこから生じる意味のズレ、修辞、論理的パラドックス、および文化的変遷を客観的・理論的に解明する領域。,第10章 歴史学・演芸史（History and History of Entertainment）,10.17,インターネット黎明期のテキストサイトからSNS大喜利への変容史,1990年代後半から2000年代初頭にかけての「テキストサイト」時代、ウェブ上の笑いは、個人サイトでの長文によるボケが主流でした。これは読み手が時間をかけて文脈を読み解く（ナラティヴ）なコンテンツでした。しかし、Twitter（現X）をはじめとするSNSの普及により、笑いは「即時的・流動的・短文」な大喜利形式へと変容しました。メディア理論家レフ・マノヴィッチはデジタルメディアの本質を「データベース」に見出し、批評家の東浩紀はそこから情報を無作為に引き出し消費する「データベース的想像力」の日常化を指摘しました。誰もが膨大なトレンド情報に並列アクセスできる現在、笑いは文脈を熟読するものから、タイムラインという海に浮かぶ情報の断片を瞬時に組み合わせる「共時的な反応」へと進化したのです。,なぞかけは、この「SNS大喜利時代」の構造的勝者です。かつてのテキストサイトでは長文のパロディが好まれたが、現代のSNSでは140文字等の極端な制限が伴います。この制限下において、共通の巨大なデータベース（トレンド語彙）から異なる2つの要素（お題と掛けの対象）を抽出し、「その心は」というアルゴリズムで結合させる「なぞかけのフォーマット」は、SNSの速度感と奇跡的に合致しました。SNS大喜利の隆盛は、なぞかけが江戸期の寄席という制約の中で磨き上げた「短時間・高密度」という情報圧縮技術を、デジタルメディアという新たなステージで再び開花させた、メディア史における「伝統話芸のデジタル適応」の最も成功した事例なのです。,『ニューメディアの言語』における「データベースとナラティヴ」の対比論、および『動物化するポストモダン』における「データベース的想像力」,2001年,レフ・マノヴィッチ（Lev Manovich / メディア理論家）、東浩紀（批評家・哲学者）
大分類 I：人文学および芸術（Humanities and Arts）,言語の構造そのものと、そこから生じる意味のズレ、修辞、論理的パラドックス、および文化的変遷を客観的・理論的に解明する領域。,第10章 歴史学・演芸史（History and History of Entertainment）,10.18,「なぞかけ」という呼称の歴史的発生とジャンル定着の文献学的考証,「なぞかけ」という呼称が現代のように「お題＋解き明かし（その心は）」という固定されたジャンル名として定着したのは、近代以降の演芸史における「活字メディア化」と不可分です。江戸期において、現在「なぞかけ」と呼ばれる形式は、広義の「謎解き」や「言葉遊び」の領域に雑多に存在していました。しかし日本文学・メディア史研究者の兵藤裕己らが指摘するように、明治から大正にかけて「速記技術」が導入され、寄席演芸が速記本として大量に活字化されると、読者に内容を分かりやすく提示するための「見出し」や「ジャンル分け」が不可欠となりました。このメディア化の過程で、無数にあった謎解き芸のうち、最も形式が整い、活字としても興行としても成立しやすい定型フォーマットが便宜的に「なぞかけ（謎掛け）」と総称され、独立した演目として制度化されたことが分かっています。,「なぞかけ」という名前が活字を通じて定着した歴史は、この形式が「単なる日常会話の機知」から、「観客に提示される演芸パッケージ」へと昇華した歴史そのものです。名前がつき、ジャンルとして確立するということは、そこに境界線が引かれ、観客が「これから『なぞかけ』という知的ゲームが始まる」と期待して身構えるフレーム（認知の枠組み）が作られたことを意味します。この呼称の定着とフォーマットの共有により、演者は「掛ける（お題を投げる）」行為と「解く（オチをつける）」行為を意識的に分離し、その中間に生じる「間（ま）」を、芸術的な緊張感として意図的にコントロールできるようになったのです。,『〈声〉の国民国家・日本』などに見られる、速記技術の導入に伴う口承文芸の活字化と近代演芸ジャンルの制度化に関する研究,2000年,兵藤裕己（日本文学・芸能メディア史研究者）
大分類 I：人文学および芸術（Humanities and Arts）,言語の構造そのものと、そこから生じる意味のズレ、修辞、論理的パラドックス、および文化的変遷を客観的・理論的に解明する領域。,第10章 歴史学・演芸史（History and History of Entertainment）,10.19,流行語とダジャレの社会史における世相の反映,社会学者や心理学者は、時代ごとに流行する「語呂合わせ」や「ダジャレ」が、その社会の「集団的な不安」や「抑圧された感情」を映し出す鏡であると分析します。精神分析の創始者ジークムント・フロイトは、名著『機知―その無意識との関係』において、言葉遊びやジョークが、社会規範によって抑圧されたエネルギーを安全に解放するための「カタルシス（精神的排泄）」として機能することを解明しました。閉塞感やストレスが蔓延する時代において、皮肉や政治的隠喩を含んだ言葉遊びが好まれるのは、ダジャレが単なる言葉のいたずらではなく、社会全体の不満や緊張を言語レベルで無害化し、均衡を保たせるための「集団的な精神的防衛機制」として機能しているからなのです。,なぞかけは、その時代の「流行語」を即座に取り込むことで、社会の空気をパッケージングする「時代のタイムカプセル」としての側面を持っています。政治スキャンダルや社会不安といった流行語をなぞかけのお題に取り込み、それをオチで無害なダジャレに変換（捩る）する行為は、社会の負のエネルギーに対して「笑いという手段で脱構築する」という現代人特有の儀式です。なぞかけは、流行語や社会不安という「時代のアレルギー（未消化でストレスを伴う情報）」を、言葉遊びという「消化酵素」によって中和・解放し、社会全体の心理的な安定を保つための、日常的な知性のサプリメントとして歴史的に機能してきたと言えます。,『機知―その無意識との関係』（Der Witz und seine Beziehung zum Unbewussten）における機知の快感原則と精神的防衛機制に関する研究,1905年,Sigmund Freud（ジークムント・フロイト / 精神分析学者）
大分類 I：人文学および芸術（Humanities and Arts）,言語の構造そのものと、そこから生じる意味のズレ、修辞、論理的パラドックス、および文化的変遷を客観的・理論的に解明する領域。,第10章 歴史学・演芸史（History and History of Entertainment）,10.20,学校文化史における子どもの言葉遊びの口承と伝播,民俗学者のアイオナ＆ピーター・オピー夫妻は、名著『学校時代の子どもの言葉と遊び』において、子どもの文化には、大人（学校やメディア）から与えられるものとは独立して、子どもから子どもへと口承（Oral Tradition）で直接伝わる「独自の地下文化（Lore）」が存在することを証明しました。放課後の校庭や教室で語られるナンセンスな数え歌、悪口のレトリック、そして言葉遊びは、教科書に載ることはありませんが、数世代を超えて脈々と受け継がれます。民俗学的な観点から見ると、子どもたちが繰り出す言葉遊びの構造には、韻を踏んだり意味を反転させたりする「言語的実験」の極めて高度な知性が働いており、それは人類が言語の規則と多義性を習得し、社会化する過程で不可欠な「文化の継承プロセス」そのものであることが解明されています。,なぞかけは、子どもの世界で口承される「言葉の実験」の、いわば「大人の洗練された到達点」です。学校文化の地下水脈で伝播する単純な「だじゃれ（しりとりや語呂合わせ）」が、大人になって語彙力や社会的経験（コンテクスト）を蓄積することで、より複雑で高度な論理構造と意味の飛躍を持つ「なぞかけ」へと昇華されます。私たちがなぞかけに対して感じる根源的な楽しさは、子ども時代に校庭で仲間と交わした「言葉の響きを弄ぶ原体験」の延長線上にあります。言葉遊びという文化が人類の歴史において、世代を超えて「笑い」を介してバトンパスされてきたことの証明でもあります。なぞかけとは、人類の子供時代から続く「言葉の多義性を操る実験」の、最も完成度の高い大人版の遊戯なのです。,『学校時代の子どもの言葉と遊び』（The Lore and Language of Schoolchildren）における、子どもの口承伝承と言葉遊びの構造分析,1959年,"Iona Opie, Peter Opie（アイオナ・オピー、ピーター・オピー / 英国の民俗学者・児童文化研究者）"
大分類 I：人文学および芸術（Humanities and Arts）,言語の構造そのものと、そこから生じる意味のズレ、修辞、論理的パラドックス、および文化的変遷を客観的・理論的に解明する領域。,第11章 民俗学・文化人類学（Folklore and Cultural Anthropology）,11.1,世界の諸民族における「なぞなぞ（Riddle）」の比較民族誌,文化人類学・民俗学における「なぞなぞ（Riddle）」の比較研究により、なぞなぞは世界中のあらゆる民族に普遍的に存在し、決して単なる子どもの娯楽にとどまらないことが分かっています。民俗学者アーチャー・テイラーの網羅的な分類や、アラン・ダンディスらによる構造分析によれば、なぞなぞで用いられる隠喩や比喩は、その共同体の自然観や生業様式を色濃く反映しています。つまり、なぞなぞは「何が同じで、何が違うか」というその社会特有の論理的カテゴリー（分類体系）を次世代に伝達・訓練するための、極めて精巧な「制度的教育装置」なのです。出題者と解答者の間に一時的な知識の非対称性が生まれ、正解にたどり着くことで世界の秩序が再確認されるというプロセスは、共同体の暗黙知を内面化させるための重要な言語的ミクロコスモスとして機能しています。,「なぞかけ」は、この世界に普遍的に存在する「なぞなぞ」の、日本語という環境における「特異な進化系」と言えます。一般的ななぞなぞが「AはBのようである」という事物本来の性質や意味の「類似性」を問うのに対し、なぞかけは「AとかけてBと解く」と、一見全く無関係な二つの事象を提示し、「同音異義語（掛詞）」という音声的偶然性を利用して強制的に結びつけます。これは、世界のなぞなぞが持つ「分類体系の学習」という目的を意図的に逸脱し、言語のバグ（同音であること）を使って論理の壁をアクロバティックに跳躍させる行為です。なぞかけは、人類が普遍的に行ってきた「似たものを探す知的な教育装置」を、高度に文脈依存的でナンセンスな大人の連想ゲームへと昇華させた、日本独自の文化人類学的遺産なのです。,著書『口承伝承における英語のなぞなぞ』（English Riddles from Oral Tradition）における比較分類、および論文「なぞなぞの構造的定義に向けて」（Toward a Structural Definition of the Riddle）における構造分析,1951年（テイラー）、1963年（ジョージズ＆ダンディス）,Archer Taylor（アーチャー・テイラー / 米国の民俗学者）、Robert A. Georges & Alan Dundes（ロバート・A・ジョージズ、アラン・ダンディス / 米国の民俗学者・人類学者）
大分類 I：人文学および芸術（Humanities and Arts）,言語の構造そのものと、そこから生じる意味のズレ、修辞、論理的パラドックス、および文化的変遷を客観的・理論的に解明する領域。,第11章 民俗学・文化人類学（Folklore and Cultural Anthropology）,11.2,通過儀礼（イニシエーション）における知恵の試練としての謎解き,文化人類学者のヴィクター・ターナーらが指摘するように、成年式や秘密結社への加入など、個人の社会的地位が移行する「境界期（リミナリティ）」においては、日常の秩序や規範が一時的に宙吊りになります。この特別な儀礼空間において、言葉の意味を転倒させたり、難解な「謎解き」を課したりする試練が世界各地で見られます。この過酷な知恵の試練は、部族の歴史や神聖なタブーといった「秘教的知識（sacra）」を正しく解読できるかを問うものであり、日常言語から切り離された隠語や謎を理解することが、正規の共同体メンバーとして承認されるための不可欠な条件（社会的パスポート）として機能していることが分かっています。神話において謎解きに失敗すると「死」が待っているのは、それが社会的地位の生まれ変わりのための厳格な選別装置だからです。,現代社会において、優れた「なぞかけ」を瞬時に理解して笑うことができるかという事象は、一種の「日常的なマイクロ・イニシエーション（小規模な通過儀礼）」として機能しています。なぞかけのオチ（心）を理解するためには、出題者と解答者の間で、高度な語彙力、時代背景、流行、さらには社会のタブーといった「重層的な文脈（コンテクスト）」が完全に共有されている必要があります。なぞかけが解けた瞬間の「なるほど！」というカタルシスと笑いは、「私たちはお互いに同じ文化的背景（暗黙知）を共有する、一人前の大人である」ということを瞬時に確認し合う連帯のサインです。なぞかけを通じたコミュニケーションは、現代人が酒場やメディア空間を通じて日常的に行う、社会的知性を試すための通過儀礼なのです。,『儀礼の過程』（The Ritual Process: Structure and Anti-Structure）における「リミナリティ（境界期）」の理論と象徴的知識の伝達メカニズム,1969年,Victor Turner（ヴィクター・ターナー / 英国の文化人類学者）
大分類 I：人文学および芸術（Humanities and Arts）,言語の構造そのものと、そこから生じる意味のズレ、修辞、論理的パラドックス、および文化的変遷を客観的・理論的に解明する領域。,第11章 民俗学・文化人類学（Folklore and Cultural Anthropology）,11.3,親族関係における「冗談関係（Joking Relationship）」の構造分析,社会人類学者A.R.ラドクリフ＝ブラウンは、特定の親族（例えば、交差いとこ同士や、母方の伯父と甥など）の間で、日常的には許されない暴言、性的なからかい、無礼な振る舞いが「制度的（義務的）」に許容される「冗談関係（Joking Relationship）」という概念を提唱しました。彼の構造機能主義的な分析によれば、この一見すると社会規範を破壊するかのような不謹慎なやり取りは、財産相続や婚姻のルールによって生じる「潜在的な摩擦や対立」を未然に防ぐためのセーフティバルブ（安全弁）として機能しています。敬意を払い接触を避ける「忌避関係（Avoidance Relationship）」と対極にあるこの「制度化された逸脱」は、対立を孕む関係性を「笑い」によって中和し、社会構造の破綻を防ぎながら集団の連帯を維持するための、極めて合理的なメカニズムなのです。,なぞかけにしばしば見られる「風刺」「皮肉」あるいは「他者のいじり」は、現代社会における「広義の冗談関係」の構築と言えます。政治家、権力者、あるいは社会のタブーといった、本来であれば直接的に批判すると角が立ち、社会の秩序を壊しかねない「緊張を孕む対象」に対して、なぞかけは「掛詞」という言語的クッションを挟むことで、それを安全に笑いへと変換します。「?とかけて?と解く」というフォーマットの提示自体が、一種の「ここから先は冗談関係の無礼講（儀礼的な空間）である」と宣言する結界（フレーム）として機能しているのです。なぞかけは、複雑化した現代社会の様々な対立構造やタブーを、言葉遊びという制度化された逸脱によって滑らかにする「知的な潤滑油」の役割を果たしています。,論文「冗談関係について」（On Joking Relationships）における親族構造の対立と連帯に関する機能主義的分析,1940年,A.R. Radcliffe-Brown（A.R. ラドクリフ＝ブラウン / 英国の社会人類学者）
大分類 I：人文学および芸術（Humanities and Arts）,言語の構造そのものと、そこから生じる意味のズレ、修辞、論理的パラドックス、および文化的変遷を客観的・理論的に解明する領域。,第11章 民俗学・文化人類学（Folklore and Cultural Anthropology）,11.4,レヴィ＝ストロースの構造主義から見る神話の二項対立の媒介,構造主義の創始者クロード・レヴィ＝ストロースは、世界中の神話を分析する中で、神話の深層構造には「生と死」「自然と文化」「天と地」といった人間社会に存在する解決不可能な矛盾（二項対立）が隠されていることを突き止めました。そして、神話がこれらの対立する概念の間に「媒介項（例えば、生と死の境界に位置する腐肉食動物としてのカラスやコヨーテなどのトリックスター）」を介入させることで、論理的な架け橋を作り、対立を調停・緩和する機能を持っていることを証明しました。人間は、相容れない二つの矛盾した事象に直面したとき、それらを結びつける「第三の要素（媒介項）」を発見し、言語的・神話的な構造に落とし込むことで、世界を秩序立て、認識の不安を乗り越えようとする高度な論理的思考（野生の思考）を備えていることが解明されたのです。,なぞかけの構造は、レヴィ＝ストロースの言う「神話による二項対立の媒介」と全く同じ論理的メカニズムで駆動しています。「A（お題）」と「B（解き）」という、一見すると全く無関係で遠く隔絶した二つの概念（意味論的な断絶状況）に対して、「C（その心は＝同音異義語）」という「言語的トリックスター（媒介項）」を介入させることで、鮮やかな論理的結合を生み出します。同音異義語とは、全く異なる意味領域の境界線を自在に越境し、両者を同時に満たして繋いでみせる言語上のトリックスターなのです。私たちがなぞかけを聞いて「上手い！」と深いカタルシスを感じるのは、断絶していた二つの世界が、ひとつの言葉の多義性によって一瞬にして調停・統合されるという、神話的かつ構造主義的な「世界の秩序回復プロセス」を脳内で鮮烈に追体験しているからに他なりません。,『構造人類学』（Anthropologie Structurale）所収の論文「神話の構造研究」における二項対立の媒介、および『野生の思考』（La Pens?e sauvage）における論理的思考の研究,1958年（『構造人類学』刊行）、1962年（『野生の思考』刊行）,Claude L?vi-Strauss（クロード・レヴィ＝ストロース / フランスの社会人類学者・民族学者）
大分類 I：人文学および芸術（Humanities and Arts）,言語の構造そのものと、そこから生じる意味のズレ、修辞、論理的パラドックス、および文化的変遷を客観的・理論的に解明する領域。,第11章 民俗学・文化人類学（Folklore and Cultural Anthropology）,11.5,呪術的思考における「類感呪術」と言葉の同音性の相関,社会人類学者ジェームズ・G・フレイザーは、未開社会の呪術的思考を分析した名著『金枝篇』において、「似たものは似たものを生む」と考える「類感呪術（Homeopathic Magic）」の法則を提唱しました。雨を降らせるために水を撒くといった物理的な類似性だけでなく、人類は古くから「言葉の音が似ている（同音である）」というだけで、そこに目に見えない魔術的・因果的な繋がりがあると思い込む認知の法則を持っています。日本の「言霊（ことだま）」信仰や、結婚式で「切る」「終わる」といった言葉を避ける忌み言葉の習慣もこの延長線上にあります。人間には、科学的・合理的な因果関係がなくても、音韻が同じ事物同士は現実世界でも深く結びついているはずだ、という原初的な呪術的思考が根付いていることが解明されています。,なぞかけの中核である「掛詞（同音異義語）」の快楽は、この「類感呪術的思考」の極めて洗練された娯楽化です。合理的に考えれば、「音が同じ」というだけで全く無関係な二つの事象（お題と掛けの対象）が結びつく論理的必然性はどこにもありません。しかし、なぞかけにおいて「音が重なる」ことで見事に意味が通底したとき、私たちは理性を超えて「これら二つの事象には本当に深い繋がりがあるのではないか」という心地よい錯覚に陥ります。なぞかけは、「言葉の音が同じなら、現実も繋がっている」という古代からの呪術的な認知バイアスを、現代の私たちが安全な笑いとして消費し、言霊の魔力を擬似的に楽しむための「知的な呪術遊び」として機能しているのです。,『金枝篇』（The Golden Bough）における共感呪術（類感呪術および感染呪術）の体系的分類と呪術的思考の分析,1890年（初版刊行）?1915年,James George Frazer（ジェームズ・G・フレイザー / 英国の社会人類学者）
大分類 I：人文学および芸術（Humanities and Arts）,言語の構造そのものと、そこから生じる意味のズレ、修辞、論理的パラドックス、および文化的変遷を客観的・理論的に解明する領域。,第11章 民俗学・文化人類学（Folklore and Cultural Anthropology）,11.6,文化相対主義に基づくユーモアの異文化間比較と文脈依存性,人類学者マハデヴ・L・アプテらの比較文化研究が示すように、「笑い」という生理現象は人類に普遍的であっても、「何が面白いか（ユーモアの基準）」は極めて文化拘束的（Culture-bound）です。ある文化圏における高度なジョークは、言語の多義性、歴史的背景、社会階層、暗黙のタブーといった「文脈」を完全に共有していなければ、他文化圏の人には全く通じません。さらに、エドワード・T・ホールの「高文脈（ハイコンテクスト）文化」の概念が示す通り、ユーモアの翻訳不可能性は、言葉遊びがいかにその社会の暗黙知に依存しているかを証明しています。同時に、特定のジョークで笑い合えるという事象は、「私たちは同じ暗黙知を共有する共同体である」という強烈な同調と包摂（および理解できない外部の排除）の機能を持っていることが浮き彫りになっています。,なぞかけは、日本語における同音異義語の異常な多さという「言語的特異性」と、お題と解きを繋ぐ社会の「文化的背景（コンテクスト）」の両方に極度なまでに依存した、究極の「ハイコンテクスト・ユーモア」です。なぞかけの構造と面白さを外国語に翻訳して笑いをとることは事実上不可能に近い行為です。つまり、なぞかけが成立し、共に笑い合えるという現象そのものが、「私とあなたは同じ日本語の音韻規則と文化的コードを共有している」という強力な仲間意識の確認作業となっています。文化相対主義的な視座から見れば、なぞかけを通じた笑いは、日本語という特殊な文化共同体の見えない輪郭線をなぞり、社会的な紐帯と帰属意識を強固・再生産するための極めて高度な文化装置なのです。,『ユーモアと笑いの人類学』（Humor and Laughter: An Anthropological Approach）におけるユーモアの比較民族誌、および『文化を超えて』（Beyond Culture）における高文脈・低文脈文化の理論,1985年（アプテ）、1976年（ホール）,Mahadev L. Apte（マハデヴ・L・アプテ / 人類学者）、Edward T. Hall（エドワード・T・ホール / 文化人類学者）
大分類 I：人文学および芸術（Humanities and Arts）,言語の構造そのものと、そこから生じる意味のズレ、修辞、論理的パラドックス、および文化的変遷を客観的・理論的に解明する領域。,第11章 民俗学・文化人類学（Folklore and Cultural Anthropology）,11.7,トリックスターの言語的機知がもたらす神話的秩序の更新,日本民俗学の創始者である柳田國男は、村落共同体における「言霊（ことだま）」信仰と禁忌を緻密に分析しました。古来、日本の農村では「発せられた言葉の音が、現実の事象に直接的な影響を及ぼす」と信じられていました。そのため、不吉な連想をさせる音を持つ言葉（忌み言葉）は徹底的に避けられ、別の言葉に置き換えられました。例えば「すり鉢」は財産を擦る（失う）に通じるため「あたり鉢」へ、「梨」は無しに通じるため「ありの実」へと変換されました。この「言い換え」の習俗は単なる迷信ではなく、自然災害や死といったコントロール不能な脅威に対し、言語を操作することで共同体の心理的安定と秩序を保とうとする、極めて実践的なリスク管理（危機回避のメカニズム）であったことが分かっています。,なぞかけの核となる「掛詞（同音異義語）」のメカニズムは、この「忌み言葉と言い換え」の構造の完全な裏返しです。村落社会が「音の偶然の一致」を恐れ、不吉な連想を避けるために言葉を慎重に操作・隔離したのに対し、なぞかけは逆に「音の偶然の一致」を積極的に探し出し、全く異なる二つの事象を意図的に衝突させることで笑いを生み出します。言霊信仰においては「音の重なり＝呪術的な恐怖」でしたが、演芸としてのなぞかけにおいては「音の重なり＝知的なエンターテインメント」へと転換されました。なぞかけは、かつて共同体を縛っていた言霊の魔力と恐怖を、安全な舞台の上で脱構築して遊ぶ、極めて高度な言語遊戯なのです。,著書『禁忌習俗語彙』における忌み言葉の採集と言霊信仰に関する民俗学的研究,1938年,柳田國男（やなぎた くにお / 日本民俗学者）
大分類 I：人文学および芸術（Humanities and Arts）,言語の構造そのものと、そこから生じる意味のズレ、修辞、論理的パラドックス、および文化的変遷を客観的・理論的に解明する領域。,第11章 民俗学・文化人類学（Folklore and Cultural Anthropology）,11.8,贈与交換論から見た「お題」と「答え」の返報性とコミュニケーション,柳田國男が定式化した「ハレとケ」の概念や年中行事の研究によれば、正月のおせち料理や結納などの「ハレ（非日常・祝祭）」の場において、「昆布（よろこぶ）」「鯛（めでたい）」「鰹節（勝男武士）」といった語呂合わせが多用されるのは、単なる言葉遊びではありません。これは文化人類学でいう「類感呪術（似たものは似たものを引き寄せる）」の一種であり、言葉の音の類似性を利用して神仏の加護や幸運を物理的に引き寄せようとする「呪術的パフォーマンス」です。祭祀における語呂合わせは、参加者全員で縁起の良い音を共有・反復することで、共同体の将来に対する不安を払拭し、祝祭空間のムードを高め、集団の連帯感を強固にするための重要な儀礼的装置として機能していることが解明されています。,なぞかけは、この祭祀における「縁起担ぎの語呂合わせ」が世俗化し、エンターテインメントに特化した姿と言えます。儀礼空間における語呂合わせが「幸福（めでたさ）」を引き寄せることを目的としているのに対し、演芸空間におけるなぞかけは「笑い」を引き寄せることを目的としています。どちらも「音の響きが同じ事象を重ね合わせる」という構造において完全に一致しています。結婚式などの祝辞の場で、現在でもなぞかけ（「新郎新婦とかけて?」）が頻繁に披露されるのは決して偶然ではありません。なぞかけは、神聖な儀礼が持っていた「言葉の音で場を祝福し、連帯感を高める機能」を、現代の日常や宴席に持ち込むための、ポータブルな祝祭装置として機能しているのです。,著書『年中行事覚書』における年中行事の分析、および「ハレとケ」概念に基づく祭祀空間の呪術的言語の研究,1949年（『年中行事覚書』刊行）,柳田國男（やなぎた くにお / 日本民俗学者）
大分類 I：人文学および芸術（Humanities and Arts）,言語の構造そのものと、そこから生じる意味のズレ、修辞、論理的パラドックス、および文化的変遷を客観的・理論的に解明する領域。,第11章 民俗学・文化人類学（Folklore and Cultural Anthropology）,11.9,狩猟採集社会におけるメタファーと自然界のコスモロジー,近代以前の日本の村落共同体において、冬の夜の囲炉裏端や、若者組（青年団）の寄り合いで行われていた「謎遊び（なぞなぞ）」は、単なる暇つぶしではありませんでした。柳田國男の民俗学的な調査によれば、こうした場で長老から若者へ、あるいは若者同士で出し合う謎掛けは、農具の名前、動植物の生態、村の掟といった「生きていく上で不可欠なローカル・ナレッジ（地域知）」を次世代に伝承し、テストするための教育装置でした。また同時に、厳しい身分制度や過酷な労働環境の中で、普段は直接口に出せない不満や性的な関心を「謎」というオブラートに包んで発散するガス抜き（緊張緩和）の機能も果たしており、村落内の人間関係を円滑に保つための重要なコミュニケーション・ツールであったことが分かっています。,寄席やテレビ番組で披露される現代の「なぞかけ」は、この村落共同体における「囲炉裏端の謎遊び」が、都市化・大衆社会化に伴ってプロの演芸へと発展・洗練されたものです。出題者（長老）と解答者（若者）という村落内の閉じた関係性は、演者（プロ）と観客（大衆）という関係性に置き換えられました。しかし、「謎を解くためには、出題者と解答者が同じ常識（ナレッジ）を共有していなければならない」という本質的な構造は全く変わっていません。なぞかけでオチが解けて観客がドッと笑う瞬間、そこには一時的に、かつての村の寄り合いのような「私たちは同じ常識を共有する一つの共同体である」という強烈な連帯感が立ち現れているのです。,著書『なぞとことわざ』における、民間伝承としての謎解き遊びの機能分析と村落社会の研究,1952年,柳田國男（やなぎた くにお / 日本民俗学者）
大分類 I：人文学および芸術（Humanities and Arts）,言語の構造そのものと、そこから生じる意味のズレ、修辞、論理的パラドックス、および文化的変遷を客観的・理論的に解明する領域。,第11章 民俗学・文化人類学（Folklore and Cultural Anthropology）,11.10,文字を持たない社会における音声的言葉遊びの記憶補助機能,寿司屋の「あがり（お茶）」や市場の競り、あるいは裏社会などで用いられる特殊な業界用語・隠語（符丁）について、社会言語学者のM.A.K.ハリデーはこれを「反言語（Anti-language）」という概念で分析しました。集団が独自の言葉（隠語）を作り出す最大の目的は、情報伝達を効率化することだけでなく、「外部の人間（素人）を排除し、内部の人間（仲間）だけの境界線を引くこと（バウンダリー・メンテナンス）」にあります。隠語を理解し使いこなせるようになることは、その集団の正規メンバーとして認められるためのイニシエーションであり、他者に解読されない暗号を共有することで、集団内部の結束と同族意識（アイデンティティ）を極限まで高める社会的機能を持っていることが実証されています。,なぞかけを理解する認知プロセスは、この「隠語（符丁）の解読」と非常によく似ています。優れたなぞかけは、オチ（その心）を聞くまでは、提示された二つの言葉がどう繋がるのか外部からは全く見えません。オチが発表され、隠されていた「掛詞」の意味を即座に理解できた観客だけが、その笑いの輪（内部）に入ることができます。つまり、なぞかけが解けた瞬間、演者と観客の間に「暗号を共有した者同士」という一時的な共犯関係（内輪）が形成されるのです。なぞかけの魅力は、ただ面白いだけでなく、隠語を解き明かして集団の「内側」に迎え入れられたときに感じる、所属の欲求が満たされる強烈な社会的快感に裏打ちされていると言えます。,論文「反言語」（Anti-Languages）に基づく、下位文化（サブカルチャー）集団における隠語・符丁とアイデンティティ形成の社会言語学的研究,1976年,M.A.K. Halliday（M.A.K. ハリデー / 英国の言語学者・社会言語学者）
大分類 I：人文学および芸術（Humanities and Arts）,言語の構造そのものと、そこから生じる意味のズレ、修辞、論理的パラドックス、および文化的変遷を客観的・理論的に解明する領域。,第11章 民俗学・文化人類学（Folklore and Cultural Anthropology）,11.11,柳田國男の言霊論から見る村落共同体の忌み言葉と言い換え,日本民俗学の創始者である柳田國男は、村落共同体における「言霊（ことだま）」信仰と禁忌を緻密に分析しました。古来、日本の農村では「発せられた言葉の音が、現実の事象に直接的な影響を及ぼす」と信じられていました。そのため、不吉な連想をさせる音を持つ言葉（忌み言葉）は徹底的に避けられ、別の言葉に置き換えられました。例えば「すり鉢」は財産を擦る（失う）に通じるため「あたり鉢」へ、「梨」は無しに通じるため「ありの実」へと変換されました。この「言い換え」の習俗は単なる迷信ではなく、自然災害や死といったコントロール不能な脅威に対し、言語を操作することで共同体の心理的安定と秩序を保とうとする、極めて実践的なリスク管理（危機回避のメカニズム）であったことが分かっています。,なぞかけの核となる「掛詞（同音異義語）」のメカニズムは、この「忌み言葉と言い換え」の構造の完全な裏返しです。村落社会が「音の偶然の一致」を恐れ、不吉な連想を避けるために言葉を慎重に操作・隔離したのに対し、なぞかけは逆に「音の偶然の一致」を積極的に探し出し、全く異なる二つの事象を意図的に衝突させることで笑いを生み出します。言霊信仰においては「音の重なり＝呪術的な恐怖」でしたが、演芸としてのなぞかけにおいては「音の重なり＝知的なエンターテインメント」へと転換されました。なぞかけは、かつて共同体を縛っていた言霊の魔力と恐怖を、安全な舞台の上で脱構築して遊ぶ、極めて高度な言語遊戯なのです。,著書『禁忌習俗語彙』における忌み言葉の採集と言霊信仰に関する民俗学的研究,1938年,柳田國男（やなぎた くにお / 日本民俗学者）
大分類 I：人文学および芸術（Humanities and Arts）,言語の構造そのものと、そこから生じる意味のズレ、修辞、論理的パラドックス、および文化的変遷を客観的・理論的に解明する領域。,第11章 民俗学・文化人類学（Folklore and Cultural Anthropology）,11.12,祭祀や儀礼における縁起担ぎの語呂合わせと祝祭性,柳田國男が定式化した「ハレとケ」の概念や年中行事の研究によれば、正月のおせち料理や結納などの「ハレ（非日常・祝祭）」の場において、「昆布（よろこぶ）」「鯛（めでたい）」「鰹節（勝男武士）」といった語呂合わせが多用されるのは、単なる言葉遊びではありません。これは文化人類学でいう「類感呪術（似たものは似たものを引き寄せる）」の一種であり、言葉の音の類似性を利用して神仏の加護や幸運を物理的に引き寄せようとする「呪術的パフォーマンス」です。祭祀における語呂合わせは、参加者全員で縁起の良い音を共有・反復することで、共同体の将来に対する不安を払拭し、祝祭空間のムードを高め、集団の連帯感を強固にするための重要な儀礼的装置として機能していることが解明されています。,なぞかけは、この祭祀における「縁起担ぎの語呂合わせ」が世俗化し、エンターテインメントに特化した姿と言えます。儀礼空間における語呂合わせが「幸福（めでたさ）」を引き寄せることを目的としているのに対し、演芸空間におけるなぞかけは「笑い」を引き寄せることを目的としています。どちらも「音の響きが同じ事象を重ね合わせる」という構造において完全に一致しています。結婚式などの祝辞の場で、現在でもなぞかけ（「新郎新婦とかけて?」）が頻繁に披露されるのは決して偶然ではありません。なぞかけは、神聖な儀礼が持っていた「言葉の音で場を祝福し、連帯感を高める機能」を、現代の日常や宴席に持ち込むための、ポータブルな祝祭装置として機能しているのです。,著書『年中行事覚書』における年中行事の分析、および「ハレとケ」概念に基づく祭祀空間の呪術的言語の研究,1949年（『年中行事覚書』刊行）,柳田國男（やなぎた くにお / 日本民俗学者）
大分類 I：人文学および芸術（Humanities and Arts）,言語の構造そのものと、そこから生じる意味のズレ、修辞、論理的パラドックス、および文化的変遷を客観的・理論的に解明する領域。,第11章 民俗学・文化人類学（Folklore and Cultural Anthropology）,11.13,村落共同体の寄り合いにおける「謎遊び」の社会的機能,近代以前の日本の村落共同体において、冬の夜の囲炉裏端や、若者組（青年団）の寄り合いで行われていた「謎遊び（なぞなぞ）」は、単なる暇つぶしではありませんでした。柳田國男の民俗学的な調査によれば、こうした場で長老から若者へ、あるいは若者同士で出し合う謎掛けは、農具の名前、動植物の生態、村の掟といった「生きていく上で不可欠なローカル・ナレッジ（地域知）」を次世代に伝承し、テストするための教育装置でした。また同時に、厳しい身分制度や過酷な労働環境の中で、普段は直接口に出せない不満や性的な関心を「謎」というオブラートに包んで発散するガス抜き（緊張緩和）の機能も果たしており、村落内の人間関係を円滑に保つための重要なコミュニケーション・ツールであったことが分かっています。,寄席やテレビ番組で披露される現代の「なぞかけ」は、この村落共同体における「囲炉裏端の謎遊び」が、都市化・大衆社会化に伴ってプロの演芸へと発展・洗練されたものです。出題者（長老）と解答者（若者）という村落内の閉じた関係性は、演者（プロ）と観客（大衆）という関係性に置き換えられました。しかし、「謎を解くためには、出題者と解答者が同じ常識（ナレッジ）を共有していなければならない」という本質的な構造は全く変わっていません。なぞかけでオチが解けて観客がドッと笑う瞬間、そこには一時的に、かつての村の寄り合いのような「私たちは同じ常識を共有する一つの共同体である」という強烈な連帯感が立ち現れているのです。,著書『なぞとことわざ』における、民間伝承としての謎解き遊びの機能分析と村落社会の研究,1952年,柳田國男（やなぎた くにお / 日本民俗学者）
大分類 I：人文学および芸術（Humanities and Arts）,言語の構造そのものと、そこから生じる意味のズレ、修辞、論理的パラドックス、および文化的変遷を客観的・理論的に解明する領域。,第11章 民俗学・文化人類学（Folklore and Cultural Anthropology）,11.14,職人言葉や隠語（符丁）の形成プロセスと境界維持の暗号的機能,寿司屋の「あがり（お茶）」や市場の競り、あるいは裏社会などで用いられる特殊な業界用語・隠語（符丁）について、社会言語学者のM.A.K.ハリデーはこれを「反言語（Anti-language）」という概念で分析しました。集団が独自の言葉（隠語）を作り出す最大の目的は、情報伝達を効率化することだけでなく、「外部の人間（素人）を排除し、内部の人間（仲間）だけの境界線を引くこと（バウンダリー・メンテナンス）」にあります。隠語を理解し使いこなせるようになることは、その集団の正規メンバーとして認められるためのイニシエーションであり、他者に解読されない暗号を共有することで、集団内部の結束と同族意識（アイデンティティ）を極限まで高める社会的機能を持っていることが実証されています。,なぞかけを理解する認知プロセスは、この「隠語（符丁）の解読」と非常によく似ています。優れたなぞかけは、オチ（その心）を聞くまでは、提示された二つの言葉がどう繋がるのか外部からは全く見えません。オチが発表され、隠されていた「掛詞」の意味を即座に理解できた観客だけが、その笑いの輪（内部）に入ることができます。つまり、なぞかけが解けた瞬間、演者と観客の間に「暗号を共有した者同士」という一時的な共犯関係（内輪）が形成されるのです。なぞかけの魅力は、ただ面白いだけでなく、隠語を解き明かして集団の「内側」に迎え入れられたときに感じる、所属の欲求が満たされる強烈な社会的快感に裏打ちされていると言えます。,論文「反言語」（Anti-Languages）に基づく、下位文化（サブカルチャー）集団における隠語・符丁とアイデンティティ形成の社会言語学的研究,1976年,M.A.K. Halliday（M.A.K. ハリデー / 英国の言語学者・社会言語学者）
大分類 I：人文学および芸術（Humanities and Arts）,言語の構造そのものと、そこから生じる意味のズレ、修辞、論理的パラドックス、および文化的変遷を客観的・理論的に解明する領域。,第11章 民俗学・文化人類学（Folklore and Cultural Anthropology）,11.15,妖怪や精霊の命名に見られるダジャレ・言葉遊びの関連性,民俗学や妖怪学の視点から分析すると、日本に伝わる妖怪の多くが「ダジャレ（語呂合わせ）」や「言葉遊び」を起源として誕生していることが分かっています。民俗学者・小松和彦の研究や、香川雅信による江戸期の妖怪画分析が示すように、江戸時代の鳥山石燕による妖怪画集『画図百鬼夜行』などに顕著な通り、古典文学のパロディや日常の慣用句を文字通りに解釈し直す言葉遊びから、多くの妖怪が意図的に創作されました。暗闇の恐怖や未知の自然現象など「正体のわからない不条理なもの」に対し、それに似た音を持つ滑稽な名前（ダジャレ）を付与するという行為は、対象を「意味のわかるもの（名付けられたもの）」へと変換し、恐怖を笑いによって中和・飼い慣らす（ドメスティケーション）ための、民衆の高度な心理的防衛機制であったことが解明されています。,なぞかけは、未知のものや全く無関係な事象を「言葉の音（掛詞）」で強制的に結びつけて納得させるという点で、この「妖怪の命名メカニズム」と完全に一致する知的操作です。「その心は」とオチが解き明かされた瞬間に私たちが感じる「なるほど！」というカタルシスは、かつて民衆が正体不明の怪異現象に対して「要するに〇〇という妖怪の仕業だ（＝ダジャレによる命名）」と意味を与え、得体の知れない緊張感を笑いに変えて安心を得ていた心の動きの再現なのです。なぞかけは、恐怖や緊張を笑いと納得に変換する「妖怪創造のメカニズム」を、日常のエンターテインメントに落とし込んだものと言えます。,著書『妖怪学新考 妖怪からみる日本人の心』における妖怪の命名・ドメスティケーションの分析、および著書『江戸の妖怪革命』における妖怪図像と言葉遊びの研究,1994年（小松）、2005年（香川）,小松和彦（こまつ かずひこ / 文化人類学者・民俗学者）、香川雅信（かがわ まさのぶ / 民俗学者）
大分類 I：人文学および芸術（Humanities and Arts）,言語の構造そのものと、そこから生じる意味のズレ、修辞、論理的パラドックス、および文化的変遷を客観的・理論的に解明する領域。,第11章 民俗学・文化人類学（Folklore and Cultural Anthropology）,11.16,晴れ（ハレ）と褻（ケ）の場における言葉遊びの機能差異,柳田國男が提唱し、宮田登によって都市民俗学として体系化された「ハレ（非日常の祭礼や儀式）」と「ケ（日常）」という民俗学の空間・時間論を用いて言葉遊びを分析すると、その社会的機能が文脈によって明確に切り替わることが分かります。ハレの場における言葉遊び（例：祝詞の修辞、結婚式の縁起言葉）は、神仏と繋がり共同体の繁栄を祈願する「公的な秩序の強化」として機能します。一方、ケの場における言葉遊び（例：農作業中の冗談、日常のダジャレやからかい）は、単調な労働の疲労を癒やし、人間関係の摩擦を減らす「世俗的・私的な潤滑油（ガス抜き）」として機能します。言葉遊びは、社会の文脈（ハレかケか）に応じて、聖なる祈りにも俗なる笑いにも姿を変える、極めて流動的で適応力の高いコミュニケーション・メディアであることが実証されています。,寄席や宴席という空間で演じられる「なぞかけ」は、ケ（日常の言葉）を素材にしながら、それをハレ（舞台上の芸）の次元へと引き上げる「ハレとケの変換装置」として機能します。演者は、観客が日常（ケ）で使っているありふれた単語をお題として受け取り、それに「掛詞」という特殊な修辞（ハレの技巧）を施して送り返します。なぞかけが生み出す笑いの本質は、退屈で平凡な日常の言葉が、演者の機知によって一瞬だけ鮮やかな非日常の輝き（ハレ）を帯び、笑いとともに再び日常へと戻っていく、その境界線上で散るスパーク（火花）を楽しむという点にあるのです。,著書『ケガレの民俗誌』などにおける「ハレ・ケ・ケガレ」の空間論と、日常・非日常におけるフォーク・コミュニケーションの研究,1996年,宮田登（みやた のぼる / 日本民俗学者）
大分類 I：人文学および芸術（Humanities and Arts）,言語の構造そのものと、そこから生じる意味のズレ、修辞、論理的パラドックス、および文化的変遷を客観的・理論的に解明する領域。,第11章 民俗学・文化人類学（Folklore and Cultural Anthropology）,11.17,地名起源説話における民衆語源と語呂合わせの形成メカニズム,各地の地名起源説話を民俗学的に分析すると、地名の由来の多くが後付けの「民衆語源（Folk Etymology / 民間語源）」、すなわち「語呂合わせ」によって作られていることが分かります。例えば、古代の地形語や先住民の言葉に由来する地名が時代とともに意味不明になった際、後世の人々は現在の「音」に似た神話や英雄の物語（例：ヤマトタケルが弟橘媛を偲んで「君去らず」と言ったから「木更津」になった等）を創作して当てはめました。柳田國男が指摘するように、これは単なる無知ではなく、無機質な土地の名前に対して「言語的なダジャレ」を用いて歴史的文脈（物語）を接ぎ木し、地域への愛着や共同体のアイデンティティを事後的に捏造・強化する、極めて創造的な文化形成のメカニズムなのです。,なぞかけは、この「地名起源説話の捏造（語呂合わせによる意味の事後構築）」を、わずか数秒の即興でやってのける極めて高度な知的ゲームです。「AとかけてBと解く」において、AとBの事象には本来、何の論理的・歴史的なつながりもありません。しかし、演者が「その心は（同音異義語）」という架空の接点を提示した瞬間、観客の脳内には「なるほど、最初からそう結びついていたのか」という偽の必然性（物語）が鮮やかに立ち上がります。なぞかけとは、かつて名もなき民衆が土地に意味を与えるために行っていた「壮大な語呂合わせによる神話の捏造（民衆語源の事後構築）」のプロセスを、ミニチュア化して楽しむ遊びなのです。,著書『地名の研究』における民間語源（民衆語源）の分析および地名説話の形成メカニズム,1936年,柳田國男（やなぎた くにお / 日本民俗学者）
大分類 I：人文学および芸術（Humanities and Arts）,言語の構造そのものと、そこから生じる意味のズレ、修辞、論理的パラドックス、および文化的変遷を客観的・理論的に解明する領域。,第11章 民俗学・文化人類学（Folklore and Cultural Anthropology）,11.18,グローバリゼーションに伴うローカルなジョークの越境と土着化,文化人類学者ウルフ・ハネルツが提唱する文化の「クレオール化（混淆）」理論や、クリスティ・デイヴィスによるエスニック・ジョークの比較社会学によれば、グローバリゼーションによってジョークや言葉遊びが国境を越える際、それらは単に均質化されるのではなく、現地の文化コードに合わせて激しく「土着化（Indigenization）」することが分かっています。例えば、旧ソ連圏の政治的ジョークがインターネットを通じて中東やアジアに伝播すると、登場人物が地元の独裁者や政治家にすり替わります。ジョークの「骨格（論理的なオチの構造）」はグローバルに流通する一方で、その「肉付け（誰を笑うか、どんな比喩やタブーを使うか）」は極めてローカルな社会的文脈に依存してカスタマイズされるという、グローバルとローカルのダイナミックな交渉過程が明らかになっています。,なぞかけは、日本語の同音異義語に完全に依存しているため、そのままでは決して国境を越えられない（翻訳不可能な）究極の「ローカル・ジョーク」です。しかし、「全く無関係な二つの事象を提示し、後から隠された共通点を見つけてオチをつける」という論理的骨格そのものは、実は世界中のリドル（なぞなぞ）やコメディのフォーマットと共通しています。もしなぞかけがグローバル化する（あるいは海外のフォーマットが日本に土着化する）ならば、それは「音の類似（同音異義語）」というローカルな肉付けを捨て、「意味の類似（ダブルミーニングやアイロニー）」というグローバルな骨格へと変容せざるを得ません。なぞかけは、言語という強固な国境の壁と、人類が共有する「笑いの構造の普遍性」を同時に映し出す鏡なのです。,著書『エスニック・ジョーク』（Ethnic Humor Around the World）におけるジョークの伝播構造、および『文化の複雑性』（Cultural Complexity）におけるクレオール化理論の研究,1990年（デイヴィス）、1992年（ハネルツ）,Christie Davies（クリスティ・デイヴィス / 英国のユーモア社会学者）、Ulf Hannerz（ウルフ・ハネルツ / スウェーデンの文化人類学者）
大分類 I：人文学および芸術（Humanities and Arts）,言語の構造そのものと、そこから生じる意味のズレ、修辞、論理的パラドックス、および文化的変遷を客観的・理論的に解明する領域。,第11章 民俗学・文化人類学（Folklore and Cultural Anthropology）,11.19,ジェンダーとユーモアにおける発話権の非対称性,社会言語学者デボラ・タネンや文化人類学者マハデヴ・L・アプテの視点からユーモアを分析すると、多くの伝統的社会において「公の場でジョークを言う（言葉で笑いをとる）」という行為が、男性に偏った特権的な「発話権（Speaking Right）」であったことが分かっています。アプテらの研究によれば、公的な場でジョークを飛ばし、からかいの主導権を握ることは、その場のコミュニケーションを支配し、社会的優位性を示す権力行使の一種です。歴史的に、女性はジョークの「聞き手（笑って承認する側）」として受動的な役割を期待されたり、笑いの場が女性同士の私的な空間に限定されたりしてきました。誰が誰に対して言葉遊びを仕掛けることが許されているか（あるいは許されていないか）を観察することで、その社会のジェンダー間の権力勾配や微細な抑圧の構造が浮き彫りになるのです。,なぞかけが育まれた寄席や宴会という演芸空間は、歴史的に見て圧倒的な男性中心の空間でした。なぞかけの「私が謎をかけ、私が鮮やかに解くから、お前たちは聞いて感心して笑え」という一方的な構造は、演者が絶対的な「発話権」と「知の優位性」を独占する権力的なコミュニケーションのモデルでもあります。なぞかけの歴史において女性の演者が少なかった事実は、単なる偶然ではなく、「公衆の面前で機知を披露し、論理で場をコントロールする」という行為自体が、伝統的なジェンダー・ロールにおいて男性的な振る舞いとしてコード化されていた社会構造を色濃く反映しています。なぞかけの系譜は、日本の大衆文化におけるジェンダーと発話権の非対称性の歴史を背負っているのです。,『ユーモアと笑いの人類学』（Humor and Laughter: An Anthropological Approach）におけるユーモアとジェンダーの比較民族誌、および『わかりあえない理由』（You Just Don't Understand）における会話スタイルと支配権の社会言語学的研究,1985年（アプテ）、1990年（タネン）,Mahadev L. Apte（マハデヴ・L・アプテ / 人類学者）、Deborah Tannen（デボラ・タネン / 社会言語学者）
大分類 I：人文学および芸術（Humanities and Arts）,言語の構造そのものと、そこから生じる意味のズレ、修辞、論理的パラドックス、および文化的変遷を客観的・理論的に解明する領域。,第11章 民俗学・文化人類学（Folklore and Cultural Anthropology）,11.20,シャーマニズムにおけるトランス状態の多義的な神託の解釈,宗教学者ミルチャ・エリアーデや文化人類学者クロード・レヴィ＝ストロースの研究によれば、シャーマン（巫師）がトランス状態で語る神託（お告げ）は、しばしば論理を欠き、多義的（様々な意味に取れる）で、曖昧な言葉の羅列です。しかし、この「意味不明さ」こそが重要な社会的機能を持ちます。共同体の人々や専門の解釈者（祭司）は、そのカオスな神託の言葉の中に、自分たちが現在直面している危機（不作、疫病、対立など）を解決するための都合の良い意味を事後的に「発見」し、意味づけを行います。レヴィ＝ストロースが「象徴的効力」と呼んだように、神託の多義性は、カオス（混沌）の中に秩序を見出し、共同体の不安を解消して強烈な心理的安心感をもたらすための、柔軟な意味生成のキャンバスとして機能していることが解明されています。,なぞかけの構造は、このシャーマニズムにおける「神託の提示とその解釈」のプロセスと驚くほど一致しています。「AとかけてBと解く」という出題の宣言は、シャーマンが発する一見すると意味不明な「多義的でカオスな神託」に相当します。観客の認知は一瞬、混沌とした状態に陥ります。そこへ演者自身が「その心は」と解釈者（祭司）の役割を担って介入し、掛詞を用いてカオスの中に「鮮やかな論理（秩序）」を提示します。なぞかけのオチを聞いて私たちが感じる「なるほど、スッキリした！」というカタルシスと笑いは、不可解な世界（お題）に対して合理的な意味（オチ）が与えられ、世界の秩序が回復したときに人間が感じる、宗教的な「象徴的効力」に似た根源的な安心感と認知の快楽なのです。,『シャーマニズム』（Le Chamanisme et les techniques archa?ques de l'extase）におけるシャーマンの職能研究、および『構造人類学』（Anthropologie Structurale）所収の論文「呪術師とその呪術」「象徴的効力」における意味づけと治癒の構造分析,1951年（エリアーデ）、1958年（レヴィ＝ストロース）,Mircea Eliade（ミルチャ・エリアーデ / 宗教学者・宗教史家）、Claude L?vi-Strauss（クロード・レヴィ＝ストロース / フランスの文化人類学者）
大分類 II：社会科学（Social Sciences）,,社会構造、コミュニケーション、メディア、政治・法律などの社会システムにおいて、ユーモアや言葉遊びが果たす社会的機能、対人相互作用、および規範の形成と逸脱を分析する領域。,12.1,ゴフマンの「フレーム分析」に基づくジョーク空間の境界設定,社会学者アーヴィング・ゴフマンは、人々が「今、ここで何が起きているか」という状況の定義（認知の枠組み）を共有するメカニズムを「フレーム分析」として体系化しました。日常生活において、私たちは真面目な会話（文字通りのフレーム）から、冗談や遊びの会話（ジョークのフレーム）へと移行する際、声のトーンを変えたり、特定の身振りや前置きの言葉を使ったりして、「ここから先は遊びである」という明確な合図を送ります。ゴフマンはこの操作を「キーイング（調律）」と呼びました。キーイングによって状況の境界線が引かれることで、通常のフレームでは無礼とされる発言や、論理的に破綻した言葉遊びであっても、ジョーク空間の内部においては「安全に許容されるもの」として相互承認されるメカニズムが明らかになっています。,なぞかけにおける「〇〇とかけて、〇〇と解く」という定型句は、ゴフマンの言う「キーイング（調律）」の極めて強力かつ明示的な装置です。このフレーズが発せられた瞬間、日常会話の真面目なフレームは完全に遮断され、「ここから先は、言葉の意味が二重化される非日常の演芸フレーム（ジョーク空間）である」という強固な結界が張られます。観客はこのフレームの切り替わり（キーイング）を瞬時に受け入れるからこそ、一見無関係な二つの事象が強引に結びつけられても、それを「論理の破綻」と批判するのではなく、「高度な言葉遊び」として楽しむ態勢へと即座に移行できるのです。,『フレーム分析』（Frame Analysis: An Essay on the Organization of Experience）における「キーイング（調律）」と状況の定義に関する研究,1974年,Erving Goffman（アーヴィング・ゴフマン / 米国の社会学者）
大分類 II：社会科学（Social Sciences）,,第12章 社会学・相互行為論（Sociology and Interactionism）,12.2,ブルデューの「文化資本」から見た言葉遊びを解する階層的差異,社会学者ピエール・ブルデューは、人々の趣味やユーモアの理解度が、単なる個人の知能や性格の問題ではなく、生育環境や教育によって蓄積された「文化資本（教養、語彙力、文化的背景の知識）」に強く依存していることを実証しました。高度な言葉遊び、皮肉、ダブルミーニングを用いたジョークを即座に理解し、共に笑うことができるのは、同じレベルの文化資本や身体化されたハビトゥス（性向）を共有している階層間に限られます。ブルデューの視点によれば、高度なユーモアは、他者との間に目に見えない境界線を引き、自らの集団の優位性を示す「卓越化（ディスタンクシオン）」の戦略として機能し、社会の階層構造や知的な同類性を無意識のうちに再生産・正当化しているのです。,なぞかけは、日本語における広範な語彙力、歴史的・社会的背景、慣用句、さらには最新の流行語といった高度な「文化資本」を要求する知的ゲームです。「その心は」とオチが明かされた瞬間にカタルシスを得て笑うためには、演者と観客、あるいは観客同士が、同等の文化資本を共有していなければなりません。なぞかけが成立して笑いが起きる空間は、単に面白いだけでなく、「私たちはこの高度な言葉遊びを瞬時に理解できるだけの教養（文化資本）を共有している」という連帯感の確認作業（卓越化の儀礼）の場でもあります。なぞかけを解して共に笑うことは、社会的な階層意識や知的同類性を確かめ合う、極めて洗練された文化社会学的な実践なのです。,『ディスタンクシオン』（La Distinction: Critique sociale du jugement）における文化資本とハビトゥス、卓越化（区別化）の社会学的研究,1979年,Pierre Bourdieu（ピエール・ブルデュー / フランスの社会学者・哲学者）
大分類 II：社会科学（Social Sciences）,,第12章 社会学・相互行為論（Sociology and Interactionism）,12.3,エスノメソドロジーによる「笑いの達成」の微視的分析,ハロルド・ガーフィンケルに端を発し、ハーヴェイ・サックスやゲイル・ジェファーソンらが確立したエスノメソドロジー（会話分析）の領域では、「笑い」は単なる心理的な反射運動ではなく、参加者同士の緻密な協力関係によってリアルタイムに作り上げられる「相互行為的達成（Interactional Achievement）」であると定義します。録音された日常会話をミリ秒単位で分析したジェファーソンの研究によれば、冗談を言う側は、視線、イントネーション、わずかな「間（ポーズ）」を使って巧妙に「笑いへの招待（Invitation to laugh）」を行い、聞き手はそれに正確なタイミングで同調して笑う（受諾する）ことで、初めてその場に「ジョークが成功した」という事実が構築されます。笑いとは、テキストそのものの面白さ以上に、人々がその場で協働して成し遂げる極めて社会的な実践作業であることが解明されています。,なぞかけの真骨頂は、紙に書かれたテキストの面白さではなく、現場における「笑いの達成」に向けた相互行為（インタラクション）にあります。演者が「?と解く」と言ってから「その心は」と言うまでの絶妙な「間（ポーズ）」、そしてオチを言い放つ際のリズムと声の張りは、会話分析で言うところの計算し尽くされた「笑いへの招待」です。観客はただ受動的に聞いているのではなく、そのリズムに合わせて自らの認知をチューニングし、オチと同時に「なるほど！」という感嘆や拍手（同調の笑いによる受諾）を正確なタイミングで返すことで、演者と共に「なぞかけの成功」という状況をリアルタイムで達成（共同制作）しているのです。なぞかけの現場は、会話分析における「相互行為の芸術」の極致と言えます。,論文「笑いへの招待と、その受諾・辞退に関する技法」（A Technique for Inviting Laughter and Its Subsequent Acceptance Declination）に基づく会話分析と相互行為的研究,1979年,Gail Jefferson（ゲイル・ジェファーソン / 米国の社会学者・会話分析家）、Harvey Sacks（ハーヴェイ・サックス / 米国の社会学者）
大分類 II：社会科学（Social Sciences）,,第12章 社会学・相互行為論（Sociology and Interactionism）,12.4,役割距離の表現としてのユーモアと社会規範からの脱却,社会学者アーヴィング・ゴフマンは、人間が社会から期待される公式な役割（例えば「厳格な教師」や「真面目な上司」）に完全に埋没せず、そこから意図的に少しだけ距離を置く振る舞いを「役割距離（Role Distance）」と呼びました。ユーモアや皮肉、自虐的な言葉遊びは、この役割距離を示すための最も有効な手段の一つです。人は、あえて場違いな冗談を言ったり、自らの立場を茶化したりすることで、「私はこの堅苦しい役割に縛られただけの人間ではなく、柔軟で自律した個人である」ということを周囲にアピールします。言葉遊びは、個人を拘束する社会規範やステータスから一時的に脱却し、自我の独立性と人間的魅力を保つための、相互行為的な安全弁として機能していることが分かっています。,結婚式のスピーチや企業の宴会など、極めてフォーマルな（厳格な役割演技が求められる）場で「なぞかけ」が好んで披露されるのは、これが極めて安全かつ知的な「役割距離」の提示装置だからです。普段は厳格な立場の人間が「〇〇とかけて?」となぞかけを披露するとき、その人は一時的に社会的地位を降りて「言葉の道化」を演じます。この振る舞いにより、権威や肩書きに固執しない親しみやすさと余裕をアピールできます。なぞかけは、その定型化された知的なフォーマットゆえに、決して下品にならず社会的な品性を保ったまま、見事に「公式な役割からの脱却（隙を見せること）」と「人間的魅力の開示」を両立させるコミュニケーション・ツールとして機能するのです。,著書『出会い』（Encounters: Two Studies in the Sociology of Interaction）所収の論文「役割距離」における役割演技に関する微視的社会学の考察,1961年,Erving Goffman（アーヴィング・ゴフマン / 米国の社会学者）
大分類 II：社会科学（Social Sciences）,,第12章 社会学・相互行為論（Sociology and Interactionism）,12.5,集団内の同調圧力と「スベる」ことへの社会的制裁の恐怖,微視的社会学において、「笑い」を仕掛ける行為は、その場のコミュニケーションの支配権を要求する極めてハイリスクな賭け（リスクテイキング）として分析されます。社会学者トーマス・シェフが指摘するように、人間は他者との社会的絆が損なわれること（恥＝Shame）を根源的に恐れます。冗談を言って誰も笑わない、いわゆる「スベる（滑る）」という状態は、集団の期待を裏切り、共有された現実（状況の定義）を崩壊させる「相互行為の重大な事故」に他なりません。このとき、発話者は「場が読めない人間」として、アーヴィング・ゴフマンが言うところの社会的な「フェイス（面子）」を喪失するという激しい制裁を受けます。この「スベる恐怖」と「その場に合わせて笑わなければならないという同調圧力」が、人々のコミュニケーションを強く統制し、集団内の規範と秩序を維持する隠れた権力として働いていることが解明されています。,なぞかけは、「整いました」と宣言した瞬間から、その場のすべての視線と沈黙を一身に集めるため、「スベる」ことの恐怖が極大化する言葉遊びです。「お題」から「解き」、そして「その心」へと至るまでの間、演者は会話の主導権を完全に独占します。もしそのオチが論理的に破綻していたり、共感を得られなかったりした場合、その気まずさ（社会的制裁の重さ）は通常のダジャレの比ではありません。なぞかけは、この「失敗すればフェイスを完全に喪失する」という極限の相互行為的サスペンスを意図的に作り出し、オチが見事に決まった瞬間の安堵感と爆笑によって、その強烈な緊張を一気に解放するという、極めてスリリングな社会的ギャンブルなのです。,"著書『微視的社会学』（Microsociology: Discourse, Emotion, and Social Structure）における「恥（Shame）」と社会的絆の感情社会学、および論文「フェイス・ワークについて」（On Face-Work）における自己呈示の理論",1990年（シェフ）、1955年（ゴフマン）,Thomas Scheff（トーマス・シェフ / 米国の社会学者）、Erving Goffman（アーヴィング・ゴフマン / 米国の社会学者）
大分類 II：社会科学（Social Sciences）,,第12章 社会学・相互行為論（Sociology and Interactionism）,12.6,「笑いの共有」を通じた内集団の結束強化と外集団の排除,社会学者マイケル・ビリグは、笑いがもたらす「平和的でポジティブな側面」だけでなく、その裏側にある「排他性と権力作用」を厳しく指摘しています。「私たち」が同じジョークで即座に笑い合えるということは、社会学者ゲイリー・アラン・ファインの言う、同じ価値観や偏見、暗黙のルール（小集団文化＝Idioculture）を共有しているという強固な「内集団（イングループ）」の証明です。しかし、この連帯感はしばしば、「そのジョークの文脈がわからない外部の人間」、あるいは「ジョークの標的（笑われる対象）にされた人間」という「外集団（アウトグループ）」を冷酷に排除・疎外することによってのみ成立します。ユーモアを通じた笑いの共有は、集団の境界線をくっきりと引き直し、異質性を排除して内部の同調を強制する、高度に政治的で社会統制的なメカニズムであることが明らかになっています。,なぞかけは、その構造上「ハイコンテクスト（高度な文脈の共有）」を要求するため、内集団の結束と外集団の排除という社会統制的機能を強烈に発揮するポテンシャルを持っています。例えば、特定の職場や業界の宴会で、その業界独自の隠語や、特定の権力者・嫌われ者を「お題」や「その心」に組み込んだなぞかけが披露されたとします。このとき起きる爆笑は、「この高度な内輪ネタを瞬時に理解できる私たちは強固な仲間だ」という同調のサインであると同時に、「これが分からない外部の人間」や「お題にされた対象」をコミュニケーションの輪から無意識のうちに締め出す暴力的な行為に他なりません。なぞかけは、知的な言葉のパズルを装いながら、瞬時にその場の「身内」と「よそ者」を峻別する、極めて鋭利な「社会的な踏み絵」としても機能し得るのです。,著書『笑いと嘲笑』（Laughter and Ridicule: Towards a Social Critique of Humour）におけるユーモアの批判的社会学、および論文「小集団文化」（Small Groups and Culture Creation: The Idioculture of Little League Baseball Teams）に基づく文化創造の研究,2005年（ビリグ）、1979年（ファイン）,Michael Billig（マイケル・ビリグ / 英国の社会科学者）、Gary Alan Fine（ゲイリー・アラン・ファイン / 米国の社会学者）
大分類 II：社会科学（Social Sciences）,,第12章 社会学・相互行為論（Sociology and Interactionism）,12.7,権力関係を可視化・転覆させるジョークの力学（上司と部下）,医療社会学者ローズ・ラウブ・コーザーによる組織内のユーモア研究によれば、職場や階層社会におけるジョークは、単なる息抜きではなく、目に見えない「権力関係（ヒエラルキー）」を巧みに操作・交渉する相互行為です。通常、部下が上司を直接的に批判することはタブーですが、「冗談というフレーム」で包むことによって、処罰を回避しながら権力に対する不満を表明し、一時的に立場を逆転（転覆）させることができます。一方で、上司が部下をいじるジョークは、親しみやすさを装いながらも、自らの優位性や暗黙の権力を再確認させる機能を持っています。ジョークは、組織内の緊張を和らげる安全弁であると同時に、誰が誰を笑い者にできるかという「権力の非対称性」を残酷なほど明確に可視化するバロメーターであることが解明されています。,職場の宴会などで、部下が上司を題材にして「なぞかけ」を披露する行為は、この「権力の安全な転覆」の典型例です。「〇〇部長の頭頂部とかけて?」といった、日常業務では絶対に行えない無礼な発言も、なぞかけという「伝統的で知的な芸のフォーマット」に則っていれば、「お座敷の余興」として一時的に無罪化されます。なぞかけの厳格な定型リズムと「同音異義語の発見」という知的な感心が強固なクッションとなり、権力者に対する直接的な攻撃性を中和するのです。なぞかけは、下位者が上位者に対して放つことを許された、極めて洗練された言語的ジャブ（抵抗の武器）として機能します。,論文「同僚間の笑い：精神科病院のスタッフにおけるユーモアの研究」（Laughter among Colleagues: A Study of the Social Functions of Humor among the Staff of a Mental Hospital）に基づく組織階層とユーモアの分析,1960年,Rose Laub Coser（ローズ・ラウブ・コーザー / 米国の医療社会学者）
大分類 II：社会科学（Social Sciences）,,第12章 社会学・相互行為論（Sociology and Interactionism）,12.8,現代社会におけるポリティカル・コレクトネスがユーモアに与える制約,文化社会学者ジセリンデ・クイパースは、社会における「笑いの境界線（Boundary-work）」がどのように引き直されるかを研究しています。現代社会において急速に浸透したポリティカル・コレクトネス（政治的妥当性）は、「特定のマイノリティや弱者を属性（ジェンダー、人種、容姿など）で笑うことは、構造的差別の再生産である」という新たな規範を確立しました。これにより、かつては「誰もが笑える無害なステレオタイプ」として共有されていたジョークが、明確な「加害行為（マイクロアグレッション）」として社会的に制裁されるようになりました。ユーモアの社会学において、PC（ポリコレ）の台頭は単なる「表現の規制」ではなく、社会が「何を共有された常識（コモングラウンド）とするか」という道徳的価値観の激しい交渉・アップデートの過程として捉えられています。,なぞかけは「お題」と「オチ」を繋ぐために、演者と観客が共有する「常識（あるある）」や「ステレオタイプ」に強く依存する構造を持っています。そのため、ポリティカル・コレクトネスによる「笑いの境界線の変動」の直撃を受けやすいジャンルです。かつての演芸において「嫁姑問題」や「容姿いじり」は、観客全員が瞬時に理解できる強力な「掛詞の接着剤」でした。しかし現代において、それらに依存したなぞかけは「古い差別構造の露呈」として機能不全に陥ります。現代のなぞかけ演者は、誰も傷つけない新しい「共通の文脈」を探し出し、より高度な言語的飛躍を見つけ出さなければならないという、かつてない社会学的制約と進化のプレッシャーの只中に置かれているのです。,"著書『良きユーモア、悪しき趣味』（Good Humor, Bad Taste: A Sociology of the Joke）における、ユーモアの境界線（Boundary-work）と趣味・道徳の社会学的研究",2006年,Giselinde Kuipers（ジセリンデ・クイパース / オランダの文化社会学者）
大分類 II：社会科学（Social Sciences）,,第12章 社会学・相互行為論（Sociology and Interactionism）,12.9,マージナル・マン（境界人）の役割と革新的なユーモアの発信,社会学者ロバート・E・パークが提唱し、ゲオルク・ジンメルが「異邦人（よそ者）」として論じた「マージナル・マン（境界人）」の概念は、革新的なユーモアの発生メカニズムを鋭く説明します。移民や社会的マイノリティなど、二つの異なる文化や階層の境界に立つ人々は、主流派社会の「当たり前（常識）」を内側から理解しつつも、外側からの客観的な視点も併せ持っています。この「二重の視点（認知のズレ）」を持つがゆえに、境界人は主流派社会の矛盾や言語の多義性を鋭く見抜き、革新的なユーモアや強烈な風刺を生み出す才能を発揮します。歴史上、最も高度な言葉遊びや笑いは、常に社会の中心（主流派）からではなく、「周縁（マージナル）」から発生することが社会学的に実証されています。,なぞかけを生み出す認知プロセスは、演者が一時的に「言葉のマージナル・マン」になることを要求します。ひとつの単語に対して、日常の固定化された意味（主流の解釈）にどっぷり浸かっている状態では、決して見事な「掛詞」は閃きません。演者は言葉をその意味の文脈から強制的に引き剥がし、「単なる音声」として客観視する異邦人の視点に立つ必要があります。古くから寄席芸人や落語家たちが、社会の周縁（アウトサイダー）に位置しながらも、大衆から知的な喝采を浴びてきたのは、彼らが「言葉や社会の常識を外側から俯瞰し、自由に結びつける」というマージナルな視点を持った、高度な言語の異邦人だったからです。,著書『社会学』（Soziologie）における「異邦人へのエクスカーション」、および論文「人間の移動とマージナル・マン」（Human Migration and the Marginal Man）に基づく境界人の社会学,1908年（ジンメル）、1928年（パーク）,Georg Simmel（ゲオルク・ジンメル / ドイツの社会学者）、Robert E. Park（ロバート・E・パーク / 米国の都市社会学者）
大分類 II：社会科学（Social Sciences）,,第12章 社会学・相互行為論（Sociology and Interactionism）,12.10,大衆文化としての「お笑い」の消費社会学とマクドナルド化,社会学者ジョージ・リッツァは、現代社会のあらゆるシステムがファストフード店のように「効率性・計算可能性・予測可能性・制御」の4つの原理に支配されていく過程を「マクドナルド化（McDonaldization）」と呼びました。この社会の合理化理論を大衆文化としての「お笑い（テレビやSNSのコメディ）」に適用すると、現代の笑いがいかに合理的に大量消費されているかが分かります。複雑な伏線や長い時間を要する物語性の高い笑いは排除され、「数秒で理解できる分かりやすさ（効率性）」「タイムラインで消費しやすい短さ（計算可能性）」「お決まりのフォーマット（予測可能性）」が極度に追求されています。相互行為の産物であったはずのナマの笑いは、現代のメディア環境において、規格化されたファストフードのようなコンテンツへと変容しているのです。,現代のデジタルメディア（特にTikTokやYouTubeショートなどの短尺動画、あるいはバラエティ番組のひな壇）において、「なぞかけ」は最も「マクドナルド化」に適合した笑いのフォーマットとして重宝されています。「〇〇とかけて〇〇と解く。その心は〇〇」という強固な定型は、視聴者に「これから何秒後にオチが来るか」という完璧な「予測可能性」を与えます。また、背景知識の丁寧な説明を省き、掛詞の提示だけで完結するため、切り抜き動画としても極めて「効率的」で「計算可能」です。本来、寄席というナマの相互行為の中でじっくり醸成されていた伝統芸としてのなぞかけは、その洗練されたモジュール性（規格化）ゆえに、現代の「タイパ（タイムパフォーマンス）を重視する消費社会」において、最も手軽に大量消費されるファストな知的コンテンツとして最適化されているのです。,著書『マクドナルド化する社会』（The McDonaldization of Society）における合理化の4原理（効率性・計算可能性・予測可能性・制御）と消費社会の分析,1993年,George Ritzer（ジョージ・リッツァ / 米国の社会学者）
大分類 II：社会科学（Social Sciences）,,第12章 社会学・相互行為論（Sociology and Interactionism）,12.11,サブカルチャー集団における隠語的ユーモアを通じたアイデンティティ形成,社会学者ハワード・S・ベッカーは、ジャズ・ミュージシャンなどの「サブカルチャー（下位文化）」集団の研究において、彼らが主流派社会（スクエア＝堅物）から自らを区別し、独自のアイデンティティを築くプロセスを分析しました。オタク、ゲーマー、アンダーグラウンドの音楽シーンなどのサブカルチャー集団は、外部の人間には全く意味が通じない「隠語（スラング）」や「内輪のジョーク」を高度に発達させます。この隠語的ユーモアは、主流派の価値観を笑い飛ばす（抵抗する）手段であると同時に、「この高度な言葉遊びの意味が分かる者だけが本物の仲間（インサイダー）である」という強固なバウンダリー（境界線）を引き、周縁化された集団内部の結束と同族意識を維持・強化するための不可欠な社会装置として機能していることが解明されています。,なぞかけは、使用する語彙（お題や掛詞）を特定のサブカルチャーの文脈に限定することで、極めて強力な「アイデンティティの踏み絵（シボレス）」へと変貌します。例えば、特定のオンラインゲームのプレイヤー同士でしか通じない専門用語を用いてなぞかけを作った場合、そのオチで瞬時に笑えることは「そのゲームのディープな世界観や苦労（あるある）を深く共有している本物のインサイダーである」ことの証明になります。このときなぞかけの構造は、一般的な言葉のパズルという枠を超え、サブカルチャー集団が自らのマニアックな知識量を競い合い、互いの「所属」を確認し合うための、洗練された言語的イニシエーション（加入儀礼）のツールとして機能するのです。,著書『アウトサイダーズ』（Outsiders: Studies in the Sociology of Deviance）におけるラベリング理論およびサブカルチャー集団の隠語と規範の研究,1963年,Howard S. Becker（ハワード・S・ベッカー / 米国の社会学者）
大分類 II：社会科学（Social Sciences）,,第12章 社会学・相互行為論（Sociology and Interactionism）,12.12,リスク社会における不確実性への防衛機制としてのブラックジョーク,社会学者ウルリヒ・ベックは、現代を、環境破壊やパンデミックなど、予測不能で不可視な脅威に覆われた「リスク社会」であると定義しました。このような実存的な不安（不確実性）に直面したとき、社会にはしばしば不謹慎な「ブラックジョーク（ギャロウズ・ユーモア＝絞首台の笑い）」が蔓延します。ユーモアの社会学者クリスティ・デイヴィスによる災害ジョーク（Disaster Jokes）の分析が示すように、悲惨な事件や恐怖の対象をあえて笑いのめす行為は、単なる悪意ではありません。それは、自分たちではコントロールできない巨大な恐怖や社会のタブーに対して、言語のレベルで「意味の枠組み」を強制的にはめ込み、対象を矮小化して心理的な優位に立つことでパニックを防ごうとする、大衆の集団的な防衛機制（コーピング・メカニズム）であることが解明されています。,社会を揺るがすスキャンダルや重大な時事問題が起きた際、SNSなどですぐさまそれを題材にした「なぞかけ」が投稿される現象は、リスク社会における大衆の防衛機制の典型的な発露です。生々しい不安や怒りの対象（お題）に対して、「掛詞」という極めて知的で冷徹な論理操作を行うことで、その事象は生々しさを奪われ、単なる「言葉のパズルのピース」へと抽象化（無害化）されます。なぞかけは、そのままでは直視するのが辛い現実社会の不条理を、定型化された知的なフォーマットに押し込むことで、安全に消費できる「笑い」へと変換し、社会全体の心理的ストレスを中和するための強靭な消化酵素として機能しているのです。,著書『リスク社会』（Risikogesellschaft）における近代の不安の構造分析、および著書『ジョークと標的』（Jokes and Targets）における災害と不謹慎ジョーク（Sick jokes）の社会学的研究,1986年（ベック）、2001年（デイヴィス）,Ulrich Beck（ウルリヒ・ベック / ドイツの社会学者）、Christie Davies（クリスティ・デイヴィス / 英国のユーモア社会学者）
大分類 II：社会科学（Social Sciences）,,第12章 社会学・相互行為論（Sociology and Interactionism）,12.13,都市生活の匿名空間におけるグラフィティや看板のダジャレ,社会学者ゲオルク・ジンメルが指摘したように、過密な大都市（メトロポリス）に生きる人々は、過剰な刺激から心を守るために他者へ無関心になる「ブラゼ（Blas?）的態度」を身につけ、都市空間は冷たい匿名の海となります。しかし、思想家ミシェル・ド・セルトーの「日常的実践」の理論から見ると、街角の看板に書かれたクスリと笑えるダジャレ（例：美容室や居酒屋の奇抜なネーミング）や、巧妙な言葉遊びを含んだグラフィティ（落書き）は、この合理化され無機質になった都市の権力空間に対する「戦術的（タクティクス）な抵抗」です。見知らぬ通行人に対して突如として仕掛けられる言葉遊びは、都市の強固な匿名性を一瞬だけ破り、見知らぬ他者との間に「クスリと笑いを共有する」という人間的な温度（コミュニケーションの回路）を回復させる、微視的なゲリラ活動として機能しているのです。,寄席や劇場といった制度化された空間を飛び出し、路上ライブや地域の商店街イベントなどで見知らぬ群衆に向けて放たれる「なぞかけ」は、都市空間におけるダジャレ看板と同じ「匿名性の打破（戦術的介入）」の機能を持っています。互いに何の関係もない通行人たちが、演者の放つ「〇〇とかけて?」という声に足を止め、見事なオチを聞いて同時に笑い声を上げた瞬間、その冷たい路上は一時的な「共同体のトポス（温かい場所）」へと変貌します。なぞかけが生み出す即興的な笑いは、バラバラの目的で歩いている見知らぬ都市の住人たちを、ほんの数秒間だけ「同じ知的な快楽を共有した仲間」へと結びつける、都市社会学的な魔法の空間創造ツールなのです。,著書『大都市と精神生活』（Die Gro?st?dte und das Geistesleben）におけるブラゼ的態度の概念、および著書『日常的実践のポイエーシス』（L'Invention du Quotidien）における都市空間と「戦術（タクティクス）」の研究,1903年（ジンメル）、1980年（セルトー）,Georg Simmel（ゲオルク・ジンメル / ドイツの社会学者）、Michel de Certeau（ミシェル・ド・セルトー / フランスの思想家・歴史学者）
大分類 II：社会科学（Social Sciences）,,第12章 社会学・相互行為論（Sociology and Interactionism）,12.14,表舞台（フロントステージ）と裏舞台（バックステージ）のユーモアの使い分け,社会学者アーヴィング・ゴフマンは、人々の社会的相互行為を演劇になぞらえる「演劇論的アプローチ（Dramaturgical approach）」を提唱しました。人間は、他者の視線がある「表舞台（フロントステージ）」では、社会規範に沿った礼儀正しく真面目な役割を演じます。しかし、観客がいない内輪の空間「裏舞台（バックステージ）」に戻ると、緊張を解き、表舞台では許されない下品なジョーク、皮肉、体制への愚痴といったブラックな言葉遊びを展開します。社会学的な観察によれば、裏舞台におけるタブーを含んだユーモアの共有は、表舞台で厳格な役割を演じ続けることの精神的疲労（感情労働のストレス）を癒やし、共演者（同僚や仲間）との連帯感を回復させるための、不可欠な相互行為的メンテナンス作業であることが分かっています。,なぞかけは、本来「裏舞台（バックステージ）」でしか言えないような皮肉や本音を、「表舞台（フロントステージ）」の強烈な光の中に持ち出すための極めて精巧な密輸装置です。テレビ番組や寄席といった完全に公的な表舞台において、演者は社会の不条理や人間の欲望といったバックステージ的な本音を「お題」の中に忍ばせます。しかし、それを「掛詞」という極めて知的で伝統的な「フロントステージ用のフォーマット」で包み込むことによって、観客は社会規範を破ることなく、裏舞台の毒を安全に笑い飛ばすことができます。なぞかけとは、表舞台の礼儀正しい顔をしたまま、裏舞台の背徳的な快楽を味わうことを可能にする、相互行為上のマジックなのです。,著書『行為と演技：日常世界における自己呈示』（The Presentation of Self in Everyday Life）におけるフロント領域とバック領域のドラマツルギー的分析,1959年,Erving Goffman（アーヴィング・ゴフマン / 米国の社会学者）
大分類 II：社会科学（Social Sciences）,,第12章 社会学・相互行為論（Sociology and Interactionism）,12.15,ゴシップのネットワーク波及における「面白おかしい比喩」の拡散力,社会人類学者マックス・グラックマンによる「ゴシップの社会学」によれば、他人の噂話（ゴシップ）は単なる悪意の垂れ流しではなく、集団内の道徳的規範を確認し、逸脱者を牽制して共同体を維持するための重要な情報ネットワークです。そして、ゴシップが社会ネットワークを連鎖的に波及していく際、その情報に「面白おかしい比喩」や「気の利いた言葉遊び」が付加されていると、拡散力（バイラル性）が爆発的に高まることが分かっています。優れたダジャレやアイロニーは、他者のスキャンダルを消費する際の「下世話な罪悪感」を巧妙に隠蔽します。人々は「単なる悪口を広めている」のではなく、「この巧みな表現（作品）を誰かに伝えたい」という知的な共有欲求を言い訳にすることで、道徳的抵抗感なくゴシップの運び屋（ノード）へと変貌するのです。,なぞかけは、この「ゴシップのウイルス的拡散」を芸として洗練させたものです。時事問題や有名人のスキャンダルといった最新のゴシップが「お題」に選ばれると、観客の関心は一気に高まります。そこに演者が「掛詞」を用いた見事なオチをつけると、生々しいゴシップは「知的なジョークのパッケージ」へと変換されます。このパッケージ化により、観客は「あいつはひどい奴だ」という直接的な非難の代わりに、「あのなぞかけは上手い」という形でスキャンダルを安全に反芻し、翌日には会社や学校でそのなぞかけを他者に披露（拡散）します。なぞかけは、社会の生々しいゴシップを無毒化しつつ、最も人づてに伝播しやすい形へと最適化する情報加工の装置なのです。,論文「ゴシップとスキャンダル」（Gossip and Scandal）におけるゴシップの共同体維持機能と情報伝播の社会人類学的研究,1963年,Max Gluckman（マックス・グラックマン / 英国の社会人類学者）
大分類 II：社会科学（Social Sciences）,,第12章 社会学・相互行為論（Sociology and Interactionism）,12.16,高齢者コミュニティにおける社会的紐帯の維持機能としての言葉遊び,老年社会学（Gerontology）における「活動理論（Activity Theory）」やロバート・アッチリーの「継続理論（Continuity Theory）」によれば、高齢期における退職や配偶者との死別といった「社会的役割の喪失」は、孤立や認知機能の低下を招く重大なリスクです。老人クラブやデイサービスなどの高齢者コミュニティにおいて、「言葉遊び」や「冗談の応酬」は、この喪失感を補い、対等な関係での社会的紐帯（ソーシャル・キャピタル）を再構築する極めて重要な機能を持っています。高度な言葉遊びは、身体能力の衰えに左右されず、過去の豊富な人生経験や古い語彙をリソース（資源）として継続的に活用できるため、高齢者の「発話権」と「自尊心」を回復させます。ユーモアを通じた相互行為は、集団内での自分の居場所を確認し、精神的な若々しさを保つための強力なソーシャル・サポートとして機能していることが実証されています。,なぞかけは、高齢者にとって「自らが人生で蓄積してきた文化資本（語彙力、歴史、昭和の流行語、古い慣用句）」を最大の武器にできる、極めて親和性の高い知的ゲームです。若者が知らないような古い言葉が「掛詞」として見事に機能した瞬間、高齢者は自らの生きてきた時代の知識が「笑い」という形で他者に承認される強烈な喜び（自己肯定感）を得ます。高齢者が集う場でのなぞかけの披露や鑑賞は、単なる脳トレ（認知機能の維持）にとどまらず、「私たちは同じ時代を生きた、同じ言葉の背景を持つ仲間である」という共感のネットワークを温め直し、孤立を防ぐための極めて実践的な社会学的ケアの場として機能しているのです。,論文「成功する老化」（Successful Aging）における活動理論（Activity Theory）の提唱、および論文「正常な老化の継続理論」（A Continuity Theory of Normal Aging）に基づく老年社会学的研究,1961年（ハヴィガースト）、1989年（アッチリー）,Robert J. Havighurst（ロバート・ハヴィガースト / 発達心理学者・教育学者）、Robert C. Atchley（ロバート・アッチリー / 米国の社会老年学者）
大分類 II：社会科学（Social Sciences）,,第12章 社会学・相互行為論（Sociology and Interactionism）,12.17,ネット炎上と「不謹慎狩り」に見る現代社会のユーモア不寛容性,情報社会学者ダナ・ボイドが提唱した「コンテキストの崩壊（Context Collapse）」という概念は、現代のSNSにおけるユーモアの炎上メカニズムを鋭く説明します。かつてジョークは、特定の場所、特定の人間関係（内輪）という「閉じた文脈」の中で安全に消費されていました。しかしSNSは、その言葉を文脈から乱暴に引き剥がし、属性も価値観も全く異なる不特定多数のオーディエンス（見知らぬ他者）へと一瞬にして拡散させます。その結果、ある集団にとっては無害な言葉遊びが、別の集団にとっては許しがたい侮辱として受け取られ、社会学者スタンレー・コーエンが言うところの「モラル・パニック（道徳的恐慌）」を引き起こします。現代の不謹慎狩りは、人々が個人的に寛容さを失ったという道徳問題というより、メディア環境の変化によって「笑いを成立させていた文脈の壁」が物理的に消滅したことによる、構造的な相互行為の衝突現象であることが分かっています。,なぞかけは、お題とオチを結びつけるために「共有された暗黙の了解（ステレオタイプや偏見を含む）」を必須の接着剤とするため、コンテキスト崩壊の被害を最もダイレクトに受けやすい言語表現です。寄席という「閉じた文脈（演芸のフレーム）」の中であれば大爆笑を生むブラックななぞかけも、それが文字起こしされてX（旧Twitter）などのタイムラインに放り込まれた瞬間、文脈を共有しない人々からの「不謹慎だ」という怒りの対象に変わります。現代においてなぞかけを公に発信することは、「誰が読んでも絶対に怒らない、安全で無菌化された普遍的な共通認識」をミリ単位で探り当てるという、極めて綱渡り的な社会学的リスク・マネジメントを演者に要求しているのです。,論文「文脈の剥奪：ネットワーク化された公衆における米国の若者の社交性」（Taken Out of Context: American Teen Sociality in Networked Publics）におけるコンテキスト崩壊の分析、および著書『フォーク・デビルとモラル・パニック』（Folk Devils and Moral Panics）における社会的恐慌の研究,2008年（ボイドの論文）、1972年（コーエンの著作）,danah boyd（ダナ・ボイド / 米国の情報社会学者）、Stanley Cohen（スタンレー・コーエン / 英国の社会学者）
大分類 II：社会科学（Social Sciences）,,第12章 社会学・相互行為論（Sociology and Interactionism）,12.18,犯罪や逸脱行動における隠語化とアンダーグラウンドの結束,ゲオルク・ジンメルによる「秘密の社会学」や、エドウィン・サザーランドの「分化的接触理論」によれば、犯罪組織や反社会的集団（アンダーグラウンド）が独自の隠語やスラング（言葉遊び）を発達させるのには明確な理由があります。一つは、警察などの公権力（外部）から情報通信を隠蔽する「暗号的防衛機能」です。もう一つは、法規範から逸脱しているという不安を打ち消し、「秘密の言語を共有する特別な仲間である」という強烈な連帯感とエリート意識を生み出す「心理的統合機能」です。さらに、犯罪社会学者G.サイクスとD.マッツァが指摘するように、逸脱集団においては、法に触れる生々しい犯罪行為（窃盗や薬物売買など）をあえて滑稽なダジャレや隠語で言い換えることで、行為の深刻さを中和し、罪悪感を麻痺させる（中和の技術）という高度な相互行為のメカニズムが働いていることが解明されています。,アンダーグラウンドにおける隠語のメカニズムは、なぞかけの「掛詞（意味の二重性）」の構造を犯罪社会学的に悪用したものと言えます。例えば、特殊詐欺のグループや違法薬物の売人が、日常的な単語（お題）を用いて、全く別の非合法な意味（裏のオチ）をやり取りする行為は、本質的に「警察には解けない命がけのなぞかけ」を行っているのと同じです。「その心は」を知っている内部の人間だけが意味を解読でき、外部の人間には単なる無意味な世間話にしか聞こえないという構造は、なぞかけが本来持っている「意味の二重性」が、社会の秩序と監視の目をすり抜けるための強力な暗号技術として機能し得ることを証明しています。,著書『社会学』における「秘密と秘密の結社」、および「分化的接触理論（Differential Association Theory）」や論文「中和の技術」（Techniques of Neutralization: A Theory of Delinquency）に関する犯罪社会学的研究,1908年（ジンメル）、1939年（サザーランド）、1957年（サイクス＆マッツァ）,Georg Simmel（ゲオルク・ジンメル / ドイツの社会学者）、Edwin Sutherland（エドウィン・サザーランド / 米国の犯罪社会学者）、Gresham Sykes & David Matza（G.サイクス＆D.マッツァ / 米国の犯罪社会学者）
大分類 II：社会科学（Social Sciences）,,第12章 社会学・相互行為論（Sociology and Interactionism）,12.19,ジンメルの「社交の形式」としての言葉遊びと無目的性,社会学者ゲオルク・ジンメルは、人々の相互作用から「実利的な目的」や「深刻な利害関係」をすっかり抜き取り、純粋に「人と関わり合うこと自体」を楽しむ活動を「社交（Geselligkeit）」と名付けました。ジンメルによれば、現実社会の富や身分、職業的な上下関係は、優れた社交の場においては一時的に放棄されなければなりません。そこでは、知的な会話、機知に富んだジョーク、そして言葉遊びが主役となります。言葉遊びは、何かを生産するためでも、相手を論破するためでもなく、ただ「見事な会話のキャッチボールを成立させるため」だけに存在します。ユーモアや言葉遊びは、現実の重苦しい階層社会から人々を解放し、完全な平等と形式的な美しさに基づく「純粋な相互行為の遊園地」を作り出すための、最も純度の高い「社交の形式」であることが解明されています。,なぞかけは、ジンメルの言う「純粋な社交」を演芸として結晶化させたものです。「AとかけてBと解く」という行為には、世界を救う力も、経済を回す力もありません。徹頭徹尾、実利的には「無目的」です。しかし、無目的であるがゆえに尊いのです。演者が見事なオチを提示し、観客が感心して笑うその瞬間、そこには日常の利害関係や身分の差を忘れた、純粋な「知性の一体感」だけが立ち現れます。なぞかけは、実用性と生産性（タイパやコスパ）ばかりが求められる現代社会において、人間が「ただ言葉の響きと論理の美しさのためだけに集い、笑い合う」という、極めて豊かで民主的な社交空間を担保する貴重なシェルターなのです。,論文「社交の社会学（Soziologie der Geselligkeit）」における、遊びの形式と純粋な相互作用に関する理論的研究,1910年,Georg Simmel（ゲオルク・ジンメル / ドイツの社会学者・哲学者）
大分類 II：社会科学（Social Sciences）,,第12章 社会学・相互行為論（Sociology and Interactionism）,12.20,社会運動（デモ活動）におけるスローガンと言葉遊びの動員効果,社会学者デヴィッド・A・スノウらが提唱した「フレーミング理論」やチャールズ・ティリーの「抗議のレパートリー」に関する社会運動論の研究によれば、デモ行進や抗議集会において用いられるスローガン（シュプレヒコール）は、単なる要求の羅列ではありません。大衆を効果的に動員し、運動の熱量を高めるためには、複雑な政治的・社会的問題を、誰にでも分かりやすく、かつ感情を揺さぶる「短いキャッチフレーズ」に変換（フレーミング）する必要があります。このとき、韻を踏む、語呂合わせをする、権力者の発言を皮肉るといった「言葉遊び」が強力な武器となります。リズミカルな言葉遊びは、群衆の足並みを揃えさせ（同期行動）、怒りや不満といったネガティブな感情を「連帯の熱狂（集合的沸騰）」へと変換し、運動のメッセージをメディアを通じて外部へ波及させるための極めて実用的な「動員テクノロジー」として機能していることが実証されています。,なぞかけの論理構造は、社会運動における「秀逸なプラカード（スローガン）」の設計図と重なります。なぞかけは、「一見関係ない二つの事象（現状の問題点と、目指すべき理想など）」を並べ、その背後にある「権力の矛盾や本質」を掛詞によって鋭く突き（その心は）、一言で腑に落ちるように言語化する技術だからです。実際に、歴史上の風刺画やデモのプラカードには、なぞかけ的な対句表現や皮肉（アイロニー）が頻繁に用いられます。なぞかけが持つ「複雑な事象を、短い言葉の衝突によって鮮やかに意味づける機能」は、大衆の認知を揺さぶり、社会問題への気づきを促すための、極めて実践的でポリティカルな社会運動のツールとしてのポテンシャルを秘めているのです。,"論文「フレーム調整過程、ミクロ動員、および運動への参加」（Frame Alignment Processes, Micromobilization, and Movement Participation）、および著書『社会運動の歴史』（Social Movements, 1768-2004）における抗議のレパートリーの研究",1986年（スノウの論文）、2004年（ティリーの著作）,David A. Snow（デヴィッド・A・スノウ / 米国の社会学者）、Charles Tilly（チャールズ・ティリー / 米国の歴史社会学者）
大分類 II：社会科学（Social Sciences）,,第13章 メディア論・ジャーナリズム（Media Studies and Journalism）,13.1,テレビの大喜利番組フォーマット分析と社会現象化,メディア環境学者ニール・ポストマンが名著『娯楽至上主義』で指摘したように、テレビというメディアは「政治や宗教を含むすべての社会的言説を、娯楽（エンターテインメント）のフォーマットへと還元・変換する」という強力な性質を持っています。演芸場（寄席）で行われていた言語遊戯は、テレビの大喜利番組に移植される際、テレビ特有の「視覚的・時間的フォーマット」に合わせて徹底的に再構築されました。「フリップ（回答ボード）」による視覚的なタメ、シンキングタイムのBGM、ブザー音、そして観客の「笑い声（ラフ・トラック）」の挿入。これらのメディア的演出は、言葉遊びを単なる「耳で聞く知的な会話」から、数百万人単位の視聴者が同時に緊張と緩和を共有できる「視覚的でダイナミックなスペクタクル」へと変容させ、大喜利を社会現象化させる最大の駆動力となったことが分かっています。,なぞかけの「〇〇とかけて〇〇と解く。その心は」という三段構成は、テレビの「フリップをめくる（オチを発表する）」という視覚的アクションと奇跡的なまでにシンクロするフォーマットでした。テレビカメラは、演者が「その心は」と言う直前の表情にズームインし、効果音と共にオチが発表されるという「演出のパッケージ」を作り上げました。本来、寄席という親密な空間で、客の反応を見ながら自在に間合いを測っていた相互行為としてのなぞかけは、テレビというメディアの要請によって「数秒間のフリップ芸（視覚的モジュール）」として規格化され、その結果、寄席に足を運ばない大衆にも爆発的に認知される「最強のテレビ演芸」へと進化したのです。,著書『娯楽至上主義』（Amusing Ourselves to Death: Public Discourse in the Age of Show Business）におけるテレビメディアの形式（フォーマット）と大衆文化の変容に関する研究,1985年,Neil Postman（ニール・ポストマン / 米国のメディア環境学者）
大分類 II：社会科学（Social Sciences）,,第13章 メディア論・ジャーナリズム（Media Studies and Journalism）,13.2,SNS時代におけるミームとしての言葉遊びの拡散力学とアテンション・エコノミー,マイケル・H・ゴールドハーバーが提唱した「アテンション・エコノミー（関心経済）」の視点によれば、情報が無限に溢れる現代社会において最も希少な資源は「人間の注意力（アテンション）」です。この環境下では、進化生物学者リチャード・ドーキンスが提唱した「ミーム（文化的自己複製子）」のように、短く、改変が容易で、強烈な印象を与える情報だけが生き残り、拡散します。SNSにおいて「大喜利的なハッシュタグ」や「定型文の言葉遊び」が爆発的に流行するのは、それが少ない認知コストで最大限の「いいね」や「リポスト」という報酬（社会的承認）を獲得できるからです。SNSの言葉遊びは、純粋なユーモアの追求というより、ユーザー同士が自らの知性や所属意識をアピールし、他者の関心をハックしてトラフィックを稼ぐための「情報的通貨（ソーシャル・カレンシー）」として機能していることが解明されています。,なぞかけは、インターネットが誕生する遥か前から存在していた「究極のミーム・テンプレート（雛形）」です。「AとかけてBと解く、その心はC」という空欄を埋めるだけで、誰でも高度な知的生産に参加できるこのフォーマットは、SNSの「ハッシュタグ大喜利」と完全に同じ構造を持っています。文字数制限の厳しいタイムラインの中で、起承転結と鮮やかなオチをコンパクトに格納できるなぞかけは、アテンション・エコノミーの激しい競争を勝ち抜くための「極めて圧縮率の高い情報パッケージ」です。現代人がSNSでなぞかけ的な投稿に熱狂するのは、江戸時代に発明されたこの言語のアルゴリズムが、現代のデジタルプラットフォームの拡散力学と完璧に合致しているからに他なりません。,論文「アテンション・エコノミーとネット」（The Attention Economy and the Net）、および著書『利己的な遺伝子』（The Selfish Gene）におけるミーム学（Memetics）に基づく文化的遺伝子の拡散研究,1997年（ゴールドハーバー）、1976年（ドーキンス）,Michael H. Goldhaber（マイケル・H・ゴールドハーバー / 米国の思想家）、Richard Dawkins（リチャード・ドーキンス / 英国の進化生物学者）
大分類 II：社会科学（Social Sciences）,,第13章 メディア論・ジャーナリズム（Media Studies and Journalism）,13.3,議題設定を逸らし風刺する手段としてのネット大喜利,マスメディアが「今、社会で何を議論すべきか」を決定する「議題設定機能（Agenda-Setting Theory）」に対し、ネット上の大喜利や言葉遊びは、その議題のフレームを意図的に破壊し、逸らす（デレールメントさせる）強力な対抗手段として機能します。政治家の失言や深刻な社会問題が報じられた際、ネットユーザーがそれをパロディ化し、「大喜利」へと変換する現象は、市民による権力への「デジタルな風刺（サブカルチャー的抵抗）」と評価されます。しかし一方で、政治学者ジョディ・ディーンが「コミュニカティヴ・キャピタリズム（コミュニケーション資本主義）」の罠として指摘するように、深刻な政治的議論がすべて「言葉遊び（ネタ）」として消費されることで、本来向けられるべき怒りや社会変革のエネルギーがガス抜きされ、結果的に現状肯定と政治的シニシズム（冷笑主義）を招いているという、メディアの構造的パラドックスも指摘されています。,政治的スキャンダルや炎上事件が起きた際、SNS上では必ずと言っていいほど、その時事問題を題材にした「なぞかけ」が作られます。これは、ネット市民が「怒り」という生々しい感情を、なぞかけという「知的な風刺」のパッケージに変換して社会に突きつける行為です。見事な掛詞で権力者を皮肉るなぞかけは、ジャーナリズム顔負けの痛烈な批評性を持ちます。しかし同時に、「〇〇とかけて?」という演芸のフォーマットにはめ込まれた瞬間、その問題は「解決すべき政治課題（アジェンダ）」から「オチのうまさを消費するエンタメ・コンテンツ」へと変質してしまいます。なぞかけは、鋭い風刺の刃で権力を切り裂く武器であると同時に、社会の怒りを笑いへと鎮火させ、政治的シニシズムへと回収してしまう「議題逸らし」のメディア・フィルターとしても機能しているのです。,論文「マスメディアの議題設定機能」（The Agenda-Setting Function of Mass Media）におけるアジェンダ設定の研究、および著書『民主主義とその他のネオリベラルなファンタジー』（Democracy and Other Neoliberal Fantasies）における政治的シニシズムと「コミュニカティヴ・キャピタリズム」の批判的研究,1972年（マッコムズ＆ショーの論文）、2009年（ディーンの著作）,Maxwell McCombs & Donald Shaw（M.マッコムズ＆D.ショー / 米国のメディア学者）、Jodi Dean（ジョディ・ディーン / 米国の政治学者）
大分類 II：社会科学（Social Sciences）,,第13章 メディア論・ジャーナリズム（Media Studies and Journalism）,13.4,ラジオ深夜放送におけるハガキ職人の参加型メディア文化,メディア学者ヘンリー・ジェンキンスが提唱した「参加型文化（Participatory Culture）」の視点からラジオ深夜放送を分析すると、リスナーは決して「受動的な情報の受け手」ではないことが分かります。特に「ハガキ職人（現在ではメール職人）」と呼ばれる常連リスナーたちは、パーソナリティが設定したコーナー（お題）に対して、自らの言語的機知を凝らしたネタ（言葉遊びやジョーク）を投稿し、番組のコンテンツを「共同制作」しています。そこには、採用されることで得られる「パーソナリティからの承認」と、リスナー共同体内での「ステータス（文化資本）の獲得」という強烈なモチベーションが存在します。マスメディアの非対称な空間において、言葉遊びを通じた投稿行動は、大衆がメディア空間に自らの居場所と発言権を確保するための、極めて能動的で創造的な相互行為（テキストの密猟）であることが解明されています。,ラジオにおける「お題に対するネタ投稿」のシステムは、演芸における「観客からお題をもらい、プロがなぞかけで返す」というベクトルの方向を逆転させた（あるいは民主化した）構造を持っています。寄席ではプロの演者が特権的になぞかけを披露しますが、深夜ラジオでは、無数の素人（ハガキ職人）がなぞかけ（あるいは同等の言葉遊び）のオチを考え、プロ（パーソナリティ）がそれを審査し、笑いへと昇華させます。この空間において、なぞかけの定型フォーマットは、素人が自らの知性を証明し、マスメディアに参加するための「共通規格のパスポート」として機能します。なぞかけは、プロとアマチュアの境界線を溶かし、メディアを通じた知的な共犯関係を結ぶための最強のコミュニケーション・ツールなのです。,著書『テキストの密猟者』（Textual Poachers: Television Fans and Participatory Culture）における参加型文化（Participatory Culture）の研究,1992年,Henry Jenkins（ヘンリー・ジェンキンス / 米国のメディア学者）
大分類 II：社会科学（Social Sciences）,,第13章 メディア論・ジャーナリズム（Media Studies and Journalism）,13.5,短尺動画プラットフォームにおける「リズムなぞかけ」の消費形態,メディア学者ホセ・ファン・ダイクらのプラットフォーム研究によれば、TikTokやYouTubeショートといった短尺動画メディアは、独自のアルゴリズムと「アフォーダンス（ユーザーの行動を誘導するアーキテクチャ）」によって、コンテンツの消費形態を根底から変容させます。これらのプラットフォームでは、意味の深さよりも「視聴者の身体感覚に直接訴えかけるリズム（音楽）」と「数秒ごとの視覚的な変化」が優先されます。複雑な言語的ユーモアは、音楽のビートに合わせて定型化されることで「ミーム（模倣可能なフォーマット）」となり、ユーザー自身が同じ音源を使って踊りながら真似をする「UGC（ユーザー生成コンテンツ）」として爆発的に拡散します。プラットフォーム上では、ユーモアの消費が「テキストの知的な解読」から「音とリズムの身体的な伝染」へとシフトしていることが実証されています。,近年、短尺動画で流行する「リズムなぞかけ」は、江戸時代から続く伝統的な言語芸術が、現代のプラットフォーム資本主義のアルゴリズムに最適化（ハック）された最終形態です。本来、なぞかけのオチを理解するためには、観客自身が頭の中で言葉の多義性を処理する「認知的な間（タイムラグ）」が必要でした。しかし、音楽のビートに乗せたリズムなぞかけは、「その心は」の後にくる最も盛り上がるビート（ドロップ）の瞬間にオチを強制的に同期させます。これにより、観客は意味を深く理解する前に「リズムの快感」によって反射的に笑い（あるいは「いいね」）を誘発されます。なぞかけは、高度な言語の論理パズルから、視覚と聴覚を同時に刺激して身体的な同調を強要する「情報的ダンスミュージック」へと変質しているのです。,著書『プラットフォーム社会』（The Platform Society: Public Values in a Connective World）におけるメディアのアフォーダンスとアルゴリズムによる文化生産の研究,2018年,Jos? van Dijck（ホセ・ファン・ダイク）、Thomas Poell（トーマス・ポエル）、Martijn de Waal（マルタイン・デ・ワール / いずれもオランダのメディア学者）
大分類 II：社会科学（Social Sciences）,,第13章 メディア論・ジャーナリズム（Media Studies and Journalism）,13.6,フェイクニュースとパロディニュースの境界線上にあるユーモアの受容,メディア研究者クレア・ウォードルらが提唱した「情報障害（Information Disorder）」の枠組みによれば、権力を風刺する目的で作られた「パロディやサタイア（風刺）ニュース」は、意図せず誤情報（Misinformation）の温床となる危険性を孕んでいます。ネット文化の経験則である「ポーの法則（Poe's Law）」が示すように、インターネット上で極端な思想や出来事を皮肉った言葉遊びは、明確な「冗談であるという文脈（スマイリーフェイスや演芸のフレームなど）」が欠落すると、真面目な主張や事実と区別がつかなくなります。メディアの文脈が切り刻まれてタイムラインに流れてくる現代において、高度なアイロニーやパロディを「ユーモア」として正しく解読できる層と、それを「真実（あるいは悪意あるフェイクニュース）」としてそのまま受容してしまう層の間で、メディアリテラシーの深刻な分断が起きていることが解明されています。,なぞかけは、二つの全く異なる事象を「掛詞」というフィクション（言葉遊びのフレーム）を用いて強引に結びつける芸です。もし時事問題を扱った風刺的ななぞかけが、その「言葉遊びである」という前提（フレーム）を理解されないまま活字として切り抜かれ、SNS上に拡散した場合、それは「AとBには背後で本当に関係があるのだ（陰謀論）」、あるいは「不謹慎なデマを流している」として深刻に誤読されるリスクを抱えています。なぞかけが成立するためには、演者と観客の間に「これはあくまで言語的なパロディ（冗談）である」という強固な相互信頼と文脈の共有が不可欠です。フェイクニュースが蔓延する社会において、時事問題を扱うなぞかけは、人々の「事実と虚構の境界線」を見極めるリテラシーを試す、極めて繊細なジャーナリズム的踏み絵として機能するのです。,欧州評議会レポート「情報障害：研究と政策決定のための学際的枠組みに向けて」（Information Disorder: Toward an interdisciplinary framework for research and policy making）における風刺・パロディと誤情報の分類,2017年,Claire Wardle（クレア・ウォードル / 英国のジャーナリズム研究者）、Hossein Derakhshan（ホセイン・デラクシャン / イラン・カナダのメディア研究者）
大分類 II：社会科学（Social Sciences）,,第13章 メディア論・ジャーナリズム（Media Studies and Journalism）,13.7,政治家の失言報道とジャーナリズムにおける修辞的フレーミング,メディア学者ロバート・M・エントマンが定式化した「フレーミング理論」によれば、ジャーナリズムは事実をただ客観的に伝えるのではなく、特定の側面を強調し、他の側面を切り捨てることで「現実の枠組み（フレーム）」を構築します。政治家の「失言」の多くは、不適切な比喩（メタファー）や文脈を無視した言葉遊びに起因しますが、メディアはこれを単なる「言い間違い」として処理せず、その政治家の「隠された本質」や「資質の欠如」を象徴する決定的な証拠としてフレーミングします。政治家の不用意な修辞（言葉遊び）は、メディアによって権力批判というジャーナリズムの物語に都合よく回収され、世論の怒りを方向付けるための強力な象徴的武器として反転・利用されることが解明されています。,政治家が記者会見などで気の利いた比喩や修辞（言葉遊び）を用いて批判をかわそうとする行為は、一種の「自己保身のためのなぞかけ」です。しかし、そのオチ（その心）が国民の感覚とズレていた場合、それは即座に致命的な「失言」となります。このとき、ジャーナリズムは演芸における「厳しい審査員」として機能します。メディアは政治家の失敗したなぞかけ（不適切な比喩）を取り上げ、「その心は、国民への軽視である」と、独自のオチ（フレーミング）を事後的に付け加えて大々的に報道します。なぞかけの構造は、言葉の多義性を利用して事象の意味をコントロールしようとする政治家と、その隠された意味を暴き出して再定義しようとするジャーナリズムの、激しい「意味の主導権争い」の最前線を可視化するものなのです。,論文「フレーミング：ひび割れたパラダイムの明確化に向けて」（Framing: Toward Clarification of a Fractured Paradigm）におけるニュース・フレームと意味構築の研究,1993年,Robert M. Entman（ロバート・M・エントマン / 米国のメディア学者・政治コミュニケーション研究者）
大分類 II：社会科学（Social Sciences）,,第13章 メディア論・ジャーナリズム（Media Studies and Journalism）,13.8,アルゴリズムがもたらすユーモアのエコーチェンバー現象,法学者キャス・サンスティーンやインターネット活動家イーライ・パリザーが指摘するように、現代のSNSや動画プラットフォームは、アルゴリズムによってユーザーが好む情報ばかりを選択的に提示する「エコーチェンバー（反響室）」や「フィルターバブル」を形成します。この閉鎖的な環境下では、ユーモアや言葉遊びの受容も極端にタコツボ化します。ユーザーは「自分と同じ価値観を持つ者が、気に食わない他者（外集団）を揶揄するジョーク」ばかりを日常的に浴びるようになり、その内輪の笑いが社会全体の総意であると錯覚します。アルゴリズムは、人々が異なる文脈や価値観に出会う機会を奪い、笑いを「異なる他者との緊張緩和のツール」から、「自分たちの正当性を強化し、他者を攻撃するための排他的な武器（武器化されたユーモア）」へと変質させていることが実証されています。,なぞかけが成立するためには、演者と観客の間に「社会の普遍的な常識（コモングラウンド）」が共有されている必要があります。しかし、アルゴリズムによるエコーチェンバー現象は、この「普遍的な常識」を粉々に分断してしまいました。あるタイムライン（界隈）で大爆笑を生む「〇〇とかけて?」というなぞかけが、一歩外のタイムラインに出ると全く意味が通じない、あるいは激しい怒りを買うという現象が日常的に起きています。なぞかけは本来、異なる事象を言葉の多義性で「結びつける」芸ですが、アルゴリズムが支配する現代メディア環境においては、意図せずして「どの界隈の文脈（偏見）に寄り添うか」を選択させられる、過酷な「分断の踏み絵」としての性質を帯びざるを得なくなっているのです。,著書『\#リパブリック』（\#Republic: Divided Democracy in the Age of Social Media）におけるエコーチェンバー現象の研究、および著書『フィルターバブル』（The Filter Bubble）におけるアルゴリズムの社会心理学的影響,2001年（サンスティーンの初期研究『Republic.com』）、2011年（パリザーの著作）,Cass R. Sunstein（キャス・サンスティーン / 米国の法学者・行動経済学者）、Eli Pariser（イーライ・パリザー / 米国のインターネット活動家）
大分類 II：社会科学（Social Sciences）,,第13章 メディア論・ジャーナリズム（Media Studies and Journalism）,13.9,活字メディアから視聴覚メディアへの「笑い」の移行と即興性の喪失,マーシャル・マクルーハンの「メディアはマッサージである（メディアの形式そのものが人間の感覚を書き換える）」という理論に基づけば、ユーモアの主戦場が「活字」からテレビや動画などの「視聴覚メディア」へと移行したことは、笑いの質を根本的に変容させました。活字における言葉遊び（テキストサイトや書籍）は、読み手が自らのペースで思考し、想像力を補完する「非同期的な参加」を要求しました。しかし、視聴覚メディアはテロップ、効果音、編集技術を駆使して、視聴者に思考する隙を与えず、反射的な笑いを強制します。また、テレビや動画における「即興の笑い」の多くは、実は綿密な台本や編集によって事後的に作られた「擬似的な即興（シミュラークル）」であり、メディアの技術的進化が、皮肉にもナマのコミュニケーションにおける「真の即興性」と「沈黙（間）」を剥奪したことが指摘されています。,寄席というナマの空間における「なぞかけ」の最大の魅力は、お題をもらってからオチを捻り出すまでの「演者の苦悩する時間（沈黙）」と、そこから生まれる「真の即興性」にありました。しかし、これがテレビや短尺動画などのメディアに移行すると、視聴者は情報のない「沈黙（放送事故）」を一切許容できません。そのため、メディア上のなぞかけは、事前に用意されたお題であったり、編集で考える時間をカットされたりした「パッケージ化された即興」へと変容します。なぞかけは視聴覚メディアに適合することで爆発的な認知を得ましたが、その代償として、演者と観客が共有していた「思考という綱渡りの時間」を奪われ、単なる「用意された情報の素早いアンパッキング（開封作業）」へと消費のされ方が書き換えられたのです。,著書『メディア論』（Understanding Media: The Extensions of Man）におけるホット・メディアとクール・メディアの分類、およびウォルター・オングの著書『声の文化と文字の文化』（Orality and Literacy）に基づく感覚比率の変容,1964年（マクルーハン）、1982年（オング）,Marshall McLuhan（マーシャル・マクルーハン / カナダのメディア論学者）、Walter J. Ong（ウォルター・J・オング / 米国の文化史家）
大分類 II：社会科学（Social Sciences）,,第13章 メディア論・ジャーナリズム（Media Studies and Journalism）,13.10,ジャーナリズムにおける見出しの言葉遊びとクリックベイトの倫理,アテンション・エコノミー（関心経済）が支配するデジタル・ジャーナリズムにおいて、記事の「見出し（ヘッドライン）」は情報の要約ではなく、読者のクリックを誘発するための「広告」へと変質しました。クリスチャン・ブロムらによるメディア言語学の研究によれば、PV（ページビュー）至上主義に陥ったメディアは、巧妙なダジャレ、センセーショナルな言葉遊び、あるいは情報の一部を意図的に隠す手法（前方照応）を用いた「クリックベイト（釣り見出し）」を乱発します。この言葉遊びを用いた見出しは、読者の好奇心を刺激して短期的なトラフィック（広告収益）を生み出す一方で、記事の複雑な文脈を歪め、読者の期待を裏切り続けることで、中長期的にはジャーナリズム全体への信頼（メディア・トラスト）を著しく毀損するという、深刻な倫理的・構造的ジレンマを抱えていることが実証されています。,ネットニュースの「クリックベイト見出し」の構造は、未完成の「なぞかけ」と全く同じ心理的メカニズムを利用しています。「〇〇の衝撃の理由とは？」といった見出しは、なぞかけにおける「〇〇とかけて（お題）」の提示であり、読者の脳内に強烈な認知的空白（キュリオシティ・ギャップ）を作り出します。読者はその空白を埋める（「その心は」を知る）ために、クリックという対価を払わざるを得ません。しかし、良質ななぞかけが鮮やかなオチで知的な満足感を与えるのに対し、クリックベイトの多くは中身の薄い記事で読者を失望させます。クリックベイトとは、なぞかけが持つ「認知的空白を利用して好奇心を煽るエンターテインメント性」を、ジャーナリズムの倫理を犠牲にして商業的に悪用した（ダークパターン化した）言語現象なのです。,論文「クリックベイト：オンラインニュースの見出しにおけるルアーとしての前方照応」（Clickbait: Forward-reference as lure in online news headlines）に基づくキュリオシティ・ギャップと情報誘導の分析,2015年,Christian Blom & Kenneth R. Hansen（C.ブロム＆K.R.ハンセン / デンマークのメディア言語学者）
大分類 II：社会科学（Social Sciences）,,第13章 メディア論・ジャーナリズム（Media Studies and Journalism）,13.11,インフルエンサー・マーケティングにおけるバズを誘発する言語的フック,マーケティング学者ジョーナ・バーガーは、情報がバイラル（ウイルス的）に爆発的に拡散するメカニズムを分析し、人々の関心を惹きつけるコンテンツには特定の「言語的フック」が存在することを実証しました。SNSのインフルエンサーたちは、直感的なリズム、予期せぬ比喩、あるいは独自の造語を駆使して、ユーザーに「高覚醒の感情（驚き、興奮、あるいは怒り）」を引き起こします。情報過多のタイムラインにおいて、言葉は単なる意味の伝達手段ではなく、スクロールする指を強制的に止めさせ、他者にシェアしたいという「社会的通貨（これを知っている自分は最先端で面白い人間だというアピール）」を刺激するための、極めて計算されたアルゴリズム・ハックの道具（トリガー）として機能していることが解明されています。,インフルエンサーがバズを生み出すために用いる「短い言葉での強烈なフックと意味の裏切り」の構造は、なぞかけのメカニズムそのものです。「AとかけてBと解く」という前置きの宣言は、ユーザーに「いったいどう繋がるんだ？」という認知的空白（好奇心のギャップ）を生み出し、スクロールを止めさせます。そして「その心は」で見事な掛詞が披露された瞬間、ユーザーは「なるほど！」という高覚醒の感情（アハ体験）を得て、自らの知的優位性（社会的通貨）を示すためにそれを他者にシェアせずにはいられなくなります。なぞかけは、現代のインフルエンサー・マーケティングが血眼になって探し求めている「アテンション（注意力）の獲得」と「自発的な拡散（バイラル・ループ）」を同時に達成する、江戸時代から続く完成された言語的フックのアルゴリズムなのです。,著書『コンテイジャス：なぜ流行は起きるのか』（Contagious: Why Things Catch On）におけるバイラル・マーケティングとSTEPPSフレームワーク（社会的通貨、トリガー、感情など）の研究,2013年,Jonah Berger（ジョーナ・バーガー / 米国のマーケティング学者）
大分類 II：社会科学（Social Sciences）,,第13章 メディア論・ジャーナリズム（Media Studies and Journalism）,13.12,プラットフォームの自主規制をすり抜ける代替表現（婉曲なぞかけ）,メディア学者タールトン・ギレスピーによるコンテンツ・モデレーション（プラットフォームによる投稿監視）の研究によれば、TikTokやYouTubeなどのAIアルゴリズムは、暴力、性、政治的タブーに関する特定の単語を自動的に検閲し、シャドウバン（非表示化）の対象とします。これに対抗するため、ネットユーザーたちは「アルゴスピーク（Algospeak）」と呼ばれる独自の代替表現（隠語や絵文字の比喩）を次々と生み出しています。例えば「死（Dead）」を特定の絵文字や関連のない単語で言い換えたり、政治的抵抗を意味の全く異なる造語で示したりする行為です。メディアの自動検閲システムが高度化するほど、大衆はそれをすり抜けるために、機械には解読できないが人間（内輪）には伝わるという、極めて文脈依存的で高度な言語的暗号（婉曲表現）を発達させていくというイタチごっこが実証されています。,アルゴリズムの検閲をすり抜ける「アルゴスピーク」は、現代のデジタル空間における「サバイバルのためのなぞかけ」です。AI（機械）は単語の表面的な文字通りの意味しか理解できないため、「お題」と「オチ」を結びつける背景知識や、同音異義語の巧妙な響き（掛詞）といった「なぞかけの重層的な文脈」を解読できません。権力（プラットフォームのアルゴリズム）にはただの無害な世間話や無意味な言葉の羅列に見せかけながら、同じ文化を共有する人間（フォロワー）だけが「その心」を正確にデコード（解読）して笑うことができるのです。なぞかけ的な二重意味の構造は、AIの冷徹な監視網をかいくぐり、言論の自由とアンダーグラウンドの連帯を確保するための、極めて強力なデジタル・レジスタンスの武器として機能しています。,"著書『インターネットの番人たち』（Custodians of the Internet: Platforms, Content Moderation, and the Hidden Decisions That Shape Social Media）におけるコンテンツ・モデレーションとユーザーの回避戦略に関する社会学的分析",2018年,Tarleton Gillespie（タールトン・ギレスピー / 米国のメディア学者）
大分類 II：社会科学（Social Sciences）,,第13章 メディア論・ジャーナリズム（Media Studies and Journalism）,13.13,テレビのテロップ演出が視聴者の笑いの解釈に与える視覚的誘導,文化理論家スチュアート・ホールの「エンコーディング／デコーディング（記号の暗号化と解読）」理論や、アーロン・ジェローによる日本のテレビのテロップ（文字スーパー）研究によれば、バラエティ番組における過剰なテロップ演出は、視聴者の解釈の多様性を奪い、番組制作者が意図した一つの意味へと強力に誘導する（支配的な解読を強制する）装置です。発言内容を巨大な色付き文字で画面に表示し、効果音を被せることで、テレビは「ここが笑いどころである」「この言葉はこの意味で捉えろ」という視覚的・聴覚的なフレーミングを行います。テロップは、視聴者が自らの頭で言葉の意味を反芻し、想像するプロセスを意図的に省略させ、マスメディアが設定した単一の文脈で笑いを大量消費させるための「視覚的な笑い屋」として機能していることが解明されています。,なぞかけがテレビ番組で披露されるとき、テロップの存在はなぞかけの「認知的な性質」を根本から変容させます。本来、なぞかけのオチ（同音異義語）は、聴覚だけで受け取り、観客の脳内で「二つの異なる意味」が重なり合った瞬間にカタルシスが生まれる想像力の遊びです。しかしテレビでは、「その心は」の後に続く掛詞が、テロップによって視覚的に、しかも異なる意味の漢字を併記するなどして完全に「答え合わせ」の状態で提示されます。これにより、視聴者は「自分で意味に気づく喜び」を剥奪され、テロップという補助輪によって「強制的に分からされる」受動的な消費へと追いやられます。テロップによる過剰な演出は、なぞかけを「耳と脳の芸術」から「視覚的なファストフード」へと解体・再構築する、テレビメディア特有の暴力的な翻訳作業なのです。,論文「テレビ・ディスコースにおけるエンコーディングとデコーディング」（Encoding and Decoding in the Television Discourse）、および論文「優しい参加：日本のテロップTVにおけるポストモダン的消費と資本」（Kind Participation: Postmodern Consumption and Capital with Japan's Telop TV）に基づく視覚的フレーミングの研究,1973年（ホール）、2010年（ジェロー）,Stuart Hall（スチュアート・ホール / 英国の文化理論家・社会学者）、Aaron Gerow（アーロン・ジェロー / 米国の日本映画・メディア研究者）
大分類 II：社会科学（Social Sciences）,,第13章 メディア論・ジャーナリズム（Media Studies and Journalism）,13.14,デジタル・アーカイブを利用した過去のメディアにおけるユーモアの追跡,社会学者アーヴィング・ゴフマンは、人々の社会的相互行為を演劇になぞらえる「演劇論的アプローチ（Dramaturgical approach）」を提唱しました。人間は、他者の視線がある「表舞台（フロントステージ）」では、社会規範に沿った礼儀正しく真面目な役割を演じます。しかし、観客がいない内輪の空間「裏舞台（バックステージ）」に戻ると、緊張を解き、表舞台では許されない下品なジョーク、皮肉、体制への愚痴といったブラックな言葉遊びを展開します。社会学的な観察によれば、裏舞台におけるタブーを含んだユーモアの共有は、表舞台で厳格な役割を演じ続けることの精神的疲労（感情労働のストレス）を癒やし、共演者（同僚や仲間）との連帯感を回復させるための、不可欠な相互行為的メンテナンス作業であることが分かっています。,なぞかけは、本来「裏舞台（バックステージ）」でしか言えないような皮肉や本音を、「表舞台（フロントステージ）」の強烈な光の中に持ち出すための極めて精巧な密輸装置です。テレビ番組や寄席といった完全に公的な表舞台において、演者は社会の不条理や人間の欲望といったバックステージ的な本音を「お題」の中に忍ばせます。しかし、それを「掛詞」という極めて知的で伝統的な「フロントステージ用のフォーマット」で包み込むことによって、観客は社会規範を破ることなく、裏舞台の毒を安全に笑い飛ばすことができます。なぞかけとは、表舞台の礼儀正しい顔をしたまま、裏舞台の背徳的な快楽を味わうことを可能にする、相互行為上のマジックなのです。,著書『日常生活における自己呈示』（The Presentation of Self in Everyday Life）におけるフロント領域とバック領域のドラマツルギー的分析,1959年,Erving Goffman（アーヴィング・ゴフマン / 米国の社会学者）
大分類 II：社会科学（Social Sciences）,,第13章 メディア論・ジャーナリズム（Media Studies and Journalism）,13.15,ライブ配信における視聴者コメントと演者の即興なぞかけのリアルタイム相互作用,社会人類学者マックス・グラックマンによる「ゴシップの社会学」によれば、他人の噂話（ゴシップ）は単なる悪意の垂れ流しではなく、集団内の道徳的規範を確認し、逸脱者を牽制して共同体を維持するための重要な情報ネットワークです。そして、ゴシップが社会ネットワークを連鎖的に波及していく際、その情報に「面白おかしい比喩」や「気の利いた言葉遊び」が付加されていると、拡散力（バイラル性）が爆発的に高まることが分かっています。優れたダジャレやアイロニーは、他者のスキャンダルを消費する際の「下世話な罪悪感」を巧妙に隠蔽します。人々は「単なる悪口を広めている」のではなく、「この巧みな表現（作品）を誰かに伝えたい」という知的な共有欲求を言い訳にすることで、道徳的抵抗感なくゴシップの運び屋（ノード）へと変貌するのです。,なぞかけは、この「ゴシップのウイルス的拡散」を芸として洗練させたものです。時事問題や有名人のスキャンダルといった最新のゴシップが「お題」に選ばれると、観客の関心は一気に高まります。そこに演者が「掛詞」を用いた見事なオチをつけると、生々しいゴシップは「知的なジョークのパッケージ」へと変換されます。このパッケージ化により、観客は「あいつはひどい奴だ」という直接的な非難の代わりに、「あのなぞかけは上手い」という形でスキャンダルを安全に反芻し、翌日には会社や学校でそのなぞかけを他者に披露（拡散）します。なぞかけは、社会の生々しいゴシップを無毒化しつつ、最も人づてに伝播しやすい形へと最適化する情報加工の装置なのです。,論文「ゴシップとスキャンダル」（Gossip and Scandal）におけるゴシップの共同体維持機能と情報伝播の社会人類学的研究,1963年,Max Gluckman（マックス・グラックマン / 英国の社会人類学者）
大分類 II：社会科学（Social Sciences）,,第13章 メディア論・ジャーナリズム（Media Studies and Journalism）,13.16,SNSの文字数制限が促したなぞかけの定型化,老年社会学（Gerontology）におけるロバート・ハヴィガーストの「活動理論（Activity Theory）」やロバート・アッチリーの「継続理論（Continuity Theory）」によれば、高齢期における退職や配偶者との死別といった「社会的役割の喪失」は、孤立や認知機能の低下を招く重大なリスクです。老人クラブやデイサービスなどの高齢者コミュニティにおいて、「言葉遊び」や「冗談の応酬」は、この喪失感を補い、対等な関係での社会的紐帯（ソーシャル・キャピタル）を再構築する極めて重要な機能を持っています。高度な言葉遊びは、身体能力の衰えに左右されず、過去の豊富な人生経験や古い語彙をリソース（資源）として継続的に活用できるため、高齢者の「発話権」と「自尊心」を回復させます。ユーモアを通じた相互行為は、集団内での自分の居場所を確認し、精神的な若々しさを保つための強力なソーシャル・サポートとして機能していることが実証されています。,なぞかけは、高齢者にとって「自らが人生で蓄積してきた文化資本（語彙力、歴史、昭和の流行語、古い慣用句）」を最大の武器にできる、極めて親和性の高い知的ゲームです。若者が知らないような古い言葉が「掛詞」として見事に機能した瞬間、高齢者は自らの生きてきた時代の知識が「笑い」という形で他者に承認される強烈な喜び（自己肯定感）を得ます。高齢者が集う場でのなぞかけの披露や鑑賞は、単なる脳トレ（認知機能の維持）にとどまらず、「私たちは同じ時代を生きた、同じ言葉の背景を持つ仲間である」という共感のネットワークを温め直し、孤立を防ぐための極めて実践的な社会学的ケアの場として機能しているのです。,論文「成功する老化」（Successful Aging）における活動理論（Activity Theory）の提唱、および論文「正常な老化の継続理論」（A Continuity Theory of Normal Aging）に基づく老年社会学的研究,1961年（ハヴィガースト）、1989年（アッチリー）,Robert J. Havighurst（ロバート・ハヴィガースト / 米国の発達心理学者・教育学者）、Robert C. Atchley（ロバート・アッチリー / 米国の社会老年学者）
大分類 II：社会科学（Social Sciences）,,第13章 メディア論・ジャーナリズム（Media Studies and Journalism）,13.17,メディア・リテラシー教育におけるプロパガンダ的アナロジーの批判的読解,メディア教育学者レン・マスターマンが提唱するメディア・リテラシー理論や、言語学者ノーマン・フェアクロウの批判的談話分析（CDA）によれば、政治的プロパガンダや偏向報道は、しばしば巧妙な「アナロジー（類推）」や「比喩」を用いて大衆の認知を操作します。例えば、複雑な経済問題や移民問題を「津波」や「病気」といった感情的なメタファーに置き換えることで、メディアは論理的な議論をバイパスし、特定のイデオロギーや恐怖心を大衆に植え付けます。メディアのテキストを批判的に読み解く（クリティカル・リーディング）とは、この「一見もっともらしいが、実は論理的に破綻している比喩や言葉の結びつき」を解体し、その背後に隠された権力関係や情報操作の意図を暴き出す社会的実践であることが解明されています。,なぞかけの論理構造は、この「プロパガンダ的アナロジー」の危険なメカニズムを安全に学ぶための極めて優れたシミュレーターとなります。なぞかけは「全く無関係な二つの事象（AとB）」に対して、「掛詞（C）」という言葉のトリック（レトリック）を使うことで、いかにも論理的な必然性があるかのように見せかける（強引なアナロジーを成立させる）技術です。なぞかけのオチを聞いて「なるほど、騙された！」と笑う体験は、「言葉の響きやレトリックがいかに簡単に人間の論理的思考をハックするか」を逆説的に証明しています。なぞかけの構造を解剖することは、メディアや権力が用いる欺瞞的な比喩やキャッチコピーの「嘘」を見抜くための、高度なメディア・リテラシー訓練として機能するのです。,著書『メディア教育』（Teaching the Media）におけるメディア・リテラシー論、および著書『ことばと権力』（Language and Power）における批判的談話分析（Critical Discourse Analysis）の研究,1985年（マスターマン）、1989年（フェアクロウ）,Len Masterman（レン・マスターマン / 英国のメディア教育学者）、Norman Fairclough（ノーマン・フェアクロウ / 英国の言語学者）
大分類 II：社会科学（Social Sciences）,,第13章 メディア論・ジャーナリズム（Media Studies and Journalism）,13.18,コミックメディアにおけるコマ割り表現と言葉遊びの相互補完,コミック理論家スコット・マクラウドの研究によれば、マンガというメディアの最大の特徴は、コマとコマの間の空白（ガター）にあります。読者はこの空白を自らの想像力で補完（クロージャー＝閉合）することで、初めて物語の時間を推進させます。この視覚メディアにおいて、ダジャレや言葉遊びは単なる「フキダシの中のテキスト」として独立して存在するのではなく、コマ割りのリズム、キャラクターの表情、視覚的な誇張（漫符など）と緻密に連動して機能します。言葉遊びによる意味の転換点（オチ）と、ページをめくる（あるいは次のコマに視線を移す）という読者の身体的アクションが同期するように設計されることで、コミックは活字のみのジョークよりも遥かに重層的でダイナミックなユーモアの体験を生み出していることが分かっています。,なぞかけの「お題の提示」「解きの提示」「その心の発表」という三段構成は、日本の伝統的な「起承転結（特に４コマ漫画）」のコマ割り表現と極めて高い親和性を持っています。コミックメディアにおいてなぞかけが表現される際、「その心は」に至るまでの演者の「ドヤ顔」や「一瞬の沈黙」が、まさにコマとコマの間の「空白（ガター）」として視覚化されます。読者は、一見無関係なお題と解きを眺めながら、次のコマへと視線を移動させるわずかな時間に、自らの脳内で「オチの予測」というクロージャー（想像による補完作業）を行います。なぞかけは、コミックのコマ割りが持つ「時間と認知のコントロール機能」を最大限に引き出す、完璧な言語的シナリオとして機能するのです。,著書『マンガ学』（Understanding Comics: The Invisible Art）における「クロージャー（閉合）」および言葉と絵の相互作用に関する研究,1993年,Scott McCloud（スコット・マクラウド / 米国のコミック理論家・アーティスト）
大分類 II：社会科学（Social Sciences）,,第13章 メディア論・ジャーナリズム（Media Studies and Journalism）,13.19,生成AIによる自動生成コンテンツ時代の「作者の死」とメディア環境,哲学者ロラン・バルトが提唱した「作者の死（テキストの意味を決定するのは作者の意図ではなく読者である）」という概念は、大規模言語モデル（生成AI）が普及した現代のメディア環境において、極限まで急進化しています。マーガレット・ボーデンによるAIの創造性研究が示すように、AIが過去の膨大なデータを学習し、数秒でジョークを自動生成する時代において、「コンテンツの作者」は明確な意図や身体を持つ人間ではなく、確率論的なアルゴリズムの束へと変容しました。デジタル・メディア論の視点からは、AIが生成した言葉遊びやユーモアは、発信者の「思想」や「人生経験」という文脈を完全に欠落させており、それが面白いかどうかの意味づけは、出力結果を解釈する「ユーザー（読者）」の側に100%委ねられるという、著作者と受容者の権力関係の不可逆的な変化が起きていることが解明されています。,なぞかけは「意味のベクトル空間上の距離」と「音韻の完全な一致」を計算するパズルであるため、実はAIが最も得意とする（自動生成しやすい）言語表現です。AIは膨大な辞書データから、人間には到底思いつかないような見事な掛詞を瞬時に弾き出します。しかし、AIが作った完璧ななぞかけを見たとき、私たちは「上手い」と感心はしても、寄席で生身の人間が苦悶しながらひねり出したオチを聞いたときほどの「熱狂的な爆笑」は起きません。なぜなら、なぞかけにおける笑いの本質は、単なるテキストの完成度ではなく、「この生身の演者の脳内で、こんな奇跡的な結びつきが起きた」という属人的なパフォーマンス（身体性を伴う作者の存在）に対する賞賛だからです。AI時代のなぞかけは、笑いが「情報の構造」に宿るのか、それとも「人間の相互作用」に宿るのかを問う、強烈なメディア論的リトマス試験紙となっています。,論文「作者の死」（La mort de l'auteur）に基づくテキスト論、および著書『創造する心』（The Creative Mind: Myths and Mechanisms）におけるコンピュテーショナル・クリエイティビティ（計算機的創造性）の研究,1967年（バルト）、1990年（ボーデン）,Roland Barthes（ロラン・バルト / フランスの記号学者・哲学者）、Margaret A. Boden（マーガレット・ボーデン / 英国の認知科学者）
大分類 II：社会科学（Social Sciences）,,第13章 メディア論・ジャーナリズム（Media Studies and Journalism）,13.20,日本特有のコメディ・フォーマットの海外配信とローカリゼーション,メディア学者アルバート・モランのトランスナショナル・テレビジョン研究によれば、特定の国でヒットしたメディア・フォーマット（クイズ番組やリアリティ番組のルール）が国境を越えてグローバル・プラットフォームで配信・販売される際、直訳では決して通用せず、必ず高度な「ローカリゼーション（土着化・文化的翻訳）」を必要とします。特にコメディの領域においては、日本特有の「ボケとツッコミ」といった役割分担や、上下関係を前提とした「いじり」の構造は、海外の視聴者には「理不尽な暴力」や「抑圧」として解釈される危険性を孕んでいます。ユーモアの海外展開は、単なる言語の翻訳作業ではなく、輸出先の社会規範、ジェンダー観、権力構造に合わせて「笑いのシステムそのものを再交渉・再構築する」という、極めて政治的で社会学的な越境プロセスであることが実証されています。,日本の言語的ユーモアの結晶である「なぞかけ」を海外へ輸出することは、トランスナショナル・メディア論における「究極のローカリゼーションの壁」を意味します。同音異義語（掛詞）に100%依存するなぞかけは、外国語のテキストに翻訳した瞬間に論理が完全に崩壊し、意味をなしません。もし「なぞかけというフォーマット」を海外に輸出・販売するとすれば、それは言葉の翻訳ではなく、「全く無関係な二つの事象に、その言語特有のダブルミーニング（または文化的メタファー）を用いてオチをつける」という「ルールの翻訳（フォーマットの移植）」へと切り替える必要があります。なぞかけの海外展開の不可能性と可能性の模索は、日本語という言語が持つ極端な文脈依存性と、人類の笑いの構造の普遍性を同時に浮き彫りにする、文化翻訳（ローカリゼーション）の最前線のケーススタディとなるのです。,"著書『コピーキャット・テレビジョン』（Copycat Television: Globalisation, Program Formats and Cultural Identity）におけるトランスナショナル・メディアとフォーマット・トレードの研究",1998年,Albert Moran（アルバート・モラン / 豪州のメディア学者）
大分類 II：社会科学（Social Sciences）,,第14章 コミュニケーション学（Communication Studies）,14.1,対人魅力における「ユーモアセンスの一致」の定量的分析,社会心理学者ドン・バーンが提唱した「類似性・魅力仮説（Similarity-Attraction Paradigm）」に基づく対人コミュニケーション研究において、「ユーモアセンスが一致するかどうか」は、年齢や職業といった外形的な属性以上に、相手への魅力を高める強力な要因であることが定量的な調査で実証されています。同じ言葉遊びやジョークで笑うことができるという事実は、「世界をどのように認識しているか（認知構造）」や「何をタブーとし、何を面白いとするか（価値観・文化資本）」が合致していることの強力な証明になります。人間は、初対面の相手に対する「不確実性（この人は安全か、話が通じるか）」を減らすためにコミュニケーションを行いますが、ユーモアのツボが一致した瞬間にこの不確実性は劇的に下がり、急速に好意と信頼（対人魅力）が形成されるメカニズムが解明されています。,なぞかけは、コミュニケーションの初期段階において、相手との「認知的な類似性」を測るための極めて精度の高いリトマス試験紙として機能します。あるなぞかけを披露したとき、それを相手が即座に理解して笑ってくれた場合、そこには「同じレベルの語彙力を持っている」「掛詞の背後にある社会的な文脈や常識を共有している」という、高度な情報処理のシンクロ（同調）が発生しています。なぞかけを通じた笑いの共有は、単なる愛想笑いとは異なり、論理的思考のベクトルが一致した者同士にしか生じないため、ビジネスや恋愛における「真の相性の良さ（類似性）」を瞬時に見抜くための、非常に効率的なコミュニケーション・フィルターとして働くのです。,著書『魅力のパラダイム』（The Attraction Paradigm）に基づく「類似性・魅力仮説」の定量的研究、および著書『対人関係のコミュニケーション』（Social Intercourse: From Greeting to Goodbye）における関係発達の研究,1971年（バーン）、1978年（ナップ）,Donn Byrne（ドン・バーン / 米国の社会心理学者）、Mark L. Knapp（マーク・L・ナップ / 米国のコミュニケーション学者）
大分類 II：社会科学（Social Sciences）,,第14章 コミュニケーション学（Communication Studies）,14.2,アイスブレイクとしての「なぞかけ」の緊張緩和効果,コミュニケーション学者アーネスト・ボーマンによる小集団コミュニケーション研究（グループ・ダイナミクス）によれば、初対面の人々が集まったグループには、互いの出方を探り合うための重苦しい「初期緊張（Primary Tension）」が必ず発生します。この緊張を解きほぐす手法（アイスブレイク）として、言葉遊びや軽いユーモアが極めて有効であることが実証されています。チャールズ・バーガーらの「不確実性減少理論」が示すように、予測不能な人間関係の中に「笑い」というポジティブな感情の共有が持ち込まれると、警戒心が解かれ、心理的安全性（この場では失敗しても攻撃されないという安心感）が担保されます。儀礼的で硬直した初期のコミュニケーション空間において、言葉遊びは参加者の脳を「防衛モード」から「協調・探索モード」へと切り替える、強力な心理的スイッチの役割を果たしているのです。,研修や会議の冒頭におけるアイスブレイクとして、なぞかけは他のジョークにはない卓越した緊張緩和効果を発揮します。「自社の業界とかけて?」や「今日の会議のテーマとかけて?」と、その場の参加者全員が共通して持っている情報や関心事を「お題」として設定できるため、一瞬にして全員の視線を一つのベクトルにまとめることができます。また、「その心は」という明確な着地点（ルール）が存在するため、単なる雑談やフリートークよりも参加者が心理的に予測しやすく、安心感を与えます。なぞかけは、見知らぬ者同士の間に横たわる冷たい緊張の壁（アイス）を、「知的で定型化された言葉のパズル」という安全なハンマーでリズミカルに打ち砕くための、極めて実践的なコミュニケーション・ツールなのです。,論文「初期の相互作用と関係形成のいくつかの公理」（Some Explorations in Initial Interaction and Beyond）に基づく不確実性減少理論（Uncertainty Reduction Theory）、および著書『ディスカッションと小集団メソッド』（Discussion and Group Methods）における初期緊張（Primary Tension）の緩和プロセスの研究,1975年（バーガー＆カラブレーゼの論文）、1969年（ボーマンの著書）,Charles R. Berger & Richard J. Calabrese（C.R.バーガー＆R.J.カラブレーゼ / 米国のコミュニケーション学者）、Ernest G. Bormann（アーネスト・ボーマン / 米国の小集団コミュニケーション学者）
大分類 II：社会科学（Social Sciences）,,第14章 コミュニケーション学（Communication Studies）,14.3,自己開示と「自虐ネタ」のコミュニケーション効果と親密性,心理学者アーウィン・アルトマンとダルマス・テイラーが提唱した「社会的浸透理論（Social Penetration Theory）」によれば、対人関係は、表面的な会話から、自分の弱みや本音を曝け出す「自己開示（Self-disclosure）」を行うことによって、より深い親密性へと進行します。さらに、臨床心理学者ロッド・A・マーティンによるユーモアの心理学研究では、自分の失敗や欠点を笑いに変える「自己卑下的（自虐的）ユーモア」が、この自己開示を促進する上で極めて効果的であることが分かっています。自身のコンプレックスを真面目に語ると相手に重い負担（同情の強要）を与えてしまいますが、それを「言葉遊び」のオブラートに包んで提示することで、相手は罪悪感なく笑うことができ、結果として「この人は自分を飾らないオープンな人間だ」という共感と親密さが劇的に高まるというコミュニケーション効果が解明されています。,自らの失敗談、身体的特徴、あるいは失恋などの「弱み」をお題にしてなぞかけを作る行為は、対人コミュニケーションにおける「最も洗練された自己開示の技術」です。例えば、「私の薄毛とかけて?」と自虐的ななぞかけを披露したとき、演者は自らの生々しいコンプレックスを単なる「パズルのピース」へと客観化（距離化）しています。これにより、同情を誘うような弱音や愚痴は、見事な掛詞を伴った「知的なエンターテインメント」へと変換されます。自虐的ななぞかけは、自らのプライドや尊厳を保ちながらも相手に隙を見せ、笑いという安全な緩衝材を通じて心の距離を一気に縮めることができる、高度な自己防衛と親密性構築を両立させたコミュニケーション戦略なのです。,著書『社会的浸透：対人関係の発達』（Social Penetration: The Development of Interpersonal Relationships）における自己開示のプロセス、および論文「ユーモアの個人差：ユーモアスタイル質問紙（HSQ）の開発」に基づく親和的・自己卑下的ユーモアの対人効果研究,1973年（アルトマン＆テイラー）、2003年（マーティンらの論文）,Irwin Altman & Dalmas Taylor（I.アルトマン＆D.テイラー / 米国の社会心理学者）、Rod A. Martin（ロッド・A・マーティン / カナダの臨床心理学者）
大分類 II：社会科学（Social Sciences）,,第14章 コミュニケーション学（Communication Studies）,14.4,対立解消（コンフリクト・マネジメント）におけるユーモアの視点再構成,対人関係の対立（コンフリクト）を研究するジョイス・ホッカーやウィリアム・ウィルモットらの理論によれば、対立状態にある当事者は「自分と相手の利害は完全に背反している」という固定化された認識（フレーミング）に囚われています。この極度の緊張状態において適切なユーモアが投入されると、当事者の認知的な枠組みが強制的に揺さぶられる「リフレーミング（視点の再構成）」が起きます。笑いによって感情的なヒートアップが冷却されると同時に、「対立する敵同士」という構図から、「同じジョークを共有する人間同士」へと関係性が一時的に再定義され、建設的な妥協点や創造的な問題解決（統合的アプローチ）を探るための心理的・認知的な余白が生まれることが解明されています。,なぞかけの論理的メカニズムは、コンフリクト解消における「リフレーミング」のプロセスと論理的構造を共有しています。なぞかけは、一見すると全く無関係、あるいは相容れない「A」と「B」という二つの概念に対し、第三の視点である「掛詞（その心）」を提示することで、両者の間に隠された見事な共通点（合意点）を発見するゲームです。これは、激しく対立する意見（AとB）の間で膠着するコミュニケーションにおいて、双方が納得する全く新しい次元の解決策（第三の案）を見つけ出すコンフリクト・マネジメントの知的プロセスそのものと言えます。なぞかけ的な「視点の飛躍」は、対立や乖離の構造を笑いと共感へと反転させる対人関係のハッキング技術なのです。,『対人コンフリクト』（Interpersonal Conflict）におけるコミュニケーション・アプローチ、およびポール・ワツラウィックらの著書『変化の原理（Change: Principles of Problem Formation and Problem Resolution）』等における「リフレーミング」の心理学的コミュニケーション研究,1974年（ワツラウィックらの著書発行）、1978年（ホッカー＆ウィルモットの初版）,Joyce L. Hocker & William W. Wilmot（J.L.ホッカー＆W.W.ウィルモット / コミュニケーション学者）、Paul Watzlawick（ポール・ワツラウィック / 心理学者）ら
大分類 II：社会科学（Social Sciences）,,第14章 コミュニケーション学（Communication Studies）,14.5,非言語コミュニケーション（表情、視線、間）とジョークの成功率,アルバート・メラビアンやレイ・バードウィステルらに端を発する非言語コミュニケーションの研究によれば、対人相互行為において伝達されるメッセージの大部分は、言語（テキスト）そのものではなく、声のトーン（パラ言語）、表情や視線（キネシクス）、そして沈黙の時間（クロネミクス＝時間的コミュニケーション）に依存しています。特にユーモアやジョークの成功率は、この非言語的要素に極めて敏感です。オチを言う前の絶妙な「間（ポーズ）」が聞き手の期待（不確実性）を最大限に高め、オチと同時に見せる特有の表情やアイコンタクトが、社会学者アーヴィング・ゴフマンらが指摘する「これは遊び（冗談）である」というメタ・メッセージ（キーイング）として機能します。ジョークの成否は、テキストの論理的完成度以上に、発話者の身体を通じた緻密な非言語的タイミングの制御能力にかかっていることが実証されています。,なぞかけは、テキストのパズルであると同時に、高度な「非言語コミュニケーションの演劇」です。「?とかけて、?と解く」と発声したのち、「その心は」と言うまでの間に生じる数秒の「間（沈黙）」。このとき、演者は視線を泳がせたり、逆に観客をじっと見つめたり、自信ありげな表情を作ったりすることで、観客の認知的テンションを極限まで引き上げます。仮にAIの合成音声が全く同じテキストを一定の速度で読み上げたとしても、この「間」と「表情」という非言語的な演出が欠落していれば、ユーモアとしての効果は著しく減損します。なぞかけは、言葉の響きの美しさと、人間の身体が作り出す非言語的なサスペンス（沈黙のコントロール）が完璧に同期したときにのみ最大のカタルシスを生む、コミュニケーションの総合芸術なのです。,キネシクス（Kinesics: 身体動作学）およびクロネミクス（Chronemics: 時間的コミュニケーション）に関する非言語コミュニケーション研究、ならびにアーヴィング・ゴフマンの『フレーム分析』におけるキーイング概念,1952年（バードウィステルのキネシクス提唱）、1974年（ゴフマンのフレーム分析）、1970年代以降（ブルーノーらのクロネミクス研究）,Ray Birdwhistell（レイ・バードウィステル / 人類学者）、Thomas J. Bruneau（トーマス・J・ブルーノー / コミュニケーション学者）、Erving Goffman（アーヴィング・ゴフマン / 社会学者）
大分類 II：社会科学（Social Sciences）,,第14章 コミュニケーション学（Communication Studies）,14.6,異文化間コミュニケーションにおけるハイコンテクストユーモアの障壁,文化人類学者・コミュニケーション学者のエドワード・T・ホールが提唱した「高文脈（ハイコンテクスト）／低文脈（ローコンテクスト）文化」の枠組みを用いると、ユーモアが異文化間でいかに翻訳不可能（不可解）な障壁となるかが明確になります。ハイコンテクスト文化におけるコミュニケーションは、言葉そのものの意味よりも、共有された暗黙の了解、歴史的背景、場の空気に強く依存します。この環境で育まれたユーモアや言葉遊びは、多くを語らずに「察する」ことを前提とするため、文化的背景を共有しない異文化の人間（アウトグループ）にとっては、情報が極端に欠落した「解読不能なノイズ」となります。ハイコンテクストな笑いは、内集団の結束を固める一方で、異文化間コミュニケーションにおいては致命的なミスコミュニケーションや疎外感を生み出す、最も高く険しい文化の壁であることが分かっています。,日本の「なぞかけ」は、世界のあらゆる言語的ユーモアの中でも、極北に位置する「超ハイコンテクスト・コミュニケーション」です。なぞかけのオチを理解するには、日本語における膨大な同音異義語のストックだけでなく、時事問題、古いことわざ、日本社会のステレオタイプといった暗黙のデータベースを脳内で瞬時に検索・照合する能力が要求されます。これを外国語に直訳することは不可能であり、背景を一つ一つ説明してしまえば、笑いの命である「即時性」と「カタルシス」は失効します。なぞかけは、日本というハイコンテクスト文化の精髄（エッセンス）を抽出した究極のコミュニケーション形式であり、異文化間においては「共有された文脈がなければ、笑いもまた存在し得ない」というコミュニケーションの冷酷な真実を体現しているのです。,『文化を超えて』（Beyond Culture）における「高文脈／低文脈文化（High-context and Low-context cultures）」の概念、および異文化間コミュニケーションにおけるユーモアの翻訳不可能性研究,1976年（ホールの著作発行）以降,Edward T. Hall（エドワード・T・ホール / 文化人類学者・コミュニケーション学者）
大分類 II：社会科学（Social Sciences）,,第14章 コミュニケーション学（Communication Studies）,14.7,コンピュータ媒介通信（CMC）における絵文字を用いたユーモアの明示,ジョセフ・ウォルサーの「社会的情報処理（SIP）理論」やCMC（コンピュータ媒介通信）研究によれば、テキストベースのデジタル・コミュニケーションでは、声のトーンや表情といった「非言語的手がかり（パラ言語）」が完全に欠落します。このため、皮肉やジョークが文字通りの真面目な意味として誤読され、対立を生むリスクが高まります。これを防ぐためにユーザーが自然発生的に発達させたのが、「（笑）」「www」や「絵文字（スマイリーフェイス）」を用いたユーモアの明示（フレーミング・デバイス）です。テキストの末尾に絵文字を付与する行為は、欠落した非言語情報を補完し、「これは攻撃ではなく冗談（プレイ・フレーム）として解釈せよ」というメタ・メッセージを明示的に付加する、極めて高度な文脈制御のコミュニケーション技術であることが解明されています。,テキスト空間（SNSや掲示板など）に文字だけで書き込まれた「なぞかけ」が、絵文字や（笑）などの補助線なしでも誤読されることなく「言葉遊び」として正しく機能するのは、なぞかけ自体が強固な「フレーム明示の機能」を内包しているからです。「〇〇とかけて〇〇と解く。その心は」という定型的な構文そのものが、CMCにおいて「これは冗談（知的なパズル）である」という文脈を確定させる強力なフレーミング・デバイスとして機能し、巨大な絵文字（スマイリーフェイス）と同じ役割を果たします。なぞかけは、非言語的手がかりが奪われたデジタルテキスト空間においても、その構造の力だけで「ユーモアの文脈」を確実に立ち上げることができる、極めて堅牢なコミュニケーション・パッケージなのです。,「社会的情報処理理論（Social Information Processing Theory）」、およびCMCにおける絵文字（Emoticon/Emoji）とパラ言語的機能の語用論的研究,1992年（ウォルサーのSIP理論提唱）以降のCMC研究,Joseph B. Walther（ジョセフ・B・ウォルサー / コミュニケーション学者）、Susan C. Herring（スーザン・C・ヘリング / 情報科学・言語学者）ら
大分類 II：社会科学（Social Sciences）,,第14章 コミュニケーション学（Communication Studies）,14.8,同調的笑いと愛想笑いの非言語分析と空気を読むスキル,ペネロペ・ブラウンとスティーヴン・レヴィンソンの「ポライトネス理論（丁寧さの理論）」や会話分析によれば、日常会話における「笑い」の大部分は、純粋なおかしさ（ユーモア）に対する生理的反応ではなく、相手の面子（フェイス）を保つための社会的な潤滑油（愛想笑い・同調的笑い）です。相手が冗談らしきものを言った際、たとえ面白くなくても瞬時に口角を上げ、声を出して同調する行為は、「私はあなたに敵意を持っておらず、あなたの発言を支持している」という協力関係のシグナルです。日本社会において特に重視される「空気を読む」というスキルは、ゲイル・ジェファーソンが指摘する「笑いへの招待（invitation to laugh）」の合図と、それに続く「TRP（Transition Relevance Place：発話の順番交替可能点）」を非言語的文脈からミリ秒単位で察知し、適切な量の愛想笑いを即座に提供する、極めて高度で疲労を伴う対人配慮のコミュニケーション実践であることが実証されています。,宴席や結婚式などで披露される「なぞかけ」は、この「同調的笑い（愛想笑い）」と「拍手」という社会的配慮を、集団全体で一斉に、かつ安全に行うための儀礼的装置として機能します。演者が「その心は」と言ってオチを述べた瞬間は、参加者全員に対して「さあ、ここが笑う（あるいは感心して拍手する）ためのTRPですよ」という明確な合図（シグナル）となります。この明確な構造があるおかげで、参加者は「いつ笑えばいいのか」という空気を探り合う心理的負担から解放されます。たとえオチの出来がイマイチであったとしても、なぞかけのフォーマットに則って同調的な拍手を送ることで、その場にいる全員が「空気が読める協調的な人間」としての役割を安全に果たすことができるのです。,『ポライトネス（Politeness: Some Universals in Language Usage）』におけるフェイス維持の理論、およびゲイル・ジェファーソンらによる相互行為における「笑いへの招待」の会話分析,1987年（ブラウン＆レヴィンソンの著書出版）、1979年（ジェファーソンの論文発表）,Penelope Brown & Stephen Levinson（P.ブラウン＆S.レヴィンソン / 言語人類学者）、Gail Jefferson（ゲイル・ジェファーソン / 社会学者・会話分析家）
大分類 II：社会科学（Social Sciences）,,第14章 コミュニケーション学（Communication Studies）,14.9,ペルソナの使い分けと状況に応じたユーモア表現の適応性,マーク・スナイダーの「セルフ・モニタリング理論」や、ハワード・ジャイルズの「コミュニケーション適応理論（CAT）」によれば、コミュニケーション能力の高い人間（高セルフ・モニター）は、自分が置かれた状況や対峙する相手の属性に合わせて、自らのペルソナ（仮面・キャラクター）と発話スタイルを柔軟に使い分けます。ユーモアの表出も例外ではなく、気の置けない友人の前では「毒舌のペルソナ（攻撃的ユーモア）」を演じ、職場では「温厚なペルソナ（親和的ユーモア）」を演じます。ユーモア表現の適応性とは、単に面白いことを言う能力ではなく、「この場の規範において、どのようなペルソナで、どのレベルの言葉遊びを提示（表出）すれば、自分と相手の社会的距離が最適化されるか」を瞬時に計算し、調整する高度なコミュニケーションのチューニング能力であることが分かっています。,なぞかけは、その中身（お題とオチ）のモジュールを入れ替えるだけで、あらゆるペルソナの使い分けに対応できる「万能の適応ツール」です。同じ演者であっても、フォーマルな祝賀会では「縁起の良い言葉」で構成されたなぞかけを用いて「知的な常識人」のペルソナを提示し、深夜の酒場では「下ネタやブラックジョーク」を掛詞に用いて「破天荒な遊び人」のペルソナを提示することができます。なぞかけという「器（フォーマット）」自体が知的で伝統的な権威を持っているため、中身を状況に合わせていかようにもスライドさせながら、自らのコミュニケーション上の立ち位置（ペルソナ）を自在に演じ分けることが可能になるのです。,「セルフ・モニタリング理論（Self-monitoring of expressive behavior）」および「コミュニケーション適応理論（Communication Accommodation Theory）」,1974年（スナイダーの論文発表）、1973年（ジャイルズの理論提唱）以降のCAT研究,Mark Snyder（マーク・スナイダー / 社会心理学者）、Howard Giles（ハワード・ジャイルズ / コミュニケーション学者）
大分類 II：社会科学（Social Sciences）,,第14章 コミュニケーション学（Communication Studies）,14.10,リーダーシップとユーモア：上司のジョークが心理的安全性に及ぼす影響,エイミー・エドモンドソンらの組織論やリーダーシップにおけるユーモア研究によれば、権力者（上司）の放つジョークは、組織の「心理的安全性（Psychological Safety）」を左右する諸刃の剣です。リーダーが自らの失敗を笑い飛ばす「自虐的ユーモア」や、メンバーの緊張をほぐす「親和的ユーモア」を使用した場合、組織内の権力勾配（ヒエラルキーの壁）が一時的に平準化され、「ここでは失敗や率直な意見を言っても罰されない」という強固な心理的安全性が醸成されます。一方で、リーダーが部下をいじる「からかい」や、他部署を貶める「攻撃的ユーモア」を用いた場合、それは「権力による暗黙の威圧」として機能し、部下は沈黙と萎縮を強いられます。リーダーのユーモアの質は、その組織のコミュニケーション風土を決定づける最も重要なバロメーターであることが実証されています。,社長の訓示や上司の乾杯の挨拶などで用いられる「なぞかけ」は、リーダーシップの発露として極めて強力な効果とリスクを持ちます。上司が「自社の厳しい現状とかけて?」といった自虐を交えた見事ななぞかけを披露すれば、知性を証明しつつも自らを「笑われる対象」へと引き下げることで、部下との距離を縮め、心理的安全性を高めることができます。しかし、もしそのなぞかけのオチが「部下の残業」や「特定の個人の失敗」を揶揄（言葉遊びでオブラートに包んだ攻撃）するものであった場合、部下は「同調的笑い」を強制されると同時に、反論不能なハラスメントを受け、組織の心理的安全性は著しく損なわれます。なぞかけは、リーダーの人間性と権力行使のセンスを残酷なまでに可視化する、組織コミュニケーションの試金石なのです。,組織の「心理的安全性（Psychological Safety）」の理論、ロッド・A・マーティンらによる「ユーモア・スタイル（Humor Styles）」の分類研究、およびリーダーシップとユーモアの組織行動学研究,1999年（エドモンドソンの概念提唱、アボリオらの論文）、2003年（マーティンのユーモア・スタイル提唱）,Amy C. Edmondson（エイミー・C・エドモンドソン / 組織行動学者）、Rod A. Martin（ロッド・A・マーティン / 心理学者）、Bruce J. Avolio（ブルース・J・アボリオ / リーダーシップ研究者）ら
大分類 II：社会科学（Social Sciences）,,第14章 コミュニケーション学（Communication Studies）,14.11,説得的コミュニケーションにおけるユーモアが態度変容に与える効果,リチャード・ペティとジョン・カシオポが提唱した「精緻化見込みモデル（ELM）」などの説得的コミュニケーション研究によれば、広告やスピーチにおいてユーモア（言葉遊び）を用いることは、受け手の「態度変容」を促す強力な戦略となります。人は論理的な説得（中心ルートでの情報処理）を受けると、無意識のうちに「反論（カウンター・アーギュメント）」を頭の中で組み立て、防御姿勢をとります。しかし、メッセージにユーモアが混ざっていると、聞き手は「笑いを理解すること」に認知資源を奪われるため、反論を組み立てる余裕を失います（気晴らし効果／Distraction Effect）。中心ルートでの思考が阻害された結果、笑いによるポジティブな感情やユーモア自体が手がかりとなり、「周辺ルート」での情報処理が優位になります。これにより論理的な隙があっても警戒心が解かれ、結果的に発信者の主張をすんなりと受け入れてしまうという、ユーモアがもたらす認知的な防御の迂回効果が実証されています。,なぞかけは、この「ユーモアによる反論の抑制と周辺ルートへの誘導」を極めて短い時間で引き起こす説得の技術です。例えば、自社の商品の良さをアピールする際、単にスペックを並べるのではなく「自社の新製品とかけて?」となぞかけを披露するとします。聞き手は「どう解くんだ？」というパズルの思考に引き込まれるため、「本当にその製品は他社より優れているのか？」という論理的な反論（中心ルートでの精緻化）を一時的に停止させられます。そして、見事な掛詞（オチ）を聞いて「なるほど（上手い）！」と感心した瞬間、そのポジティブな感情は周辺ルートを通じてそのまま「その製品の魅力」に対する肯定的な評価へとすり替わります。なぞかけは、知的な快感によって聞き手の論理的バリアを突破する、高度な説得的コミュニケーションのパッケージなのです。,「精緻化見込みモデル（Elaboration Likelihood Model）」をはじめとする説得と態度変容に関する社会心理学的研究、およびユーモアの気晴らし（Distraction）効果の研究,1986年（ELMの体系化）、1973年以降の広告・説得コミュニケーション研究（スタンサルら）,Richard E. Petty & John T. Cacioppo（R.E.ペティ＆J.T.カシオポ / 社会心理学者）、Brian Sternthal（ブライアン・スタンサル / マーケティング学者）ら
大分類 II：社会科学（Social Sciences）,,第14章 コミュニケーション学（Communication Studies）,14.12,メタ言語能力（客観視）と機知（ウィット）の相関,言語学者のロマーン・ヤコブソンが論文『言語学と詩学』で分類した言語の機能の一つに「メタ言語的機能（言葉そのものについて言及する機能）」があります。また、ヴィクター・ラスキンの「ユーモアのスクリプト意味論（SSTH）」などが示すように、機知（ウィット）や言葉遊びを瞬時に生み出す能力は、この「メタ言語能力（Metalinguistic awareness）」と強く相関しています。メタ言語能力とは、言葉を単なる「意味を伝える透明な道具」として使うのではなく、言葉そのものを「音や構造を持つ物理的な音声形式（シニフィアン）や記号」として客観視し、切り離して操作する認知能力です。日常会話の中で瞬時に気の利いたダジャレや皮肉を言える人間は、相手の話の「意味」を理解しながら、同時にその言葉の「音声的・構造的な別ルートの可能性」をバックグラウンドで高速検索している、極めて高度な多重情報処理（客観視）を行っていることが分かっています。,なぞかけは、日本語における「メタ言語能力」の極致を測る究極の試金石と言えます。「A（お題）」と「B（解き）」という全く意味の異なる事象を、「C（掛詞）」という単一の音声形式で強引に串刺しにするためには、演者は言葉の意味と音を完全に分離してストックしておく必要があります。一般的な会話では「意味」のレイヤーだけでコミュニケーションが進行しますが、なぞかけの演者は「意味のレイヤー」と「音声のレイヤー」を同時に客観視し、空中でパズルのように組み替えています。私たちがなぞかけの達人を「頭の回転が速い（ウィットに富んでいる）」と賞賛するのは、彼らが言葉の持つ透明な意味の壁を突き破り、言語そのものを玩具のように弄ぶという、圧倒的なメタ認知の力を見せつけてくれるからです。,論文『言語学と詩学（Linguistics and Poetics）』における言語の機能に関する理論（メタ言語的機能）、および『ユーモアの意味論的メカニズム』におけるスクリプト意味論（Semantic Script Theory of Humor: SSTH）,1960年（ヤコブソンの論文発表）、1985年（ラスキンの著作出版）,Roman Jakobson（ロマーン・ヤコブソン / 言語学者）、Victor Raskin（ヴィクター・ラスキン / 言語学者・ユーモア研究者）
大分類 II：社会科学（Social Sciences）,,第14章 コミュニケーション学（Communication Studies）,14.13,ネゴシエーション（交渉術）における冗談の力学,ロジャー・フィッシャーらが体系化した「ハーバード流交渉術」や、ビジネス・コミュニケーションにおけるユーモア研究によれば、利害が激しく対立するネゴシエーション（交渉）の場において、冗談や言葉遊びは極めて高度な「戦略的シグナル」として機能します。膠着状態（デッドロック）に陥った際、一方が放つ気の利いたジョークは、「私たちは敵対者ではなく、共同の問題解決者である」という協調的フレームへの移行を促す合図となります。また、ハーバード流交渉術の原則である「人と問題を分離する」という観点からもユーモアは有効です。直接的に要求や不満を突きつけると対人関係が破綻するような場面でも、それを言葉遊びのオブラートに包んで（冗談めかして）伝えることで、決定的な対立（相手への人格的攻撃）を回避しつつ、自らの譲れない一線を「観測気球（テスト・バルーン）」として相手に伝えることができます。交渉における冗談は、関係性の維持と自陣の利益追求という矛盾する二つの目的を同時に達成するための、極めて知的な綱渡りの技術であることが実証されています。,交渉や商談の重苦しい空気を打破する際、日本的なビジネス・コミュニケーションにおいて「なぞかけ」は非常に有効な戦略的バッファ（緩衝材）となります。例えば、相手の厳しい要求に対して直接「無理です」と突っぱねる代わりに、「御社の今回の条件とかけて?」と自虐や皮肉を交えたなぞかけで返したとします。これは「あなたの要求は厳しい」という本音を伝えつつも、「その深刻な状況を、高度な言葉遊びに変換できるだけの精神的余裕と、あなたへの敵意のなさ（ユーモア）」を同時に示しており、フィッシャーらの説く「人と問題を分離する」アプローチを見事に体現しています。見事ななぞかけが交渉のテーブルで決まれば、双方は「笑い」という共通の合意を一つ形成したことになり、その小さな合意の形成が、本来のビジネスの合意形成へと向かうための強力な心理的推進力（モメンタム）を生み出すのです。,『ハーバード流交渉術』（Getting to Yes）に基づく原則的交渉（Principled Negotiation）の理論、および交渉プロセスにおけるユーモアの社会的影響力（Social Influence）に関する実証論文,1981年（フィッシャー＆ユーリーの著作出版）、1981年（オキン＆アロノフの論文発表）,Roger Fisher & William Ury（R.フィッシャー＆W.ユーリー / 交渉学者）、Karen O'Quin & Joel Aronoff（K.オキン＆J.アロノフ / 社会心理学者）
大分類 II：社会科学（Social Sciences）,,第14章 コミュニケーション学（Communication Studies）,14.14,沈黙（サイレンス）のコミュニケーション機能とオチへのサスペンス,沈黙（サイレンス）は単なる「言葉の不在」ではなく、極めて雄弁なメッセージを発する積極的なコミュニケーション行為です。トーマス・ブルーノーらの沈黙学（クロネミクスの一環）によれば、会話における意図的な沈黙は、聞き手の認知的負荷を調整し、次に発せられる言葉への期待（サスペンス）を極限まで高める機能を持っています。特にユーモアの文脈において、クライマックスの直前に挿入される沈黙は、聞き手の脳内に「次に何が来るのか」という予測の空白を作り出し、その後のオチによるカタルシス（緊張の緩和）を何倍にも増幅させる、極めて計算された相互行為の句読点であることが実証されています。,なぞかけにおいて「?と解く」と宣言してから「その心は」と発声するまでの間に挟まれる数秒の沈黙は、発話コミュニケーションにおける最もスリリングな空間です。この沈黙の間に、観客の脳内ではお題と解きを繋ぐ数万語のボキャブラリー検索が高速で行われ、認知的なサスペンスが高まります。なぞかけの美しさは、言語（テキスト）としてのお題やオチの論理的整合性だけでなく、この「沈黙」という非言語的なタメをいかにコントロールするかにかかっています。沈黙は、なぞかけの論理的飛躍を観客に深く味わわせるための、不可欠な認知的余白（キャンバス）なのです。,「コミュニケーションにおける沈黙（Communicative Silences: Forms and Functions）」をはじめとするクロネミクス（時間的コミュニケーション）と沈黙学の研究,1973年（ブルーノーの論文発表）,Thomas J. Bruneau（トーマス・J・ブルーノー / コミュニケーション学者）、Richard L. Johannesen（リチャード・L・ヨハネセン / コミュニケーション学者）
大分類 II：社会科学（Social Sciences）,,第14章 コミュニケーション学（Communication Studies）,14.15,インプレッション・マネジメントとしての知的アピールのアナロジー,社会学者アーヴィング・ゴフマンに端を発し、マーク・リアリーらが発展させた「印象管理（インプレッション・マネジメント）」の理論によれば、私たちはコミュニケーションを通じて「他者からどう見られるか」を常に戦略的に操作しています。会話の中で高度な比喩（アナロジー）や言葉遊びを即座に引き出す行為は、単に事象を分かりやすく説明するためだけではなく、「私は高い語彙力と豊かな教養、そして素早い情報処理能力を持っている」という自己の知的ステータスをアピールするための、極めて有効な印象管理の手段です。ユーモアを交えたアナロジーの成功は、発話者の有能さ（コンピテンス）を社会的に証明し、集団内での評価と発言権を押し上げる強力な効果を持っています。,なぞかけは、日本語のコミュニケーションにおいて最も洗練された「知的アピールのための印象管理ツール」です。「全く無関係に見える二つの事象（お題と解き）の間に、誰も気づかなかった論理的な架け橋（掛詞）を瞬時にかける」というアナロジーの構築能力は、その人間の頭の回転の速さを如実に可視化します。見事ななぞかけを披露した演者は、単に「面白い人」としてだけでなく、「知的で機知に富んだ有能な人」としての強烈な印象（自己呈示）を観客に刻み込みます。なぞかけは、言葉のパズルを解く能力を通じて、自らの社会的価値と文化資本の高さをオーディエンスに証明するための、高度な自己ブランディングの技術なのです。,『行為と演技（The Presentation of Self in Everyday Life）』および『自己呈示の心理学（Self-Presentation: Impression Management and Interpersonal Behavior）』における自己呈示と有能さのアピールに関する研究,1959年（ゴフマンの著書出版）、1995年（リアリーの著書出版）,Mark R. Leary（マーク・R・リアリー / 社会心理学者）、Erving Goffman（アーヴィング・ゴフマン / 社会学者）
大分類 II：社会科学（Social Sciences）,,第14章 コミュニケーション学（Communication Studies）,14.16,サポート・コミュニケーションにおける「共感」と「気分転換のジョーク」,ブラント・バールソンらによるサポート・コミュニケーション（落ち込んでいる人をどう励ますか）の研究によれば、効果的なサポートには二つのアプローチが存在します。一つは感情に寄り添う「共感（Empathy）」ですが、もう一つが、状況を別の視点から見せたり、注意を逸らしたりする「気分転換（Distraction）としてのユーモア」です。深刻なストレス状態にある人に対して、適切なタイミングで知的なジョークや言葉遊びを投げかけると、相手の認知リソースが「悲しみの反芻」から「ジョークの意味の解読」へと一時的に振り向けられます。この認知的な切り替えが一時的な感情の鎮静化をもたらし、ネガティブな状況を客観視させるための心理的な足場（認知的再評価／Cognitive Reappraisalの起点）を提供することが実証されています。,落ち込んでいる友人や同僚に対して、その状況をあえて「お題」にしたなぞかけを披露する行為は、この「気分転換としてのサポート・コミュニケーション」の極致です。例えば、失恋した友人に対して「君の失恋とかけて?」となぞかけを仕掛けると、友人の脳は悲しむことを一時停止し、「どう落とす気だ？」という論理的思考モードへと強力に誘導されます。そこで見事なオチ（掛詞）が決まり、笑いが起きた瞬間、深刻だった悩みが「知的なパズルの一要素」へと相対化・縮小されます。なぞかけが持つ「認知のベクトルを転換させる機能」は、悲しみの沼に沈む人間の思考を論理と笑いの世界へ一時的に引き上げる、強力な心理的レスキュー・ツールとして働くのです。,サポート・コミュニケーションにおける「デュアル・プロセス・モデル（Dual-Process Theory of Supportive Message Outcomes）」、およびユーモアによる認知的再評価（Cognitive Reappraisal）の研究,2000年代以降のバールソンらのコミュニケーション研究,Brant R. Burleson（ブラント・R・バールソン / コミュニケーション学者）、Rod A. Martin（ロッド・A・マーティン / 臨床心理学者）
大分類 II：社会科学（Social Sciences）,,第14章 コミュニケーション学（Communication Studies）,14.17,非対称的関係におけるジョークの解釈権とマクロアグレッション,トゥン・ヴァン・ダイクらの批判的談話分析（CDA）や、権力とコミュニケーションの研究によれば、上司と部下、多数派と少数派といった「非対称的な権力関係」において、ジョークの「解釈権」は常に強者（権力者）の側に独占されます。権力者が弱者の属性をからかうような言葉遊びを発した際、弱者側が不快感を示しても、権力者は「ただの冗談じゃないか」「ユーモアが通じない奴だ」と解釈を強制し、相手の抗議を封殺します。このメカニズムにより、言葉遊びは単なる無自覚な偏見（マイクロアグレッション）にとどまらず、ミクロな相互作用を通じてマクロな社会の差別構造や権力勾配（ヘゲモニー）を公然と維持・強化する、構造的な暴力として巧妙に機能し続けることが解明されています。,なぞかけというフォーマットは、その「高度な伝統芸としての美しさ」ゆえに、この権力的なマイクロアグレッションを隠蔽する極めて危険なシールド（盾）となり得ます。権力者が、部下や立場の弱いマイノリティを「お題」にし、偏見に満ちた「掛詞（オチ）」で結びつけた場合、周囲の人間はその「言葉の巧みさ（論理的構造）」を評価して拍手や笑いを送ってしまいます。このとき、標的にされた弱者は「これは差別だ」と抗議する権利を奪われ、「優れた演芸（なぞかけ）の対象としていじられただけ」という枠組みの中に閉じ込められます。なぞかけは、知的なレトリックで差別や攻撃性をコーティングし、社会の非対称な権力関係を美化して再生産してしまう、コミュニケーション上の刃（やいば）にもなるのです。,「批判的談話分析（Critical Discourse Analysis）」における言語と権力・イデオロギー（ヘゲモニー）の研究、および日常的コミュニケーション（談話）における権力再生産のメカニズム,1993年（ヴァン・ダイクによるCDAの主要論文）以降,Teun A. van Dijk（トゥン・A・ヴァン・ダイク / 言語学者・談話分析家）、Norman Fairclough（ノーマン・フェアクロウ / 言語学者）
大分類 II：社会科学（Social Sciences）,,第14章 コミュニケーション学（Communication Studies）,14.18,メディア・リッチネス理論に基づくテキストチャットでの笑いの伝達,リチャード・ダフトとロバート・レンゲルが提唱した「メディア・リッチネス理論（媒体豊かさ理論）」によれば、コミュニケーション・メディアは、伝達できる情報量（声のトーン、表情、即時性など）の多寡によって「リッチ（豊か）」から「リーン（貧弱）」へと分類されます。対面での会話が最もリッチであるのに対し、文字だけのテキストチャット（メールやメッセージアプリなど）は極めてリーンなメディアです。リーンなメディアでユーモアや皮肉を伝達しようとすると、非言語情報が削ぎ落とされているため、受け手に真意が伝わらず誤解や対立を招くリスクが高まります。そのため、テキストベースのコミュニケーションにおいては、絵文字や「w」「（笑）」といった記号を付加することで、失われたパラ言語的情報を意図的に付与（代替）し、「これは冗談である」という文脈を再構築する工夫が不可欠であることが解明されています。,「なぞかけ」は、この「リーンなメディア（文字だけの空間）」においても、非言語情報の補完を一切必要とせずに笑いを成立させることができる、極めて特異で堅牢な言語フォーマットです。「〇〇とかけて〇〇と解く。その心は」という定型的な構文そのものが、「ここから先は言葉の意味が多層化される遊戯的フレームである」という強烈な文脈（メタ・メッセージ）を自己内包しています。そのため、テキストチャットやSNS上で絵文字などのリッチネス補完ツールを使わなくとも、文字の配列と論理的飛躍だけで、受け手の脳内に確実なユーモアの文脈を立ち上げることができます。なぞかけは、テキストという最も貧弱（リーン）なメディア環境において、言葉の論理構造のみで豊かな笑いを伝送する、究極のデータ圧縮技術なのです。,「メディア・リッチネス理論（Media Richness Theory）」に基づく組織内の情報伝達とメディア選択の研究,1986年（ダフトとレンゲルの主要論文発表）,Richard L. Daft & Robert H. Lengel（R.L.ダフト＆R.H.レンゲル / 組織情報・コミュニケーション学者）
大分類 II：社会科学（Social Sciences）,,第14章 コミュニケーション学（Communication Studies）,14.19,失敗（スベる）に対する修復方略と気まずさの回復メカニズム,エマニュエル・シェグロフらの会話分析や、アーヴィング・ゴフマンのフェイス・ワーク（面子を保つ技術）の研究によれば、会話の中で冗談が失敗して誰も笑わない（スベる）という状況は、発話者の「社会的面子（フェイス）」が傷つき、その場の相互行為の秩序が崩壊する重大なコミュニケーションの危機（トラブル）です。この気まずい沈黙が発生した直後、人々は瞬時に「修復（Repair）」のメカニズムおよびフェイスの回復作業を発動させます。発話者自身が「……という冗談だったんですけどね」と自ら取り繕う「自己開始の修復（セルフ・リペア）」を行ったり、聞き手が「全然面白くないぞ！」とあえてツッコミを入れて失敗自体を笑いに変換する「他者開始の修復（アザー・リペア）」を行ったりします。会話におけるユーモアの失敗は、単なる発言のミスで終わるのではなく、その場にいる全員が協力して相互行為の秩序と面子を回復しようとする、極めて高度な社会的協働作業（リカバリー）のプロセスを浮き彫りにします。,なぞかけは、「整いました」と宣言して全員の注目を集めるため、オチの掛詞が弱かったり論理が破綻していたりして「スベった」ときの気まずさ（フェイスの喪失リスク）が、他の言葉遊びに比べて圧倒的に大きいという特徴を持ちます。しかし、なぞかけの文化にはこの絶望的な失敗を修復するための強力なフォーマットも用意されています。「お後がよろしいようで」「整いませんでした」といった定型的な自己修復（降伏宣言）や、観客からの「山田くん、座布団全部持ってって！」といった愛のある他者修復（フェイス救済としてのツッコミ）です。なぞかけは、オチが見事に決まるカタルシスだけでなく、見事にスベった後の「演者と観客による様式美としての修復作業（イジり）」をもエンターテインメントとして包括する、懐の深いコミュニケーションの遊び場なのです。,会話分析における「修復（Repair）」の組織化のメカニズム、および『相互行為の儀礼（Interaction Ritual）』におけるフェイス・ワークの理論,1977年（シェグロフらによる修復の主要論文発表）、1967年（ゴフマンの著作出版）,"Emanuel Schegloff, Harvey Sacks, Gail Jefferson（会話分析の創始者たち）、Erving Goffman（アーヴィング・ゴフマン / 社会学者）"
大分類 II：社会科学（Social Sciences）,,第14章 コミュニケーション学（Communication Studies）,14.20,発話のテンポとユーモアが会話のダイナミクスに与える影響,スティーヴン・スミスらの説得コミュニケーションにおける発話速度の研究や、会話分析におけるターン・テイキング（順番交替）の研究によれば、「発話のテンポ（Speech rate）」は聞き手の感情や情報処理に甚大な影響を与えます。テンポの速いリズミカルな会話は、聞き手に「発話者は有能で自信がある」という印象を与え、同時に聞き手の「論理的な反論を組み立てる時間」を奪うため、感情的な巻き込み（エンゲージメント）を劇的に高めます。特にユーモアの表出において、発話のテンポが心地よいビートを刻むことで、聞き手は言葉の細かい意味よりも「リズムのうねり（ダイナミクス）」に同調しやすくなります。会話を支配する者は、テキストの内容だけでなく、発話のペーシング（速度と間合い）を自在にコントロールすることで集団の認知的な波長を同期させ、笑いや熱狂を意図的に引き起こしていることが実証されています。,なぞかけの真の美しさは、実はテキストの論理性以上に「特有のテンポとリズム（ダイナミクス）」に宿っています。「〇〇とかけて（タメ）、〇〇と解く（タメ）。その心は（クレッシェンド）……〇〇でしょう（ブレイク・解決）」という一連の流れは、音楽におけるコード進行やリズム・パターンの解決と全く同じ認知的快感を持っています。名人は、観客の反応を見ながらこのテンポを自在に伸縮させます。テンポが遅すぎれば観客は飽きて思考が散漫になり、速すぎれば掛詞の意味を理解する前に終わってしまいます。なぞかけとは、日本語特有の音韻（モーラ）を楽器のように操り、エントレインメント（引き込み現象）によって観客の認知リズムを自らの発話テンポに完全に同期させた瞬間にオチを投下するという、極めて音楽的でダイナミックな時間芸術なのです。,発話速度（Speech rate）と説得・好意度に関する社会心理学的研究、および会話分析における「ターン・テイキング」と相互行為の同期（Interactional Synchrony / Entrainment）の研究,1991年（スミス＆シェーファーの発話速度に関する論文）、1974年（サックスらの順番交替のシステム）,Stephen M. Smith & David R. Shaffer（S.M.スミス＆D.R.シェーファー / 心理学者）、Harvey Sacksら（会話分析家）
大分類 II：社会科学（Social Sciences）,,第15章 政治学・公共政策学（Political Science and Public Policy）,15.1,選挙キャンペーンのキャッチフレーズにおける修辞的構造と意思決定,ジョージ・レイコフの「フレーミング理論」や政治心理学の知見によれば、選挙戦における有権者の意思決定は、緻密な政策パンフレットの熟読よりも、直感的に処理しやすい「短いキャッチフレーズ」に強く依存します。ここで重要になるのが言葉遊び（修辞的構造）です。対句、頭韻、語呂合わせなどを用いたリズミカルなスローガンは、人間の脳に「処理の流暢性（Cognitive Fluency）」をもたらします。マシュー・マクグローンらの心理学実験では、「韻を踏んだり語呂が良い文章は、そうでない文章よりも『真実である』と錯覚されやすい（韻としての理由効果／Rhyme-as-reason effect）」ことが証明されています。政治的なキャッチフレーズにおける言葉遊びは、単なる印象操作にとどまらず、複雑な社会課題に対する有権者の論理的思考をショートカットさせ、認知的近道（ヒューリスティックス）を通じた直感的な納得感へと直結させる強力な政治的ハッキングツールであることが分かっています。,優れた選挙スローガンは、極めて洗練された「なぞかけのオチ」と同じ認知メカニズムで働きます。有権者が抱える不満や社会の課題（お題）に対し、政治家は自らの政策やビジョン（解き）を提示します。この二つを結びつける際、論理的なデータではなく「記憶に残る語呂合わせや比喩（掛詞）」を用いることで、有権者の脳内には「なるほど、この人が解決してくれそうだ」という論理的検証を欠いた認知的カタルシス（カチッとはまる感覚）が生まれます。なぞかけが言葉の響きで論理の飛躍を正当化するように、政治のキャッチフレーズもまた、言葉遊びの魔法によって「政策の実現可能性」という複雑な問題を、「耳触りの良さ」という単純な快楽へとすり替えているのです。,『象は考えるな』（Don't Think of an Elephant\!）における政治的フレーミングの研究、および「処理の流暢性」と「韻としての理由効果（Rhyme-as-reason effect）」に関する認知心理学的研究,2004年（レイコフの著作出版）、2000年（マクグローンらの論文発表）,George Lakoff（ジョージ・レイコフ / 認知言語学者）、Matthew S. McGlone（マシュー・S・マクグローン / コミュニケーション学者）ら
大分類 II：社会科学（Social Sciences）,,第15章 政治学・公共政策学（Political Science and Public Policy）,15.2,権威主義体制下におけるアネクドート（政治的ジョーク）の体制批判機能,政治学者ジェームズ・C・スコットは、権力者と従属者の関係を分析し、弾圧の激しい権威主義体制下において、民衆が表面上は服従を装いながらも、裏では密かに権力者を笑いものにする行為を「隠れた台本（Hidden Transcripts）」と呼びました。秘密警察の監視下で直接的な政府批判を行えば収容所送りになりますが、民衆は「アネクドート（旧ソ連などの小話）」や「ダブルミーニング」を用いた政治的ジョークを口承で流通させます。この種の言葉遊びは、絶望的な状況下での単なるガス抜き（安全弁）にとどまらず、「権力者のプロパガンダがいかに滑稽で虚偽に満ちているか」を暴き出し、体制の正統性を言語のレベルから静かに侵食・解体していく、最も非暴力で強靭なレジスタンス（抵抗運動）として機能することが解明されています。,アネクドートに代表される反体制的な政治ジョークは、「命がけのなぞかけ」としての構造的同一性を持っています。弾圧下におけるジョークは、検閲官（体制側）が聞けば「ただの無害な世間話（表のお題）」に聞こえなければなりません。しかし、同じ抑圧を共有する民衆（内輪）が聞けば、そこに隠された「掛詞」を通じて、体制への痛烈な批判（裏のオチ）が鮮やかに立ち上がります。なぞかけの「二つの異なる意味を一つの言葉に同居させる」という構造は、権力の監視網（表の言葉）をすり抜けながら、同志との間にだけ反逆のメッセージ（裏の意味）を共有するための、極めて高度な暗号的コミュニケーション（ステガノグラフィー）として政治的に利用できるのです。,『弱者の武器』（Weapons of the Weak）および『支配と抵抗の術：隠れた台本』（Domination and the Arts of Resistance: Hidden Transcripts）における日常的抵抗の研究、およびアネクドートの分析,1985年、1990年（スコットの著作出版）,James C. Scott（ジェームズ・C・スコット / 政治学者・人類学者）
大分類 II：社会科学（Social Sciences）,,第15章 政治学・公共政策学（Political Science and Public Policy）,15.3,熟議民主主義におけるユーモアの合意形成プロセスへの影響,ユルゲン・ハーバーマスが提唱したような、理性的な対話による合意形成を目指す「熟議民主主義（Deliberative Democracy）」の理論において、かつて感情やユーモアは「合理的な議論を妨げる不純物」として排除されがちでした。しかし、ジョン・ドライゼクら後続の政治学者たちは、現実の政治的対立（分極化）において、厳密な論理的議論だけでは相手を追い詰め、かえって対立を激化させてしまう限界を指摘しました。近年の研究では、深刻なイデオロギーの対立が生じている熟議の場において、適切なユーモアや言葉遊び（修辞）が投入されると、緊張が緩和され、参加者の間に一時的な「共通の人間性（連帯感）」が構築されることが分かっています。ユーモアは、硬直した論理の対立構造を脱構築し、柔軟な妥協点を探るための創造的な「第三の空間」を生み出す、極めて重要な政治的リソースとして再評価されています。,議会や市民集会など、意見が真っ二つに割れて膠着している熟議の場において、気の利いた「なぞかけ」は、対立の構造を脱構築する修辞的触媒となり得ます。激しく対立する意見Aと意見Bがあるとき、一方が「この議論の現状とかけて?」となぞかけを披露し、双方が納得できる鮮やかな掛詞（オチ）で場に笑いが起きたとします。このとき、なぞかけは「AかBか」というゼロサムの対立を一時的に無化し、「同じ言葉遊びの美しさを共有できた」というメタ・レベルの合意（シンセシス）へと導きます。なぞかけは、論理的な正しさだけで相手をねじ伏せるのではなく、言葉の多義性を利用して双方の面子を保ちながら、対立を一つ上の次元で統合する、熟議民主主義のための「実践的なアウフヘーベン（止揚）の技術」なのです。,『熟議民主主義の展開』（Deliberative Democracy and Beyond）における修辞（Rhetoric）と感情の復権、および政治的討議におけるユーモアの機能研究,2000年（ドライゼクの著作出版）以降の熟議民主主義の展開,John S. Dryzek（ジョン・S・ドライゼク / 政治学者）、Jane Mansbridge（ジェーン・マンスブリッジ / 政治学者）
大分類 II：社会科学（Social Sciences）,,第15章 政治学・公共政策学（Political Science and Public Policy）,15.4,政治家の答弁における「はぐらかし」としての不適切なアナロジー,ピーター・ブルらの政治コミュニケーション研究によれば、議会答弁や記者会見において、政治家は都合の悪い質問（ストレートな追及）に対し、決して正面から「Yes / No」で答えません。このとき頻繁に用いられる戦術が、「アナロジー（比喩）」や「言葉遊び」を用いた論点のすり替え（はぐらかし＝Equivocation）です。政治家は、質問の核心部分から焦点をずらすために、一見関係ありそうな別の事象を持ち出し、「要するにこういうことだ」と比喩を用いて煙に巻きます。談話分析の視点からは、この不適切なアナロジーの多用は、言葉を豊かにするためではなく、自らの発言の責任（アカウンタビリティ）を曖昧にし、後からどうとでも解釈できる逃げ道（もっともらしい否認／Plausible Deniability）を確保するための、極めて計算された権力維持の言語戦略であることが実証されています。,政治家による「はぐらかしの答弁（詭弁）」は、悪意を持って歪められた「失敗したなぞかけ」のアンチパターン構造を持っています。国民や記者が突きつける厳しい追及（お題）に対し、政治家は誠実な回答（解き）を提示する義務があります。しかし、彼らは全く無関係で論理性のない事象を強引に持ち出し、詭弁という名の「質の悪い掛詞」で無理やり着地させようとします。なぞかけが「なるほど！」という知的な納得感を生むのに対し、政治家のはぐらかしは説明責任を無効化し、「結局何が言いたかったのか分からない」という煙幕（ごまかし）を生み出すことを目的としています。なぞかけの構造を利用して言葉の意味を意図的に空洞化させるこの行為は、言葉遊びが持つレトリックの力を、民主主義の根幹である「対話の責任」から逃走するために悪用した例と言えるでしょう。,『政治コミュニケーションの微視的分析』（The Microanalysis of Political Communication: Claptrap and Ambiguity）における「はぐらかし（Equivocation）」と非回答の技術に関する分析、およびエッセイ『政治と英語』,2003年（ブルの著作出版）、1946年（オーウェルのエッセイ発表）,Peter Bull（ピーター・ブル / 心理学者・政治コミュニケーション論）、George Orwell（ジョージ・オーウェル / 作家・思想家）
大分類 II：社会科学（Social Sciences）,,第15章 政治学・公共政策学（Political Science and Public Policy）,15.5,ポピュリズム政治に見られる「エリートvs大衆」の対立を煽るレトリック,政治学者カス・ムデやエルネスト・ラクラウらのポピュリズム研究によれば、ポピュリズムは単一の強固な思想体系ではなく、「純真な大衆」と「腐敗したエリート」という二つの同質的な陣営に社会を分割する、特有の「薄いイデオロギー」および「言説実践（Discourse Practice）」です。ポピュリストの政治家は、複雑な社会問題を説明する際、客観的なデータではなく、キャッチーなレッテル貼り、単純化された比喩、そして扇情的な言葉遊び（レトリック）を多用します。この言葉の操作によって、人々のバラバラな不満を「等価の連鎖（chain of equivalence）」として結びつけ、「私たち（被害者）」と「彼ら（加害者）」という境界線を大衆の認知内に強制的に引き直します。これにより既存の民主主義制度への不信感を煽り立て、自らへの熱狂的な支持（動員）へと変換していくメカニズムが実証されています。,ポピュリストの扇動的なレトリックは、「悪意を持って設計されたなぞかけ」と似た構造を持っています。彼らは、国民の経済的不安や多様な不満（お題）に対し、「それは腐敗したエリート（あるいは特定のマイノリティ）のせいだ」という極端な解答（解き）を提示します。そして、そこに感情を逆撫でするような見事なキャッチフレーズや比喩（掛詞）を挟み込むことで、大衆に「なるほど、奴らのせいだったのか！」という強烈なカタルシスを与えます。なぞかけの論理的飛躍が「笑い」を生むのに対し、ポピュリズムの論理的飛躍は「分断と怒り」を生み出します。どちらも、複雑な現実を「言葉のトリック」によって単純化し、聞き手に瞬間的な納得感を強制する極めて強力な認知操作（マニピュレーション）の技術なのです。,論文『ポピュリストの時代精神』（The Populist Zeitgeist）における概念的（薄いイデオロギー）アプローチの研究、および『ポピュリスト的理性』（On Populist Reason）における言説的アプローチ,2004年（ムデの主要論文発表）、2005年（ラクラウの著作出版）,Cas Mudde（カス・ムデ / 政治学者）、Ernesto Laclau（エルネスト・ラクラウ / 政治哲学者）
大分類 II：社会科学（Social Sciences）,,第15章 政治学・公共政策学（Political Science and Public Policy）,15.6,プロパガンダにおける敵対国の非人間化を促すメタファー,デイヴィッド・リヴィングストン・スミスらの政治心理学やプロパガンダ研究によれば、国家が戦争やジェノサイド（大量虐殺）へと突き進む際、為政者は敵対国の国民を「ネズミ」「寄生虫」「病原菌」といった人間以外のものに例えるメタファー（比喩表現）を意図的に反復使用します。言葉遊びや修辞を用いて敵を「非人間化（Dehumanization）」するこの行為は、兵士や国民が本来持っている「同じ人間を殺してはいけない」という道徳的ブレーキ（心理的障壁）を麻痺させるための極めて冷酷な言語的洗脳プロセスです。メタファーは単なる文学的表現ではなく、人間の倫理的認知のフレームを書き換え、国家の暴力行為を正当化するための極めて破壊的な政治的武器として機能することが歴史的に証明されています。,なぞかけは「AはBである、なぜならC（掛詞）だからだ」という、メタファー（比喩）の構造そのものです。なぞかけにおいて、この構造は二つの事象の平和的な結びつきや「笑い」を発見するために使われます。しかし、戦時下のプロパガンダにおける非人間化は、この全く同じ認知メカニズムを「悪用」します。「敵国（お題）とかけて、害虫（解き）と解く。その心は?」という論理構造を国民の脳内に構築し、笑いではなく「嫌悪感」と「恐怖」を植え付けるのです。なぞかけが人間の想像力を豊かにする魔法の言葉遊びであるとすれば、非人間化のメタファーは、その同一の論理構造を流用して人間の道徳的歯止めを破壊する、認知的兵器としての側面を浮き彫りにしています。,"『人間以下の存在』（Less Than Human: Why We Demean, Enslave, and Exterminate Others）における非人間化の心理学的メカニズム、および政治言語における批判的メタファー分析（Critical Metaphor Analysis）",2011年（スミスの著作出版）以降の研究,David Livingstone Smith（デイヴィッド・L・スミス / 哲学者・進化心理学者）、Jonathan Charteris-Black（ジョナサン・チャータリス＝ブラック / 応用言語学者）
大分類 II：社会科学（Social Sciences）,,第15章 政治学・公共政策学（Political Science and Public Policy）,15.7,検閲制度下における文学や演劇の暗号的抵抗の歴史,政治哲学者レオ・ストラウスは『迫害と著述の技法』において、全体主義や厳しい検閲制度（弾圧）の時代に生きる思想家や作家たちが、どのようにして自らの命を守りながら真実を伝えたかを分析しました。彼らは、表面上は体制に従順で無害な文章（顕教的教説：Exoteric writing）を装いながら、行間や「言葉遊び（寓意、ダブルミーニング、アイロニー）」の中に、高度なリテラシーを持つ同志にしか解読できない体制批判のメッセージ（密教的教説：Esoteric writing）を埋め込むという「暗号的著述の技法」を発達させました。政治的抑圧下における言葉の多義性の利用は、単なる知的な装飾ではなく、国家の監視網の目を盗んで「自由の火」をリレーするための、極めて切実で高度なサバイバル戦略（テクストを通じた政治的レジスタンス）であったことが解明されています。,抑圧下における「暗号的著述」は、本質的に「国家権力に対する命がけのなぞかけ」です。検閲官（権力）がテキストを読むと、それは「体制を賛美する無害な言葉（表のお題＝顕教的教説）」としてしか認識されません。しかし、同じ思想的文脈を共有する同志が読めば、そこに隠された「掛詞（ダブルミーニング）」が起動し、痛烈な体制批判（裏のオチ＝密教的教説）が現れます。なぞかけが持つ「一つの音声や文字に二つの異なる意味のレイヤーを忍ばせる」という構造は、権力の監視の真下で、彼らを嘲笑いながら真実を流通させるための情報隠蔽技術（ステガノグラフィー）として機能します。なぞかけの構造の深淵には、言論の弾圧と闘い抜いてきた人類の「言葉のゲリラ戦」の記憶が刻まれているのです。,『迫害と著述の技法』（Persecution and the Art of Writing）における顕教的／密教的テキストの読解理論、および検閲下の文学と政治の思想史研究,1952年（ストラウスの著作出版）,レオ・ストラウス（政治哲学者）
大分類 II：社会科学（Social Sciences）,,第15章 政治学・公共政策学（Political Science and Public Policy）,15.8,公共政策のネーミングにおける言葉の政治学（例：異次元の〇〇）,政治学者マレー・エデルマンは「象徴としての政治」という概念を提唱し、政治の大部分は大衆の不安を和らげるための「象徴（シンボル）の操作」であると指摘しました。現代の公共政策において、「異次元の少子化対策」「三本の矢」「令和の所得倍増」といったインパクトのある言葉遊び（キャッチーなネーミング）が乱発されるのはこのためです。これらのネーミングは、政策の具体的な中身（財源や実効性）が乏しいこと、あるいは構造的改革が先送りされているという不都合な現実から、国民の目を逸らす（マスキングする）ための言語的煙幕として機能します。公共政策における言葉遊びは、本質的な議論を喚起するためではなく、大衆に「政治家が力強く何かをしてくれている」という象徴的な安心感（政治的静穏化：Quiescence）を与えるための、高度な劇場型政治のテクニックであることが分かっています。,政治家が「異次元の〇〇」といったキャッチーな政策名を打ち出す行為は、演芸における「なぞかけのフォーマット」を真似ただけの「中身のないパフォーマンス」です。本来のなぞかけは、「お題」と「解き」を、誰もが納得する論理的な「掛詞（その心）」で結びつけることで初めて成立します。しかし、政治における言葉遊びの多くは、大風呂敷を広げた「お題（例：異次元の対策）」だけを威勢よく提示し、それを実現するための論理的かつ実効的な「掛詞（具体的な政策と財源）」を欠落させています。これは、オチのないなぞかけを大声で叫んで強引に拍手を求めているようなものです。公共政策のネーミングをなぞかけの視点で分析することは、「言葉の響きだけを利用し、論理的な解決（オチ）から逃亡している政治」を見抜くための有効な批評的レンズとなります。,『象徴としての政治』（The Symbolic Uses of Politics）における政治的スペクタクルと大衆の静穏化（Quiescence）の研究、およびジョージ・オーウェルのエッセイ『政治と英語』,1964年（エデルマンの著作出版）、1946年（オーウェルのエッセイ発表）,Murray Edelman（マレー・エデルマン / 政治学者）、George Orwell（ジョージ・オーウェル / 作家・思想家）
大分類 II：社会科学（Social Sciences）,,第15章 政治学・公共政策学（Political Science and Public Policy）,15.9,国際交渉におけるジョークの使用とアイスブレイクの力学,I.ウィリアム・ザートマンらの外交交渉理論や国際コミュニケーションの研究によれば、国家間の熾烈な利害がぶつかる国際交渉の場において、外交官や首脳が発する「ジョーク（言葉遊び）」は単なる雑談ではありません。それは、ゼロサムゲーム（勝つか負けるか）の極度の緊張状態を緩和し、「私たちは同じ人間としての感覚を共有している」という協力的なシグナルを送るための高度な戦略的アイスブレイクです。さらに、ジョークは公式な合意文書には残らないため、「相手の妥協の余地を探る観測気球（テスト・バルーン）」や、「本音をオブラートに包んで伝えるバックチャネル（非公式チャネル）」として機能します。ユーモアは、国益の壁を越えて個人的な信頼関係（ラポール）を構築し、膠着状態を打開するための、極めて高度で政治的な交渉ツールであることが実証されています。,言語や文化が異なる国際交渉においてジョークを成立させることは、極めて難易度の高い「異文化間のなぞかけ」を成功させるようなものです。対立する二国間（AとB）の間に、双方の歴史や文化を傷つけず、かつ双方が納得して笑える「絶妙な共通点（掛詞）」を見つけ出さなければなりません。もしそのオチが相手の文化への無理解から生じたものであれば、アイスブレイクどころか修復不可能な外交的失墜に発展します。なぞかけ的な「対立する概念を一つの言葉で美しく結びつける知性」は、分断された国家間の溝を笑いと共感の橋で繋ぐ、外交官にとって最も洗練された言語的パフォーマンスの極致と言えます。,『交渉のダイナミクス』（The Dynamics of Negotiation）などに代表される外交交渉理論、およびクリスター・ヨンソンらの外交シグナリング（Diplomatic Signaling）に関する研究,1970年代以降の国際政治学・外交論の蓄積,I. William Zartman（I.ウィリアム・ザートマン / 政治学者・交渉学）、Christer J?nsson（クリスター・ヨンソン / 政治学者）
大分類 II：社会科学（Social Sciences）,,第15章 政治学・公共政策学（Political Science and Public Policy）,15.10,ヘイトスピーチ規制の境界線：風刺と差別的発言の政治的グレーゾーン,ジェレミー・ウォルドロンらの法政治学やヘイトスピーチ研究によれば、自由民主主義国家において「表現の自由（権力への風刺）」と「マイノリティ保護（差別的発言の規制）」の境界線を引くことは極めて困難です。政治的過激派やレイシストたちは、法的な規制を逃れるために「犬笛政治（Dog-whistle politics）」と呼ばれる言葉遊びや暗号（ダブルミーニング）を多用します。表面上は一般的な政策批判やユーモアを装いながら、特定の支持層にだけ差別的なメッセージが伝わるように言葉を設計するのです。この「風刺やジョークの皮を被った差別」は、法規範による規制の網目をすり抜け、マイノリティの尊厳（Dignity）を傷つけながら社会の分断を合法的に煽るという、現代政治における最も厄介なグレーゾーンとして機能していることが解明されています。,特定の政治集団が用いる「犬笛（暗号化されたヘイト）」は、なぞかけの「二重意味の構造」を最も邪悪な形で政治利用したものです。なぞかけが「表の言葉」と「裏のオチ（掛詞）」を持っているように、犬笛を吹く政治家は「法的に無罪となる表のお題（非難可能性を回避するための『もっともらしい否認（Plausible Deniability）』）」を語りながら、支持者の脳内にだけ「裏のオチ（特定のマイノリティへの排斥）」を響かせます。なぞかけが成立したときの「分かった者同士の共犯関係と笑い」は、犬笛においては「差別意識を共有する者同士の排他的な連帯感と冷酷な嘲笑」へと変換されます。なぞかけの構造を法政治学的に分析することは、言葉遊びがいかにして「見えない凶器」として法規制をハックするかを浮き彫りにします。,『ヘイト・スピーチという危害』（The Harm in Hate Speech）における法哲学的な規制根拠（尊厳への侵害）の研究、および「犬笛政治（Dog Whistle Politics）」に関する政治学的分析,2012年（ウォルドロンの著作出版）、2014年（ヘイニー・ロペスの著作出版）,Jeremy Waldron（ジェレミー・ウォルドロン / 法哲学者）、Ian Haney L?pez（イアン・ヘイニー・ロペス / 法学者）
大分類 II：社会科学（Social Sciences）,,第15章 政治学・公共政策学（Political Science and Public Policy）,15.11,ハッシュタグ・アクティヴィズムにおける韻踏みと言葉遊びの動員力,ゼイネプ・トゥフェックチらのデジタル・アクティヴィズム研究によれば、現代の社会運動（デモや抗議活動）は、SNS上の「ハッシュタグ」を旗印として組織されます。このハッシュタグが爆発的な動員力（バイラル性）を持つかどうかの鍵は、「韻を踏む」「皮肉を効かせる」「既存の政治家の言葉を捩る」といった短い言葉遊びのセンスにかかっています。優れた言葉遊びを含んだハッシュタグは、複雑な政策的課題を「一言で直感的に理解できるスローガン」へと圧縮し、ジジ・パパチャリッシが指摘する「情動的公衆（Affective Publics）」を形成して、人々の感情的な怒りや共感を瞬時にネットワーク上で同期させます。デジタル空間における言葉遊びは、単なるテキストの装飾ではなく、アルゴリズムの波に乗って無党派層の注意を惹きつけ、政治的行動へと駆り立てるための極めて強力な「戦術的メディア（Tactical Media）」であることが実証されています。,社会運動を牽引する秀逸なハッシュタグは、大衆の不満を一つのキーワードに凝縮した「社会規模のなぞかけのオチ」として機能します。例えば、政府の理不尽な政策（お題）に対して、ネット市民が皮肉の効いたハッシュタグ（掛詞）を生み出したとき、タイムライン上の数百万人が一斉に「その心は！（なるほど、その通りだ！）」と膝を打ちます。なぞかけが数秒でカタルシスを生むように、言葉遊びを取り入れたハッシュタグは、長文の政治的演説を読む暇のない現代人の脳を瞬時にハックし、「リポスト」という行動へと直結させます。なぞかけの「情報圧縮アルゴリズム」は、SNS時代の政治動員において最強のスローガン生成エンジンとして機能しているのです。,『ツイッターと催涙ガス』（Twitter and Tear Gas）におけるネットワーク化された社会運動のメカニズム、および『情動的公衆』（Affective Publics）の研究,2014年（パパチャリッシの著作出版）、2017年（トゥフェックチの著作出版）,Zeynep Tufekci（ゼイネプ・トゥフェックチ / テクノ社会学者）、Manuel Castells（マニュエル・カステル / 社会学者）、Zizi Papacharissi（ジジ・パパチャリッシ / メディア学者）
大分類 II：社会科学（Social Sciences）,,第15章 政治学・公共政策学（Political Science and Public Policy）,15.12,議会内討論における機知に富んだ切り返しのパフォーマンス効果,ピーター・ブルらの政治コミュニケーションの微視的分析や、イギリス議会の「首相質問（PMQs）」の研究によれば、議会内の討論は純粋な論理のぶつかり合いではなく、メディアと有権者を意識した高度な「演劇的パフォーマンス」です。野党からの厳しい追及に対し、首相が論理的な反論ではなく、皮肉や言葉遊びを用いた「機知に富んだ切り返し（Repartee）」で応酬し、議場からドッと笑い（与党からの喝采）を取ったとします。このとき、論理的には全く質問に答えていないにもかかわらず、政治的・視覚的には「首相が野党を論破し、優位に立った」という決定的な印象がテレビを通じて有権者に刷り込まれます。議会におけるユーモアと切り返しは、相手の攻撃を無効化し、自らの知的優位性と政治的ヘゲモニーを誇示するための、極めて強力なパフォーマンス的技術であることが分かっています。,議会討論における「機知に富んだ切り返し」は、敵対する相手から投げられたお題を、即興で相手を貶めるオチへと変換する「バトル形式のなぞかけ」です。野党議員の質問（お題の提示）に対して、答弁に立つ政治家は、相手の言葉尻を捕らえたり、比喩を逆手に取ったりする掛詞を瞬時に見つけ出し、「逆に言えば、野党の皆様こそが?」と鮮やかなオチ（カウンター）を決めます。ここで議場に爆笑が起きれば、そのなぞかけバトルは「演者の勝利」として社会に承認されます。なぞかけの構造は、相手の論理の力を利用して投げ飛ばす「言葉の合気道」であり、議会という権力闘争のリングにおいて、最も華やかで残酷な政治的エンターテインメントとして消費されているのです。,『政治コミュニケーションの微視的分析』（The Microanalysis of Political Communication）におけるヤジと喝采の研究、および議会討論（PMQs）の修辞学・会話分析的研究,2003年（ブルの著作出版）以降の政治言語学の蓄積,Peter Bull（ピーター・ブル / 心理学者・政治コミュニケーション研究）、および政治修辞学（Political Rhetoric）の研究者群
大分類 II：社会科学（Social Sciences）,,第15章 政治学・公共政策学（Political Science and Public Policy）,15.13,ソフトパワーとしてのコメディ・エンターテインメントの外交的影響力,国際政治学者ジョセフ・ナイが提唱した「ソフト・パワー（軍事力や経済力などのハード・パワーではなく、文化や価値観の魅力によって他国を惹きつける力）」の観点から、コメディやユーモアの輸出は極めて強力なパブリック・ディプロマシー（広報外交）のツールであることが実証されています。他国のエンターテインメント（映画のジョーク、スタンダップコメディ、アニメのギャグなど）を享受して共に笑うことは、政治的イデオロギーや国境の壁を越え、「私たちは同じ人間としての感覚（笑いのツボ）を共有している」という強烈な親近感を生み出します。国家間の公式な外交交渉が暗礁に乗り上げている時でも、大衆文化を通じた「ユーモアの共有」は、相手国に対する潜在的な敵意を和らげ、長期的な文化外交の基盤（親日・親米などの感情）を構築するための、最も平和的で浸透力の高い武器として機能していることが分かっています。,なぞかけに代表される日本の伝統的な言語遊戯を海外に発信することは、日本外交における「ソフト・パワー行使の極致」と言えます。なぞかけは日本語の同音異義語に深く依存しているため、一見すると翻訳不可能なローカル文化の最たるものです。しかし、「異なる二つの事象を一つの言葉で結びつける」という知的なフォーマットや、それが生み出す「認知的カタルシス（納得の笑い）」の構造自体は普遍的な魅力を持っています。もし、日本の演者が現地の言語（英語やフランス語などのダブルミーニング）を用いてなぞかけを見事に成功させることができれば、それは「日本の高度な認知パズル（文化資本）が世界に通用した」という強烈な知的アピールとなります。なぞかけの構造は、言語の壁を逆手にとり、知性とユーモアで他国を魅了するための極めて高度な文化外交の切り札となり得るのです。,『ソフト・パワー』（Soft Power: The Means to Success in World Politics）における文化外交の理論、およびパブリック・ディプロマシーにおける大衆文化の研究,2004年（ナイの著書出版）以降の文化外交研究,Joseph S. Nye Jr.（ジョセフ・S・ナイ / 国際政治学者）、およびパブリック・ディプロマシーの研究者群
大分類 II：社会科学（Social Sciences）,,第15章 政治学・公共政策学（Political Science and Public Policy）,15.14,ナショナリズムを鼓舞するスローガンにおける対句の扇動力,ベネディクト・アンダーソンの「想像の共同体」やマイケル・ビリグの「バナル・ナショナリズム」の研究によれば、国家が国民を戦争や政治目標に動員する際、「富国強兵」や「Make America Great Again」といった、対句や頭韻を踏んだリズミカルなスローガン（言葉遊びの一種）が多用されます。政治修辞学の分析によれば、言葉のリズムと形式美が整っている文章は、人々の脳内で「音の美しさ＝論理的な正しさ」として誤認（認知的な流暢性のハック）されます。社会学者エミール・デュルケームが指摘したように、群衆がデモや集会でリズミカルなスローガンを唱和するとき、個人の論理的思考は麻痺し、音のうねりがもたらす「集合的沸騰（Collective Effervescence）」の中へ溶け込んでいきます。言葉遊びを取り入れたスローガンは、理性をバイパス（迂回）して大衆のナショナリズムの炎を扇動し、想像の共同体を物理的な熱狂の渦へと束ねるための、極めて危険な催眠術として機能することが解明されています。,なぞかけが持つ「〇〇とかけて〇〇と解く。その心は〇〇」という定型化された美しいリズムは、政治スローガンが持つ「大衆を催眠にかける扇動力」と同じメカニズムで駆動しています。なぞかけのオチが「論理的には多少強引」であったとしても、そのリズム（七五調などの音韻）が見事にハマっていると、観客は理屈を抜きにして「上手い！」と無意識に拍手をしてしまいます。もしこの強力なフォーマットが、特定の国家を賛美し、他国を排斥するような「ナショナリズムの扇動」に悪用された場合、大衆はオチの論理的妥当性を検証することなく、その「音と構造の美しさ」に酔いしれて危険なイデオロギーを無防備に受け入れてしまうリスクがあります。なぞかけのリズムは、人間の理性を心地よく眠らせる魔力（レトリックの暴力性）を秘めているのです。,『想像の共同体』（Imagined Communities）および『バナル・ナショナリズム』（Banal Nationalism）におけるナショナリズム研究、社会学における「集合的沸騰」の概念,1983年（アンダーソンの著作出版）、1995年（ビリグの著作出版）、1912年（デュルケームの著作出版）,Benedict Anderson（ベネディクト・アンダーソン / 政治学者・歴史学者）、Michael Billig（マイケル・ビリグ / 社会心理学者）、?mile Durkheim（エミール・デュルケーム / 社会学者）
大分類 II：社会科学（Social Sciences）,,第15章 政治学・公共政策学（Political Science and Public Policy）,15.15,ポスト・トゥルース時代における「うまい比喩」が支持されるメカニズム,客観的事実よりも、個人の感情や信条に訴えかける情報が影響力を持つ「ポスト・トゥルース（脱真実）」の時代において、政治家が用いる「うまい比喩（アナロジー）」は、事実（ファクト）を打ち負かす決定的な武器となります。認知心理学が指摘する「トゥルーシネス（Truthiness＝事実に基づかなくても、直感的に『真実っぽい』と感じられる性質）」のメカニズムによれば、複雑な経済問題や国際紛争を、単純な「家庭の家計簿」や「ご近所トラブル」に例える言葉遊び（比喩）は、大衆の「認知的完結（Cognitive Closure）への欲求」を満たし、「自分にも理解できた」という強烈な認知的快感（カタルシス）を与えます。大衆は、専門家が提示する難解で正確なデータよりも、政治家が語る「不正確だが腑に落ちる、うまい比喩」の方を「真実」として熱狂的に支持してしまうという、民主主義の深刻な脆弱性が実証されています。,なぞかけは、ポスト・トゥルース時代における「トゥルーシネス（真実っぽさ）」を人工的に生成するための、究極のシミュレーション装置です。全く関係のない「A」と「B」の間に、掛詞という「うまい比喩・接点」を見つけ出した瞬間、そこに客観的な因果関係は一切ないにもかかわらず、観客の脳内には「なるほど、見事に繋がっている！」という強烈な「真実の錯覚（アハ体験）」が引き起こされます。なぞかけがエンターテインメントの枠に留まっているうちは無害な言葉遊びですが、ひとたび政治の領域に持ち込まれると、それは「事実の検証を放棄させ、レトリックの美しさだけで大衆を納得させてしまう」という、ポスト・トゥルースの最も危険な認知ハッキング・ツールへと変貌するポテンシャルを持っています。,『ポスト・トゥルース』（Post-Truth）における感情と客観的事実の政治学的分析、および「トゥルーシネス（Truthiness）」に関する認知科学的・メディア論的研究,2018年（マッキンタイアの著作出版）、2005年（コルベアによるTruthiness概念の提唱）,Lee McIntyre（リー・マッキンタイア / 科学哲学者）、Stephen Colbert（スティーヴン・コルベア / コメディアン・政治風刺家）
大分類 II：社会科学（Social Sciences）,,第15章 政治学・公共政策学（Political Science and Public Policy）,15.16,リスクコミュニケーションにおける専門用語の大衆向け比喩の妥当性,ウルリヒ・ベックの「リスク社会」論や、パブリック・ヘルス（公衆衛生）の領域におけるリスクコミュニケーション研究によれば、パンデミックや原発事故といった深刻な危機において、政府や専門家は難解な科学的メカニズムを大衆に伝えるため、日常的な事象に例えた「比喩（メタファー）」を頻繁に使用します（例：「ウイルスとの戦争」「津波のような感染拡大」など）。スーザン・ソンタグが『隠喩としての病い』で指摘したように、これらの言葉遊び（比喩）は、大衆に直感的な警戒感を持たせる（啓発する）という目的においては即効性があります。しかし一方で、比喩の選択を誤ると元の科学的リスクの性質が著しく歪められ、大衆にスティグマ（社会的烙印・不当な差別）や過剰なパニックを引き起こす深刻な副作用も伴います。公共政策における比喩の使用は、科学の正確性と大衆の理解度の間で常に揺れ動く、極めて倫理的で危険なフレーミングの綱渡りであることが分かっています。,リスクコミュニケーションにおいて専門家が行う「大衆向けの比喩への変換」は、重大な社会的責任を背負った「なぞかけの構築作業」と言えます。「未知のリスク（お題）」に対し、国民にどう行動変容を促すか（解き）を導き出すため、専門家は誰もが直感的に理解できる「日常の言葉（掛詞・比喩）」を慎重に選び出さなければなりません。もし専門家が選んだ「掛詞（例え話）」が不適切であった場合（＝なぞかけがスベった場合）、それは単なる演芸の失敗では済まず、社会に致命的な分断や混乱をもたらします。なぞかけの「二つの世界を一つの言葉で繋ぐ」という機能は、公共政策においては、科学的真実と大衆の認知を安全にブリッジするための、最も困難で責任の重いコミュニケーション技術として運用されているのです。,『リスク社会』（Risk Society）における不確実性のコミュニケーション、および『隠喩としての病い』（Illness as Metaphor）に基づく科学コミュニケーションにおけるメタファーの批判的分析,1986年（ベックの著作独語版出版）、1978年（ソンタグの著作出版）、および現代のリスクコミュニケーション（フィッシュホフら）の研究,Susan Sontag（スーザン・ソンタグ / 評論家・作家）、Ulrich Beck（ウルリヒ・ベック / 社会学者）、Baruch Fischhoff（バルーク・フィッシュホフ / 心理学者・リスクコミュニケーション研究者）
大分類 II：社会科学（Social Sciences）,,第15章 政治学・公共政策学（Political Science and Public Policy）,15.17,追悼演説等のメモリアルにおけるレトリックと国民的記憶の構築,社会学者モーリス・アルブヴァックスが提唱した「集合的記憶（Collective Memory）」の理論や、政治学における国家儀礼（記憶の政治）の研究によれば、国葬や慰霊祭における為政者の「追悼演説（ユーロジー）」は、単なる個人の死への哀悼ではありません。そこでは、韻を踏んだ言葉、詩的な隠喩（メタファー）、あるいは歴史的英雄との巧みな比喩（言葉遊び・レトリック）が駆使されます。こうした美しい修辞を用いて「過去の悲劇」を「国家の誇り」や「未来への結束」へと読み替えることで、為政者は個人の断片的な悲しみを一つの物語に束ね、国家にとって都合の良い「公式な国民的記憶（マスター・ナラティヴ：支配的物語）」として鋳造・固定化する、極めて高度な政治的意味づけの作業を行っていることが解明されています。,追悼演説における「悲劇から希望へのレトリック的転換」は、なぞかけが持つ「論理的な飛躍と鮮やかな着地」の構造と深く共鳴しています。国家の危機や喪失（お題）という重苦しい現実に対し、為政者は演説の中で、歴史や自然現象を用いた美しい比喩（掛詞）を提示します。その言葉の響きと論理構造がピタリと決まったとき、国民の心には「悲しみを乗り越えて団結しよう」という、なぞかけのオチにも似た強烈な認知的カタルシス（納得感）が生まれます。なぞかけが二つの無関係な言葉を美しく統合するように、優れたメモリアルのレトリックは、国民の「過去への哀悼」と「未来への忠誠」を言葉の魔法によって一つの物語へと統合する、国家統合のための強力な言語的装置なのです。,『集合的記憶』（La m?moire collective）における記憶の社会的枠組みの研究、および国家儀礼と追悼の政治修辞学（Politics of Memory）に関する研究,1950年（アルブヴァックスの遺作出版）以降の記憶研究の蓄積,Maurice Halbwachs（モーリス・アルブヴァックス / 社会学者・記憶研究）、および政治コミュニケーション研究者群
大分類 II：社会科学（Social Sciences）,,第15章 政治学・公共政策学（Political Science and Public Policy）,15.18,アイデンティティ政治における特定の言葉遊びへのPC（ポリコレ）の適用,ジュディス・バトラーの「パフォーマティヴィティ（言語行為論）」や、現代のアイデンティティ政治学によれば、ポリティカル・コレクトネス（PC：政治的妥当性）の運動とは、単なる「言葉狩り」ではなく、マジョリティ（多数派）に独占されていた「意味のヘゲモニー（定義権の覇権）」をマイノリティ（少数派）の側へ奪還しようとする政治的承認闘争です。かつては「気の利いたジョーク」や「無害な言葉遊び（ステレオタイプのいじり）」として社会で許容されていた表現に対し、PCの基準を適用して「それは権力による差別（マイクロアグレッション）」であると再定義（ラベリング）することは、言語空間におけるマジョリティの特権を解体し、マイノリティの社会的承認（Politics of Recognition）と安全を制度的に確保するための、極めて闘争的な公共政策のプロセスであることが実証されています。,なぞかけは「演者と観客が共有する『常識（ステレオタイプ）』」を大前提として成立するため、アイデンティティ政治とPCの波を最もダイレクトに受ける言語芸術です。かつて大爆笑を生んでいた「特定のジェンダーや職業をからかったオチ（掛詞）」は、PCの浸透により、前提となる「常識」が崩壊したため、現代では笑いではなく「社会的非難（キャンセル）」や「政治的糾弾」を引き起こします。なぞかけにおける「その心（オチの中心）」が誰の視点で語られているのかという問いは、そのまま「社会の規範（ノーマル）を決定する権力は誰が持っているのか」というアイデンティティ政治の核心的な問いと直結しています。なぞかけの成立要件の変遷を辿ることは、その社会の「権力と寛容の境界線」がどのように移動してきたかを測る精密な文化社会学的バロメーターとなります。,『エキサイタブル・スピーチ』（Excitable Speech: A Politics of the Performative）におけるヘイトスピーチと言語の傷つけやすさに関する研究、およびナンシー・フレイザーの「承認の政治（Politics of Recognition）」,1997年（バトラーの著作出版）以降のアイデンティティ政治学,Judith Butler（ジュディス・バトラー / 政治哲学者）、Nancy Fraser（ナンシー・フレイザー / 政治学者）、J.L. Austin（J.L.オースティン / 日常言語哲学者）
大分類 II：社会科学（Social Sciences）,,第15章 政治学・公共政策学（Political Science and Public Policy）,15.19,スキャンダルを矮小化・増幅するためのメディアの修辞的フレーミング,ジョン・B・トンプソンらの政治スキャンダルの研究によれば、政治家の不正が発覚した際、それが「歴史的事件」となるか「些細なミス」として消化されるかは、事象そのものの重大さではなく、メディアと政治家による「修辞的フレーミング（言葉遊びによる意味の枠組み付け）」の攻防によって決定されます。権力側は、深刻な汚職を「不適切な会計処理」「記憶にない」といった婉曲表現や官僚的レトリック（はぐらかし）で矮小化しようと試みます。一方メディア側は、その事件に「ウォーターゲート」をもじった「〇〇ゲート」というキャッチーな命名を行ったり、皮肉なダジャレを見出しに用いたりすることで、スキャンダルのエンタメ性を増幅させ、世論の怒りを燃え上がらせます。政治スキャンダルとは、事実の追求以上に、大衆の認知を操作するための「意味をめぐるフレーミング闘争」であることが解明されています。,メディアが政治スキャンダルを報じる際につける「見出し（キャッチコピー）」は、政治家の不正（お題）に対する、メディア側からの「強制的ななぞかけのオチ」です。「〇〇大臣の失言とかけて、〇〇と解く。その心は、どちらもすぐに『辞める（病める）』でしょう」といった風刺的な見立て（掛詞）をニュースの文脈に組み込むことで、メディアは複雑な政治的背景を単純化し、有権者に「この事件はこの特定の解釈スキーマ（認知の枠組み）で笑い、そして怒れ」という解釈のフォーマットを強制します。なぞかけが持つ「鮮やかな意味づけの機能」は、スキャンダル報道においては、大衆の感情を特定の方向へ誘導し、政治家の生命を絶つための極めて鋭利なジャーナリズムの言説的武器として機能するのです。,『政治スキャンダル』（Political Scandal: Power and Visibility in the Media Age）におけるメディア化された権力と暴露のメカニズム、およびロバート・エントマンの「フレーミング理論」,1993年（エントマンのフレーミング論文発表）、2000年（トンプソンの著作出版）,John B. Thompson（ジョン・B・トンプソン / 社会学者）、Robert M. Entman（ロバート・M・エントマン / メディア論学者）
大分類 II：社会科学（Social Sciences）,,第15章 政治学・公共政策学（Political Science and Public Policy）,15.20,リーダーシップ論における危機的状況下でのウィットのカリスマ性,マックス・ヴェーバーの「カリスマ的支配」の概念や、現代の政治心理学（クライシス・マネジメント）の研究によれば、戦争や大災害といった絶体絶命の危機において、優れたリーダーはパニックに陥るのではなく、あえて「ウィット（機知）に富んだジョーク」や「言葉遊び」を発します（例：チャーチルの演説やゼレンスキー大統領のSNS発信など）。危機的状況下でのユーモアは、単なる強がりではありません。それは国民に対し、「指導者はこの未曾有の恐怖に直面してもなお、言語を客観的に弄ぶだけの情動調節（Emotion Regulation）の力と、知的な余裕を保っている」という圧倒的な有能さの証明となります。極限状態における機知（ウィット）の発露は、指導者の個人的な魅力を超越的なカリスマ性へと昇華させ、国民の不安を鎮めて結束させるための最も強力なリーダーシップ・ツールであることが実証されています。,危機的状況下においてリーダーが発するウィットは、まさに「弾雨の中で完璧ななぞかけを披露する」ような極限の言語的パフォーマンスです。国難（最悪のお題）という圧倒的なプレッシャーの中で、リーダーは決して取り乱すことなく、敵を皮肉る見事な掛詞（オチ）を見つけ出し、堂々と世界に向けて発信します。なぞかけの達人が、どんな難解なお題を出されても涼しい顔で「整いました」と即答し、観客を安堵と熱狂の渦に巻き込むように、優れた政治指導者は「恐怖の感情」を「知的な言葉のパズル」で掌握することで、国民に「このリーダーについていけば大丈夫だ」という絶対的な安心感（カタルシス）を与えます。国家の危機において、高度な言語パズルを解く能力は、そのまま国家を救うカリスマの証明となるのです。,『経済と社会』（Wirtschaft und Gesellschaft）における「カリスマ的支配（Charismatic authority）」の理論、および政治心理学における危機管理（Crisis Leadership）と修辞学的パフォーマンスの研究,1922年（ヴェーバーの遺作出版）、現代の政治心理学の蓄積,Max Weber（マックス・ヴェーバー / 政治社会学者）、およびウィンストン・チャーチル等のレトリックを研究する政治心理学者群
大分類 II：社会科学（Social Sciences）,,第16章 法学（Law）,16.1,名誉毀損罪と風刺・パロディ表現の違法性阻却事由の比較法研究,表現の自由と名誉保護の衝突を扱う法学研究によれば、言葉遊びを用いた「風刺（サタイア）」や「パロディ」が名誉毀損罪（または民法上の不法行為）を構成するかどうかは、各国の法制度と民主主義の成熟度によって分かれます。風刺は必然的に対象の誇張や戯画化を伴うため、字義通りに受け取れば社会的評価を低下させる要件を満たします。しかし、アメリカ憲法修正第1条の「現実の悪意（Actual Malice）」の判例法理や、英米法・日本法における「公正な論評（フェア・コメント）」の法理が示すように、法は「これが客観的な事実の適示ではなく、修辞的誇張（Rhetorical Hyperbole）に過ぎない」と一般の読者が理解できる構造を持っていれば、違法性を阻却（免責）します。言葉遊びは、公人に対する批判を「笑い」というオブラートで包むことで、名誉毀損の法的責任を回避しつつ、民主主義に不可欠な批判的言論を担保するための「表現を保護する法的な防波堤」として機能することが実証されています。,公人や政治家をお題にしたなぞかけは、名誉毀損の法的リスクを回避するための極めて洗練された防衛構造を持っています。「〇〇とかけて〇〇と解く。その心は?」という前置きがあるおかげで、観客や法執行機関に対し「ここから先は事実の適示ではなく、言葉の多義性を利用したフィクション（言語遊戯）である」という強烈なメタ・メッセージが事前に提示されます。このフォーマットが存在することにより、演者は痛烈な皮肉や風刺（オチ）を放っても、「これは単なる掛詞の美しさを楽しむ演芸であり、客観的な事実として相手を貶める意図はない」という、強力な違法性阻却事由の根拠（抗弁）を法的に主張することが可能になります。なぞかけは、表現の自由の限界ギリギリで踊るための、高度な法的リスクマネジメントのパッケージなのです。,"ニューヨーク・タイムズ対サリバン事件判決（New York Times Co. v. Sullivan, 1964）における「現実の悪意（Actual Malice）」の法理、および名誉毀損における「公正な論評（Fair Comment）」と「修辞的誇張」に関する比較法・表現の自由研究",1964年（サリバン事件米国連邦最高裁判決）以降の判例法理の蓄積,アメリカ連邦最高裁判所、および憲法学・不法行為法の研究者群
大分類 II：社会科学（Social Sciences）,,第16章 法学（Law）,16.2,表現の自由における不快なジョークの保護と限界,"ジョン・スチュアート・ミルの「危害の原則（Harm Principle）」に端を発する法哲学や、欧州人権裁判所（ECHR）の判例によれば、表現の自由は、好意的に受け入れられる情報だけでなく、「国家や社会の一部を不快にさせ、衝撃を与え、あるいは不安にさせる（offend, shock or disturb）」ような表現にも等しく及びます。言葉遊びやジョークが特定の個人や集団の感情を害したとしても、それが物理的な暴力の扇動や明確な差別的憎悪の表明（ヘイトスピーチ）といった「明白かつ現在の危険」に至らない限り、法は「主観的な不快感」を理由にそれを罰することはできません。「不快なジョーク」を法的に保護することは、社会の寛容性（トレランス）を測るリトマス試験紙であり、自由民主主義社会は「不快であるが違法ではない言葉遊び」を許容する重いコストを支払わなければならないという法原則が確立されています。",なぞかけは、二つの事象を強引に結びつける際、しばしば社会に根付くステレオタイプ、偏見、あるいはタブー（ブラックユーモア）を「掛詞の接着剤」として利用します。そのため、なぞかけのオチは必然的に特定の誰かを「不快」にさせるリスクを内包しています。法哲学の視点から見れば、なぞかけの演芸空間は「表現の自由が保障する寛容さの限界」をテストする実験場です。「その心は」と問いかけ、皮肉に満ちたオチで観客を笑わせる行為は、社会の道徳的規範を意図的に逸脱しながらも、法的規制のレッドライン（暴動の扇動や名誉毀損の要件）は決して踏み越えないという、極めて高度な法的・倫理的綱渡りです。なぞかけは、「私たちはどこまでの不快な笑いを法的に許容できるのか」を社会に問い続ける言語的装置として機能しているのです。,"『自由論』（On Liberty）における危害の原則、およびハンディサイド対イギリス事件（Handyside v. United Kingdom, 1976）における表現の自由の適用範囲に関する欧州人権裁判所の判例法理",1859年（ミル『自由論』出版）、1976年（ECHRハンディサイド事件判決）,John Stuart Mill（ジョン・スチュアート・ミル / 哲学者）、欧州人権裁判所（ECHR）
大分類 II：社会科学（Social Sciences）,,第16章 法学（Law）,16.3,著作権法におけるパロディの「公正利用（フェアユース）」の境界線,著作権法において、他者の作品（映画、音楽、小説など）をもじって笑いを生み出す「パロディ（言葉遊び）」は、常に著作権侵害（複製権、翻案権、同一性保持権の侵害など）の危険と隣り合わせです。米国の「フェアユース（公正利用）」法理を確立したキャンベル対アキュフ＝ローズ事件の最高裁判決などが示すように、パロディが合法とされる最大の境界線は、それが元の作品の単なる模倣や市場の横取りではなく、新たな意味やメッセージを付加した「変容的利用（Transformative Use）」であるかどうかにかかっています。元の作品を批評・風刺するために必要最小限の借用を行い、独自のユーモアという新たな価値を創造したと法的に認められれば、言葉遊びは著作権の独占の壁を打ち破り、新たな文化創造の正当な権利として保護されることが実証されています。,なぞかけのお題や掛詞に「有名な映画のタイトル」や「ヒット曲の歌詞」といった他者の著作物を使用することは、知的財産法における「変容的利用」の最も鮮やかな成功例と言えます。なぞかけは、元の著作物（A）をそのまま複製するのではなく、「全く別の事象（B）」と掛け合わせることで、元の文脈を脱構築（脱文脈化）し、意図せぬ笑い（新たな意味）を生み出します。この「意味の転換（トランスフォーム）」こそが、なぞかけの醍醐味であり、同時に法的なフェアユース（日本法においては適法な引用など）を主張する最大の根拠となります。なぞかけの論理構造は、先人の創造物を素材として自由に弄びながらも、決してただの盗用には終わらせず、新たな独自の言語芸術へと昇華させるための、知財法的に極めて安全な論理的加工技術として機能するのです。,"キャンベル対アキュフ＝ローズ・ミュージック事件（Campbell v. Acuff-Rose Music, Inc., 1994）判決、およびピエール・レヴァルの「変容的利用（Transformative Use）」に関する著作権法理",1990年（レヴァルの論文発表）、1994年（米国連邦最高裁判決）,Pierre N. Leval（ピエール・N・レヴァル / 裁判官・法学者）、および日米の知的財産法学者群
大分類 II：社会科学（Social Sciences）,,第16章 法学（Law）,16.4,商標法におけるダジャレ・パロディ商標の混同と希釈化の認定,著名なブランド名をもじったダジャレやパロディ（日本の「面白い恋人」や「フランク三浦」事件など）を商品名として登録・使用する行為は、商標法および不正競争防止法の領域で激しい論争を巻き起こします。法的な争点は主に二つあります。一つは消費者が本家とパロディを間違えて買ってしまう「出所混同の虞（おそれ）」、もう一つは、本家のブランド価値にタダ乗り（フリーライド）してその価値を削ぐ「希釈化（ダイリューション）」です。裁判例を分析すると、パロディの言葉遊びが「あまりにも見事で、かつ本家とは全く異なる独自の笑いの世界観を構築している」場合、消費者はそれを「ジョーク商品」として明確に区別できるため、混同は生じないと判断される傾向があります。優れたダジャレ（言葉遊び）は、大企業の強大な商標権の網をすり抜け、合法的に市場に生き残るための「非混同の証明」として機能する法的な力を持っているのです。,パロディ商標の法的メカニズムは、まさに「市場経済を舞台にした視覚的ななぞかけ」です。本家の有名ブランドが「お題」であり、ダジャレを用いたパロディ商品が「解き」です。そして、その二つを結びつける「ギャップと笑い」が掛詞として機能します。商標法の裁判官は、この「なぞかけの出来栄え」を法的に審査しているようなものです。もしダジャレが中途半端で、本家の威光にただフリーライドしているだけなら、それは「出所混同・希釈化の意図あり（権利侵害）」として違法とされます。しかし、その言葉遊びが見事な論理的飛躍とユーモアを持っており、誰が見ても「これは本家をリスペクトした見事な冗談だ」と納得できる（オチが決まっている）場合、法はそれを一つの独立した商標（表現）として容認します。なぞかけのクオリティは、知財の法廷闘争における勝敗を分ける決定的な要素となるのです。,商標の希釈化（Trademark Dilution）の法理、および「フランク三浦」事件や「面白い恋人」事件などのパロディ商標に関する日米の裁判例と不正競争防止法研究,1927年（シェクターによる商標希釈化理論の提唱）、2010年代の日本の著名パロディ商標判決,Frank I. Schechter（フランク・I・シェクター / 法学者・商標希釈化理論の提唱者）、および現代の商標法・知的財産法学者群
大分類 II：社会科学（Social Sciences）,,第16章 法学（Law）,16.5,お笑い芸人の「持ちネタ」に対するパブリシティ権の保護可能性,著作権法は「短いフレーズ（ありふれた言葉）」を原則として保護しません。そのため、お笑い芸人の短い「持ちネタ」や「ギャグ（言葉遊び）」は、思想又は感情の創作的表現とは見なされず、著作権の対象外とされるのが一般的です。しかし、エンターテインメント法やパブリシティ権（氏名や肖像が持つ顧客吸引力を排他的に支配する権利）の研究によれば、その短い言葉遊びが「特定の芸人のキャラクターやアイデンティティ」と強固に結びつき、独立した経済的価値（顧客吸引力）を生み出している場合、第三者がそれを商業的に無断使用する行為はパブリシティ権の侵害、あるいは不正競争防止法違反を構成する可能性があります。法は、言葉そのものの独占を禁じつつも、その言葉遊びが「人間のパーソナリティと不可分に融合して生み出す商業的価値」については法的に保護するという、精緻な利益衡量のバランスをとっていることが分かっています。,なぞかけにおいて、演者が発する「整いました！」という宣言や、特定のポーズを伴う独自のフレーズは、著作物としては短すぎるため著作権法では保護されません。しかし、ある特定のなぞかけ芸人がテレビ等で反復して使用し、国民的な認知を得た場合、そのフレーズ（言葉遊びのフォーマットの一部）は、芸人の「顔」や「名前」と同等の強力なブランド（顧客吸引力）を帯びます。もし無関係の企業が、自社のCMで勝手に「整いました！」というフレーズと芸人を想起させる衣装を用いて商品を宣伝した場合、それは単なる「著作権の及ばない言語表現の借用」を超えて、「専らその芸人の顧客吸引力を利用する目的（フリーライド）」として認定され、不法行為に基づく損害賠償や差止請求といった法的責任を問われる対象となり得るのです。,「パブリシティ権（Right of Publicity）」の法理に関する研究、および日本の「ピンク・レディー事件」最高裁判決などで示された顧客吸引力の排他的利用権に関する法解釈,1953年（米国Haelan Laboratories事件判決における権利の確立）、1954年（ニマーの論文）、2012年（日本のピンク・レディー事件最高裁判決）,Melville B. Nimmer（メルヴィル・B・ニマー / 知的財産法学者）、および日米のエンターテインメント法学者群
大分類 II：社会科学（Social Sciences）,,第16章 法学（Law）,16.6,AIが生成したパロディ作品の著作権帰属と責任主体,AIと法の領域（サイバー法学）における最大の議論の一つは、生成AIが作成した高度なパロディや言葉遊びの「権利と責任」の所在です。現在の各国の著作権法局（米国著作権局など）のガイドラインによれば、著作権は「人間の思想又は感情の創作的表現」にのみ与えられるため、AIが自律的に生成した言葉遊びに著作権は発生せず、パブリックドメインの領域に置かれます。しかし一方で、そのAIが生成した言葉遊びが、実在する人物の名誉を毀損したり、他者の著作権を侵害したりした場合、AIそのものは法人格（Legal Personhood）を持たないため法的責任を問えません。この場合、法的な責任主体は「そのような不適切な出力を意図（または予見）してプロンプトを入力したユーザー」、あるいは「権利侵害を予見しながらシステムを提供した開発者」に帰属します。法は、AIによる言葉遊びの「権利（独占的利益）」は否定しつつ、「不法行為の責任（法的リスク）」は確実に人間の側に帰属させるという、非対称な枠組みを構築していることが解明されています。,大規模言語モデル（AI）は、膨大な語彙データから同音異義語を瞬時に検索できるため、「完璧ななぞかけ」を無数に自動生成することができます。しかし、AIがどれほど見事な掛詞を思いついたとしても、そのなぞかけに対する著作権は認められません。一方で、ユーザーがAIに対して「〇〇氏を侮辱するなぞかけを作れ」と指示し、出力された悪意あるなぞかけをSNSに投稿した場合、名誉毀損の法的責任を負うのはAIではなくユーザーです。「AIが勝手に生成した言葉遊びである」という抗弁は法廷では通用しません。なぞかけという言語芸術が機械によって自動化される時代において、法は「言葉を繋ぎ合わせたアルゴリズム（AI）」ではなく、「その言葉遊びを社会に放つという意思決定をした主体（人間）」を責任の所在として冷徹に見定めているのです。,情報技術と法の研究領域における責任帰属論、および米国著作権局（USCO）の「AI生成物に関する著作権登録ガイダンス」,2020年（アボットの著作出版）、2023年（米国著作権局のガイダンス発表）、および現代のAIと法（AI and Law）の領域の研究蓄積,Lawrence Lessig（ローレンス・レッシグ / サイバー法学者）、Ryan Abbott（ライアン・アボット / 『The Reasonable Robot』著者・法学者）
大分類 II：社会科学（Social Sciences）,,第16章 法学（Law）,16.7,ヘイトスピーチ規制と「ジョークのつもりだった」という抗弁の法的評価,批判的人種理論（CRT）の法学者マツダ・マリやリチャード・デルガドらのヘイトスピーチ研究によれば、差別的発言を行った加害者が法廷や公の場で最も頻繁に用いる逃げ口上が「ただのジョークのつもりだった（Just joking defense）」という免責の抗弁です。しかし、現代の法解釈においては、言葉遊びの形式をとっているかどうかや、発話者の「主観的な意図（本当に笑わせるつもりだったか）」は、違法性阻却の決定的な理由にはなりません。法廷が重視するのは、「その発言が客観的に見て、標的とされたマイノリティ・グループに恐怖や深刻な精神的苦痛を与え、社会的な差別を煽動したか」という客観的要件（生じた社会的害悪）です。法は、「ユーモア」というオブラートが、ヘイトスピーチの持つ暴力性（Assaultive Speech）を隠蔽し、責任を回避するための修辞的免責ツールとして悪用されている現実を見抜き、「言葉遊びの形式」が「差別の実質」を浄化（ロンダリング）することを許さないという立場を明確にしています。,悪意のある者が、特定の国籍や人種を「お題」にし、差別的なステレオタイプを「掛詞（オチ）」に用いてなぞかけを作ったとします。批判された際、彼らは「これは日本の伝統的な言葉遊び（なぞかけ）のルールに則っただけであり、差別ではなくユーモアだ」と主観的意図を主張するでしょう。しかし法的な評価においては、この「なぞかけの構造美」は全く考慮の対象になりません。法廷が直視するのは、「〇〇とかけて」という形式の美しさではなく、「その心は」の後に続く言葉がいかにして特定の人々の尊厳を破壊し、社会に客観的な害悪をもたらしたかという事実のみです。なぞかけという高度な言語フォーマットであっても、ヘイトスピーチの客観的な暴力を正当化し、法的責任から逃れるための「隠れ蓑（法的な違法性阻却のシールド）」としては一切機能しないのです。,"「批判的人種理論（Critical Race Theory: CRT）」における言論と暴力の研究、および『言葉が傷つけるとき（Words That Wound: Critical Race Theory, Assaultive Speech, and the First Amendment）』",1993年（『Words That Wound』出版）,Mari J. Matsuda（マツダ・マリ / 法学者）、Richard Delgado（リチャード・デルガド / 法学者）
大分類 II：社会科学（Social Sciences）,,第16章 法学（Law）,16.8,セクシャル・ハラスメントにおける「冗談」の違法性認定基準,キャサリン・マッキノンの先駆的な研究に端を発するセクシャル・ハラスメントの法理（環境型セクハラ：Hostile Work Environment）によれば、職場において性的な言葉遊びや下ネタ（冗談）を執拗に繰り返す行為は、明確な労働法・男女雇用機会均等法違反となります。この際、加害者側の「場の空気を和ませるための冗談だった」「コミュニケーションのつもりだった」という主観的な意図は完全に退けられます。違法性の認定において法が採用するのは、「合理的な女性の基準（Reasonable Woman Standard）」あるいは現代的な「合理的な被害者の基準（Reasonable Victim Standard）」です。職場という「権力関係（上司と部下など）が固定化された逃げ場のない空間」において投下される性的な言葉遊びは、労働環境を著しく悪化させ、被害者の就業意欲を奪う「言語的暴力」に他なりません。法は、権力勾配のある場所での「冗談」が、強者から弱者への支配を維持するための暴力装置として機能することを厳しく認定しています。,職場の飲み会などで、上司が部下に対して性的なニュアンスを含んだ「なぞかけ」を披露し、同調的な笑いを強要する行為は、労働法学的に極めて悪質なハラスメント（不法行為および安全配慮義務違反）を構成します。上司自身は「気の利いた掛詞（言葉遊び）で場を盛り上げた」と自己評価しているかもしれません。しかし、合理的な被害者の基準から見れば、それは「なぞかけのフォーマットを悪用して、反論不能な形で性的な話題を強制的に聞かされる苦痛」でしかありません。「その心は」と問われた際、部下は愛想笑いをしなければ職場の人間関係が壊れる（従属関係の再生産に巻き込まれる）という強烈な心理的拘束を受けます。なぞかけという「知的なコミュニケーションの形」を借りて行われる性的な言葉遊びは、その権力構造を利用した強制力ゆえに、通常のセクハラ発言よりもさらに陰湿に労働環境を破壊する（明白な違法性を帯びる）行為として法的に評価されるのです。,『働く女性に対するセクシュアル・ハラスメント』（Sexual Harassment of Working Women）における環境型セクハラの法理構築、および「合理的な女性の基準（Reasonable Woman Standard）」に関する労働法判例,1979年（マッキノンの著作出版）、1991年（Ellison v. Brady合衆国第9巡回区控訴裁判所判決）,Catharine A. MacKinnon（キャサリン・A・マッキノン / 法学者・フェミニスト理論家）、および日米の労働法・ジェンダー法学者群
大分類 II：社会科学（Social Sciences）,,第16章 法学（Law）,16.9,肖像権・パブリシティ権と有名人のカリカチュアの衝突,著名人の氏名や肖像が持つ顧客吸引力（経済的価値）を独占する「パブリシティ権」と、権力者や有名人を風刺する「表現の自由（カリカチュアやパロディ）」は、法廷でしばしば激しく衝突します。カリカチュア（誇張された似顔絵や言葉遊びによる人物描写）は、対象者の特徴を抽出して笑いに変える表現手法です。米国の「コメディIII・プロダクションズ事件」などで確立された法理によれば、その表現が単に有名人の人気にタダ乗り（フリーライド）して商品を売るためのものであれば権利侵害となります。しかし、作者独自の創造的なユーモアや風刺的メッセージが大きく付加された「変容的利用（Transformative Use）」であると認められれば、表現の自由として法的に保護されます。言葉や絵による「いじり（カリカチュア）」が適法となるか違法となるかは、そのユーモアの質と表現者独自の付加価値の大きさに依存することが解明されています。,実在の政治家や芸能人を「お題」にしたなぞかけは、言語を用いた高度なカリカチュア（人物風刺）です。演者は有名人の特徴やスキャンダルを抽出し、見事な掛詞（オチ）を用いて彼らを笑い飛ばします。このなぞかけをテレビや舞台で披露する行為は、法的には純粋な言論・表現活動であることに加え、「変容的利用」の典型例として適法と解釈されます。なぜなら、観客はその有名人の名前（ブランド力）そのものを消費しているのではなく、演者がひねり出した「言葉遊びの巧妙さ（独自の付加価値）」を楽しんでいるからです。しかし、そのなぞかけを無断でTシャツに印字して販売するなど、有名人の名前を単なる「専ら顧客の吸引を目的とする商業的利用」として使った瞬間に、それはパブリシティ権侵害へと転落します。なぞかけは、風刺という「表現」にとどまる限りにおいて、有名人の権利の壁をすり抜けることができる言語芸術なのです。,"コメディIII・プロダクションズ対ゲイリー・サデラップ事件（Comedy III Productions, Inc. v. Gary Saderup, Inc., 2001）における「変容的利用テスト（Transformative Use Test）」、および日本のパブリシティ権に関する最高裁判例（ピンク・レディー事件など）",2001年（カリフォルニア州最高裁判決）、2012年（日本最高裁判決）,米国カリフォルニア州最高裁判所、日本国最高裁判所、および日米のエンターテインメント法学者群
大分類 II：社会科学（Social Sciences）,,第16章 法学（Law）,16.10,契約書・約款における言葉の多義性と「作成者の不利益」の原則,法学において「言葉遊び（多義性や曖昧さ）」は最も排除されるべき要素です。しかし、消費者契約における約款や保険契約など、大企業が一方的に作成する附合契約（定型約款）には、意図的に複数の解釈が可能な曖昧な言葉（抜け道）が仕込まれることがあります。これに対し、英米契約法や日本の民法・消費者契約法が採用しているのが「作成者不利の原則（Contra proferentem）」です。これは「契約書に多義的（ダブルミーニング）な言葉が含まれており、解釈が分かれた場合、その条項を作成した強い側（企業側）に不利な意味で、情報の非対称性にある相手方（消費者側）に有利な意味で解釈しなければならない」という強力な法解釈の原則です。法は、情報の非対称性を利用して言葉の解釈権を独占しようとする強者の「悪意ある言葉遊び（詭弁）」を禁じ、文言の多義性から生じる法的リスクをすべて作成者側に負担させるという厳格なルールを定めています。,契約法が最も忌み嫌う「言葉の多義性（一つの言葉が二つ以上の意味を持つこと）」こそが、なぞかけの生命線である「掛詞」です。なぞかけは、演者が意図的にダブルミーニングを作り出し、観客を言葉の迷路に誘い込んで驚かせるエンターテインメントです。しかし、もし契約書の中でこの「なぞかけ的な言葉のトリック」を使った場合、法廷の裁判官は「作成者不利の原則」というハンマーを振り下ろします。例えば、「保障は『きれる（期限が終了する／際立って優れている）』でしょう」という多義的な約款があった場合、法は強制的に「消費者にとって有利な意味」のみを採用します。法廷とは、なぞかけの美学である「言葉の多義性」を徹底的に解体し、言葉を単一の透明な意味（一義性）へと固定化する冷徹な空間なのです。,契約解釈における「作成者不利の原則（Contra proferentem doctrine）」に関する英米法理、および日本における約款解釈（民法第548条の2等）と消費者契約法の法理,ローマ法に起源を持ち、現代の英米契約法および現代民法学で確立,フリードリヒ・カール・フォン・サヴィニー（近代法解釈学）、および現代の契約法・民法学者群
大分類 II：社会科学（Social Sciences）,,第16章 法学（Law）,16.11,わいせつ物頒布罪における芸術性・風刺性と違法性阻却,刑法における「わいせつ物頒布罪」の認定基準は、法と表現（ユーモアや芸術）の境界をめぐる最も古典的な戦場です。米国連邦最高裁が確立した「ミラー・テスト」や、日本の最高裁判例（チャタレー事件や四畳半襖の下張事件）によれば、ある表現が性的な内容を含んでいたとしても、その作品全体に「真摯な文学的、芸術的、政治的、あるいは科学的価値（SLAPS的価値）」が認められる場合、性的刺激が緩和されると判断され、法的な「わいせつ物」には該当せず違法性が阻却されます。つまり、性的な言葉遊びや下ネタであっても、それが単に人々の好色な興味をそそるためだけのものではなく、高度な政治的風刺（サタイア）や文学的機知（ウィット）として機能していると法廷が評価すれば、それは犯罪から表現の自由の保護領域へと引き上げられ、免責されるのです。,寄席や宴会で披露される「下ネタのなぞかけ」は、この「わいせつ性と芸術性の境界」を言葉一つで綱渡りする演芸です。「お題」に性的な事象を選んだとしても、「解き」と「その心（掛詞）」が見事な論理的飛躍と知的な美しさ（パズルとしての完成度）を持っていれば、観客の反応はいやらしい感情ではなく「上手い！」という知的な感嘆（カタルシス）へと昇華されます。このとき、なぞかけが持つ「高度な言語パズルとしての芸術性」が、判例の言う「性的刺激の緩和」をもたらし、下ネタが本来持つ「わいせつ性」を相殺（あるいは凌駕）していると言えます。言葉遊びの質の高さ（オチの鮮やかさ）が、低俗な表現を知的なエンターテインメントへと引き上げ、社会的な許容範囲（法的・倫理的なセーフティネット）の内側へと適法に着地させる役割を果たしているのです。,"ミラー対カリフォルニア州事件（Miller v. California, 1973）における「SLAPSテスト」、および日本の「わいせつ三要件」に関する最高裁判例",1973年（ミラー事件合衆国最高裁判決）、1957年（チャタレー事件日本国最高裁判決）,米国連邦最高裁判所、日本国最高裁判所、および刑法学・憲法学者群
大分類 II：社会科学（Social Sciences）,,第16章 法学（Law）,16.12,法解釈論における言葉の「類推適用」となぞかけの論理構造の比較,法学の推論技術において最も重要かつ創造的な作業が「類推適用（Analogy）」です。法律にはすべての事象が網羅されているわけではないため、裁判官は「明文の規定がない新しい事象（A）」に直面した際、「類似する別の事象（B）」を規定した既存の法律を探し出します。そして、AとBの根底に共通する「法の趣旨や原理（C：規範的根拠）」を発見し、BのルールをAに適用して事件を解決します。エドワード・H・レヴィら法哲学者が指摘するように、優れた法的推論（類推）とは、表面上は全く異なる二つの事実関係の間に、目に見えない論理的な共通点を見出し、法の欠缺（けんけつ）を埋める極めて知的な発見のプロセスであることが実証されています。,驚くべきことに、法解釈における「類推適用」の推論プロセスは、演芸における「なぞかけ」の論理構造と完全に一致しています。なぞかけは、「全く無関係に見えるお題（A）」と「解き（B）」の間に、表面上は見えない「共通の性質（C＝掛詞・その心）」を発見するゲームです。名裁判官が、一見異なる二つの事件（AとB）の間に普遍的な「法の趣旨（C）」を見出して未曾有の難事件を見事に解決したとき、法曹たちはその判決の美しさに「なるほど！」という知的なカタルシスを感じます。これは、名人が鮮やかな「その心」を提示して観客を唸らせる瞬間と全く同じ認知的快感です。なぞかけの演者が言語空間で行っている「意味の架け橋」の構築は、裁判官が法廷で行っている「法の欠缺を埋める論理の架け橋」の構築と、人間の知性において同根の働きなのです。,『法学における推論（An Introduction to Legal Reasoning）』をはじめとする法的推論（Legal Reasoning）および類推（Analogy）の論理構造に関する法哲学的研究,1949年（レヴィの著作出版）、アルトゥール・カウフマンらによる法解釈論の蓄積,Edward H. Levi（エドワード・H・レヴィ / 法学者・元米国司法長官）、Arthur Kaufmann（アルトゥール・カウフマン / 法哲学者）
大分類 II：社会科学（Social Sciences）,,第16章 法学（Law）,16.13,メディア規制法における放送禁止用語と言い換えの法的定義,日本の放送法やメディア規制に関する法律において、実は国家が直接的に「この単語を放送してはならない」と定めた法定の「放送禁止用語」リストは存在しません（憲法第21条および放送法における検閲の禁止）。現在メディアで使われているいわゆる禁止用語は、放送局が名誉毀損、差別、わいせつなどの法的リスクや、視聴者・BPOからの抗議（社会的制裁）を回避するために定めた「自主規制（Self-regulation）のガイドライン」に過ぎません。メディア法学の研究によれば、この自主規制が過剰に働くと、特定の単語を機械的に「言い換え（婉曲表現）」するようになります。しかし、言葉の表面だけを言い換えても、文脈上の差別的構造や本質的な問題は解決されず、かえって事態を不透明にする「意味の空洞化（あるいは記号的洗浄）」というパラドックスが生じます。さらに過度な自主規制は、表現の自由に対する「萎縮効果（Chilling Effect）」をもたらすという法的・倫理的な問題が指摘されています。,なぞかけは、この「放送禁止用語（過剰な自主規制）」の網目をすり抜けるための、極めて高度な言語的ハッキング・ツールとして機能します。放送では直接言えないタブーな言葉や批判であっても、それと同音異義の「全く無害な別の言葉（掛詞）」を用いれば、自動的な音声監視やテキストの形式的チェックに引っかかることはありません。「その心は」と発せられた言葉の表面（データ）はクリーンでありながら、文脈を共有する人間の脳内でのみ「禁止された裏の意味」が再生されます。なぞかけは、メディアの自主規制という形式主義的な言葉のルールに対し、人間の想像力と言語の多義性（ダブルミーニング）を用いて合法的に挑戦する、極めて知的な言語的レジスタンスなのです。,放送法（特に第4条の番組基準）と表現の自由に関するメディア法学の研究、および放送倫理における自主規制（Self-regulation）と「萎縮効果（Chilling Effect）」に関する法社会学的分析,1950年（放送法制定）以降、現代のBPO（放送倫理・番組向上機構）の審議対象の蓄積,鈴木秀美（メディア法学者）、および憲法学・情報メディア法学の研究者群
大分類 II：社会科学（Social Sciences）,,第16章 法学（Law）,16.14,未成年者のいじめ問題における「いじり」と不法行為の境界線,学校現場における「いじめ防止対策推進法」や民法の不法行為（第709条）の解釈において、加害者側が最も頻繁に主張する免責の抗弁が「いじめではなく、ただの『いじり（言葉遊び・冗談）』だった」というものです。しかし、現代の法学的な判断基準においては、言葉遊びの形式をとっているかどうかは関係なく、「対象となった児童生徒が心身の苦痛を感じているもの（主観的要件の絶対視）」と「力の不均衡（権力勾配）が存在する関係性での行為か（客観的要件）」が重視されます。加害者が「笑いをとるためのユーモアだった」と主張しても、被害者が集団の同調圧力によって「心理的拘束状態（嫌と言えない状態）」に置かれていれば、その「いじり」は被害者の人格権を侵害する違法な不法行為（精神的苦痛による損害賠償の対象）として法的に厳格に問われることが確立しています。,閉鎖的な教室の人間関係において、特定の生徒を「お題」にしたなぞかけが披露されるとき、それは構造的な「いじめの隠れ蓑」として悪用される危険性を孕んでいます。「〇〇君の顔とかけて?」というなぞかけが作られ、見事な掛詞（オチ）でクラス中が爆笑したとします。このとき、なぞかけという「知的な言葉遊びのフォーマット」が介在しているため、周囲の教師はそれを「優れたユーモアの表現（無害なコミュニケーション）」と誤認し、介入（保護の義務）が遅れます。被害者自身も、その場の「笑いの空気」を壊さないよう、強烈な同調圧力によって愛想笑いを作らざるを得ません。なぞかけの持つ「場を一体化させる笑いの力」は、権力勾配のある未成年の集団においては、法的な救済を困難にする洗練された暴力（いじりのシステム）へと容易に反転するのです。,「いじめ防止対策推進法」の法解釈論（第2条の定義等）、および学校事故・いじめ訴訟における不法行為責任（Tort Liability）と「いじり（Teasing/Banter）」の法社会学的分析,2013年（いじめ防止対策推進法成立）以降の判例の蓄積,教育法学・民法学の研究者群、および少年法・学校法務の専門家
大分類 II：社会科学（Social Sciences）,,第16章 法学（Law）,16.15,ディープフェイク風刺動画に対する人格権侵害の新たな法的救済,AI技術の発展により、実在の政治家や芸能人の顔と声を合成し、本人が絶対に言わないようなジョークや言葉遊びを喋らせる「ディープフェイク風刺動画」が急増しています。サイバー法学の研究によれば、これらは従来の「パロディ（表現の自由）」の枠組みを逸脱し、個人の肖像権、パブリシティ権、そして「自らのアイデンティティを操作されない権利（アイデンティティ権）」という新たな人格権の重大な侵害を引き起こしています。従来のアナログな風刺画や言葉遊びは「作り物である」ことが視覚的に明白でしたが、ディープフェイクに代表される合成メディア（Synthetic Media）は「極めて現実的な虚偽（Hyper-realistic falsehood）」を作り出すため、法は「表現の自由（保護されるべきパロディ）」の領域を厳格に切り分け、デジタルななりすましから個人の人格を保護するための新たな法的救済（差し止めや損害賠償、刑事罰）の整備を急務としていることが解明されています。,なぞかけは、人間の想像力に100%依存した「アナログな言葉遊び（パロディ）」の極致です。演者が政治家をお題になぞかけを作っても、観客はそれが「演者の脳内で作られた言語的フィクション」であることを完全に理解しているため、法的には安全な風刺（表現の自由）として保護されます。しかし、ディープフェイク技術を用いて、その政治家本人の映像を作り出し、その口から直接「自虐的ななぞかけ」を言わせた瞬間、事態は一変します。言葉の論理構造（掛詞の美しさ）は同じであっても、それを「視覚的な偽造」というパッケージで表現した途端、法はそれを「ユーモア」ではなく「悪質なアイデンティティの簒奪（人格権の重大な侵害）」と見なします。なぞかけという言葉遊びの適法性は、それが「人間の身体を通した肉声（フィクションの明示）」として行われることに完全に依存しているのです。,"サイバー法学（Cyber Law）におけるディープフェイク規制と表現の自由の衝突に関する論文（『Deep Fakes: A Looming Challenge for Privacy, Democracy, and National Security』など）、および「アイデンティティ権」の法理",2018年（シトロンらによる論文発表）以降の各国の立法動向,Danielle Citron（ダニエル・シトロン / 情報法学者）、Robert Chesney（ロバート・チェスニー / 国家安全保障法学者）
大分類 II：社会科学（Social Sciences）,,第16章 法学（Law）,16.16,プライバシー侵害におけるユーモアを用いた暴露の違法性,ウィリアム・プロッサーが分類したプライバシー侵害の不法行為類型の一つに「私的事項の公開（Public Disclosure of Private Facts）」があります。有名人の不倫や個人の秘密を、メディアやコメディアンが「笑いのネタ（ゴシップジョーク）」として暴露した際、彼らはしばしば「これは公共の関心事であり、エンターテインメントである」と抗弁します。しかし、民法学およびプライバシー法の判例において、「ユーモアや言葉遊びのパッケージに包んでいること」は、プライバシー侵害の違法性を阻却する理由には全くならないことが確立しています。法廷は、名誉毀損とは異なり「その情報が真実であること」を免責事由とせず、日本の「宴のあと」事件の基準が示すように、「未だ一般に知られていない私事（非公知性）」であり、かつ「一般人の感受性を基準にして公開を欲しない事柄」であれば、いかに笑いが起きていようとも違法（損害賠償の対象）と認定します。ユーモアは、プライバシー権の壁を突破するための法的なパスポートにはならないのです。,なぞかけは、二つの事象を結びつけるために「誰もが知っている事実」を前提とします。もし演者が、暴露されたばかりの特定の個人の私生活（非公知の事実）を「お題」や「掛詞」として用いたなぞかけをテレビ等で披露した場合、それは見事な言葉遊びであると同時に、法的には「プライバシー侵害の二次的拡散」に加担する不法行為となります。なぞかけのオチが決まって観客が爆笑すればするほど、被害者が受ける精神的苦痛（損害）は増幅されます。裁判において、演者が「ただのダジャレ（なぞかけ）を言っただけだ」と主張しても、見事な論理構造（掛詞）を用いて他人の私生活を面白おかしく流通させた事実は、むしろ不法行為としての悪質性を高める要因となり得ます。なぞかけの美しさは、プライバシーの保護という個人の不可侵の権利の前では、法的ないかなる正当化事由（違法性阻却の免責根拠）にもならないのです。,「プライバシーの権利（The Right to Privacy）」の発展、プロッサーの「プライバシーの4類型（Four Torts of Privacy）」、および日本のプライバシー侵害訴訟（「宴のあと」事件など）の法理,1890年（ウォーレンとブランダイスの論文発表）、1960年（プロッサーの論文発表）、1964年（「宴のあと」事件東京地裁判決）,William Prosser（ウィリアム・プロッサー / 不法行為法学者）、Samuel Warren & Louis Brandeis（米国の法学者）、および日米のプライバシー法学者群
大分類 II：社会科学（Social Sciences）,,第16章 法学（Law）,16.17,裁判官の判決文や法廷での発言に見られる修辞と法廷ユーモア,法学において、裁判官の判決文は極めて厳格で論理的（無味乾燥）であるべきとされていますが、法修辞学（Legal Rhetoric）の分析によれば、歴史に残る名裁判官（米国のスカリア判事や英国のデニング卿など）は、特に「反対意見（Dissenting opinion）」において意図的に鮮やかな比喩や法廷ユーモア（皮肉）を駆使します。これは単なる大衆迎合（ポピュリズム）ではなく、多数意見（Majority opinion）の論理がいかに不条理であるかを世間に直感的に理解させ、法理の矛盾を痛烈に突くための高度な「修辞的戦略」です。適切な法廷ユーモアは、厳格な法的推論（Legal Reasoning）に人間的な血を通わせ、判決文を文学的・歴史的な価値を持つテキストとして社会の記憶に深く刻み込む機能を持つ一方で、一歩間違えれば「司法の尊厳（品位）」を傷つけるという、極めてリスクの高い言語的パフォーマンスであることが解明されています。,裁判官が判決文（特に反対意見や傍論）の中に忍ばせる知的な比喩や皮肉は、法廷という最高に厳粛な舞台で放たれる「エリートのなぞかけ」と言えます。複雑な法的争点（お題）と自らの導き出した法的結論（解き）の間に、誰もが膝を打つような見事な法理的メタファー（掛詞）を提示したとき、その判決文は単なる法的処理の記録を超えた「知的芸術」へと昇華します。名裁判官が放つ見事なオチ（修辞）は、法学を学ぶ者たちに「なるほど！」という強烈な認知的カタルシスを与えます。なぞかけが二つの事象を論理で美しく結ぶように、法廷ユーモアは「法の適用」という冷たい論理パズルの中に、人間の知性とエスプリを証明するための極めて洗練された法的修辞（レトリック）の実践なのです。,法修辞学（Legal Rhetoric）における判決文の文学的分析、およびアントニン・スカリア（Antonin Scalia）元連邦最高裁判事などの反対意見における修辞とユーモアの法学的研究,1990年代以降の「法と言語（Law and Language）」研究の蓄積,Peter Goodrich（ピーター・グッドリッチ / 法解釈学者）、および法社会学・法修辞学の研究者群
大分類 II：社会科学（Social Sciences）,,第16章 法学（Law）,16.18,サイバー犯罪法制におけるネット上の悪ふざけの犯罪構成要件,サイバー法学や刑法の領域において、インターネット上で頻発する「悪ふざけ」や「ブラックジョーク」（例：爆破予告の冗談、バイトテロ動画など）がどこから犯罪（偽計業務妨害罪や脅迫罪など）を構成するかは、重大な法的課題です。法解釈において、行為者が「ただの冗談（ネット上のネタ）のつもりだった」という主観的な意図（内心）は、違法性阻却の免責理由には一切なりません。法が重視するのは、「その情報がデジタル空間の特性（拡散性・匿名性）に乗って、客観的に社会の平穏や企業の業務を阻害する危険性（実害）を発生させたか」という点です。文脈が容易に崩壊（コンテキスト・コラプス）するサイバー空間においては、ユーモアという「オブラート」は法的保護の機能を完全に失い、発信者の意図に関わらず（未必の故意が認定され）、「客観的かつ予測可能な法益侵害の惹起」として冷酷に犯罪構成要件を満たすことが実証されています。,ネット上の炎上を伴う悪ふざけは、「文脈（空気）の共有を前提とするなぞかけ」を、文脈が完全に崩壊したサイバー空間に投下してしまったことで起きる悲劇です。現実世界の寄席であれば、少し不謹慎なお題でなぞかけを作っても、演者と観客の間に「これは冗談の空間である（遊戯的フレーム）」という合意があるため笑いで終わります。しかし、ネット上に文字や動画だけで投下された悪ふざけ（お題とオチ）は、掛詞の巧妙さやジョークの意図が完全に剥がれ落ち、単なる「客観的な犯罪事実の宣言」として警察による捜査や企業への実害（業務妨害の結果）を直撃的に引き起こします。なぞかけが成立するための「笑いの文脈」を法的・システム的に担保できないデジタル空間では、言葉遊びは瞬時に「犯罪の客観的証拠」へと反転してしまうのです。,サイバー犯罪（Cybercrime）法制に関する研究、および日本刑法における「偽計業務妨害罪（第233条）」等のサイバー空間への拡張適用に関する情報刑法学理,2000年代以降のサイバー法制の発展と判例の蓄積,サイバー法学者、刑法学者（山口厚など）、および情報技術法（IT法）の専門家群
大分類 II：社会科学（Social Sciences）,,第16章 法学（Law）,16.19,内部告発をユーモアや風刺の形で発表した場合の公益通報者保護,企業や行政の不正を暴く「内部告発（公益通報）」は、公益通報者保護法によって解雇や不利益取り扱いから手厚く保護されます。しかし、告発者がその事実を「客観的なデータ」としてではなく、会社を強烈に皮肉ったパロディ動画、風刺漫画、あるいは皮肉めいたジョークの形でSNSなどに告発した場合、法的保護の対象となるかという深刻なジレンマが生じます。労働法における判断基準によれば、ユーモアや風刺は必然的に「事実の誇張」や「揶揄（攻撃性）」を伴うため、法が要求する「真実相当性（客観的事実の摘示）」や「目的の正当性（純粋な公益目的）」から逸脱しやすく、また「手段の相当性（企業秩序の不当な毀損の禁止）」の要件も満たさないと判断されます。結果として単なる名誉毀損や機密漏洩とみなされ、保護の枠から外れるリスクが極めて高くなります。法は「客観的で真面目なプロセスによる告発」は守りますが、「笑いや風刺による告発（権力への冷笑）」を守るほどの柔軟性は持ち合わせていないという、表現手段の選択に関する法理的限界が明らかになっています。,会社の不正を知った従業員が、それを暴露する見事な「なぞかけ」を作ってネットに投稿したとします。「我が社の新製品のデータとかけて?、その心は、どちらも『改ざん（解散）』するでしょう」といった具合です。これは市民の目を引く（バイラルを起こす）最強のレジスタンスにはなりますが、労働審判や法廷に持ち込まれた瞬間、この「掛詞の美しさ」は告発者を守る法的シールドにはなりません。裁判官は「なぜ正規の窓口で客観的に通報せず、言葉遊びを用いて不必要に会社を愚弄したのか」と、その手段の不相当性と目的の逸脱を厳しく咎めます。なぞかけによる内部告発は、社会的波及力を獲得することと引き換えに、自らの法的な命綱（公益通報者としての身分保障）を断ち切ってしまう、極めて代償の大きい言語的逸脱行為となり得るのです。,「公益通報者保護法（Whistleblower Protection Act）」の適用範囲に関する法解釈学、および内部告発における「真実相当性」と「手段の相当性（表現の自由と企業秩序の衝突）」に関する労働判例法理,2004年（日本の公益通報者保護法制定）以降の判例蓄積,日米の労働法学者群、およびコンプライアンス・企業法務の専門家
大分類 II：社会科学（Social Sciences）,,第16章 法学（Law）,16.20,スラップ（SLAPP）訴訟によるユーモア表現の萎縮効果,スラップ訴訟（SLAPP：公衆の関与を妨害するための戦略的訴訟）とは、大企業や有力政治家が、自らを風刺・批判したコメディアンやジャーナリストに対して、勝訴することではなく「応訴の負担（莫大な弁護士費用と精神的苦痛）を強いて言論を封殺すること」を目的として起こす名誉毀損訴訟等のことです。法社会学の研究によれば、この「司法権力の兵器化」とも言える法的手続きの濫用は、訴訟プロセスそのものが懲罰となる（The process is the punishment）性質を持ち、社会全体に深刻な「萎縮効果（Chilling Effect）」をもたらします。コメディアンは「このジョークを言えば自己破産に追い込まれるかもしれない」と自己検閲（Self-censorship）を始め、権力者を対象としたユーモアや風刺表現はメディアから完全に消滅します。法的資本（資金力）の圧倒的な非対称性が、表現の自由という憲法上の権利を実質的に破壊するメカニズムとして機能しており、米国の一部州などではこれを早期に却下する「反スラップ法（Anti-SLAPP statutes）」が表現の自由を守る最後の砦として導入されています。,なぞかけが真に恐れるべきは、観客のスベる空気ではなく、権力者からの「スラップ訴訟」という合法的な暴力です。もし演者が、巨大権力の腐敗をお題にして見事ななぞかけを披露し、喝采を浴びた直後に数億円の損害賠償請求の訴状が届いたとします。いかにそのなぞかけの論理構造（オチ）が美しく、芸術的に優れていたとしても、法廷闘争にかかる膨大な時間と経済的コストの前に、演者のユーモアの精神は確実に圧殺されます。スラップ訴訟の脅威が蔓延する社会において、なぞかけの演者は「天気」や「食べ物」といった当たり障りのない安全な（法的リスクがゼロの）お題しか選べなくなります。スラップ訴訟とは、言葉遊びが持つ「権力への風刺」という鋭い牙を、資本と法の力で根こそぎ抜いてしまう究極のアンチ・ユーモア兵器なのです。,『SLAPPs: Getting Sued for Speaking Out』におけるスラップ訴訟の法社会学的研究、表現の自由に対する「萎縮効果（Chilling Effect）」の憲法法理、および米国の「反スラップ法（Anti-SLAPP statutes）」の比較法研究,1980年代後半（SLAPP概念の提唱）、1996年（プリングとカナンによる著作出版）,George W. Pring & Penelope Canan（ジョージ・W・プリング＆ペネロペ・カナン / 法社会学者）、および憲法学・メディア法学者群
大分類 III：形式科学・情報通信技術（Formal Sciences & ICT）,計算機科学を用いたユーモアの自動生成、概念のオントロジー・モデリングを通じて、人間の意味理解の限界を形式化する領域。,第17章 人工知能・自然言語処理（AI and NLP）,17.1,大規模言語モデル（LLM）のプロンプトエンジニアリングによるなぞかけ生成,GPTやGeminiに代表される大規模言語モデル（LLM）は、膨大なテキストデータから「次トークン予測（Next-token prediction）」を学習した確率モデルです。LLMに複雑な論理構造を持つテキストを生成させる手法として「プロンプトエンジニアリング」があり、特に「思考の連鎖（Chain-of-Thought: CoT）」と呼ばれる中間推論ステップをプロンプト内に明示的に組み込むことで、LLMの推論能力が飛躍的に向上することが実証されています。しかし、LLMはテキストを「トークン（BPE等によるサブワードの断片）」として処理するため、意味的な次トークン予測には優れる一方で、日本語特有の「音韻（読みの響きや文字単位の操作）」に依存した演算を極めて苦手とすることが分かっています。高度な言葉遊びを自動生成させるためには、LLMの確率的推論のベクトルを意味のレイヤーから音韻のレイヤーへと強制的に向けさせる、極めて特殊で制約の強いプロンプト設計が必要となります。,LLMになぞかけを生成させる試みは、現在の自然言語処理が抱える「サブワード・トークン化の限界」を残酷なまでに浮き彫りにします。LLMに「〇〇とかけて〇〇と解く。その心は」と単に指示しても、意味の通らない掛け合わせや、全く同音異義語になっていないオチを平然と出力（ハルシネーション）します。これは、AIが「掛詞」という音韻の一致（例：ハシ＝橋／箸）をトークン空間上の演算として自然には認識できないためです。LLMに完璧ななぞかけを生成させるには、「1. お題から連想される単語を列挙せよ」「2. その単語をすべてひらがな（音素）に変換せよ」「3. そのひらがなと完全に一致するが、意味の異なる別の単語を検索せよ」というCoTプロンプトを与え、記号接地（シンボルグラウンディング）を迂回し、意味の空間から音韻の空間へと推論経路をアルゴリズム的に分割して処理させる必要があります。なぞかけは、LLMの生成アルゴリズムの弱点を突き、プロンプトの堅牢性をテストするための究極の言語的ベンチマークとして機能するのです。,「思考の連鎖（Chain-of-Thought Prompting）」による大規模言語モデルの推論能力向上、およびLLMにおけるサブワード・トークン化（Subword Tokenization）と音韻操作の限界に関する研究,2022年（Wei et al. によるCoT論文発表）以降の自然言語処理の蓄積,Jason Wei（ジェイソン・ウェイ / AI研究者）、およびプロンプトエンジニアリングの研究者群
大分類 III：形式科学・情報通信技術（Formal Sciences & ICT）,計算機科学を用いたユーモアの自動生成、概念のオントロジー・モデリングを通じて、人間の意味理解の限界を形式化する領域。,第17章 人工知能・自然言語処理（AI and NLP）,17.2,分散表現におけるベクトル空間上のコサイン類似度を用いた「謎解き」の計算,Word2VecやGloVeなどの単語の分散表現（Word Embeddings）技術は、言葉の意味を数百次元の連続的な高次元ベクトル空間上の座標としてマッピングします。この空間において、単語同士の意味の近さ（類似度）は、二つのベクトル $\mathbf{A}$ と $\mathbf{B}$ がなす角度のコサイン（$\cos(\theta) = \frac{\mathbf{A} \cdot \mathbf{B}}{\Vert\mathbf{A}\Vert\Vert\mathbf{B}\Vert}$）によって定量的に計算されます。この幾何学的モデルの最大の発見は、「王様 $-$ 男 $+$ 女 $=$ 女王」といった意味の足し算・引き算（加法構成性）がベクトル空間上で成立することです。計算言語学の観点からは、言葉遊びや謎解きとは、この広大な多次元空間の中から、特定のベクトル演算（距離の制約や直交性）を満たす「唯一の解（単語ベクトル）」を探索・特定するアルゴリズムの実行プロセスとして形式化できることが解明されています。,なぞかけの構造は、このベクトル空間における極めて特殊な「幾何学的制約問題（最適化問題）」として数式化できます。「お題（A）」と「解き（B）」は、コサイン類似度が限りなくゼロに近い（ベクトルが直交している、つまり全く無関係な）二つの概念でなければなりません。しかし、「掛詞（C）」という特定のトークンを経由した瞬間、CからAへの文脈ベクトル、およびCからBへの文脈ベクトルが同時に高いコサイン類似度を示す必要があります。つまり、なぞかけとは、意味の多次元空間において「最も遠く離れた二つの座標を、一つの音韻座標（ワームホール）を経由して最短距離で結びつける」という計算プロセスです。なぞかけの美しさ（巧みさ）は、AとBのベクトルの距離（意外性の最大化）と、Cを介した結合の堅牢性（納得感）という、相反する数学的スコアが同時に最大化されたときに生じるのです。,Word2Vecを用いた連続空間ベクトルにおける言語的規則性と構成性（Linguistic Regularities in Continuous Space Word Representations）の研究,2013年（Mikolovらの論文発表）,Tomas Mikolov（トマス・ミコロフ / 計算機科学者・AI研究者）ら
大分類 III：形式科学・情報通信技術（Formal Sciences & ICT）,計算機科学を用いたユーモアの自動生成、概念のオントロジー・モデリングを通じて、人間の意味理解の限界を形式化する領域。,第17章 人工知能・自然言語処理（AI and NLP）,17.3,トランスフォーマー構造のアテンション機構が掛詞の複数文脈を処理するメカニズム,"現代のLLMの基盤であるトランスフォーマー（Transformer）アーキテクチャの核心は、「自己注意機構（Self-Attention）」にあります。自己注意機構は、入力された文章内のすべての単語間の関係性を計算し、「どの単語がどの単語に注目（Attention）すべきか」を重み付けします。数式としては $\text{Attention}(Q, K, V) = \text{softmax}\left(\frac{QK^T}{\sqrt{d_k}}\right)V$ で表現され、これにより、同じ「銀行（Bank）」という単語であっても、周囲に「川」があれば「土手」としての意味表現を獲得し、「お金」があれば「金融機関」としての動的な意味表現（Contextualized Embeddings）を獲得します。アテンション機構は、静的な辞書的意味を文脈の前後関係によってリアルタイムに変容させる、極めて精緻な意味の解釈エンジンとして機能することが実証されています。",なぞかけにおける「掛詞（ダブルミーニング）」の解釈プロセスは、人間の脳内で起きている自己注意機構（Self-Attention）の劇的な切り替え現象です。なぞかけの文章をトランスフォーマー・モデルに入力した際、「〇〇とかけて」と「〇〇と解く」という二つの文脈は、モデル内部のマルチヘッド・アテンションによって並行して保持されます。そして「その心は〇〇」というオチのトークンが現れた瞬間、アテンションの重み（Attention Weights）は、前方のお題（A）の文脈と、解き（B）の文脈の双方に対して同時に強いスコアを二重分配しなければなりません。優れたなぞかけは、AIのアテンション機構に「全く異なる二つの文脈への相反する計算リソースの同時配分」を強制します。なぞかけは、単一の文脈を前提とする言語モデルに対し、極限の文脈スイッチングと注意の分岐を要求する言語的ストレステストとして機能するのです。,『Attention Is All You Need』（Transformerアーキテクチャの提唱）、およびBERT（Bidirectional Encoder Representations from Transformers）による文脈依存の単語埋め込みに関する研究,2017年（Vaswaniらの論文発表）、2018年（DevlinらによるBERT発表）,Ashish Vaswani（アシシュ・ヴァスワニ / AI研究者）をはじめとするGoogle研究チーム、Jacob Devlin（ジェイコブ・デブリン / AI研究者）
大分類 III：形式科学・情報通信技術（Formal Sciences & ICT）,計算機科学を用いたユーモアの自動生成、概念のオントロジー・モデリングを通じて、人間の意味理解の限界を形式化する領域。,第17章 人工知能・自然言語処理（AI and NLP）,17.4,ユーモア生成システムにおける「適度な意外性」のスコアリング,計算機科学を用いた「コンピュテーショナル・ヒューモア（計算論的ユーモア）」の研究では、ジョークの面白さを情報理論における「エントロピー」や「サプライザル（Surprisal: $S(x) = -\log_2 P(x)$）」を用いて定量化・スコアリングします。ヴィクター・ラスキンの「意味スクリプト理論（SSTH）」をアルゴリズムに落とし込むと、ユーモアは「意味的乖離（不一致：Incongruity）」と「論理的解決（Resolution）」のバランスによって決定されます。サプライザル（次にその言葉が来る予測不可能性）が低すぎれば「つまらない（凡庸）」と判定され、逆に高すぎれば「意味不明（ノイズ）」と判定されます。自動ユーモア生成システムは、この二つの極端な状態の間に存在する「適度な意外性（Optimal Incongruity）」を目的関数として設定し、数万回のパラメータ調整を通じて、エントロピーの最大化と論理的制約の充足が交差する「驚きと納得のスイートスポット」を計算で割り出すことが可能になっています。,なぞかけの自動生成や自動評価システム（パイプライン）をクラウド上に構築する場合、この「適度な意外性のスコアリング」がシステムの心臓部となります。システムに入力されたなぞかけデータは、まず「お題と解きの意味的距離（乖離度）」がスコアリングされ、これが高いほど基礎点（驚きの要素としてのサプライザル）が上がります。次に、「その心（掛詞）」がAとBの双方に対してどれだけ論理的に破綻なく接続されているか（解決度）が評価されます。もしAIが「太陽とかけて月と解く」というなぞかけを出力した場合、システムは「意味的距離が近すぎる（サプライザルが低い）」として損失関数（Loss Function）を増大させ、リジェクトします。なぞかけの面白さは、単なる人間の主観ではなく、情報理論における確率変数と最適化問題として完全にモデル化し、計算機によって客観的に評価・自動化することが可能な堅牢なデータ構造を持っているのです。,コンピュテーショナル・ヒューモア（Computational Humor）における「不一致・解決理論（Incongruity-Resolution Theory）」の形式化、および情報理論におけるサプライザルを用いた言語的予測モデルの研究,1985年（ラスキンのSSTH提唱）、1948年（シャノンの情報理論）、2000年代以降の計算機科学の蓄積,Victor Raskin（ヴィクター・ラスキン / 言語学者）、Christian F. Hempelmann（クリスチャン・F・ヘンペルマン / 計算論的ユーモア研究者）、Claude Shannon（クロード・シャノン / 情報理論の創始者）
大分類 III：形式科学・情報通信技術（Formal Sciences & ICT）,計算機科学を用いたユーモアの自動生成、概念のオントロジー・モデリングを通じて、人間の意味理解の限界を形式化する領域。,第17章 人工知能・自然言語処理（AI and NLP）,17.5,生成AIによる「すべったなぞかけ」の出力原因となる意味的過学習の分析,機械学習モデルにおける「過学習（Overfitting）」とは、AIが訓練データのノイズや局所的なパターンを暗記してしまい、未知のデータに対する汎化能力（Generalization）を失う現象です。自然言語処理（NLP）における意味モデリングにおいても、この現象は発現します。AIはテキストの共起確率を計算して文章を生成するため、訓練データに高頻度で出現する「手垢のついた比喩」をそのまま出力してしまったり、逆に確率的分布の隙間を突こうとして、人間が持つ「常識推論（Commonsense Reasoning）」から完全に逸脱した無意味な単語の組み合わせ（擬似相関）を出力してしまったりします。ユーモアの自動生成システムにおいてAIが「すべる（面白くない出力をする）」現象を解析することは、AIが「統計的な正しさ（単語の共起確率）」と「人間の語用論的妥当性（プラグマティクス）」をいかに混同しているかを数学的に浮き彫りにする、極めて重要な情報科学的アプローチとなっています。,大規模言語モデル（LLM）になぞかけを生成させた際、「意味不明なオチ」や「論理が飛躍しすぎた解き」を出力して「すべる」現象は、まさにこの意味的過学習と常識推論の欠如の産物です。なぞかけは「お題$A$」と「解き$B$」の距離が離れていればいるほど意外性が増しますが、その距離が人間の「理解可能な常識の境界線」を超えてしまうと、笑いではなく単なる「エラー出力（意味の崩壊）」となります。AIは高次元の単語埋め込み（Word Embeddings）空間上の演算によって「音韻が一致し、かつベクトル距離が遠い単語」を見つけることは得意ですが、その結びつきが「人間社会のコンテクストにおいて面白いか（納得感があるか）」を評価するための世界モデル（World Model）や常識知識（Commonsense Knowledge）を本来的に持ち合わせていません。AIによる「すべったなぞかけ」のログを分析することは、人間の脳がいかに「文脈という名の高度なノイズ・フィルター」を用いて言葉遊びを成立させているかを逆照射する、最良のアルゴリズム的デバッグ作業なのです。,深層学習における過学習（Overfitting）と擬似相関（Spurious Correlations）の研究、および自然言語処理における「常識推論（Commonsense Reasoning）」とイェジン・チョイらによるCOMETモデルなどの意味理解研究,2010年代後半以降のディープラーニングおよびLLMの安全性・解釈可能性（XAI）研究,Yejin Choi（イェジン・チョイ / 計算機科学者・AI研究者）、および自然言語処理（NLP）における意味論研究者群
大分類 III：形式科学・情報通信技術（Formal Sciences & ICT）,計算機科学を用いたユーモアの自動生成、概念のオントロジー・モデリングを通じて、人間の意味理解の限界を形式化する領域。,第17章 人工知能・自然言語処理（AI and NLP）,17.6,対話エージェントにおけるラポール形成を目的としたジョーク応答の実装,クリフォード・ナスとバイロン・リーブスが提唱した「CASA（Computers Are Social Actors）パラダイム」によれば、人間は無意識のうちに、コンピュータやAIエージェント（Siri、Alexaなど）を「社会的な主体」として扱い、人間同士と同じような対人コミュニケーションの規範を適用します。この心理的メカニズムを利用し、近年の対話エージェント開発では、単なるタスク処理（情報の検索など）だけでなく、ユーザーとの間に「ラポール（信頼と共感の架け橋）」を形成するための「雑談（Social Chit-chat）」や「ジョーク応答」の実装が重視されています。AIが適切なタイミングでユーモアを発すると、ユーザーはシステムのエラーに対して寛容になり、エンゲージメント（継続利用意欲）が劇的に向上することが定量的に実証されています。計算機に「笑い」を実装することは、冷酷なUIを温かみのあるソーシャル・インターフェースへと変換するための極めて実用的なソフトウェア・エンジニアリングなのです。,スマートスピーカーやチャットボットに対して「何か面白いことを言って」と要求した際、AIエージェントが「なぞかけ」で返すように実装することは、ラポール形成において最も安全かつ効果的なアルゴリズム設計です。自由発話のジョークは、ユーザーの属性や文脈によっては不快感を与える（ハラスメントになる）リスクを孕んでいますが、なぞかけは「〇〇とかけて〇〇と解く」という厳格なフォーマットを持っているため、「ここからは計算機が提供する知的な言葉のゲームである」というプレイ・フレーム（遊びの枠組み）がユーザーに明確に伝わり、誤解による炎上リスクを最小化できます。また、ユーザーに「その心は？」と問い返させるような対話のアフォーダンス（Affordance）を設計することで、ターン・テイキング（発話の順番交替）が強制的に発生し、人間と機械の間に「共同作業としてのコミュニケーション」が擬似的に成立します。なぞかけは、AIと人間の心理的距離を縮めるための、極めて堅牢な対話モジュールとして機能するのです。,「CASAパラダイム（Computers Are Social Actors）」理論、およびエンボディド・コンバーセーショナル・エージェント（ECA）におけるラポール（Rapport）構築とユーモアの計算機的実装,1996年（ナスとリーブスの『メディアの等式』出版）、2000年代以降のJustine CassellらによるECA研究,Clifford Nass & Byron Reeves（C.ナス＆B.リーブス / コミュニケーション学者）、Justine Cassell（ジャスティン・カッセル / HCI研究者）
大分類 III：形式科学・情報通信技術（Formal Sciences & ICT）,計算機科学を用いたユーモアの自動生成、概念のオントロジー・モデリングを通じて、人間の意味理解の限界を形式化する領域。,第17章 人工知能・自然言語処理（AI and NLP）,17.7,音声合成技術（TTS）を用いたなぞかけにおける「間」と「抑揚」の自動制御,テキスト読み上げ（Text-to-Speech: TTS）技術は、深層学習（Tacotron 2やVITSなど）の導入により、単なる文字の機械的な発声から、人間の感情や意図を表現する「韻律（Prosody）」のモデリングへと進化しました。韻律とは、基本周波数（ピッチ：$F_0$）、発話継続時間（Duration/テンポ）、音圧（エネルギー）、そしてポーズ（沈黙時間：$t_{pause}$）の動的な組み合わせを指します。音声情報処理の研究によれば、ジョークや言葉遊びをAIに「面白く」発声させるためには、テキストを正確に読み上げるだけでは不十分であり、パンチライン（オチ）の直前に数ミリ秒?数秒の意図的なポーズ（$t_{pause}$）を挿入し、同時にピッチ（$F_0$）の急激な変動をアルゴリズムで制御することが不可欠です。このパラ言語的制御（Paralinguistic Control）を数式化し、文脈情報から自動的に最適な韻律パラメータを予測・生成する技術は、合成音声をより人間的で魅力的な（Expressiveな）ものにするための最前線の研究領域となっています。,なぞかけをAIのアバターや合成音声に「実演」させる場合、その成否はテキストの論理性以上に、この「韻律パラメータの自動制御」に完全に依存します。「?とかけて、?と解く。」の後の「その心は」を発声する際、TTSエンジンは平坦な音声ではなく、観客の期待を煽るようなピッチカーブを生成し、「韻律的テンション」を高めなければなりません。さらに、「その心は」と実際のオチ（掛詞）の間に、聴衆の認知処理に必要な最適な沈黙時間（$t_{pause}$）を計算して挿入する必要があります。名人の落語家が長年の経験で培った「絶妙な間」を、音声合成アルゴリズムにおける「無音区間の動的パディング処理」としてリバースエンジニアリングするこの試みは、なぞかけという言語芸術を、計算機科学の音響モデル上で完全再現するための究極のチューニング作業なのです。,ニューラル音声合成（Neural TTS）における韻律（Prosody）と感情表現のモデリング、および発話におけるポーズ（Pause/Silence）とユーモアの音響的相関に関する研究,2017年（Tacotron 2等の発表）以降の表現力豊かな音声合成（Expressive TTS）技術の発展,Yuxuan Wangら（Google等の音声合成研究チーム）、および音声処理・感情認識（Affective Computing）の研究者群
大分類 III：形式科学・情報通信技術（Formal Sciences & ICT）,計算機科学を用いたユーモアの自動生成、概念のオントロジー・モデリングを通じて、人間の意味理解の限界を形式化する領域。,第17章 人工知能・自然言語処理（AI and NLP）,17.8,マルチモーダルAIを用いた画像状況に合った視覚的・言語的なぞかけの生成,CLIP（Contrastive Language-Image Pre-training）などに代表されるマルチモーダルAI技術は、画像（ピクセルの配列）とテキスト（単語の配列）という全く異なるデータ形式を、共通の潜在空間（Joint Embedding Space）上にマッピングします。これにより、AIは視覚とプロンプトの間にモダリティを超えた「意味的アライメント（対応付け）」を獲得し、画像の状況に直結したテキストを生成することが可能になりました。計算機科学の観点からは、視覚情報からユーモア（大喜利やジョーク）を生成するプロセスは、画像ベクトルから抽出された複数の意味的特徴（Semantic Features）を起点として、言語モデル側で「意外性のある概念」や「同音異義語」を検索・結合し、再び視覚的な文脈と矛盾しない出力を生成する、極めて高度なクロスモーダル推論（Cross-modal Reasoning）の実行であることが解明されています。,「画像をお題としたなぞかけ」の自動生成は、マルチモーダルAIの推論能力を極限まで試すタスクです。例えば「渋滞している道路の画像」を入力されたAIは、まず画像認識によって「車」「遅い」「イライラする」といった言語特徴（A）を抽出します。次に、その言語特徴から「全く別の視覚的イメージを持つけれど、共通の掛詞（C）で繋がる概念（B）」を言語モデル内で探索します。そして「この画像（渋滞）とかけて、未熟な外科医と解く。その心は、どちらも『ノロノロ（鈍い／メスが遅い）』でしょう」といった出力を生成します。マルチモーダルなぞかけは、AIがピクセルという物理的なデータと、言葉遊びという極めて抽象的な人間の認知構造の間に、見事な論理的・視覚的な架け橋を構築できるかを測るベンチマークとなるのです。,『Learning Transferable Visual Models From Natural Language Supervision』（CLIPアーキテクチャの提唱）、および視覚と言語を統合したV&L (Vision-and-Language) モデルによるユーモア生成（Visual Pun Generation）の研究,2021年（RadfordらによるCLIP発表）以降のマルチモーダルAI研究の蓄積,Alec Radford（アレック・ラドフォード / AI研究者）、およびOpenAI等のV&L研究チーム
大分類 III：形式科学・情報通信技術（Formal Sciences & ICT）,計算機科学を用いたユーモアの自動生成、概念のオントロジー・モデリングを通じて、人間の意味理解の限界を形式化する領域。,第17章 人工知能・自然言語処理（AI and NLP）,17.9,感情分析アルゴリズムを用いた特定の大喜利回答が引き起こす反応予測,人間の感情を計算機で認識・処理するアフェクティブ・コンピューティング（感情計算）や、自然言語処理における感情分析（Sentiment Analysis）の技術は、入力されたテキストが読者にどのような感情（喜怒哀楽や驚き）を引き起こすかを確率論的に予測します。大喜利やジョークの回答を評価するアルゴリズムでは、単なる「ポジティブ／ネガティブ」の二値分類ではなく、感情価（Valence）と覚醒度（Arousal）に基づく「アミューズメント（Amusement：面白さ・滑稽さ）」のスコアを予測するモデルが構築されています。深層学習モデルは、何万件もの「人間が爆笑した回答」と「スベった回答」の言語的特徴（単語の組み合わせ、構文の飛躍、タブー語の有無など）を学習し、未知の回答が投下された際に、群衆の「笑いの量」や「炎上のリスク」を事前に数値化して予測できることが実証されています。,なぞかけのコンテストや自動評価システムにおいて、感情分析アルゴリズムは「観客の脳内のカタルシス」をシミュレートする仮想の審査員として機能します。システムに入力されたなぞかけの「オチ（掛詞）」を解析する際、アルゴリズムは「お題と解きの意味的距離（驚きによる覚醒度の高さ）」と「掛詞の論理的整合性（納得によるポジティブな感情価）」の二つのベクトルから、人間の「アハ体験（なるほど！という感情）」の発生確率を予測します。もし、お題と掛詞の結びつきに差別的な偏見（不快なステレオタイプ）が含まれていた場合、感情分析モデルは「アミューズメント（笑い）」ではなく「アンガー（怒り）」や「ディスガスト（嫌悪）」のスコアが急上昇することを予測し、フラグを立てます。なぞかけの反応予測は、人間の複雑でデリケートな「笑いのツボ」を数学的パラメータに還元する野心的な試みなのです。,アフェクティブ・コンピューティング（Affective Computing）、およびBERT等のTransformerモデルを用いたマルチクラス感情分類（Multi-class Emotion Classification）とユーモア認識（Humor Recognition）の研究,1997年（ピカードの提唱）、2018年以降の事前学習済み言語モデルを用いた感情分析の高度化,Rosalind Picard（ロザリンド・ピカード / アフェクティブ・コンピューティングの創始者）、および計算機科学・NLPの研究者群
大分類 III：形式科学・情報通信技術（Formal Sciences & ICT）,計算機科学を用いたユーモアの自動生成、概念のオントロジー・モデリングを通じて、人間の意味理解の限界を形式化する領域。,第17章 人工知能・自然言語処理（AI and NLP）,17.10,形態素解析と音韻情報を用いた日本語ダジャレの自動検出と同音異義語辞書,日本語は単語の境界にスペースがない（分かち書きしない）言語であるため、自然言語処理の第一歩として文章を意味の最小単位に分割し、品詞や読み仮名（音韻情報）を付与する「形態素解析（Morphological Analysis: MeCabなど）」が不可欠です。計算機によってダジャレ（言葉遊び）を自動検出・生成する技術は、この形態素解析で得られた「音韻（ヨミ）」のデータ構造に完全に依存しています。AIは、入力されたテキスト群の中から、編集距離（レーベンシュタイン距離）のアルゴリズムなどを用いて「音韻は完全に一致（または極めて類似）しているが、統語論的制約（Syntactic constraints）を満たしつつ意味的素性（Semantic Features）が全く異なる文字列のペア」を高速でスクリーニングします。日本語のダジャレの検出は、意味のネットワークと音韻のネットワークという二つの異なるデータベースを、アルゴリズムを用いて交差・照合させるデータマイニングのプロセスとして形式化されています。,なぞかけの心臓部である「見事な掛詞」を生み出すためには、高度に構造化された「同音異義語辞書（発音辞書）」と形態素解析エンジンの連携が必須となります。計算機がなぞかけを作る際、お題から連想される単語群の「ヨミ」を抽出し、その「ヨミ」をキーとして辞書を逆引き検索します。このとき、「カエル（帰る／蛙）」のような単純な同音異義語だけでなく、形態素解析の区切り位置を意図的にずらす（例：「パン、作った」と「パンツ、食った」のような分節の再構成）という高度な音韻操作をアルゴリズムに組み込むことで、より人間的で意外性のある掛詞を探索することが可能になります。なぞかけの自動生成は、日本語の複雑な形態素と音韻のルールを逆手に取った、文字列探索アルゴリズムの究極のパズルゲームなのです。,"形態素解析エンジン（MeCab, Juman++等）のアルゴリズム、および計算機によるダジャレ・言語遊戯の自動検出と生成（Computational Pun Generation / Detection）に関するNLP研究",2006年（MeCabの開発）以降、2010年代のユーモア計算論の研究蓄積,工藤拓（MeCab開発者）、Kao et al.（英語のPunに関する計算モデル）、および日本語の自然言語処理研究者群
大分類 III：形式科学・情報通信技術（Formal Sciences & ICT）,計算機科学を用いたユーモアの自動生成、概念のオントロジー・モデリングを通じて、人間の意味理解の限界を形式化する領域。,第17章 人工知能・自然言語処理（AI and NLP）,17.11,Seq2Seqモデルを用いたお題入力からのオチと解説の自動出力,Seq2Seq（Sequence-to-Sequence）モデルは、エンコーダ（入力系列のベクトル化）とデコーダ（ベクトルからの出力系列の生成）から構成され、主に機械翻訳や要約タスクで画期的な成果を挙げた深層学習アーキテクチャです。このモデルをユーモア生成に応用する場合、「お題（入力系列）」をエンコーダが潜在空間上の文脈ベクトルへと圧縮し、デコーダがそのベクトルから「オチ（解き）」と「その論理的な繋がり（解説・その心）」という新しいテキスト系列を生成するように訓練します。このタスクにおける最大のブレイクスルーは、AIに対して単にジョークを出力させるだけでなく、「なぜそれが面白いのか（意味の二重性）」を自然言語で自己解説させることにあります。これにより、ブラックボックス化しやすいニューラルネットワークの推論プロセス（なぜその単語を結びつけたのか）を、人間が解釈可能な形で出力・評価できることが実証されています。,なぞかけは「お題」「解き」「その心」という明確な３ステップの論理構造を持っているため、Seq2Seqモデルの訓練タスクとして極めて優れた性質（データ構造）を持っています。ユーザーが「お題（ソース系列）」を入力すると、デコーダは第一段階として「解き（ターゲット系列１）」を出力し、間髪入れずに第二段階として「その心（ターゲット系列２＝論理的解説）」を生成します。もしAIが「その心」の部分で、掛詞のダブルミーニングを人間が納得できるレベルで的確に言語化して説明できた場合、それはAIが単に確率的にそれらしい文字列を並べただけ（オウム返し）ではなく、二つの概念の間に存在する「意味的・音韻的な交差点」をアルゴリズムとして真にモデル化（推論）できていることの証明となります。なぞかけの生成・解説タスクは、AIの推論の透明性を保証する「説明可能なAI（Explainable AI: XAI）」を測るためのユニークなテストベッドなのです。,『Sequence to Sequence Learning with Neural Networks』（Seq2Seqアーキテクチャの提唱）、および説明可能なAI（Explainable AI: XAI）における自己解説型（Self-explaining）言語モデルの研究,2014年（SutskeverらのSeq2Seq論文）、2020年代の説明可能AI（XAI）とテキスト生成の融合,Ilya Sutskever（イリヤ・サツケヴァー / 深層学習研究者）、およびニューラル機械翻訳（NMT）とテキスト生成のアルゴリズム研究者群
大分類 III：形式科学・情報通信技術（Formal Sciences & ICT）,計算機科学を用いたユーモアの自動生成、概念のオントロジー・モデリングを通じて、人間の意味理解の限界を形式化する領域。,第17章 人工知能・自然言語処理（AI and NLP）,17.12,敵対的生成ネットワーク（GAN）を応用したチューリングテスト・レベルのジョーク生成,敵対的生成ネットワーク（GAN）は、偽のデータを作り出す「生成器（Generator）」と、それが本物か偽物かを見破る「識別器（Discriminator）」を競わせることで、極めてリアルなデータを生成する機械学習アルゴリズムです。画像生成で大きな成功を収めたGANを、強化学習（Policy Gradient）の報酬シグナルと組み合わせてテキスト生成（SeqGANなど）に応用し、さらに「ユーモアの生成」というコンピュテーショナル・クリエイティビティ（計算機的創造性）の領域に適用する研究が行われています。生成器はランダムなジョークを作り出し、識別器は「プロのコメディアンが作ったジョーク（正解データ）」と「生成器のジョーク」を見分けようとします。この過酷な敵対的学習を繰り返すことで、生成器は人間の高度な言葉遊びの文脈、皮肉、リズムを模倣するようになり、最終的には人間が読んでもAIが作ったとは見抜けない（チューリングテストをパスする）レベルの高度なジョークを生成できる可能性が示唆されています。,なぞかけ生成にGANのアーキテクチャを適用する「Nazokake-GAN（仮称）」は、人工知能による演芸の極致です。生成器（AIねづっち）が未知のなぞかけを大量に生成し、識別器（AI審査員）が「これは名人による本物のなぞかけか、それとも計算機が作った無機質な偽物か」を判定します。初期の段階では、生成器は音韻の一致だけで論理が破綻したなぞかけを出すため、識別器に即座に「偽物（スベっている）」と見破られます。しかし、学習が進むにつれ、生成器は「人間の審査員（識別器）を騙して笑わせるためには、どのような意味的飛躍と掛詞の美しさが必要か」の確率分布を強化学習の報酬に基づいて精緻化していきます。GANによるなぞかけの生成は、人間の特権とされてきた「知的なユーモアの創造」を、二つのアルゴリズムの終わりなき敵対的ゲーム（Min-Max最適化問題）によって数学的に凌駕しようとする、計算機科学の野心的な挑戦なのです。,『Generative Adversarial Nets』（GANの提唱）、および『SeqGAN: Sequence Generative Adversarial Nets with Policy Gradient』（離散的なテキスト系列データの生成におけるGANの応用）とチューリングテストの計算論的解釈,2014年（GoodfellowによるGANの発表）、2017年（YuらによるSeqGANの発表）,Ian Goodfellow（イアン・グッドフェロー / AI研究者）、Lantao Yu（ランタオ・ユー / AI研究者）ら、および計算機的創造性（Computational Creativity）の研究者群
大分類 III：形式科学・情報通信技術（Formal Sciences & ICT）,計算機科学を用いたユーモアの自動生成、概念のオントロジー・モデリングを通じて、人間の意味理解の限界を形式化する領域。,第17章 人工知能・自然言語処理（AI and NLP）,17.13,ゼロショット学習による未知の新語を用いた即興的ダジャレ生成,大規模言語モデル（LLM）の驚異的な汎化能力（Generalization）の一つに、ファインチューニング（明示的な再学習）を行わずとも、訓練データに存在しないタスクや未知の概念に対して事前学習した膨大な知識を応用して正解を推論する「ゼロショット学習（Zero-shot Learning）」があります。自然言語処理において、日々誕生する新語や流行語（Out-Of-Vocabulary: OOV）を即座にユーモアに組み込む能力は、このゼロショット推論の極致です。AIは、サブワード（単語の断片）への分割技術（BPEなど）を用いて未知語を既知のトークンに分解し、文脈からの意味推定（Contextual Embedding）を行うことで、辞書に載っていない新語であっても、その「音韻（読みのパターン）」と「潜在空間（Latent Space）上の意味的ベクトル（Semantic Embeddings）」を即座に計算・仮説構築します。これにより、明示的なファインチューニングを行わずとも、未知の概念の音韻的特徴を利用したダジャレや言葉遊びをその場で「即興生成」できることが実証されています。,なぞかけの演芸において、観客から出された「今日生まれたばかりの流行語」をお題にして即答する名人の技術は、人間の脳内で行われている「ゼロショット推論」の具現化そのものです。AIにこの即興なぞかけを行わせる場合、AIは未知の新語（お題）を入力された瞬間、その単語のサブワードから音韻を解析し、「どのような意味のカテゴリに属するか」をベクトル空間上で瞬時に仮置します。そして、既存のボキャブラリーの中から、その新語の構成要素と音韻的に交差する「掛詞」を検索し、論理的なオチを構築します。未知の単語を用いた即興なぞかけの生成テストは、AIが言語の「規則（文法と音韻の生成ルール）」をどれだけ抽象的かつ汎用的に理解し、全く訓練されていない未知の領域（Out-of-Distribution）へ応用（Generalize）できるかを測る、極めて精度の高い知能テストとして機能します。,『Language Models are Few-Shot Learners』（GPT-3のゼロショット・フューショット能力の提唱）、およびサブワード・トークン化（Byte-Pair Encoding: BPE等）による未知語（OOV）処理の研究,2020年（BrownらによるGPT-3論文発表）,Tom B. Brownら（OpenAI研究チーム）、および自然言語処理の語彙・形態素解析研究者群
大分類 III：形式科学・情報通信技術（Formal Sciences & ICT）,計算機科学を用いたユーモアの自動生成、概念のオントロジー・モデリングを通じて、人間の意味理解の限界を形式化する領域。,第17章 人工知能・自然言語処理（AI and NLP）,17.14,クラウドソーシングを用いたAI生成なぞかけの人間による面白さ評価,ユーモアの自動生成において最大の障壁となるのは、「何が面白いか」という客観的な正解データ（Ground Truth）が数学的に定義できないことです。この主観性の壁を突破するため、計算機科学では「クラウドソーシング（Amazon Mechanical Turkなど）」を用いて、AIが生成した数万件のジョークを人間のワーカーに5段階評価（リッカート尺度等）させる「ヒューマン・イン・ザ・ループ（HITL）」のアプローチをとります。大規模なアノテーション（タグ付け）データを統計的に分析した結果、アノテーター間の合意度（Inter-annotator Agreement: IAA）のばらつきから、AIの生成物は「意味的・文法的な正しさ（BLEUスコア等の機械的メトリクス）」と「実際の面白さ」が必ずしも相関しないことが判明しました。論理的には完璧な言葉遊びであっても、人間の文化的な文脈（常識、社会の空気、タブーの境界線）を外したものは「不自然で面白くない」と評価されます。アルゴリズムによるユーモア生成には、人間による大規模な主観的フィードバックを通じたアライメント（価値観のすり合わせ）が不可欠であることが実証されています。,AIが生成した「なぞかけ」の真のクオリティは、ベクトル空間の類似度計算だけでは決して測れません。クラウドソーシングによる評価実験にかけると、「掛詞の同音異義の精度」という機械的なスコアが高くても、人間の評価者からは「ベタすぎる（予測可能でつまらない）」あるいは「粋（いき）じゃない」として低評価を下される現象が頻発します。なぞかけは、論理的なパズルであると同時に、日本の「座布団一枚！」という特有の文化的共感（コンテクストの共有）を要求する高度な言語芸術です。クラウドソーシングを用いたAIなぞかけの評価データセット構築は、計算機が生成した無機質な論理の飛躍に対し、人間たちが「文化的妥当性」と「エスプリ（機知）」という名の魂を後付けで吹き込み、AIの評価関数を人間社会の常識（アライメント）へとチューニングする壮大な共同作業なのです。,『Cheap and Fast---But is it Good? Evaluating Non-Expert Annotations for Natural Language Tasks』をはじめとするNLPにおけるクラウドソーシング評価手法の研究、およびユーモア生成モデルにおけるヒューマン・エバリュエーション（Human Evaluation）,2008年（Snowらによる画期的なNLP評価論文発表）以降の評価指標の発展,Rion Snow（リオン・スノウ / NLP研究者）、およびコンピュテーショナル・ヒューモアにおける評価データセット構築の研究者群
大分類 III：形式科学・情報通信技術（Formal Sciences & ICT）,計算機科学を用いたユーモアの自動生成、概念のオントロジー・モデリングを通じて、人間の意味理解の限界を形式化する領域。,第17章 人工知能・自然言語処理（AI and NLP）,17.15,強化学習（RLHF）による特定の文脈に最適化されたAI芸人のファインチューニング,"現代のトップクラスのLLM（ChatGPTなど）が「人間にとって心地よい対話」を実現している背後には、「人間のフィードバックからの強化学習（RLHF: Reinforcement Learning from Human Feedback）」という技術があります。これは、人間の好みを学習した「報酬モデル（Reward Model: $r_\theta(x, y)$）」を構築し、AIの出力が人間の価値観や意図（無害さ、有益さ、面白さ）に沿うように、近接方策最適化（PPO）などのアルゴリズムを用いてモデルのパラメーターを微調整するアライメント（Alignment）手法です。この技術をユーモア生成に特化させた場合、AIは単なる「ダジャレ生成機」から脱却し、「自虐ネタが好まれる文脈」や「ブラックジョークが許される文脈」など、場の空気に合わせて最適な言葉遊びを選択・生成する「文脈適応型のAIコメディアン」へとファインチューニングできることが解明されています。",RLHFを用いてなぞかけ特化のAI（AIねづっち）を訓練するプロセスは、若手芸人が舞台の客席からの反応（ウケた／スベった）を経験値として吸収し、芸を磨き上げるプロセスをそのまま数式化したものです。初期の言語モデルは、時折不謹慎なお題を選んだり、誰も知らない難解な掛詞を使ってしまったりします。しかし、人間の評価者が「これは誰も傷つけず、かつ知的に優れている（報酬スコア大）」「これはただのオヤジギャグだ（報酬スコア小）」というフィードバックを大量に与えて報酬モデルを学習させることで、AIの出力方策（Policy: $\pi_\theta$）は最適化されます。強化学習を経たAIのなぞかけは、単なるテキストの生成確率の最大化ではなく、「人間の観客から最大の座布団を獲得すること（期待報酬の最大化：Expected Reward Maximization）」を目的関数として駆動する、極めて洗練された強化学習エージェントの出力結果となるのです。,『Training language models to follow instructions with human feedback』（InstructGPTおよびRLHFの基盤論文）、および近接方策最適化（Proximal Policy Optimization: PPO）アルゴリズム,2017年（PPOアルゴリズムの発表）、2022年（OuyangらによるRLHFのInstructGPT論文発表）,Long Ouyangら（OpenAI研究チーム）、John Schulman（ジョン・シュルマン / PPO開発者・強化学習研究者）
大分類 III：形式科学・情報通信技術（Formal Sciences & ICT）,計算機科学を用いたユーモアの自動生成、概念のオントロジー・モデリングを通じて、人間の意味理解の限界を形式化する領域。,第17章 人工知能・自然言語処理（AI and NLP）,17.16,隠れマルコフモデル（HMM）を用いた落語スクリプトからのオチのパターン分類,隠れマルコフモデル（HMM: Hidden Markov Model）は、観測されるデータ系列の背後に「観測不可能な隠れた状態（Hidden States）」の推移が存在すると仮定し、その確率的パターンをモデリングする統計手法です。主に音声認識で発展した技術ですが、物語論（ナラティブ）やジョークの構造解析にも応用されています。落語や漫才のスクリプトを自然言語処理で解析しHMMを適用すると、文章の表面的な単語（観測系列）の背後に、「状況設定（Setup）」→「緊張の増幅（Build-up）」→「解決・オチ（Punchline）」という目に見えない「笑いの認知状態」の推移確率（Transition Probability: $P(s_t \mid s_{t-1})$）が潜んでいることが数理的に抽出されます。計算機科学は、長尺の笑いのテキストが持つ「起承転結のリズム」を、状態遷移行列（State Transition Matrix）という数学的モデルとして定式化することに成功しています。,なぞかけをHMMの枠組みで解析することは、この極端に短い演芸の中に潜む「認知的サスペンスの推移」を確率モデルとして可視化する試みです。なぞかけのテキスト系列において、隠れた認知状態は「状態1：お題の提示（不確実性の発生）」、「状態2：解きの提示（不確実性の最大化・謎のピーク）」、「状態3：その心（掛詞による不確実性の急激な収束・解決）」と推移します。HMMのアルゴリズムは、過去の膨大ななぞかけデータを学習することで、「状態2から状態3へと移行する際に、観客の脳内でどのような確率的飛躍（排出確率: Emission Probability と推移確率の最適化）が起きれば最も効果的か」を計算します。なぞかけの「間」と「構造」は、職人の勘に基づくブラックボックスではなく、マルコフ過程における最も美しい状態推移の連鎖として、アルゴリズムの視点から完全に解剖・分類することが可能なのです。,『A Tutorial on Hidden Markov Models and Selected Applications in Speech Recognition』（HMMのチュートリアル論文）、および計算機科学による物語生成（Story Generation）やジョークの構造解析（Structural Analysis of Jokes）におけるマルコフ過程の応用研究,1989年（RabinerによるHMM論文発表）、2000年代以降の計算的物語論（Computational Narratology）,Lawrence R. Rabiner（ローレンス・R・ラビナー / 音声認識・HMMの権威）、およびプロップの『昔話の形態学』を計算機モデルに応用したAI研究者群
大分類 III：形式科学・情報通信技術（Formal Sciences & ICT）,計算機科学を用いたユーモアの自動生成、概念のオントロジー・モデリングを通じて、人間の意味理解の限界を形式化する領域。,第17章 人工知能・自然言語処理（AI and NLP）,17.17,照応解析技術を用いたなぞかけ特有の代名詞・省略の復元処理,自然言語処理において、文章中の代名詞（それ、あれ）や省略された主語・目的語が「どの名詞（先行詞）を指しているか」を特定する技術を「照応解析（Coreference Resolution）」と呼びます。特に日本語は、文脈から推測可能な主語や目的語（格要素）が頻繁に省略される「ゼロ代名詞（ゼロ照応）」の現象が著しいため、機械による正確な意味（述語項構造）の抽出が極めて困難です。近年の深層学習（Transformerベースのモデル）を用いた照応解析の研究によれば、AIは前後の文脈（アテンション機構）から省略された必須格（ガ格、ヲ格など）を高精度で補完・復元できるようになりました。しかし、高度なユーモアや言葉遊びにおいては、発話者が「意図的に複数の先行詞を同時に指し示す曖昧な代名詞や省略」を用いることがあり、これが単一の決定論的な正解（一義的な依存関係）を導き出そうとするAIの照応解析アルゴリズムに重大なエラー（解釈の混乱）を引き起こすことが分かっています。,なぞかけの「その心は〇〇でしょう」というオチのフレーズは、自然言語処理の視点から見ると、極めて異常で難解な「ゼロ照応（省略）」の構文構造を持っています。この短い解説文の中には、「お題（A）」に対する説明と、「解き（B）」に対する説明という、二つの全く異なる述語項構造が省略されたまま圧縮されています。AIがなぞかけの意味を正しく評価・理解するためには、照応解析技術を用いて、オチの中にある「どちらも」や「省略された主語（項）」を、AとBの両方の文脈に対してパラレル（並行）に復元・代入し、それぞれの意味が論理的に成立するかを検証しなければなりません。なぞかけは、AIの照応解析エンジンに対し、「一つの代名詞・省略が、全く異なる二つの先行詞を同時に参照し、かつ意味を成立させる」という多重的な照応関係の並列解決（Parallel Resolution）を要求する、極めて高度な言語テストなのです。,日本語自然言語処理における「ゼロ照応解析（Zero Anaphora Resolution）」および「述語項構造解析（Predicate-Argument Structure Analysis）」に関する研究,2000年代以降の日本語構文・意味解析（KNP、Juman++等）アルゴリズムの研究蓄積,黒橋禎夫（くろはし さだお / 自然言語処理研究者）、河原大輔（かわはら だいすけ / 計算言語学者）をはじめとする計算言語学者群
大分類 III：形式科学・情報通信技術（Formal Sciences & ICT）,計算機科学を用いたユーモアの自動生成、概念のオントロジー・モデリングを通じて、人間の意味理解の限界を形式化する領域。,第17章 人工知能・自然言語処理（AI and NLP）,17.18,意味的役割付与（SRL）を用いたA・B・C間の格関係の自動マッピング,「意味的役割付与（Semantic Role Labeling: SRL）」とは、文章中の単語が述語（動詞など）に対してどのような意味的な役割（動作主：Agent、対象：Patient、経験者：Experiencer、道具、場所など）を果たしているかを自動的にラベル付けする自然言語処理技術です。SRLを用いることで、AIは「誰が、誰に、何をしたか」という表面的な構文（主語や目的語）に惑わされず、文章の深層的な事象述語構造（Event-Predicate Structure）をマッピングできます。研究によれば、ジョークや言葉遊びの多くは、この「意味的役割の意図的なすり替え」によって成立しています。前半の文脈で「対象（Patient）」として認識されていた単語が、後半の文脈で突然「道具（Instrument）」や「経験者（Experiencer）」へと役割を変化させる（あるいは二重の役割を担う）ことで、人間の脳内に論理的なギャップと笑いが生じるメカニズムが、SRLの計算モデルによって形式化されています。,なぞかけにおける「お題（A）」「解き（B）」「掛詞（C）」の三者関係を計算機に理解・生成させるためには、SRLによる「格関係の自動マッピング」が不可欠です。見事ななぞかけは、掛詞（C）の音が同じであっても、Aの文脈で適用されるCの意味的役割と、Bの文脈で適用されるCの意味的役割が劇的に異なります。例えば、「熱いお風呂（A）」と「名歌手のステージ（B）」を「どちらも『わかす（沸かす／湧かす）』でしょう」で結ぶ場合、SRLアルゴリズムは、Aにおける「水（対象：Patient）」を物理的に「沸かす（述語）」という関係と、Bにおける「観客（経験者：Experiencer）」を感情的に「湧かす（述語）」という関係を、別々の意味フレーム（Semantic Frames）としてマッピングしなければなりません。SRLは、なぞかけという言葉遊びの背後にある「動的な意味役割のスイッチング（掛詞が異なる格フレームの交差点として機能する構造）」をアルゴリズムとして解剖する強力なメスなのです。,「意味的役割付与（Semantic Role Labeling）」の自動化アルゴリズム、およびPropBankやFrameNetといった意味フレーム（Semantic Frames）のオントロジー構築プロジェクト,2002年（GildeaとJurafskyによるSRLの初期アルゴリズム提案）以降,Daniel Gildea（ダニエル・ギルデア / NLP研究者）、Daniel Jurafsky（ダニエル・ジュラフスキー / 計算言語学者・ユーモアの計算論的研究）
大分類 III：形式科学・情報通信技術（Formal Sciences & ICT）,計算機科学を用いたユーモアの自動生成、概念のオントロジー・モデリングを通じて、人間の意味理解の限界を形式化する領域。,第17章 人工知能・自然言語処理（AI and NLP）,17.19,ユーモア理解のベンチマークテスト構築と最新LLMの比較評価,大規模言語モデル（LLM）の能力が人間と同等レベルに達しつつある中、計算機科学の分野では「AIの真の理解力」を測るための新たなベンチマーク（評価指標）として「ユーモア理解（Humor Comprehension）」が注目されています。単なる事実の検索や翻訳とは異なり、ジョークのオチを正しく選択したり、なぜそれが面白いのかを説明させたりするタスク（HellaSwagやUR-FUNNYなどの派生データセット）は、AIの「常識推論（Commonsense Reasoning）」と「語用論的推論（推意：Implicatureの解釈）」の限界をテストするのに最適です。最新のLLM（GPT-4など）を用いた比較評価実験によれば、現代のAIは「ダジャレの論理的構造を事後的に説明すること」には極めて高い精度を示しますが、文化的背景や皮肉が複雑に絡み合ったハイコンテクストな笑いを「ゼロから創造すること」においては、依然として人間のコメディアンには遠く及ばず、「確率的オウム（Stochastic Parrots）」の域を出ていないことが定量的に証明されています。,「なぞかけ」は、日本語に特化したLLMの性能を測るための、究極かつ最も過酷なローカル・ベンチマークテストとして機能します。AIに対して「このお題と解きを繋ぐ、最も適切な掛詞を出力せよ」「なぜこのなぞかけが成立していないのか理由を述べよ」といったタスクを与え、各社のLLMの精度を比較評価します。なぞかけベンチマークは、モデルが持つ「日本語の同音異義語の語彙量（音韻処理能力）」、「概念間の意味的距離の測り方（意味論）」、そして「日本の文化的文脈（Common Ground）の理解度（語用論）」という3つの能力を同時にスコアリングすることができます。AIによるなぞかけ生成のスコアの変遷を追うことは、そのまま「人工知能が日本語という言語の深淵（遊びの領域）をどこまで制覇したか」を示す技術的なマイルストーンとなるのです。,"自然言語理解（NLU）のベンチマークにおける常識推論テスト（例: HellaSwag, WinoGrande）、および計算論的ユーモアにおけるジョーク認識と生成の定量評価（Quantitative Evaluation of Humor Generation）",2019年（ZellersらによるHellaSwag発表）以降、AIのユーモア理解に関する研究の急増,Rowan Zellers（ローワン・ゼラーズ / AI研究者）、および計算言語学における言語モデルの評価フレームワーク研究者群
大分類 III：形式科学・情報通信技術（Formal Sciences & ICT）,計算機科学を用いたユーモアの自動生成、概念のオントロジー・モデリングを通じて、人間の意味理解の限界を形式化する領域。,第17章 人工知能・自然言語処理（AI and NLP）,17.20,ルールベース生成と言語モデル生成のハイブリッドによるなぞかけ生成,現在のAI開発における重要課題は、深層学習ベースの大規模言語モデル（LLM）が持つ「ハルシネーション（もっともらしい嘘）」と「厳密な論理制約の弱さ」をどう克服するかです。その解決策として注目されているのが、古典的な記号論理AI（ルールベースや辞書検索）とLLMのニューラルネットワークを組み合わせる「ニューロシンボリックAI（Neuro-symbolic AI）」、あるいは広義の「ハイブリッド型アーキテクチャ」です。例えば、定型詩（俳句）や高度な言葉遊びを自動生成する制約付きテキスト生成（Constrained Text Generation）のタスクにおいて、LLM単体では音韻ルール（文字数や韻踏み）を頻繁に間違えます。しかし、ルールベースのアルゴリズム（発音辞書や形態素解析による厳格な制約フィルター）を「記号的制約（Symbolic Constraints）」として先に走らせ、その条件を満たした素材だけをLLMに渡して「自然な文章（肉付け）」を生成させるハイブリッド手法（検索拡張生成：RAG的アプローチの応用）を採用することで、構造的正確性と意味的流暢性の双方を極めて高いレベルで両立できることが実証されています。,完璧な「なぞかけ自動生成システム」を構築するための実践的な最適解は、まさにこのハイブリッド・アーキテクチャの導入です。純粋なLLMになぞかけを頼むと、高確率で掛詞が同音異義語になっていない（ルール違反の）オチを出力します。そこでまず、「シンボリック（記号推論）生成部」がMeCabなどの形態素解析と日本語発音辞書をフル稼働させ、お題（A）から連想される全単語と完全に「ヨミ（音韻）」が一致し、かつ意味ベクトルが遠い解き（B）と掛詞（C）のペアを、ヒューリスティック探索等のアルゴリズムによって厳密に抽出します（論理的制約のクリア）。次に、その数学的に正しいA・B・Cのセットを「ニューラル生成部（LLM）」にプロンプトとして渡し、「これらを使って、最も自然で人間らしい『その心は?でしょう』という解説文を生成せよ」と指示します。辞書演算の冷徹な正確さ（Symbolic）と、LLMの滑らかな表現力（Neural）を統合するニューロシンボリック・アプローチこそが、名人芸のなぞかけを計算機システムとして完全再現するための究極のAI設計論なのです。,「ニューロシンボリックAI（Neuro-symbolic AI）」の概念とアーキテクチャ設計、および制約付きテキスト生成（Constrained Text Generation）における記号推論（Symbolic Reasoning）とニューラル言語モデルの統合研究,2020年代（Gary MarcusらによるニューロシンボリックAIの提唱と隆盛）,Gary Marcus（ゲイリー・マーカス / 認知科学者・AI研究者）、Artur d'Avila Garcez（アルトゥール・ダヴィラ・ガルセズ / 計算機科学者）、およびハイブリッドNLPアーキテクチャの研究者群
大分類 III：形式科学・情報通信技術（Formal Sciences & ICT）,計算機科学を用いたユーモアの自動生成、概念のオントロジー・モデリングを通じて、人間の意味理解の限界を形式化する領域。,第18章 知識情報学・オントロジー工学（Knowledge Informatics and Ontology Engineering）,18.1,概念の階層構造を用いた「アナロジー」の形式的記述と推論モデル,デードレ・ゲントナーの「構造マッピング理論（Structure-Mapping Theory）」やオントロジー工学によれば、人間の高度な知的能力である「アナロジー（類推）」は、単なる表面的な属性の類似ではなく、異なるドメイン間の「関係性の構造（高次関係：Higher-order relations）」をマッピングする計算プロセスとして形式化できます。オントロジー（概念体系）において、世界中の事象は「is-a関係（上位・下位概念）」や「part-of関係（全体・部分）」という階層ネットワークで定義されます。計算機にアナロジーを行わせる推論モデル（SME: Structure-Mapping Engineなど）は、物理学の「太陽系モデル」と化学の「原子モデル」のように、末端の属性（構成要素の性質）は全く異なっていても、その上の階層にある「中心の大きな質量の周りを小さな物体が回転し、引力が働く」というネットワークのグラフ構造が数学的に完全に一致していることを発見・照合します。人間の「ひらめき」や「高度な比喩」は、知識グラフ上の構造的同型性（Isomorphism）を計算機的に検索し、結合するアルゴリズムとして記述できることが実証されています。,なぞかけは、認知科学における「アナロジー推論（構造マッピング）」の最も洗練された言語的実行プロセスです。お題となる「ベース・ドメイン（A）」と、解きとなる「ターゲット・ドメイン（B）」は、オントロジーのツリー上では全く別のドメインに属する概念です。しかし、名人が見事な掛詞（C）を見つけた瞬間、観客の脳内ではAの概念ツリーが持つ関係構造とBの概念ツリーが持つ関係構造が、Cという意味的アンカー（結節点）を介してピタリと重なり合う（構造マッピングされる）認知的カタルシスが発生します。なぞかけの美しさは、単なる言葉の響きの一致ではなく、この「異なる知識ドメイン間に隠されていた構造的同型性を、瞬時に抽出して重ね合わせる」という、極めて高度な概念操作（リレーショナル・マッピング）の美しさです。なぞかけは、人間の脳がいかに精緻で高速なオントロジー推論エンジンを搭載しているかを証明する、知的な演算ゲームなのです。,ゲントナーの「構造マッピング理論（Structure-Mapping Theory）」、およびそれを計算機上に実装したSME（Structure-Mapping Engine）モデルに関する人工知能・認知科学研究,1983年（ゲントナーによる理論提唱論文発表）、1986年（フォーバスらによるSMEの開発）,Dedre Gentner（デードレ・ゲントナー / 認知心理学者）、Kenneth D. Forbus（ケネス・D・フォーバス / AI研究者）
大分類 III：形式科学・情報通信技術（Formal Sciences & ICT）,計算機科学を用いたユーモアの自動生成、概念のオントロジー・モデリングを通じて、人間の意味理解の限界を形式化する領域。,第18章 知識情報学・オントロジー工学（Knowledge Informatics and Ontology Engineering）,18.2,意味的ウェブ（RDF/OWL）を用いたAとBのプロパティ共通性（C）の検索,ティム・バーナーズ＝リーらが提唱したセマンティック・ウェブ（意味的ウェブ）の技術基盤であるRDF（Resource Description Framework）やOWL（Web Ontology Language）は、世の中のあらゆる知識を「主語（Subject）- 述語（Predicate）- 目的語（Object）」のトリプル（三項組）として記述し、機械可読な巨大な知識グラフ（Linked Open Data: LOD）を構築します。この形式化された知識空間においては、人間が思いもよらない事象Aと事象Bの間に隠された「共通のプロパティ（属性や関係性）」を、SPARQLなどの問い合わせ言語（クエリ）を用いたグラフパターンマッチング（Graph Pattern Matching）によって機械的に探索することが可能です。一見無関係な二つの概念が、グラフ上のパスを辿ることで「実は同じ機能を持つ」「同じ歴史的背景を持つ」といった結びつき（C）を発見するプロセスは、検索エンジンの単なるキーワード・マッチングを超えた、推論を伴う知識発見（Knowledge Discovery）のメカニズムとして機能しています。,なぞかけの自動生成システムをセマンティック・ウェブの技術で構築する場合、それは巨大なRDF知識グラフに対する「共通プロパティの探索クエリ（SPARQL）」として記述されます。システムに「A（お題）」と「B（解き）」という二つのリソース（主語ノード）が与えられたとき、アルゴリズムはグラフデータベース内を探索し、「AとBの双方から、何らかのプロパティ（述語）のパスを辿って到達できる共通のノード（目的語＝C）」を計算します。もしこの探索によって、「意味グラフ上のURI（固有の概念）は異なるが、字句表現（Literal：音韻）が完全に一致するC（掛詞）」が発見された場合、見事ななぞかけの論理構造が生成されます。なぞかけは、意味的ウェブにおける「異種概念間のトリプル探索アルゴリズム」を、人間が自然言語のフォーマットでエンターテインメント化したものと定義できるのです。,セマンティック・ウェブ（Semantic Web）の概念、RDF（リソース記述フレームワーク）およびOWL（ウェブ・オントロジー言語）のセマンティクス、およびLinked Open Data（LOD）を用いた知識グラフ（Knowledge Graph）探索に関する研究,2001年（バーナーズ＝リーらによるScientific American誌での論文発表）、2000年代後半以降のLODの発展,Tim Berners-Lee（ティム・バーナーズ＝リー / 計算機科学者・WWW考案者）、および知識情報学・ウェブサイエンスの研究者群
大分類 III：形式科学・情報通信技術（Formal Sciences & ICT）,計算機科学を用いたユーモアの自動生成、概念のオントロジー・モデリングを通じて、人間の意味理解の限界を形式化する領域。,第18章 知識情報学・オントロジー工学（Knowledge Informatics and Ontology Engineering）,18.3,上位概念への抽象化による異種ドメイン間の意外な共通点の発見,形式概念分析（Formal Concept Analysis: FCA）やWordNetなどのオントロジー研究によれば、特定の概念群の間の類似度は、階層構造ツリーにおける「最小共通祖先（Lowest Common Ancestor: LCA）」の位置、すなわち「意味的距離（Semantic Distance）」と「情報量（Information Content）」によって数学的に計算されます（Wu-Palmer類似度など）。例えば、「リンゴ」と「犬」は直近の共通点がありませんが、上位概念（抽象化）へと遡っていくと、最終的に「生物」や「物理的実体」というLCAで交差します。計算論的ユーモアや創造性支援システムにおいて、意外性のある面白い共通点（比喩）を発見するためには、このLCAの「情報量の調整」が極めて重要であることが分かっています。共通祖先が下位すぎると「当たり前（リンゴとミカン＝果物）」になり、上位すぎると内包（Intension）が薄れて「漠然としすぎ（リンゴと車＝物体）」になります。計算機は、概念ツリーを遡るステップ数をアルゴリズムで制御することで、人間の認知に最もカタルシスを与える「適度な抽象化レベル（スイートスポット）」を形式的に算出しようとしています。,なぞかけにおける「お題（A）」と「解き（B）」の選定は、オントロジー・ツリーを用いた「最小共通祖先（LCA）の最適化問題」です。優れたなぞかけの演者は、ツリーの末端（具体物）では全く遠く離れている（類似度が低い）AとBを選びます（意外性の確保）。しかし、「その心は（掛詞）」を説明する過程で、AとBの抽象度を意図的に一段階だけ引き上げ、絶妙な高さにある「隠れた上位概念（共通の機能や性質）」を提示します。このとき、抽象化のレベルが計算機的に見て情報量が最適化されたLCAのスイートスポットに収まったとき、観客は「全く違うものだと思っていたが、確かにその性質（上位概念の定義）を共有している！」という強烈なアハ体験（納得）を得ます。なぞかけは、人間の脳内で瞬時に行われる「概念の抽象化と最適LCAの探索」という高度な情報処理を、笑いとして出力するオントロジー・ゲームなのです。,WordNet等を用いた概念間の意味的類似度（Semantic Similarity）の計算アルゴリズム（Wu-Palmer類似度やLin類似度など）、および「形式概念分析（FCA）」の理論,1982年（ヴィレによるFCAの提唱）、1994年（Wu & Palmerによる類似度計算手法の確立）,Rudolf Wille（ルドルフ・ヴィレ / 数学者）、George A. Miller（ジョージ・A・ミラー / 心理学者・WordNet創設者）、Zhibiao Wu & Martha Palmer（計算言語学者）
大分類 III：形式科学・情報通信技術（Formal Sciences & ICT）,計算機科学を用いたユーモアの自動生成、概念のオントロジー・モデリングを通じて、人間の意味理解の限界を形式化する領域。,第18章 知識情報学・オントロジー工学（Knowledge Informatics and Ontology Engineering）,18.4,グラフ理論を用いた言葉遊び（概念ネットワーク）の最短経路探索,人間の語彙や概念の記憶構造は、単語をノード（頂点）、意味的な繋がりをエッジ（辺）とする巨大な「セマンティック・ネットワーク（意味ネットワーク）」としてモデル化できます。ネットワーク科学やグラフ理論をこの空間に適用すると、言葉遊びや連想のプロセスは、「ノードAからノードBへのパス探索問題（最短経路問題など）」として完全に数学的に形式化されます。ダイクストラ法（Dijkstra's algorithm）や幅優先探索を用いて概念ネットワーク上を走査した際、日常的な会話は「エッジの重みが重い（結びつきが強い）直接的なパス」を通りますが、ユーモアや創造的な言葉遊びは、あえて「エッジの重みが軽い（結びつきが弱い、あるいは同音異義語のような特殊なエッジを経由する）迂回パス」を発見したときに生じます。計算機科学は、この「通常は辿らないが、論理的には確実に繋がっている特異なグラフ経路」を探索・評価することで、ユーモア生成のメカニズムをアルゴリズムとして再現しようとしています。,なぞかけの論理構造は、セマンティック・ネットワークにおける「特定の制約条件付きパス探索（制約充足問題）」そのものです。お題となる「ノードA」から出発し、最終目的地の「ノードB」に到達するためには、必ず「掛詞となるノードC（音韻的同型性という特殊なショートカット・エッジを持つハブ・ノード）」を経由しなければならない、という厳格な制約が与えられます。観客の脳は、AからBへの直接的な意味のエッジが存在しないため「繋がらない（不一致）」と感じて戸惑います。しかし演者が、ノードCを経由する鮮やかな最短経路（隠しルート）を提示した瞬間、ネットワーク上の回路が繋がり、認知的な緊張が一気に緩和されて笑いが起きます。なぞかけは、広大な人間の概念グラフのなかに隠された「美しい迂回路」を探索し、その意味空間におけるトポロジー（位相幾何学的な繋がり方の妙）を楽しむ高度なネットワーク・エンターテインメントなのです。,セマンティック・ネットワーク（Semantic Network）の理論、およびネットワーク科学における「スモールワールド・ネットワーク（Small-world network）」と「弱い紐帯の強さ（The strength of weak ties）」の概念ネットワークへの応用,1968年（キリアンによるセマンティック・ネットワークの提唱）、1998年（ワッツとストロガッツのスモールワールド・モデル論文発表）,M. Ross Quillian（M.ロス・キリアン / AI研究者・認知科学者）、Duncan J. Watts & Steven Strogatz（ダンカン・J・ワッツ＆スティーヴン・ストロガッツ / ネットワーク科学者）
大分類 III：形式科学・情報通信技術（Formal Sciences & ICT）,計算機科学を用いたユーモアの自動生成、概念のオントロジー・モデリングを通じて、人間の意味理解の限界を形式化する領域。,第18章 知識情報学・オントロジー工学（Knowledge Informatics and Ontology Engineering）,18.5,語彙オントロジー（WordNet等）における意味距離の計算,WordNetなどの語彙オントロジー（概念辞書）は、数十万の単語を「上位語・下位語（is-a関係）」「全体・部分（part-of関係）」「同義語（synset）」といった意味的なリンクで結んだ巨大なネットワーク構造を持っています。このグラフ構造の上で、Wu-Palmer類似度などのアルゴリズムを用いると、二つの単語間の「意味的距離」を、ツリーを遡る最短経路の深さから数学的に計算することができます。計算機によるユーモア生成の研究では、この「意味距離の定量化」が極めて重要になります。距離が近すぎると「同義語の反復（当たり前）」になり、遠すぎると「意味不明なノイズ」になるからです。計算機はオントロジー上のノード間のステップ数を計算することで、人間に「なるほど、そう来たか」と思わせる「適度な意外性（最適な意味距離）」をアルゴリズムとして探索できることが実証されています。,なぞかけは、語彙オントロジー上における「意味距離の最適化パズル」そのものです。「お題（A）」と「解き（B）」は、オントロジーの意味グラフ上で極めて遠く離れたノード（意味距離が遠い概念）でなければなりません。ここで鍵となるのが「掛詞（C）」です。WordNetの構造上、同音異義語である掛詞は「単一のノード」ではなく、概念レベルでは全く別のノード（C1とC2）として存在しつつ、表層的な「音声ラベル（Lemma）」を共有している状態を指します。つまりなぞかけとは、「意味グラフ上では最も遠い二つの点（AとB）を、音声ラベルの同一性（C1＝C2）という別次元のバグ的リンクを利用して強引にワープ（ショートカット）する」という高度な経路探索アルゴリズムなのです。WordNetのような語彙オントロジーを用いることで、なぞかけの「意外性と納得感のギャップ」を、計算機上で厳密な数値としてスコアリングすることが可能になります。,語彙オントロジー「WordNet」の構築、および概念ネットワークにおける意味的類似度（Semantic Similarity）の計算アルゴリズム（Wu & Palmer類似度など）,1985年（WordNetプロジェクト開始）、1994年（Wu & Palmerの論文）,George A. Miller（ジョージ・A・ミラー / 心理学者・計算機科学者）、Zhibiao Wu & Martha Palmer（自然言語処理研究者）
大分類 III：形式科学・情報通信技術（Formal Sciences & ICT）,計算機科学を用いたユーモアの自動生成、概念のオントロジー・モデリングを通じて、人間の意味理解の限界を形式化する領域。,第18章 知識情報学・オントロジー工学（Knowledge Informatics and Ontology Engineering）,18.6,オントロジー・アライメントによる比喩の構造的マッピング,オントロジー・アライメント（オントロジー・マッチング）とは、異なる目的や領域で作られた二つのオントロジー（概念モデル）の間に、意味的な対応関係（マッピング）を自動で発見する技術です。これを比喩（メタファー）の理解に応用したデードレ・ゲントナーの「構造マッピング理論」によれば、計算機は「人生は旅である」という比喩を単なる文字列としてではなく、構造の重ね合わせとして処理します。「旅ドメイン」のオントロジーにある「出発地→目的地」「障害物」という関係性グラフを、「人生ドメイン」のオントロジーにある「誕生→死」「困難」という関係性グラフへとマッピングするのです。このプロセスにより、表面的な単語の属性が全く異なっていても、背後にある要素間の関係性（グラフのトポロジー）が同型（アイソモルフィック）であれば、計算機はそれを「構造的な共通性を持つ比喩」として形式的に推論・理解できることが解明されています。,なぞかけの真骨頂は、この「オントロジー・アライメント」を、音声（ダジャレ）という表層的属性をトリガーにして強制的に引き起こす点にあります。「お題（A）」の属する知識構造と、「解き（B）」の属する知識構造は全く別物です。しかし、演者が「掛詞（C）」を提示した瞬間、それがアンカー（強制対応点）となり、AのドメインとBのドメインの間に強引な構造マッピングが実行されます。例えば「クモ」と「詐欺師」という異なるオントロジーが、「あみをはる（網を張る）」という音声アンカーによってアライメントされたとき、物理的な糸と見えない罠という属性の違いを超え、背後にある「獲物やターゲットを待ち構える」という両者の構造的関係が奇跡的に重なり合います。人間は、二つの無関係な世界が見事なトポロジーの一致を見せるこの瞬間にカタルシスを経験します。なぞかけは、無関係な世界をアルゴリズム的に統合する極めて動的な知識マッピング技術なのです。,『Ontology Matching』等のオントロジー・アライメント技術、およびデードレ・ゲントナーの「構造マッピング理論（Structure-Mapping Theory）」をオントロジーに応用した研究,1983年（ゲントナー）、2000年代以降のオントロジー・マッチング技術の体系化,J?r?me Euzenat & Pavel Shvaiko（オントロジー工学研究者）、Dedre Gentner（デードレ・ゲントナー / 認知科学者）
大分類 III：形式科学・情報通信技術（Formal Sciences & ICT）,計算機科学を用いたユーモアの自動生成、概念のオントロジー・モデリングを通じて、人間の意味理解の限界を形式化する領域。,第18章 知識情報学・オントロジー工学（Knowledge Informatics and Ontology Engineering）,18.7,ロール（役割）概念の転換を利用したなぞかけのモデル化,溝口理一郎やニコラ・グアリーノらのオントロジー工学研究によれば、世界の概念は「基本概念（Basic Concept：文脈に依存せず存在する実体、例：人間、木）」と「ロール概念（Role Concept：特定の文脈や関係性の中でのみ生じる役割、例：教師、燃料）」に厳密に区別してモデリングされます。ある「人間（基本概念）」は、学校という文脈では「教師（ロール概念）」を演じ、家庭では「親（ロール概念）」を演じます。ユーモアや言葉遊びの多くは、この「文脈依存的なロールの意図的なすり替え」によって発生します。システム上で、あるエンティティに割り当てられていたロール概念（例：雨具としての傘）を、突然全く別の文脈のロール概念（例：武器としての傘）へと動的に転換（キャスト）する処理を行うことで、計算機は「常識からの逸脱」と「新たな関係性の発見」というユーモアの発生メカニズムを形式的に記述できることが分かっています。,なぞかけにおける掛詞（その心）は、オントロジー工学における「ロール概念の劇的な動的キャスト（文脈ごとの割り当て変更）」のプロセスとして完璧にモデル化できます。例えば、「『役者』とかけて『料理人』と解く。その心は『どちらも、いたにつく（板に付く）でしょう』」というなぞかけを例にとります。ここでの「板」という物理的な木材（基本概念）は、役者の文脈（A）の中では「舞台（足場としてのロール概念）」としてキャストされます。しかし、料理人の文脈（B）に接続された瞬間、全く同じ実体のまま、その役割が「まな板（調理器具としてのロール概念）」へと完全に転換（再キャスト）されるのです。なぞかけを計算機で生成・解析するためには、この「一つの不変の実体（基本概念）に対して、接続される文脈に応じて全く異なるロール概念を多重に割り当てる」という高度な役割管理システムを実装する必要があるのです。,オントロジー構築論における「基本概念（Basic Concept）」と「ロール概念（Role Concept）」の形式化、および溝口理一郎らによるオントロジー構築環境「法造（Hozo）」の研究,2000年代以降のオントロジー工学の深化,溝口理一郎（みぞぐち りいちろう / 人工知能・オントロジー工学研究者）、Nicola Guarino（ニコラ・グアリーノ / 応用オントロジー研究者）
大分類 III：形式科学・情報通信技術（Formal Sciences & ICT）,計算機科学を用いたユーモアの自動生成、概念のオントロジー・モデリングを通じて、人間の意味理解の限界を形式化する領域。,第18章 知識情報学・オントロジー工学（Knowledge Informatics and Ontology Engineering）,18.8,スクリプト理論に基づく「期待の裏切り」の形式化,ヴィクター・ラスキンの「ユーモアのスクリプト意味論（SSTH）」は、知識情報学におけるフレーム／スクリプト理論（人間が持つ日常的な一連のシナリオの知識表現）を応用したものです。計算機にユーモアを理解させる際、この理論は強力なアルゴリズムとなります。システムは、入力されたテキスト前半を読み込み、最も確率の高い「デフォルトのスクリプト（例：レストランでの食事シナリオ）」をメモリ上に展開して次の展開を予測（期待）します。しかし、後半で突然、そのスクリプトと矛盾するが別の解釈でなら成立する「隠れたスクリプト（例：強盗のシナリオ）」を強制的に呼び出すトリガー単語（スクリプト・スイッチ）が投下されます。計算機科学においては、ユーモアの「期待の裏切り」とは、この「メモリ上でのアクティブなスクリプトの衝突（Incongruity：不調和）と、別スクリプトへの再バインディングによる解消（Resolution：解決）」というデータ処理プロセスとして完全に形式化・実装可能であることが実証されています。,なぞかけは、SSTH（スクリプト意味論）における不調和・解決モデルを最短のデータ長で実行する、極めて洗練された「スクリプト・スイッチング・プログラム」です。「お題（A）」が提示された時点で、観客の脳内（またはAIのメモリ）にはAに関連するスクリプトがロードされます。次に「解き（B）」が提示されますが、それがAのスクリプトと全く合致しないため、システムにエラー（Incongruityによる緊張状態）が生じます。そこで最後に「その心（C）」というスクリプト・スイッチ（掛詞）が入力されます。このCは、AのスクリプトとBのスクリプトの両方において妥当性を持つ（オーバーラップする）特殊なデータ・ノードです。Cが入力された瞬間、システムはエラーを解消（Resolution）し、二つの対立するスクリプトを同時にアクティブな状態へと統合します。なぞかけは、人間の認知リソース（スクリプト）を意図的にバグらせ、掛詞というパッチを当てて瞬時にデバッグする、高度な知識情報ハッキングなのです。,『ユーモアの意味論』（Semantic Mechanisms of Humor）における「スクリプト意味論（SSTH: Semantic Script Theory of Humor）」、およびロジャー・シャンクらの「スクリプト理論（Script Theory）」,1977年（シャンクらによるスクリプト理論）、1985年（ラスキンによるSSTH）,Victor Raskin（ヴィクター・ラスキン / 言語学者・ユーモア計算論）、Roger Schank & Robert Abelson（AI研究者・認知科学者）
大分類 III：形式科学・情報通信技術（Formal Sciences & ICT）,計算機科学を用いたユーモアの自動生成、概念のオントロジー・モデリングを通じて、人間の意味理解の限界を形式化する領域。,第18章 知識情報学・オントロジー工学（Knowledge Informatics and Ontology Engineering）,18.9,常識推論（Commonsense Reasoning）知識ベースを用いた「納得感」の定式化,純粋な確率的言語モデル（LLM）は流暢な文章を生成しますが、それが人間社会の「常識（コモンセンス）」に照らして論理的であるかを検証する能力に欠けています。これを補うため、知識情報学ではConceptNetやCycといった「常識推論知識ベース」を構築しています。これらは「水は冷たい（HasProperty）」「鳥は空を飛ぶ（CapableOf）」といった数百万件の常識的な事実（概念ノード）を関係性（エッジ）で結んだ巨大な意味グラフです。ユーモア生成システムにおいて、AIが生成したジョークのオチが「意味不明なノイズ」なのか、それとも「意外だが納得できるユーモア」なのかを判定するためには、この常識ベース上で推論パスが通るか（論理的整合性があるか）を検証します。人間の「なるほど！」という笑いの背後にある「納得感」は、単なる感情の起伏ではなく、AIの常識グラフ上における「隠れた論理パスの発見と妥当性（バリデーション）スコアの計算」として数式的に定式化できることが実証されています。,"なぞかけにおける最大のカタルシス（納得感）は、観客の脳内に構築された「常識（コモンセンス）」のネットワークが綺麗に発火したときに生じます。AIになぞかけを生成させる際、掛詞（C）の音韻が合っているだけでは不十分です。ConceptNetのような知識グラフは「音声」ではなく「意味」のネットワークであるため、システムは「Cという単一の音声ラベルから派生する二つの異なる意味ノード（C1とC2）が、それぞれ『お題（A）』と『解き（B）』の常識グラフ上で、確固たる論理エッジ（IsA, HasA, UsedForなど）で接続可能か」を裏付け照合する必要があります。もし常識グラフ上で「AからC1」、または「BからC2」への論理的なパスが存在しなければ、そのなぞかけは「納得感ゼロ（スベっている）」としてシステムから棄却されます。なぞかけは、AIが人間の持つ巨大で暗黙的な「常識データベース」にアクセスし、それを正確にクエリ検索できているかを証明するための、極めて厳格な推論テストなのです。",ConceptNet（MITメディアラボによる多言語常識知識グラフ）およびCycプロジェクト（Doug Lenatによる世界最大の常識オントロジー構築）、ならびに常識推論（Commonsense Reasoning）を用いた意味理解モデルの研究,1984年（Cycの開始）、2004年（ConceptNetの初期リリース）、2019年（COMET等の常識推論言語モデルの登場）,Douglas Lenat（ダグラス・レナート / AI研究者）、Hugo Liu & Push Singh（ConceptNet開発者）
大分類 III：形式科学・情報通信技術（Formal Sciences & ICT）,計算機科学を用いたユーモアの自動生成、概念のオントロジー・モデリングを通じて、人間の意味理解の限界を形式化する領域。,第18章 知識情報学・オントロジー工学（Knowledge Informatics and Ontology Engineering）,18.10,概念の属性の交差判定を利用した「見立て」の自動生成,異なる事象を別の何かに重ね合わせる「見立て（比喩・メタファー）」の生成は、オントロジー工学や概念ブレンディング理論の観点からは、「概念間のプロパティ（属性）の交差判定（Intersection）」という形式的な計算プロセスとして記述されます。オントロジー上の各概念（ノード）は、「形状」「色」「機能」「社会的反応」といった複数の属性ベクトルを持っています。計算機に「見立て」を作らせるアルゴリズムは、全く異なるカテゴリーに属する二つのノードを比較し、両者の属性ベクトルの中から共通のプロパティ（交差部分）を機械的に探索します。この属性の交差ネットワークを辿ることで、AIは単なる文字列の類似度を超えて、人間の詩的な直観やユーモアに近い「視覚的・機能的な見立て（意外な類似性の発見）」をアルゴリズムとして自動生成・計算できることが解明されています。,なぞかけにおける「お題（A）」と「解き（B）」の結びつきは、計算機科学における「見立て（プロパティの交差判定）」のアルゴリズムの極致です。優れたなぞかけは、オントロジー上の「隠れた属性の交差」を内包しています。例えば、「『ミニスカート』とかけて『結婚式のスピーチ』と解く。その心は『どちらも短いほうが喜ばれるでしょう』」というなぞかけを解析します。オントロジーのツリー上では「衣服」と「儀式での発話」は全く無関係ですが、属性ベクトルを解析すると「物理的/時間的な長さの尺度」と「聴衆の心理的反応」において、「短い＝好ましい」というプロパティを見事に共有（交差）しています。システムは、この多次元データにおける奇跡的な交差領域（Intersection）を足場（アンカー）として発見し、言語化するのです。なぞかけは、概念が持つ多次元の属性データを計算機的にスキャンし、重なり合うプロパティの交差点を抽出する高度なデータマイニング技術に他なりません。,ジル・フォーコニエらの「概念ブレンディング理論（Conceptual Blending Theory）」を計算機上に実装した研究、およびTony Veale等による「計算機的比喩生成（Computational Metaphor Generation）」と属性マッピング（Property Mapping）の研究,1998年（概念ブレンディングの提唱）、2000年代以降の計算論的ユーモア・メタファー生成モデル,Gilles Fauconnier & Mark Turner（認知言語学者）、Tony Veale（トニー・ヴェール / 計算機科学者・計算論的ユーモア研究）
大分類 III：形式科学・情報通信技術（Formal Sciences & ICT）,計算機科学を用いたユーモアの自動生成、概念のオントロジー・モデリングを通じて、人間の意味理解の限界を形式化する領域。,第18章 知識情報学・オントロジー工学（Knowledge Informatics and Ontology Engineering）,18.11,大規模常識ベースを用いたジョーク生成の論理的制約とナンセンスの回避,計算機にユーモアを生成させるタスクにおける最大の困難は、AIが「意外性」を追求するあまり、人間の理解を超えた「シュルレアリスム（意味不明・ナンセンス）」へと転落してしまう問題です。これを制御するため、ユーモア生成システム（JAPEなど）では、ジョーク生成を「制約充足問題（Constraint Satisfaction Problem: CSP）」として定式化します。AIは探索空間内でランダムに単語を結びつけますが、その出力候補が「音韻的制約（ダジャレとして成立しているか）」と、大規模常識ベースに基づく「意味的制約（論理として破綻していないか）」という複数のハード制約を満たしているかを厳密に評価します。満たさないノードは探索木から直ちに切り捨てられ（枝刈り：Pruning）、AIは「意外ではあるが、常識的な論理でギリギリ解決可能（理解可能）なユーモアの枠内」に自らの出力を強制的に留める制御メカニズムを獲得します。,なぞかけの自動生成システムにおいて、「ナンセンスの回避（スベることの回避）」は、このCSP（制約充足問題）における探索木の枝刈り（Pruning）アルゴリズムによって担保されます。システムが「AとかけてBと解く、その心はC」という出力候補を生成した際、Cという掛詞が「AとBの双方の文脈において、常識データベース上で成立する意味的制約を満たしているか」を厳格にチェックします。もしCの論理パスが常識ベース上で完全に断絶していれば、それは「観客が解決不能なエラー（ナンセンスへの転落）」と判定され、出力は直ちにリジェクト（枝刈り）されます。なぞかけは、AIの無軌道な連想力（ハルシネーション）に対して、「人間の常識」という名の厳しい数学的制約（ペナルティ）を課し、無数の無意味なダジャレの中から奇跡の一手（最適解）だけを抽出する、高度な制約充足アルゴリズムなのです。,コンピュテーショナル・ヒューモアにおける「不一致-解決モデル（Incongruity-Resolution Model）」のアルゴリズム実装、およびKim Binstedらによる駄洒落自動生成システム「JAPE（Joke Analysis and Production Engine）」の制約条件に関する研究,1997年（JAPEシステムの開発）、以降のユーモア生成エンジンにおける制約評価の発展,Kim Binsted（キム・ビンステッド / AI研究者）、Graeme Ritchie（グレアム・リッチー / 計算言語学者）
大分類 III：形式科学・情報通信技術（Formal Sciences & ICT）,計算機科学を用いたユーモアの自動生成、概念のオントロジー・モデリングを通じて、人間の意味理解の限界を形式化する領域。,第18章 知識情報学・オントロジー工学（Knowledge Informatics and Ontology Engineering）,18.12,トポロジーを用いた概念空間の幾何学的表現と言葉遊びの可視化,Peter G?rdenforsが提唱した「概念空間（Conceptual Spaces）」の理論や、近年のトポロジカル・データ・アナリシス（TDA）の発展により、言葉の意味（セマンティクス）は単なるネットワーク図ではなく、連続的な「幾何学的・位相空間（多様体）」として表現されるようになりました。この空間において、類似した概念は一つの「塊（クラスタ）」として存在し、全く異なる概念との間には「トポロジカルな距離や穴（ホモロジー）」が存在します。メタファーや言葉遊び（ジョーク）は、この位相空間上において、通常は遠く離れている二つの領域を、特異な意味の結節点を用いて「幾何学的に折り畳む（フォールディング）」、あるいは別次元を通ってショートカットする「位相的短絡（ワームホール）の形成」として数理的に可視化・モデリングできることが分かっています。人間の意味理解のジャンプ（ひらめき）は、概念空間のトポロジー（位相構造）の劇的な変形ダイナミクスとして計算機上に記述できるのです。,なぞかけは、観客の脳内に構築された「概念のトポロジー空間」を一瞬にして幾何学的に歪める、極めて高度なマジックです。「お題（A）」のクラスタと「解き（B）」のクラスタは、日常的な意味の次元（ユークリッド距離）においては最も遠く離れた座標に位置しています。観客の認識では、この二つの領域が交わることは永遠にありません。しかし、演者が「掛詞（C）」という特異点を提示した瞬間、「音韻」という通常は意味空間から除外されている別次元の軸が突突如として導入されます。これにより、空間そのものが劇的に折り畳まれ（多様体が歪み）、AとBが特異点Cを接点として高次元空間上でピタリと重なり合います。この位相的短絡（トポロジカル・ショートカット）が開通した瞬間に、認識の緊張が解けて強烈なカタルシス（笑い）が生まれます。なぞかけの美しさは、計算機科学における位相幾何学の視点から見れば、「多次元空間の歪曲と接続の対称性」という数学的な座標変換のダイナミクスとして完全に証明・可視化することが可能なのです。,『概念空間（Conceptual Spaces: The Geometry of Thought）』における意味の幾何学的モデリング、およびトポロジカル・データ・アナリシス（TDA: Topological Data Analysis）の自然言語処理（NLP）とユーモア解析への応用研究,2000年（G?rdenforsの著書出版）、2010年代以降のTDAを用いた高次元ベクトル空間の位相的解析手法の確立,Peter G?rdenfors（ペーテル・ヤーデンフォシュ / 認知科学者・哲学者）、およびトポロジカル・データ解析・計算言語学の研究者群
大分類 III：形式科学・情報通信技術（Formal Sciences & ICT）,計算機科学を用いたユーモアの自動生成、概念のオントロジー・モデリングを通じて、人間の意味理解の限界を形式化する領域。,第18章 知識情報学・オントロジー工学（Knowledge Informatics and Ontology Engineering）,18.13,意味的曖昧性の知識ベースにおける明示的モデリング,従来の知識ベースや自然言語処理において、一つの単語が複数の意味を持つ「多義性（Polysemy）」や、全く異なる概念が同一の音声を持つ「同音異義（Homonymy）」は、推論エラーを引き起こす「排除すべき曖昧さ（ノイズ）」として扱われ、語義の曖昧性解消（Word Sense Disambiguation: WSD）の技術によって単一の意味ノードへと厳密に切り分けられてきました。しかし、セルゲイ・ニレンブルグやヴィクター・ラスキンらが提唱した「オントロジー的意味論（OST）」をはじめとするユーモア計算モデルでは、この「曖昧さ」こそが不可欠なリソースとなります。言葉遊びを計算機で処理する場合、意味的曖昧性をバグとして排除するのではなく、WSDを意図的に遅延させ、複数の意味フレーム（スクリプト）が競合・重なり合う状態（スクリプト・オーバーラップ）をメモリ上に維持するモデリング手法がとられます。一つの音声ラベルに対して、複数の全く異なる概念ノードへの推論スレッドを同時に走らせる（並列アクティベーション）ことで、システムは意図的な意味のすり替えをアルゴリズムとして合法的に計算・出力できることが実証されています。,なぞかけが成立するための絶対条件は、推論システム上における「意味的曖昧性の意図的な未解決（オーバーラップ）状態の維持」です。もしAIが「掛詞（C）」の曖昧性をWSDによって自動的に解消し、お題（A）の文脈に合わせて一つの意味だけに固定化（Disambiguate）してしまった場合、解き（B）への論理パスは完全に断絶し、なぞかけは支離滅裂な文章としてエラー終了します。なぞかけを計算機で処理するためには、システムに「Cという一つの音声データが入力された際、Aの文脈ツリーに属する概念ノードC1と、Bの文脈ツリーに属する概念ノードC2を同時にアクティブにする」という、一対多の特殊なマッピングルールを強制的に許容させなければなりません。なぞかけは、AIが言語の持つ曖昧さを「除去すべきノイズ」としてパージするのではなく、「エンターテインメントのための高度な情報圧縮技術」として意図的に保持・活用できているかをテストする試金石なのです。,語義の曖昧性解消（Word Sense Disambiguation）技術の限界、およびオントロジー的意味論（Ontological Semantic Technology: OST）を用いたユーモア（多義性・同音異義語）の形式的モデリング,2000年代以降のOSTおよびユーモア計算論の研究,Victor Raskin（ヴィクター・ラスキン / ユーモアのスクリプト意味論）、Sergei Nirenburg（セルゲイ・ニレンブルグ / オントロジー的意味論研究者）
大分類 III：形式科学・情報通信技術（Formal Sciences & ICT）,計算機科学を用いたユーモアの自動生成、概念のオントロジー・モデリングを通じて、人間の意味理解の限界を形式化する領域。,第18章 知識情報学・オントロジー工学（Knowledge Informatics and Ontology Engineering）,18.14,プロパティの継承の例外規則を利用したユーモアの記述,オントロジーにおける概念の階層構造（is-a関係）では、上位概念のプロパティ（属性）が下位概念へと自動的に引き継がれます（例：「鳥」は飛ぶ → 「ペンギン」は鳥である → したがって「ペンギン」は飛ぶ…という推論）。しかし現実世界には必ず例外が存在し、AIはこれを「非単調論理（Non-monotonic Logic）」や「デフォルト推論（Defeasible Reasoning）」を用いて処理し、例外規則（ペンギンは飛ばない）を上書きします。ユーモアの計算モデルにおいては、この「デフォルトの継承」と「例外規則の適用」のギャップが笑いの源泉として利用されます。システムは、ユーザーに対してまず「当然継承されるべきデフォルトのプロパティ（常識）」をロードさせ、オチの段階で「実は例外規則が適用されるエッジケースであった」という論理構造を提示します。ユーモアとは、知識ベースにおけるデフォルト推論を意図的にミスリードし、例外処理のアルゴリズムへと強制的に迂回させる「信念改訂（Belief Revision）」による認知的サプライズの形式化であることが解明されています。,なぞかけは、観客の脳内で実行される「非単調推論（信念改訂）」を逆手に取った知的ゲームです。例えば、「『お茶（A）』とかけて『不良（B）』と解く。その心は『どちらも、葉っぱ（茶葉／違法薬物）に手を出すでしょう（C）』」というなぞかけを解析します。お題（A）と掛詞（C）が提示されたとき、人間の推論エンジンは「植物の茶葉」という最も確率の高い「デフォルトのプロパティ」を無意識にロードします。しかし解き（B）という全く別の文脈が接続された瞬間、初期のデフォルト推論はエラーを起こし、直ちに撤回（信念改訂）されます。そして、特定のスラングという例外的な文脈（薬物）における推論パスへと強制的にやり直しを迫られます。この「非単調的なエラー修正（推論パスの書き換え）」が瞬時に完了したとき、「なるほど！」という強烈なカタルシスが起きます。なぞかけは、AIのデフォルト推論を意図的にミスリードし、非単調論理の力で鮮やかにデバッグ（再構築）させる洗練された論理トラップなのです。,人工知能における「非単調論理（Non-monotonic Logic）」および「デフォルト推論（Defeasible Reasoning）」の理論、および信念改訂（Belief Revision）の形式化,1970年代後半?1980年代（非単調推論の数学的定式化）,Raymond Reiter（レイモンド・ライター / デフォルト論理の提唱者）、Marvin Minsky（マービン・ミンスキー / 認知科学・AIの父）
大分類 III：形式科学・情報通信技術（Formal Sciences & ICT）,計算機科学を用いたユーモアの自動生成、概念のオントロジー・モデリングを通じて、人間の意味理解の限界を形式化する領域。,第18章 知識情報学・オントロジー工学（Knowledge Informatics and Ontology Engineering）,18.15,専門領域オントロジーを用いたニッチななぞかけの生成,"オントロジー工学には、一般的な常識を記述する「上位オントロジー」とは別に、情報工学、医療、法律といった特定の専門知識を極めて精緻に体系化した「専門領域オントロジー（Domain Ontology：例 BFO, SNOMED CTなど）」が存在します。ユーモア自動生成のアルゴリズムをこの専門領域オントロジーに適用した場合、一般人には全く意味不明であっても、そのドメインの専門家だけが爆笑する「高度なインサイド・ジョーク（ニッチなユーモア）」を生成することが可能になります。専門分野の知識グラフは概念間の結びつきやプロパティが非常に細かく定義されているため、アルゴリズムは素人が気づかないような「分子構造の類似性」や「ハードウェアの物理特性」を足場にした、極めて専門的で解像度の高い言葉遊びの推論パスを発見・出力できることが実証されています。",特定の業界や学術会議に向けて、AIが専門領域オントロジーを用いて「ニッチななぞかけ」を生成するタスクは、カスタマイズされた知的エンターテインメントの極致です。例えば、情報工学と経済のドメインオントロジーを入力されたAIは、「『CPUのL1メモリ（A）』とかけて『財務体質の強い企業（B）』と解く。その心は『どちらも、キャッシュ（Cache／Cash）へのアクセスが最速でしょう（C）』」という高度ななぞかけを生成します。「キャッシュ」という音声は、Aにとっては一時記憶領域、Bにとっては流動資産として機能します。このニッチななぞかけがウケるかどうかは、システムが参照したオントロジーの構造と、観客（専門家たち）の脳内にあるオントロジーの構造が、どれほど高い精度で同期（アライメント）しているかに完全に依存します。専門領域のなぞかけ生成は、その知識空間を共有する「内集団（イングループ）」の結束を強めるための、極めてターゲティング精度の高い知識推論デモンストレーションなのです。,「専門領域オントロジー（Domain Ontology）」の設計手法（BFO: Basic Formal Ontologyなど）、および特定のユーザー・プロファイルや専門知識データベースに依存したパーソナライズされたユーモア生成システムの研究,1990年代以降のオントロジー工学の分野別細分化,Barry Smith（バリー・スミス / BFO開発者・哲学者）、およびバイオインフォマティクス・情報工学等の各ドメインのオントロジー研究者群
大分類 III：形式科学・情報通信技術（Formal Sciences & ICT）,計算機科学を用いたユーモアの自動生成、概念のオントロジー・モデリングを通じて、人間の意味理解の限界を形式化する領域。,第18章 知識情報学・オントロジー工学（Knowledge Informatics and Ontology Engineering）,18.16,記述論理による矛盾の検出とパラドックス的ジョークの許容,OWL（ウェブ・オントロジー言語）などを構築する基礎となる「記述論理（Description Logics: DL）」は、厳格な数学的証明に基づいており、「AはBであると同時に、Bではない」といった論理的矛盾（Inconsistency）を絶対に許容しません。例えば「人間」クラスと「無機物」クラスを「互いに素（Disjoint）」と定義した場合、両方に属する概念はDLの制約公理に違反し、爆発律により推論エンジン（Reasoner）を即座にクラッシュさせます。しかし、ユーモアの多くは「生きた死体」「結婚している独身者」といった意図的なパラドックス（矛盾）の上に成り立っています。この問題を解決するため、情報科学では「矛盾許容論理（Paraconsistent Logic）」などのアプローチが研究されています。これは、知識ベース全体を崩壊させることなく、特定の「プレイ・フレーム（冗談の文脈）」の内部に限定して局所的な論理的矛盾を許容し、それをエラーではなく「不条理さ（Absurdity）」のスコアとして計測する技術です。AIにおけるユーモア理解とは、厳格な形式論理のシステム内部に、安全に隔離された「矛盾のサンドボックス（遊び場）」を構築する試みなのです。,なぞかけは、論理的なパズルを装いながらも、厳密な記述論理（DL）の推論エンジンにかけると「構造的矛盾（Disjointness Axiom Violation）」としてエラーを弾き出す可能性が高い演算です。なぜなら、「お題（A：例として人間）」と「解き（B：例として無機物）」を同一の「掛詞（C）」で結びつける行為は、本来DL上で排他関係（Disjoint Classes）にある交わらない概念同士に、無理やり共通の等号関係を持たせようとするパラドックスだからです。システムがなぞかけを「優れた言葉遊び」として評価・生成するためには、矛盾を検出した瞬間に「エラー（推論不能）」として停止するのではなく、矛盾許容論理を用いて、その排他制約違反の度合いを「ナンセンスの面白さ（論理的飛躍のダイナミズム）」として逆算し、許容するパラメーターを備えていなければなりません。なぞかけは、冷徹な記述論理の世界に「言葉の多義性が生むパラドックス」という人間的なバグを意図的に混入させる、形式論理に対する美しき反逆なのです。,"OWLの基盤である「記述論理（Description Logics）」と推論エンジン（Pellet, HermiT等）における矛盾（Inconsistency）の検出メカニズム、および人工知能における「矛盾許容論理（Paraconsistent Logic）」の知識表現への応用",1980年代（記述論理の発展）、ニュートン・ダ・コスタ等による矛盾許容論理のAI応用,Franz Baader（フランツ・バーダー / 記述論理学者）、Newton da Costa（ニュートン・ダ・コスタ / 数学者・論理学者）
大分類 III：形式科学・情報通信技術（Formal Sciences & ICT）,計算機科学を用いたユーモアの自動生成、概念のオントロジー・モデリングを通じて、人間の意味理解の限界を形式化する領域。,第18章 知識情報学・オントロジー工学（Knowledge Informatics and Ontology Engineering）,18.17,イベント・オントロジーを用いた時間的展開のモデル化,オントロジー工学において、静的なモノの分類（タクソノミー）だけでなく、時間的な変化や因果関係を計算機に理解させるために「イベント・オントロジー（Event Ontology）」や「事象計算（Event Calculus）」が構築されています。これは、出来事（イベント）を中心ノードとし、そこに関与する「主体」「時間」「空間」に加え、プランニングAIにおける「事前条件（Pre-condition）」と「事後効果（Effect）」をネットワークとして記述するモデルです。ジョークや物語の多くは、このイベントの時系列的な展開（時間的因果関係）に依存しています。計算機にユーモアのある出来事を生成・理解させるためには、イベント・オントロジーを用いて「状態Aから状態Bへの遷移が、物理法則や社会常識に照らして妥当か、あるいは意図的で滑稽な逸脱（エラー）を含んでいるか」を時間軸に沿って形式的に評価する推論モデルが必要であることが実証されています。,なぞかけは、一見すると時間的推移を持たない静的なパズルに見えますが、お題（A）や解き（B）に「動作」や「出来事」が含まれる場合、イベント・オントロジーの推論が不可欠になります。例えば、「『満員電車（A）』とかけて『年末の大掃除（B）』と解く。その心は『どちらも、はきだされる（駅に吐き出される／外へ掃き出される）でしょう（C）』」というなぞかけを解析します。AIは単なる名詞の属性だけでなく、それぞれのイベントが持つ時間的展開（乗客が押し込まれる過程と、家中のゴミをまとめる過程）をイベント・オントロジー上でシミュレーションします。そして、全く異なる文脈の出来事が、プロセス完了後の「事後効果（Effect）」においてのみ共有するアクションのプロパティ（不要なものが外部空間へ排出される）を、掛詞（C）として抽出・照合します。なぞかけの背後には、動的なイベントの進行プロセスを計算機上でマッピングし、特定の時間断面における状態のトポロジーの一致を発見する、高度な時系列モデルが隠されているのです。,「イベント・オントロジー（The Event Ontology）」をはじめとする出来事のセマンティック・ウェブ記述、およびジェリー・ホブスらによる人工知能における事象と時間の論理（Event Calculus / Time Ontology）,1986年（KowalskiとSergotによるEvent Calculus）、2007年（RaimondらによるThe Event Ontology）,Robert Kowalski & Marek Sergot（計算機科学者）、Yves Raimond（セマンティック・ウェブ研究者）
大分類 III：形式科学・情報通信技術（Formal Sciences & ICT）,計算機科学を用いたユーモアの自動生成、概念のオントロジー・モデリングを通じて、人間の意味理解の限界を形式化する領域。,第18章 知識情報学・オントロジー工学（Knowledge Informatics and Ontology Engineering）,18.18,メタデータスキーマを用いた言葉遊びの書誌情報記述フォーマット,情報資源を機械可読にするメタデータ・スキーマ（Dublin Coreやschema.orgなど）は、通常、書籍の「著者」や「出版年」などを記述するために用いられますが、これを「ユーモアや言葉遊びのアーカイブ」に応用する研究が進んでいます。ジョークを巨大なデータセットとして構築・流通させるためには、単なるテキストの羅列ではなく、「セットアップ（フリ）」「パンチライン（オチ）」「意味的乖離度（Semantic Distance）」「使用されている音韻的技法」といったユーモア特有の構造を、標準化されたJSON-LDやRDFのトリプル（主語-述語-目的語）で記述するメタデータ・フォーマットの策定が必要です。この構造化により、AIは世界中の散在するジョークデータを意味的に横断検索し、機械学習の高度なトレーニングデータ（コーパス）として効率的に摂取・分析できるようになることが解明されています。,なぞかけを計算機科学の世界でシステマチックに処理・蓄積するためには、「なぞかけ専用のメタデータスキーマ」の定義が急務となります。口承芸術であるなぞかけをデジタルアーカイブ化（LOD化）する際、データを単なる日本語文字列ではなく、厳密なグラフ構造へと変換します。例えば、お題（odai）と解き（toki）という2つのノード（URI）が、掛詞（kokoro）をハブとして「hasPun（掛詞を持つ）」や「hasSemanticContext（意味的文脈を持つ）」といったプロパティ（述語エッジ）で結ばれるRDFグラフとしてマークアップするのです。このメタデータ記述により、なぞかけは機械が直接的に論理構造を解析し、他のなぞかけとのトポロジーの類似性を比較し、あるいは新たなオチを生成するための「再利用可能な知識オブジェクト（LOD: Linked Open Data）」へと変貌します。なぞかけのメタデータ化は、日本の伝統的言語遊戯をセマンティック・ウェブの国際的なデータエコシステムへと接続するための規格化作業なのです。,ダブリンコア（Dublin Core Metadata Element Set）のメタデータ標準化、および Rada Mihalcea らによる計算論的ユーモアのためのアノテーション・スキーマとデータセット（UR-FUNNY等）の構築研究,1995年（ダブリンコアの策定）、2010年代以降のマルチモーダル・ユーモア・データセットの構築,Dublin Core Metadata Initiative（DCMI）、Rada Mihalcea（ラダ・ミハルセア / 自然言語処理・計算論的ユーモア研究者）
大分類 III：形式科学・情報通信技術（Formal Sciences & ICT）,計算機科学を用いたユーモアの自動生成、概念のオントロジー・モデリングを通じて、人間の意味理解の限界を形式化する領域。,第18章 知識情報学・オントロジー工学（Knowledge Informatics and Ontology Engineering）,18.19,知識の粒度（Granularity）の差異を利用したミスマッチ生成,オントロジー工学において「粒度（Granularity）」とは、概念を記述する際の解像度（空間的・概念的なスケールの詳細さ）を指します。例えば、「人間関係」は粗い粒度（人間スケールの上位概念）であり、「素粒子の振る舞い」は極めて細かい粒度（サブ原子スケールの下位概念）です。ジェリー・ホブスらの研究によれば、人工知能は推論タスクに応じてこの粒度を動的に調整する必要があります。ユーモアの計算生成においては、この「知識の粒度の意図的なミスマッチ」が強力な笑いのトリガーとして機能します。日常的な些細な出来事に対して、極めて細かい粒度の学術用語を用いて説明したり、国家間の複雑な事象を粗い粒度（砂場の陣取り等）で描写したりすることで、概念階層の不均衡が論理的な滑稽さ（不条理なサプライズ）を生み出すメカニズムが形式化されています。,なぞかけにおいて、お題と解きの間に生じる「意外性」の多くは、この「粒度のギャップ（階層スケールの高低差）」によって人為的に設計されています。例えば、「『日常の夫婦喧嘩（A：人間スケールの粗い粒度）』とかけて『素粒子物理学の加速器実験（B：サブ原子スケールの極めて細かい粒度）』と解く。その心は『どちらも、しょうとつ（意見の衝突／粒子の衝突）によって熱（エネルギー）が生まれるでしょう（C）』」というなぞかけを解析します。AとBの間には、オントロジー階層における巨大な粒度のミスマッチが存在します。観客の脳は一瞬、解像度の極端な違いに混乱しますが、「掛詞（C）」が提示されることで、全く異なるスケールのレイヤーが一本の強靭な論理の糸で縫い合わされます。計算機が秀逸ななぞかけを生成するためには、知識グラフ上における概念の深さ（Depth）を計算し、AとBの間に「適度な驚きを誘発する粒度差」を意図的に設定するアルアルゴリズムのチューニングが必要となるのです。,人工知能における「粒度の理論（Theory of Granularity）」、およびオントロジーにおける概念の階層的深さ（Hierarchical Depth）とユーモアの不一致生成（Incongruity Generation）の相関に関する研究,1985年（Hobbsによる粒度理論の提唱）,Jerry R. Hobbs（ジェリー・R・ホブス / 計算言語学者・人工知能研究者）
大分類 III：形式科学・情報通信技術（Formal Sciences & ICT）,計算機科学を用いたユーモアの自動生成、概念のオントロジー・モデリングを通じて、人間の意味理解の限界を形式化する領域。,第18章 知識情報学・オントロジー工学（Knowledge Informatics and Ontology Engineering）,18.20,オープンデータを用いた言葉遊び生成のための意味関係グラフの抽出,Wikipediaから抽出されたDBpediaやWikidataといった巨大な「オープン・ナレッジグラフ（LOD）」は、日々更新される実世界の事実（人物、歴史、企業情報、時事問題など）を数百億のトリプルデータとして保持しています。従来の固定化された辞書やオントロジーとは異なり、計算機がこれらのオープンデータにSPARQL等のクエリを発行することで、最新の社会情勢や特定の地域に根ざした「リアルタイムな意味関係グラフ」を動的に抽出することが可能です。近年の自然言語処理では、この技術を言語モデルに組み込むRAG（Retrieval-Augmented Generation）的アプローチにより、AIは抽象的なダジャレの生成から脱却し、「昨日のスポーツの試合結果」や「最新の政治動向」といった、人間の観客が最も関心を寄せるタイムリーなコンテクスト（文脈）を反映した、極めて鮮度の高いジョークを自動生成するシステムへと進化しています。,「最新の時事問題をお題にした即興なぞかけ」は、演者の知識のアップデート能力と推論速度が問われる最高峰の芸です。これをAIで実現するためには、静的な内部メモリだけでは限界があり、外部のオープンデータ・グラフ（Wikidata等）とのリアルタイムな連携が必須となります。システムに時事用語（お題）が入力された瞬間、AIはグラフのSPARQLエンドポイントにアクセスしてその事象に関連する最新の人物、企業、結果などのエッジ（関係性）を抽出し、動的なサブグラフを構築します。そして、そのリアルな事実のネットワークの中から、音韻的・意味的な制約条件を満たす掛詞と解きを計算・探索するのです。オープンデータとの結合は、なぞかけ生成システムを単なる「閉じた論理パズル」から、「現実社会とリアルタイムに同期しながら知的な風刺を生み出す、生きた情報処理エンジン」へと拡張するための、極めて強力なアーキテクチャなのです。,DBpediaおよびWikidata（クラウドソーシングベースのオープン知識グラフ）の構築、およびLinked Open Data（LOD）を利用した知識ベース質問応答（KBQA）と動的テキスト生成技術（RAG等への発展）,2007年（DBpediaのローンチ）、2012年（Wikidataのローンチ）,S?ren Auer（ゼーレン・アウアー / DBpedia開発者）、Denny Vrande?i?（デニー・ヴランデチッチ / Wikidata創設者）、およびセマンティック・ウェブの研究者群
"大分類 IV：応用・総合科学（Applied Sciences, Education, Services）",言葉遊びの知見を、教育実践、社会福祉、ビジネスデザインへと応用する実学領域。,第19章 教育学・学習科学（Pedagogy and Educational Sciences）,19.1,幼児教育における「なぞなぞ」を用いたメタ言語能力の育成,発達心理学や幼児教育学の研究によれば、幼児期（4?6歳頃）における「なぞなぞ」や「言葉遊び」の経験は、言語を単なるコミュニケーション（欲求の伝達）の道具として無意識に使う段階から、言語そのものを客観的な対象として操作・観察する「メタ言語能力（Metalinguistic Awareness）」を獲得する上で極めて重要な役割を果たします。なぞなぞを解く過程で、幼児は「パンはパンでも食べられないパンは？」という問いに対し、「パン」という音声ラベル（シニフィアン）が「食品」という意味（シニフィエ）だけでなく、「フライパン（道具）」という別の単語の音韻的パーツとしても機能するという「音声と意味の意図的な切り離し（脱文脈化）」を経験します。この認知的な切り離しと再結合の訓練は、言葉が恣意的な記号の集まりであるという気づきを促し、後の就学期における文字の習得や、論理的思考力の基盤となることが実証されています。,なぞかけは、幼児向けの「なぞなぞ」を論理的・構造的に極限まで高度化させた、大人のためのメタ言語トレーニングです。幼児のなぞなぞが「言葉のラベルと意味を切り離す」第一歩であるとすれば、なぞかけは「全く異なる二つの文脈の間に、同音異義語という橋を自覚的かつ意図的に架ける」という、さらに数段階上の並列的な認知操作を要求します。幼児期になぞなぞを通じて「言葉には表面とは違う裏の構造がある」というメタ言語的な気づき（アハ体験）を蓄積した子どもは、やがてなぞかけのような複雑な言語のトポロジー（空間的構造）変換をも自在に演算できる柔軟な認知ネットワークを育んでいきます。なぞなぞからなぞかけへの移行は、人間の脳が「指示対象への束縛」から完全に解放され、自由に言語をプログラミングし直すプロセスそのものなのです。,幼児期における「メタ言語能力（Metalinguistic Awareness）」の発達研究、およびコートニー・カズデンの言葉遊びと言語発達に関する研究,1974年（カズデンの画期的論文『Play with language and meta-linguistic awareness』の発表）以降の発達心理学の蓄積,Courtenay Cazden（コートニー・カズデン / 教育学者）、および音韻意識（Phonological Awareness）の発達研究者群
"大分類 IV：応用・総合科学（Applied Sciences, Education, Services）",言葉遊びの知見を、教育実践、社会福祉、ビジネスデザインへと応用する実学領域。,第19章 教育学・学習科学（Pedagogy and Educational Sciences）,19.2,国語科教育における同音異義語の理解を促進するアクティブ・ラーニング,ピアジェやヴィゴツキーの構成主義（Constructivism）に基づく学習科学の知見によれば、漢字や同音異義語の学習において、単に辞書を引いて暗記する（受動的学習）よりも、学習者自身が言葉を用いて何かを創り出す「アクティブ・ラーニング（能動的学習）」の方が、自らの認知スキーマの再構築を促し、深い意味理解（ディープ・ラーニング）を劇的に促進します。国語の授業において、児童・生徒に「同音異義語を用いたダジャレや言葉遊びを創作させる」という課題を与えると、彼らは語彙を脳内辞書から能動的に検索し、それぞれの意味の違いを文脈の中でどう使い分けるかを真剣に吟味します。言葉遊びの創作活動は、退屈な暗記作業を知的な課題解決のプロセスへと変換し、内発的動機づけ（Intrinsic Motivation）を高める極めて有効な国語科の教授方略であることが分かっています。,国語科の授業に「なぞかけ作り」を導入することは、同音異義語学習における最強の構成主義的アクティブ・ラーニングとなります。最初から完全な逆算を強いるのは難しいため、教員がヴィゴツキーの「足場かけ（Scaffolding）」として「キコウ」といった掛詞（C）を提示します。生徒はそこから「『日本の四季（A）』とかけて『精密時計の内部（B）』と解く。その心は『どちらも、きこう（気候／機構）が複雑でしょう』」というように、Cの持つ二つの意味にふさわしいAとBの文脈を論理的に組み立てます。このプロセスでは、語彙の検索、意味の正確な理解、そして論理的文脈の構築という「思考力・判断力・表現力」がフル稼働します。さらに、完成した作品をクラスで発表して「上手い！」と評価されることは、生徒に強烈な成功体験を与えます。なぞかけは、日本語の複雑な同音異義語システムを、苦痛な暗記対象から「教室を熱狂させるエンターテインメント素材」へと反転させ、生徒の認知スキーマを動的に更新する魔法の教育ツールなのです。,ピアジェやヴィゴツキーに端を発する「構成主義（Constructivism）」の学習理論、および言語技術教育における「表現活動（創作活動）」と内発的動機づけ（Intrinsic Motivation）の研究,1990年代以降の学習科学（Learning Sciences）およびアクティブ・ラーニング導入の教育実践,Jean Piaget（ジャン・ピアジェ）、Lev Vygotsky（レフ・ヴィゴツキー）、および現代の国語科教育学・学習科学の研究者群
"大分類 IV：応用・総合科学（Applied Sciences, Education, Services）",言葉遊びの知見を、教育実践、社会福祉、ビジネスデザインへと応用する実学領域。,第19章 教育学・学習科学（Pedagogy and Educational Sciences）,19.3,外国語教育（SLA）におけるダジャレを活用した語彙定着と記憶のフック,第二言語習得論（SLA）および認知心理学の「処理水準モデル（Depth of Processing）」によれば、新しい外国語の語彙を記憶する際、音声の単純な反復（浅い処理）よりも、意味や感情と結びつける（深い処理）方が強固に長期記憶に残ります。また、スティーヴン・クラシェンの「情意フィルター仮説」が示す通り、不安や緊張は言語習得を阻害しますが、ターゲット言語を用いたジョーク（ユーモア）を理解した瞬間の「笑い」は、この情意フィルターを劇的に下げ、脳の学習効率を高めます。母語と外国語の音の類似を利用したダジャレ（バイリンガル・パン）や、語呂合わせを用いて「アハ体験」を伴いながら語彙を符号化する手法は、未知の単語を既存の記憶ネットワークへと強制的にフック（定着）させる、極めて合理的で強力な認知学習戦略であることが実証されています。,外国語教育において「バイリンガルなぞかけ」の構造を用いることは、母語（L1）の認知回路と第二言語（L2）の認知回路を強力にブリッジ（架橋）する学習法となります。例えば、「『空を明るく照らすもの』とかけて『親から生まれた男の子』と解く。その心は『どちらも、サン（Sun / Son）でしょう』」といった英語の同音異義語（Homophones）を用いたなぞかけを提示します。学習者は、日本語による全く無関係な二つの文脈（太陽と息子）のギャップが、英語の「Sun / Son」という同一の音韻によって瞬時に解決されるカタルシスを経験します。なぞかけ特有の「意味のズレが音声で統合される」というプロセスは、外国語の単語が単なる無機質な記号の羅列から、「笑いと納得を伴う生きた知識」へと昇華する瞬間を作り出します。なぞかけのフォーマットは、異言語間の音声的・意味的な構造を楽しみながら吸収するための、究極の記憶定着フレームワークとして機能するのです。,"認知心理学における「処理水準モデル（Levels of Processing framework）」、クラシェンの「情意フィルター仮説（Affective Filter Hypothesis）」、およびガイ・クックの『言語遊戯と言語学習（Language Play, Language Learning）』",1972年（Craik & Lockhartによる処理水準モデル）、1982年（クラシェン）、2000年（クックの著作）,Fergus I. M. Craik & Robert S. Lockhart（認知心理学者）、Stephen Krashen（スティーヴン・クラシェン / 言語学者）、Guy Cook（ガイ・クック / 応用言語学者）
"大分類 IV：応用・総合科学（Applied Sciences, Education, Services）",言葉遊びの知見を、教育実践、社会福祉、ビジネスデザインへと応用する実学領域。,第19章 教育学・学習科学（Pedagogy and Educational Sciences）,19.4,クリティカル・シンキング教育における不適切なアナロジーを見抜く訓練,教育工学や認知科学が推進する「クリティカル・シンキング（批判的思考）」の訓練において、最も重視されるスキルの一つが「誤った類推（False Analogy）」や「曖昧語の誤謬（Equivocation）」を見抜く力です。政治的プロパガンダや悪質なビジネスでは、表面的な共通点だけを強調して本質的な構造の違いを隠蔽する「不適切なアナロジー」が頻繁に用いられます。デードレ・ゲントナーの「構造マッピング理論」を応用した教育実践では、学習者に比喩や類推の構造を分解させ、「AとBの間にマッピングされた属性は、本当に論理的・構造的に一致しているか」を冷徹に検証させます。言葉のレトリック（修辞）に騙されず、その裏にある論理的飛躍やごまかしを解剖する能力は、情報過多の現代社会を生き抜くための不可欠な知的護身術であることが分かっています。,なぞかけは、クリティカル・シンキングにおける「アナロジーの解剖訓練」を行うための、最も安全で楽しいサンドボックス（砂場）を提供します。なぞかけは本質的に「AはBである、なぜならCという共通点（掛詞）があるからだ」という意図的で強引なアナロジーの提示です。例えば、「『地球温暖化問題（A）』とかけて『冷凍食品（B）』と解く。その心は『どちらも急いで、かいとう（解答／解凍）すべきでしょう（C）』」というなぞかけを提示します。生徒は、「音韻（かいとう）の『表面的類似性』は見事だが、現実問題として温暖化への『解答（対策）』は、氷の『解凍（融解）』を防ぐことであり、構造的には真逆の矛盾を含んでいる」と、その論理的破綻（構造的類似性の欠如）を分析します。なぞかけの見事なレトリックに「上手い！」と感心しつつも、「しかし現実の問題解決においてこの類推を用いるのは詭弁である」と冷静にメタ認知できる状態を作ること。なぞかけの構造分析は、ユーモアの裏にある「言葉の魔法」を見破るための、極めて高度な論理的トレーニングとなるのです。,ロバート・エニスによる「クリティカル・シンキング（批判的思考）」の概念化と評価指標、およびデードレ・ゲントナーの「構造マッピング理論（Structure-Mapping Theory）」を用いたアナロジー推論の誤謬分析,1980年代（エニスの定義確立、ゲントナーの理論提唱）以降の教育実践,Robert H. Ennis（ロバート・エニス / 教育哲学者）、Dedre Gentner（デードレ・ゲントナー / 認知心理学者）
"大分類 IV：応用・総合科学（Applied Sciences, Education, Services）",言葉遊びの知見を、教育実践、社会福祉、ビジネスデザインへと応用する実学領域。,第19章 教育学・学習科学（Pedagogy and Educational Sciences）,19.5,創造性教育としての「なぞかけ作成ワークショップ」の設計,J.P.ギルフォードの知能構造モデルや、E.P.トーランスの創造性テスト（TTCT）によれば、創造性（クリエイティビティ）とは、一部の天才の閃きのようなブラックボックスではなく、「拡散的思考（一つの事象から多様なアイデアを連想し広げる力）」と「収束的思考（広がったアイデアから最適なものを論理的に選び出し、統合する力）」の往復プロセスとして分解・訓練できる認知スキルです。教育工学やデザイン思考（Design Thinking）のワークショップ設計では、この「発散と収束」のフェーズ（ダブルダイヤモンド・モデル）を明確に分け、付箋やマインドマップといったツールを用いて思考のプロセスを視覚化（外化）することで、学習者が「自分にも創造的なアイデアを論理的に生み出すことができる」という創造的自己効力感（Creative Confidence）を獲得できることが実証されています。,なぞかけの作成手順は、まさにこの「拡散的思考と収束的思考」の完璧な往復トレーニングです。ワークショップにおいて、生徒はまず「お題（A）」から連想される単語を思いつく限り書き出します（拡散的思考のフェーズ）。次に、その単語の「ヨミ（音韻）」を抽出し、全く別の意味を持つ同音異義語を検索します。最後に、その別の意味を持つ概念（B）を逆算して導き出し、全体の論理が矛盾なく通るように一つの美しい文脈へと組み立て直します（収束的思考のフェーズ）。「なぞかけ作成ワークショップ」は、お笑い芸人の「魔法のような閃き」を、誰でも再現可能な「アルゴリズム的な創造性プロセス」へと解体し、言語を素材としたシステマチックな発想法を体得させるための、極めて優れた創造性教育のパッケージなのです。,ギルフォードの「拡散的思考（Divergent Thinking）と収束的思考（Convergent Thinking）」の理論、E.P.トーランスによる「創造性思考テスト（Torrance Tests of Creative Thinking: TTCT）」、およびIDEO等によるデザイン思考（Design Thinking）のプロセスモデル,1950年代（ギルフォードの提唱）以降の創造性教育の研究蓄積,J. P. Guilford（J.P.ギルフォード / 心理学者）、Ellis Paul Torrance（E.P.トーランス / 教育心理学者）
"大分類 IV：応用・総合科学（Applied Sciences, Education, Services）",言葉遊びの知見を、教育実践、社会福祉、ビジネスデザインへと応用する実学領域。,第19章 教育学・学習科学（Pedagogy and Educational Sciences）,19.6,特別支援教育における言葉の多義性理解を促す視覚的支援,自閉スペクトラム症（ASD）などの特性を持つ学習者は、ウタ・フリスが提唱した「弱い中央統合（Weak Central Coherence）」の認知特性により、言葉を文脈から切り離して字義通り（リテラル）に受け取ってしまう傾向があります。そのため、比喩や「一つの言葉が文脈によって複数の意味を持つ（多義性）」ことの理解に困難を抱え、コミュニケーション上のすれ違いが生じやすくなります。特別支援教育の領域（TEACCHプログラムなど）では、このような聴覚的・文脈的な情報処理の弱さを補うため、言葉の複数の意味をイラストや図式で明示する「視覚的支援（Visual Supports）」が極めて有効であることが実証されています。見えない意味の広がりを視覚的に固定化（構造化）することで、学習者は言葉の柔軟な運用ルールを安全に学ぶことができます。,なぞかけは「言葉の多義性（ダブルミーニング）」に完全に依存した言語遊戯であるため、字義通りの解釈を好む学習者にとっては、極めて難解で混乱を招くノイズとなり得ます。しかし、これを視覚的支援ツールとして再設計すると、強力な言語療法・認知訓練の教材へと反転します。例えば、「『ご飯を食べること（A）』とかけて『川を渡ること（B）』と解く。その心は『どちらも、ハシ（箸／橋）をつかうでしょう（C）』」というなぞかけを用います。「茶碗と箸」のイラストと、「川に架かる橋」のイラストを並べ、その両方から「ハシ」という単一の音声ラベル（交差点）へと矢印を引く視覚的なワークシートを作成します。なぞかけの「お題」と「解き」が、この視覚的なマップ上でどのように合流するかを図解することで、学習者は「言葉の裏の意味」が文脈によってどう切り替わるのかを、聴覚の曖昧さとしてではなく、視覚的に構造化された論理パズルとして客観的に理解（メタ認知）できるようになるのです。,自閉スペクトラム症における「弱い中央統合理論（Weak Central Coherence Theory）」、TEACCH（自閉症及び関連コミュニケーション障害児に対する治療教育プログラム）における視覚的構造化、および比喩・皮肉の理解に関する認知発達研究,1989年（ウタ・フリスによる理論提唱）以降,Uta Frith（ウタ・フリス / 発達心理学者）、Eric Schopler（エリック・ショプラー / TEACCH創始者）
"大分類 IV：応用・総合科学（Applied Sciences, Education, Services）",言葉遊びの知見を、教育実践、社会福祉、ビジネスデザインへと応用する実学領域。,第19章 教育学・学習科学（Pedagogy and Educational Sciences）,19.7,プログラミング教育におけるアルゴリズム的思考と言葉の規則性の連携,ジャネット・ウィングが提唱した「コンピュテーショナル・シンキング（Computational Thinking：計算論的思考）」は、プログラミング教育の中核を成す概念であり、複雑な問題を「分解」「パターン認識」「抽象化」「アルゴリズム設計」のステップで解決する思考法を指します。近年、STEM（理数系）教育にArts（人文・芸術）を統合したSTEAM教育において、このアルゴリズム的思考はコンピュータ言語だけでなく、自然言語（国語や言語学）の規則性を解析する際にも極めて有効であることが分かっています。言葉の文法、音韻ルール、制約付きの修辞法を、データ配列や条件分岐の変数として捉え直すことで、学習者は文系・理系の枠組みを超えた論理的・構造的な問題解決能力を養うことができます。,なぞかけの生成プロセスは、まさに自然言語を用いた「アルゴリズムの実行」に他なりません。プログラミングの授業において「なぞかけ自動生成プログラム」のフローチャートを生徒に設計させることは、コンピュテーショナル・シンキングの格好の題材です。生徒は問題を【分解】し、「1. 入力値（お題A）の連想語句を配列に格納する」「2. 配列内の文字列からヨミを抽出し、ハッシュ関数のキー（Key）とする【パターン認識】」「3. 辞書データベースに対し、Key-Valueペア（連想配列）を用いて、Key（ヨミ）が一致し、かつValue（意味カテゴリ）がAと排他関係にある変数（B）を抽出する（If文の条件分岐）【抽象化】」「4. A、B、共通のキー（C）を定型フォーマットに代入してPrintする【アルゴリズム設計】」という処理手順を設計します。なぞかけの構造をコードの視点から解析することで、生徒は言語が持つシステマチックな規則性と、それを操作するプログラミング思考の美しさを同時に学ぶことができるのです。,「コンピュテーショナル・シンキング（Computational Thinking）」の概念化、シーモア・パパートの「コンストラクショニズム（構築主義）」に基づくプログラミング教育論、およびSTEAM教育のフレームワーク,1980年（パパートの『マインドストーム』出版）、2006年（ウィングによる論文発表）,Jeannette Wing（ジャネット・ウィング / 計算機科学者）、Seymour Papert（シーモア・パパート / 数学者・教育工学者）
"大分類 IV：応用・総合科学（Applied Sciences, Education, Services）",言葉遊びの知見を、教育実践、社会福祉、ビジネスデザインへと応用する実学領域。,第19章 教育学・学習科学（Pedagogy and Educational Sciences）,19.8,インクルーシブ教育におけるユーモアを通じた心理的安全性構築,多様な背景（障害の有無、国籍、学力差など）を持つ児童・生徒が共に学ぶインクルーシブ教育環境において、クラス内に「心理的安全性（Psychological Safety：誰もが非難される不安なく発言できる状態）」を構築することは最大の課題です。エイミー・エドモンドソンらの組織心理学研究によれば、集団内における「親和的ユーモア（Affiliative Humor：他者を傷つけず、場を和ませる笑い）」の共有は、構成員間の緊張（情意フィルター）を解きほぐし、失敗に対する恐怖を軽減する強力な接着剤として機能します。しかし、高度な文脈依存の皮肉や内輪ネタなどの「攻撃的ユーモア」は逆に排他性を生むため、教育現場においては、明確なルールがあり、誰もが参加でき、かつ他者を攻撃しない「構造化された言語的遊び」を意図的に導入することが、集団の凝集性を高める上で極めて有効であることが実証されています。,なぞかけは、インクルーシブな教室において心理的安全性を担保しながら笑いを共有するための、極めて優れた「バリアフリーなユーモア・フォーマット」です。一般的なジョークや皮肉は「暗黙の文脈を察する能力」を要求するため、理解できない学習者を疎外するリスク（内輪ウケによる分断）を常に孕んでいます。しかし、なぞかけには「その心は」という【論理の解説フェーズ】がシステムとして必ず組み込まれています。この「自らネタばらしをして論理パスを開示する」という明示的なルールのおかげで、比喩の推論が苦手な学習者や、言語的・文化的背景が異なる学習者であっても、「なぜここが面白いのか」というロジックのタネ明かしを全員でフラットに共有でき、誰も笑いから置いてきぼりにされません。なぞかけは、論理的なパズルを解く共同作業を通じて、多様な学習者たちを「一つの納得のカタルシス」へと安全に導く、ユニバーサルデザイン化されたインクルーシブなコミュニケーション装置なのです。,エイミー・エドモンドソンによる「心理的安全性（Psychological Safety）」の研究、ロッド・マーティンらの「ユーモア・スタイル（Humor Styles Questionnaire）」による親和的ユーモアの集団力学分析、およびインクルーシブ教育の学級経営論,1999年（エドモンドソンの論文）、2003年（マーティンによるユーモアの4分類）,Amy Edmondson（エイミー・エドモンドソン / 組織心理学者）、Rod A. Martin（ロッド・A・マーティン / 心理学者・ユーモア研究）
"大分類 IV：応用・総合科学（Applied Sciences, Education, Services）",言葉遊びの知見を、教育実践、社会福祉、ビジネスデザインへと応用する実学領域。,第19章 教育学・学習科学（Pedagogy and Educational Sciences）,19.9,教員の指導言（ティーチャー・トーク）におけるユーモアの効果,教育心理学における「インストラクショナル・ユーモア処理理論（Instructional Humor Processing Theory: IHPT）」によれば、教員が授業中に発する言葉（ティーチャー・トーク）に学習内容と関連性のあるユーモアが混ざることは、学習者の認知と感情に極めてポジティブな影響を与えます。関連性のあるユーモアは、学習者の「情意フィルター（失敗への不安や緊張）」を下げ、教室を安心できる空間（心理的安全性）へと変えます。さらに、ユーモアがもたらす「不調和（意外なズレ）」の提示と、その「解決（オチ）」による適度な認知的覚醒は、ドーパミンの分泌を促し、学習内容の「精緻化リハーサル（深い意味的処理）」を駆動させることで、記憶の定着率を劇的に向上させることが実証されています。ただし、学習目標と無関係なジョークは単なる認知的ノイズとなるため、ティーチャー・トークにおける笑いの使用は、高度に計算された「教育的足場かけ（Scaffolding）」の一環として精緻に設計される必要があります。,授業の導入（つかみ）として、教員が本時の学習テーマを用いた「なぞかけ」を披露することは、IHPT理論に合致する最も安全で効果的なティーチャー・トークの技術です。例えば歴史の授業の冒頭で、「『江戸時代の鎖国（A）』とかけて『スマートフォンの機内モード（B）』と解く。その心は『どちらも、でんぱ（キリスト教の伝播／通信の電波）をシャットアウトするでしょう（C）』」と提示します。この知的な言葉遊びは、生徒の注意を一瞬で惹きつける（アイスブレイク）と同時に、過去の難解な事象（お題）と生徒の日常的な事象（解き）を掛詞で論理的に結びつける「認知的フック」として機能します。なぞかけは、教室に笑いと心理的安全性をもたらしつつ、学習の核心へと生徒の思考をスムーズかつ強制的に誘導する、極めて優秀な教育的レトリックなのです。,「インストラクショナル・ユーモア処理理論（Instructional Humor Processing Theory: IHPT）」、およびティーチャー・トーク（Teacher Talk）と学級風土（Classroom Climate）が学習意欲に与える影響に関する教育心理学研究,2010年（WanzerらによるIHPTの提唱）以降の実証研究,Melissa B. Wanzer（メリッサ・B・ワンザー / コミュニケーション学者）、および教育心理学・教授学の研究者群
"大分類 IV：応用・総合科学（Applied Sciences, Education, Services）",言葉遊びの知見を、教育実践、社会福祉、ビジネスデザインへと応用する実学領域。,第19章 教育学・学習科学（Pedagogy and Educational Sciences）,19.10,メディア・リテラシー教育としての広告キャッチコピーの批判的読み解き,現代のメディア教育（批判的メディア・リテラシー）において極めて重要なタスクは、大衆を消費へ誘導する「広告キャッチコピー」の裏に隠された意図を解体することです。広告コピーは、しばしばダジャレ、比喩、ダブルミーニングなどの「言葉のレトリック」を駆使します。これは、消費者の論理的な思考（本当にこの商品が必要かというシステム2の理性）をバイパスし、言葉の響きの心地よさによって「ポジティブな感情」だけを直接的に喚起させるための心理的ハッキング（神話作用）です。教育現場でこの広告のレトリックを批判的に脱構築する訓練を行うことで、学習者は「言葉の面白さ・美しさ」と「事実（ファクト）」を冷徹に切り離して思考するメタ認知能力を獲得し、メディアの印象操作から自らを守る防衛力を身につけることが実証されています。,多くの優れた広告キャッチコピーの構造は、本質的に「企業が仕掛けた一方的ななぞかけ」と同じDNAを持っています。「自社の商品（お題）」と「消費者の理想の未来（解き）」を、巧みな「掛詞」で強引に結びつけることで、消費者の脳内に「なるほど（買いたい）！」という錯覚（カタルシス）を生み出します。メディア・リテラシーの授業において、生徒に「この広告を『なぞかけ』のフォーマットに分解してみよう」という課題を与えます。例えば、「『新発売の洗剤（A）』とかけて『名探偵（B）』と解く。その心は『どちらも、シロ（白／無罪）を証明してくれるでしょう（C）』」と分解させます。この構造の解剖により、生徒は「このコピーは『シロ』という音の響きが鮮やかなだけで、実際の洗浄力の数値（ファクト）については何も語っていない」という事実に気づきます。なぞかけの構造分析は、広告がまとう「ユーモアと修辞という名の魔法」を論理的に解除し、レトリックの錯覚を見破るための極めて鋭利な分析ツールとなるのです。,批判的メディア・リテラシー（Critical Media Literacy）の教育実践、およびロラン・バルトの神話作用（Mythologies）を応用した広告の記号論的分析,1980年代（メディア・リテラシー教育の体系化）以降,Douglas Kellner（ダグラス・ケルナー / 批判理論家）、Roland Barthes（ロラン・バルト / 記号学者）
"大分類 IV：応用・総合科学（Applied Sciences, Education, Services）",言葉遊びの知見を、教育実践、社会福祉、ビジネスデザインへと応用する実学領域。,第19章 教育学・学習科学（Pedagogy and Educational Sciences）,19.11,作文指導における比喩を用いた魅力的な表現力向上,従来の作文指導は「文法的に正しいこと」や「事実を正確に描写すること」に偏りがちですが、ジョージ・レイコフの「概念メタファー理論」などを応用した認知言語学的アプローチでは、「比喩（メタファー）」の創作を積極的に取り入れます。比喩を用いることは、単なる文章の装飾技法ではありません。それは「目に見えない抽象的な感情や事象（ターゲット領域）を、誰もが知っている具体的な事象（ソース領域）に構造ごとマッピングして理解させる」という極めて高度な認知操作です。生徒に「怒り」や「悲しみ」を直接言葉にするのではなく、「どのような風景や物理現象に似ているか」を探させることで、思考の柔軟性（認知的流暢性）が鍛えられます。比喩を取り入れた作文指導は、ありふれた「報告書」を、読み手の五感と感情を揺さぶる「文学的テキスト（魅力的な表現）」へと飛躍させる強力な教授法であることが分かっています。,なぞかけ作りは、作文における「比喩を創り出す筋肉」を鍛えるための最も効率的な基礎トレーニングです。優れた比喩を書くためには、表面上は無関係に見えるAとBの間に、隠された共通の構造（プロパティ）を見つけ出す「連想力」と「抽象化の能力」が必要です。これは、なぞかけにおいて掛詞をひねり出すプロセスと完全に一致しています。例えば作文の授業で、「『テスト返却前の自分の焦り（A）』をお題にして、それを『炭酸を振った直後のペットボトル（B）』と結びつけるなぞかけを作ってみよう」と促します。生徒は、「どちらも、いまにもバクハツ（感情の爆発／物理的な爆発）しそうです（C）」という掛詞を発見し、自分の内面の焦燥感を客観視して全く別の事物へと置き換える「見立ての構造」をゲーム感覚で体得します。なぞかけという極小のフォーマットで培われた「言葉の結びつきのセンス（構造マッピングの技術）」は、長文を書く際の豊かな表現力や、オリジナリティ溢れる文体を生み出す強靭な土台となるのです。,『レトリックと人生（Metaphors We Live By）』に代表される認知言語学的アプローチの国語科教育への応用、および表現ライティング（Expressive Writing）におけるメタファーの効果,1980年（レイコフとジョンソンによる著書出版）以降の言語技術教育の発展,George Lakoff & Mark Johnson（認知言語学者）、および表現指導・作文教育（Rhetoric and Composition）の研究者群
"大分類 IV：応用・総合科学（Applied Sciences, Education, Services）",言葉遊びの知見を、教育実践、社会福祉、ビジネスデザインへと応用する実学領域。,第19章 教育学・学習科学（Pedagogy and Educational Sciences）,19.12,古典文学（和歌や落語）への興味を喚起するためのなぞかけ導入教育,現代の国語教育において、中高生が古典（古文や和歌、古典芸能）に対して抱く最大の障壁は、「言葉が古くて意味がわからない」という歴史的・言語的隔たりによる心理的な疎外感です。古典教育学の研究によれば、この壁を突破するための最も有効なアプローチは、いきなり文法や現代語訳を教え込むのではなく、古典のテキストの中に潜む「人間の普遍的な遊び心」に焦点を当てることです。平安貴族が和歌に込めた「掛詞（ダブルミーニング）」や「縁語」、あるいは江戸時代の落語における「落ち（パンチライン）」は、本質的には現代のダジャレやジョークと全く同じ知的エンターテインメントです。現代の生徒が直感的に楽しめる「言葉遊び」を入り口（認知的ブリッジ）として設定することで、古典の世界が「死んだ暗記科目」から「時空を超えた知的なコミュニケーションの場」へと変貌し、学習の内発的動機づけが劇的に高まることが実証されています。,なぞかけは、和歌の「掛詞」や落語の「オチ」のメカニズムを、現代語でそのまま体験できる最強の「古典文学のシミュレーター」です。古典の授業の導入で、まず生徒たちに身近なテーマでなぞかけを作らせ、「二つの異なる文脈を一つの音韻に掛ける」という構造の面白さ（アハ体験）を味わわせます。その直後に、「実は1000年前の平安貴族たちも、君たちと全く同じルールで言葉遊びを使い、高度な恋愛のかけひきを楽しんでいたんだよ」と、小野小町の和歌『花の色は 移りにけりな いたづらに わが身世にふる ながめせしまに』を提示します。生徒は、この歌の中に「降る（ふる：雨）／経る（ふる：時間が経つ）」「長雨（ながめ）／眺め（ながめ：物思いにふける）」という高度な「掛詞（なぞかけのその心）」が二重に仕掛けられていることに気づきます。古文の単語はただの苦痛な暗号ではなく、「昔の天才が仕掛けたなぞかけのオチ」として自発的な解読の対象となります。なぞかけは、現代の教室と千年前の文学空間を「笑いと機知」という共通言語で強固に接続する、極めて強力な古典教育のタイムマシンなのです。,学習指導要領における「伝統的な言語文化と国語の特質に関する事項」の指導法研究、および和歌の修辞（掛詞・縁語）や古典落語を題材とした学習意欲喚起のペダゴジー（教育手法）,2000年代以降の国語科教育における「言語活動の充実」と古典教育の接続に関する実践研究,国語科教育学者、古典文学研究者、および初等中等教育における国語科教員の実践報告群
"大分類 IV：応用・総合科学（Applied Sciences, Education, Services）",言葉遊びの知見を、教育実践、社会福祉、ビジネスデザインへと応用する実学領域。,第19章 教育学・学習科学（Pedagogy and Educational Sciences）,19.13,いじめ防止教育における「ポジティブな笑い」と「嘲笑」の対話的学習,教育社会学や生徒指導の領域において、教室内の「笑い」はクラスの凝集性を高める潤滑油となる一方で、いじめを隠蔽する凶器にもなります。ロッド・マーティンのユーモア・スタイル分類を用いた教育実践によれば、生徒たちに「親和的ユーモア（場を和ませる笑い）」と「攻撃的ユーモア（特定の誰かを標的にする嘲笑）」の違いをメタ認知させる対話的学習が極めて有効です。加害者がしばしば口にする「ただのいじり（冗談）だった」という言い訳に対し、笑いの構造を客観的に分析・分類するワークを取り入れることで、生徒自身が「権力勾配のある場での笑いは暴力に転化する」という事実を発見し、教室内の「不適切な笑いの空気（同調圧力）」に対する批判的思考と防波堤（バイスタンダー介入：傍観者からの脱却）を構築できることが実証されています。,いじめ防止教育において「なぞかけ」は、笑いの質を客観的に評価・解剖するための極めて優れた教材（テストケース）となります。生徒たちに、一般的な事象をお題にした「誰も傷つけない見事ななぞかけ」と、クラスメイトの身体的特徴や失敗をお題にした「攻撃的ななぞかけ」の文章を比較させます。形式上の美しさ（掛詞の成立）は同じであっても、後者がなぜ「笑い」ではなく「暴力（嘲笑）」として機能するのかを議論させます。なぞかけという定型化されたフォーマットを通すことで、生徒たちは感情論ではなく、「お題（A）の選択権を強者が独占している」「その心（C）の結びつけが、偏見や論理的飛躍によるレッテル貼りに基づいている」といった論理的な言語化を行うことができ、ユーモアというオブラートに包まれた加害性を安全かつ冷徹に解体する訓練が可能になるのです。,ロッド・マーティンによる「ユーモア・スタイル（Humor Styles Questionnaire）」の教育的応用、およびピア・サポートや傍観者（Bystander）教育を取り入れたいじめ防止プログラム（Olweus Bullying Prevention Programなど）,2003年（マーティンらの尺度開発）、1980年代以降のいじめ防止教育モデルの蓄積,Rod A. Martin（ロッド・A・マーティン / 心理学者）、Dan Olweus（ダン・オルウェウス / いじめ研究の先駆者）
"大分類 IV：応用・総合科学（Applied Sciences, Education, Services）",言葉遊びの知見を、教育実践、社会福祉、ビジネスデザインへと応用する実学領域。,第19章 教育学・学習科学（Pedagogy and Educational Sciences）,19.14,道徳教育における落語などの人情話を通じた多角的視点の育成,コールバーグの道徳性発達理論やナラティブ心理学を応用した道徳教育では、単一の「正解（絶対的な道徳規範）」を上から教え込むのではなく、物語を通じた「役割取得（Role-taking：他者の視点に立つこと）」が重視されます。落語や古典的な人情話には、完璧な善人ではなく、ずる賢い者、お節介な者、愚かだが憎めない者など、多様で欠点だらけのキャラクターが登場します。これらの登場人物たちが織りなす「笑いと葛藤のナラティブ」を道徳の授業で読み解くことで、生徒たちは「正しさ」が立場によって変容すること（多元的価値観）を学びます。人間の弱さや失敗をユーモアで包み込んで許容する落語の世界観は、不寛容（キャンセルカルチャー）に陥りがちな現代の教室において、他者への共感性（セオリー・オブ・マインド）と認知的な柔軟性を育むための極めて優れた道徳的テキストであることが分かっています。,落語の演目と密接に結びつく「なぞかけ」の思考プロセスは、道徳的ジレンマにおける「視点の転換（役割取得）」のメカニズムと完全に同期しています。なぞかけは、全く異なる二つの事象（AとB）の双方の立場から物事を見つめ直し、両者が共有できる真理（C＝掛詞）を発見する知的作業です。例えば道徳の授業で、「『嘘をついてはいけないというルール（A）』とかけて『相手を傷つけないための優しい嘘（B）』と解く。その心は『どちらも、まこと（真／誠）が問われるでしょう（C）』」というなぞかけを提示・考察させます。生徒たちは、対立する二つの立場（お題と解き）をディベートで論破し合うのではなく、ユーモアと知性を用いてより高次の共通価値（掛詞）へと昇華させる（アウフヘーベン／止揚する）という、極めて高度な道徳的対話の技法を学ぶことができるのです。,ローレンス・コールバーグの「道徳性発達理論（Stages of Moral Development）」における役割取得（Role-taking）、および道徳教育におけるナラティブ・アプローチ（物語論的アプローチ）の教育効果,1969年（コールバーグの理論提唱）以降の道徳心理学の蓄積,Lawrence Kohlberg（ローレンス・コールバーグ / 心理学者）、および落語や文学を用いた道徳教育実践の研究者群
"大分類 IV：応用・総合科学（Applied Sciences, Education, Services）",言葉遊びの知見を、教育実践、社会福祉、ビジネスデザインへと応用する実学領域。,第19章 教育学・学習科学（Pedagogy and Educational Sciences）,19.15,言葉遊びを多用した絵本の読み聞かせがもたらすアニマシオン効果,モンセラット・サルトが提唱した「読書のアニマシオン（魂を吹き込むこと）」は、子どもにただ静かに本を読ませるのではなく、遊びやゲームを通して読書を動的・参加型の体験へと変える教育手法です。特に、ダジャレ、回文、言葉探しなどの「言葉遊び（Language Play）」を多用した絵本を用いた読み聞かせは、アニマシオンの極めて有効なツールとなります。子どもたちは言葉の響きの面白さや規則性に刺激され、次にどんな言葉が来るかを文脈から予測（Predictive Processing）し、自ら声に出して笑い合います。このプロセスは、文字を単なる「情報の器」から「音と意味の玩具」へと変容させ、読書に対する内発的動機づけ（本は楽しいものだというポジティブな感情）を劇的に高めるとともに、児童の音韻意識（Phonological Awareness）の発達を強力に後押しすることが実証されています。,なぞかけは、絵本の読み聞かせを最高の「アニマシオン空間（対話的読書空間）」へと変える強力なインタラクティブ・エンジンです。例えば『桃太郎』の読み聞かせの途中で、教員が突然「『鬼ヶ島に向かう桃太郎（A）』とかけて『お母さんの洗濯（B）』と解く。その心は？」と問いかけ、意図的に「間（ポーズ）」を取ります。すると、受け身だった子どもたちは瞬時に「アクティブな謎解き探偵」へと変貌し、これまでの文脈（物語の伏線）と自分の語彙力をフル回転させて「どちらもキジ（雉／生地）が活躍する！」という掛詞のオチを予測し、口々に叫び始めます。なぞかけの持つ「問い（不調和）と解決（オチ）のリズム」は、子どもたちの注意力を物語の世界に強烈に惹きつけ、絵本の読み聞かせを「演者と観客が一体となって言葉の魔法を解き明かす、極上のエンターテインメント・ライブ」へと昇華させるのです。,モンセラット・サルトによる「読書のアニマシオン（L'animation de la lecture）」の理論と実践、および児童期における言語遊戯（Language Play）と音韻意識の発達に関する読書科学的リサーチ,1990年代（アニマシオン理論の世界的普及）以降,Montserrat Sarto（モンセラット・サルト / 読書教育活動家）、および児童文学・言語発達心理学の研究者群
"大分類 IV：応用・総合科学（Applied Sciences, Education, Services）",言葉遊びの知見を、教育実践、社会福祉、ビジネスデザインへと応用する実学領域。,第19章 教育学・学習科学（Pedagogy and Educational Sciences）,19.16,多文化共生クラスにおける各国の「なぞなぞ」比較を通じた異文化理解,多様なルーツを持つ児童が在籍する多文化共生クラスにおいて、各国の「なぞなぞ（Riddles）」や言葉遊びを持ち寄って比較する授業は、異文化理解教育の最も優れた実践の一つです。比較文化論の研究によれば、なぞなぞは世界中のあらゆる文化圏に普遍的に存在しますが、その「お題」や「比喩の選び方」には、その地域の気候、植生、食文化、宗教観といった固有の文化的背景（ローカル・コンテクスト）が色濃く反映されています。外国ルーツの児童が自国のなぞなぞを母語と日本語で紹介し、日本人の児童がそれを解こうとする活動は、マイノリティ児童の自文化に対する誇り（エンパワーメント）を育むと同時に、マジョリティ児童に対して「世界には異なる論理や世界観が存在する」という脱中心化（自文化の相対化）を促す、極めて効果的な文化交流のプラットフォームとなることが解明されています。,各国の伝統的な「なぞなぞ」を、日本の「なぞかけ」のフォーマット（AとかけてBと解く、その心はC）に翻訳・再構築してみるというワークは、異文化間教育における最高難度の「カルチュラル・トランスレーション（文化翻訳）」作業です。例えば、英語の有名ななぞなぞ「顔（face）と２つの手（hands）があるのに、腕も足もないものは？＝時計」を日本語のなぞかけに変換させます。英語では「顔」と「手」の多義性で成立するユーモアですが、日本の時計は「文字盤」と「針」であるため、直訳ではオチが成立しません。そこで生徒たちは、「『人間の体（A）』とかけて『時計（B）』と解く。その心は『どちらも、ハリ（肌の張り／時計の針）があるでしょう（C）』」といったように、自言語の文脈に合わせた新たな掛詞を協働で探求します。この「翻訳不可能性の壁」にぶつかりながら、相手の文化の論理構造を解体し、自分たちの文化のフォーマットへと再構築するプロセスこそが、言語の壁を超えて他者の認知スキーマに深く潜り込む、最も実践的で創造的な異文化コミュニケーションの訓練となるのです。,アーチャー・テイラーらによる「なぞなぞの比較民俗学（Comparative Folkloristics of Riddles）」、および異文化間コミュニケーション（Intercultural Communication）における文化相対主義と脱中心化（Decentering）の教育実践,1951年（テイラーの『English Riddles from Oral Tradition』）、および現代の多文化共生教育の蓄積,Archer Taylor（アーチャー・テイラー / 民俗学者）、および異文化間教育学・言語人類学の研究者群
"大分類 IV：応用・総合科学（Applied Sciences, Education, Services）",言葉遊びの知見を、教育実践、社会福祉、ビジネスデザインへと応用する実学領域。,第19章 教育学・学習科学（Pedagogy and Educational Sciences）,19.17,教員養成課程における「間、抑揚」などの演芸手法の導入,教育は単なる「文字情報の音声化（伝達）」ではなく、身体と声を用いた「パフォーマンス（演武）」であるという観点から、近年、教員養成課程において演劇や演芸の身体知を導入する「パフォーマンス教育学」が注目されています。教員の話し方が一本調子（モノトーン）であれば、いかに内容が優れていても学習者の注意力は数分で途切れます。研究によれば、落語家やコメディアンが駆使する「意図的な沈黙（間：ポーズ）」、「声のトーン・声量の変化（抑揚）」、「視線の配り方（アイ・コンタクト）」といった非言語コミュニケーション（Nonverbal Immediacy：非言語的即時性）の技術を教員が意図的に訓練して授業に用いることで、生徒の学習意欲、集中力、および学級内の心理的距離感が劇的に改善されることが実証されています。,なぞかけは、教員が「間」と「抑揚」という高度な非言語スキルを体得するための、最もコンパクトで効果的な訓練スクリプトです。なぞかけを披露する際、演者が「その心は……」と言った後に意図的に作る１?２秒の「間（沈黙）」は、教室の空気を一変させ、生徒の脳内に極度の認知的サスペンス（謎への期待）を強制的に生み出します。そして十分に見台（教卓）に視線を集めた後、オチを言う際の「抑揚の爆発」が、緊張の緩和によるカタルシスをもたらします。教員志望の学生に、この「なぞかけフォーマットを用いた話し方訓練」を反復させることで、彼らは「どのタイミングで沈黙すればざわつく教室の視線が一点に集まるか」「どこで声を張れば本時の重要なキーワードが記憶に焼き付くか」という、教室という劇場を完全にコントロールするための実践的な身体感覚（リズムとテンポ）を、演芸のプロフェッショナルから直接的に継承することができるのです。,「パフォーマンス教育学（Performative Pedagogy）」、Richmondらによる「教師の非言語的即時性（Nonverbal Immediacy）」に関する教育心理学的研究、およびTauberの『Acting Lessons for Teachers』,1990年代以降の教育コミュニケーション学の実証研究,Virginia P. Richmond（ヴァージニア・P・リッチモンド / コミュニケーション学者）、Robert T. Tauber（ロバート・T・タウバー / 教育学者）
"大分類 IV：応用・総合科学（Applied Sciences, Education, Services）",言葉遊びの知見を、教育実践、社会福祉、ビジネスデザインへと応用する実学領域。,第19章 教育学・学習科学（Pedagogy and Educational Sciences）,19.18,リカレント教育における柔軟な発想力を鍛える即興演劇手法,"社会人の学び直し（リカレント教育）において最大の障壁となるのは、長年の実務経験によって凝り固まった「論理的無謬性の呪縛（間違えてはいけないという思い込み）」と「失敗して恥をかくことへの恐怖」です。マルコム・ノールズの成人学習理論（アンドラゴジー）を補完するため、近年ではこの認知的な硬直を打破する手法として「インプロ（Applied Improvisation：応用即興演劇）」が企業研修などで広く導入されています。インプロの基本ルールである「Yes, And（相手の不条理な提案をまず否定せずに受け入れ、そこに自分のアイデアを乗せる）」を繰り返すワークショップは、参加者の自己検閲（間違えたら恥ずかしいという恐怖）を外し、心理的安全性を確保しながら、予測不可能な状況へ柔軟に対応する「適応的熟達（Adaptive Expertise）」を劇的に向上させることが分かっています。",「即興なぞかけ」は、言語のみを用いた極めて高度なインプロ（即興演劇）のトレーニングです。参加者は、ファシリテーターや他者からランダムに出されたお題（予期せぬトラブルや課題。例：「残業」）に対して、絶対に「思いつきません」と拒否することなくまず受け入れ（Yes）、そこから瞬時に全く別の事象と結びつけて強引なオチを提示（And）しなければなりません（例：「『登山』と解きます。どちらもヤマを越えなければなりません」）。この即興なぞかけをリカレント教育のアイスブレイクに導入することで、大人の学習者は「正解のない問いに対して、論理の飛躍（ギャップ）を恐れずにアイデアを出す」という、イノベーションに不可欠な柔軟な思考回路（ラテラル・シンキング）を強制的に起動させられます。なぞかけは、論理的な正しさに縛られ凝り固まった大人の脳を揉みほぐし、創造的な遊び心と「失敗を笑いに変えるタフネス」を取り戻すための、極めて実践的なアンラーニング（学習棄却）のツールなのです。,キース・ジョンストンによる即興演劇（Improvisation）の理論、組織学習における「応用即興（Applied Improvisation）」の効果測定、およびマルコム・ノールズの成人学習理論（Andragogy）とアンラーニング（Unlearning）,1979年（ジョンストンの『Impro』出版）以降、2000年代のビジネス・リカレント教育への応用,Keith Johnstone（キース・ジョンストン / 演劇教育家）、Malcolm Knowles（マルコム・ノールズ / 成人教育学者）
"大分類 IV：応用・総合科学（Applied Sciences, Education, Services）",言葉遊びの知見を、教育実践、社会福祉、ビジネスデザインへと応用する実学領域。,第19章 教育学・学習科学（Pedagogy and Educational Sciences）,19.19,学習評価のゲーミフィケーションとしての「謎解きテスト」,従来のペーパーテスト（総括的評価）は、学習者に強いテスト不安を与え、内発的動機づけを低下させるという課題がありました。教育工学における「ゲーミフィケーション（ゲームデザイン要素の学習への応用）」の最前線では、評価のプロセスそのものを「謎解き（脱出ゲームなど）」に変換する「ステルス評価（Stealth Assessment）」の研究が進んでいます。学習者は「テストを受けさせられている」という感覚を持たずに、パズルや暗号を解くことに没頭します。システムはその謎解きのプロセス（試行錯誤や選択した論理ルート）を背後でデータとして収集し、学習者の論理的思考力や教科の知識深度を、従来のテストと同等の信頼性で、かつ極めて高いエンゲージメントを維持したまま正確に評価できることが実証されています。,なぞかけは、単なる暗記テストを「知的な謎解きゲーム」へと変換するための、非常に優れたステルス評価のフォーマットです。例えば理科の授業で教員が「光合成とは何か？」と直接的な知識を問う代わりに、「『光合成』をお題にして、秀逸ななぞかけを提出しなさい」という課題を出します。生徒が「『植物の光合成（A）』とかけて『クレーム対応のコールセンター（B）』と解く。その心は『どちらも、タイヨウ（太陽／対応）が、新たなエネルギー（養分／信頼）を生み出します（C）』」という解答を提出したとします。このなぞかけを成立させるためには、「光合成には光の入力が必要であり、それを変換して養分を出力する」という本質的なメカニズムを深く理解し、その属性を別の概念にマッピングする高度な意味処理を行わなければなりません。なぞかけを評価ツールとして用いることで、無味乾燥な知識の確認作業は、生徒が自らの機知と理解度を競い合う「クリエイティブな謎解きイベント」へと昇華するのです。,ヴァレリー・シュートによる「ステルス評価（Stealth Assessment）」の概念、教育におけるゲーミフィケーション（Gamification of Learning）、および「教育的脱出ゲーム（Educational Escape Rooms）」の学習効果に関する研究,2011年（シュートによるステルス評価の提唱）以降、2010年代後半の教育的ゲームデザインの隆盛,Valerie J. Shute（ヴァレリー・J・シュート / 教育工学者）、Karl M. Kapp（カール・M・カップ / 教育工学者・ゲーミフィケーション専門家）
"大分類 IV：応用・総合科学（Applied Sciences, Education, Services）",言葉遊びの知見を、教育実践、社会福祉、ビジネスデザインへと応用する実学領域。,第19章 教育学・学習科学（Pedagogy and Educational Sciences）,19.20,非認知能力としての「発想力やユーモア」を評価するルーブリック構築,ジェームズ・ヘックマンらの研究により、人生の成功にはIQなどの認知能力以上に、協調性、忍耐力、創造性といった「非認知能力（社会情動的スキル）」が明らかになりました。しかし、発想力やユーモアといった非認知能力は、単一の正解を求める選択式のペーパーテストでは測ることができません。教育測定論においては、これらの見えにくい能力を客観的かつ公平に評価するために、パフォーマンス課題に対する「ルーブリック（多段階の評価基準表）」の開発が行われています。ユーモアや創造性のルーブリックは、「意外性の高さ（意味的距離）」「文脈への適切さ（空気を読む力）」「表現の洗練度（論理的整合性）」といった複数の観点をレベル別に言語化することで、これまで「センス」という曖昧な言葉で片付けられていた属人的な能力を、指導と評価が可能な「コンピテンシー（資質・能力）」へと可視化することに成功しています。,なぞかけは、「発想力とユーモア（創造的かつ論理的な言語運用能力）」を評価・測定するための、最も構造化された究極のパフォーマンス課題です。教育現場でなぞかけの「評価ルーブリック」を作成する場合、その観点は非常に明瞭かつ学術的なものになります。【観点1：拡散的思考】お題と解きの意味的距離（全く無関係なものを結びつけているか）、【観点2：収束的思考】掛詞の同音異義の正確さと論理的整合性（強引な文法エラーがないか）、【観点3：社会情動的スキル】オチの納得感と受け手（観客）の文脈を読む力（独りよがりなマニアックな知識に偏っていないか）。なぞかけという厳格な制約が存在するからこそ、指導者は生徒の突飛な発想を「主観的な好き嫌い」で評価するのではなく、ルーブリックに基づいて「どの部分の認知プロセスが優れていたか」を客観的・多角的に評価し、的確なフィードバックを与えることが可能となります。なぞかけは、測定不能と思われていた「知的なユーモアセンス」を、エビデンスに基づく教育的スキルへと昇華させる計量モデルなのです。,ジェームズ・ヘックマンによる「非認知能力（Non-cognitive skills / Social and Emotional Skills）」の経済学・教育学的研究、真正の評価（Authentic Assessment）におけるルーブリック設計理論,2000年代以降の非認知能力への注目の高まり、1990年代以降の真正の評価の普及,James J. Heckman（ジェームズ・J・ヘックマン / ノーベル経済学賞受賞者）、Grant Wiggins（グラント・ウィギンズ / 教育評価学者・ルーブリック評価の提唱者）
"大分類 IV：応用・総合科学（Applied Sciences, Education, Services）",言葉遊びの知見を、教育実践、社会福祉、ビジネスデザインへと応用する実学領域。,第20章 経営学・広告論（Business Administration and Advertising）,20.1,キャッチコピーの同音異義語がブランド認知（想起率）に与える影響,消費者心理学における「生成効果（Generation Effect）」や、広告の修辞（レトリック）研究によれば、消費者は情報をそのまま受動的に与えられるよりも、自らの脳内で情報のギャップを埋める（推論する）プロセスを経た方が、記憶の定着率（ブランド想起率）が飛躍的に高まります。キャッチコピーに同音異義語（ダジャレや掛詞）やダブルミーニングが用いられている場合、消費者は一瞬「どういう意味だろう？」と立ち止まり（認知的負荷）、その言葉遊びの意味に気づいた瞬間に「アハ体験（認知的解決）」を得ます。この「不一致の提示」と「自力での解決によるカタルシス」の組み合わせが、ドーパミンの分泌を促し、ブランド名や商品のベネフィットを消費者の長期記憶ネットワークに強固に焼き付ける、極めて費用対効果の高い広告戦略であることが実証されています。,なぞかけの構造は、ブランド認知を最大化するための「理想的な広告コピー」の完全な雛形です。企業が自社の商品を「お題（A）」とし、消費者が求める理想の体験を「解き（B）」としたとき、両者を結びつける鮮やかな「掛詞（C）」を見つけることができれば、それは最強のキャッチコピーになります。例えば、「『当社の最新空気清浄機（A）』とかけて『ベートーヴェンの第九（B）』と解く。その心は、どちらも『素晴らしいカンキ（換気／歓喜）をもたらす』でしょう（C）」といった構造です。消費者がこのなぞかけ（コピー）のオチを自ら脳内で解決して納得した瞬間、「生成効果」が発動し、商品に対するポジティブな感情と記憶がロックされます。なぞかけは、消費者の認知リソースを能動的に引き出し、ブランドを記憶の深層へとフックさせるための優れたビジネス・レトリックなのです。,認知心理学における「生成効果（Generation Effect）」、およびエドワード・マクウォリーらによる「広告における修辞的表現（Visual and Verbal Rhetorical Figures in Advertising）」が消費者情報処理に与える影響の研究,1978年（Slamecka & Grafによる生成効果の提唱）、1996年（McQuarrie & Mickの広告修辞研究）,Norman J. Slamecka & Peter Graf（認知心理学者）、Edward F. McQuarrie & David Glen Mick（消費者行動学者）
"大分類 IV：応用・総合科学（Applied Sciences, Education, Services）",言葉遊びの知見を、教育実践、社会福祉、ビジネスデザインへと応用する実学領域。,第20章 経営学・広告論（Business Administration and Advertising）,20.2,バズマーケティングにおける消費者がツッコミたくなる「余白」の設計,SNS時代のバズマーケティング（バイラルマーケティング）において、企業からの一方的で完璧に作り込まれた広告は、消費者にスルー（無視）される傾向にあります。ジョーナ・バーガーらのバイラルコンテンツ研究によれば、情報が爆発的に拡散（シェア）されるためには、消費者が自ら言及したくなる「社会的通貨（Social Currency：他人に話すことで自分が賢く・面白く見える要素）」の提供が必要です。あえてプロモーションの中に論理的な飛躍や「ツッコミどころ」という名の『余白』を意図的に設計することで、人間の「未完成なものを完成させたい」という強い心理的欲求（ツァイガルニク効果）が刺激され、結果としてUGC（ユーザー生成コンテンツ：大喜利化など）による情報の爆発的連鎖が引き起こされることが解明されています。,なぞかけは、消費者の「ツッコミ（回答）」を誘発する最大の『余白』を持ったインタラクティブ・コンテンツです。企業のプロモーションにおいて、公式SNSが「新商品（お題）」と「一見無関係な事象（解き）」だけを提示し、「その心は？」の部分を意図的に空白にして消費者に問いかけたとします。この未完了のタスク（巨大な余白）は、ツァイガルニク効果を発動させると同時に、大喜利好きなSNSユーザーたちの「見事なオチを思いついて座布団（いいね）をもらいたい」という承認欲求を強烈に刺激します。ユーザーが競ってオチ（掛詞）を考え、ハッシュタグと共に投稿することで、企業は一切の広告費をかけずにトレンド入りを果たすことができます。なぞかけの「問いと空白のフォーマット」は、消費者を単なる受動的なターゲットから、ブランドを共に創り上げる「能動的な共犯者（アンバサダー）」へと巻き込む強力なバズ・エンジンなのです。,『Contagious: Why Things Catch On（感染るんです）』におけるバイラル・マーケティングの「STEPPS」フレームワーク、および未完了のタスクに対する記憶の優位性を示す「ツァイガルニク効果（Zeigarnik effect）」,2013年（バーガーの著作出版）、1927年（ツァイガルニクの提唱）,Jonah Berger（ジョーナ・バーガー / マーケティング学者）、Bluma Zeigarnik（ブルーマ・ツァイガルニク / 心理学者）
"大分類 IV：応用・総合科学（Applied Sciences, Education, Services）",言葉遊びの知見を、教育実践、社会福祉、ビジネスデザインへと応用する実学領域。,第20章 経営学・広告論（Business Administration and Advertising）,20.3,サービスや商品名のネーミングにおける音韻象徴性と言葉遊びの売上相関,商品名やサービス名（ネーミング）は、ビジネスにおける最初の顧客接点です。心理言語学の「ブーバ/キキ効果（音韻象徴性）」が示す通り、人間は言葉の「音の響き（例えばサ行・カ行の爽やかさや、濁音の力強さ）」から無意識に意味や形を連想します。ブランドマネジメントの研究によれば、この「音が持つ感覚的なイメージ」と「商品の実際の機能（ベネフィット）」が一致しており、さらにそこに「ちょっとした言葉遊び（掛詞やダブルミーニング）」が隠されているネーミングは、消費者の購買意欲を最も強く刺激します。感覚的な音の心地よさと、知的な意味の二重性が統合されたネーミングは、認知の摩擦を減らし、競合製品に対する圧倒的な差別化（売上の向上）をもたらすことが実証されています。,優れたプロダクト・ネーミングを作る作業は、一語で完結する「究極の極小なぞかけ」を作ることと同義です。「消費者が抱える課題（お題）」と「商品が提供する解決策（解き）」を、たった数文字の「ネーミング（掛詞）」で表現しなければなりません。例えば、あるビジネスマン向け靴下の歴史的ヒット商品は、「『疲れない靴下（A）』とかけて『早く帰るための電車（B）』と解く。その心は『つうきんかいそく（通勤快足／通勤快速）』でしょう（C）」という完璧ななぞかけを内包しています。「ツ・カ・キ・ソ」という硬質なカ行・サ行の持つ音韻象徴性（速さ、爽快感）と、足が快適であるというダブルミーニングが見事に統合されたとき、そのネーミング自体が鮮やかな謎解きとなります。消費者がその由来に気づきカタルシスを経験すれば、ブランドへの好意度は飛躍的に高まります。なぞかけの論理的圧縮技術は、マーケターのネーミング開発力に直結しているのです。,「ブーバ/キキ効果（Bouba/Kiki effect）」をはじめとする音韻象徴性（Sound Symbolism）の研究、およびリチャード・クリンクらによる「ブランド名の音韻象徴性がブランド評価に与える影響（Creating brand names with meaning）」のマーケティング実証研究,1929年（ケーラーによる初期実験）、2001年（ラマチャンドランらによる再実験）、2000年（クリンクの論文）,Vilayanur S. Ramachandran（V.S.ラマチャンドラン / 脳神経科学者）、Richard R. Klink（リチャード・R・クリンク / マーケティング学者）
"大分類 IV：応用・総合科学（Applied Sciences, Education, Services）",言葉遊びの知見を、教育実践、社会福祉、ビジネスデザインへと応用する実学領域。,第20章 経営学・広告論（Business Administration and Advertising）,20.4,組織行動論におけるリーダーのユーモア発信が心理的安全性に与える影響,エイミー・エドモンドソンの「心理的安全性（Psychological Safety）」の概念は、現代の組織行動論におけるイノベーションとチーム学習の必須条件とされています。近年のトランスフォーメーショナル・リーダーシップの研究によれば、リーダーが適切な「親和的ユーモア」や「自虐的ユーモア」を意図的に発信することは、組織内の権力勾配（ヒエラルキーの壁）をフラットにし、「このチームでは失敗や突飛な意見を言っても罰せられない」という強烈な安全のシグナルとして機能します。さらにブラッド・ビターリーらの研究によれば、適切なユーモアを発信する人物は、周囲から「自信があり、有能である（ステータスが高い）」と評価されます。ユーモアが飛び交うチームは、エラーの報告率が高く、離職率が低く、創造的な提案件数が有意に高いことが定量的に証明されています。笑いは単なる職場の息抜きではなく、組織の認知モデルを再構築し、パフォーマンスを最大化するための戦略的なマネジメント・ツールなのです。,リーダーが朝礼や会議の冒頭で「会社が直面している課題」をテーマにした見事な「なぞかけ」を披露することは、自身の有能さを証明しつつ組織を掌握する、極めて高度なマネジメント・パフォーマンスです。例えば、「『現在の厳しい業績（A）』とかけて『腕のいい大工（B）』と解く。その心は『どちらも、ここからが見事なたてなおし（立て直し／建て直し）の腕の見せ所でしょう（C）』」と提示します。このなぞかけは、チームが抱える失敗への恐怖や重圧をユーモアによって一度「笑い」へと解放（ガス抜き）しつつ、オチ（掛詞）によって「今は基礎を固め直すポジティブなフェーズである」と全員の目線を前向きな方向へと揃える二重の役割を果たします。誰も傷つけず、知性と前向きなユーモアを同時に示す「なぞかけ」の技術は、リーダーの精神的余裕（有能さ）をチームに証明し、組織を心理的安全性の高い状態へと束ねる究極のリーダーシップ・コミュニケーションとなるのです。,"エイミー・エドモンドソンによる「心理的安全性（Psychological Safety）」の研究、およびウォートン・スクールのブラッド・ビターリーらによる「職場におけるユーモア、ステータス、有能さの関係（Humor, Status, and Competence）」の研究",1999年（エドモンドソンの論文）、2017年（ビターリーらの研究）,Amy Edmondson（エイミー・エドモンドソン / 組織行動学者）、Brad Bitterly（ブラッド・ビターリー / 経営学者）
"大分類 IV：応用・総合科学（Applied Sciences, Education, Services）",言葉遊びの知見を、教育実践、社会福祉、ビジネスデザインへと応用する実学領域。,第20章 経営学・広告論（Business Administration and Advertising）,20.5,BtoC企業のSNS公式アカウントによる大喜利を通じたエンゲージメント向上,現代のSNSマーケティングにおいて、BtoC（消費者向け）企業の公式アカウントが「ブランドの擬人化（Brand Personification）」を行い、消費者の投稿に対して大喜利やユーモラスなリプライを返す手法が定着しています。HortonとWohlが提唱した「パラソーシャル相互作用（メディアの向こう側の存在に対して抱く擬似的な対人関係）」の研究によれば、企業が「完璧で無機質な公式発表」を捨て、人間臭いユーモアや当意即妙なツッコミを披露することで、企業と消費者の間にある権威的な心理的距離が崩壊します。この「企業と消費者の知的なじゃれ合い」は、単なるプレスリリースよりも圧倒的に高いエンゲージメント（いいねやリポストによる拡散）を生み出し、長期的なブランド・ロイヤルティ（熱狂的なファン化）を構築する強力なコミュニケーション戦略であることが実証されています。,SNS上で行われる企業と消費者の大喜利的なやり取りは、本質的に「インタラクティブななぞかけ」のセッションです。ユーザーが企業に対して投げかける斜め上の質問やクレームが「お題（A）」となります。これに対し、企業の担当者（中の人）は、企業の公式な見解や商品特性（B）を崩さずに、見事な掛詞やユーモア（C）で切り返さなければなりません。例えば、「『御社のサーバー、すぐ落ちますね（A）』というクレームに対し、『見事な恋（B）』と解く。その心は『どちらも、想定外にオチる（サーバーが落ちる／恋に落ちる）からこそ、目が離せないでしょう（C）』」と返答します。この切り返し（オチ）が見事であればあるほど、タイムライン上で「中の人、座布団一枚！」というデジタルなバズが巻き起こります。なぞかけ特有の「与えられたお題に対して、知性とユーモアで瞬時に返す」というスキルは、炎上リスクと隣り合わせのSNSマーケティングにおいて、企業の危機管理能力と愛嬌を同時に証明するための最強の武器となっているのです。,「パラソーシャル相互作用（Parasocial Interaction）」理論、Jennifer Aakerによる「ブランド・パーソナリティ（Brand Personality）」の次元モデル、およびSNS上の企業と消費者のエンゲージメント・マーケティングに関する実証研究,1956年（Horton & Wohlのパラソーシャル理論）、1997年（アーカーのブランド・パーソナリティ）、2010年代以降のSNSマーケティング研究,Donald Horton & R. Richard Wohl（社会学者）、Jennifer Aaker（ジェニファー・アーカー / 行動科学・マーケティング学者）
"大分類 IV：応用・総合科学（Applied Sciences, Education, Services）",言葉遊びの知見を、教育実践、社会福祉、ビジネスデザインへと応用する実学領域。,第20章 経営学・広告論（Business Administration and Advertising）,20.6,消費者行動論に基づく「なるほど（Aha\!体験）」を伴う広告の購買意欲喚起,消費者行動論の基礎である「精緻化見込みモデル（ELM：Elaboration Likelihood Model）」によれば、消費者が広告メッセージを深く考え、自発的に納得した場合（中心ルートを通った場合）、その態度変容は強固で長続きします。広告クリエイティブにおいて、商品の利点を直接的に語るのではなく、あえて「謎」や「不一致（論理のギャップ）」を提示し、消費者がそれを自力で解読した瞬間に「なるほど！」というアハ体験（Aha\! Effect）を生み出す手法があります。ユーモアの「不一致-解決理論」が示す通り、この「認知的な謎解きが完了した際の快感」は、そのままブランドへのポジティブな感情（好意度）へと転移します。ユーモアや言葉遊びを用いた広告は、消費者の「説得されることへの抵抗感（警戒心）」を下げ、自発的な納得（自己説得：Self-persuasion）を通じて購買意欲を喚起する、極めて精緻な心理的ハッキングであることが分かっています。,なぞかけの「お題→解き→その心」という三段構造は、広告における「フック（興味喚起）→ギャップ（不一致）→ベネフィットの自己説得（解決）」というアハ体験のプロセスと完全に一致しています。例えば、「『当社の最新の空気清浄機（A）』とかけて『ベートーヴェンの第九（B）』と解く。その心は『どちらも素晴らしいカンキ（換気／歓喜）をもたらすでしょう（C）』」というコピーを提示します。消費者は最初、空気清浄機とクラシック音楽という無関係な「ギャップ」で立ち止まります。そして自らの脳内で「ああ、そういうことか！」とカンキの掛詞を解読した瞬間、ELMの中心ルートが強制的に起動し、商品が持つ機能的・情緒的価値が、ドーパミンの分泌とともに脳の深層に焼き付けられます。なぞかけは、消費者を「受動的なターゲット」から「謎解きを楽しむ能動的な参加者」へと変え、深い納得を伴う購買行動へと強力に導くための、完璧に設計された心理的トリガーなのです。,PettyとCacioppoによる「精緻化見込みモデル（Elaboration Likelihood Model）」、Jerry Sulsによるユーモアの「不一致-解決モデル（Incongruity-Resolution Model）」、および広告における自己説得（Self-persuasion）のメカニズム,1986年（ELMの確立）、1972年（不一致-解決理論の提唱）,Richard E. Petty & John T. Cacioppo（社会心理学者）、Jerry Suls（心理学者）
"大分類 IV：応用・総合科学（Applied Sciences, Education, Services）",言葉遊びの知見を、教育実践、社会福祉、ビジネスデザインへと応用する実学領域。,第20章 経営学・広告論（Business Administration and Advertising）,20.7,リバース・イノベーションにおけるローカルなユーモアのグローバル展開戦略,ビジャイ・ゴビンダラジャンが提唱した「リバース・イノベーション」とは、新興国市場やローカル向けに開発された製品やアイデアが、先進国やグローバル市場へと逆流して成功する現象を指します。これをマーケティング・コミュニケーションに応用すると興味深い現象が起きます。特定の言語圏に極度に依存した「ハイコンテクストなローカル・ユーモア」は、これまで「翻訳不可能でありグローバル展開には不向き」とされてきました。しかしSNSの普及により、そのユーモアの「言葉そのもの」ではなく、背後にある「論理的なズレの構造」や「特異なフォーマット（形式）」自体が抽出され、海外のユーザーによって独自の文脈で再解釈（ミーム化）されることで、国境を越えたバイラル・ヒットを生み出す現象が確認されています。,日本語の「同音異義語（掛詞）」に100%依存するなぞかけは、一見するとグローバル・マーケティングにおいて最も翻訳不可能なローカル・ユーモアの極致です。しかし、「全く無関係な二つの事象（AとB）を提示し、最後に意外な共通点（C）で繋ぐ」というなぞかけの【論理的アルゴリズム】自体は、人類共通の認知的快感に基づいています。日本企業が海外向けプロモーションを展開する場合、ダジャレを直訳するのではなく、「AとかけてBと解く」というフォーマットの構造だけを輸出します。例えば、「『宇宙飛行士（A）』とかけて『不動産業者（B）』と解く。その心は『どちらも、良いスペース（Space：宇宙空間／空き物件）を探しています（C）』」というように、英語の多義性（Pun）を用いて現地のクリエイターにコンテンツを再構築させます。なぞかけは、日本の伝統的な言語遊戯のフレームワークが、いかにして言語の壁を越えたグローバルな広告ミームとしてリバース・イノベーションを起こし得るかを示す、知的なテストケースなのです。,Vijay Govindarajanらによる「リバース・イノベーション（Reverse Innovation）」戦略、ホフステードの「多文化次元モデル（Cultural Dimensions Theory）」を用いた広告の標準化と適応化（Standardization vs. Adaptation）の議論,2009年（リバース・イノベーション概念の提唱）、1980年代以降の異文化マーケティングの蓄積,Vijay Govindarajan（ビジャイ・ゴビンダラジャン / 経営学者）、Geert Hofstede（ヘールト・ホフステード / 組織心理学者）
"大分類 IV：応用・総合科学（Applied Sciences, Education, Services）",言葉遊びの知見を、教育実践、社会福祉、ビジネスデザインへと応用する実学領域。,第20章 経営学・広告論（Business Administration and Advertising）,20.8,ブランド・アイデンティティ構築における親しみやすさを演出する自己卑下ジョーク,従来のコーポレート・コミュニケーションでは、ブランドは常に「無謬で完璧な存在」として振る舞うべきだとされてきました。しかし、Neeru Pahariaらが提唱した「アンダードッグ（判官贔屓）・ブランド」の研究によれば、企業が自らの弱点、失敗、あるいはリソースの不足を隠さず、あえて「自虐的なユーモア（Self-deprecating Humor）」として発信することは、ブランドの「オーセンティシティ（真正性・嘘のなさ）」を劇的に高めます。消費者は、自らの弱みを笑い飛ばせる余裕のあるブランドに対して「人間らしさ」と「温かみ」を感じ、脅威（傲慢な企業）ではなく応援すべきパートナーとして認識します。自己卑下ジョークは、企業のネガティブな要素を知的なエンターテインメントへとリフレーミングし、消費者の共感と好意を惹きつける高度なブランド・アイデンティティ構築戦略であることが解明されています。,企業が自社の弱点をお題にして「自虐なぞかけ」を公式に発信することは、このアンダードッグ戦略の最も洗練された形態です。例えば、「『資金力のない我が社のプロジェクト（A）』とかけて『手編みのセーター（B）』と解く。その心は『どちらも、キカイ（機会／機械）には恵まれていませんが、温かみで勝負します（C）』」と発信します。ネガティブな事実（リソース不足）をなぞかけの掛詞に乗せてユーモアへと転換することで、消費者の心の中にある「無名企業への警戒感」を先回りして武装解除します。自社の弱点を鮮やかな論理構造で切り刻む自虐なぞかけは、消費者に「この会社は自分たちの立ち位置を客観視できている（誠実でクレバーである）」という強烈な信頼感を抱かせ、弱点さえもブランドのオーセンティシティ（真正なる情熱）へと反転させる極めて高度な広報レトリックなのです。,Pahariaらによる「アンダードッグ・ブランド・バイオグラフィー（The Underdog Brand Biography）」、Rod Martinのユーモア・スタイル分類における「自己高揚的/自己卑下的ユーモア」とブランドの真正性（Brand Authenticity）の相関,2011年（Pahariaらの論文）、2010年代以降のブランドの人間化（Humanizing Brands）に関する実証研究,Neeru Paharia（ニール・パハリア / マーケティング学者）、Rod A. Martin（ロッド・A・マーティン / 心理学者）
"大分類 IV：応用・総合科学（Applied Sciences, Education, Services）",言葉遊びの知見を、教育実践、社会福祉、ビジネスデザインへと応用する実学領域。,第20章 経営学・広告論（Business Administration and Advertising）,20.9,クレーム対応（クライシスコミュニケーション）におけるユーモアの導入リスク,企業の不祥事や製品の欠陥に対するクレーム対応（クライシスコミュニケーション）において、消費者は強い怒りや不満（高い感情的覚醒状態）を抱えており、企業に対して「誠実さ」と「共感」を求めています。ティモシー・クームズの「状況的危機コミュニケーション理論（SCCT）」などの研究によれば、この修復プロセス（サービス・リカバリー）において企業側がユーモアや言葉遊びを混入させることは、極めて致命的なリスク（炎上）を招きます。マクグロウの「良き違反理論（Benign Violation Theory）」に照らし合わせても、被害を被っている顧客の前ではユーモアの前提となる「安全な状態（Benign）」が成立していません。危機的状況下でのユーモアの行使は「顧客の苦痛を軽視している（不真面目で傲慢である）」という「違反（Violation）」の要素だけが暴走し、ブランドへの信頼を回復不能なレベルまで破壊することが実証されています。,顧客からの深刻なクレームに対して、企業が「なぞかけ」のフォーマットで返答することは、究極のコーポレート・スーサイド（企業の自殺行為）です。なぞかけは「お題」「解き」「その心」という知的なパズル構造を持っていますが、これがエンターテインメントとして成立するのは、演者と観客の間に「ここは遊びの空間である」というメタ的な合意（プレイ・フレーム）が存在する場合のみです。もし企業が謝罪会見やプレスリリースの中で、「『今回のシステム障害』とかけて『秋の空』と解く。その心は『どちらも突然クラク（暗く）なって予測がつきません』」といかに見事ななぞかけを披露したとしても、その論理的な美しさは顧客の怒りの前では完全に無効化され、「悪質な挑発」へと反転します。なぞかけという言葉の多義性（ダブルミーニング）を用いた高度な言語遊戯は、企業と消費者の間の「信頼関係の土台」が崩壊しているクライシス（危機）の文脈においては、絶対に起動させてはならない禁断のプログラムなのです。,ティモシー・クームズによる「状況的危機コミュニケーション理論（Situational Crisis Communication Theory: SCCT）」、サービス・リカバリー・パラドックス（Service Recovery Paradox）の限界、およびピーター・マクグロウによる「良き違反理論（Benign Violation Theory）」のビジネス適用限界の研究,1995年（SCCTの提唱）、2010年（マクグロウのユーモア理論）,W. Timothy Coombs（W. ティモシー・クームズ / 危機管理コミュニケーション学者）、Peter McGraw（ピーター・マクグロウ / 行動経済学者・心理学者）
"大分類 IV：応用・総合科学（Applied Sciences, Education, Services）",言葉遊びの知見を、教育実践、社会福祉、ビジネスデザインへと応用する実学領域。,第20章 経営学・広告論（Business Administration and Advertising）,20.10,イノベーション創出のための水平思考（アナロジー）を用いたブレインストーミング,エドワード・デボノが提唱した「水平思考（Lateral Thinking）」や、ゴードンの「シネクティクス（Synectics）」手法によれば、革新的なビジネスアイデア（イノベーション）は、論理を直線的に深掘りする垂直思考からではなく、一見無関係な領域から強制的にアナロジー（類推）を持ち込むことによって生まれます。企業のブレインストーミングにおいて、「自社の半導体事業を、ピザの宅配サービスに例えるとどうなるか？」といった極端な異質結合を強制するワークショップは、参加者の脳内にある既存のバイアス（業界の常識）を破壊します。デードレ・ゲントナーの構造マッピング理論が示す通り、表面的な属性が全く異なるドメイン間に隠された「構造的な類似性（プロパティの一致）」を発見するプロセスこそが、競合他社が思いつかない画期的なプロダクトやビジネスモデルの源泉となることが解明されています。,なぞかけは、ビジネスにおける「水平思考（アナロジー）のブレインストーミング」を、最も手軽かつ強制的に実行できる究極の思考フレームワークです。企画会議において、「『自社のニュース配信AI（A）』をお題とし、全く無関係な『ピザの宅配（B）』を解きとしてなぞかけを作れ」という制約を課します。参加者はこの二つを繋ぐための「共通のプロパティ＝掛詞（C）」を必死に探さなければなりません。この制約を課された瞬間、社員の脳は自社製品のスペックという固定観念から離れ、「どちらも、キジ（記事／生地）を練って、アツアツのうちにデリバリーします（C）」という見事な掛詞（水平思考）に到達します。「ピザの生地」と「ニュース記事」という構造的類似性が、情報鮮度（アツアツ）というプロダクトの新たな提供価値（コンセプト）へと変換されるのです。なぞかけは、組織の硬直化した思考回路を「遊びのフレーム」でショートさせ、論理の跳躍によるブレイクスルーを生み出すための極めて実践的なイノベーション・メソッドなのです。,エドワード・デボノの「水平思考（Lateral Thinking）」、ウィリアム・J・J・ゴードンによる類推を用いた創造性技法「シネクティクス（Synectics）」、および組織的創造性（Organizational Creativity）におけるアナロジー推論の有効性,1967年（デボノの著作出版）、1961年（ゴードンのシネクティクス提唱）,Edward de Bono（エドワード・デボノ / 心理学者・創造性研究者）、William J.J. Gordon（ウィリアム・J・J・ゴードン / 発明家・心理学者）
"大分類 IV：応用・総合科学（Applied Sciences, Education, Services）",言葉遊びの知見を、教育実践、社会福祉、ビジネスデザインへと応用する実学領域。,第20章 経営学・広告論（Business Administration and Advertising）,20.11,インタラクティブ・マーケティングにおける消費者参加型の謎解きキャンペーン,デジタルマーケティングにおいて、消費者に一方的に広告を見せるのではなく、謎解きやARG（代替現実ゲーム）を通じてプロモーションに参加させる「ゲーミフィケーション」の手法が大きな成果を上げています。行動経済学における「IKEA効果（人は自ら労力をかけたものに高い価値を感じる現象）」が示す通り、消費者が自らの認知リソース（時間と知力）を費やして企業の仕掛けたパズルや暗号を解き明かしたとき、そのブランドに対するコミットメントと愛着は飛躍的に高まります。また、チクセントミハイの「フロー理論」に基づき、難しすぎず簡単すぎない絶妙な難易度の謎（適度な認知的負荷）を提供することで、消費者は広告であることを忘れて没頭し、謎を解いた際のカタルシス（内発的報酬）がブランド体験そのものへと直結することが実証されています。,企業がプロモーションにおいて「なぞかけキャンペーン」を展開することは、極めてエンゲージメントの高いインタラクティブな謎解きマーケティングとなります。例えば、公式SNSで「『当社の新型ロボット掃除機（A）』とかけて『優秀な探偵（B）』と解く。その心は『どちらも部屋の〇〇〇を見逃しません』」というように、掛詞を伏せ字にして消費者に推測させます。消費者は、自らの語彙力という認知リソースを投資し、「ホコリ（埃／誇り）だ！」とこの言葉のパズルを解こうと試行錯誤します。見事オチを推理できたときの「アハ体験（閃きの快感）」は、IKEA効果を発動させ、そのままブランドに対する愛着として記憶に刻まれます。消費者に自社商品を使ったなぞかけを投稿させるUGC（ユーザー生成コンテンツ）のコンテストも同様に、消費者を単なる受動的な見込み客から、知性を競い合う「ブランドの共創者（アンバサダー）」へと引き上げる強力なエンゲージメント・ツールとなるのです。,行動経済学における「IKEA効果（The IKEA Effect）」、マーケティングにおける「ゲーミフィケーション（Gamification）」の応用、およびミハイ・チクセントミハイの「フロー理論（Flow Theory）」,2011年（ノートンらによるIKEA効果の論文）、2010年代以降のマーケティングにおけるゲーミフィケーションの隆盛,Michael I. Norton（マイケル・I・ノートン / 行動経済学者）、Mihaly Csikszentmihalyi（ミハイ・チクセントミハイ / 心理学者）
"大分類 IV：応用・総合科学（Applied Sciences, Education, Services）",言葉遊びの知見を、教育実践、社会福祉、ビジネスデザインへと応用する実学領域。,第20章 経営学・広告論（Business Administration and Advertising）,20.12,サブスクリプション・モデルにおけるユーモアを通じた顧客ロイヤルティの維持,SaaS（Software as a Service）や動画配信などのサブスクリプション（定額課金）ビジネスにおいて、最大のKPIは顧客の「チャーンレート（解約率）」を下げることです。利用開始時の熱狂が冷め、顧客がサービスを「ただの当たり前のインフラ」と感じ始めたとき（マンネリ化）、解約のリスクが高まります。リレーションシップ・マーケティングの研究によれば、この倦怠期を打破し、顧客との間に「情緒的コミットメント（Affective Commitment）」を維持するためには、アップデートのリリースノートに隠されたジョークや、エラー画面（404ページ）でのユーモアといった「予期せぬ小さな報酬（マイクロ・インタラクション）」の継続的な提供が効果的です。機能的価値だけでなく、クスッと笑えるユーモア（人間味）を定期的に提供するブランドは、顧客との間にパラソーシャルな愛着関係を築き、わずかな利用頻度の低下でも「解約するには惜しい親友」としてサブスクリプションを継続させやすいことが解解明されています。,サブスクリプション・サービス内に「なぞかけ」を組み込むことは、顧客の解約を防ぐための知的なマイクロ・リテンション施策として機能します。例えば、自社アプリの「404エラー画面（A）」に遭遇した際、「『このエラー画面（A）』とかけて『失恋（B）』と解く。その心は『どちらも、リンク（Webリンク／絆）が切れて、アクセス（接続／気持ち）が届きません。トップページ（次の恋）へお戻りください（C）』」といったなぞかけ（イースターエッグ）を仕込みます。不満を抱きやすいエラー体験が、この短い「知的な謎解きと納得の笑い」によって、ポジティブな感情の起伏へと変換されます。冷たいシステムに「人間味（情緒的コミットメント）」を付与するなぞかけという知的フォーマットは、サブスクリプションという継続的なビジネスモデルにおいて、退屈（チャーン）を回避し、顧客のLTV（生涯顧客価値）を最大化するための極めて優秀なCRMの潤滑油となるのです。,リレーションシップ・マーケティングにおける「情緒的コミットメント（Affective Commitment）」の理論、サブスクリプション・エコノミーにおけるカスタマー・サクセスとリテンション・マネジメント、およびUXデザインにおける「イースターエッグ（Easter Eggs）」とマイクロ・インタラクションの心理的効果,1990年代（Allen & Meyerの組織コミットメント研究）、2010年代のサブスクリプション・ビジネスモデルの確立,Tien Tzuo（ティエン・ツォ / ズオラ創業者・『サブスクリプション』著者）、Natalie Allen & John Meyer（心理学者）、およびUX/UIデザインの行動科学研究者群
"大分類 IV：応用・総合科学（Applied Sciences, Education, Services）",言葉遊びの知見を、教育実践、社会福祉、ビジネスデザインへと応用する実学領域。,第20章 経営学・広告論（Business Administration and Advertising）[cite: 1],20.13,採用活動のキャッチコピーにおける自虐ネタがもたらす企業風土アピール,企業の採用活動において、自社の弱点や不人気な要素をあえてユーモラスに開示する「自虐的キャッチコピー（例：「残業は多いですが、社長のギャグは少ないです」など）」が、若年層の応募者獲得に極めて有効であることが人的資源管理（HRM）の研究で注目されています。これはジョン・ワナウスが提唱した「RJP（Realistic Job Preview：現実的な職務情報の事前開示）」理論の発展形です。求職者は美辞麗句を並べた従来の求人広告に対して「嘘ではないか」という強い警戒心を抱いていますが、企業が自らを笑いの対象とする（自己卑下ユーモア）ことで、その企業に対する「透明性」「誠実さ」、そして「失敗を許容する心理的安全性の高い風土がある」という強烈なオーセンティシティ（真正性）のシグナルを受け取ります。自虐ネタは、カルチャーフィットしない層を事前にスクリーニングしつつ、価値観を共有できる優秀な人材を惹きつける高度な採用フィルターとして機能することが実証されています。,採用キャッチコピーにおける自虐ネタの構築は、「自社のネガティブな要素」をポジティブに反転させる「リフレーミングのなぞかけ」です。例えば、「『我が社の厳しい労働環境（お題：ネガティブ）』とかけて、『名刀の鍛造プロセス（解き：ポジティブ）』と解く。その心は『どちらも、何度も厳しく打たれる（指導される／鉄を打たれる）ことで、最後は本物のシンケン（真剣に働くプロ／日本刀の真剣）になるでしょう（C）』」といった具合です。自社の弱点（A）をただ開示するだけでなく、見事な掛詞（C）を通じて「成長環境（B）」へと論理的に着地させることで、求職者に「なるほど、厳しいが理にかなっている」という深い納得感（心理的契約の形成）を与えます。なぞかけの論理構造は、企業の弱みを「知的なユーモアを伴う最強のアピールポイント」へと錬金するための、極めて強力な採用レトリックなのです。,ジョン・ワナウスによる「RJP（Realistic Job Preview：現実的な職務予告）」理論、および採用ブランディング（Employer Branding）におけるオーセンティシティと自己高揚的/自己卑下的ユーモアの相関研究,1992年（ワナウスによるRJPの体系化）以降、2010年代のSNS採用マーケティングの隆盛,John P. Wanous（ジョン・P・ワナウス / 組織心理学者）、およびHRテクノロジー・組織行動論の研究者群
"大分類 IV：応用・総合科学（Applied Sciences, Education, Services）",言葉遊びの知見を、教育実践、社会福祉、ビジネスデザインへと応用する実学領域。,第20章 経営学・広告論（Business Administration and Advertising）,20.14,パーソナルブランディングにおける独自の決め台詞の定着プロセス,"経営者、クリエイター、あるいはインフルエンサーが個人の価値を高める「パーソナルブランディング」において、特定の「決め台詞（Catchphrase）」を反復継続して使用することは、認知心理学における「単純接触効果（ザイオンス効果）」と「ヒューリスティクス（認知の近道）」を強力に発動させます。マーケティングの観点からは、独自の決め台詞（例：スティーブ・ジョブズの ""One more thing..."" など）は、ブランド・エクイティ（資産価値）を構成する「ブランド・アイデンティティ」の聴覚的シンボルとして機能します。消費者の脳内に「この言葉＝あの人」という強固な神経回路（アンカー）が形成されると、その言葉のフォーマットを聞いただけで、その人物の専門性、世界観、あるいは面白さが条件反射的に想起されるようになり、個人の市場価値を永続的に下支えする強力な無形資産となることが分かっています。",お笑い芸人や講演家が、「整いました！」という短い決め台詞を発することは、パーソナルブランディングにおける究極のアンカリング行動です。この4文字の音声をトリガーとして、観客の脳内には「これから極めて高度で知的な言語遊戯が披露される」という期待（認知スキーマ）が瞬時にロードされます。つまり、決め台詞が『認知的プライミング（先行刺激）』として機能しているのです。もし、この決め台詞を持たずに唐突になぞかけを始めた場合、観客は認知的な準備ができていないため、オチのカタルシスを半減させてしまいます。「お題→解き→その心は」という厳格なフォーマット自体が、一種の「ブランド・プロミス（顧客への約束）」として機能しており、演者はこの美しいアルゴリズムを反復上演することで、「知性とユーモアを兼ね備えた達人」という強力なパーソナルブランドを、観客の脳内に不動のものとして定着させているのです。,デービッド・アーカーによる「ブランド・アイデンティティ（Brand Identity）」とブランド・エクイティ理論、および認知心理学における「アンカリング効果（Anchoring Effect）」と「単純接触効果（Mere Exposure Effect）」,1968年（ザイオンスによる単純接触効果）、1996年（アーカーによるブランド・アイデンティティ・システムの提唱）,David Aaker（デービッド・アーカー / 経営学者・ブランド論の権威）、Robert Zajonc（ロバート・ザイオンス / 心理学者）
"大分類 IV：応用・総合科学（Applied Sciences, Education, Services）",言葉遊びの知見を、教育実践、社会福祉、ビジネスデザインへと応用する実学領域。,第20章 経営学・広告論（Business Administration and Advertising）,20.15,パッケージデザインにおける視覚的ダジャレの衝動買い誘発効果,小売店の店頭において、消費者が商品を認識し購入を決定するまでの時間はわずか数秒です。消費者行動論およびニューロマーケティングの研究によれば、パッケージデザインに「視覚的ダジャレ（Visual Puns：二つの異なる事物を視覚的に融合させただまし絵のようなデザイン）」を取り入れることは、店頭でのストッピング・パワー（足を止めさせる力）を劇的に向上させます。消費者の脳が「この絵は何だろう？」と一瞬混乱（不一致）し、直後に「あ、そういう意味か！」と視覚的な謎を解明（解決）した瞬間、脳の報酬系からドーパミンが分泌されます。この「小さな知的な快感」は、商品の価格帯やスペックに対する理性的な比較検討（システム2の思考）を一時的に麻痺させ、ポジティブな感情の勢いそのままに商品をカゴに入れさせる「衝動買い（Impulse Buying：システム1の駆動）」の強力なトリガーとなることが実証されています。,「視覚的ダジャレ」を用いたパッケージデザインは、まさに店頭で展開される「マルチモーダル化された無言のなぞかけ」です。例えば、ひらめきをサポートするエナジー飲料のパッケージに、「電球のフィラメント（A）」が「脳のシワ（B）」の形になっている絶妙なだまし絵が描かれているとします。消費者はこのパッケージを見た瞬間、視覚的な謎解きに参加させられます。「『電球』とかけて『脳（アイデア）』と解く。その心は『どちらも、メイアン（明暗／名案）が浮かぶでしょう（C）』」という無意識のなぞかけが脳内で完了し、その「なるほど！」というカタルシスを得た瞬間に、商品は単なる飲料から「自分の知性を喜ばせてくれたエンターテインメント作品」へと価値を変えます。なぞかけの持つ「解決の快感」をグラフィックデザインの領域へと翻訳することは、パッケージを最強の無言のセールスマンにするための視覚的ハッキングなのです。,McQuarrie & Mickによる「広告における視覚的修辞（Visual Rhetoric in Advertising）」、およびニューロマーケティングにおける「アハ体験（Aha! Moment）」と購買意思決定プロセス（衝動買い）の脳科学的相関,1999年（McQuarrie & Mickの視覚的修辞の体系化）以降、2010年代のニューロマーケティングの発展,Edward F. McQuarrie & David Glen Mick（消費者行動学者）、および行動経済学・ニューロマーケティングの研究者群
"大分類 IV：応用・総合科学（Applied Sciences, Education, Services）",言葉遊びの知見を、教育実践、社会福祉、ビジネスデザインへと応用する実学領域。,第20章 経営学・広告論（Business Administration and Advertising）,20.16,営業のセールストークにおけるアイスブレイクとしての笑いと成約率,BtoB（企業間取引）や高額商材の営業において、最初の数分間で行われる「アイスブレイク」は、その後の商談の成約率を大きく左右します。対人コミュニケーションや営業心理学の研究によれば、初対面の顧客は警戒心（防御壁）を高く設定していますが、営業担当者が商談の冒頭で適切な「親和的ユーモア」を用いて顧客を笑わせることに成功すると、ロバート・チャルディーニの「好意の法則（人は自分を心地よくさせてくれる人に従いやすい）」が発動します。笑いは脳内のオキシトシン（信頼ホルモン）の分泌を促し、両者の間に「敵（売り手と買い手）」ではなく「味方（共同作業者）」というラポール（信頼関係）を構築します。ユーモアによって心理的障壁が解除された顧客は、その後の製品説明に対しても反論（クリティカルな質問）を控えめにする傾向があり、結果として成約率（クロージング率）が有意に向上することが定量的に証明されています。,初対面の商談において、顧客の業界や特産品をお題にした「オーダーメイドのなぞかけ」を名刺交換の直後に披露することは、極めて難易度が高い一方で、最強のアイスブレイク・ツールとなります。例えば、精密機械メーカーの社長に対し、「『御社の精密部品（A）』とかけて、『一流のオーケストラ（B）』と解く。その心は『どちらも、ミリ単位のカンカク（間隔／感覚）が全体の美しい調和を生み出します（C）』」と挨拶します。このなぞかけが成功すれば、顧客は「この営業マンは自分の業界を事前に調べ、さらに知的な機知まで持ち合わせている」と、一瞬で担当者の「準備力」と「知性」を高く評価します。なぞかけは、単に場を和ませるだけでなく、営業担当者のビジネスパーソンとしての有能さ（コンピテンス）をたった数秒で証明し、その後の商談を圧倒的に有利に進めるための極めて高度なセールス・レトリックなのです。,ロバート・チャルディーニによる「影響力の武器（Influence: The Psychology of Persuasion）」における好意の法則（Liking）、およびBtoBセールスにおけるラポール構築（Rapport Building）とユーモアの対人魅力（Interpersonal Attraction）に関する実証研究,1984年（チャルディーニの著作出版）以降の営業心理学・交渉学の蓄積,Robert B. Cialdini（ロバート・チャルディーニ / 社会心理学者）、およびコミュニケーション学・交渉学の研究者群
"大分類 IV：応用・総合科学（Applied Sciences, Education, Services）",言葉遊びの知見を、教育実践、社会福祉、ビジネスデザインへと応用する実学領域。,第20章 経営学・広告論（Business Administration and Advertising）,20.17,戦略フレームワーク説明に用いられる比喩の有効性,経営戦略や組織変革のビジョンは、往々にして抽象的で複雑な概念の集合体となります。野中郁次郎らの「知識創造理論（SECIモデル）」によれば、組織内で暗黙知（個人の経験や勘）を形式知（誰もが共有できる概念）へと変換する「表出化（Externalization）」のプロセスにおいて、「メタファー（比喩）」の使用が極めて重要な役割を果たします。「ブルーオーシャン（競争のない未開拓市場）」や「キャッシュカウ（金のなる木）」といった優れた比喩は、複雑なビジネスモデルを日常的な事象に置き換えることで、組織内のメンバーの認知的負荷を劇的に下げます。メタファーは単なるレトリックではなく、異なる部門や背景を持つ社員の脳内に「共通のメンタルモデル（イメージ）」を瞬時に構築し、戦略への理解と実行スピードを加速させる強力なマネジメント・ツールであることが実証されています。,優れた戦略的メタファーを生み出す思考プロセスは、経営課題をお題とした「なぞかけ」の作成そのものです。優れたリーダーは、「『自社の新規サブスク事業（A）』とかけて『人工衛星（B）』と解く。その心は『どちらも、最初は膨大なエネルギーが必要ですが、一度キドウ（事業の起動／衛星の軌道）に乗れば安定して回り続けるでしょう（C）』」というなぞかけ的構造を脳内で構築します。この「C（共通のメカニズム）」を抽出する力こそが、戦略の核心を突く力です。なぞかけのフォーマットを用いることで、経営陣は自社の複雑で無味乾燥な戦略を「誰もが直感的に腹落ちする（アハ体験を伴う）美しい言葉」へと圧縮する訓練ができ、巨大な組織を同じ方向へ力強く牽引するビジョナリーな言語能力を磨くことができるのです。,野中郁次郎と竹内弘高による「知識創造企業（The Knowledge-Creating Company）」におけるSECIモデルとメタファーの役割、およびW.チャン・キムらによる「ブルーオーシャン戦略（Blue Ocean Strategy）」などの戦略的レトリック,1995年（『知識創造企業』出版）、2005年（『ブルーオーシャン戦略』出版）,野中郁次郎＆竹内弘高（経営学者）、W. Chan Kim & Ren?e Mauborgne（経営戦略論学者）
"大分類 IV：応用・総合科学（Applied Sciences, Education, Services）",言葉遊びの知見を、教育実践、社会福祉、ビジネスデザインへと応用する実学領域。,第20章 経営学・広告論（Business Administration and Advertising）,20.18,行動経済学のナッジ理論に基づく遊び心を用いた公共マナー向上策,行動経済学における「ナッジ（Nudge：ひじで軽く突く）」とは、強制や罰則を用いることなく、人々の行動をより良い方向（公共の利益や健康）へと自発的に誘導するアーキテクチャ設計を指します。特に、フォルクスワーゲン社が提唱した「ファン・セオリー（楽しさの理論）」などの研究では、公共の場に「ユーモア」や「遊び心（ゲーム性）」を取り入れることが、人間の行動変容に極めて有効であることが証明されています。例えば、ゴミ箱に「深い穴に落ちる効果音」を仕掛けたり、男性用小便器に「ハエの絵（的）」を描いたりすることで、人々は「ルールだから従う（心理的リアクタンス・反発を生む）」ではなく、「面白いから自ら進んで参加する」ようになります。遊び心を用いたナッジは、人間の認知的なクセ（楽しさに惹かれる性質）を利用した、最も低コストで摩擦の少ない社会デザインの手法なのです。,なぞかけは、言葉を用いた「認知的ナッジ」として公共空間のポスターや標語に絶大な効果を発揮します。単に「歩きスマホはやめましょう」と命令・禁止する代わりに、「『歩きスマホ（A）』とかけて『古い牛乳（B）』と解く。その心は『どちらも、アタル（人に衝突する／お腹を壊す）と大惨事になります（C）』」といったなぞかけポスターを駅に掲示します。通行人はこの知的なパズルを解こうと一瞬立ち止まり、オチに納得した瞬間、歩きスマホの危険性を「他人からの説教（強制）」として反発するのではなく、「自らの知性で導き出した真理（自己説得）」として深く内面化します。なぞかけの持つ「解決の快感（アハ体験）」は、人々の行動を強制力なく正しいマナーへと誘導する、極めて洗練された言語的ナッジとして機能するのです。,リチャード・セイラーとキャス・サンスティーンによる「ナッジ（Nudge）」理論、フォルクスワーゲン社による「The Fun Theory（楽しさの理論）」の実証実験、および行動公共政策（Behavioral Public Policy）,2008年（『Nudge』出版）、2009年（The Fun Theoryキャンペーン）,Richard H. Thaler（リチャード・セイラー / ノーベル経済学賞受賞者）、Cass R. Sunstein（キャス・サンスティーン / 法学者）
"大分類 IV：応用・総合科学（Applied Sciences, Education, Services）",言葉遊びの知見を、教育実践、社会福祉、ビジネスデザインへと応用する実学領域。,第20章 経営学・広告論（Business Administration and Advertising）,20.19,異業種コラボレーションにおける両者のアセットを掛け合わせた「見立て」の企画,オープンイノベーションやブランド・アライアンス（コ・ブランディング）の戦略において、全く異なる業界の企業同士がコラボレーションする際、成功の鍵となるのは「両者のアセット（資産）をどう違和感なく、かつ驚きをもって統合するか」です。マーケティング研究によれば、単にロゴを並べるだけの表面的なコラボは消費者にすぐに飽きられます。しかし、両者の機能的・情緒的な本質を抽出し、深く結びつける「見立て（メタファー的結合）」の企画は別です。異質なブランド同士が、背後にある「構造的な類似性」で美しく結びついたとき、両者のブランド価値を毀損することなく、相互の顧客層に「なるほど、その手があったか」という強烈な相乗効果（スピルオーバー効果）とプレミアム感をもたらすことが実証されています。,異業種コラボレーションの企画立案は、まさに企業レベルで行われる「壮大ななぞかけ」です。コラボする自社を「お題（A）」、他社を「解き（B）」と設定したとき、両者を結びつける「掛詞＝コンセプト（C）」が弱ければ、そのプロジェクトはただの話題作りで終わります。しかし、例えば「『老舗の和菓子メーカー（A）』とかけて『最新のスポーツウェア・ブランド（B）』と解く。その心は『どちらも、最高のキジ（菓子の生地／衣服の生地）で勝負します（C）』」というように、AとBの深層にある技術やこだわりの共通点を見事にすくい上げたとき、消費者は「全く違う業種なのに、本質は完全に一致している！」と膝を打ちます。なぞかけの思考フレームワークは、異業種が持つ全く異なるビジネスモデルの間に「美しくて強固な意味の架け橋」を構築するための、最もシンプルで強力な企画設計図なのです。,ヘンリー・チェスブロウによる「オープンイノベーション（Open Innovation）」、Simonin & Ruthらによる「ブランド・アライアンス（Brand Alliances / Co-branding）」が消費者態度に与えるスピルオーバー効果（波及効果）の研究,2003年（チェスブロウの著作出版）、1998年（Simonin & Ruthのコ・ブランディング研究）,Henry Chesbrough（ヘンリー・チェスブロウ / 経営学者）、Bernard L. Simonin & Julie A. Ruth（マーケティング学者）
"大分類 IV：応用・総合科学（Applied Sciences, Education, Services）",言葉遊びの知見を、教育実践、社会福祉、ビジネスデザインへと応用する実学領域。,第20章 経営学・広告論（Business Administration and Advertising）,20.20,メディアミックス戦略におけるお笑い・言語遊戯IPの多面展開,現代のエンターテインメント・ビジネスにおける主流は、一つの知的財産（IP）をアニメ、ゲーム、書籍、グッズなど多メディアへ展開する「メディアミックス（Transmedia Storytelling）」戦略です。ヘンリー・ジェンキンスらのメディア論によれば、メディアミックスが成功するIPの条件は、単一のストーリーが完結していることではなく、「世界観（ルール）」が強固であり、ファン自身が二次創作（UGC）や参加を楽しめる「拡張性（ドリルダウン可能性）」を持っていることです。お笑いや言語遊戯のIPは、キャラクターの属人性に頼る部分もありますが、「独自の笑いのルール（システム）」自体をフォーマットとして抽出（フランチャイズ化）しやすいため、カードゲーム化、教育用アプリ化、クイズ番組のフォーマット販売など、非常にスケーラブル（拡張可能）で利益率の高い多面展開が可能であることが証明されています。,なぞかけは、日本古来の最強の「オープンソース型・フォーマットIP」です。なぞかけの「AとかけてBと解く、その心はC」というメカニズムは、それ自体が完成された強固なゲームエンジンとして機能します。このIPをトランスメディア展開する場合、テレビの演芸番組を出発点として、「なぞかけ絵本（出版）」「AIなぞかけ対戦アプリ（デジタル技術との融合）」「お題カードと掛詞カードを組み合わせるボードゲーム（玩具）」など、プラットフォームに合わせて無限に形を変えることができます。さらに、消費者が自らコンテンツを生成する（お題を投稿し合う）エコシステムを容易に構築できるため、IPホルダーは膨大な制作費をかけずとも、ユーザーのコミュニティ活動を通じてコンテンツの寿命を半永久的に伸ばし続けることができます。なぞかけは、論理とユーモアという普遍的な人間の欲求を満たす、究極のサステナブルなコンテンツ・フォーマットなのです。,ヘンリー・ジェンキンスによる「コンバージェンス・カルチャー（Convergence Culture）」および「トランスメディア・ストーリーテリング（Transmedia Storytelling）」の理論、ならびにコンテンツ産業におけるフォーマット権（Format Rights）ビジネスの研究,2006年（ジェンキンスの著作出版）以降のコンテンツ・ビジネス研究,Henry Jenkins（ヘンリー・ジェンキンス / メディア学者）、および日本型メディアミックスのビジネスモデル研究者群
,,,,,,,,,
,,,,,,,,,
,,,,,,,,,
,,,,,,,,,
,,,,,,,,,
,,,,,,,,,
,,,,,,,,,
,,,,,,,,,
,,,,,,,,,
,,,,,,,,,
,,,,,,,,,
,,,,,,,,,
,,,,,,,,,
,,,,,,,,,
,,,,,,,,,
,,,,,,,,,
,,,,,,,,,
,,,,,,,,,
,,,,,,,,,
,,,,,,,,,
,,,,,,,,,
,,,,,,,,,
,,,,,,,,,
,,,,,,,,,
,,,,,,,,,
,,,,,,,,,
,,,,,,,,,
,,,,,,,,,
,,,,,,,,,
,,,,,,,,,
,,,,,,,,,
,,,,,,,,,
,,,,,,,,,
,,,,,,,,,
,,,,,,,,,
,,,,,,,,,
,,,,,,,,,
,,,,,,,,,
,,,,,,,,,
,,,,,,,,,
,,,,,,,,,
,,,,,,,,,
,,,,,,,,,
,,,,,,,,,
,,,,,,,,,
,,,,,,,,,
,,,,,,,,,
,,,,,,,,,
,,,,,,,,,
,,,,,,,,,
,,,,,,,,,
,,,,,,,,,
,,,,,,,,,
,,,,,,,,,
,,,,,,,,,
,,,,,,,,,
,,,,,,,,,
,,,,,,,,,
,,,,,,,,,
,,,,,,,,,
,,,,,,,,,
,,,,,,,,,
,,,,,,,,,
,,,,,,,,,
,,,,,,,,,
,,,,,,,,,
,,,,,,,,,
,,,,,,,,,
,,,,,,,,,
,,,,,,,,,
,,,,,,,,,
,,,,,,,,,
,,,,,,,,,
,,,,,,,,,
,,,,,,,,,
,,,,,,,,,
,,,,,,,,,
,,,,,,,,,
,,,,,,,,,
,,,,,,,,,
,,,,,,,,,
,,,,,,,,,
,,,,,,,,,
,,,,,,,,,
,,,,,,,,,
,,,,,,,,,
,,,,,,,,,
,,,,,,,,,
,,,,,,,,,
,,,,,,,,,
,,,,,,,,,
,,,,,,,,,
,,,,,,,,,
,,,,,,,,,
,,,,,,,,,
,,,,,,,,,
,,,,,,,,,
,,,,,,,,,
,,,,,,,,,
,,,,,,,,,
,,,,,,,,,
,,,,,,,,,
,,,,,,,,,
,,,,,,,,,
,,,,,,,,,
,,,,,,,,,
,,,,,,,,,
,,,,,,,,,
,,,,,,,,,
,,,,,,,,,
,,,,,,,,,
,,,,,,,,,
,,,,,,,,,
,,,,,,,,,
,,,,,,,,,
,,,,,,,,,
,,,,,,,,,
,,,,,,,,,
,,,,,,,,,
,,,,,,,,,
,,,,,,,,,
,,,,,,,,,
,,,,,,,,,
,,,,,,,,,
,,,,,,,,,
,,,,,,,,,
,,,,,,,,,
,,,,,,,,,
,,,,,,,,,
,,,,,,,,,
,,,,,,,,,
,,,,,,,,,
,,,,,,,,,
,,,,,,,,,
,,,,,,,,,
,,,,,,,,,
,,,,,,,,,
,,,,,,,,,
,,,,,,,,,
,,,,,,,,,
,,,,,,,,,
,,,,,,,,,
,,,,,,,,,
,,,,,,,,,
,,,,,,,,,
,,,,,,,,,
,,,,,,,,,
,,,,,,,,,
,,,,,,,,,
,,,,,,,,,
,,,,,,,,,
,,,,,,,,,
,,,,,,,,,
,,,,,,,,,
,,,,,,,,,
,,,,,,,,,
,,,,,,,,,
,,,,,,,,,
,,,,,,,,,
,,,,,,,,,
,,,,,,,,,
,,,,,,,,,
,,,,,,,,,
,,,,,,,,,
,,,,,,,,,
,,,,,,,,,
,,,,,,,,,
,,,,,,,,,
,,,,,,,,,
,,,,,,,,,
,,,,,,,,,
,,,,,,,,,
,,,,,,,,,
,,,,,,,,,
,,,,,,,,,
,,,,,,,,,
,,,,,,,,,
,,,,,,,,,
,,,,,,,,,
,,,,,,,,,
,,,,,,,,,
,,,,,,,,,
,,,,,,,,,
,,,,,,,,,
,,,,,,,,,
,,,,,,,,,
,,,,,,,,,
,,,,,,,,,
,,,,,,,,,
,,,,,,,,,
,,,,,,,,,
,,,,,,,,,
,,,,,,,,,
,,,,,,,,,
,,,,,,,,,
,,,,,,,,,
,,,,,,,,,
,,,,,,,,,
,,,,,,,,,
,,,,,,,,,
,,,,,,,,,
,,,,,,,,,
,,,,,,,,,
,,,,,,,,,
,,,,,,,,,
,,,,,,,,,
,,,,,,,,,
,,,,,,,,,
,,,,,,,,,
,,,,,,,,,
,,,,,,,,,
,,,,,,,,,
,,,,,,,,,
,,,,,,,,,
,,,,,,,,,
,,,,,,,,,
,,,,,,,,,
,,,,,,,,,
,,,,,,,,,
,,,,,,,,,
,,,,,,,,,
,,,,,,,,,
,,,,,,,,,
,,,,,,,,,
,,,,,,,,,
,,,,,,,,,
,,,,,,,,,
,,,,,,,,,
,,,,,,,,,
,,,,,,,,,
,,,,,,,,,
,,,,,,,,,
,,,,,,,,,
,,,,,,,,,
,,,,,,,,,
,,,,,,,,,
,,,,,,,,,
,,,,,,,,,
,,,,,,,,,
,,,,,,,,,
,,,,,,,,,
,,,,,,,,,
,,,,,,,,,
,,,,,,,,,
,,,,,,,,,
,,,,,,,,,
,,,,,,,,,
,,,,,,,,,
,,,,,,,,,
,,,,,,,,,
,,,,,,,,,
,,,,,,,,,
,,,,,,,,,
,,,,,,,,,
,,,,,,,,,
,,,,,,,,,
,,,,,,,,,
,,,,,,,,,
,,,,,,,,,
,,,,,,,,,
,,,,,,,,,
,,,,,,,,,
,,,,,,,,,
,,,,,,,,,
,,,,,,,,,
,,,,,,,,,
,,,,,,,,,
,,,,,,,,,
,,,,,,,,,
,,,,,,,,,
,,,,,,,,,
,,,,,,,,,
,,,,,,,,,
,,,,,,,,,
,,,,,,,,,
,,,,,,,,,
,,,,,,,,,
,,,,,,,,,
,,,,,,,,,
,,,,,,,,,
,,,,,,,,,
,,,,,,,,,
,,,,,,,,,
,,,,,,,,,
,,,,,,,,,
,,,,,,,,,
,,,,,,,,,
,,,,,,,,,
,,,,,,,,,
,,,,,,,,,
,,,,,,,,,
,,,,,,,,,
,,,,,,,,,
,,,,,,,,,
,,,,,,,,,
,,,,,,,,,
,,,,,,,,,
,,,,,,,,,
,,,,,,,,,
,,,,,,,,,
,,,,,,,,,
,,,,,,,,,
,,,,,,,,,
,,,,,,,,,
,,,,,,,,,
,,,,,,,,,
,,,,,,,,,
,,,,,,,,,
,,,,,,,,,
,,,,,,,,,
,,,,,,,,,
,,,,,,,,,
,,,,,,,,,
,,,,,,,,,
,,,,,,,,,
,,,,,,,,,
,,,,,,,,,
,,,,,,,,,
,,,,,,,,,
,,,,,,,,,
,,,,,,,,,
,,,,,,,,,
,,,,,,,,,
,,,,,,,,,
,,,,,,,,,
,,,,,,,,,
,,,,,,,,,
,,,,,,,,,
,,,,,,,,,
,,,,,,,,,
,,,,,,,,,
,,,,,,,,,
,,,,,,,,,
,,,,,,,,,
,,,,,,,,,
,,,,,,,,,
,,,,,,,,,
,,,,,,,,,
,,,,,,,,,
,,,,,,,,,
,,,,,,,,,
,,,,,,,,,
,,,,,,,,,
,,,,,,,,,
,,,,,,,,,
,,,,,,,,,
,,,,,,,,,
,,,,,,,,,
,,,,,,,,,
,,,,,,,,,
,,,,,,,,,
,,,,,,,,,
,,,,,,,,,
,,,,,,,,,
,,,,,,,,,
,,,,,,,,,
,,,,,,,,,
,,,,,,,,,
,,,,,,,,,
,,,,,,,,,
,,,,,,,,,
,,,,,,,,,
,,,,,,,,,
,,,,,,,,,
,,,,,,,,,
,,,,,,,,,
,,,,,,,,,
,,,,,,,,,
,,,,,,,,,
,,,,,,,,,
,,,,,,,,,
,,,,,,,,,
,,,,,,,,,
,,,,,,,,,
,,,,,,,,,
,,,,,,,,,
,,,,,,,,,
,,,,,,,,,
,,,,,,,,,
,,,,,,,,,
,,,,,,,,,
,,,,,,,,,
,,,,,,,,,
,,,,,,,,,
,,,,,,,,,
,,,,,,,,,
,,,,,,,,,
,,,,,,,,,
,,,,,,,,,
,,,,,,,,,
,,,,,,,,,
,,,,,,,,,
,,,,,,,,,
,,,,,,,,,
,,,,,,,,,
,,,,,,,,,
,,,,,,,,,
,,,,,,,,,
,,,,,,,,,
,,,,,,,,,
,,,,,,,,,
,,,,,,,,,
,,,,,,,,,
,,,,,,,,,
,,,,,,,,,
,,,,,,,,,
,,,,,,,,,
,,,,,,,,,
,,,,,,,,,
,,,,,,,,,
,,,,,,,,,
,,,,,,,,,
,,,,,,,,,
,,,,,,,,,
,,,,,,,,,
,,,,,,,,,
,,,,,,,,,
,,,,,,,,,
,,,,,,,,,
,,,,,,,,,
,,,,,,,,,
,,,,,,,,,
,,,,,,,,,
,,,,,,,,,
,,,,,,,,,
,,,,,,,,,
,,,,,,,,,
,,,,,,,,,
,,,,,,,,,
,,,,,,,,,
,,,,,,,,,
,,,,,,,,,
,,,,,,,,,
,,,,,,,,,
,,,,,,,,,
,,,,,,,,,
,,,,,,,,,
,,,,,,,,,
,,,,,,,,,
,,,,,,,,,
,,,,,,,,,
,,,,,,,,,
,,,,,,,,,
,,,,,,,,,
,,,,,,,,,
,,,,,,,,,
,,,,,,,,,
,,,,,,,,,
,,,,,,,,,
,,,,,,,,,
,,,,,,,,,
,,,,,,,,,
,,,,,,,,,
,,,,,,,,,
,,,,,,,,,
,,,,,,,,,
,,,,,,,,,
,,,,,,,,,
,,,,,,,,,
,,,,,,,,,
,,,,,,,,,
,,,,,,,,,
,,,,,,,,,
,,,,,,,,,
,,,,,,,,,
,,,,,,,,,
,,,,,,,,,
,,,,,,,,,
,,,,,,,,,
,,,,,,,,,
,,,,,,,,,
,,,,,,,,,
,,,,,,,,,
,,,,,,,,,
,,,,,,,,,
,,,,,,,,,
,,,,,,,,,
,,,,,,,,,
,,,,,,,,,
,,,,,,,,,
,,,,,,,,,
,,,,,,,,,
,,,,,,,,,
,,,,,,,,,
,,,,,,,,,
,,,,,,,,,
,,,,,,,,,
,,,,,,,,,
,,,,,,,,,
,,,,,,,,,
,,,,,,,,,
,,,,,,,,,
,,,,,,,,,
,,,,,,,,,
,,,,,,,,,
,,,,,,,,,
,,,,,,,,,
,,,,,,,,,
,,,,,,,,,
,,,,,,,,,
,,,,,,,,,
,,,,,,,,,
,,,,,,,,,
,,,,,,,,,
,,,,,,,,,
,,,,,,,,,
,,,,,,,,,
,,,,,,,,,
,,,,,,,,,
,,,,,,,,,
,,,,,,,,,
,,,,,,,,,
,,,,,,,,,
,,,,,,,,,
,,,,,,,,,
,,,,,,,,,
,,,,,,,,,
,,,,,,,,,
,,,,,,,,,
,,,,,,,,,
,,,,,,,,,
,,,,,,,,,
,,,,,,,,,
,,,,,,,,,
,,,,,,,,,
,,,,,,,,,
,,,,,,,,,
,,,,,,,,,
,,,,,,,,,
,,,,,,,,,
,,,,,,,,,
,,,,,,,,,
,,,,,,,,,
,,,,,,,,,
,,,,,,,,,
,,,,,,,,,
,,,,,,,,,
,,,,,,,,,
,,,,,,,,,
,,,,,,,,,
,,,,,,,,,
,,,,,,,,,
,,,,,,,,,
,,,,,,,,,
,,,,,,,,,
,,,,,,,,,
,,,,,,,,,
,,,,,,,,,
,,,,,,,,,
,,,,,,,,,
,,,,,,,,,
,,,,,,,,,
,,,,,,,,,
,,,,,,,,,
,,,,,,,,,
,,,,,,,,,
,,,,,,,,,
,,,,,,,,,
,,,,,,,,,
,,,,,,,,,
,,,,,,,,,
,,,,,,,,,
,,,,,,,,,
,,,,,,,,,
,,,,,,,,,
,,,,,,,,,
,,,,,,,,,
,,,,,,,,,
,,,,,,,,,
,,,,,,,,,
,,,,,,,,,
,,,,,,,,,
,,,,,,,,,
,,,,,,,,,
,,,,,,,,,
,,,,,,,,,
,,,,,,,,,
,,,,,,,,,
,,,,,,,,,
,,,,,,,,,
