象限,対象国,類型,事象・噂の名称,実践内容・信じられている内容,社会的機能,心理的効果,[事実確認]学術的背景・反証,事例1：状況,事例1：表現,事例1：分析,事例2：状況,事例2：表現,事例2：分析,事例3：状況,事例3：表現,事例3：分析
第1象限（秩序と伝達）,日本,【都市伝説】,謎のビジネスマナーと失礼クリエイター,「『了解しました』は目上に使ってはならない」「『ご苦労様』は失礼」など、伝統的ではないルールが絶対の礼儀として信じられている。,マナー講師等の権威付けと、社内・取引先における明確な上下関係の確認・維持。,「失礼にあたるのではないか」という不安を煽り、同調圧力への服従を促す。,[反証]「了解」が失礼というルールは2000年代以降に一部のマナー講師が提唱した新語・偽ルールであり、国語学的な根拠や歴史的背景は存在しない。,取引先からのメールへの返信,「『了解しました』ではなく『承知いたしました』を使わなければならない」,本来フラットな意味の言葉に人為的な上下関係を付与し、マウントの道具としている。,目上の人をねぎらう時,「『ご苦労様です』は失礼なので『お疲れ様です』と言わなければならない」,江戸～昭和初期までは目下から目上へも使われていたが、軍隊用語等の影響で近年ルールが捏造・固定化された。,社内メールの書き出し,「初めての相手でも『いつもお世話になっております』から始める」,実態を伴わない形骸化した挨拶だが、秩序を守るための「呪文」として機能している。
第2象限（共感と審美）,日本,【都市伝説】,「ありがとう」ポルトガル語起源説,日本語の「ありがとう」は、大航海時代に来日した宣教師が使ったポルトガル語の「オブリガード（Obrigado）」が語源であるという噂。,異文化交流のロマンを演出し、雑学として仲間内で共有・消費する。,遠い異国との歴史的な繋がりを感じ、アハ体験と知的な連帯感を得る。,[反証]「有難し（ありがたし）」は8世紀の『万葉集』や『枕草子』にも記されており、16世紀のポルトガル人来航より遥か昔から存在する。完全な民間語源（偶然の類似）である。,友人同士で雑学を語り合う時,「ありがとうの語源って、実はポルトガル語のオブリガードなんだよ」,発音が似ているという直感的なわかりやすさが、デマの拡散力を高めている。,歴史や国際交流に思いを馳せる時,「宣教師が日本人に感謝を伝えた言葉が定着した」というストーリーとして語る。,事実よりも「ロマンチックな物語」の方が人間の共感を呼びやすいことを示している。,ネット掲示板やSNSでの披露,「日本古来の言葉だと思っていたのに衝撃！」と同調する。,正しい知識よりも、驚きという感情を共有するツールとして消費されている。
第3象限（論争と闘争）,日本,【事実】,ネット政治におけるレッテル貼りと分断語彙,相手の主張を論破・無効化するために、「ネトウヨ」「パヨク」「老害」などの単純化したラベリングを行う。,複雑な政治的議論をショートカットし、敵味方を明確に分けて味方陣営の結束を固める。,相手を「対話の余地のない愚者」と見なすことで、優越感と安心感を得る。,[背景]匿名掲示板の文化から発展。アルゴリズムによるエコーチェンバー現象と相まって、極端な他者排除の言語実践が社会に定着した。,左派的・リベラルな意見を攻撃する時,「これだからパヨクは」「反日」,特定の不祥事や言葉を掛け合わせた侮蔑語により、相手の主張を道徳的に貶める。,右派的・保守的な意見を攻撃する時,「ネトウヨの妄想」「冷笑系」,知性が低い、または感情的であるという前提を置き、まともな議論の対象から外す。,高齢者の発言や価値観を非難する時,「老害は黙ってろ」「アップデートできてない」,年齢という変えられない属性を攻撃の対象にし、世代間の断絶を決定的なものにする。
第4象限（対立の遊戯的昇華）,日本,【事実】,サラリーマン川柳によるルサンチマンの昇華,職場の理不尽、上司への不満、家庭での肩身の狭さを5・7・5のユーモアに変換して詠み上げる。,直接言えない不満を「笑い」に変換することで、組織や家庭内の致命的な対立を回避するガス抜き。,自虐的な笑いを多数の人と共有することで、「辛いのは自分だけではない」というカタルシスを得る。,[背景]日本社会特有の終身雇用・年功序列の中で、下克上を行わず体制に従順なままストレスを緩和する文化的装置。,ITに疎い上司に振り回された時,「パスワード 探して今日も 日が暮れる」,上司の無能さを直接非難せず、ユーモラスな情景として描写することで怒りを中和する。,家庭内での立場の弱さを嘆く時,「小遣いが 減って家計が 潤った」,大黒柱でありながら発言権がないという構造的矛盾を、見事な論理の逆転で笑い飛ばす。,部下や若手社員とのジェネレーションギャップ,「『やれ』と言う こいつがやれば いいのにな」,指示を出す側・出される側の永遠の平行線を、短い文字数で鮮やかに切り取っている。
第1象限（秩序と伝達）,中国,【事実】,親族呼称の社会的拡張（虚構の血縁）,血の繋がっていない他者に対しても「叔叔（おじ）」「阿姨（おば）」「哥（兄）」などの親族呼称を用いる。,儒教的な長幼の序を社会全体に適用し、円滑な人間関係と擬似的な共同体意識を構築する。,相手に敬意と親密さを同時に伝えることで、警戒心を解き、要求を通しやすくする。,[背景]中国社会における「関係（グアンシー）」重視の文化に基づく。見知らぬ他者を「家族の枠組み」に組み込むことで、敵対を避け協調を引き出す社会言語学的手法。,飲食店や街角で年上の女性に話しかける時,「阿姨（アーイー）、道を教えてください」,単なる「あなた」ではなく、目上の親族として扱うことで、無下に断られない心理的状況を作る。,職場で少し年上の男性の先輩を呼ぶ時,「〇〇哥（グァ）」と名前の後に付ける。,公式な役職名よりも親しみを込めつつ、確実に「あなたの方が上だ」というヒエラルキーを保証する。,子供に親の友人や近所の人を挨拶させる時,「叔叔（シュシュ）に挨拶しなさい」,幼少期から、年齢に基づいた社会的秩序（儒教的ヒエラルキー）を言語を通じて身体化させる。
第2象限（共感と審美）,中国,【事実】,数字とアルファベットによる諧音（同音異義）スラング,「520」「YYDS」「88」など、発音の類似やピンインの頭文字を利用したネットスラングを使用する。,デジタル空間での高速なコミュニケーションを実現し、若者特有の暗号として連帯感を生む。,タイピングの労力を減らしつつ、感情をポップに表現することで、仲間内での親密さを高める。,[背景]中国語は同音異義語が非常に多い言語的特徴を持つ。また、検閲システムやピンイン入力の普及が、独自の文字遊び文化を爆発的に発展させた。,恋人や推しのアイドルに愛を伝える時,「520（ウーアルリン）」とメッセージを送る。,「我愛?（ウォアイニー）」と発音が似ているため。直接的な愛の表現を避けつつ、ロマンチックに伝える。,素晴らしいものや人を極限まで褒め称える時,「YYDS（永遠的神）」とコメントする。,「Ying Yuan De Shen」の頭文字。大げさな表現をアルファベットに圧縮することで、ネット特有のノリを生み出す。,チャットを終えて別れを告げる時,「88（バーバー）」と打つ。,「拝拝（バイバイ）」の諧音。単なるさよならよりも軽快で、デジタルネイティブ世代の標準的な挨拶。
第3象限（論争と闘争）,中国,【事実】,ネットナショナリズムの攻撃語彙とキャンセルカルチャー,「辱華」「漢奸」「慕洋犬」など、愛国心を基準にして他者を激しく非難・攻撃する言葉。,ネット上での愛国的正当性を競い合い、少しでも異論を持つ者を社会的に抹殺（キャンセル）する。,「国家を守る正義の味方」として振る舞うことで、現実社会での不満を解消し、強烈な万能感を得る。,[背景]愛国主義教育の浸透と若いナショナリストの台頭。当局の検閲基準と合致するため、この種の攻撃語彙は放置・拡散されやすい。,海外ブランドや芸能人が中国の逆鱗に触れた時,「これは『辱華（中国を侮辱する）』行為だ、不買しろ！」,個別の事象を直ちに「国家への攻撃」にすり替え、集団ヒステリーを正当化するマジックワード。,親欧米的な発言をした国内の知識人を攻撃する時,「この『慕洋犬（外国を慕う犬）』め」,相手を「人間以下の犬」に喩えることで道徳的なタガを外し、容赦ない個人攻撃を可能にする。,歴史認識や政策に少しでも疑問を呈した者に対して,「お前は『漢奸（売国奴）』だ」,日中戦争時などに使われた極めて重い裏切り者のレッテルを安易に使用し、相手の社会的な発言権を完全に奪う。
第4象限（対立の遊戯的昇華）,中国,【事実】,検閲回避のバクロニム・神獣スラング,「草泥馬」「河蟹」「趙家人」など、政府の検閲対象となる言葉を、同音の架空の動物や文学の引用に置き換えて体制を揶揄する。,言論統制に対する市民のささやかな抵抗であり、検閲システム（AIや人力）の裏をかく知的な言葉遊び。,直接的な批判が不可能な社会において、権力を笑い飛ばすことで絶望感をユーモアに昇華させる。,[背景]厳しいネット検閲への対抗手段。社会学的には「弱者の武器（ジェームズ・スコット）」の一形態として分析される。,ネット上で激しい怒りや罵倒を表現したい時,「草泥馬（ツァオニーマー）」という架空のアルパカの画像を貼る。,「??媽（お前の母ちゃんを犯す）」の諧音。下品な言葉や怒りを、可愛い動物の皮を被せて発信する。,自分の投稿が運営や政府によって削除された時,「私の記事が『河蟹（フーシエ）』された」,政府のスローガン「和諧社会」の諧音。弾圧を「カニに食べられた」と表現し、皮肉る。,絶対に批判できない共産党の特権階級を指す時,「彼らは『趙家人（チャオ族）』だから」,魯迅の小説『阿Q正伝』に登場する地主の名字を引用。検閲システムに引っかからずに権力構造の腐敗を批判する。
第1象限（秩序と伝達）,韓国,【事実】,圧迫的絶対敬語と年齢マウント,たとえ1歳差であっても「ヒョン（兄）」「オンニ（姉）」の呼称を強要し、モノに対してまで過剰な敬語を使用する。,強固な儒教的ヒエラルキーを日常のすべての人間関係に適用し、絶対的な上下関係を明確にする。,上位者は敬われることで権力を実感し、下位者は常に自分の立場をわきまえるよう心理的に服従させられる。,[背景]朝鮮時代の身分制度と儒教思想が、現代の軍隊文化や苛烈な競争社会と結びつき、言語的な序列付けが固定化したもの。,初対面の人間同士が自己紹介をする時,出会って数分で「何年生まれですか？（? ??????）」と聞く。,年齢によってタメ口か敬語かを決定し、直ちに権力関係を確定させる儀式。,カフェやデパートの店員が客に対応する時,「コーヒーが出られました（?? ??????）」と言う。,客の提供物に対してまで主体尊敬語を使うことで、客への服従を表現する（文法的には誤りだが広く定着）。,大学のサークルなどで1つ上の先輩と話す時,絶対に「ヒョン（兄）」「先輩」と呼び、逆らうことは許されない。,「親しき仲にも礼儀あり」を超えた絶対服従の言語化。名前を呼び捨てにすることは重大な侮辱となる。
第2象限（共感と審美）,韓国,【都市伝説】,ハングルの「窓桟（まどさん）起源説」,世宗大王がハングルを創製した際、部屋の「窓の桟（格子の形）」を見て文字の形を思いついた、という民間伝承。,ハングルの幾何学的でシンプルな美しさを、日常の風景と結びつけてロマンチックに説明する。,自国の文字がいかに直感的で身近な発想から生まれたかを感じ、民族的な誇りと親近感を抱く。,[反証]1940年に『訓民正音解例本』が発見され、ハングルは「発音器官の形」と「陰陽五行思想」に基づいて科学的に作られたことが証明されたため、窓桟説は明確なデマである。,学校の授業や子供にハングルの成り立ちを教える時,「窓の格子の形を見て作ったんだって（?? ??? ?? ????）」,複雑な音声学の理論（解例本の内容）を説明するよりも、ビジュアルとして圧倒的に想像しやすいため語り継がれた。,外国人に対してハングルの覚えやすさをアピールする時,「窓の形を模した文字だからシンプルでしょ（?? ??? ?? ??）」,文字の審美的な特徴（直線と丸の組み合わせ）を、伝統的な家屋のイメージと重ね合わせてアピールする。,日常会話で文字の形について雑談する時,「昔の人が窓を見て文字を作るなんてロマンチックだ（?? ???? ??? ?? ??? ????? ?????）」,事実（発音器官の模写）の方が学術的には凄いが、大衆にとっては「窓の格子」という物語の方が情緒的で共感を呼ぶ。
第3象限（論争と闘争）,韓国,【事実】,ジェンダー対立に伴う過激なレッテル貼りと蔑称,「ハンナム（韓国男）」「キムチ女」「マムチュン（ママ虫）」など、性別や属性を極端に貶めるネットスラング。,深刻な就職難や社会不安を背景に、異性を「自分の不遇の原因（敵）」とみなし、社会を真っ二つに分断する。,相手をステレオタイプな悪に仕立て上げることで、自身の攻撃を正当化し、同性間の結束を強める。,[背景]2010年代のオンラインコミュニティの対立以降、男女間の憎悪表現が日常語にまで浸透。深刻な社会問題となっている。,過激なフェミニストが男性を非難する時,「これだからハンナム（??）は」と一蹴する。,家父長制的で暴力的な男性というステレオタイプを「韓国の男すべて」に拡張し、個人の尊厳を剥奪する。,男性が、奢られて当然という態度の女性を攻撃する時,「あいつはキムチ女（???）だ」とレッテルを貼る。,見栄っ張りで物質主義的な女性という架空のモンスター像を作り上げ、女性全体への嫌悪を正当化する。,公共の場で子供が騒いでいるのを見た時,その母親に対して「マムチュン（??：ママ虫）」と吐き捨てる。,育児の苦労を無視し、他者に配慮がない一部の母親を「虫」扱いにすることで、社会的なキャンセルを行う。
第4象限（対立の遊戯的昇華）,韓国,【事実】,格差社会への自虐的ネーミング（ヘルチョソン・スプーン階級論）,「ヘルチョソン（地獄の朝鮮）」「土のスプーン（フクスジョ）」「Nポ世代」など、絶望的な現実を自嘲する造語。,変えられない残酷な資本主義の現実を、キャッチーな絶望語彙に変換することで、集団的ウツを回避する。,「努力しても無駄である」という諦念を共有することで、過剰な競争プレッシャーから一時的に自己を解放する。,[背景]過酷な受験・就職戦争、不動産価格の高騰など、若年層の経済的絶望が背景にある。絶望を言語化することでしか連帯できない現代韓国の病理の反映。,親の財力がなく、就職や結婚がうまくいかないと嘆く時,「どうせ俺は土のスプーン（???）だから」,英語の「銀のスプーンをくわえて生まれる」を文字り、親の資産で人生が決まる階級社会を自虐的に笑い飛ばす。,労働環境の悪さや社会の不条理に直面した時,「ようこそ、ヘルチョソン（???）へ」,現代の最先端の韓国社会を、身分制度が固定化されていた「朝鮮時代」に逆戻りした「地獄」と呼ぶ強烈な皮肉。,将来の夢やライフプランについて語る時,「私は恋愛も結婚も出産も諦めた『Nポ世代（N???）』だ」,3つ、5つと諦めるものが増え続け、ついには数学の「N（無限）」を使って絶望をギャグに昇華している。
第1象限（秩序と伝達）,北朝鮮,【事実】,最高指導者への義務的修飾語と視覚的絶対敬語,「敬愛する最高指導者 金正恩同志」などの長大な修飾語の使用義務と、活字における名前の強調（太字化）。,国家の全人民に対して、指導者が神格化された絶対的な存在であることを言語・視覚の両面から強制する。,日常的に最高敬語を復唱させられることで、無意識のうちに体制への服従と畏怖の念を植え付けられる。,[背景]「党の唯一思想体系確立の十大原則」に基づく厳格な社会統制。指導者の名前や呼称を間違えることは、単なるミスではなく政治犯としての粛清対象となる。,ニュースキャスターが指導者の動静を報じる時,必ず「敬愛する最高指導者 金正恩同志（???? ????? ?????）」とフルセットの修飾語を付ける。,いかなる時も敬称を省略させないことで、指導者が一般の人間とは異なる絶対的上位者であることを脳に刻み込む。,新聞や書籍で指導者の名前を表記する時,他の活字よりも大きく、太いフォント（?? ??）で印刷する。,視覚的な言語ルールを操作することで、ページを開いた瞬間に誰が支配者であるかを物理的に認識させる。,指導者が工場や農場を視察した際の行動を表現する時,「現地指導（????）を行われた」と表現する。,単なる視察や見学ではなく、「神のごとき知恵を愚民に授けに来た」という宗教的なニュアンスを持たせている。
第2象限（共感と審美）,北朝鮮,【事実】,純血主義を体現する「文化語（ムヌァゴ）」政策,外来語や漢字語を排斥し、固有語（純粋な朝鮮語）の組み合わせで作られた言葉を「文化語」として使用する。,「南（韓国）はアメリカ帝国主義に汚染されているが、北は純潔である」という体制の優位性を証明する。,純粋な民族語を使っているという誇り（主体思想）を刺激し、外部世界からの文化的孤立を正当化する。,[背景]平壌の言葉を基準とした「文化語」の制定。言語の純化は、そのまま民族の純血とイデオロギーの純潔に直結する国家戦略である。,アイスクリームを注文する時,「オルムボスンイ（?????：氷のふさふさしたもの）」と呼ぶ。,英語由来の外来語を徹底的に排除し、無理やりでも自国の固有語で表現することで民族的プライドを保つ。,電球や照明器具について話す時,「チョングアル（???：電球の卵/粒）」と表現する。,漢字語の濫用を避け、生活に根ざした直感的な固有語を使うことで、労働者階級のための言語であることをアピールする。,ドーナツなどのリング状の食べ物を指す時,「カラクチパン（????：指輪パン）」と呼ぶ。,西側の食文化であっても、名前を土着化させることで「資本主義の毒」を抜いて消費する。
第3象限（論争と闘争）,北朝鮮,【事実】,敵対国・裏切り者への劇画的・動物的な侮蔑語,韓国政府を「傀儡」、アメリカを「ヤマイヌ」、脱北者を「人間のクズ」と呼び、極端に汚い言葉で罵倒する。,敵対勢力を「人間扱いしない」ことで、国民の敵愾心を煽り、いかなる残虐な攻撃も正当化する。,外部に絶対的な「悪」を設定することで、内部の不満を外に逸らし、恐怖による結束を維持する。,[背景]プロパガンダ機関が公式発表で使用する国家認定の罵倒語彙。国家レベルでヘイトスピーチを行うことで、永続的な戦時状態の緊張感を演出している。,韓国政府や大統領を非難する公式声明を出す時,「米帝の操り人形である『傀儡（??）徒党』」と呼ぶ。,韓国を独立国家として認めず、アメリカの言いなりになっている偽物の政府であるという歴史認識を強調する。,アメリカの軍事行動や制裁に対して反発する時,「米帝の『ヤマイヌ（???）』ども」と動物に喩える。,貪欲で残酷な獣というイメージを定着させ、アメリカに対する一切の共感や妥協の余地を断ち切る。,脱北者や体制批判者が海外で活動しているのを見た時,「あいつらは『人間のクズ（?????）』だ」と断じる。,裏切り者を人間社会の廃棄物と定義することで、彼らの主張の信憑性を根底から否定する。
第4象限（対立の遊戯的昇華）,北朝鮮,【事実】,チャンマダン（ヤミ市）における生存のための隠語,警察（保安員）を「ウズラ」、韓国を「下の町」、新興富裕層を「金主」と呼ぶなど、市場での非合法な取引で使われる隠語。,国家の厳しい統制と取り締まりの目をかいくぐり、資本主義的な経済活動（生存）を維持する。,恐怖政治の中で権力者を密かに嘲笑い、生き抜くためのしたたかな連帯感を商人たちの間で共有する。,[背景]1990年代の大飢饉以降、国家の配給網が崩壊して誕生したヤミ市（チャンマダン）で自然発生した。言葉の統制すら及ばない草の根の資本主義の証明。,市場での取引中に、取り締まりの警察官が近づいてきた時,「『メチュラギ（????：ウズラ）』が来たぞ！」と周囲に警告する。,当時の保安員の制服がウズラのような色合いだったことから。権力者を小鳥に喩えて小馬鹿にしつつ危険を知らせる。,韓国製のドラマDVDや日用品を密かに売買する時,「『アレッ町（????：下の町）』のモノはあるか？」と尋ねる。,「韓国」という言葉を出せば政治犯収容所行きになるため、地理的な隠語を使って検閲システムをハックする。,市場で財を成した新興の資本家について噂する時,「あいつは『トンジュ（??：金主）』だから逆らえない」と囁く。,党の幹部ではなく、金（資本）を持つ者が新たな権力者になりつつあるという社会構造の変化を、的確な造語で表現している。
第1象限（秩序と伝達）,モンゴル,【事実】,遊牧民の自然への畏怖に基づく「忌み言葉」と婉曲表現,オオカミを「山の神」、病気や死を「仏になる」と言い換えるなど、不吉なものの本当の名前を口に出さない。,大自然の脅威や霊的な力から家畜と家族を守り、調和を乱さないためのシャーマニズム的な危機管理。,言葉には現実を引き寄せる呪力（言霊）があるという信仰に基づき、恐怖の対象を刺激しないことで安心感を得る。,[背景]過酷な自然環境の中で生きる遊牧民の伝統的な自然観・宗教観に根ざす。「本当の名前を呼ぶとそれが現れる」という人類普遍のタブー（Цээрлэх ёс）の典型例。,放牧中に家畜を襲うオオカミの気配を感じた時,オオカミ（チョノ）とは言わず、「ヘール・ノホイ（野の犬）」や「ハンガイ（山の神）」と呼ぶ。,恐ろしい捕食者の名前を直接呼ぶことで、相手を呼び寄せてしまうという霊的なタブーを回避する。,家族や親しい人が重い病気にかかったり亡くなった時,死ぬことを「ブルハン・ボロフ（бурхан болох：仏になる）」と間接的に表現する。,死や病という直接的な言葉が持つ不吉なエネルギー（呪力）を避けるための、社会的なクッションとしての婉曲表現。,長く雨が降らず、草原が枯れる干ばつに見舞われた時,自然を直接恨む言葉を避け、「テングリ・ムー・バイン（тэнгэр муу байна：天が悪い）」と表現する。,すべてを支配する天の神への畏れと絶対的な服従を示し、人間の傲慢な言葉で自然を怒らせないようにする。
第2象限（共感と審美）,モンゴル,【都市伝説】,日本語とモンゴル語の「同祖説・単語共通説」の民間伝承,「モンゴル語と日本語は同じアルタイ語族であり、単語の響きも似ているから私たちは兄弟だ」という噂。,遠く離れた日本に対して強い親近感を抱き、留学やビジネスにおける交流をスムーズにする外交的潤滑油。,言語的な類似や身体的特徴（蒙古斑）を根拠にすることで、「私たちはルーツが同じだ」というエモーショナルな連帯感を生む。,[反証]かつては「アルタイ語族」として同系統とする学説があったが、現代の歴史言語学では否定されている。単語の類似は偶然に過ぎない。,モンゴル人と日本人が初めて酒を飲んで打ち解ける時,「我々には蒙古斑（х?х толбо）があるから、ルーツは同じ兄弟だ」,科学的な言語系統の事実よりも、目に見える身体的特徴と「語順が同じ」という直感的な共通点が、神話を生み出す。,モンゴル出身の留学生や力士がすぐに日本語をマスターする理由を語る時,「文法が同じで脳の構造が一緒だから、すぐ覚えられるんだ」,実際には本人の猛烈な努力の賜物だが、それを「言語的なDNAが同じだから」というロマンチックな神話に回収する。,モンゴル語と日本語の単語の類似を見つけた時,「モンゴル語の『Ах（アハ：兄）』と日本語の『あに』は同じ語源だね」と語り合う。,学術的には偶然の類似や借用論で説明されるものを、民間語源的に「血の繋がり」の証明として楽しむ。
第3象限（論争と闘争）,モンゴル,【事実】,対中感情を反映した排他的・外国人嫌悪スラング,中国人や中国製の粗悪品に対して「フジャー」、混血の人に対して「エルリーズ」という軽蔑的なスラングを用いる。,経済的・地政学的に圧倒的な力を持つ隣国（中国）に対する警戒感と自己防衛本能を、言葉による排除として表出する。,「純粋なモンゴル人」というアイデンティティを強調することで、国家が飲み込まれるのではないかという不安を打ち消す。,[背景]清朝時代の支配の歴史や、現代における中国資本の大量流入による経済的脅威が背景にある。ナショナリズムと結びつき、日常会話で強いヘイトを伴って使用される。,市場で買った安い商品がすぐに壊れた時,「なんだこの『フジャー（Хужаа）』の品は」と罵る。,中国語の「夥計（フオジー）」や「回家（フイジア）」がなまったとされる。中国＝粗悪というレッテル。,政治家や実業家が中国と有利な取引をしているのを見た時,「あいつは『フジャー』の手先だ」と攻撃する。,少しでも親中的な態度を取る者を「敵」と認定し、愛国心を踏み絵にして社会的にキャンセルする。,モンゴル人と中国人のハーフ、あるいはそれに近い風貌の人に対して,「あいつは『エルリーズ（Эрлийз：混血・雑種）』だから信用できない」,血の純潔性を根拠にして相手の愛国心や人間性を否定する、極めて排外主義的なラベリング。
第4象限（対立の遊戯的昇華）,モンゴル,【事実】,オニソゴ（謎々）による極寒の夜の知的遊戯と緊張緩和,「底のない箱に金と銀がいっぱい（答え：天）」のような伝統的な謎々（オニソゴ）を出し合う。,長く過酷な冬のゲル（天幕）の中で、娯楽を提供するとともに、見知らぬ旅人との間の警戒心を解く。,閉鎖空間でのストレスや人間関係の摩擦を、詩的で知的なゲームに変換して平和的に解消する。,[背景]文字を持たなかった時代の口承文学・遊牧文化の遺産。単なる子供の遊びではなく、大自然の観察眼や論理的思考力を鍛え、共同体内の知的ヒエラルキーを平和的に確認する手段。,冬の夜、ゲルに泊めてもらった見知らぬ旅人と対面した時,突然、主人から「家ほどの大きさだが重さがないもの？（答え：影）」とオニソゴを出される。,直接的な身分や目的を聞く代わりに、謎解きの力量を試すことで、互いの知性を確認し合い、安全な相手だと認識する。,子供に遊牧民としての知識や自然の掟を教える時,「白い海に黒い羊が群れるものは？（答え：紙と文字）」と問いかける。,一方的に説教（対立）するのではなく、比喩を通じたゲーム形式にすることで、自発的な理解を促す。,閉鎖的なゲルの中で、家族間の雰囲気が悪くなった時,誰かが唐突にユーモラスなオニソゴを出し、正解を巡って議論を始める。,気まずい沈黙や喧嘩の火種を、第三の知的課題（謎々）に逸らすことで、関係の修復を図る文化的な安全弁。
第1象限,台湾,【都市伝説】,鬼月（旧暦7月）の禁忌語と婉曲表現,幽霊を直接「鬼」と呼ぶと不幸が訪れる、または霊を怒らせると信じられており、特定の敬称や代名詞を使わなければならないという偽マナー。,未知の恐怖に対する社会的なルールの共有と、霊的ヒエラルキー（不可視の秩序）の維持。,恐怖の緩和、言語的タブーを回避したことによる安心感。,[事実確認] 台湾の道教・民間信仰に基づく伝統だが、現代のネット社会でも「直接口にすると本当に引き寄せる」という都市伝説的な言語マナーとして広く遵守されている。,お供え物をする中元節の儀式の時,「好兄弟（ハオションディー / 良い兄弟）」,霊を身内（兄弟）のように親しげに呼ぶことで、敵意がないことを示し祟りを避ける。,病院や夜の山道など、霊が出そうな場所で話す時,「那個（ナーゴ / アレ）」,直接的な名指しを極端に恐れ、指示代名詞に置き換えることで不吉な存在を曖昧にする。,水難事故が多い夏の海や川について話す時,主語を省き「抓交替（ジュアジャオティ / 身代わりを捕まえる）」とだけ言う,水鬼（水の霊）という言葉を意図的に避け、行為だけを言うことで存在を引き寄せないようにする。
第2象限,台湾,【事実】,PTT（台湾BBS）発のインターネット・スラング,ネット掲示板PTTのユーザーが独自に生み出した隠語や比喩表現を日常的に使用する。,若者やネットユーザー間の強い連帯感の形成と、部外者の排除。,アハ体験、身内意識の高揚、シニカルなユーモアの共有。,[事実確認] 台湾最大のBBS「PTT」の特定の板（八卦板など）の歴史的事件や流行語が、台湾社会全体の若者言葉として定着した社会言語学的現象。,ネット上の議論で多数派を指す時,「?民（村人）」,映画のセリフに由来し、野次馬的な一般ネットユーザーを自嘲的かつ親しみを込めて呼ぶ。,相手に説明や対話を求める時,「?共（チュアイゴン）」,台湾語の「出來講（出てきて話せ）」の発音を漢字に当てはめた表記で、リズム感と親しみやすさを生む。,負け組や非モテを自嘲する時,「魯蛇（ルーソー）」,英語の「Loser」の音訳。漢字の字面（鈍臭い蛇）が絶妙な哀愁を帯びており、強い共感を呼ぶ。
第3象限,台湾,【事実】,政治的分断を煽るレッテル貼り（政治的スラング）,選挙や政治的議論において、対立陣営の支持者を非人間化・戯画化する特定の隠語を用いる。,対立陣営のキャンセル、自陣営の引き締めと攻撃の正当化。,敵愾心の煽動、相手を見下すことによる優越感の獲得。,[事実確認] 台湾の激しい政党対立とメディア環境が交差し、ネット上で相手を即座にラベリングして論破するための政治的ミームが大量生産されている。,民進党（緑）の熱狂的な支持者を批判・攻撃する時,「塔綠班（ターリューバーン）」,タリバンと緑（民進党のシンボルカラー）を掛け合わせ、狂信的で不寛容だと非難する言葉。,台湾民衆党の党首（柯文哲）の支持者を揶揄する時,「柯布林（ゴブリン）」,柯（カー）とゴブリンを掛け合わせ、ネット上で暗躍する気味の悪い集団というレッテルを貼る。,親中派、あるいは権力に盲従する人々を揶揄する時,「韭菜（ニラ）」,中国のネット用語由来。上が何度刈り取ってもすぐ生えてくる（騙されやすい大衆）ことを意味し嘲笑する。
第4象限,台湾,【事実】,諧音梗やサブカル隠語による社会的自嘲とガス抜き,台湾の厳しい社会状況や政治的閉塞感を、発音が似ている言葉やアニメ用語等のユーモアにすり替えて表現する。,深刻な対立や不満の遊戯的昇華、直接的な絶望感の回避。,笑いによるストレス軽減、シニカルな連帯感。,[事実確認] 中国語の豊富な同音異義語を利用した「諧音（シエイン）」は伝統的な修辞技法だが、現代では社会的ルサンチマンをユーモアで包む強力なツールとして機能している。,台湾の劣悪な労働環境や社会問題を嘆く時,「鬼島（グイダオ）」,美称である「宝島」の対義語として自国を自嘲。絶望を笑いに変える機能がある。,中国からの軍事的・政治的圧力への不安を語る時,「芒果乾（マンゴー干し）」,「亡国感（ワンゴオガン）」と発音が似ているため、重いテーマをドライフルーツの話題のように軽く語る。,台北の富裕層や特権階級をからかう時,「天龍人（ティエンロンレン）」,漫画『ONE PIECE』の特権階級の名を借りて、物価が高く選民意識のある台北市民をユーモラスに揶揄する。
第1象限,インドネシア,【事実】,親族呼称の社会的拡張（Bapak/Ibu等）,血縁関係のない他者に対しても、年齢や社会的地位に応じて親族呼称を敬称・社会的潤滑油として強制的に使用する。,社会的ヒエラルキーと秩序の維持、人間関係の摩擦回避。,安心感、相手への敬意の可視化による自己防衛。,[事実確認] ジャワ文化の強い影響を受けたインドネシア語では、相手との上下関係や年齢差を即座に位置づけるための敬称（親族呼称の流用）が語用論的に不可欠となっている。,職場で目上の男性上司や顧客に話しかける時,「Bapak（お父さん）」,相手の権威を認め、従属と敬意を示す最も標準的で不可欠な表現。,レストランや店で少し年上の若い男女店員を呼ぶ時,「Mas（兄） / Mbak（姉）」,ジャワ語由来。Bapak/Ibuほど堅苦しくなく、かつ失礼にならない絶妙な距離感を保つ。,自分より年下、あるいは親しい同輩に呼びかける時,「Adik（弟・妹） / Kakak（兄・姉）」,性別を問わず使用され、親愛の情と同時に「自分が先輩/後輩である」という秩序を再確認する。
第2象限,インドネシア,【事実】,Bahasa Gaul（若者言葉）の略語文化,日常生活の感情や状況を、単語の頭文字や一部を組み合わせた独自の略語（アクロニム）で表現する。,若者世代の内輪の連帯強化、大人世代からの意味の隠蔽。,言葉遊びによるアハ体験、共感のスピードアップ。,[事実確認] インドネシア語は造語力が非常に高く、特にジャカルタを中心に、SNSでのタイピングの手間を省く目的も合わさって無数のアクロニムが生成・消費されている。,ロマンチックな映画を見たり、甘い言葉で感情が動いた時,「Baper（Bawa Perasaan）」,「感情を持ち込む」の略。過剰に感動したり傷ついたりする状態を共有し、共感を誘う。,休日や仕事終わりに、何もしたくなくて怠けたい時,「Mager（Malas Gerak）」,「動くのが面倒くさい」の略。現代人の疲労感をポップに表現し、怠惰を肯定し合う。,恋愛に夢中になりすぎて、相手の言いなりになっている友人を見た時,「Bucin（Budak Cinta）」,「愛の奴隷」の略。友人をからかいつつも、微笑ましく見守る連帯感を含む。
第3象限,インドネシア,【事実】,政治的二極化に伴う動物のレッテル貼り,選挙などを契機に、対立する政治陣営の支持者を特定の動物（爬虫類や両生類など）に例えて非難する。,政治的対立の明確化、敵対陣営の非人間化（ディスコースにおける排除）。,強い帰属意識、敵対者に対する軽蔑と優越感。,[事実確認] 2014年・2019年の大統領選において、SNSを中心に互いを動物の蔑称で呼び合い、社会的分断が極端に言語化した事例として社会学者に指摘されている。,プラボウォ支持者（保守派）がジョコウィ支持者を攻撃する時,「Cebong（オタマジャクシ）」,ジョコ大統領がカエルを飼うのが好きだったことに由来し、考えを持たず盲従する存在として嘲笑。,ジョコウィ支持者（進歩派）がプラボウォ支持者を攻撃する時,「Kampret（小型のコウモリ）」,逆さにぶら下がるコウモリのように「視点が逆さま（間違っている）」として相手の無知を非難。,世俗派がイスラム強硬派や急進主義者をキャンセルする時,「Kadrun（Kadal Gurun / 砂漠のトカゲ）」,中東（砂漠）の過激思想を無批判に持ち込む人々を、外来の爬虫類に例えて排除する言葉。
第4象限,インドネシア,【事実】,Plesetan（バクロニムを用いた体制風刺）,政府機関や公的な略語（アクロニム）の本来の意味を、皮肉やユーモアを交えた別の言葉に置き換えて再解釈する。,権威への抵抗の遊戯的昇華、汚職や社会問題への庶民のガス抜き。,カタルシス、権力の相対化と笑いを通じたストレス発散。,[事実確認] スハルト独裁政権時代（新体制期）の厳しい言論統制下において、直接的な批判ができない庶民が、政府の略語をパロディ化することで不満を表現した伝統が現代に続いている。,村落協同組合（KUD）の汚職や機能不全を皮肉る時,「KUD を Koperasi Urusan Duit（お金の事ばかりの協同組合）と呼ぶ」,本来はKoperasi Unit Desa。末端の役人が私腹を肥やす現状を、略語の再解釈で痛烈に笑い飛ばす。,国民健康保険（BPJS）の予算不足や質の低さを愚痴る時,「BPJS を Budget Pas-pasan Jiwa Sosial（予算はギリギリ、心だけは社会奉仕）と呼ぶ」,本来はBadan Penyelenggara Jaminan Sosial。制度の理想と貧弱な実態のギャップをユーモアに変換。,国営企業（BUMN）の赤字や非効率な経営を批判する時,「BUMN を Belum Untung Malah Nombok（利益も出ないのに赤字を補填）と呼ぶ」,本来はBadan Usaha Milik Negara。国庫の無駄遣いに対する市民の冷ややかな視線を言葉遊びで表現。
第1象限,カンボジア,【事実】,クメール語の親族呼称による絶対的ヒエラルキー,相手との年齢や社会的地位の上下関係に応じて、適切な親族呼称を代名詞として使い分けないと社会的に無礼とされる実践。,年長者や権威への敬意の強制、強固な社会秩序の維持。,自己の立場を明確にすることによる対人関係の安心感。,[事実確認] クメール語（カンボジア語）では純粋な「私」「あなた」という中立的な代名詞よりも、親族呼称を比喩的に拡張して使用することが語用論上の基本原則となっている。,年上（兄・姉世代）の相手に話しかける時、あるいは自分が年上の場合の一人称,「??（Bong / ボン）」,直訳は「兄/姉」。親愛と敬意を示し、クメール社会で最も頻繁に使われる社会的潤滑油。,年下（弟・妹世代）の相手に話しかける時、あるいは自分が年下の場合の一人称,「???（Oun / オウン）」,直訳は「弟/妹」。Bongと対になって使われ、自分が目下であることを受容し、相手を持ち上げる。,親世代（おじ・おば）の年齢の相手に敬意を持って話しかける時,「??（Pou / プー：おじ） / ???（Ming / ミン：おば）」,目上の大人に対する敬称。社会的ヒエラルキーの中で適切な距離感と強い敬意を伝達する。
第2象限,カンボジア,【事実】,NO_DATA,-,-,-,-,-,-,-,-,-,-,-,-,-
第3象限,カンボジア,【事実】,NO_DATA,-,-,-,-,-,-,-,-,-,-,-,-,-
第4象限,カンボジア,【事実】,NO_DATA,-,-,-,-,-,-,-,-,-,-,-,-,-
第1象限,シンガポール,【事実】,敬意のローカライズ表現（Uncle/Auntie/Boss）,目上の人やサービス業の相手に対し、親族呼称や持ち上げる呼称を使う社会的ルール。,社会的調和、多民族間のフラットな敬意の伝達。,親近感と敬意のバランスによる摩擦回避。,[事実確認] シングリッシュにおける呼称は、中国語圏の親族呼称文化とマレー文化が混ざり合い、独自のポライトネス（丁寧さ）の体系として社会言語学的に定着している。,ホーカーセンター（屋台街）で年配の男性に注文する時,「Uncle（アンクル）、チキンライス一つ」,英語の「おじさん」だが、単なるおじさんではなく敬意と親しみを込めた必須の敬称。,タクシーで年配の女性運転手に行き先を告げる時,「Auntie（アンティ）、オーチャードまで」,年配女性への汎用的な敬称。これを使わないと横柄で冷たい印象を与える。,小規模な店舗や飲食店で、店主（年齢問わず）に話しかける時,「Boss（ボス）、いくら？」,相手の権威（店主）を持ち上げることで、スムーズな取引を行うための社会言語学的な潤滑油。
第2象限,シンガポール,【事実】,シングリッシュの混淆語彙によるローカル連帯,英語、福建語、マレー語などが混ざり合ったシングリッシュ特有の語彙を用い、シンガポール人としての「内輪感」を形成する。,国民的アイデンティティの形成、外国人（非ローカル）との区別。,「Kiasu」などの自嘲を通じた強い共感、アハ体験。,[事実確認] 国家主導の「正しい英語（Speak Good English Movement）」に反発する形で、シングリッシュはシンガポール人の真正性（Authenticity）を示す文化的資本として機能している。,無料の景品に長蛇の列ができているのを見た時,「Kiasu（キアス）」,福建語で「負けるのが怖い」。損をしたくないというシンガポール人特有の国民性を自嘲的かつ親しみを込めて表現。,ホーカーセンターで、ティッシュを置いて席を確保する時,「Chope（チョープ）」,席を「予約する/確保する」という意味のローカルスラング。この単語一つで独自の文化ルール全体を共有できる。,友人をご飯に誘う時,「Makan（マカン）」,マレー語で「食べる」。英語の文脈にマレー語を挟むことで、多民族国家ならではのリラックスした連帯感を生む。
第3象限,シンガポール,【事実】,ナショナリズムと排外主義の言語化（外国人へのレッテル）,外国人労働者や新移民に対し、ローカル市民が特権意識や不満を込めて特定の蔑称や区別用語を用いる。,自国民の特権性の確認、スケープゴートの作成と分断。,排外主義的な優越感、インフラ過密などの社会的不満の転嫁。,[事実確認] シンガポールの急速なグローバル化と移民増加に伴い、ローカル（地元民）と外国人（特に中国本土や南アジアからの移民）の間の社会的緊張が、ネット上の排他的言語として表出している。,中国本土からの新移民や観光客のマナーを非難する時,「Ah Tiong（アーティオン / 阿中）」,福建語由来で、中国本土の人々を指す。文化的な違いや洗練さの欠如を揶揄する文脈で使われることが多い。,白人男性とばかり付き合う地元の女性をネットで攻撃・キャンセルする時,「SPG（Sarong Party Girl）」,植民地時代に起源を持つ言葉で、白人にすり寄る女性に対するローカル男性のルサンチマンと非難が込められている。,南アジア系の単純労働者を指して、見下すような文脈で語る時,「Bangla（バングラ）」,バングラデシュ人の略だが、国籍を問わず南アジア系の肉体労働者全体を指すステレオタイプな蔑称として機能することがある。
第4象限,シンガポール,【都市伝説】,政府機関のアクロニム（頭文字）に隠された真の陰謀,「政府のアクロニムは、実は国民から搾取するための裏の意味で作られている」という広く語り継がれるジョーク・民間語源。,エリート主義的な政府に対する庶民のささやかな抵抗、不満のガス抜き。,カタルシス、権威を笑い飛ばすことでの無力感の克服。,[事実確認] 実際には単なる行政用語の略称だが、物価高や厳しい管理社会に対する市民のストレスが、秀逸なバクロニム（後付けの頭文字遊び）として都市伝説化し定着した。,道路の自動料金徴収システム（ERP）のゲートを通過して課金された時,「ERP は Everyday Rob People（毎日人々から強盗する）の略だ」,Electronic Road Pricingの略だが、高い生活費への不満をユーモアで昇華している。,中央積立基金（CPF）の引き出し制限が厳しく、老後資金が手に入らないと嘆く時,「CPF は Can't Pay Funerals（葬式の金も払えない）の略だ」,Central Provident Fundの略。自分の金なのに自由に引き出せない不条理を強烈な皮肉で笑いに変える。,与党・人民行動党（PAP）の厳しい政策や増税について不満をこぼす時,「PAP は Pay And Pay（払って、また払う）の略だ」,People's Action Partyの略。シンガポールの「何でもお金がかかる」資本主義社会と与党の政策を揶揄する代表的なジョーク。
第1象限,タイ,【事実】,敬意と性別を規定する文末詞（Khrap/Kha）,会話の最後に必ず性別に基づいた文末詞を付与しなければ、社会人として極めて無礼（教養がない）と見なされる絶対的ルール。,社会的ヒエラルキーとジェンダー規範の再生産、敬意の強制。,秩序の中での安心感、マナーを守っているという自己肯定感。,[事実確認] タイ語の文末詞（Khrap/Kha等）は単なる丁寧語ではなく、話者の性別アイデンティティと相手との権力関係を毎回の発話で強制的に定義づける社会言語学的な装置である。,男性が目上の人や顧客に挨拶・応答する時,「～カップ（Khrap）」,相手に敬意を示すと同時に、話者が男性（または男性的な役割）であることを社会的に宣言する。,女性が目上の人に挨拶・応答する時,「～カー（Kha）」,話者が女性であることを示し、会話を柔らかく丁寧に着地させる必須のポライトネス・マーカー。,ジェンダーレスな若者やLGBTQ+がネット上で独自のアイデンティティを表現する時,「～ハ（Ha） / ～ジャ（Ja）」,伝統的な男女二元論の文末詞を崩し、よりフラットで中性的な、あるいは親密な関係性を構築するためのバリエーション。
第2象限,タイ,【事実】,ファンダム（Ting）と若者のネットスラング,K-POPやタイドラマの熱狂的ファン（ファンダム）やネット民が、特定の事象を過剰に愛でるための隠語を共有する。,ファン同士の熱狂的な連帯感、非オタク層との境界線引き。,対象への愛の増幅、コミュニティに属しているという一体感とアハ体験。,[事実確認] タイのSNS（特にX/旧Twitter）では、若者やオタク文化が言語の進化を牽引しており、特定の芸能人や可愛いものを称賛するための独特のメタファーが日常語へと定着している。,K-POPやアイドルに熱狂しているファンを指す時、または自称する時,「????（ティン）」,本来は「中学生のおかっぱ髪（耳たぶ）」を指すが、熱狂的な中高生ファンを揶揄する言葉を経て、現在はポジティブな「オタク/ファン」の自称として定着。,美味しいものや、非常に可愛くて魅力的なものを褒める時,「???（ヌア）」,イーサーン（東北）語で「味がまろやか」という意味だが、転じて「最高だ、魅惑的だ」という感情を表現する若者言葉として拡張された。,面白いことや爆笑している状態をテキストで表現する時,「555」,タイ語で数字の5は「ハー」と発音するため、「ハハハ」という笑い声を「555」と表記。タイ独自の極めて強固なネット文化の象徴。
第3象限,タイ,【事実】,政治的分極化に伴う色彩・デザートのレッテル貼り,王室支持派（保守派）と民主化要求派（進歩派）が、お互いを特定の食べ物や色に例えて非人間化し、SNSでキャンセルし合う。,政治的敵対者の戯画化、議論の拒絶と分断の固定化。,相手を無価値なものとして見下すことによる優越感、陣営内の結束。,[事実確認] 2010年代以降のタイの政治的混乱の中で、検閲を避けつつ相手を強烈に侮蔑する政治的隠語がSNSで大量に発明された。,進歩派の若者が、超保守的で古い価値観を持つ王室支持者を攻撃する時,「?????（サリム）」,本来は様々な色のゼリーが入った伝統的デザート。黄・ピンク・多色とシンボルカラーを変えてきた保守派を「一貫性がない古い人」として嘲笑する。,保守派が、王室改革や民主化を求める進歩派の若者を非難する時,「???????（チャンチャート / 国を憎む者）」,「反日/売国奴」に近いニュアンス。タイの伝統やアイデンティティ（国家・王室）を破壊しようとする危険分子としてレッテルを貼る。,他の政党支持者が、前進党（現・人民党）の熱狂的な支持者を揶揄する時,「???????（ティン・ソム / オレンジのオタク）」,オレンジは前進党のシンボルカラー。アイドルのファンのように、論理ではなく感情で盲目的に党を支持していると批判する。
第4象限,タイ,【事実】,ヴォルデモート効果（不敬罪を回避する隠語とミーム）,刑法112条（不敬罪）による逮捕を避けるため、王室やタブーに関する話題を、映画やアニメのパロディ、全く別の数字などにすり替えて語る。,圧倒的な権力・検閲に対する遊戯的抵抗、ユーモアによる恐怖の克服。,権威の神聖性を笑いで引きずり下ろすカタルシス、暗号を解読する知的な連帯感。,[事実確認] タイの厳格な不敬罪（最高禁錮15年）と言論統制に対し、若者たちは直接的な批判を避け、「誰もが裏の意味を知っているが表面上は無関係な言葉」を用いたミーム的抵抗を行っている。,ネット上で王室や不敬罪について直接言及することを避けて議論する時,「Harry Potter（ハリー・ポッター）」,映画の中で名前を呼んではいけない「ヴォルデモート卿」に王室をなぞらえ、言論の自由がない状況そのものをパロディ化する。,刑法112条（不敬罪）で逮捕されたり、その法律自体を指し示す時,「??????（ピザ）」,タイの有名なピザチェーンのデリバリー電話番号が「1112」であることから、「ピザを注文する＝112条で逮捕される」というブラックジョークに変換。,街中で行われる抗議デモで、直接的なスローガンを掲げられない時,「ハム太郎のテーマソングの替え歌を歌う」,アニメの歌詞を「大好きなのは～納税者の血税～♪」等に替え、権力側が弾圧しにくい「可愛いもの」を盾にして政府をからかう。
第1象限,フィリピン,【事実】,敬意表現「Po / Opo」と親族呼称の社会的拡張,年長者や客に対して文末に「po」をつけ、赤の他人にも「Kuya(兄)」「Ate(姉)」と呼ぶ。,年齢と立場に基づくヒエラルキーの維持と摩擦の回避。,安全感、敬意、疑似的な家族的連帯感。,マレー・ポリネシア語族に特有の敬語体系であり、スペイン統治以前から社会秩序の基盤として機能している。,店舗で買い物をする時,「Pabili po（買わせてください）」,poをつけることで店員への敬意と低姿勢を示し、円滑な取引を行う。,親や年長者からの呼びかけに答える時,「Opo（はい）」,絶対的な権威である年長者への服従と敬意を即座に示す。,タクシー運転手に道を指示する時,"「Kuya, sa mall po（お兄さん、モールまで）」",擬似親族呼称を用いることで、命令のトーンを和らげる。
第2象限,フィリピン,【事実】,ベキ語（ゲイ・スラング）のポップカルチャー化,LGBTQ+コミュニティが隠語として用いていたダジャレやもじりが、若者全体に共感の言葉として広まった。,身内意識の醸成、外部からの意味の隠蔽、およびユーモアによる連帯。,遊び心、共感、サブカルチャーへの帰属意識。,1970年代以降、抑圧を逃れるためタガログ語・英語等を混合して作られたが、現在はメディアを通じて一般化。,空腹を訴える時,「Tom Jones（お腹すいた）」,gutom（空腹）と有名歌手の名をかけたダジャレで、不快感を笑いに変える。,醜いものを形容する時,「Chaka Khan（ダサい/醜い）」,chakaという俗語を歌手名でもじり、直接的な悪口を避けてユーモアに変換する。,どこかへ出発する・一緒に行く時,「Gora（行こう）」,英語のGoに接尾辞をつけ、テンションの高さを仲間と共有する。
第3象限,フィリピン,【都市伝説】,「Maharlika（マハルリカ）」＝王族・貴族という偽の歴史,マルコス元大統領らが「マハルリカはフィリピンの本来の王族・貴族を意味する」と喧伝し、国名変更まで主張した。,独裁政権の権威付け、ナショナリズムの煽動、および反対派の歴史認識のキャンセル。,選民意識、愛国心、歴史修正によるカタルシス。,学術的にはサンスクリット語由来で「自由民（解放奴隷）」を意味する。王族（Datu）とは別階級だが、政治的プロパガンダとして歪曲された。,政権支持者が国の誇りを語る時,「我々はマハルリカ（高貴な王族）の末裔だ」,植民地化以前の架空の栄光を捏造し、支持を固める。,マルコス一族の偉大さを主張する時,「ゲリラ部隊マハルリカ」,自身の経歴を神格化するための偽名として利用し、反対意見を封殺する。,マルコス一族の莫大な隠し財産を正当化する時,「マハルリカの王から託されたTallano Gold（タヤノ・ゴールド）」,歴史改竄と都市伝説を結びつけ、汚職による蓄財を神聖な使命にすり替える。
第4象限,フィリピン,【事実】,政治・社会風刺としてのバクロニム（頭字語の遊び）,公的な頭字語（アクロニム）を、汚職や社会問題をやゆする言葉に置き換えて解釈する。,権威の失墜への不満をユーモアに変換してガス抜きする。,カタルシス、シニカルな連帯感、無力感の緩和。,フィリピンでは深刻な政治的腐敗に対し、直接的な暴動よりも言葉遊びやブラックジョークで対抗する文化が根強い。,政治家の仕事ぶりをやゆする時,"KBL（元はマルコス政党名）を「Kasal, Binyag, Libing（結婚、洗礼、葬式）」と呼ぶ",政治家が本来の政策ではなく、冠婚葬祭の顔出ししかしていないことを皮肉る。,警察の暴力的な麻薬戦争を批判する時,PNP（フィリピン国家警察）を「Patay Nang Patay（殺してばかり）」と呼ぶ,治安維持の組織が、実際には暴力と殺戮を繰り返していることを皮肉る。,国民の不団結を嘆く時,KKK（独立革命組織）を「Kanya-Kanyang Katwiran（各自の言い訳）」と呼ぶ,歴史的な英雄的組織の名を借りて、現代の利己主義な社会を自嘲する。
第1象限,ブルネイ,【事実】,王室敬語（Bahasa Dalam）,国王や王族に対してのみ使用が許される専用の語彙が存在し、日常会話とは厳格に区別される。,絶対君主制におけるヒエラルキーの維持と、王室への畏敬の念の強制。,畏怖、社会的距離、服従。,マレー・スルタン国の伝統に深く根ざしており、ブルネイの法律やプロトコルによって厳格に規定されている事実上の制度。,国王が食事をしている状況を描写する時,「Santap」を使用（一般語のmakanは不可）,王族の身体的行為を高次元のものとして扱い、平民との境界を引く。,国王が入浴する状況を描写する時,「Bersiram」を使用（一般語のmandiは不可）,王室の日常的な行為に神聖性を付与し、敬意を強制する。,国王が出発・到着する時,「Berangkat」を使用（一般語のjalanは不可）,王室の移動を単なる動作ではなく、国家的な威厳ある出来事として扱う。
第2象限,ブルネイ,【事実】,ブルネイ・マレー語の独自スラング,標準的なマレーシア語やインドネシア語とは異なる、ブルネイ独自の表現を日常的に多用する。,近隣諸国と区別されたブルネイ人としてのアイデンティティの確立と、身内の連帯。,親密さ、国民的誇り、仲間意識。,ブルネイ・マレー語はリンガ・フランカとして機能しており、標準マレー語からの意図的な逸脱が地域的連帯を強めている。,相手の意見に強く同意する時,「Ngam（ぴったり・その通り）」,簡潔な表現で相手との意見の一致を強調し、距離を縮める。,知ったかぶりをする友人をからかう時,「Macam si banar（本物みたいだな）」,傲慢な態度をユーモアを交えて牽制し、対等な関係を維持する。,友人の少し抜けた行動を見た時,「Palui jua（馬鹿だなぁ）」,敵意のない親しみを込めた悪口として、友情の深さを確認する。
第3象限,ブルネイ,【事実】,階級・サブカルチャー差別語「Poklen」,派手な改造車、奇抜な髪型、マナーの悪さなどを持つ地元若者を指す蔑称。,社会規範からの逸脱者をレッテル貼りし、保守的な社会の秩序を防衛する。,優越感、軽蔑、道徳的優位性。,1990?2000年代に発生。語源には諸説（Falkland等）あるが、保守的なブルネイ社会において労働者階級的・不良的な美学を排除する機能を持つ。,うるさい改造車を見た時,「Kereta poklen（ポクレンの車）」,安っぽく自己主張の強い美的センスを、低階級の象徴として軽蔑・非難する。,ショッピングモールで金髪に染めた若者を見た時,「Gaya poklen（ポクレンのスタイル）」,保守的な服装規範から外れた者を「教養がない」として社会的に隔離する。,大文字と小文字を混ぜた独特なネット書き込みを見た時,「Tulisan poklen（ポクレン文字）」,特異な言語実践を「無知の証明」としてキャンセルし、正統な言語規範を守る。
第4象限,ブルネイ,NO_DATA,NO_DATA,NO_DATA,NO_DATA,NO_DATA,NO_DATA,NO_DATA,NO_DATA,NO_DATA,NO_DATA,NO_DATA,NO_DATA,NO_DATA,NO_DATA,NO_DATA
第1象限,ベトナム,【事実】,親族呼称の代名詞化と厳密なヒエラルキー,"一般的な「私」「あなた」の代わりに、年齢や立場に応じた家族呼称（Anh, Ch?, B?c, Emなど）を用いる。",対話の瞬間に年齢と社会的ランクを確定させ、長幼の序を維持する。,敬意、秩序への服従、自身の立場の明確化。,儒教の家族主義的な階層構造が社会全体に投影されたものであり、ベトナム語の根幹をなす文法規則。,少し年上の男性と初対面で話す時,相手を「Anh（兄）」、自分を「Em（弟/妹）」と呼ぶ,初対面であっても擬似的な兄弟関係を構築し、年長者への敬意を自動化する。,親の年齢に近い人と話す時,相手を「B?c（伯父/伯母）」と呼ぶ,圧倒的な年齢差に対して、より上位の敬意を強制する。,教師が学生に話しかける時,教師自身を「Th?y/C?」、学生を「Em」と呼ぶ,制度的な権威と保護的立場の両立を言語的に確立する。
第2象限,ベトナム,【事実】,Z世代の自虐・共感スラング（B?t ?n / Tr?m c?m）,重篤な精神医学的用語を、日常の些細な不便や失敗に対して誇張して使用する。,日々のストレスや混乱をユーモアで和らげ、同世代間での共感と連帯を生む。,共感、ストレス発散、自虐的カタルシス。,急速な近代化とSNSの普及により、専門用語の意味が漂白（セマンティック・ブリーチング）され、日常的な感情表現として定着。,美容室で髪型を失敗された時,「Tr?m c?m qu?（うつ病になりそう）」,些細な不幸を極端に表現することで、友人からの同情と笑いを誘う。,グループ課題が全く進まない時,「Cu?c s?ng b?t ?n（不安定な人生）」,カオスな状況をあえて客観的かつ大げさに表現し、連帯感を高める。,街中でイチャつくカップルを見た時,「?n c?m ch?（ドッグフードを食べる）」,中国のネットスラングからの借用。独り身の惨めさを共有し、シングル同士で慰め合う。
第3象限,ベトナム,【事実】,政治的・歴史的イデオロギーの分断語（B? ?? / Ba s?c）,SNS上で、親政府派・ナショナリストと、反共産党派・海外亡命者らが互いに投げ合う蔑称。,政治的な対立相手をレッテル貼りし、その主張の正当性を根本からキャンセルする。,敵対心、狂信的愛国心、排除のカタルシス。,ベトナム戦争の歴史的経緯（南ベトナムの三本線国旗など）と、現代のネット検閲・ナショナリズムが結びついて生まれた対立語。,海外からベトナム政府の政策を批判された時,批判者を「Ba s?c（三本線/反逆者）」と呼ぶ,旧南ベトナムの残党と紐付けることで、正当な批判であっても「国賊」として論破・無効化する。,ネット上で政府を盲目的に擁護する層を見た時,擁護者を「B? ??（赤い牛）」と呼ぶ,政府のプロパガンダを鵜呑みにする層を家畜扱いし、その知性をキャンセルする。,海外の亡命者がベトナムの現状を嘆いた時,亡命者を「Kh?t n??c（喉が渇く）」と呼ぶ,「m?t n??c（脱水症状／国を失う）」という言葉の多義性を利用し、国を失った敗者の境遇を攻撃的かつ冷酷に嘲笑う。
第4象限,ベトナム,【事実】,言葉遊び「N?i l?i（ノイ・ライ）」によるタブー回避とユーモア,単語の2つの音節の「声調」や「頭子音」を入れ替え、別の意味（多くは皮肉や下ネタ）を作る。,直接的な不満やタブー（金銭、性など）を、知的な言葉遊びの制約に変換してガス抜きする。,知的な遊び心、ストレス軽減、暗黙の了解。,ベトナムの伝統的な言葉遊びであり、詩や民話から現代のネットミームに至るまで、検閲や社会的圧力をかわすために用いられる。,現代生活の物価高を嘆く時,「Hi?n ??i（現代）」の音を入れ替え「H?i ?i?n（電気を害する）」と言う,文明の利器がもたらす出費の痛手を、ダジャレに昇華して笑い飛ばす。,賄賂や給料の話を切り出す時,「??u ti?n（まず最初に）」の音を入れ替え「Ti?n ??u（金はどこだ）」と言う,物事の優先順位が結局「金」であることを、直接的な要求を避けてシニカルに表現する。,恋愛の苦労について語る時,「Th??ng nhau（愛し合う）」の音を入れ替え「?au x??ng（骨が痛い）」と言う,ロマンチックな理想を、身体的な痛みにすり替えることで冷笑的に処理する。
第1象限,マレーシア,【都市伝説】,月を指差すと耳を切られるという迷信（言語的タブー）,夜の空の月を人差し指で直接指差し、月について言及すると、寝ている間に月の神（または霊）に耳の裏を切られると信じられている。,自然に対する畏敬の念の植え付け、および子供の無作法な振る舞い（指差し）の強制的な矯正。,恐怖、神秘性、伝統的ルールへの服従。,華人コミュニティを中心に広く伝わる民間伝承。実際には、無作法とされる「人を指差す行為」を子供にやめさせるための躾の方便である。,子供が夜空の月を見つけ指差した時,「Jangan tunjuk bulan!（月を指差すな！）」,物理的な罰（耳が切られる）を警告して、即座に不作法な行動を止めさせる。,なぜ指してはいけないか子供が聞いた時,「Nanti dewa bulan potong telinga（後で月の神様に耳を切られるぞ）」,神秘的な存在を引き合いに出し、畏敬の念と恐怖によって秩序を強制する。,翌朝、子供の耳の裏が荒れていた時,"「Tengok, telinga dah luka（ほら、耳が傷ついた。月を指差したからだ）」",アトピーや寝汗などの偶然の皮膚炎を、迷信の証拠として事後的に意味付けし教訓を強化する。
第2象限,マレーシア,【事実】,多民族の連帯を生む混成語（Manglish / Bahasa Rojak）,"英語をベースにしつつ、文末にマレー語や中国語由来の語気助詞（lah, meh, liao等）を付与する。",民族の壁を越えた「マレーシア人」としてのオーセンティシティと連帯感を築く。,温かみ、非公式性、多文化への帰属意識。,何世紀にもわたる多民族共生の結果生み出された独特の接触言語（クレオール）であり、国民的アイデンティティの要となっている。,相手を安心させたい時,「Don't worry lah」,マレー語由来の「lah」をつけることで、文意を柔らかくし、相手への温かい配慮を示す。,相手の言っていることに疑念がある時,「Can do meh?（本当にできるの？）」,広東語由来の「meh」を用いることで、直接的な否定を避け、ソフトに疑問を呈する。,すでに完了したことを伝える時,「I eat liao（もう食べた）」,福建語由来の「liao（了）」を使い、多民族間で通じる効率的かつ親密な時制表現を行う。
第3象限,マレーシア,【事実】,人種的・政治的非難の言葉（Pendatang / Cina Bukit）,人種的な分断を強調し、マレー系優位主義（ブミプトラ政策）を擁護または少数民族を攻撃するための表現。,政治的動員、少数民族の疎外、および民族的特権の防衛。,ルサンチマン、優越感、被害者意識。,1969年の民族暴動とそれに続くマレー人優遇政策（憲法153条）を背景に、政治的レトリックとして頻繁に利用される。,マレー系の政治集会で団結を呼びかける時,「Ketuanan Melayu（マレー人の主権/優位性）」を連呼する,他民族に対する政治的・社会的優位性を主張し、平等の議論をキャンセルする。,華人やインド系の国民と議論になり激昂した時,「Pendatang（移民/よそ者）」と呼ぶ,何世代にもわたり定住している国民に対し、市民権や帰属意識を無効化し攻撃する。,華人の粗野な振る舞いを非難する時,「Cina Bukit（山の中国人）」と呼ぶ,特定の民族を「教養がなく金に意地汚い」というステレオタイプに押し込め、分断を煽る。
第4象限,マレーシア,【事実】,政策の頭字語（MCO / PKP）をもじったガス抜きジョーク,パンデミック時のロックダウン政策の略称（PKP）を、政府への不満や生活の苦しみを表す別の言葉に置き換えて遊ぶ。,度重なるルール変更や官僚主義への怒りを、共有可能なユーモアに変換して発散する。,カタルシス、集団的な心理的防衛、レジリエンス。,"2020?2022年のCovid-19対策において、政府が頻繁に名称（PKP, PKPB, PKPD等）を変えたことによる大衆の混乱と怒りが背景。",移動制限令（PKP）のルールが二転三転した時,PKPを「Pening Kepala Pikir（考えてると頭が痛い）」の略だと揶揄する。,一貫性のない政府の方針に対する疲労感を、頭字語のダジャレに乗せて笑い飛ばす。,ロックダウンで経済的打撃を受けた時,PKPを「Pergi Kerja Payah（仕事に行くのが困難）」の略だと自嘲する。,日々の生活の苦しさを直接的なデモではなく、言葉遊びの制約の中で表現する。,複雑な感染対策ルール（SOP）を皮肉る時,SOPを「Semua Orang Pening（全員が混乱している）」の略だと呼ぶ。,Standard Operating Procedureという建前を裏返し、官僚主義の無能さを嘲笑う。
第1象限,ミャンマー,【事実】,性別に基づく絶対的文末詞（Shin / Khin-bya）,女性は文末に「Shin」、男性は「Khin-bya」をつけ、目上や見知らぬ人に対して使用する。,性別役割の確認と、相手への丁寧さ・従属関係をすべての対話において確立する。,謙虚さ、社会的調和、秩序への服従。,ビルマ語の敬語体系の中核をなす文法規則。これらを省略することは「Yine（粗野・無教養）」とみなされる。,女性が上司や客からの呼びかけに答える時,「Hote-kae shin（はい、承知しました）」,自身の性別を示しつつ、相手への明確な従順さと丁寧さを表明する。,男性がビジネスの場で挨拶をする時,「Mingalaba khin-bya（こんにちは）」,男性としてのプロフェッショナルな礼儀正しさを、文末詞によって保証する。,文末詞を使わずに目上の人と話した時,「あの子はYine（無作法）だ」と周囲から評価される,言語規則を守らない者を社会的に低評価にすることで、敬語の秩序を強制する。
第2象限,ミャンマー,【事実】,喫茶店（Tea Shop）の独自の注文符丁,ミルクティー（ラペッイェー）を注文する際、茶葉の濃さ、練乳、エバミルクの比率を極めて詳細な専門用語で指定する。,都市の喫茶店文化への帰属を示し、常連客としてのアイデンティティと効率的な意思疎通を図る。,安心感、日常のルーティンへの愛着、仲間意識。,ミャンマーの喫茶店は社会生活の中心地であり、イギリスやインドの紅茶文化が独自にローカライズされた結果、複雑な言語体系が発達した。,甘くて濃厚なミルクティーが飲みたい時,「Kyar-seint（濃くてコクがある）」と注文する,エバミルクと練乳をたっぷり入れた配合を、一言の符丁で的確に伝える。,標準的だが少し茶葉を濃くしたい時,「Pone-hman（普通）」ではなく「Pawt-kya（あっさり・濃い茶）」と注文する,甘さを控えつつ茶の渋みを立たせるという複雑な好みを、店員と共有する。,常連として店員に細かな好みを伝える時,「Cho-kya（甘くて濃い茶）」と注文する,メニューにはない詳細なカスタマイズ用語を使いこなすことで、その場の文化への適応を示す。
第3象限,ミャンマー,【事実】,軍事クーデター後の分断・告発用語（Dalanz / Sit-kway）,2021年の軍事クーデター以降、軍への密告者や軍関係者を特定し、攻撃するために生まれた用語。,コミュニティ内の裏切り者を特定・排除し、心理戦において敵を非人間化する。,怒り、パラノイア、生存本能、正義感。,クーデター後の凄惨な弾圧と内戦により、言語が即座に「抵抗と告発の武器」としてアップデートされた事実に基づく。,近所に軍と通じている疑いのある者がいた時,その人物を「Dalanz（密告者/裏切り者）」と呼ぶ,社会的なボイコットや、場合によっては暗殺のターゲットとしてラベリングする。,軍の兵士や警察官について言及する時,彼らを「Sit-kway（軍の犬）」と呼ぶ,市民を弾圧する権力者を動物に例えることで非人間化し、武力行使への心理的ハードルを下げる。,軍側が民主派の抵抗勢力（PDF）を呼ぶ時,PDF（国民防衛隊）を「Pyi-Phyet（国を破壊する者）」と呼ぶ,国家権力側が抵抗勢力の正当性をキャンセルし、暴力的な弾圧を正当化する。
第4象限,ミャンマー,【事実】,検閲回避と連帯のための隠語・暗号メタファー（スイカ等）,軍政の厳しいネット検閲やスマホの物理的チェックを逃れるため、果物や日常語を政治的立場の暗号として用いる。,恐怖政治に対する不満を、ユーモアを交えた暗号表現に昇華し、安全に連帯を維持する。,希望、秘密の共有、権威を出し抜く痛快さ。,クーデター後、直接的な反軍政の書き込みが逮捕・拷問に直結するため、市民が自発的に編み出したデジタル・レジスタンス手法。,抵抗勢力（PDF）にこっそり協力する兵士を称賛する時,「Phayay-thee（スイカ）」と呼ぶ,外側は緑（軍の制服の色）だが、中身は赤（民主派・NLDのシンボルカラー）であることを暗喩し、離反者を歓迎する。,独裁者ミンアウンフラインをネットで批判する時,「MAL（マ・ア・ラ）」と呼ぶ,本名の頭文字だが、ビルマ語の極めて下品な放送禁止用語（Motherf*cker相当）と同じ発音になるため、検閲を避けつつ最大限の侮蔑を浴びせる。,夜間に軍の目を盗んでゲリラデモを行う若者たちを指す時,「Pyan-hlwar（ツバメ）」と呼ぶ,危険な反政府活動を、素早く飛び去る鳥のメタファーでロマンチックに表現し、弾圧下の恐怖を和らげ士気を保つ。
第1象限,ラオス,【事実】,ラオス語の社会階層に基づく人称代名詞と敬称,相手の年齢や社会的地位に応じて代名詞（Jao、Thanなど）を厳格に使い分ける,上座部仏教の価値観に基づく社会階層と長幼の序の維持,相手への敬意の明示と調和の保持,タイ・カダイ語族における複雑な敬語体系と仏教的階層観の反映,公式な場や社会的地位の高い人に話しかけるとき,Than sabaidee bo? (ご機嫌いかがですか),「Than」は高官や僧侶などに対して用いられ最大の敬意と距離感を示す,友人や同等または少し目上の人に話しかけるとき,Jao sabaidee bo? (元気ですか),「Jao」は一般的な「あなた」であり日常的な礼儀を保つために広く使われる,年下の者や極めて親しい友人に話しかけるとき,To sabaidee bo? (元気？),「To」を用いることで社会的な壁を取り払った強い親密さや上下関係を示す
第2象限,ラオス,-,NO_DATA,-,-,-,-,-,-,-,-,-,-,-,-,-
第3象限,ラオス,-,NO_DATA,-,-,-,-,-,-,-,-,-,-,-,-,-
第4象限,ラオス,-,NO_DATA,-,-,-,-,-,-,-,-,-,-,-,-,-
第1象限,東ティモール,【事実】,テトゥン語における擬似親族呼称と代名詞の使い分け,相手の年齢や関係性に応じてO、Ita、Maunなどを使い分ける,共同体内の長幼の序と相互敬意の維持,家族的な連帯感と社会的な距離の適切な管理,オーストロネシア語族に共通する親族呼称の拡張用法とポルトガル語の影響,初対面の人や目上の人に話しかけるとき,Ita di'ak ka? (お元気ですか),「Ita」（あなた/私たちを含む）を用いることで相手に敬意を示す,血縁のない年上の男性に親しみを込めて呼びかけるとき,"Maun, mai ita hemu kafe. (兄さん、コーヒー飲みましょう)",Maun（兄）を使うことで共同体内の疑似的な家族関係を築く,親しい友人や年下の人に話しかけるとき,O halo saida? (お前何してるの),「O」（お前）を用いることで親密さやカジュアルな関係を示す
第2象限,東ティモール,-,NO_DATA,-,-,-,-,-,-,-,-,-,-,-,-,-
第3象限,東ティモール,-,NO_DATA,-,-,-,-,-,-,-,-,-,-,-,-,-
第4象限,東ティモール,-,NO_DATA,-,-,-,-,-,-,-,-,-,-,-,-,-
第1象限,インド,【事実】,ヒンディー語の親疎・上下関係に基づく代名詞の使い分け,相手の年齢や社会的地位に応じてTu、Tum、Aapを使い分ける,社会階層と長幼の序の維持,敬意の表現と心理的距離の調整,インド・アーリア語派に共通する親称・敬称の区別（T-V distinction）に基づく語用論的事実,目上の人や初対面の人に話しかけるとき,Aap kaise hain? (ご機嫌いかがですか),「Aap」を用いることで最大限の敬意と社会的な距離を示す,同輩や友人に話しかけるとき,Tum kya kar rahe ho? (何してるの),「Tum」を用いることで親しさと対等な関係を示す,非常に親しい友人や目下、または神に祈るとき,Tu kahan hai? (お前どこにいる),「Tu」は極めて親密あるいは相手を見下す際に使われ、神への絶対的な帰依を示す際にも用いる
第2象限,インド,【事実】,ボンベイ・ヒンディーにおける連帯のストリートスラング,Jugaad、Bindaas、Bhaiなどの独自の語彙を用いて仲間意識を高める,多言語社会における都市生活者のアイデンティティ形成,困難な環境を生き抜く共感と連帯感の創出,マラーティー語、グジャラート語、英語などが混合した都市特有のピジン的変種（ムンバイ・スラング）,困難な課題を創意工夫で乗り越えようとするとき,Kuch jugaad karte hain. (何か「ジュガール」しよう),既存の枠にとらわれない柔軟な解決策を称賛し合う,友人が周囲の目を気にせず堂々としているとき,Ekdum bindaas hai. (最高に「ビンダース」だね),マラーティー語由来の言葉で、無頓着さや自由奔放さを肯定する,街中で見知らぬ同年代の男性に呼びかけるとき,"Aye Bhai, idhar aana. (おい「兄貴」、こっち来て)",実際の兄弟でなくてもBhai（兄貴）と呼ぶことで都市特有の擬似的な連帯を示す
第3象限,インド,【事実】,現代インド政治におけるレッテル貼り用語,SNSやメディアで政敵やその支持者を特定の侮蔑語で呼ぶ,政治的コミュニティの分断とスケープゴートの作成,内集団の結束強化と外集団への敵意の増幅,イデオロギーの極極化に伴う政治的ディスコースの変容とネット上のエコーチェンバー現象,与党（BJP）の熱狂的な支持者を批判するとき,Andh Bhakt (盲目的な信者),宗教的な「信愛（バクティ）」を皮肉り、盲信的であると非難する,リベラル派や世俗主義者を批判・揶揄するとき,Sickular / Libtard,Secular（世俗的）をもじってSick（病気）と結びつけ、偽善的だと攻撃する,野党の有力政治家を頼りないと揶揄するとき,Pappu (小さな男の子),一般的な愛称を転用し、政治的指導者としての未熟さを印象付ける
第4象限,インド,【事実】,政党名や制度をもじった風刺的バクロニム,既存の政党名や政策の略称に全く別の皮肉な単語を当てはめて権威をからかう,政治的不満のガス抜きと非暴力的な抵抗,権威を笑い飛ばすことによるカタルシスと無力感の軽減,言論空間の制約や政治的閉塞感に対する言語的抵抗の形態としてのユーモア,与党の公約が未達成だと批判するとき,Bhartiya Jumla Party (インド・ホラ吹き党),BJPのJをJumla(虚偽の約束)に置き換え、政策の実現性を嘲笑する,野党（INC）の汚職体質を揶揄するとき,I Need Cash,INCの頭文字を使い、腐敗した資金集めを風刺する,政府の税制（GST）による負担増を嘆くとき,Gabbar Singh Tax (ガッバル・シン税),GSTをボリウッド映画の有名な盗賊の名前に置き換え過酷な取り立てを批判する
第1象限,パキスタン,【事実】,ウルドゥー語におけるアダーブ（礼儀作法）と敬称,目上や見知らぬ人に対してSahibやJanabなどを付けて話す,イスラム文化と南アジアの伝統に基づく社会的階層の維持,相互敬意の確認と社会的摩擦の回避,ペルシャ語・アラビア語由来の宮廷文化（ムガル帝国）の言語的遺産,役人や会社の上司にフォーマルに話しかけるとき,Janab-e-Aali (尊敬なる殿),極めてフォーマルなペルシャ語由来の敬称で絶対的な敬意を示す,目上の男性や専門家に呼びかけるとき,Doctor Sahib / Master Sahib,職業名の後にSahibを付けることでその地位に対する社会的承認を与える,既婚女性や上流階級の女性に言及するとき,Begum Sahiba,敬意を示すと同時に性別と階級に基づいた丁寧な距離感を作る
第2象限,パキスタン,【事実】,都市別の若者文化におけるスラングとアイデンティティ,Burger、Pindi Boy、Mailaなどの社会階層や出身地に基づく隠語を用いる,若者同士のサブカルチャー的連帯と他集団の差異化,ユーモアを交えた自己認識と仲間意識の強化,急速な都市化と欧米文化の流入による社会階層の言語的差異化,欧米かぶれで裕福な地区の若者を揶揄または自嘲するとき,Burger bacha (バーガー・キッズ),伝統食ではなくハンバーガーを食べるような西洋化された富裕層を指す,ラーワルピンディー出身のバイク好きな若者集団を指すとき,Pindi boy,特定のファッションや行動様式を持つ若者を指し、当初は揶揄だったが後に誇り高いアイデンティティに転化した,派手で洗練されていない下町風の若者を指すとき,Maila (マイラ),本来は「汚れた」の意味だが、特定のストリートファッションや態度を指すスラングとして定着
第3象限,パキスタン,【事実】,パキスタン政治における支持者同士の非難用語,主要政党の支持者が互いを動物や侮蔑的なニックネームで呼ぶ,政治的対立の激化と相手陣営の非人間化,政治的忠誠心の証明とカタルシスの獲得,民主主義の混乱期におけるポピュリズムとソーシャルメディアの攻撃的修辞,ムスリム連盟ナワーズ派（PML-N）の支持者を非難するとき,Patwari (村の土地登記役人),汚職や古い官僚主義にまみれているというイメージを重ねて攻撃する,正義運動（PTI）の熱狂的な若者支持者を揶揄するとき,Youthia (若者＋侮蔑語の造語),Youthに下品な接尾辞を組み合わせ、盲目的で無礼だと非難する,人民党（PPP）の絶対的な支持者を指すとき,Jiyala (狂信的献身者),本来は「勇敢な」という意味だが、汚職に目を瞑って盲従する人々というネガティブな文脈で使われる
第4象限,パキスタン,【事実】,国営企業（特にPIA）に対する皮肉なバクロニム,サービスの質の低さや遅延を頭字語をもじって笑い話にする,公共サービスへの慢性的な不満の遊戯的昇華,改善されない現状への諦めとユーモアを通じたストレス緩和,インフラや国営企業の経営不振に対する市民的フラストレーションの反映,パキスタン国際航空（PIA）のフライトが大幅に遅延したとき,Perhaps I Arrive (たぶん到着するだろう),航空会社にとって致命的である「確実性の欠如」を頭文字で表現して笑い飛ばす,フライト中の安全性が不安になったりトラブルが起きたとき,Please Inform Allah (アッラーにお知らせください),危機的状況を神頼みするしかないというブラックジョークで現状を皮肉る,手荷物が紛失したり機内サービスが最悪だったとき,Pain In Ass (ケツの痛み／大迷惑),英語の一般的なスラングをそのままPIAの頭文字に当てはめ、ストレートな不満を表現する
第1象限,バングラデシュ,【事実】,ベンガル語の親疎・権威に基づく敬語体系,相手の年齢、社会的地位、親密度に応じて代名詞を変える,バングラデシュ社会における長幼の序と権威の維持,親密さの表現、または相手への服従・敬意の明示,インド・アーリア語派の特徴である社会的距離空間（T-V distinction）の反映,初対面の人や目上の人に話しかけるとき,Apni kemon achen? (ご機嫌いかがですか),「Apni」とそれに対応する動詞活用を用い、礼儀正しさと社会的距離を保つ,友人や年下の家族に話しかけるとき,Tumi kemon acho? (元気？),「Tumi」を用いることで、適度な親しさと対等または親愛の情を示す,極めて親密な友人、または相手を見下して罵倒するとき,Tui ki korchis? (お前何してんだ),「Tui」は親密の極みか、社会的格下の者へのぞんざいな態度という極端な二面性を持つ
第2象限,バングラデシュ,【事実】,ダッカのストリート・スラングと擬似親族呼称,見知らぬ人に対してもMama（叔父）などの親族呼称や独特のスラングを使う,人口過密なメガシティにおける社会的摩擦の緩和と連帯,他人との距離を一気に縮め警戒心を解く,伝統的な農村の親族ネットワーク（ゲマインシャフト）の都市部への適応,リキシャの運転手や露店の店主に呼びかけるとき,"Mama, jaben? (おじさん、行く？)",母方の叔父を意味するMamaを使うことで見知らぬ労働者に対する親しみと敬意を同時に示す,日常のストレスや面倒な状況を友人に愚痴るとき,Onek pera. (すごく「ペラ」だ),「圧力」や「苦痛」を意味する単語を軽いスラングとして使い、若者同士で共感を呼ぶ,友人との別れ際や同意を示すとき,Joss! (ジョス！),英語のJuiceから派生したと言われ、「素晴らしい」「最高」という意味で若者の間で多用される
第3象限,バングラデシュ,【事実】,歴史認識と政治的対立に基づくレッテル用語,独立戦争の歴史や世俗主義・宗教の対立軸に基づく非難を行う,歴史認識の独占と政敵の反国家分子化,国家への忠誠心を巡る強烈な怒りと憎悪の喚起,1971年の独立戦争を巡る未解決のトラウマと、世俗主義vsイスラム主義の政治的対立,政敵や親パキスタン的な思想を持つ者を最大限に非難するとき,Razakar (ラザカル / 裏切り者),独立戦争時のパキスタン軍協力部隊の名称で、最大の侮蔑語・売国奴として機能する,世俗主義的な若者や活動家を宗教保守派が攻撃するとき,Shahbaghi (シャハバグ派),2013年の抗議運動の参加者を指し、無神論者や反イスラム的だというレッテルとして用いる,リベラル派が宗教保守派を遅れていると非難するとき,Mullah (ムッラー / イスラム教の説教師),宗教的指導者を指す言葉だが、狂信的で理性的でない人々という意味合いを込めて蔑称的に使われる
第4象限,バングラデシュ,-,NO_DATA,-,-,-,-,-,-,-,-,-,-,-,-,-
第1象限,スリランカ,【事実】,シンハラ語の厳格なダイグロシア（文語と口語の分離）,話し言葉と書き言葉で文法（特に動詞の活用）が完全に異なり、日常会話で文語を使うと非常に不自然で傲慢だとみなされる。,教養や社会的文脈（公私の別）の証明と、不文律のルールの維持。,公的な場での緊張感と、日常会話における過剰な格式張りを避ける安堵感。,シンハラ語は南アジアでも顕著なダイグロシア（二言語変種使い分け）社会であり、書き言葉は古典文法を維持している。,親しい友人との日常会話,「Mama yanawa（私は行く）」（口語）,主語の人称に関わらず動詞の形が変化しない、最も自然な日常的表現。,ニュースキャスターによる報道,「Mama yami（私は行く）」（文語）,主語（一人称単数）に応じて動詞が活用（-mi）する。公的な場でのみ許容される。,日常会話で故意に文語を使った場合,会話の中で突然「Mama yami」と発話する,「気取っている」「偉ぶっている」あるいは「ふざけている」と受け取られ、社会的な違和感を生む。
第2象限,スリランカ,【事実】,親称「マチャン（Machan）」による連帯,本来はタミル語で「義理の兄弟」を意味する言葉だが、シンハラ語・タミル語の枠を超えて「親友、相棒」として日常的に多用される。,民族的・言語的境界を越えた若者同士の連帯感とイングループの形成。,相手との心理的距離を一気に縮め、仲間意識や安心感をもたらす。,元来タミル語の親族呼称がシンハラ語の日常スラングとして定着したもので、スリランカ全土で通じる数少ない非公式な共通語彙となっている。,親しい友人への挨拶,"「Machan, kohomada?（マチャン、元気か？）」",名前を呼ぶよりも親密で、対等な関係性であることを瞬時に確認し合う。,相手に軽い頼み事をする時,"「Aney machan, podi udawwak...（頼むよマチャン、ちょっと助けて）」",「Aney（お願い）」と組み合わせることで、相手の情に訴えかけ断りにくくする。,相手を軽くたしなめる時,「Pissuda machan?（狂ってんのかマチャン？）」,怒りを和らげ、あくまで仲間としての親愛の情を込めたツッコミとして機能する。
第3象限,スリランカ,【事実】,植民地主義的残滓に対する非難「カル・スッダ」,西洋化されすぎたスリランカ人や、英語や西洋の価値観をひけらかして伝統を軽視するエリート層を指して「黒い白人」と呼んで非難する。,西洋的価値観への対抗と、自文化中心主義・ナショナリズムの煽動。,エリート層に対するルサンチマンの解消と、非エリート層の結束。,植民地時代から続く英語話者エリート（Posh）とシンハラ語・タミル語話者の大衆との間の、深い社会経済的・文化的階級対立を背景とする。,伝統を軽視するエリートを見た時,「Eya kalu suddhek（あいつはカル・スッダだ）」,自国の文化や言語を話せない（または話さない）特権階級に対する直接的な侮蔑。,西洋的な政策やビジネス手法への反発,「Kalu suddhange weda（カル・スッダたちのやり口だ）」,外資や西洋的NGOの介入に対して、地元民の反感や怒りを煽るために使われる。,英語の発音を過剰に気取っている人を揶揄する時,「Kalu suddha wage katha karanawa（カル・スッダみたいに喋る）」,「偽物」「気取っている」というレッテルを貼り、相手の社会的地位を言語的に引きずり下ろす。
第4象限,スリランカ,【事実】,英語を「剣（Kaduwa）」と呼ぶ隠語と階級ジョーク,英語を「カドゥワ（剣）」という隠語で呼び、英語力が社会を切り裂く武器・障壁であることをユーモア交じりに自嘲・揶揄する。,圧倒的な言語的障壁（英語力＝就職や階級の壁）に対する無力感のガス抜き。,言語コンプレックスを笑いに変換し、非英語話者間の連帯を強める。,1970年代の大学キャンパスで生まれ定着したスラング。英語が社会的地位を決定づけるスリランカ社会の不平等を「剣」に例えた秀逸な比喩。,相手が急に流暢な英語を話し始めて威圧してきた時,「Kaduwen gahanawa（剣で斬りつけてきている）」,英語でマウントを取ろうとする行為を「武器を振り回している」と笑い飛ばす。,誰かの英語が非常に美しく完璧であると評価する時,「Kaduwa polis（磨き上げられた剣だ）」,畏敬の念を含みつつも、それが「強力な武器」であることを暗に認める表現。,自分や友人の英語が下手なことを自嘲する時,「Kaduwa paththai（剣が鈍っている/なまくら刀だ）」,ブロークン・イングリッシュしか話せないコンプレックスをユーモアで和らげる。
第1象限,ネパール,【事実】,ネパール語の3段階敬語（タパイ・ティミ・タ）,相手の身分、年齢、親密度に応じて、代名詞と動詞の活用を厳密に3段階（最高敬語・中称・卑称）で使い分ける。間違えると大変無礼とされる。,カースト、年齢、社会的地位に基づく厳格なヒエラルキーの維持。,目上への絶対的な服従感と、目下に対する優位性の確認。,インド・アーリア語派に共通する特徴だが、ネパール語では特に動詞の語尾変化が代名詞と完全に連動し、社会的階層を如実に反映する。,初対面の大人や目上の親族に話しかける時,「Tapain kaha janu hunchha?（［タパイ］どこへ行かれますか？）」,最高敬語。尊敬と適度な距離感を示し、社会的秩序を守る最も安全な表現。,同年代の友人や配偶者に話しかける時,「Timi kaha janchhau?（［ティミ］どこへ行くの？）」,中称。親密さを示すが、目上の人に使うと「見下された」と激怒されるリスクがある。,動物、極めて親しい同性、または激しく罵倒する時,「Ta kaha janchhas?（［タ］どこ行くんだ？）」,卑称。カースト下位者や子供に使われた歴史もあるが、現在は親密な関係以外で使うと深刻な喧嘩に発展する。
第2象限,ネパール,【事実】,疑似親族呼称による社会的包摂（ダイ、ディディ等）,全く見知らぬ他者に対しても、年齢に応じて「兄（ダイ）」「姉（ディディ）」「妹（バヒニ）」などの家族呼称で呼びかける。,見知らぬ者同士の警戒心を解き、社会全体を疑似的な大家族に見立てる。,アノニマスな関係性をパーソナルなものに変換し、相互扶助の感情を引き出す。,ネパール社会に深く根付いた相互扶助とコミュニティ精神の言語的表れ。「あなた（タパイ）」と呼ぶより親近感があり、広く日常的に実践されている。,バザールで男性の店主に値段を尋ねる時,"「Dai, kati ho?（お兄さん、いくら？）」",相手を「見知らぬ商人」ではなく「自分の兄」として扱い、ぼったくりを防ぎ好意的な対応を引き出す。,道端で年上の女性に道を尋ねる時,"「Didi, bato kata ho?（お姉さん、道はどちらですか？）」",目上の女性への敬意と親しみを同時に表現し、助けを得やすくする。,食堂で若い女性店員を呼ぶ時,"「Bahini, bill dinus（妹よ、お勘定をお願い）」",「ウェイトレス」という職業名ではなく、妹として扱うことで、温かみのあるコミュニケーションを図る。
第3象限,ネパール,【事実】,政治的分断を煽る動物メタファー（羊、スズメバチ等）,政治家の狂信的な支持者や対立陣営を、「羊」「スズメバチ」などの動物に例えてSNSや日常会話で激しく攻撃・レッテル貼りする。,特定の政治集団を非人間化（動物化）し、対立陣営への攻撃を正当化する。,自分たちは「目覚めている」という優越感と、敵対集団に対する強い侮蔑・分断。,近年のネパールの政治的不安定さとSNSの普及により急増。特に元首相が自派の支持者を「スズメバチ」に例えた発言が、反対派から嘲笑の的として逆利用された。,盲目的に特定の政党に投票する有権者を非難する時,「Bheda jasto（羊の群れのような奴らだ）」,自分で思考せず、指導者の後ろをゾロゾロとついていくだけの愚かな大衆を揶揄する。,暴力的な手段で反対意見を弾圧する政党の若手活動家を指す時,「Arigaal（スズメバチ）」,「巣を突かれたスズメバチのように一斉に攻撃しろ」という政治家の発言に由来し、盲信的で危険な集団という烙印を押す。,権力者に媚びへつらう政治家やメディアを嘲笑する時,「Hanumane（ハヌマーンのような奴ら）」,本来は神聖な猿神だが、ここでは「主人の命令なら何でも盲従する手先・太鼓持ち」というネガティブな意味で使われる。
第4象限,ネパール,【事実】,時間へのルーズさを自嘲する「ネパリ・タイム（Nepali Time）」,約束の時間に遅れること、または遅刻する人を「ネパリ・タイムだから」と笑って許容・自嘲する。,インフラの未発達や交通渋滞など不可抗力的な遅刻に対する免罪符と摩擦回避。,遅刻への罪悪感の軽減と、おおらかな時間感覚の共有によるストレス緩和。,南アジア全般に共通する時間感覚だが、ネパールにおいて国民的特性として自嘲とユーモアの対象として定着している。,友人が約束の1時間後に悪びれずに到着した時,「Ma Nepali time ma aayen（ネパリ・タイムで来たよ）」,遅刻を個人的な非ではなく、文化的なお約束のせいにしてユーモアに変換する。,イベントが予定時刻を過ぎても全く始まらない時,「Yo ta Nepali time ho ni（これがネパリ・タイムだからね）」,イライラする状況を国民的ジョークとして笑い飛ばし、場を和ませる。,時間に厳しい外国人に対して言い訳する時,"「Nepali time, ke garne?（ネパリ・タイムだよ、どうしようもないね？）」",文化的な違いを盾にして、笑いを誘いながら遅刻の許しを乞う。
第1象限,ブータン,【事実】,ゾンカ語の絶対的敬語語彙（Zhe-sa）,王族、高僧、年長者に対しては、名詞や動詞そのものが全く異なる特殊な敬語語彙（シェサ）を使用しなければならない。,仏教的ヒエラルキーと王制への絶対的な敬意、および長幼の序の維持。,自己をへりくだらせ、精神的な修養と社会的調和を保っているという安堵感。,チベット語の敬語体系と共通する特徴を持ち、ブータンの国家アイデンティティや仏教的価値観（Driglam Namzha：伝統的礼儀作法）の中核をなす。,目上の方に食事をしたか尋ねる時,「Ga-ci zhe-yi?（何をお召し上がりになりましたか？）」,通常の「食べる（Za）」ではなく、敬語専用の動詞「Zhe」を使用する。,高貴な方の衣服について言及する時,「Na-bza（お召し物）」,通常の衣服（GhoやKira）という単語は使わず、完全に異なる単語を用いる。,目上の方に食事として魚を提供する時,「Nya-zhe（お魚）」,通常の「魚（Nya）」に敬語マーカー（zhe）を付与して、言葉自体を浄化・格上げする。
第2象限,ブータン,【事実】,敬意と調和の終助詞「ラ（La）」の多用,文末や単語の後に「ラ（La）」を付けることで、相手への深い敬意と気遣いを示し、会話全体を柔らかく平和的なものにする。,対人摩擦の回避と、相互尊重に基づく平和なコミュニティ（国民総幸福量）の具現化。,相手に攻撃の意図がないことを示し、穏やかで安心できる空間を作り出す。,"英語を話す際にも「Yes, la」「Thank you, la」のように借用されるほど、ブータン人の言語感覚に深く根付いた調和のマーカーである。",朝昼晩を問わない基本的な挨拶,「Kuzu zangpo la（こんにちは/ごきげんよう）」,単なる「Kuzu zangpo」よりも丁寧で、相手への祝福と敬意が込められている。,相手の言葉への相槌や同意を示す時,「Laso la（はい、承知いたしました）」,会話の中で頻繁に挟み込まれ、相手の意見を尊重し受け入れていることを強調する。,感謝の意を伝える時,「Kadinchhey la（ありがとうございます）」,深い感謝と謙譲の意を示し、コミュニティ内の恩義や絆を確認し合う。
第3象限,ブータン,【事実】,非伝統的行動への非難「チリンパ（Chilingpa）」,西洋の服装や言葉、文化を好む若者を「チリンパ（外国人/西洋人）」と呼んで非難・嘲笑する。,伝統文化（Driglam Namzha）からの逸脱を牽制し、強固な同調圧力をかける。,自国文化への誇りの確認と、異質分子を排除することによる共同体秩序の安定。,急速な近代化の中で、西洋のヒップホップやポップカルチャーに影響された若者と伝統主義者との間の世代間・文化間対立を背景とする。,若者が伝統衣装を着ずに西洋風の服ばかり着ている時,「Kho chilingpa zum be do（彼は外国人のように振る舞っている）」,伝統を捨てる行為を「外国人の模倣」として冷笑的に批判する。,ゾンカ語に英語を過剰に混ぜて話す若者を見た時,「Chilingpa gi kha（外国人の言葉だ）」,言語の乱れを外来文化の汚染とみなし、心理的な拒絶を示す。,西洋風の個人主義的な振る舞いをする人に対して,「Chilingpa zum ma be（外国人のように振る舞うな）」,コミュニティの調和を乱す行動を「非ブータン的」として強く牽制する。
第4象限,ブータン,【事実】,魔除けの男根（Phallus）ジョーク,狂える聖人ドゥクパ・キュンレーに由来し、家の壁に描かれた巨大な男根の絵や木彫りを前に、性的な冗談を言って笑い合う。,宗教的な魔除け・子宝祈願と、厳格な仏教社会における性のタブーのガス抜き。,神聖なものと卑猥なものを混在させることによる解放感と笑いの共有。,ドゥクパ・キュンレーの教えに由来し、ブータン全土の家屋に魔除けとして描かれる男根（Phallus）を巡る冗談は、宗教的でありながら極めて日常的。,家の壁に描かれた巨大な男根の絵を観光客や友人に説明する時,「Ani pho gi lu ngen bza on（この男根が悪霊を食べてくれるんだ）」,性的なシンボルを「悪霊を退治する武器」としてユーモラスに語る。,子宝に恵まれない夫婦に木彫りの男根のお守りを渡す時,「Pho jinlab yod（男根の祝福がありますように）」,大真面目な祈願でありながら、直接的な表現で照れ隠しの笑いを交える。,ドゥクパ・キュンレーの寺院で僧侶が木製の男根で参拝者の頭を叩く時,「Pho wang zhu（男根の恩恵を授かる）」,本来は神聖な儀式だが、その奇抜な行為自体が参拝者の間にユーモアと笑いを生む。
第1象限,モルディブ,【事実】,ディベヒ語の3階層レジスター（身分に基づく語彙の使い分け）,話しかける相手の社会的地位（一般人、貴族/長老、大統領/王族）に応じて、異なる3段階の語彙レベルを厳密に使い分ける。,社会階層の明確な可視化と、権威に対する制度的な服従の組み込み。,権力者に対する畏怖の念の維持と、平民同士の対等な関係の確認。,歴史的なスルタン制時代の身分制度の名残。現在でも大統領や高官に対する報道・公的文書では最上級の言語レベルが強制される。,一般人同士で「食べる」と言う時,「Keun（食べる）」（Aadhaige bas：一般語）,友人や家族など、対等な関係性の中で使われる最も日常的で気取らない表現。,年配者や尊敬すべき人物に対して「食べる」と言う時,「Kevevvun（召し上がる）」（Maaiy bas：敬語）,目上の人に対する敬意を示す。伝統的な貴族階級などに対しても用いられてきた。,大統領や王族に対して「食べる」と言う時,「Farikkulhavvun（お召し上がりになる）」（Enme maaiy bas：最高敬語）,国家元首やそれに準ずる極めて高い権威者のみに使用が許される特殊な語彙。
第2象限,モルディブ,【都市伝説】,国名の語源をめぐるロマンチックな民間語源,モルディブ（Maldives）の語源は、サンスクリット語の「花輪」やアラビア語の「宮殿」など、美しくロマンチックな意味に由来するという説が広く信じられている。,島々の美しさや独自の歴史に対する国家的な誇りの醸成。,自国の起源を神秘的で美しいものと捉えることによる、ロマンチシズムと自己肯定感の向上。,言語学的には「Mahal（宮殿）」や「Mala（花輪）」＋「Dweepa（島）」など諸説あるが確定しておらず、観光的・愛国的な文脈で都合の良い「美しい語源」が選択的に語り継がれている状態（民間語源）。,観光客に自国の美しさをアピールする時,「Mala Dwipa（花輪の島々）に由来する」,環礁が連なる様子を首飾りの花輪に例えたサンスクリット語由来だという、最もポピュラーで美しいとされる説。,イスラム教国としての誇りや王家の歴史を語る時,「Mahal Dwipa（宮殿の島々）に由来する」,アラビア語の「マハル（宮殿）」から来ているとし、スルタン制の歴史的威厳と中東世界との繋がりを強調する説。,歴史上の女王たちの存在をロマンチックに語る時,「Mahila Dwipa（女たちの島々）に由来する」,過去に数名の女王が統治していた歴史的事実と結びつけ、女尊の神秘的な島であったとする歴史ロマン的な偽語源。
第3象限,モルディブ,【事実】,政敵に対する宗教的レッテル貼り「ラディーニー（Laadheenee）」,民主派や世俗的な考えを持つ政治家、活動家に対して「非宗教的（背教者）」という言葉を投げかけSNS等で激しく非難する。,宗教的権威を利用した政敵の社会的な排除と、自派の行動の正当化。,イスラム教の擁護者であるという優越感と、敵対者に対する憎悪の増幅。,モルディブは100%イスラム教国であり、「Laadheenee」のレッテルは政治的生命だけでなく文字通り命の危険に直結するため、非常に強力な政治的武器として使われる。,リベラルな政策を提案した政治家に対して,「Mee laadheenee meeheh（こいつは背教者だ）」,単なる政策批判ではなく、イスラム教への攻撃とみなして激しく弾劾する。,西洋文化を取り入れたライフスタイルを発信する若者に対して,「Laadheenee amalu tah（非宗教的な振る舞いだ）」,伝統的な価値観から外れた行動を宗教的な罪として非難・炎上させる。,政治デモで対立陣営を攻撃する時,「Laadheenee sarukaaru baatil kuray（背教者の政府を倒せ）」,相手陣営を「神の敵」と定義することで、自分たちの暴力的行動をも正当化する。
第4象限,モルディブ,【事実】,不可解な出来事を精霊のせいにする「ジンニ（Jinni）」ジョーク,物がなくなった時や、不可解な失敗をした時に「ジンニ（精霊）の仕業だ」と冗談めかして言う。,イスラム教以前から根付く精霊信仰をユーモアに変換し、日常生活の小さなトラブルを丸く収める。,責任逃れの笑いと、超自然的な存在への恐怖を和らげる安心感。,モルディブではジンニの存在が広く信じられており、真面目な恐怖の対象でもあるが、同時に日常のトラブルを説明する軽い冗談としても重宝されている。,家の中で鍵や小物がどうしても見つからない時,「Jinni gen giyee kan-neynge（ジンニが持っていったに違いない）」,自分の不注意を棚に上げ、見えない存在のせいにして笑い飛ばす。,夜に子供が理由もなく泣き叫んだ時,「Jinni eh fenunee tha?（ジンニでも見たの？）」,恐怖を和らげるため、あえて冗談めかして問いかける。,機械の故障や原因不明のトラブルが起きた時,「Jinni ge kan-thah（ジンニの仕業だね）」,合理的な説明がつかない事態に対する、諦めとユーモアの混ざった反応。
第1象限,アフガニスタン,【事実】,パシュトゥーンワーリー（掟）の言語化,パシュトゥーン人の部族法である「パシュトゥーンワーリー」の概念がそのまま日常の規範語彙として機能し、これに反することは社会的な死を意味する。,国家の法律よりも強い拘束力による、部族社会の徹底した秩序維持と名誉の保護。,掟を守り抜くことによる強烈な誇りと、違反した場合の血の報復に対する恐怖。,国家権力が及ばない山岳地帯において数百年機能し続けている不文律。言語そのものが法体系として機能している典型例。,客人が家を訪れた時,「Melmastia（絶対的な歓待）」,たとえ敵であっても、自分の家に逃げ込んできた者には命を懸けて食事と保護を与えなければならないという言葉・掟。,罪を犯した者が許しを乞う時,「Nanawatai（庇護の要求・降伏）」,弱者が強者の家に逃げ込み庇護を求めた場合、強者はそれを拒むことができず、過去の恨みを捨てて守ることを強要される言葉・掟。,名誉を傷つけられた時,「Badal（血の報復）」,侮辱や殺害に対しては、世代を超えてでも必ず復讐を果たさなければならないという、紛争の連鎖を生む最も重い言葉・掟。
第2象限,アフガニスタン,【事実】,ダリー語における過剰敬語・社交辞令「タアーロフ」,イランのペルシア語圏と共通する文化で、自己を極端に卑下し相手を徹底的に持ち上げる、詩的で大げさな社交辞令（タアーロフ）を日常的に用いる。,対人関係における摩擦を極限まで減らし、相互の「顔」を立て合う洗練された社交の実現。,優雅な言葉のやり取りによる自己陶酔と、相手への深い敬愛・服従のポーズを通じた安心感。,ペルシア文学の豊かな詩的伝統に根ざした言語行動。額面通りに受け取ると誤解を招くが、コミュニケーションの潤滑油として不可欠な「本音と建前」のシステム。,感謝されたことに対し、謙遜して返答する時,「Qabel-e tashakor nist（感謝されるようなものではありません）」,「どういたしまして」の代わりに、自分の行為はあなたに対して取るに足らないものだと極端にへりくだる。,客を家に招き入れる時,「Ghadam-e shoma ruye chashm（あなたの足跡を私の目の上に）」,「ようこそ」の代わりに、あなたが私の目を踏みつけても構わないほどの歓迎の意を、極めて詩的に表現する。,親しい友人や愛する人に呼びかける時,「Jan-e-man（私の魂よ）」,単なる「あなた」ではなく、相手が自分の生命や魂そのものであるかのように愛情深く表現する。
第3象限,アフガニスタン,【都市伝説】,言語純化とアイデンティティ政治のデマ「ダリー語とペルシア語は別言語」,「アフガニスタンのダリー語は純粋で古風な独立言語であり、イランのペルシア語（ファルシ）は外国の言語である」という、言語学的に誤ったナショナリズム的主張。,イランの文化的・政治的影響力の排除と、アフガニスタン独自の国家アイデンティティの強引な構築。,「自分たちこそが真正な文化の後継者である」という優越感と、他者（イランや国内のペルシア文化愛好者）への排斥感情。,言語学的にはダリー語とイランのペルシア語は同一言語の「方言」に過ぎない。1964年に新憲法で政治的意図から「ダリー語」という名称が法制化され、以来ナショナリストによる「別言語」というデマが国内の政治闘争に利用され続けている。,言語の起源について議論する時,"「Dari asil ast, Farsi zaban-e khareji ast（ダリー語こそ本物で、ファルシは外国語だ）」",歴史的な連続性を無視し、イラン（ファルシ）の影響を「外国の侵略」としてキャンセルしようとする。,大学の名称をめぐる議会やメディアでの論争,"「Kase ke 'Daneshgah' megoya, jasus-e Iran ast（『ダーネシュガー』と言う奴はイランのスパイだ）」",パシュトー語の名称を使わず、ペルシア語の「Daneshgah」を使う学者や学生を「外国の犬」として激しくバッシング・排除する。,国内のペルシア語話者（タジク人やハザラ人）を攻撃する時,"「Farsi zaban-e Iraniha ast, Afghanha bayad Dari gap bezanan（ファルシはイラン人の言葉だ。アフガン人はダリー語を話さなければならない）」",国内の多様な方言連続体を無視し、言語名称を武器にして特定民族の文化的繋がりを強制的に切断しようとする。
第4象限,アフガニスタン,【事実】,権威と抑圧を笑い飛ばすパシュトー語の短詩「ランダイ」,主にパシュトゥーン人の女性たちが詠む作者不詳の2行詩。家父長制、戦争、宗教的権威に対する不満や性的な欲望を、強烈な皮肉やユーモアに乗せて表現する。,女性たちが公には言えない不満やタブーを、匿名の詩という形で社会に放つガス抜き・レジスタンス。,抑圧的な社会に対する知的優位性の確認と、抑圧を笑いに変換することによるカタルシス。,口承文学として何世紀も受け継がれてきた伝統。文字を持たない女性たちにとって、2行（9音節と13音節）という制約の中で鋭い社会風刺を行う、究極の「対立の遊戯的昇華」である。,戦争に赴く夫や恋人にプレッシャーをかけつつ、臆病さを嘲笑う時,"「Kashki pa golo soor sori she, che da be-nangai awaz de ra-nashi（銃弾で穴だらけになればいい、臆病者という噂が届くくらいなら）」",過酷な「名誉」の掟を逆手にとり、男性のプライドを極限まで煽り立てるブラックジョーク。,親が決めた年の離れた老人との強制結婚を嘆き、反抗する時,"「Pa buda marra shpa tera-wama, da seen pa toru obo khezam（老人のそばで夜を過ごすくらいなら、川の黒い水に飛び込む）」",家父長制による結婚の強制という理不尽を、自然の厳しさと比較して強烈に皮肉る。,偉そうに説教をするが裏では堕落している宗教指導者（ムラー）をからかう時,"「Mullah pa jomat ke waz kawee, starge ye da kili pa jinako di（ムラーはモスクで説教するが、その目は村の娘たちに向いている）」",絶対的な宗教的権威の偽善を、日常の観察からユーモラスに暴き立てて笑い者にする。
第1象限,ウズベキスタン,【事実】,シズラシュ（Sizlash）と親族呼称の社会的拡張,年長者や目上の人には必ず複数形「Siz」を使い、血縁がなくても「Aka（兄）」「Opa（姉）」をつけて呼ぶ。,年功序列と社会的ヒエラルキーの維持。,相手への敬意を示すことで摩擦を避け、コミュニティ内での安心感を得る。,テュルク系言語に共通する敬語体系であり、ソ連時代を経て独立後に伝統回帰としてさらに強化された社会言語学的現象。,見知らぬ年上男性に道を尋ねる,"「Kechirasiz, aka...（すみません、お兄さん）」",血縁関係を仮構することで敵意がないことを示す。,職場での上司（女性）への呼びかけ,「Nargiza opa（ナルギザお姉さん）」,役職名よりも親族呼称の方が親和性と敬意のバランスが取れる。,年配者からの呼びかけに対する返事,「Labbay?（はい／何でしょうか？）」,単なる「Ha（はい）」ではなく、絶対的な服従や敬意を示す特殊な応答詞を使用する。
第2象限,ウズベキスタン,【都市伝説】,「O'zbek（ウズベク）」の民間語源,ウズベクという民族名は「O'z（自分自身）」と「Bek（君主・主人）」から成り、「自分自身の主人（独立した自由な民）」という意味であると信じられている。,国家の独立性と民族的誇りの醸成。,自己決定権を持つ誇り高き民族であるという自己肯定感の向上。,学術的にはジョチ・ウルスのウズベク・ハンに由来するという説が有力だが、独立後の民族アイデンティティ構築の過程でこの民間語源が広く支持され定着した。,独立記念日のスピーチ,「Biz o'zimizga bek!（我々は我々自身の主人だ）」,国家の独立と民族名の語源を掛けて愛国心を高揚させる。,学校の歴史教育,「O'zbek nomi 'o'ziga bek' degan ma'noni anglatadi.（ウズベクの名は自己の主人を意味する）」,次世代に対するアイデンティティの刷り込み。,日常会話での称賛,「Haqiqiy O'zbek!（真のウズベクだ！）」,自立して堂々としている人物に対する、語源的イメージを伴った賛辞。
第3象限,ウズベキスタン,【事実】,「マンクルト（Mankurt）」の分断語彙,自国の言語（ウズベク語）や伝統を知らずロシア語ばかりを話す同胞を「記憶を失った奴隷（マンクルト）」と呼んで非難する。,伝統文化からの逸脱者に対する制裁と、ナショナリズムの強化。,相手の民族的アイデンティティを否定することによる優越感と、自集団の結束強化。,作家アイトマートフの小説に登場する記憶喪失の奴隷が語源だが、ポスト・ソ連社会において「母語を忘れた裏切り者」を指す政治的スラングとして現実社会で定着した。,SNSでの言語論争,「Sen mankurtsan!（お前はマンクルトだ！）」,ウズベク語の投稿に対してロシア語で返信するユーザーへの直接的な攻撃。,伝統行事を軽視する若者への批判,「Mankurtga o'xshab...（マンクルトのように…）」,西洋化・ロシア化された振る舞いを「歴史と記憶の喪失」とみなす。,国粋主義的なメディアの論調,「Mankurtizm balosi（マンクルト主義の災い）」,社会全体から母語や伝統が失われる現象を病理として名指しする。
第4象限,ウズベキスタン,【事実】,アスキヤ（Askiya）による言語遊戯,特定のテーマについて直接的な言葉を避けながら、隠喩や二重意味（Qofiya/Payrov）を用いて相手をユーモラスにからかう言葉遊び。,直接的な対立を避けつつ知性を競い合い、集団内の不満をガス抜きする。,厳しい社会的制約の中で、タブーや批判を笑いに昇華することでのカタルシス。,フェルガナ盆地を中心に発展した口承伝統であり、ユネスコの無形文化遺産にも登録されている社会的事実。,お茶見（チョイホナ）での男性同士の談笑,"「Sizning qovuningiz pishibdi, lekin ichi bo'sh.（あなたのメロンは熟しているが中身が空だ）」",相手の容姿（頭）や知性をメロンに例えて間接的にからかう。,アスキヤの競技,「Anor kabi qizarib ketdingiz.（ザクロのように真っ赤になりましたね）」,相手が論破されて照れている様子を、果物のお題に沿って指摘する。,宴席での忠告,"「Uzumning suvini ko'p ichmang, aqlga zarar.（ブドウの水を飲みすぎるな、理性に響くぞ）」",直接「酒を飲むな」と言わず、隠喩で忠告・からかいを行う。
第1象限,カザフスタン,【事実】,ジェティ・アタ（Jeti Ata）とル（Ru）の確認,初対面のカザフ人同士が、互いの「ル（部族）」と「7代前までの父系祖先（ジェティ・アタ）」を尋ね合う実践。怠ると近親相姦のタブーを犯すリスクがある。,遊牧社会における近親婚の防止と、巨大な血縁ネットワークにおける立ち位置の確認。,互いの出自を確認することでの安心感と、同族意識の形成。,遊牧民の伝統的な社会規範であり、ソ連時代の定住化政策を経てもなお、現代の結婚や社会関係において重要な事実として機能している。,初対面の年配者からの挨拶,「Qay rudansyn?（君はどの部族出身かね？）」,単なる自己紹介ではなく、互いの系譜上の距離を測るための必須の質問。,結婚の挨拶と親族調査,「Jeti ata?a deyin qyz alysuga bolmaidy.（7代前までは娘を娶ってはいけない）」,このルールに基づき、双方の系譜を遡って口頭で確認し合う。,同族だと分かった時の喜び,「Biz tuyspyz g'oy!（私たちは親戚じゃないか！）」,遠い祖先が同じだと判明した瞬間に、他人が「身内」に変わる。
第2象限,カザフスタン,【都市伝説】,「Qazaq（カザフ）」の白い雁伝説,国名・民族名である「Qazaq」は「Qaz（雁）」と「Aq（白い）」から成り、天から降りてきた白い雁が美しい乙女に変わり祖先になったという民間語源。,神話的な起源を持つ特別な民族であるというロマンチックな連帯感の創出。,美しい自然の鳥と自らのルーツを結びつけることによる美的カタルシスと郷土愛。,学術的にはテュルク語で「独立した者」「放浪する者」を意味する言葉が語源とされるが、民間伝承や児童文学では「白い雁」説が広く語り継がれている。,子供向けの絵本や昔話の読み聞かせ,「Aq qaz qyzga ainalypty...（白い雁が少女に変わり…）」,言語の響きから作られたバクロニム的な神話を事実として教える。,観光キャンペーンや芸術作品,「Qazaq - aq qazdyn urpaghy.（カザフは白い雁の末裔）」,民族のシンボルとして白い鳥のモチーフを視覚的・言語的に多用する。,名前の由来を語る日常会話,「Bizdin atymyz aq qazdan shyg'an.（我々の名前は白い雁から来ているのだ）」,ロマンチックな語源を信じることで自民族の美しさをアピールする。
第3象限,カザフスタン,【事実】,「マンベット」と「シャラ・カザフ」の分断,ロシア化された都市部のカザフ人が地方出身者を「マンベット（田舎者）」と見下し、逆に地方出身者がロシア語しか話せない層を「シャラ・カザフ（半端なカザフ）」と攻撃する。,言語と居住地に基づく階層化と、コミュニティの分断・境界線の画定。,相手をラベリングすることで自らの文化的正当性を確保し、不安や劣等感を防衛する。,歴史的なロシア化と、独立後の急激なカザフ語復権・都市化という社会構造の変化から生まれた現実の社会問題・言語対立。,都市部での交通トラブルやマナー違反,「Tipichnyi mambet!（典型的なマンベットだ！）」,地方出身者の振る舞いを「未開」とみなし、差別的なラベルを貼る。,カザフ語が流暢に話せない若者への批判,「Sen shala qazaqsyn ba?（お前はシャラ・カザフか？）」,民族的アイデンティティが「半分」しかないと見なし、言語能力で帰属意識を否定する。,就職活動やビジネスでの偏見,「Bizge naghyz qazaq kerek.（我々には『真のカザフ』が必要だ）」,言語能力や出自を基準に「本物」と「偽物」を区別し、排除の論理として使う。
第4象限,カザフスタン,【事実】,アイティス（Aitys）の詩的論争,2人の詩人（アキン）がドンブラを弾きながら、即興の詩で互いの出身地や部族、政治的状況などを風刺し合い論破を競う。,社会的不満や部族間の対立を、芸術的でユーモラスな空間の中で安全にガス抜きする。,鋭い批判が美しい韻律に乗ることで生じるカタルシスと、笑いによる緊張緩和。,カザフの遊牧社会で古くから情報伝達や紛争解決の手段として機能してきた口承伝統。現在もテレビ番組として絶大な人気を誇る事実。,地域の代表同士のアイティス大会,「Sening ruing qashqan g'oy...（お前の部族は逃げ出してばかりだったじゃないか…）」,歴史的な部族間の対立を、観客の笑いを取るためのジョークとして用いる。,政府の汚職や社会問題への風刺,"「Joldarymyz shuqyr, auyzlar jabqan.（道は穴だらけ、口は塞がれている）」",直接批判すれば罰せられる内容を、詩の比喩とユーモアに包んで権力をからかう。,相手の容姿や即興力の不足をからかう,"「Sozing bitti, dombyrang jylap tur.（お前の言葉は尽き、ドンブラが泣いているぞ）」",直接罵倒するのではなく、音楽的・詩的才能の欠如を美しい比喩で攻撃する。
第1象限,キルギス,【事実】,テルゴー（Terg??）による親族名忌避,嫁（ケリン）が夫の年長の親族の本当の名前を呼ぶことを禁じられ、別の呼び名を作ったり、名前に含まれる一般名詞も別の単語に言い換えるルール。,厳格な家父長制と敬老精神の維持、および他家から来た嫁の服従の儀式化。,禁忌を守ることで「良き嫁」としての承認を得る安心感と、一族に対する畏敬の念の刷り込み。,キルギスをはじめとする中央アジアの遊牧民社会に広く見られる言語タブー（回避言語）の事実。,義父（名前がTemir＝鉄）について話す時,"「Temir demey, 'qara n?rze' deymin.（テミルと言わず『黒い物』と呼びます）」",義父の名前そのものだけでなく、同じ発音を持つ一般名詞の使用も避ける。,義理の兄を呼ぶ時,「Erke bola（甘えん坊）」や「Aka」などの代名詞,本名を呼べないため、家族内で通じる独自の代名詞やあだ名を新しく発明する。,うっかり名前を呼んでしまった時の周囲の反応,「Uyaty joq kelin!（恥知らずな嫁だ！）」,タブーを破ることが単なる失言ではなく、一族への重大な侮辱と見なされる。
第2象限,キルギス,【都市伝説】,「Kyrgyz（キルギス）」の40人の乙女伝説,キルギスという名前は「Qyrq（40）」と「Qyz（娘）」から来ており、伝説に登場する40人の乙女がキルギス人の祖先であると信じられている。,民族の起源を神話化し、国旗のモチーフなどと結びつけることでのナショナル・アイデンティティの強化。,神聖な祖先を持つという民族的誇りと、数字の「40」に対する呪術的・審美的な愛着。,学術的にはテュルク語の「40の部族」または「赤いオグズ」などが語源とされるが、民間ではロマンチックな「40人の乙女」伝説が支持されている。,国旗のデザインに関する学校での教育,「Bizdin tuudaghy 40 nur - qyrq qyzdy bildiret.（我々の旗の40の光は、40人の娘を意味する）」,民間語源が国家の公式シンボルの解釈として半ば公認されている。,観光客へのガイドや説明,「Kyrgyz degen qyrq qyzdan kelgen.（キルギスとは40人の娘から来ているのだ）」,民族のルーツを分かりやすくロマンチックなストーリーとして他者に伝える。,伝統的な手芸品や芸術のモチーフ,「Qyrq qyz oyuu（40人の乙女の文様）」,語源伝説が視覚文化にも影響を与え、言葉とデザインが相互に補完し合う。
第3象限,キルギス,【事実】,南北対立における蔑称（Sart / Arqalyq）,北部人が南部人を「サルト（伝統を失い定住化した者）」と呼び、南部人が北部人を「アルカリク（山の向こうの者・ロシア化された者）」と呼んで非難し合う。,政治的・経済的な権力闘争（南北問題）の言語的表現と、地域派閥の境界線の明確化。,相手を「純粋なキルギス人ではない」とレッテル貼りすることで、自らの政治的正当性を確保する。,キルギスは天山山脈を挟んで南北で文化的・経済的背景が異なり、政治権力を巡る南北の対立が革命のたびに激化してきたという社会的事実に基づく。,選挙期間中のネット上の論争,「Sarttar biylikke keldi!（サルトたちが権力を握ったぞ！）」,南部出身の政治家を批判する際、キルギス人としての純血性を疑う侮蔑語を使う。,南部人が北部人の振る舞いを批判する時,「Arqalyqtar orus bolup ketti.（アルカリクたちはロシア人になってしまった）」,北部人がロシア語を多用し伝統を軽視しているとして彼らを非難する。,都市ビシュケクでの若者同士の対立,「Sen ?z?nch? sart bolbo.（お前、サルトみたいに振る舞うな）」,特定の行動様式（商売への執着など）をステレオタイプ化し地域差別語に結びつける。
第4象限,キルギス,【事実】,アイティシュ（Aitysh）とクードゥルの政治風刺,コムズを弾きながら即興で詩を交わすアイティシュや、道化（クードゥル）が、直接的な批判を避けつつ隠喩を用いて政治家や社会問題を痛烈に笑い飛ばす。,政治的混乱や汚職への大衆の不満を、ユーモアという安全な形で社会的に表現し共有する。,抑圧された不満を笑いに昇華することによるカタルシスと、民衆同士の連帯感の醸成。,遊牧民の伝統的な口承文芸であり、現在でもテレビ番組やコンサートで絶大な人気を誇る実在の政治風刺メディア。,アイティシュの競技会での風刺,「Deputattar uktap jatat...（議員たちは眠っている…）」,議会で居眠りする政治家を即興の詩に織り込んで観客の笑いを取る。,クードゥル（漫談家）のコンサート,「Chongdor jep toydo.（大物たちは食って満腹だ）」,汚職や公金横領を「食べる（jep）」と表現し、権力層の貪欲さをユーモラスに批判する。,日常生活で政治の話題が出た際,「Kuudul aytqanday...（クードゥルが言ったように…）」,漫談の風刺フレーズを引用することで、直接的な怒りを避けつつ共通の不満を確認し合う。
第1象限,タジキスタン,【事実】,メフモンナヴォズィー（Mehmonnavozi）と儀礼的辞退,客人は勧められた食べ物や贈り物を最初は必ず辞退し、主人は何度も強く勧めるというペルシャ語圏特有の台本通りの言語的駆け引き（タアロフ）を行う。,主人と客の間の社会的な距離を保ちつつ、互いの寛大さと謙虚さを確認し合う。,直接的な要求や受諾を避けることで「がめつい」と思われる恐怖を取り除き、自己の品格を保つ。,イラン・ペルシャ文化圏に共通する、社会言語学的な「面子（フェイス）」を保つためのポライトネス理論に基づく事実。,食卓で主人が客に肉を勧める,"「Gired, gired!（取って、取って！）」に対し「Tashakkur, seram.（ありがとう、満腹です）」",客は本当に満腹でなくてもまずは断り、主人はそれを無視して皿に盛るのがルール。,タクシー運転手や店主への支払い時,「Hojat nest.（払う必要はありませんよ）」,本当に無料というわけではなく「金を取るようなケチではない」というポーズの儀礼表現。,訪問客が帰ろうとする時,「Holo shined.（まだ座っていてください）」,客が長居しないように帰るそぶりを見せ、主人がそれを引き留めることで互いの好意を確認する。
第2象限,タジキスタン,【都市伝説】,「Tojik（タジク）」の王冠語源,タジクという民族名は、ペルシャ語の「Toj（王冠）」に由来し、タジク人は歴史的に「王冠を戴く高貴な民族」であると広く信じられている。,ペルシャ系民族としての歴史的優越感と、国民統合のためのナショナル・アイデンティティの創出。,内戦のトラウマや経済的苦境を乗り越えるための、誇り高く輝かしい自己イメージの獲得。,学術的にはアラブ系部族名（Tayi）に由来するという説が有力だが、国家建国神話において「王冠説」が意図的に採用・普及された。,国旗や国章のデザイン解説,「Toj - Tojikon.（王冠、すなわちタジク人）」,国旗の中心に王冠を配置し、民族名と視覚的シンボルを言語的にリンクさせている。,大統領の演説や愛国詩,「Millati tojdor（王冠を持つ民族）」,タジク人が古代ペルシャ帝国の正統な後継者であるというレトリックとして多用される。,学校での歴史教育,「Tojik nomining ma'nosi tojdir.（タジクという名の意味は王冠である）」,子供たちに対し、学術的背景を捨象してロマンチックな民間語源を事実として教え込んでいる。
第3象限,タジキスタン,【事実】,内戦期における「ヴォヴチク」と「ユルチク」,内戦時、イスラム復興党派を「ヴォヴチク（ワッハーブ派の蔑称）」、親ソ派を「ユルチク（KGB議長名にちなむ）」と呼び合い互いを非人間化した。,複雑な政治・地域的対立を単純な「敵味方」の二元論に還元し、暴力行為を正当化する。,相手にロシア語風の滑稽かつ恐ろしいレッテルを貼ることで、同胞を殺害する心理的ハードルを下げる。,タジキスタン内戦（1992-1997）という過酷な歴史的事実において、プロパガンダと民衆の間で実際に使用された言語的ラベリング。,内戦中の検問所での尋問,「Sen Vovchik-mi?（お前はヴォヴチクか？）」,特定の地域出身者や外見を持つ者を、この一言で「排除すべき敵」と認定した。,人民戦線派のプロパガンダ,「Yurchiklar bizni himoya qiladi.（ユルチクたちが我々を守ってくれる）」,元々は蔑称であった言葉を、一部の武装勢力が自称として内面化し連帯のシンボルとした。,戦後の回顧やトラウマの語り,「Vovchiklar kelganda...（ヴォヴチクたちが来た時…）」,現在でも、凄惨な過去を語る際に相手を特定の政治イデオロギーの怪物として語る。
第4象限,タジキスタン,【事実】,アファンディ（Latifa）を通じた権力批判,とんち者「アファンディ」を主人公にしたジョークにおいて、現代の腐敗した政治家や警察を登場させ、言葉巧みにやり込める小話。,独裁的な政治体制や日常的な汚職に対する市民の不満を、安全な笑いの形で昇華する。,無力な市民が、知恵と言葉遊びによって権力者に勝利する物語を共有することで得られるカタルシス。,直接的な政府批判がリスクを伴う社会において、伝統的なフォークロアを現代的な政治風刺の器として再利用している事実。,バザールでの商人同士の雑談,「Afandi va GAI (交通警察)...（アファンディと交通警察がいてね…）」,賄賂を要求する警察官を、アファンディが言葉の綾で逆に騙し取るという筋書きで笑う。,停電などのインフラ不足への愚痴,"「Afandiga chiroq kerak emas, chunki...（アファンディには電気は必要ない、なぜなら…）」",国家の無策を直接怒るのではなく、不条理な状況をシュールな笑いに変換して耐え忍ぶ。,選挙や役人（Rais）の訪問時,"「Rais keldi, Afandi qochdi.（ボスが来たからアファンディは逃げた）」",権力者の言葉がいかに無意味で有害であるかを、伝統的なトリックスターを通じて皮肉る。
第1象限,トルクメニスタン,【事実】,『ルフナマ』に基づく月名・曜日の強権的変更,初代大統領が自著『ルフナマ』に基づき、1月を「トルクメンバシ」、4月を母の名にするなど、すべての月や曜日を自分や国家のシンボルに変更し強制した。,国家元首の個人崇拝を日常生活の時間感覚と言語空間にまで浸透させ、絶対的な服従を強いる。,日常会話で常に独裁者の名前を口にさせることで、無意識レベルでの権力への服従と恐怖を植え付ける。,2002年から2008年まで実際にトルクメニスタンで施行されていた、極端な独裁政権によるトップダウンの言語統制政策という事実。,公文書やニュース番組での日付の読み上げ,「Turkmenbashy ayining on beshi...（トルクメンバシ月の15日…）」,西暦の1月という概念を消去し、時間の支配者が大統領であることを強制的に認識させる。,日常の買い物（パンの呼称変更）,「Bir Gurbansoltan Eje berin.（グルバンソルタン・エジェを一つください）」,パンという単語さえ大統領の母の名前に変更され、生命の維持と独裁者の家族を結びつけられた。,学校でのカレンダー暗唱,"「Ruhgun, Yashgun...（ルフナマの日、若者の日…）」",曜日名をイデオロギー的な名称に変え、子供たちの空間・時間認識を洗脳した。
第2象限,トルクメニスタン,【都市伝説】,「Turkmen」の「私はテュルク」民間語源,トルクメンという名称は、「Turk（テュルク）」と「Men（私）」から成り、「私こそが純粋なテュルク人である」という意味を持つという解釈。,テュルク系民族の中での自らの歴史的優位性の主張と、国家イデオロギーによる選民思想の強化。,閉鎖的で孤立した体制の中にあっても、自らが世界の中心・起源であると信じることによる精神的安定。,学術的には「テュルクに似た者」等のペルシャ語由来説があるが、ニヤゾフ政権下では『ルフナマ』を通じて「私はテュルク」説が公式な真実として教え込まれた。,学校の歴史・ルフナマの授業,「Turkmen degani 'Men Turk' deganidir.（トルクメンとは『私はテュルク』という意味である）」,国定教科書を通じて、民間語源を国家の公式な起源神話として暗記させる。,愛国的な歌謡や詩の朗読,"「Asl Turk men, Turkmen men!（本来のテュルクは私だ、トルクメンだ！）」",言語の偶然の響き（Men＝私）を利用して、民族の純血性とプライドを芸術的に高揚させる。,周辺国との文化比較,「Haqiqiy Turk bizmiz.（真のテュルクは我々だ）」,語源を盾に取り、自分たちこそがテュルク系民族の正統な長兄であるという優越感を示す。
第3象限,トルクメニスタン,【事実】,アハル・テケ偏重と部族主義的ラベリング,権力の中枢を占めるアハル州のテケ族を特権階級とみなし、非テケ族と互いに「部族の出自」を理由に見下し合い、ラベリングする。,資源分配の不平等や政治的排除を、部族の境界線に沿って正当化または批判する。,自らの出自に基づく優越感の誇示、あるいは不平等な社会におけるルサンチマンの表現。,トルクメニスタンの社会構造は伝統的に5大部族から成り、国旗にも反映されているが、実態は特定部族（特にアハル・テケ）による権力独占という社会的事実がある。,職場や初対面での出自の確認,「Sen qaysy wela?atdan?（君はどの州の出身だ？）」,表向きは出身地を尋ねるが、実際にはどの部族に属するかを値踏みしている。,アハル州出身者による地方出身者への態度,「Olar wela?atly.（あいつらは地方の者だ）」,非テケ族を「田舎者」とみなし、暗黙のうちに二級市民として線引きする。,他部族による権力独占への陰口,「Hemmesi Teke boldy.（みんなテケになってしまった）」,役職や利権が特定部族に占められている現状を、皮肉を込めて批判する。
第4象限,トルクメニスタン,【事実】,ケミネ（Kemine）の笑話を通じた暗黙の風刺,19世紀の風刺詩人ケミネや伝統的なトリックスター（エペンディ）の小話に事寄せて、現代の検閲や不条理な社会状況を間接的に笑い飛ばす。,極端な言論統制下において、古典文学の枠組みを隠れ蓑にして政治的・社会的批判を密かに共有する。,抑圧された環境の中で、知恵と言葉遊びを用いて権力を「笑いの対象」に引き下ろす一時的なカタルシス。,言論の自由がない独裁体制下において、民衆は古典的な笑話（ラティファ）を現代の文脈に読み替えることで、体制への「見えない抵抗」を行っている実態がある。,チャイハナ（茶屋）での密やかな世間話,「Kemine a?dypdyr...（ケミネが言うには…）」,自分の意見として政府を批判するのは危険なため、過去の詩人の言葉として不満を代弁させる。,物価高や物不足に直面した時の嘆き,「Ependi hem mu?a ha?ran galar.（エペンディもこれには驚くだろう）」,現代の不条理な経済状況を、伝統的な笑話の主人公ですら対応できない事態として皮肉る。,理不尽な役人の対応を受けた後の愚痴,「Kemel?? d?wri gowudy.（ケミネの時代の方が良かった）」,過去の英雄の時代を引き合いに出し、暗に現在の指導層の無能さを批判する。
第1象限,アラブ首長国連邦,【事実】,マジュリス（客間）における身分・敬意表現,年長者や首長族に対して極めて形式化された挨拶や身体言語（鼻キスなど）を用いる,部族社会におけるヒエラルキーと秩序の維持、連帯の確認,所属意識の強化と社会的摩擦の回避,湾岸アラブ社会において、遊牧民（ベドウィン）の伝統的な部族間交渉の場であるマジュリスの作法が、現代の国民国家形成後もアイデンティティとして制度化されている。,年長者や高位の者へ挨拶する時,タワル・アッラー・オムラク（神があなたの寿命を延ばされますように）,相手の長寿を祈ることで、自らの忠誠と敬意を明確に示す機能を持つ。,伝統的な挨拶を交わす時,ハシュマク（あなたの鼻）と言いながら鼻と鼻を合わせる,砂漠において顔を隠す中で唯一露出する鼻を合わせるベドウィンの伝統から、強い対等と敬意を示す。,相手を歓迎する時,マルハバ・アル＝サーア（この瞬間に歓迎します）,単なる歓迎を超え、相手の来訪が自分にとってどれほど価値ある時間であるかを強調する湾岸特有の表現。
第2象限,アラブ首長国連邦,【事実】,ハリージー（湾岸）若者言葉における「美」の表現,伝統的な美意識（鷹狩りや装飾）に由来する言葉を、現代のファッションや優れた事象の褒め言葉として使う,若者間の共感の形成と、グローバル化の中でのローカルなアイデンティティの保持,仲間内の連帯感と、自文化への誇りの喚起,急激な近代化を経験したUAEにおいて、若者たちは英語とアラビア語を交ぜつつも、称賛を表す際には意図的にベドウィンの伝統に根ざした語彙を用いることで「自国らしさ」を保っている。,友人が新しい服を着てきた時,カシュハ（Kashkha / 華やか・完璧）,元々は儀礼的な身なりを指すが、現在ではクールなもの全般への賛辞として多用され、アハ体験を生む。,素晴らしいアイデアや出来事に遭遇した時,タルティーブ（Tartib / 整理されている・完璧な段取り）,物事が綺麗に収まっていることへの美意識を示し、仲間内で「いいね」と同義で使われる。,非常に見事なスキルを見た時,ファンナーン（Fannan / 芸術家）,単なる「上手い」ではなく、アラブ文化における芸術的な至高性を比喩として使い相手を称える。
第3象限,アラブ首長国連邦,,NO_DATA,,,,,,,,,,,,,
第4象限,アラブ首長国連邦,,NO_DATA,,,,,,,,,,,,,
第1象限,イエメン,【事実】,カト（嗜好品）摂取の集まり（マクヤル）における席次の言語規則,部屋の奥（サドル）に座る有力者と、手前に座る一般参加者の間で、厳格な敬称や発言権のルールが存在する。,部族社会における権威の可視化と、調停機能の維持,身分に応じた承認欲求の充足と、秩序に対する安心感,イエメン社会の核であるカトを噛む集い（マクヤル／タフリータ）は、単なる娯楽ではなく部族の政治的決定や紛争解決の場として機能しており、そこで使われる言語は部族法（ウルフ）に裏打ちされている。,部族長や有力者に意見を求める時,ヤー・シャイフ（Ya Sheikh / 長老よ）,個人の名前ではなく称号を用いることで、その場における発言の重みと決定権を帰属させる。,預言者ムハンマドの血筋とされる階級の者に話しかける時,ヤー・サイイド（Ya Sayyid / 主君よ）,イエメン特有のザイド派社会における宗教的ヒエラルキーを言語的に再確認する機能を持つ。,一般の部族民同士が敬意を払う時,ヤー・カビーリー（Ya Qabili / 部族の男よ）,「名誉ある部族の一員」という属性を呼びかけに使うことで、互いの対等な誇りを尊重し合う。
第2象限,イエメン,【事実】,サヌア方言における独特の親愛・情緒表現,独特の語彙や発音を用いて、イエメン固有の情緒や仲間内の親密さを表現する,内戦等の過酷な状況下におけるイエメン人（特にサヌア住民）同士の紐帯の強化,郷愁や同郷の仲間意識の喚起による心理的安定化,イエメンのアラビア語（特にサヌア方言）は他国のアラビア語と大きく異なり、古代南アラビア語の語彙を残すなど独自の発展を遂げており、これが同郷者の強い連帯感の基盤となっている。,友人との楽しい時間を振り返る時,サリー（Sali / 心晴れやかな状態）,単なる「楽しい」ではなく、サヌア特有の精神的な心地よさや憂いのない状態を指す深い共感の言葉。,子供や未熟な友人を親愛を込めて呼ぶ時,ジャーヒル（Jahel / 無知な者・子供）,標準アラビア語では「無知な者」という蔑称だが、イエメンでは子供への愛情のこもった呼称として反転する。,相手の話に驚きや興味を示す時,モー？（Mo? / 何？）,標準語の「マーザー」ではなく、極めて短縮されたサヌア特有の響きが、仲間内のリズムを生み出す。
第3象限,イエメン,【事実】,イエメン内戦におけるプロパガンダと階層的分断の言葉,フーシ派（アンサール・アッラー）と対立勢力が、相手を非人間化したり、内部の階層を固定化するために用いる蔑称,敵対勢力の非合法化、および自陣営内のイデオロギー統制と動員,敵に対する憎悪の増幅と、味方への犠牲の強要の正当化,2014年以降のイエメン内戦において、言語は重要な武器となり、特にフーシ派はザイド派の宗教的権威を利用して内部階層を分け、対立者を異端視・傭兵視する語彙を社会に定着させた。,フーシ派の高位指導層（預言者の血筋とされる人々）を指す時,カナーディール（Qanadil / 吊り下げられた美しいランプ）,指導層を美しく貴重な存在（神聖な血筋）として比喩し、特権階級であることを言語的に正当化する。,前線で消費される一般部族出身の戦闘員を指す時,ザナービール（Zanabil / 日用品を入れる籠）,使い捨ての籠に例えることで、一般戦闘員の命の軽さを冷酷に表し、身分差を固定化する分断の言葉。,フーシ派がサウジ主導連合軍や政府軍の支持者を非難する時,ムルタザク（Murtazaq / 傭兵）,相手の政治的信念を否定し、単に金で買われた存在に貶めることで、攻撃や弾圧を正当化する。
第4象限,イエメン,,NO_DATA,,,,,,,,,,,,,
第1象限,イスラエル,【都市伝説】,「邪視（アイン・ハラ）」を避けるための防衛的言語習慣,良いことや自慢話を口にすると、悪魔や嫉妬による呪い（アイン・ハラ）を呼び込むと広く信じられており、必ず打ち消しの言葉を添える,共同体内での過度な嫉妬の防止と、社会的な謙遜の強制,予期せぬ不幸に対する不安の軽減（自己防衛機制）,ユダヤ教（および中東広域の文化）に古くから根付く「邪視」の信仰が、現代イスラエルの日常会話において言語的な「お守り」として定着したものであり、科学的根拠のない民間信仰（都市伝説・迷信）である。,子供の健康や美しさを褒められた時,ブリー・アイン・ハラー（Bli ayin hara / 邪視がありませんように）,褒め言葉によって引き起こされる呪いを即座にキャンセルする「呪文」として機能する。,商売の成功や今後の順調な計画を語る時,ハムサ・ハムサ・ハムサ（Hamsa hamsa hamsa）,幸運のお守りであるハムサ（5本指）を言葉で3回唱えることで、不吉な未来を言語的にブロックする。,将来の目標や予定を断言する時,ベズラット・ハシェム（Bezrat Hashem / 神の助けがあれば）,「自分の力で成功する」という傲慢な響きを消し、神（あるいは運命）の権威を立てることで罰を逃れる偽マナー。
第2象限,イスラエル,【事実】,アラビア語借用によるヘブライ語の連帯スラング,現代ヘブライ語において、感情の起伏や親密さを示す際に、アラビア語起源のスラングを多用する,堅苦しい公用語（復活したヘブライ語）に対するリラクゼーション機能と、中東的な土着性の獲得,インフォーマルな場での心理的距離の短縮と、アハ体験的な心地よさ,20世紀に人為的に復活・近代化されたヘブライ語には、日常のラフな感情を表す語彙が不足していたため、共存するアラビア語（あるいはミズラヒ系ユダヤ人が持ち込んだアラビア語）が感情表現を補完する形で定着した。,友人からの提案に快く賛同する時,サババ（Sababa / 素晴らしい・問題ない）,元のアラビア語の「熱望・愛」から転じ、ヘブライ語圏で最もポピュラーな「OK」「最高」の意として連帯を生む。,相手に深い愛情や感謝、あるいは同情を示す時,カパーラ・アライヒ（Kapara alayikh / あなたの贖罪に私がなろう）,直訳は宗教的な自己犠牲だが、「あなたのためなら何でもするよ」という極めて親密で情緒的な愛情表現として使われる。,がっかりした事態を友人と分かち合う時,エイゼ・バサ（Eize Basa / なんて最悪なんだ）,アラビア語の「失望」を借用し、不満をユーモラスに共有して慰め合うための隠語的な響きを持つ。
第3象限,イスラエル,【事実】,エスニック・政治的対立を煽るカテゴライズ用語,建国以来の出身地（欧州系 vs 中東系）や、現在の政治的イデオロギー（左派 vs 右派）を極端にラベリングし、非難・キャンセルする言葉,政治的分極化の推進と、自陣営の結束（他者のスケープゴート化）,相手を特定のステレオタイプに還元することによる、攻撃の心理的ハードルの低下,イスラエル社会は「移民のるつぼ」でありながら、建国初期の欧州系（アシュケナジム）の覇権に対する中東系（ミズラヒム）の反発など、深い亀裂を抱えている。近年ではネタニヤフ政権を巡る政治的分断が言語に強く反映されている。,右派が左派の平和主義的な主張を非難する時,スモラニ・ボゲッド（Smolani boged / 左翼の裏切り者）,単なる「左派」を「国家やユダヤ人の裏切り者」と自動的に結びつけ、対話の余地をキャンセルする闘争の言葉。,欧州系エリート層が中東系の労働者階級の若者を軽蔑する時,アルス（Ars / チンピラ・下品な男）,アラビア語の「ポン引き」を語源とし、ミズラヒ系の特定のファッションや行動様式を文化的劣位として攻撃・差別する言葉。,左派や反政府層がネタニヤフ首相の熱狂的支持者を揶揄・攻撃する時,ビビスト（Bibist / ビビの狂信者）,特定の政治家の愛称に「?スト」をつけ、盲目的で非理性的集団として分断・攻撃する。
第4象限,イスラエル,,NO_DATA,,,,,,,,,,,,,
第1象限,イラク,【事実】,アシャーイル（部族）制度に基づく徹底した歓待と服従の言語,イラクの部族社会において、客人を迎える際や目上の者と話す際に、自らを低くし相手を極端に持ち上げる定型句を用いる,部族間の衝突を避けるための安全保障機能と、社会秩序（ヒエラルキー）の維持,相手への敵意がないことの証明と、被保護者としての安心感,イラク社会、特に中南部や農村部では、国家権力よりも部族（アシャーイル）の掟が社会の基盤として機能しており、過剰なまでの歓待（ディヤーファ）の言語は部族法に則った生存戦略である。,客人を自宅や集まりに招き入れる時,"アハラン・ワ・サハラン、タファッダル（Ahlan wa sahlan, Tafaddal / 家族のように平らな場所へ、さあどうぞ）",単なる歓迎ではなく、相手に一切の危険が及ばないことを保証する部族的な契約の言葉。,相手からの依頼や命令を引き受ける時,アラー・ラーシー（Ala rasi / 私の頭の上に）,「あなたの命令は私の頭（最も高い場所）にある」と表現し、絶対的な服従と敬意を示して秩序を保つ。,相手への親愛や献身を表現する時,フドワ（Fudwa / 犠牲）,「あなたのために私が身代わり（犠牲）になる」と大袈裟に表現することで、相手への絶対的な忠誠と敵意のなさを確認する。
第2象限,イラク,【事実】,バグダード方言特有の親和的コミュニティ用語,イラク、特に首都バグダードの住民が仲間内で使う、独特の響きを持ったフレンドリーな呼びかけや挨拶,多宗派が混在する都市部における、共通の「バグダーディー（バグダードっ子）」アイデンティティの形成,長年の戦禍や制裁下における、同胞同士の連帯感と温かみの享受,バグダード方言は、アッカド語やアラム語、ペルシア語やトルコ語の借用語が入り混じる独特な歴史的背景を持ち、周辺のアラブ諸国とは一線を画すため、イラク人同士のアハ体験を生みやすい。,友人に会った時の第一声として様子を尋ねる時,シャーコ・マーコ（Shako Mako / 何があって、何がない？＝最近どう？）,アラム語起源とも言われる独特のフレーズで、イラク人の間で最も親しまれている無条件の連帯を示す挨拶。,親しい友人や目下の人を愛情を込めて呼ぶ時,アガーティー（Agati / 私の主君）,トルコ語の「アガ（主君）」に由来するが、バグダードでは親密な相手への強い愛着と敬意を込めた仲間内の言葉となる。,相手に何かを頼む時や、感謝を示す時,ワルデ（Wardeh / 一輪の花）,相手を花に例えることで、過酷な現実の中でも美しさや優しさを共有しようとするロマンチックで共感的な隠語。
第3象限,イラク,【事実】,2003年以降の宗派対立を煽動するヘイト・レッテル用語,イラク戦争と体制崩壊後の混乱において、シーア派とスンニ派、あるいは親イラン派と反イラン派が互いを歴史上の敵に例えて非難する言葉,宗派間の徹底的な分断、民兵組織の動員、および政治的対立勢力の非合法化,相手を宗教的・歴史的な「絶対悪」とみなすことによる殺害・排除の正当化,サダム・フセイン政権崩壊後、政治的空白と権力闘争の中で宗派主義が激化し、各陣営はイスラム初期の歴史的対立の語彙を現代に召喚して相手を攻撃した。,スンニ派の過激派がシーア派教徒を異端として殺害・非難する時,ラーフィダ（Rafida / 拒否する者たち）,正統カリフの権威を「拒否した」歴史的異端者というレッテルを貼り、殺害（テロ）を宗教的に正当化する闘争の言葉。,シーア派が極端なスンニ派（ワッハーブ派など）を非難する時,ナワーシブ（Nawasib / 敵対を掲げる者たち）,アリー（第4代カリフ）一族に敵対した者という歴史的用語を用い、スンニ派テロリストを歴史的文脈で断罪する。,イラクのナショナリストが親イラン系のシーア派民兵や政治家を批判する時,ズユール（Dhiyoul / 尻尾たち）,「テヘラン（イラン）の犬の尻尾」という意味合いで、祖国を売り渡した傀儡であるとして社会的・政治的にキャンセルする言葉。
第4象限,イラク,【事実】,ティシュリーン（10月）運動における政治的絶望の遊戯的昇華,2019年の大規模な反政府デモにおいて、若者たちが腐敗した政治家や過酷な現状をブラックユーモアや皮肉なスローガンでからかった言語実践,武装した権力者への恐怖の打破、デモ参加者の士気維持、非暴力抵抗の演出,圧倒的な抑圧に対する無力感を、笑いと連帯（ガス抜き）に変換するカタルシス,イラクの若者たちは、長年の汚職やインフラ未整備（特に慢性的な停電）に対し、直接的な暴力ではなくSNSミームやシニカルな路上詩、言葉遊びを用いて抵抗し、権力者の威信を剥ぎ取った。,汚職政治家全員の退陣を求めるスローガンを叫ぶ時,シャラア・カラア（Shala' Qala' / 根っこから全部引っこ抜け）,歯科医が虫歯を抜くような日常的な俗語を用いて、政界の完全な浄化をユーモラスかつリズミカルに要求する言葉遊び。,催涙ガスや実弾の中で丸腰で抗議を続ける若者を称える時,バタル（Batal / 英雄、またはペットボトル）,スタンダードな「英雄」の意味に加え、催涙弾のガスを消すためにペプシの「ペットボトル」を持って走る姿をかけたダブルミーニングのジョーク。,政府が提供しない電力インフラの絶望的な状況を自嘲する時,ワタリーヤ（Wataniya / 国家の、または国営電力）,「愛国心」という高尚な言葉が、イラクでは単に「たまにしか来ない国営の電気」という情けない意味に転じていることを笑うブラックユーモア。
第1象限,イラン,【事実】,タアロフ（Ta'arof）による徹底した対人秩序と謙遜のルール,ペルシア語社会に深く根付く、本音と建前を使い分ける複雑な儀礼的言語システム。申し出を最初は必ず断る、自分をへりくだる等の行動規範,社会的摩擦の回避、互いの面子の保持、および洗練された文化人であることの証明,相手への敬意を示すことで得られる社会的な安心感と、直接的な拒絶による傷つきの防止,イラン社会におけるタアロフは単なる「お世辞」ではなく、ゾロアスター教時代からイスラム期を経て培われた、他者との円滑な関係を構築するための高度な言語的社会的ゲーム（制度）である。,相手の家や店を訪れ、歓迎される時,ガダメトゥーン・ルーイェ・チェシュム（Ghadametoon rooye cheshm / あなたの足取りは私の目の上に）,自分の最も大切な器官（目）を踏んで歩いてください、という極端な比喩により、自己を下げて相手の身分を高める秩序の言葉。,何かを提供したり、お礼を言われた時に対する返答,ゴルバーネ・ショマー（Ghorban-e shoma / あなたの犠牲になりましょう）,日常的な「ありがとう」や「どういたしまして」の代わりに使われ、自己犠牲を誓うことで相手の権威を保護する偽マナー的表現。,相手からのプレゼントや申し出を（最初は）断る時,チャーケレタム（Chakeretam / 私はあなたの奴隷です）,相手の厚意に対して直接的に「Yes」と言うのは野蛮とされるため、極端にへりくだりながら一旦遠慮するタアロフの典型表現。
第2象限,イラン,【事実】,ペルシア語における独特な過剰愛情・親密表現（食や自己犠牲の比喩）,家族や恋人など極めて親しい間柄において、相手を「食べる」と表現したり、小動物に例えたりすることで強烈な親愛の情を示す,公的なタアロフ（建前）の厳しい社会に対する、私的空間における強烈な感情的解放と紐帯の確認,保護欲と独占欲を満たすアハ体験的なロマンチシズム,ペルシア文学における神秘主義的な愛（自己滅却や合一）の伝統が日常の俗語に降りてきたものであり、相手の可愛さや存在そのものを自らの中に取り込みたい（または食べられたい）という独特の情緒的隠語である。,子供や恋人の可愛らしさに堪えきれなくなった時,ジギャル・トー・ボホラム（Jigar-to bokhoram / あなたの肝臓を食べたい）,肝臓（ジギャル）は勇気や生命の源とされ、それを食べるという猟奇的な比喩によって、理性を失うほどの深い愛情と共感を伝える。,相手が非常に可愛らしい振る舞いをした時,ムーシュ・ボホラデト（Moosh bokhoradet / ネズミがあなたを食べてしまえばいい）,小さくて可愛いネズミに食べられてしまうほど、あなたが甘くて魅力的であるというロマンチックでユニークな愛情表現。,相手への究極の愛着や、別れ際（あるいは頼み事）の強い感情を示す時,ドーレト・ベギャルダム（Doret begardam / あなたの周りを回りたい）,巡礼者が聖地の周りを回る（タワーフ）ことに由来し、相手を神聖な中心に見立てて愛を捧げる美しい民間比喩。
第3象限,イラン,【事実】,体制・階級闘争に関する政治的キャンセリング用語,イラン・イスラム体制の支持者と反体制派、あるいは富裕層と一般市民の間で、相手の正当性を根本から否定し、社会的に抹殺・分断するために用いるラベリング,政治的分極化の固定、敵対勢力の非人間化、および自陣営のイデオロギー的正当化,経済苦境や政治的抑圧のスケープゴートを作り出し、不満の矛先を向けることでの攻撃的カタルシス,1979年の革命以降、イランでは体制側が反体制派を「西欧の手先」として非難し、逆に近年では民衆が特権階級や体制支持者を「腐敗した寄生虫」として言語的にキャンセルする激しい闘争が続いている。,体制側の高官の子供たちが、親の権力を利用して海外で豪遊しているのを市民が非難する時,アーガーズァーデ（Aghazadeh / 貴族の息子・お坊ちゃん）,本来は高貴な生まれを敬う言葉だが、現在では「腐敗した特権階級のパラサイト」という強烈な皮肉・非難の言葉として分断を生んでいる。,反体制デモに参加する市民が、政府の動員に応じる体制支持派を軽蔑する時,サーンディース・ホール（Sandis-khor / 紙パックジュースを飲む奴ら）,政府集会で配られる安いジュース（サーンディース）目当てに体制を支持していると見下し、彼らの思想的信念をキャンセルする闘争の言葉。,保守強硬派（体制側）が、自由主義的な知識人や西欧志向の若者を弾圧・非難する時,ガルブザデ（Gharbzadeh / 西洋に毒された者・西欧心酔者）,知識人アール・アフマドの造語に由来し、「イランの伝統的アイデンティティを喪失した裏切り者」として社会的に抹殺するためのイデオロギー用語。
第4象限,イラン,,NO_DATA,,,,,,,,,,,,,
第1象限,オマーン,,NO_DATA,,,,,,,,,,,,,
第2象限,オマーン,,NO_DATA,,,,,,,,,,,,,
第3象限,オマーン,,NO_DATA,,,,,,,,,,,,,
第4象限,オマーン,,NO_DATA,,,,,,,,,,,,,
第1象限,カタール,,NO_DATA,,,,,,,,,,,,,
第2象限,カタール,,NO_DATA,,,,,,,,,,,,,
第3象限,カタール,,NO_DATA,,,,,,,,,,,,,
第4象限,カタール,,NO_DATA,,,,,,,,,,,,,
第1象限,クウェート,,NO_DATA,,,,,,,,,,,,,
第2象限,クウェート,,NO_DATA,,,,,,,,,,,,,
第3象限,クウェート,,NO_DATA,,,,,,,,,,,,,
第4象限,クウェート,,NO_DATA,,,,,,,,,,,,,
第1象限,サウジアラビア,【事実】,長寿を祈る絶対的敬称「タウィール・アル＝オマル」,王族や目上の者に対して「タウィール・アル＝オマル（長寿であられる方）」と呼びかける実践。,階層的権威の維持と不可侵性の演出,服従の確認と庇護への期待,砂漠の部族社会において族長の長寿を祈る伝統が、近代国家の権力者・高官への必須の敬称として制度化された。,市民が王族や高官に直接陳情する際,?? ???? ?????（ヤー・タウィール・アル＝オマル / 長寿であられる方よ）,権力者に対する絶対的なへりくだりと要求の正当化,会社員が社長や上司に業務報告をする際,?????? ?? ???? ?????（タクリールク・ヤー・タウィール・アル＝オマル / 報告書です、タウィール・アル＝オマル）,日常のビジネス階層における忠誠の記号としての転用,テレビ司会者が政府高官にインタビューする際,?? ???? ?? ???? ??????（マー・ラユカ・ヤー・タウィール・アル＝オマル / ご見解はいかがでしょうか、タウィール・アル＝オマル）,公共の電波における国家権威の再生産
第2象限,サウジアラビア,,NO_DATA,,,,,,,,,,,,,
第3象限,サウジアラビア,,NO_DATA,,,,,,,,,,,,,
第4象限,サウジアラビア,,NO_DATA,,,,,,,,,,,,,
第1象限,シリア,,NO_DATA,,,,,,,,,,,,,
第2象限,シリア,【事実】,究極の愛情表現「トゥブルニー」,相手への深い愛情を「トゥブルニー（あなたが私を葬ってくれるように＝あなたより先に死にたい）」と表現する実践。,家族や共同体内での無償の愛と結束の確認,相手への自己犠牲を伴うほどの深い共感と安心感の醸成,レバント地方（特にダマスカス）特有の表現であり、愛する人の死による悲しみを経験したくないという強い愛情を死のメタファーで誇張表現する。,母親が幼い我が子を抱きしめて可愛がる時,??????（トゥブルニー / 私を葬ってちょうだい）,子供への無償の愛と、我が子なしでは生きられないという感情の表出,恋人同士が親密な空間で愛を囁き合う時,??????? ????（トゥブルニー、バヒッバク / 私を葬って、愛しているわ）,恋愛関係における究極の献身とロマンチックな表現,祖母が孫の健やかな成長を喜んで迎える時,??????? ?????（トゥブルニー、キブラーン / 私を葬って、大きくなったわね）,世代を超えた血縁の保護欲求と親愛の情の確認
第3象限,シリア,【事実】,弾圧の代名詞「シャビーハ」,政権側の非正規民兵や暴力的支持者を「シャビーハ（幽霊たち）」と呼び非難する実践。,敵対勢力の非人間化と自陣営の恐怖・怒りの共有,国家の暴力に対する言語的な境界線引きと抵抗意識の強化,元々は「幽霊（シバフ）」を語源とし密輸業者を指したが、シリア内戦でアサド政権側の暴力的な支持者や民兵を指す政治的蔑称として定着した。,反体制派のデモ隊が政権側の民兵に警戒する時,??? ???????!（イジュー・アッ＝シャビーハ / シャビーハが来たぞ！）,暴力的な脅威のラベリングと警戒の呼びかけ,SNS上で政権を強硬に擁護するユーザーへの反論時,?? ????（ヤー・シャビーフ / このシャビーハめ！）,政治的対立者へのレッテル貼りと対話の徹底的な拒絶,ニュースメディアや市民が政権側の非公式な暴力を語る時,??????? ?????（アッ＝シャビーハ・ダラブーフ / シャビーハが彼を殴った）,国家の正規軍とは異なる不透明な暴力装置としての定義づけ
第4象限,シリア,,NO_DATA,,,,,,,,,,,,,
第1象限,トルコ,【事実】,親族呼称（Abi/Abla/Amca/Teyze）の擬似家族的適用,血縁関係がない赤の他人に対しても、年齢に応じて「兄」「姉」「おじ」「おば」と呼ぶ。これを怠ると無礼とされる。,社会のヒエラルキーと秩序の維持、摩擦の回避,安心感、連帯感、および目上への服従の自然な受け入れ,テュルク系遊牧民時代の年長者敬慕の文化が、都市化後も匿名社会における関係構築の潤滑油として定着したもの。,市場での買い物,「おじさん（Amca）、これいくら？」,年配の店員に敬意を示し、円滑な取引を行う。,職場での人間関係,「アイシェお姉さん（Abla）、お願いします」,上下関係を保ちつつ、親密さと連帯感を築く。,路上でのトラブル回避,喧嘩になりそうな相手に「兄弟（Karde?im）、落ち着け」,敵意がないことを示し、場を鎮める。
第2象限,トルコ,【都市伝説】,「ヤカモズ（Yakamoz）」のロマンチックな民間語源,「水面に映る月の光」を意味する世界で最も美しい単語であると広く信じられ、恋人同士や詩で使われる。,仲間内やカップル間での審美的な共感の創出,ロマンチックなアハ体験、自国語への誇り,語源や生物学的事実としては、海中の夜光虫が発する生物発光を指すギリシャ語由来の言葉であり、月光の反射ではない。,海辺でのデート,「今日のヤカモズは綺麗だね」,生物発光ではなく月光を指して使っており、美しい誤用が生じている。,詩や歌詞の創作,「月光がヤカモズのように海を照らす」,学術的事実とは無関係に、芸術的表現として定着している。,観光のキャッチコピー,「ヤカモズが見えるレストラン（Yakamoz Manzaral? Restoran）」,幻想的な雰囲気を売りにする商業的利用。
第3象限,トルコ,【事実】,「チョマル（?omar）」によるキャンセル・レッテル貼り,世俗派や都市部の若者が、保守的な政府支持者を「無知で盲従する犬（チョマル）」と呼んで非難・分断する。,敵対陣営を知的に劣等な集団としてラベリングし、対話を拒絶する,身内の優越感の醸成、他者への軽蔑による自己肯定,チョマルは本来アナトリア地方の「牧羊犬」を意味するが、SNSの普及に伴い、特定の政治的信条を持つ層を動物扱いしてキャンセルするヘイトスラングとして定着した。,Twitterでの政治議論,相手の保守的な意見に対し「黙れチョマル（Sus ?omar）」とリプライする,対話ではなく、相手を人間以下の無知な存在として切って捨てる。,選挙期間中の世俗派の集会,「チョマルには国を任せられない」と演説する,集団を抽象化して非難し、身内の結束と優越感を煽る。,YouTubeの街頭インタビュー,頓珍漢な回答をする中高年に「これだからチョマルは」とテロップを入れる,特定集団への偏見（地方出身、保守的）を視覚的に強化・再生産する。
第4象限,トルコ,【事実】,「チャップリング（Chapulling）」による遊戯的抵抗,政府から「略奪者（チャプルジュ）」と呼ばれたデモ隊が、英語の進行形をつけて「平和的抗議活動をする」という造語に変換し笑い飛ばす。,権力者からのレッテル貼りをユーモアで無効化し、ガス抜きをする,弾圧下における恐怖の緩和、ポップな連帯感の高揚,2013年のゲジ公園デモでエルドアン首相が使用した非難の言葉を逆手にとり、国際社会に向けたキャッチーな抗議ミームへと昇華させた社会言語学的現象。,デモ中のプラカード,「Everyday I'm Chapulling」と書く,ポップソングの歌詞をもじり、権力からの非難をパロディで骨抜きにする。,外国メディアへの発信,「私たちは今チャップリングしている」と英語で説明する,国際社会に向けてユーモラスに正当性をアピールする。,日常会話でのスラング化,「週末はチャップリングに行こう」,政治的対立を若者のクールで日常的なアクティビティとして再定義する。
第1象限,バーレーン,,NO_DATA,,,,,,,,,,,,,
第2象限,バーレーン,,NO_DATA,,,,,,,,,,,,,
第3象限,バーレーン,【事実】,ジム（?）とヤー（?）の発音による宗派シボレス,同じ単語（例：鶏）をダジャージュと呼ぶかダヤーイと呼ぶかで、スンニ派とシーア派（バハルナ）を峻別し、時に差別する。,所属コミュニティの即時特定と、それに基づく排除や社会的境界線の維持,同族意識の強化と他者への優越、マイノリティ側の警戒心,アラビア語湾岸方言における音韻変化。バハルナ方言（シーア派）では歴史的に「?」が「?」に変化する特徴があり、これが社会政治的な分断線を引くリトマス紙として利用される。,検問所や警察の尋問,「これは何だ？『ダジャーイ/ダヤーイ（鶏）』と言ってみろ」と迫る,発音でシーア派と特定された場合、不当な扱いを受けるリスクがあった。,採用面接や職場,「昨日の夕食は『ダジャージュ（鶏肉）』だった？」と探りを入れる,暗黙の宗派差別や採用フィルターとして機能する。,学校での子供のからかい,「おい、『ダヤーイ』って鳴いてみろよ」と囃し立てる,マジョリティ・マイノリティ間の権力関係が子供の遊びにも投影される。
第4象限,バーレーン,,NO_DATA,,,,,,,,,,,,,
第1象限,ヨルダン,【事実】,ダーイメ（Daymeh）の絶対的コーヒー儀礼,食後やコーヒーを飲んだ後、主人に対して「ダーイメ（神の恵みが常にありますように）」と唱える。これを忘れると関係を損ねる。,もてなしに対する感謝を定型化し、部族社会の秩序と互恵関係を保つ,ホスト側のプライドの充足と、ゲスト側の安心感,砂漠という過酷な環境におけるベドウィンの歓待文化に由来。現代においても社会的な「もてなしの義務」と「感謝の義務」のサイクルを完了させる必須の言語規範。,マンスサフ（伝統料理）の宴席後,食事が終わった直後に「ダーイメ」と宣言する,ホストの寛大さを公に承認し、部族間や家族間の良好な関係を保つ。,職場での朝のコーヒー,同僚にコーヒーを淹れてもらった際に「ダーイメ（神の恵みがありますように）」と言う,現代のオフィス環境でも、伝統的な相互扶助の規範を維持する。,親戚の家での訪問,出されたお茶を飲み干して「ダーイメ、素晴らしいお茶でした」と言う,儀礼的な言葉を交わすことで、ゲストとしての礼儀を無事に全うする。
第2象限,ヨルダン,【事実】,「ナシュミー（Nashmi）」による連帯の呼称,ヨルダン人同士が、互いの勇敢さや気高さ、相互扶助の精神を称える際に「ナシュミー（男）」「ナシュミーヤ（女）」と呼び合う。,部族社会の価値観を国民的アイデンティティに拡張し、連帯感を生む,所属欲求の充足、ヨルダン人としての誇りと自己肯定感,元々はアラビア半島北部のベドウィン語彙で「勇気ある者」を意味するが、近代のヨルダン国家形成期において、国民全体のアイデンティティとして再定義・ロマン化された。,スポーツの国際試合,「我らがナシュミーたち！」と応援する,代表チームと国民を一体化させ、愛国心を刺激する。,困っている人を助けた時,「さすがナシュミーだ」と称賛する,相互扶助や男らしさの行動規範を日常言語で強化する。,国王のスピーチや公式声明,「誇り高きナシュミーの皆さん」と語りかける,国家元首が国民の結束を促すための効果的な政治レトリック。
第3象限,ヨルダン,【事実】,カフ（q?f）音の発音による出自の分断,アラビア語の「カフ」を「ガ（g）」と発音するか「ア（?）」と発音するかで、東岸系（ヨルダン系）とパレスチナ系を分断・非難する。,「真のヨルダン人」と「よそ者」の境界線を言語的に引き、政治的優位性を確保する,マジョリティ側のナショナリズムの高揚と、マイノリティ側の疎外感,東岸系のベドウィン方言（g）と、都市部やパレスチナ系の方言（?）の違いが、歴史的対立を経て、政治的なアイデンティティ・マーカーとして固定化したもの。,サッカーの試合,「俺たちはガフワ（gahwa）を飲む本物の男だ！」と挑発する,発音の違いをスポーツの熱狂に乗せて、相手の出自を攻撃する。,議会での演説,「私がガーラ（g?la＝言った）ように」と意図的に発音する,ベドウィンの系譜を擬似的に演出し、保守層の支持を取り付ける。,職場でのステレオタイプ,「アワ（?ahwa＝コーヒー）なんて軟弱な発音をするな」とからかう,発音の違いを「男らしさ」や部族の威信と結びつけて非難する。
第4象限,ヨルダン,【事実】,マンスサフ・コーマ（Mansaf Coma）の自虐ジョーク,国民食マンスサフを食べた後の強烈な眠気を、医療用語（昏睡＝コーマ）を用いて大げさに表現し、怠惰を正当化する。,過食によるパフォーマンス低下という社会的な不満や摩擦を、ユーモアでガス抜きする,自己正当化による罪悪感の軽減、国民のあるあるネタとしての連帯感,マンスサフは発酵乳（ジャミード）と羊肉、大量の米を使った極めて高カロリーな料理。食後の生理的な眠気を、英語の医療用語と組み合わせることで現代的な言葉遊びに昇華させた。,金曜日の午後の家族の集まり,「おじさんはマンスサフ・コーマに入った」と笑う,食べ過ぎによる怠惰を文化的な不可抗力として肯定し、場を和ませる。,職場でのミーティング,「マンスサフ・コーマ中だから難しい会議は無理だ」と言い訳する,職務上のパフォーマンス低下を、誰もが経験する笑い話に変換する。,SNSのミーム画像,「現在マンスサフ・コーマによりシステムダウン中」と投稿する,国民的な共通体験として、オンライン上の連帯を遊戯的に楽しむ。
第1象限,レバノン,【事実】,"「Hi, Kifak, ?a va?」の多言語コードスイッチング",挨拶において英語、アラビア語、フランス語を1つの文に混ぜて使う。これを使えないと教養がない、または特定の宗派に偏っていると見なされる。,宗派間の対立を避け、コスモポリタンなレバノン人としての洗練された秩序を保つ,中立を保つことによる安心感、西洋文化への帰属意識による優越感,多宗教国家レバノンにおいて、特定のアラビア語方言や宗教的挨拶（アッサラーム等）を避けることで、自らの政治的・宗派的スタンスを隠蔽し、中立的な都市エリートであることを示す社会言語学的な防衛本能。,アシュラフィーエのブティックに入店する時,"店員に対し「Hi, Kifak, ?a va?」と声をかける",自分が特定の宗派の原理主義者ではなく、洗練された顧客であることを示す。,新しいビジネスコンタクトとの初対面,"「Hi, Kifak, ?a va?」と三言語を混ぜて挨拶する",相手の言語的背景（英仏どちらの教育を受けたか）を探りつつ、中立を保つ。,電話の応答,"電話に出るなり「Hi, Kifak, ?a va?」と一息で言う",現代レバノンの都市部における、もはや思考を介さない無意識の定型句。
第2象限,レバノン,【事実】,「トボルニー（To'borni）」の過剰な自己犠牲的愛情表現,直訳で「あなたが私を埋葬しますように（あなたなしでは生きられない）」という言葉を、究極の愛情表現やアハ体験として多用する。,他者との間に、死さえも厭わないほどの擬似家族的な強固な連帯と共感を生み出す,圧倒的な愛情の伝達による情緒的な陶酔感、深い承認欲求の充足,レバノン・アラビア語に特有の誇張表現。「愛する人が死ぬ悲しみを味わうくらいなら、自分が先に死んで相手に葬られたい」という極端にロマンチックで宿命論的な文化的メンタリティを反映している。,母親が幼い子供にキスをする時,「トボルニー（私の命をあげる）」と囁く,我が子に対する究極の無償の愛と自己犠牲を劇的に表現する。,恋人同士の親密な会話,「ああ、トボルニー（可愛すぎて死にそう）」と返す,相手への深い没入と情熱を、死という重いメタファーを用いてロマンチックに伝える。,久しぶりに会った親友への挨拶,強いハグをしながら「トボルニー！」と叫ぶ,単なる友情や形式的な挨拶を超えた、魂レベルでの結びつきを示す。
第3象限,レバノン,【事実】,「バンドゥーラ（トマト）」による戦時下のシボレス,レバノン内戦中、トマトをレバノン方言の「バンドゥーラ」と発音するか、パレスチナ方言等の「バナドーラ」と発音するかで命の選別を行った。,敵対する宗派や難民（パレスチナ人）を言語的に特定し、攻撃・排除・キャンセルする,身内の安全確保への執着、他者を抹殺することへの言語的免罪符,1975年から始まったレバノン内戦において、民兵組織が検問所で相手のアイデンティティを瞬時に判別するため、日常語の微細な発音の違い（シボレス）を死活的なセキュリティ・テストとして利用した悲劇的歴史。,内戦中の武装勢力の検問所,通行人に「バナドーラ」と答えさせる,パレスチナ方言で答えた者を即座に敵とみなし、拉致や殺害の対象とした。,避難民のコミュニティへの潜入,「このバンドゥーラ（トマト）をどう思う？」と聞く,スパイや他宗派の人間が紛れ込んでいないか、言語の癖で炙り出す。,戦後のトラウマの語り継ぎ,「バナドーラと言うだけで殺された」と語る,言語が凶器となった歴史を振り返り、分断の恐ろしさを再確認する。
第4象限,レバノン,【事実】,「電気が来た（Jit el Kahraba）」の祝祭化とブラックジョーク,慢性的な停電に対する不満を、電気が復旧した瞬間に過剰に喜んだり、国家の無能を皮肉るジョークに昇華してやり過ごす。,インフラ崩壊という絶望的な状況を笑いに変えることでのガス抜き、市民同士の連帯,怒りや無力感の緩和、同じ苦境を耐え抜く者同士の悲哀に満ちたカタルシス,内戦終結後も数十年にわたり解決しないレバノンの電力危機が背景。機能不全に陥った国家に対する諦念が、ユーモアというトラウマ的状況へのコーピング・メカニズムとして機能している。,突然電気が復旧した時,「ハレルヤ！」「大統領が来たぞ！」と歓声を上げる,日常の当たり前を奇跡のように扱うことで、国家の無能を強烈に皮肉る。,民間発電機（Moteur）の集金時,「第二の国税局が来た」と笑い合う,政府ではなく民間の発電機マフィアが事実上の国家インフラを担っている異常事態を笑う。,SNSでの停電ミーム,「レバノン風ロマンチック・ディナー」と称してロウソクの写真を投稿する,悲惨な生活環境を審美的に偽装する自虐ネタで、ネット上の共感を集める。
第1象限,パレスチナ,【事実】,「スムード（Sumud）」による精神的抵抗の定型化,「忍耐・不屈（スムード）」という概念を日常的な言語実践に組み込み、占領下であってもその地に留まり生活を続けることを義務づける。,物理的な抑圧に対して、社会全体の士気とパレスチナ人としてのアイデンティティ・秩序を保つ,絶望的な状況下での自己効力感の維持、尊厳の回復,1967年の第三次中東戦争以降にパレスチナのナショナリズムの中核となった概念。武力闘争ではなく、日常生活を維持し、土地に根を張ること自体を「抵抗（ムカワーマ）」と定義する政治的・社会的規範。,家屋破壊後の再建,瓦礫の中で「私たちはここに留まる（スムード）」と語る,物理的喪失に対する精神的抵抗であり、コミュニティの士気を保つ。,オリーブ収穫での嫌がらせへの対応,「オリーブの木のように根を張る」と形容して農作業を続ける,土地との結びつきを日常言語で確認し、占領政策に屈しない意思を示す。,政治犯の家族への慰め,「彼のスムードを讃える」と声をかける,投獄という弾圧を、被害者ではなく英雄的な忍耐として意味づける。
第2象限,パレスチナ,【事実】,「スイカ（Batikh）」を国旗の隠語とする連帯のメタファー,イスラエルによる国旗掲揚禁止を逃れるため、同じ配色（赤・緑・黒・白）を持つスイカをパレスチナ国旗の暗号やメタファーとして使う。,検閲を回避しながら、仲間内の強固な連帯とナショナリズムの共感を創出する,弾圧を出し抜くアハ体験、クリエイティビティによる精神的勝利,1980年代以降、イスラエル軍がパレスチナ国旗やその色を使った芸術作品を禁止・没収したことに対する対抗策として生まれた。近年ではSNSのアルゴリズムによる検閲（シャドウバン）を回避する手段として世界的に拡散している。,SNSの投稿,「我々のバティーフ（??）は決して消えない」と投稿する,アルゴリズムによる検閲を回避しつつ、世界中の支持者と連帯を示す。,抗議デモのプラカード,「バティーフ（スイカ）を掲げて前進しろ」と叫ぶ,旗を没収される法的なリスクを減らしながら、強烈な政治的意志を表明する。,日常会話での隠語,「今日のニュースでバティーフを見たか？」と尋ねる,直接的な政治スローガンを避け、言語的隠語を通じた間接的でロマンチックなナショナリズムを鼓舞する。
第3象限,パレスチナ,【事実】,ミスターアレビーム（潜入部隊）を炙り出す言語的テスト,パレスチナ人に扮装したイスラエル特殊部隊（ミスターアレビーム）を見破るため、アラビア語特有の喉音の発音テストを行う。,コミュニティに紛れ込んだ敵（特定集団）を言語的に特定し、排除・攻撃する,極限のパラノイア（疑心暗鬼）の緩和、自衛のための絶対的な警戒心,ミスターアレビームはヘブライ語母語話者が多く、アラビア語の「?（Haa）」や「?（Ayn）」といった喉音の発音が不自然になる（ヘブライ語の音韻干渉）。この微細な音声学的特徴が生死を分ける防衛線となっている。,デモ中の不審者の特定,「『ハミス（木曜日）』と言ってみろ」と迫る,ヘブライ訛りで『カミス』となる者をスパイとして炙り出し、排除する。,検問や尋問での逆探知,「フンムス（ひよこ豆）」の発音が「フムス」と喉音が抜けていないか確認する,相手が自然なアラビア語の喉音を出せない場合、訓練された工作員と疑う。,仲間内での警戒の呼びかけ,「あいつの『アイン（?）』の発音はおかしい、気をつけろ」と囁く,言語能力が単なるコミュニケーションツールではなく、生死を分けるセキュリティ基準として機能している。
第4象限,パレスチナ,【事実】,「ザナーナ（Zanana）」による恐怖の遊戯的昇華とブラックジョーク,ガザ上空を24時間飛ぶイスラエルの偵察ドローンの羽音を、アラビア語で「うるさい蚊」や「口うるさい妻」を意味する「ザナーナ」と呼んでからかう。,絶え間ない軍事的監視という極度のストレスを、日常的な不満（蚊や小言）に変換してガス抜きする,無力感や死の恐怖の緩和、圧倒的な権力・暴力に対するユーモアによる精神的優位,「ザーン（Zaan）」という羽音の擬音語に由来するスラング。ドローンは監視だけでなく爆撃も行う死の象徴だが、それをあえて取るに足らない「鬱陶しい存在」に矮小化することで、パレスチナ人がトラウマを生き延びようとする心理的防衛機制。,ガザでの日常会話,空を見上げて「今日のザナーナは機嫌が悪い」と笑う,常に監視・標的にされている死の恐怖を、擬人化することで和らげる。,夫婦間の冗談,口うるさいパートナーに対して「ザナーナみたいだ」と言う,戦争兵器のトラウマを、あえてありふれた日常の笑いにすり替える。,子供たちの遊び,ドローンの音を真似て「ザナーナだ！」とふざけ合う,恐怖の対象を遊びの要素に取り込むことで、子供たちの心理的負担を軽減する。
第1象限,アイルランド,【都市伝説】,Craicの純ケルト語源説,「Craic（楽しいこと・おしゃべり）」という言葉が古代アイルランド語由来であり、アイルランドの伝統的精神そのものであると信じられている。,観光客や自国民に対する「真正なアイルランド文化」の提示と、自国の独自性の強調。,文化的プライドの維持と、かつての支配国（イギリス）の言語文化からの差別化による安心感。,[事実確認] 元々は北イングランドの方言「crack（おしゃべり）」が、1980年代にメディアを通じてアイルランド語風の綴り「craic」として逆輸入され、定着したもの。,パブの看板や宣伝文句,Ceol agus Craic（音楽と楽しい時間）,英語ではなくゲール語の綴りを用いることで、伝統的で真正な空間であることを演出する。,観光パンフレットのキャッチコピー,Experience the true Irish craic,国家の観光資源として、外来語源の言葉を「古来からの自国文化」としてパッケージ化している。,日常の挨拶で調子を尋ねる時,What's the craic?,英語のフレーズの中にケルト的な（と信じられている）単語を混ぜることで、ローカルな同質性を確認する。
第2象限,アイルランド,【事実】,Hiberno-Englishの「After perfect」,「I have just done」の代わりに「I am after doing」を用いて完了・直近の過去を表現する。,アイルランド人同士の会話における連帯感の形成と、ゲール語の文法構造の隠れた保持。,英語を話しつつもアイルランド的アイデンティティを保っているという安心感と美的共感。,[事実確認] アイルランド語（ゲール語）の完了相「tar ?is（?の後に）」の直訳が、長年の言語接触によって英語の文法として定着した社会言語学的現象。,バス停で目の前でバスが通過してしまった時,I'm after missing the bus.,標準英語の完了形を使わず独自の文法を用いることで、ローカルなコミュニティへの所属を確認する。,パブで友人が帰った直後に別の人が来た時,He's after leaving.,単なる出来事の報告ではなく、アイルランド独特のリズムで時間を共有している感覚を生む。,夕食後に満腹である感想を述べる時,I'm after eating too much.,日常の些細な行動を独自のイディオムで語ることで、仲間内での言語的な心地よさ（共感）を高める。
第3象限,アイルランド,【事実】,West Brit（西ブリテン人）というレッテル,イギリス文化に親和的なアイルランド人、またはアイルランドのナショナリズムに批判的な同胞を「裏切り者」として非難する言葉。,政治的・文化的な境界線の維持、及び親英的な態度やエリート主義への強烈な制裁（キャンセル）。,愛国心を誇示し、コミュニティ内の「純粋性」を保つことによる優越感と、敵の排除。,[事実確認] 19世紀末から20世紀のアイルランド独立運動において、イギリスの統治に協力する者や親英派を攻撃するために実際に使われてきた政治的罵倒語。,SNSで自国のジャーナリストがイギリス王室を擁護する発言をした時,He is nothing but a West Brit.,愛国心の欠如を指摘し、発言者のアイルランド人としての信頼性を根本から削ぐ。,政治討論でイギリスとの協調路線を説く政治家に対して,That's typical West Brit mentality.,相手を「非アイルランド的」と定義づけることで、議論の内容に関わらず発言権を奪う。,伝統的なゲーリック・ゲームズではなくラグビーばかりを好む人へ,He's a bit of a West Brit.,趣味嗜好（スポーツ）を通じて属するコミュニティの階層を格付けし、目に見えない分断線を引く。
第4象限,アイルランド,【事実】,Slagging（スラギング：親愛なる侮辱）,親しい友人同士で、あえて相手を厳しく貶したり、失敗を執拗にからかったりする言語的儀式。,深刻な対立を避けつつ、お互いの自己顕示欲（エゴ）を抑え込み、平等な関係を常に確認するガス抜き。,本音や照れをユーモアや皮肉で包むことで、逆に心理的距離を縮める遊戯的カタルシス。,[事実確認] アイルランド社会における「出る杭は打たれる（Tall Poppy Syndrome）」の文化と、親密さの表現としての社会言語学的実践。人類学でも頻繁に言及される。,友人が目立つ新しい服を着てパブに現れた時,Did you get dressed in the dark?（暗闇で着替えたのか？）,相手の自己顕示欲を冗談めかして削ぎ落とし、グループ内の平等を維持する。,仕事で小さなミスをして落ち込んでいる同僚に対して,"You're an absolute genius, aren't you?",直接的な慰めを避け、皮肉を用いて深刻さを笑いに変えることで関係性を修復する。,ケチな友人が珍しく酒を奢ってくれた時,About time you put your hand in your pocket.,感謝を直接伝える照れ隠しとして、過去のケチぶりをからかいながら友情を確認する。
第1象限,イギリス,【事実】,U and non-U English（階級指標語彙）,上流階級(U)と中産階級(non-U)を区別する厳格な語彙ルール。non-Uの言葉を使うと「教養がない/気取っている」と見なされる。,イギリスの厳格な階級社会における、暗黙のヒエラルキーと不可視の境界線の維持・再生産。,自分が所属する階級を誇示する安心感、または上の階級から見下されることへの絶え間ない恐れ。,[事実確認] 1950年代に言語学者アラン・ロスが提唱し、作家ナンシー・ミットフォードが広めた概念。時代と共に変化しつつも、現在でも階級を測る指標として機能している。,食卓で口を拭く布を指し示す時,"(U) ""Napkin"", (non-U) ""Serviette""",中産階級がフランス語由来の言葉で上品ぶるのを、上流階級は逆に野暮であるとして見下す。,家の中でトイレの場所を尋ねる時,"(U) ""Lavatory / Loo"", (non-U) ""Toilet""",Toiletは元々化粧を意味し、直接的な表現を避ける中産階級の遠回しな態度が不適格とされる。,相手の言葉が聞き取れず聞き返す時,"(U) ""What?"", (non-U) ""Pardon?""",Pardonは中産階級の過剰な気取った礼儀正しさの象徴とされ、上流階級はあえて無骨にWhatを用いる。
第2象限,イギリス,【事実】,Cockney Rhyming Slang（コックニーの韻踏み俗語）,言いたい単語と韻を踏む2語以上のフレーズを作り、その「韻を踏んでいない前半部分」だけを隠語として使う。,労働者階級（主にロンドンのイーストエンド）のコミュニティにおける、部外者（警察など）を排除した強い連帯感の形成。,謎解きのような暗号を仲間内だけで共有し合うことによるアハ体験と、審美的な所属感。,[事実確認] 19世紀半ばのロンドンの労働者階級・行商人・犯罪者の間で発生したとされる隠語システム。現在でも下町文化の象徴として使われる。,階段（stairs）を上って上の階に行く時,I'm going up the apples.（Apples and pears = stairs）,外部の人間には「りんごを上がる」としか聞こえず、行動の意味が完全に隠蔽される。,電話（phone）で話をしている人を指す時,He's on the dog.（Dog and bone = phone）,権力者等の盗み聞きを回避するための日常的な暗号化が、遊び心として定着したもの。,妻（wife）についての愚痴をこぼす時,How's the trouble?（Trouble and strife = wife）,ユーモアや皮肉を交えつつ、仲間内だけで通じる独自の表現として妻を指し示す。
第3象限,イギリス,【都市伝説】,CHAVのバクロニム的偽語源,労働者階級の若者を指す蔑称「Chav」が、「Council Housed And Violent（公営住宅に住む暴力的な奴ら）」の頭文字であるというデマ。,特定の社会階層（貧困層・労働者階級）を犯罪者予備軍として非難・悪魔化し、社会的分断を正当化する。,自分たちは彼ら（下層階級）とは違うという中産階級の優越感と、社会不安のスケープゴートの創出。,"[事実確認] 実際はロマ語で「子供・若者」を意味する ""chavi"" が語源。後から作られたバクロニム（偽の頭文字）によって、階級差別が正当化・強化されたもの。",タブロイド紙が若者の軽犯罪を報じる見出し,Chavs cause havoc in town centre,特定の服装（スポーツウェア等）や階級と犯罪を直接結びつけるレッテル貼りとして機能する。,ネット掲示板で低所得者層のライフスタイルを批判する時,"It stands for Council Housed And Violent, what do you expect?",偽の語源を「客観的な事実」として持ち出し、差別的な発言を正当化する。,日常会話で、ジャージを着た若者の集団を避ける時,"Look at those chavs, keep walking.",視覚的な特徴だけで相手の出自や人格を断定し、空間的な排除を行うための言葉。
第4象限,イギリス,【事実】,Unparliamentary language（非議会用語）の回避的ユーモア,イギリス議会において、相手を直接「嘘つき」などと呼ぶことが禁じられているため、極度に遠回しで皮肉な表現を使う遊び。,議会の権威とルールの制約を逆手にとり、ユーモアを交えながら最大限の侮辱を合法的に行うガス抜き。,厳しい制約の中で、いかに知的に、かつダメージを与えて相手を罵倒するかという遊戯的快感。,"[事実確認] イギリス下院の議長が禁止している直接的な侮辱語（liar, hypocriteなど）を回避するため、議員たちが何百年もかけて洗練させてきた伝統的な修辞技法。","議会で相手の嘘を指摘する際、""Liar""の代わりに",The Right Honourable gentleman is being economical with the truth.,嘘をついているという事実を「真実の節約」という洗練された言葉に変換して合法的に皮肉る。,議会で相手の酩酊や感情的暴走を指摘する時,He appears to be tired and emotional.,酒に酔っているという事実を、同情を装った上品な言葉で嘲笑い、相手の面目を潰す。,"相手の意図的な誤解やデマを指摘する際、""Deliberately misleading""の代わりに",Inadvertent inaccuracy（不注意による不正確さ）,相手がわざと嘘をついていることを知りつつ、表面上は「不注意」と擁護するふりをして貶める。
第1象限,オランダ,【事実】,U（丁寧）とJij（親称）の厳格・複雑な境界線,オランダ語における敬称（U）と親称（Jij/Je）の使い分け。近年フラット化が進むが、間違うと「失礼」または「距離を置きすぎ」とされる。,平等な社会を標榜しつつも、年齢・立場・親密さの微細なグラデーションを言語によって制御・維持する。,相手との適切な距離感を探り当てる緊張感と、ルールが一致した際の社会的な安心感。,[事実確認] 他の欧州言語同様のT-V区分だが、オランダは特に平等主義が強いため「いつJijに切り替えるか、誰にUを使うか」が複雑な社会心理学的な課題となっている。,職場で年上の上司に対して初めて話しかける時,Zou u mij kunnen helpen? (手伝っていただけますか？),初期設定としての礼儀を示し、上司からの「Jijでいいよ」という許可を待つ暗黙のヒエラルキー。,義理の親に初めて会って飲み物を勧める時,Wilt u nog wat koffie? (コーヒーをもっといかがですか？),最初は安全な「U」を使って敬意を示し、相手からの「Jijでいいよ」という提案を待つ。,店舗で若い店員が年配の客に接客する時,Heeft u het kunnen vinden? (見つかりましたか？),平等主義のオランダでも、商業空間や初対面の世代間では伝統的な秩序のルールが強制される。
第2象限,オランダ,【事実】,Gezellig（ヘゼリヒ）の精神,「居心地が良い」「和気あいあいとした」を意味する、オランダ文化の核心とされる他言語に翻訳不可能な形容詞。,厳冬やカルヴァン主義的な質素さに対する反動として、コミュニティ内の暖かさと連帯感を最大限に美化し共有する。,仲間と時間や空間を共有していることへの深い共感、安心感、および美的満足感。,[事実確認] 元々は「仲間（gezel）」から派生。オランダ人のアイデンティティや空間認識（Gezelligheid）を形成する中核的概念として、社会学・人類学で広く研究されている。,カフェで友人たちと数時間おしゃべりをした後、別れ際に,Wat was het gezellig! (なんてヘゼリヒだったんだろう！),単なる「楽しかった」を超え、場の空気の完璧な調和と仲間意識を称賛する儀式。,部屋の模様替えで、暖色系のランプやキャンドルを配置する時,Dit maakt de kamer erg gezellig. (これで部屋がすごくヘゼリヒになる),物理的な空間の美しさ（光やインテリア）と心理的な暖かさを一体化させて言語化する。,予定外の雨宿りで、偶然見知らぬ人たちと狭い空間で談笑した時,Toch wel gezellig. (これもまたヘゼリヒだね),不便な状況であっても、コミュニティの偶発的な連帯感というポジティブな美学に変換する。
第3象限,オランダ,【事実】,"病名を用いた罵倒語（Kanker, Tering, Tyfus）",オランダ語特有の現象で、相手を攻撃・非難する際、性的な言葉以上に「致命的な病名（ガン、結核、チフス等）」を用いる。,相手に対して最大限の不快感と呪いを与え、議論や関係性を決定的に破壊・分断する直接的な闘争の道具。,タブー（病気と死）を口にするという背徳感と、強烈な怒りのエネルギーの爆発的解放。,[事実確認] 欧州の中でもオランダ語に極めて特徴的な悪態の構造。歴史的にペストやコレラなどの疫病が身近な恐怖であり、それが最大の呪いの言葉として定着した。,交通トラブルで、自転車の前に車が急に割り込んできた時,Krijg de kanker! (ガンになれ！),相手の命を直接脅かす呪いの言葉を投げつけることで、瞬時に最大の怒りと敵意を表明する。,大切なものを落として壊してしまった時、その対象物に対して,Tyfuszooi! (チフスのようなガラクタめ！),対象物そのものを恐ろしい病気に例えて、やり場のない苛立ちと攻撃性を発散する。,激しい口論の末、相手の人格を徹底的に否定する時,Teringlijer (結核を患う奴),相手を不浄な存在、社会から隔離すべき存在としてレッテルを貼り、コミュニケーションを遮断する。
第4象限,オランダ,【事実】,Steenkolenengels（石炭英語）の意図的直訳ジョーク,オランダ語の独自のことわざを、あえて英語の単語で直訳（文法やイディオムを無視）し、それを国内のユーモアとして楽しむ遊び。,「完璧な英語を話さなければならない」というグローバル化のプレッシャーを、あえて酷い英語を使うことで笑いに昇華する。,正しい言語のルールを意図的に破壊することによる解放感と、オランダ人同士の「内輪ネタ」の遊戯的共有。,[事実確認] 19世紀の港湾労働者（石炭荷役）が使ったブロークン英語に由来。近年は政治家やサッカー監督の発言がミーム化し、意図的なジョークとして大衆化している。,"信じられない話を聞いた時、""Maak dat de kat wijs""（それを猫に信じさせろ）を直訳して",Make that the cat wise.,英語話者には全く通じない無意味な言葉をあえて作ることで、英語の権威をからかう。,"単刀直入に本題に入る時、""Met de deur in huis vallen""を直訳して",I fall with the door in the house.,複雑な状況を馬鹿げた直訳で表現し、場の緊張を和らげつつオランダ人としての同質性を楽しむ。,"隠し事がバレた時、""Nu komt de aap uit de mouw""（袖から猿が出る）を直訳して",Now the monkey comes out of the sleeve.,失敗や気まずい状況を、ナンセンスな言語的遊戯によってユーモラスに切り抜けるガス抜き。
第1象限,フランス,【事実】,「Bonjour（ボンジュール）」の絶対的義務,店舗に入る際や初対面の人に話しかける際、いかなる要件よりも先に必ず「Bonjour」と言わなければならない厳格な暗黙のルール。,個人の尊厳（客と店員は対等である）の確認と、社会生活における最低限の「文明的な秩序」の維持。,挨拶を怠ると「野蛮人」として扱われ、サービスを拒否されたり冷遇されたりするという強迫観念。,[事実確認] 仏の社会人類学者（P. カンピオン等）によれば、Bonjourは単なる挨拶ではなく、相手を「透明な存在ではない一人の人間」として承認するための不可欠な儀式である。,パン屋に入店する時、用件を伝える前に店内の店員に向かって,"Bonjour, monsieur/dame.",これを言わずに「バゲットを1本」と注文すると、店員から冷遇されるか、あえて無視される制裁を受ける。,"道で人に道を尋ねる時、突然 ""O? est la gare?"" と聞くのはタブーであり","Bonjour, excusez-moi, o? est la gare?",まず相手の存在を承認するプロセスを経ないと、文明的なコミュニケーションが開始されない。,バスに乗車する際、運転手に対して目を合わせて,Bonjour.,サービス提供者であっても、人間同士の対等な関係としての礼儀と秩序を強制される。
第2象限,フランス,【事実】,Verlan（ヴェルラン）による連帯と隠語,単語の音節をひっくり返して新しい単語を作る言語遊び（例：l'envers -> verlan）。若者や郊外（バンリュー）の住民のアイデンティティ。,エリート層や警察などの権力者から自分たちの会話を隠蔽し、ストリートカルチャーの仲間内の強い連帯感を生む。,体制側の「正しいフランス語」を破壊して再構築することによる反逆的な美学と、仲間内でのアハ体験。,[事実確認] 1980年代以降の移民系若者を中心に広まったが、言語学的ルーツは古くから存在する。現在では一般社会の日常会話にも一部定着している。,"自分の恋人や、親しい女性について話す時、""Femme"" をひっくり返して",C'est ma meuf. (俺の彼女だ),若者特有のリズムと仲間意識を持った表現として定着し、親密さを強調する。,"アラブ系移民を指す時、""Arabe"" をひっくり返して",Il est Beur.,当事者たちが自称することで、外部からの差別的なニュアンスを中和し、連帯のラベルに変換する。,"驚きや狂気、信じられない出来事を表現する時、""Fou"" をひっくり返して",C'est un truc de ouf! (ヤバい/信じられない！),日常的な感情表現を、既存の権威ある辞書にはない独自の音の響きで共有する審美的な遊び。
第3象限,フランス,【都市伝説】,「政府がMademoiselleを禁止してフランス語を破壊している」という陰謀論,行政文書からの「Mademoiselle（未婚女性の敬称）」廃止決定に対し、フェミニストや政府が「美しいフランスの伝統」を完全に禁止しようとしているという保守層の過剰な噂。,ジェンダー平等を推進する勢力を「文化の破壊者」として非難し、伝統主義者たちの間で分断と闘争を煽る。,フェミニズムに対するバックラッシュ（反動）と、失われゆく「古き良きフランス」へのノスタルジーと被害者意識。,[事実確認] 2012年に政府が公文書での使用を廃止したのは事実だが、日常会話での使用を禁じたわけではない。「言葉そのものが違法化される」というのは誇張された闘争的言説。,保守的なテレビの討論番組で、行政の決定に対する非難を行う時,Ils veulent interdire notre culture. (彼らは我々の文化を禁止しようとしている),行政的な変更を、国家レベルの文化破壊計画・キャンセルカルチャーとして誇張して敵対心を煽る。,SNSの投稿で、フェミニストや進歩派に対する攻撃を行う時,"Bient?t, on ne pourra plus rien dire. (もうすぐ何も言えなくなる)",自分たちを「言葉を奪われる被害者」という立場に置き、相手を不寛容な独裁者として非難する。,レストランの年配のウェイターが、若い女性客に対して政治的正しさへの反発として,"あえて強調して ""Oui, Mademoiselle.""",「禁止された」と信じられている言葉をあえて使うことで、見えない権威に対する闘争を実践する。
第4象限,フランス,【事実】,RATP（パリ交通公団）のバクロニム・ジョーク,よく遅延やストライキを起こすパリの地下鉄・バスの運営会社「RATP」の頭文字を、不満を込めて全く別の文章として解釈し直す遊び。,公共サービスの質の低さに対する市民の慢性的な怒りやストレスを、ユーモアと皮肉に変換してガス抜きする。,権威ある巨大組織を「無能な集団」として笑い飛ばすことによる、知的なカタルシスと遊戯的快感。,[事実確認] フランスの労働争議やストライキ文化と密接に結びついた、権威をからかう大衆的なバクロニム（後付け語源）の典型例。広く市民に認知されている。,ストライキで電車が止まり、駅員が働いていないのを見た時,Reste Assis T'es Pay? (座ってろ、給料は出るんだから),ストライキばかりして労働しない職員への皮肉をこめて、公式の頭文字を勝手に展開する。,電車が途中で動かなくなり、乗客が歩かされる羽目になった時,Rentre Avec Tes Pieds (自分の足で帰れ),どうせまともに動かない公共交通への諦めを、権威をからかう笑いに変えてストレスを軽減する。,毎日発生する遅延のアナウンスを聞いた時,Retard Attendu Tous les Jours (毎日予想される遅延),いつも通りのトラブルを「規則通り」であるかのように揶揄し、怒りをナンセンスな笑いに鎮める。
第1象限,ベルギー,【事実】,言語境界線（Taalgrens）における施設対応の厳格な言語ルール,言語境界地域における行政手続き等では、フランス語圏ではフランス語、オランダ語圏ではオランダ語のみを使用しなければならないという厳格なルール。,言語グループ（フランデレンとワロン）間の歴史的なパワーバランスと、不可視のテリトリー（秩序）を厳密に守る。,自分の言語的・文化的権利が侵害されないかという強い警戒心と、ルールに従わない者への排他性。,[事実確認] 1960年代に確定した言語境界線に関する法律。特に「言語便宜施設のある自治体」では、言葉の選択が直接的に政治的スタンスとみなされ、厳しい秩序が要求される。,オランダ語圏の市役所で、フランス語話者がフランス語で話しかけた時,Ik spreek geen Frans.（私はフランス語を話しません）,公務員が規則を盾にしてフランス語での対応を実質的に拒否し、境界線の秩序を強要する。,境界地域の病院で、他言語を話す患者に対して,U moet hier Nederlands spreken.（ここではオランダ語を話さなければなりません）,人道的配慮よりも地域言語のルールが優先され、現地の厳格な言語秩序が強制される。,オランダ語圏の境界地域で不動産の看板を出す時,Te Koop（売出中 ※フランス語の? Vendreは併記しない）,視覚的な言語景観をコントロールすることで、地域の文化的均質性と秩序を守り抜く。
第2象限,ベルギー,【事実】,Belgicisme（ベルギー特有のフランス語表現）の共有,"Septante (70) や ""Nonante"" (90)、「Savoir（できる）」の独自の用法など、フランス本国とは異なる語彙を用いる文化。",フランスの言語的権威（アカデミー・フランセーズ等）への従属から離脱し、ベルギー人としての独自のアイデンティティを形作る。,パリジャンの気取った言葉とは違う、自分たちの「素朴で合理的な」言葉に対する愛着と審美的な連帯感。,[事実確認] 歴史的にベルギー独自の行政・教育システムの中で維持されてきた地域変種。フランス本国の複雑な数え方への合理的な対案として、誇りを持って使用される。,年齢や電話番号などで、99という数字を伝える時,"Quatre-vingt-dix-neuf ではなく ""Nonante-neuf""",フランス式の複雑な20進法を避け、ベルギー独自の合理的な数え方で意思疎通する同質性の確認。,"相手の能力を尋ねる時、「泳げますか？」をフランス本国の ""Tu peux nager?"" ではなく",Tu sais nager? （Savoirを能力の意で使う）,pouvoirとsavoirの使い分けに独自のルールを持ち、身内だけの自然な響きを共有する。,日常の食事のリズム（朝食・昼食・夕食）を指す時,"D?jeuner, d?ner, souper（フランス本国のPetit-d?jeuner, d?jeuner, d?nerとはズレている）",生活の根本的なリズムを指す言葉をベルギー人同士で共有することで、深い連帯感を持つ。
第3象限,ベルギー,【事実】,Franskiljon（フランスキルヨン）という蔑称,フランデレン（オランダ語圏）において、フランス語を気取って話すブルジョワジーや、フランス文化に過剰に同化しようとする同胞を攻撃するレッテル。,社会的・経済的に優位にあったフランス語話者に対する歴史的な怨念の表出と、言語的な「裏切り者」のキャンセル。,フラマン人としての闘争の歴史を呼び起こし、敵を名指しすることで自分たちの正当性と結束を強化する。,[事実確認] 19世紀から20世紀前半のフラマン語運動（Vlaamse Beweging）の文脈で発生した政治的な罵倒語。現在でも言語ナショナリズムの文脈で使用される。,政治集会で、仏語圏寄りの妥協的政策を推進するオランダ語圏の政治家に対して,Hij is een echte Franskiljon. (あいつは真のフランスキルヨンだ),民族の裏切り者としてレッテルを貼り、その政治的信頼や発言権を失墜させる。,歴史論争で、第一次世界大戦時の仏語系エリート層を批判する時,De Franskiljons stuurden onze jongens de dood in. (フランスキルヨンたちが我々の若者を死に追いやった),過去の不平等を現在に呼び起こし、言語分断の被害者としての怒りを再生産する闘争の道具。,日常の嫌味として、オランダ語圏でフランス語の単語を混ぜて気取って話す人へ,Doe niet zo Franskiljon. (そんなフランスキルヨンみたいに振る舞うな),コミュニティの規範から外れ、上位階級を気取る者を言語的に牽制し、同質性を強要する。
第4象限,ベルギー,【事実】,Zwanze（ズワンズ / ブリュッセルの自嘲的ユーモア）,オランダ語とフランス語が混ざり合うブリュッセル特有の、権威や深刻な状況を不条理なジョークや自己卑下で笑い飛ばす大衆的な言語実践。,二つの巨大な言語共同体の対立の最前線に置かれたブリュッセル市民のストレスを、アイロニーによって昇華する。,深刻な政治的対立を「どちらの言葉も完璧ではない」というアナーキーな笑いに変えることの解放感。,[事実確認] ブリュッセルの歴史的な大衆演劇やパペットシアター（Toone）などで現在も受け継がれる、多言語混交（Marollienなど）を基盤としたからかいの文化。,政治家が言語問題で深刻に対立しているニュースを見た時,"Tis een dikke zwanze, pe?! (ひどい冗談だぜ、おい！)",国家を揺るがす政治的緊張を、底辺の視点からの笑いに変換して権威を脱臼させる。,友人が大げさに自慢話をしている時,Arr?te ta zwanze! (冗談はよせ！),相手の自己顕示欲をブリュッセル特有のユーモアで軽くあしらい、笑いに変える。,Toone劇場で、気取った言葉を使うキャラクターに対して,Zwanzeur! (大ぼら吹き！),高度な文化や権威を日常的な言葉で引きずり下ろし、言語の優劣を無効化する遊戯。
第1象限,ルクセンブルク,【事実】,言語ヒエラルキーに基づく厳格なコードスイッチング,状況に応じてルクセンブルク語、フランス語、ドイツ語を厳格に使い分ける不文律が存在する。,多言語社会における機能的役割分担と国家アイデンティティの維持,「場に相応しい言語」を使うことでの社会的承認と安心感,ルクセンブルクの言語法（1984年）により3言語が国語・公用語と規定されているが、実際には社会的領域ごとに言語の優位性が棲み分けられている社会言語学的事実。,議会や政治スピーチでの導入,"H?r President, Dir Dammen an Dir H?ren（大統領、ご列席の皆様：ルクセンブルク語）",国家アイデンティティの強調と国民としての連帯の担保,職場やレストランでの接客・交渉,"Bonjour, que d?sirez-vous ?（こんにちは、何になさいますか？：フランス語）",プロフェッショナリズムと国際的威信の誇示,新聞や警察の調書などの公式記録,"Der Beschuldigte hat zugegeben, dass...（被告人は?と認めた：ドイツ語）",書き言葉としての歴史的権威と客観性・正確性の担保
第2象限,ルクセンブルク,【事実】,時間を問わない「Moien」による連帯,本来は「朝」を意味するが、昼夜を問わず挨拶として使用される。,「私たちは同郷である」というローカルなつながりの確認と強化,時間概念を超えた無条件の受容とアハ体験（内輪感）,中高ドイツ語の「Morgen」に由来するが、社会の多言語化が進む中で、現地人同士がルクセンブルク語話者であることを素早く確認し合うためのシボレスとして意味が拡張された。,朝、パン屋での注文時,"Moien, e Kaffi w.e.g.（おはよう、コーヒーを一つお願い）",通常の挨拶機能に加え、ルクセンブルク語話者であることの提示,午後、通りで知人に会った時,"Moien, w?i geet et?（やあ、元気？）",時間を無視して使用することで「よそ者ではない」ことを示すシグナル,夜、パブでの集まり,Moien alleguer!（みんな、こんばんは！）,くつろいだ空間での心理的バリアの解除と親密さの構築
第3象限,ルクセンブルク,【事実】,Frontalier（越境通勤者）vs L?tzebuerger の言語摩擦,フランス等からの越境通勤者に対する現地人の不満が、言語的排他性として表出する。,労働市場を支える外国人に対するスケープゴート化と自集団の防衛,自国の言語（ルクセンブルク語）が通じないことへの疎外感と防衛的攻撃衝動,人口の半数近くを外国人が占め、経済を越境通勤者に依存している構造的矛盾に対し、現地人が言語の壁を用いて文化的優位性を保とうとする社会言語学的な反発現象。,仏語しか話さない店員への反発,"わざと""Ech h?tt g?r e Br?itchen""（パンを一つください）とルクセンブルク語で返す",マジョリティであるはずの自国で言葉が通じない不満を排他的行動として表出,不動産高騰や渋滞の議論,D?i Frontalieren（あの越境通勤者たちは）と一括りにして呼ぶ,社会問題の責任を外部集団に押し付け、内部の分断を回避する,職場でフランス語が支配的な状況,Firwat schw?tze mir ?mmer Frans?isch?（なぜ私たちはいつもフランス語を話すのか？）,言語的マイノリティに陥った現地人側のルサンチマン（怨念）の蓄積と表出
第4象限,ルクセンブルク,NO_DATA,NO_DATA,NO_DATA,NO_DATA,NO_DATA,NO_DATA,NO_DATA,NO_DATA,NO_DATA,NO_DATA,NO_DATA,NO_DATA,NO_DATA,NO_DATA,NO_DATA
第1象限,モナコ,【事実】,義務教育におけるモナコ語（Ligurian）の強制,フランス語が公用語であるにもかかわらず、学校教育でモナコ語の学習が厳格に義務付けられている。,大国（フランス）への文化的同化を防ぎ、小国の独立性と秩序を維持する,国家の庇護下にあるという特権意識と、王室に対する忠誠心の醸成,1970年代に消滅寸前だったモナコ方言を、レニエ3世が国家のアイデンティティ保持のためにトップダウンで教育課程に組み込んだ政策的事実。,小学校の授業の開始時,Bonagiurnata a tuti（皆さん、おはようございます）,国家の独自性を次世代に刷り込むための制度的機能,国歌斉唱の儀式,"Despoei tugi?, sci? d'u nostru paise...（昔からずっと、私たちの国の上には…）",フランス語圏の中にありながら、モナコ公国としての独立を自己確認する儀式,大公室の公式行事でのスピーチ,"Viva u Principu, viva Munegu!（大公万歳、モナコ万歳！）",君主と臣民という伝統的ヒエラルキーの再確認
第2象限,モナコ,【事実】,Daghe Munegu（行け、モナコ！）によるナショナル・プライドの喚起,スポーツや国家行事で使われるモナコ語の合言葉。,居住者の大半が外国人である環境下において、少数の「地元民」を強固に結びつける,人口が少ない小国ゆえの運命共同体としての強いカタルシスと連帯感,日常的にはほとんど話されなくなったモナコ語が、象徴的・感情的な場面でのみ集団的記憶を呼び覚ます「象徴言語」として機能している現象。,ASモナコのサッカーの試合,Daghe Munegu!（行け、モナコ！）,サッカーを通じたナショナリズムの高揚と、フランスの他クラブに対する対抗心,建国記念日のパレード,"Munegu, Munegu, Daghe Munegu!（モナコ、モナコ、行けモナコ！）",富裕な外国人居住者とは異なる「真のモナコ関係者」であることのアハ体験,地元の祭（聖デヴォータ祭）,"Daghe Munegu, viva Santa Devota!（行けモナコ、聖デヴォータ万歳！）",共同体の歴史的・精神的結束の再生産
第3象限,モナコ,【事実】,法的・言語的な「3つの階級」による社会的区別と分断,Mon?gasques、Enfants du pays、R?sidentsという厳格な用語区分が存在する。,限られた国土・資源の分配における優先順位の正当化,土着性によるマウントと、金銭的豊かさとは逆転した特権階級意識,人口の約8割が外国人である特殊な人口動態が生み出した、法的権利と直結する強固な社会言語学的カースト制度。,住宅や権利の配分を巡る会話,Je suis Mon?gasque de souche（私は生粋のモナコ国籍だ）,不動産価格が世界一高い国において、国営住宅などを得るための特権階級の線引き,雇用市場での優先枠の主張,Nous sommes les Enfants du pays（我々は地元生まれの住民だ）,新参の富裕層に対する地元民の自己防衛とアイデンティティの主張,日常のゴシップや陰口,C'est juste un R?sident（彼は単なる居住者にすぎない）,経済力では劣るかもしれない地元民が、土着性を武器にして富裕層を社会的に見下す心理的防衛機制
第4象限,モナコ,NO_DATA,NO_DATA,NO_DATA,NO_DATA,NO_DATA,NO_DATA,NO_DATA,NO_DATA,NO_DATA,NO_DATA,NO_DATA,NO_DATA,NO_DATA,NO_DATA,NO_DATA
第1象限,ドイツ,【事実】,Duzen（親称）とSiezen（敬称）の厳格な境界線と移行ルール,社会人同士は必ず「Sie」を使い、勝手に「Du」で話しかけると無礼、あるいは警察官相手だと侮辱罪になると信じられている。,社会的ヒエラルキーとプロフェッショナルな距離感の維持,公私が明確に分かれているという心理的安全性、またはルールを破ることへの強いタブー感,警察官に対する「Du」は独立した公務員侮辱罪があるわけではなく一般的な侮辱罪が適用されるに過ぎないが、民衆の間では「警察へのDuは罰金」という偽ルールとして定着している。,職場やビジネスシーンでの初対面,K?nnten Sie mir bitte helfen?（手伝っていただけますか？）,能力主義の社会において、馴れ合いを排除し敬意と距離を保つ機能,警察官への声かけ・抗議,"Haben Sie mich verstanden, Herr Wachtmeister?（分かりましたか、巡査殿？）",権力者に対する言語的服従の証明と、不必要な法的・社会的トラブルの回避,飲み会での「Du」への移行儀式,Wollen wir uns duzen?（お互い「Du」で呼び合いませんか？）,厳格な境界線を越えるための明示的な合意形成と、心理的距離の短縮
第2象限,ドイツ,【事実】,キーツドイチュ（Kiezdeutsch）による連帯,移民ルーツの若者を中心に、前置詞や冠詞を省略したり、アラビア語等の単語を混ぜる多民族方言。,エスニックな背景を超えた若者同士の新しいアーバン・アイデンティティの形成,「正統なドイツ語」を崩すことによるカウンターカルチャー的な連帯感とアハ体験,言語学者のハイケ・ヴィーゼらにより、単なる「間違ったドイツ語」ではなく、高度に規則化された多民族社会の新しい方言として学術的に認知されている。,駅での待ち合わせ,Lassma Bahnhof gehen（駅行こうぜ）,前置詞や冠詞の省略によるスピード感の創出と、ストリートの身内感の共有,肯定や同意の返答,Lassma machen（やろうぜ）,若者特有のリズム感による、仲間内の行動への強い同調,親密な呼びかけ,"Wallah, Bruder（神にかけてマジだぜ、兄弟）",アラビア語源の借用による、ドイツ社会におけるマイノリティ連帯の誇示
第3象限,ドイツ,【事実】,Gutmensch（偽善者・お花畑）というレッテル貼り,本来は「善人」を意味する言葉を、PCを重んじる層をキャンセルするための蔑称として使う。,イデオロギーの対立を単純化し、相手の道徳的優位性を剥奪して社会を分断する,理想主義者へのルサンチマンの解放と、保守・右派層の排他的な正当性の確認,1990年代以降に右派メディア等で広まり、2015年の難民危機で定着。「2015年の不快語」に選ばれた社会言語学的事象。,難民受け入れ議論での非難,Die Gutmenschen zerst?ren das Land（偽善者たちが国を破壊する）,人道主義を現実離れした愚行として非難し、道徳的優位性を攻撃する,環境保護デモへの批判,Er ist ein typischer Klima-Gutmensch（あいつは典型的な環境の偽善者だ）,自分たちは現実主義者であると位置づけ、活動家の欺瞞を揶揄する,SNSでのリベラル層への攻撃,Die Gutmensch-Mafia schl?gt wieder zu（偽善者マフィアがまた動き出した）,リベラル層を言論弾圧を行う組織的な「敵」として設定し、自らの攻撃を正当化する
第4象限,ドイツ,【都市伝説】,自動車メーカー名のバクロニム（後付けの偽語源）ジョーク,車のブランド名を頭文字に見立て、製品への不満やライバル企業への揶揄を込めた別フレーズを作る。,工業国ドイツにおける自動車信仰と、現実の製品の欠陥・不満のユーモアへの昇華,大企業や権威あるブランドを言葉遊びで貶めることによるガス抜きと娯楽,実際の企業名の由来とは全く関係のない、大衆が後付けで作った民間語源（Backronym）。工業社会特有の消費者の鬱憤晴らしとして機能している。,故障したフィアット車を見た時,FIAT = Fehler In Allen Teilen（すべての部品に欠陥あり）,安価な外国車に対するドイツ人の優越感と、よく壊れることへの不満の笑いへの昇華,BMWを揶揄する時,BMW = Bei Mercedes Weggeworfen（メルセデスで捨てられた部品）,国内の高級車ライバル企業に対する、庶民のひがみやからかい,オペルの遅さや性能をからかう時,OPEL = Ohne Power Ewig Letzter（パワーなしで永遠に最下位）,庶民派ブランドの所有者が行う自虐、あるいは他社オーナーからの愛着あるユーモア
第1象限,オーストリア,【事実】,タイトルヴァーン（Titelwahn：称号執着）における敬称の絶対ルール,会話や手紙において、相手の学歴や役職を正確に呼称しなければひどく失礼にあたるとされる。,ハプスブルク帝国時代から続く、階級社会の遺残と官僚主義的な秩序の維持,自分の社会的地位が正確に認知・承認されることによる強い自尊心の充足,帝国崩壊後も貴族称号に代わるものとして学位や公的称号がインフレ化し、法的に称号をパスポートに記載できるなど、国家制度として社会言語学的に定着している事実。,役所窓口での公務員との対話,"Gr?? Gott, Herr Hofrat（宮廷顧問官殿、こんにちは）",現在では実体のない名誉称号であっても、伝統的な権威へ服従するポーズを示す,病院での女性医師への呼びかけ,"Guten Morgen, Frau Primaria（おはようございます、女性部長医師）",高度な専門性と、性別を反映させた厳格な身分の明示,日常の挨拶や名刺交換,"Danke sehr, Herr Magister（ありがとうございます、修士殿）",単なる大学卒業資格でさえ社会的ステータスとして誇示し、互いの階級を確認し合う
第2象限,オーストリア,【事実】,Oida（おいだ）の多義的活用による感情の共有,本来は「老人（Alter）」を意味するウィーン方言だが、喜怒哀楽すべての感情を表現する万能詞として使われる。,言葉の意味ではなく「イントネーションと文脈」の共有によってのみ成立する高度な身内感の形成,「多くを語らずとも分かり合える」という、ウィーン特有の斜に構えた連帯感（Schm?h）,単なる若者言葉から、ウィーンの都市アイデンティティを象徴する語彙へと昇華しており、社会言語学的に「文脈依存性の極めて高い語用論的マーカー」として研究されている。,予期せぬ幸運や驚き,目を見開いて短く「Oida!」（マジか！）,出来事に対する驚きを瞬時に共有し、共感の基盤を即時形成する,理不尽な要求や怒り,ため息交じりに長く「Oiiiida...」（勘弁してくれ）,世界に対する悲観や諦念を、ユーモアを交えて仲間内で分かち合う,友人への親密な呼びかけ,"「He, Oida!」（おい、お前）",乱暴な言葉遣いをあえて許容し合うことによる、若者同士の親密な連帯
第3象限,オーストリア,【都市伝説】,Piefke（ピーフケ）という蔑称の民間語源伝説,ドイツ人を指す蔑称。「1866年の普墺戦争でウィーンに入城したプロイセンの軍楽隊長ピーフケの名に由来する」と広く信じられている。,傲慢で声が大きく、ユーモアの通じない隣国人というステレオタイプの強化と分断,大国（ドイツ）に対する歴史的な劣等感や敗戦の屈辱を、特定の個人名に矮小化して攻撃する心理的補償,「Piefke」という語は普墺戦争以前からウィーンの俗語として存在していたが、後に「憎きプロイセンの象徴」として特定の軍楽隊長と結び付けられた民間語源であることが学術的に指摘されている。,サッカーの国際試合での野次,Schei? Piefke（クソ忌々しいドイツ人）,圧倒的な経済・スポーツ大国であるドイツに対する、歴史的劣等感の裏返しとしての敵対心,観光地でのマナー違反への批判,Typisch Piefke（いかにもドイツ人らしい）,オーストリアの洗練された文化を理解しない野蛮な存在としてのステレオタイプ化,ドイツ人の集団への陰口,Die depperten Piefkes（あの馬鹿なピーフケども）,オーストリアの婉曲的なコミュニケーションを壊す「侵略者」としての非難と自己防衛
第4象限,オーストリア,【都市伝説】,ハプスブルク家のモットー「A.E.I.O.U.」のバクロニム的ジョーク,神聖ローマ皇帝フリードリヒ3世が残した謎の文字列「A.E.I.O.U.」に対し、民衆が時代ごとに様々な偽語源（ジョーク解釈）を当てはめた。,絶対的な権威が残した謎を、民衆のユーモアや皮肉によって書き換え、権威を相対化する,歴史的敗北や政治的苦難を、言葉遊びに変換することで得るカタルシスとガス抜き,フリードリヒ3世自身が意図した正確な意味は歴史学的に未解明だが、民衆や知識人がこれをパロディ化し、時の政権批判や子供の言葉遊びとして消費してきた歴史的都市伝説。,19世紀の無駄な宮廷行事への皮肉,Auch eine Illumination ohne Ursache（またもや理由なきイルミネーションだ）,皇帝の権威あるモットーをもじって、無駄遣いする為政者をシニカルに批判する,学校の教室や子供たちの遊び,Affen essen immer ohne Unterhosen（猿はいつもパンツなしで食べる）,歴史的な暗号を単なるナンセンスな言葉遊びに変換して権威を脱臼させる,日常の自虐や身内での冷やかし,Alter Esel jubelt ohne Unterlass（老いたロバは絶え間なく喜ぶ）,哀れな日常や愚かさを権威ある文字列に重ね合わせ、ブラックユーモアの笑いに昇華する
第1象限,スイス,【事実】,山道や村落での「Gr?ezi」義務と排除の境界線,ハイキングコースや村の通りで、見知らぬ人であっても必ず「Gr?ezi（こんにちは）」と挨拶しなければならないという厳格な社会規範。,閉鎖的な共同体における「内部者」と「よそ者」の識別、および相互監視の維持,ルールに従う者には共同体の一員としての安全を保障し、従わない者には強い居心地の悪さを与える,アルプスの厳しい自然環境において、すれ違う者の素性を確認し合う生存戦略の名残であり、現代においてもスイス独自の社会的統制として機能している社会学的事実。,ハイキング道でのすれ違い,Gr?ezi（こんにちは：単数形への挨拶）,互いの存在を認知し、敵意がないこと、また遭難時の目撃者となることの確認,アパートの廊下やエレベーター,Gr?ezi mitenand（皆さんこんにちは：複数形への挨拶）,プライベート空間に近い場所での「礼儀正しい市民」としての相互監視と承認,レジでの支払い,"Gr?ezi, Merci, Uf Wiederluege（こんにちは、ありがとう、さようなら）",一連の定型句を欠くと「無作法な外国人」として冷遇される、暗黙のヒエラルキーの維持
第2象限,スイス,【事実】,Chuchich?schtli（キッチンキャビネット）を用いたシボレス的連帯,「ch」の強い摩擦音が連続するこの単語を、スイスドイツ語の固有性を象徴する言葉として多用する。,標準ドイツ語話者（主にドイツ人）には発音できないことを利用した、強固な言語的境界の構築,「自分たちにしか発音できない」という優越感と、音韻の共有による強いアハ体験と郷土愛,意味自体（小さな戸棚）には大した重要性はないが、音声学的な特徴ゆえに、スイス人が自らのアイデンティティを誇示するための「発音による踏み絵」として意図的に選ばれた社会言語学的事象。,ドイツ人に対する発音の要求,Sag mal Chuchich?schtli!（Chuchich?schtliと言ってみて！）,外国人が正確に発音できないことを笑い合い、スイス人の優越感を確認する,CMや広告でのローカルアピール,S'bescht us em Chuchich?schtli（キッチンキャビネットからの最高の品）,スイス特有の音の響きを提示することで、消費者のローカルなアイデンティティを刺激する,スイス人同士でのからかい,Er cha nid Chuchich?schtli s?ge（彼はChuchich?schtliと言えない）,特有の音韻体系を共有しているという内輪の連帯感の確認
第3象限,スイス,【事実】,R?stigraben（レシュティの溝）という分断の比喩,スイスのドイツ語圏とフランス語圏の文化的・政治的な境界線を、ドイツ語圏の伝統的なジャガイモ料理に例えて呼ぶ。,言語の違いを「越えられない溝」として固定化し、政治的意見の不一致を相手の文化のせいにする,一つの国家でありながら、異なる価値観を持つ相手を「溝の向こう側」の異質な集団として分断・対象化する,1970年代に第一次世界大戦時の対立を振り返る中で生まれ、現在では国民投票のたびに両言語圏の投票結果が分かれる現象を説明するためのジャーナリズム用語として定着している。,国民投票の結果報道,Der R?stigraben ist wieder da（レシュティの溝が再び現れた）,社会福祉や外交などにおける政治的意見の不一致を、言語圏の違いという宿命的な分断に帰責する,労働文化の違いを語る際,Jenseits des R?stigrabens（溝の向こう側では）,「仏語圏は怠惰だ」「独語圏は仕事中毒だ」と互いに非難する際の免罪符として機能,意見の食い違いへのレッテル貼り,Typisch f?r die andere Seite vom R?stigraben（レシュティの溝の向こう側によくあることだ）,相手の価値観を地理的・言語的境界に還元して切り捨てる対立の固定化
第4象限,スイス,【事実】,B?nzli（ビュンツリ）へのからかいとルールへの自虐的ユーモア,異常なまでにルールを守り、隣人の些細な違反を監視・通報する「典型的なスイスの小市民」をB?nzliと呼んでからかう。,息苦しいまでの社会的同調圧力と監視社会に対する、非暴力的な反抗と不満のガス抜き,自国の過剰な潔癖さや官僚主義を、ユーモアに包んで自虐的に批判することで得るカタルシス,元々は一般的なスイスの苗字であったが、20世紀初頭から「偏狭で保守的なルール狂」を指す隠語として広まり、現在ではスイス人自身が自らの国民性を自嘲する際の代表的なキーワードとなっている。,アパートの騒音トラブルでの陰口,Er isch e typische B?nzli（あいつは典型的なビュンツリだ）,法律や規約を盾にした過剰な隣人監視への不満を、ステレオタイプ化して遊戯的に昇華する,細かすぎる規則に対する愚痴,Das isch wieder mal typisch B?nzli!（またいかにもビュンツリらしいよ！）,完璧主義的で息苦しい社会規範に対する、住民たちの自虐的なユーモアと諦め,僅かなゴミの分別の間違いを指摘された時,"Achtung, d'B?nzli-Polizei chunt!（気をつけろ、ビュンツリ警察が来るぞ！）",村社会的な相互監視の圧力に対する、言葉のレッテル貼りを通じたささやかな反抗
第1象限,リヒテンシュタイン,【事実】,君主に対する「Durchlaucht」の絶対的敬称,国家元首である侯爵（F?rst）や侯爵家の人々に対し、「Durchlaucht（殿下）」という敬称を用いるのが絶対的なマナーとされている。,立憲君主制小国における権威の可視化と、国民と君主の距離感の規定,顔の見える規模の国家において、君主への敬意を共有することでの国家としてのまとまりの確認,中世ドイツ語圏から続く貴族への敬称が、現代の主権国家において法的手続きや日常の挨拶にまで実社会の規範として根付いている社会言語学的事実。,公的な場でのスピーチ,"Seine Durchlaucht, der F?rst（君主殿下）",国家元首としての絶対的な権威の明示,侯爵への公式な手紙の宛名,An Seine Durchlaucht den F?rsten,儀礼的なヒエラルキーの順守,侯爵家の人との個人的な会話,"Gr?ezi, Durchlaucht",親密な社会（顔見知り）であっても越えてはならない身分境界の維持
第2象限,リヒテンシュタイン,【事実】,「Hoi」による絶対的フラット化と同胞意識,君主や首相であっても、街中で出会えば「Hoi（やあ）」という親称で挨拶を交わすのが当然とされている。,階級や地位を超えた、小国特有の濃密な共同体意識の確認と再生産,「誰もが顔見知りであり、同じ国の家族である」という強力な安心感と帰属意識,人口約4万人の極小国家において、ドイツ語圏のアレマン方言「Hoi」が公的・私的空間を問わず国家的な同胞意識のトリガーとして機能している事実。,街中で首相や侯爵とすれ違った時の挨拶,Hoi!（やあ！）,階級や地位を超え、全ての国民が同じ共同体の一員であるという強力な平等の確認,他者との繋がりを確認する典型的な質問,Wem gh?rscht?（君は誰の所属？＝どの家族の出身？）,家系や親戚関係を遡ることで、相手を「顔の見えない他者」から「身内」へと変換する,リヒテンシュタイン人が自国の親密さを語る時,Bei uns sagt jeder jedem Hoi.（うちの国ではみんなお互いにHoiと挨拶するんだ）,大国の匿名性とは異なる、小国特有の温かさと連帯感への誇り
第3象限,リヒテンシュタイン,【事実】,「Unterland」と「Oberland」のステレオタイプ的対立,国土が「ウンターラント（低地）」と「オーバーラント（高地）」に分かれており、互いに「田舎者」「傲慢」などのレッテルを貼り合う。,国内の限られた空間における地域的差異を際立たせ、自集団のアイデンティティを際立たせる,他地域を異質化・戯画化することで得られる、自地域の正当性と身内意識の高揚,歴史的に異なる二つの領地（ファドゥーツとシェレンベルク）が統合されて成立した国家の成り立ちが、現代でも社会的・言語的対立の構図として残存している現象。,高地の人間が低地の人間を見下す時,Unterl?nder sind Bauern.（低地の奴らは農民だ）,地理的な違いを社会的階層（洗練vs田舎）に変換して優位性を主張する,低地の人間が高地の人間を批判する時,"Die im Oberland denken, sie seien etwas Besseres.（高地の連中は自分たちが偉いと思っている）",政治・経済の中心である高地に対する、周辺部からの反発とルサンチマン,低地の人間がアイデンティティを誇示する時,"No Unterland, no fatherland.（ウンターラントなくして祖国なし）",互いに依存し合っている歴史的事実を持ち出し、自集団の不可欠性をアピールする
第4象限,リヒテンシュタイン,【事実】,「国を丸ごとレンタルできる」という自己戯画化,「7万ドルで国全体を貸し切れる」という過去のキャンペーンや、「スヌープ・ドッグが国を借りようとした」という逸話がジョークとして語られる。,自国の「超小国」としての特殊性を逆手に取り、自虐的かつエンターテインメントとして消費する,世界の中心ではない小国であることへのコンプレックスを、ユーモアと話題性で相殺するカタルシス,2010年代に実際に展開されたAirbnb等による観光キャンペーンと、アメリカのラッパーの逸話が融合し、自国民の間でも持ちネタとして定着したポップカルチャー的実践。,外国人に対して国の小ささを語る時,Man kann unser Land mieten.（うちの国はレンタルできるんだぜ）,国家を不動産のように扱う極端な矮小化により、相手の笑いを誘う,スヌープ・ドッグの逸話を語る若者,Snoop Dogg wollte Liechtenstein mieten.（スヌープ・ドッグがリヒテンシュタインを借りようとしたんだ）,世界的なアイコンと自国を結びつけ、マイナー国であることの承認欲求を満たす,レンタルキャンペーンの際の宣伝文句,Rent a Village - Rent a State.（村を借りよう、国を借りよう）,主権国家としての威厳をあえて捨て、観光プロモーションという遊戯に没入する
第1象限,イタリア,【事実】,「Lei」による厳格な距離の維持と移行の儀式,三人称単数女性形「Lei」を敬語として用い、相手の許可なく「Tu（親称）」を使うことは無礼とされる。,初対面や公的な場でのプロフェッショナリズムの維持と、階層・年齢差の明確化,「敬意を払われている」という自尊心の保護と、踏み込まれないことへの心理的安全性,ファシスト政権下では「Lei」は外国由来の軟弱な表現として禁止され、「Voi」が強制されたが、戦後に「Lei」が復活したという政治的・社会言語学的な歴史を持つ。,ビジネスでの初対面,"Come sta, Lei?（ご機嫌いかがですか）",馴れ合いを避け、公的な距離感を保つ,大学での学生から教授への発言,"Professore, Le dispiace se...（教授、もしよろしければ…）",学歴主義的社会における明確な上下関係の維持,関係性が深まった際の移行,Possiamo darci del tu?（Tuで話し合いませんか？）,儀式的な確認を経ることで、両者の合意のもとで心理的障壁を取り払う
第2象限,イタリア,【都市伝説】,ティラミス（Tiramis?）の娼館発祥説,ティラミス（私を引っ張り上げて＝元気づけて）という名前から、かつて娼館で客に振る舞われていた精力剤が語源であると信じられている。,食文化にロマンチックで少しエロティックな歴史的背景を付与し、会話のネタとして消費する,タブー（性的な話題）を上品なデザートと結びつけることによるアハ体験と面白さ,実際には1960年代後半に北イタリア・トレヴィーゾのレストラン「Le Beccherie」で考案されたのが定説であり、娼館起源説は名前の直訳（Tira mi s?）から後付けで作られた民間語源。,レストランでのデザート選び,Si dice che il Tiramis? fosse un afrodisiaco.（ティラミスは媚薬だったと言われているよ）,食事の場におけるエンターテインメントとしての歴史の消費,カップル間の冗談,"Stasera mangiamo il Tiramis?, cos? ti tiri su.（今夜はティラミスを食べよう、そうすれば元気になるよ）",言葉の二重意味（スイーツと性的活力）を利用した親密なコミュニケーション,観光ガイドの説明,? nato in un bordello di Treviso.（トレヴィーゾの売春宿で生まれたんだ）,観光客の興味を惹きつけるための、刺激的なストーリーテリング
第3象限,イタリア,【事実】,TerroneとPolentoneによる南北の分断と非難,南部の人間を「Terrone（土くさい奴）」、北部の人間を「Polentone（ポレンタ食い）」と呼び合う。,イタリアの深刻な南北の経済格差と文化の違いを言語化し、互いを他者化・スケープゴート化する,「自分たちの不遇や不快感はあいつらのせいだ」という責任転嫁と自集団の優位性確認,近代国家統一後も埋まらない経済格差を背景に、北部人は南部人を「怠け者」、南部人は北部人を「冷酷で無味乾燥」とするステレオタイプが言語として固定化した社会現象。,北部の人が南部の労働者を非難する際,Lui ? un terrone.（あいつは南部の田舎者だ）,南部の人間を洗練されていない田舎者として見下す,南部の人が北部の人間を批判する際,Quelli sono polentoni.（あいつらはポレンタ食いだ）,経済至上主義で温かみがない人間として揶揄する,サッカースタジアムでのチャント,"Terroni, tornate al sud!（南部へ帰れ！）",地域対立が最も先鋭化・暴力化して表出する集団的な排他行為
第4象限,イタリア,【事実】,「Pasquinata（パスクイナータ）」を通じた権威への風刺,ローマにある「喋る彫像（パスクイーノ等）」に、教皇や為政者を痛烈に批判する匿名の詩を貼り付ける伝統。,絶対的な権力者に対する民衆の不満を、匿名のユーモアと言葉遊びに変換してガス抜きする,権威を笑いのめすことによるカタルシスと、弱者（民衆）間の連帯感の醸成,16世紀から続くローマ特有の社会的実践。言論統制下においても匿名性と詩的ユーモアを隠れ蓑にして権力批判を行ってきた、都市空間における伝統的なコミュニケーション形態。,教皇による文化財破壊への批判,"Quod non fecerunt barbari, fecerunt Barberini（野蛮人がしなかったことをバルベリーニ家がした）",古代遺跡を破壊して宮殿を建てた教皇（バルベリーニ家）への痛烈な皮肉,教皇権の終焉を揶揄する風刺,"Tuona il nembo, Santo Veglio; e se cade il TEMPORALE?（雷が鳴っています。もし「雷雨／世俗権力」が落ちたら？）",Temporale（雷雨）とPotere temporale（世俗権力）を掛けた知的な言葉遊び,現代のローマのインフラ劣化への嘆き,"Povera Roma mia de travertino, te sei vestita tutta de cartone（トラバーチンの哀れな我がローマよ、すっかり段ボールを着せられて）",現代の不満を伝統的な詩的形式で像に託すことによる自己治癒
第1象限,サンマリノ,【事実】,執政長官への「Eccellenza」の絶対的使用,国家元首である2名の執政長官（Capitani Reggenti）に対し、「Eccellenza（閣下）」という敬称を必ず使用しなければならない。,世界最古の共和国としての伝統の保持と、元首の権威の空間的・言語的演出,人口約3万人の極小国家において、厳格な敬称を用いることで「主権国家」としての誇りと威信を自己確認する,中世から続く執政長官制度を維持するサンマリノにおいて、日常空間と政治空間を切り離すための言語的トリガーとして機能している社会的事実。,議会（大評議会）での発言,Sua Eccellenza（閣下）,国家の最高権威に対する絶対的な服従と敬意のポーズ,市民による直接の嘆願・面会,"Eccellenza, vi prego...（閣下、どうか…）",市民と元首が物理的に近くても、言葉によって階層を明確に分ける,メディアでの公的報道,Le Loro Eccellenze（両閣下）,共和制を象徴する「2名体制」の権威を言語的に維持・強調する
第2象限,サンマリノ,【事実】,リンカーン大統領からの賞賛の手紙と名誉市民の神話,リンカーン大統領がサンマリノを「小さくとも歴史上最も名誉ある国家」と賞賛し、名誉市民となったエピソードが神話的に語り継がれる。,アメリカという超大国からの歴史的な承認を共有することで、国家の威信とアイデンティティを保つ,「世界から尊敬される特別な存在である」という強力な自己肯定感と誇り,1861年にリンカーンが実際に送った書簡の言葉が、切手や記念碑、日常の語りを通じて、サンマリノ国民の精神的支柱として定着している歴史的事実。,観光ガイドが来訪者に誇らしげに語る際,Lincoln ha detto che il nostro Stato ? uno dei pi? onorati.（リンカーンは我が国が最も名誉ある国の一つだと言った）,偉大な歴史的指導者からの承認を借りて、国家の威信を演出する,国家の式典や政治家の演説での引用,Bench? il vostro dominio sia piccolo...（あなた方の領土は小さいが…）,小国であることの物理的コンプレックスを、道徳的な優位性へと反転させる,市民が自国の誇りを再確認する時,Siamo cittadini onorari di Lincoln.（我々はリンカーンの名誉市民だ）,超大国との歴史的な繋がりを通じた、共同体の自己肯定感の醸成
第3象限,サンマリノ,【事実】,「Paradiso fiscale」と「Furbetti」をめぐるイタリアとの非難の応酬,イタリア人から「税逃れをするズルい奴ら」と非難され、サンマリノ人は「我々は独立国家だ」と反発して境界線を引く。,経済的な不満を抱える大国からのスケープゴート化と、それに対する小国の主権防衛の闘争,非難によって生じる敵対心と、外部からの攻撃を弾き返すための強固なナショナリズム,サンマリノの独自税制がイタリアの脱税の温床になっているという長年の政治・経済的対立が、日常レベルでのステレオタイプな罵倒語として表出している現象。,イタリア人がサンマリノ人を批判する際,Sono italiani che hanno fatto i furbi e creato un paradiso fiscale.（あいつらはズルをしてタックス・ヘイブンを作ったイタリア人だ）,独立国家を認めず、単なる脱税者の集まりとして矮小化する,イタリアのメディアが用いるレッテル貼り,San Marino ? un covo di evasori.（サンマリノは脱税者の巣窟だ）,経済的な不満の矛先を隣接する小国に向けるスケープゴート化,サンマリノ人が独立性を主張する際,"Siamo una Repubblica indipendente, non siamo italiani.（我々は独立した共和国であり、イタリア人ではない）",自国の歴史と主権を盾にした、自己正当化と境界線の再構築
第4象限,サンマリノ,【都市伝説】,サンマリノのナンバープレート（Targhe sammarinesi）最強伝説,サンマリノのナンバープレートをつけていれば、イタリア国内でスピード違反をしても罰金を免れるという都市伝説・ジョーク。,小国ならではの治外法権的な状況を面白おかしく語り、日常の鬱憤（交通ルール）を笑いに変える,厳格な法規制からの逃避願望を仮託し、システムの抜け穴を突くことへのエンターテインメント的消費,過去に交通違反の取り立て協定が不十分だった時代の事実が誇張され、現在でもイタリア人の間でサンマリノ特権への羨望とユーモアとして語り継がれる民間伝承。,サンマリノナンバーの車を見た時のジョーク,Con quella targa non paghi le multe!（そのナンバーなら罰金を払わなくていいな！）,小国の特権に対する羨望とからかいを込めたコミュニケーション,スピードカメラを通り過ぎる時の軽口,Tanto ho la targa sammarinese.（どうせサンマリノのナンバーだからね）,ルールの網の目を潜り抜けることによる、ちょっとした優越感の共有,車の購入を検討しているイタリア人の嘆き,Voglio trasferirmi a San Marino solo per la targa.（ナンバープレートのためだけにサンマリノに引っ越したいよ）,日常のストレス（罰金への恐怖）を、極端な解決策で笑い飛ばす遊戯
第1象限,バチカン,【事実】,公式教書・儀礼におけるラテン語の定型句,カトリック教会の総本山として、最も重要な宣言や文書にはラテン語の定型句が用いられる。,カトリック教会の普遍性（カトリコ）と、二千年にわたる歴史的連続性・権威の担保,日常言語（俗語）とは異なる「神聖なる言語」を聞くことによる畏敬の念の喚起,バチカンの公用語の一つとしてラテン語が法的に位置づけられており、現在でも新教皇選出などの決定的な瞬間に使用される社会言語学的実践。,教皇選出のコンクラーヴェ終了時,Habemus Papam（我々に教皇が与えられた）,伝統的なラテン語宣言による、世界中の信徒への決定事項の伝達,教皇の公式な祝福,Urbi et Orbi（ローマと世界へ）,教皇の権威が特定の地域だけでなく全宇宙に及ぶことを示す空間的宣言,公式文書での教皇の自称,Servus servorum Dei（神のしもべのしもべ）,ヒエラルキーの頂点に立ちながら、最もへりくだった称号を用いる逆説的な権威の誇示
第2象限,バチカン,【都市伝説】,女教皇ヨハンナと「穴あき椅子」による性別確認伝説,かつて女性が教皇になったため、それ以降、新教皇は穴あき椅子に座らされ睾丸の有無を確認されるという伝説。,閉鎖的で男性中心主義的なバチカンの権力構造に対する、外部からの覗き見趣味的な興味の充足,神聖な権威が、極めて生々しく滑稽な身体的儀式を行っていると想像することのアハ体験と面白さ,女教皇ヨハンナは13世紀以降に広まったフィクション。穴あき椅子は古代ローマの浴場の便座を儀式に流用しただけで、プロテスタントによるカトリック批判などに利用された都市伝説。,歴史ミステリー好きの会話,Il Vaticano nasconde la vera storia della Papessa Giovanna.（バチカンは女教皇ヨハンナの真実の歴史を隠している）,秘密主義の組織に対する陰謀論的な興味の共有,プロテスタントによる宗教批判,La Papessa dimostra la corruzione della Chiesa.（女教皇は教会の腐敗を証明している）,敵対する教派の正統性を根底から揺るがすためのデマとしての利用,バチカン観光でのガイドの小話,Questa sedia serviva per controllare il sesso del Papa.（この椅子は教皇の性別を確認するために使われました）,権威ある場所における、下世話でエンターテインメント性の高い民間伝承の消費
第3象限,バチカン,【事実】,Anathema sit（破門されよ）という呪いの定型句,異端者や教会の教えに反する者を共同体から追放・呪縛するために使われたラテン語の直接的な宣告。,カトリックの教義の純粋性を守るための、極限的な言語的排除と境界線の構築,神の代理人から永遠の罰を宣告されることの圧倒的な恐怖と、従順な信徒への見せしめ効果,初期キリスト教から公会議などで異端を排除する際に用いられた法的な定型文句であり、言霊信仰的な呪術性と法的な追放を兼ね備えた言語実践。,公会議での異端宣告,Anathema sit（呪われよ／破門されよ）,正統な教義と異端とを明確に切り離し、議論を強制終了させる,宗教改革時のルターに対する破門状,Exsurge Domine（主よ、立ち上がってください）,教会の権威を脅かす存在を、神の敵として言語的にラベリングする,異端審問における糾弾,In nomine Patris...（父と子の名において…）から始まる罪状の読み上げ,俗語ではなくラテン語を用いることで、処罰を「神の意志」として客観化・正当化する
第4象限,バチカン,【事実】,ラテン語表示のATM,バチカン市国内に設置されている銀行のATMには、ラテン語の操作メニューが存在する。,近代的なテクノロジーと古代言語のミスマッチによる、バチカン特有のユーモアと自己演出,厳格な宗教空間の中で、ふとした瞬間に訪れる知的な言葉遊びへの驚きと微笑ましさ,ラテン語を公用語とするバチカンならではの遊び心であり、バチカン銀行（宗教事業協会）のATMで実際に選択可能な言語モード。ラテン語学者によって現代の金融用語が翻訳されている。,カード挿入の指示画面,Inserito scidulam quaeso ut faciundam cognoscas rationem（処理を始めるためにカードを挿入せよ）,現代的行為を、大仰な古代語で命じられる滑稽さ,暗証番号の入力画面,Nummorum nota（暗証番号）,近代のセキュリティ概念を、ローマ時代の貨幣用語で無理やり表現する言葉遊び,現金引き出しの選択,Deductio ex pecunia（引き出し）,無機質な金融取引が、歴史的な儀式のように感じられる遊戯的昇華
第1象限,スペイン,【事実】,「Usted」と「T?」の厳格な区分および「Don / Do?a」の使用,初対面や目上の人には「Usted」、親しい人には「T?」を使う。また、目上の人のファーストネームの前に「Don/Do?a」をつける。,社会的階層、年齢、親疎の距離を言語的にマッピングし、適切な対人関係を維持する,礼儀正しさを示すことで得られる社会的承認と、無礼者と見なされないための防衛,スペイン語の二人称代名詞体系における社会言語学的な基本ルール。中世の「Vuestra Merced（あなたの恩寵）」が変化して「Usted」となった歴史的背景を持つ。,年配者や地位の高い人への呼びかけ,"Don Alejandro / ""Do?a Maria""",親しみを込めつつも、相手の年齢や地位に対する深い敬意を示す,レストランでのフォーマルな接客,?Qu? desea usted?（何になさいますか）,客とサービス提供者の間に適切なプロフェッショナルな距離を置く,若者同士や同僚間の会話,すぐに「T?」で話しかける,現代のスペイン社会におけるフラット化の表れであり、「Usted」を使うと逆に距離を感じさせる
第2象限,スペイン,【事実】,「Ojal?」による宿命論的共感と連帯,「そうであればいいのに」「～してほしい」という強い願望を表す際に日常的に使われる感嘆詞。,人間の力が及ばない未来に対する願望を共有し、互いの感情に寄り添う,「結果は運命次第だが、あなたの望みが叶うことを共に祈る」という温かい連帯感,約800年にわたるイスラム支配時代にアラビア語の「in shaa' Allah（神が望むなら）」から借用された語彙が、キリスト教社会であるスペインの日常語として完全に定着している歴史的・言語学的事実。,友人の試験や面接の前,?Ojal? tengas suerte!（幸運を祈る！）,相手の成功を祈る際、神や運命への祈りを込めることで感情を強く共有する,農民が雨を待ち望む時,?Ojal? llueva!（雨が降ってほしい！）,自然の力というコントロールできないものに対する、共同体の切実な願いの表現,実現が難しい夢を語る時,Ojal? pudiera ir.（行けたらいいんだけど）,叶わぬ現実への諦念と、それでも捨てきれない願望を柔らかく表現する
第3象限,スペイン,【事実】,「Facha」と「Rojo」による内戦を起源とするレッテル貼り,右派的な思想や人物を「Facha（ファシスト）」、左派的な思想や人物を「Rojo（赤）」と呼んで非難する。,スペイン内戦の対立構造を現代の政治問題に投影し、相手を極端なイデオロギーでラベリングして分断する,相手を「民主主義の敵」や「国家の破壊者」とみなすことで、対話の余地をなくし自集団の正当性を強化する,フランコ独裁体制から民主化への移行を経てもなお、社会の底流に存在する「二つのスペイン」という歴史的な分断が、日常的な罵倒語として表出している社会現象。,右派の意見に対する左派からの非難,Es un facha.（あいつはファシストだ）,保守的な意見をすべて独裁時代への回帰として極端化し、発言の正当性を奪う,左派の政策に対する右派からの非難,Son unos rojos.（あいつらは赤だ）,進歩的な政策を共産主義的・反国家的だと決めつけ、警戒感を煽る,SNSや日常の政治議論,"Rojos de mierda vs ""Facha asqueroso""（クソ赤 vs 嫌悪すべきファシスト）",歴史的なトラウマを刺激する罵倒語を用いることで、議論を即座に感情的な闘争へと引きずり込む
第4象限,スペイン,【都市伝説】,タパス（Tapas）の起源に関する王族の伝説,小皿料理の「タパス（蓋）」は、国王がワインに虫や砂が入らないようグラスの上に生ハムを乗せて「蓋」にさせたのが始まりだと語り継がれている。,スペインを代表する食文化に、王族が関わったという歴史的な権威と面白さを付与する,日常的な居酒屋の習慣に「王様と同じことをしている」というちょっとした優越感とウンチクの楽しさを与える,タパスの起源には諸説あるが、特定の王のエピソードは後付けの民間語源（都市伝説）である可能性が高い。実際はアンダルシア地方のバルでの実用的な習慣から自然発生したとされる。,バルで観光客にタパスを説明する時,El rey Alfonso XIII pidi? que taparan su copa con una loncha de jam?n.（アルフォンソ13世がグラスをハムで覆うよう頼んだ）,ただの小皿料理に物語性を与え、観光資源としての価値を高める,食文化を紹介するテレビ番組,El rey Alfonso X orden? que no se sirviera vino sin algo de comida.（アルフォンソ10世が食べ物なしでワインを出さないよう命じた）,歴史的な権威を引き合いに出し、タパス文化の「正統性」を強調する,飲み会でのウンチク話,Se llama tapa porque serv?a para tapar la copa y evitar las moscas.（ハエを避けるためにグラスに蓋をするのに使われたからタパと呼ぶんだ）,身近な言葉の語源を披露することで、会話の場を盛り上げるエンターテインメント
第1象限,ポルトガル,【事実】,敬称のインフレと「Doutor」の絶対的付与,大卒者やスーツを着たホワイトカラーに対し、医学博士でなくとも「Senhor Doutor」と呼ぶ。これを怠ると無礼とされる。,社会的ヒエラルキーの維持、権威への服従の可視化と秩序の担保,呼ばれる側の虚栄心の充足と、呼ぶ側の処世術的な安心感,20世紀の独裁政権（エスタド・ノヴォ）下での階級主義と学歴偏重が残存している社会言語学的事象。,病院以外の職場で上司に対して,Senhor Doutor（ドクター殿）,医学や学術と無関係な場でも、権威付けとして機能する,銀行窓口で顧客に対して,"O que deseja, Senhor Doutor?（ご用件は何でしょうか、ドクター殿）",相手を持ち上げて円滑な関係を築く商業的配慮と敬意の表現,政治家や官僚に対する呼びかけ,Senhor Engenheiro（エンジニア殿）等,学歴を称号化し、一般市民との隔絶を図る階級的バリア
第2象限,ポルトガル,【都市伝説】,「Saudade（サウダージ）」の翻訳不可能神話,「Saudade」はポルトガル人にしか抱けない特殊な郷愁や悲哀であり、他言語には絶対に翻訳できないと広く語り継がれている。,小国ポルトガルの文化的独自性と、かつての海洋帝国のノスタルジーの共有,他国にはない独自の感性を持つというナショナル・プライドとアハ体験,19世紀のロマン主義や20世紀初頭のサウドズィズモ運動で作られたナショナリズム的言説。ウェールズ語のhiraethなど類似概念の存在が学術的に指摘されている。,外国人へ自国の文化を説明する時,Saudade ? uma palavra que n?o se traduz.（サウダージは翻訳できない言葉だ）,他者を排除し、自文化の特権性を主張する,ファド（Fado）の歌詞解説,Esta tristeza ? a alma portuguesa.（この悲哀こそポルトガル人の魂だ）,音楽と結びつけて感情を民族特有のものとして神聖化する,日常での深い郷愁の吐露,Morro de saudades.（サウダージで死にそう）,単なる「寂しい」を超えた、宿命的な感情としての自己演出
第3象限,ポルトガル,【事実】,「Castelhano」呼称によるスペインの相対化,隣国の言葉（スペイン語）を「Espanhol」ではなくあえて「Castelhano（カスティーリャ語）」と呼ぶことで、相手の覇権を縮小しようとする。,唯一の陸の国境を接する大国スペインに対する、歴史的警戒心と文化的独立性の防衛,スペインを「一つの地方（カスティーリャ）の言葉に過ぎない」と見なすことによる劣等感の克服と対抗心,ポルトガルは17世紀にスペイン支配から独立した歴史があり、言語的・文化的同化圧力を拒絶する社会言語学的な抵抗実践。,書店や語学学校での表記,Livros em Castelhano（カスティーリャ語の本）,公的な場でEspanholという呼称を避け、言語をローカライズ・矮小化する,観光客へ対応する際の会話,"Eu n?o falo Espanhol, falo Portunhol.（スペイン語は話さない、ポルトニョールだ）",安易な言語的同一視への拒絶とアイデンティティの主張,メディアや学術的な言及,A l?ngua castelhana（カスティーリャの言語）,隣国の言語を相対化し、ポルトガル語の自立性と対等性を強調する
第4象限,ポルトガル,【事実】,食文化に基づく相互呼称「Alfacinhas」と「Tripeiros」,首都リスボンの住民を「Alfacinhas（小さなレタスたち）」、北部ポルトの住民を「Tripeiros（モツ食い）」と呼び合う。,南北の経済的・文化的な地域対立を、郷土料理を介した愛称に変換して遊戯的に昇華する,敵対心をマイルドにし、互いのアイデンティティを誇りを持ってからかい合うガス抜き,歴史的由来（ポルトの住民が航海王子の艦隊に良肉を提供し自身は内臓を食べた等）に基づく民間伝承。現在では日常のライバル意識として定着。,サッカーの試合（ベンフィカ対FCポルト）,Hoje os Tripeiros v?o perder!（今日はモツ食いが負けるぞ！）,ライバルチームのサポーターを愛着と軽蔑を込めて呼び、対立を娯楽化する,リスボン特有の気質を自称する際,"N?s, os Alfacinhas...（我々、レタスたちは…）",自らを穏やかで草食的に例え、リスボンっ子のプライドを自虐的に示す,ポルト住民のたくましさの自慢,Com orgulho de ser Tripeiro!（モツ食いである誇り）,かつての貧しい食文化を、自己犠牲と強靭さの象徴として誇る
第1象限,アンドラ,【事実】,カタルーニャ語の絶対的防衛と公的規制,看板、メニュー、公的文書においてカタルーニャ語を第一言語とすることを法律で義務付け、違反に罰金を科す。,フランスとスペインに挟まれた小国が、国家アイデンティティの唯一の拠り所である言語的独立と秩序を守る,移民や観光客に対して「ここはスペインでもフランスでもない」という強烈な主権の誇示,居住者の半数以上が外国人であり、実生活ではスペイン語等が優勢であるという危機感から、国家がトップダウン（言語法）で厳格な統制を行う政策的事実。,新規店舗の看板表記,Forn de Pa（パン屋：カタルーニャ語のみを大きく表記）,視覚的な言語景観をコントロールし、国家の威信を保つ,レストランでのメニュー提示,Men? del dia（カタルーニャ語のメニューを最優先提示）,観光客向けの利便性よりも、国家の公用語としての絶対的秩序を優先する,行政窓口での応対,"Bon dia, en qu? el puc ajudar?（カタルーニャ語での挨拶の義務付け）",移民に対する言語的な同化圧力と、国家への忠誠のテスト
第2象限,アンドラ,NO_DATA,NO_DATA,NO_DATA,NO_DATA,NO_DATA,NO_DATA,NO_DATA,NO_DATA,NO_DATA,NO_DATA,NO_DATA,NO_DATA,NO_DATA,NO_DATA,NO_DATA
第3象限,アンドラ,NO_DATA,NO_DATA,NO_DATA,NO_DATA,NO_DATA,NO_DATA,NO_DATA,NO_DATA,NO_DATA,NO_DATA,NO_DATA,NO_DATA,NO_DATA,NO_DATA,NO_DATA
第4象限,アンドラ,NO_DATA,NO_DATA,NO_DATA,NO_DATA,NO_DATA,NO_DATA,NO_DATA,NO_DATA,NO_DATA,NO_DATA,NO_DATA,NO_DATA,NO_DATA,NO_DATA,NO_DATA
第1象限,ギリシャ,【事実】,擬似的親族名称「Theios / Theia」による敬意と親密さの調整,血縁のない年長の知人や近隣住民に対して「Theios（おじさん）」「Theia（おばさん）」と呼ぶ社会的慣習。,地縁コミュニティにおいて、過度なフォーマルさを避けつつ、年長者への敬意とヒエラルキーを示す,擬似的な家族関係を構築することでの心理的安全性と、相互扶助の確認,地中海社会特有の強い家族主義（ファミリズム）が、コミュニティ全体に拡張された社会言語学的事象。,近所の年配女性への挨拶,"Kalimera, theia Maria.（おはよう、マリアおばさん）",ファーストネーム単独の無礼さを回避しつつ、家族のような親密さを演出する,両親の友人との会話,"Ti kaneis, theie?（調子はどう、おじさん？）",世代間のヒエラルキーを保ちつつ、心理的距離を縮める,若者が年配の商店主へ声かけ,"Euxaristo, theie.（ありがとう、おじさん）",客と店員というビジネスライクな関係を、温かみのある関係へ変換する
第2象限,ギリシャ,【事実】,「Malakas（マラカス）」の極端な多義性と文脈依存の連帯,本来は自慰行為者や愚か者を意味する最大の侮蔑語だが、若者や親しい友人同士では「兄弟」「お前」といった親愛の情を示す万能詞として使われる。,タブー語を仲間内で共有・無効化することによる、排他的な内輪意識と連帯感の形成,乱暴な言葉を許容し合える関係性であることの確認（アハ体験）と、感情の強烈な共有,語用論的に「意味が完全に脱落し、イントネーションと文脈のみで機能する」状態になっており、現代ギリシャ語を象徴する現象として研究されている。,親友との再会,Ela re malaka!（おい、マラカス！）,侮蔑語を挨拶に反転させることで、遠慮のない絶対的な親密さを誇示する,驚きや呆れの相槌,Malaka...（マラカス…）,信じられない出来事に対する感情の激しさを、単語一つで共有する,軽い失敗をした友人への声かけ,"Eisai malakas, re?（お前マラカスだな？）",相手を責めるのではなく、笑い飛ばすための愛嬌のある非難
第3象限,ギリシャ,【事実】,「マケドニア」呼称をめぐる言語的ボイコットと非難,北マケドニア共和国に対し、国名や言語名として「マケドニア」を使うことを徹底的に拒否し、「スコピエ（Skopje）」と呼んで非難する。,古代ギリシャの歴史的遺産を隣国に奪われることへの防衛と、国家的アイデンティティの境界設定,歴史を簒奪する「敵」を設定することで、ギリシャ人同士の強いナショナリズムと結束を生む,2019年のプレスパ協定で「北マケドニア」に名称変更されたが、民衆レベルでは依然として激しい言語的拒絶（キャンセル）が続いている政治言語学的事実。,メディアの報道やニュース,ta Skopia（スコピエ政府）,国名を首都名に置き換えることで、国家としての正統性を否定する,日常の政治的議論やデモ,I Makedonia einai elliniki（マケドニアはギリシャのものだ）,他者による地名使用を、領土的・文化的侵略と見なす排他的スローガン,「マケドニア語」という概念への反発,Voulgarika einai（あれはブルガリア語だ）,相手の言語の独自性を否定し、歴史的アイデンティティを剥奪する
第4象限,ギリシャ,【事実】,「Kamaki（カマキ）」文化による観光客への遊戯的ナンパと自己演出,観光地において、地元の若い男性が外国人女性に対して、オーバーな称賛や詩的なフレーズを使ってナンパ（カマキ＝銛打ち）を行う。,異文化との接触を娯楽化し、若者グループ内での男らしさ（マチズモ）やコミュニケーション能力を競う,非日常的な空間での恋愛ゲームによる高揚感と、仲間内でのステータス向上,1970?80年代のギリシャの観光ブームと共に社会現象となり、文化人類学やジェンダー研究でも取り上げられる言語的遊戯の実践。,ビーチでの典型的な声かけ,Eisai thea!（君は女神だ！）,誇張されたギリシャ的イメージを演じ、相手の関心を引く,仲間同士の隠語,Pame gia kamaki?（カマキに行くか？）,ナンパを「漁」に例え、ハンティングゲームとして楽しむ,失敗した時の仲間への弁明,Den itan sta kyla mou（俺の好みじゃなかった）,プライドを保ちつつ、結果を笑い話に昇華する
第1象限,キプロス,【事実】,標準語（SMG）とキプロス方言（CG）の厳格なダイグロシア,学校、ニュース、公的スピーチでは「標準ギリシャ語」を使い、家庭や日常会話では「キプロス方言」に切り替える。,公的な「権威と秩序（ギリシャ本土への帰属意識）」と、私的な「ローカルなアイデンティティ」の分割,標準語を使うことによる教養の証明と、方言を使うことによるリラックスと地元への帰属感,社会言語学の典型的な「ダイグロシア（二言語変種使い分け）」現象。標準語（High）と方言（Low）が明確に機能分担している。,教室での先生への挨拶,"Kalimera sas, kyrie.（おはようございます、先生：標準語）",教育という公的空間において、正しい教養ある国民としての秩序を守る,休み時間に生徒同士で話す時,Inta pou kamneis re?（何してるんだい？：キプロス方言）,権威の場から離れ、地元民同士の親密なコミュニケーションへ移行する,テレビのニュースキャスター,"Kalispera sas, kyries kai kyrioi.（こんばんは、皆様：標準語）",メディアの権威性と、公的な情報の信頼性を担保する
第2象限,キプロス,【事実】,「Koumbaros（クンバロス）」による擬似親族的な連帯,本来は「結婚式の付添人」や「洗礼の代父」を意味するが、深い絆で結ばれた親友や、困難を共にした仲間への最上級の呼びかけとして使う。,伝統的な宗教的・親族的な絆の概念を、現代の友人関係に拡張し、強固な男性間の連帯を築く,単なる友人ではなく、家族同然の運命共同体であるという強い信頼とアハ体験,地中海の正教会社会において「代父」というスピリチュアルな親族関係が非常に重要視されており、それが世俗的なスラングに転用された事実。,カフェでの親友との会話,Ela re koumbare!（おいクンバロス！）,言葉によって互いの強い絆を再確認し、排他的な内輪空間を作る,困難な仕事をやり遂げた同僚へ,Eisai megalos koumbaros.（お前は偉大なクンバロスだ）,信頼に足る人物であることを、伝統的価値観を借りて最大限に称賛する,頼み事をする時,"Gia sena, koumbare...（お前のためなら、クンバロス…）",見返りを求めない相互扶助の宣言と、無条件の受容
第3象限,キプロス,【事実】,分断線（グリーンライン）をめぐる地名のポリティカル・コレクトネス,北キプロスの地名を呼ぶ際、ギリシャ系住民は必ずギリシャ語名（例：Kyrenia）を使い、トルコ語名（例：Girne）を絶対に使用しない。,言語を通じて、相手（トルコ）の占領の事実を否定し、領土の正統性を主張し続ける,「自分の国の土地である」という記憶の風化を防ぐ心理的防衛機制と、相手への消えない怒りの維持,1974年のキプロス紛争以来続く南北分断において、地名の呼称自体が「どちらの主権を認めるか」という激しい政治的・外交的闘争の最前線となっている。,ギリシャ系メディアの天気予報,"Kyrenia, Keryneia（キレニア）",実効支配されている北部の都市名も、ギリシャ語の地図として提示し占領を否認する,日常の雑談での北部訪問の話,Girne? Enne Kyrenia!（ギルネだって？キレニアだよ！）,相手側の呼称を使うことを正し、アイデンティティの放棄を許さない,北側の現状への言及,Den pame sta kateshomena（占領地には行かない）,北キプロスという国名を避け、「占領地」と呼ぶことで国家承認を拒否する
第4象限,キプロス,【事実】,伝統的即興詩「Tsiattista（チアティスタ）」による言語的決闘と遊戯,祭りや結婚式において、キプロス方言を用いて対抗者同士が即興で韻を踏んだ詩を歌い合い、機知やユーモアを競う。,言葉の巧みさで相手を打ち負かす娯楽であり、コミュニティ内のガス抜きと連帯を促す,笑いとカタルシスの共有、勝敗を通じた知的な優越感,キプロスの農村部で発展し、2011年にユネスコ無形文化遺産に登録された口承伝統。方言の保存と遊戯的実践に寄与している。,相手の外見や弱点をからかう,En na se kamo na klapseis...（泣かせてやるぞ…）,相手を挑発し、観客の笑いを誘う言葉のプロレス,巧みな切り返しと自己誇張,Egw eimai pou ta orh katsouros...（俺は山の雄ヤギだ…）,相手の攻撃をかわし、自分の強さを誇張して表現する,競技後の和解の言葉,Eisai kalos tsiattistis（お前は良い歌い手だ）,遊戯としての対立を収束させ、互いの技術を讃え合う
第1象限,マルタ,【事実】,「Tal-pep?」の言語的マウンティング（英語とマルタ語の階級化）,英語を第一言語として話し、マルタ語に英語のアクセントを混ぜることで、自身が上流階級・高学歴であることを誇示する。,英語を「エリートの言葉」、マルタ語を「労働者の言葉」として階級を可視化・固定化する,英語を使うことによる優越感の獲得と、マルタ語しか話せない層への暗黙の排除,イギリスの植民地支配の影響が残り、富裕層を中心に形成された「Tal-pep?（スノッブな人々）」と呼ばれる社会言語学的ヒエラルキー。,高級レストランでの注文,"Can I have the menu, please?（意図的に英語のみを使用）",店員に対して自らの社会的ステータスを暗に知らしめ、相応の扱いを要求する,子供への教育・叱責,"Don't do that, darling!（マルタ語の会話中に英語を混ぜる）",次世代へ文化資本を継承し、下層階級との混じりを避ける,日常会話での挨拶,"Aw, hi! How are you?（マルタ語訛りの英語を使う）",ネイティブのマルタ語話者とは違う「洗練された階層」であることを装う偽マナー
第2象限,マルタ,【事実】,「Mela（メラ）」の魔法の呪文的活用と文脈の共有,肯定、驚き、疑問、相槌など、あらゆる状況で「Mela」という単語一つでコミュニケーションを成立させる。,複雑な説明を省き、島国特有の「言わなくても分かる」という高度なハイコンテクスト文化の維持,お互いが同じ文化的背景を共有しているという強烈な安心感と、アハ体験（以心伝心）,ヘブライ語やアラビア語の語源説があるが、現在のマルタ社会において、意味よりもイントネーションと表情で全てを伝える語用論的マーカーとして定着している。,相手の意見に強く同意する時,Mela!（当たり前だろ！）,言葉を尽くすより、短い一言で完全な同意と共感を示す,相手に話の先を促す時,Mela...（それでどうしたの？）,沈黙を埋め、会話のリズムを作る潤滑油として機能する,呆れやあきらめ,U mela.（やれやれ、仕方ない）,不条理な出来事に対し、島国の住民同士で諦観を分かち合う
第3象限,マルタ,【都市伝説】,アラブ・ルーツの否認と「マルタ語＝フェニキア語起源説」,マルタ語がアラビア語の派生であることを頑なに否定し、「マルタ語は古代フェニキア語が起源の純粋な言語だ」と主張する。,地理的に近いアラブ世界やイスラム文化から距離を置き、自らを「純粋なヨーロッパ・キリスト教世界」として定義するための歴史修正,アフリカやアラブのルーツを持つ劣等感を払拭し、古代文明との直結による優越感の獲得,言語学的にはマルタ語がアラビア語のシチリア方言から派生したことは明白だが、政治的意図からフェニキア起源説（デマ）が捏造され、現在でも信じる大衆がいる。,観光客への歴史ガイド,Il-lingwa tag?na ?ejja mill-Feni?i.（私たちの言語はフェニキア人から来ている）,アラブの影響を隠蔽し、ヨーロッパの観光客に受け入れられやすいロマンチックな歴史を語る,言語学者との論争,L-G?arbi m'g?andu x'jaqsam xejn.（アラビア語は全く関係ない）,科学的な証拠を拒絶し、イデオロギーに基づいた偽の歴史（デマ）を固守する,右派政治家のスピーチ,A?na dixxendenti tal-Feni?i.（我々はフェニキア人の末裔だ）,言語の偽語源を利用して、移民や異文化に対する排他性を煽る
第4象限,マルタ,【事実】,即興歌謡「G?ana spirtu pront」におけるリズミカルなからかい合い,酒場や祭りの場で、ギターの伴奏に合わせ、マルタ語で即興の韻を踏みながら相手をからかったり議論したりする。,日常の不満や対立を、音楽と言葉遊びの枠組みの中で安全に表現し解消する,観客の喝采を浴びる自己顕示欲の充足と、日々のストレスの発散,マルタの伝統的な民族音楽（G?ana）の一ジャンルであり、労働者階級の男性を中心に口承されてきた社会言語学的な遊戯実践。,相手の失敗や癖を指摘する,Inti dejjem tard...（お前はいつも遅刻ばかり…）,ユーモアを交えて身内ネタを披露し、場を沸かせる,相手の攻撃に対する即興の防御,Imma jien g?andi l-flus...（でも俺には金がある…）,当意即妙の反撃で、言葉の機転と知性を示す,歌の締めくくりでの合唱,Viva l-Maltin（マルタ人万歳）,からかい合いを終わらせ、共同体の連帯へと帰着させる
第1象限,コソボ,【事実】,「Baca（バツァ）」等の親族呼称を用いた厳格な年齢ヒエラルキーの維持,血縁関係がなくても、年長者や権威者に対して「Baca（おじ）」や「Aga（兄・おじ）」等の親族呼称を必ず用いる。,伝統的規範に基づく長老支配（家父長制）と共同体内における絶対的な年齢ヒエラルキーの維持。,共同体内の秩序の確認と、目上の者への服従を示すことによる庇護と安心感の獲得。,アルバニア人社会に根強く残る慣習法「カヌン（Kanun）」の家父長制や長老尊重の精神が、言語実践として強固に残存している社会言語学的事実。,政治家や国民的英雄への呼びかけ,Baca Adem（アデムおじさん）,権威者を家族的かつヒエラルキー上位として位置づけ、民族的な服従と敬意を示す。,街中で見知らぬ年配の男性に道を尋ねる際,"O bac?, a mund t? m? ndihmosh?（おじさん、助けてもらえますか？）",見知らぬ人であっても年齢差に基づき敬意を示し、失礼を回避する。,家庭や親戚の集まり,Aga Hasan（ハサンおじさん）,絶対的な敬意の表明であり、家長への反抗を許さない言語的圧力。
第2象限,コソボ,【事実】,「Besa（ベサ）」を伴う絶対的な誓約と連帯の語彙,「ベサ（名誉・誓約）」という言葉を用いて、絶対に破られない約束や同胞としての強固な連帯を誓い合う。,公的な法や契約以上に強固な人間関係、および民族間の信頼関係の構築と確認。,自らの命や名誉をかけた約束を通じた、圧倒的な連帯感と美学（アハ体験）の共有。,アルバニア人の伝統的な掟「カヌン」において、Besaは最も重要な倫理概念であり、口頭での約束が絶対的な拘束力を持つ社会言語学的事実。,重要なビジネスの取引や部族間の和解,T? jap bes?n（ベサを与える）,書面の契約や公的機関よりも強い個人的な信頼関係の構築を言語的に宣言する。,重大な秘密を共有し守る際,Besa-bes?（誓いにかけて）,仲間内の強固な連帯と秘密保持の確認による心理的バリアの構築。,愛国的な歌やスローガンの合唱,Besa e shqiptarit（アルバニア人のベサ）,民族的な誇りと運命共同体意識のカタルシス的共有。
第3象限,コソボ,【事実】,地名をめぐるアルバニア語・セルビア語の言語的キャンセル（トポニミーの闘争）,同じ地域や都市に対して、相手側の呼称を拒絶し、自民族の言語による呼称のみを意図的に使用・強制する。,領土の歴史的正当性と政治的優位性の主張、および他民族の存在のキャンセル。,言語を通じた空間の支配感と、他者の存在を消去する排他的攻撃衝動の充足。,コソボ紛争以降、地名の言語的選択がナショナリズムと直結しており、地名表記をめぐる破壊行為（Linguistic landscapeの書き換え）が頻発している事実。,国名・地域名の呼称をめぐる論争,"Kosova（コソヴァ）と""Kosovo i Metohija""（コソボ・メトヒヤ）",「メトヒヤ」は正教会の領地を意味するため、アルバニア人はその表現の裏にあるセルビアの歴史的支配権の主張を断固拒絶する。,都市名の意図的な使い分け,"Peja（ペヤ）と""Pe?""（ペーチ）",歴史的な正統性を言語表現によって互いに主張し合い、相手の文化を空間から排除する。,道路標識における二か国語表記の物理的破壊後の書き換え,Mir?sevini n? Pej?（アルバニア語での「ペヤへようこそ」。セルビア語表記を消去した上で書かれる）,物理的な言語の破壊による相手集団の存在否定と、目に見える形での分断の固定化。
第4象限,コソボ,【都市伝説】,国際機関「EULEX」を「EU-Lesh」と嘲笑するバクロニム,コソボにおけるEU法の支配ミッション「EULEX」を、アルバニア語のスラング「Lesh（毛・無意味・クソ）」にかけて「EU-Lesh」と呼びならわす。,絶大な権力を持ちながら機能不全に陥っている国際機関に対する、民衆レベルでの不満のガス抜きと権威失墜。,支配的な外部の権威を、卑俗な言葉遊びによって相対化し引きずり下ろすカタルシス。,EULEXの本来の語源は「European Union Rule of Law Mission」であり「Lesh」とは無関係だが、民衆が語呂合わせによって意図的に偽語源（バクロニム）を流布させた都市伝説的ジョーク。,EULEX職員の汚職や無能さを伝えるニュースを見た際,"Ata nuk jan? EULEX, por EU-Lesh.（あいつらはエウレックスじゃない、エウレシュだ）",高い給料をもらって機能しない権威を、卑語によって笑い飛ばし不満を解消する。,国際機関の白いSUVが街中で渋滞を引き起こしている時,EU-Leshi po bllokon rrug?n prap?.（またEU-Leshが道を塞いでいる）,日常的なストレスの矛先を、言葉遊びを通じて外部権力に向ける。,コソボの将来に関する政治的無力感を語るカフェでの会話,K?tu gjith?ka ?sht? b?r? lesh nga EU-Lesh.（ここではEU-Leshのせいで全てが無茶苦茶だ）,変えられない政治状況に対する、シニカルな諦めと自虐的ユーモアへの昇華。
第1象限,アイスランド,【事実】,パトロニミック（父称）システムの法的使用と平等の強制,家族共通の姓を持たず、父親のファーストネームに「?の息子（son）」「?の娘（d?ttir）」を付けた名前を用い、公式な場でもファーストネームで呼び合う。,階級差や家柄の固定化を防ぎ、アイスランド独自の徹底した平等主義的社会秩序を維持する。,国民全体が「一つの大きな家族」であるという安心感と、権威主義的ヒエラルキーの排除。,かつて北欧全域で一般的だったシステムだが、アイスランドでは国家のアイデンティティとして法律で維持・保護されており、電話帳もファーストネーム順に並んでいるという制度的事実。,大統領や首相に対するニュース報道や直接の呼びかけ,Halla（ハトラ：大統領のファーストネーム）,国家のトップであっても一市民と平等の立場にあることを、言語システムを通じて担保する。,電話帳や公的な名簿での検索,J?n J?nsson（電話帳で姓のJ?nssonではなくJ?nで検索する）,「どの家の出身か」という家系（ヒエラルキー）よりも、個人そのものを社会秩序の基盤とする。,国際的なビジネスの場で外国人と接する時,"?g heiti ekki Mr. J?nsson, kalla?u mig J?n.（私はミスター・ヨンソンではない、ヨンと呼んでくれ）",外部の階級的・権威的な呼称システムと、自国の平等主義システムとの衝突と是正。
第2象限,アイスランド,【事実】,新造語（N?yr?i）運動による言語的純粋主義と連帯,外来語をそのまま使わず、古ノルド語の語根を組み合わせて現代の概念（テクノロジー等）を表す新しい言葉を作る。,英語等の影響から言語の純粋性を守り、古代サガの文学的伝統との歴史的連続性を維持する。,自国語だけで世界のあらゆる事象を表現できるという誇りと、造語の成り立ちを謎解きのように楽しむアハ体験。,19世紀以降の言語純粋化運動（Language purism）が国家政策として根付いており、現在でも専門委員会が外来語の代替となる新造語を作成し国民に普及させている事実。,「電話」という新しいテクノロジーの概念を導入する際,S?mi（古語で「糸」や「細い綱」を意味する言葉の借用）,歴史的な言葉に新しい意味を付与し、途切れることのない文化的連続性を実感する。,「コンピューター」という概念を表現する際,T?lva（数字を意味するtalaと、巫女を意味するv?lvaの合成語）,「計算する魔法使い」という詩的な比喩による、現代技術のロマンチックな解釈と連帯感。,学問名の翻訳（気象学など）,Ve?urfr??i（天気 ve?ur ＋ 学問 fr??i の組み合わせ）,日常語の組み合わせにより、専門知識をエリートだけでなく庶民にも直感的に理解可能にする。
第3象限,アイスランド,【事実】,「D?nsk sletta（デンマーク語の混じり）」への排斥と他者化,会話や文章の中に、かつての宗主国の言語であるデンマーク語由来の言葉や文法が混じることを「不純だ」「教養がない」として厳しく非難・訂正する。,アイスランド語の純粋性を守るという名目で、かつての支配者であるデンマークの文化的影響をキャンセルし、分断する。,自らの言語能力の高さを誇示し、不純な言葉を使う相手を非国民的だと見下すマウンティング。,アイスランドの言語純粋主義（hreintungustefna）において、特にデンマーク語からの借用は「植民地支配の残滓」として最も厳しく攻撃の対象とされる社会言語学的事実。,日常会話でデンマーク語風の言い回しを使った時,?a? er d?nsk sletta.（それはデンマーク語の混じりだ）,相手の語彙の不純さを指摘し、国家の言語規範から逸脱していると道徳的に非難する。,メディアや出版物における文体論争,Tala?u ?slensku!（アイスランド語を話せ！）,公共の場から宗主国の影響をキャンセルし、文化的独立を誇示する。,学校の授業での言語教育,Ekki nota slettur.（混ざり言葉を使うな）,次世代への影響を遮断し、民族的純粋性を教育現場で再生産する。
第4象限,アイスランド,【事実】,Gluggave?ur（窓の天気）という自虐的表現,室内から見ると日差しがあって綺麗に見えるが、実際に出ると強風や極寒であるアイスランド特有の悪天候を「Gluggave?ur（窓越し専用の天気）」と呼んで笑う。,人間の力ではどうにもならない過酷な自然環境に対する無力感を、ユーモラスな一語に押し込めてガス抜きする。,厳しい現実を言葉遊びで相対化し、仲間内で「また自然に騙された」と笑い合うカタルシス。,アイスランド特有の変わりやすく厳しい気候に対する、社会言語学的に定着したコーピング（対処）メカニズムとしての文化依存語彙。,晴れていると思って薄着で外に出た途端、極寒の強風に吹かれた時,?etta er algj?rt gluggave?ur!（完全に窓の天気だ！）,期待を裏切る自然の残酷さを、怒りではなくユーモアに変換して受け入れる。,観光客が窓の外の晴天を見て薄着で出かけようとするのを引き留める時,"?a? er gluggave?ur, far?u ? ?lpu.（グルッガヴェドゥルだからコートを着ろ）",地元の過酷な知識を自虐的に教えつつ、生存者としての内輪の優越感を得る。,SNSでの冬の日常の投稿,窓から見える美しい景色と、猛烈な風の音の動画に「#gluggave?ur」とタグ付けする,不快な体験を笑いのコンテンツとして昇華し、国民全体で不満を共有する。
第1象限,スウェーデン,【事実】,「Du-reformen（Du改革）」の過剰適用と「Ni（敬称）」のタブー化,目上の人であっても親称の「Du（君）」を使わなければならず、丁寧にしようとして敬称の「Ni（あなた）」を使うと、逆に「見下されている」と不快に思われる倒錯的マナー。,スウェーデンの徹底した平等主義社会（階級差の否定）の規範の強制。,「皆が平等である」という強迫的な同調圧力と、良かれと思って使った言葉で非難されることへの恐れ。,1960年代の「Du-reformen」で全員が「Du」を使うようになった後、近年若者が丁寧さのつもりで「Ni」を使い始めたが、年配層にとっては「Ni」がかつて下層階級に使われた言葉の記憶と結びついているため反発が起きるという社会言語学的な世代間摩擦。,カフェやレストランでの若者から高齢客への接客,Vad vill ni ha?（何になさいますか・Niを使用）,若者は丁寧だと思っているが、高齢者は「昔の下層民扱いされた」と憤り、マナーの逆転現象が起きる。,職場での社長や上司への呼称,"Hej, du!（社長に対しても「やあ、君」）",実際の権力勾配（ヒエラルキー）が存在しても、言語上は平等を装わなければならない強力な同調圧力。,王室メンバーとの対話という例外状況,Vad anser Kungen om...（王は…についてどうお考えですか）,絶対的な平等主義の裏にある、特権階級への例外ルール適用における言語的な苦肉の策。
第2象限,スウェーデン,【事実】,Fika（フィーカ）に付随する「Mysig（心地よい）」の共感空間,「Fika（コーヒー休憩）」という隠語に由来する行事において、「Mysig（心地よい）」などの共感語を多用し、調和的な対話空間を強制的に作る。,労働や義務から一時的に離脱し、対立のない平等で親密な人間関係を維持・修復する。,集団への帰属感の確認と、ストレス社会における「安全な避難所」としてのアハ体験。,「Fika」は19世紀のコーヒー禁止令時代に、kaffiの音節を入れ替えて（ka-fi → fi-ka）作られた隠語（Backslang）に由来するという事実に基づく歴史があり、それが現代の労働文化の中核として定着している。,職場でのトラブル後や、リフレッシュのための休憩の誘い,Ska vi fika?（フィーカしようか？）,階級や職位を超えて、誰もが断ってはならない（断ると和を乱す）強力な連帯と和解の合言葉。,キャンドルを灯したFikaの空間での会話,Vad mysigt!（なんて心地よいの！）,場の「居心地の良さ」を意図的に言語化し、参加者全員に共感と調和を強制・確認し合う。,会議で意見が対立しそうな議題を扱う時,Ta det ?ver en fika（フィーカの時に話そう）,対立が予想される議題を、共感的で安全な場に持ち込んで和らげるクッション機能。
第3象限,スウェーデン,【事実】,Jantelagen（ヤンテの掟）による自己顕示のキャンセル,誰かが成功を自慢したり、他者より目立とうとした際、「自分を特別だと思ってはならない」という暗黙のルール「Jantelagen」を持ち出して非難する。,集団の平等を脅かす突出した個人を引きずり下ろし、徹底した同調圧力による社会統制を行う。,他者の成功への嫉妬やルサンチマンを「社会の伝統的ルール」にすり替えて正当化する攻撃性と、監視社会的な息苦しさ。,1933年のアクセル・サンデムーセの小説に登場する架空の掟だが、北欧社会の同調圧力を的確に表現していたため、現実の社会言語学的なレッテル貼り（社会的キャンセル・ツール）として定着した事実。,知人が高価な車や服を購入し、SNSで自慢した時,Jantelagen g?ller tydligen inte honom.（彼にはヤンテの掟は適用されないらしいね）,個人の成功や自己顕示を、社会的規範からの逸脱として道徳的に非難し引きずり下ろす。,才能ある若者が公の場で称賛された際の反応,Jag hade bara tur.（ただ運が良かっただけです）,ヤンテの掟によるバッシング（キャンセル）を事前に回避するための、防衛的な言語行動。,海外で成功し、スウェーデン的でない派手な振る舞いをする有名人へのバッシング,Vem tror han att han ?r?（自分を何様だと思っているのか）,「私たちは平等であるべき」という価値観を武器にした、集団的リンチの正当化。
第4象限,スウェーデン,【事実】,G?teborgsvitsar（ヨーテボリ・ジョーク）という言葉遊び,スウェーデン第二の都市ヨーテボリに特有の、同音異義語や地名を使った自虐的かつ脱力系のダジャレ（なぞかけ）を言い合う。,ストックホルム（首都）の洗練され気取った文化に対する、労働者の街としてのカウンター・アイデンティティとユーモアによるガス抜き。,くだらないダジャレを共有することでの気取らない連帯感と、首都の権威に対する遊戯的相対化。,ヨーテボリは港町・労働者の街として発展し、ストックホルムの中央集権的なエリート主義に対する対抗意識が「G?teborgshumor（ダジャレ文化）」として社会言語学的に確立されている事実。,首都ストックホルムの人間をからかう定番のなぞかけ,Hur m?nga bor det i Stockholm? - En dryg miljon.（ストックホルムの人口は？ - dryg（約/傲慢）な100万人）,drygという多義語を利用し、首都の人間を「傲慢」とからかって権威を落とす。,同音異義語を用いた地元民同士の言葉遊び,Vad ?r det f?r likhet mellan en g?teborgare och en ?ngb?t? - B?da har det g?tt i b?ten.（ヨーテボリ人と蒸気船の共通点は？ - どちらもボトム（ケツ/船底）がg?tt（心地よい）だ）,他愛のない同音異義語を用いた、純粋な言葉遊びによる娯楽の追求。,首都の人間を見下す日常的なジョーク,Vad kallas en smart person i Stockholm? - Turist.（ストックホルムの賢い人は何と呼ばれる？ - 観光客）,洗練された首都の人間をあえて「愚か」と見なすことによる集団的コーピング機制。
第1象限,デンマーク,【事実】,「Hygge（ヒュッゲ）」の強要と、同調を乱す発言のタブー化,居心地の良さを意味する「Hygge」な集まりにおいて、政治的な議論、ネガティブな発言、不平不満を言うことは「Hyggeを壊す（un-hyggeligt）」として強く非難・排除される。,表面的な調和と平等性を維持するための、強力な言語的検閲と社会的統制の機能。,対立を避けることでの安心感を得る一方で、本音を言えない息苦しさや、空気を読まない者への冷酷な排除。,Hyggeは世界的にポジティブな文化として紹介されるが、文化人類学・社会学的には「コンフリクト（対立）を回避するための強力な社会的同調圧力」として機能していることが指摘されている。,ディナーの席で誰かが政治的な論争を始めようとした時,Nu skal vi hygge os（今はヒュッゲしよう）と言って話題を強制終了させる,意見の対立が共同体の調和を脅かすとみなし、言葉によるマウンティングや議論を禁じる。,外国人や新参者が集まりの場で不満や愚痴を言った時の反応,Det var ikke s?rlig hyggeligt（それはあまりヒュッゲじゃないね）,暗黙のルールを破った者に対する、婉曲的だが決定的な社会的非難と疎外の宣告。,空間や時間を形容する際,"Hyggekrog（ヒュッゲな隅っこ）や""Hygge-snak""（ヒュッゲなおしゃべり）といった語彙の乱用",あらゆるものにHyggeを冠することで、ポジティブな同調圧力を空間全体に張り巡らせる。
第2象限,デンマーク,【事実】,複雑な20進法の数詞（halvfjerds等）による内輪感,50以上の数を数える際、「20の単位の半分欠けたもの」といった極めて複雑な20進法の表現を日常的に使用する。,他の北欧諸国（スウェーデン、ノルウェー）の単純な10進法に対する差異化と、デンマーク独自の言語的アイデンティティの保持。,外国人や他国の人間には絶対に理解できないという優越感と、自国語の特異性へのアハ体験的誇り。,デンマーク語の数詞は歴史的に20進法（Vigesimal system）の名残を留めており、北欧の他の言語話者との間に強い言語的障壁を生み出している客観的事実。,自らの年齢を答える時,Jeg er halvfjerds（私は70歳 ＝ 4×20の半分欠けたもの、の意）,他の北欧人が即座に理解できない表現をあえて使い続けることで、ローカルな連帯を強調する。,スウェーデン人がデンマークの店で買い物をする時,Det koster halvfems kroner.（90（4.5×20）クローネになります）,言語の壁を「デンマーク人らしさ」の証明として楽しみ、隣国に対する優位性を確認する。,言語の近代化（10進法への移行）を巡る議論,"Det er vores kultur, vi ?ndrer det ikke.（これは我々の文化だ、変えるつもりはない）",効率性よりも、仲間内の暗号としての審美性・伝統を優先する保守的な連帯。
第3象限,デンマーク,【事実】,ノルウェー人への蔑称「Fjeldabe（山の猿）」,隣国のノルウェー人を、教養がなく自然の中で野蛮に暮らす存在として「Fjeldabe（山の猿）」と呼んで揶揄・非難する。,歴史的なライバル国に対する自国の文化的優位性（デンマークは平坦だが都会的・大陸的である）の主張とマウンティング。,国土の広さや資源で劣るノルウェーに対し、「文化的には我々が上だ」という自己慰撫。,デンマークとノルウェーは互いにステレオタイプな悪口が存在する社会言語学的事実。,サッカーやハンドボールなどの国際試合の応援,Fjeldaberne kommer!（山の猿どもが来るぞ！）,ライバル心をむき出しにし、相手を人間以下の動物に例えて優位に立つ。,ノルウェーの厳格なアルコール規制システムを笑う時,Fjeldaberne kan ikke t?le alkohol（山の猿どもは酒も飲めないからな）,自国の自由でリベラルな気風を誇示し、隣国を野暮で田舎臭いと非難する。,コペンハーゲンでノルウェー人が酔って羽目を外しているのを見た時,Typisk fjeldabe（いかにも山の猿だ）,「森から出てきて文明のルールを知らない」というステレオタイプを強化し、他者をキャンセルする。
第4象限,デンマーク,【都市伝説】,自国の言語発音を揶揄する「Kamel?s?（カメローソー）」ジョーク,デンマーク語はデンマーク人自身にも聞き取れないほど発音が崩壊している、というノルウェーのコメディ番組のネタの無意味な造語「Kamel?s?」を、デンマーク人自身が逆輸入して自虐的に使う。,自国語の発音の極端な曖昧さを客観視し、笑いに変えることによる周辺国との摩擦の緩和。,自国の言語の「酷さ」を認めることで、逆に「それを使いこなしている自分たち」という歪んだ誇りとカタルシス。,ノルウェーのコメディ番組『Uti v?r hage』のスケッチで登場した無意味な単語「Kamel?s?」が、国境を越えてデンマーク国内でもミーム化し、現代の都市伝説的ジョークとして定着した事実。,会話で相手の言っていることが本当に聞き取れなかった時,Hvad? Kamel?s??（え？ カメローソー？）,発音の悪さによるコミュニケーション不全を、怒りではなく共有されたジョークに変換する。,金物屋での買い物（コメディの再現ごっこ）,"Kamel?s?, tak.（カメローソーをちょうだい）",自国の言語崩壊をアイロニーとして演じて楽しむ、遊戯的昇華。,ノルウェー人やスウェーデン人との会話でデンマーク語が通じない時,Det er jo Kamel?s?（カメローソーだからね）と自嘲する,他国からの「言葉が通じない」という批判を、防御的な自虐ユーモアで無効化する。
第1象限,ノルウェー,【事実】,ブークモールとニーノシュクの厳格な配分ルールとイデオロギー闘争,国営放送局や公的機関において、二つの公用語（ブークモールとニーノシュク）のうち、マイノリティであるニーノシュクを最低25%使用しなければならないという厳格なルール。,デンマーク語由来の都市部の言葉（ブークモール）と、地方の方言を統合した言葉（ニーノシュク）の間の歴史的なヒエラルキー闘争の法的な調停。,言語的マイノリティの権利が守られているという公正さの担保と、マジョリティ側の「不自然な言葉を強制される」という不満の抑圧。,19世紀の独立運動に端を発する言語対立（言語闘争：Spr?kstriden）が現在も法律で制度化されており、世界でも類を見ない同一言語内の二書記言語並立の社会言語学的事実。,国営放送局（NRK）のアナウンサーのニュース読み,Her er nyheitene p? nynorsk.（こちらニーノシュクによるニュースです）,言語の選択が単なる伝達手段ではなく、政治的・法的な秩序維持の装置となっている。,公的機関への市民からの問い合わせと返信,"Svar p? nynorsk, takk.（ニーノシュクでの返信をお願いします）",言語的権利をヒエラルキーの頂点に置く社会システムの表出。,学校における国語のテスト,Eksamen i sidem?l（副言語の試験）,国家の統一を維持するための、次世代へのイデオロギー的言語教育の強制。
第2象限,ノルウェー,【事実】,Utepils（ウーテピルス）という単語による季節的カタルシスの共有,長くて暗い冬が終わり、春に初めて屋外でビールを飲む行為を「Utepils（外のビール）」と特別な単語で呼び、SNSや会話で祝福し合う。,過酷な気候を乗り越えた同胞としての強固な連帯と、春の到来を祝う世俗的な儀式の形成。,太陽の光を浴びながら酒を飲むことの究極のアハ体験と、厳しい冬を生き残った喜びの共有。,日照時間が極端に短い北欧特有の気候条件が生み出した、感情と行動が強く結びついた社会言語学的な概念（文化依存語彙）。,春の最初の暖かい日にパブのテラス席に座る時,"?h, endelig tid for ?rets f?rste utepils!（ああ、ついに今年最初のウーテピルスの時間だ！）",単なる「外で飲むビール」を超えた、季節の変わり目を宣言する祝祭的な宣言。,気温がまだ低く風が冷たいにもかかわらず外で飲む時,"Det er litt kaldt, men det er jo utepils!（少し寒いけど、ウーテピルスだからね！）",快適さよりも「外で飲む」という行為そのものを神聖視する行動パターンの共有。,長い冬の終わりの職場での会話,Til helgen blir det utepils-v?r.（今週末はウーテピルス日和だね）,この言葉一つで、暗い冬の鬱屈からの解放という深い共感を瞬時に引き出す。
第3象限,ノルウェー,【事実】,「Harry（ハリー）」という言葉による階級的蔑称とキャンセル,田舎臭い、悪趣味である、派手な車に乗る、スウェーデンへ安い酒やタバコを買い出しに行くなどの行為や人々を、「Harry」という名前で呼んで見下す。,平等主義を掲げるノルウェー社会において、文化資本の違いによる見えない階級（クラス）を言語化し、特定集団を分断・排除する。,自分は洗練された都市生活者であるというエリート層の優越感と、名指しされた側の反発。,1980年代以降、労働者階級に多かった「Harry」という英語由来の名前が、そのまま悪趣味や低階級の代名詞として定着した、平等社会における隠れた階級差を示す社会言語学的事象。,週末にスウェーデン国境へ日用品の買い出しに行く人々に対する揶揄,Skal du p? Harrytur?（ハリーの旅に行くのか？）,節約のために国境を越える庶民の行動を、洗練されていないと文化的に見下す。,服装や車の趣味（派手なアメ車やヒョウ柄など）への批判,Den jakken er skikkelig Harry.（そのジャケット、すごくハリーだね）,成金的または労働者的な美意識を、一語で決定的にキャンセルする。,政治的対立においてポピュリスト政党を批判する際,Deres politikk er bare Harry.（あいつらの政治はただのハリーだ）,反対派の支持者層を、知性が足りない集団としてレッテル貼りして分断する。
第4象限,ノルウェー,【都市伝説】,スウェーデン人を愚か者として描く定型ジョーク（Svenskevitser）,隣国スウェーデン人を、常識がなく愚かで滑稽なキャラクターとして描く定型ジョーク（Svenskevitser）を子供から大人まで語り合う。,かつて自国を支配し、現在も経済的・文化的に大きな影響力を持つ「兄貴分」の国（スウェーデン）の権威を、笑いによって引きずり下ろす。,大国に対する歴史的劣等感のガス抜きと、「我々の方が賢い」という遊戯的な優越感の獲得。,ノルウェーは長らくデンマークやスウェーデンの支配下にあり、独立後もスウェーデンに対するライバル意識が強い。両国間には互いを愚かだとからかい合うエスニック・ジョークが伝統として定着している。,子供同士や家族の集まりでの定番のなぞかけ,Hvorfor ?pner svenskene melkekartongen i butikken? - Fordi det st?r '?pnes her'.（なぜスウェーデン人は牛乳パックを店で開けるの？ - パックに『ここで開ける』と書いてあるから）,スウェーデン人の文字通りの解釈能力の低さを笑い、権威をからかう。,行動の非合理性を笑うバリエーション,Hvorfor har svenskene med seg en bild?r i ?rkenen? - For ? rulle ned vinduet n?r det blir varmt.（なぜスウェーデン人は砂漠に車のドアを持っていくの？ - 暑くなったら窓を開けられるから）,隣国人の知能を幼稚なものとして描くことで、自国の地位を相対的に高める。,スウェーデン人との直接の会話でのアイスブレイク,"Dette er en svenskevits, men...（これスウェーデン人ジョークなんだけど…）",歴史的な支配・被支配の緊張関係を、ユーモアという安全な形に変換してコミュニケーションをとる。
第1象限,フィンランド,【事実】,「No niin」の多用,会話の区切り、同意、諦めなど、あらゆる状況で「No niin」を発して場を収める。,会話の円滑化、過度な感情表現の回避による社会秩序の維持。,気まずさの解消、安心感、感情の平穏。,フィンランド語における代表的な談話標識（ディスコース・マーカー）であり、イントネーションによって数十種類の意味を持つとされる。,会議の終わりや話題の区切り,"「No niin, eik?h?n se ollut t?ss?.」（さて、これで終わりですね。）",状況を整理し、スムーズに次の行動へ移る。,困ったことが起きた時,ため息混じりに「No nii-in...」（あーあ、全く…）,ネガティブな感情を抑え、状況を受け入れる。,誰かの意見に強く同意する時,「No niin!」（その通り！）,相手への共感を示し、関係性を良好に保つ。
第1象限,エストニア,【事実】,敬語（Teie）の使用,目上の人や初対面の人に対して、丁寧な代名詞「Teie」を使用する。親しい間柄では「sina」を使う。,社会的階層や距離感を示し、礼儀と秩序を保つ。,敬意を表すことでの安心感、適切な距離感による心理的安全性。,エストニア語はウラル語族に属し、親称と敬称（T-V区分）の使い分けが社会規範として明確に存在する。,店舗での接客,「Kuidas saan Teid aidata?」（いかがなさいましたか？）,顧客への敬意とプロフェッショナリズムを示す。,年長者への挨拶,"「Tere p?evast, kas Teie...」（こんにちは、あなたは…）",目上の人に対する適切な距離感と敬意の表明。,公式なメールの書き出し,「Lugupeetud Teie...」（親愛なるあなたへ）,フォーマルな場での礼儀と秩序の維持。
第1象限,ラトビア,NO_DATA,NO_DATA,NO_DATA,NO_DATA,NO_DATA,NO_DATA,NO_DATA,NO_DATA,NO_DATA,NO_DATA,NO_DATA,NO_DATA,NO_DATA,NO_DATA,NO_DATA
第1象限,リトアニア,NO_DATA,NO_DATA,NO_DATA,NO_DATA,NO_DATA,NO_DATA,NO_DATA,NO_DATA,NO_DATA,NO_DATA,NO_DATA,NO_DATA,NO_DATA,NO_DATA,NO_DATA
第1象限,ウクライナ,【事実】,父称（По батьков?）の使用,公式な場面や目上の人に対して、名前の後に父親の名前から派生した父称を付けて呼ぶ。,敬意を表し、社会的な階層や公式な関係性を明確にする。,フォーマルな関係性における安心感、礼儀正しさの表現。,東スラブ語群の特徴的な命名規則。公式な場や教育現場で広く使用され、社会的距離を保つ機能がある。,学校での教師への呼びかけ,"「?ване Петровичу, добрий день.」（イヴァン・ペトロヴィチ、こんにちは。）",教師に対する敬意と公式な距離感の維持。,職場での上司への報告,"「Мар?? ?ван?вно, я зак?нчив зв?т.」（マリア・イヴァニヴナ、報告書が完成しました。）",上司に対する礼儀とプロフェッショナリズム。,公式な手紙やメールの宛名,「Шановний Олександре Миколайовичу!」（親愛なるオレクサンドル・ミコライオヴィチへ！）,書面における最大限の敬意と公式性の担保。
第2象限,フィンランド,【事実】,SISU（シス）,困難な状況でも諦めない、内面的な強さ、忍耐力、不屈の精神を表す言葉として語り継ぐ。,フィンランド人としてのアイデンティティの強化、困難に立ち向かう連帯感の醸成。,自己効力感の向上、誇り、困難を乗り越える勇気と一体感。,フィンランドの厳しい気候や歴史的背景（冬戦争など）から生まれた文化的コンセプト。国民的アイデンティティの核とされる。,自国の文化を誇る時,"「Sisu, sauna ja Sibelius」（シス、サウナ、シベリウス）",フィンランドを象徴する要素として並べ、連帯感を高める。,困難な状況に直面した時,「Sisulla siit? selvi??.」（シスがあれば乗り越えられる。）,互いを鼓舞し、諦めない精神を共有する。,スポーツの国際試合などの応援,「Suomalainen sisu!」（フィンランド人のシス！）,国民としての誇りと一体感を発揚する。
第2象限,エストニア,NO_DATA,NO_DATA,NO_DATA,NO_DATA,NO_DATA,NO_DATA,NO_DATA,NO_DATA,NO_DATA,NO_DATA,NO_DATA,NO_DATA,NO_DATA,NO_DATA,NO_DATA
第2象限,ラトビア,NO_DATA,NO_DATA,NO_DATA,NO_DATA,NO_DATA,NO_DATA,NO_DATA,NO_DATA,NO_DATA,NO_DATA,NO_DATA,NO_DATA,NO_DATA,NO_DATA,NO_DATA
第2象限,リトアニア,NO_DATA,NO_DATA,NO_DATA,NO_DATA,NO_DATA,NO_DATA,NO_DATA,NO_DATA,NO_DATA,NO_DATA,NO_DATA,NO_DATA,NO_DATA,NO_DATA,NO_DATA
第2象限,ウクライナ,【事実】,「Слава Укра?н?!（ウクライナに栄光あれ！）」の交歓,一方が「ウクライナに栄光あれ！」と言い、もう一方が「英雄たちに栄光あれ！」と返す。,民族的アイデンティティの表現、国民の強固な結びつき、愛国心の共有。,連帯感、誇り、国家存亡の危機に対する精神的団結。,元々は20世紀初頭の独立運動から使われていたが、2014年のマイダン革命や2022年のロシア侵攻以降、国民的スローガンとして完全に定着した。,集会や公式行事での挨拶,「Слава Укра?н?!」（ウクライナに栄光あれ！）,国家への忠誠と参加者同士の連帯を呼びかける。,それに対する群衆の返答,「Героям слава!」（英雄たちに栄光あれ！）,呼びかけに応え、国家のために戦う人々への敬意を共有する。,さらなる愛国心の唱和,「Слава нац??! Смерть ворогам!」（民族に栄光あれ！敵に死を！）,国民としての強い結びつきと、外敵への断固たる抗戦の意志の確認。
第3象限,フィンランド,NO_DATA,NO_DATA,NO_DATA,NO_DATA,NO_DATA,NO_DATA,NO_DATA,NO_DATA,NO_DATA,NO_DATA,NO_DATA,NO_DATA,NO_DATA,NO_DATA,NO_DATA
第3象限,エストニア,NO_DATA,NO_DATA,NO_DATA,NO_DATA,NO_DATA,NO_DATA,NO_DATA,NO_DATA,NO_DATA,NO_DATA,NO_DATA,NO_DATA,NO_DATA,NO_DATA,NO_DATA
第3象限,ラトビア,NO_DATA,NO_DATA,NO_DATA,NO_DATA,NO_DATA,NO_DATA,NO_DATA,NO_DATA,NO_DATA,NO_DATA,NO_DATA,NO_DATA,NO_DATA,NO_DATA,NO_DATA
第3象限,リトアニア,NO_DATA,NO_DATA,NO_DATA,NO_DATA,NO_DATA,NO_DATA,NO_DATA,NO_DATA,NO_DATA,NO_DATA,NO_DATA,NO_DATA,NO_DATA,NO_DATA,NO_DATA
第3象限,ウクライナ,【事実】,「Москаль（モスカリ）」による排他と敵対,ロシア人やロシア帝国・国家に属する者を指す歴史的な蔑称を用いて、敵対心を表す。,敵対者の明確化、非難、内部の裏切り者への牽制。,怒りの表現、敵意の共有による闘争心の維持。,元々は「モスクワの（人）」を意味し、歴史的に支配に対する反発から生まれた。現在はロシア・ウクライナ戦争を背景に、強い非難や敵対の意図で使用される。,抗議集会やデモの場,"「Хто не скаче, той москаль!」（跳ばない奴はモスカリだ！）",同調しない者を敵視し、集団の闘争心を扇動する。,ロシア兵の接近や攻撃を伝える時,「Москал? йдуть.」（モスカリが来る。）,侵略者に対する敵対心と警戒心を直接的に表す。,ロシアのプロパガンダに同調する者を非難する時,「В?н справжн?й москаль.」（あいつは本物のモスカリだ。）,自国内の裏切り者や同調者をレッテル貼りし、社会的制裁を加える。
第4象限,フィンランド,【事実】,「バス停のフィンランド人」ジョーク,自国の人付き合いの悪さ（パーソナルスペースの広さ）を笑いのネタにし、ミームとして楽しむ。,過酷な環境や社会的な内向性に対するストレス解消、自己客観視。,笑いによる緊張緩和、共感、自虐的ユーモアを通じた連帯感。,フィンランド人が内向的であるというステレオタイプを逆手に取り、自らジョークにすることで心理的なバランスを保つ。,バス停で人が極端に離れて立っている写真を見て,「Suomalainen bussipys?kki.」（フィンランドのバス停。）,他人との過剰な距離感を視覚的に笑い飛ばす。,コロナ禍のソーシャルディスタンス（2m）政策について,「Miksi vain kaksi metri?? Viisi metri? on normaali.」（なぜ2メートルだけ？ 5メートルが普通なのに。）,社会のルールと自分たちの極端な国民性を対比させて笑いを取る。,見知らぬ人が隣に座りそうになった時の心中,「T?m? on minun henkil?kohtainen tilani.」（ここは私のパーソナルスペースだ。）,不快感を直接ぶつけず、ネット上でミーム化して不満を昇華する。
第4象限,エストニア,【事実】,「Kehv suusailm（悪いスキー日和）」ジョーク,夏でも寒くて雨が降っている悪天候を、「ただの悪いスキー日和だ」と自虐的に形容する。,厳しい自然環境に対する不満のガス抜き、状況の受容。,笑いによる緊張緩和、共感、諦念の共有。,エストニアの気候は夏でも冷涼で天候が不安定なことが多く、その過酷さをユーモアに変換する社会的知恵として広く使われている。,夏なのに大雨が降って寒い時,「T?na on lihtsalt kehv suusailm.」（今日はただの悪いスキー日和だね。）,期待外れの天気に対する不満を、的外れな例えで笑いに変える。,泥だらけの悪路を歩きながら,「Eesti suvi on nagu kehv suusailm.」（エストニアの夏は悪いスキー日和みたいなものだ。）,自国の気候の悪さを客観視し、諦めと共に受け入れる。,観光客に天候の悪さを指摘されて,「Meil on 12 kuud kehva suusailma.」（ここには12ヶ月間の悪いスキー日和があるんだ。）,自国の欠点を自ら誇張して見せることで、コミュニケーションを楽しむ。
第4象限,ラトビア,NO_DATA,NO_DATA,NO_DATA,NO_DATA,NO_DATA,NO_DATA,NO_DATA,NO_DATA,NO_DATA,NO_DATA,NO_DATA,NO_DATA,NO_DATA,NO_DATA,NO_DATA
第4象限,リトアニア,NO_DATA,NO_DATA,NO_DATA,NO_DATA,NO_DATA,NO_DATA,NO_DATA,NO_DATA,NO_DATA,NO_DATA,NO_DATA,NO_DATA,NO_DATA,NO_DATA,NO_DATA
第4象限,ウクライナ,【事実】,「ロシアの軍艦よ、くたばれ」のミーム化,ズミイヌイ島での国境警備隊の交信内容を、抵抗と反骨精神の象徴として、看板や切手、日常のジョークとして幅広く使用する。,恐怖や絶望感の笑いへの変換、敵対者への権威失墜、精神的レジリエンスの維持。,ストレスの軽減、圧倒的な連帯感、敵に対する心理的優位性の獲得。,2022年のロシア侵攻初期に発生した実際の交信記録。圧倒的な敵に対する無謀とも言える反抗の言葉が、ウクライナ国民の士気を爆発的に高めるミームとなった。,ズミイヌイ島でのロシア軍への降伏勧告に対する返答,"「Русский военный корабль, ?ди на хуй.」（ロシアの軍艦よ、くたばれ。）",絶望的な状況下での究極の拒絶と反骨精神の表現。,ロシアの攻撃を防いだ後や戦果を挙げた時のSNS投稿,「Курс ? на хуй.」（進路は、くたばれ。）,本来のフレーズを応用し、敵の敗退を嘲笑して士気を高める。,道路標識を書き換えてロシア軍を迷わせる工作,"「На хуй, знов на хуй, до Рос?? на хуй.」（くたばれ、またくたばれ、ロシアへくたばれ。）",実用的な妨害工作に強烈なユーモアと罵倒を交え、敵を翻弄する。
第1象限,ベラルーシ,【事実】,言語使用による政治的スタンスと階層の表明,ロシア語、純粋なベラルーシ語（Mova）、両者の混成語（トラシャンカ）のどれを話すかで、体制派か野党派か、または階層が自動的に決まるとされる不文律。,政治的踏み絵、社会階層の維持,同調圧力、体制への恐怖と服従,[事実確認] ベラルーシは極端なロシア化政策がとられており、公的な場で純粋なベラルーシ語を話すことは「野党支持」の政治的宣言とみなされるという社会言語学的事実がある。,官公庁や公的なビジネスの場,ロシア語の使用,体制への忠誠と「問題のない国民」であることの証明として機能する。,反政府デモや文化人の集会,Mova（純粋なベラルーシ語）の使用,ルカシェンコ体制のロシア化に対する抵抗と、民族的アイデンティティの誇示。,地方の日常会話や市場,トラシャンカ（露・白混成語）の使用,農村部出身であることや、特定の政治的イデオロギーを持たない庶民層であることを示す。
第2象限,ベラルーシ,【事実】,固有文字「?（ウー・カローツカエ）」のシンボル化,キリル文字圏でベラルーシ語にしか存在しない文字「?」を、民族の魂や独自性の象徴として特別視し、愛好する文化。,文化的保護、民族の連帯感の醸成,母語への愛着、連帯の喜び,[事実確認] 実際にポラツク市には「?」の記念碑が建立されており、ブランドロゴなどにも意図的に多用されるなど、言語学的な差異がナショナリズムの象徴へと昇華された実例である。,企業のロゴやブランド名のデザイン,「?」を強調したタイポグラフィ（例：? gallery）,ロシア語との違いを一目で視覚的にアピールし、ベラルーシ固有のブランドであることを強調。,土産物や衣服のデザイン,「?」がプリントされたTシャツの着用,言葉に出さずとも、同胞に対して自国の文化を愛しているという静かな連帯を示す。,公共の場でのシンボル,ポラツク市にある「?」の記念碑（Pomnik litaru ?）,言語の一部を物理的なモニュメントにすることで、共同体の歴史的遺産として崇拝する。
第3象限,ベラルーシ,【事実】,2020年抗議運動以降の政治的分断語（Zmahar / Yabatka）,国営メディアと反体制派が、互いを非人間化し、キャンセルするために特定のレッテル用語を日常的に使用する現象。,敵対グループの非正当化、自陣営の結束,憎悪の増幅、対話の拒絶,[事実確認] 2020年の大統領選の不正疑惑に端を発する抗議運動以降、社会が完全に二極化し、これらの新語・既存語の再定義が政治的ヘイトスピーチとして定着した。,国営メディアによる野党支持者の報道,Zmahar（ズマハール：本来は「闘士」の意）,体制側が「西側の操り人形」「過激派」という侮蔑的な意味に歪めて野党支持者を攻撃。,SNSでのルカシェンコ支持者への批判,Yabatka（ヤバチカ：「私はバチカ（大統領）を支持する」の略）,元は体制派のハッシュタグだったが、野党側が「思考停止した盲目的な独裁支持者」という蔑称として使用。,治安部隊（OMON）に対する言及,Krasavtsy（クラサーヴツィ：イケメンたち）,大統領が治安部隊を称賛した言葉を、野党側が「残虐な弾圧者」を意味する皮肉・蔑称として逆用。
第4象限,ベラルーシ,【事実】,独裁権力をからかうユーモアと言葉遊び（2020年デモ）,直接的な批判が逮捕に直結するため、不条理なニックネームやネットミームを用いて最高権力者を嘲笑する現象。,検閲の回避、恐怖心の払拭,カタルシス、心理的優位性の獲得,[事実確認] 権威主義体制下における古典的な抵抗手段（ユーモアによるガス抜き）であり、2020年のデモでは言語的創造性が爆発的に開花したことが多くの報道で確認されている。,大統領の支持率に関する話題,Sasha 3%（サーシャ・サンパーセント）,ネットの非公式調査での低い支持率を揶揄し、圧倒的勝利という国営報道を暗に否定する。,大統領の容姿や振る舞いへの言及,Tarakan（ゴキブリ）,ソ連時代の童話「ゴキブリ」になぞらえ、ヒゲを生やした大統領を「実は弱くて滑稽な存在」として笑い飛ばす。,国家の経済政策への批判,Krepkiy khozyaystvennik（屈強な現場監督）,ソ連型の有能な指導者を意味するクリシェを、経済を停滞させている現状への強烈な皮肉として用いる。
第1象限,ロシア,【都市伝説】,「Последний（最後の）」の忌避と「Крайний（端の）」の代用,「最後の」という意味の形容詞「ポスレドニー」を使うと、本当に人生の最後（死や終了）になってしまうと信じられ、代わりに「端の」を意味する「クライニー」を使用する偽マナー。,縁起担ぎ、集団内の不文律の強要,不安の解消、同調圧力,[事実確認] 民間語源および迷信。元々は航空・軍事関係者のジンクスだったが、一般社会に蔓延。言語学者は「文法的な誤用であり、不合理な迷信である」と強く非難している。,行列の最後尾を探すとき,「Kto krayniy?（端の人は誰ですか？）」,「最後の人は誰？」と聞くことで、その人の人生が終わってしまうような不吉なニュアンスを避ける。,仕事や任務の区切りについて話すとき,「Eto krayniy raz（これが端の回だ）」,「これが最後だ」と言うことで、二度とその機会が訪れない（または死ぬ）という自己実現的予言を防ぐ。,パイロットや危険な職業の会話,「Krayniy polyot（端のフライト）」,「最後のフライト」という表現が墜落を連想させるため、極度の恐怖心を和らげるための業界用語が日常化した。
第2象限,ロシア,【事実】,過剰な指小辞（ディミニュティヴ）の使用,水、お茶、切符などの通常名詞に「～チカ」「～ク」などの指小辞（縮小辞）を付けて、対象を小さく可愛らしいものとして表現する言語実践。,社会的距離の縮小、敵意がないことの証明,親近感、場の空気の軟化,[事実確認] ロシア語は形態論的に指小辞が極めて豊かであり、接客業や友人間の会話で、要求のトゲを抜き、共感を示す語用論的戦略として実際に広く用いられている。,カフェや食堂での注文,「Chayku（お茶ちゃんを少し）」,「お茶をくれ」という直接的な命令を避け、ささやかで控えめな要求であることを示して店員との摩擦を減らす。,バスや電車でのやり取り,「Biletik（切符ちゃん）」,見知らぬ乗客や車掌に対し、友友好で敵意のないトーンを作り出し、日常のストレスを緩和する。,カジュアルな挨拶,「Privetik（こんにちはちゃん）」,通常の挨拶よりも遊び心と親密さを含ませ、仲間内での連帯感とアハ体験を共有する。
第3象限,ロシア,【事実】,"政治的分断を表すレッテル用語（Vatnik, Sovok）",政治的立場の異なる集団に対して、服装や日用品に由来する侮蔑的な造語を投げつけ、相手の知性や歴史観を否定する実践。,他者の非人間化、政治的対立の明確化,優越感、分断による自己正当化,[事実確認] 2010年代以降のロシアのインターネット・政治空間で発生した現象。特定の政治的信念を持つ人々をステレオタイプ化し、議論を封殺する機能として社会学的に分析されている。,熱狂的な親政府・愛国主義者への批判,Vatnik（綿入れジャケット）,ソ連の粗末な防寒着に由来。体制のプロパガンダを盲信し、貧しく教養のない愛国者を嘲笑する。,ソ連時代を美化する高齢層への批判,Sovok（ちりとり）,ソ連（Sovyetsky）に発音が似ていることに由来。全体主義的な精神構造から抜け出せない人々を「ゴミを集める道具」として軽蔑。,リベラルや野党支持者への攻撃,Liberalast（リベララスト）,リベラルと「ペデラスト（男色家）」を組み合わせた同性愛嫌悪的な造語。西側思想を持つ者を道徳的堕落者としてキャンセルする。
第4象限,ロシア,【事実】,放送禁止用語（マット）のユーモラスな回避・置換（Eufemizmy）,法規制や社会的タブーにより直接言えない卑猥な罵倒語（マット）を、発音が似ている全く無害な単語（植物や虫など）に置き換えて発話する言葉遊び。,検閲の回避、ストレスの合法的な発散,笑いによる怒りの昇華、緊張緩和,[事実確認] ロシア語のマットは公的空間やメディアで法的に厳しく罰せられるため、言語的制約を逆手にとった膨大な数のユーモラスな代替語（エウフェミズム）が発達した。,公衆の面前で強い不満を感じたとき,Blyakha-mukha（ベルトのバックルのハエ）,重度のタブー語である「Blyad（売春婦／クソッ）」の音感を模倣しつつ、無意味な言葉の組み合わせで怒りを笑いに変える。,子供の前で物を落としたとき,Yolki-palki（モミの木と棒切れ）,「Yob tvoyu mat（母親を犯せ）」という極めて強い罵倒語の頭文字「Yo」を使い、植物の名前にすり替えて場を和ませる。,絶望的な失敗をしたとき,Pipets（ピペッツ）,最悪の事態を意味する「Pizdets（女性器由来の罵倒）」に似た無害な響きの造語を使い、悲惨な状況を自嘲気味に楽しむ。
第1象限,ポーランド,【事実】,Pan/Pani（敬称）の厳格な運用とヒエラルキー維持,相手を「Pan（男性）」または「Pani（女性）」と呼び、動詞を三人称単数で活用させる厳格な敬語システム。これを怠ると極めて無礼とされる。,社会的距離と敬意の維持、上下関係の明確化,秩序の安心感、無礼に対する怒り,[事実確認] ポーランド語の語用論における中核的な特徴。西欧の貴族文化に由来し、初対面や公的な関係ではこの形式を崩すことは重大なマナー違反（Faux pas）となる。,大学や病院などの権威ある場,Panie Profesorze（教授殿） / Panie Doktorze（先生殿）,Pan/Paniにさらに職業や学位の呼称を重ねることで、相手の社会的地位を明確に承認し、ヒエラルキーを守る。,ビジネスでの初対面のやり取り,Pani Anno（アンナ様）,ファーストネームであってもPaniをつけることで、「親しみやすさ」と「越えてはならない壁」を同時に提示する。,関係が深まり、敬語を外す儀式,Przejd?my na ty（「君」で呼び合いましょう）,年長者や上位者からこの提案がない限り、勝手に親称（Ty）を使うことは許されないという厳格なルールが存在する。
第2象限,ポーランド,【都市伝説】,首都ワルシャワの民間語源（WarsとSawa）,首都ワルシャワ（Warszawa）という名前は、昔ヴィスワ川のほとりに住んでいた漁師の「Wars（ワルス）」と、彼を助けた人魚の「Sawa（サヴァ）」が結ばれたことに由来するという伝説。,郷土愛の育成、都市のロマンチックな神話化,都市への愛着、連帯感と誇り,[事実確認] 民間語源（都市伝説）。言語学的には、実在した騎士や貴族の「Warsz（ワルシュ）」の所有格（Warszの土地）に由来することが証明されているが、人魚伝説の方が広く愛されている。,観光地でのガイドや歴史の紹介,「Wars i Sawaの伝説の地」,史実よりもロマンチックな愛の物語を語ることで、訪問者に都市への情緒的なアハ体験を提供する。,児童教育や絵本の読み聞かせ,「Legenda o Warsie i Sawie」,子供たちに建国の神話を教えることで、ポーランド人としての民族的なルーツや連帯感を育む。,都市のブランディングやビジネス,「Sawa」という名前を冠したホテルや企業,人魚のサヴァの名前をビジネスに用いることで、ワルシャワの地元企業であることを美しくアピールする。
第3象限,ポーランド,【事実】,"ステレオタイプに基づく分断的ラベリング（Janusz, Moher）",特定の世代や階層を象徴する「名前」や「服装」をネットスラングとして用い、相手のライフスタイルや政治信条を嘲笑・分断する現象。,世代間・階層間ギャップの可視化、他者の嘲笑,優越感、社会的フラストレーションの投影,[事実確認] ポスト共産主義のポーランド社会における急速な資本主義化と価値観の変化が生み出した社会現象。言語学や社会学の論文で、現代の階層分断の表象として頻繁に研究されている。,教養がないとされる中年男性の揶揄,Janusz（ヤヌシュ）,ビニール袋を持ち、ケチで自己中心的なステレオタイプの中年男性を指す。古い価値観の労働者階級を見下す際に使われる。,保守的で熱狂的なカトリック高齢女性への批判,Moherowe berety（モヘアのベレー帽）,特定の右派カトリック系ラジオ局を支持する高齢女性がよく被る帽子に由来。リベラル層が保守層を時代遅れだと攻撃する。,権利ばかり主張する中年女性の揶揄,Gra?yna（グラジナ）,Januszの女性版。スーパーマーケットでクレーマーになるような、無教養で利己的な女性のステレオタイプとして消費される。
第4象限,ポーランド,【事実】,共産主義体制下のバクロニム（頭字語の皮肉な再解釈）,共産主義時代（PRL時代）、国家機関や党の公式な略称（頭字語）に、全く別の侮蔑的な単語を当てはめて裏の意味を持たせるジョーク。,権威の失墜、政治的抑圧に対する知的な抵抗,カタルシス、反体制の秘密の連帯,[事実確認] 全体主義体制下における古典的な言語的抵抗運動（ユーモア）。市民が検閲を逃れつつ、国家の理不尽さを笑いに変えるための社会的安全弁として機能していた歴史的事実。,支配政党（PZPR：ポーランド統一労働者党）の揶揄,P?atni Zdrajcy Pacho?ki Rosji（金で買われた裏切り者、ロシアの犬）,PZPRという公式略称を、ソ連の傀儡政権であることを痛烈に批判する文章の頭文字として読み替える。,市民警察（MO：Milicja Obywatelska）の揶揄,Mog? Obi?（彼らは殴ることができる）,国民を守るはずの警察が、実際には市民への暴力を振るう弾圧機関であることを短い2語で皮肉る。,警察の予備隊（ORMO）の揶揄,Oni R?wnie? Mog? Obi?（奴らもまた殴ることができる）,正規の警察だけでなく、ボランティアの予備隊までが体制の暴力装置であることを論理的なオチとして笑う。
第1象限,チェコ,【事実】,Vyk?n?（敬語）とTyk?n?（親称）の厳格な境界と移行ルール,相手を「あなた（Vy）」と呼ぶか「君（Ty）」と呼ぶかの境界が極めて厳格で、その移行（Tyk?n?への移行）は上位者・年長者・女性からしか提案できないという不文律。,社会的ヒエラルキーの可視化、礼儀の強制,秩序の維持、境界を踏み越えることへの恐れ,[事実確認] チェコ語の語用論における絶対的なルール。この順序を間違えること（下位者からTyk?n?を提案したり、無断でTyを使うこと）は、社会人としての適性を疑われるほどの重大なマナー違反となる。,職場での上司と部下のコミュニケーション,Pane ?editeli（社長殿：Vyk?n?での会話）,どれほど親しくなっても、公の場やビジネス関係が継続している限り、Vyk?n?（Vy）を維持することで組織の秩序を守る。,関係が深まった際の儀式的な提案,Nab?dnout tyk?n?（Tyk?n?を提案する）,必ず「女性から男性へ」「年長者から年少者へ」という明確な権力のベクトルに従ってのみ、敬語の壁を壊す許可が下りる。,目下の者が無断でTyk?n?を使ったとき,My si tyk?me?（私たちはTyで呼び合う関係でしたか？）,Tyk?n?のルールを無視した者に対して、冷たくVyk?n?を用いて明確に拒絶し、社会的距離とヒエラルキーを再構築する。
第2象限,チェコ,【事実】,ブルノ地方の都市隠語「Hantec（ハンテツ）」,チェコ第2の都市ブルノにおいて、ドイツ語やロマ語が混ざった独特のスラング（Hantec）を使用し、プラハ（首都）とは違う独自のアイデンティティをアピールする実践。,地域コミュニティの結束、首都の標準語に対する対抗,強い郷土愛、仲間意識（イングループ・バイアス）,[事実確認] 元々は19世紀のブルノの下層階級の隠語（アルゴ）だったが、現在ではモラヴィア地方の誇りを示す文化的遺産として辞書が編纂されるほど愛好されている社会言語学的事実。,街中での交通機関の話題,?alina（シャリナ：路面電車）,標準チェコ語の「Tramvaj」を使わず、ドイツ語の「Elektrische Linie」に由来するこの語を使うことでブルノ市民であることを即座に証明する。,週末に出かける場所の相談,?tatl（シュタトル：街の中心部）,ドイツ語の「Stadt」に由来。プラハの人間には通じにくい言葉をあえて使うことで、地元民同士の秘密の連帯感を生む。,パブでビールを飲むときの声かけ,?kopek（シュコペク：ビール）,標準語の「Pivo」ではなく、労働者階級の荒々しさと親しみやすさを含んだこの言葉で、気取らない絆を確認し合う。
第3象限,チェコ,【事実】,"政治的分断を煽るレトリック（Kav?rna, Slun??k??）",ポピュリスト政治家や保守層が、都市部のリベラル層や知識人を軽蔑し、一般大衆との間に分断を引くために意図的に使うレッテル用語。,反知性主義の煽動、エリート対大衆の構図の作成,社会的憎悪の正当化、排他性,[事実確認] ミロシュ・ゼマン元大統領などが演説で多用したことで定着した現代チェコ政治の現象。リベラル層を「現実を知らない偽善者」としてキャンセルする機能を持つ。,都市部の知識人やメディアへの批判,Pra?sk? kav?rna（プラハのカフェ）,「カフェで優雅に議論するだけで、地方の現実や労働者の苦しみを知らない傲慢なエリート」という非難を込めた蔑称。,人権活動家や進歩的価値観を持つ人への攻撃,Slun??k??（お日様主義者 / お花畑）,難民受け入れやマイノリティの権利を主張する人々を、「世界を美化しすぎているおめでたい偽善者」として嘲笑する言葉。,ヴァーツラフ・ハヴェル元大統領の支持者への揶揄,Pravdol?ska?（真実と愛の人）,ハヴェルの名言「真実と愛は嘘と憎しみに打ち勝つ」を逆手に取り、理想主義者を「現実離れしたバカ」として皮肉る。
第4象限,チェコ,【事実】,政治指導者を嘲笑するあだ名文化（?vejkov?n?）,政治家のスキャンダルや外見的特徴、過去の疑惑に基づいて辛辣なあだ名を付け、権威を徹底的に引きずり下ろすチェコ特有のダークユーモアの伝統。,権威の相対化、無力感のユーモアによる昇華,カタルシス、政治的ストレスのガス抜き,[事実確認] チェコ文学の代表作『兵士シュヴェイクの冒険』に代表される、受動的攻撃やブラックジョークで権力に抵抗する「シュヴェイク主義」の現代的発露として知られる事実。,ゼマン元大統領の健康問題や容姿への揶揄,Ovar（茹でた豚の頭肉）,恰幅の良さと不摂生なイメージを、脂っこいチェコの伝統的な居酒屋料理に例え、国家元首の威厳を完全に剥奪する。,バビシュ前首相の過去の疑惑への攻撃,Bure?（ブレシュ）,共産主義時代に彼が秘密警察（StB）に協力していたとされる際の「暗号名」。彼がクリーンな政治家を気取るたびにこの名で呼び、偽善を暴く。,クラウス元大統領のナルシシズムへの当てこすり,Kikina（キキナ）,彼の傲慢な態度や、プライベートな噂に対する当てこすりとして一部の反対派が使用した女性的な響きのニックネーム。
第1象限,スロバキア,【事実】,チェコ語からの借用語（ボヘミズム）排除の不文律,日常会話や公的な場でチェコ語の単語や表現（ボヘミズム）を使用することが「間違い」として厳しく訂正され、純粋なスロバキア語の使用が求められる文化。,言語的独立性の維持、大国（チェコ）からの同化の防止,愛国心、正しい言葉を使わないことへの羞恥心,[事実確認] スロバキアは歴史的にチェコ語の強い影響下にあったため、言語学研究所などが主導して「正しいスロバキア語」の規範を厳格に規定・啓発している事実がある。,別れの挨拶での無意識の混同,「Na shledanou（チェコ語）」ではなく「Dovidenia」を使う,チェコ語の挨拶をうっかり使うと、「ここはスロバキアだ」とたしなめられ、正しいスロバキア語の規範を守るよう圧力がかかる。,日常的な食材の名前の訂正,「Brambory（チェコ語）」ではなく「Zemiaky（じゃがいも）」,テレビやメディアでチェコ語の語彙が使われると、視聴者や言語学者から「言語の純粋性が損なわれる」とクレームが入る。,公的な会話やメディアでの単語の訂正,「D?ky（チェコ語）」ではなく「?akujem（スロバキア語）」を使う,日常的に混同されやすいチェコ語の単語を意図的に排除し、スロバキア語の純粋性と国家の独立性をアピールする。
第2象限,スロバキア,【事実】,東部スロバキア方言（V?chod?ar?ina）による連帯,首都ブラチスラヴァ（西部）に働きに出た東部スロバキア出身者たちが、同郷の人間と会った際に意図的に強い東部方言を使い、絆を確かめ合う実践。,地域アイデンティティの保持、首都の文化への同化抵抗,ノスタルジー、圧倒的なイングループの安心感,[事実確認] スロバキアの東部方言は標準語と語彙やアクセントが大きく異なり、社会言語学的に「東部人の強い郷土愛と連帯のマーカー」として機能している事実がある。,同意や相槌を打つとき,Ta ne（タ・ネ：そうだね、もちろん）,標準語にはないこの短いフレーズを発するだけで、即座に「自分たちは東部の人間だ」というアハ体験と共感が生まれる。,素晴らしいもの、クールなものを褒めるとき,Dzive（ジヴェ：ヤバい、最高）,若者や同郷者の間で、首都の洗練された言葉へのアンチテーゼとして、土着のエネルギーに満ちた言葉をあえて使う。,酒を飲んでパーティーをするとき,Basavel（バサヴェル：大騒ぎ、宴会）,東部のロマ文化の影響も受けたこの言葉を使い、故郷特有のワイルドで楽しい空気を都会の中で再現する。
第3象限,スロバキア,【事実】,"現代政治の分断語（Dezol?t, Slnie?kar, Kaviare?）",近年の選挙やコロナ禍、ウクライナ戦争などの危機において、自由主義陣営とポピュリスト陣営が互いを人間以下の存在としてキャンセルし合うレッテル用語。,社会の部族化、対立候補・支持者の道徳的失墜,憎悪、対話の完全な断絶,[事実確認] スロバキア社会の深刻な分極化を象徴する現象。メディア論や政治学の分野で、これらの言葉がいかに社会の亀裂を修復不可能にしているかが議論されている。,陰謀論者や親ロシア派への攻撃,Dezol?t（デゾラート：荒廃した奴、クズ）,リベラル層が、反ワクチンや親ロシアのデモに参加する人々を「底辺の無教養なゴミ」として徹底的に見下す際に使う。,進歩主義者やリベラル層への嘲笑,Slnie?kar（スルニエチュカル：お日様主義者）,保守・ポピュリスト層が、環境問題やLGBTQの権利を主張する人々を「現実を見ないお花畑の偽善者」としてキャンセルする。,首都の知識人階級への非難,Bratislavsk? kaviare?（ブラチスラヴァのカフェ）,地方の労働者に向けて、「首都で高いコーヒーを飲みながら庶民の生活を破壊しているエリートたち」という憎悪を煽る。
第4象限,スロバキア,【事実】,政治家の失言や虚栄心をからかうミーム化（Dankov?iny）,支離滅裂な発言や虚栄心を見せる政治家（主にアンドレイ・ダンコ元国会議長）の言葉をそのまま流行語としてネット上で遊び倒す現象。,政治的フラストレーションのガス抜き、ネット上の遊戯,カタルシス、権威に対する心理的優位性の獲得,[事実確認] アンドレイ・ダンコをはじめとする政治家の言語的誤りや不条理な発言がSNSでミーム化され、「Dankov?iny」として社会的に広く共有されていることは事実である。,彼が自らを大尉に昇進させた事件を揶揄するとき,Kapit?n Danko（キャプテン・ダンコ）,政治権力を使った身内びいきの昇進を逆手に取り、軍の称号を用いて彼の虚栄心を嘲笑する。,テレビ討論での意味不明な発言を引用するとき,"?iaden ?lovek nedok??e da? to?ko l?sky ?loveku, ako dok??e da? len ?lovek ?loveku.（人間が人間に与え得るほどの愛を、人間に与えられる人間はいない）",彼の実際の迷言を日常会話でそのまま繰り返すことで、その知的能力を滑稽なエンタメとして消費する。,権威主義的な奇行をからかうとき,Bozk?vam v?lo?ky（私は肩章にキスをする）,ダンコが軍の肩章にキスした際の映像と言葉をミーム化し、体制側の権威主義を完全に無害なお笑いに引き下げる。
第1象限,ハンガリー,【事実】,「Tetszik」を含む迂回的敬語システム,目上の人への敬意を示す際、直接的な「あなた（?n/Maga）」を避け、三人称単数の動詞「tetszik（気に入る）」を用いて「?なさる」と表現する。,世代間や社会的階層間の距離を適切に保ち、摩擦を回避する。,敬意と同時に、対立を避ける安全性・安心感をもたらす。,"ハンガリー語にはTe, Maga, ?nという複雑な二人称代名詞があるが、特に高齢者に対しては直接的な代名詞が失礼に当たるという感覚があり、動詞tetszikを助動詞的に用いる迂回表現が社会的に定着している。",若者が高齢者に体調を尋ねる時,Hogy tetszik lenni?（いかがお過ごしですか？ 直訳：どのようであるのがお気に召しますか）,直接的な代名詞を避け、相手の意思を尊重する謙譲の態度を示す。,店員が高齢の客に席を勧める時,Le tetszik ?lni?（お座りになりますか？）,命令形や直接的な疑問文の響きを和らげ、選択権を相手に委ねる。,子供が祖父母に何かを渡す時,El tetszik fogadni?（お受け取りになりますか？）,肉親であっても世代間の敬意を言語的に明確化する機能を持つ。
第2象限,ハンガリー,【事実】,Mad?rnyelv（鳥の言葉・秘密語）,単語の各母音の後に「v＋同じ母音」を挿入して話す言語遊戯。,子供や若者などの仲間内で、外部（親や教師）に知られずに秘密のコミュニケーションを行う。,秘密を共有することによる強い連帯感とアハ体験（暗号解読の喜び）。,世界中に存在する言語遊戯（Language game）の一種であり、ハンガリー語の母音調和と音声的特徴に深く根ざした隠語体系として民俗言語学で研究されている。,誰かについて秘密裏に聞く時,Tu-vu-do-vod ?-v?-t?（元の文：Tudod ?t? / 彼を知ってる？）,母音の後にv+母音を挿入し、音の連続を複雑化して部外者の理解を妨げる。,秘密の愛情表現をする時,Sze-ve-re-vet-le-vek（元の文：Szeretlek / 愛している）,感情的なメッセージを暗号化することで、発話の照れを和らげつつ親密さを高める。,簡単な否定を悟られずに伝える時,Ne-vem（元の文：Nem / いいえ）,最も短い単語であっても規則を適用することで、遊びのルールを厳格に守り仲間意識を確認する。
第3象限,ハンガリー,【事実】,ハンガリー語の連鎖的・冒涜的罵倒（K?romkod?s）,怒りや対立の際、神や聖人、または相手の肉親（特に母親）を組み合わせた極めて長く創造的な罵倒文を構築する。,相手への最大の侮辱、あるいは自身の極度のストレスのガス抜き（言葉による暴力の発散）。,タブー（宗教的・道徳的規範）を意図的に破ることで得られる強い解放感と、相手への威圧。,ハンガリー語は膠着語であり、接尾辞を連続させることで無限に文を拡張できる。これがカトリック的タブーと結びつき、世界でも類を見ないほど複雑な罵倒表現が発達したことが民俗言語学的に指摘されている。,言い争いで相手を決定的に非難する時,Menj a pics?ba!（失せろ / 直訳：女性器の中へ行け）,身体的タブーを用いた直接的な排斥・分断の表現。,相手の血統や存在を冒涜する時,Az any?d valag?t!（直訳：お前の母親の尻！）,相手の肉親を標的にすることで、個人的な対立を家族の尊厳の破壊へとエスカレートさせる。,究極の怒りや対立時に宗教的タブーを破る時,Az Isten bassza meg!（直訳：神が（それを）犯せばいい！）,神聖な存在を性的な卑語と結びつけることで、社会規範を完全に拒絶する攻撃性を示す。
第4象限,ハンガリー,NO_DATA,NO_DATA,NO_DATA,NO_DATA,NO_DATA,NO_DATA,NO_DATA,NO_DATA,NO_DATA,NO_DATA,NO_DATA,NO_DATA,NO_DATA,NO_DATA,NO_DATA
第1象限,ルーマニア,【事実】,代名詞の階層的使い分け (Tu / Dumneata / Dumneavoastr?),相手との社会的距離や年齢に応じて、3段階の二人称代名詞を厳格に使い分ける。,上下関係や親疎の関係を言語的に固定し、社会の階層秩序を維持する。,適切な距離感を保つことによる相互の安心感と、失礼にあたるという不安の解消。,ラテン語起源のロマンス語に見られるT-V敬称の区分だが、ルーマニア語は特にDumneata（やや丁寧）とDumneavoastr?（非常に丁寧・複数形扱い）という細かい中間層を持つ点が社会言語学的に特徴的。,友人間や家族間での会話,Ce faci tu?（君は何をしているの？）,最も親密な距離感。水平的関係の確認。,地方での目上の人や年上の知人への呼びかけ,"Cum te sim?i, dumneata?（あなたのご気分はいかがですか？）",敬意を示しつつも、過度なよそよそしさを避ける中間的な親密さ。,公式な場面や初対面の目上の人への挨拶,"Ce mai face?i, dumneavoastr??（あなた様はいかがお過ごしですか？）",最大限の敬意と社会的距離を示すため、代名詞に加えて動詞も複数形(face?i)を使用する。
第2象限,ルーマニア,【都市伝説】,「Dor（郷愁）」の絶対的翻訳不可能説,ルーマニア語の「Dor」という単語は、他のいかなる言語にも翻訳できない独自の複雑な感情（切なさ、郷愁、愛求）を表していると広く信じられている。,ルーマニア人の精神性（スピリチュアリティ）の独自性と文化的優位性を主張する。,「自分たちにしか理解できない感情がある」という選民意識と深い仲間意識の強化。,比較言語学的にはポルトガル語のSaudadeなど類似の語は多言語に存在するが、19世紀の国民国家形成期にロマン主義の詩人たちが「Dor」を民族精神の核として神聖化したため、この神話が国民的常識として定着した。,外国人に自国の文化を説明する時,「Dorは英語では絶対に翻訳できない特別な感情だ」,自文化の独自性を神聖化し、外部との境界線を引く防衛的・誇示的な言語実践。,伝統的な民謡（ドイナ）の価値を語る時,C?nt? cu dor（Dorを込めて歌う）,単なる「感情」を超え、ルーマニアの伝統芸術の魂そのものであるかのように語られる。,離れて暮らす家族や恋人への表現の特別視,Mi-e dor de tine（あなたが恋しい）,日常的な表現でありながら、他言語の「I miss you」よりも深い霊的な結びつきがあると話者自身が信じて使用する。
第3象限,ルーマニア,NO_DATA,NO_DATA,NO_DATA,NO_DATA,NO_DATA,NO_DATA,NO_DATA,NO_DATA,NO_DATA,NO_DATA,NO_DATA,NO_DATA,NO_DATA,NO_DATA,NO_DATA
第4象限,ルーマニア,【事実】,共産党体制下のバクロニム（後付け略語ジョーク）,共産主義体制下の検閲や物不足に対する不満を、公式の政府機関や党の略語を皮肉な別の言葉に読み替えることで笑い飛ばした。,体制に対する直接的な批判が禁止されていた社会での、安全な形でのガス抜きと抵抗（隠れた台本）。,抑圧された状況下で、笑いを通じて「自分たちは体制に精神的に屈していない」という連帯感や優越感を得る。,独裁体制下において検閲を逃れるためのユーモア（黒い笑い）として広くルーマニア社会で共有されていた民衆の言語的抵抗運動の一種。,共産党（PCR）の縁故主義を批判・揶揄する時,"PCR = Pile, Cuno?tin?e, Rela?ii（元の意味：ルーマニア共産党 / ジョークの意味：コネ、知人、関係）",党が実力ではなく縁故で動いているという腐敗を、党の正式名称に重ね合わせて暴露する。,国営貯蓄銀行（CEC）でお金が引き出せない時,CEC = C?nd Elibera?i Contul?（元の意味：貯蓄・委託金庫 / ジョークの意味：いつ口座を開放してくれるんだ？）,機能不全に陥った金融システムへの不満を、機関名の略称を使って皮肉る。,農業協同組合（C.A.P.）の貧困な実態を嘆く時,"C.A.P. = C?ut?m Ap?, P?ine（元の意味：農業生産協同組合 / ジョークの意味：私たちは水とパンを探している）",集団農場化による食糧難という悲惨な現実を、略語遊びの形にして心理的に昇華する。
第1象限,ブルガリア,NO_DATA,NO_DATA,NO_DATA,NO_DATA,NO_DATA,NO_DATA,NO_DATA,NO_DATA,NO_DATA,NO_DATA,NO_DATA,NO_DATA,NO_DATA,NO_DATA,NO_DATA
第2象限,ブルガリア,【都市伝説】,「キリル文字はブルガリア専用に作られた」という起源神話,キリル文字はロシア人などではなく、キュリロスとメトディオス（またはその弟子）が「純粋にブルガリア人のために」発明したという強力な歴史的信念。,ロシアや他のスラブ系国家に対する文化的優位性の確保。,スラブ文化の「発祥の地」であるという歴史的誇りとナショナリズムの鼓舞。,史実としてキリル文字はブルガリア第一帝国時代に発達したが、発端はモラヴィアでの布教等広範なスラブ諸語のための事業であった。これを「ブルガリア民族専用」と現代のナショナリズムに投影するのは歴史の単純化・神話化である。,5月24日の「文字の日」の祝典,「キリル文字はブルガリアの贈り物である（Кирилицата е български дар）」,国を挙げての祝日において、文字の起源を自国の功績として独占的に語る。,他国のスラブ人と文字について議論する時,「お前たちが使っている文字は我々が与えたものだ」,言語・文字を地政学的なマウント（文化的優位性の誇示）の道具として用いる。,キュリロスとメトディオスの神聖化,兄弟を「ブルガリアの守護聖人」として描写するイコンや言説,ビザンツ出身の宣教師を「ブルガリアの歴史的偉人」として土着化・神話化する。
第3象限,ブルガリア,NO_DATA,NO_DATA,NO_DATA,NO_DATA,NO_DATA,NO_DATA,NO_DATA,NO_DATA,NO_DATA,NO_DATA,NO_DATA,NO_DATA,NO_DATA,NO_DATA,NO_DATA
第4象限,ブルガリア,NO_DATA,NO_DATA,NO_DATA,NO_DATA,NO_DATA,NO_DATA,NO_DATA,NO_DATA,NO_DATA,NO_DATA,NO_DATA,NO_DATA,NO_DATA,NO_DATA,NO_DATA
第1象限,モルドバ,NO_DATA,NO_DATA,NO_DATA,NO_DATA,NO_DATA,NO_DATA,NO_DATA,NO_DATA,NO_DATA,NO_DATA,NO_DATA,NO_DATA,NO_DATA,NO_DATA,NO_DATA
第2象限,モルドバ,【都市伝説】,「モルドバ語」と「ルーマニア語」の別言語説,モルドバの言語はルーマニア語とは異なる独自の「モルドバ語」であると政治的・社会的に語り継がれ、信じられてきた。,モルドバの独立性や独自のアイデンティティ（およびソ連時代のロシアとの結びつき）を正当化する。,ルーマニアとの差別化による独自の国家への帰属意識の高揚。,言語学的にはモルドバ共和国の公用語はルーマニア語と同一であるが、ソ連の言語政策により意図的にキリル文字表記が導入され別言語として扱われた。2023年に法的に「ルーマニア語」へ呼称統一されたが、都市伝説的信条は残存している。,ソ連時代?2000年代の公文書や学校教育,Limba moldoveneasc?（モルドバ語）,憲法上もこの呼称が使われ、独自の言語であるという神話が制度化されていた。,言語の独自性を主張する政治的議論,キリル文字によるルーマニア語表記（лимба молдовеняскэ）,文字体系を変えることで、視覚的・心理的にロシア語圏への帰属とルーマニアとの分断を演出した。,独自性を強調するための辞書編纂,Dic?ionar moldovenesc-rom?nesc（モルドバ語・ルーマニア語辞典）,日常的な方言やロシアからの借用語を無理に集め、別言語であるかのように偽装するイデオロギー的実践。
第3象限,モルドバ,NO_DATA,NO_DATA,NO_DATA,NO_DATA,NO_DATA,NO_DATA,NO_DATA,NO_DATA,NO_DATA,NO_DATA,NO_DATA,NO_DATA,NO_DATA,NO_DATA,NO_DATA
第4象限,モルドバ,NO_DATA,NO_DATA,NO_DATA,NO_DATA,NO_DATA,NO_DATA,NO_DATA,NO_DATA,NO_DATA,NO_DATA,NO_DATA,NO_DATA,NO_DATA,NO_DATA,NO_DATA
第1象限,ジョージア,【事実】,スプラ（宴会）におけるタマダ（宴会?）の絶対的言語ルール,伝統的な宴会（スプラ）において、タマダの許可なしに発言や乾杯をしてはならないという厳格な発話ルール。,宴会の秩序を保ち、参加者全員の連帯感を儀式的に高める。,役割の明確化による共同体への帰属意識と、儀式に参加しているという高揚感。,ジョージアの無形文化遺産でもあるスプラ。言語人類学的にも、タマダは高度な修辞技法と発話の統制権を持つ「儀式的な王」として機能することが研究されている。,宴会の始まりや重要な乾杯の音頭,Gaumarjos!（我々の勝利に / 乾杯！）,タマダが主導し、参加者が一斉に呼応することで、場の秩序が成立する。,タマダが別の参加者に発言権を移譲する時,Alaverdi（アラヴェルディ / 次の乾杯をあなたに委ねる）,発言権が物理的な杯とともにリレーされる、制度化されたターンテイキング（話者交替）。,特別な敬意を示す乾杯において、杯を飲み干すよう促す時,Bolo mde!（最後まで / 飲み干して！）,タマダの権威に基づく発話であり、これに従うことで参加者は共同体の秩序への服従と敬意を示す。
第2象限,ジョージア,【都市伝説】,ムヘドルリ（ジョージア文字）のブドウの蔓起源説,ジョージア文字（特に現在使われるムヘドルリ）の丸みを帯びた形状は、特産である「ブドウの蔓」を模して作られたという民間語源。,ワイン発祥の地としての誇りと、独自の文字体系を持つ誇りを結びつける。,自国の文化遺産に対するロマンチックな愛国心と神秘性の醸成。,歴史的・言語学的には、ジョージア文字はギリシャ文字等の影響を受けつつアソムタヴルリ等の古い書体を経て発達したものであり、最初からブドウを模したという学術的証拠はない。,観光ガイドが外国人客に文字を説明する時,"「この丸い文字（例：?, ?, ?）はブドウの蔓が巻き付く様子を表しています」",視覚的な類似性を利用して、国の二大シンボル（文字とワイン）を統合するナラティブ。,学校教育や家庭で子供に文字の美しさを教える時,「私たちの文字はブドウ（???? - vazi）から生まれた」,歴史的事実よりも、文化的アイデンティティを育むための教育的メタファーとして機能している。,愛国的な詩や文学作品での表現,文字の曲線を「ワインの雫」や「蔓の巻きひげ」に例える修辞,文字そのものを美化し、神聖化・自然化することで、他国の文字体系との差異化を図る。
第3象限,ジョージア,NO_DATA,NO_DATA,NO_DATA,NO_DATA,NO_DATA,NO_DATA,NO_DATA,NO_DATA,NO_DATA,NO_DATA,NO_DATA,NO_DATA,NO_DATA,NO_DATA,NO_DATA
第4象限,ジョージア,NO_DATA,NO_DATA,NO_DATA,NO_DATA,NO_DATA,NO_DATA,NO_DATA,NO_DATA,NO_DATA,NO_DATA,NO_DATA,NO_DATA,NO_DATA,NO_DATA,NO_DATA
第1象限,アルバニア,【事実】,ベサ（Besa）の宣誓,口頭での約束を命より重い絶対の誓約とする言語実践。,社会的信用の担保と共同体内の紛争・復讐の抑止。,裏切れば一族の恥となるという強いプレッシャーと、与えられた側の絶対的な安心感。,[事実確認]中世から伝わる慣習法「カヌン（Kanun）」に基づく。国家の法整備が遅れた山岳地帯で、血の復讐（Gjakmarrja）を制御し秩序を保つために機能した。,重要な約束や取引をする時,Po ta jap bes?n（私のベサをあなたに与える）,個人の命や名誉を懸けた絶対的な保証を意味し、契約書以上の拘束力を持つ。,客人を家に迎え入れる時,"Buka, kripa dhe zemra（パンと塩と心／ベサ）",客人には食事だけでなく、家主の命に代えての保護（ベサ）が与えられることを言語的に確約する。,報復を一時的に猶予する時,Besa e burrit（男のベサ）,血の復讐において、交渉や冠婚葬祭のために一時的な休戦を確約する表現。
第2象限,アルバニア,【都市伝説】,「シュチペリア（Shqip?ria）」の鷲語源説,国名「Shqip?ria」が「鷲（Shqiponj?）の国」を意味するという民間語源。,民族的誇りの醸成と、国内外のアルバニア人のナショナリズムの強化。,勇猛で孤高な動物との同一視による、高揚感と強固な連帯感の創出。,[事実確認]学術的には「shqip（はっきりと／理解できるように話す）」という副詞に由来し、「同じ言葉を話す人々の地」が本来の語源。鷲由来説は後世のロマン主義的な神話である。,民族的アイデンティティを語る時,Un? jam shqiponj?（私は鷲だ）,自らを誇り高き鷲の末裔と位置づけ、他国に対する劣等感を払拭する。,外国人に国名の由来を説明する時,Shqip?ria do t? thot? Vendi i Shqiponjave（シュチペリアは鷲の国という意味だ）,民間語源が対外的な「公式説明」として無批判に信じられ、語り継がれている。,スポーツのナショナルチームを応援する時,P?rpara Shqiponja!（行け、鷲たちよ！）,代表チームを鷲に例え、国旗の双頭の鷲のシンボルと重ね合わせることで集団の士気を極限まで高める。
第3象限,アルバニア,【事実】,マロク（Malok）とカトゥンダル（Katundar）の地域マウンティング,北部の山岳民や地方出身者を蔑称で呼び、都市部（首都ティラナなど）の住民が優位性を示す言語闘争。,急激な都市化に伴う社会不安の中での、旧住民の既得権益とプライドの防衛、および新住民の排除。,田舎者を見下すことによる自己肯定感の維持と、地方出身者の強烈な疎外感。,[事実確認]共産主義体制崩壊後の1990年代以降、貧しい北部山岳地帯から首都ティラナへの大規模な国内移住が発生し、文化摩擦が起きた歴史的背景に基づく。,交通マナーの悪い運転手を見た時,Ik o malok!（消えろ、この山猿！）,法や規則を守らない人間を無条件に「北部山岳民（Malok）」と決めつけ、社会の害悪として非難する。,洗練されていない服装や振る舞いを嘲笑う時,?far? katundari!（なんて田舎者だ！）,農村部出身者（Katundar）であることを、知性や教養の欠如と直接的に結びつけて攻撃する。,就職や結婚での差別的な文脈,Nuk e duam nj? malok n? familje（うちの家族に山猿は要らない）,出身地という本人の努力では変えられない属性を理由に、社会的な分断と排除を正当化する。
第4象限,アルバニア,【事実】,「ジャジ（Xhaxhi / 叔父）」を用いた独裁政権下の暗号風刺,独裁者エンヴェル・ホッジャを「叔父（Xhaxhi）」と呼び、親しみを装いつつ裏で体制を風刺する言葉遊び。,厳格な秘密警察（シグリミ）の監視下における、体制への不満の安全なガス抜きと市民間の暗黙の共感。,弾圧の恐怖をブラックユーモアに変換することで、心理的圧迫を和らげ正気を保つ。,[事実確認]ホッジャは公式プロパガンダで「Xhaxhi Enver（エンヴェルおじさん）」と呼ばれ神格化されていた。国民はこれを逆手に取り、検閲を逃れるための隠語として日常の不満に結びつけた。,配給の行列でパンが不足している時,Xhaxhi nuk ka koh? p?r buk?（叔父さんはパンのことまで気にする暇がないからな）,政策の失敗を、敬愛する指導者への「同情」という皮肉なユーモアで表現する。,誰かが政治犯として連行された時,E thirri Xhaxhi p?r vizit?（叔父さんのところに遊びに呼ばれたよ）,秘密警察による連行や粛清という残酷な現実を、親族の訪問に擬態させて笑いに変える。,劣悪なインフラについて愚痴る時,K?shtu na e do Xhaxhi（叔父さんがそう望んでいるんだから仕方ない）,すべての権力が一人に集中している異常な状態を、諦めとユーモアで昇華し対立を回避する。
第1象限,北マケドニア,【事実】,スナア（Snaa / 嫁）に科せられる服従の親族語彙,夫の家族に対する絶対的な敬意を示すため、義両親や義兄弟に特定の敬称を強制する言語規範。,家父長制社会における姑・小姑の権力維持と、新参者（嫁）のヒエラルキー最下層への固定。,「正しい言葉」を使わないと不義理な嫁と見なされるプレッシャーと、家への従属の刷り込み。,[事実確認]バルカン半島の伝統的な「ザドルガ（Zadruga / 拡大家族共同体）」の残滓。現代でも地方や保守的な家庭では、嫁の言葉遣いが厳しく監視される。,義父（Svekor）に話しかける時,"Tatko, da ti pomognam?（お父様、お手伝いしましょうか？）",自分の実父以上にへりくだり、家長としての権威を言語的に承認する。,夫の兄（Dever）に言及する時,Na?iot batko（私たちのお兄様）,夫の血縁者すべてに対し、自身よりも上位の存在として敬語や尊称を用いることを義務付けられる。,近所の人に夫の家族について語る時,Svekrva mi e mnogu dobra（お姑様はとても良い方です）,常に義母を立てる表現を選ばないと、「生意気な嫁だ」という噂が社会に広まるという制約。
第2象限,北マケドニア,【都市伝説】,マケドニア＝「母なる女神（Ma-Ke-Don）」語源説,国名「マケドニア」が古代語で「母なる女神」や「神の子供たち」を意味するという疑似言語学的な噂。,近隣諸国（ギリシャやブルガリア）からのアイデンティティ否定に対する、自己防衛と連帯の強化。,「自分たちこそが古代からの正統な先住民である」という選民意識と強烈なアハ体験。,[事実確認]言語学的にはギリシャ語の「makednos（高地の人々）」に由来するとされる。Ma-Ke-Don説は、現代のナショナリストが古代マケドニアとの連続性を捏造するために広めた民間語源。,ネットのナショナリスト掲示板での交流,Ma-Ke-Don e majka na bogovite!（マ・ケ・ドンは神々の母だ！）,周辺国との歴史論争において、自分たちの言語的優位性とロマンチックな起源を主張する。,疑似歴史の解説動画などで国名の由来を主張する時,Imeto ni zna?i deca na majkata zemja（我々の名は母なる大地の子供という意味です）,科学的根拠のない偽の歴史を、魅力的なロマンとして若者に語り継ぐ。,SNSで近隣諸国のユーザーと歴史論争をする時,Nie sme vistinskite Makedonci od po?etokot!（我々こそが始まりの時からの真のマケドニア人だ！）,偽の語源を武器に、自分たちの民族的アイデンティティの純血性と正統性を自己暗示する。
第3象限,北マケドニア,【事実】,スルボマニ（Srbomani）とブガラシ（Bugarashi）の非難語彙,国内の政敵や意見の異なる者を「親セルビア派（Srbomani）」「親ブルガリア派（Bugarashi）」とレッテル貼りして分断する言葉。,複雑な歴史的背景を利用し、相手を「真のマケドニア人ではない裏切り者」として社会的に抹殺する機能。,敵対陣営への憎悪を煽り、自陣営のナショナリズムと結束を固める効果。,[事実確認]マケドニアの領土とアイデンティティが、長年セルビアとブルガリアの間で奪い合われてきた歴史的トラウマを利用した政治的プロパガンダ言語。,親欧米・親ブルガリア的な政策に反対する時,"Tie se predavnici, bugarashi!（奴らは裏切り者だ、ブルガリアの手先め！）",相手の政策を非難する際、論理ではなく「外国の手先」という感情的なレッテルを使う。,旧ユーゴスラビア時代を懐かしむ人を攻撃する時,Zatoa srbomanite ne sakaat nezavisnost（だから親セルビア派は独立を嫌がるんだ）,相手の愛国心を否定し、セルビアへの従属を望んでいると決めつけて論破する。,選挙期間中のネガティブ・キャンペーン,Da ne glasame za onie bugarofili（あの親ブルガリア派には投票するな）,特定集団を「外患誘致の脅威」として描き、恐怖心から自党への投票を促し社会を分断する。
第4象限,北マケドニア,【事実】,「スコピエ2014（Skopje 2014）」プロジェクトの銅像に対する風刺的命名,政府が首都に乱立させた巨大な古代風の銅像群に対し、わざと公式の不自然な名称や珍妙なあだ名をつけてからかう行為。,巨額の税金を浪費した権威主義的プロジェクトに対する、市民の非暴力的な抗議とガス抜き。,圧倒的な権力や醜悪な景観を笑いの対象に落とし込むことで、政治的無力感を克服する。,[事実確認]ニコラ・グルエフスキ政権がギリシャを刺激しないよう、アレクサンドロス大王の像を公式には「馬に乗った戦士」と命名した。市民はこれを逆手に取り、すべての像を皮肉って呼び始めた。,アレクサンドロス大王像での待ち合わせ,Ajde da se najdeme kaj 'Vojnikot na konj'（『馬に乗った戦士』のところで会おうぜ）,誰もが大王だと知っているのに、わざと政府の不自然な公式名称を使って外交的弱腰を皮肉る。,ギリシャ風の偽神殿建築を見た時,Ova e na?iot balkanski Diznilend（これが俺たちのバルカン・ディズニーランドだ）,歴史的な威厳を出そうとした政府の意図を、「安っぽいテーマパーク」と表現して権威を失墜させる。,新しく無名な歴史人物の像が建った時,Koj e ovoj pak sega? Neki rodnina na premierot?（今度は誰だよ？ 首相の親戚か？）,次々と建つ無意味な像に対して、歴史的意義ではなく政治家の縁故主義の産物として嘲笑する。
第1象限,セルビア,【事実】,「ヴィ（Vi）」と細分化された親族呼称によるヒエラルキー維持,目上の人に対する厳格な「Vi（あなた／敬称）」の使用と、父方・母方・姻族を細かく区別する独自の親族語彙の強制。,年長者への服従と、複雑な大家族の血縁関係における自身の正確な立ち位置（序列）の確認。,「自分は巨大な血族のネットワークの一部である」という安心感と、無礼を働けば非難されるというプレッシャー。,[事実確認]南スラヴの伝統的家族制度における血統重視の表れ。英語の「Uncle」に当たる言葉が、父方の叔父（Stric）、母方の叔父（Ujak）、叔母の夫（Te?a）で厳密に区別される。,目上の親戚や初対面の大人に話しかける時,Kako ste Vi?（【敬称】ご機嫌いかがですか？）,親族であっても英語のYouに相当する「Ti」ではなく、必ず「Vi」を使い社会的な礼儀と序列を守る。,叔父について他人に説明する時,"On je moj stric, a ne ujak（彼は私のストリツ【父方】であって、ウヤク【母方】ではありません）",どの血筋の権威の下にいるのかを言語的に明確に切り分け、親族内の勢力図や相続権の暗黙の了解を示す。,配偶者の母親を呼ぶ時,Moja svekrva / Moja ta?ta（私のスヴェクルヴァ【夫の母】 / 私のタシュタ【妻の母】）,単なる「義母」ではなく、男尊女卑的な伝統からくる「嫁から見た絶対権力者（Svekrva）」としての畏怖を込める。
第2象限,セルビア,【事実】,シャトロヴァチュキ（?atrova?ki）による仲間内の暗号化,単語の音節を入れ替えて（例：Brate→Tebra）話すことで、部外者に理解されないようにする若者・不良文化の隠語。,既存の権威（学校、警察、大人社会）からの逸脱と、ストリートにおける強固な仲間意識・連帯の形成。,「自分たちは秘密のコードを共有している」というアハ体験と、アウトローとしてのクールな美学への陶酔。,[事実確認]元々はベオグラードなどの犯罪者や不良少年が警察の盗聴を逃れるために使用していたが、90年代以降、ラップ音楽などを通じて若者の日常的なスラングとして一般化した。,親しい友人に呼びかける時,"Gde si, tebra?（よう、兄弟【Brate】、元気か？）",標準語のBrateではなく音節を逆にしたTebraを使うことで、血縁以上の「ストリートの絆」を強調する。,バーで飲み物を注文する・勧める時,Ajmo na po jedno vopi（ビール【Pivo】でも一杯行こうぜ）,違法なものや不良っぽい文脈でなくても、あえて隠語化することで日常の行為をドラマチックに演出する。,ゼムン出身の若者が地元への愛着と不良文化の誇りを語る時,Munze konza!（ゼムンは最高だ！【Zemun zakon】）,地名と「最高」を意味する俗語を音節反転させることで、特定地区への強烈な帰属意識とストリートの連帯を示す。
第3象限,セルビア,【都市伝説】,「スルビヤ・ド・トキヤ（Srbija do Tokija）」の膨張主義的デマとキャンセル,「セルビアから東京まで」というフレーズが、「セルビア人が世界征服や過激な大帝国を目指している証拠だ」として信じられ敵視される現象。,周辺国や反セルビア勢力が、「セルビア人は危険で好戦的である」というプロパガンダを補強・分断するためのデマツール。,セルビア人側には「世界中から誤解され迫害されている」という被害者意識と、開き直りのナショナリズムを生む。,[事実確認]元々は1991年にサッカークラブのレッドスターが東京で世界一になった際にサポーターが作ったスポーツのチャント。帝国主義的な意味は一切ないが、ユーゴ内戦の時期と重なったため西側に「危険なスローガン」として誤訳・悪用された。,サッカーの試合でサポーターが叫ぶ時,Srbija do Tokija!（セルビアから東京まで！）,本来はスポーツの勝利を祝う言葉だが、周囲からは「極右の侵略的スローガン」として危険視・キャンセルされる。,インターネット上での歴史修正主義的な議論,Oni stvarno misle da je ceo svet njihov（奴ら【セルビア人】は本気で世界が自分たちのものだと思っている）,敵対する民族がこのフレーズを証拠として持ち出し、セルビア人の歴史的悪質さを捏造して攻撃する。,壁の落書き（グラフィティ）に対する誤解,"Opet pi?u 'Srbija do Tokija', to je fa?izam!（また『セルビアから東京まで』と書いている、これはファシズムだ！）",スポーツの熱狂をイデオロギーの脅威と勘違いし、特定集団へのキャンセルカルチャーを正当化する。
第4象限,セルビア,【事実】,イナト（Inat / 意地・意趣返し）の言語化と不満の昇華,自分の損得を度外視してでも、権威や他人の期待に逆らう態度（イナト）を、特有のフレーズを用いて正当化・ユーモア化する表現。,抑圧的な状況や理不尽な運命に対する、究極の非服従と精神的自由の宣言を通じたガス抜き。,「自分は誰にもコントロールされない」という誇りを取り戻し、敗北感や無力感を笑いとプライドに変換する。,[事実確認]オスマン帝国や大国に長年支配されてきたバルカンの歴史的被抑圧体験から生まれた。論理的な利益よりも「屈しないこと」自体を美徳とする文化的防衛機制である。,親や上司に理不尽な命令をされた時,"E, ba? ne?u!（あぁ、絶対に（お前の言う通りには）やらないね！）",自分に不利益があると分かっていても、相手を苛立たせること自体を目的に拒絶し、心理的勝利を得る。,困難な状況をあえて悪化させるような無謀な行動をとる時,Radim to iz inata!（イナト（意地）でやってやるよ！）,失敗した時の言い訳やストレスを、「わざと逆張りしただけだ」というジョークや自己演出に変える。,外部からの制裁や非難を受けた時,U inat du?manima!（敵どもへの嫌がらせのために生きてやる！）,悲惨な運命や国際社会からの孤立を嘆くのではなく、「相手を悔しがらせるためにしぶとく生き残る」というブラックユーモアで昇華する。
第1象限,モンテネグロ,【事実】,チョイストヴォとユナシュトヴォ（?ojstvo i juna?tvo）の倫理語彙,「人間性（他者を自分から守る）」と「勇気（自分を他者から守る）」を至高の価値とする、モンテネグロ社会特有の言語規範。,厳しい自然環境と部族社会において、無秩序な暴力や復讐の連鎖を防ぐための掟。,己の欲望や怒りを抑制することが「真の男らしさ」であるという強い自己規律と名誉意識。,[事実確認]19世紀の詩人・将軍マルコ・ミリャノフの著作によって言語化され、部族（プレメ）間の血の掟を制御するための社会哲学として定着した。,圧倒的に弱い立場の相手と口論になった時,?ojstvo je braniti drugoga od sebe（人間性とは、他者を自分の暴力から守ることだ）,怒りに任せて弱者を痛めつけることを恥とし、自制し秩序を守るための言葉として使われる。,強大な敵や理不尽な権力に立ち向かう時,Juna?tvo je braniti sebe od drugoga（勇気とは、自分を他者から守ることだ）,どんなに不利な状況でも、自分の名誉と自由を守るために戦う意志を表明する。,誰かの人格を高く評価する時,On je ?ovek od soja（彼は血統・品性の良い男だ）,単なる腕力ではなく、「チョイストヴォ」の倫理観を備えていることを最大の賛辞として表現する。
第2象限,モンテネグロ,【事実】,モンテネグロ新文字（?と?）によるアイデンティティの可視化,セルビア語には存在しない「?（シ）」と「?（ジ）」という特有の発音を公式アルファベットとして導入し、積極的に使用する実践。,大セルビア主義からの文化的独立と、「自分たちは独自の歴史と言語を持つ」というナショナル・アイデンティティの確立。,セルビアとは異なる「真のモンテネグロ人」であるという仲間意識と、新しい国家建設への参加感・共感。,[事実確認]2007年の憲法でモンテネグロ語が公用語化され、2009年に32文字の正書法が制定された。言語学的にはセルビア・クロアチア語の変種だが、政治的・美学的に別言語として整備された。,挨拶や感謝を表現する時,?edi ?e si（そこに座りなさい／落ち着きなさい）,セルビア語の「Sedi」ではなく、あえてモンテネグロ特有の「?」を強調して発音し、同郷の連帯感を示す。,親しい友人と明日会う約束をする時,Vidimo se ?utra（明日会おう）,標準セルビア語のsutra（明日）ではなく、あえてモンテネグロ特有の文字・発音である?utraを使うことで、日常会話の中で文化的独立性を主張する。,SNSで地元への愛着をアピールする時,Na? ?ever!（我らが北部！）,Sever（北）ではなく?everと書くことでセルビアの文化的影響を拒絶し、身内同士の暗号的な共感を生む。
第3象限,モンテネグロ,【事実】,ミロゴルツィ（Milogorci）とポスルビツェ（Posrbice）のアイデンティティ攻撃,独立賛成派を「ミロの信者」、セルビア統一派を「セルビア化された奴ら」と呼び合う激しい罵倒語。,モンテネグロ社会を親欧米・独立派と、親露・親セルビア派の二極に分断し、中間層を排除する機能。,相手の民族的ルーツそのものを否定し、「偽物の国民」としてキャンセルする強烈な憎悪と闘争心。,[事実確認]2006年の独立投票以降、わずかな差で二分された社会の亀裂が固定化。政治家の名前（ミロ・ジュカノヴィチ）や歴史的同化政策を揶揄する造語として定着した。,独立派の集会やデモを非難する時,To su sve pla?eni Milogorci!（あいつらは皆、金で買われたミロの信者だ！）,相手の愛国心を「腐敗した政治家への盲従」にすり替えて論破・無効化する。,セルビア正教会の行事に参加する人々を攻撃する時,Ovi posrbice prodaju na?u dr?avu（このセルビア化された裏切り者どもが我が国を売っている）,相手が元々はモンテネグロ人であったのに、セルビア人に「成り下がった」と歴史を歪曲して非難する。,家族間の政治的な口論,"Ti nisi Crnogorac, ti si izdajnik!（お前はモンテネグロ人じゃない、裏切り者だ！）",最も近い関係である親族間でさえ、イデオロギーの違いで民族的アイデンティティそのものを剥奪し合う。
第4象限,モンテネグロ,【事実】,「ジェクナはまだ死んでいない（?ekna jo? nije umrla）」の怠惰・停滞ジョーク,モンテネグロ人の「のんびりした国民性」や「社会の停滞」を、昔の人気ドラマのタイトルを使って自虐的に表現する。,政治的・経済的な進展のなさや、終わりの見えない状況に対する不満をユーモアでやり過ごすガス抜き。,変化を諦めることで生じる絶望感を、「モンテネグロ人らしい伝統」として笑いに昇華させる効果。,[事実確認]1988年のユーゴスラビアのカルトドラマ『ジェクナはまだ死んでいない、そしていつ死ぬかも分からない』に由来。進まない物事の代名詞として社会に完全に定着している。,工事や行政手続きが一向に進まない時,"?ekna jo? nije umrla, a ka' ?e ne znamo（ジェクナはまだ死んでいない、いつ死ぬかも分からない）",役所の怠慢やインフラ整備の遅れに対する怒りを、ドラマのセリフを引用して皮肉っぽく諦める。,政治家の汚職裁判が永遠に引き延ばされている時,Ovo su?enje je kao ?ekna（この裁判はまるでジェクナだな）,腐敗した司法制度に対して直接抗議する代わりに、国民全員が理解できるメタファーで権威をからかう。,友人がいつまでも約束の時間に来ない時,?ekamo te kao ?eknu!（ジェクナみたいに待ってるぞ！）,モンテネグロ人特有のルーズな時間感覚（怠惰のステレオタイプ）を、身内同士の親愛を込めたジョークとして消費する。
第1象限,ボスニア・ヘルツェゴビナ,【事実】,「ブイルム（Bujrum）」による歓待の絶対律,相手に何かを勧める際、「どうぞ」の代わりに、断ることを許さない強い歓待の意を込めて使われる言語規範。,共同体内での相互扶助の確認と、客人を神聖視するバルカン・オリエント的な社会秩序の維持。,客人には「絶対に守られ、もてなされる」という安心感を与え、主人には自身の社会的威信（メンツ）を保つ誇りを与える。,[事実確認]トルコ語の「Buyrun（どうぞ命じてください）」に由来するオスマン帝国時代の借用語。単なる「Please」よりも強制力があり、これを使われた客人はもてなしを拒否することが最大の無礼となる。,家の敷地や部屋に客人を招き入れる時,"Bujrum, u?ite!（ブイルム、お入りなさい！）",自宅のすべてを客人に開放するという意思表示であり、主客のヒエラルキーにおいて一時的に客を上位に置く儀式。,食卓で大量の食事を勧める時,"Bujrum, poslu?ite se, nemojte se stidjeti（ブイルム、遠慮せずに召し上がれ）",食べきれないほどの食事を提供し、客がそれを食べることで「家族と同等の絆」が結ばれるという暗黙のルール。,誰かから相談や助けを求められた時,"Bujrum, ka?i ?ta ti treba（ブイルム、何が必要か言いなさい）",相手の要求を全面的に受け入れ、守護者として振る舞うことで、共同体内の自身の地位と秩序を確認する。
第2象限,ボスニア・ヘルツェゴビナ,【事実】,「ラヤ（Raja）」の連帯語彙への転用,かつて「被支配階級」を意味した言葉を、「俺たちの仲間」という意味に転用し、民族を超えたサラエボ特有の連帯を示す隠語。,民族主義やエリート主義を拒絶し、庶民としての共通のアイデンティティ（都市文化）を共有するアハ体験の創出。,悲惨な戦争や分断の歴史を乗り越え、「俺たちは結局、同じストリートの仲間だ」という強烈な共感とロマンチシズム。,[事実確認]元来はオスマン帝国時代に「非イスラム教徒の臣民」を指す屈辱的な言葉だった。しかし、サラエボの都市文化において、権力を持たないが義理人情に厚い「市井の人々」を賛美する言葉として肯定的に再定義された。,街角で親しい友人たちの集団に挨拶する時,"Gdje ste, rajo?（よう、ラヤ【仲間たち】、元気か？）",民族的背景（ボシュニャク、セルビア、クロアチア）に関係なく、サラエボのストリート文化を共有する内輪の結束を示す。,誰かの人柄を高く評価し、褒め称える時,On je prava raja（あいつは真のラヤだ）,偉ぶらず、金や権力に媚びず、困った時は助け合う「最高にイカした庶民」であるという最上級の賛辞。,腐敗した政治家や傲慢な富裕層を批判する時,"Mi smo obi?na raja, a oni su lopovi（俺たちは普通のラヤで、奴らは泥棒だ）",自分たちを被支配者（ラヤ）と自嘲しつつ、道徳的な優位性は自分たちの側にあるという美学に酔いしれる。
第3象限,ボスニア・ヘルツェゴビナ,【事実】,カファ／カヴァ／カフヴァ（Kafa/Kava/Kahva）のポリティカル・コレクトネス,「コーヒー」という単語の発音の違いを利用して、自らの属する民族・宗教陣営を明確にし、他陣営を言語的に排除・分断する闘争。,日常の最も基本的な消費行動を政治化することで、互角の3民族が妥協を拒み、民族的境界線を死守し続ける機能。,相手の発音一つで敵味方を識別する極度の緊張感と、自陣営の「正しい言葉」を使った時のナショナリズムの充足。,[事実確認]ユーゴ時代は共通語（セルボ・クロアチア語）として許容されていた方言差だが、内戦後のボスニアでは、セルビア・クロアチア・ボシュニャクの3民族が発音を厳格に使い分けることが政治的に義務付けられた。,サラエボ（ボシュニャク人主体）のカフェで注文する時,"Molim vas, jednu kahvu（【Kahva】を一杯お願いします）",「h」の音を入れることで、イスラム的・オスマン的な伝統を強調し、ボシュニャク人としてのアイデンティティを誇示する。,モスタル西側（クロアチア人主体）のカフェで注文する時,"Molim vas, jednu kavu（【Kava】を一杯お願いします）",ザグレブ（クロアチア本国）の標準語に合わせることで、ボスニア国家ではなくクロアチアへの帰属意識を明確にして相手を牽制する。,バニャ・ルカ（スルプスカ共和国）のカフェで注文する時,"Molim vas, jednu kafu（【Kafa】を一杯お願いします）",セルビア正教徒としての正統性を示し、もしウェイターが違う発音で復唱すれば「挑発」と見なして論争に発展するリスクを生む。
第4象限,ボスニア・ヘルツェゴビナ,【事実】,「ムヨとハソ（Mujo i Haso）」のジョークを通じた対立の遊戯的昇華,ボスニア人のステレオタイプを体現する架空のキャラクター「ムヨ」と「ハソ」を使った無限のジョーク・テンプレート。,民族対立、悲惨な戦争、極度の貧困、機能不全の政府など、絶望的な現実を笑い飛ばし、社会全体の狂気を正気で乗り越えるためのガス抜き。,「こんな悲惨な状況でも、俺たちはまだ笑える」という強靭な精神的優位性の獲得と、自己憐憫の回避。,[事実確認]旧ユーゴスラビア全土で愛されるボスニア・ジョークの主人公。元々は他民族がボスニア人を見下すための偏見から生まれたが、ボスニア人自身がそれを逆手に取り、自分たちの悲惨な境遇を風刺するツールとして昇華させた。,複雑すぎるボスニアの政治体制や民族対立を揶揄する時,"Mujo pita Hasu: ""Ko nas zavadi?""（ムヨがハソに聞く。「誰が俺たちを対立させたんだ？」）",外国勢力や政治家のせいにして、結局は自分たちの愚かさが原因であるというタブーを、キャラクターを通して笑いにする。,EUや国際社会からの理不尽な要求・偽善に直面した時,"Do?ao Amerikanac u Sarajevo, a Mujo...（アメリカ人がサラエボに来て、ムヨが…）",エリートであるはずの西欧人をムヨの超現実的なボケが打ち負かすという筋書きで、大国に対する無力感をユーモアで裏返す。,経済危機や生活苦のどん底で、未来への希望がない時,Mujo na onom svijetu...（ムヨが死後の世界に行くと…）,現実世界があまりに地獄であるため、死後の世界や神様すらもムヨのジョークのオチに使い、悲観主義を極限まで遊戯化する。
第1象限,クロアチア,【事実】,T-V敬称区別（Vi / Ti）,相手との社会的距離や階層に応じて、二人称代名詞の複数形（Vi）と単数形（Ti）を厳格に使い分ける。,世代間および職階間のヒエラルキーの維持。,敬意の表明による安心感、または距離を置かれることへの緊張感。,スラブ語派の文法構造に加え、オーストリア＝ハンガリー帝国時代のブルジョワジーの礼儀作法が定着したもの。,見知らぬ年配者への声かけ,Kako ste? (お元気ですか？ ※Viを使用),敬意と社会的距離を保つことで無用な摩擦を避ける。,職場での上司への報告,Mo?ete li pogledati ovo? (これを見ていただけますか？ ※Viを使用),権力勾配を言語的に承認し、プロフェッショナルな秩序を守る。,関係性が深まった際の提案,Mo?emo li na ti? (Tiで話し合いませんか？),心理的壁を取り払い、仲間内の連帯へ移行するための儀式的表現。
第2象限,クロアチア,【事実】,"ダルマチアの生活哲学語彙（Fjaka, Pomalo, Gu?t）",地中海沿岸部特有の「リラックス状態」や「ゆっくりやること」を肯定する語彙を多用する。,ストレス社会に対する防波堤、および沿岸部住民としてのアイデンティティの共有。,焦燥感の緩和と、アハ体験的な深い共感。,猛暑の気候条件と、歴史的に急速な産業化への抵抗・適応として形成された地中海特有の精神状態。,夏の猛暑で仕事が手につかない時,Uhvatila me fjaka. (フャカに捕まったよ),単なる怠惰ではなく、気候に由来する不可抗力な精神状態として共有・正当化する。,相手が急いでいたりパニックになっている時,Samo pomalo. (ただ、ポマロで＝ゆっくり、少しずつ),焦りをたしなめ、地中海的な時間の流れへと引き戻す。,コーヒーを飲みながら景色を楽しむ時,To mi je gu?t. (これが私のグシュト＝至福だ),些細な日常の美的な喜びを言語化し、幸福感を増幅させる。
第3象限,クロアチア,【事実】,"地域間対立の蔑称（Tovari, Purgari, Blitvari）",首都ザグレブ（内陸部）とダルマチア（沿岸部）の住民が、互いの文化や経済格差を揶揄する言葉を使う。,相手地域を他者化・周縁化し、自集団の結束を固める。,優越感の獲得、および分断による対抗心の煽動。,歴史的なオーストリア（内陸）とヴェネツィア（沿岸）の文化的断層、および現代の経済格差やサッカーのライバル関係に起因する。,ザグレブのファンがダルマチア人を煽る時,Tovari! (ロバ野郎ども！),沿岸部を「田舎で前近代的な地域」として見下す。,ダルマチア人がザグレブ市民を気取っていると批判する時,Purgari! (ブルジョワ気取り！),ドイツ語のB?rgerに由来し、内陸部の人々を「冷たくて気取ったスノッブ」として攻撃する。,内陸部の人間が沿岸部の食文化を揶揄する時,Blitvari. (スイスチャード食い),貧しい農村の食事という偏見を押し付け、文化的に格下であるとレッテルを貼る。
第4象限,クロアチア,【事実】,音節入れ替え隠語「シャトロヴァチュキ（?atrova?ki）」,単語の音節を逆にして新しい単語を作り、権威や規範を茶化しながらコミュニケーションをとる。,若者やサブカルチャー層における、主流社会からのガス抜きと遊び心ある反抗。,暗号を共有することによるユーモアと親密さの醸成。,旧ユーゴスラビア時代に、犯罪者や若者が警察の盗聴や監視から逃れるための隠語として発達したものが一般化した。,親しい友人への呼びかけ,"Gdje si, tebra? (どこにいるんだ、兄弟？ ※brateの反転)",伝統的な単語を反転させることで、堅苦しさを崩しストリート感を演出する。,カフェでの注文や誘い,Idemo na vopi. (ビール飲みに行こう ※pivoの反転),飲酒という行為を少し隠蔽・遊戯化し、仲間内の軽口として楽しむ。,日常的な挨拶や名詞の変換,Pijemo vaku. (コーヒーを飲む ※kavaの反転),極めて日常的な単語をあえて崩すことで、退屈な日常に言語的ユーモアを加える。
第1象限,スロベニア,【事実】,厳格な学位・役職呼称（Vikanje in nazivi）,"職場や公的な場で、相手の学位（Magister, Doktor）や役職を厳密に呼称し、Vi（複数形）で接する。",社会的地位の確認と、公的空間における秩序・礼儀の維持。,権威に対する畏怖、およびプロフェッショナルな距離感による安心。,長く支配下にあったオーストリア＝ハンガリー帝国の官僚主義と、教育を重視する中欧の文化的伝統の名残。,大学での教授への質問,"Gospod profesor, ali lahko... (教授先生、?していただけますか)",学位を必ず付与することで、学術的ヒエラルキーを言語的に絶対化する。,企業間の公式なメール,Spo?tovani gospod magister... (親愛なる修士殿),学位を名前に先行させることで、相手の社会的達成に敬意を払い、無用なトラブルを避ける。,サービス業での顧客対応,"Kako vam lahko pomagam, gospa? (奥様、何かお手伝いしましょうか？ ※Viを使用)",徹底した敬語体系により、サービス提供者と顧客の間の適切な社会的境界線を引く。
第2象限,スロベニア,【都市伝説】,双数形（Dvojina）は「愛の言語」であるという民間語源,スロベニア語に残る文法上の「双数形（2つのものを指す形）」は、恋人たちのためのロマンチックな文法として特別に作られた・残されたと広く信じられている。,小国である自国の言語に対する誇りの醸成と、国家ブランディング。,ロマンチックな自己イメージの投影と、自国文化への深い愛着（アハ体験）。,学術的には、インド・ヨーロッパ祖語に存在した「双数」が地理的・歴史的要因で単に残存しただけであり、恋愛に特化したものではなく「2つの椅子」等にも使われる。,観光キャンペーンや文化紹介,Sloven??ina je jezik ljubezni. (スロベニア語は愛の言語です),双数形を恋愛と結びつけることで、複雑な文法を「美徳」として肯定的に再解釈している。,恋人同士の会話,Midva se ljubiva. (私たち二人は愛し合っている ※双数形),複数形（3人以上）とは違う「絶対的な2人だけの世界」が文法的に保証されることで、親密さが強調される。,結婚式や詩の表現,Bova vedno skupaj. (私たち二人はずっと一緒だ ※双数形),日常文法を詩的・ロマンチックな響きとして消費し、特別な連帯感を生み出す。
第3象限,スロベニア,【事実】,"旧ユーゴ系移民への蔑称（?efurji, Trenirkarji）",ボスニアやセルビアなど、他の旧ユーゴ諸国からの移民やその子孫を、特定の蔑称で呼び社会的下層としてラベリングする。,スロベニアの「中欧性・非バルカン性」の強調と、移民の社会的キャンセル・分断。,自集団（純粋なスロベニア人）の優越性の確認と、異質な文化への排斥感情の正当化。,1991年の独立以降、経済的に豊かなスロベニアに流入した旧ユーゴ圏の労働者に対する経済的・文化的摩擦が背景にある。,移民の若者が大声で話している時,Poglej te ?efurje. (あのチェフルたちを見ろ),バイクや特有の言葉遣いなど、移民のサブカルチャーを野蛮なものとして一括りに非難する。,ファッションに基づくステレオタイプ化,Spet ti trenirkarji. (またあのジャージ野郎たちだ),トラックスーツ（ジャージ）を着るというステレオタイプを用い、貧困や美意識の欠如として嘲笑する。,犯罪や問題が起きた際の責任転嫁,To so naredili Jugovi?i. (ユーゴ野郎がやったんだ),旧ユーゴスラビア全体を一括りにし、社会問題の原因を外部化して自国民を免罪する。
第4象限,スロベニア,【事実】,動物・農村メタファーによるマイルドな罵倒（Kletvice）,激しい怒りや不満を、直接的な性や神への冒涜ではなく、動物や農村の風景を用いたユーモラスな言葉で表現してガス抜きをする。,カトリックの道徳規範を守りつつ、感情的な対立や不満を社会的に許容される形で昇華させる。,怒りを笑いや滑稽さに変換することによる、ストレスの無害化。,歴史的に厳格なカトリックの検閲と農村中心の社会構造があり、神聖冒涜（バルカン半島南部に多い）を避けるための婉曲表現が発達した。,大きな失敗や不運に見舞われた時,Tristo kosmatih medvedov! (300匹の毛深いクマたち！),Fワード等の代わりに滑稽な動物のイメージを呼び出し、深刻な怒りをユーモアで中和する。,相手に軽い呪いや怒りを向ける時,Naj te koklja brcne! (雌鶏に蹴られちまえ！),絶対にあり得ない滑稽な状況（雌鶏のキック）を願うことで、対立を遊びに変える。,突然の驚きや軽いショックを受けた時,Kr??en mati?ek! (洗礼を受けた小さなマシュー！),神やキリストの名を直接呼ぶこと（神聖冒涜）を避け、架空のキャラクター名で代替する。
第1象限,エジプト,【事実】,"官僚的・階級的な誇張敬称（Basha, Bey）",相手の職業や見かけの階級に応じて、オスマン帝国時代の貴族称号（パシャ、ベイ）や専門職称号を誇張して使用する。,複雑で非効率な官僚機構や階級社会において、相手の自尊心を満たし、手続きや要求を円滑に進めるための潤滑油。,権威に対する服従のポーズによる安全確保、または相手の優越感の充足。,1952年の革命でオスマン時代の身分制度は法的に廃止されたが、社会心理的なヒエラルキーの表現として言語実践の中に強く残存している。,検問所で警察官に話しかける時,Itfaddal ya Basha. (どうぞ、パシャ＝お願いします),警察という圧倒的な権力に対し、最上級の称号を与えることで摩擦を回避し身の安全を守る。,修理工や技術者に作業を頼む時,Shofli da ya bashmuhandis. (これを見てよ、主任エンジニア殿),相手が実際のエンジニアでなくても称号を与えることで、相手の技術的権威を立て、良いサービスを引き出す。,サービス業の店員が富裕層の客に接する時,Hader ya bey. (かしこまりました、ベイ),経済的格差を言語的に承認し、伝統的な主従関係のロールプレイを行うことでチップや好待遇を期待する。
第2象限,エジプト,【事実】,"濃厚な食のメタファーによる肯定と連帯（Eshta, Assal, Foll）",素晴らしい状況や良い人柄を、クリーム、蜂蜜、ジャスミンなどの「甘く・豊かで・香りの良いもの」に例えて表現する。,仲間内での強い感情的共感や、日常のポジティブな雰囲気を共有し、連帯感を高める。,食の快楽と社会的承認が結びつくことによる、アハ体験的な幸福感と親密さ。,農業国として食の豊かさが幸福の象徴であること、またエジプト人の甘いものへの強い嗜好性が言語に反映された社会言語学的現象。,友人からの誘いや提案に賛同する時,"Eshta, netkabel bokra. (エスィタ＝クリーム。明日会おう)",最も濃厚で美味しい部分（クリーム）を「完璧・最高」という意味に転用し、提案への強い同意を示す。,相手の親切や良い性格を褒める時,Enta shakhseya assal. (あなたはアッサル＝蜂蜜のような人だ),人柄の良さを蜂蜜の甘さに例えることで、相手への深い愛情や共感を直感的に伝える。,「調子はどう？」と聞かれた際の返答,El donya foll. (世界はフォル＝アラビアジャスミンだ),全てが美しく香っているという詩的なメタファーにより、現状の充実感を共有する。
第3象限,エジプト,【事実】,"階級的・空間的隔離のための蔑称（Sarsagi, Bee'a, Falah）",都市部のエリート層や中産階級が、スラムの若者や農村からの移住者を、その服装や振る舞いを理由に特定の蔑称でラベリングし排除する。,急激な都市化の中で、物理的なゲーテッドコミュニティと同様の「言語的な境界線」を引き、特定集団を社会的にキャンセルする。,自身の文化的・経済的優越性の確認と、異質な他者に対する嫌悪感の正当化。,新自由主義的な経済政策による極端な貧富の差と、SNSの普及により下層階級の文化が可視化されたことへのエリート層のバックラッシュ。,ストリート風の服装をした若者集団を見た時,Shakluh sarsagi. (見た目がサルサギ＝チンピラだ),下層階級の若者特有のファッションや言葉遣いを「犯罪的・野蛮」と決めつけ、警戒・排除する。,趣味に合わない派手なデザインを見た時,El fustan da bee'a awi. (このドレスはとてもビーア＝環境／底辺だ),「（悪い）環境」という言葉を形容詞化し、下品で洗練されていないものとしてキャンセルする。,都会のルールに不慣れな人を見た時,Enta falah. (お前はファッラーフ＝農民だ),農民という本来の職業名を蔑称として使い、都会的洗練が欠如していると見下す。
第4象限,エジプト,NO_DATA,NO_DATA,NO_DATA,NO_DATA,NO_DATA,NO_DATA,NO_DATA,NO_DATA,NO_DATA,NO_DATA,NO_DATA,NO_DATA,NO_DATA,NO_DATA,NO_DATA
第1象限,リビア,NO_DATA,NO_DATA,NO_DATA,NO_DATA,NO_DATA,NO_DATA,NO_DATA,NO_DATA,NO_DATA,NO_DATA,NO_DATA,NO_DATA,NO_DATA,NO_DATA,NO_DATA
第2象限,リビア,NO_DATA,NO_DATA,NO_DATA,NO_DATA,NO_DATA,NO_DATA,NO_DATA,NO_DATA,NO_DATA,NO_DATA,NO_DATA,NO_DATA,NO_DATA,NO_DATA,NO_DATA
第3象限,リビア,NO_DATA,NO_DATA,NO_DATA,NO_DATA,NO_DATA,NO_DATA,NO_DATA,NO_DATA,NO_DATA,NO_DATA,NO_DATA,NO_DATA,NO_DATA,NO_DATA,NO_DATA
第4象限,リビア,NO_DATA,NO_DATA,NO_DATA,NO_DATA,NO_DATA,NO_DATA,NO_DATA,NO_DATA,NO_DATA,NO_DATA,NO_DATA,NO_DATA,NO_DATA,NO_DATA,NO_DATA
第1象限,チュニジア,【事実】,エリート層のゲートキーピングとしての仏語コードスイッチング,公的な場やビジネスシーンにおいて、アラビア語に高度なフランス語を意図的に交ぜ、流暢な仏語能力を誇示する。,教育水準や社会的階級を瞬時に判別する踏み絵として機能し、フランス語を話せない層を富から排除する秩序維持。,支配階級としての特権意識の確認と、下層階級への無力感・劣等感の植え付け。,フランス保護領時代の名残であり、独立後も教育やビジネスの言語としてフランス語が優位性を保ち続けているポストコロニアルな言語状況が背景。,企業の就職面接やビジネス会議,Je suis motiv? pour ce poste. (この役職にモチベーションがあります ※突如仏語に切り替える),専門用語や自己アピールを仏語で行うことで、自身のバックグラウンドが「エリート」であることを証明する。,富裕層が多く集まるカフェやレストランでの注文,"Une cr?pe, s'il vous pla?t. (クレープを一枚お願いします)",あえてアラビア語を使わず仏語で注文することで、自身がそのハイソサエティな空間に属していることを示す。,テレビの政治・経済討論番組,Le probl?me technique de cette politique... (この政策の技術的な問題は…),重要な議論を仏語で行うことで、大衆（アラビア語のみを話す層）を議論から疎外・排除する。
第2象限,チュニジア,【事実】,"若者言葉「デリジャ」の隠語的メタファー（Farkh, Mrigel, Tayara）",伝統的なアラビア語の枠組みを逸脱し、物事の良し悪しや人物を独自の比喩や倒錯した言葉（若者独自のチュニジア方言）で表現する。,大人世代や保守的な社会規範からの解放と、若者同士の独自の連帯感・サブカルチャーの形成。,隠語を共有することによる「自分たちだけの世界」というアハ体験と親密さ。,デジタル化とSNSの普及により、若者たちが保守的な親世代や公定のアラビア語（フスハー）に対抗する形で、急速に独自の語彙を発達させた。,友人同士で良い雰囲気を共有する時,Jaw mrigel. (雰囲気がムリゲル＝整っている・最高だ),「調整された」という意味の単語を用いて、今の気分や状況が完璧であるというバイブスを共有する。,誰かの持ち物やアイデアを絶賛する時,Karhba tayara. (その車、タヤラ＝飛行機だね),「飛行機」という単語を「最高・飛んでいるように素晴らしい」という形容詞として使い、感動を共有する。,仲間内の若い男女を呼ぶ時,Hal farkh! / Farkha! (このファルフ＝小鳥/ガキ！),本来は「鳥のヒナ」や「生意気な子供」を意味する言葉を、ピアグループ内で親しみやからかいを込めて使う。
第3象限,チュニジア,【事実】,地域出自に基づく排他と分断の言語（Beldi vs. Afaqi / Ga3baji）,首都チュニスの旧市街由来の旧家層（Beldi）と、地方からの移住者（Afaqi）の間で、互いの出自や行動様式を非難し合う言葉を使う。,限られた都市の資源や権力を巡る闘争において、自集団の正統性を主張し、他集団の社会的地位をキャンセルする。,血筋や出自に基づく根拠のない優越感、または排除される側の強い疎外感。,独立後、地方から首都圏への大規模な国内移住が進んだことで生じた、先住民（ブルジョワジー）と新住民の間の空間的・社会的な摩擦が根底にある。,地方出身者の振る舞いが洗練されていないと非難する時,Hatha afaqi. (あいつはアファキ＝地方・地平線の彼方から来た奴だ),首都の文化を知らない野蛮なよそ者としてレッテルを貼り、社会的ヒエラルキーの下位に置く。,チュニス生まれの人間が自身の権威を主張する時,Ena men a'ila beldiya. (私はベルディ＝古くからの都市民の家の出身だ),歴史ある血筋であることを言語化し、移住者に対して「ここは自分たちの街だ」とマウントをとる。,混沌とした状況や無能さを批判する時,Khedma ga3baji. (仕事がガアバジ＝デタラメ・田舎くさい),地方由来のやり方を「非効率で混沌としている」という意味の蔑称に変換し、他者のやり方を全否定する。
第4象限,チュニジア,NO_DATA,NO_DATA,NO_DATA,NO_DATA,NO_DATA,NO_DATA,NO_DATA,NO_DATA,NO_DATA,NO_DATA,NO_DATA,NO_DATA,NO_DATA,NO_DATA,NO_DATA
第1象限,アルジェリア,【事実】,親族名称の社会的拡張（Ammi / Khalti）,血縁関係のない年長者に対しても「叔父」「叔母」などの親族呼称を義務的に用いる。,世代間のヒエラルキーと敬意の維持。,連帯感と安心感の醸成、および対人摩擦の回避。,アラブ・ベルベル社会における伝統的な敬意表現であり、植民地時代を経てなお強固に維持されている社会的規範。,店頭で年配の男性店主に話しかける時,Ammi（私の叔父さん）,尊敬と親しみを込め、無用な警戒心を解く。,街中で見知らぬ年配女性に道を尋ねる時,Khalti（私の叔母さん）,母方の叔母を意味する言葉を使い、敬意を示す。,目上の複数の人に対して敬意を払う時,Ntouma（あなたたち）,単数の相手に対しても敬称的複数を用いることで、距離感を保ちつつ丁寧さを表す。
第2象限,アルジェリア,【事実】,若者言葉（隠語）を通じた連帯,抑圧された社会状況下で、体制や経済的困窮を揶揄・隠蔽する独自の隠語を発展させている。,若者同士の強固な仲間意識の形成と、部外者（警察など）からの防衛。,絶望的な状況（失業など）に対する防衛機制とカタルシス。,フランス語、アラビア語、ベルベル語が混ざり合ったアルジェリア特有の都市青年層のコードスイッチング現象。,失業中の若者が一日中壁にもたれて過ごしている時,Hittiste（壁にもたれる者）,アラビア語の「壁」にフランス語の接尾辞を付け、慢性的な失業を自嘲的に美学化している。,ヨーロッパへ地中海を渡り密航を企てる時,Harraga（燃やす者たち）,身分証を燃やして過去を捨てる決意と、国境を越える連帯を示す。,非合法な商売や密輸品の売買について話す時,Trabendo（密輸）,スペイン語のcontrabandoに由来し、正規経済から疎外された者たちの非公式な連帯を示す。
第3象限,アルジェリア,【事実】,ヒラク（民主化運動）における政治的レッテル貼り,2019年以降の民主化運動で、旧体制やその支持者を非難・分断するための直接的な政治的スラングが定着した。,敵と味方を明確に区別し、デモへの動員と体制批判を正当化する。,権力者に対する怒りの表明と、運動側の道徳的優位性の獲得。,政治的対立が激化した社会において、言語がプロパガンダやキャンセル・カルチャーの武器として機能している実態。,体制支持者を侮蔑し、買収されたと非難する時,Cachir（安物のソーセージ）,旧体制の集会に参加した者に弁当として配られたことから、「食べ物で買収された奴ら」という強烈な非難。,政府の御用学者や御用メディアを批判する時,Chiyat（靴磨き / 媚びへつらう者）,権力に擦り寄り、事実を隠蔽する態度を直接的に攻撃する。,支配階級全体を一括りにして拒絶する時,Le Pouvoir（権力 / 暗黒体制）,個別の政治家ではなく、背後にいる軍部を含めた「見えない体制」への敵対心を煽る。
第4象限,アルジェリア,【事実】,政治的権威のブラックユーモア化,検閲や弾圧を回避しつつ、政治的権威や理不尽な状況を笑い（バクロニムや皮肉）に変換する。,政治的不満のガス抜きと、検閲網の巧妙な回避。,無力感の克服と、権威の相対化による心理的防衛。,権威主義国家における「隠された台本（Hidden Transcript）」として機能する言語遊戯の典型。,長期療養中で姿を見せない大統領（当時）を揶揄する時,Le Cadre（額縁）,集会に本人の代わりに飾られた額縁を「大統領そのもの」として扱い、権威の空洞化を嗤う。,国営テレビ局の偏向報道をからかう時,Ytima（孤児）,視聴者に見放され、真実や国民から切り離された存在であることを皮肉る。,指導者の尊称を逆手にとる時,Fakhamatouhou（彼の閣下）,仰々しい公式敬称をあえて日常の文脈で不釣り合いに使い、権威を戯画化する。
第1象限,モロッコ,【事実】,マフゼン（伝統的権威）に関連する敬称規範,王室や預言者の末裔、または社会的地位の高い者に対する厳格な呼称ルールが日常生活に根付いている。,モロッコ社会の伝統的な階層構造と権威の維持。,規範に従うことによる社会的承認と、無礼を働くことへの恐れ。,王制と宗教的権威が一体化しているモロッコ特有の社会構造（マフゼン体制）を反映した言語実践。,高貴な血筋を持つ男性、または目上の男性を呼ぶ時,Moulay / Sidi（私の君主 / 旦那様）,単なる敬称を超え、宗教的な畏敬の念を含有する。,高貴な女性、または年配の女性を呼ぶ時,Lalla（奥様 / 貴婦人）,女性への最大限の敬意と、社会的な距離感を設定する。,国家権力や警察などの体制側に言及する時,L-Makhzen（マフゼン / 倉庫）,元々は税を納める「蔵」を意味したが、現在では「逆らえない国家の深部」として畏怖を込めて使われる。
第2象限,モロッコ,,NO_DATA,,,,,,,,,,,,,
第3象限,モロッコ,,NO_DATA,,,,,,,,,,,,,
第4象限,モロッコ,【事実】,権力と汚職の日常的ユーモア（隠語）,警察や賄賂などのタブー視される事象を、日用品や動物に例えることで笑いに変え、隠語として使用する。,権力に対するガス抜きと、汚職という不都合な現実の日常化。,恐怖や罪悪感を緩和し、状況をコントロールしているという錯覚を与える。,日常的な小規模な汚職が社会に根付いている環境下で発達した、摩擦を減らすための隠語システム。,警察官がパトロールに現れた時,Hnech（ヘビたち）,警察の制服の色や、どこからともなく現れる不気味さをヘビに例えて揶揄する。,交通違反を見逃してもらうために賄賂を渡す時,Kahwa（コーヒー代）,賄賂を「一杯のコーヒーを奢る」という友好的な行為にすり替える。,警察に200ディルハム紙幣を要求または提示される時,Zer9alaf（青い千 / 200ディルハム札）,最も一般的な賄賂の相場である青い紙幣を隠語化し、直接的な金銭の要求をぼかす。
第1象限,セネガル,【事実】,ウォロフ語の多段階挨拶（Nuyyo）,会話の前に、相手の健康、家族、平和について定型的な質問を長々と繰り返す義務がある。,共同体内の平和（Jam）の確認と、社会関係の再構築。,相互の敵意がないことの証明と、連帯感の保証。,セネガルにおける挨拶は情報の伝達ではなく、関係性の確認を目的とするファティック・コミュニケーションの極致である。,出会った直後の最初の声かけ,Na nga def?（調子はどう？）に対し Maa ngi fi rek（私はここにいるだけ）と返す,個人の状態よりも、平穏（波風が立っていないこと）を強調する。,家族や家の状況について尋ねる時,Naka wa k?r gi?（家の人たちはどう？）,個人だけでなく、背後にある拡大家族全体への気遣いを示すことで敬意を表す。,相手の出自を確認し敬意を払う時,Sant wa?（あなたの姓は何？）,氏族（サン）を尋ねることで、相手の血統や身分に応じた適切な態度を決定する。
第2象限,セネガル,,NO_DATA,,,,,,,,,,,,,
第3象限,セネガル,,NO_DATA,,,,,,,,,,,,,
第4象限,セネガル,,NO_DATA,,,,,,,,,,,,,
第1象限,ガンビア,,NO_DATA,,,,,,,,,,,,,
第2象限,ガンビア,,NO_DATA,,,,,,,,,,,,,
第3象限,ガンビア,,NO_DATA,,,,,,,,,,,,,
第4象限,ガンビア,,NO_DATA,,,,,,,,,,,,,
第1象限,ギニアビサウ,,NO_DATA,,,,,,,,,,,,,
第2象限,ギニアビサウ,,NO_DATA,,,,,,,,,,,,,
第3象限,ギニアビサウ,,NO_DATA,,,,,,,,,,,,,
第4象限,ギニアビサウ,,NO_DATA,,,,,,,,,,,,,
第1象限,ギニア,,NO_DATA,,,,,,,,,,,,,
第2象限,ギニア,,NO_DATA,,,,,,,,,,,,,
第3象限,ギニア,,NO_DATA,,,,,,,,,,,,,
第4象限,ギニア,,NO_DATA,,,,,,,,,,,,,
第1象限,シエラレオネ,【事実】,クリオ語の敬称（Krio Honorifics）,年齢や社会的地位に応じて、血縁関係がなくても親族名称を用いて呼びかける慣習。,長幼の序を明確にし、コミュニティ内の相互敬意と社会秩序を維持する。,相手に敬意を示されているという安心感を与え、無用な摩擦を防ぐ。,[事実確認] クリオ社会における年長者敬意の規範に基づく。英語の親族名称が借用・変化し、社会的な敬称として定着した。,年上の男性（親戚や知人）への挨拶,Bra,Brotherの短縮形だが、年長者に対する敬意と親しみを込めて使われる。,年上の女性への挨拶,Aunty / Mami,血縁関係がなくても、年長女性を敬う社会規範として機能する。,若い女性や少女への呼びかけ,Titi,愛称として機能し、年長者から年少者への保護的なニュアンスを持つ。
第2象限,シエラレオネ,,NO_DATA,,,,,,,,,,,,,
第3象限,シエラレオネ,,NO_DATA,,,,,,,,,,,,,
第4象限,シエラレオネ,,NO_DATA,,,,,,,,,,,,,
第1象限,リベリア,【事実】,リベリア英語の社会的敬称,コミュニティの年長者や実力者に対し、年齢と権力を承認する特定の敬称を必ず用いる。,伝統的な首長制度の権威構造を現代の職場や日常の人間関係に適用・維持する。,権力者への服従を示すことで、庇護を得られるという安心感。,[事実確認] リベリアの伝統的社会構造とアメリコ・ライベリアンの階層社会が融合して生まれた、英語ベースの権威承認システム。,年配の男性に対する敬意ある呼びかけ,Oldman,英語の「老人」というネガティブな意味合いはなく、知恵と経験を持つ長として扱う。,職場やコミュニティの実力者への呼びかけ,Chief,伝統的な首長制度の概念が、現代社会のヒエラルキーにスライドして適用されている。,上司や権力者への呼びかけ,Bossman,力関係を明確に承認し、相手に庇護を求める社会的・実利的な機能を持つ。
第2象限,リベリア,,NO_DATA,,,,,,,,,,,,,
第3象限,リベリア,【事実】,コンゴ対カントリー（Congo vs. Country）,解放奴隷の子孫であるエリート層（Congo）と先住民（Country）を分断する二項対立的なレッテル貼り。,政治的・経済的な不満を、歴史的なエスニシティの対立構図に落とし込み、敵対陣営を攻撃する。,スケープゴートを作ることで、複雑な社会問題に対する単純なカタルシスを得る。,[事実確認] 19世紀の建国以来のアメリコ・ライベリアン（Congo）による政治支配と先住民の経済的格差という歴史的事実に基づく。,アメリコ・ライベリアン系エリートを批判する時,Congo people,特権階級に対するルサンチマン（怨恨）を込め、彼らを「外部から来た支配者」として非難する。,先住民を歴史的に見下す文脈,Country people,かつてエリート層が先住民を「野蛮・非文明的」と見なして使っていた蔑称。,洗練されていない振る舞いを非難する時,You acting country.,デモグラフィックな分類を、直接的な行動への侮蔑語（田舎者、無教養）として転用している。
第4象限,リベリア,,NO_DATA,,,,,,,,,,,,,
第1象限,コートジボワール,【事実】,フランス語への「長幼の序」の翻訳（Le Droit d'a?nesse）,フランス語本来の年齢表現をアフリカ式の敬意表現に読み替え、目上の人を親族名称で呼ぶ。,アフリカの伝統的な「長幼の序」を公用語のフランス語環境でも維持・再生産する。,西洋的・水平的な人間関係ではなく、アフリカ的な垂直の家族的紐帯を感じさせる。,[事実確認] アフリカ系フランス語（Ivorian French）における意味の再領土化。フランス語のネガティブな老いに関する語彙を、敬意の語彙として定着させた。,年上の男性や権威ある人物に話しかける時,Le vieux,「老人」というネガティブなニュアンスが脱臭され、権威と敬意の象徴となっている。,目上の女性や母親世代への呼びかけ,La vieille,母親のような包容力への期待と、深い敬意を示すために用いられる。,少し年上の青年や職場の先輩への呼びかけ,Grand-fr?re,血縁がなくても「兄」と呼ぶことで、敬意と同時に保護を求める社会秩序を維持している。
第2象限,コートジボワール,【事実】,ヌシ（Nouchi）による連帯の語彙,フランス語と現地語（ジュラ語など）を混合したストリート言語を用い、特有の感情や文化を共有する。,貧困や都市部の過酷な生活の中で、エスニシティを超えた若者同士のイングループ（仲間内）意識を形成する。,「自分たちだけの言葉」を使うことで、疎外感を克服し、アハ体験と強い共感を生む。,[事実確認] 1970年代後半?80年代にアビジャンの不良少年たちの隠語として誕生したが、現在では国民的なアイデンティティ言語に昇華している。,パーティーや集まりで楽しむ時,S'enjailler,英語のEnjoyに由来。困難な日常を忘れて仲間と喜びを共有する、ヌシを代表する動詞。,路上で屋台飯（アチェケと魚）を食べる時,Aller au garba,安価な国民食を仲間と食べる行為が、庶民の連帯とアイデンティティの象徴となっている。,親友を紹介したり呼びかけたりする時,Mon mog?,ジュラ語由来。都市部の若者がエスニシティや出自を超えて「兄弟」と認め合う機能を持つ。
第3象限,コートジボワール,【事実】,「イボワリテ（Ivoirit?）」の政治的修辞,「真のコートジボワール人」と「移民・北部出身者」を区別し、後者を社会から排除しようとする政治的言説。,国籍や居住権に言語的な線を境界を引き、特定のエスニック・宗教集団の政治的権利を剥奪する。,「自分たちの国が奪われる」という危機感を煽り、純血主義的な優越感と排他性を正当化する。,[事実確認] 1990年代にコナン・ベディエ大統領らが提唱したナショナリズム概念。これがエスカレートし、2000年代の第一次コートジボワール内戦の引き金となった。,選挙や土地問題で身元を主張する時,Ivoirien de souche,「純血の（根っこからの）コートジボワール人」であることをアピールし、他者を排除・キャンセルする。,移民や北部出身者の正当性を疑う時,Ivoirien de circonstance,「状況的に国籍を得ただけの者」として二級市民扱いし、政治的発言権を否定する。,政治的対立の激化時に他者を攻撃する時,Dioula,本来は北部の一民族・言語名だが、政治的文脈において「外国人・侵入者」のレッテルとして乱用された。
第4象限,コートジボワール,【事実】,クーペ・デカレ（Coup?-D?cal?）の概念転倒,詐欺や逃亡を意味する言葉を、音楽やダンスの名称、あるいは「クールな行為」としてユーモラスに読み替える。,絶望的な経済危機と内戦のストレスを、享楽的なダンス音楽と反社会的な成功の美化によってガス抜きする。,社会の権威や道徳を笑い飛ばし、持たざる者が一発逆転するファンタジーを共有してカタルシスを得る。,[事実確認] 2002年の内戦勃発後、パリのディアスポラ（特に詐欺師＝ブルトゥールたち）によって生み出され、アビジャンに逆輸入されて大流行した音楽・言語文化。,金持ちや西洋人から金を騙し取る行為,Couper,本来は「切る」だが、詐欺で「金をぶっこ抜く」意味に転じ、不条理な経済格差への意趣返しとして美化された。,詐欺の後に現場から逃走する行為,D?caler,「ずらす・移動する」を「逃亡する」の意味で使い、それをリズミカルなダンスのステップ名に昇華した。,クラブなどで札束をばら撒く行為,Travailler,「働く」という言葉を「騙し取った金を派手に使う（見せびらかす）」という意味に転倒させ、伝統的労働をからかった。
第1象限,ガーナ,【事実】,アカン語（トウィ語）の敬称システム,名前の前に年齢や地位を示す称号を必ず付与し、呼び捨てを厳格に避ける言語実践。,コミュニティにおける年齢と社会的地位のヒエラルキーを可視化し、伝統的な権威を維持する。,自分が社会の適切な秩序の中にいるという安心感と、相手に対する敬意の物理的証明。,[事実確認] ガーナの多数派であるアカン社会の言語規範。西洋化が進んだ現代社会においても、日常会話やビジネス、政治の場で強力に機能している。,地域の長老や祖父世代への声かけ,Nana,本来は王族や首長の称号だが、年長者全般に対する最大の敬意を示すために広く使われる。,社会的地位のある成人男性への呼びかけ,Owura / Awura,英語の「Sir」に相当し、フォーマルな場での敬意と秩序を維持するために用いられる。,年上の男性への一般的な敬称,Opanin,経験を積んだ大人としての社会的責任と知恵を承認し、相手の顔を立てる。
第2象限,ガーナ,【事実】,ガーナ・ピジンにおける「Chale」の多用,「友」や「兄弟」を意味するピジン語を、文脈に応じて共感、驚き、同情などの万能な感情表現として使い回す。,多様な民族が暮らすガーナにおいて、英語ベースのピジンを通じて民族の壁を超えた連帯感を生む。,フォーマルな英語の堅苦しさを崩し、イングループ（仲間内）の親密さとアハ体験を生み出す。,[事実確認] Chale（またはCharlie）はガーナのストリート言語において最も頻出する単語であり、文脈やイントネーションによって多様な感情的意味を持つ。,街で友人に会った際の挨拶,"Chale, how far?",堅苦しいHow are you?の代わりに使うことで、連帯感と仲間内の親密さを瞬時に確認する。,友人の悲しい話や不運な話を聞いた時,Oh chale...,声のトーンを下げて使うことで、深い同情と共感を示す相槌として機能する。,信じられないような話を聞いた時,Chale! You lie!,驚きと冗談めかした疑いを、親密さを保ちながら感情豊かに表現する。
第3象限,ガーナ,【都市伝説】,Obroni（白人）の語源に関する民間伝承,アカン語で白人を意味する「Obroni」の語源が、「Abro（邪悪な）＋ni（人）」であると広く信じられている噂。,植民地支配や奴隷貿易といった歴史的トラウマに対し、言葉の再解釈を通じて道徳的優位に立ち、かつての支配者を貶める。,歴史的被害者としてのルサンチマンを正当化し、西洋に対する心理的な抵抗とアイデンティティの防衛を行う。,[事実確認] 【反証】言語学的には「Abro（水平線・彼方）＋ni（人）」、つまり「海/彼方から来た人」が正しい語源。邪悪（Abro）という解釈は、歴史的怨念による後付けのバクロニム（民間語源）である。,歴史的搾取や不平等について議論する時,Obroni y? abro. (白人は邪悪だ),「白人（Obroni）」の語源そのものが「邪悪（abro）」であるとし、道徳的非難の根拠として用いる。,若者同士で言葉の隠された意味を教え合う時,"It stems from ""abro nipa"". (邪悪な人という意味だ)",白人は単なる外国人ではなく「邪悪な人」だという隠された意味を教え合うことで、西洋に対する警戒心を共有する。,親切そうに見えて裏切る者を比喩的に批判する時,He is a real abroni.,白人に限らず「親切を装って噛み付く者」という語源的解釈を比喩的に転用し、内面化された不信感を表現する。
第4象限,ガーナ,【事実】,ダムソー（Dumsor）に関する言語遊戯,深刻な電力危機（停電）を「ダム（消える）ソー（点く）」というリズミカルな造語で表現し、数々の派生語やジョークを生み出す。,政府のインフラ管理の失敗という深刻な社会問題を、国民的なユーモアとミームに変換してガス抜きをする。,絶望や怒りを笑いに変えることで、危機的状況を乗り切るための心理的レジリエンス（回復力）を高める。,[事実確認] アカン語（トウィ語）のdum（消す）とs?（点ける）の合成語。2010年代の深刻な電力危機の際に自然発生し、当時の大統領を揶揄する言葉として定着した。,急に停電が発生した瞬間,Dumsor!,怒り狂う代わりにこのリズミカルな言葉を叫ぶことで、不満を共有の笑いや諦念に変える。,まったく電気が来ない状態の描写,Dum-dum,「消えて、点く」の「点く」すら無い状態を表現した自虐的ジョーク。停電の深刻さを言葉遊びで誇張している。,政府への抗議活動の名称,Dumsor vigil,深刻なデモをあえて「ダムソー徹夜祭」と名付けることで、平和的かつ皮肉の効いた社会運動へと昇華した。
第1象限,トーゴ,【事実】,エウェ語の親族名称を用いた儀礼的階層化,血縁関係がなくても、年齢や社会的地位に応じて「兄」「姉」「祖父」などの親族名称を呼称として用いることを義務付ける言語実践。,共同体全体を一つの大きな「家族」に見立て、長幼の序と相互扶助の規範を維持する。,相手を家族的役割に組み込むことで、敵意を消散させ、敬意を強制する。,トーゴ南部を中心に話されるエウェ語における、親族名称の「擬似的・拡張的用法（Fictive kinship）」。エウェ社会では特に厳格な敬意表現として機能する。,年上の男性（または社会的地位のある男性）に話しかける時,Fofo (フォフォ / 兄さん),実際の兄でなくても使用する。年齢の優位性を認めることで、円滑なコミュニケーションを担保する。,市場で年上の女性店主と交渉する時,Da / Dada (ダ・ダダ / 姉さん、お母さん),商業的な対立（値切り交渉）の前に、家族的な親愛と敬意を示すことで関係を和らげる。,地域の長老や伝統的リーダーに謁見する時,Togbui (トグブイ / 祖父、首長),「祖父」という言葉がそのまま「首長・権力者」の称号として機能し、伝統的な権威を言語的に固定化する。
第2象限,トーゴ,【事実】,ロメの市場におけるミナ語（Gen）の連帯戦術,首都ロメの市場において、共通語のフランス語ではなく、現地の交易言語であるミナ語を用いて親密さを演出する実践。,「よそ者」と「地元民」を区別し、地元民同士の商取引における連帯と信用を構築する。,「自分たちは同じ土俵にいる」という共犯関係や、ローカルな紐帯への安心感。,ミナ語（Gen）はエウェ語の方言に近いが、ロメの都市化に伴い、民族を問わず市場のリンガ・フランカとして発展した。,市場の女性が客引きをする時,Afiovi (アフィオヴィ / この土地の子供、姉妹),客を「地元の身内」として扱うことで、心理的な壁を取り払い購買意欲を促す。,複雑な値段交渉や裏事情を話す時,Manya (マニャ / わかってるよね、知ってるよ),「言わなくても通じる」というローカルな暗黙の了解を明示し、共犯関係を築く。,混み合った市場を通り抜ける時,Ago (アゴ / ごめんください、道を開けて),単なる「どいて」ではなく、社会的な摩擦を避けるためのクッション言葉として都市の律動を作る。
第3象限,トーゴ,NO_DATA,NO_DATA,NO_DATA,NO_DATA,NO_DATA,NO_DATA,NO_DATA,NO_DATA,NO_DATA,NO_DATA,NO_DATA,NO_DATA,NO_DATA,NO_DATA,NO_DATA
第4象限,トーゴ,NO_DATA,NO_DATA,NO_DATA,NO_DATA,NO_DATA,NO_DATA,NO_DATA,NO_DATA,NO_DATA,NO_DATA,NO_DATA,NO_DATA,NO_DATA,NO_DATA,NO_DATA
第1象限,ベナン,【事実】,フォン語における年齢と権威の絶対的敬称,旧ダホメ王国の中心的な言語であるフォン語において、王族やブードゥー教の権威、年長者に対して特定の敬称を強制する実践。,伝統的な階級制度や宗教的権威を日常言語のレベルで再生産し、社会の無秩序を防ぐ。,権威に対する畏怖と、伝統的ヒエラルキーへの服従心の植え付け。,ダホメ王国の強力な中央集権体制とブードゥーの宗教的権威が、現代のフォン語の語彙や敬語体系にも強く残存している証左。,年長者や目上の人に言及する時,M?xo (メホ / 年長者、偉大な人),「年老いていること」自体が権威と直結しており、名前を直接呼ぶことを避けるための代用語。,王家の末裔や、ブードゥー教の高位聖職者を呼ぶ時,Dada (ダダ / 王、父),物理的な権力が失われた現代でも、言語上の王権・父権的権威を付与し不可侵性を保つ。,目上の人へ朝の挨拶をする時,Kudo zangbe（おはよう）の後に必ず Xwegbe de?（家の人たちはどう？）と尋ねる,個人主義的な短い挨拶は無礼とされ、共同体全体への配慮を示す定型句を義務付ける。
第2象限,ベナン,【都市伝説】,「ゼミジャン（Z?midjan）」の語源とドライバーの連帯,ベナン名物のバイクタクシー「ゼミジャン」の名称は、「私を早く連れて行って」という客の焦った叫びから偶然生まれたという民間語源。,新興労働者階級（バイクタクシー運転手）の職業的アイデンティティの確立と、都市住民との連帯。,カオスな都市交通を生き抜く労働者としての誇りと、乗客との間に生まれる「都会のスピード」への共感。,Fon語の「Ze mi djan（早く運んで）」に由来するのは事実だが、特定のドラマチックな瞬間に命名されたという語りは都市伝説的な後付け（民間語源）の性質を持つ。,バイクタクシーの名称そのものや急いでいる時,Z?midjan (ゼミジャン / 私を早く連れて行って),都市生活のスピード感と、移動手段の欠如を人力で解決した歴史を物語る単語。,若者や急ぐ客がドライバーを呼ぶ時の短縮形,Z?m (ゼム / ゼミジャンの略),都市生活のスピードに適応し、元の長い単語を短縮することで、より親密でリズミカルな関係を築く。,ドライバー同士が連帯を示す時,K?k?n? (ケケノ / バイクの持ち主),「バイク（K?k?）の主（n?）」という造語で、単なる運転手ではなく「自律した事業主」であるという誇りの表現。
第3象限,ベナン,NO_DATA,NO_DATA,NO_DATA,NO_DATA,NO_DATA,NO_DATA,NO_DATA,NO_DATA,NO_DATA,NO_DATA,NO_DATA,NO_DATA,NO_DATA,NO_DATA,NO_DATA
第4象限,ベナン,NO_DATA,NO_DATA,NO_DATA,NO_DATA,NO_DATA,NO_DATA,NO_DATA,NO_DATA,NO_DATA,NO_DATA,NO_DATA,NO_DATA,NO_DATA,NO_DATA,NO_DATA
第1象限,ナイジェリア,【事実】,ヨルバ語の敬語代名詞と絶対的階層,年長者や社会的上位者に対して、単数であっても必ず複数形代名詞（? / W??n）を用いなければ無礼とされる実践。,長幼の序と家父長制的な社会秩序の可視化と維持。,上位者への畏怖の念のすり込みと、コミュニティ内での自己の立場の自覚。,社会言語学において広く記述される代名詞のT/V区分（親称/敬称）の典型例。ヨルバ社会では年齢が絶対的な権力指標となる。,年長者に朝の挨拶をする時,? k???r?? (おはようございます ※?は複数形),単数の相手に対する文法的な複数化により、相手の存在を社会的に「大きく」見積もる敬意の表現。,年長者について第三者に話す時,W??n ti de (彼らは到着しました ※単数の年長者を指す),直接的な言及を避け、複数形によって心理的・社会的な距離を置くことで敬意を示す。,目上の人への相槌,"B???? ni, s? / m? (はい、サー/マダム)",英語の敬称（Sir/Ma）がヨルバ語の体系に組み込まれ、階層確認の接尾辞として機能している。
第2象限,ナイジェリア,【事実】,ナイジェリアン・ピジンにおける連帯の隠語,多民族国家において、民族語を介さずに都市部の若者や労働者が連帯し、苦境を共有するためのスラング実践。,民族的・階級的な壁を越えた「ナイジェリア人」としてのアイデンティティの形成。,困難な経済状況や社会問題に対する共感、アハ体験、ストレスの軽減。,ピジン英語は当初の交易言語から、数千万人の第一言語へ発展。都市部（特にラゴス）のストリート文化と密接に結びついている。,友人とのカジュアルな出会い,How far? / I dey. (調子どう？ / ぼちぼちやね),英語の字義を離れ、生存確認と連帯を即座に構築する定型句。,金欠や経済的苦境を嘆く時,Sapa dey hook me. (サパに捕まってる＝超金欠だ),「Sapa（貧困）」という擬人化された隠語を用いることで、共通の敵として苦境を笑い飛ばす。,仲間や親友に呼びかける時,My padi / My guy,血縁（民族）ではなく、都市生活における後天的な「仲間」の絆を強調する親愛表現。
第3象限,ナイジェリア,【事実】,民族間対立を煽るヘイトスラング,国内の主要民族（ハウサ、イグボ、ヨルバ）間で、相手の言語的特徴や歴史的背景を揶揄してレッテルを貼る実践。,特定の民族集団を「他者化」し、政治的・経済的な対立において自集団の正当性を主張する。,相手への優越感、自民族内の結束強化（排外主義）。,ビアフラ戦争等の歴史的遺恨や、現代の資源・権力闘争を背景としたエスノセントリズムが言語に反映されたもの。,南部人が北部人を侮蔑する時,Aboki (アボキ),ハウサ語では本来「友人」だが、南部では「無学な出稼ぎ労働者」というステレオタイプを込めた蔑称として悪用される。,北部・西部人が東部人（イグボ系）を侮蔑する時,Nyamiri (ニャミリ),イグボ語の「nye m mmiri（水をくれ）」に由来。内戦時の難民の悲惨な状況を揶揄する残酷な歴史的蔑称。,東部・北部人が西部人（ヨルバ系）を侮蔑する時,Ngbati ngbati (ンバティ・ンバティ),ヨルバ語に頻出する音韻（nigbati等）を模倣し、彼らの言語を「うるさい雑音」として矮小化する表現。
第4象限,ナイジェリア,【都市伝説】,国家機関のバクロニム（後付けの偽語源）,機能不全に陥っている政府機関の略称に対し、その無能さを揶揄する皮肉なフルスペルを当てはめて広まった民間ジョーク。,慢性的な停電や失業に対する市民の怒りを、直接的な暴動ではなくユーモアの形でガス抜きする。,権威を笑いものにすることによるカタルシス、無力感の克服。,社会的フラストレーションが民間語源を生む典型例。当然公式なものではなく、大衆の集合的想像力による都市伝説的サタイア。,突然の停電（日常茶飯事）が起きた時,NEPA = Never Expect Power Always (常に電力を期待するな),旧・国家電力公社（NEPA）の略称を皮肉り、インフラの欠陥を諦めと笑いに変換する。,若者が大学を卒業し、兵役と就職難の現実を悟る時,NYSC = Now Your Suffering Commences (今、君の苦難が始まる),国家青年奉仕団（NYSC）の略称を皮肉り、若者の失業問題と将来への絶望を自嘲的なユーモアで乗り越える。,国営通信会社のサービスが全く繋がらない時,NITEL = No Intention To Ever Link (二度と繋ぐ意志なし),ナイジェリア電気通信会社（NITEL）の機能不全を、国家的虚無感として大げさに笑い飛ばす。
第1象限,カーボベルデ,【事実】,ポルトガル語とクリオルのダイグロシア秩序,日常はクリオル語（Kriolu）を用いつつも、学校や公的機関では旧宗主国のポルトガル語を「秩序の言語」として強制する実践。,国家の公式な制度と民衆の日常空間の境界を明確にし、エリートの権威を維持する。,ポルトガル語を流暢に話せない層への劣等感の植え付けと、公式な場での緊張感。,典型的なダイグロシア。独立後もポルトガル語が公用語（H変種）であり、クリオル（L変種）の公用語化は議論が続いている。,学校の教室で生徒が教師に質問する時,"Professor, posso fazer uma pergunta? (先生、質問してもいいですか？ ※ポルトガル語)",休み時間はクリオルであっても、教室内ではポルトガル語を使用することが「正しい秩序」とされる。,政府機関の窓口や公式な書類手続き,Bom dia (おはようございます ※ポルトガル語),クリオルの「Bon dia」ではなく、正書法に基づいたポルトガル語の発音が公的な態度の証明となる。,カトリックの洗礼式における親族関係の確認,Nha kumpadri / Nha kumadri (私の代父/代母 ※クリオル),宗教的秩序に基づく家族内の上下関係は、逆にクリオル語の古い語彙で強固に維持される。
第2象限,カーボベルデ,【事実】,モラベーザ（Morabeza）とソダード（Sodade）の美学,厳しい自然環境や大規模な移民という現実を、「モラベーザ（もてなし）」や「ソダード（郷愁）」という語彙でロマンチックに昇華する実践。,島ごとの分断や、本国と移民コミュニティとの間の地理的断絶を、情動的な言語によって繋ぎ止める。,過酷な歴史（奴隷制、干ばつ、離散）を美的なものに変換することでの自己肯定と、同胞への深い共感。,ポルトガル語のSaudadeが起源だが、カーボベルデ独自の歴史的文脈が加わり、国民性を表す独自の概念（エスノ・ポエティクス）として確立した。,海外（アメリカや欧州）に移住した家族を思う時,Sodade (ソダード / 郷愁、会えなくて切ない気持ち),単なる「寂しい」ではなく、カーボベルデ人の宿命である「離散の痛み」を美しいものとして共有する。,島を訪れた客人を歓迎し、自分たちの気質を説明する時,Morabeza (モラベーザ / もてなしの心、優しさ),貧しくても心は豊かであるという、島民の連帯感と誇りを表す一種の文化的パスワード。,恋人や愛する人に呼びかける時,Nha cretcheu (ニャ・クレチェウ / 私の愛する人),詩や音楽（モルナ）で多用され、クリオル語特有のロマンティシズムを体現する表現。
第3象限,カーボベルデ,【事実】,バディウ（Badiu）とサンパジュードゥ（Sampadjudu）の地域間対立語,サンティアゴ島（南部）の住民と、サン・ヴィセンテ島（北部）の住民が、互いのルーツやアクセントの違いを揶揄し合う実践。,アフリカ的ルーツの強い南部と、欧州・混血的ルーツを自認する北部との間の、主導権争いの可視化。,自島民の優越感の保持と、相手の文化・言語的特徴に対する軽視や偏見。,植民地時代の開発時期の違いに由来する地域主義。バディウは元々ポルトガル語の「逃亡奴隷（vadio）」に由来し蔑称だった。,北部住民が南部のサンティアゴ島民を批判する時,Badiu (バディウ),元来の「野蛮」というネガティブなニュアンスを含ませて、アフリカ的要素を蔑視する際に用いられる。,南部住民が北部の住民を気取っていると批判する時,Sampadjudu (サンパジュードゥ),歴史的にポルトガル文化に迎合的だった北部人を、気位が高い「よそ者」として揶揄する。,南部住民が北部住民のポルトガル語寄りのクリオル語をからかう時,Papia basofo (パピア・バソフォ / 気取って話す、かっこつけて話す),北部（特にサン・ヴィセンテ島）の軽やかな発音を「気取っている」と揶揄し、南部の土着性を正当化する。
第4象限,カーボベルデ,NO_DATA,NO_DATA,NO_DATA,NO_DATA,NO_DATA,NO_DATA,NO_DATA,NO_DATA,NO_DATA,NO_DATA,NO_DATA,NO_DATA,NO_DATA,NO_DATA,NO_DATA
第1象限,マリ,【事実】,バンバラ語のジャティギヤ（挨拶の儀礼的階層）,出会い頭に本題に入ることを避け、相手の健康、家族、一族の姓（ジャム）を順序立てて尋ね合う厳格な挨拶のプロトコル。,相互の社会的立ち位置の確認と、急がず相手を尊重するというコミュニティの平和維持。,自分が社会のネットワークに組み込まれているという安心感、またはプロトコルを踏み外すことへの忌避感。,マンド語圏に広く見られる挨拶文化。時間をかけて相手の属性を讃えることが、社会関係資本の構築において必須とされる。,目上の人や初対面の人に朝の挨拶をする時,I ni c?. (こんにちは) 相手の返答後、相手の「姓」を呼ぶ。,単なる「おはよう」ではなく、相手の先祖や血統を承認し、社会的な敬意を払う行為。,相手の身を案じる時,Somo b? di? (家族はどう？),個人の状態よりも、その人が属する共同体（家族）の平穏を尋ねることが優先される。,挨拶を終え、本題に入る前の結び,Ala ka tila. (神がお助けくださるように),会話の主導権を一度上位の存在（神）に委ねることで、謙虚な姿勢をアピールする。
第2象限,マリ,【事実】,グラン（Grin）文化における若者のストリート言語,若者たちが街角でお茶を飲みながら談笑する「グラン」において、バンバラ語とフランス語を混合させた独自のスラングを用いる実践。,失業や政治不安を抱える若者たちが、独自のサブカルチャー空間を構築し、連帯感を高める。,親世代や公式な権威からの逸脱、現代的でクールな自己イメージの獲得。,マリの都市社会学で言及される「Grin」は若者の社会化の場。隣国コートジボワールのヌーシ（Nouchi）の影響も受けている。,グランで親密な仲間に呼びかける時,M?g? (モゴ / 奴、ダチ),バンバラ語で「人」を意味する単語だが、ストリートでは連帯を示す仲間内のスラングとして機能する。,現状が上手くいっている、または「真実」を語る時,Dj?ya (ジェヤ / クリアな状態、真実),バンバラ語の「白い（dj?）」を名詞化したもので、ストリートでの透明性や信頼性を美化する表現。,魅力的な女性について語る時,Go (ゴ / 女の子、彼女),西アフリカのフランコフォン圏で広く共有されるスラングを取り入れ、国境を越えた若者文化への帰属を示す。
第3象限,マリ,NO_DATA,NO_DATA,NO_DATA,NO_DATA,NO_DATA,NO_DATA,NO_DATA,NO_DATA,NO_DATA,NO_DATA,NO_DATA,NO_DATA,NO_DATA,NO_DATA,NO_DATA
第4象限,マリ,【事実】,サナンクヤ（従兄弟関係）の制度的暴言,特定の民族間や姓の間に歴史的に結ばれた協定に基づき、初対面でも互いに強烈な侮辱やからかいを言い合う実践。,潜在的な部族間・氏族間の紛争を、制度化されたユーモアと無礼講によって事前に防ぐガス抜き機能。,暴言を吐き合うことで逆に生まれる強固な信頼感と、対立の無効化（カタルシス）。,西アフリカに広く存在する「冗談関係（Joking relationship）」。人類学的に紛争解決・平和構築のメカニズムとして高く評価されている。,トラオレ（Traor?）姓の者が、ジャラ（Diarra）姓の者に会った時,Traor? ye suruku ye. (トラオレはハイエナだ／大食漢だ),相手の氏族を動物的欲求に結びつけて貶めるが、これは怒ってはいけないルールであり、笑って応酬する。,ボゾ人（漁労民）とドゴン人（農耕民）が市場で遭遇した時,I ye ne ka jon ye. (お前は俺の奴隷だ),歴史的に相互扶助関係にある民族が、最悪の侮蔑語である「奴隷」を冗談として使うことで絆を再確認する。,冗談関係の相手の持ち物を見つけ、奪うふりをする時,Nin ye ne ta ye. (これは俺のものだ),財産の私有という絶対的ルールを一時的に反故にできる特権（軽微な略奪の演劇）により、社会の緊張を解きほぐす。
第1象限,ブルキナファソ,,NO_DATA,,,,,,,,,,,,,
第2象限,ブルキナファソ,,NO_DATA,,,,,,,,,,,,,
第3象限,ブルキナファソ,,NO_DATA,,,,,,,,,,,,,
第4象限,ブルキナファソ,【事実】,冗談関係（Rakir? / Parent? ? plaisanterie）,民族間や特定の氏族間で、公の場で互いに侮辱的な言葉を掛け合ったり、相手の所有物を奪ったりすることが社会的に許容（あるいは奨励）される慣習。,民族間の緊張緩和、紛争の予防、連帯感の強化,怒りの感情の抑制、ユーモアによる親密さの確認,文化人類学で広く報告されている西アフリカの制度。モシ人とサモ人などの間で、歴史的な対立を避けるための社会契約として機能している。,モシ人がサモ人に出会った時の挨拶,「お前たちは我々の奴隷だ（あるいは豆泥棒だ）」,かつての征服・被征服関係や生業の違いをあえて誇張し、笑いに変えることで現実の対立を防ぐ。,サモ人がモシ人に言い返す時,「モシ人は頭が空っぽだ（あるいは犬だ）」,相手の侮辱に対して即座に、同等以上の侮辱で返すことがルール化されており、これに対して怒ることはタブーとされる。,冗談関係にある相手の親族の葬儀の場,「この死人は生前ろくでなしだったから埋葬させないぞ」と通せんぼする,最も悲痛な場であえて不謹慎な冗談を言うことで、遺族の悲しみを和らげ、社会が継続することを確認する機能を持つ。
第1象限,ニジェール,,NO_DATA,,,,,,,,,,,,,
第2象限,ニジェール,,NO_DATA,,,,,,,,,,,,,
第3象限,ニジェール,,NO_DATA,,,,,,,,,,,,,
第4象限,ニジェール,,NO_DATA,,,,,,,,,,,,,
第1象限,モーリタニア,,NO_DATA,,,,,,,,,,,,,
第2象限,モーリタニア,,NO_DATA,,,,,,,,,,,,,
第3象限,モーリタニア,,NO_DATA,,,,,,,,,,,,,
第4象限,モーリタニア,,NO_DATA,,,,,,,,,,,,,
第1象限,カメルーン,,NO_DATA,,,,,,,,,,,,,
第2象限,カメルーン,【事実】,カムフラングレ（Camfranglais）による連帯,フランス語、英語、ピジン、および現地語（ドゥアラ語など）を混合した都市部の若者言葉。,民族的・言語的境界を超えた「カメルーンの若者」という新しいアイデンティティの創出,アハ体験の共有、仲間意識（イングループ・フィーリング）の醸成、大人社会への反発,言語学において、急速な都市化と多言語環境のなかで発生したクレオール的またはピジン的若者言語（アーバンスラング）として広く研究されている。,友人との日常的な会話で驚きを表す時,「Je wanda.」（マジで驚いた）,フランス語の主語と英語の「wonder」を動詞化したものを組み合わせ、独自の文法に落とし込んでいる。,恋愛話や魅力的な女性について語る時,「La nga est trop belle.」（あの女の子、すごく可愛いね）,「nga」は現地のバントゥー系言語に由来するとされ、フランス語の冠詞と組み合わせることで独自のニュアンスを持たせている。,食事に行くことを提案する時,「On va tchop.」（飯を食いに行こう）,ピジン・イングリッシュの「chop（食べる）」をフランス語の文脈に組み込み、若者らしいカジュアルさを演出している。
第3象限,カメルーン,【事実】,アングロフォン危機における分断語彙,英語圏（北西・南西州）と仏語圏の対立において、互いを貶めるための侮蔑語や特定の政治的レッテルを貼り合う実践。,相手集団の非人間化、自集団の正当化、政治的対立の明確化,憎悪の増幅、相互不信、スケープゴート化による心理的防衛,カメルーンにおける英語圏マイノリティの周縁化と2016年以降の紛争（アングロフォン・クライシス）を背景に、社会言語学や紛争研究で対立を煽るヘイトスピーチとして指摘されている。,仏語圏の人間が英語圏の人間を侮蔑する時,「Anglofool（アングロフール）」,Anglophone（英語話者）とFool（馬鹿）を組み合わせた混成語で、英語圏の人間を見下す態度が表れている。,英語圏の人間が仏語圏の人間を侮蔑する時,「Frog（カエル）」,イギリス人がフランス人を馬鹿にする歴史的なスラングを輸入・流用し、カメルーン国内の権力者（仏語圏）への反発を示している。,英語圏の自治・独立運動家を非難する時,「Biafrais（ビアフラ人）」,隣国ナイジェリアで凄惨な内戦を引き起こしたビアフラ分離独立運動になぞらえ、彼らを「危険な国家の敵」としてレッテル貼りする。
第4象限,カメルーン,,NO_DATA,,,,,,,,,,,,,
第1象限,チャド,,NO_DATA,,,,,,,,,,,,,
第2象限,チャド,,NO_DATA,,,,,,,,,,,,,
第3象限,チャド,,NO_DATA,,,,,,,,,,,,,
第4象限,チャド,,NO_DATA,,,,,,,,,,,,,
第1象限,中央アフリカ,【事実】,NO_DATA,,,,,,,,,,,,,
第2象限,中央アフリカ,【事実】,NO_DATA,,,,,,,,,,,,,
第3象限,中央アフリカ,【事実】,NO_DATA,,,,,,,,,,,,,
第4象限,中央アフリカ,【事実】,NO_DATA,,,,,,,,,,,,,
第1象限,赤道ギニア,【事実】,NO_DATA,,,,,,,,,,,,,
第2象限,赤道ギニア,【事実】,NO_DATA,,,,,,,,,,,,,
第3象限,赤道ギニア,【事実】,NO_DATA,,,,,,,,,,,,,
第4象限,赤道ギニア,【事実】,NO_DATA,,,,,,,,,,,,,
第1象限,ガボン,【事実】,NO_DATA,,,,,,,,,,,,,
第2象限,ガボン,【事実】,「Tchiza（チザ）」の連帯と反抗の言語ゲーム,本妻（Titulaires）に対する「愛人・第二の女」を指す隠語。女性同士の連帯や、裕福なパトロンを手玉にとる女性の自立・エンパワーメントの文脈でユーモアと共に使われる。,抑圧的な性規範への反発、女性同士のネットワーク構築とアハ体験の共有。,タブーの遊戯化による解放感、連帯感。,ガボンを中心とする仏語圏アフリカのネットスラング。ガボンの歌手Shan'Lのヒット曲「Tchizambengue」などで広く言語文化として可視化され、社会学的に「非公式な関係を逆手にとる女性の戦術」として分析されている。,友人同士で恋バナをしている時,Je suis la tchiza officielle.（私は公式のチザよ）,隠語を逆手にとり、自らの非公式な地位をユーモアを交えて肯定し、道徳的非難を回避する。,既婚男性の浮気を噂する時,Il est encore avec sa tchiza.（彼、またチザと一緒にいるわよ）,本妻や友人コミュニティにおいて、暗号を用いることで特定の人間関係を安全にゴシップする。,若い女性に対し、パトロンに依存するリスクを忠告する時,"Fais attention, la vie de tchiza n'est pas facile.（気をつけて、チザの生活も楽じゃないわよ）",ただの蔑称ではなく、一つの「ライフスタイル・戦術」として客観視し、女性間の連帯（忠告）として機能する。
第3象限,ガボン,【事実】,NO_DATA,,,,,,,,,,,,,
第4象限,ガボン,【事実】,NO_DATA,,,,,,,,,,,,,
第1象限,コンゴ共和国,【事実】,NO_DATA,,,,,,,,,,,,,
第2象限,コンゴ共和国,【事実】,NO_DATA,,,,,,,,,,,,,
第3象限,コンゴ共和国,【事実】,NO_DATA,,,,,,,,,,,,,
第4象限,コンゴ共和国,【事実】,NO_DATA,,,,,,,,,,,,,
第1象限,コンゴ民主共和国,【事実】,"親族呼称の社会的拡張（Papa, Maman, Vieux）",血縁関係のない年長者や社会的上位者に対して「お父さん」「お母さん」「兄貴」と呼びかける。,社会的階層の維持、人間関係の円滑化、敵意の緩和。,安心感、敬意の確認、保護されている感覚。,アフリカの広範な親族システムの言語的反映。都市化（キンシャサ等）において、見知らぬ人同士が社会的連帯と秩序を仮構するために発達した（社会言語学研究による）。,タクシー運転手や見知らぬ男性に話しかける時,"Papa, tika ngai awa.（お父さん、ここで降ろして）",相手の年齢や性別に基づく敬意を示すことで、単なる商取引の冷たさを和らげる。,市場の女性店主に対して値段交渉をする時,"Maman, tekela ngai malamu.（お母さん、安く売ってよ）",相手を母性的・権威的立場に置くことで、保護者としての寛大さを引き出そうとする。,年上の同僚や、街角で顔役の男性に挨拶する時,"Vieux, eza ndenge nini?（兄貴、調子はどう？）",フランス語のVieux（古い/老いた）をリンガラ語の文脈で「尊敬すべき年長者」として読み替え、ストリートの秩序を保つ。
第2象限,コンゴ民主共和国,【都市伝説】,「第15条（Article 15 / Syst?me D）」の民間語源,どんな困難な状況でも「自力で生き抜け（D?brouillez-vous）」という連帯のスラング。その語源が「南カサイ国の分離独立時の憲法第15条にある」と信じられている。,貧困や行政の機能不全に対する自己防衛、庶民同士の共感と連帯の形成。,絶望の回避、逆境を生き抜く誇り、ユーモアによるストレス軽減。,[事実確認] 南カサイ国の実在の憲法に「自力で生き抜け」という第15条は存在しない。ザイール時代の経済崩壊時に、人々が自己防衛のモットーを法的な権威のパロディとして語り継いだ架空の条文（都市伝説）である。,給料が遅配し、生活費の工面について尋ねられた時,Toza kaka na Article 15.（私たちはただ第15条に従うだけさ）,国家やシステムに期待せず、自己責任で生き抜くしかない現状を自嘲気味に、しかし力強く共有する。,道端で廃材を集めて小さな修理屋を始めた友人を見た時,Azo sala Article 15 na ye.（彼は彼の第15条をやっているね）,非公式セクターでの労働や小さな工夫を、惨めなものではなく「生き抜くための知恵」として称賛する。,キンシャサの過酷な環境をどう生きているか外国人に聞かれた時,"Article 15, d?brouillez-vous !（第15条、自分でなんとかしろ！）",自国の無秩序に対する皮肉と、それでも生き抜いている自分たちの生命力への強烈な自負を同時に表現する。
第3象限,コンゴ民主共和国,【事実】,「クルナ（Kuluna）」のレッテル貼りと拡張,元々はなたを振り回すストリートギャングを指す言葉だが、現在では汚職政治家などを非難・攻撃する言葉として拡張されている。,反社会的勢力への境界線の設定、および特権階級への非難・キャンセル。,恐怖心の共有、道徳的優位性の確保、社会的分断の明確化。,ポルトガル語の「coluna（軍隊の隊列）」等に由来するとされ、元は都市部の若者暴力集団を指した。近年、市民が「ネクタイを締めたクルナ」といった表現でエリートの腐敗を暴力と同列に扱い、社会闘争の語彙として定着させた。,危険な地区に行く友人に対して警告する時,"Keba, ba Kuluna bazo vanda kuna.（気をつけて、あそこにはクルナがたむろしている）",文字通りの暴力集団に対する警戒であり、コミュニティ内の安全を確保するための直接的な情報伝達。,公金を横領した政治家のニュースを見た時,Azali Kuluna en cravate.（あいつはネクタイを締めたクルナだ）,ホワイトカラーの犯罪をストリートの凶悪犯罪と同列にみなすことで、権力者の正当性を徹底的に剥奪する。,選挙集会で暴れる若者集団を見た時,Ba Kuluna ya parti politique.（政党に雇われたクルナたちだ）,政治的な対立候補の支持者を単なる「犯罪者」としてレッテルを貼り、相手陣営の政治的メッセージを無効化する。
第4象限,コンゴ民主共和国,【事実】,サップ（SAPE）における「服の戦闘（Combat de v?tements）」,サプール（Sapeur）と呼ばれる伊達男たちが、暴力の代わりに高級ブランド服の着こなしや独自のステップで優劣を競う言葉遊びやパフォーマンス。,武力紛争や貧困といった現実の対立を、ファッションという平和的・遊戯的な領域へ昇華させる。,カタルシス、現実逃避、自尊心の回復と優越感の獲得。,コンゴ共和国発祥でキンシャサにも定着。植民地時代の白人の服装規範を過剰に模倣・流用することで、権威を遊戯的に転覆し独自の美学に昇華させたポストコロニアルな抵抗の形態（J. MacGaffey等の研究）。,イベント会場に登場し、自分のブランド服を見せつける時,"Je suis le roi de la sape, regardez la griffe !（俺がサップの王だ、このブランドタグを見ろ！）",自らの貧しい現実を隠し、大げさな自己誇張によって一時的な「貴族」としてのステータスを遊び半分で宣言する。,ライバルのサプールの服装のコーディネートがイマイチだった時,Ton costume a pleur? !（お前のスーツは泣いているぞ！）,直接的な暴力や罵倒ではなく、擬人化されたユーモア（服が悲しんでいる）を用いて相手を平和的に「論破」する。,特有のリズミカルな歩き方（diata）を披露しながら観衆を煽る時,Je fais la diata avec mon Weston.（俺はウェストンの靴でジアタを踏むんだ）,高級靴を物理的機能ではなく自己表現の「武器」として宣言し、観衆からの喝采を引き出す。
第1象限,サントメ・プリンシペ,,,NO_DATA,,,,,,,,,,,,
第2象限,サントメ・プリンシペ,【事実】,文化的スローガン「Leve-leve（レヴェ・レヴェ）」,「ゆっくり、気楽に」を意味する国民的モットーであり、島民の連帯感とアイデンティティの核となる言語実践。,貧困や社会インフラの欠如などの困難な状況においてもストレスを軽減し、共同体の調和を保つ。,時間の遅れや計画の頓挫に対する寛容さを生み出し、アハ体験的な共感や安心感をもたらす。,Gerhard Seibert等の人類学的研究で、植民地時代の過酷な労働環境への受動的抵抗から発展した島民特有のエートスとして分析されている。,挨拶の返答,Tudo leve-leve (すべてレヴェ・レヴェだ),「元気？」と聞かれた際の定番の返し。困難があっても精神的な平穏を保っていることを互いに確認し合う。,仕事や約束が遅れた時の言い訳,Vamos fazer leve-leve (レヴェ・レヴェでやろう),資本主義的な効率性よりも、人間関係の波風を立てないことや精神的余裕を優先する価値観の共有。,観光客への対応,Aqui ? a terra do leve-leve (ここはレヴェ・レヴェの国だから),外部の人間に対して自国のスローペースな文化を説明し、自分たちのペースへの同化を優しく促す隠語的機能。
第3象限,サントメ・プリンシペ,【事実】,植民地時代の階層構造を引き継ぐ身分差別語,クレオール系先住民（フォロ）と、プランテーション労働者として連れてこられた契約労働者の子孫（トンガ）の間にある歴史的・階級的な対立を表す言葉。,土地所有権や政治的権力を持つフォロが、トンガを社会の周縁に留め置くための境界線引きとして機能。,自らを「自由民の末裔」と定義することで生じるエリート意識と、他者を「よそ者」として見下す心理的優越感。,歴史的に奴隷制廃止後にアンゴラ等から導入された契約労働者（セルビサル）とその子孫（トンガ）が最下層とされ、独立後も社会的統合の壁となっている事実に基づく。,政治・社会参加からの排除,Filho de Tonga (トンガの息子),「お前はよそ者の労働者の血筋だから発言権はない」と相手の社会的地位を根源から否定する強烈な蔑称。,自己の特権化とマウンティング,Forro puro (純粋なフォロ),自身が初期のアフリカ人奴隷とポルトガル人の混血（自由民）であることを強調し、正当な権利者であることを誇示する表現。,居住地域による差別と嘲笑,Gente da Ro?a (農園の連中),都市部に住むフォロが、かつてのカカオ農園（ロサ）周辺の集落に住むトンガを田舎者・下層階級として嘲笑する際の表現。
第4象限,サントメ・プリンシペ,,,NO_DATA,,,,,,,,,,,,
第1象限,アンゴラ,【事実】,親族呼称の拡張による敬意表現（キンブンド語由来）,ポルトガル語での会話中に、キンブンド語などのバントゥー系言語に由来する親族・年齢階梯の呼称を交ぜて社会的ヒエラルキーを維持する実践。,年長者への絶対的な敬意や、コミュニティ内での役割（庇護者と被庇護者）を明確にし、社会秩序を維持する。,相手を家族的ネットワークの中に組み込むことで、単なる上下関係ではなく、温かみのある保護・被保護の安心感を与える。,アフリカの伝統的な長老支配（ジェロントクラシー）の価値観が、都市化・植民地化の過程でポルトガル語の語彙として定着・変容したクレオール的現象。,若者が年長者に助言を求める時,Respeita o Kota (コタを敬え),Kota（コタ）はキンブンド語で「年長者」を意味し、血縁がなくても尊敬すべき目上の人物への称号として日常的に使われる。,コミュニティ内での揉め事の仲裁時,Ouve o conselho do Mais-velho (長老の忠告を聞け),Mais-velho（より古い人）はバントゥー語の長老概念の直訳であり、公的な裁判よりも彼らの調停が重んじられる秩序の表れ。,グループ内の最年少者を可愛がる時,Ele ? o nosso Ca?ula (彼は我々のカスーラだ),Ca?ulaは「末っ子」を意味し、敬意というよりは保護すべき対象として社会階層の最下部に位置づけつつ親愛の情を示す。
第2象限,アンゴラ,【事実】,ルアンダの若者言葉「Cal?o（カラォン）」,首都ルアンダの若者やストリートカルチャー（クドゥロ音楽など）から発信され、全国に広まった都市型スラング。ポルトガル語と現地語の混成。,旧世代の権威主義的な標準ポルトガル語から逸脱し、若者同士の独自の連帯感や新しい都市文化のアイデンティティを形成する。,「自分たちは最新のストリートの文脈を共有している」というクールさ（Swag）と、アングラな一体感（アハ体験）をもたらす。,内戦期から戦後にかけてルアンダ周縁部の貧困層（ムセケ）で発生し、音楽産業を通じてメインストリーム化したアンゴラ独自の社会言語学的現象。,友人同士のカジュアルな挨拶,Qual ? o mambo? (マンボはどう？),Mambo（マンボ）は「事柄・状況」を意味し、「最近どう？」というニュアンスで仲間内の距離を縮めるために使われる。,何かを強く褒め称える時,Isso ? bw? de fixe (それめっちゃいいね),Bw?（ブウェ）はキンブンド語のmbwe（たくさん）に由来。標準語のmuitoを駆逐し、アンゴラ的共感の強さを表す不可欠な副詞。,恋人や魅力的な女性について話す時,A minha garina (俺のガリーナ),Garinaは「女の子・彼女」を意味するスラング。標準語のnamoradaよりもストリート感があり、若者集団内での恋愛トークを盛り上げる。
第3象限,アンゴラ,【事実】,内戦と地域主義に基づく政治的・排他的スラング,独立戦争および長きにわたる内戦（MPLA対UNITA）や、ルアンダ（都市）と南部・内陸部（農村）という地域対立の中で生まれた敵対的表現。,政敵や他地域出身者を「危険分子」や「野蛮人」としてラベリングし、自陣営の結束を固めるとともに相手を社会的・政治的にキャンセルする。,「我々は正当な国民であり、奴らは国家を破壊するよそ者だ」という排外主義的な正義感を煽り、敵意を正当化する。,冷戦構造の代理戦争として27年間続いたアンゴラ内戦が残した深い社会的分断と、ルアンダ中心主義的なエリート支配の歴史的産物。,内戦時の敵対勢力への言及や、現在の野党支持者へのレッテル貼り,Os Kwachas est?o a vir (クワチャが来るぞ),Kwachaは元々UNITAの朝の挨拶（夜明け）だったが、MPLA側がUNITA兵士やその支持者を指す侮蔑語・テロリストの代名詞として流用した。,コミュニティ内にスパイがいると疑う時,Ele ? um Langila (奴はランギラだ),Langilaは「密告者・スパイ」を意味する。内戦時の秘密警察による監視社会のパラノイアが生んだ、相手をコミュニティから排除するための言葉。,首都の人間が南部出身者を蔑視する時,Esses Sulanos (あのスラノども),Sulanos（南部人）は、主にオヴィンブンド族など南部・内陸出身者を指し、ルアンダの文化的エリートが無教養な田舎者として見下すための排他的表現。
第4象限,アンゴラ,【事実】,政党名のバクロニム（権威への風刺とガス抜き）,アンゴラの二大政党（MPLAとUNITA）の正式名称の頭文字を、市民が政治腐敗や内戦の悲惨さを揶揄する別の言葉（バクロニム）に置き換えて笑うジョーク。,一党優位の権威主義体制下で、直接的な政府批判がリスクを伴う中、ユーモアのベールで包んで体制の腐敗を告発・共有する。,どうにもならない政治的停滞や経済的苦境に対する無力感を、笑いや皮肉に昇華（ガス抜き）することで心理的ダメージを軽減する。,言論の自由が制限されていたドス・サントス前政権時代に、市民がストリートの口コミやタクシー（カンドンゲイロ）の中で密かに共有していた抵抗の言語芸術。,与党MPLAの経済失政と終わらない苦境を嘆く時,"Muitos Problemas, Lutas e Amarguras (多くの問題、闘争、苦悩)",本来は「Movimento Popular de Liberta??o de Angola（アンゴラ解放人民運動）」。解放どころか苦痛しか生んでいないという現実を鋭く突いた風刺。,一部の政治家やエリートによる国家の私物化・汚職を批判する時,Movimento Popular de Lucros de Angola (アンゴラ利益人民運動),Lucro（利益・儲け）という言葉を差し込むことで、イデオロギーではなく単なる利権集団に成り下がった権力層の腐敗をジョークとして暴露している。,反政府勢力UNITAの資金源（ダイヤモンド密輸）を揶揄する時,Uni?o de Neg?cios Internacionais de Tr?fico de Armas (国際武器密輸ビジネス連合),本来は「Uni?o Nacional para a Independ?ncia Total de Angola」。大義名分を掲げつつ実際は血のダイヤモンドと武器の取引を行っていた実態を揶揄。
第1象限,スーダン,【事実】,アラビア語の称号・敬称の過剰付与（社会的ヒエラルキーの維持）,相手の実際の職業や身分に関わらず、高い社会的地位を示す称号（ハッジ、ウスタズ、バシュムハンディスなど）を日常的に用いる言語マナー。,初対面の相手や目上の人に対し、最大限の敬意を前払いで示すことで、摩擦を避け、円滑で礼儀正しい社会関係を構築する。,相手の自尊心を満たすと同時に、発話者自身も「礼儀と教養を弁えた人間」としての評価を得ることで、相互に安心感をもたらす。,スーダンのナイル川流域のアラブ系文化において、宗教的敬虔さや近代教育・専門職が極めて高い社会的威信を持ってきた歴史的背景に基づく。,市場や路上で、見知らぬ年配の男性に声をかける時,Ya Hajj (おお、巡礼者よ),実際にメッカ巡礼（ハッジ）に行ったか確認することなく、年長者には無条件でこの尊称を用い、宗教的徳を仮託して最大限の敬意を払う。,学校の教師だけでなく、事務職や知識人風の人物に話しかける時,Ya Ustaz (おお、教授/先生),Ustazは「教授」を意味するが、一般のホワイトカラーや教養ある大人全般に対する汎用的な敬称として拡張され、教育的権威への敬意を示す。,修理工や技術系の仕事をしている人、あるいは単なる敬意として,Ya Bashmuhandis (おお、チーフエンジニア),トルコ語由来のBash（長）とアラビア語のMuhandis（技師）の合成。高度な技術職への憧れから、相手を高く持ち上げるための極めて丁寧なお世辞的敬称。
第2象限,スーダン,【事実】,ハルトゥームのストリートスラング「Randok（ランドック）」,ハルトゥームの路上生活者、若者、小間物売り（シャマシーラ）たちの間で隠語として発生し、後に都市部の若者全般に広まった独自の言語体系。,警察や保守的な大人たちから会話の内容（犯罪計画、違法取引、恋愛など）を隠蔽し、ストリートの仲間内でのみ通じる連帯感を強化する。,主流社会から疎外されている若者たちに、「自分たちだけの暗号を持っている」という優越感と、強いイングループ（内集団）の帰属意識を与える。,急速な都市化と経済悪化によりハルトゥームに流入した多様な民族の若者たちが、標準アラビア語の語彙を反転・変形させて生み出した対抗文化（カウンターカルチャー）。,親しい仲間と挨拶を交わす時、相手の信頼性を讃える時,Ya Asli (おお、オリジナルな奴よ),Asli（本物・オリジナル）は、「信頼できる奴」「最高にクールな仲間」を意味し、偽物に溢れた厳しい路上生活の中で確かな絆を確認し合う表現。,ストリートで顔が広く、タフで機転の利く若者を形容する時,Shifta (シフタ),元はアムハラ語で「盗賊・反逆者」を意味するが、ランドックでは権力に屈しないストリートスマートな不良を指すポジティブな称号として共感を生む。,食事やお金に関する話題を、外部の大人や警察に悟られずに話す時,Hanka (ハンカ / 食べる・食事),標準アラビア語のAkl（食事）を避け、独自の語彙を用いることで、路上で手に入れた食料や資金の出処を隠避しつつ仲間内で情報を共有する。
第3象限,スーダン,【都市伝説】,ダルフール人＝西アフリカからの不法侵入者（チャド人）説,「ダルフール地方の非アラブ系先住民（フール人やザガワ人など）は、本来のスーダン人ではなく、チャド等の西アフリカから不法侵入したよそ者である」という政治的デマ。,非アラブ系住民の市民権や土地所有権を剥奪し、アラブ系民兵（ジャンジャウィード）による民族浄化や虐殺を「国家防衛」として正当化する。,多数派のアラブ系住民に対し、残虐行為への罪悪感を消し去り、「自分たちは侵略者から祖国を守っている」という歪んだ正義感と免罪符を与える。,遺伝学的・歴史的に非アラブ系先住民は古代から同地に定住する固有民族だが、バシール政権のアラブ至上主義政策下で、軍事弾圧を正当化するため人為的に流布された偽の歴史（Jok Madut Jok等の研究）。,軍や民兵の検問所で、肌の黒いダルフール出身者を尋問する状況,Inta Tchadi? (お前はチャド人か？),相手の国籍やルーツを根拠なく「チャド人（外国人）」と決めつけ、スーダン国民としての権利を剥奪し、不当逮捕や殺害を正当化する殺戮のレトリック。,政府系メディアや政治家が、ダルフールの反乱軍について演説する状況,Mutasalilin min al-Gharb (西からの侵入者たち),国内の政治的・経済的抑圧に対する正当な反乱であることを隠蔽し、「外国からの侵略軍によるテロ」と定義することで、国内の共感を遮断（キャンセル）する。,SNS上でアラブ系至上主義者が非アラブ系を攻撃（ヘイトスピーチ）する状況,Zurug (黒い奴ら / 外来の黒人),ダルフール人を単なる「スーダン国民の一部」ではなく、国を乗っ取ろうとする異質な黒人集団（Zurug）として描き出し、分断を決定的なものにする陰謀論的実践。
第4象限,スーダン,【事実】,バシール政権（およびイスラム主義者）を風刺するあだ名と言葉遊び,約30年間続いたオマル・アル＝バシール独裁政権と、それを支えたイスラム主義勢力（ムスリム同胞団）の腐敗を揶揄するストリートやネット上のニックネーム。,厳しい言論統制下で、検挙のリスクを下げながら政権の正当性を剥ぎ取り、民主化運動（2018-19年革命）に向けた市民の反抗の意思を統一する。,恐怖政治に対する恐怖心を笑いによって中和し、「独裁者も単なる滑稽な存在にすぎない」と権威を相対化することで、抑圧下のフラストレーションをガス抜きする。,2019年の政権崩壊に至る過程で、スーダンの豊かな詩的伝統と若者のSNS文化が融合し、プロテストの原動力として機能した高度な政治的ユーモア。,大統領が国民の苦境を無視して、集会でステッキを振り回して踊る姿を批判する時,Al-Raqqas (ダンサー / 踊る男),国家の危機的状況において、具体的な政策を語る代わりに演説で踊ってごまかすバシール大統領の姿を「単なる踊り子」と矮小化し、大統領の威厳を破壊した。,腐敗した政府高官やイスラム主義の体制内エリート（同胞団）を一括りに非難する時,Kizan (キザーン / コップたち),同胞団の標語「我々は宗教の海をすくうコップ(Kuz)だ」を市民が逆手に取り、「国家の富を底なしにすくい取る強欲なコップ共」という意味に反転させた見事なバクロニム的風刺。,ネット上の反体制フォーラムで大統領の名前を直接書くのを避ける時,Al-Bashkeer (バシュキール / タオル),バシール（Bashir）の名前をもじった言葉遊び。Bashkeerはアラビア語で「タオル」を意味し、国富や国民の希望を「拭き取って（搾取して）しまった」ことを痛烈に皮肉っている。
第1象限,南スーダン,,,NO_DATA,,,,,,,,,,,,
第2象限,南スーダン,,,NO_DATA,,,,,,,,,,,,
第3象限,南スーダン,【事実】,内戦下の民族的ヘイトスラングと暗号表現,2013年以降の南スーダン内戦において、ディンカ系とヌエル系の武力衝突時に相手民族を非人間化したり、政治的裏切りを非難するために用いられたルワンダ内戦時のラジオ放送に似た隠語・蔑称。,敵対民族を即座に特定して暴力の標的（ターゲット）にすることや、自集団内の裏切り者を「異端」としてキャンセルし粛清することを容易にする。,相手を同じ人間ではなく「通信会社の記号」や「金銭の亡者」などの概念に置き換えることで、殺害や迫害に対する心理的ハードルを著しく下げる。,通信会社のキャッチコピーなどを流用することで、残虐行為を日常的・商業的言語のベールで包み隠し、罪悪感を麻痺させる言語的メカニズム（紛争解決学者らの報告に基づく）。,ディンカ系の政府軍兵士が、検問所でヌエル系住民を標的化して探す時,MTN (エム・ティー・エヌ),携帯キャリアMTNの標語「Everywhere you go」をもとに、「どこにでも潜んでいる（駆除すべき）ヌエル人」を指す暗号として使用され、殺害の合図として機能した極めて凄惨なスラング。,反政府側（ヌエル系）の人間が、政府側（ディンカ主導）に寝返った同族の政治家を非難する時,Nuer Wew (お金のヌエル),Wewはお金を意味する。大義や民族の連帯を捨て、個人的な蓄財やポストのために政府に魂を売った裏切り者に対して貼られる政治的なキャンセルのレッテル。,民族間の優越性に関する口論や、他民族がディンカ人の覇権主義を批判する時,Monjyeng (人間の主人 / 真の人間),ディンカ人が自らを指す誇り高い自称だが、他民族からは「ディンカ人以外を劣等視する覇権主義の象徴」として受け取られ、分断と敵意の火種として機能する。
第4象限,南スーダン,,,NO_DATA,,,,,,,,,,,,
第1象限,エリトリア,【事実】,ティグリニャ語の敬称と三人称複数の敬意用法,会話において、相手の年齢や社会的地位に応じて「アト/ウェイズロ」等の称号を付けたり、単数の相手に対してあえて三人称複数形（N'ssom）を用いて距離を取る言語実践。,長幼の序や社会的地位の違いを言語的に明確にマーキングすることで、保守的で厳格なエリトリア社会の秩序と礼儀作法（Habeshaのエチケット）を維持する。,目上の人間には「敬われている」という社会的承認を満たし、目下の人間には「礼節を守る正しいコミュニティの一員である」という自己効力感を与える。,エチオピアのティグレ州などと共通するアビシニア（ハベシャ）文化圏特有の、極めて階層的で複雑な敬語体系が現代社会にも色濃く残っている事実に基づく。,公式な場や初対面で、年配の男性・女性に呼びかける状況,Ato / Weyzero (～氏 / ～夫人),Ato（アト）は男性へ、Weyzero（ウェイズロ）は既婚女性への標準的な敬称。これらを省略して名前だけで呼ぶことは、相手の尊厳を傷つける無礼な振る舞いとされる。,自身の親や、祖父母世代の長老に直接話しかけたり、彼らについて言及する状況,N'ssom (彼らは),相手が目の前にいる一人であっても、親称（N'sska等）を使わず、三人称複数形であるN'ssomを用いることで、物理的・心理的な「遠さ」を演出し、絶対的な敬意を表現する。,親しくない同世代や、少し年上の相手に丁寧に話しかける状況,Haftey / Hawey (私の姉妹 / 私の兄弟),実際の血縁がなくても、擬似的な親族呼称を用いることで、適度な敬意を保ちつつ、コミュニティ内の調和と友愛の精神（敵対していないこと）を示す。
第2象限,エリトリア,【事実】,「Tegadelti（解放戦士）」のレキシコン（独立闘争語彙）の日常化,30年に及ぶエチオピアからの独立戦争を戦った戦士たち（Tegadelti）が使用していたマルクス主義的・軍事的な語彙が、独立後の一般社会で精神的な連帯や共感を表す言葉として定着した現象。,国民に対し「我々は今も終わらない闘争（国造り）の中にある」という意識を共有させ、国家への忠誠と仲間内の強固な連帯感（ナショナリズム）を維持する。,過去の英雄的な独立戦争の神話に自らを重ね合わせることで、現在の経済的・政治的困難に対する忍耐力を美化し、ロマンチックな誇り（アハ体験）を感じさせる。,EPLF（エリトリア人民解放戦線）が主導した独立戦争のイデオロギーと軍事文化が、独立後の国家建設においてそのまま「公式の国民文化」として移植された社会言語学的背景を持つ。,与党（PFDJ）の集会や、国民役務に就く若者同士が同志的連帯を確認する時,Bitzay (同志),元々は左派ゲリラの呼称（Comrade）だが、現在でも「苦難を共にする同胞」という強い結びつきを示す言葉として、公私にわたり深い共感と敬意を込めて使われる。,国際的な経済制裁や、国内の物資不足などの困難について語り合い、互いを励ます時,Mekhete (不屈 / 抵抗),単なる「我慢」ではなく、外圧に対する英雄的な「レジスタンス・抵抗」を意味する。困難を「我々が試されている神聖な試練」へと昇華させる美的な文化的メタファー。,独立後に生まれ、国民役務（兵役等）に従事する若者世代について言及する時,Warsay (継承者),独立を勝ち取った親世代（Yikealo＝万能な者）の遺産を受け継ぎ、国家を防衛・建設する義務を負う若者を指す。世代間の繋がりと責任を美化するイデオロギー的表現。
第3象限,エリトリア,【事実】,エチオピア・エリトリア紛争に起因する歴史的・政治的ヘイトスラング,エリトリア独立戦争から1998年の国境紛争、さらには最近のティグレ紛争に至る過程で、両国の政治的対立や民族的差異を背景にして生み出された相手を非難・キャンセルするための直接的な蔑称。,仮想敵国（特にエチオピアやティグレ州）の脅威を煽ることで国内の不満を外部に逸らし、野党勢力や反体制派を「外国の回し者」として社会から排除する。,「自国はつねに裏切り者や野蛮な隣国によって脅かされている」という被害者意識を固定化し、他者への攻撃性を正当化する。,アフリカの角地域における複雑な国境線の画定問題と、EPLFとTPLF（ティグレ人民解放戦線）というかつての共闘組織同士の決裂という歴史的・政治的事実に基づく。,エチオピアのティグレ人を侮蔑する時、あるいは国内の素行が悪い人間を罵る時,Agame (アガメ),元々はエチオピア・ティグレ州の国境地帯の地名だが、かつてエリトリアに日雇い労働に来ていた貧しいティグレ人を指す言葉から転じ、「卑しい奴」「裏切り者」という強烈な民族的スラーとなった。,政府批判をする海外ディアスポラや反体制活動家を非難・キャンセルする時,Woyane (ウォヤネ),エチオピアのTPLF（ティグレ人民解放戦線）を指す言葉だが、エリトリア国内では「TPLFの手先」「国家の裏切り者」というレッテルとして機能し、一切の政治的異論を封殺するために濫用される。,歴史を振り返り、エチオピア軍（デルグ政権）とエリトリア兵の戦いを語る時の対比,Wembere (山賊 / 盗賊),エチオピア軍側がエリトリア独立派を「単なる山賊（Wembere）」と呼んで正当な交戦権を否定したのに対し、エリトリア側は自らを「獅子（Ambesa）」と呼び、言語空間での正当性獲得の闘争を繰り広げた。
第4象限,エリトリア,【事実】,噂の震源地「Bado Seleste（03）」の暗躍（情報統制下でのガス抜き）,極めて厳格な情報統制下（報道の自由度ランキング世界最下位レベル）にあるエリトリアにおいて、市民が「03（バド・セレステ）によると…」という前置きをつけて、希望的観測や政治的風刺、出所不明の噂話を語る口コミ文化。,政府の公式発表（プロパガンダ）が信用できない中で、代替的な情報共有ネットワークとして機能し、同時に「単なる噂にすぎない」という建前で密告のリスクを回避する。,抑圧的な現実（いつ兵役が終わるか分からない等）に対する不安を、「03がこう言っていた」というジョークや都市伝説的な噂に変換することで、心理的なガス抜きを図る。,独立戦争時代、EPLFの軍事情報・プロパガンダ部門のコードネームが「03」であったことに由来する。現在ではそれが転じて「路上情報のハブ（あるいは無責任なデマの発生源）」の代名詞となっている。,サワ（軍事訓練キャンプ）で、無期限の兵役に対する不安を紛らわすために除隊の噂を流す時,"According to 03, we are getting released next month. (03の情報によると、来月には除隊らしいぞ)",全く根拠のない希望的観測だが、「03」という権威めいた（しかし実体はない）主語を使うことで、絶望的な状況下での一種のエンターテインメントや精神安定剤として消費する。,友人が大袈裟な話をしたり、政府のプロパガンダをそのまま信じているのを嘲笑う時,"Don't listen to him, that's just 03 talking. (あいつの言うことは聞くな、ただの03の戯言だ)",真実が誰にも分からない社会において、情報そのものの信憑性を冷笑的に捉え、深刻な状況をユーモアで乗り切るためのメタ認知的なツッコミ。,国境の開放や経済制裁の解除など、口に出すのが危険な政治的願望を語り合う時,03 says the border will open tomorrow. (03によると明日には国境が開くらしい),直接的に政府に政策変更を要求することは不可能であるため、「03が流した噂」というフィクションの形をとることで、権力に対する間接的な不満の表明と期待の共有を行う。
第1象限,ジブチ,,NO_DATA,,,,,,,,,,,,,
第2象限,ジブチ,,NO_DATA,,,,,,,,,,,,,
第3象限,ジブチ,,NO_DATA,,,,,,,,,,,,,
第4象限,ジブチ,,NO_DATA,,,,,,,,,,,,,
第1象限,ソマリア,,NO_DATA,,,,,,,,,,,,,
第2象限,ソマリア,,NO_DATA,,,,,,,,,,,,,
第3象限,ソマリア,,NO_DATA,,,,,,,,,,,,,
第4象限,ソマリア,,NO_DATA,,,,,,,,,,,,,
第1象限,エチオピア,【事実】,アムハラ語の厳密な敬語・代名詞体系,相手の年齢や社会的地位に応じて代名詞（T-V distinction）を厳格に使い分ける実践,社会の階層秩序とヒエラルキーの維持,帰属意識と社会的承認、権威への服従,エチオピアの伝統的な階層社会や正教会の権威構造が言語に反映されたもの。敬称・親称の使い分けが社会秩序として機能している。,年長者や目上の人へ直接話しかける状況,???? (Irswo / あなた様),相手に最大限の敬意を示し、社会の階層秩序を維持する。,上司や尊敬する第三者について言及する状況,???? (Isachew / あの方),第三者に対しても複数形由来の敬称を用いることで、その場にいない権威も尊重する。,同輩や目下の者へ話しかける状況,??? (Ante / 男性へ) または ??? (Anchi / 女性へ),対等または目下の者を示す親称を用いることで、ヒエラルキーの相対的な位置関係を明確にする。
第2象限,エチオピア,,NO_DATA,,,,,,,,,,,,,
第3象限,エチオピア,【事実】,現代政治における分断と非難のレッテル,内戦や民族対立の中で、敵対勢力を歴史的・政治的用語で非難・キャンセルする実践,特定の階層や集団を非難・キャンセルし、政治的動員を図る,敵対心やスケープゴートへの攻撃を通じた内部の結束,2020年以降の国内紛争において、SNSやメディアを通じて急速に普及したプロパガンダやヘイトスピーチの研究に基づく。,アムハラ系の歴史的支配を非難・攻撃する状況,ネフテニャ (Neftenya / 元々は「銃を持つ者」の意),19世紀の帝国時代の入植者を指す言葉を、現代のアムハラ人全体への民族的スラーとして転用し分断を煽る。,政府支持派がティグレ人民解放戦線（TPLF）を非難する状況,ジュンタ (Junta / 軍事政権・派閥),TPLFを正当な政治集団ではなく「破壊的な武装派閥」として定義し、キャンセル・討伐を正当化する。,政府が反政府武装勢力を攻撃する状況,シェネ (Shene / OLF-Sheneなど),特定の武装集団をテロリストとしてレッテル貼りし、対話の余地を排除する闘争の言葉。
第4象限,エチオピア,,NO_DATA,,,,,,,,,,,,,
第1象限,ケニア,【事実】,スワヒリ語の敬意表現と挨拶体系,年長者や権威者に対する厳密な挨拶のルールと応答,世代間・階層間のヒエラルキーの維持と確認,帰属意識と社会的承認、または若年層の服従の強制,スワヒリ語圏における年齢階梯制やイスラム的価値観の影響に基づく言語的儀礼。伝統的な尊敬の念が挨拶のやり取りに組み込まれている。,若者が年長者へ挨拶する状況,Shikamoo (シカモー),年長者への絶対的な服従と敬意を明示的に示す（原義は「あなたの足を抱きしめる」）。,年長者が挨拶を返す状況,Marahaba (マラハバ),若者からの敬意を承認し、上の立場から相手を祝福することで社会秩序を維持する。,生徒が教師へ呼びかける状況,Shikamoo mwalimu (先生、シカモー),学校という制度的空間において、教師の権威を言語的に固定化し秩序を守る。
第2象限,ケニア,【事実】,ナイロビの若者言葉「Sheng（シェン）」,スワヒリ語、英語、現地語を混合した都市部の隠語・スラング,ストリートの若者同士の連帯、外部者（警察や親世代）の排除,アハ体験、仲間内での優越感や共感,1970年代のナイロビ東部のスラム街で自然発生したクレオール的言語実践であり、社会言語学の研究対象として確立している。,警察官などの権力者を警戒して仲間内で話す状況,Karao (カラオ),警察を指す隠語を用いることで、外部の脅威を排除し仲間内の連帯を高める。,お金やビジネスの生々しい話をする状況,Chapaa (チャパア),経済活動の生々しさを隠語で軽く表現し、ストリートの連帯感を生む。,魅力的な女性について身内で語る状況,Manzi (マンジ),既存のスワヒリ語規範（Msichana）を避け、ストリート独自の美意識と共感圏を形成する。
第3象限,ケニア,【事実】,2022年大統領選挙における分断の政治用語,政治家やメディアが支持者と敵対者を二極化するために用いたレッテル貼り,特定の階層や集団を非難・キャンセルし、政治的動員を図る,特権階級へのルサンチマンの煽動、または敵対心,W.ルト陣営が用いたフレーム。ケニア政治においてエスニックな対立から「階級的対立」へと言説が変化した象徴的事例として分析される。,エリート世襲政治家を批判・非難する状況,Dynasties (ダイナスティ / 王朝・世襲一族),独立後から権力を握る一族を「特権階級」として名指し、非難と分断を煽る。,庶民層を鼓舞し、エリートと対立させる状況,Hustlers (ハスラー / 苦労して稼ぐ庶民),自らを不遇だが勤勉な層と定義し、特権階級への怒りを正当化する闘争の言葉。,敵対する政治派閥の遊説を揶揄する状況,Tanga Tanga (タンガタンガ / 目的なくうろつく),大統領が副大統領陣営を非難した言葉を逆手に取り、または揶揄として固定化した闘争用語。
第4象限,ケニア,【都市伝説】,日常の苦難をユーモアに変える民間語源・言葉遊び,貧困や都市生活の厳しさを、ウィットに富んだ語源解釈やバクロニムで笑いに変えて語り継ぐ実践,社会的・経済的不満のガス抜き、制約の遊戯的昇華,苦境を笑い飛ばすことによるストレス軽減とカタルシス,都市民俗学において、経済的困窮やインフラの不備を言語的ユーモアによって乗り越えるサバイバル戦略として分析される。,給料日前の質素な食事について語る状況,Sukuma wiki (スクマウィキ / ケール類),直訳の「1週間（wiki）を押し延ばす（sukuma）」という言葉遊びで、貧困の苦しさを笑いに変える。,危険なバイクタクシーの由来を語る状況,Boda Boda (ボダボダ),「Border to Border（国境から国境へ）」というダイナミックな偽語源（または民間語源）で、インフラの欠如をロマンティックに語り継ぐ。,詰め込みすぎの乗合バスの運賃について語る状況,Matatu (マタツ),スワヒリ語の「3 (tatu)」に由来し、昔の運賃が3セントだったという伝説を語ることで、カオスな交通機関に親しみを持たせる。
第1象限,ウガンダ,【事実】,ルガンダ語の敬称とジェンダー的礼儀作法,挨拶時に相手への絶対的な敬意を示すための言葉と身体動作（ひざまずきなど）のセット,社会の階層秩序とジェンダーロールの維持,年長者への敬意の醸成と、規範への服従,ブガンダ王国の強力な王権と家父長制社会に由来する、厳格な階層・ジェンダー規範の言語的表出。,目上の男性や客人に挨拶する状況,Ssebo (セーボ / 男性への敬称),相手の男性としての権威を認め、社会の階層秩序を守る。,目上の女性に挨拶する状況,Nnyabo (ニャーボ / 女性への敬称),女性の年長者に対する敬意を示し、コミュニティ内の秩序を維持する。,女性が目上の人に挨拶をする状況,Otyanno（ごきげんよう）と言いながらひざまずく (Okufukamira),言葉と身体的服従（ひざまずき）を組み合わせることで、伝統的なジェンダーと年齢のヒエラルキーを体現する。
第2象限,ウガンダ,,NO_DATA,,,,,,,,,,,,,
第3象限,ウガンダ,,NO_DATA,,,,,,,,,,,,,
第4象限,ウガンダ,【都市伝説】,カンパラのストリートにおけるバクロニムと民間語源,日常の食べ物や乗り物の名前に、英語由来のもっともらしい（しかしユーモラスな）偽語源を与える実践,社会的・経済的不満のガス抜き、制約の遊戯的昇華,苦境を笑い飛ばすことによるストレス軽減とカタルシス,植民地時代の英語の権威と、現地のストリート文化が混交する中で生まれた都市民俗学的な言葉遊び。事実とは異なる民間語源が広く信じられている。,ウガンダの名物屋台飯「ロレックス（Rolex）」の由来を語る状況,Rolexは高級時計ではなく「Rolled eggs（巻いた卵）」が訛ったものだという説,庶民の安価なB級グルメに高級時計と同じ音を持たせ、ユーモアとして消費する。,カンパラ市内の乗合タクシーの乱暴な運転について語る状況,乗合タクシーを「Kamunye（カムニェ / 鷲）」と呼び、客を獲物のようにかっさらうからだとする説,危険で粗っぽい交通機関を猛禽類に例え、都市インフラの過酷さをユーモアを交えて語り継ぐ。,庶民のサバイバル食「キコマンド（Kikomando / チャパティと豆）」の由来を語る状況,映画『コマンドー』のシュワルツェネッガーのように、過酷な状況を生き抜く強さを与える食べ物だからという説,貧困層の質素な食事をハリウッドのアクションヒーローに例え、貧困の苦境を笑いと誇りに変換する言葉遊び。
第1象限,タンザニア,【事実】,敬意表現「シカモー（Shikamoo）」と年齢階層,年下が年長者に対して「シカモー（あなたに足をキスします）」と挨拶し、年長者は「マラハバ（喜んで受け入れます）」と返す絶対的な規範。,厳格な長幼の序と社会的ヒエラルキーの維持。,敬意を示すことによる安心感と、社会的枠組み・共同体への所属感。,アラビア語由来の奴隷制時代の言葉（nashika miguu）が起源とされるが、現在は純粋に年齢や社会的地位に対する敬意を示す標準スワヒリ語の絶対的規範として定着している。,子供が道端で近所の老人に出会った時,"Shikamoo, babu.（おじいさん、シカモー）",血縁関係がなくても、見た目で年長と判断すれば無条件に使用され、社会全体の長幼の序を強化する。,生徒が学校で教師に挨拶する時,"Shikamoo, mwalimu.（先生、シカモー）",知識を授ける権威者としての「教師」という立場への敬意であり、年齢に関わらず社会的地位に対して使われる。,年長者が若者の挨拶に応じる時,"Marahaba, mwanangu.（マラハバ、我が子よ）",挨拶を受け入れ、目下を慈しむパターナリズムの表出であり、この応答セットで初めて社会的関係が成立する。
第2象限,タンザニア,【都市伝説】,「ムズング（Mzungu/白人）」の民間語源,スワヒリ語で白人を意味する「ムズング」の語源が、「道に迷ってウロウロする人（Kuzunguka）」であると広く信じられている。,アフリカの土地に不慣れだった初期のヨーロッパ人探検家を滑稽に描き、現地人の優位性を示すナラティブの共有。,植民地主義の歴史的トラウマをユーモアを交えた民間伝承に変換することでの心理的優位性の確保とアハ体験。,学術的にはバンツー語群の祖語で「霊」や「不思議なもの」を意味する語根に由来するという説が有力だが、一般には「kuzunguka（回る・うろうろする）」から派生したという民間語源（後付けの解釈）が定着している。,観光客が道に迷っているのを見たガイドが冗談めかして説明する時,Wao ni wazungu kweli.（彼らはまさにムズング（迷って回る人）だね）,語源の噂を実際の状況に当てはめ、親しみと軽いからかいを込めて使用する。,日常会話で白人という言葉の由来が話題になった時,Wazungu walizunguka.（ムズングたちはウロウロしたんだ）,歴史的な出来事を、言語の成り立ちという分かりやすいストーリーとして自己流に解釈・消費している。,アフリカ人が見知らぬ土地で道に迷ったと自嘲する時,Leo nimekuwa mzungu.（今日は私がムズング（ウロウロする人）になったよ）,白人を指す言葉を、その民間語源（迷う人）の原義に還元して自らに適用する高度な言葉遊びと連帯。
第3象限,タンザニア,【事実】,政治的非難のレトリック（Fisadi/Kupe）,汚職政治家や搾取層を、ダニなどの寄生虫や絶対悪（破壊者）を示す強い言葉で非難・カテゴライズする実践。,腐敗したエリート層と一般大衆の間に明確な分断線を引き、大衆の怒りと政治的関与を動員する。,共通の敵を設定することによる、抑圧された大衆側のカタルシスと道徳的優位性の獲得。,タンザニアの社会主義（ウジャマー）時代の名残もあり、資本主義的な搾取や汚職に対する言語的糾弾は、メディアや議会において現在でも極めて活発に用いられる修辞技法である。,巨額の公金横領スキャンダルが報じられた時,Mafisadi papa.（巨大な汚職ザメたち）,「Fisadi（破壊者・汚職者）」に「papa（サメ）」を付け、貪欲に国富を食い荒らす巨悪として描写する。,労働者を搾取する資本家や悪徳な雇用主を批判する時,Wao ni kupe.（奴らはダニだ）,ウジャマー時代のイデオロギー用語。他者の労働の成果を吸い取る寄生虫としての強烈な非難。,選挙戦で対立候補の裏切りやスパイ行為を非難する時,Yule ni mamluki.（あいつは傭兵だ）,理念なく金や権力になびく裏切り者として、政治家の信頼性を根本から否定する。
第4象限,タンザニア,【事実】,カンガ布を通じた暗喩の当てつけ「ヴィジェンベ（Vijembe）」,女性が着用する伝統布「カンガ」の裾に印刷された諺（ことわざ）を用いて、直接言えない不満や当てつけを間接的に表現する。,直接的な対立（口論）を避けつつ、コミュニティ内で社会的なメッセージや警告を発信する。,ユーモアと暗喩のベールに包むことで、対人関係の角を立てずに不満をガス抜きするカタルシス。,スワヒリ文化圏の女性特有のコミュニケーション手段として確立しており、文化的規範としての「沈黙」と「表現」を両立させる高度な言語的・視覚的遊戯である。,夫の浮気を疑っているが直接問い詰められない妻が、夫の前でカンガを着る時,Kikulacho ki nguoni mwako.（あなたを噛む虫は、あなたの服の中にいる）,「身内からの裏切り」を意味する諺で、夫に対して「私は気づいている」と暗に警告する。,近所の女性から根も葉もない噂話をされている時、その女性が通る道で布を干す,Maneno maneno ya nini?（なんでそんなにゴタゴタ言うの？）,相手を名指しはしないが、通りがかった当事者には確実に伝わる形での牽制。,貧しいが出世したことを妬む人々に対して,Hasira za mkizi furaha kwa mvuvi.（ムキジ（魚）の怒りは漁師の喜び）,嫉妬して騒げば騒ぐほどこちらの利益になる、と相手の怒りを余裕でかわし昇華するユーモア。
第1象限,ルワンダ,【事実】,牛を介した伝統的挨拶と祝福（Amashyo）,キニヤルワンダ語のフォーマルな挨拶において、「牛（inka）」に関連する語彙を用いて相手の繁栄を祈り合う絶対的な規範。,伝統的な牧畜文化に基づく価値観を共有し、互いの社会的地位への敬意とヒエラルキーを構築する。,最高の財産である「牛」を言及されることで得られる自己重要感と、共同体への帰属感。,ルワンダの伝統社会において牛は富と権力の象徴であり、言語表現の随所に牛のメタファーが組み込まれ、現在でも年長者やフォーマルな場で使用される事実である。,尊敬する相手や年長者に深い敬意を込めて挨拶する時,Gira amashyo.（数え切れぬほどの牛の群れを持ちますように）,単なる「こんにちは」を超え、相手の経済的・社会的な究極の繁栄を祈る最も丁寧で権威ある挨拶。,「Gira amashyo」と挨拶された側の返答時,Amashongore.（[あなたには] 美しい雌牛の群れがありますように）,祝福に対して、さらに価値の高い「乳を出し子を産む雌牛」を願うことで、社会関係上の相手を立てる返答。,親しい友人や、結婚式などで深い祝福を表す時,Gira inka n'abana.（牛と子供に恵まれますように）,富の象徴である「牛」と繁栄の象徴である「子供」をセットで願うのが、ルワンダにおける伝統的かつ究極の祝福表現である。
第2象限,ルワンダ,,NO_DATA,,,,,,,,,,,,,
第3象限,ルワンダ,【事実】,ジェノサイドにおける非人間化の隠語（Inyenzi等）,1994年のジェノサイドにおいて、標的となったツチ族を虫や雑草に例え、殺害行為を「農作業」などの日常語に置き換えて扇動した言語実践。,特定集団から人間性を剥奪し、一般市民に殺害への心理的ハードルを下げさせ、分断と大量虐殺を正当化する。,「人間を殺している」という罪悪感を麻痺させ、「害虫駆除」「農作業」という集団的義務感へとすり替える。,千の丘の自由ラジオ・テレビジョン（RTLM）等のメディアによって組織的に拡散された言語プロパガンダであり、ジェノサイド研究で立証されている歴史的事実。,ラジオ放送等でツチ族を名指しして非難・煽動する時,Inyenzi.（ゴキブリ）,相手を暗闇に潜む害虫として非人間化し、「駆除」されるべき存在として大衆に認識させた。,民兵（インテラハムウェ）が集会でツチ族の殺害を呼びかける時,Inzoka.（ヘビ）,ゴキブリと同様に、油断ならない危険な生き物であり、見つけ次第叩き潰さねばならないという恐怖心を煽るレトリック。,殺害部隊に虐殺の実行（作戦）を指示する時,Gukura ibyatsi.（雑草を抜く）,大量虐殺という残虐行為を、ルワンダ人に馴染み深い「農作業」という肯定的な共同作業の言葉に置き換えた極端な闘争言語。
第4象限,ルワンダ,【事実】,伝統的謎解き遊び「イビサクゾ（Ibisakuzo）」,日常の事物や自然現象を、擬人化や隠喩を用いて表現し、相手に答えを当てさせる伝統的な言葉遊び（なぞなぞ）。,対立を生まない形での子供の言語能力や観察力を養う教育的機能と、夜の団欒における娯楽。,巧妙な比喩の謎が解けたときのアハ体験と、世代間のコミュニケーションによる親密さの向上、退屈な日常からのガス抜き。,口承文学として高く評価されており、ルワンダの伝統的社会において言語の豊かさと創造性を次世代に伝える重要な遊戯的手段であった。,「私の娘たちは皆踊っている」と問いかける時,Abakobwa banjye babyina bose.（答え：Amababi y'urutoki / バナナの葉）,風に揺れるバナナの大きな葉を、一斉に踊る少女たちに見立てた美しい擬人化と遊戯。,「遠くにいるのに、あなたを見ている」と問いかける時,Kari kure ariko karakubona.（答え：Izuba / 太陽）,太陽を、遥か彼方から地上を監視する目や存在として捉える宇宙観の反映。,「キガリで草を食む牛の鳴き声が、ニャンザで聞こえる」と問いかける時,Inka yanjye irisha iKigali nkumva icyogoro cyayo iNyanza.（答え：Igare / 自転車）,自転車のチェーンの音やベルの音を、遠くまで響く牛の鳴き声に例え、近代技術を伝統的語彙で解釈したユーモア。
第1象限,ブルンジ,,NO_DATA,,,,,,,,,,,,,
第2象限,ブルンジ,,NO_DATA,,,,,,,,,,,,,
第3象限,ブルンジ,,NO_DATA,,,,,,,,,,,,,
第4象限,ブルンジ,,NO_DATA,,,,,,,,,,,,,
第1象限,セーシェル,,NO_DATA,,,,,,,,,,,,,
第2象限,セーシェル,,NO_DATA,,,,,,,,,,,,,
第3象限,セーシェル,,NO_DATA,,,,,,,,,,,,,
第4象限,セーシェル,,NO_DATA,,,,,,,,,,,,,
第1象限,コモロ,【事実】,「大婚（Anda）」に基づく称号と階層語彙,最高峰の儀礼「大婚（アンダ）」を完遂したか否かで、男性の社会的呼称や発言権を厳格に区別する言語実践。,莫大な富の再分配を伴う儀式を社会の頂点に置き、村落内の長老支配（ゲロントクラシー）と秩序を強固に維持する。,大婚を終えた者には至上の名誉と特権意識を与え、未達成者には儀式遂行への強烈な動機付け（または劣等感）を抱かせる。,アンダ（大婚）はコモロ社会（特にグランドコモロ島）の根幹をなす慣行であり、称号や言語空間がこの儀式階層に支配されていることは人類学的に広く報告されている。,公共の広場（バンウェ）で政治的な議論や決定が行われる時,Wandru wadzima.（完全な男たち）,大婚を終えた男性のみがこの呼称で呼ばれ、公の場で発言し意思決定に参加する独占的な権利を持つ。,大婚を終え、地域社会における保護者や権威としての立場を強調する時,Wandru wababa.（父なる者たち）,「完全な男」の別称であり、地域社会の父親的な存在として、若年層に対して絶対的な指導力と権威を持つことを示す。,大婚を終えていない若者や成人男性を指し示す時,Wana mdji.（村の子供たち）,実年齢が50代であっても、大婚を終えていなければ社会的には「子供」として扱われ、公的な発言権を持たないという厳しい格付け。
第2象限,コモロ,,NO_DATA,,,,,,,,,,,,,
第3象限,コモロ,,NO_DATA,,,,,,,,,,,,,
第4象限,コモロ,,NO_DATA,,,,,,,,,,,,,
第1象限,マダガスカル,【事実】,Kabary（カバリ）におけるFialan-tsiny（前置き）,公の場でのスピーチ（カバリ）において、本題に入る前に自然界の比喩などを用いて長大で複雑な謝罪やへりくだりの言葉を述べる。,社会秩序とヒエラルキーの維持。聴衆や先祖への敬意の提示。,話者への信頼感と権威の醸成。他者からの非難（tsiny）を未然に防ぐ安心感。,マダガスカルの伝統的な演説様式。言霊への畏怖と先祖への敬意を重視する文化に基づき、言語学・人類学の対象として広く研究されている。,公の場でのスピーチ開始時,"Ny helo-drano fandrian'ny mamba, ny lohasaha fandrian'ny moka ary ny mitondra teny tahaka izao fandrian'ny tsiny.（入り江はワニの寝床、谷は蚊の寝床、そしてこのように言葉を語ることは非難[tsiny]の寝床である）",発言に伴うリスクを自然界の摂理に例え、自らの未熟さを前もって謝罪することで聴衆からの反感を防ぐ。,年長者や権威者の前で発言する際,"Ny akoholahy raha haneno miala kopakopaka, ny akohovavy raha hanatody miala faditrahitra...（雄鶏が鳴く前には羽ばたきをし、雌鶏が産卵する前には巣作りをするように、私が語る前には謝罪をする）",動物の習性を引き合いに出し、発言前の謝罪が社会の不可避の秩序であることを強調し、礼儀を示す。,自らの地位や能力をへりくだる際,Tsy mba ny rofia ravaky ny ala aho...（私は森を飾るラフィアヤシのような立派な存在ではありません）,自身の無力さを強調して自己を下げ、祖先や長老の権威を相対的に高めることで、共同体のヒエラルキーを維持する。
第1象限,モーリシャス,NO_DATA,NO_DATA,NO_DATA,NO_DATA,NO_DATA,NO_DATA,NO_DATA,NO_DATA,NO_DATA,NO_DATA,NO_DATA,NO_DATA,NO_DATA,NO_DATA,NO_DATA
第1象限,モザンビーク,NO_DATA,NO_DATA,NO_DATA,NO_DATA,NO_DATA,NO_DATA,NO_DATA,NO_DATA,NO_DATA,NO_DATA,NO_DATA,NO_DATA,NO_DATA,NO_DATA,NO_DATA
第1象限,ザンビア,NO_DATA,NO_DATA,NO_DATA,NO_DATA,NO_DATA,NO_DATA,NO_DATA,NO_DATA,NO_DATA,NO_DATA,NO_DATA,NO_DATA,NO_DATA,NO_DATA,NO_DATA
第1象限,マラウイ,NO_DATA,NO_DATA,NO_DATA,NO_DATA,NO_DATA,NO_DATA,NO_DATA,NO_DATA,NO_DATA,NO_DATA,NO_DATA,NO_DATA,NO_DATA,NO_DATA,NO_DATA
第2象限,マダガスカル,【事実】,Ohabolana（オハブラナ：ことわざ）,日常会話やスピーチの中で、自然や動植物にちなんだ比喩的なことわざを頻繁に用いて間接的に意見を伝える。,共同体内の価値観・道徳観の共有と、世代間の知識の伝承。,直接的な摩擦の回避による安心感。仲間意識と連帯感の強化。,マダガスカル語の極めて重要な要素であり、豊かな自然環境と農耕文化が反映され、道徳教育の基盤として広く実在する。,目上の者への態度を諭す際,Ny atody tsy miady amim-bato.（卵は岩と戦わない）,弱者が強者に無謀な戦いを挑むことの愚かさを説き、分をわきまえ共同体の調和を保つよう教訓を垂れる。,陰口や世間体の恐ろしさを語る際,"Ny tsiny toy ny rivotra: mikasika ny tena, fa tsy hita tarehy.（非難は風のようだ。体に触れるが顔は見えない）",目に見えない他者の視線や噂が共同体内でいかに影響力を持つかを比喩で表し、規範から逸脱しないよう促す。,恩知らずな振る舞いを戒める際,Aza mitsipa-doha laka-nitana.（川を渡らせてくれたカヌーを蹴り飛ばしてはいけない）,助けてくれた者への感謝を忘れないことの重要性を説き、共同体内の相互扶助の価値観を共有する。
第2象限,モーリシャス,NO_DATA,NO_DATA,NO_DATA,NO_DATA,NO_DATA,NO_DATA,NO_DATA,NO_DATA,NO_DATA,NO_DATA,NO_DATA,NO_DATA,NO_DATA,NO_DATA,NO_DATA
第2象限,モザンビーク,NO_DATA,NO_DATA,NO_DATA,NO_DATA,NO_DATA,NO_DATA,NO_DATA,NO_DATA,NO_DATA,NO_DATA,NO_DATA,NO_DATA,NO_DATA,NO_DATA,NO_DATA
第2象限,ザンビア,NO_DATA,NO_DATA,NO_DATA,NO_DATA,NO_DATA,NO_DATA,NO_DATA,NO_DATA,NO_DATA,NO_DATA,NO_DATA,NO_DATA,NO_DATA,NO_DATA,NO_DATA
第2象限,マラウイ,NO_DATA,NO_DATA,NO_DATA,NO_DATA,NO_DATA,NO_DATA,NO_DATA,NO_DATA,NO_DATA,NO_DATA,NO_DATA,NO_DATA,NO_DATA,NO_DATA,NO_DATA
第3象限,マダガスカル,NO_DATA,NO_DATA,NO_DATA,NO_DATA,NO_DATA,NO_DATA,NO_DATA,NO_DATA,NO_DATA,NO_DATA,NO_DATA,NO_DATA,NO_DATA,NO_DATA,NO_DATA
第3象限,モーリシャス,NO_DATA,NO_DATA,NO_DATA,NO_DATA,NO_DATA,NO_DATA,NO_DATA,NO_DATA,NO_DATA,NO_DATA,NO_DATA,NO_DATA,NO_DATA,NO_DATA,NO_DATA
第3象限,モザンビーク,NO_DATA,NO_DATA,NO_DATA,NO_DATA,NO_DATA,NO_DATA,NO_DATA,NO_DATA,NO_DATA,NO_DATA,NO_DATA,NO_DATA,NO_DATA,NO_DATA,NO_DATA
第3象限,ザンビア,NO_DATA,NO_DATA,NO_DATA,NO_DATA,NO_DATA,NO_DATA,NO_DATA,NO_DATA,NO_DATA,NO_DATA,NO_DATA,NO_DATA,NO_DATA,NO_DATA,NO_DATA
第3象限,マラウイ,NO_DATA,NO_DATA,NO_DATA,NO_DATA,NO_DATA,NO_DATA,NO_DATA,NO_DATA,NO_DATA,NO_DATA,NO_DATA,NO_DATA,NO_DATA,NO_DATA,NO_DATA
第4象限,マダガスカル,【事実】,Hainteny（ハインテニ：伝統的な詩的問答）,比喩、ことわざ、自然の情景を用いた伝統的な詩的問答。恋愛や対立などを主題とし、言葉遊びの要素が極めて強い。,対立や感情の知的な昇華。言葉の巧みさを競い合うことによる娯楽の提供。,緊張の緩和。高度な言葉遊びを通じた美的な満足感と知的快感。,マダガスカルの特にメリナ族の間で発達した口承文学で、19世紀から文書化され、言語芸術・遊戯的機能を持つものとして学術的に確認されている。,男女の求愛のやり取り,"Izaho no vary, ianao no rano: Tsy mifandao an-tsaha, Tsy misaraka an-tan?na.（私は米、あなたは水。田んぼでも離れず、村でも別れない）",日常に欠かせない米と水の不可分な関係を男女の愛に見立てており、言葉の美しさで相手を惹きつける娯楽性がある。,関係の修復や仲直りの場面,Aza atao fihavanam-bato... ataovy fihavanam-by raha tapaka azo atohy.（石のような関係ではなく、鉄のような関係であれ。折れても再び繋げるから）,直接的な謝罪や感情のぶつけ合いを避け、知的な比喩表現を用いることで、対立を芸術的に昇華させている。,相手の愛情を試す、あるいは別れの予感を示す場面,"Raha tia ahy kely ianao, izaho dia tatamo... Raha tsy tia ahy ianao, izaho dia vorona...（少しでも愛してくれるなら私は睡蓮に、愛してくれないなら飛び去る鳥になる）",関係の不確実性を美しい自然の情景に仮託し、相手の出方を伺う高度な言葉遊びとして機能している。
第4象限,モーリシャス,NO_DATA,NO_DATA,NO_DATA,NO_DATA,NO_DATA,NO_DATA,NO_DATA,NO_DATA,NO_DATA,NO_DATA,NO_DATA,NO_DATA,NO_DATA,NO_DATA,NO_DATA
第4象限,モザンビーク,NO_DATA,NO_DATA,NO_DATA,NO_DATA,NO_DATA,NO_DATA,NO_DATA,NO_DATA,NO_DATA,NO_DATA,NO_DATA,NO_DATA,NO_DATA,NO_DATA,NO_DATA
第4象限,ザンビア,NO_DATA,NO_DATA,NO_DATA,NO_DATA,NO_DATA,NO_DATA,NO_DATA,NO_DATA,NO_DATA,NO_DATA,NO_DATA,NO_DATA,NO_DATA,NO_DATA,NO_DATA
第4象限,マラウイ,NO_DATA,NO_DATA,NO_DATA,NO_DATA,NO_DATA,NO_DATA,NO_DATA,NO_DATA,NO_DATA,NO_DATA,NO_DATA,NO_DATA,NO_DATA,NO_DATA,NO_DATA
第1象限,ジンバブエ,【事実】,Mutupo（トーテム）を用いた挨拶と称賛,特定の動物や部位に由来するトーテム（Mutupo）を用いて相手を呼び、敬意を示す言語実践。,部族・氏族のアイデンティティ維持と、年長者への敬意の可視化。,帰属意識と社会的ポジションの確認による安心感。,[事実確認]ショナ人の間で広く実践されている伝統的慣習であり、文化人類学的にも多数の記録がある。,日常的な挨拶や感謝を伝える場面,"「Maita, Shumba」（ありがとう、ライオン）",個人の名前ではなく氏族のシンボルで呼ぶことで、祖先を含めた深い敬意を示す。,特定の氏族の者をより丁寧に称賛する場面,"「Maita, Soko, Mukanya」（ありがとう、猿、誇り高く歩く者よ）",トーテムに付随する称賛名（Chidao）を付け加えることで、より公式な敬意を表す。,公式な儀式や深い感謝を示す場面,"「Maita, Nhari, mwana waZvimba」（ありがとう、Nhari、Zvimbaの子よ）などの一節を唱える",氏族の祖先の歴史を引く詩的な言葉（Nhetembo）を唱えることで、共同体の絆を再確認する。
第2象限,ジンバブエ,,NO_DATA,,,,,,,,,,,,,
第3象限,ジンバブエ,,NO_DATA,,,,,,,,,,,,,
第4象限,ジンバブエ,,NO_DATA,,,,,,,,,,,,,
第1象限,ナミビア,,NO_DATA,,,,,,,,,,,,,
第2象限,ナミビア,,NO_DATA,,,,,,,,,,,,,
第3象限,ナミビア,,NO_DATA,,,,,,,,,,,,,
第4象限,ナミビア,,NO_DATA,,,,,,,,,,,,,
第1象限,ボツワナ,,NO_DATA,,,,,,,,,,,,,
第2象限,ボツワナ,,NO_DATA,,,,,,,,,,,,,
第3象限,ボツワナ,,NO_DATA,,,,,,,,,,,,,
第4象限,ボツワナ,,NO_DATA,,,,,,,,,,,,,
第1象限,南アフリカ,【事実】,Hlonipha（ウクフロニパ）,既婚女性が夫の親族（特に義父）の名前の音節を含む単語を避け、別の語に言い換える言語的忌避。,家族内の権力構造と強い敬意の維持。,畏敬の念の維持、帰属意識と従属の確認。,[事実確認]ングニ系社会（ズールーやコサなど）における伝統的な言語規範。人類学・言語学の文献で広く記録されている。,義父の名前が「Zondi」（憎悪などに関連する語根）に似た音素を含む場合,「amanzi（水）」を避け、「amadambi」などの代替語を使用する,特定の音素を避けることで、名前という人格の核心に対する不可侵性を示す。,義父の名前が「Langa（太陽）」に関連する場合,太陽を指すために「ilanga」を避け、「isibane（ランプ・光）」などの代替語を用いる,自然現象の呼称すらも個人の尊厳のために制限され、強力な社会的制約として機能する。,日常的な動作を示す基本的な動詞を使用する場面,「ukuhamba（行く）」という語を避け、「ukushamuka」などの代替語を使用する,日常語の語彙置換が、親族関係のヒエラルキーと服従の規範を常に意識させる。
第2象限,南アフリカ,【事実】,Tsotsitaal（ツォツィタール）,南アフリカのタウンシップで話される、アフリカーンス語や複数のバンツー語が混ざったクレオール的隠語。,若者や都市生活者の連帯感の形成、および部外者からの情報秘匿。,仲間内の強い結びつきと、体制への反骨精神によるアイデンティティの高揚。,[事実確認]アパルトヘイト時代にソフィアタウンなどで形成され、現在も進化を続ける都市言語として社会言語学で広く研究されている。,仲間との親しい挨拶の場面,"「Hola, majita」（やあ、兄弟たち）",標準語を意図的に避け、ストリートの連帯感と「身内」であることを確認する。,金銭に関する話をする場面,「Zaka」や「Chankura」（お金）といった固有の隠語を使用する,隠語を用いることで、警察や部外者に経済的なやり取りや意図を悟られないようにする。,自分の家や隠れ家について話す場面,「Dladla」（家・場所）などの隠語を使用する,生活の拠点を指す言葉を置き換えることで、コミュニティ外からの監視を防ぐ防衛機能を持たせる。
第3象限,南アフリカ,【事実】,Dubul' ibhunu（キル・ザ・ボーア）の解釈論争,アパルトヘイト闘争歌の歌詞が、文字通りの白人農場主への暴力扇動か、反体制の歴史的メタファーかという論争。,歴史的抑圧への抗議、または特定集団への分断・敵意の扇動。,過去の闘争の記憶の喚起、または対象となる集団への恐怖や怒りの誘発。,[事実確認]ヘイトスピーチにあたるか否かで南アフリカの平等裁判所などで実際に法廷闘争が行われ、政治的分断の象徴的言語となっている。,左派政党の政治集会での熱狂の創出,「Dubul' ibhunu」（農場主/ボーア人を撃て）と群衆で合唱する,歌唱者は体制打倒の歴史的象徴だと主張するが、直接的な言葉として社会を分断する効果を持つ。,右派・少数派権利グループによる反発と抗議,「It incites white genocide」（これは白人ジェノサイドの扇動である）という非難の言説,文字通りの意味を強調し、少数派の恐怖を喚起することで被害者意識と分断を形成する。,法廷や公的な場での意味の再定義・弁明,「It is a metaphor for the system of oppression」（抑圧的システムに対するメタファーである）と弁明する,法的制裁を避けるため後付けで言語の象徴性が議論され、言葉の「本当の意味」自体が政治闘争の舞台となる。
第4象限,南アフリカ,【事実】,EskomとLoad Sheddingに関する風刺的バクロニム・造語,国営電力会社（Eskom）の計画停電（Load shedding）に対する不満を、ユーモアや皮肉な言葉遊びに変換する現象。,インフラ崩壊に対する国民的ストレスのガス抜きと、政府批判。,絶望的な状況を笑いに変えることでの心理的防衛、運命共同体としての連帯感。,[事実確認]深刻な電力危機の中、SNSや日常会話で実際に広く使われている。権威へのアイロニーとしてメディアでも取り上げられる。,突然の停電が発生し、生活インフラがストップした時,Eskomを「Eskommunication」（Eskomによる破門・断絶）と呼ぶ,インフラから切り離される状況を、宗教的な破門（Excommunication）の重さに掛けて皮肉っている。,政治家の無能さや国営企業の腐敗を嘆く時,与党ANCを「African National Corruption」と揶揄する,既存のアクロニムを皮肉なバクロニムに変換し、絶望的な政治不信をユーモアの形で発散する。,停電スケジュールを確認するためのアプリを使用する時,アプリ名「EskomSePush」（アフリカーンス語の卑語「Jou ma se poes」のもじり）を使う,国民的ストレスの元凶である電力会社に対する怒りを、強烈な言葉遊びによるユーモアへと昇華させている。
第1象限,レソト,,NO_DATA,,,,,,,,,,,,,
第2象限,レソト,,NO_DATA,,,,,,,,,,,,,
第3象限,レソト,,NO_DATA,,,,,,,,,,,,,
第4象限,レソト,,NO_DATA,,,,,,,,,,,,,
第1象限,エスワティニ,,NO_DATA,,,,,,,,,,,,,
第2象限,エスワティニ,,NO_DATA,,,,,,,,,,,,,
第3象限,エスワティニ,,NO_DATA,,,,,,,,,,,,,
第4象限,エスワティニ,,NO_DATA,,,,,,,,,,,,,
第1象限,アメリカ,【都市伝説】,前置詞で文を終えてはならない（Terminal Preposition Myth）,前置詞で文を終えるのは文法的に誤りであり、教養がない証拠だと信じられている。,階級や教養の誇示、および他者の発言に対するマウンティング。,正しい英語を話さなければならないという不安感、または訂正する側の優越感。,17世紀にジョン・ドライデンが英語をラテン語の文法に無理に当てはめようとして作った偽のルール。言語学的には英語において前置詞終端は完全に自然な構文である。,日常会話で誰と話しているか尋ねる時,"Who are you talking to? ではなく ""To whom are you talking?"" と不自然に矯正する。",ラテン語的規則の強制により、かえって衒学的で不自然な響きを生んでいる。,何を見ているか尋ねる時,"What are you looking at? を ""At what are you looking?"" と直させる。",英語本来の自然なリズムが破壊され、話者の間に心理的壁を作る。,この規則をからかうウィンストン・チャーチルの（とされる）ジョーク,This is the type of arrant pedantry up with which I will not put.,規則を厳格に守るといかに馬鹿げた文になるかを示すことで、偽ルールの権威を失墜させている。
第2象限,アメリカ,【都市伝説】,「Bae」は「Before Anyone Else」の略であるという民間語源,恋人や親友を呼ぶ「Bae」という言葉が、「誰よりも先に（Before Anyone Else）」というロマンチックな頭字語だと信じられている。,若者層やカップル間での親密さの強調、SNSでの連帯感の創出。,特別な存在であるという愛情の再確認と、内輪の共有感覚。,実際はAAVE（アフリカ系アメリカ人英語）において「babe」や「baby」の子音が脱落した短縮形。頭字語説は言葉が広まった後に作られた典型的なバクロニムである。,SNS（Instagram等）で恋人との写真にキャプションをつける時,Hanging out with my bae (Before Anyone Else) #love,偽の語源をあえて書き添えることで、愛情の深さをアピールしている。,ネット上で言葉の意味を知らない大人に説明する時,"It's an acronym for Before Anyone Else, mom.",民間語源が「正しい知識」として世代間で伝達・再生産されている。,企業が若者向けのマーケティングを行う時,Pizza is bae.,本来の人への愛情表現が商業的に拡張され、「何よりも優先するもの」という意味でミーム化している。
第3象限,アメリカ,【都市伝説】,「Picnic（ピクニック）」のリンチ語源説,「Picnic」という言葉は、白人が黒人をリンチする集会（Pick a n*gger）に由来するレイシスト用語だと信じられ、使用を避けるべきだとされる。,特定の言葉をキャンセルすることによる道徳的優位性の確保、およびコミュニティ内のポリコレ規範の強化。,無意識に差別用語を使っていたかもしれないという罪悪感と、告発による正義感。,語源は17世紀のフランス語「pique-nique（各自が食べ物を持ち寄る食事）」であり、人種差別的な由来は一切ない。2000年代以降にネット上で広まったデマである。,大学や企業のイベント告知,"Annual Summer Picnic という名称を避け、""Annual Summer Gathering"" に変更する。",デマに基づく過剰なリスク回避が、組織の公式な語彙選択を変化させている。,SNS上での他者の発言への非難,"You shouldn't use the word picnic, look up its real history!",偽の歴史を根拠に他者を攻撃し、道徳的優位に立とうとするキャンセルカルチャーの典型。,職場でのダイバーシティ研修,"研修資料に ""Avoid using 'picnic' due to its racist history. Use 'outing' instead."" と記載する。",誤情報が公式な教育プログラムにまで浸透し、新たな「偽のマナー」を作り出している。
第4象限,アメリカ,【都市伝説】,"企業名のバクロニムジョーク（FORD, DELTA）",大手企業のサービスや製品に不満を持った際、その企業名が実はネガティブな言葉の頭字語であるかのように語り継ぐジョーク。,消費者の無力感やフラストレーションをユーモアに変換して共有するガス抜き。,トラブルに見舞われた際の怒りの軽減と、同じ不満を持つ者同士の共感。,本来の企業名（創業者や地域名由来）とは無関係であり、言葉遊び（バクロニム）として意図的に作られた偽語源である。,フォード製の車が道路で故障した時,"Well, you know what FORD stands for: Found On Road Dead.",物理的な故障という不運を、言葉遊びに昇華することで精神的なショックを和らげている。,もう一度修理工場に持って行く時,Or it means Fix Or Repair Daily.,継続する不満を別のバリエーションで表現し、諦めの感情をユーモアでコーティングしている。,デルタ航空のフライトが大幅に遅延した時,DELTA means Don't Ever Leave The Airport.,大企業という権威に対して、消費者が言語的なレッテルを貼り直すことで一時的な心理的優位を得ている。
第1象限,カナダ,【事実】,「Bonjour/Hi」論争とケベックの言語法,"モントリオールの店舗で客を迎える「Bonjour, Hi」という挨拶に対し、フランス語の地位を脅かすとして「Bonjour」のみに是正するよう圧力をかける実践。",ケベック州におけるフランス語の優位性の維持と、英語話者に対する文化的主権の誇示。,フランス語話者の文化的アイデンティティ防衛による安心感と、多言語話者の抑圧感。,ケベック州法96号や仏語局（OQLF）を通じて制度的に強化された事実。本来は接客の利便性から自然発生したものだが、政治的・法的に「秩序の乱れ」とみなされた。,モントリオールのダウンタウンのカフェでの接客,"店員が客に ""Bonjour, Hi"" と声をかけ、客が答えた言語でその後の会話を続ける。",都市部の実態として、対立を避け両方の言語集団に配慮する柔軟なコミュニケーション戦略。,州議会での決議案採択,"政治家が ""We invite all merchants to greet their clients warmly with the word 'Bonjour'."" と議会で宣言する。",日常の些細な言語実践が、州のアイデンティティに関わるマクロな政治闘争のシンボルと化している。,仏語局（OQLF）のキャンペーン,"ポスターやCMで ""Un Bonjour, c'est suffisant""（Bonjour一つで十分）と啓発する。",権力側が特定のフレーズを「正当なマナー」としてトップダウンで社会に押し付け、言語秩序を再構築しようとする動き。
第2象限,カナダ,【事実】,談話標識「Eh（エー）」による連帯,文末に「eh」を付けることで、相手の同意や確認を求め、会話の参加者同士の距離を縮めるコミュニケーション・スタイル。,相手への配慮（ポライトネス）の表明と、カナダ人としての共通アイデンティティの確認。,相手を自分の話に巻き込むことによる親密感と、押し付けがましさの緩和。,社会言語学において「Canadian 'eh'」は確認の付加疑問詞や談話標識として広く研究されており、共感や和を重んじるカナダ文化の反映とされている。,天気について初対面の人や近所の人と世間話をする時,"Nice day today, eh?",断定を避け、相手に同意の余地を与えることで、和やかな雰囲気を作り出している。,自分の体験談を相手に語って聞かせる時,"So I was walking down the street, eh, and then I saw a bear...",物語の途中で聞き手の注意が逸れていないかを確認し、共感のトーンを維持する機能を持つ（物語的eh）。,アメリカ人からカナダのステレオタイプを指摘された時,"あえて誇張して ""That's not true, eh!"" と返す。",外部からの視線を逆手に取り、自嘲的かつ誇りを持ってナショナル・アイデンティティを演じている。
第3象限,カナダ,【都市伝説】,「エスキモー」は「生肉を食う者」を意味するとの民間語源,「Eskimo（エスキモー）」という言葉が先住民に対する「生肉を食う野蛮な者」という蔑称であると広く信じられ、使用者が非難・糾弾される。,植民地主義的な言葉の使用に対する社会的な制裁と、当事者集団への連帯のアピール。,差別的な歴史を告発することによる正義感と、旧来の用語を使う人々への分断。,言語学者アイヴス・ゴダードらの研究により、アルゴンキン語派の「かんじき（スノーシュー）を編む者」が真の語源である可能性が高いとされている。しかし「生肉食」という偽の語源が事実として広く信じられ、用語のキャンセルが決定づけられた。,学校教育やメディアのガイドライン,"ガイドラインに ""Do not use 'Eskimo' as it translates to 'eaters of raw meat'. Use 'Inuit'."" と記載される。",学術的な事実よりも、広く信じられた民間語源の方が社会規範を書き換える強い力を持った実例。,スポーツチームの名称変更議論,"市民が ""The name 'Eskimos' is highly offensive and racist. Change the name!"" と抗議活動を行う。",偽の語源が引き金となり、長年親しまれたブランドが現代の価値観によってキャンセル・打倒された。,SNSで古い文献を引用した一般人への批判,"Don't use that word, it's a racist slur about eating raw meat! とリプライで攻撃する。",歴史的文脈を無視し、現代のデマ（民間語源）を絶対的な正義の基準として他者を分断・非難している。
第4象限,カナダ,【事実】,2ドル硬貨の愛称「Toonie（トゥーニー）」の創造,政府が発行した新2ドル硬貨に対し、既存の1ドル硬貨（Loonie）と数字の「Two」を掛け合わせたユーモアある造語「Toonie」を作り出し、定着させた現象。,政府のトップダウンな貨幣導入に対する、市民レベルでのボトムアップな言語的「手懐け」と承認。,国家の無機質な制度に対する親しみやすさの付与と、言葉遊びを通じた国民的連帯感の醸成。,1996年の2ドル硬貨発行時、政府は公式な愛称を用意していなかったが、市民が勝手に大喜利的に名前を提案し合い、「Toonie」が自然発生的に定着した事実。,2ドル硬貨導入直後のメディアやパブでの議論,How about calling it Doubloonie or Bearie? と様々な候補を面白おかしく言い合う。,新しい社会的変化に対する戸惑いを、言葉遊びという遊戯的プロセスによって解消している。,カフェでの支払いの場面,Can I get a double-double? Here's a Toonie.,造語が完全に日常語として定着し、堅苦しい公式表現を置き換えている。,現代の自動販売機やコインパーキングの表示,"公式な機械の案内にも ""Accepts Loonies and Toonies"" と印字される。",市民の遊戯的な俗語が最終的に政府や企業の公式な表記をも屈服・変容させた事例。
第1象限,メキシコ,【都市伝説】,「?Mande?」の植民地服従起源説,相手に聞き返す際、「?Qu??（何？）」ではなく「?Mande?（ご命令を）」と言うのが礼儀であり、これはスペイン人が先住民を奴隷として服従させた歴史に由来すると信じられている。,年長者や目上の人に対する絶対的な敬意の強制と、メキシコ独自の謙譲マナーの維持。,敬語を使わないことへの「無礼者」という烙印への恐怖、および悲劇的歴史への民族的感傷。,実際は植民地化以前からスペイン本国で階級を問わず使われていた古い表現がメキシコに残存しただけである。先住民奴隷制に由来するという説は後付けの民間語源である。,子供が親や教師から呼ばれて「?Qu??」と答えた時,"大人が厳しく ""?No se dice qu?, se dice mande!""（何とは言わない、マンデと言いなさい！）と叱責する。",偽の歴史的背景を持ちつつも、実社会では強力な「しつけ」のルールとして機能している。,メキシコ人が外国人に自国の文化を説明する時,Decimos 'mande' por la historia de sumisi?n en la conquista.（征服時代の服従の歴史があるからマンデと言うんだ）と語る。,デマが「自虐的だが誇るべき国民的アイデンティティ」の一部として再生産されている。,現代の若者がこの言葉に疑問を持ち、使用を拒否する時,"No soy esclavo de nadie, prefiero decir 'd?game' en lugar de 'mande'.（誰の奴隷でもないからマンデよりディーガメと言う）と主張する。",民間語源を事実として重く受け止めすぎた結果、伝統的な敬語表現そのものをキャンセルしようとする逆転現象。
第2象限,メキシコ,【事実】,侮蔑語「G?ey（ウェイ）」の連帯的用法への転換,元々は「去勢された雄牛（buey）＝馬鹿」という侮蔑語だったが、現在では若者や親しい友人同士で「お前、友よ」を意味する連帯の言葉として使われる。,仲間内での心理的ハードルを下げ、イングループ（身内）であることを確認し合う社会的潤滑油。,荒々しい言葉をあえて共有することによる親密さの証明と、リラックスした心理状態の構築。,言語学的には「意味の漂白」と「軽蔑称の再領有」の典型例。意味が弱まり、単なる呼びかけや文末のフィラーとして機能するようになった事実。,親しい友人同士が街で会った際の挨拶,"?Qu? onda, g?ey! ?C?mo est?s?（調子どう、ウェイ！元気？）",侮蔑的な意味は完全に消え去り、「Bro」と同等の純粋な親愛の情を示している。,驚きや信じられない出来事を聞いた時のリアクション,"?No mames, g?ey!（マジかよ、ウェイ！）",感情の起伏を強調する役割を果たし、相手への共感（アハ体験）をブーストしている。,会話の中で特に意味もなく言葉を繋ぐ時,"Y luego, g?ey, me dijo que no, g?ey...（それでさウェイ、彼は違うって言ったんだよウェイ...）",句読点やフィラーとして機能し、会話のリズムと仲間内の居心地の良さを維持している。
第3象限,メキシコ,【事実】,「Malinchista（マリンチスタ）」という非難と分断,メキシコ国産のものを軽視し、外国（特に欧米）のものを過剰に好む人間を「裏切り者（マリンチスタ）」と呼んで非難する。,過度な欧米追従への牽制、およびメキシコ・ナショナリズムの排他的な強化。,相手に「国賊」のレッテルを貼ることによる道徳的優越感と、言われた側の強い羞恥心。,アステカ滅亡に加担したとされる先住民女性「ラ・マリンチェ」に由来する。革命後の国粋主義教育によって「絶対的な裏切り者のシンボル」として固定化された事実に基づく。,友人がメキシコ製品を貶し、アメリカのブランドばかり絶賛している時,"No seas malinchista, apoya lo local.（マリンチスタになるなよ、地元を応援しろ。）",消費行動を通じて相手の愛国心を疑い、道徳的な非難を加えている。,政治家が外国資本を優遇する政策を批判する時,Esa pol?tica de favorecer a los extranjeros es puro malinchismo.（外国人を優遇するその政策は純粋なマリンチスモだ）と断罪する。,歴史的なレッテルを用いて政敵を分断・攻撃するレトリック。,国際的なスポーツの試合で、自国民が外国チームを応援している時,"周囲のファンから ""?Pinche malinchista!""（クソ野郎の裏切り者め！）と罵声を浴びせられる。",「純粋なメキシコ人」の規範から外れた者を、集団でキャンセル・排斥している。
第4象限,メキシコ,【事実】,ダブルミーニングの言葉の格闘技「Albur（アルブル）」,主に性的なメタファーを用いた高度な言葉遊び（二重意味）を応酬し合い、相手が言い返せなくなるまで言葉でマウントを取り合う遊戯。,物理的な暴力を伴わずに男らしさや頭の回転を競い合い、社会の底辺からのストレスを笑いに変える。,相手を言葉で屈服させた快感と、下品なタブーを巧みにすり抜ける知的優越感。,メキシコシティの下町を中心に発展した大衆文化であり、怒ったり直接的な暴言を吐いた時点で負けとなる厳格な不文律が存在する事実。,市場で男同士が食べ物の名前を使ってからかい合う時,Aqu? est? tu longaniza.（ほら、お前のロンガニーサ・ソーセージだ ※男性器の暗喩）,日常的な語彙の中に性的な意味を忍ばせ、相手がどう打ち返してくるかを試している。,相手の攻撃に対して、見事に切り返す時,Mejor d?mela en tacos.（むしろタコスにしてくれ ※相手の攻撃を無効化する暗喩）,相手の言葉尻を捕らえ、即興で文脈をひっくり返す高度な言語的機転が発揮されている。,一方が上手い返しを思いつかず、感情的になって怒った時,"周囲が ""Ya te alburearon.""（お前、アルブルでやられたな＝負けだ）と笑う。",闘争のルールが遊戯として成立しており、知的なユーモアが物理的な怒りに勝利している。
第1象限,グアテマラ,【事実】,"代名詞の厳格な三角関係（Vos, T?, Usted）","相手との社会的距離や性別に応じて三人称代名詞（Usted, Vos, T?）を厳格に使い分ける。間違えるとマナー違反やジェンダー規範からの逸脱と見なされる。",年齢、階級、性別に基づくグアテマラ社会の厳格なヒエラルキーとジェンダー役割の維持。,適切な代名詞を使えた際の帰属感と、間違えた際の無礼者・異端者扱いされる恐怖。,中米特有の現象。特に「T?」はメキシコのメディアの影響とされ、グアテマラ人男性が同性に使うと「同性愛者的」とスティグマ化されてきた事実がある。,男性が初対面の年長者や顧客に話しかける時,"距離と敬意を保つために ""?C?mo est? usted?"" とUstedを使用する。",秩序と礼儀を最優先し、社会的な階層（上下関係）を言葉で明確に線引きしている。,同じ男性が、親友の男性に話しかける時,"?Qu? onda, vos! とVosを使用し、強い結びつきを示す。",Ustedの壁を取り払い、マッチョイズムの枠内でのみ許されるイングループの特権的言語実践。,男性が別の男性に対して誤って「T?」を使ってしまった時,"周囲から ""?No me habl?s de t?!""（俺にT?で話すな！）と気味悪がられる。",「T?」の使用がジェンダー規範への違反とみなされ、男社会の秩序を乱すものとして排斥されている。
第2象限,グアテマラ,【都市伝説】,「Chap?n（チャピン）」の靴由来説と誇りの再領有,グアテマラ人の自称「Chap?n」は、スペイン人が履いていた厚底靴（チャピン）の音に由来し、不格好な歩き方をからかわれた言葉だったが、今では最高の連帯の言葉だと信じられている。,他国からの蔑称をナショナル・アイデンティティとして再定義することによる、国民的な結束と誇りの醸成。,自虐的な歴史的ルーツを共有することによる、グアテマラ人同士の深い共感とノスタルジー。,語源が厚底靴であることは事実だが、実際には植民地時代に威張っていたグアテマラ人エリートを他の中米諸国がからかったのが起源。それが時代を経て反転した。,独立記念日やスポーツの国際試合などの愛国的なイベント,"SNSや横断幕で ""?Orgullosamente Chap?n!""（誇り高きチャピン！）と掲げる。",かつての蔑称が完全に漂白され、ロマンチックで強力なナショナリズムのシンボルとして機能している。,伝統的な朝食メニューをレストランで提供する時,"メニュー名に ""Desayuno Chap?n""（チャピンの朝食）と名付ける。",日常生活における「我々のもの」という感覚を、言葉一つで表現している。,海外に出稼ぎに出たグアテマラ人同士が異国で出会った時,?Vos tambi?n sos Chap?n!（お前もチャピンか！）と抱き合って喜ぶ。,語源の歴史的屈辱は忘れ去られ、国籍を超えた仲間意識というアハ体験を引き起こす。
第3象限,グアテマラ,【事実】,「Shumo（シュモ）」という階級・人種的キャンセルの言葉,洗練されていない、趣味が悪いとされる人々（主に先住民の血を引く都市部の下層階級）を「Shumo」と呼んで徹底的に見下し、社会的に排除する。,白人系・混血エリートによる、見えない階級・人種バリアの維持と、下層階級への特権的マウンティング。,相手を野蛮人扱いすることによる自己の洗練性の確認と、言われた側の深い劣等感と分断。,グアテマラ特有の根深い構造的レイシズムを象徴する事実。「Indio」という直接的な差別語の代わりに、趣味や態度の悪さを非難するふりをして実質的に特定の人種・階級を攻撃する暗号として使われる。,派手な改造車が大音量で音楽を鳴らしながら高級住宅街を走っている時,"富裕層の住民が眉をひそめ、""?Qu? shumo!""（なんてシュモだ！）と吐き捨てる。",音楽の趣味や車の外観を口実にしているが、本質的には貧困層の文化に対する嫌悪と分断である。,高級クラブの入り口で、服装が基準に合わない客が来た時,"ドアマンが ""Esos se ven muy shumos, no los dejes entrar.""（あいつらはとてもシュモに見える、入れるな）と囁く。",物理的な空間から特定の階層を排除するための、正当化されたキャンセル用語として機能している。,ネット上で、文法を間違えたりスラングを多用するユーザーに対して,Habl?s como shumo.（シュモみたいに話すな）とリプライで攻撃する。,言語実践そのものを階級の指標とし、相手の発言権を無効化する闘争の武器となっている。
第4象限,グアテマラ,【事実】,「Hablar pajas（アブラル・パハス）」による現実逃避と遊戯,「Paja（藁・自慰）」という言葉を使い、「hablar pajas（パハスを話す）」と言うと「中身のない馬鹿話をする、ホラを吹く」という意味になり、厳しい現実を笑い飛ばすために使われる。,政治腐敗や貧困といった日常のストレスから一時的に逃れ、仲間内で不満をユーモアに変換してガス抜きする。,どうにもならない対立や不満を「しょせん冗談だ」と無効化することによる心理的救済とカタルシス。,グアテマラで非常に一般的な俗語表現であり、社会の重圧に対する防御機制として言葉遊びが機能している客観的事実。嘘や誇張を楽しむ話芸の一種。,友人同士が酒場で集まり、到底実現不可能なビジネスの夢を語っている時,"聞き手が笑いながら ""Solo pajas hablas, vos.""（お前はパハスばっかり話してるな）と突っ込む。",嘘であることを全員が承知の上で、あえてホラ話を展開することで日常の退屈さを打ち破る遊戯的対立。,政治家の演説やテレビのニュースで明らかな嘘が流れている時,"視聴者がテレビに向かって ""?Puras pajas!""（全部嘘っぱちだ！）と叫んで笑い飛ばす。",権力者に対する不満や怒りを、直接的な暴力ではなく、皮肉とユーモアを交えた俗語で昇華している。,真面目で重苦しい相談話になりかけ、雰囲気が沈んだ時,"Bueno, dejemos de hablar pajas.（さて、パハスを話すのはこれくらいにして）と自ら区切りをつける。",自分たちの会話に「無駄話」というメタ的な枠組みを被せることで、緊張をコントロールするスイッチとして使っている。
第1象限,ベリーズ,,NO_DATA,,,,,,,,,,,,,
第2象限,ベリーズ,,NO_DATA,,,,,,,,,,,,,
第3象限,ベリーズ,,NO_DATA,,,,,,,,,,,,,
第4象限,ベリーズ,,NO_DATA,,,,,,,,,,,,,
第1象限,エルサルバドル,,NO_DATA,,,,,,,,,,,,,
第2象限,エルサルバドル,【都市伝説】,「Guanaco」の語源＝先住民語「兄弟」説,エルサルバドル人の愛称「Guanaco」は、ピピル語（ナワット語）などの先住民の言葉で「兄弟」や「友情」を意味する言葉に由来するというロマンチックな噂。,自国民としてのアイデンティティや同胞意識の強化。,周辺国からかつて投げかけられた「田舎者」というネガティブなニュアンスを払拭し、国民に誇りを持たせる。,エルサルバドル人の呼称「Guanaco」の語源については、植民地時代に無学な者を指したとする説や、マヤ系言語の「Wanak（人々）」由来説などがあるが、一般に広く信じられている「ピピル語などで兄弟・友情を意味する」という学術的証拠はない。事後的に構築されたアイデンティティ神話（民間語源）である。,独立記念日やスポーツの国際試合でのSNS投稿,"?Somos guanacos, hermanos de sangre!（我々はグアナコ、血を分けた兄弟だ！）",語源の伝説を利用して、国民の結束を煽る。,学校のホームルームでの教師から生徒への語りかけ,Guanaco significa hermano en nuestra lengua ancestral.（グアナコとは我々の祖先の言葉で兄弟という意味です）,偽の歴史を通じて、子供たちに愛国心と郷土愛を植え付ける教育的実践。,海外移住者同士のコミュニティでの会話,Un abrazo de guanaco a guanaco.（グアナコからグアナコへのハグを）,異国でのマイノリティとしての孤独感を、神話的な語源で和らげ連帯する。
第3象限,エルサルバドル,,NO_DATA,,,,,,,,,,,,,
第4象限,エルサルバドル,,NO_DATA,,,,,,,,,,,,,
第1象限,ホンジュラス,,NO_DATA,,,,,,,,,,,,,
第2象限,ホンジュラス,,NO_DATA,,,,,,,,,,,,,
第3象限,ホンジュラス,,NO_DATA,,,,,,,,,,,,,
第4象限,ホンジュラス,,NO_DATA,,,,,,,,,,,,,
第1象限,ニカラグア,,NO_DATA,,,,,,,,,,,,,
第2象限,ニカラグア,,NO_DATA,,,,,,,,,,,,,
第3象限,ニカラグア,【事実】,政治的二極化によるレッテル貼り（Sapo vs Puchito）,与党（サンディニスタ）支持者を「Sapo（ヒキガエル）」、反体制派を「Puchito（一握り）」等と呼んで罵倒し合う言語実践。,政治的立場の明確化と、敵対グループの非人間化・矮小化。,相手への共感を遮断し、言語的攻撃に対する罪悪感を麻痺させる（エコーチェンバーの強化）。,2018年の反政府デモ以降、国家や大統領夫人が主導した反体制派へのレッテル貼り（Puchito）に対し、市民側も隠語（Sapo）で対抗したことで生じた社会言語学的現象。SNSの普及に伴い定着した。,SNS上で政府擁護の発言をしたアカウントへのリプライ,"Callate sapo, c?mplice.（黙れヒキガエル、共犯者め）",ヒキガエルという醜悪なイメージを投影し、対話の余地なく相手をキャンセルする。,政府高官がテレビ演説で反政府デモ隊に言及する場面,Esos puchitos no representan al pueblo.（あの一握りの連中は人民を代表していない）,反対派の人数や影響力を言葉の上で極小化し、政権の正当性を自己暗示する。,中立的または妥協的な意見を述べた知識人への攻撃,No seas zancudo.（蚊＝偽野党になるな）,体制に吸い付く寄生虫という比喩を用いて、分断の中でのグレーゾーンを許さない圧力をかける。
第4象限,ニカラグア,【事実】,エル・グエグエンセ（El G?eg?ense）的二枚舌と権威の嘲笑,スペイン植民地時代の風刺劇「エル・グエグエンセ」に由来する、権力者に対して表面上は従順を装いながら、裏で嘲笑しはぐらかす言語実践。,圧倒的な権力や理不尽な要求に対する、弱者の自己防衛と受動的攻撃。,直接対決による処罰を避けつつ、心理的な優位性を保ちストレスを昇華する。,ユネスコ無形文化遺産にも登録されている17世紀の戯曲が起源。ニカラグア人の国民性を表す社会言語学的な「原風景」として、現代でも権力批判のメタファーや処世術として機能している。,職場での理不尽な上司の命令に対する返答,"S? patr?n, como usted diga.（はいボス、あなたの言う通りに）と言いながら全く違う行動をとる。",直接的な反論による衝突を避け、面従腹背によって実質的に要求をサボタージュする。,政府の監視を警戒する知人同士が、権力者を名指しせず皮肉る会話,Ese se?or de arriba dice que estamos en el para?so.（上のあの人が、俺たちは楽園にいるってさ）と笑い合う。,検閲や密告のリスクをユーモアのベールで包み込み、連帯感を確認し合う。,不利な契約や追及を受けた際の対応,"No le escuch? bien, ?qu? me dec?a?（よく聞こえませんでした、何と言いました？）ととぼける。",グエグエンセ劇中の「耳の遠い老人」の真似をして、権威側の追及のリズムを意図的に崩す戦術。
第1象限,コスタリカ,【事実】,Tuteo（T?の使用）のタブー化とUsted/Vosの厳格な使い分け,親称である「T?（君）」を使うことを「外国かぶれ」「気取っている」としてタブー視し、家族間でも「Usted（あなた）」、友人には「Vos」を強制する暗黙のルール。,コスタリカ独自の国民的均質性（Igualiticos）の維持と、異質な要素の排除。,社会の「標準」に従っているという安心感と、逸脱者に対する優越感。,中米南部におけるVoseo（Vosの使用）圏の歴史的発展に起因。メディアやメキシコ文化の流入でT?が入り込んだ際、ナショナリズムの観点から防衛反応としてTuteoへの社会的スティグマが形成された。,親が言うことを聞かない子供を厳しく叱りつける場面,Usted se sienta ah? y no se mueve.（『あなた』はそこに座って動かないの！）,あえて距離感のあるUstedを使うことで、親としての絶対的な権威と緊張感を示し、秩序を強制する。,留学帰りの若者が、地元の友人の前でうっかり「T?」を使った場面,"Ay, qu? polo hablando de t?.（うわ、ダサい…T?なんかで話して）と冷やかされる。",「コスタリカ人らしくない」振る舞いに対する同調圧力として機能し、元の秩序（Vosの使用）へ引き戻す。,職場で、親しくない同僚に対してVosで話しかけそうになった場面,"慌てて ""Como le dec?a a usted...""（『あなた』に申し上げましたように…）と言い直す。",Vosを不適切な距離感で使うことによる「失礼さ」を回避し、Ustedによって無難な社会的防壁を築く。
第2象限,コスタリカ,【都市伝説】,Tuanis（最高、いいね）の語源＝Too nice説,コスタリカの代表的なスラング「Tuanis」が、英語の「Too nice」に由来するという広く信じられている民間語源。,アメリカ文化やサーフィン文化との繋がりを強調し、自分たちの言葉に国際的・クールな箔をつける。,外来語に由来するという「アハ体験」が、仲間内で教え合う際の知的好奇心と満足感を満たす。,言語学的には、19世紀に中米の軍人マレスピン（Malesp?n）が考案した暗号コード（aとe、iとo、bとt等の置換）で「Buenos（良い）」を変換したものが定着したとされる。英語起源説は事後的なバクロニム（民間語源）に過ぎない。,海岸沿いの観光地で、地元のガイドがアメリカ人観光客に解説する場面,Decimos tuanis porque los gringos dec?an 'too nice'.（俺たちがtuanisって言うのは、グリンゴがtoo niceって言ってたからさ）,相手の文化に迎合する形の偽史を語ることで、観光客との距離を縮める。,若者向けのローカルカルチャー雑誌やSNSでの雑学紹介,"?Tuanis viene del ingl?s 'too nice', mae!（Tuanisは英語のtoo niceから来てるんだぜ、お前！）",言語の歴史をポップカルチャーと結びつけることで、読者の共感と「地元愛」を刺激するメディアの実践。,学校の休み時間における雑談,?Sab?as que tuanis viene del ingl?s?（Tuanisが英語から来てるって知ってた？）,ウンチクとして消費されやすく、事実確認されないまま口コミによって都市伝説が再生産されていく。
第3象限,コスタリカ,,NO_DATA,,,,,,,,,,,,,
第4象限,コスタリカ,【事実】,Choteo（権威や気取った態度への嘲笑）,成功した人、気取っている人、権威を振りかざす人に対して、ジョークや皮肉を交えてからかい、引きずり下ろす言語習慣。,平等主義（誰かが突出することを嫌う）の維持と、社会階層間の摩擦の緩和。,嫉妬や不満をユーモアに変換することで、深刻な対立を避けつつ心理的なカタルシスを得る。,社会学者コンスタンティノ・ラスカリスらが指摘したコスタリカ社会の特質。直接的な暴動や闘争を好まない国民性が、言葉による間接的な攻撃（Choteo）を発達させたとされる。,政治家がスキャンダルや失言をした直後のSNSでの反応,"Pobrecito, seguro el perro le comi? la tarea.（可哀想に、きっと犬に宿題を食べられちゃったんだね）という皮肉を添えたミームを拡散する。",権力者を道化に仕立て上げることで、怒りを笑いに昇華させ、相手の権威を無効化する。,友人の一人が高級車を買い、自慢げに振る舞っている場面,"?Uy, el magnate! ?A qui?n asaltaste?（おや、大富豪様！誰を強盗してきたんだ？）と笑う。",経済的格差から生じる嫉妬を直接ぶつけるのではなく、冗談めかして牽制し、関係性を平準化する。,職場の会議で、上司が現実離れした高邁な目標を語った場面,"会議の後で同僚同士が ""Se crey? Steve Jobs el mae.""（アイツ、自分のことスティーブ・ジョブズだと勘違いしてたな）と囁き合う。",職場内のヒエラルキーに対する不満を、背後でのChoteoによって解消し、労働環境のストレスをやり過ごす。
1,パナマ,,NO_DATA,,,,,,,,,,,,,
1,キューバ,【事実】,「Compa?ero」による階級的敬称の解体,Se?or/Se?oraを廃止し、全員を同志（Compa?ero）と呼ぶ実践,階級なき社会のイデオロギー的強制,平等意識の植え付けと特権階級への反発,1959年の革命後、国家主導で導入された社会言語学的政策。,学校や職場での呼びかけ,Compa?ero/Compa?era,教師や上司にも使用され、従来の上下関係を無効化する。,公的機関での書類手続き,Compa?ero ciudadano,市民としての平等を強調し、ブルジョワ的響きを消去する。,革命反対派への言及,El se?or gusano,逆にSe?orを使うことで、相手が「古い資本主義の遺物」であることを強調。
1,バハマ,,NO_DATA,,,,,,,,,,,,,
1,ジャマイカ,【事実】,Iyaric（ラスタファリのI-talk）,代名詞の目的格（me）を拒絶し、主格の「I」を多用する実践,バビロン（西洋植民地主義）の階層構造の拒絶と神聖秩序の構築,自己肯定感の回復と神（ジャー）との一体感,1960年代にキングストンで形成された抵抗の言語学的実践。客体化からの解放を意図。,複数形や「あなたと私」を表現する時,I and I,他者との分離や上下関係をなくし、神聖な平等性を示す。,自然食について語る時,I-tal,VitalのVをIに置き換え、食事における神聖な秩序を表現する。,自己を主張する時,I-man,「Me」という抑圧された客体ではなく、主体的な自己を宣言する。
1,ハイチ,【事実】,フランス語とクレオール語のダイグロシア,公的な場ではフランス語、私的な場ではクレオール語を使い分ける暗黙の秩序,エリート層による権力の独占と大衆の排除,大衆への劣等感の植え付けと権威への服従,フランス語を公用語としつつも、国民のほぼ100%がクレオール語を母語とする二重言語社会。,裁判所や議会などの公的機関,S?vi ak franse（フランス語の使用）,大半の国民が理解できない言語を使うことで権威と秩序を誇示する。,学校教育における指導,Pale franse（フランス語を話せ）,クレオール語を劣ったものとし、フランス語を教養の絶対条件とする。,知識人を装う人物への揶揄,Franse mawon,間違ったフランス語を無理に使って権威ぶる人物を冷笑する。
2,パナマ,【事実】,パナマのベスレ（Xopa）,若者間で単語の音節を逆にして話す隠語実践,部外者の排除と仲間意識の形成,強い帰属意識と親密さの獲得,スペイン語圏に広く見られる音節転倒（Vesre）のパナマ特有の進化形。,同年代の友人への挨拶,?Xopa!,「?Pas??（何があった？）」の転倒。定着しすぎて標準的な挨拶に。,親友への呼びかけ,Mopri,「Primo（いとこ）」の転倒から派生し、深い絆を示す。,女性についての内緒話,Llae,「Ella（彼女）」の転倒。周囲に悟られずに話題にするため。
2,キューバ,【事実】,アバクア語彙の日常語化（Asere）,アフロ・キューバン秘密結社の言葉を親しい者同士の挨拶として使う実践,キューバ独自の文化的連帯と人種の壁を越えた絆の確認,アハ体験に似た「真のキューバ人」であることの共有,ナイジェリアのエフィク語に由来。元は秘密結社の隠語だが、現在は全国民的なスラングに。,街角で友人に会った時,"Asere, ?qu? bol??",キューバを代表する挨拶。「我が兄弟、調子はどう？」の意。,強い信頼関係を示す時,Mi ecobio,アバクアにおける「義兄弟」を意味し、血の繋がり以上の絆を表す。,相棒を紹介する時,Mi consorte,本来は配偶者を指すが、スラングとして「最高の相棒」の意味で使われる。
2,バハマ,,NO_DATA,,,,,,,,,,,,,
2,ジャマイカ,【事実】,パトワ語における親族名称の拡張,血縁のない友人やコミュニティのメンバーを家族の呼称で呼ぶ実践,コミュニティ内の相互扶助と連帯感の強化,孤独感の解消と運命共同体としての安心感,西アフリカの共同体主義的な言語文化の名残。血縁以上の社会的ネットワークを構築する。,親しい男性の友人への呼びかけ,Bredren,Brethren（兄弟）のパトワ発音。深い信頼を置く同性の仲間。,親しい女性の友人への呼びかけ,Sistren,Sister（姉妹）の派生。女性同士の連帯や男性から女性の友人への敬意。,ラスタファリの集会,Idren,Iyaricと融合し、神聖な絆で結ばれた精神的兄弟たちを指す。
2,ハイチ,【事実】,トラウマの擬音語化（Goudougoudou）,2010年の大地震を、地震を意味する正規の単語ではなく擬音語で呼ぶ実践,集団的トラウマの共有と連帯感の醸成,直接的な恐怖の回避（防衛機制）と感情の共有,震災直後に自然発生した。Tranblemannt?（地震）という直接的な単語が引き起こすフラッシュバックを避けるため。,時代区分を語る時,Avan goudougoudou,「地震の前」を意味し、ハイチ社会の決定的なパラダイムシフトを示す。,体験を分かち合う時,L? goudougoudou a pase,被災体験を語る際、あえて幼児語的な響きを持たせることで痛みを和らげる。,建物の倒壊を語る時,Goudougoudou kraze l,自然の圧倒的な暴力を、地面が揺れる音そのもので表現し、共感を誘う。
3,パナマ,【事実】,階級闘争の色彩を帯びた「Rabiblanco」,白人系・富裕層・支配階級を特定の動物的メタファーで呼ぶ実践,貧富の差や政治的腐敗に対する怒りの分断線,ルサンチマンの正当化と下層階級の団結,「Rabo blanco（白い尻尾）」に由来。建国初期から続く少数寡頭支配への反発が生んだ歴史的用語。,政治家の汚職に抗議する時,Los rabiblancos,国を牛耳る白人系エリート層全体を指す強烈な非難の言葉。,富裕層の若者を冷笑する時,Los yey?s,Rabiblancoの子弟で、特権を享受して気取っている若者への軽蔑語。,労働者階級が自らを規定する時,Los rabiprietos,「黒い尻尾」の意。あえて自称することで非白人層の連帯と反抗を示す。
3,キューバ,【事実】,反革命派へのスティグマ「Gusano」,国を捨てる者や体制に反対する者を「虫（Gusano）」と呼ぶ実践,国家の敵を明確化し、社会を分断・統制する機能,対象の非人間化と、攻撃に対する罪悪感の免除,1961年にフィデル・カストロが演説で使用して以来、国家公認のヘイト用語として定着。,政治集会でのスピーチ,Gusanos contrarrevolucionarios,反革命の虫。国家の裏切り者として社会的にキャンセルするためのレッテル。,1980年のマリエル難民事件,Escoria（人間のクズ）,Gusanoと同義で使われ、出国者に対する群衆の暴力（ミティン・デ・レプディオ）を扇動した。,亡命を批判する時,Vende patria,祖国を売る者。経済的理由の移住であっても道徳的敗北として非難される。
3,バハマ,【事実】,人種と階級の交差点「Conchy Joe」,バハマ生まれの白人を、特権層への皮肉を込めて呼ぶ実践,植民地時代から続く白人支配層と黒人多数派の社会的境界の維持,歴史的搾取へのルサンチマンの表出,コンク貝（Conch）を食べる地元の白人を指す。本来は中立的だが、政治的・階級的な対立構造で多用される。,政治的な議論の場,Conchy Joe oligarchy,経済を牛耳る白人系バハマ人の特権を非難・分断するための表現。,歴史的な支配層への言及,Bay Street Boys,バハマの政治経済を支配していたConchy Joeの特定エリート集団を指す批判用語。,移民との差別化,Paper Bahamian,書類上のバハマ人（帰化人）。Conchy Joeとは異なる「血統」の政治的攻撃。
3,ジャマイカ,【事実】,植民地トラウマに根ざした「-claat」,布（Cloth）を語源とする単語を、最大の侮蔑語・放送禁止用語として使う実践,相手に対する極限の怒りの表明と、関係性の破壊,タブーを破ることによる精神的爆発と攻撃衝動の解放,植民地時代、奴隷が主人の生理用品やトイレットペーパーを洗わされた歴史的屈辱（布＝不浄）に由来。,激しい怒りや非難をぶつける時,Bumboclaat!,尻を拭く布の意。ジャマイカにおける最大のタブー語であり、相手を完全に否定する。,驚愕や極度の不満を表す時,Bloodclaat!,経血を拭く布の意。深刻な事態や、激しい論争の最中に攻撃性を高めるため使用。,相手を極端に見下す時,Rasclaat!,これも尻を拭く布の意。特定の個人を底辺の存在としてキャンセルする際に放つ。
3,ハイチ,【事実】,児童労働と階級搾取の象徴「Restav?k」,他人の家で無給で働く子供、またはそれに従事する者を指す言葉の実践,極端な貧富の差の固定化と、最下層の存在の明確化,対象者の尊厳の剥奪と、使用者側の優越感の維持,フランス語の「reste avec（?と一緒に留まる）」が語源。現代の奴隷制度として国際的に批判されている。,子供を罵倒・虐待する時,Ou se yon restav?k,お前はただの使用人だ、と人間の尊厳を奪い、絶対的な服従を強いる。,従属的な大人を非難する時,Li se restav?k blan yo,「あいつは外国人の犬だ」という意味で、政治家などを攻撃・キャンセルする表現。,文学や社会批判におけるステレオタイプ,Ti Sentaniz,虐げられる少女の典型名。社会の暗部を非難する際の象徴として用いられる。
4,パナマ,【都市伝説】,「Gringo」の反米プロテスト語源説,"Gringo（米国人）の語源が、米兵に対する「Green, go home!」という抗議のコールであるという噂",運河地帯を支配していた米国に対する鬱憤のユーモアによるガス抜き,弱者が強者を言葉遊びで打ち負かしたというカタルシスと歴史修正的快感,【反証】1787年のスペイン語辞典に既に記載あり。「Griego（ギリシャ語＝ちんぷんかんぷん）」が語源。,外国人観光客に言葉の由来を説明する時,"Green, go home!",米軍の緑色の軍服を指して出て行けと言ったのが始まりだ、と誇らしげに語る。,米国のパナマ侵攻を振り返る時,"Green, go!",辛い歴史を、民衆の知恵（言葉遊び）の勝利というジョークに変換して語る。,アメリカ人をからかう時,Los gringos,ただの外国人ではなく「我々に追い出された緑色の奴ら」という隠れた嘲笑を込める。
4,キューバ,【都市伝説】,「Yuma」の西部劇・軍隊語源説,アメリカを指す「La Yuma」は、映画『決断の3時10分（3:10 to Yuma）』や「USMA」から来ているという噂,敵対国であるアメリカを、検閲を避けつつポップに消費する言葉遊び,イデオロギーの重圧からの解放と、禁じられた対象へのロマンチックな憧れ,【反証】諸説あるが、1957年の西部劇映画がキューバで大ヒットした影響という説が有力。USMA（陸軍士官学校）説は後付けのバクロニム。,アメリカへ移住する夢を語る時,Me voy pa' la Yuma,帝国主義の敵国ではなく、映画のようなロマンチックな新天地として語るユーモア。,アメリカ人観光客を呼ぶ時,Es un Yuma,政治的な「Gringo」や「Imperialista」ではなく、親しみとからかいを込めた響き。,アメリカ製の衣服を自慢する時,Ropa de la Yuma,「敵の物資」ではなく「映画のようなクールな場所から来たブランド」として戯画化する。
4,バハマ,,NO_DATA,,,,,,,,,,,,,
4,ジャマイカ,【都市伝説】,「John Crow（ハゲワシ）」の牧師語源説,忌み嫌われるハゲワシの名は、説教臭い白人牧師「ジョン・クロウ」を嘲笑するために付けられたという噂,植民地時代の宗教的権威に対する、動物を使った言葉遊びによる復讐,権力者を醜い腐肉食動物に重ね合わせることで得られる優越感と笑い,【反証】本来はCarrion Crow（腐肉を食うカラス）の訛り、あるいは西アフリカの言語に由来するというのが言語学的見解。,容姿の醜さや嫌な奴をからかう時,Ugly like John Crow,単に醜いだけでなく、偽善的な権威者のようだと暗にからかうジョーク。,欲張りを戒めることわざ,John Crow want water...,「ハゲワシは水が欲しいが…」というなぞかけ風の諺で、権力者の無能を笑う。,価値のないものを捨てる時,John Crow batty,「ハゲワシの尻」の意。どんなに偉ぶっても中身はゴミだ、という強烈なユーモア。
4,ハイチ,【事実】,「Blan（白）」の不可逆的意味転用,白人を意味する「Blan」を、「外国人」全般を指す言葉として使う、人種概念を無効化する言語ゲーム的実践,かつての白人支配層の特権的呼称を、すべての人種に適用することによる権威の相対化,人種的ヒエラルキーの頂点に立つ白人の概念を換骨奪胎する痛快さとユーモア,1804年の独立後、白人を追放したハイチにおいて、「外から来る者＝白人」という概念が肌の色と切り離されて定着した事実。,黒人のアフリカ系アメリカ人が訪れた時,Blan nwa,直訳すると「黒い白人」。人種の矛盾を突いたハイチ特有のブラックジョーク的表現。,外国のNGOや国連の車を見た時,Machin blan an,実際に乗っているのがハイチ人であっても、外国資本・権威の象徴としてからかって呼ぶ。,本物の白人（フランス人等）を区別する時,Blan franse,あえて「フランスの白人（外国人）」と言うことで、白人という概念の特権性を日常語の中で解体する。
第1象限,ドミニカ共和国,【事実】,Ustedと敬称（Don/Do?a）の厳格化,目上の人や見知らぬ人に対して親称（T?）を避け、敬称を用いる言語実践。,社会的階層と長幼の序の維持。,敬意の伝達による安心感と、無礼による社会的制裁（村八分）の回避。,ドミニカ社会はスペイン植民地時代の家父長制とカトリックの階層秩序の色濃い影響を残しており、言語的ポライトネスが社会的地位の承認として機能する。,高齢の親族への挨拶,"「Bendici?n, Do?a Carmen.（ご加護を、カルメンおばさん）」",祝福を求める宗教的表現と敬称を組み合わせ、世代間の権威を承認している。,フォーマルな場での見知らぬ人への声かけ,「?Usted me puede ayudar?（手伝っていただけますか？）」,T?ではなくUstedを用いることで、社会的距離を保ちつつ敬意を示している。,権威者（警察や上司）への応答,"「S?, se?or, como usted diga.（はい、おっしゃる通りに）」",制度的権力への服従を言語的に示し、摩擦を回避している。
第2象限,ドミニカ共和国,【事実】,KLK（Qu? lo qu?）とティグレラヘ（Tigueraje）の共有,「KLK」などの特有のスラングを用い、ストリートの知恵（Tigueraje）を共有する仲間同士で連帯を示す。,イングループの形成と帰属意識の強化。,共感、アハ体験、親密さの醸成。,「T?guere（ティグレ＝虎）」は機転が利く人物を指す文化概念。KLKはその代表的な挨拶であり、アフリカ系・カリブ系の口承文化と都市部の若者文化に根ざす。,路上での親しい友人との遭遇,"「?Klk, mi hermano!（調子どう、兄弟！）」",標準語を崩した表現を用いることで、瞬時に仲間意識とイングループの連帯を確立している。,状況が順調であることを確認し合う時,「Klk con klk.（最高と最高が合わさった感じだ）」,言葉遊びのような反復により、コードを共有する者同士の深い共感を生み出している。,リラックスした場で近況を尋ねる時,"「Dime a ver, klk.（言ってみてよ、調子どう）」",形式的な挨拶を排除し、心理的な壁を取り払い親密さを高めている。
第3象限,ドミニカ共和国,【事実】,蔑称「Chopo/Chopa（チョポ）」の使用,趣味が悪い、または下層階級に属すると見なした相手を「Chopo」と呼び非難・排除する。,階級的優位性の誇示と、特定の社会的グループの分断・キャンセル。,相手を貶めることによる自己の優越感、攻撃衝動の充足。,元々は家事使用人を指す言葉や英語のshop等に由来するとの民間語源もあるが、現代ドミニカでは純粋に階級差別的なスティグマとして機能し、社会的格差を言語的に再生産している。,相手の振る舞いを「下品」だと批判する状況,「No seas tan chopo.（そんな下品な振る舞いはやめろ）」,相手の行動を低い社会階層と結びつけ、論争において心理的優位に立とうとしている。,相手の服装や美的センスを嘲笑する状況,「Esa ropa se ve muy chopa.（その服、すごく安っぽくて下品に見える）」,美的基準を武器にして相手をキャンセルし、社会的な排他性を示している。,議論において相手の意見を価値のないものとして切り捨てる状況,"「Cosas de chopos, no le hagas caso.（下層民の言うことだ、気にするな）」",階級主義的なレッテルを貼ることで、相手の発言権そのものを無効化している。
第4象限,ドミニカ共和国,【事実】,隠語「Botella（ボテージャ＝空き瓶）」による政治風刺,働かずに給与だけ受け取る公務員や縁故採用者を「Botella（ボトル）」と呼び揶揄する。,政治腐敗や不平等に対する不満のガス抜き。,ユーモアによる権威の相対化と、無力感の緩和。,ラテンアメリカのパトロネジ（恩顧主義）政治において、中身のない（働かない）が場所だけ取る（ポストを占有する）様子を「空き瓶」に見立てた秀逸な隠語であり、社会学・政治学の文献でも記録されている。,仕事をしない公務員について不満を漏らす状況,「Ese tipo es una botella del gobierno.（あいつは政府の空き瓶だ）」,直接的な批判（汚職や腐敗）を避け、比喩を用いることで角を立てずに体制を批判している。,職場で怠けている同僚をからかう状況,「Te est?s ganando la botella hoy.（今日は立派な空き瓶になってるな）」,政治スラングを日常のジョークに転用し、直接的な対立を避けつつ怠慢を指摘している。,選挙後の縁故採用の増加を皮肉る状況,「Ah? vienen las botellas nuevas.（また新しい空き瓶たちがやってくるぞ）」,構造的な問題をシニカルな笑いに変換し、市民のストレスを遊戯的に昇華している。
第1象限,アンティグア・バーブーダ,,NO_DATA,,,,,,,,,,,,,
第2象限,アンティグア・バーブーダ,,NO_DATA,,,,,,,,,,,,,
第3象限,アンティグア・バーブーダ,,NO_DATA,,,,,,,,,,,,,
第4象限,アンティグア・バーブーダ,,NO_DATA,,,,,,,,,,,,,
第1象限,セントクリストファー・ネイビス,,NO_DATA,,,,,,,,,,,,,
第2象限,セントクリストファー・ネイビス,,NO_DATA,,,,,,,,,,,,,
第3象限,セントクリストファー・ネイビス,,NO_DATA,,,,,,,,,,,,,
第4象限,セントクリストファー・ネイビス,,NO_DATA,,,,,,,,,,,,,
第1象限,ドミニカ国,,NO_DATA,,,,,,,,,,,,,
第2象限,ドミニカ国,,NO_DATA,,,,,,,,,,,,,
第3象限,ドミニカ国,,NO_DATA,,,,,,,,,,,,,
第4象限,ドミニカ国,,NO_DATA,,,,,,,,,,,,,
第1象限,セントルシア,,NO_DATA,,,,,,,,,,,,,
第2象限,セントルシア,,NO_DATA,,,,,,,,,,,,,
第3象限,セントルシア,,NO_DATA,,,,,,,,,,,,,
第4象限,セントルシア,,NO_DATA,,,,,,,,,,,,,
第1象限,セントビンセント・グレナディーン,,NO_DATA,,,,,,,,,,,,,
第2象限,セントビンセント・グレナディーン,,NO_DATA,,,,,,,,,,,,,
第3象限,セントビンセント・グレナディーン,,NO_DATA,,,,,,,,,,,,,
第4象限,セントビンセント・グレナディーン,,NO_DATA,,,,,,,,,,,,,
第1象限,バルバドス,,NO_DATA,,,,,,,,,,,,,
第2象限,バルバドス,【事実】,ベイジャン・クレオールの共感表現,島民特有の感情表現や相槌を日常会話で多用する。,島民同士の強い連帯感と内集団意識の確認,感情の共有によるアハ体験と親密さの向上,ベイジャン（Bajan）はイギリス英語と西アフリカの言語が融合して成立したクレオール語であり、独特の比喩や感嘆詞が現在もアイデンティティとして機能している。,驚くべき光景や信じられない出来事に直面した時,Cheese on bread!,文字通りの意味（パンの上のチーズ）ではなく、驚きや落胆といった強い感情を共有するローカルな感嘆詞。,親しい友人と道端で出会った時,Wuh gine on?,「何が起きている？」という現状確認を挨拶として用いることで、相手の生活への関心と連帯感を示す。,友人が軽い不運や怪我を打ち明けた時,Cuh-dear!,「Oh dear」が転訛した表現で、相手に対する同情や親身な気遣いを柔らかく伝える共感の合言葉。
第3象限,バルバドス,,NO_DATA,,,,,,,,,,,,,
第4象限,バルバドス,,NO_DATA,,,,,,,,,,,,,
第1象限,グレナダ,,NO_DATA,,,,,,,,,,,,,
第2象限,グレナダ,,NO_DATA,,,,,,,,,,,,,
第3象限,グレナダ,,NO_DATA,,,,,,,,,,,,,
第4象限,グレナダ,,NO_DATA,,,,,,,,,,,,,
第1象限,トリニダード・トバゴ,【事実】,公共空間における「Good Morning」の絶対的規範,マキシタクシー（乗合バス）や待合室に入る際、見知らぬ人であっても必ず「Good Morning/Afternoon」と挨拶しなければならないというルール。,公共空間における敵意の不在証明と、社会的調和の維持,コミュニティへの帰属意識と、挨拶を怠った際の強い排斥不安,カリブ海地域全般に見られるが、特にトリニダードでは挨拶が「教養（manners）」の指標とされ、社会階層や人種を超えた市民的儀礼として社会学的に定着している。,マキシタクシー（乗合バス）に乗車した時,"Good morning, everyone.",密室空間における潜在的な緊張を緩和し、平和的な同席者であることを証明する。,病院や役所の待合室に入った時,Morning.（全体に向けて）,個人の用事であっても、まずその場にいる集団全体への敬意を示すことでコミュニティの秩序を保つ。,子供が挨拶を忘れたのを親が叱る時,You ain't have manners? Say good morning!,「挨拶の欠如＝無教養・無秩序」という社会規範を次世代に伝達し、ヒエラルキーを再生産する。
第2象限,トリニダード・トバゴ,【事実】,ライミング（Liming）とマコ（Maco）の文化,目的なく集まって談笑する「Liming」と、他人の噂話に首を突っ込む「Maco」という概念が日常的に使われる。,集団の結束力の強化と、境界線の柔軟な維持,仲間意識の高揚と、ゴシップを通じたカタルシス,トリニダードの多民族社会を繋ぐ共通のクレオール語彙であり、国民的アイデンティティ（Trinbagonianness）の核として言語人類学で広く研究されている。,友人たちと週末にただ集まって時間を過ごす時,We just liming down the road.,「何も生産しない時間」を共有すること自体が、最高の親密さの表現となる。,他人が自分の個人的な事情を詮索してきた時,Stop macoing my business.,不快感を示しつつも、相手がコミュニティの内側にいるからこそ許容される緩やかな牽制。,誰かが信じられないような噂話を持ってきた時,Eh eh! You serious?,「Eh eh」という短い否定的な音を重ねることで、驚きと同時に「もっと詳しく聞かせろ」という強い関心を示し、噂の輪を広げる。
第3象限,トリニダード・トバゴ,,NO_DATA,,,,,,,,,,,,,
第4象限,トリニダード・トバゴ,【事実】,ピコン（Picong）による対立の遊戯化,相手の弱点や社会的問題をユーモアを交えて即興でからかい合う言語実践。,深刻な対立の回避と、社会的プレッシャーのガス抜き,攻撃性を笑いに昇華することによる緊張緩和と優越感の共有,カリプソ音楽の伝統（Extempoなど）に由来し、奴隷制時代に支配者層を暗に批判・嘲笑した言語的抵抗の歴史が、現代の日常的な冗談文化として定着したもの。,カリプソの即興歌合戦で相手を貶める時,"(Singing) Your head so big, it need its own zip code.",直接的な暴力ではなく、言葉の機知とユーモアのセンスで相手を圧倒し、観客の支持を得る。,バーで友人同士が互いをからかい合う時,"You so ugly, mosquito does fly past you.",あえて残酷な言葉をぶつけることで、それが許されるほどの強固な信頼関係があることを確認し合う。,カーニバルで政治家の汚職を揶揄する時,He is a real Midnight Robber.,伝統的なカーニバルのキャラクター（強盗）になぞらえることで、権力者への不満を合法的なジョークとして表現する。
第1象限,コロンビア,【事実】,「Sumerc?（スメルセ）」による敬意と階層の表現,ボヤカ県やクンディナマルカ県を中心に、相手の年齢や社会的地位に関わらず「Sumerc?（あなたの慈悲）」という二人称代名詞を用いる。,社会的ヒエラルキーの円滑な維持と、対人摩擦の回避,過剰なまでのへりくだりによる自己防衛と、相手への親愛の情,スペイン植民地時代の極端な敬称「Su merced（閣下、あなたの慈悲）」が、アンデス地方の農民層の間で丁寧な日常語として定着・変容した歴史的言語事象。,年配者や初対面の人に挨拶をする時,"?C?mo est?, sumerc??",相手を高めることで、自分に敵意がないことと社会的秩序への順応を示す。,市場で店員が客に商品を勧める時,"S?, sumerc?, ya le traigo el tinto.",商業的なサービス階層において、客を絶対的な上位者として扱うことで取引を円滑にする。,親が子供に用事を頼む時（愛情を込めて）,"Venga, sumerc?, y me ayuda.",本来は目上に使う言葉をあえて身内に使うことで、命令の強さを和らげ、愛情と秩序を同時に伝える。
第2象限,コロンビア,【事実】,パルラチェ（Parlache）による連帯の暗語,メデジンの若者や裏社会発祥の隠語（パルラチェ）を、日常的な親密さの表現や危険の共有として使用する。,周縁化された集団のアイデンティティ確立と、外部からの防衛,アウトロー的な響きを共有することによる強いアハ体験と仲間意識,1980?90年代の麻薬カルテル時代のメデジンで、若者たちが警察や対立組織から情報を隠すために生み出した社会方言が、現在ではコロンビア全土の若者言葉として一般化したもの。,親しい友人と街で出会った時,"Quiubo, parce. (Parcero)",「相棒（Parcero）」と呼び合うことで、過酷な社会を生き抜く仲間としての連帯感を一瞬で構築する。,警察官が近づいてくるのを発見した時,"?Pilas, ah? viene el tombo!",「Tombo（警察）」という隠語を使い、外部権力に対する警戒を身内だけで素早く共有する。,友人が不運な出来事に遭遇したのを聞いた時,"Uy, qu? paila eso.",「Paila（フライパン＝最悪・終わっている）」という比喩を使い、絶望的な状況に対する深い共感を示す。
第3象限,コロンビア,【事実】,パルラチェ由来の特有の罵倒語による排除,社会的な規範から逸脱した者や対立する相手に対し、病名や極端な表現を用いたコロンビア特有の罵倒語を放つ。,コミュニティ内の裏切り者の排除と、対立の明確な線引き,相手を人間以下の存在としてラベリングすることによる自己正当化と怒りの表出,元々は麻薬カルテルや犯罪組織の間で使われていた強烈な侮蔑語が、一般社会の交通トラブルや喧嘩において、相手を完全に否定・論破するための武器として定着したもの。,誰かがコミュニティの秘密を密告した時,"?C?llese, sapo!",「Sapo（カエル＝密告者）」と呼ぶことで、裏切り者をコミュニティから社会的にキャンセル・排除する。,交通トラブルで相手の悪質な運転に激怒した時,?Qu? malparido tan atravesado!,「Malparido（ひどい生まれの者）」という強い侮蔑語を用い、相手の存在自体を道徳的に非難して優位に立とうとする。,道徳的に許されない行為をした相手を非難する時,Ese man es mucha gonorrea.,「Gonorrea（淋病）」という性病の名前を人に対して使うことで、その人物が社会的に有害で軽蔑すべき存在であることを決定づける。
第4象限,コロンビア,【事実】,ママガジスモ（Mamagallismo）による権威と緊張の相対化,深刻な状況や権威的な態度に対し、あえて真面目に取り合わず、大げさな冗談や揶揄（ママガジスモ）で対応する。,社会の不条理や政治的腐敗に対するガス抜きと、精神的防衛,深刻な問題に直面した際のストレス軽減と、笑いを通じたカタルシス,「Gallo（雄鶏）」を「Mamar（吸う）」という語源に由来するとされるが、文学にも描かれるように、コロンビア人の「絶望的な状況をユーモアで乗り切る」文化的防衛機制として定着している。,変えられない社会問題が話題になった時,"No le pare bolas a eso, puro cuento.",「ボールを止めるな（気を留めるな）」と一蹴し、深刻な問題を笑い飛ばすことで無力感を克服する。,友人が小さな失敗を過剰に嘆いている時,Le cay? la roya.,「Roya（コーヒー豆のさび病）」という農業の破滅的な比喩をあえて日常の小さな不運に使い、大げさにして笑に変える。,誰かが自分の財産を自慢げに語り始めた時,?Tan abeja!,「Abeja（ミツバチ＝抜け目ない）」と揶揄することで、相手の権威ぶった態度をからかい、場を和ませつつ牽制する。
第1象限,ベネズエラ,【事実】,アンデス地方の「Usted」,家族間（親から子、夫婦間）でも敬称の「Usted（あなた）」を用いる。,家族内のヒエラルキーと敬意の維持,親密さの中にある適度な緊張感と帰属意識,標準スペイン語では親しい間柄にT?を用いるが、ベネズエラ・アンデス地方では古いカトリックの家父長制の名残でUstedが親愛の情を込めて使われる。,親が子供を叱る時,?Usted se me sienta aqu?! (あなたはここに座りなさい！),権威を示しつつ、愛情に基づく躾として機能する。,夫婦間の日常会話,"?C?mo le fue hoy, mijo? (今日はいかがでしたか、あなた？)",敬称を使うことで相互の尊厳を保つ。,子供が親に挨拶する時,"Bendici?n, mam?. ?C?mo est? usted? (お母さん祝福を。ご機嫌いかがですか？)",祝福を求める伝統的挨拶とセットで秩序を確認する。
第2象限,ベネズエラ,【都市伝説】,「Pana（親友）」の英語起源説,「Pana（親友）」は石油ブーム時代にアメリカ人が使った「Partner」が訛ったものだと広く信じられている。,石油国としてのアイデンティティと仲間意識の醸成,外来の文化を取り入れて自国流に昇華したという誇りとアハ体験,学術的には先住民カリア語の「panare（友）」またはスペイン語の「panader?a（パンを分け合う仲）」が有力だが、民衆の間ではPartner説が根強い。,親友に挨拶する時,"?Epa, mi pana! (よお、俺の親友！)",英語由来という（偽の）歴史が、都会的でクールな響きを与える。,頼み事をする時,"Hazme la segunda, pana. (ちょっと手伝ってくれよ、相棒)",助け合いの精神を「Partner」的紐帯として強調する。,誰かを褒める時,Ese chamo es burda de pana. (あいつは本当にいい奴だ),対象者が「信頼できる相棒」であることを示す。
第3象限,ベネズエラ,【事実】,政治的分断語彙（Escu?lido vs Enchufado）,相手の政治的立ち位置を「貧弱な奴（反体制）」「権力に繋がれた奴（親体制）」とラベリングする。,敵対陣営の非人間化と自陣営の結束,相手の道徳的価値を貶めることによる自己正当化,2000年代以降のチャベス政権下で政治的意図をもって作られ、社会に定着した分断のレトリック。,与党支持者が野党を罵る時,Esos escu?lidos no volver?n. (あんな貧弱な奴らは二度と政権に戻らない),相手を「弱小で無力な存在」として矮小化する。,野党支持者が富裕層を批判する時,Ese tipo seguro es un enchufado. (あいつは間違いなく権力に繋がれた奴だ),相手の成功を「不正な特権」によるものと断定する。,中立な人を非難する時,"No te pongas de tibio, pareces enchufado. (生ぬるい態度をとるな、親体制派みたいだぞ)",妥協を許さない極端な二極化圧力をかける。
第4象限,ベネズエラ,【事実】,チャレケオ（Chalequeo）,深刻な状況や相手のコンプレックスを、容赦ないがユーモアのある冗談でイジる。,ストレスのガス抜きと社会的平準化,過酷な現実からの逃避と、笑いを通じたトラウマの克服,経済危機や社会不安が続く中、ベネズエラ特有のサバイバル・メカニズムとして発達した高度な言語遊戯。,友人の失敗を笑う時,"?Qu? pas?, te cortaron el pelo con los dientes! (どうした、歯で髪を切られたのか！)",直接的な批判を避け、笑いに変換して連帯を保つ。,怒っている友人を宥める時,"No te arreches, solo te estoy echando vaina. (怒るなよ、ただからかってるだけだろ)",「単なる冗談」というフレームを作り、対立を回避する。,停電が起きた時,"Se fue la luz, a sacar el domin? y echar vaina. (停電だ、ドミノを出して遊ぼうぜ)",怒っても解決しないインフラ不全への不満を遊びに昇華する。
第1象限,ガイアナ,【事実】,Auntie / Uncle の普遍的使用,血縁関係に関係なく、年上の人物に対する必須の敬称として使用する。,コミュニティ内の世代間ヒエラルキーの維持,相手に敬意を示すと同時に、擬似家族的な安心感を得る,植民地時代の奴隷制・年季奉公の歴史を経て、コミュニティ全体の相互扶助を示すために血縁語彙が拡張されて定着した。,市場で買い物をする時,"How much for this, Auntie? (おばさん、これはいくら？)",見知らぬ商人に対しても親密さと敬意を同時に示す。,近所の年配者に挨拶する時,"Good morning, Uncle John. (おはようございます、ジョンおじさん)",地域社会の秩序と連帯を確認する日常的儀式。,友人の親に話しかける時,"Auntie, can he come out to play? (おばさん、彼は外に遊びに出られますか？)",親の権威を尊重し、社会的な礼儀を尽くす。
第2象限,ガイアナ,,NO_DATA,,,,,,,,,,,,,
第3象限,ガイアナ,,NO_DATA,,,,,,,,,,,,,
第4象限,ガイアナ,,NO_DATA,,,,,,,,,,,,,
第1象限,スリナム,,NO_DATA,,,,,,,,,,,,,
第2象限,スリナム,,NO_DATA,,,,,,,,,,,,,
第3象限,スリナム,,NO_DATA,,,,,,,,,,,,,
第4象限,スリナム,,NO_DATA,,,,,,,,,,,,,
第1象限,エクアドル,【都市伝説】,「Mande（何ですか）」の植民地奴隷語源説,「Mande（命令してください）」は、スペイン植民地時代の先住民や奴隷が白人に強いられた服従の言葉であると広く信じられている。,過去の被支配の歴史に対する集合的記憶の共有,「丁寧すぎる自分たち」に対する自嘲と歴史的トラウマの再確認,学術的には中世スペイン語の丁寧表現「Mande usted」の残存であり奴隷制特有のものではない。しかし社会的には植民地支配のトラウマとして解釈され、現在も従属の言葉と信じられている。,子供が親に呼ばれた時,"?Mande, mami? (何ですか、お母さん？)",家庭内の服従を示す言葉として、無意識に継承されている。,生徒が教師の言葉を聞き返す時,"Mande, profesor, no lo escuch?. (何ですか先生、聞こえませんでした)",「Qu?（何）」と言うのは無礼であるという社会的圧力の表れ。,従業員が上司に返事をする時,?Mande? Enseguida lo hago. (何でしょうか？すぐにやります),偽の語源にも関わらず、現実の階層社会における服従マーカーとして機能している。
第2象限,エクアドル,【事実】,「?a?o/a（兄弟・親友）」,キチュア語で「女性の姉妹」を意味するニャーニャを、メスティーソ（混血）が性別を問わず「親友」「兄弟」として使う。,先住民文化とスペイン語文化の融合、および強い仲間意識,血縁を超えた「運命共同体」としての絶対的な信頼感,アンデス地域の先住民言語が都市部のスペイン語に借用・意味拡張され、エクアドル独自の連帯アイデンティティ形成に寄与している。,親友に挨拶する時,"?Qu? m?s, mi ?a?o? (調子はどうだい、俺の兄弟？)",単なる友人（Amigo）を超えた、家族同然の深い絆を示す。,友人を慰める時,"Tranquilo, ?a?o, todo va a salir bien. (落ち着け兄弟、すべて上手くいくさ)",相手を精神的に保護し、孤独感を払拭させる。,実の兄弟について話す時,Me voy de viaje con mi ?a?a. (妹と一緒に旅行に行くんだ),原義（先住民語）に近い形で、血縁者にも適用される。
第3象限,エクアドル,【事実】,地域間対立語彙（Mono vs Serrano）,沿岸部の人を「Mono（猿）」、山岳部の人を「Serrano（山猿・田舎者）」と呼び合う。,地域的アイデンティティの境界線の明確化と、他地域の排斥,相手の地域性をステレオタイプ化することで得られる優越感,政治の中心であるキト（山岳）と、商業の中心であるグアヤキル（沿岸）の長年にわたる歴史的・経済的対立が言語化したもの。,山岳部の人が沿岸部の人を批判する時,Estos monos siempre hacen bulla. (この猿どもはいつもうるさい),相手を「うるさくて無教養」と決めつけ、文化的に下に見る。,沿岸部の人が山岳部の人を批判する時,"Mu?vete, serrano lento. (動けよ、鈍臭い山猿)",相手を「閉鎖的で鈍臭い」とステレオタイプ化する。,サッカーの試合などで相手地域を挑発する時,"?Regresa a tu p?ramo, serrano! (お前の荒れ野に帰れ、山猿！)",スポーツの場などを借りて、相手の出自を直接的に攻撃し排除しようとする。
第4象限,エクアドル,【事実】,年越しの「遺言書（Testamentos）」,大晦日に燃やす人形と共に、政治家や家族の失敗を韻を踏んだ詩で皮肉る「遺言」を読み上げる。,権力者への風刺と、コミュニティ内の不満の無害化,1年間の社会的・個人的な鬱憤を笑いを通じて浄化（カタルシス）する,スペインの風刺伝統と先住民の浄化儀式が混ざり合い、社会批判を「合法的なジョーク」として許容する文化的装置。,大統領の失政を皮肉る時,"Te dejo este pa?s quebrado, para que sigas de vago. (お前にはこの壊れた国を残す、怠け続けるがいい)",権力者の無能さを笑いに変えることで、政治的無力感を克服する。,家族の浮気をいじる時,"A mi primo Juan le dejo un candado, por ser el m?s cachudo del barrio. (従兄弟のフアンには南京錠を残す、町一番の寝取られ男だからな)",身内のスキャンダルを公開の場で笑いにし、コミュニティ内のわだかまりを解消する。,市長のインフラ整備不足をからかう時,"Al alcalde le dejo una llanta rota, por cada hueco en la ruta. (市長には破れたタイヤを残す、道路の穴の数だけな)",直接的な抗議ではなく、詩の形式をとることで検閲や報復を回避しつつ批判する。
第1象限,ペルー,【事実】,サービス業における「Joven」の普遍化,レストランの給仕やバスの車掌などに対し、相手が年配者であっても「Joven（若者）」と呼びかける。,階級格差の不可視化と、無難な距離感の保持,「使用人」として扱うことへの罪悪感の軽減と、平等を装う偽善的安堵,植民地時代から続く深刻な人種・階級格差（Servidumbre）を覆い隠すため、都市部で自然発生的に定着したポリティカル・コレクトネスの一種。,レストランで年配のウェイターを呼ぶ時,"Joven, la cuenta por favor. (若者よ、お勘定をお願いします)",「Camarero」などの職業名で呼ぶことの階級性を回避する。,バスの車掌に運賃を払う時,"Joven, bajo en la pr?xima esquina. (若者よ、次の角で降ります)",労働者への直接的な命令を避け、対等な関係を擬制する。,店員に商品の在庫を尋ねる時,"Joven, ?tiene esto en talla M? (若者よ、これのMサイズはありますか？)",名前を知らない相手に対する、最も無難で波風の立たない敬称として機能する。
第2象限,ペルー,【都市伝説】,「Causa（親友）」の太平洋戦争語源説,チリとの太平洋戦争中、軍の「大義（Causa）」を支援するために女性たちが料理を売り、それが戦友の絆を意味するようになったという噂。,愛国心の鼓舞と、国民的連帯感の強化,苦難の歴史を共有しているというロマンチックなアハ体験と誇り,実際の語源はケチュア語の「Kausay（生命・糧）」が有力だが、大衆の間では太平洋戦争における愛国的な民間語源が圧倒的な支持を得ている。,親友に挨拶する時,"?Habla, causa! (調子はどうだい、我が大義よ！)",単なる友人以上の、歴史的・運命的な紐帯を（無意識に）アピールする。,別の友人を第三者に紹介する時,?l es mi causa de toda la vida. (彼は私の一生の戦友です),絶対に裏切らない信頼関係であることを示す。,困難な状況で励まし合う時,"Estamos juntos en esto, causa. (俺たちは一緒だぞ、戦友)",逆境を乗り越える「大義」を共有しているという心理的効果を生む。
第3象限,ペルー,【事実】,「テロケオ（Terruqueo）」,自身の政治的立場に反対する左派、学生、先住民の抗議者をすべて「テロリスト（Terruco）」とレッテル貼りする。,反対意見の完全な封殺と、相手の基本的人権の剥奪,過去のテロのトラウマを喚起させ、大衆の恐怖心を煽り操作する,1980年代?90年代の極左テロ組織による凄惨な内戦のトラウマを、現代の既得権益層が政治的武器として悪用している社会現象。,学生のデモ行進を非難する時,Esos universitarios son puros terrucos. (あの大学生たちは純度100%のテロリストだ),学生の正当な要求を「国家転覆の陰謀」にすり替えて無効化する。,左派の政治家を攻撃する時,"No votes por ?l, es un terruco camuflado. (奴には投票するな、偽装したテロリストだ)",政策論争を避け、恐怖の感情を利用して有権者をコントロールする。,先住民の環境保護運動を弾圧する時,Los que bloquean la carretera son terrucos. (道路を封鎖している奴らはテロリストだ),土地の権利を主張するマイノリティを「社会の敵」として孤立させ、暴力的な排除を正当化する。
第4象限,ペルー,【事実】,残酷で的確なあだ名「Chapas」,身体的特徴や失敗を極端に誇張した、残酷だが笑えるあだ名（Chapa）を命名し合う。,ヒエラルキーの破壊と、攻撃性を伴う親密さの構築,コンプレックスをオープンに笑うことで、逆に心理的タブーを無効化する,ペルー社会特有の「クリオージョの悪知恵（Viveza criolla）」の一部であり、相手の痛いところを突きつつも笑いに昇華する高度な言語ゲーム。,頭の薄い友人をからかう時,"?Qu? pasa, 'Cabeza de rodilla'? (どうした、「膝小僧頭」？)",身体的特徴をモノに見立てることで、怒るに怒れないユーモアを生み出す。,痩せすぎている友人を呼ぶ時,"Ven ac?, 'Fideo tallar?n'. (こっちに来い、「パスタの麺」)",深刻なコンプレックスになり得る要素を、漫画的なキャラクター性に変換する。,耳の大きい友人をいじる時,"Habla, 'Dumbo'. (話せよ、「ダンボ」)",誰もが知るポップカルチャーの記号を貼り付けることで、攻撃性を「遊び」にコーティングする。
第1象限,ボリビア,【事実】,スペイン語アンデス方言における証拠性（Evidentiality）の義務的明示,アイマラ語やケチュア語の文法規則がスペイン語に影響を与え、「情報源が何であるか」を動詞の時制や副詞で厳密に区別して話す実践。,話者の発言に対する責任の所在を明確にし、共同体内での情報の信頼性（真実の秩序）を維持する。,嘘つきと見なされるリスクを回避する安心感と、他者の発言を評価する際の心理的フィルター。,[事実確認]アンデス・スペイン語の研究（Escobar等）で広く認知された言語接触現象。先住民語の認識論的カテゴリーがスペイン語に転用された。,自分が直接見ていない噂話をする時,Dice que va a llover.（雨が降るそうだ）,「Dice que（?と言われている）」を付けることで、情報源が自分ではないことを明示し責任を回避する。,既に起こっていた事実に後から気づいた時,Hab?a estado durmiendo.（彼は寝ていたのか）,完了過去を用いることで、「直接見ていなかったが今知った」という驚きや発見（ミラティビティ）を示す。,自分の推測や確信を語る時,Seguro est? en su casa pues.（彼は家にいるはずだ）,「pues」を付与することで、単なる事実ではなく推測であることと、相手への同意を促すニュアンスを付与する。
第2象限,ボリビア,【事実】,縮小辞「-ito / -ita」の過剰使用によるポライトネスと共感,名詞だけでなく、副詞や前置詞などにも縮小辞を付け、表現を柔らかくして相手との距離を縮める実践。,角を立てずに依頼や断りを行い、人間関係の摩擦を避けるための潤滑油。,相手に対する親愛の情や、へりくだった態度を示すことによる心理的連帯感。,[事実確認]アンデス方言の特徴として、ケチュア語の親愛接尾辞（-lla）からの翻訳借用、またはスペイン語本来のポライトネス戦略の拡張として分析されている。,軽くお願い事や頼み事をする時,"Un favorcito, ?me prestas esto?（ちょっとしたお願いなんだけど…）",依頼の重さを軽減し、相手が断りやすい（または受け入れやすい）余白を作る。,すぐに戻ることや僅かな時間を強調する時,Ahorita vengo.（今すぐ戻るよ）,「Ahora（今）」を縮小することで、相手を待たせることへの申し訳なさと親近感を表現する。,親しい相手に別れを告げる時,"Chaucito, nos vemos.（バイバイ、またね）",別れの挨拶に愛嬌を持たせ、関係性の温かさを確認する。
第3象限,ボリビア,【事実】,地域主義（カンバ対コージャ）に基づくレッテル貼りと排斥的表現,東部低地帯（カンバ）と西部高地帯（コージャ）の住民が、互いの文化や気質をステレオタイプ化し、蔑称を用いて攻撃し合う実践。,自地域の政治的・経済的優位性を主張し、他地域を他者化することで内部の結束を固める。,優越感の獲得と、国家的分断における自集団の正当化。,[事実確認]ボリビアの歴史的な地域対立（アンデス中心の政治とサンタクルスの経済的台頭）を背景とする。社会言語学的には、方言や人種的特徴を理由とした差別的ディスコースとして研究されている。,東部の人間が西部の人間を非難する時,"Kolla de mierda, vuelvan a su cerro.（クソコージャ、山に帰れ）",高地出身者を「閉鎖的で権威主義的」と見なし、都市空間から排除しようとする明確な敵意。,西部の人間が東部の人間を非難する時,Camba flojo y racista.（怠け者でレイシストのカンバ）,低地出身者を「享楽的で怠惰」とステレオタイプ化し、彼らの経済的主張を無効化しようとする。,政治的対立の中で特定の政党支持者を一括りにする時,Estos Masis arruinaron el pa?s.（このマシスタどもが国を壊した）,MAS党（主に高地・先住民層が支持）の支持者を「Masis」と蔑称で呼び、政治的分断を個人の属性にすり替える。
第4象限,ボリビア,【事実】,NO_DATA,,,,,,,,,,,,,
第1象限,ブラジル,【事実】,敬称「Senhor / Senhora」を用いた厳格な社会的ヒエラルキーの維持,年齢、階級、職業的地位が上の相手に対し、親称（Voc?）を避け、必ず「Senhor/Senhora」を用いて会話する絶対的規範。,社会的な上下関係やプロフェッショナリズムを可視化し、無礼によるトラブルを未然に防ぐ。,「自分は礼儀正しい人間である」という自己承認と、相手の権威を尊重しているというシグナルによる安心感。,[事実確認]ブラジルポルトガル語における敬称表現の社会言語学的ルール。地域差はあるものの、家族内の年長者やサービス業における規範として現代でも強固に機能している。,子供が親や祖父母に返事をする時,"Sim, senhor. / B?n??o, pai.（はい、お父さん／祝福を）",家庭内の長幼の序を絶対的なものとして守り、親への服従と敬意を示す。,店舗やレストランで店員が客に接する時,"Pois n?o, senhor. O que deseja?（はい、お客様。何になさいますか）",商業的な場における「奉仕者と顧客」の権力勾配を明確にし、プロフェッショナルな距離を保つ。,目上の相手に意見や抗議をする時,"Com o devido respeito, senhora...（失礼ながら申し上げますが…）",対立の直前に敬称を挟むことで、身分制度的な秩序は守っているという建前を作り、制裁を回避する。
第2象限,ブラジル,【都市伝説】,民間語源（英語由来・奇説）によるロマンチック・ユーモラスな共感,ブラジルの音楽ジャンルや日常語が、実は外国語（特に英語）の聞き間違いや、奇抜な生理現象に由来しているのだ、という嘘の語源を信じ、語り継ぐ現象。,「自分たちの文化は思いがけない歴史や偶然に結びついている」という面白さを共有し、雑談の場を盛り上げる。,思いがけない「アハ体験」による知的興奮と、自国の文化に対する愛着や自虐的なユーモア。,[事実確認]Forr?は「Forr?bod?（どんちゃん騒ぎ）」、Gringoは「Griego（ギリシャ語）」、Enfezadoはラテン語「infensus（敵意ある）」等が実際の語源であるが、英語のフレーズ等にこじつけたデマが広く定着している。,北東部の音楽「Forr?」の由来を語る時,"Forr? vem de ""For all"", das bases americanas!（フォホーは米軍基地の「For All」から来てるんだよ！）",米軍と地元民の心温まる交流という「ありそうな嘘」によって、音楽の普遍性をロマンチックに再解釈している。,外国人（Gringo）という言葉の由来を語る時,"Gringo vem de ""Green, go home!"" na guerra.（グリンゴは戦争中の「緑の服の奴ら、帰れ」から来てるんだ）",反米感情と結びついた歴史ロマンとして語り継ぎ、ブラジル人特有のしたたかさを共有する。,怒りっぽい（Enfezado）という言葉の由来を語る時,Enfezado ? porque a pessoa est? cheia de fezes.（怒りっぽいのは便が溜まっているからさ）,ラテン語由来の単語を「Fezes（便）」と結びつけ、怒りという感情を生理現象のユーモアにすり替えて共感を生んでいる。
第3象限,ブラジル,【事実】,政治的二極化に伴う「Coxinha」と「Petralha」のレッテル貼り,2010年代以降の政治的分断の中で、右派・保守層を「Coxinha（チキンコロッケ）」、左派・労働党支持者を「Petralha（PT＋悪党）」と呼び合い非難する実践。,複雑な政治的議論を単純な敵味方の二元論に還元し、特定の集団を社会空間からキャンセル・排除する。,「自分は正しい側にいる」という道徳的優越感と、敵対者を人間以下のカテゴリーに貶めることによるカタルシス。,[事実確認]ルーラ・ルセフ政権期からボルソナロ政権期にかけて激化した政治的偏極（Polariza??o）を象徴する語彙として、メディア分析や政治学の論文で頻繁に言及される事実。,右派・富裕層を批判・揶揄する時,Esse coxinha s? pensa no pr?prio bolso.（このコシーニャは自分の財布のことしか考えてない）,「サンパウロの金持ちが食べるおやつ」に由来し、特権階級や現実離れしたエリート主義者を攻撃する。,左派（PT支持者）を非難・キャンセルする時,Os petralhas destru?ram a economia.（ペトラーリャどもが経済を破壊した）,PT（労働党）とIrm?os Metralha（ディズニーの悪党キャラ）を合成し、左派全体を「腐敗した犯罪者」として断罪する。,中道派や政治的無関心層を吊るし上げる時,"N?o seja um isent?o, escolha um lado.（イゼンタォン（日和見主義者）になるな、立場を選べ）",どちらにも属さない者を「Isento（免除された）」から派生した言葉で呼び、極端な同調圧力をかける。
第4象限,ブラジル,【事実】,権威や不祥事をからかうバクロニム（頭字語の皮肉的再解釈）,政府機関、政党、公共サービスなどの公式な略称（頭字語）に対し、その不祥事や無能さを揶揄する別の単語を当てはめてジョークにする実践。,汚職や不条理に対する無力感や不満をユーモアに変換し、権威を笑い飛ばすことでガス抜きをする。,強者に対する「言葉の暴力」を通じた一時的な溜飲の低下と、民衆側の連帯感。,[事実確認]ブラジル独自のユーモア文化（Zoeira）の一環であり、政治的スキャンダルや社会問題が発生するたびにSNSや日常会話で即興的に生み出される社会的実践。,左派政党（PT）の汚職や失政を嘲笑する時,"PT n?o ? Partido dos Trabalhadores, ? Perda Total.（PTは労働党じゃない、完全な損失だ）",保険用語の「Perda Total（全損）」を当てはめ、国家運営の失敗を皮肉る。,公的医療制度（SUS）の機能不全を皮肉る時,SUS significa S? Um Milagre Salva.（SUSの意味は、奇跡だけが救う、だよ）,本来はSistema ?nico de Sa?deだが、待ち時間の長さや医療崩壊の現実を自虐的に笑いに変える。,ブラジルサッカー連盟（CBF）の腐敗を批判する時,"CBF significa Corrup??o, Brasil e Futebol.（CBFの意味は、汚職、ブラジル、そしてサッカーさ）",本来はConfedera??o Brasileira de Futebolだが、連盟幹部の汚職事件が相次いだ際に権威を失墜させるために使われた。
第1象限,パラグアイ,【事実】,二言語使い分け（Diglossia）による権力勾配と秩序の維持,公的・公式な場や目上の人にはスペイン語を、農村部や労働現場、親しい間柄ではグアラニー語（またはJopara）を使うという強固な暗黙のルール。,「教養あるエリートのスペイン語」と「庶民のグアラニー語」という歴史的な階級・人種的ヒエラルキーを再生産し、社会秩序を維持する。,状況に応じた適切な言語を選ぶことで得られる社会的承認と、逸脱した際の「無教養だと思われる」恥の感情。,[事実確認]パラグアイは中南米で唯一先住民語が広く国民的言語として機能しているが、社会言語学の研究により、両言語間には明確な非対称的関係（ダイグロシア）が存在することが証明されている。,学校や役所などの公的な場で発言する時,"(スペイン語で) Buenos d?as, quisiera solicitar este documento.（おはようございます、この書類を申請したいのですが）",公式な場ではグアラニー語を排除し、スペイン語の規範に従うことで「市民としての適切さ」を証明する。,農村部の労働現場で指示を出す時,"(グアラニー語で) Eju ?pe, jajapo ar?.（こっちに来て、これをやろう）",肉体労働やインフォーマルな現場では、スペイン語を使うと「気取っている」と反感を買うためグアラニー語で同化する。,都市部のエリート層が田舎出身者を見下す時,"No sabe ni hablar, mezcla todo.（あいつは話し方も知らない、全部混ぜて話す）",正しいスペイン語を話せない者を「Guarango（無教養）」と見なし、言語能力を理由に社会階層の壁を作る。
第2象限,パラグアイ,【事実】,グアラニー語の親愛表現によるアハ体験と強固な連帯,スペイン語の中にあえてグアラニー語の単語や表現（Jopara）を挿入することで、パラグアイ人同士にしか分からない共感や哀愁、愛情を表現する実践。,形式的なスペイン語では表現しきれない「パラグアイ人としての本音や情緒」を共有し、仲間内の結束を固める。,「自分たちは同じ文化的ルーツを共有している」という深い安心感と、土着の言葉が持つ響きの美しさへの陶酔。,[事実確認]パラグアイのバイリンガリズムにおいて、グアラニー語は「心の言葉（idioma del coraz?n）」と位置づけられており、感情表現においてスペイン語よりも優位に機能することが実証されている。,親しい友人に呼びかける時,"?Qu? hac?s, che ra'a?（何してるんだ、俺の兄弟？）",スペイン語の「Amigo」ではなく、グアラニー語の「Che ra'a」を使うことで、建前を捨てた絶対的な味方であることを示す。,深く同情したり、相手を哀れむ時,?Anga! Pobrecito.（ああ、なんて可哀想に）,「Anga（魂・哀れみ）」という間投詞は、単なる同情を超えて、相手の魂の痛みに寄り添うような深い共感を生む。,深い愛情を告白する時,"Te quiero mucho, rohayhu.（とても愛しているよ、ロアイユ）",スペイン語の愛の表現にグアラニー語を添えることで、「心の底からの嘘偽りのない感情」であることを補強する。
第3象限,パラグアイ,【事実】,NO_DATA,,,,,,,,,,,,,
第4象限,パラグアイ,【事実】,NO_DATA,,,,,,,,,,,,,
第1象限,チリ,【事実】,ボセオ（Voseo chileno）の複雑な階層ルールと不可視のマナー,チリ特有の「t?」「vos」「動詞のボセオ」の組み合わせを、相手との親疎関係や社会的地位に応じて瞬時に切り替え、間違うと深刻な無礼になる実践。,相手との社会的距離、権力関係、親密さを正確に測定・表示し、チリ社会の人間関係のヒエラルキーを調整する。,適切な距離感を保てているという安心感と、文脈を読み間違えて「不躾な奴だ」と見なされることへの恐れ。,[事実確認]チリのボセオはアルゼンチンと異なり、代名詞と動詞の組み合わせが複数存在し、それぞれに極めて厳密な社会語用的ルール（敬意、連帯、侮蔑）が割り当てられている。,目上の人やビジネスの相手と話す時,?Usted c?mo est??（あなたはご機嫌いかがですか？）,完全な敬語（Usted）を使用し、社会的ヒエラルキーとプロフェッショナルな距離を絶対的に維持する。,親しい友人や同年代の仲間と話す時,?T? c?mo est?i? / ?C?mo est?i?（お前、元気？）,代名詞はT?（または省略）にし、動詞だけをボセオ（-?i）にすることで、対等で親密な連帯感（Tuteo-Voseo）を示す。,相手を極度に軽蔑し、見下して攻撃する時,?Vos no sab? nada!（お前は何も分かっちゃいねえんだよ！）,代名詞「Vos」と動詞のボセオを組み合わせる（Voseo aut?ntico）ことで、相手の社会的地位を剥奪し、最大の侮辱を与える。
第2象限,チリ,【事実】,「We?n（Huev?n）」の多義的活用による仲間内の連帯と文脈の共有,本来は「馬鹿」を意味する卑語（Huev?n）を、イントネーションや文脈によって挨拶、感嘆、フィラーとして使い分け、チリ人同士の共感を生む実践。,フォーマルなスペイン語の規範から逸脱し、「これを言って許される関係である」という仲間内の強固なバウンダリーを形成する。,規則に縛られない自由な表現によるカタルシスと、文脈を阿吽の呼吸で共有できるというアハ体験的な喜び。,[事実確認]元々は睾丸（huevo）が大きく愚鈍な者を指す侮蔑語だが、社会言語学的にチリにおける最も多義的で生産的な「親愛のマーカー（Marcador de solidaridad）」として機能転換したことが広く研究されている。,親友と顔を合わせた時の最初の挨拶,"?Wena, we?n! ?C?mo est?i?（よお、お前！元気か？）",侮蔑の意味は完全に脱臭され、「心を許したブラザー」という親愛の情を込めた呼びかけとして機能する。,信じられない話を聞いて驚愕した時,"?Qu? we? me est?i diciendo, we?n!（お前、マジで何言ってんだ！）",「We?（事象）」と「We?n（人）」を組み合わせることで、感情の爆発を最もチリ的なリズムで表現し共感を誘う。,会話の間を埋めるフィラーとして使う時,"S?, po, we?n. As? fue la cosa, we?n.（そうなんだよ、お前。そういう事だったんだ、お前）",句読点のように文末に配置することで、相手が自分の話を聞いているかを確認し、会話のテンポを維持する。
第3象限,チリ,【事実】,階級主義を内包した「Cuico」と「Flaite」による分断とキャンセル,上流階級や特権的な振る舞いをする者を「Cuico」、下層階級や不良文化を持つ者を「Flaite」と呼び、互いを非難・分断する実践。,チリ社会に深く根付く経済的格差と階級主義を可視化し、異なる階層の人間を道徳的・美的に劣悪な存在としてキャンセルする。,自らの階層的アイデンティティの正当化と、他階層に対するルサンチマン（怨恨）の表現による攻撃的な満足感。,[事実確認]チリの社会階層は言語や外見によって厳格に区別されており、「Cuico」と「Flaite」は単なる経済状態ではなく、特定の話し方や態度（ethos）を指す文化的・階級的レッテルとして社会学的に分析されている。,下層階級が上流階級の傲慢さを非難する時,Ese cuico nunca ha andado en micro.（あのクイコは路線バスに乗ったこともないんだ）,特権階級の世間知らずさや、特有の鼻にかけた話し方を揶揄し、彼らの社会的優位性を道徳的欠陥として攻撃する。,上流階級が下層階級の文化を嫌悪・排除する時,"No vayas a ese barrio, est? lleno de flaites.（あの地区には行くな、フライテだらけだ）",特定の話し方（Coaなど）や服装をする若者を犯罪者予備軍としてステレオタイプ化し、社会空間から排除する。,中間層がどちらの極端な階級からも距離を置く時,"Yo ser? pobre, pero no soy flaite.（私は貧しいかもしれないが、フライテではない）",経済的貧困と道徳的・文化的堕落（Flaite）を切り離し、自己の尊厳を守るための防衛的なアイデンティティ宣言。
第4象限,チリ,【事実】,NO_DATA,,,,,,,,,,,,,
第1象限,アルゼンチン,【事実】,「Usted」と「Vos」の使い分けによる距離感と権威のコントロール,親称「Vos」が社会の基本設定となる中で、あえて「Usted」を使用することで、社会的ヒエラルキーや心理的距離を操作する実践。,「全員が平等で親しい」という建前（Vos）の裏にある、超えてはならない権威や越権行為への警告（Usted）を伝達する。,相手との距離を瞬時に遠ざけることによる自己防衛と、マナー違反に対する冷酷な心理的制裁。,[事実確認]アルゼンチンではVoseoが標準化されているため、他国と比べてUstedの使用頻度は低いが、それゆえにUstedが使われた際の「距離感の創出（Distanciamiento）」の語用論的効果が極めて高いことが研究で指摘されている。,初対面の高齢者や、絶対的な権威者（裁判官など）に話しかける時,"?C?mo le va, se?or? ?Usted necesita algo?（ご機嫌いかがですか。何か必要ですか？）",相手の年齢や地位に対する最大限の敬意を示し、アルゼンチン社会における最低限の長幼の序と秩序を守る。,これまでVosで話していた部下や生徒を厳しく叱責する時,"A partir de ahora, usted me va a escuchar.（今から、あなたは私の言うことを聞きなさい）",急にUstedに切り替えることで、親密な関係性が破綻したことを通告し、冷酷な上下関係を突きつける。,サービス業で馴れ馴れしい客と距離を置きたい時,"Yo a usted no lo conozco, no me tutee.（私はあなたを知りません、馴れ馴れしくしないでください）",不適切なVos（またはT?）の使用を拒絶し、プロフェッショナルな境界線を引くことで自己の尊厳を守る。
第2象限,アルゼンチン,【事実】,ルンファルド（Lunfardo）の隠語によるブエノスアイレスの連帯感,19世紀末の移民社会から生まれ、タンゴを通じて広まった都市隠語（Lunfardo）を日常会話に織り交ぜ、粋（Piola）な連帯感を生む実践。,かつての犯罪者や下層階級の隠語を国民的アイデンティティに昇華させ、ブエノスアイレス（ポルテーニョ）としての美的感覚と共感を共有する。,標準スペイン語にはない感情の機微を表現できるというアハ体験と、同じ歴史を共有しているというロマンチックな帰属意識。,[事実確認]イタリア系を中心とする移民の多様な言語が混ざり合って形成された社会方言。元々は下層階級の隠語だったが、現在ではあらゆる階層で日常的に使われるアイデンティティの象徴となっている。,仕事や勉強へのやる気が出ない時,Hoy tengo una fiaca terrible.（今日はひどくフィアカ（怠惰・無気力）だ）,イタリア語由来の言葉を使い、単なる「疲れ」ではなく、ラテン的な「何もしたくない甘美な気怠さ」を共有して共感を得る。,魅力的な女性や、単に「女性」について言及する時,Mir? qu? linda mina.（見ろよ、なんて綺麗なミーナ（女）だ）,イタリア語源とされるLunfardoの代表的な単語を使用し、タンゴの歌詞のようなノスタルジックで親密な響きを持たせる。,口八丁で相手を丸め込んだり、ナンパする時,Le hice un chamuyo y me crey?.（チャムージョ（甘い言葉・でまかせ）を言ったら信じたよ）,論理的な説得ではなく、言葉巧みに相手の感情を操るアルゼンチン特有のコミュニケーション能力（粋）を誇示する。
第3象限,アルゼンチン,【事実】,「La Grieta（深い亀裂）」を象徴する政治的分断語彙,アルゼンチン社会を二分する政治的対立において、相手陣営のイデオロギーや歴史を全否定するレッテルを用いて論破・分断する実践。,社会の複雑な経済・政治問題を「純粋な我々」対「腐敗した彼ら」という二項対立に単純化し、対話の可能性を完全に遮断する。,敵対陣営を国の衰退の元凶として糾弾することによる強烈な怒りの解放と、自陣営内での熱狂的な連帯感。,[事実確認]アルゼンチン政治における「La Grieta（亀裂）」は、メディアやジャーナリストが定着させた概念であり、社会の分極化（Polarization）を示す学術的なキーワードとしても広く分析されている。,反ペロニスタが、ペロニスタ（左派・ポピュリズム）を攻撃する時,Estos kukas arruinaron el pa?s.（このクカどもが国を壊した）,ペロン党の左派であるキルチネル派を「Cucaracha（ゴキブリ）」と掛け合わせ、国家の寄生虫として非人間化する。,ペロニスタが、反ペロニスタ（右派・保守層）を攻撃する時,"Callate, gorila, vos odi?s al pueblo.（黙れゴリラ、お前は民衆を憎んでいるんだ）",1955年のペロン政権転覆以来使われる「Gorila」という言葉で、保守層を「民衆の敵であり、非民主的な反動主義者」としてキャンセルする。,リバタリアン層が、既存の全政治家を攻撃する時,La casta tiene miedo.（特権階級（カスタ）は怯えている）,従来の左右の対立軸を無効化し、全ての既存政治家を「La Casta（腐敗した特権階級）」と一括りにすることで、新たな怒りのベクトルを作り出す。
第4象限,アルゼンチン,【事実】,ベスレ（Vesre）による対立の遊戯的昇華と権威の解体,単語の音節を入れ替えて逆から発音する（Rev?s → Vesre）言葉遊びによって、既存の言語規範を破壊し、権威をからかうジョークやユーモアを生み出す実践。,元々は警察などの権威から会話の内容を隠す（制約を回避する）ための暗号であったが、現在では言葉の響きを楽しむ遊戯的・反逆的なコミュニケーションとして機能する。,標準語のルールを意図的に壊すことによる知的・遊戯的なカタルシスと、「権威に縛られない反逆者」を演じる楽しみ。,[事実確認]ルンファルドの一部として発展した音節反転の現象（フランス語のVerlanに類似）。下層階級が権力（警察）を欺くための隠語から始まり、現在ではアルゼンチンのユーモアと創造性を象徴する言語実践となっている。,警察や権威を揶揄し、仲間内で警戒を促す時,?Ojo con el rati!（ラティに気をつけろ！）,Tira（警察官）を反転させて「Rati」と呼び、権威の目を盗むというスリルと反抗の歴史的文脈をユーモアに変換する。,喫茶店でコーヒーを頼んだり、日常の単語を崩す時,"Che, gom?a, vamos a tomar un feca.（おい、友よ（Amigo → Gom?a）、コーヒー（Caf? → Feca）でも飲もうぜ）",日常的な単語の音節をわざと反転させることで、気取ったフォーマルな空間の空気を抜き、くだけた遊戯的な空間を作り出す。,タンゴの文化や下町の雰囲気をノスタルジックに語る時,A m? me gusta escuchar un buen got?n.（俺は良いタンゴ（Tango → Got?n）を聴くのが好きなんだ）,アルゼンチンの国民的文化であるタンゴをあえて逆さ言葉で呼ぶことで、気取らない「ストリートの文化」としての本質をユーモア交じりに再確認する。
第1象限,ウルグアイ,【事実】,「Voseo」と「Tuteo」のハイブリッドな混用による距離感の微調整,親称代名詞「Vos」と「T?」を、相手との親疎関係や社会的距離に応じて、動詞の活用と複雑に組み合わせて使い分ける実践。,アルゼンチンのような完全なVos一辺倒ではなく、敬意と親しみのグラデーションを細かく設定し、人間関係の秩序を維持する。,適切な距離感を保てているという安心感と、相手に不快感を与えないための社会的配慮。,[事実確認]モンテビデオのスペイン語における社会言語学的特徴。代名詞T?にVoseo動詞（T? ten?s）を合わせるなど、距離感を測るための中間的な敬意表現として広く研究されている。,少し距離のある知り合いや年長者に親しみを込めて話す時,T? ten?s que ir.（君は行かなきゃならないよ）,代名詞は「T?」で敬意を残しつつ、動詞はボセオ「ten?s」で親しみを演出する絶妙なバランス。,親友や家族に対して完全に心を開いて話す時,Vos ten?s que ir.（お前は行かなきゃならないよ）,完全なVoseo（Vos + ten?s）を使用し、社会的距離がゼロである絶対的な対等性を示す。,目上の人やフォーマルなビジネスの場で話す時,Usted tiene que ir.（あなたは行かなければなりません）,T?やVosを完全に排除し、Ustedを用いることで、越えてはならない権威の境界線を引く。
第2象限,ウルグアイ,【事実】,「Bo」の多用による仲間内の文脈共有と連帯,会話の始めや終わりに「Bo」という間投詞（呼びかけ）を多用し、ウルグアイ人同士の親密さを確認する実践。,アルゼンチンの「Che」との差別化を図りつつ、くだけた会話において仲間内の強固なバウンダリーを形成する。,気取らない関係性による安心感と、ウルグアイ人としてのアイデンティティへの愛着や共感。,[事実確認]語源については「Vos」の変形説や「Botija（子供）」の略説などがある。談話標識（Discourse marker）として感情や注意を引く機能が確認されている。,親しい友人の注意を強く惹く時,"?Bo, ven? ac?!（おい、こっち来いよ！）",名前を呼ぶ代わりに使い、遠慮のない対等な関係性と親愛の情を示す。,驚きや感嘆を表現して共感を求める時,"?Pah, bo!（うわあ、まじかよ！）",感情の爆発を相手に共有させ、アハ体験的な共感を生むウルグアイ特有の表現。,自分の主張を念押しして同意を促す時,"Es as?, bo.（そういうことなんだよ、な？）",会話のリズムを整え、相手が同調しているかを確認するフィラー的機能として働く。
第3象限,ウルグアイ,【事実】,「Plancha」のレッテル貼りによる階級的・文化的分断,下層階級の若者や、特有のストリートファッション・言葉遣いをする者を「Plancha」と呼び、社会的に蔑む実践。,犯罪や貧困と結びつけて特定の社会集団をステレオタイプ化し、道徳的・美的に劣悪な存在としてキャンセルする。,自らの階層的アイデンティティの正当化と、異質な文化に対する嫌悪感の正当な排出。,[事実確認]2000年代以降の経済危機の余波で顕在化した、アルゼンチンのVilleroやチリのFlaiteに相当する階級的ディスコース。音楽（Cumbia villera）や服装に基づく社会的スティグマとして研究されている。,下層階級の若者の素行を嫌悪する時,Es un plancha de mierda.（あいつはクソみたいなプランチャだ）,単なる貧困ではなく、道徳的欠陥や犯罪者予備軍としてのスティグマを押し付け排除する。,若者のファッションや言葉遣いを嘲笑する時,Se viste como un plancha.（プランチャみたいな格好をしている）,特定のブランドや髪型を「下品な文化」としてラベリングし、社会の周縁へと追いやる。,中間層が自分たちの尊厳を防衛する時,"Yo ser? pobre, pero no soy ning?n plancha.（貧乏かもしれないが、プランチャではない）",経済的貧困と文化的堕落（Plancha）を明確に切り離し、自己の社会的地位を保とうとする。
第4象限,ウルグアイ,【事実】,NO_DATA,,,,,,,,,,,,,
第1象限,オーストラリア,【事実】,トールポピー症候群を回避するための自己卑下と「Mate」の強要,目立つことや権威を振りかざすこと（Tall Poppy＝背の高いケシ）を嫌うため、自慢を避け、誰に対しても「Mate」を用いてフラットな関係を装うマナー。,社会の絶対的平等主義（Egalitarianism）を維持し、突出した者を引きずり下ろすという同調圧力を機能させる。,「自分は特権意識を持たない普通の人間である」というアピールによる安全確保と、権威への反発心。,[事実確認]オーストラリア社会の根幹をなす行動規範（Tall Poppy Syndrome）。社会学やコミュニケーション学において、成功者が嫉妬による攻撃を避けるための防衛的言語戦略として分析されている。,成功者が褒められた時に自慢を避ける時,"I just got lucky, mate.（運が良かっただけだよ、メイト）",自らの能力や努力をあえて否定し、周囲との平等な目線を強調することで攻撃を回避する。,上司が部下に仕事の指示を出す時,"Could you give us a hand with this, mate?（これ、ちょっと手伝ってくれないか、メイト？）",権力勾配（命令）を隠蔽し、対等な友人からの「頼み事」という建前を作ることで摩擦をなくす。,気取った話し方や偉ぶる態度をとる者をたしなめる時,"Don't get ahead of yourself, mate.（調子に乗るなよ、メイト）",「Mate」という平等主義の言葉を武器にして、社会のヒエラルキーから逸脱しようとする者を牽制する。
第2象限,オーストラリア,【事実】,"短縮語（Diminutives, ""-o"", ""-ie""）の過剰使用によるリラックスした連帯",日常の単語の語尾を「-o」や「-ie/y」に短縮し、過度にインフォーマルな響きを持たせる実践。,フォーマルな英語の権威性を解体し、「堅苦しいことは嫌いな仲間」というオーストラリア人特有のバウンダリーを形成する。,日常のあらゆる場面を家庭的でリラックスした空間に変える安心感と、言葉遊びの楽しさ。,[事実確認]オーストラリア英語（Strine）の最も顕著な形態論的特徴。単なる省略ではなく、親愛の情や連帯感（Solidarity）を示す社会語用論的機能を持つことが実証されている。,午後に会う約束や挨拶をする時,See you this arvo.（今日の午後（afternoon -> arvo）会おう）,日常のスケジュールを気取らない言葉に変換し、カジュアルな人間関係を確認する。,緊急事態で救急車を呼ぶよう指示する時,Call the ambo!（救急車（ambulance -> ambo）を呼んで！）,深刻な状況であっても言葉を和らげ、特有のユーモアと冷静さを保とうとする心理的機能。,サービス業で飲み物やお菓子を注文する時,Can I get a cuppa and a bikkie?（紅茶（cup of tea）とビスケット（biscuit）をもらえる？）,商業的な空間でも、まるで実家や近所の付き合いのような親密さを意図的に演出する。
第3象限,オーストラリア,【事実】,「Bogan」と「Un-Australian」のレッテルによる文化的排斥,粗野な労働者階級的文化を「Bogan」、自国の価値観にそぐわない言動を「Un-Australian」と呼び、対象を社会的にキャンセルする実践。,「正しいオーストラリア人」の基準を独占し、逸脱する者を下品、あるいは非国民として社会空間から排除する。,「自分は教養がある」「自分こそが真正な国民だ」という道徳的優越感と、異質な他者を攻撃するカタルシス。,[事実確認]「Bogan」は階級主義的な蔑称であり、「Un-Australian」は政治家やメディアが反対派を封じ込めるために多用するナショナリズム的ディスコースとして学術的に批判・分析されている。,労働者階級の粗末なファッションや騒がしい態度を嫌悪する時,He is such a bogan.（あいつは本当にボーガンだ）,特定のビールを飲み、マレットヘアにするような労働者層の文化を「恥ずべきもの」として階級的に見下す。,国の価値観（平等やフェアプレイ）に反すると見なした行為を非難する時,That's bloody un-Australian!（それはオーストラリア人らしくないぞ！）,「オーストラリアらしさ」という曖昧な概念を武器にし、移民や反体制的な意見を非国民として排斥する。,都市部のリベラルな環境活動家やエリートを揶揄する時,Bloody chardonnay socialists.（クソみたいなシャルドネ社会主義者ども）,地方の保守層が、都市部の人間を「現場を知らない気取ったエリート」として価値を切り下げる。
第4象限,オーストラリア,【都市伝説】,バクロニム（偽の頭字語）による「Pom」の民間語源と遊戯的揶揄,イギリス人を指す蔑称「Pom/Pommy」が、「Prisoner of Mother England（母国イギリスの囚人）」の略であると信じ、権威をからかう都市伝説。,かつての宗主国であり、自らを流刑地としたイギリス人に対する歴史的コンプレックスをユーモアで逆転させ、ガス抜きをする。,権威ある存在を「囚人」という属性で引きずり下ろすことによる痛快なカタルシスと、仲間内の結束。,[事実確認]辞書編纂者や言語学者によれば、Pomの語源は移民の赤い頬を指すPomegranate（ザクロ）またはそのRhyming Slangであり、頭字語説は後から作られたジョーク（バクロニム）である。,イギリス人をからかい、自国の歴史を笑い話にする時,"Pom stands for ""Prisoner of Mother England"", mate.（ポムってのはイギリスの囚人の略なんだぜ、メイト）",流刑地としての歴史を逆手に取り、宗主国側の人間をからかうことで対立を遊戯的に昇華する。,不平不満を言うイギリス移民を野次る時,Stop being a whingeing Pom.（文句ばかり言うポムになるなよ）,「囚人のくせに文句を言うな」という暗黙の前提（デマ）に基づくユーモアで、相手の特権性を剥奪する。,クリケットの英豪戦（ジ・アッシュズ）で相手チームを野次る時,Poms can't play for quids!（ポムの奴らは全くプレイできねえな！）,スポーツにおける歴史的ライバル関係を、都市伝説的な蔑称を交えて攻撃的かつ遊戯的に消費する。
第1象限,ニュージーランド,【事実】,マオリ語（Te Reo M?ori）の公的空間における儀礼的使用の義務化,非マオリ（P?keh?）であっても、公的な挨拶、メール、スピーチにおいてマオリ語（Kia ora等）を使用することが求められる社会規範。,二文化主義（Biculturalism）の理念を可視化し、植民地時代の不平等を是正する新たな国家の秩序とマナーを維持する。,「自分は進歩的で多様性を尊重する市民である」という自己承認と、社会規範への同調による心理的安全。,[事実確認]1987年のマオリ語法制定以降の言語復興運動の結果、現在では政府機関や企業のプロトコルとして定着。これを使用しないことが「反動的」と見なされることもある。,首相や公人が公式なスピーチを始める時,"T?n? koutou, t?n? koutou, t?n? koutou katoa.（皆様、皆様、皆様に挨拶申し上げます）",全ての人への敬意をマオリ語で示すことで、多文化主義の秩序を構築し政治的な適切さを示す。,日常的なビジネスメールの冒頭の挨拶,"Kia ora John, ...（こんにちは、ジョン）",英語のDearに代えて使用し、ニュージーランド独自のプロフェッショナルな連帯とリベラルな適切さをアピールする。,公的な会議の始めと終わりに祈りを捧げる時,(Karakiaを唱える),文化の盗用ではなく、国家で共有された精神的プロトコルとして、空間の秩序を浄化・構築する。
第2象限,ニュージーランド,【事実】,「Sweet as」に代表される「as」の過剰使用と寛容の連帯,形容詞の後ろに「as」を付け（例：Sweet as）、比較対象を省略することで、無限の肯定や同意を示すニュージーランド特有の実践。,「気にしない」「何とかなる」というキウィ特有の寛容な精神（Laid-back）を共有し、人間関係の摩擦を未然に防ぐ。,比較対象を言わないことで生まれる「最高だ」というアハ体験と、リラックスした仲間意識への陶酔。,[事実確認]ニュージーランド英語の代表的な統語・語用論的特徴。「as a nut」などの後半が脱落して文末詞化したもので、完全な同意や肯定のポライトネス・マーカーとして機能している。,相手の提案に完全に賛同し、快諾する時,"Sweet as, bro.（最高だね、兄弟）",「問題ない、完璧だ」という意味を短い言葉で伝え、相手に対するリラックスした絶対的な肯定を示す。,信じられないほど素晴らしい出来事について語る時,It's awesome as!（めちゃくちゃすげえよ！）,どれくらい凄いのか（as... as what）をあえて言わないことで、想像力を掻き立てる共感を生む。,軽いミスやトラブルを許容し、相手を安心させる時,"No worries, sweet as.（気にすんな、大丈夫だよ）",失敗を責めず、ニュージーランド社会の根底にある寛容な精神を確認し合う。
第3象限,ニュージーランド,【事実】,「JAFA」のレッテル貼りによる地域間・階級間の分断とキャンセル,最大都市オークランドの住民を「JAFA（Just Another Fucking Aucklander）」と呼び、地方の人間が彼らを非難・排斥する実践。,地方の人間が抱く、都市部の経済的優位やエリート主義に対するルサンチマン（怨恨）を単純な言葉で表現し分断する。,「自分たちこそが真のニュージーランド人である」という地方の優越感と、特権階級を貶めることによる攻撃的満足。,[事実確認]オークランドとそれ以外の地域（The regions）の間に存在する経済的・文化的格差を背景とする社会的ディスコース。メディアや日常会話で、都市部の傲慢さを揶揄する言葉として定着している。,地方の人間がオークランドからの観光客の横柄さを非難する時,Bloody JAFAs coming down here...（クソJAFAsがここに来やがって…）,都市部の人間を「金に物を言わせる無礼な侵略者」としてステレオタイプ化し嫌悪する。,交通渋滞や不動産価格の高騰といった社会問題を話題にする時,Typical JAFA behaviour.（典型的なJAFAの振る舞いだな）,社会構造の複雑な問題を「オークランド人特有の道徳的欠陥」としてキャンセルし、自己を正当化する。,ラグビーなどの地域対抗戦で相手チームのファンを野次る時,"Go home, JAFA!（家に帰れ、JAFA！）",地域的分断を直接的な蔑称で攻撃し、自地域のアイデンティティと結束を暴力的に固める。
第4象限,ニュージーランド,【事実】,NO_DATA,,,,,,,,,,,,,
第1象限,パプアニューギニア,【事実】,「Wantok」のディスコースを通じた絶対的義務とヒエラルキーの維持,トク・ピシンの親族呼称「Wantok（One talk＝同じ言葉を話す者）」を用い、同郷者に対する無条件の相互扶助と服従を強要する実践。,近代的な法律や民主主義よりも伝統的な部族の絆を優先させ、社会の基層にあるセーフティネットと権力構造を維持する。,「ワントクを見捨てれば社会から追放される」という強烈な同調圧力と、同郷者に守られているという安心感。,[事実確認]パプアニューギニア社会の根幹をなす「ワントク・システム」。政治汚職（ネポティズム）の温床となる一方で、国家福祉が機能しない社会における不可欠な生存戦略として人類学的に広く研究されている。,都市部で困窮した親戚や同郷者から金銭や住居を要求される時,"Givim mi mani, yumi wantok.（金をくれ、我々はワントクだ）",「ワントク」という言葉を出すことで、断れば共同体から制裁を受けるという絶対的な義務（マナー）を課す。,選挙の際、能力や政策に関係なく同郷の候補者への投票を強要される時,"Em i wantok bilong mi, mi mas makim em.（彼は私のワントクだ、彼に投票せねばならない）",近代的な民主主義のルールを無効化し、部族のヒエラルキーと資源分配の秩序に従うことを表明する。,警察官や役人が、同郷の犯罪者を見逃したり優遇したりする時,"Sori tru, em wantok bilong mi.（本当にすまないが、彼はワントクなんだ）",公的な法規範よりも部族の掟を優先させるための大義名分としてこの言葉を利用する。
第2象限,パプアニューギニア,【事実】,NO_DATA,,,,,,,,,,,,,
第3象限,パプアニューギニア,【都市伝説】,「トク・ピシンの滑稽な偽語彙」の流布による先住民文化のキャンセル,ヘリコプターなどを、先住民が理解できず長たらしく滑稽な言葉（イエスのミキサー等）で呼んでいるという、白人社会の都市伝説。,特定集団（先住民）の知能や文化を「未発達なもの」としてキャンセルし、支配者側の文化的・言語的優越性を正当化する。,非白人に対する蔑視を通じた自己正当化と、無知な土人を笑うことによる権力的な優越感のカタルシス。,[事実確認]P.ミュールホイスラー等の社会言語学者によって、これらは「Tok Masta（白人ピジン）」と呼ばれる白人入植者が捏造したジョークであり、実際のパプアニューギニア人が使用した歴史的事実はないと証明されているデマ。,白人がヘリコプターを指すという設定のジョークを語る時,Mixmaster bilong Jisas.（イエスのミキサー）,先住民が科学技術を理解できず宗教と混同しているという偏見を流布し、彼らを非合理な存在とみなす。,白人がピアノを指すという設定のジョークを語る時,"Bikpela bokis, sapos yu paitim tit bilong em, em i krai.（大きな箱、歯（鍵盤）を叩くと泣く）",西洋の楽器という概念を持たない未開人というステレオタイプを捏造し、言語の未熟さを嘲笑する。,白人がブラジャーを指すという設定のジョークを語る時,Banis bilong susu.（乳のフェンス）,西洋の衣服文化に対する先住民の無知を性的に戯画化し、「ピジン語はお遊びの言葉だ」として言語の地位を否定する。
第4象限,パプアニューギニア,【事実】,NO_DATA,,,,,,,,,,,,,
第1象限,ソロモン諸島,【事実】,「Kastom」のディスコースを通じた伝統的権威と社会統制の維持,ソロモン諸島ピジンにおいて、「Kastom（Custom）」という言葉を不可侵の法や道徳の基準として用い、人々の行動を統制する実践。,近代化や外来文化の影響をブロックし、長老支配や家父長制といった共同体内のヒエラルキーと秩序を絶対的なものとして守る。,「文化を守っている」という大義名分による権力行使の正当化と、逸脱に対するタブー（恐れ）の植え付け。,[事実確認]メラネシア全域に共通する人類学的概念。近代国家の法（Loa）やキリスト教（Sios）と並ぶ、あるいはそれ以上に強力な社会規範の源泉として、「Kastom」が政治的・日常的に戦略利用されることが研究されている。,若者の新しい髪型や外来の服装を村の長老が叱責する時,Hem i no folem kastom blong iumi.（それは我々の伝統に従っていない）,「Kastom」という絶対的基準を用いて、世代間のヒエラルキーを維持し、若者の近代化を牽制する。,土地の所有権や開発を巡って部族間で争う時,Disfala graon hem kastom graon blong mi.（この土地は私の伝統的な土地だ）,近代法の文書記録よりも、口承による血縁と歴史的権利（Kastom）を上位の概念として主張し相手を従わせる。,女性の振る舞いや社会的進出を制限・批判する時,Kastom i no alaoem mere for duim olsem.（伝統は女性がそうすることを許さない）,家父長制的な権力構造を、「先祖代々の文化の保持」という神聖な名目でコーティングし不可侵のものとする。
第2象限,ソロモン諸島,【事実】,NO_DATA,,,,,,,,,,,,,
第3象限,ソロモン諸島,【事実】,マライタとガダルカナルの民族紛争におけるレッテル貼りと排除,「民族緊張（The Tensions）」の時代から続く、マライタ島出身者とガダルカナル島出身者が互いの集団をステレオタイプで非難・排除する実践。,土地と資源を巡る複雑な経済的・政治的対立を、単純な「侵略者」と「怠け者」という民族的レッテルに還元し、暴力を正当化する。,敵対民族を国家の癌として糾弾することによる怒りの解放と、自民族内での血なまぐさい連帯感の強化。,[事実確認]1998年から2003年にかけて発生した武力紛争（The Tensions）の背景にある民族対立。ガダルカナルの先住民と、労働力として移住したマライタ人との間の資源・土地を巡る敵対的ディスコースとして広く記録されている。,ガダルカナル人がマライタ人を侵略者として非難し、排除する時,Olketa Malaita mas go bak long aelan blong olketa.（マライタ人は自分たちの島に帰れ）,首都の経済を牛耳るマライタ人を、土地を奪う外部の脅威としてキャンセルし、物理的な排斥を正当化する。,マライタ人がガダルカナル人を怠惰だと見下して非難する時,Olketa Guale i no savve waka hard.（ガダルカナル人は一生懸命働かない）,自らの経済的優位性と勤勉さを誇示し、相手を「資源を活用できない無能な集団」としてステレオタイプで蔑む。,紛争時や対立の現場で、相手の身元を言語・名前から特定し攻撃する時,Nem blong yu i saon olsem man Malaita.（お前の名前はマライタ人の響きだ）,ミドルネームやピジン語のアクセントを根拠にして民族を特定し、無差別に暴力のターゲットとする。
第4象限,ソロモン諸島,【事実】,NO_DATA,,,,,,,,,,,,,
第1象限,バヌアツ,,NO_DATA,,,,,,,,,,,,,
第2象限,バヌアツ,【事実】,ビスラマ語における直感的・比喩的な複合語による共感と理解,限られた語彙で万物を表現するため、自然物や身近な事物を組み合わせた比喩的・記述的な複合語を日常的に用いる実践。,多様な言語を母語とする民族間での意思疎通を容易にし、視覚的・直感的なイメージを共有して連帯感を生む。,ユーモラスで素朴な表現による「アハ体験」と、ピジン語特有の親しみやすさ。,[事実確認]ビスラマ語などのメラネシア・ピジンは基層言語（オーストロネシア語族）の文法や認知構造を反映しており、少ない英単語を組み合わせて豊かな意味を構築する造語法を持つ。,髪の毛を指して言及する時,gras blong hed（頭の草）,「草」と「髪」をアナロジーで結びつけ、視覚的かつ直感的に部位を理解させる。,涙を指して言及する時,wota blong ae（目の水）,目から出る水という機能的記述により、複雑な単語を避けて共通理解を生む。,ヒゲを指して言及する時,gras blong fes（顔の草）,頭髪と同じ論理を適用し、規則性と連帯感を生み出している。
第3象限,バヌアツ,,NO_DATA,,,,,,,,,,,,,
第4象限,バヌアツ,【都市伝説】,ビスラマ語の「長すぎる説明的語彙」に関する植民地主義的デマ,ビスラマ語（やトク・ピシン）において、近代の道具を表現する際に極端に長くて滑稽な言い回しが正式な単語として使われていると、主に欧米人の間で信じられ語り継がれるデマ。,西洋人が土着の人々を「文明の利器を理解できない純朴で滑稽な存在」として消費するためのオリエンタリズム的な娯楽。,文明的優位性に立つ西洋人側の優越感と、エキゾチックなジョークとしての面白さ。,"[事実確認]実際のビスラマ語では単に英語由来の単語（piano, helikopta等）が使われることが多いが、宣教師や植民地官僚がピジンの特徴を誇張して作り出した「偽の語彙」が広まったもの。",ピアノについて語る時,"bigfala bokis blong waet tut mo blak tut, sapos yu kilim, i krae（白と黒の歯がある大きな箱、叩くと泣く）",ピジンの記述的性質を極端に誇張し、未開人がピアノをどう見るかという西洋のファンタジーを投影した嘘。,ヘリコプターについて語る時,mixmaster blong Jesus Christ（イエス・キリストのミキサー）,機械を台所用品と宗教用語でしか理解できないと見なす、見下したユーモア。,ブラジャーについて語る時,baskit blong titi（おっぱいのバスケット）,土着の言葉を性的に滑稽化し、笑いの種として消費するための偽語源。
第1象限,フィジー,【事実】,「Vaka-Viti」に基づく「Kerekere（無心）」の言語規範と秩序,親族やコミュニティのメンバーに対し、「Kerekere」という言葉を用いて物や援助を頼むと、断ることが許されないという相互扶助の言語実践。,富の独占を防ぎ、コミュニティ内での資源の再分配と社会の連帯（Vaka-Viti＝フィジーのやり方）を維持する。,共同体の一員であるという安心感と同時に、個人の所有物を常に他者に差し出さねばならないという心理的圧力（同調圧力）。,[事実確認]Kerekere はフィジー社会の中核をなす互酬性のシステムであり、単なる「お願い」を超えた社会制度として文化人類学的に広く研究されている。,親族の家で良い品物を見つけた時,"Kerekere, solia mai.（お願いだ、それを私にください）",この言葉を使われると、持ち主は社会的義務として応じなければならず、富の平等化が図られる。,仕事や行事で人手が足りない時,Au kerekere veivuke.（手伝いをお願いします）,単なる依頼ではなく、過去と未来の恩義を担保にした絶対的な相互扶助の発動。,日用品（タバコなど）をねだる時,Kerekere dua na tavako.（タバコを1本ちょうだい）,日常の些細な嗜好品も個人の所有物として独占せず、要求されれば共有すべきという規範の現れ。
第2象限,フィジー,,NO_DATA,,,,,,,,,,,,,
第3象限,フィジー,【事実】,先住民とインド系住民の間のルーツに基づく排他的レッテル貼り,フィジーにおいて、先住民（iTaukei）がインド系住民をよそ者扱いし、逆にインド系住民が先住民を野蛮だと非難し合う言語実践。,民族間の経済的・政治的対立において、自民族の権利（土地の所有権や政治的支配権）の正当性を主張し、他民族を排除する。,自集団のルーツや優位性に対する誇りと、対立する集団に対するルサンチマン（怨恨）の正当化。,[事実確認]19世紀後半にイギリスがサトウキビ農園の労働力としてインド人を連れてきたことに端を発する。度重なるクーデターの背景にある民族分断のディスコースとして政治学・社会学で分析されている。,先住民がインド系住民の政治参加を拒絶する時,"Vulagi, lesu ki Idia!（よそ者ども、インドへ帰れ！）",何世代もフィジーで生まれ育ったインド系を「永遠の客人（Vulagi）」と定義し、主権を否定する。,先住民が土地の権利を主張する時,Matanitu Taukei.（タウケイ＝先住民の政府）,自らを「土地の真の所有者」と位置づけ、多民族主義をキャンセルして政治的正統性を独占する。,インド系住民が先住民のライフスタイルを批判する時,Jungli.（ジャングルの野蛮人）,ヒンディー語由来の蔑称を用い、先住民を経済的に後進的で無教養であると見下すことで自らの経済的優位を正当化する。
第4象限,フィジー,,NO_DATA,,,,,,,,,,,,,
第1象限,ミクロネシア連邦,【事実】,ポンペイ語における3層の敬語体系（High Pohnpeian）による絶対的階層維持,相手の社会的地位（最高首長、一般首長、平民）に応じて、日常の基本的な動詞や名詞（食べる、行く、話すなど）を全く異なる専用語彙に切り替える実践。,ポンペイ島社会における伝統的な権力構造や、称号（タイトル）に基づく厳密なヒエラルキーを可視化し、秩序を絶対的に維持する。,身分に応じた言葉を正確に使いこなせることへの誇りと、無作法によって社会的地位を失うことへの恐れ。,[事実確認]ポンペイ語の敬語（Meing / Lokaiahn Wahu）は、ミクロネシア地域で最も発達した敬語体系の一つとして言語学的に有名であり、王族・貴族・平民の3層構造に完全に連動している。,一般人が自分たちの行為について「食べる」と言う時,Mwenge.（食べる）,普通の行為を示す平語であり、ヒエラルキーの底辺または対等な関係でのみ許される。,一般人が最高首長（Nahnmwarki）の食事について言及する時,Koanoat.（召し上がる）,首長を神聖な存在として扱い、その行為を一般人とは全く異なる高位の語彙で表現することで権威を承認する。,自分が首長の御前で行動（例えば食事）をする時,Tungwoal.（いただく）,自分自身の行為を極端に卑下する謙譲語を用いることで、相対的に相手の地位を極限まで高め、服従の意志を示す。
第2象限,ミクロネシア連邦,,NO_DATA,,,,,,,,,,,,,
第3象限,ミクロネシア連邦,,NO_DATA,,,,,,,,,,,,,
第4象限,ミクロネシア連邦,,NO_DATA,,,,,,,,,,,,,
第1象限,マーシャル諸島,,NO_DATA,,,,,,,,,,,,,
第2象限,マーシャル諸島,【都市伝説】,挨拶「Yokwe」に関する「あなたは虹」というロマンチックな民間語源,マーシャル語の挨拶「Yokwe（ヨークウェ）」が、実は「You are a rainbow（あなたは虹のようだ）」という古代の美しい比喩から来ていると信じ、外部者に語り継ぐ実践。,観光客や外部の人間に対してマーシャル文化の美しさやホスピタリティをアピールし、友好的な関係を築くための「観光用ディスコース」として機能する。,自国の言葉に対するロマンチックな誇りと、来訪者が南国に対して抱く「純朴で美しい人々」というエキゾチックなファンタジーの充足。,[事実確認]学術的には、Yokwe の歴史的な語源は「Iokwe（私はあなたをかわいそうに思う / 愛する）」という同情や強い感情に由来するとされる。「虹」などの説は、英語の響きや観光地としての魅力向上のために後付けされた民間語源（フォーク・エティモロジー）である。,観光客に挨拶の意味を英語で教える時,"Yokwe means ""You are a rainbow"".",南国の美しいイメージと結びつけ、ホスピタリティをロマンチックに演出する。,別れ際に相手の幸運と再会を祈る時,Yokwe yuk.（あなたに愛／虹を）,「さようなら」という単なる別れに、深い感情的価値や美しい自然のイメージを付与する。,複数の人に同時に呼びかける時,Yokwe kom.（あなたたち皆に愛／虹を）,集団に対しても同様のロマンチックな解釈が適用され、友好的な連帯感を高める。
第3象限,マーシャル諸島,,NO_DATA,,,,,,,,,,,,,
第4象限,マーシャル諸島,,NO_DATA,,,,,,,,,,,,,
第1象限,パラオ,,NO_DATA,,,,,,,,,,,,,
第2象限,パラオ,,NO_DATA,,,,,,,,,,,,,
第3象限,パラオ,,NO_DATA,,,,,,,,,,,,,
第4象限,パラオ,【事実】,日本語由来の借用語の土着化とユーモラスな文脈のズレ（遊戯的昇華）,日本の委任統治時代に持ち込まれた日本語の単語を、現代パラオ社会において元の意味から少しズラしたり、ユーモラスな文脈で日常語として使いこなす実践。,かつての植民地支配という重い歴史を、日常の軽快なユーモアや自国独自の文化として昇華・定着させ、支配言語を「自分たちの遊び道具」として相対化する。,日本文化への親しみと、それをパラオ流にアレンジして使いこなしているというアイデンティティの誇示、および肩肘張らないコミュニケーションによるガス抜き。,[事実確認]パラオ語には約1000語以上の日本語借用語が存在するが、それらは単なる残存ではなく、パラオ人の生活やメンタリティに即して意味的・語用論的に独自の進化（土着化）を遂げていることが社会言語学的に確認されている。,女性が下着（ブラジャー）について言及する時,Chichibando（チチバンド）,古い日本の俗語「乳バンド」がそのまま標準的な名詞として定着しており、その直接的な響きがユーモラスな日常語となっている。,友人が仕事もせずにダラダラしているのをからかう時,Ke namaker.（お前は怠け者だ）,日本語の「怠け者」にパラオ語の接辞や文法を適応させ、仲間内で相手をからかうためのくだけた表現として機能させている。,予期せぬトラブルが起きて諦めるしかない時,Shoganai.（しょうがない）,日本語のフレーズをそのまま使い、南国特有の「まあいいか」という楽観主義や不満のガス抜きの合言葉として見事に転用している。
第1象限,ナウル,,NO_DATA,,,,,,,,,,,,,
第2象限,ナウル,,NO_DATA,,,,,,,,,,,,,
第3象限,ナウル,,NO_DATA,,,,,,,,,,,,,
第4象限,ナウル,,NO_DATA,,,,,,,,,,,,,
第1象限,キリバス,,NO_DATA,,,,,,,,,,,,,
第2象限,キリバス,,NO_DATA,,,,,,,,,,,,,
第3象限,キリバス,,NO_DATA,,,,,,,,,,,,,
第4象限,キリバス,,NO_DATA,,,,,,,,,,,,,
第1象限,ツバル,,NO_DATA,,,,,,,,,,,,,
第2象限,ツバル,,NO_DATA,,,,,,,,,,,,,
第3象限,ツバル,,NO_DATA,,,,,,,,,,,,,
第4象限,ツバル,,NO_DATA,,,,,,,,,,,,,
第1象限,サモア,【事実】,Gagana fa'aaloalo（サモア敬語）によるマタイ制度の権威維持,マタイ（首長）、牧師、来客に対して、日常語とは全く異なる特別な敬意語彙体系を用いてコミュニケーションを行う実践。,ファア・サモア（サモアの伝統的流儀）の根幹である階層秩序を可視化し、社会の調和と「Va（人間関係の空間・距離）」を維持する。,目上の者に対する絶対的な敬意の念と、正しい敬語を駆使できることによる「教養あるサモア人」としての誇り・自己肯定感。,[事実確認]サモアの社会構造（マタイ制度）と密接に結びついた敬語体系。オラトリー（Tulafale＝雄弁家）文化において、適切な敬語の使用は社会的権力と直結する社会言語学的事実。,首長や目上の人の食事に言及する時,日常語の「'Ai（食べる）」を避け、「Taumafa」や「Tausami」を使用する。,行為を上昇させる特別な語彙を用いることで、マタイの身体的欲求を儀式化・神聖化し、平民と区別する。,首長が話す、または言葉を発する時,日常語の「Tautala（話す）」ではなく、「Saunoa」や「Tala fofoga」を用いる。,首長の発言を単なる音声コミュニケーションではなく、権威ある布告・叡智の開示として位置づける。,首長の顔や目について言及する時,日常語の「Mata（顔・目）」ではなく、「Fofoga」を用いる。,首長の身体部位（特に頭部）は伝統的に神聖（Tapu）とされており、特別な語彙でその不可侵性を表現する。
第2象限,サモア,,NO_DATA,,,,,,,,,,,,,
第3象限,サモア,【事実】,接頭辞「fia-（?ぶる）」を用いたレッテル貼りと社会的制裁,共同体の調和や平等から逸脱して自己主張する者に対し、「fia-〇〇（?のふりをする、?ぶる）」という言葉を投げかけ、非難する実践。,エゴや過度な個人主義を抑制し、サモアの伝統的価値観（共同体への奉仕）を維持するための同調圧力・キャンセルとして機能する。,共同体から疎外されることへの恐れによる謙遜の強制と、攻撃する側の「伝統の守護者」としての優越感。,[事実確認]サモア社会は集団主義的であり、「Fa'a Samoa」に反する態度は制裁の対象となる。社会言語学的に「fia-」は集団の規範から外れた者を矯正する強力なアイデンティティ・マーカーである。,海外帰りの若者が英語を多用し、サモアの習慣を軽視した時,Fia palagi.（白人ぶるな／西洋人かぶれ）,西洋化（Palagi）を気取ることを「文化的忘恩」として非難し、サモアのアイデンティティへの服従を迫る。,正当な権限のない者が他人に命令したり、仕切りたがったりする時,Fia pule.（ボスぶるな／権力者ぶるな）,マタイ（首長）などの正当な権力を持たない者の越権行為を即座に叩き、村や家族内の階層秩序を守る。,会議や議論の場で、自分の知識をひけらかし他者を見下した時,Fia poto.（賢ぶるな）,知識を個人的な優位性の誇示に使うことを「傲慢」と見なし、共同体への貢献という本来の知恵のあり方から逸脱しているとキャンセルする。
第4象限,サモア,,NO_DATA,,,,,,,,,,,,,
第1象限,トンガ,【事実】,三層敬語体系（Lea Faka'apa'apa）による絶対的階層の再生産,王族（Tu'i）、貴族（Hou'eiki）、平民（Tu'a）の3つの社会階層に対して、それぞれ全く異なる語彙（動詞や名詞）を厳密に使い分ける実践。,トンガ社会の絶対的な身分制度と権力構造を言語構造そのものに埋め込み、日常会話のたびに身分関係を確認・再生産する。,王族・貴族に対する神聖な畏敬の念の維持と、平民の自己の身分に対する無意識的かつ絶対的な受容。,[事実確認]ポリネシアの階層社会を反映した社会言語学的現象。トンガは地域内で唯一の王国であり、敬語体系が憲法や儀式と同様に強固な社会規範として機能している。,食事という行為について言及する時,平民は「Kai」、貴族には「'Ilo」、王族には「Taumafa」を用いる。,同じ「食べる」という生理的行為であっても、身分によって行為の神聖さが異なると見なされ、明確に線引きされる。,移動（行く）という行為について言及する時,平民は「'Alu」、貴族には「Me'a」、王族には「H?'ele」を用いる。,王族の移動は単なる物理的移動ではなく、神聖な現象（降臨）として扱われるため、最も重みのある語彙が選択される。,死について言及する時,平民は「Mate」、貴族には「Pekia」、王族には「Hala」を用いる。,「Mate」は動物の死にも使われるが、王族の死「Hala」は「道（が途絶えた）」という隠喩であり、神聖な存在の喪失を荘厳に表現する。
第2象限,トンガ,,NO_DATA,,,,,,,,,,,,,
第3象限,トンガ,,NO_DATA,,,,,,,,,,,,,
第4象限,トンガ,,NO_DATA,,,,,,,,,,,,,
