ID,型,お題,属性,心の読み,A側の表記,B側の表記,掛けた対象,完成文章,人間の評価
改良前,完全な同音異義語型,満員電車,人がぎっしり詰め込まれている様子,つまる,詰まる,詰まる,風邪をひいたときの鼻,満員電車とかけて、風邪をひいたときの鼻と解く、その心は「どちらも詰まる」でしょう。,３
改良前,完全な同音異義語型,満員電車,多くの人が乗り込む様子,のる,乗る,乗る,気分が盛り上がっている人,満員電車とかけて、気分が盛り上がっている人と解く、その心は「どちらも乗っている」でしょう。,３
改良前,完全な同音異義語型,満員電車,大勢の乗客で重量が増す様子,おもい,重い,重い,告白の言葉,満員電車とかけて、告白の言葉と解く、その心は「どちらも重い」でしょう。,
改良前,多義語型,満員電車,隙間なく体を寄せる、間隔を狭くする,詰める,体を詰める,王手を詰める,将棋の終盤,満員電車とかけて、将棋の終盤と解く、その心は「どちらも『詰める』ことが重要になる」でしょう。,３
改良前,多義語型,満員電車,多くの乗客が直立している様子,立つ,立っている,計画が立つ,新規プロジェクトの計画,満員電車とかけて、新規プロジェクトの計画と解く、その心は「どちらも『立つ』ことが必要」でしょう。,
改良前,多義語型,満員電車,多くの人が荷物を手にしている様子,抱える,荷物を抱える,問題を抱える,多くの課題を抱えた経営者,満員電車とかけて、多くの課題を抱えた経営者と解く、その心は「どちらも『抱える』ものがたくさんある」でしょう。,
改良前,フレーズ・慣用句型,満員電車,人の多さで身動きが取れない物理的な状態,身動きが取れない,人の多さで身動きが取れない,窮状で身動きが取れない,借金まみれの経営者,満員電車とかけて、借金まみれの経営者と解く、その心は「どちらも身動きが取れない」でしょう。,
改良前,フレーズ・慣用句型,満員電車,人が密着して肩が触れ合う様子,肩を寄せ合う,物理的に肩を寄せ合う,協力し合って肩を寄せ合う,苦しい家計をやりくりする夫婦,満員電車とかけて、苦しい家計をやりくりする夫婦と解く、その心は「どちらも肩を寄せ合っている」でしょう。,３
改良前,フレーズ・慣用句型,満員電車,息苦しさや静かな雰囲気に、無意識に呼吸を抑える様子,息を潜める,息苦しくて息を潜める,気配を消して息を潜める,獲物を狙うハンター,満員電車とかけて、獲物を狙うハンターと解く、その心は「どちらも息を潜めている」でしょう。,
改良前,完全な同音異義語型,人工知能,複雑な問題を高速に処理し「計算」を導き出すことができます。,けいさん,計算,珪酸,理科の実験で使う液体,人工知能とかけて、理科の実験で使う液体と解く。その心は、どちらも「けいさん」するでしょう。,
改良前,完全な同音異義語型,人工知能,膨大なデータを処理し、日々能力が向上（成長）します。,せいちょう,成長,生長,植物,人工知能とかけて、植物と解く。その心は、どちらも「生長」するでしょう。,
改良前,完全な同音異義語型,人工知能,複雑な情報を処理して「判断」を下します。,はんだん,判断,半田,電子回路の部品を繋ぐ素材,人工知能とかけて、電子回路の部品を繋ぐ素材と解く。その心は、どちらも「はんだん」するでしょう。,
改良前,多義語型,人工知能,膨大なデータから状況を正確に「読み解き」ます。,よみ,読み,読み,本を読むこと,人工知能とかけて、本を読むことと解く。その心は、どちらも「読み」が大切でしょう。,
改良前,多義語型,人工知能,プログラムによって正確な「動き」をします。,うごき,動き,動き,スポーツ選手,人工知能とかけて、スポーツ選手と解く。その心は、どちらも「動き」が重要でしょう。,
改良前,多義語型,人工知能,膨大なデータと複雑なパターンを瞬時に「理解」します。,りかい,理解,理解,親友,人工知能とかけて、親友と解く。その心は、どちらも相手の心を「理解」しようとするでしょう。,
改良前,フレーズ・慣用句型,人工知能,メンテナンス時以外は、24時間365日「休まず働く」ことができます。,やすまず はたらく,休まず働く,休まず働く,アリの群れ,人工知能とかけて、アリの群れと解く。その心は、どちらも「休まず働く」でしょう。,
改良前,フレーズ・慣用句型,人工知能,プログラムされた通りに、常に「間違いがない」処理を行います。,まちがいが ない,間違いがない,間違いがない,ベテランの職人,人工知能とかけて、ベテランの職人と解く。その心は、どちらも「間違いがない」でしょう。,
改良前,フレーズ・慣用句型,人工知能,膨大なデータを学習し、日ごとに新しい「知恵がつく」ようになります。,ちえが つく,知恵がつく,知恵がつく,成長期の子供,人工知能とかけて、成長期の子供と解く。その心は、どちらも「知恵がつく」でしょう。,
,完全な同音異義語型,窯から出したばかりの火傷しそうなほど熱いパン,物理的に温度が高いこと,あつい,熱い,厚い,分厚い辞書,窯から出したばかりの火傷しそうなほど熱いパンとかけて、分厚い辞書と解く。その心は「どちらも『あつい』でしょう。」,
,完全な同音異義語型,窯から出したばかりの火傷しそうなほど熱いパン,物理的に温度が高いこと、慎重に扱うべきであること,あつい,熱い,厚い,部下から厚い信頼を寄せられている上司,窯から出したばかりの火傷しそうなほど熱いパンとかけて、部下から厚い信頼を寄せられている上司と解く。その心は「どちらも『あつい』でしょう。」,
,完全な同音異義語型,窯から出したばかりの火傷しそうなほど熱いパン,焼きあがったばかりの状態,あがり,焼きあがり,風呂上がり,お風呂から上がりたての人,窯から出したばかりの火傷しそうなほど熱いパンとかけて、お風呂から上がりたての人と解く。その心は「どちらも『あがり』でしょう。」,
,多義語型,窯から出したばかりの火傷しそうなほど熱いパン,物理的に温度が下がる様子,さめる,冷める (温度が下がる),冷める (興味や情熱が薄れる),恋人への気持ち,窯から出したばかりの火傷しそうなほど熱いパンとかけて、恋人への気持ちと解く。その心は「どちらも『さめる』と美味しくないでしょう。」,
,多義語型,窯から出したばかりの火傷しそうなほど熱いパン,パンを切り分ける行為,きり,切り (パンを切ること),区切り (仕事の節目),仕事の段取り,窯から出したばかりの火傷しそうなほど熱いパンとかけて、仕事の段取りと解く。その心は「どちらも『切り』が大切でしょう。」,
,多義語型,窯から出したばかりの火傷しそうなほど熱いパン,パンの物理的な形状,かたち,形 (パンの形状),型 (規範、モデル),人生のロールモデル,窯から出したばかりの火傷しそうなほど熱いパンとかけて、人生のロールモデルと解く。その心は「どちらも『かたち』が重要でしょう。」,
,フレーズ・慣用句型,窯から出したばかりの火傷しそうなほど熱いパン,パンが熱い状態である期間に,あついうちに,熱いうちに (温度が高い間に),熱いうちに (好機を逃さずに、勢いがあるうちに),若いうちの勉強,窯から出したばかりの火傷しそうなほど熱いパンとかけて、若いうちの勉強と解く。その心は「どちらも『熱いうちに』が肝心でしょう。」,
,フレーズ・慣用句型,窯から出したばかりの火傷しそうなほど熱いパン,パンに触れる、食べ始める行為,てをつける,手をつける (パンを触る、食べ始める),手をつける (未着手の作業を始める),未着手の大きなプロジェクト,窯から出したばかりの火傷しそうなほど熱いパンとかけて、未着手の大きなプロジェクトと解く。その心は「どちらも『手をつける』のが難しいでしょう。」,
,フレーズ・慣用句型,窯から出したばかりの火傷しそうなほど熱いパン,焼きたてで新鮮な状態,うまれたて,生まれたて (焼きたて),生まれたて (誕生したばかり),生まれたての赤ちゃん,窯から出したばかりの火傷しそうなほど熱いパンとかけて、生まれたての赤ちゃんと解く。その心は「どちらも『生まれたて』でしょう。」,
,完全な同音異義語型,持ち上げると腰が抜けそうに重い鉄アレイ,物理的に非常に重く、体力が奪われる,らくにならない,楽にならない（肉体的な苦痛が解消されない）,楽にならない（経済的・状況的な改善が見られない）,借金が膨らむばかりの事業,「持ち上げると腰が抜けそうに重い鉄アレイ」とかけて、「借金が膨らむばかりの事業」と解く。その心は「どちらも『楽にならない』でしょう。」,
,完全な同音異義語型,持ち上げると腰が抜けそうに重い鉄アレイ,物理的な重量感、ずっしりとして心に残るほどの負荷,おもい,重い（物理的な重量）,思い（心に残る感情や記憶）,忘れられない失恋の思い出,「持ち上げると腰が抜けそうに重い鉄アレイ」とかけて、「忘れられない失恋の思い出」と解く。その心は「どちらも『重い』でしょう。」,
,完全な同音異義語型,持ち上げると腰が抜けそうに重い鉄アレイ,体に大きな負担がかかり、苦痛を伴う,こたえる,堪える（肉体的な負担が身にこたえる）,答える（質問や問いに返事をする）,先生の質問,「持ち上げると腰が抜けそうに重い鉄アレイ」とかけて、「先生の質問」と解く。その心は「どちらも『こたえる』でしょう。」,
,多義語型,持ち上げると腰が抜けそうに重い鉄アレイ,物理的な重量感、どっしりとした存在感,おもみがある,重みがある（物理的な重量感）,重みがある（言葉や存在に威厳や説得力がある）,ベテラン政治家の演説,「持ち上げると腰が抜けそうに重い鉄アレイ」とかけて、「ベテラン政治家の演説」と解く。その心は「どちらも『重みがある』でしょう。」,
,多義語型,持ち上げると腰が抜けそうに重い鉄アレイ,肉体的な負担が非常に大きく、体に良くない,からだにくる,体にくる（物理的な負担が体に影響する）,体にくる（食べ物や生活習慣などが健康に悪影響を与える）,深夜に食べる脂っこいラーメン,「持ち上げると腰が抜けそうに重い鉄アレイ」とかけて、「深夜に食べる脂っこいラーメン」と解く。その心は「どちらも『体にくる』でしょう。」,
,多義語型,持ち上げると腰が抜けそうに重い鉄アレイ,その場にどっしりと置かれて動かせない、威圧感,ちんざしている,鎮座している（物理的に動かずに置かれている）,鎮座している（神仏や貴人が威厳をもって座っている、または設置されている）,偉いお坊さんが座る本堂の仏像,「持ち上げると腰が抜けそうに重い鉄アレイ」とかけて、「偉いお坊さんが座る本堂の仏像」と解く。その心は「どちらも『鎮座している』でしょう。」,
,フレーズ・慣用句型,持ち上げると腰が抜けそうに重い鉄アレイ,持ち上げるのに大きな物理的な労力を要する,ちからがはいる,力が入る（持ち上げるために力を込める）,力が入る（気合が入る、熱中する、興奮する）,大事な試合に臨むアスリート,「持ち上げると腰が抜けそうに重い鉄アレイ」とかけて、「大事な試合に臨むアスリート」と解く。その心は「どちらも『力が入る』でしょう。」,
,フレーズ・慣用句型,持ち上げると腰が抜けそうに重い鉄アレイ,非常に重く、負担となる物理的な存在,おもにになっている,重荷になっている（物理的に重い荷物）,重荷になっている（精神的・経済的な負担）,なかなか結婚しない一人暮らしの息子,「持ち上げると腰が抜けそうに重い鉄アレイ」とかけて、「なかなか結婚しない一人暮らしの息子」と解く。その心は「どちらも『重荷になっている』でしょう。」,
,フレーズ・慣用句型,持ち上げると腰が抜けそうに重い鉄アレイ,重すぎて腰が立たなくなる、体がぐらつく,こしをぬかす,腰を抜かす（物理的な重さで腰が立たなくなる状態）,腰を抜かす（驚きや恐怖で気力を失い、へなへなと座り込む）,幽霊と鉢合わせした人,「持ち上げると腰が抜けそうに重い鉄アレイ」とかけて、「幽霊と鉢合わせした人」と解く。その心は「どちらも『腰を抜かす』でしょう。」,
,完全な同音異義語型,すれ違うと鼻を突く強烈な匂いの香水,匂いが強く、後まで空間に『残る』,のこる,残る（匂いが残る）,残る（売れ残る）,バーゲンセールでの商品,「すれ違うと鼻を突く強烈な匂いの香水」とかけて、「バーゲンセールでの商品」と解く。その心は『どちらも『残る』でしょう。』,
,完全な同音異義語型,すれ違うと鼻を突く強烈な匂いの香水,匂いが周囲に『広がる』,ひろがる,広がる（匂いが広がる）,広がる（視野が広がる）,海外旅行で新しい体験をする人,「すれ違うと鼻を突く強烈な匂いの香水」とかけて、「海外旅行で新しい体験をする人」と解く。その心は『どちらも『広がる』でしょう。』,
,完全な同音異義語型,すれ違うと鼻を突く強烈な匂いの香水,鼻を『突く』,つく,突く（鼻を突く）,付く（泥が付く）,泥だらけで遊んだ子供,「すれ違うと鼻を突く強烈な匂いの香水」とかけて、「泥だらけで遊んだ子供」と解く。その心は『どちらも『つく』でしょう。』,
,多義語型,すれ違うと鼻を突く強烈な匂いの香水,匂いが『きつい』,きつい,きつい（匂いがきつい）,きつい（仕事がきつい）,重労働で働く人,「すれ違うと鼻を突く強烈な匂いの香水」とかけて、「重労働で働く人」と解く。その心は『どちらも『きつい』でしょう。』,
,多義語型,すれ違うと鼻を突く強烈な匂いの香水,匂いが『強い』,つよい,強い（匂いが強い）,強い（心が強い）,どんな困難にも立ち向かう人,「すれ違うと鼻を突く強烈な匂いの香水」とかけて、「どんな困難にも立ち向かう人」と解く。その心は『どちらも『強い』でしょう。』,
,多義語型,すれ違うと鼻を突く強烈な匂いの香水,鼻を『突く』,つく,突く（鼻を突く）,突く（核心を突く）,鋭い質問をする記者,「すれ違うと鼻を突く強烈な匂いの香水」とかけて、「鋭い質問をする記者」と解く。その心は『どちらも『突く』でしょう。』,
,フレーズ・慣用句型,すれ違うと鼻を突く強烈な匂いの香水,匂いが強すぎて周囲から『敬遠される』,けいえんされる,敬遠される（匂いが強すぎて敬遠される）,敬遠される（人付き合いが苦手で敬遠される）,人付き合いが苦手な人,「すれ違うと鼻を突く強烈な匂いの香水」とかけて、「人付き合いが苦手な人」と解く。その心は『どちらも『敬遠される』でしょう。』,
,フレーズ・慣用句型,すれ違うと鼻を突く強烈な匂いの香水,匂いが『周りに広がる』,まわりにひろがる,周りに広がる（匂いが周りに広がる）,周りに広がる（噂が周りに広がる）,秘密の暴露話,「すれ違うと鼻を突く強烈な匂いの香水」とかけて、「秘密の暴露話」と解く。その心は『どちらも『周りに広がる』でしょう。』,
,フレーズ・慣用句型,すれ違うと鼻を突く強烈な匂いの香水,匂いが強すぎて『人を選ぶ』,ひとをえらぶ,人を選ぶ（匂いが強すぎて人を選ぶ）,人を選ぶ（親友を選ぶ）,本当に信頼できる友達を探す人,「すれ違うと鼻を突く強烈な匂いの香水」とかけて、「本当に信頼できる友達を探す人」と解く。その心は『どちらも『人を選ぶ』でしょう。』,
,完全な同音異義語型,うっかり触ると血が出て痛いトゲつきの鉄線,触れると「痛み」がある,いたみ,痛み,板見,大工の棟梁,「うっかり触ると血が出て痛いトゲつきの鉄線」とかけて、「大工の棟梁」と解く。その心は『どちらも「板見」でしょう。』,
,完全な同音異義語型,うっかり触ると血が出て痛いトゲつきの鉄線,境界として「張る」,はる,張る,貼る,ポスターを貼る人,「うっかり触ると血が出て痛いトゲつきの鉄線」とかけて、「ポスターを貼る人」と解く。その心は『どちらも「張る」でしょう。』,
,完全な同音異義語型,うっかり触ると血が出て痛いトゲつきの鉄線,触ると「血」が出る,ち,血,知,知識豊富な学者,「うっかり触ると血が出て痛いトゲつきの鉄線」とかけて、「知識豊富な学者」と解く。その心は『どちらも「知」でしょう。』,
,多義語型,うっかり触ると血が出て痛いトゲつきの鉄線,トゲが「刺さる」,ささる,刺さる,刺さる,胸に響く歌,「うっかり触ると血が出て痛いトゲつきの鉄線」とかけて、「胸に響く歌」と解く。その心は『どちらも「刺さる」でしょう。』,
,多義語型,うっかり触ると血が出て痛いトゲつきの鉄線,侵入者を「防ぐ」,ふせぐ,防ぐ,防ぐ,災害対策本部,「うっかり触ると血が出て痛いトゲつきの鉄線」とかけて、「災害対策本部」と解く。その心は『どちらも「防ぐ」でしょう。』,
,多義語型,うっかり触ると血が出て痛いトゲつきの鉄線,「立ち入りを禁じる」機能がある,たちいりきんし,立ち入り禁止,立ち入り禁止,企業の機密情報,「うっかり触ると血が出て痛いトゲつきの鉄線」とかけて、「企業の機密情報」と解く。その心は『どちらも「立ち入り禁止」でしょう。』,
,フレーズ・慣用句型,うっかり触ると血が出て痛いトゲつきの鉄線,「不用意に触ると危ない」,てをださないほうがいい,手を出さない方がいい,手を出さない方がいい,人の揉め事,「うっかり触ると血が出て痛いトゲつきの鉄線」とかけて、「人の揉め事」と解く。その心は『どちらも「手を出さない方がいい」でしょう。』,
,フレーズ・慣用句型,うっかり触ると血が出て痛いトゲつきの鉄線,常に「警戒」を要する,けいかいする,警戒する,警戒する,夜間警備員,「うっかり触ると血が出て痛いトゲつきの鉄線」とかけて、「夜間警備員」と解く。その心は『どちらも「警戒する」でしょう。』,
,フレーズ・慣用句型,うっかり触ると血が出て痛いトゲつきの鉄線,「近寄るな」というサインである,ちかよるな,近寄るな,近寄るな,機嫌の悪い上司,「うっかり触ると血が出て痛いトゲつきの鉄線」とかけて、「機嫌の悪い上司」と解く。その心は『どちらも「近寄るな」でしょう。』,
,完全な同音異義語型,夏の夜に喉を潤すキンキンに冷えたビール,飲むと非常に美味しいと感じる。,うまい,旨い（美味しい、味が良い）,上手い（技術や能力が高い）,熟練したベテランの職人,夏の夜に喉を潤すキンキンに冷えたビールとかけて、熟練したベテランの職人と解く。その心は「どちらも『うまい（旨い/上手い）』でしょう。」,
,完全な同音異義語型,夏の夜に喉を潤すキンキンに冷えたビール,グラスに注ぐと白い泡が勢いよく立つ。,あわ,泡（液体表面にできる気泡）,粟（穀物の一種）,昔ながらの方法で穀物を育てる農家,夏の夜に喉を潤すキンキンに冷えたビールとかけて、昔ながらの方法で穀物を育てる農家と解く。その心は「どちらも『あわ（泡/粟）』が大事でしょう。」,
,完全な同音異義語型,夏の夜に喉を潤すキンキンに冷えたビール,温度が非常に低く、体を冷やす。,ひえる,冷える（温度が低くなる）,肥える（土地が豊かになる）,豊作をもたらす豊かな土地,夏の夜に喉を潤すキンキンに冷えたビールとかけて、豊作をもたらす豊かな土地と解く。その心は「どちらも『ひえる（冷える/肥える）』でしょう。」,
,多義語型,夏の夜に喉を潤すキンキンに冷えたビール,喉の渇きを解消する。,かわきをいやす,渇きを癒す（物理的な喉の渇きを解消する）,渇きを癒す（比喩的に、心の欲求や苦痛を満たす）,悩み事をじっくり聞くカウンセラー,夏の夜に喉を潤すキンキンに冷えたビールとかけて、悩み事をじっくり聞くカウンセラーと解く。その心は「どちらも『渇きを癒す』でしょう。」,
,多義語型,夏の夜に喉を潤すキンキンに冷えたビール,味が濃厚で奥深い。,こくがある,コクがある（味に深みがある）,コクがある（内容に深みや味わいがある）,人生経験豊富な小説家,夏の夜に喉を潤すキンキンに冷えたビールとかけて、人生経験豊富な小説家と解く。その心は「どちらも『コクがある』でしょう。」,
,多義語型,夏の夜に喉を潤すキンキンに冷えたビール,飲む際の舌触りや喉越しが良い。,くちあたり,口当たり（飲食物が口に入った時の感触）,口当たり（人への応対や言葉遣い）,お客様と丁寧に応対する接客業のプロ,夏の夜に喉を潤すキンキンに冷えたビールとかけて、お客様と丁寧に応対する接客業のプロと解く。その心は「どちらも『口当たり』が大切でしょう。」,
,フレーズ・慣用句型,夏の夜に喉を潤すキンキンに冷えたビール,飲んだ瞬間に、身体の疲労感がなくなる。,つかれがふきとぶ,疲れが吹き飛ぶ（肉体的な疲労が解消される）,疲れが吹き飛ぶ（精神的なストレスや心配事が解消される）,大きな仕事が成功した起業家,夏の夜に喉を潤すキンキンに冷えたビールとかけて、大きな仕事が成功した起業家と解く。その心は「どちらも『疲れが吹き飛ぶ』でしょう。」,
,フレーズ・慣用句型,夏の夜に喉を潤すキンキンに冷えたビール,勢いよく飲むと、ゴクゴクと音がする。,のどをならす,喉を鳴らす（食べ物や飲み物を勢いよく飲む音）,喉を鳴らす（気持ちを表現するために歌う、またはあるものを欲しがる様子）,観客を魅了する歌手,夏の夜に喉を潤すキンキンに冷えたビールとかけて、観客を魅了する歌手と解く。その心は「どちらも『喉を鳴らす』でしょう。」,
,フレーズ・慣用句型,夏の夜に喉を潤すキンキンに冷えたビール,炭酸が弾ける音や、飲んだ時の爽快感。,しゅわっと,シュワッと（炭酸の泡が弾ける音や感覚）,シュワッと（問題や困難が気持ちよく解決する様子）,難題を見事に解決したコンサルタント,夏の夜に喉を潤すキンキンに冷えたビールとかけて、難題を見事に解決したコンサルタントと解く。その心は「どちらも『シュワッと』するでしょう。」,
,完全な同音異義語型,直視すると目がチカチカして痛む強い照明,目に直接的な危険を知らせる、注意を促す光,けいこく,警告（光が危険を警告する）,稽古（習い事の練習）,習い事を始めたばかりの子供,『直視すると目がチカチカして痛む強い照明』とかけて、『習い事を始めたばかりの子供』と解く。その心は『どちらも【けいこ(警告/稽古)】が大切でしょう。』,
,完全な同音異義語型,直視すると目がチカチカして痛む強い照明,光によって一時的に視界を奪う、騙すような効果がある,めくらまし,目眩まし（光で視界を奪う）,目眩まし（相手を欺く策略）,詐欺師や手品師,『直視すると目がチカチカして痛む強い照明』とかけて、『詐欺師や手品師』と解く。その心は『どちらも【目眩まし】をします。』,
,完全な同音異義語型,直視すると目がチカチカして痛む強い照明,強い光が輝き、周囲の注目を集める,きらめき,煌めき（強い光の輝き）,煌めき（才能や魅力の輝き）,人気絶頂のアイドル,『直視すると目がチカチカして痛む強い照明』とかけて、『人気絶頂のアイドル』と解く。その心は『どちらも【煌めき】が素晴らしいでしょう。』,
,多義語型,直視すると目がチカチカして痛む強い照明,光が空間に充満し、周囲を明るくする,みちる,満ちる（光が空間に満ちる）,満ちる（才能や自信が満ちる）,才能と自信に満ち溢れた若手経営者,『直視すると目がチカチカして痛む強い照明』とかけて、『才能と自信に満ち溢れた若手経営者』と解く。その心は『どちらも【満ちる】ものがあります。』,
,多義語型,直視すると目がチカチカして痛む強い照明,目にダメージを与える可能性があり、避けるべき性質,きけん,危険（目に対する危害）,危険（命や事業に対するリスク）,無謀な挑戦を続ける登山家,『直視すると目がチカチカして痛む強い照明』とかけて、『無謀な挑戦を続ける登山家』と解く。その心は『どちらも【危険】が伴います。』,
,多義語型,直視すると目がチカチカして痛む強い照明,光で視界が遮られ、物が見えなくなる,くらます,眩ます（光で目をくらませる）,晦ます（姿や行方を隠す）,事件を起こして逃亡中の犯人,『直視すると目がチカチカして痛む強い照明』とかけて、『事件を起こして逃亡中の犯人』と解く。その心は『どちらも【くらます】ものがあります。』,
,フレーズ・慣用句型,直視すると目がチカチカして痛む強い照明,強い光が網膜に像として残り、脳裏に焼き付くような感覚,やきつく,焼き付く（目に光の残像が焼き付く）,焼き付く（記憶や心に深く刻み込まれる）,決して忘れることのできない感動的な出来事,『直視すると目がチカチカして痛む強い照明』とかけて、『決して忘れることのできない感動的な出来事』と解く。その心は『どちらも【焼き付く】でしょう。』,
,フレーズ・慣用句型,直視すると目がチカチカして痛む強い照明,強い光により、一時的に視界がぼやけたり、見えにくくなる,めがかすむ,目が霞む（強い光で視界がぼやける）,目が霞む（老眼などで視力が低下する）,老眼鏡をかけ忘れた年配の読書家,『直視すると目がチカチカして痛む強い照明』とかけて、『老眼鏡をかけ忘れた年配の読書家』と解く。その心は『どちらも【目が霞む】でしょう。』,
,フレーズ・慣用句型,直視すると目がチカチカして痛む強い照明,強すぎる光によって、周囲の景色が真っ白に見えなくなる,まっしろになる,真っ白になる（視界が光で真っ白になる）,真っ白になる（驚きや困惑で頭の中が空白になる）,予期せぬトラブルに見舞われた新入社員,『直視すると目がチカチカして痛む強い照明』とかけて、『予期せぬトラブルに見舞われた新入社員』と解く。その心は『どちらも【真っ白になる】でしょう。』,
,完全な同音異義語型,焦げ臭い匂いを立ててオーバーヒートするエンジン,熱で焼き付く、焦げる状態,やける,焼ける（エンジンが熱で焼ける）,焼ける（日焼けする）,夏の砂浜で長時間過ごした海水浴客,『焦げ臭い匂いを立ててオーバーヒートするエンジン』とかけて、『夏の砂浜で長時間過ごした海水浴客』と解く。その心は「どちらも『焼ける』でしょう。」,
,完全な同音異義語型,焦げ臭い匂いを立ててオーバーヒートするエンジン,焦げた臭いが立ち込める状態,けむり,煙（エンジンの故障で出る煙）,けむり（霧や霞）,早朝の山里に漂う白いベール,『焦げ臭い匂いを立ててオーバーヒートするエンジン』とかけて、『早朝の山里に漂う白いベール』と解く。その心は「どちらも『けむり』でしょう。」,
,完全な同音異義語型,焦げ臭い匂いを立ててオーバーヒートするエンジン,性能や耐久性の限界に達する状態,げんかい,限界（エンジンの耐久性の限界）,厳戒（厳戒態勢の厳戒）,サミット開催中の警備体制,『焦げ臭い匂いを立ててオーバーヒートするエンジン』とかけて、『サミット開催中の警備体制』と解く。その心は「どちらも『げんかい』でしょう。」,
,多義語型,焦げ臭い匂いを立ててオーバーヒートするエンジン,動作を停止する、動かなくなる,とまる,止まる（エンジンが動作を止める）,止まる（宿に泊まる）,旅の途中で宿を探す旅行者,『焦げ臭い匂いを立ててオーバーヒートするエンジン』とかけて、『旅の途中で宿を探す旅行者』と解く。その心は「どちらも『止まる』でしょう。」,
,多義語型,焦げ臭い匂いを立ててオーバーヒートするエンジン,熱が機械内部に留まる、高温になる,こもる,籠もる（熱が機械内部に籠もる）,籠もる（部屋に引きこもる）,漫画の執筆に没頭するクリエイター,『焦げ臭い匂いを立ててオーバーヒートするエンジン』とかけて、『漫画の執筆に没頭するクリエイター』と解く。その心は「どちらも『籠もる』でしょう。」,
,多義語型,焦げ臭い匂いを立ててオーバーヒートするエンジン,機能を失い動かない状態,うごかない,動かない（エンジンが故障で動かない）,動かない（意見や信念が揺るがない）,頑固な職人の信念,『焦げ臭い匂いを立ててオーバーヒートするエンジン』とかけて、『頑固な職人の信念』と解く。その心は「どちらも『動かない』でしょう。」,
,フレーズ・慣用句型,焦げ臭い匂いを立ててオーバーヒートするエンジン,熱しすぎて煙が出ること,けむりをはく,煙を吐く（エンジンから煙が出る）,煙を吐く（たばこの煙を吐く、比喩的に不満を表す）,満員電車でイライラしている通勤客,『焦げ臭い匂いを立ててオーバーヒートするエンジン』とかけて、『満員電車でイライラしている通勤客』と解く。その心は「どちらも『煙を吐く』でしょう。」,
,フレーズ・慣用句型,焦げ臭い匂いを立ててオーバーヒートするエンジン,高温になり熱気を帯びる様子,ねっきをおびる,熱気を帯びる（エンジンが高温で熱気を帯びる）,熱気を帯びる（議論や応援が白熱する）,スポーツ観戦で白熱する観客席,『焦げ臭い匂いを立ててオーバーヒートするエンジン』とかけて、『スポーツ観戦で白熱する観客席』と解く。その心は「どちらも『熱気を帯びる』でしょう。」,
,フレーズ・慣用句型,焦げ臭い匂いを立ててオーバーヒートするエンジン,異常な状態になり、限界で音を上げること,ひめいあげる,悲鳴を上げる（比喩的にエンジンが限界で悲鳴を上げる）,悲鳴を上げる（恐怖や苦痛で声を上げる）,お化け屋敷で驚いた人,『焦げ臭い匂いを立ててオーバーヒートするエンジン』とかけて、『お化け屋敷で驚いた人』と解く。その心は「どちらも『悲鳴を上げる』でしょう。」,
,完全な同音異義語型,素手で触ると凍りついて皮膚が痛むドライアイス,触れると身体に痛みが走る,いたみ,痛み（身体的な苦痛）,悼み（故人をしのぶ気持ち）,故人を偲ぶ遺族,素手で触ると凍りついて皮膚が痛むドライアイスとかけて、故人を偲ぶ遺族と解く。その心は「どちらも『いたみ』でしょう。」,
,完全な同音異義語型,素手で触ると凍りついて皮膚が痛むドライアイス,触れると皮膚が凍りつき、固まってしまう,かたまる,固まる（固体になる、硬くなる）,固まる（緊張や恐怖で動けなくなる）,大勢の前に出て緊張する人,素手で触ると凍りついて皮膚が痛むドライアイスとかけて、大勢の前に出て緊張する人と解く。その心は「どちらも『かたまる』でしょう。」,
,完全な同音異義語型,素手で触ると凍りついて皮膚が痛むドライアイス,低温により皮膚が凍傷になる,とうしょう,凍傷（寒さによる怪我）,投書（意見を文書で提出すること）,読者から意見を募る新聞社,素手で触ると凍りついて皮膚が痛むドライアイスとかけて、読者から意見を募る新聞社と解く。その心は「どちらも『とうしょう』でしょう。」,
,多義語型,素手で触ると凍りついて皮膚が痛むドライアイス,非常に冷たい温度である,つめたい,冷たい（温度が低い）,冷たい（態度がそっけない、思いやりがない）,人に無関心な態度をとる人,素手で触ると凍りついて皮膚が痛むドライアイスとかけて、人に無関心な態度をとる人と解く。その心は「どちらも『つめたい』でしょう。」,
,多義語型,素手で触ると凍りついて皮膚が痛むドライアイス,触ると低温やけど（傷）を負う,やけど,やけど（低温熱傷などの物理的な傷）,やけど（失敗や痛い目に遭うこと）,同じ過ちを繰り返す人,素手で触ると凍りついて皮膚が痛むドライアイスとかけて、同じ過ちを繰り返す人と解く。その心は「どちらも『やけど』でしょう。」,
,多義語型,素手で触ると凍りついて皮膚が痛むドライアイス,触れると皮膚が凍えて感覚が麻痺するような状態になる,しびれる,痺れる（感覚が麻痺する）,痺れる（感動で体が動かなくなる）,素晴らしい演奏に感動した観客,素手で触ると凍りついて皮膚が痛むドライアイスとかけて、素晴らしい演奏に感動した観客と解く。その心は「どちらも『しびれる』でしょう。」,
,フレーズ・慣用句型,素手で触ると凍りついて皮膚が痛むドライアイス,非常に冷たい状態である,ひえひえ,冷え冷え（非常に冷たいさま）,冷え冷え（人間関係が冷え込んでいるさま）,喧嘩中の夫婦,素手で触ると凍りついて皮膚が痛むドライアイスとかけて、喧嘩中の夫婦と解く。その心は「どちらも『ひえひえ』でしょう。」,
,フレーズ・慣用句型,素手で触ると凍りついて皮膚が痛むドライアイス,素手で触れてはいけない,てをだすな,手を出すな（触れるな、危害を加えるな）,手を出すな（余計な干渉をするな、関わるな）,他人の揉め事に首を突っ込む人,素手で触ると凍りついて皮膚が痛むドライアイスとかけて、他人の揉め事に首を突っ込む人と解く。その心は「どちらも『手を出すな』でしょう。」,
,フレーズ・慣用句型,素手で触ると凍りついて皮膚が痛むドライアイス,触ると身体に物理的な痛みを伴う,いたいめをみる,痛い目を見る（実際に身体的な苦痛を受ける）,痛い目を見る（ひどい失敗をしたり、手痛い損害を被ったりする）,準備不足でプロジェクトを始めた経営者,素手で触ると凍りついて皮膚が痛むドライアイスとかけて、準備不足でプロジェクトを始めた経営者と解く。その心は「どちらも『痛い目を見る』でしょう。」,
,完全な同音異義語型,鼓膜が破れそうなほどけたたましく鳴るサイレン,大音量で鳴り響き、音が割れるように聞こえる状態,わかれる,音が「割れる」,道が「分かれる」,道の分岐点,鼓膜が破れそうなほどけたたましく鳴るサイレンとかけて、道の分岐点と解く。その心は「どちらも『わかれる』でしょう。」,
,完全な同音異義語型,鼓膜が破れそうなほどけたたましく鳴るサイレン,けたたましい音が周囲に響き渡る状態,なる,けたたましい音が「鳴る」,夢が「成る」,長年の夢を叶えた人,鼓膜が破れそうなほどけたたましく鳴るサイレンとかけて、長年の夢を叶えた人と解く。その心は「どちらも『なる』でしょう。」,
,完全な同音異義語型,鼓膜が破れそうなほどけたたましく鳴るサイレン,危険を知らせる「警報」を発する状態,けいほう,危険を知らせる「警報」,国が定めた法律「刑法」,法律を学ぶ学生,鼓膜が破れそうなほどけたたましく鳴るサイレンとかけて、法律を学ぶ学生と解く。その心は「どちらも『けいほう』でしょう。」,
,多義語型,鼓膜が破れそうなほどけたたましく鳴るサイレン,緊急事態を知らせ、周囲に注意を促す機能,ちゅういをうながす,危険に「注意を促す」,行動に「注意を促す」,子供に勉強するよう促す親,鼓膜が破れそうなほどけたたましく鳴るサイレンとかけて、子供に勉強するよう促す親と解く。その心は「どちらも『注意を促す』でしょう。」,
,多義語型,鼓膜が破れそうなほどけたたましく鳴るサイレン,発生源や緊急事態の場所を音で知らせる機能,ばしょを知らせる,事故や火事の「場所を知らせる」,集合の「場所を知らせる」,集合場所を連絡する幹事,鼓膜が破れそうなほどけたたましく鳴るサイレンとかけて、集合場所を連絡する幹事と解く。その心は「どちらも『場所を知らせる』でしょう。」,
,多義語型,鼓膜が破れそうなほどけたたましく鳴るサイレン,けたたましい音が鳴り止まない状態,とまらない,けたたましい音が「止まらない」,咳が「止まらない」,風邪で咳が止まらない人,鼓膜が破れそうなほどけたたましく鳴るサイレンとかけて、風邪で咳が止まらない人と解く。その心は「どちらも『止まらない』でしょう。」,
,フレーズ・慣用句型,鼓膜が破れそうなほどけたたましく鳴るサイレン,緊急事態で、迅速な対応が求められる状況,いっこくをあらそう,救急を要し「一刻を争う」事態,締め切り前の仕事で「一刻を争う」,締め切りに追われる編集者,鼓膜が破れそうなほどけたたましく鳴るサイレンとかけて、締め切りに追われる編集者と解く。その心は「どちらも『一刻を争う』でしょう。」,
,フレーズ・慣用句型,鼓膜が破れそうなほどけたたましく鳴るサイレン,周囲に迫る危険を告知する機能,きけんをしらせる,緊急事態の「危険を知らせる」,潜在的なリスクの「危険を知らせる」,詐欺師が近づいていることを知らせる防犯アナウンス,鼓膜が破れそうなほどけたたましく鳴るサイレンとかけて、詐欺師が近づいていることを知らせる防犯アナウンスと解く。その心は「どちらも『危険を知らせる』でしょう。」,
,フレーズ・慣用句型,鼓膜が破れそうなほどけたたましく鳴るサイレン,非常に大きな音で、耳に強烈な不快感を与える感覚,みみをつんざく,大音量が「耳をつんざく」,鋭い叫び声が「耳をつんざく」,ロックバンドのボーカルのシャウト,鼓膜が破れそうなほどけたたましく鳴るサイレンとかけて、ロックバンドのボーカルのシャウトと解く。その心は「どちらも『耳をつんざく』でしょう。」,
,完全な同音異義語型,くるまるとフワフワで温かくて眠くなる毛布,温かくて安眠を誘う効果,かいみん,快眠,海綿,スポンジの原料,「くるまるとフワフワで温かくて眠くなる毛布」とかけて、「スポンジの原料」と解く。その心は「どちらも『かいみん（快眠/海綿）』でしょう。」,
,完全な同音異義語型,くるまるとフワフワで温かくて眠くなる毛布,フワフワで心地よい触り心地,かんしょく,感触,間食,おやつの時間,「くるまるとフワフワで温かくて眠くなる毛布」とかけて、「おやつの時間」と解く。その心は「どちらも『かんしょく（感触/間食）』でしょう。」,
,完全な同音異義語型,くるまるとフワフワで温かくて眠くなる毛布,くるまると全身を温かく包み込む,ぜんしん,全身,前進,目標に向かって努力する人,「くるまるとフワフワで温かくて眠くなる毛布」とかけて、「目標に向かって努力する人」と解く。その心は「どちらも『ぜんしん（全身/前進）』でしょう。」,
,多義語型,くるまるとフワフワで温かくて眠くなる毛布,くるまると体を包み込む,つつむ,包む（物理的に）,包む（秘密を隠す）,誰にも言えない秘密,「くるまるとフワフワで温かくて眠くなる毛布」とかけて、「誰にも言えない秘密」と解く。その心は「どちらも『包む』でしょう。」,
,多義語型,くるまるとフワフワで温かくて眠くなる毛布,体に掛けて使う,かける,掛ける（毛布を体に）,掛ける（賭け事を）,賭け事に熱中するギャンブラー,「くるまるとフワフワで温かくて眠くなる毛布」とかけて、「賭け事に熱中するギャンブラー」と解く。その心は「どちらも『掛ける』でしょう。」,
,多義語型,くるまるとフワフワで温かくて眠くなる毛布,温かくて眠くなり、体を休ませる,やすむ,休む（体を）,休む（仕事や学校を）,連休中の会社員,「くるまるとフワフワで温かくて眠くなる毛布」とかけて、「連休中の会社員」と解く。その心は「どちらも『休む』でしょう。」,
,フレーズ・慣用句型,くるまるとフワフワで温かくて眠くなる毛布,くるまれることで安心感を得る,つつまれる,包まれる（物理的に）,包まれる（愛に、謎に）,深い愛に包まれた新婚夫婦,「くるまるとフワフワで温かくて眠くなる毛布」とかけて、「深い愛に包まれた新婚夫婦」と解く。その心は「どちらも『包まれる』でしょう。」,
,フレーズ・慣用句型,くるまるとフワフワで温かくて眠くなる毛布,夢を見ているような心地よさで眠りを誘う,ゆめごこち,夢心地,夢心地（現実離れした幸福感）,憧れのスターに会えたファン,「くるまるとフワフワで温かくて眠くなる毛布」とかけて、「憧れのスターに会えたファン」と解く。その心は「どちらも『夢心地』でしょう。」,
,フレーズ・慣用句型,くるまるとフワフワで温かくて眠くなる毛布,くるまることで体を温め、守る,からだをまもる,体（身）を守る,体（身）を守る（危険から）,不審者から身を守る護身術の達人,「くるまるとフワフワで温かくて眠くなる毛布」とかけて、「不審者から身を守る護身術の達人」と解く。その心は「どちらも『体（身）を守る』でしょう。」,
,完全な同音異義語型,刃こぼれして見た目も痛々しい古い包丁,刃が欠けている、一部が失われている状態,かける,欠ける,掛ける,壁に絵を飾る人,「刃こぼれして見た目も痛々しい古い包丁」とかけて、「壁に絵を飾る人」と解く。その心は「どちらも『かける』でしょう。」,
,完全な同音異義語型,刃こぼれして見た目も痛々しい古い包丁,物を切る機能が失われている状態,きれない,切れない,綺麗,おしゃれに全く気を遣わない人,「刃こぼれして見た目も痛々しい古い包丁」とかけて、「おしゃれに全く気を遣わない人」と解く。その心は「どちらも『きれない』でしょう。」,
,完全な同音異義語型,刃こぼれして見た目も痛々しい古い包丁,刃の表面が滑らかでなく、ザラザラしている状態,あらい,荒い,粗い,短気でガサツな性格の人,「刃こぼれして見た目も痛々しい古い包丁」とかけて、「短気でガサツな性格の人」と解く。その心は「どちらも『あらい』でしょう。」,
,多義語型,刃こぼれして見た目も痛々しい古い包丁,物理的に傷つき、価値が低下した状態,きずもの,傷物 (物理的な欠陥がある物),傷物 (商品として価値が低い、または比喩的に過去に問題があったと見なされるもの),市場に出せない不良品の果物,「刃こぼれして見た目も痛々しい古い包丁」とかけて、「市場に出せない不良品の果物」と解く。その心は「どちらも『傷物』でしょう。」,
,多義語型,刃こぼれして見た目も痛々しい古い包丁,本来の機能を果たせず、役に立たない状態,やくたたず,役立たず (機能を果たさない道具),役立たず (役に立たない人や物),何をさせても失敗ばかりする部下,「刃こぼれして見た目も痛々しい古い包丁」とかけて、「何をさせても失敗ばかりする部下」と解く。その心は「どちらも『役立たず』でしょう。」,
,多義語型,刃こぼれして見た目も痛々しい古い包丁,鋭利さが失われ、切れ味が鈍い状態,するどさがない,鋭さがない (切れ味),鋭さがない (洞察力や判断力),鈍感で気の利かない人,「刃こぼれして見た目も痛々しい古い包丁」とかけて、「鈍感で気の利かない人」と解く。その心は「どちらも『鋭さがない』でしょう。」,
,フレーズ・慣用句型,刃こぼれして見た目も痛々しい古い包丁,物理的に傷がひどく、欠陥が目立つ状態,ぼろがでる,ぼろが出る (物理的な欠陥や傷が露わになる),ぼろが出る (隠していた欠点や不正が露見する),隠し事をしている政治家,「刃こぼれして見た目も痛々しい古い包丁」とかけて、「隠し事をしている政治家」と解く。その心は「どちらも『ぼろが出る』でしょう。」,
,フレーズ・慣用句型,刃こぼれして見た目も痛々しい古い包丁,もうこれ以上使うのが難しい、限界の状態,もうだめ,もう駄目 (使い物にならない、機能停止),もう駄目 (諦める、限界に達した心境),絶体絶命のピンチに陥った人,「刃こぼれして見た目も痛々しい古い包丁」とかけて、「絶体絶命のピンチに陥った人」と解く。その心は「どちらも『もう駄目』でしょう。」,
,フレーズ・慣用句型,刃こぼれして見た目も痛々しい古い包丁,実際に刃が物を切ることができない状態,はがたたない,刃が立たない (文字通り、物が切れない),歯が立たない (太刀打ちできない、かなわない),難しすぎて手も足も出ない問題に直面している学生,「刃こぼれして見た目も痛々しい古い包丁」とかけて、「難しすぎて手も足も出ない問題に直面している学生」と解く。その心は「どちらも『はがたたない』でしょう。」,
,完全な同音異義語型,厳しい稽古の汗の匂いが染み付いた黒帯,汗が奥深くまで浸透する物理的な状態,しみる,染みる（汗が「染みる」）,凍みる（寒さが「凍みる」）,厳冬期の山奥,厳しい稽古の汗の匂いが染み付いた黒帯とかけて、厳冬期の山奥と解く。その心は「どちらも『しみる』でしょう。」,
,完全な同音異義語型,厳しい稽古の汗の匂いが染み付いた黒帯,稽古や経験を重ねていく行為,つむ,積む（稽古を「積む」）,摘む（才能の芽を「摘む」）,才能のある若手社員を妬んで潰す上司,厳しい稽古の汗の匂いが染み付いた黒帯とかけて、才能のある若手社員を妬んで潰す上司と解く。その心は「どちらも『つむ』でしょう。」,
,完全な同音異義語型,厳しい稽古の汗の匂いが染み付いた黒帯,帯を結んでしっかりと固定する様子,しまる,締まる（帯が「締まる」）,閉まる（店が「閉まる」）,閉店間際の商店街,厳しい稽古の汗の匂いが染み付いた黒帯とかけて、閉店間際の商店街と解く。その心は「どちらも『しまる』でしょう。」,
,多義語型,厳しい稽古の汗の匂いが染み付いた黒帯,習得の段階や階級を示すもの,だん,段（黒帯の「段」位）,段（階段の「段」）,順序立てて物事を進める慎重な人,厳しい稽古の汗の匂いが染み付いた黒帯とかけて、順序立てて物事を進める慎重な人と解く。その心は「どちらも『段』が重要でしょう。」,
,多義語型,厳しい稽古の汗の匂いが染み付いた黒帯,武道における修行のプロセス,どう,道（武道の「道」）,道（人生の「道」）,人生の岐路に立つ若者,厳しい稽古の汗の匂いが染み付いた黒帯とかけて、人生の岐路に立つ若者と解く。その心は「どちらも『道』を極める必要があるでしょう。」,
,多義語型,厳しい稽古の汗の匂いが染み付いた黒帯,体に着装する動作,みにつける,身に付ける（黒帯を「身に付ける」）,身に付ける（知識や技術を「身に付ける」）,資格取得を目指す学生,厳しい稽古の汗の匂いが染み付いた黒帯とかけて、資格取得を目指す学生と解く。その心は「どちらも『身に付ける』ことが大事でしょう。」,
,フレーズ・慣用句型,厳しい稽古の汗の匂いが染み付いた黒帯,長年の使用による経年変化,ねんきがはいっている,年季が入っている（使い古された物に「年季が入っている」）,年季が入っている（長年の経験や技に「年季が入っている」）,長年修行を積んだ伝統工芸の職人,厳しい稽古の汗の匂いが染み付いた黒帯とかけて、長年修行を積んだ伝統工芸の職人と解く。その心は「どちらも『年季が入っている』でしょう。」,
,フレーズ・慣用句型,厳しい稽古の汗の匂いが染み付いた黒帯,努力や労働の結果として得られたもの,あせとちから,汗と力（「汗と力」の結晶）,汗と力（「汗と力」を注いでいる）,自分の手で畑を耕し作物を育てる農家,厳しい稽古の汗の匂いが染み付いた黒帯とかけて、自分の手で畑を耕し作物を育てる農家と解く。その心は「どちらも『汗と力』の結晶でしょう。」,
,フレーズ・慣用句型,厳しい稽古の汗の匂いが染み付いた黒帯,長年の鍛錬によって得られた価値や威厳,おもみがある,重みがある（物理的な「重みがある」）,重みがある（言葉や経験に「重みがある」）,人生の酸いも甘いも知った老賢者の言葉,厳しい稽古の汗の匂いが染み付いた黒帯とかけて、人生の酸いも甘いも知った老賢者の言葉と解く。その心は「どちらも『重みがある』でしょう。」,
,完全な同音異義語型,当てると筋肉がジンジンと痺れるマッサージ機,筋肉に刺激を与える、電気的な作用,しげき,刺激（筋肉に与える電気的または物理的な作用）,磁気（磁石が持つ力、あるいは磁場）,方位磁石,「当てると筋肉がジンジンと痺れるマッサージ機」とかけて、「方位磁石」と解く。その心は「どちらも『しげき』でしょう。」,
,完全な同音異義語型,当てると筋肉がジンジンと痺れるマッサージ機,筋肉を振動させる、体内に影響が広がる,しんとう,振動（物理的な揺れが体内に伝わる）,浸透（水や思想などが深く染み渡ること）,水が染み込む土,「当てると筋肉がジンジンと痺れるマッサージ機」とかけて、「水が染み込む土」と解く。その心は「どちらも『しんとう』でしょう。」,
,完全な同音異義語型,当てると筋肉がジンジンと痺れるマッサージ機,対象物に触れさせる、使用する,あてる,当てる（マッサージ機を筋肉に触れさせる）,充てる（時間や予算などを特定の用途に割り当てる）,計画的に時間を使う人,「当てると筋肉がジンジンと痺れるマッサージ機」とかけて、「計画的に時間を使う人」と解く。その心は「どちらも『あてる』でしょう。」,
,多義語型,当てると筋肉がジンジンと痺れるマッサージ機,筋肉に働きかけ、生理的な変化を起こす,うごかす,動かす（筋肉を物理的に動かす、機能させる）,動かす（物事を進行させる、人の心を揺さぶる）,政治家,「当てると筋肉がジンジンと痺れるマッサージ機」とかけて、「政治家」と解く。その心は「どちらも『動かす』でしょう。」,
,多義語型,当てると筋肉がジンジンと痺れるマッサージ機,凝り固まった筋肉を柔らかくする,ほぐす,ほぐす（筋肉の凝りや緊張を和らげる）,ほぐす（心身の緊張を解く、複雑なものを解きほぐす）,緊張した面持ちの人,「当てると筋肉がジンジンと痺れるマッサージ機」とかけて、「緊張した面持ちの人」と解く。その心は「どちらも『ほぐす』でしょう。」,
,多義語型,当てると筋肉がジンジンと痺れるマッサージ機,機械が電気的な情報を送る、物理的な反応を促す,しんごう,信号（機械が電気的な刺激として送る情報）,信号（交通を制御する光、情報伝達の合図）,交通整理をする警察官,「当てると筋肉がジンジンと痺れるマッサージ機」とかけて、「交通整理をする警察官」と解く。その心は「どちらも『信号』でしょう。」,
,フレーズ・慣用句型,当てると筋肉がジンジンと痺れるマッサージ機,強い刺激や熱で体が熱くなる感覚,みをこがす,身を焦がす（強い刺激や熱で体が熱くなる、痺れる感覚を比喩的に）,身を焦がす（恋い慕う、何かに熱中するあまり心を痛める）,恋に悩む人,「当てると筋肉がジンジンと痺れるマッサージ機」とかけて、「恋に悩む人」と解く。その心は「どちらも『身を焦がす』でしょう。」,
,フレーズ・慣用句型,当てると筋肉がジンジンと痺れるマッサージ機,疲れた筋肉に活力を与え、元気にする,いきをふきこむ,息を吹き込む（疲れた筋肉に活力を与える、血流を促し再生を促す）,息を吹き込む（新たな生命や精神、活力を与える）,廃れたプロジェクトを立て直すリーダー,「当てると筋肉がジンジンと痺れるマッサージ機」とかけて、「廃れたプロジェクトを立て直すリーダー」と解く。その心は「どちらも『息を吹き込む』でしょう。」,
,フレーズ・慣用句型,当てると筋肉がジンジンと痺れるマッサージ機,血行が改善され、体内の循環がスムーズになる,めぐりがよくなる,巡りが良くなる（血行やリンパの流れがスムーズになる）,巡りが良くなる（資金や人材の循環が円滑になる）,経済が好転する会社,「当てると筋肉がジンジンと痺れるマッサージ機」とかけて、「経済が好転する会社」と解く。その心は「どちらも『巡りが良くなる』でしょう。」,
,完全な同音異義語型,飲むと喉が焼けるように熱くなる度数の高い酒,喉が焼けるような熱さ,やける,焼ける (熱くなる),焼ける (写真などが色褪せる),古いアルバムの写真,飲むと喉が焼けるように熱くなる度数の高い酒とかけて、古いアルバムの写真と解く。その心は「どちらも焼ける」でしょう。,
,完全な同音異義語型,飲むと喉が焼けるように熱くなる度数の高い酒,アルコール度数が高い,たかい,高い (度数が高い),高い (値段が高い),高級ブランド品,飲むと喉が焼けるように熱くなる度数の高い酒とかけて、高級ブランド品と解く。その心は「どちらも高い」でしょう。,
,完全な同音異義語型,飲むと喉が焼けるように熱くなる度数の高い酒,喉が熱くなる,あつい,熱い (熱くなる),厚い (分厚い),分厚い本,飲むと喉が焼けるように熱くなる度数の高い酒とかけて、分厚い本と解く。その心は「どちらもあつい」でしょう。,
,多義語型,飲むと喉が焼けるように熱くなる度数の高い酒,アルコールの刺激が強い,つよい,強い (刺激が強い),強い (風が強い),台風,飲むと喉が焼けるように熱くなる度数の高い酒とかけて、台風と解く。その心は「どちらも強い」でしょう。,
,多義語型,飲むと喉が焼けるように熱くなる度数の高い酒,体が熱くなり染み渡る,しみる,染みる (体に染み渡る),染みる (冷たいものが歯に染みる),冷たい水,飲むと喉が焼けるように熱くなる度数の高い酒とかけて、冷たい水と解く。その心は「どちらも染みる」でしょう。,
,多義語型,飲むと喉が焼けるように熱くなる度数の高い酒,アルコール度数がきつい,きつい,きつい (度数がきつい),きつい (サイズがきつい),サイズが合わない服,飲むと喉が焼けるように熱くなる度数の高い酒とかけて、サイズが合わない服と解く。その心は「どちらもきつい」でしょう。,
,フレーズ・慣用句型,飲むと喉が焼けるように熱くなる度数の高い酒,喉が熱くなる感覚,のどがやける,喉が焼ける (熱くなる),喉が焼ける (歌いすぎて声が出なくなる),カラオケで熱唱しすぎた歌手,飲むと喉が焼けるように熱くなる度数の高い酒とかけて、カラオケで熱唱しすぎた歌手と解く。その心は「どちらも喉が焼ける」でしょう。,
,フレーズ・慣用句型,飲むと喉が焼けるように熱くなる度数の高い酒,舌を刺激する,したをさす,舌を刺す (刺激する),舌を刺す (言葉で批判する),辛口な評論家,飲むと喉が焼けるように熱くなる度数の高い酒とかけて、辛口な評論家と解く。その心は「どちらも舌を刺す」でしょう。,
,フレーズ・慣用句型,飲むと喉が焼けるように熱くなる度数の高い酒,口の中が火のように熱くなる,ひをふく,火を噴く (比喩的に熱い),火を噴く (実際に噴火する),火山,飲むと喉が焼けるように熱くなる度数の高い酒とかけて、火山と解く。その心は「どちらも火を噴く」でしょう。,
,完全な同音異義語型,うっかり触れて赤く火傷する冬のストーブ,心地よい温度がある、体が温まる,あたたかい,暖かい (季節や室温が心地よい),温かい (飲食物や気持ちが適温で心地よい),母親が淹れてくれたお茶,うっかり触れて赤く火傷する冬のストーブとかけて、母親が淹れてくれたお茶と解く。その心は『どちらも温かいでしょう』。,
,多義語型,うっかり触れて赤く火傷する冬のストーブ,熱を発して周りを暖める,あたためる,暖める (部屋や体を心地よく熱する),温める (計画やアイデアをじっくり練る),プレゼンテーション前の企画書,うっかり触れて赤く火傷する冬のストーブとかけて、プレゼンテーション前の企画書と解く。その心は『どちらも温めるでしょう』。,
,フレーズ・慣用句型,うっかり触れて赤く火傷する冬のストーブ,熱くて、物理的に触ることができない,てがだせない,手が出せない (熱くて触れることができない),手が出せない (高価すぎて買えない、能力が及ばない),憧れの高級車,うっかり触れて赤く火傷する冬のストーブとかけて、憧れの高級車と解く。その心は『どちらも手が出せないでしょう』。,
,完全な同音異義語型,うっかり触れて赤く火傷する冬のストーブ,熱を持って、周囲に熱を供給する,ねつがでる,熱が出る (機器が発熱する、熱を帯びる),熱が出る (病気で体温が上がる),風邪をひいた子供,うっかり触れて赤く火傷する冬のストーブとかけて、風邪をひいた子供と解く。その心は『どちらも熱が出るでしょう』。,
,多義語型,うっかり触れて赤く火傷する冬のストーブ,不用意に触れると怪我をする危険がある,きけんがおおい,危険が多い (物理的な危害が迫る可能性が高い),危険が多い (将来の見通しや状況にリスクが高い),登山初心者が挑む冬山,うっかり触れて赤く火傷する冬のストーブとかけて、登山初心者が挑む冬山と解く。その心は『どちらも危険が多いでしょう』。,
,フレーズ・慣用句型,うっかり触れて赤く火傷する冬のストーブ,燃料に火を点けて使用を開始する,ひをつける,火を点ける (燃料に着火する),火を点ける (議論や興味を喚起する),退屈な会議での一言,うっかり触れて赤く火傷する冬のストーブとかけて、退屈な会議での一言と解く。その心は『どちらも火を点けるでしょう』。,
,完全な同音異義語型,うっかり触れて赤く火傷する冬のストーブ,熱で皮膚の色が変化して赤くなる,あかくなる,赤くなる (火傷や炎症で皮膚が紅潮する),赤くなる (恥ずかしさなどで顔の色が変わる),好きな人に褒められた時の顔,うっかり触れて赤く火傷する冬のストーブとかけて、好きな人に褒められた時の顔と解く。その心は『どちらも赤くなるでしょう』。,
,多義語型,うっかり触れて赤く火傷する冬のストーブ,寒い季節の生活になくてはならない存在,かかせない,欠かせない (生活に必要不可欠である),欠かせない (特定の状況や目標達成に不可欠な要素や人物である),プロジェクトを成功させるためのリーダー,うっかり触れて赤く火傷する冬のストーブとかけて、プロジェクトを成功させるためのリーダーと解く。その心は『どちらも欠かせないでしょう』。,
,フレーズ・慣用句型,うっかり触れて赤く火傷する冬のストーブ,触れると物理的な苦痛を感じる,いたみをともなう,痛みを伴う (物理的な苦痛がある),痛みを伴う (困難や犠牲、精神的な苦痛を経験する),新しい技術導入のための組織改革,うっかり触れて赤く火傷する冬のストーブとかけて、新しい技術導入のための組織改革と解く。その心は『どちらも痛みを伴うでしょう』。,
,完全な同音異義語型,部屋いっぱいに甘い香りが漂う焼き菓子,香りが空間に広がる,ひろがる,広がる（香りが）,広がる（噂が）,悪い噂,部屋いっぱいに甘い香りが漂う焼き菓子とかけて、悪い噂と解く。その心は『どちらも広がる』でしょう。,
,完全な同音異義語型,部屋いっぱいに甘い香りが漂う焼き菓子,美味しくて食べる手が止まらない,とまらない,止まらない（食べる手が）,止まらない（走り続ける）,ゴールを目指す長距離ランナー,部屋いっぱいに甘い香りが漂う焼き菓子とかけて、ゴールを目指す長距離ランナーと解く。その心は『どちらも止まらない』でしょう。,
,完全な同音異義語型,部屋いっぱいに甘い香りが漂う焼き菓子,焼くことで熱が伝わる,つたわる,伝わる（熱が）,伝わる（情報が）,口コミで評判が広まるお店,部屋いっぱいに甘い香りが漂う焼き菓子とかけて、口コミで評判が広まるお店と解く。その心は『どちらも伝わる』でしょう。,
,多義語型,部屋いっぱいに甘い香りが漂う焼き菓子,味覚や香りが甘い,あまい,甘い（味や香り）,甘い（誘惑に弱い）,誘惑に弱い人,部屋いっぱいに甘い香りが漂う焼き菓子とかけて、誘惑に弱い人と解く。その心は『どちらも甘い』でしょう。,
,多義語型,部屋いっぱいに甘い香りが漂う焼き菓子,香りが漂い立つ,たつ,立つ（香りが）,立つ（計画が）,新規事業の計画,部屋いっぱいに甘い香りが漂う焼き菓子とかけて、新規事業の計画と解く。その心は『どちらも立つ』でしょう。,
,多義語型,部屋いっぱいに甘い香りが漂う焼き菓子,焼けて良い焼き色が付く,いろがつく,色が付く（焼き色が）,色が付く（怪しい関係に）,怪しい関係の男女,部屋いっぱいに甘い香りが漂う焼き菓子とかけて、怪しい関係の男女と解く。その心は『どちらも色が付く』でしょう。,
,フレーズ・慣用句型,部屋いっぱいに甘い香りが漂う焼き菓子,香りが部屋全体に広がる,へやじゅうにひろがる,部屋中に広がる（香りが）,部屋中に広がる（散らかったものが）,子供が散らかしたおもちゃ,部屋いっぱいに甘い香りが漂う焼き菓子とかけて、子供が散らかしたおもちゃと解く。その心は『どちらも部屋中に広がる』でしょう。,
,フレーズ・慣用句型,部屋いっぱいに甘い香りが漂う焼き菓子,食べて幸せになり笑顔になる,えがおになる,笑顔になる（幸せで）,笑顔になる（良いことがあって）,宝くじに当選した人,部屋いっぱいに甘い香りが漂う焼き菓子とかけて、宝くじに当選した人と解く。その心は『どちらも笑顔になる』でしょう。,
,フレーズ・慣用句型,部屋いっぱいに甘い香りが漂う焼き菓子,焼けたばかりの状態,やきたて,焼きたて（焼き上がったばかり）,焼きたて（日焼けしたばかり）,日焼けしたばかりの人,部屋いっぱいに甘い香りが漂う焼き菓子とかけて、日焼けしたばかりの人と解く。その心は『どちらも焼きたて』でしょう。,
,完全な同音異義語型,切っていると涙が出てきて目に染みる玉ねぎ,刺激が強く、目に物理的な痛みを感じさせる,からい,辛い（味覚や刺激が強い）,辛い（精神的に苦痛な）,厳しいノルマに追われる営業マン,切っていると涙が出てきて目に染みる玉ねぎとかけて、厳しいノルマに追われる営業マンと解く。その心は『どちらも辛い（からい）』でしょう。,
,完全な同音異義語型,切っていると涙が出てきて目に染みる玉ねぎ,切る際に物理的な刺激で目に痛みが生じる,いたみ,痛み（物理的な感覚）,傷み（食材の劣化）,冷蔵庫に入れっぱなしにされた野菜,切っていると涙が出てきて目に染みる玉ねぎとかけて、長い間放置された野菜と解く。その心は『どちらも傷み（いたみ）が出ている』でしょう。,
,完全な同音異義語型,切っていると涙が出てきて目に染みる玉ねぎ,体の器官である「目」に刺激を受ける,め,目（体の器官）,芽（植物の芽生え、物事の始まり）,ようやく始まったばかりの新規事業,切っていると涙が出てきて目に染みる玉ねぎとかけて、ようやく始まったばかりの新規事業と解く。その心は『どちらも芽（め）が出たばかり』でしょう。,
,多義語型,切っていると涙が出てきて目に染みる玉ねぎ,刺激が強く、目に耐えがたい影響を与える,つよい,強い（刺激が）,強い（精神的に打たれ）,どんな試練にも立ち向かう精神力の持ち主,切っていると涙が出てきて目に染みる玉ねぎとかけて、どんな試練にも立ち向かう精神力の持ち主と解く。その心は『どちらも強い』でしょう。,
,多義語型,切っていると涙が出てきて目に染みる玉ねぎ,中心に固い部分がある,しん,芯（野菜の中心部）,芯（物事の根本、信念）,どんな状況でも信念を曲げない人,切っていると涙が出てきて目に染みる玉ねぎとかけて、どんな状況でも信念を曲げない人と解く。その心は『どちらも芯（しん）がある』でしょう。,
,多義語型,切っていると涙が出てきて目に染みる玉ねぎ,包丁で対象を分断する,きれる,切れる（刃物で分断する）,切れる（寿命が尽きる、機能しなくなる）,もう点かなくなった電球,切っていると涙が出てきて目に染みる玉ねぎとかけて、もう点かなくなった電球と解く。その心は『どちらも切れる（きれる）』でしょう。,
,フレーズ・慣用句型,切っていると物理的な刺激で目に涙がたまる,目に刺激を受け、涙で目が湿る,めがうるむ,目が潤む（物理的な涙で湿る）,目が潤む（感動や悲しみで涙ぐむ）,感動的なドラマを見た人,切っていると涙が出てきて目に染みる玉ねぎとかけて、感動的なドラマを見た人と解く。その心は『どちらも目が潤む』でしょう。,
,フレーズ・慣用句型,切っていると刺激から目を守るために目を閉じる,目に刺激を受け、物理的に目を閉じる,めをつむる,目をつむる（物理的に目を閉じる）,目をつむる（見て見ぬふりをする、大目に見る）,友人の小さな不正に気づかないふりをした人,切っていると涙が出てきて目に染みる玉ねぎとかけて、友人の小さな不正に気づかないふりをした人と解く。その心は『どちらも目をつむる』でしょう。,
,フレーズ・慣用句型,切って調理する際に細かく刻む,物理的に小さく刻む、細かくする,こまかい,細かい（物理的に小さくする）,細かい（金銭の単位が小さい、几帳面な性格）,いつも財布に小銭をたくさん入れている人,切っていると涙が出てきて目に染みる玉ねぎとかけて、いつも財布に小銭をたくさん入れている人と解く。その心は『どちらも細かい（こまかい）』でしょう。,
,完全な同音異義語型,雨の日に泥水を含んでずっしり重くなった靴,泥水を含んで重くなる状態,じゅうたい,重体（非常に重い状態）,渋滞（交通の流れが滞ること）,幹線道路のラッシュアワー,雨の日に泥水を含んでずっしり重くなった靴とかけて、幹線道路のラッシュアワーと解く。その心は「どちらも『じゅうたい』でしょう。」,
,完全な同音異義語型,雨の日に泥水を含んでずっしり重くなった靴,泥水が染み込むこと,しみ,染み（汚れが染みつくこと）,詩美（詩の持つ美しさ）,詩集を評価する文学者,雨の日に泥水を含んでずっしり重くなった靴とかけて、詩集を評価する文学者と解く。その心は「どちらも『しみ』でしょう。」,
,完全な同音異義語型,雨の日に泥水を含んでずっしり重くなった靴,泥で足が取られ、動きが鈍くなる状態,あしどめ,足止め（足が取られること）,足止め（外出を禁じられること）,自宅謹慎中の学生,雨の日に泥水を含んでずっしり重くなった靴とかけて、自宅謹慎中の学生と解く。その心は「どちらも『あしどめ』でしょう。」,
,多義語型,雨の日に泥水を含んでずっしり重くなった靴,重さで持ち上げるのが大変な状態,かかえる,抱える（重い物を抱える）,抱える（多くの問題や仕事を抱える）,難題に直面している経営者,雨の日に泥水を含んでずっしり重くなった靴とかけて、難題に直面している経営者と解く。その心は「どちらも『多くのものを抱えている』でしょう。」,
,多義語型,雨の日に泥水を含んでずっしり重くなった靴,泥で物理的に汚れる状態,よごれる,汚れる（泥で物理的に汚れる）,汚れる（心が邪になる、悪事に染まる）,悪事に手を染めた人間,雨の日に泥水を含んでずっしり重くなった靴とかけて、悪事に手を染めた人間と解く。その心は「どちらも『心が汚れている』でしょう。」,
,多義語型,雨の日に泥水を含んでずっしり重くなった靴,物理的に重量がある状態,おもい,重い（物理的に重量がある）,重い（気分が重い、責任が重い）,昇進を打診されたが責任の重さに悩む人,雨の日に泥水を含んでずっしり重くなった靴とかけて、昇進を打診されたが責任の重さに悩む人と解く。その心は「どちらも『重い』でしょう。」,
,フレーズ・慣用句型,雨の日に泥水を含んでずっしり重くなった靴,泥で足が取られ、歩行を妨げられる,あしをひっぱる,足を引っ張る（物理的に足が取られる）,足を引っ張る（他人の成功を妨害する）,チームメイトの足を引っ張る無責任なメンバー,雨の日に泥水を含んでずっしり重くなった靴とかけて、チームメイトの足を引っ張る無責任なメンバーと解く。その心は「どちらも『足を引っ張る』でしょう。」,
,フレーズ・慣用句型,雨の日に泥水を含んでずっしり重くなった靴,泥だらけで見るに堪えない、体裁が悪い,みっともない,見っともない（泥だらけで見るに堪えない）,見っともない（だらしない言動や行動）,公衆の面前で酔っ払って大声を出している人,雨の日に泥水を含んでずっしり重くなった靴とかけて、公衆の面前で酔っ払って大声を出している人と解く。その心は「どちらも『見っともない』でしょう。」,
,フレーズ・慣用句型,雨の日に泥水を含んでずっしり重くなった靴,水分や泥が靴から抜け出にくい状態,ぬけにくい,抜けにくい（水分や泥が抜け出にくい）,抜けにくい（長年の習慣や癖などが抜けにくい）,長年勤めた会社を辞めたが、まだ仕事の癖が抜けきらない元社員,雨の日に泥水を含んでずっしり重くなった靴とかけて、長年勤めた会社を辞めたが、まだ仕事の癖が抜けきらない元社員と解く。その心は「どちらも『抜けにくい』でしょう。」,
,完全な同音異義語型,切っていると涙が出てきて目に染みる玉ねぎ,切る行為によって、周囲に刺激が広がる,きり,切り,霧,深い山奥,「切っていると涙が出てきて目に染みる玉ねぎ」とかけて、「深い山奥」と解く。その心は「どちらも『きり』がつきもの」でしょう。,
,完全な同音異義語型,切っていると涙が出てきて目に染みる玉ねぎ,刺激が目に深く感じられる,しみる,染みる,沁みる,人の優しさに触れたとき,「切っていると涙が出てきて目に染みる玉ねぎ」とかけて、「人の優しさに触れたとき」と解く。その心は「どちらも『しみる』でしょう。」,
,多義語型,切っていると涙が出てきて目に染みる玉ねぎ,包丁で容易に切断できる,きれる,切れる,切れる,仕事のできるビジネスパーソン,「切っていると涙が出てきて目に染みる玉ねぎ」とかけて、「仕事のできるビジネスパーソン」と解く。その心は「どちらも『切れる』でしょう。」,
,多義語型,切っていると涙が出てきて目に染みる玉ねぎ,強い刺激によって目に痛みを感じる,つらい,辛い,辛い,困難な状況にある人,「切っていると涙が出てきて目に染みる玉ねぎ」とかけて、「困難な状況にある人」と解く。その心は「どちらも『辛い』でしょう。」,
,フレーズ・慣用句型,切っていると涙が出てきて目に染みる玉ねぎ,刺激で涙が止まらず、目をこすりたくなる,めがでる,目が出る,目が出る,長年の努力が実を結んだ研究者,「切っていると涙が出てきて目に染みる玉ねぎ」とかけて、「長年の努力が実を結んだ研究者」と解く。その心は「どちらも『目が出る』でしょう。」,
,フレーズ・慣用句型,切っていると涙が出てきて目に染みる玉ねぎ,外側の層を取り除く,かわをむく,皮を剥く,化けの皮を剥く,嘘ばかりつく政治家,「切っていると涙が出てきて目に染みる玉ねぎ」とかけて、「嘘ばかりつく政治家」と解く。その心は「どちらも『皮を剥く』でしょう。」,
,完全な同音異義語型,雨の日に泥水を含んでずっしり重くなった靴,物理的にずっしりとした重さがある,おもい,重い,思い,忘れられない恋,雨の日に泥水を含んでずっしり重くなった靴とかけて、忘れられない恋と解く。その心は「どちらも『重い』でしょう。」,
,完全な同音異義語型,雨の日に泥水を含んでずっしり重くなった靴,泥水で湿っている,しめる,湿る,締める,財布の紐が固い人,雨の日に泥水を含んでずっしり重くなった靴とかけて、財布の紐が固い人と解く。その心は「どちらも『しめる』でしょう。」,
,多義語型,雨の日に泥水を含んでずっしり重くなった靴,泥に足が沈み込む,しずむ,沈む,沈む,失恋して落ち込んでいる人,雨の日に泥水を含んでずっしり重くなった靴とかけて、失恋して落ち込んでいる人と解く。その心は「どちらも『沈む』でしょう。」,
,多義語型,雨の日に泥水を含んでずっしり重くなった靴,泥で見た目がひどく汚れている,よごれる,汚れる,汚れる,不祥事を起こした政治家,雨の日に泥水を含んでずっしり重くなった靴とかけて、不祥事を起こした政治家と解く。その心は「どちらも『汚れる』でしょう。」,
,フレーズ・慣用句型,雨の日に泥水を含んでずっしり重くなった靴,泥濘に足がはまり、歩くのに手間がかかる,あしがとられる,足が取られる,足が取られる,書類仕事の多い公務員,雨の日に泥水を含んでずっしり重くなった靴とかけて、書類仕事の多い公務員と解く。その心は「どちらも『足が取られる』でしょう。」,
,フレーズ・慣用句型,雨の日に泥水を含んでずっしり重くなった靴,重くて動きが制限され、歩きにくい,みうごきがとれない,身動きが取れない,身動きが取れない,借金まみれの経営者,雨の日に泥水を含んでずっしり重くなった靴とかけて、借金まみれの経営者と解く。その心は「どちらも『身動きが取れない』でしょう。」,
,完全な同音異義語型,夏場に生ゴミが腐って鼻を曲げるほど臭いゴミ箱,悪臭が漂う,あくしゅう,悪臭（悪い匂い）,悪習（悪い習慣）,なかなかやめられない悪い習慣,夏場に生ゴミが腐って鼻を曲げるほど臭いゴミ箱とかけて、なかなかやめられない悪い習慣と解く。その心は「どちらも『あくしゅう』でしょう。」,
,完全な同音異義語型,夏場に生ゴミが腐って鼻を曲げるほど臭いゴミ箱,内容物が腐敗する,ふはい,腐敗（ものが腐ること）,腐敗（組織などが堕落すること）,汚職が蔓延した組織,夏場に生ゴミが腐って鼻を曲げるほど臭いゴミ箱とかけて、汚職が蔓延した組織と解く。その心は「どちらも『腐敗』するでしょう。」,
,多義語型,夏場に生ゴミが腐って鼻を曲げるほど臭いゴミ箱,匂いが強烈である,きつい,きつい（匂いが強烈）,きつい（仕事などが厳しい）,激務でストレスを抱えるサラリーマン,夏場に生ゴミが腐って鼻を曲げるほど臭いゴミ箱とかけて、激務でストレスを抱えるサラリーマンと解く。その心は「どちらも『きつい』でしょう。」,
,多義語型,夏場に生ゴミが腐って鼻を曲げるほど臭いゴミ箱,臭くて嫌がられる,けむたがられる,煙たがられる（臭くて嫌がられる）,煙たがられる（存在が邪魔に思われる）,新しい職場に馴染めず、孤立している人,夏場に生ゴミが腐って鼻を曲げるほど臭いゴミ箱とかけて、新しい職場に馴染めず孤立している人と解く。その心は「どちらも『けむたがられる』でしょう。」,
,フレーズ・慣用句型,夏場に生ゴミが腐って鼻を曲げるほど臭いゴミ箱,臭いを閉じ込めるために物理的に蓋をする,ふたをする,蓋をする（物理的な行動）,蓋をする（問題の隠蔽）,不都合な事実を隠蔽しようとする企業,夏場に生ゴミが腐って鼻を曲げるほど臭いゴミ箱とかけて、不都合な事実を隠蔽しようとする企業と解く。その心は「どちらも『蓋をする』でしょう。」,
,フレーズ・慣用句型,夏場に生ゴミが腐って鼻を曲げるほど臭いゴミ箱,臭い匂いがする,においがたつ,匂いが立つ（臭い匂いが漂う）,匂いが立つ（怪しい雰囲気や気配がする）,不穏な空気が漂う会議室,夏場に生ゴミが腐って鼻を曲げるほど臭いゴミ箱とかけて、不穏な空気が漂う会議室と解く。その心は「どちらも『匂いが立つ』でしょう。」,
,完全な同音異義語型,パチパチと音を立てて冷えた体を芯から温める暖炉,火を燃やす際に燃料が消費される側面,ひ,火,費,家計簿をつける主婦,パチパチと音を立てて冷えた体を芯から温める暖炉とかけて、家計簿をつける主婦と解く。その心は「どちらも『火（費）』がかかる」でしょう。,
,完全な同音異義語型,パチパチと音を立てて冷えた体を芯から温める暖炉,薪を燃やして火を生み出す行為,もやす,燃やす,萌やす,春になって新芽を出す植物,パチパチと音を立てて冷えた体を芯から温める暖炉とかけて、春になって新芽を出す植物と解く。その心は「どちらも『燃やす（萌やす）』」でしょう。,
,多義語型,パチパチと音を立てて冷えた体を芯から温める暖炉,物理的に体を温める機能,あたためる,温める（体を）,温める（企画やアイデアを）,新しい企画を練るビジネスマン,パチパチと音を立てて冷えた体を芯から温める暖炉とかけて、新しい企画を練るビジネスマンと解く。その心は「どちらも『温める』」でしょう。,
,多義語型,パチパチと音を立てて冷えた体を芯から温める暖炉,薪が火で消費される状態,もえる,燃える（薪が）,燃える（情熱や闘志が）,試合前のスポーツ選手,パチパチと音を立てて冷えた体を芯から温める暖炉とかけて、試合前のスポーツ選手と解く。その心は「どちらも『燃える』」でしょう。,
,フレーズ・慣用句型,パチパチと音を立てて冷えた体を芯から温める暖炉,火を発生させる行為,ひをおこす,火をおこす（物理的に）,火をおこす（争いごとを）,喧嘩っ早い人,パチパチと音を立てて冷えた体を芯から温める暖炉とかけて、喧嘩っ早い人と解く。その心は「どちらも『火をおこす』」でしょう。,
,フレーズ・慣用句型,パチパチと音を立てて冷えた体を芯から温める暖炉,体の奥深くから暖かさをもたらす効果,しんからあたためる,芯から温める（体を）,芯から温める（心に感動を与える）,人々の心を動かす感動的な映画,パチパチと音を立てて冷えた体を芯から温める暖炉とかけて、人々の心を動かす感動的な映画と解く。その心は「どちらも『芯から温める』」でしょう。,
,完全な同音異義語型,指の端をスパッと切って地味に痛い新しい紙,鋭利なものに触れてできた『傷』,きず,傷,軌跡,大空を飛ぶ飛行機,「指の端をスパッと切って地味に痛い新しい紙」とかけて、「大空を飛ぶ飛行機」と解く。その心は「どちらも『きず（傷/軌跡）』を残すでしょう。」,
,完全な同音異義語型,指の端をスパッと切って地味に痛い新しい紙,何も書かれていない『真っさら』な状態,まっさら,真っさら,まっさら（経験が全くない状態）,社会人一年目の新入社員,「指の端をスパッと切って地味に痛い新しい紙」とかけて、「社会人一年目の新入社員」と解く。その心は「どちらも『まっさら（真っ新）』でしょう。」,
,多義語型,指の端をスパッと切って地味に痛い新しい紙,刃物のように指が『切れる』,きれる,切れる,切れる（感情が爆発する）,怒りっぽい人,「指の端をスパッと切って地味に痛い新しい紙」とかけて、「怒りっぽい人」と解く。その心は「どちらも『きれる（切れる）』でしょう。」,
,多義語型,指の端をスパッと切って地味に痛い新しい紙,製造されたばかりの『新しい』状態,あたらしい,新しい,新しい（斬新な発見や知識）,世紀の大発見,「指の端をスパッと切って地味に痛い新しい紙」とかけて、「世紀の大発見」と解く。その心は「どちらも『あたらしい（新しい）』でしょう。」,
,フレーズ・慣用句型,指の端をスパッと切って地味に痛い新しい紙,油断すると怪我をするので『油断できない』,ゆだんできない,油断できない,油断できない（状況や相手）,接戦中の試合,「指の端をスパッと切って地味に痛い新しい紙」とかけて、「接戦中の試合」と解く。その心は「どちらも『油断できない』でしょう。」,
,フレーズ・慣用句型,指の端をスパッと切って地味に痛い新しい紙,不用意に触ると怪我をするので『手を出す』のに注意が必要,てをだす,手を出す（物理的に触る）,手を出す（問題に関与する、介入する）,面倒なトラブル,「指の端をスパッと切って地味に痛い新しい紙」とかけて、「面倒なトラブル」と解く。その心は「どちらも『手を出す』と厄介なことになるでしょう。」,
,完全な同音異義語型,フィルターが詰まって息をするのも苦しい防毒マスク,呼吸が困難で、物理的に塞がれている状態,いきづまる,息詰まる,行き詰まる,新規事業のアイデアがなかなか出ない企画担当者,「フィルターが詰まって息をするのも苦しい防毒マスク」とかけて、「新規事業のアイデアがなかなか出ない企画担当者」と解く。その心は「どちらも『息詰まる』でしょう。」,
,完全な同音異義語型,フィルターが詰まって息をするのも苦しい防毒マスク,フィルターが塞がって、通り道が閉ざされる,つまる,詰まる,詰まる,テレビの生放送でセリフを忘れてしまった俳優,「フィルターが詰まって息をするのも苦しい防毒マスク」とかけて、「テレビの生放送でセリフを忘れてしまった俳優」と解く。その心は「どちらも『詰まる』でしょう。」,
,多義語型,フィルターが詰まって息をするのも苦しい防毒マスク,物理的に呼吸がしにくい状態,いきができない,息ができない,息ができない,厳格な校則に縛られて自由がない中学生,「フィルターが詰まって息をするのも苦しい防毒マスク」とかけて、「厳格な校則に縛られて自由がない中学生」と解く。その心は「どちらも『息ができない』でしょう。」,
,多義語型,フィルターが詰まって息をするのも苦しい防毒マスク,フィルターの機能が麻痺している,きかない,効かない,利かない,父親の言うことを全く聞かない反抗期の息子,「フィルターが詰まって息をするのも苦しい防毒マスク」とかけて、「父親の言うことを全く聞かない反抗期の息子」と解く。その心は「どちらも『効かない（利かない）』でしょう。」,
,フレーズ・慣用句型,フィルターが詰まって息をするのも苦しい防毒マスク,呼吸が困難で苦痛を感じる,むねがくるしい,胸が苦しい,胸が苦しい,失恋して悲しみに沈んでいる人,「フィルターが詰まって息をするのも苦しい防毒マスク」とかけて、「失恋して悲しみに沈んでいる人」と解く。その心は「どちらも『胸が苦しい』でしょう。」,
,フレーズ・慣用句型,フィルターが詰まって息をするのも苦しい防毒マスク,空気の流れが滞り、換気が悪い,くうきがわるい,空気が悪い,空気が悪い,会社で意見の対立が激しく、重苦しい雰囲気の会議室,「フィルターが詰まって息をするのも苦しい防毒マスク」とかけて、「会社で意見の対立が激しく、重苦しい雰囲気の会議室」と解く。その心は「どちらも『空気が悪い』でしょう。」,
,完全な同音異義語型,目が眩むほどギラギラと派手に光るネオン看板,光を強く放射する,はなつ,放つ (光などを出す意),放つ (犬を野に放つ、自由にする意),野良犬を保護し、元気に送り出すボランティア,「目が眩むほどギラギラと派手に光るネオン看板」とかけて、「野良犬を保護し、元気に送り出すボランティア」と解く。その心は「どちらも『放つ』でしょう。」,
,完全な同音異義語型,目が眩むほどギラギラと派手に光るネオン看板,街の景色に色彩を加える,そえる,添える (彩りを添える),添える (手を添える、言葉を添える),困っている人にそっと手を差し伸べる人,「目が眩むほどギラギラと派手に光るネオン看板」とかけて、「困っている人にそっと手を差し伸べる人」と解く。その心は「どちらも『添える』でしょう。」,
,多義語型,目が眩むほどギラギラと派手に光るネオン看板,客や人の注意を惹きつける,ひく,引く (目を引く、客を引く),引く (風邪を引く、線を引く),季節の変わり目に体調を崩しやすい人,「目が眩むほどギラギラと派手に光るネオン看板」とかけて、「季節の変わり目に体調を崩しやすい人」と解く。その心は「どちらも『引く』でしょう。」,
,多義語型,目が眩むほどギラギラと派手に光るネオン看板,周囲を明るくする,てらす,照らす (光で周囲を明るくする),照らす (資料や法律と照らし合わせる),正確な情報に基づき法律を解釈する専門家,「目が眩むほどギラギラと派手に光るネオン看板」とかけて、「正確な情報に基づき法律を解釈する専門家」と解く。その心は「どちらも『照らす』でしょう。」,
,フレーズ・慣用句型,目が眩むほどギラギラと派手に光るネオン看板,街に華やかさや賑わいを加える,はなをさかせる,花を咲かせる (街に賑わいや彩りを加える),花を咲かせる (植物が物理的に花を咲かせる),植物園で珍しい花を育てる園芸家,「目が眩むほどギラギラと派手に光るネオン看板」とかけて、「植物園で珍しい花を育てる園芸家」と解く。その心は「どちらも『花を咲かせる』でしょう。」,
,フレーズ・慣用句型,目が眩むほどギラギラと派手に光るネオン看板,強い光で視覚を圧倒する,めがくらむ,目が眩む (光によって視界が遮られる),目が眩む (欲望などに心を奪われ、判断力を失う),甘い儲け話にうっかり乗ってしまう人,「目が眩むほどギラギラと派手に光るネオン看板」とかけて、「甘い儲け話にうっかり乗ってしまう人」と解く。その心は「どちらも『目が眩む』でしょう。」,
,完全な同音異義語型,複雑な計算を高速で処理するコンピュータ,膨大な計算を終え、結果を出す,けっさん,決算（計算の終わり、最終結果）,決算（企業会計における年度末の締め）,会社の経理部,「複雑な計算を高速で処理するコンピュータ」とかけて、「会社の経理部」と解く。その心は『どちらも「決算」が重要でしょう。』,
,完全な同音異義語型,複雑な計算を高速で処理するコンピュータ,大量のデータや情報を内部に保持する,きおく,記憶（データを保持する機能）,記憶（過去の出来事を覚えていること）,老人の昔語り,「複雑な計算を高速で処理するコンピュータ」とかけて、「老人の昔語り」と解く。その心は『どちらも「記憶」をたどるでしょう。』,
,多義語型,複雑な計算を高速で処理するコンピュータ,膨大なデータを分析し、最適な解を導き出す,こたえをだす,答えを出す（計算結果を算出する）,答えを出す（質問に対して返答する）,試験中の学生,「複雑な計算を高速で処理するコンピュータ」とかけて、「試験中の学生」と解く。その心は『どちらも「答えを出す」のに必死でしょう。』,
,多義語型,複雑な計算を高速で処理するコンピュータ,高度な分析により、未来の結果を予測する,みとおす,見通す（未来の結果などを予測する）,見通す（遠くまで見渡す）,山頂からの景色,「複雑な計算を高速で処理するコンピュータ」とかけて、「山頂からの景色」と解く。その心は『どちらも「見通す」ことができるでしょう。』,
,フレーズ・慣用句型,複雑な計算を高速で処理するコンピュータ,非常に高い処理能力を持つ,ちからもち,力持ち（計算能力が非常に高いことの比喩）,力持ち（物理的に力が強い人）,重い荷物を軽々と運ぶ力士,「複雑な計算を高速で処理するコンピュータ」とかけて、「重い荷物を軽々と運ぶ力士」と解く。その心は『どちらも「力持ち」でしょう。』,
,フレーズ・慣用句型,複雑な計算を高速で処理するコンピュータ,非常に速い速度で処理を行う,めにもとまらぬはやさ,目にも止まらぬ速さ（処理速度が極めて速いこと）,目にも止まらぬ速さ（物理的な動きが極めて速いこと）,空を飛び交うツバメ,「複雑な計算を高速で処理するコンピュータ」とかけて、「空を飛び交うツバメ」と解く。その心は『どちらも「目にも止まらぬ速さ」でしょう。』,
,完全な同音異義語型,目的地へ向けて空高く飛ぶ飛行機,高度を上げていく物理的な動作,じょうしょう,上昇,常勝,負け知らずのスポーツチーム,目的地へ向けて空高く飛ぶ飛行機とかけて、負け知らずのスポーツチームと解く。その心は『どちらも上昇でしょう』,
,完全な同音異義語型,目的地へ向けて空高く飛ぶ飛行機,物理的に雲よりも高い場所を飛んでいる状態,くものうえ,雲の上,蜘蛛の上,蜘蛛の巣の上を歩く虫,目的地へ向けて空高く飛ぶ飛行機とかけて、蜘蛛の巣の上を歩く虫と解く。その心は『どちらも雲の上でしょう』,
,多義語型,目的地へ向けて空高く飛ぶ飛行機,雲や大気を通過して進む動作,ぬける,抜ける（雲を抜ける）,抜ける（髪や毛が抜け落ちる）,換毛期の動物,目的地へ向けて空高く飛ぶ飛行機とかけて、換毛期の動物と解く。その心は『どちらも毛が抜けるでしょう』,
,多義語型,目的地へ向けて空高く飛ぶ飛行機,定められた飛行経路があること,コース,コース（飛行経路）,コース（料理の献立）,高級レストランの献立,目的地へ向けて空高く飛ぶ飛行機とかけて、高級レストランの献立と解く。その心は『どちらもコースがあるでしょう』,
,フレーズ・慣用句型,目的地へ向けて空高く飛ぶ飛行機,物理的に雲よりも高い場所を飛んでいること,くものうえ,雲の上（物理的な高い場所）,雲の上（地位や身分が非常に高いこと、手が届かない存在）,憧れの存在である著名人,目的地へ向けて空高く飛ぶ飛行機とかけて、憧れの存在である著名人と解く。その心は『どちらも雲の上でしょう』,
,フレーズ・慣用句型,目的地へ向けて空高く飛ぶ飛行機,操縦士が機体の方向を制御していること,かじをとる,舵を取る（飛行機を操縦する）,舵を取る（組織やプロジェクトを導く）,会社の経営者,目的地へ向けて空高く飛ぶ飛行機とかけて、会社の経営者と解く。その心は『どちらも舵を取るでしょう』,
,多義語型,電波が圏外でどこにも繋がらないスマートフォン,通信の接続ができない、孤立した状態,つながりがない,繋がりがない（通信の接続がないこと）,繋がりがない（人間関係の縁がないこと）,新天地で友達がいない人,電波が圏外でどこにも繋がらないスマートフォンとかけて、新天地で友達がいない人と解く。その心は『どちらも繋がりがないでしょう。』,
,フレーズ・慣用句型,電波が圏外でどこにも繋がらないスマートフォン,何の反応も示さない、機能しない状態,うんともすんともいわない,うんともすんとも言わない（何の反応も示さない）,うんともすんとも言わない（意見や返答がない）,商談中に首を縦に振らないクライアント,電波が圏外でどこにも繋がらないスマートフォンとかけて、商談中に首を縦に振らないクライアントと解く。その心は『どちらもうんともすんとも言わないでしょう。』,
,完全な同音異義語型,電波が圏外でどこにも繋がらないスマートフォン,電波が届かず、通信できない状態,むせん,無線（電波が届かず、通信できないこと）,無銭（お金がないこと）,財布を忘れて出かけてしまった人,電波が圏外でどこにも繋がらないスマートフォンとかけて、財布を忘れて出かけてしまった人と解く。その心は『どちらも無線（無銭）でしょう。』,
,多義語型,電波が圏外でどこにも繋がらないスマートフォン,情報が行き来しない、途絶えている状態,とどかない,届かない（情報が送受信できない）,届かない（目標や成果に達しない）,目標達成にあと一歩の営業マン,電波が圏外でどこにも繋がらないスマートフォンとかけて、目標達成にあと一歩の営業マンと解く。その心は『どちらも届かないでしょう。』,
,完全な同音異義語型,電波が圏外でどこにも繋がらないスマートフォン,電波が届かない範囲にあること,けいがい,圏外（電波が届かない範囲）,形骸（実質を失って形だけになったもの）,実質を伴わない形だけの組織,電波が圏外でどこにも繋がらないスマートフォンとかけて、実質を伴わない形だけの組織と解く。その心は『どちらも圏外（形骸）でしょう。』,
,フレーズ・慣用句型,電波が圏外でどこにも繋がらないスマートフォン,通信が途絶え、連絡ができない状態,こえがとどかない,声が届かない（通信で連絡できない）,声が届かない（想いや意見が相手に伝わらない）,片思いの相手に気持ちを伝えられない人,電波が圏外でどこにも繋がらないスマートフォンとかけて、片思いの相手に気持ちを伝えられない人と解く。その心は『どちらも声が届かないでしょう。』,
,完全な同音異義語型,暗い夜道を明るく照らす街灯,夜間に機能する,よる,夜,寄る,家族が集まる団欒の場,暗い夜道を明るく照らす街灯とかけて、家族が集まる団欒の場と解く。その心は『どちらも夜（寄る）でしょう。』,
,多義語型,暗い夜道を明るく照らす街灯,暗闇をなくし、見通しを良くする,てらす,照らす（光を当てる）,照らす（隠し事を暴く、浮き彫りにする）,不正を暴くジャーナリスト,暗い夜道を明るく照らす街灯とかけて、不正を暴くジャーナリストと解く。その心は『どちらも真実を照らすでしょう。』,
,フレーズ・慣用句型,暗い夜道を明るく照らす街灯,人々が道を間違えないようにする,みちをまよわないようにする,道を間違えないようにする（物理的な道案内）,道を間違えないようにする（人生の方向性を示す）,若者に助言を与える人生の先輩,暗い夜道を明るく照らす街灯とかけて、若者に助言を与える人生の先輩と解く。その心は『どちらも道を間違えないようにするでしょう。』,
,完全な同音異義語型,暗い夜道を明るく照らす街灯,暗闇をなくし、明るい状況にする,あかるくする,明るくする（暗闇をなくす）,明るくする（気分や雰囲気を良くする）,場を盛り上げるムードメーカー,暗い夜道を明るく照らす街灯とかけて、場を盛り上げるムードメーカーと解く。その心は『どちらもその場を明るくするでしょう。』,
,多義語型,暗い夜道を明るく照らす街灯,地面に設置され、垂直に存在する,たつ,立つ（設置される）,立つ（計画や事業が開始される）,新規事業の企画者,暗い夜道を明るく照らす街灯とかけて、新規事業の企画者と解く。その心は『どちらも新しいものが立つでしょう。』,
,フレーズ・慣用句型,暗い夜道を明るく照らす街灯,夜道の危険から人々を守る,あんぜんをまもる,安全を守る（物理的な危険から保護する）,安全を守る（情報やシステムのリスクから保護する）,優秀なセキュリティエンジニア,暗い夜道を明るく照らす街灯とかけて、優秀なセキュリティエンジニアと解く。その心は『どちらも安全を守るでしょう。』,
,完全な同音異義語型,レールの上を真っ直ぐに走る列車,決められた線路の上を進む,しんこう,進行（列車が目的地へ進むこと）,信仰（特定の宗教や思想を信じること）,信心深い人,「レールの上を真っ直ぐに走る列車」とかけて、「信心深い人」と解く。その心は『どちらも「進行（信仰）」』でしょう。,
,多義語型,レールの上を真っ直ぐに進み、脱線しない,,みちをはずれない,道を外れない（レールから逸脱しない）,道を外れない（正しい倫理観や規範から逸脱しない）,真面目な優等生,「レールの上を真っ直ぐに走る列車」とかけて、「真面目な優等生」と解く。その心は『どちらも「道を外れない」』でしょう。,
,フレーズ・慣用句型,定まった目的地へと向かう,,めざす,目指す（目的地に向かう）,目指す（目標や夢に向かって努力する）,夢を追いかける若者,「レールの上を真っ直ぐに走る列車」とかけて、「夢を追いかける若者」と解く。その心は『どちらも「目指す」』でしょう。,
,完全な同音異義語型,レールという線の上を走る,,せんろ,線路（レールが敷かれた道）,戦路（戦いの道筋や作戦）,将棋のプロ棋士,「レールの上を真っ直ぐに走る列車」とかけて、「将棋のプロ棋士」と解く。その心は『どちらも「線路（戦路）」』でしょう。,
,多義語型,定められた時刻に走行を開始する,,はっしゃ,発車（列車が出発すること）,発射（弾丸やロケットなどを撃ち出すこと）,ロケットを発射する管制官,「レールの上を真っ直ぐに走る列車」とかけて、「ロケットを発射する管制官」と解く。その心は『どちらも「発車（発射）」』でしょう。,
,フレーズ・慣用句型,多くの乗客を乗せて運ぶ,,おおぜいをのせる,大勢を乗せる（多くの人を乗せる）,大勢を乗せる（多くの意見や期待を集める、人気を得る）,人気のあるアイドル,「レールの上を真っ直ぐに走る列車」とかけて、「人気のあるアイドル」と解く。その心は『どちらも「大勢を乗せる」』でしょう。,
,多義語型,正確な時をチクタクと刻む時計,時を正確に「刻む」,きざむ,刻む（時を）,刻む（顔にシワを）,年を重ねた人の顔,「正確な時をチクタクと刻む時計」とかけて、「年を重ねた人の顔」と解く。その心は「どちらも時を『刻む』でしょう。」,
,完全な同音異義語型,正確な時をチクタクと刻む時計,時間を「合わせる」,あわせる,合わせる（時刻を）,袷る（着物を）,着物の仕立て職人,「正確な時をチクタクと刻む時計」とかけて、「着物の仕立て職人」と解く。その心は「どちらも着物を『袷る』でしょう。」,
,フレーズ・慣用句型,正確な時をチクタクと刻む時計,針が「止まらない」で動き続ける,とまらない,止まらない（針が）,止まらない（食欲が）,食欲旺盛なティーンエイジャー,「正確な時をチクタクと刻む時計」とかけて、「食欲旺盛なティーンエイジャー」と解く。その心は「どちらも『止まらない』でしょう。」,
,多義語型,正確な時をチクタクと刻む時計,時が流れるのを「見守る」かのように存在している,みまもる,見守る（時が流れるのを）,見守る（子供の成長を）,我が子の成長を願う親,「正確な時をチクタクと刻む時計」とかけて、「我が子の成長を願う親」と解く。その心は「どちらもじっと『見守る』でしょう。」,
,完全な同音異義語型,正確な時をチクタクと刻む時計,時間の「狂い」がない,くるい,狂い（時間の）,狂い（心の）,精神状態が不安定な人,「正確な時をチクタクと刻む時計」とかけて、「精神状態が不安定な人」と解く。その心は「どちらも『狂い』が気になるでしょう。」,
,フレーズ・慣用句型,正確な時をチクタクと刻む時計,時間を「刻んで」動いている,きざんで,刻んで（時を）,刻んで（心に深く）,感動的な映画を見た観客,「正確な時をチクタクと刻む時計」とかけて、「感動的な映画を見た観客」と解く。その心は「どちらも心に深く『刻んで』いくでしょう。」,
,完全な同音異義語型,大量の新聞を次々と刷る輪転機,記事や情報を世に「発行」する,はっこう,発行,発酵,パン生地,大量の新聞を次々と刷る輪転機とかけて、パン生地と解く。その心は『どちらも「はっこう」でしょう。』,
,多義語型,大量の新聞を次々と刷る輪転機,機械の部品が常に「回る」,まわる,回る,回る,世話好きな人,大量の新聞を次々と刷る輪転機とかけて、世話好きな人と解く。その心は『どちらも手がよく「回る」でしょう。』,
,フレーズ・慣用句型,大量の新聞を次々と刷る輪転機,大量の紙を「消費する」（紙を食う）,かみをくう,紙を食う,紙を食う,大事な試合を前にした選手,大量の新聞を次々と刷る輪転機とかけて、大事な試合を前にした選手と解く。その心は『どちらも「紙を食う」でしょう。』,
,完全な同音異義語型,大量の新聞を次々と刷る輪転機,記事や写真を新聞に「載せる」,のせる,載せる,乗せる,タクシーの運転手,大量の新聞を次々と刷る輪転機とかけて、タクシーの運転手と解く。その心は『どちらも「のせる」でしょう。』,
,多義語型,大量の新聞を次々と刷る輪転機,インクの「色」を使う,いろ,色,色,医者,大量の新聞を次々と刷る輪転機とかけて、医者と解く。その心は『どちらも「色」を見るでしょう。』,
,フレーズ・慣用句型,大量の新聞を次々と刷る輪転機,印刷された新聞が初めて「世に出る」,おめみえする,お目見えする,お目見えする,初舞台を踏む新人歌手,大量の新聞を次々と刷る輪転機とかけて、初舞台を踏む新人歌手と解く。その心は『どちらも世に「お目見え」するでしょう。』,
,完全な同音異義語型,電力を絶え間なく供給する発電機,エネルギー（電力）を生み出す機能,はっせい,発生 (電力を発生させる),発声 (声を出すこと),ヒット曲を歌い上げる歌手,「電力を絶え間なく供給する発電機」とかけて、「ヒット曲を歌い上げる歌手」と解く。その心は「どちらも『はっせい』でしょう。」,
,完全な同音異義語型,電力を絶え間なく供給する発電機,常に部品が動作している状態,くどう,駆動 (エンジンが部品を駆動させる),苦労 (苦しむこと、苦しい努力),目標達成のために努力を続ける人,「電力を絶え間なく供給する発電機」とかけて、「目標達成のために努力を続ける人」と解く。その心は「どちらも『くどう』でしょう。」,
,多義語型,電力を絶え間なく供給する発電機,常に稼働し、停止しない状態,とまらない,止まらない (動き続ける),止まらない (ある状態が続く),美味しい料理を目の前にした食いしん坊,「電力を絶え間なく供給する発電機」とかけて、「美味しい料理を目の前にした食いしん坊」と解く。その心は「どちらも『止まらない』でしょう。」,
,多義語型,電力を絶え間なく供給する発電機,電力を「生み出す」機能,うみだす,生み出す (エネルギーを発生させる),生み出す (新しいものを作り出す),画期的なアイデアを考える企画マン,「電力を絶え間なく供給する発電機」とかけて、「画期的なアイデアを考える企画マン」と解く。その心は「どちらも『生み出す』でしょう。」,
,フレーズ・慣用句型,電力を絶え間なく供給する発電機,稼働中はずっと「唸っている」状態,うなりをあげる,唸りを上げる (エンジン音が響く),唸りを上げる (勝利の雄叫びを上げる),試合に劇的な勝利を収めた選手,「電力を絶え間なく供給する発電機」とかけて、「試合に劇的な勝利を収めた選手」と解く。その心は「どちらも『唸りを上げる』でしょう。」,
,フレーズ・慣用句型,電力を絶え間なく供給する発電機,「動かない」と意味をなさない状態,うごかないとこまる,動かないと困る (稼働しないと電力が供給されない),動かないと困る (ある状況で行動しないと問題が生じる),指示がないと何もできない新入社員,「電力を絶え間なく供給する発電機」とかけて、「指示がないと何もできない新入社員」と解く。その心は「どちらも『動かないと困る』でしょう。」,
,完全な同音異義語型,しつこい泥汚れを綺麗に落とす洗濯機,汚れを洗い流す機能,あらいながす,洗い流す,悪事を洗い流す,罪を悔い改める人,しつこい泥汚れを綺麗に落とす洗濯機とかけて、罪を悔い改める人と解く。その心は「どちらも悪事を洗い流す」でしょう。,
,多義語型,しつこい泥汚れを綺麗に落とす洗濯機,汚れを綺麗にする,きれにする,綺麗にする,借金を綺麗にする,借金返済に奮闘する人,しつこい泥汚れを綺麗に落とす洗濯機とかけて、借金返済に奮闘する人と解く。その心は「どちらも綺麗にする」でしょう。,
,フレーズ・慣用句型,しつこい泥汚れを綺麗に落とす洗濯機,汚れを徹底的に洗い落とす動作,てっていり,徹底的に洗い落とす,徹底的に話し合う,夫婦喧嘩の仲裁役,しつこい泥汚れを綺麗に落とす洗濯機とかけて、夫婦喧嘩の仲裁役と解く。その心は「どちらも徹底的に話し合う」でしょう。,
,完全な同音異義語型,しつこい泥汚れを綺麗に落とす洗濯機,汚れが取れてなくなる状態,おちる,落ちる,試験に落ちる,資格試験に失敗した受験生,しつこい泥汚れを綺麗に落とす洗濯機とかけて、資格試験に失敗した受験生と解く。その心は「どちらも落ちる」でしょう。,
,多義語型,しつこい泥汚れを綺麗に落とす洗濯機,汚れという問題を解消する,かいしょうする,解消する,ストレスを解消する,心身の疲れを癒したい会社員,しつこい泥汚れを綺麗に落とす洗濯機とかけて、心身の疲れを癒したい会社員と解く。その心は「どちらも解消する」でしょう。,
,フレーズ・慣用句型,しつこい泥汚れを綺麗に落とす洗濯機,汚れをきっぱりと落とす様子,きっぱり,きっぱりと落とす,きっぱりと断る,苦手な人の誘いを断る人,しつこい泥汚れを綺麗に落とす洗濯機とかけて、苦手な人の誘いを断る人と解く。その心は「どちらもきっぱりと（落とす/断る）」でしょう。,
,完全な同音異義語型,部屋の隅々までホコリを吸う掃除機,部屋を清掃する,せいそう,清掃,生存競争,自然界の厳しい掟,「部屋の隅々までホコリを吸う掃除機」とかけて、「自然界の厳しい掟」と解く。その心は「どちらも『せいそう（清掃／生存競争）』でしょう。」,
,完全な同音異義語型,部屋の隅々までホコリを吸う掃除機,ゴミを吸引する,きゅういん,吸引,給油,ガソリンスタンド,「部屋の隅々までホコリを吸う掃除機」とかけて、「ガソリンスタンド」と解く。その心は「どちらも『きゅういん（吸引／給油）』でしょう。」,
,多義語型,部屋の隅々までホコリを吸う掃除機,部屋中のゴミを集める,あつめる,集める,（人々や情報を）集める,イベント主催者,「部屋の隅々までホコリを吸う掃除機」とかけて、「イベント主催者」と解く。その心は「どちらも『（何かを）集める』でしょう。」,
,多義語型,部屋の隅々までホコリを吸う掃除機,細かい塵を逃さず吸い取る,こまかい,細かい（塵芥）,細かい（お金や作業、気配り）,経理担当者,「部屋の隅々までホコリを吸う掃除機」とかけて、「経理担当者」と解く。その心は「どちらも『細かい部分にまで気を配る』でしょう。」,
,フレーズ・慣用句型,部屋の隅々までホコリを吸う掃除機,部屋の奥まで届く,おくまてとどく,奥まで届く,（声や情報が）奥まで届く,影響力のある発信者,「部屋の隅々までホコリを吸う掃除機」とかけて、「影響力のある発信者」と解く。その心は「どちらも『（情報を）奥まで届かせる』でしょう。」,
,フレーズ・慣用句型,部屋の隅々までホコリを吸う掃除機,徹底的にきれいにする,てっていてきにきれいにする,徹底的にきれいにする,（不正や問題を）徹底的にきれいにする,汚職事件を追及する検察官,「部屋の隅々までホコリを吸う掃除機」とかけて、「汚職事件を追及する検察官」と解く。その心は「どちらも『徹底的にきれいにする』でしょう。」,
,完全な同音異義語型,鮮明な映像を画面いっぱいに映すテレビ,映像が画面いっぱいに映し出される,うつる,映像が「映る」,場所を「移る」,引っ越しをする家族,「鮮明な映像を画面いっぱいに映すテレビ」とかけて、「引っ越しをする家族」と解く。その心は『どちらも「映る（移る）」でしょう。』,
,完全な同音異義語型,鮮明な映像を画面いっぱいに映すテレビ,鮮やかな映像が際立つ,はえる,映像が「映える」,草木が「生える」,庭の草花,「鮮明な映像を画面いっぱいに映すテレビ」とかけて、「庭の草花」と解く。その心は『どちらも「映える（生える）」でしょう。』,
,多義語型,鮮明な映像を画面いっぱいに映すテレビ,高精細で映像が鮮明である,クリア,映像が「クリア」,困難を「クリア」する,難関な試験を突破した受験生,「鮮明な映像を画面いっぱいに映すテレビ」とかけて、「難関な試験を突破した受験生」と解く。その心は『どちらも「クリア」でしょう。』,
,多義語型,鮮明な映像を画面いっぱいに映すテレビ,画面全体に映像が広がる,ひろがる,映像が「広がる」,影響が「広がる」,感染症の流行,「鮮明な映像を画面いっぱいに映すテレビ」とかけて、「感染症の流行」と解く。その心は『どちらも「広がる」でしょう。』,
,フレーズ・慣用句型,鮮明な映像を画面いっぱいに映すテレビ,鮮明な映像が視覚に強く訴えかける,めにとびこむ,映像が「目に飛び込む」,突然何かが「目に飛び込む」,危険を知らせる警告,「鮮明な映像を画面いっぱいに映すテレビ」とかけて、「危険を知らせる警告」と解く。その心は『どちらも「目に飛び込む」でしょう。』,
,フレーズ・慣用句型,鮮明な映像を画面いっぱいに映すテレビ,映像の細部まで視認できる,はっきりみえる,映像が「はっきり見える」,意思や状況が「はっきり見える」,自分の意見を明確に主張する人,「鮮明な映像を画面いっぱいに映すテレビ」とかけて、「自分の意見を明確に主張する人」と解く。その心は『どちらも「はっきり見える」でしょう。』,
,完全な同音異義語型,黒いインクで文字を書き留めるボールペン,文字を紙に記述する行為,かく,書く,掻く,痒がっている人,「黒いインクで文字を書き留めるボールペン」とかけて、「痒がっている人」と解く。その心は『どちらも「かく」でしょう。』,
,完全な同音異義語型,黒いインクで文字を書き留めるボールペン,インクが底をつくこと,つきがくる,インクが尽きる,月が来る,給料日を楽しみにしている人,「黒いインクで文字を書き留めるボールペン」とかけて、「給料日を楽しみにしている人」と解く。その心は『どちらも「つきがくる」でしょう。』,
,多義語型,黒いインクで文字を書き留めるボールペン,インクがペン先から出てくること,でる,インクが出る,舞台に出る,舞台役者,「黒いインクで文字を書き留めるボールペン」とかけて、「舞台役者」と解く。その心は『どちらも「でる」でしょう。』,
,多義語型,黒いインクで文字を書き留めるボールペン,ペン先が紙の上を滑らかに動く様子,はしる,ペン先が走る,トラックを走る,マラソン選手,「黒いインクで文字を書き留めるボールペン」とかけて、「マラソン選手」と解く。その心は『どちらも「はしる」でしょう。』,
,フレーズ・慣用句型,黒いインクで文字を書き留めるボールペン,ペン先を紙に押し付ける力加減、またはノックの感触,おしがよわい,押しが弱い,主張・交渉の押しが弱い,営業成績が伸び悩むセールスマン,「黒いインクで文字を書き留めるボールペン」とかけて、「営業成績が伸び悩むセールスマン」と解く。その心は『どちらも「押しが弱い」でしょう。』,
,フレーズ・慣用句型,黒いインクで文字を書き留めるボールペン,白い紙面が黒い文字で埋まっていく様子,くろじになる,白い紙面が黒字になる,会社の収支が黒字になる,経営危機を乗り越えた会社,「黒いインクで文字を書き留めるボールペン」とかけて、「経営危機を乗り越えた会社」と解く。その心は『どちらも「黒字になる」でしょう。』,
,完全な同音異義語型,美しい景色を四角く切り取るカメラ,景色を写真に収める、光を捉える,とる,撮る,盗る,泥棒,美しい景色を四角く切り取るカメラとかけて、泥棒と解く。その心は『どちらも「とる（撮る・盗る）」でしょう。』,
,完全な同音異義語型,美しい景色を四角く切り取るカメラ,景色を写真に写し出す、像を記録する,うつす,写す,移す,風邪をひいている人,美しい景色を四角く切り取るカメラとかけて、風邪をひいている人と解く。その心は『どちらも「うつす（写す・移す）」でしょう。』,
,多義語型,美しい景色を四角く切り取るカメラ,ピントを合わせる、光が集まる点,しょうてん,焦点,笑点,お笑い芸人,美しい景色を四角く切り取るカメラとかけて、お笑い芸人と解く。その心は『どちらも「しょうてん（焦点・笑点）」が大事でしょう。』,
,多義語型,美しい景色を四角く切り取るカメラ,被写体との相対的な傾き、画角,かくど,角度,角度,議論好きの人,美しい景色を四角く切り取るカメラとかけて、議論好きの人と解く。その心は『どちらも「角度」が重要でしょう。』,
,フレーズ・慣用句型,美しい景色を四角く切り取るカメラ,一瞬の絶好の機会を捉える,シャッターチャンスをのがさない,シャッターチャンスを逃さない,シャッターチャンスを逃さない,獲物を狙うハンター,美しい景色を四角く切り取るカメラとかけて、獲物を狙うハンターと解く。その心は『どちらも「シャッターチャンスを逃さない」でしょう。』,
,フレーズ・慣用句型,美しい景色を四角く切り取るカメラ,景色を四角い枠に限定する、収める,わくにはめる,枠にはめる,枠にはめる,厳しすぎる教育者,美しい景色を四角く切り取るカメラとかけて、厳しすぎる教育者と解く。その心は『どちらも「枠にはめる」でしょう。』,
,完全な同音異義語型,重い橋をしっかりと下から支える橋脚,橋脚の基礎が固まることで安定する,かたまる,固まる（基礎が固まる）,固まる（筋肉が凝り固まる）,肩こりに悩む人,重い橋をしっかりと下から支える橋脚とかけて、肩こりに悩む人と解く。その心は「どちらも『かたまる』でしょう。」,
,完全な同音異義語型,重い橋をしっかりと下から支える橋脚,橋の構造の基盤、中心となる部分,しん,芯（橋の構造の芯となる）,信（信頼する心）,頼りになるリーダー,重い橋をしっかりと下から支える橋脚とかけて、頼りになるリーダーと解く。その心は「どちらも『しん』でしょう。」,
,多義語型,重い橋をしっかりと下から支える橋脚,重さに耐える機能,たえる,耐える（重さに耐える）,堪える（苦痛や試練に堪える）,厳しい訓練を受けているアスリート,重い橋をしっかりと下から支える橋脚とかけて、厳しい訓練を受けているアスリートと解く。その心は「どちらも『たえる』でしょう。」,
,多義語型,重い橋をしっかりと下から支える橋脚,物理的に構造を支える,ささえる,支える（物理的に橋を支える）,支える（精神的に人を支える）,落ち込んでいる友人を励ます人,重い橋をしっかりと下から支える橋脚とかけて、落ち込んでいる友人を励ます人と解く。その心は「どちらも『支える』でしょう。」,
,フレーズ・慣用句型,重い橋をしっかりと下から支える橋脚,物理的に動かず、安定している,ゆとない,揺るがない（橋脚が揺るがない）,揺るがない（信念が揺るがない）,自分の意見を貫く頑固な人,重い橋をしっかりと下から支える橋脚とかけて、自分の意見を貫く頑固な人と解く。その心は「どちらも『揺るがない』でしょう。」,
,フレーズ・慣用句型,重い橋をしっかりと下から支える橋脚,物理的に下部から全体を支える,したからささえる,下から支える（物理的に橋を下から支える）,下から支える（組織やチームで若手や部下が上層部を支える）,若手社員がベテランを補佐するチーム,重い橋をしっかりと下から支える橋脚とかけて、若手社員がベテランを補佐するチームと解く。その心は「どちらも『下から支える』でしょう。」,
,完全な同音異義語型,荒波をかき分けて真っ直ぐ進む大型客船,困難な状況でも、目指す方向へ進むこと,しんろ,進路（進むべき道、方向）,心労（心身の疲労）,仕事で無理をして疲れ切っている人,「荒波をかき分けて真っ直ぐ進む大型客船」とかけて、「仕事で無理をして疲れ切っている人」と解く。その心は『どちらも「しんろ（進路/心労）」が気になる』でしょう。,
,多義語型,荒波をかき分けて真っ直ぐ進む大型客船,特定の目的地や方向へ進んでいくこと,むかう,向かう（ある方向へ移動する）,向かう（困難や相手に立ち向かう）,強力なライバルに立ち向かうアスリート,「荒波をかき分けて真っ直ぐ進む大型客船」とかけて、「強力なライバルに立ち向かうアスリート」と解く。その心は『どちらも「むかう」でしょう。』,
,フレーズ・慣用句型,荒波をかき分けて真っ直ぐ進む大型客船,困難な状況を乗り越え、道を切り開いて進むこと,みちをきりひらく,道を切り開く（障害を排除して進む）,道を切り開く（新しい分野や局面を創出する）,新しい市場を開拓するベンチャー企業の社長,「荒波をかき分けて真っ直ぐ進む大型客船」とかけて、「新しい市場を開拓するベンチャー企業の社長」と解く。その心は『どちらも「道を切り開く」でしょう。』,
,完全な同音異義語型,荒波をかき分けて真っ直ぐ進む大型客船,目的地まで無事にたどり着くこと,こうかい,航海（船で海を渡ること）,後悔（してしまったことを悔やむこと）,過去の選択を悔やんでいる人,「荒波をかき分けて真っ直ぐ進む大型客船」とかけて、「過去の選択を悔やんでいる人」と解く。その心は『どちらも「こうかい（航海/後悔）」はしたくないでしょう。』,
,多義語型,荒波をかき分けて真っ直ぐ進む大型客船,激しい波の中でも姿勢が崩れず、安定していること,ゆらがない,揺らがない（物理的に安定している）,揺らがない（信念や決意が固い）,どんな逆境にも負けない強い信念を持つリーダー,「荒波をかき分けて真っ直ぐ進む大型客船」とかけて、「どんな逆境にも負けない強い信念を持つリーダー」と解く。その心は『どちらも「揺らがない」でしょう。』,
,フレーズ・慣用句型,荒波をかき分けて真っ直ぐ進む大型客船,船の進行方向を決めて操縦すること,かじをとる,舵を取る（船を操縦する）,舵を取る（組織や事業の方向性を決める）,困難なプロジェクトを成功に導くリーダー,「荒波をかき分けて真っ直ぐ進む大型客船」とかけて、「困難なプロジェクトを成功に導くリーダー」と解く。その心は『どちらも「舵を取る」でしょう。』,
,完全な同音異義語型,地球の軌道をぐるぐると回る人工衛星,地球をぐるぐると「周回」する,しゅうかい,周回（惑星の周りを回ること）,集会（人々が集まること）,町内会の定例会合,地球の軌道をぐるぐると回る人工衛星とかけて、町内会の定例会合と解く。その心は『どちらも周回（集会）でしょう。』,
,完全な同音異義語型,地球の軌道をぐるぐると回る人工衛星,決められた「軌道」を進む,きどう,軌道（天体の運行経路）,機動（部隊などが機敏に動くこと）,緊急出動する警察の機動隊,地球の軌道をぐるぐると回る人工衛星とかけて、緊急出動する警察の機動隊と解く。その心は『どちらも機動（軌道）でしょう。』,
,多義語型,地球の軌道をぐるぐると回る人工衛星,地上を「見守る」役割を持つ,みまもる,見守る（地上や特定のエリアを観測し続ける）,見守る（子供の成長や事態の推移を注意して見続ける）,成長期の我が子を持つ親,地球の軌道をぐるぐると回る人工衛星とかけて、成長期の我が子を持つ親と解く。その心は『どちらも見守るでしょう。』,
,多義語型,地球の軌道をぐるぐると回る人工衛星,地上のデータを「伝達」する,でんたつ,伝達（情報やデータを送ること）,伝達（意思や命令などを伝えること）,上司の指示を部下に伝える中間管理職,地球の軌道をぐるぐると回る人工衛星とかけて、上司の指示を部下に伝える中間管理職と解く。その心は『どちらも伝達でしょう。』,
,フレーズ・慣用句型,地球の軌道をぐるぐると回る人工衛星,宇宙空間に「浮かぶ」存在,ちゅうにうく,宙に浮く（宇宙空間に漂っている状態）,宙に浮く（計画などが確定せず未定の状態になる）,まだ実行が決まっていない新規プロジェクト,地球の軌道をぐるぐると回る人工衛星とかけて、まだ実行が決まっていない新規プロジェクトと解く。その心は『どちらも宙に浮くでしょう。』,
,フレーズ・慣用句型,地球の軌道をぐるぐると回る人工衛星,常に「止まることを知らない」動き,とまることをしらない,止まることを知らない（物理的に回転し続ける様子）,止まることを知らない（活動や成長が活発でとどまることがない）,飛ぶ鳥を落とす勢いで成長するベンチャー企業の社長,地球の軌道をぐるぐると回る人工衛星とかけて、飛ぶ鳥を落とす勢いで成長するベンチャー企業の社長と解く。その心は『どちらも止まることを知らないでしょう。』,
,完全な同音異義語型,デコボコな道を平らに均すロードローラー,地面の凹凸をなくし、土台を強くする,かためる,固める（地盤を固める）,固める（決意を固める）,大事な試合に挑むアスリート,「デコボコな道を平らに均すロードローラー」とかけて、「大事な試合に挑むアスリート」と解く。その心は「どちらも『心を**固める**』でしょう。」,
,完全な同音異義語型,デコボコな道を平らに均すロードローラー,道や地面の凹凸を平らにする,ならします,均します（道を均す）,慣らします（新しい環境に慣らす）,新しい職場にやってきた新人,「デコボコな道を平らに均すロードローラー」とかけて、「新しい職場にやってきた新人」と解く。その心は「どちらも『**慣らします**』でしょう。」,
,多義語型,デコボコな道を平らに均すロードローラー,車体が大きく、重量がある,おもい,重い（車体が重い）,重い（責任が重い、気持ちが重い）,責任重大な任務を任されたリーダー,「デコボコな道を平らに均すロードローラー」とかけて、「責任重大な任務を任されたリーダー」と解く。その心は「どちらも『**重い**』でしょう。」,
,多義語型,デコボコな道を平らに均すロードローラー,前に進んで地面を整える動作,しんこう,進行（工事の進行）,進行（病状の進行）,病状の悪化を懸念する医者,「デコボコな道を平らに均すロードローラー」とかけて、「病状の悪化を懸念する医者」と解く。その心は「どちらも『**進行**』が気になるでしょう。」,
,フレーズ・慣用句型,デコボコな道を平らに均すロードローラー,新しい通路や道路を開通させる,みちをひらく,道を拓く（物理的に道を造る）,道を拓く（新しい分野や未来を切り開く）,新しい分野に挑戦する研究者,「デコボコな道を平らに均すロードローラー」とかけて、「新しい分野に挑戦する研究者」と解く。その心は「どちらも『**道を拓く**』でしょう。」,
,フレーズ・慣用句型,デコボコな道を平らに均すロードローラー,着実に、少しずつ前へ進む,ちみちにすすむ,地道に進む（地面を均しながら前進する）,地道に進む（こつこつと努力を重ねる）,資格取得を目指して毎日勉強する学生,「デコボコな道を平らに均すロードローラー」とかけて、「資格取得を目指して毎日勉強する学生」と解く。その心は「どちらも『**地道に進む**』でしょう。」,
,完全な同音異義語型,部屋の空気を冷やして循環させるエアコン,部屋の温度を冷やす,ひやす,冷やす（気温を下げること）,日雇い（毎日雇用されること）,現場で毎日仕事を探す人,部屋の空気を冷やして循環させるエアコンとかけて、現場で毎日仕事を探す人と解く。その心は「どちらも『ひやす』でしょう。」,
,多義語型,部屋の空気を冷やして循環させるエアコン,部屋に風を送る,かぜ,風（気流）,風邪（病気）,体調を崩して寝込んでいる人,部屋の空気を冷やして循環させるエアコンとかけて、体調を崩して寝込んでいる人と解く。その心は「どちらも『風』でしょう。」,
,フレーズ・慣用句型,部屋の空気を冷やして循環させるエアコン,部屋の温度をちょうどいい状態にする,ちょうどいい,ちょうどいい（適切な温度に調整すること）,ちょうどいい（サイズやタイミングが適切であること）,オーダーメイドの靴,部屋の空気を冷やして循環させるエアコンとかけて、オーダーメイドの靴と解く。その心は「どちらも『ちょうどいい』でしょう。」,
,完全な同音異義語型,部屋の空気を冷やして循環させるエアコン,フィルターに埃がたまる,ほこり,埃（ちり）,誇り（プライド、自慢）,長年の修行を積んだ職人,部屋の空気を冷やして循環させるエアコンとかけて、長年の修行を積んだ職人と解く。その心は「どちらも『ほこり』でしょう。」,
,多義語型,部屋の空気を冷やして循環させるエアコン,複数のモードで運転する,もーど,モード（運転方式）,モード（流行の様式、ファッションスタイル）,ファッションに敏感な若者,部屋の空気を冷やして循環させるエアコンとかけて、ファッションに敏感な若者と解く。その心は「どちらも『モード』でしょう。」,
,フレーズ・慣用句型,部屋の空気を冷やして循環させるエアコン,部屋の空気をきれいにする,きれいにする,きれいにする（空気を清浄化する）,きれいにする（負債を完済する、すべて片付ける）,多額の借金を完済した人,部屋の空気を冷やして循環させるエアコンとかけて、多額の借金を完済した人と解く。その心は「どちらも『きれいにする』でしょう。」,
,完全な同音異義語型,不要なゴミを高熱で一気に燃やす焼却炉,不要なものを燃やして片付ける機能,しょり,処理（廃棄物を燃やして片付けること）,処理（事務的な作業や問題を解決すること）,膨大な事務作業に追われる経理担当者,不要なゴミを高熱で一気に燃やす焼却炉とかけて、膨大な事務作業に追われる経理担当者と解く。その心は「どちらも『処理』に追われている」でしょう。,
,完全な同音異義語型,不要なゴミを高熱で一気に燃やす焼却炉,ゴミが燃えて最後に残るもの,はい,灰（燃えカス）,はい（返事の肯定）,上司の指示に忠実に従う部下,不要なゴミを高熱で一気に燃やす焼却炉とかけて、上司の指示に忠実に従う部下と解く。その心は「どちらも『はい』が残る」でしょう。,
,多義語型,不要なゴミを高熱で一気に燃やす焼却炉,炉内の温度が非常に高い状態,こうねつ,高熱（炉内の高い温度）,高熱（病気などによる高い体温）,インフルエンザで苦しむ病人,不要なゴミを高熱で一気に燃やす焼却炉とかけて、インフルエンザで苦しむ病人と解く。その心は「どちらも『高熱』が出ている」でしょう。,
,多義語型,不要なゴミを高熱で一気に燃やす焼却炉,不要なものを全て取り除くこと,いっそう,一掃（不要物を全て取り除くこと）,一層（いっそう、さらに、一段と）,練習を重ねて技術が向上するスポーツ選手,不要なゴミを高熱で一気に燃やす焼却炉とかけて、練習を重ねて技術が向上するスポーツ選手と解く。その心は「どちらも『いっそう』良くする」でしょう。,
,フレーズ・慣用句型,不要なゴミを高熱で一気に燃やす焼却炉,燃焼によって炉全体が熱くなること,ねっきをおびる,熱気を帯びる（炉が高温になる物理的な状態）,熱気を帯びる（議論や場の雰囲気が白熱すること）,白熱した選挙戦の討論会,不要なゴミを高熱で一気に燃やす焼却炉とかけて、白熱した選挙戦の討論会と解く。その心は「どちらも『熱気を帯びる』でしょう。」,
,フレーズ・慣用句型,不要なゴミを高熱で一気に燃やす焼却炉,燃焼後の安全管理,ひのしまつ,火の始末（燃焼後の安全管理）,火の始末（争い事や問題の後処理）,失敗したプロジェクトの責任者,不要なゴミを高熱で一気に燃やす焼却炉とかけて、失敗したプロジェクトの責任者と解く。その心は「どちらも『火の始末』が肝心でしょう。」,
,完全な同音異義語型,濁った水を綺麗に濾過する浄水器,濁りがとれ、水が澄んで透明になる,すむ,水が澄む,人が住む,快適な住まい,濁った水を綺麗に濾過する浄水器とかけて、快適な住まいと解く。その心は「どちらも『澄む／住む』でしょう。」,
,完全な同音異義語型,濁った水を綺麗に濾過する浄水器,不純物や濁りをフィルターで取り除く,とる,濁りを取る,写真を撮る,記念写真,濁った水を綺麗に濾過する浄水器とかけて、記念写真と解く。その心は「どちらも『濁りを取る／写真を撮る』でしょう。」,
,多義語型,濁った水を綺麗に濾過する浄水器,不純物をフィルターで捕捉する,キャッチする,不純物をキャッチする,情報をキャッチする,流行に敏感な人,濁った水を綺麗に濾過する浄水器とかけて、流行に敏感な人と解く。その心は「どちらも『キャッチする』でしょう。」,
,多義語型,濁った水を綺麗に濾過する浄水器,水を清浄な状態にする,きれいにする,水をきれいにする,借金をきれいにする,借金を完済した経営者,濁った水を綺麗に濾過する浄水器とかけて、借金を完済した経営者と解く。その心は「どちらも『きれいにする』でしょう。」,
,フレーズ・慣用句型,濁った水を綺麗に濾過する浄水器,濁り成分がなくなる,なくなる,濁りがなくなる,やる気がなくなる（気がなくなる）,やる気を失ったアスリート,濁った水を綺麗に濾過する浄水器とかけて、やる気を失ったアスリートと解く。その心は「どちらも『気がなくなる』でしょう。」,
,フレーズ・慣用句型,濁った水を綺麗に濾過する浄水器,水が流れていく,みずがながれる,水が流れる,過去のことは水に流す,長年の確執を解消した旧友,濁った水を綺麗に濾過する浄水器とかけて、長年の確執を解消した旧友と解く。その心は「どちらも『水に流す』でしょう。」,
,完全な同音異義語型,白黒の鍵盤を叩いて音を奏でるピアノ,鍵盤に指を置いて、音を出す動作,ひく,弾く（楽器を演奏する）,引く（風邪などの病気にかかる）,風邪をひいてしまった人,白黒の鍵盤を叩いて音を奏でるピアノとかけて、風邪をひいてしまった人と解く。その心は「どちらも『ひく』でしょう。」,
,完全な同音異義語型,白黒の鍵盤を叩いて音を奏でるピアノ,鍵盤が横一列に整然と配置されている状態,ならぶ,並ぶ（鍵盤が配列されている）,並ぶ（行列に加わる）,人気店の開店待ちの客,白黒の鍵盤を叩いて音を奏でるピアノとかけて、人気店の開店待ちの客と解く。その心は「どちらも『並ぶ』でしょう。」,
,多義語型,白黒の鍵盤を叩いて音を奏でるピアノ,楽器から音響を発生させる機能,おとをだす,音を出す（楽器から音色を発する）,音を出す（秘密や噂が漏れる、広まる）,秘密を軽々しく話してしまう人,白黒の鍵盤を叩いて音を奏でるピアノとかけて、秘密を軽々しく話してしまう人と解く。その心は「どちらも『音を出す』でしょう。」,
,多義語型,白黒の鍵盤を叩いて音を奏でるピアノ,鍵盤を叩いて音を発生させる動作,うつ,打つ（鍵盤を叩く）,打つ（問題解決のために手を施す、対策を講じる）,危機的状況を打開しようとする経営者,白黒の鍵盤を叩いて音を奏でるピアノとかけて、危機的状況を打開しようとする経営者と解く。その心は「どちらも『打つ』でしょう。」,
,フレーズ・慣用句型,白黒の鍵盤を叩いて音を奏でるピアノ,鍵盤の配色が白と黒で明確に分かれている状態,しろくろはっきりさせる,白黒はっきりさせる（鍵盤の色が明確である、演奏の表現を明確にする）,白黒はっきりさせる（物事の善悪や是非を決める、曖昧さをなくす）,曖昧な態度を許さない裁判官,白黒の鍵盤を叩いて音を奏でるピアノとかけて、曖昧な態度を許さない裁判官と解く。その心は「どちらも『白黒はっきりさせる』でしょう。」,
,フレーズ・慣用句型,白黒の鍵盤を叩いて音を奏でるピアノ,練習を重ねて演奏技術が向上する様子,うでをあげる,腕を上げる（演奏の技術が向上する）,腕を上げる（技能や能力が向上する、見習いが一人前になる）,料理の修行に励む見習いシェフ,白黒の鍵盤を叩いて音を奏でるピアノとかけて、料理の修行に励む見習いシェフと解く。その心は「どちらも『腕を上げる』でしょう。」,
,完全な同音異義語型,大切な荷物を長期間安全に保管する倉庫,荷物を安全に保護する、外部から守る機能,まもる,守る（安全に保管する）,護る（依頼人の権利や利益を擁護する）,弁護士,「大切な荷物を長期間安全に保管する倉庫」とかけて、「弁護士」と解く。その心は『どちらも「まもる」でしょう。』,
,完全な同音異義語型,大切な荷物を長期間安全に保管する倉庫,物を内部に収納する行為や状態,いれる,入れる（荷物を倉庫に収納する）,煎れる（お茶やコーヒーなどを淹れる）,茶道家,「大切な荷物を長期間安全に保管する倉庫」とかけて、「茶道家」と解く。その心は『どちらも「いれる」でしょう。』,
,多義語型,大切な荷物を長期間安全に保管する倉庫,物資を収容し、その存在を認める機能,うけいれる,受け入れる（荷物を預かり保管する）,受け入れる（他者の意見や提案を承認する）,寛容な心の持ち主,「大切な荷物を長期間安全に保管する倉庫」とかけて、「寛容な心の持ち主」と解く。その心は『どちらも「受け入れる」でしょう。』,
,多義語型,大切な荷物を長期間安全に保管する倉庫,荷物を内部にしまい込む、秩序ある状態にする,おさめる,納める（荷物を倉庫に収納する）,収める（争いや混乱を鎮静化する）,紛争地域の調停人,「大切な荷物を長期間安全に保管する倉庫」とかけて、「紛争地域の調停人」と解く。その心は『どちらも「おさめる」でしょう。』,
,フレーズ・慣用句型,大切な荷物を長期間安全に保管する倉庫,物理的に隙間なく、厳重に遮断されている状態,かたくとじる,固く閉じる（扉や鍵が厳重に閉まっている）,固く閉じる（秘密などを漏らさないように口を閉ざす）,秘密を厳守するスパイ,「大切な荷物を長期間安全に保管する倉庫」とかけて、「秘密を厳守するスパイ」と解く。その心は『どちらも「固く閉じる」でしょう。』,
,フレーズ・慣用句型,大切な荷物を長期間安全に保管する倉庫,多くの物を内部に保有する、満杯の状態,かかえこむ,抱え込む（大量の荷物を内部に収納している）,抱え込む（多くの困難や問題を一人で背負い込む）,深刻な経営不振の会社社長,「大切な荷物を長期間安全に保管する倉庫」とかけて、「深刻な経営不振の会社社長」と解く。その心は『どちらも「抱え込む」でしょう。』,
,完全な同音異義語型,上下の階へ人を乗せて運ぶエレベーター,上へと移動する動作,じょうしょう,上昇（上へ進む）,蒸暑（蒸し暑い）,夏の体育館,上下の階へ人を乗せて運ぶエレベーターとかけて、夏の体育館と解く。その心は「どちらも上昇（蒸暑）でしょう。」,
,完全な同音異義語型,上下の階へ人を乗せて運ぶエレベーター,ある階で動きが止まる,ていし,停止（動きが止まる）,提示（見せる、示す）,企画書をプレゼンする人,上下の階へ人を乗せて運ぶエレベーターとかけて、企画書をプレゼンする人と解く。その心は「どちらも停止（提示）するでしょう。」,
,多義語型,上下の階へ人を乗せて運ぶエレベーター,目的の階に到達する,つく,着く（目的地に到着する）,付く（物事が何かに添えられる）,壁にポスターを貼る人,上下の階へ人を乗せて運ぶエレベーターとかけて、壁にポスターを貼る人と解く。その心は「どちらも着く（付く）でしょう。」,
,多義語型,上下の階へ人を乗せて運ぶエレベーター,人を箱の中に収容する,のる,乗る（乗り物に乗車する）,載る（新聞や雑誌に記事が掲載される）,新聞記事,上下の階へ人を乗せて運ぶエレベーターとかけて、新聞記事と解く。その心は「どちらも乗る（載る）でしょう。」,
,フレーズ・慣用句型,上下の階へ人を乗せて運ぶエレベーター,多くの人が箱に密集する状態,みつになる,密になる（人が密集する）,実になる（努力が報われ成果が出る）,受験勉強を頑張る学生,上下の階へ人を乗せて運ぶエレベーターとかけて、受験勉強を頑張る学生と解く。その心は「どちらも密になる（実になる）でしょう。」,
,フレーズ・慣用句型,上下の階へ人を乗せて運ぶエレベーター,人を乗せる箱の空間,かごのなか,籠の中（物理的な箱の内部）,籠の鳥（自由を奪われた状態を表す慣用句）,会社を辞めたくても辞められないサラリーマン,上下の階へ人を乗せて運ぶエレベーターとかけて、会社を辞めたくても辞められないサラリーマンと解く。その心は「どちらも籠の中（籠の鳥）でしょう。」,
,完全な同音異義語型,扉を固く閉ざして施錠する南京錠,物を守り、閉ざすこと,じょう,錠 (じょう),情 (じょう),人情家の大家さん,扉を固く閉ざして施錠する南京錠とかけて、人情家の大家さんと解く。その心は「どちらも『じょう』があるでしょう。」,
,完全な同音異義語型,扉を固く閉ざして施錠する南京錠,鍵を閉じる行為,かける,掛ける (鍵を掛ける),懸ける (命を懸ける),オリンピックを目指すアスリート,扉を固く閉ざして施錠する南京錠とかけて、オリンピックを目指すアスリートと解く。その心は「どちらも『かける』ものがあるでしょう。」,
,多義語型,扉を固く閉ざして施錠する南京錠,扉を閉鎖し、固定する,しめる,締める (扉を締める),締める (気を締める),試験前の受験生,扉を固く閉ざして施錠する南京錠とかけて、試験前の受験生と解く。その心は「どちらも『しめる』でしょう。」,
,多義語型,扉を固く閉ざして施錠する南京錠,物理的に堅牢である,かたい,固い (固く閉ざす),固い (固い約束),約束を絶対に守る人,扉を固く閉ざして施錠する南京錠とかけて、約束を絶対に守る人と解く。その心は「どちらも『固い』でしょう。」,
,フレーズ・慣用句型,扉を固く閉ざして施錠する南京錠,動くことを許さない状態,みうごきがとれない,身動きが取れない (扉が固定されている状態),身動きが取れない (経済的窮地),多額の借金で悩む経営者,扉を固く閉ざして施錠する南京錠とかけて、多額の借金で悩む経営者と解く。その心は「どちらも『身動きが取れない』でしょう。」,
,フレーズ・慣用句型,扉を固く閉ざして施錠する南京錠,侵入を許さず、遠ざける,よせつけない,寄せ付けない (不審者などを扉に近づけない),寄せ付けない (心理的に人を拒絶する),人見知りが激しい人,扉を固く閉ざして施錠する南京錠とかけて、人見知りが激しい人と解く。その心は「どちらも『寄せ付けない』でしょう。」,
,多義語型,首を左右に振りながら風を送る扇風機,首が物理的に左右に動く動作,くびをふる,首を振る (物理的に首が左右に動く),首を振る (人事を刷新する、メンバーを入れ替える),チームの不振な選手を入れ替える監督,「首を左右に振りながら風を送る扇風機」とかけて、「チームの不振な選手を入れ替える監督」と解く。その心は「どちらも『首を振る』でしょう。」,
,完全な同音異義語型,首を左右に振りながら風を送る扇風機,風を外へ出す、届ける機能,おくる,送る (風を送り出す),贈る (贈り物をする),友人の誕生日プレゼントを選ぶ人,「首を左右に振りながら風を送る扇風機」とかけて、「友人の誕生日プレゼントを選ぶ人」と解く。その心は「どちらも『おくる（送る/贈る）』でしょう。」,
,フレーズ・慣用句型,首を左右に振りながら風を送る扇風機,風向きを物理的に変える機能,かざむきをかえる,風向きを変える (風の当たる方向を変える),風向きを変える (状況や世論の流れを変える),世論を有利な方向に変えようとする政治家,「首を左右に振りながら風を送る扇風機」とかけて、「世論を有利な方向に変えようとする政治家」と解く。その心は「どちらも『風向きを変える』でしょう。」,
,完全な同音異義語型,首を左右に振りながら風を送る扇風機,首の部分が左右に動く、物理的に回転する動作,くびがまわる,首が回る (物理的に首が左右に回転する),首が廻る (資金繰りに余裕ができる、やりくりがつく),資金繰りに困っている会社経営者,「首を左右に振りながら風を送る扇風機」とかけて、「資金繰りに困っている会社経営者」と解く。その心は「どちらも『首がまわる（回る/廻る）』でしょう。」,
,多義語型,首を左右に振りながら風を送る扇風機,暑さの程度を低減させる、軽減する機能,やわらげる,和らげる (暑さを和らげる),和らげる (痛みや怒り、緊張を和らげる),患者の苦痛を軽減する医者,「首を左右に振りながら風を送る扇風機」とかけて、「患者の苦痛を軽減する医者」と解く。その心は「どちらも『和らげる』でしょう。」,
,フレーズ・慣用句型,首を左右に振りながら風を送る扇風機,物理的に体の熱を下げて冷ます機能,あたまをひやす,頭を冷やす (暑がっている人の頭に風を当てて冷やす),頭を冷やす (感情的になった時に冷静になる),感情的になってしまった人,「首を左右に振りながら風を送る扇風機」とかけて、「感情的になってしまった人」と解く。その心は「どちらも『頭を冷やす』でしょう。」,
,完全な同音異義語型,肌に刺さるような冷たい風が吹き荒れる吹雪,身を切るような寒さ,みきり,身を切る（ような寒さ）,見切り（をつける、損切りする）,投資で大きな損失を出し、事業撤退を決めた経営者,肌に刺さるような冷たい風が吹き荒れる吹雪とかけて、投資で大きな損失を出し、事業撤退を決めた経営者と解く。その心は「どちらも『身を切る/見切り』でしょう。」,
,多義語型,肌に刺さるような冷たい風が吹き荒れる吹雪,視界不良で道がわからない,みちがみえない,道が見えない（物理的な前方）,道が見えない（将来の展望や進路）,将来の進路に悩む学生,肌に刺さるような冷たい風が吹き荒れる吹雪とかけて、将来の進路に悩む学生と解く。その心は「どちらも『道が見えない』でしょう。」,
,フレーズ・慣用句型,肌に刺さるような冷たい風が吹き荒れる吹雪,風が荒々しい、激しい,てあらい,手荒い（風が手荒く吹き荒れる）,手荒い（扱い方や、歓迎の仕方）,新入社員に厳しい指導をする上司,肌に刺さるような冷たい風が吹き荒れる吹雪とかけて、新入社員に厳しい指導をする上司と解く。その心は「どちらも『手荒い』でしょう。」,
,完全な同音異義語型,肌に刺さるような冷たい風が吹き荒れる吹雪,寒さで体が固まる、凍りつく,こおる,凍る（体が寒さで）,凝る（筋肉が）,長時間パソコンに向かい肩が凝っている人,肌に刺さるような冷たい風が吹き荒れる吹雪とかけて、長時間パソコンに向かい肩が凝っている人と解く。その心は「どちらも『凝る（凍る/凝る）』でしょう。」,
,多義語型,肌に刺さるような冷たい風が吹き荒れる吹雪,荒々しい自然現象,あらし,嵐（自然の猛威）,嵐（困難な状況、騒動）,経営危機に瀕し、社内が大混乱の会社,肌に刺さるような冷たい風が吹き荒れる吹雪とかけて、経営危機に瀕し、社内が大混乱の会社と解く。その心は「どちらも『嵐』でしょう。」,
,フレーズ・慣用句型,肌に刺さるような冷たい風が吹き荒れる吹雪,視界不良で前方や進路が見えない,さきがみえない,先が見えない（物理的な前方）,先が見えない（将来の展望や解決策）,病状が悪化し、治療方針に悩む患者,肌に刺さるような冷たい風が吹き荒れる吹雪とかけて、病状が悪化し、治療方針に悩む患者と解く。その心は「どちらも『先が見えない』でしょう。」,
,完全な同音異義語型,息をするのも苦しいほどうだるように暑い猛暑,猛暑による心身の疲弊,ひろう,疲労（きつくて疲れること）,披露（人前で発表すること）,新製品発表会,「息をするのも苦しいほどうだるように暑い猛暑」とかけて、「新製品発表会」と解く。その心は「どちらも『疲労（披露）』でしょう。」,
,完全な同音異義語型,息をするのも苦しいほどうだるように暑い猛暑,非常に高い気温,あつい,熱い（温度が高い）,厚い（分厚い）,何ページもある分厚い事典,「息をするのも苦しいほどうだるように暑い猛暑」とかけて、「何ページもある分厚い事典」と解く。その心は「どちらも『厚い（熱い）』でしょう。」,
,多義語型,息をするのも苦しいほどうだるように暑い猛暑,暑さで体が動かせない、身動きが取れない,うごきがとれない,動きが取れない（物理的に体が動かせない）,動きが取れない（経済的・政治的に自由な行動ができない）,借金で首が回らない経営者,「息をするのも苦しいほどうだるように暑い猛暑」とかけて、「借金で首が回らない経営者」と解く。その心は「どちらも『動きが取れない』でしょう。」,
,多義語型,息をするのも苦しいほどうだるように暑い猛暑,暑さで集中力がなく、何も手につかない,てにつかない,手に付かない（暑さで集中できず、仕事などが進まない）,手に付かない（手が汚れていて、触れると汚してしまう）,泥だらけの粘土で遊んだばかりの子供,「息をするのも苦しいほどうだるように暑い猛暑」とかけて、「泥だらけの粘土で遊んだばかりの子供」と解く。その心は「どちらも『手に付かない』でしょう。」,
,フレーズ・慣用句型,息をするのも苦しいほどうだるように暑い猛暑,猛暑によって健康被害への注意が促される,きをつけなければならない,気をつけなければならない（熱中症や体調不良に注意すべき）,気をつけなければならない（重要な任務や状況で警戒すべき）,重大な秘密を抱えるスパイ,「息をするのも苦しいほどうだるように暑い猛暑」とかけて、「重大な秘密を抱えるスパイ」と解く。その心は「どちらも『気をつけなければならない』でしょう。」,
,フレーズ・慣用句型,息をするのも苦しいほどうだるように暑い猛暑,猛暑で体がだるく、気力が抜ける感覚,とろける,蕩ける（暑さで体がだるく、溶けるように感じる）,蕩ける（美味しいものや甘い言葉に感動し、うっとりする）,絶品のフォアグラを食べた美食家,「息をするのも苦しいほどうだるように暑い猛暑」とかけて、「絶品のフォアグラを食べた美食家」と解く。その心は「どちらも『蕩ける』でしょう。」,
,完全な同音異義語型,お腹に響くような轟音を立てて落ちる雷,雷が『落ちる』こと,らっか,落下（雷が空から落ちること）,落花（桜の花が散り落ちること）,桜の季節の終わりに地面を彩る花びら,「お腹に響くような轟音を立てて落ちる雷」とかけて、「桜の季節の終わりに地面を彩る花びら」と解く。その心は「どちらも『落下』でしょう。」,
,完全な同音異義語型,お腹に響くような轟音を立てて落ちる雷,轟音が『深く響く』こと,しんしん,深々（音が奥深く響く様子）,しんしん（雪などが静かに降り積もる様子を表す擬態語）,寒い冬の夜、静かに降り積もる雪,「お腹に響くような轟音を立てて落ちる雷」とかけて、「寒い冬の夜、静かに降り積もる雪」と解く。その心は「どちらも『しんしん』とくるでしょう。」,
,多義語型,お腹に響くような轟音を立てて落ちる雷,雷が空から『落ちる』こと,おちる,落ちる（雷が上から下へ移動する）,落ちる（大事な試験に失敗する、地位を失うなど）,大事な試験で失敗してしまった学生,「お腹に響くような轟音を立てて落ちる雷」とかけて、「大事な試験で失敗してしまった学生」と解く。その心は「どちらも『落ちる』でしょう。」,
,多義語型,お腹に響くような轟音を立てて落ちる雷,雷の音が『轟く』こと,とどろく,轟く（雷の音が鳴り響く）,轟く（名声や噂が広く世間に知れ渡る）,偉業を成し遂げ、その名声が広く世間に知れ渡った英雄,「お腹に響くような轟音を立てて落ちる雷」とかけて、「偉業を成し遂げ、その名声が広く世間に知れ渡った英雄」と解く。その心は「どちらも『轟く』でしょう。」,
,フレーズ・慣用句型,お腹に響くような轟音を立てて落ちる雷,物理的に『雷が落ちる』こと,かみなりがおちる,雷が落ちる（自然現象としての落雷）,雷が落ちる（上司や先生などから厳しく叱責される慣用句）,会社で大きなミスをして上司から厳しく叱られた部下,「お腹に響くような轟音を立てて落ちる雷」とかけて、「会社で大きなミスをして上司から厳しく叱られた部下」と解く。その心は「どちらも『雷が落ちる』でしょう。」,
,フレーズ・慣用句型,お腹に響くような轟音を立てて落ちる雷,その音の衝撃で『心を揺さぶられる』ような感覚,こころをゆさぶる,心を揺さぶる（物理的な音の振動が心に迫るような）,心を揺さぶる（感動や感銘を受ける、強く心を動かす）,素晴らしい演技で観客の心を深く感動させた舞台役者,「お腹に響くような轟音を立てて落ちる雷」とかけて、「素晴らしい演技で観客の心を深く感動させた舞台役者」と解く。その心は「どちらも『心を揺さぶる』でしょう。」,
,完全な同音異義語型,立っていられないほど地面が激しく揺れる大地震,建物や地面が「崩れ落ちる」,ほうかい,崩壊（物理的な構造の崩壊）,崩壊（組織や秩序の崩壊）,規律のない学級崩壊を起こしたクラス,立っていられないほど地面が激しく揺れる大地震とかけて、規律のない学級崩壊を起こしたクラスと解く。その心は「どちらも『崩壊』の危機にあるでしょう。」,
,完全な同音異義語型,立っていられないほど地面が激しく揺れる大地震,大きく「ゆれる」揺れの程度,しんど,震度（地震の揺れの程度）,進度（物事の進み具合）,研究の進捗状況を気にする教授,立っていられないほど地面が激しく揺れる大地震とかけて、研究の進捗状況を気にする教授と解く。その心は「どちらも『進度（震度）』が気になるところでしょう。」,
,多義語型,立っていられないほど地面が激しく揺れる大地震,地面や壁に「ひび」が入る,ひび,ひび（壁や地面にできる亀裂）,ひび（関係性に生じる不和）,友情が壊れてしまった二人組,立っていられないほど地面が激しく揺れる大地震とかけて、友情が壊れてしまった二人組と解く。その心は「どちらも『ひび』が入ってしまうでしょう。」,
,多義語型,立っていられないほど地面が激しく揺れる大地震,物理的に均衡を保てず「不安定」な状態,ふあんてい,不安定（物理的に均衡を保てない状態）,不安定（社会情勢や心理状態が落ち着かないこと）,就職活動中の学生の心理状態,立っていられないほど地面が激しく揺れる大地震とかけて、就職活動中の学生と解く。その心は「どちらも心が『不安定』でしょう。」,
,フレーズ・慣用句型,立っていられないほど地面が激しく揺れる大地震,予期せぬ出来事が突然起こり驚く「寝耳に水」な状況,ねみみにみず,寝耳に水（予期せぬ出来事が突然起こり驚くさま）,寝耳に水（物理的に寝ている耳に水が入ること）,寝ぼけている時に友人にいたずらで耳に水を入れられた人,立っていられないほど地面が激しく揺れる大地震とかけて、寝ぼけている時に友人にいたずらで耳に水を入れられた人と解く。その心は「どちらも『寝耳に水』でしょう。」,
,フレーズ・慣用句型,立っていられないほど地面が激しく揺れる大地震,激しい揺れで物理的に「立っていられない」状態,あしがちにつかない,足が地につかない（物理的に地面から浮き上がっている、または揺れて立てない状態）,足が地につかない（精神的に興奮したり浮かれたりして落ち着かない状態）,大好きなアイドルと握手会で会えたファン,立っていられないほど地面が激しく揺れる大地震とかけて、大好きなアイドルと握手会で会えたファンと解く。その心は「どちらも『足が地につかない』でしょう。」,
,完全な同音異義語型,長い干ばつの後に降って大地を潤す恵みの雨,不足を解消し、物事を良い方向へ導く,かいけつ,解決（問題が解決する）,快傑（優れた働きをするヒーロー）,悪者を倒す正義のヒーロー,長い干ばつの後に降って大地を潤す恵みの雨とかけて、悪者を倒す正義のヒーローと解く。その心は「どちらも『かいけつ』でしょう。」,
,多義語型,長い干ばつの後に降って大地を潤す恵みの雨,枯れたものが回復し、再び活動的になる,いきかえる,生き返る（植物が息を吹き返す）,生き返る（精神的に活力を取り戻す）,諦めかけていた夢に再び挑む人,長い干ばつの後に降って大地を潤す恵みの雨とかけて、諦めかけていた夢に再び挑む人と解く。その心は「どちらも『生き返る』でしょう。」,
,フレーズ・慣用句型,長い干ばつの後に降って大地を潤す恵みの雨,乾いた状態に水分や豊かさをもたらす,うるおいをあたえる,潤いを与える（大地に水分を与える）,潤いを与える（生活や心に豊かさをもたらす）,日々のマンネリに新しい刺激をもたらす趣味,長い干ばつの後に降って大地を潤す恵みの雨とかけて、日々のマンネリに新しい刺激をもたらす趣味と解く。その心は「どちらも『潤いを与える』でしょう。」,
,完全な同音異義語型,長い干ばつの後に降って大地を潤す恵みの雨,天からの恩恵や施し,めぐみ,恵み（天候による恩恵）,愛（女性の名前）,優しく微笑む女性,長い干ばつの後に降って大地を潤す恵みの雨とかけて、優しく微笑む女性と解く。その心は「どちらも『めぐみ』でしょう。」,
,多義語型,長い干ばつの後に降って大地を潤す恵みの雨,状況を劇的に改善し、新しい始まりを促す要因,きっかけ,きっかけ（良い変化の誘因となる）,きっかけ（行動や出来事の発端）,長年温めていた企画を実行に移す会議,長い干ばつの後に降って大地を潤す恵みの雨とかけて、長年温めていた企画を実行に移す会議と解く。その心は「どちらも『きっかけ』でしょう。」,
,フレーズ・慣用句型,長い干ばつの後に降って大地を潤す恵みの雨,待ち望まれたものがついに到来した状態,やっときた,やっと来た（待ち望んだものがついに現れた）,やっと来た（苦労して目的地に到着した）,ゴール直前で力を振り絞って一位になったマラソンランナー,長い干ばつの後に降って大地を潤す恵みの雨とかけて、ゴール直前で力を振り絞って一位になったマラソンランナーと解く。その心は「どちらも『やっと来た』でしょう。」,
,多義語型,鼻をくすぐるような花の香りを運ぶ春一番,香りを風に乗せて遠くまで届ける,はこぶ,運ぶ（香りを運ぶ）,運ぶ（良いものを届ける、営業活動をする）,熱心な営業マン,鼻をくすぐるような花の香りを運ぶ春一番とかけて、熱心な営業マンと解く。その心は『どちらも「運ぶ」でしょう。』,
,完全な同音異義語型,鼻をくすぐるような花の香りを運ぶ春一番,その季節で最初に吹く強い風,いちばん,一番（春一番）,一番（最も優れていること）,かけっこで金メダルを取った子,鼻をくすぐるような花の香りを運ぶ春一番とかけて、かけっこで金メダルを取った子と解く。その心は『どちらも「いちばん」でしょう。』,
,フレーズ・慣用句型,鼻をくすぐるような花の香りを運ぶ春一番,香りが嗅覚を心地よく刺激する,はなをくすぐる,鼻をくすぐる（香りが鼻を刺激する）,鼻をくすぐる（得意がらせる、おだてる）,褒められて喜ぶ子供,鼻をくすぐるような花の香りを運ぶ春一番とかけて、褒められて喜ぶ子供と解く。その心は『どちらも「鼻をくすぐる」でしょう。』,
,完全な同音異義語型,鼻をくすぐるような花の香りを運ぶ春一番,草木が芽吹き始める季節,はる,春（季節）,貼る（紙などを張り付ける）,ポスターを壁に貼る職人,鼻をくすぐるような花の香りを運ぶ春一番とかけて、ポスターを壁に貼る職人と解く。その心は『どちらも「はる」でしょう。』,
,多義語型,鼻をくすぐるような花の香りを運ぶ春一番,風が勢いよく流れる,ふく,吹く（風が吹く）,吹く（息を吹き込む、管楽器を鳴らす）,オーケストラの演奏者,鼻をくすぐるような花の香りを運ぶ春一番とかけて、オーケストラの演奏者と解く。その心は『どちらも「ふく」でしょう。』,
,フレーズ・慣用句型,鼻をくすぐるような花の香りを運ぶ春一番,新しい季節がやってくること,おとずれ,訪れ（春の訪れ）,訪れ（人が訪問すること）,久しぶりに実家を訪れた孫,鼻をくすぐるような花の香りを運ぶ春一番とかけて、久しぶりに実家を訪れた孫と解く。その心は『どちらも「訪れ」でしょう。』,
,完全な同音異義語型,身を切るような冷たさで枯葉を散らす木枯らし,風が枯葉をまき散らす,ちらす,散らす（風が葉を散らす）,散らす（広告を配る）,街角で広告のビラを配る人,身を切るような冷たさで枯葉を散らす木枯らしとかけて、街角で広告のビラを配る人と解く。その心は「どちらも『ちらす』でしょう。」,
,完全な同音異義語型,身を切るような冷たさで枯葉を散らす木枯らし,耐え難いほどの厳しい感覚,みをきる,身を切る（ような冷たさ）,身を切る（覚悟や決断）,会社の再建のために大幅なリストラを断行する経営者,身を切るような冷たさで枯葉を散らす木枯らしとかけて、会社の再建のために大幅なリストラを断行する経営者と解く。その心は「どちらも『身を切る』でしょう。」,
,多義語型,身を切るような冷たさで枯葉を散らす木枯らし,風がものを巻き上げて動かす,まう,舞う（枯葉が風に舞う）,舞う（踊りや演技）,舞台で華麗なステップを披露するバレリーナ,身を切るような冷たさで枯葉を散らす木枯らしとかけて、舞台で華麗なステップを披露するバレリーナと解く。その心は「どちらも『舞う』でしょう。」,
,多義語型,身を切るような冷たさで枯葉を散らす木枯らし,周囲の温度が低い,つめたい,冷たい（寒さ）,冷たい（態度や視線）,困っている人にも無関心な人,身を切るような冷たさで枯葉を散らす木枯らしとかけて、困っている人にも無関心な人と解く。その心は「どちらも『冷たい』でしょう。」,
,フレーズ・慣用句型,身を切るような冷たさで枯葉を散らす木枯らし,季節が冬へと移り変わることを示す,ふゆをかんじさせる,冬を感じさせる（季節の移ろい）,冬を感じさせる（寂しさや孤独感）,暖房の効かない部屋で一人、過去を振り返る老人,身を切るような冷たさで枯葉を散らす木枯らしとかけて、暖房の効かない部屋で一人、過去を振り返る老人と解く。その心は「どちらも『冬を感じさせる』でしょう。」,
,フレーズ・慣用句型,身を切るような冷たさで枯葉を散らす木枯らし,身体の奥底から感じる寒さ,しんからさむい,芯から寒い（体感）,芯から寒い（心の底からの恐怖や絶望）,致命的な失敗をして顔面蒼白になっている人物,身を切るような冷たさで枯葉を散らす木枯らしとかけて、致命的な失敗をして顔面蒼白になっている人物と解く。その心は「どちらも『芯から寒い』でしょう。」,
,完全な同音異義語型,寝苦しくてじんわりと嫌な汗をかく熱帯夜,汗をかく、蒸し暑い、不快な水分,あせ,汗（体から出る水分）,焦（精神的な苛立ちや不安）,試験の結果を待つ受験生,寝苦しくてじんわりと嫌な汗をかく熱帯夜とかけて、試験の結果を待つ受験生と解く。その心は『どちらも「あせ」をかくでしょう。』,
,完全な同音異義語型,寝苦しくてじんわりと嫌な汗をかく熱帯夜,熱帯夜という現象,ねったいや,熱帯夜（暑い夜）,練った矢（入念に準備した策や戦略）,熟慮を重ねて最高の戦略を立てる軍師,寝苦しくてじんわりと嫌な汗をかく熱帯夜とかけて、熟慮を重ねて最高の戦略を立てる軍師と解く。その心は『どちらも「ねったいや」でしょう。』,
,多義語型,寝苦しくてじんわりと嫌な汗をかく熱帯夜,息苦しい、不快な感覚,くるしい,苦しい（肉体的な不快感）,苦しい（経済的な困窮や精神的な悩み）,会社の経営が傾き、資金繰りに奔走する社長,寝苦しくてじんわりと嫌な汗をかく熱帯夜とかけて、会社の経営が傾き、資金繰りに奔走する社長と解く。その心は『どちらも「苦しい」でしょう。』,
,多義語型,寝苦しくてじんわりと嫌な汗をかく熱帯夜,高い気温、熱気,ねつ,熱（体感温度や室温の高さ）,熱（何かに夢中になる情熱や意気込み）,趣味の推し活に情熱を注ぐファン,寝苦しくてじんわりと嫌な汗をかく熱帯夜とかけて、趣味の推し活に情熱を注ぐファンと解く。その心は『どちらも「熱」があるでしょう。』,
,フレーズ・慣用句型,寝苦しくてじんわりと嫌な汗をかく熱帯夜,夜が明けるまで続く、時間的な状態,あさまで,朝まで（夜が明けるまでの間）,足まで（体の部位を指す範囲）,温泉で足湯にゆっくりつかる人,寝苦しくてじんわりと嫌な汗をかく熱帯夜とかけて、温泉で足湯にゆっくりつかる人と解く。その心は『どちらも「あさまで」でしょう。』,
,フレーズ・慣用句型,寝苦しくてじんわりと嫌な汗をかく熱帯夜,深い眠りにつけず、目が覚めてしまう,めをさます,目を覚ます（睡眠から覚める）,目を覚ます（過ちや迷いから立ち直る、気づく）,不正行為から反省し、真面目に生きようと決意した人,寝苦しくてじんわりと嫌な汗をかく熱帯夜とかけて、不正行為から反省し、真面目に生きようと決意した人と解く。その心は『どちらも「目を覚ます」でしょう。』,
,完全な同音異義語型,前が見えなくて不安で凍えるようなホワイトアウト,方向が見えず、進路が不明瞭な状態,さきがみえない,先が見えない,咲きが見えない,春を待つ園芸家,「前が見えなくて不安で凍えるようなホワイトアウト」とかけて、「春を待つ園芸家」と解く。その心は『どちらも「咲きが見えない」』でしょう。,
,完全な同音異義語型,前が見えなくて不安で凍えるようなホワイトアウト,進むべき方向が分からず、手探りの状態,みちがさだまらない,道が定まらない,未知が定まらない,宇宙の起源を研究する科学者,「前が見えなくて不安で凍えるようなホワイトアウト」とかけて、「宇宙の起源を研究する科学者」と解く。その心は『どちらも「未知が定まらない」』でしょう。,
,多義語型,前が見えなくて不安で凍えるようなホワイトアウト,視界が真っ白になり、一時的に何も見えなくなる状態,めがくらむ,目が眩む,目が眩む,詐欺師の甘い誘惑に乗ってしまった人,「前が見えなくて不安で凍えるようなホワイトアウト」とかけて、「詐欺師の甘い誘惑に乗ってしまった人」と解く。その心は『どちらも「目が眩む」』でしょう。,
,多義語型,前が見えなくて不安で凍えるようなホワイトアウト,視界不良で、先の状況が予測できない状態,みとおしがきかない,見通しが利かない,見通しが利かない,景気後退期の企業経営者,「前が見えなくて不安で凍えるようなホワイトアウト」とかけて、「景気後退期の企業経営者」と解く。その心は『どちらも「見通しが利かない」』でしょう。,
,フレーズ・慣用句型,前が見えなくて不安で凍えるようなホワイトアウト,真っ白な視界の中で、手探りで進むしかない状態,くらやみをさぐる,暗闇を探る,暗闇を探る,予算ゼロで新規事業を立ち上げようとする起業家,「前が見えなくて不安で凍えるようなホワイトアウト」とかけて、「予算ゼロで新規事業を立ち上げようとする起業家」と解く。その心は『どちらも「暗闇を探る」』でしょう。,
,フレーズ・慣用句型,前が見えなくて不安で凍えるようなホワイトアウト,身動きが取れず、どうすることもできない状態,てもあしもでない,手も足も出ない,手も足も出ない,世界チャンピオンに挑むボクサー,「前が見えなくて不安で凍えるようなホワイトアウト」とかけて、「世界チャンピオンに挑むボクサー」と解く。その心は『どちらも「手も足も出ない」』でしょう。,
,完全な同音異義語型,鼓膜をビリビリと震わせて鳴り響く落雷,遠くで鳴り響く、大きな音、天候の変化、衝撃,じんらい,迅雷（素早い雷、激しい雷）,尋来（尋ねてくる、訪問）,久しぶりに訪ねてきた旧友,鼓膜をビリビリと震わせて鳴り響く落雷とかけて、久しぶりに訪ねてきた旧友と解く。その心は「どちらも『じんらい』でしょう。」,
,完全な同音異義語型,鼓膜をビリビリと震わせて鳴り響く落雷,天から落ちる、衝撃的な事象、音と光の放出,らいめい,雷鳴（雷の鳴る音）,来名（名が知れ渡る、有名になること）,地方から中央に出てきて活躍する人,鼓膜をビリビリと震わせて鳴り響く落雷とかけて、地方から中央に出てきて活躍する人と解く。その心は「どちらも『らいめい』でしょう。」,
,多義語型,鼓膜をビリビリと震わせて鳴り響く落雷,激しい音を立てて響き渡る、衝撃を与える,とどろく,轟く（雷鳴が遠くまで響き渡る）,轟く（名声や評判が世間に広く知れ渡る）,大衆に絶賛されるアーティスト,鼓膜をビリビリと震わせて鳴り響く落雷とかけて、大衆に絶賛されるアーティストと解く。その心は「どちらも『世に轟く』でしょう。」,
,多義語型,鼓膜をビリビリと震わせて鳴り響く落雷,天から地上へと降下する、突然の出来事,おちる,落ちる（雷が落ちる）,落ちる（試験に不合格になる、仕事で失敗する）,受験に失敗して落ち込む学生,鼓膜をビリビリと震わせて鳴り響く落雷とかけて、受験に失敗して落ち込む学生と解く。その心は「どちらも『落ちる』でしょう。」,
,フレーズ・慣用句型,鼓膜をビリビリと震わせて鳴り響く落雷,晴天の空から突然現れる、予測できない出来事、衝撃的な事実,せいてんのへきれき,青天の霹靂（晴れた空に突然雷が鳴るように、予期せぬ出来事）,青天の霹靂（突然の衝撃的な出来事を表す慣用句）,突然の会社の倒産を知らされた社員,鼓膜をビリビリと震わせて鳴り響く落雷とかけて、突然の会社の倒産を知らされた社員と解く。その心は「どちらも『青天の霹靂』でしょう。」,
,フレーズ・慣用句型,鼓膜をビリビリと震わせて鳴り響く落雷,激しい音や衝撃によって肉体が揺れ動く、恐怖を感じる,からだがふるえる,体が震える（雷の恐怖で体が震える）,体が震える（感動や興奮で体が震える）,オリンピックで金メダルを獲得した選手,鼓膜をビリビリと震わせて鳴り響く落雷とかけて、オリンピックで金メダルを獲得した選手と解く。その心は「どちらも『体が震える』でしょう。」,
,多義語型,卵が腐ったような硫黄の匂いが立ち込める火山,硫黄の匂いを周囲に「匂わせる」,におわせる,匂わせる（硫黄の匂いを発する）,匂わせる（それとなくほのめかす）,恋愛の噂を広めたい人,卵が腐ったような硫黄の匂いが立ち込める火山とかけて、恋愛の噂を広めたい人と解く。その心は「どちらも『匂わせる』でしょう。」,
,完全な同音異義語型,卵が腐ったような硫黄の匂いが立ち込める火山,硫黄の匂いとともに「噴煙」を上げる,ふんえん,噴煙（火山から噴き出す煙）,奮戦（力を尽くして戦うこと）,劣勢に立たされたスポーツ選手,卵が腐ったような硫黄の匂いが立ち込める火山とかけて、劣勢に立たされたスポーツ選手と解く。その心は「どちらも『奮戦（噴煙）』でしょう。」,
,フレーズ・慣用句型,卵が腐ったような硫黄の匂いが立ち込める火山,硫黄の匂いとともに「煙が上がる」,けむりがあがる,煙が上がる（火山の噴煙が上がる）,煙が上がる（騒動や噂が広まる）,スキャンダルが発覚した政治家,卵が腐ったような硫黄の匂いが立ち込める火山とかけて、スキャンダルが発覚した政治家と解く。その心は「どちらも『煙が上がる』でしょう。」,
,完全な同音異義語型,卵が腐ったような硫黄の匂いが立ち込める火山,硫黄ガスを「噴気」として放出する,ふんき,噴気（火山ガスを噴出すること）,奮起（困難にめげず、気力を奮い起こすこと）,失敗続きのスポーツチームの選手たち,卵が腐ったような硫黄の匂いが立ち込める火山とかけて、失敗続きのスポーツチームの選手たちと解く。その心は「どちらも『奮起（噴気）』でしょう。」,
,多義語型,卵が腐ったような硫黄の匂いが立ち込める火山,硫黄の「濃い」匂いがする,こい,濃い（匂いの度合いが強い）,濃い（関係や結びつきが深い）,親密な関係のカップル,卵が腐ったような硫黄の匂いが立ち込める火山とかけて、親密な関係のカップルと解く。その心は「どちらも『濃い』でしょう。」,
,フレーズ・慣用句型,卵が腐ったような硫黄の匂いが立ち込める火山,硫黄の匂いが「鼻を突く」,はなをつく,鼻を突く（強烈な匂いが嗅覚を刺激する）,鼻を突く（人の気に障る言動をする）,周りの人に不快な思いをさせる無神経な人,卵が腐ったような硫黄の匂いが立ち込める火山とかけて、周りの人に不快な思いをさせる無神経な人と解く。その心は「どちらも『鼻を突く』でしょう。」,
,完全な同音異義語型,重苦しい空気で気分までどんより沈む曇り空,空気が物理的に重く感じる状態,おもい,重い（物理的な重さ）,想い（心の中の感情や思考）,遠距離恋愛中の恋人,「重苦しい空気で気分までどんより沈む曇り空」とかけて、「遠距離恋愛中の恋人」と解く。その心は『どちらも『想い』でしょう。』,
,多義語型,重苦しい空気で気分までどんより沈む曇り空,空が灰色の雲で覆われている状態,くもり,曇り（空の様子）,曇り（レンズやガラスが湯気などで不透明になること）,温泉から出たばかりの眼鏡,「重苦しい空気で気分までどんより沈む曇り空」とかけて、「温泉から出たばかりの眼鏡」と解く。その心は『どちらも『曇り』でしょう。』,
,フレーズ・慣用句型,重苦しい空気で気分までどんより沈む曇り空,不快で憂鬱な気持ちになる状態,きぶんがはれない,気分が晴れない（空模様による心情）,気分が晴れない（悩みや心配事が解決しない心情）,大きな借金を抱える人,「重苦しい空気で気分までどんより沈む曇り空」とかけて、「大きな借金を抱える人」と解く。その心は『どちらも『気分が晴れない』でしょう。』,
,完全な同音異義語型,重苦しい空気で気分までどんより沈む曇り空,全体的に活気がなく、静まりかえった様子,しずむ,沈む（気分や太陽が下に動く様子）,静む（騒音や荒れが落ち着く様子）,激しい嵐の後の海,「重苦しい空気で気分までどんより沈む曇り空」とかけて、「激しい嵐の後の海」と解く。その心は『どちらも『静む』でしょう。』,
,多義語型,重苦しい空気で気分までどんより沈む曇り空,日光が届かず視覚的に暗い状態,くらい,暗い（物理的な光量が少ない様子）,暗い（先行きが見えず希望が持てない様子）,不況で経済が冷え込んだ社会,「重苦しい空気で気分までどんより沈む曇り空」とかけて、「不況で経済が冷え込んだ社会」と解く。その心は『どちらも『暗い』でしょう。』,
,フレーズ・慣用句型,重苦しい空気で気分までどんより沈む曇り空,空気が重く、息苦しさを感じる物理的感覚,いきがつまる,息が詰まる（重苦しい空気による身体的感覚）,息が詰まる（極度の緊張やプレッシャーによる心理的状態）,初めての大舞台に立つ新人俳優,「重苦しい空気で気分までどんより沈む曇り空」とかけて、「初めての大舞台に立つ新人俳優」と解く。その心は『どちらも『息が詰まる』でしょう。』,
,多義語型,いつまでも降り続いて心が憂鬱にカビる長雨,雨が長く続き、じめじめして気分が陰鬱になる物理的・精神的状態,じとじとする,ジトジトする（長雨で湿気が多く、気分が晴れない様子）,ジトジトする（陰湿でしつこい態度）,陰湿で粘着質な人,「いつまでも降り続いて心が憂鬱にカビる長雨」とかけて、「陰湿で粘着質な人」と解く。その心は「どちらも『ジトジトする』でしょう。」,
,完全な同音異義語型,いつまでも降り続いて心が憂鬱にカビる長雨,雨が降り続き、止む気配がない状態,やまない,止まない（雨が降り止まない）,止まない（解決すべき問題が止まない）,解決すべき課題が次々と発生するプロジェクト,「いつまでも降り続いて心が憂鬱にカビる長雨」とかけて、「解決すべき課題が次々と発生するプロジェクト」と解く。その心は「どちらも『止まない』でしょう。」,
,フレーズ・慣用句型,いつまでも降り続いて心が憂鬱にカビる長雨,長雨が続き、終わりが見えないこと,きりがない,際限がない（雨が降り止むのに終わりが見えない）,キリがない（物事が多すぎて終わりが見えない）,膨大な資料の整理を命じられた新人社員,「いつまでも降り続いて心が憂鬱にカビる長雨」とかけて、「膨大な資料の整理を命じられた新人社員」と解く。その心は「どちらも『キリがない』でしょう。」,
,多義語型,いつまでも降り続いて心が憂鬱にカビる長雨,高い湿度で物がカビたり、気分が沈んで憂鬱になること,かびる,カビる（物がカビる、心が憂鬱でカビる）,カビる（比喩的に、感覚や考えが古くなる、柔軟性を失う）,昔の価値観にとらわれた古い考えの人,「いつまでも降り続いて心が憂鬱にカビる長雨」とかけて、「昔の価値観にとらわれた古い考えの人」と解く。その心は「どちらも『心がカビる』でしょう。」,
,完全な同音異義語型,いつまでも降り続いて心が憂鬱にカビる長雨,降り続く雨で視界が悪く、先が見えない状態,みとおし,見通し（空模様や状況の先行き）,見通し（遮るもののない眺めや道筋）,整備された一直線の道路,「いつまでも降り続いて心が憂鬱にカビる長雨」とかけて、「整備された一直線の道路」と解く。その心は「どちらも『見通し』が大切でしょう。」,
,フレーズ・慣用句型,いつまでも降り続いて心が憂鬱にカビる長雨,高い湿度で物が腐敗したり、気分が滅入ったりすること,くさる,腐る（物が湿気で腐敗する、心が憂鬱で滅入る）,腐る（やる気がなくなり、自暴自棄になる）,努力が報われず、すっかりやる気をなくしたスポーツ選手,「いつまでも降り続いて心が憂鬱にカビる長雨」とかけて、「努力が報われず、すっかりやる気をなくしたスポーツ選手」と解く。その心は「どちらも『心が腐る』でしょう。」,
,完全な同音異義語型,肌がジリジリと焼けるように痛い真夏の直射日光,日光が肌を焼く、日焼けする状態,ひやけ,日焼け,火避け,火事を恐れる人,「肌がジリジリと焼けるように痛い真夏の直射日光」とかけて、「火事を恐れる人」と解く。その心は「どちらも『ひやけ』でしょう。」,
,多義語型,肌がジリジリと焼けるように痛い真夏の直射日光,太陽の光が非常に強い、肌にダメージを与える,つよい,強い,強い（意思、腕力、運など）,交渉で決して譲らない経営者,「肌がジリジリと焼けるように痛い真夏の直射日光」とかけて、「交渉で決して譲らない経営者」と解く。その心は「どちらも『強い』でしょう。」,
,フレーズ・慣用句型,肌がジリジリと焼けるように痛い真夏の直射日光,身体が熱くなる、温度が上がる,あつくなる,暑くなる,熱くなる（議論、感情など）,意見が対立する政治家たちの討論会,「肌がジリジリと焼けるように痛い真夏の直射日光」とかけて、「意見が対立する政治家たちの討論会」と解く。その心は「どちらも『熱くなる』でしょう。」,
,完全な同音異義語型,肌がジリジリと焼けるように痛い真夏の直射日光,直射日光が肌に当たる、影響を与える,あたる,当たる,当たる（宝くじ、予想、くじなど）,滅多に当たらない宝くじに当選した人,「肌がジリジリと焼けるように痛い真夏の直射日光」とかけて、「滅多に当たらない宝くじに当選した人」と解く。その心は「どちらも『当たる』でしょう。」,
,多義語型,肌がジリジリと焼けるように痛い真夏の直射日光,日差しが非常に厳しい、容赦がない,きびしい,厳しい,厳しい（規則、態度、状況など）,新入社員に厳しく指導するベテラン上司,「肌がジリジリと焼けるように痛い真夏の直射日光」とかけて、「新入社員に厳しく指導するベテラン上司」と解く。その心は「どちらも『厳しい』でしょう。」,
,フレーズ・慣用句型,肌がジリジリと焼けるように痛い真夏の直射日光,太陽の光が降り注ぐ、流れ込む,そそぐ,注ぐ,注ぐ（愛情を注ぐ、水を注ぐ、金を注ぎ込むなど）,ペットに惜しみない愛情を注ぐ飼い主,「肌がジリジリと焼けるように痛い真夏の直射日光」とかけて、「ペットに惜しみない愛情を注ぐ飼い主」と解く。その心は「どちらも『注ぐ』でしょう。」,
,完全な同音異義語型,地鳴りと共に山が崩れて足がすくむ土砂崩れ,地面が割れる音や現象,じわれ,地割れ,字割れ,漫画のコマ割りを考える編集者,地鳴りと共に山が崩れて足がすくむ土砂崩れとかけて、漫画のコマ割りを考える編集者と解く。その心は「どちらも『じわれ』でしょう。」,
,完全な同音異義語型,地鳴りと共に山が崩れて足がすくむ土砂崩れ,大量の土と砂,どしゃ,土砂,土謝,激しい相撲の稽古,地鳴りと共に山が崩れて足がすくむ土砂崩れとかけて、激しい相撲の稽古と解く。その心は「どちらも『どしゃ』でしょう。」,
,多義語型,地鳴りと共に山が崩れて足がすくむ土砂崩れ,山や構造物が崩れ落ちること,ほうかい,崩壊,崩壊,信頼関係が失われた夫婦関係,地鳴りと共に山が崩れて足がすくむ土砂崩れとかけて、信頼関係が失われた夫婦関係と解く。その心は「どちらも『崩壊』でしょう。」,
,多義語型,地鳴りと共に山が崩れて足がすくむ土砂崩れ,恐怖で身動きが取れない,うごけない,動けない,動けない,締め切りに追われる漫画家,地鳴りと共に山が崩れて足がすくむ土砂崩れとかけて、締め切りに追われる漫画家と解く。その心は「どちらも『動けない』でしょう。」,
,フレーズ・慣用句型,地鳴りと共に山が崩れて足がすくむ土砂崩れ,大量の土砂が勢いよく迫ってくる様子,おしよせる,押し寄せる,押し寄せる,人気アイドルのコンサート会場,地鳴りと共に山が崩れて足がすくむ土砂崩れとかけて、人気アイドルのコンサート会場と解く。その心は「どちらも『多くのものが押し寄せる』でしょう。」,
,フレーズ・慣用句型,地鳴りと共に山が崩れて足がすくむ土砂崩れ,恐怖で足が動かなくなる状態,あしがすくむ,足がすくむ,足がすくむ,借金の取り立てに怯える経営者,地鳴りと共に山が崩れて足がすくむ土砂崩れとかけて、借金の取り立てに怯える経営者と解く。その心は「どちらも『足がすくむ』でしょう。」,
,完全な同音異義語型,周りが真っ白になって方向感覚を失って焦る濃霧,方向感覚を失い、途方に暮れる,まよう,迷う,繭,蚕,「周りが真っ白になって方向感覚を失って焦る濃霧」とかけて、「蚕」と解く。その心は『どちらも「まよう」（迷う／繭）でしょう。』,
,完全な同音異義語型,周りが真っ白になって方向感覚を失って焦る濃霧,視界が真っ白になる,しろ,白,城,戦国時代の武将,「周りが真っ白になって方向感覚を失って焦る濃霧」とかけて、「戦国時代の武将」と解く。その心は『どちらも「しろ」（白／城）でしょう。』,
,多義語型,周りが真っ白になって方向感覚を失って焦る濃霧,先が見えず、進むべき方向が分からない,みちがみえない,道が見えない,道が見えない,将来に不安を感じている就職活動中の学生,「周りが真っ白になって方向感覚を失って焦る濃霧」とかけて、「将来に不安を感じている就職活動中の学生」と解く。その心は『どちらも「道が見えない」でしょう。』,
,多義語型,周りが真っ白になって方向感覚を失って焦る濃霧,霧が充満し、周囲を覆い尽くす,たちこめる,立ち込める,立ち籠もる,部屋から出ずに引きこもっている人,「周りが真っ白になって方向感覚を失って焦る濃霧」とかけて、「部屋から出ずに引きこもっている人」と解く。その心は『どちらも「たちこめる」（立ち込める／立ち籠もる）でしょう。』,
,フレーズ・慣用句型,周りが真っ白になって方向感覚を失って焦る濃霧,視界が白一色になり、何も見えなくなる,まっしろになる,真っ白になる,真っ白になる,突然の質問で頭がフリーズした人,「周りが真っ白になって方向感覚を失って焦る濃霧」とかけて、「突然の質問で頭がフリーズした人」と解く。その心は『どちらも「真っ白になる」でしょう。』,
,フレーズ・慣用句型,周りが真っ白になって方向感覚を失って焦る濃霧,視界が悪く、手元が確認できない,てもとがみえない,手元が見えない,手元が見えない,資金の使途が不明瞭な会社の経営者,「周りが真っ白になって方向感覚を失って焦る濃霧」とかけて、「資金の使途が不明瞭な会社の経営者」と解く。その心は『どちらも「手元が見えない」でしょう。』,
,完全な同音異義語型,生ぬるくて肌にまとわりつくような不快な湿気,空気が水蒸気で満たされて熱っぽくなる、じめじめする,むれる,蒸れる,群れる,アイドルグループのファン,生ぬるくて肌にまとわりつくような不快な湿気とかけて、アイドルグループのファンと解く。その心は「どちらも『むれる（蒸れる／群れる）』でしょう。」,
,完全な同音異義語型,生ぬるくて肌にまとわりつくような不快な湿気,湿気を帯びて品質が悪くなる、じめじめする,しける,湿気る,時化る,不漁続きの漁師,生ぬるくて肌にまとわりつくような不快な湿気とかけて、不漁続きの漁師と解く。その心は「どちらも『しける（湿気る／時化る）』でしょう。」,
,多義語型,生ぬるくて肌にまとわりつくような不快な湿気,空気が重苦しい、気分が沈む,おもい,重い,重い,引っ越し業者の荷物,生ぬるくて肌にまとわりつくような不快な湿気とかけて、引っ越し業者の荷物と解く。その心は「どちらも『おもい（重い）』でしょう。」,
,多義語型,生ぬるくて肌にまとわりつくような不快な湿気,肌や物が粘りつくように感じる,べたつく,べたつく,べたつく,やけに密着する恋人同士,生ぬるくて肌にまとわりつくような不快な湿気とかけて、やけに密着する恋人同士と解く。その心は「どちらも『べたつく』でしょう。」,
,フレーズ・慣用句型,生ぬるくて肌にまとわりつくような不快な湿気,重苦しい湿気に体が包まれて、自由に動けないような感覚,みうごきがとれない,身動きが取れない,身動きが取れない,多額の借金を抱えた経営者,生ぬるくて肌にまとわりつくような不快な湿気とかけて、多額の借金を抱えた経営者と解く。その心は「どちらも『身動きが取れない』でしょう。」,
,フレーズ・慣用句型,生ぬるくて肌にまとわりつくような不快な湿気,不快な湿気によって気分が沈み、やる気がなくなる状態,きがめいる,気が滅入る,気が滅入る,失恋して落ち込んでいる人,生ぬるくて肌にまとわりつくような不快な湿気とかけて、失恋して落ち込んでいる人と解く。その心は「どちらも『気が滅入る』でしょう。」,
,完全な同音異義語型,夜空に揺らめく光を見て息を呑むほど感動するオーロラ,光が揺らめき、舞い上がる,まう,舞う,買ぅ,安売りをしている市場,夜空に揺らめく光を見て息を呑むほど感動するオーロラとかけて、安売りをしている市場と解く。その心は「どちらも『まう（舞う／買ぅ）』でしょう。」,
,完全な同音異義語型,夜空に揺らめく光を見て息を呑むほど感動するオーロラ,光が帯状に現れる,おび,帯,帯 (着物などを締めるもの),着物姿の人,夜空に揺らめく光を見て息を呑むほど感動するオーロラとかけて、着物姿の人と解く。その心は「どちらも『おび（帯）』でしょう。」,
,多義語型,夜空に揺らめく光を見て息を呑むほど感動するオーロラ,不思議で美しい現象である,しんぴてき,神秘的 (不思議で美しい),神秘的 (秘密めいていて理解しがたい),未解明な古代文明の遺跡,夜空に揺らめく光を見て息を呑むほど感動するオーロラとかけて、未解明な古代文明の遺跡と解く。その心は「どちらも『神秘的』でしょう。」,
,多義語型,夜空に揺らめく光を見て息を呑むほど感動するオーロラ,大空に現れる,そら,空 (大空),空 (中身がないこと),何も入っていないお弁当箱,夜空に揺らめく光を見て息を呑むほど感動するオーロラとかけて、何も入っていないお弁当箱と解く。その心は「どちらも『そら（空）』でしょう。」,
,フレーズ・慣用句型,夜空に揺らめく光を見て息を呑むほど感動するオーロラ,光の筋が空に舞い上がる,まいあがる,舞い上がる (光が),舞い上がる (喜びで),宝くじが当たった人,夜空に揺らめく光を見て息を呑むほど感動するオーロラとかけて、宝くじが当たった人と解く。その心は「どちらも『舞い上がる』でしょう。」,
,フレーズ・慣用句型,夜空に揺らめく光を見て息を呑むほど感動するオーロラ,美しさに感動して息を呑む,いきをのむ,息を呑む (感動で),息を呑む (緊張や恐怖で),緊迫した場面のサスペンスドラマ,夜空に揺らめく光を見て息を呑むほど感動するオーロラとかけて、緊迫した場面のサスペンスドラマと解く。その心は「どちらも『息を呑む』でしょう。」,
,完全な同音異義語型,全てを吹き飛ばしそうで恐怖で足が震える竜巻,物を上へ運ぶように持ち上げる物理的な力,まきあげる,巻き上げる,薪を揚げる,昔ながらの五右衛門風呂を準備する人,全てを吹き飛ばしそうで恐怖で足が震える竜巻とかけて、昔ながらの五右衛門風呂を準備する人と解く。その心は「どちらも薪を揚げる」でしょう。,
,多義語型,全てを吹き飛ばしそうで恐怖で足が震える竜巻,周囲に甚大な影響を与える圧倒的な力,はかいりょく,破壊力,破壊力,観客を熱狂させるロックバンドのボーカリスト,全てを吹き飛ばしそうで恐怖で足が震える竜巻とかけて、観客を熱狂させるロックバンドのボーカリストと解く。その心は「どちらも破壊力がある」でしょう。,
,フレーズ・慣用句型,全てを吹き飛ばしそうで恐怖で足が震える竜巻,危険で人が近づくことを避けさせる性質,ちかづけない,近づけない,近づけない,秘密を抱え込む人,全てを吹き飛ばしそうで恐怖で足が震える竜巻とかけて、秘密を抱え込む人と解く。その心は「どちらも人には近づけない」でしょう。,
,完全な同音異義語型,全てを吹き飛ばしそうで恐怖で足が震える竜巻,その場で高速に回転する物理的な動作,まわる,回る,周る,担当エリアを巡回する警備員,全てを吹き飛ばしそうで恐怖で足が震える竜巻とかけて、担当エリアを巡回する警備員と解く。その心は「どちらも周る」でしょう。,
,多義語型,全てを吹き飛ばしそうで恐怖で足が震える竜巻,周囲のものを吸い寄せ影響下に入れる性質,まきこむ,巻き込む,巻き込む,不要な争いに友人を引き入れる人,全てを吹き飛ばしそうで恐怖で足が震える竜巻とかけて、不要な争いに友人を引き入れる人と解く。その心は「どちらも人を巻き込む」でしょう。,
,フレーズ・慣用句型,全てを吹き飛ばしそうで恐怖で足が震える竜巻,恐怖や衝撃で動けなくなる体の状態,あしがすくむ,足がすくむ,足がすくむ,大勢の人の前で演説する直前の新人政治家,全てを吹き飛ばしそうで恐怖で足が震える竜巻とかけて、大勢の人の前で演説する直前の新人政治家と解く。その心は「どちらも足がすくむ」でしょう。,
,完全な同音異義語型,浴びすぎると肌が真っ赤になってヒリヒリ痛む紫外線,肌が熱を持ち、焦げるように赤くなる状態,やける,焼ける（肌が）,妬ける（嫉妬する）,恋人が他の異性と親しくしている様子,「浴びすぎると肌が真っ赤になってヒリヒリ痛む紫外線」とかけて、「恋人が他の異性と親しくしている様子」と解く。その心は「どちらも『やける』でしょう。」,
,完全な同音異義語型,浴びすぎると肌が真っ赤になってヒリヒリ痛む紫外線,人体に悪影響を与えること,がい,害（人体に）,貝（海の生き物）,海の底に棲む巻き貝や二枚貝,「浴びすぎると肌が真っ赤になってヒリヒリ痛む紫外線」とかけて、「海の底に棲む巻き貝や二枚貝」と解く。その心は「どちらも『がい』があるでしょう。」,
,多義語型,浴びすぎると肌が真っ赤になってヒリヒリ痛む紫外線,光線が皮膚の表面に到達すること,あたる,当たる（光線が肌に）,当たる（宝くじなどが）,宝くじの抽選結果,「浴びすぎると肌が真っ赤になってヒリヒリ痛む紫外線」とかけて、「宝くじの抽選結果」と解く。その心は「どちらも『当たる』ことがあるでしょう。」,
,多義語型,浴びすぎると肌が真っ赤になってヒリヒリ痛む紫外線,その光線が持つエネルギーの強度,つよい,強い（日差しが）,強い（筋力などが）,腕相撲でなかなか負けない人,「浴びすぎると肌が真っ赤になってヒリヒリ痛む紫外線」とかけて、「腕相撲でなかなか負けない人」と解く。その心は「どちらも『強い』でしょう。」,
,フレーズ・慣用句型,浴びすぎると肌が真っ赤になってヒリヒリ痛む紫外線,皮膚の色素が濃くなる現象,ひやけをする,日焼けをする（肌が）,日焼けをする（紙や布が）,長い間窓際に置かれた写真集,「浴びすぎると肌が真っ赤になってヒリヒリ痛む紫外線」とかけて、「長い間窓際に置かれた写真集」と解く。その心は「どちらも『日焼けをする』でしょう。」,
,フレーズ・慣用句型,浴びすぎると肌が真っ赤になってヒリヒリ痛む紫外線,光が肌に直接届くこと,はだにあたる,肌に当たる（紫外線が）,肌に当たる（言葉遣いや態度が）,人に厳しく冷たい態度で接する人,「浴びすぎると肌が真っ赤になってヒリヒリ痛む紫外線」とかけて、「人に厳しく冷たい態度で接する人」と解く。その心は「どちらも『肌に当たる』でしょう。」,
,完全な同音異義語型,鼻の奥にツンとくるような磯の香りを運ぶ海風,鼻への刺激、「ツンとくる」感覚,つんとする,鼻に「ツンとくる」,態度が「ツンとする」,口数の少ない人,「鼻の奥にツンとくるような磯の香りを運ぶ海風」とかけて、「口数の少ない人」と解く。その心は「どちらも『ツンとしている』でしょう。」,
,完全な同音異義語型,鼻の奥にツンとくるような磯の香りを運ぶ海風,香りを「運ぶ」動作,はこぶ,香りを「運ぶ」,荷物を「運ぶ」,重い荷物をテキパキと片付ける引越し業者,「鼻の奥にツンとくるような磯の香りを運ぶ海風」とかけて、「重い荷物をテキパキと片付ける引越し業者」と解く。その心は「どちらも『ハコぶ』でしょう。」,
,多義語型,鼻の奥にツンとくるような磯の香りを運ぶ海風,香りが「届く」こと,とどく,香りが「届く」（到達する）,願いが「届く」（叶う、伝わる）,遠方に住む孫に会いたいと願う祖父,「鼻の奥にツンとくるような磯の香りを運ぶ海風」とかけて、「遠方に住む孫に会いたいと願う祖父」と解く。その心は「どちらも『想いが届く』でしょう。」,
,多義語型,鼻の奥にツンとくるような磯の香りを運ぶ海風,磯の「香り」を放つ,かおり,磯の「香り」（匂い）,独自の「香り」（雰囲気、個性）,独創的な作風で知られる芸術家,「鼻の奥にツンとくるような磯の香りを運ぶ海風」とかけて、「独創的な作風で知られる芸術家」と解く。その心は「どちらも『独自の香りを放つ』でしょう。」,
,フレーズ・慣用句型,鼻の奥に「ツンとくる」ような磯の香りを運ぶ海風,鼻への刺激、「ツンとくる」感覚,つんときた,鼻に「ツンとくる」,「心にツンとくる」（感動や切なさ）,昔の思い出に浸って感動する人,「鼻の奥にツンとくるような磯の香りを運ぶ海風」とかけて、「昔の思い出に浸って感動する人」と解く。その心は「どちらも『心にツンとくる』でしょう。」,
,フレーズ・慣用句型,鼻の奥にツンとくるような磯の香りを運ぶ「海風」,「風が吹く」こと,かぜがふく,「風が吹く」（自然現象）,「追い風が吹く」（好機が訪れる慣用句）,停滞していた事業が急に好転し始めた経営者,「鼻の奥にツンとくるような磯の香りを運ぶ海風」とかけて、「停滞していた事業が急に好転し始めた経営者」と解く。その心は「どちらも『追い風が吹く』でしょう。」,
,多義語型,骨の髄まで凍えるような厳しい寒波の到来,体が冷え切る、寒さで震える、暖を求める,こごえる,凍える（物理的に体が冷えて動きが鈍くなる状態）,凍える（植物などが寒さで生育が止まる、または枯れる状態）,成長が止まった植物,「骨の髄まで凍えるような厳しい寒波の到来」とかけて、「成長が止まった植物」と解く。その心は「どちらも『凍える』でしょう。」,
,フレーズ・慣用句型,骨の髄まで凍えるような厳しい寒波の到来,寒くて身動きが取れない、体が縮こまる、外に出たくない,かんがえる,寒（かん）が「到来する（かえる）」,考える（頭を使って物事を思考する）,難しい問題に直面している人,「骨の髄まで凍えるような厳しい寒波の到来」とかけて、「難しい問題に直面している人」と解く。その心は「どちらも『かんがえる（寒が到来する／考える）』でしょう。」,
,完全な同音異義語型,骨の髄まで凍えるような厳しい寒波の到来,寒さで身が引き締まる、感覚が麻痺する、体が硬直する,しびれる,痺れる（寒さで手足の感覚が麻痺する状態）,痺れる（感電や感動で体が硬直する、または興奮する状態）,ロックコンサートで熱狂するファン,「骨の髄まで凍えるような厳しい寒波の到来」とかけて、「ロックコンサートで熱狂するファン」と解く。その心は「どちらも『しびれる』でしょう。」,
,多義語型,骨の髄まで凍えるような厳しい寒波の到来,厳しい冷え込み、温度が低い、底冷えする,ひえこむ,冷え込む（気温が急激に下がる状態）,冷え込む（経済状況や人間関係が悪化する状態）,不況で業績が悪化した会社,「骨の髄まで凍えるような厳しい寒波の到来」とかけて、「不況で業績が悪化した会社」と解く。その心は「どちらも『冷え込む』でしょう。」,
,フレーズ・慣用句型,骨の髄まで凍えるような厳しい寒波の到来,暖房が必要、暖かい場所を求める、ストーブを焚く,だんをとる,暖を取る（寒さをしのぐために暖かさを求める）,談を取る（話し合いをする、談話をする）,交渉の場で意見を交わす人々,「骨の髄まで凍えるような厳しい寒波の到来」とかけて、「交渉の場で意見を交わす人々」と解く。その心は「どちらも『だんをとる（暖を取る／談を取る）』でしょう。」,
,完全な同音異義語型,骨の髄まで凍えるような厳しい寒波の到来,息が白い、吐く息が凍る、凍結する,こおる,凍る（液体が固体になる、寒さで体が硬くなる）,凝る（筋肉が硬くなる、ある物事に熱中する）,肩こりがひどいデスクワーカー,「骨の髄まで凍えるような厳しい寒波の到来」とかけて、「肩こりがひどいデスクワーカー」と解く。その心は「どちらも『こおる（凍る／凝る）』でしょう。」,
,完全な同音異義語型,まるで怒り狂っているかのように激しく叩きつける暴風雨,天候が激しくなる状態,あれる,荒れる,荒れる（肌の荒れ、生活の荒れなど）,夜更かしが続く人の生活,「まるで怒り狂っているかのように激しく叩きつける暴風雨」とかけて、「夜更かしが続く人の生活」と解く。その心は「どちらも『荒れる』でしょう。」,
,完全な同音異義語型,まるで怒り狂っているかのように激しく叩きつける暴風雨,視界が遮られること,みとおしがきかない,見通しが利かない,見通しが利かない（将来や計画）,経営不振に陥った中小企業の未来,「まるで怒り狂っているかのように激しく叩きつける暴風雨」とかけて、「経営不振に陥った中小企業の未来」と解く。その心は「どちらも『見通しが利かない』でしょう。」,
,多義語型,まるで怒り狂っているかのように激しく叩きつける暴風雨,勢いがあること,いきおいがある,勢いがある,勢いがある（物事の調子が良い）,飛ぶ鳥を落とす勢いの若手起業家,「まるで怒り狂っているかのように激しく叩きつける暴風雨」とかけて、「飛ぶ鳥を落とす勢いの若手起業家」と解く。その心は「どちらも『勢いがある』でしょう。」,
,多義語型,まるで怒り狂っているかのように激しく叩きつける暴風雨,状況が悪いこと,わるい,悪い（天候が悪い）,悪い（品行が悪い、関係が悪い）,友人の秘密をばらした生徒,「まるで怒り狂っているかのように激しく叩きつける暴風雨」とかけて、「友人の秘密をばらした生徒」と解く。その心は「どちらも『悪い』でしょう。」,
,フレーズ・慣用句型,まるで怒り狂っているかのように激しく叩きつける暴風雨,外出が困難な状態,でられない,出られない（外に出られない）,出られない（会社を辞められない、組織から抜け出せない）,ブラック企業に勤める社員,「まるで怒り狂っているかのように激しく叩きつける暴風雨」とかけて、「ブラック企業に勤める社員」と解く。その心は「どちらも『出られない』でしょう。」,
,フレーズ・慣用句型,まるで怒り狂っているかのように激しく叩きつける暴風雨,身動きが取れない状況,うごけない,動けない（外出できない、交通が麻痺する）,動けない（借金で身動きが取れない、病気で動けない）,多額の借金を抱えた会社,「まるで怒り狂っているかのように激しく叩きつける暴風雨」とかけて、「多額の借金を抱えた会社」と解く。その心は「どちらも『動けない』でしょう。」,
,完全な同音異義語型,全てを飲み込む圧倒的な力に絶望する巨大な津波,あらゆるものを力強く取り込む,のむ,呑む（力づくで飲み込む）,飲む（液体を摂取する）,喉が渇いた人,「全てを飲み込む圧倒的な力に絶望する巨大な津波」とかけて、「喉が渇いた人」と解く。その心は『どちらも「のむ」でしょう。』,
,完全な同音異義語型,全てを飲み込む圧倒的な力に絶望する巨大な津波,水が引き潮のように後退する様子,ひく,引く（水が引く、物を引きずり込む）,弾く（弦楽器を演奏する）,ギターの演奏家,「全てを飲み込む圧倒的な力に絶望する巨大な津波」とかけて、「ギターの演奏家」と解く。その心は『どちらも「ひく」でしょう。』,
,多義語型,全てを飲み込む圧倒的な力に絶望する巨大な津波,広範囲にわたって一面に覆い尽くす,おおう,覆う（広範囲に広がり隠す）,覆う（体を暖める、秘密を隠す）,寒がりの人が布団をかける様子,「全てを飲み込む圧倒的な力に絶望する巨大な津波」とかけて、「寒がりの人が布団をかける様子」と解く。その心は『どちらも「覆う」でしょう。』,
,多義語型,全てを飲み込む圧倒的な力に絶望する巨大な津波,人や物を強制的に移動させる、流されてしまう,おしながす,押し流す（物理的に流す）,押し流される（状況や意見に逆らえず従う）,世間の風潮に流されやすい人,「全てを飲み込む圧倒的な力に絶望する巨大な津波」とかけて、「世間の風潮に流されやすい人」と解く。その心は『どちらも「押し流される」でしょう。』,
,フレーズ・慣用句型,全てを飲み込む圧倒的な力に絶望する巨大な津波,生活や事業が破綻し困難な状態になる,たちゆかない,立ちゆかない（生活・事業が困難になる）,立ちゆかない（計画がうまく進まない、成立しない）,資金繰りに苦しむ中小企業,「全てを飲み込む圧倒的な力に絶望する巨大な津波」とかけて、「資金繰りに苦しむ中小企業」と解く。その心は『どちらも「立ちゆかない」でしょう。』,
,フレーズ・慣用句型,全てを飲み込む圧倒的な力に絶望する巨大な津波,突然、人や場所に迫り来る,おそいかかる,襲いかかる（物理的に迫る）,襲いかかる（睡魔や不安などが急に迫る）,大事な会議中に急な睡魔に襲われたビジネスマン,「全てを飲み込む圧倒的な力に絶望する巨大な津波」とかけて、「大事な会議中に急な睡魔に襲われたビジネスマン」と解く。その心は『どちらも「襲いかかる」でしょう。』,
,完全な同音異義語型,燃えるような赤色に染まって心が洗われる夕焼け,心が浄化される,あらわれる,洗われる（心が浄化される）,現れる（姿や形が見えるようになる）,舞台に立つ役者,燃えるような赤色に染まって心が洗われる夕焼けとかけて、舞台に立つ役者と解く。その心は「どちらも『あらわれる』でしょう。」,
,完全な同音異義語型,燃えるような赤色に染まって心が洗われる夕焼け,炎のように熱い赤色である,もえる,燃える（炎のように赤く輝く）,萌える（可愛らしいものを見て心がときめく）,推しのアイドル,燃えるような赤色に染まって心が洗われる夕焼けとかけて、推しのアイドルと解く。その心は「どちらも『もえる』でしょう。」,
,多義語型,燃えるような赤色に染まって心が洗われる夕焼け,景色がある色になる,そまる,染まる（ある色になる）,染まる（ある思想や風習の影響を受ける）,新しい会社に入った新入社員,燃えるような赤色に染まって心が洗われる夕焼けとかけて、新しい会社に入った新入社員と解く。その心は「どちらも『染まる』でしょう。」,
,多義語型,燃えるような赤色に染まって心が洗われる夕焼け,精神的な汚れを洗い流す,あらう,洗う（心を浄化する）,洗う（物理的に汚れを落とす）,泥だらけの靴,燃えるような赤色に染まって心が洗われる夕焼けとかけて、泥だらけの靴と解く。その心は「どちらも『洗う』でしょう。」,
,フレーズ・慣用句型,燃えるような赤色に染まって心が洗われる夕焼け,一日の終わりを迎える,まくをとじる,幕を閉じる（一日が終わりを迎える様子）,幕を閉じる（演劇やイベントが終了する）,大成功に終わった演劇,燃えるような赤色に染まって心が洗われる夕焼けとかけて、大成功に終わった演劇と解く。その心は「どちらも『幕を閉じる』でしょう。」,
,フレーズ・慣用句型,燃えるような赤色に染まって心が洗われる夕焼け,精神的な浄化を体験する,こころがあらわれる,心が洗われる（夕焼けを見て精神的な浄化を感じる）,心が洗われる（特定の行為によって精神的な浄化が訪れる）,滝行に励む修行僧,燃えるような赤色に染まって心が洗われる夕焼けとかけて、滝行に励む修行僧と解く。その心は「どちらも『心が洗われる』でしょう。」,
,完全な同音異義語型,月の引力で規則的に満ち引きする潮汐,水面に波が立ち、水位が変動する現象,なみ,波,並（平均的であること）,いつも平均的な成績を取る学生,「月の引力で規則的に満ち引きする潮汐」とかけて、「いつも平均的な成績を取る学生」と解く。その心は「どちらも『なみ』でしょう。」,
,完全な同音異義語型,月の引力で規則的に満ち引きする潮汐,物事を行うのに最適な時期やタイミング,しおどき,潮時,塩時（漬物で塩を加える最適な時期）,腕利きの漬物職人,「月の引力で規則的に満ち引きする潮汐」とかけて、「腕利きの漬物職人」と解く。その心は「どちらも『しおどき』でしょう。」,
,多義語型,月の引力で規則的に満ち引きする潮汐,水位が上がったり下がったりして変化すること,へんどう,変動（水位の変動）,変動（価格や状況が変わること）,株価の動きを追い続ける為替トレーダー,「月の引力で規則的に満ち引きする潮汐」とかけて、「株価の動きを追い続ける為替トレーダー」と解く。その心は「どちらも『変動』するでしょう。」,
,多義語型,月の引力で規則的に満ち引きする潮汐,水が遠ざかる物理的な動き,ひく,引く（潮が引く）,引く（風邪を引く）,季節の変わり目に体調を崩しやすい人,「月の引力で規則的に満ち引きする潮汐」とかけて、「季節の変わり目に体調を崩しやすい人」と解く。その心は「どちらも『引く』でしょう。」,
,フレーズ・慣用句型,月の引力で規則的に満ち引きする潮汐,水位が時間とともに満たされてくる様子,みちてくる,満ちてくる（潮が満ちてくる）,満ちてくる（自信や希望が満ちてくる）,大事なプレゼンを控えて自信があるビジネスパーソン,「月の引力で規則的に満ち引きする潮汐」とかけて、「大事なプレゼンを控えて自信が『満ちてくる』ビジネスパーソン」と解く。その心は「どちらも『満ちてくる』でしょう。」,
,フレーズ・慣用句型,月の引力で規則的に満ち引きする潮汐,水が一定の方向へ動いていること,ながれがある,流れがある（潮の流れ）,流れがある（議論や物事がスムーズに進む）,議論が円滑に進む会議,「月の引力で規則的に満ち引きする潮汐」とかけて、「議論が円滑に進む会議」と解く。その心は「どちらも『流れがある』でしょう。」,
,完全な同音異義語型,太陽の周りを1年かけて巡る地球の公転,宇宙を「巡る」現象,めぐる,巡る（太陽の周りを巡る）,恵む（貧しい人に金品を恵む）,困っている人への慈善活動,「太陽の周りを1年かけて巡る地球の公転」とかけて、「困っている人への慈善活動」と解く。その心は「どちらも『めぐる』でしょう。」,
,完全な同音異義語型,太陽の周りを1年かけて巡る地球の公転,規則正しい「周期」で繰り返される,しゅうき,周期（公転の周期）,終期（プロジェクトの終期）,長期プロジェクトの最終段階,「太陽の周りを1年かけて巡る地球の公転」とかけて、「長期プロジェクトの最終段階」と解く。その心は「どちらも『しゅうき』でしょう。」,
,多義語型,太陽の周りを1年かけて巡る地球の公転,時間が「経つ」、季節が「経つ」,たつ,経つ（時間が経つ）,立つ（計画が立つ、役に立つ）,新しい事業計画,「太陽の周りを1年かけて巡る地球の公転」とかけて、「新しい事業計画」と解く。その心は「どちらも『たつ』でしょう。」,
,多義語型,太陽の周りを1年かけて巡る地球の公転,絶えず「巡り」続けることで生命が維持される,めぐり,巡り（地球が太陽の周りを巡る）,巡り（血の巡り、お金の巡り）,活発な経済活動,「太陽の周りを1年かけて巡る地球の公転」とかけて、「活発な経済活動」と解く。その心は「どちらも『めぐり』でしょう。」,
,フレーズ・慣用句型,太陽の周りを1年かけて巡る地球の公転,毎年、同じように季節が「巡ってくる」,めぐってくる,巡ってくる（季節が巡ってくる）,巡ってくる（順番が巡ってくる、不幸が巡ってくる）,自分の番が回ってきた仕事,「太陽の周りを1年かけて巡る地球の公転」とかけて、「自分の番が回ってきた仕事」と解く。その心は「どちらも『巡ってくる』でしょう。」,
,フレーズ・慣用句型,太陽の周りを1年かけて巡る地球の公転,途切れることなく「繰り返される」現象,くりかえされる,繰り返される（公転が毎年繰り返される）,繰り返される（歴史上の過ちが繰り返される）,歴史上の過ち,「太陽の周りを1年かけて巡る地球の公転」とかけて、「歴史上の過ち」と解く。その心は「どちらも『繰り返される』でしょう。」,
,完全な同音異義語型,真昼に太陽が隠れて辺りが暗くなる日食,太陽が月に隠れて見えなくなる,かくれる,隠れる (太陽が),隠れる (姿を隠す),鬼ごっこをしている子供,「真昼に太陽が隠れて辺りが暗くなる日食」とかけて、「鬼ごっこをしている子供」と解く。その心は「どちらも『隠れる』でしょう。」,
,完全な同音異義語型,真昼に太陽が隠れて辺りが暗くなる日食,太陽の一部が月に覆われて見えなくなる,かける,欠ける (太陽が),欠ける (器の縁などが),毎日使っているお皿,「真昼に太陽が隠れて辺りが暗くなる日食」とかけて、「毎日使っているお皿」と解く。その心は「どちらも『欠ける』でしょう。」,
,多義語型,真昼に太陽が隠れて辺りが暗くなる日食,昼間なのにあたりが暗くなる,くらい,暗い (辺りが),暗い (表情や雰囲気などが),悩みを抱えた人の表情,「真昼に太陽が隠れて辺りが暗くなる日食」とかけて、「悩みを抱えた人の表情」と解く。その心は「どちらも『暗い』でしょう。」,
,多義語型,真昼に太陽が隠れて辺りが暗くなる日食,月の影が地球に落ちる,かげ,影 (月が落とす),影 (ひそかに人を助ける存在),舞台裏で役者を支えるスタッフ,「真昼に太陽が隠れて辺りが暗くなる日食」とかけて、「舞台裏で役者を支えるスタッフ」と解く。その心は「どちらも『影』でしょう。」,
,フレーズ・慣用句型,真昼に太陽が隠れて辺りが暗くなる日食,珍しい現象に多くの人々が注目する,めをうばう,目を奪う (珍しい現象が),目を奪う (素晴らしいパフォーマンスが),観客を魅了する素晴らしいパフォーマンス,「真昼に太陽が隠れて辺りが暗くなる日食」とかけて、「観客を魅了する素晴らしいパフォーマンス」と解く。その心は「どちらも『目を奪う』でしょう。」,
,フレーズ・慣用句型,真昼に太陽が隠れて辺りが暗くなる日食,太陽が姿を見せない,かおをださない,顔を出さない (太陽が月に隠れて),顔を出さない (公の場に姿を見せない),なかなか会議に現れない社長,「真昼に太陽が隠れて辺りが暗くなる日食」とかけて、「なかなか会議に現れない社長」と解く。その心は「どちらも『顔を出さない』でしょう。」,
,完全な同音異義語型,夜空に一瞬だけ光の尾を引く流れ星,光が消えてなくなる,きえる,消える,聞える,隣の部屋の話し声,夜空に一瞬だけ光の尾を引く流れ星とかけて、隣の部屋の話し声と解く。その心は『どちらも「きえる（消える／聞える）」でしょう。』,
,完全な同音異義語型,夜空に一瞬だけ光の尾を引く流れ星,空から落ちてくるように見える,おち,落ち,落ち,漫才師,夜空に一瞬だけ光の尾を引く流れ星とかけて、漫才師と解く。その心は『どちらも「落ち」でしょう。』,
,多義語型,夜空に一瞬だけ光の尾を引く流れ星,ある方向へ進んでいく動き,ながれ,流れ,流れ,時代の移り変わり,夜空に一瞬だけ光の尾を引く流れ星とかけて、時代の移り変わりと解く。その心は『どちらも「流れ」でしょう。』,
,多義語型,夜空に一瞬だけ光の尾を引く流れ星,光が途絶えて見えなくなる,きえる,消える,消える,人々の記憶から忘れ去られる存在,夜空に一瞬だけ光の尾を引く流れ星とかけて、人々の記憶から忘れ去られる存在と解く。その心は『どちらも「消える」でしょう。』,
,フレーズ・慣用句型,夜空に一瞬だけ光の尾を引く流れ星,極めて短い時間で終わる,あっというま,あっという間,あっという間,子供の成長,夜空に一瞬だけ光の尾を引く流れ星とかけて、子供の成長と解く。その心は『どちらも「あっという間」でしょう。』,
,フレーズ・慣用句型,夜空に一瞬だけ光の尾を引く流れ星,光の軌跡が後方に残る,おをひく,尾を引く,尾を引く,過去の失敗,夜空に一瞬だけ光の尾を引く流れ星とかけて、過去の失敗と解く。その心は『どちらも「尾を引く」でしょう。』,
,完全な同音異義語型,水が姿を変えながら地球を循環する自然のサイクル,水が地球を巡り続ける,めぐる,巡る（水が地球を巡る）,愛でる（美しさや趣を鑑賞する）,美しい庭園の景色,水が姿を変えながら地球を循環する自然のサイクルとかけて、美しい庭園の景色と解く。その心は「どちらも『めぐる』でしょう。」,
,多義語型,水が姿を変えながら地球を循環する自然のサイクル,水の状態や場所が常に変わる,うつりかわり,移り変わり（水の状態や場所の変化）,移り変わり（時間と共に状況や状態が変化する）,四季の風景,水が姿を変えながら地球を循環する自然のサイクルとかけて、四季の風景と解く。その心は「どちらも『移り変わり』でしょう。」,
,フレーズ・慣用句型,水が姿を変えながら地球を循環する自然のサイクル,水が絶えず動き続ける、滞ることがない,とどまることをしらない,留まることを知らない（水が常に動き続ける）,留まることを知らない（発展や成長が止まらない）,進化し続ける科学技術,水が姿を変えながら地球を循環する自然のサイクルとかけて、進化し続ける科学技術と解く。その心は「どちらも『留まることを知らない』でしょう。」,
,完全な同音異義語型,水が姿を変えながら地球を循環する自然のサイクル,液体から気体に変化する,きか,気化（液体が気体になること）,寄家（ある家に身を寄せること、組織に入ること）,新入社員が会社に入社すること,水が姿を変えながら地球を循環する自然のサイクルとかけて、新入社員が会社に入社することと解く。その心は「どちらも『きか（気化／寄家）』でしょう。」,
,多義語型,水が姿を変えながら地球を循環する自然のサイクル,雪や氷として集積する,つみかさなる,積み重なる（雪や氷として水が積み重なる）,積み重なる（経験や努力が積み重なる）,日々の勉強,水が姿を変えながら地球を循環する自然のサイクルとかけて、日々の勉強と解く。その心は「どちらも『積み重なる』でしょう。」,
,フレーズ・慣用句型,水が姿を変えながら地球を循環する自然のサイクル,すべての生命の維持に不可欠,いのちのもと,命の源（生命活動に必要な水）,命の源（精神的な支えや心の糧）,故郷で待つ家族,水が姿を変えながら地球を循環する自然のサイクルとかけて、故郷で待つ家族と解く。その心は「どちらも『命の源』でしょう。」,
,完全な同音異義語型,長い年月をかけて硬い岩を削る川の浸食,岩を削り、形を変える,けずる,削る（岩を削る）,削る（予算を削る）,会社の予算を厳しく査定する経理担当者,長い年月をかけて硬い岩を削る川の浸食とかけて、会社の予算を厳しく査定する経理担当者と解く。その心は『どちらも「けずる」でしょう。』,
,完全な同音異義語型,長い年月をかけて硬い岩を削る川の浸食,岩の形が変化していく,へんか,変形（地形が変形する）,変化（マジックで姿を変える）,観客を驚かせるマジシャン,長い年月をかけて硬い岩を削る川の浸食とかけて、観客を驚かせるマジシャンと解く。その心は『どちらも「へんか」するでしょう。』,
,多義語型,長い年月をかけて硬い岩を削る川の浸食,谷を掘り進める,ほる,掘る（谷を掘る）,彫る（彫刻を彫る）,細やかな技術で木像を作る仏師,長い年月をかけて硬い岩を削る川の浸食とかけて、細やかな技術で木像を作る仏師と解く。その心は『どちらも「ほる」でしょう。』,
,多義語型,長い年月をかけて硬い岩を削る川の浸食,谷が深くなる,ふかく,深く（谷が深くえぐられる）,深く（問題を深く考察する）,難解な哲学書と向き合う研究者,長い年月をかけて硬い岩を削る川の浸食とかけて、難解な哲学書と向き合う研究者と解く。その心は『どちらも「深く」なるでしょう。』,
,フレーズ・慣用句型,長い年月をかけて硬い岩を削る川の浸食,少しずつ作用し続ける,こつこつと,こつこつと（地道に岩を削り続ける）,こつこつと（地道に努力する）,難関資格の合格を目指して勉強を続ける受験生,長い年月をかけて硬い岩を削る川の浸食とかけて、難関資格の合格を目指して勉強を続ける受験生と解く。その心は『どちらも「こつこつと」でしょう。』,
,フレーズ・慣用句型,長い年月をかけて硬い岩を削る川の浸食,その結果として新しい地形が姿を現す,ついにそのすがたをあらわす,ついにその姿を現す（新しい地形が形成される）,ついにその姿を現す（隠されていたものが公になる）,世間を騒がせた未解決事件の犯人,長い年月をかけて硬い岩を削る川の浸食とかけて、世間を騒がせた未解決事件の犯人と解く。その心は『どちらも「ついにその姿を現す」でしょう。』,
,完全な同音異義語型,巨大なプレートがぶつかって沈み込む地殻変動,プレート同士がぶつかり合うことで「歪み」が生じる。,ゆがみ,歪み（地殻にかかる物理的な変形、ひずみ）,歪み（人間の心のねじれ、不正、公平でない状態）,賄賂を受け取った政治家,「巨大なプレートがぶつかって沈み込む地殻変動」とかけて、「賄賂を受け取った政治家」と解く。その心は「どちらも『歪み』が生じるでしょう。」,
,フレーズ・慣用句型,巨大なプレートがぶつかって沈み込む地殻変動,プレートがぶつかり合うことで、大きな「力が加わる」。,ちからがくわわる,力が加わる（物理的な圧力がかかる）,力が加わる（物事の進行を助ける、援助する）,仲間からの応援を受けた選手,「巨大なプレートがぶつかって沈み込む地殻変動」とかけて、「仲間からの応援を受けた選手」と解く。その心は「どちらも『力が加わる』でしょう。」,
,多義語型,巨大なプレートがぶつかって沈み込む地殻変動,プレートがマントルへと「沈み込む」。,しずみこむ,沈み込む（プレートが深く潜り込む、沈下する）,沈み込む（人が深く考え込む、気分が落ち込む、感情が内向的になる）,失恋したばかりの若者,「巨大なプレートがぶつかって沈み込む地殻変動」とかけて、「失恋したばかりの若者」と解く。その心は「どちらも『沈み込む』でしょう。」,
,完全な同音異義語型,巨大なプレートがぶつかって沈み込む地殻変動,地震の際に地面が「割れる」。,われる,割れる（大地が断裂する、ヒビが入る）,割れる（意見が分裂する、支持者が二分する）,多数決で賛否が分かれた会議,「巨大なプレートがぶつかって沈み込む地殻変動」とかけて、「多数決で賛否が分かれた会議」と解く。その心は「どちらも『割れる』でしょう。」,
,多義語型,巨大なプレートがぶつかって沈み込む地殻変動,プレートがぶつかり合って「隆起」する場所がある。,りゅうき,隆起（地殻が盛り上がること）,隆起（人の地位や名声が高まること）,大きな功績を上げて表彰された社員,「巨大なプレートがぶつかって沈み込む地殻変動」とかけて、「大きな功績を上げて表彰された社員」と解く。その心は「どちらも『隆起』するでしょう。」,
,フレーズ・慣用句型,巨大なプレートがぶつかって沈み込む地殻変動,プレートの衝突により、莫大な「エネルギーが蓄積される」。,エネルギーがちくせきされる,エネルギーが蓄積される（物理的な力が溜め込まれる）,エネルギーが蓄積される（感情的な不満やストレスが溜まる）,日々の仕事で不満が募っているサラリーマン,「巨大なプレートがぶつかって沈み込む地殻変動」とかけて、「日々の仕事で不満が募っているサラリーマン」と解く。その心は「どちらも『エネルギーが蓄積される』でしょう。」,
,完全な同音異義語型,雨上がりの空に色鮮やかな七色を描く虹,空に架かり、向こう側へつながるような姿,はしわたし,橋渡し,端渡し,食卓で大皿料理を取り分ける人,雨上がりの空に色鮮やかな七色を描く虹とかけて、食卓で大皿料理を取り分ける人と解く。その心は『どちらも【はしわたし】でしょう。』,
,多義語型,雨上がりの空に色鮮やかな七色を描く虹,光が水滴によって進路を曲げる現象,くっせつする,屈折する,屈折する,思春期の子供の複雑な心理,雨上がりの空に色鮮やかな七色を描く虹とかけて、思春期の子供の複雑な心理と解く。その心は『どちらも【屈折する】でしょう。』,
,フレーズ・慣用句型,雨上がりの空に色鮮やかな七色を描く虹,多様な色が鮮やかに現れている状態,いろどりがゆたか,彩りが豊か,彩りが豊か,旬の食材が並ぶ市場の店先,雨上がりの空に色鮮やかな七色を描く虹とかけて、旬の食材が並ぶ市場の店先と解く。その心は『どちらも【彩りが豊か】でしょう。』,
,完全な同音異義語型,雨上がりの空に色鮮やかな七色を描く虹,雨上がりの後に現れる、明るい未来を予感させる存在,きぼう,希望,寄稿,締切に追われるフリーライター,雨上がりの空に色鮮やかな七色を描く虹とかけて、締切に追われるフリーライターと解く。その心は『どちらも【きぼう】でしょう。』,
,多義語型,雨上がりの空に色鮮やかな七色を描く虹,短い時間で消えゆく、はかない存在,はかない,儚い,儚い,若くして散った天才の人生,雨上がりの空に色鮮やかな七色を描く虹とかけて、若くして散った天才の人生と解く。その心は『どちらも【儚い】でしょう。』,
,フレーズ・慣用句型,雨上がりの空に色鮮やかな七色を描く虹,雨が降り止んだ後に姿を現す状況,やんだあと,止んだ後,止んだ後,激しい口論の後に気まずい空気が流れる夫婦,雨上がりの空に色鮮やかな七色を描く虹とかけて、激しい口論の後に気まずい空気が流れる夫婦と解く。その心は『どちらも【止んだ後】でしょう。』,
,完全な同音異義語型,西から東へ向かって常に吹き続ける偏西風,ある方向へ進む、接近する状態,むかう,向かう（進む方向）,迎える（出迎える）,来客を待つ主人,西から東へ向かって常に吹き続ける偏西風とかけて、来客を待つ主人と解く。その心は『どちらも「むかう」でしょう。』,
,完全な同音異義語型,西から東へ向かって常に吹き続ける偏西風,風が生じる、または風が移動する現象,ふく,吹く（風が吹き荒れる）,服（衣類）,毎日新しい服をデザインするファッションデザイナー,西から東へ向かって常に吹き続ける偏西風とかけて、毎日新しい服をデザインするファッションデザイナーと解く。その心は『どちらも「ふく」でしょう。』,
,多義語型,西から東へ向かって常に吹き続ける偏西風,一定の方向に動き続けること,ながれる,流れる（大気の動き）,流れる（物事が滞りなく進む）,円滑に進むプロジェクト会議,西から東へ向かって常に吹き続ける偏西風とかけて、円滑に進むプロジェクト会議と解く。その心は『どちらも「ながれる」でしょう。』,
,多義語型,西から東へ向かって常に吹き続ける偏西風,ある場所や空間を通過する,とおる,通る（風が通り抜ける）,通る（意見や企画が承認される）,上司に承認された新企画,西から東へ向かって常に吹き続ける偏西風とかけて、上司に承認された新企画と解く。その心は『どちらも「とおる」でしょう。』,
,フレーズ・慣用句型,西から東へ向かって常に吹き続ける偏西風,方向性を示す言葉,にしからひがしへ,西から東へ（地理的な方向）,西から東へ（文化や情報が伝播する様子）,シルクロードを通じた古代文化の伝播,西から東へ向かって常に吹き続ける偏西風とかけて、シルクロードを通じた古代文化の伝播と解く。その心は『どちらも「西から東へ」でしょう。』,
,フレーズ・慣用句型,西から東へ向かって常に吹き続ける偏西風,時間的に途切れることなく持続する状態,つねにふきつづける,常に吹き続ける（風の物理的な持続）,常に吹き続ける（楽器の演奏や人の主張の継続）,ライブで熱唱を続ける歌手,西から東へ向かって常に吹き続ける偏西風とかけて、ライブで熱唱を続ける歌手と解く。その心は『どちらも「常に吹き続ける」でしょう。』,
,多義語型,星が寿命の最後に激しく散る超新星爆発,最後に激しくエネルギーが放出され、その状態になる,はじける,弾ける（爆発的に光り輝く）,弾ける（感情や笑顔が溢れる）,満面の笑みで喜ぶ人,「星が寿命の最後に激しく散る超新星爆発」とかけて、「満面の笑みで喜ぶ人」と解く。その心は「どちらも『弾ける』でしょう。」,
,フレーズ・慣用句型,星が寿命の最後に激しく散る超新星爆発,その活動を終え、全てを出し切る,もえつきる,燃え尽きる（エネルギーを放出し尽くす）,燃え尽きる（気力や体力が尽きる）,全力を出し切ったアスリート,「星が寿命の最後に激しく散る超新星爆発」とかけて、「全力を出し切ったアスリート」と解く。その心は「どちらも『燃え尽きる』でしょう。」,
,完全な同音異義語型,星が寿命の最後に激しく散る超新星爆発,強烈な光を放つ,ひかる,光る（光り輝く）,轢かる（車などに衝突される）,不注意で道を歩く人,「星が寿命の最後に激しく散る超新星爆発」とかけて、「不注意で道を歩く人」と解く。その心は「どちらも『ひかる』でしょう。」,
,多義語型,星が寿命の最後に激しく散る超新星爆発,物質がバラバラになって広がる,ちる,散る（破片が飛び散る）,散る（桜の花が散る）,桜の花,「星が寿命の最後に激しく散る超新星爆発」とかけて、「桜の花」と解く。その心は「どちらも『散る』でしょう。」,
,フレーズ・慣用句型,星が寿命の最後に激しく散る超新星爆発,周囲に大量の物質をばらまく,まきちらす,撒き散らす（星の物質を周囲に放出する）,撒き散らす（悪評や噂を広める）,ゴシップ好きな人,「星が寿命の最後に激しく散る超新星爆発」とかけて、「ゴシップ好きな人」と解く。その心は「どちらも『撒き散らす』でしょう。」,
,完全な同音異義語型,星が寿命の最後に激しく散る超新星爆発,その存在としての寿命が終わりを迎える,いちだいをおえる,一代を終える（星としての生涯を終える）,一代を終える（事業や家業の経営を終える）,家業を次の世代に引き継いだ創業者,「星が寿命の最後に激しく散る超新星爆発」とかけて、「家業を次の世代に引き継いだ創業者」と解く。その心は「どちらも『一代を終える』でしょう。」,
,完全な同音異義語型,有害な宇宙線から地球を包んで守る磁気圏,地球を外側から保護するように覆い隠す,つつむ,包む,慎む,公の場で言葉を選ぶ人,有害な宇宙線から地球を包んで守る磁気圏とかけて、公の場で言葉を選ぶ人と解く。その心は『どちらも「つつむ」（包む／慎む）』でしょう。,
,完全な同音異義語型,有害な宇宙線から地球を包んで守る磁気圏,危険なもの（宇宙線）の侵入を食い止める,ふせぐ,防ぐ,伏せる,罪を告白したくない容疑者,有害な宇宙線から地球を包んで守る磁気圏とかけて、罪を告白したくない容疑者と解く。その心は『どちらも「ふせぐ」（防ぐ／伏せる）』でしょう。,
,多義語型,有害な宇宙線から地球を包んで守る磁気圏,対象（地球）を危険から保護する,まもる,守る,守る（規則や約束に従う）,交通ルールを遵守するドライバー,有害な宇宙線から地球を包んで守る磁気圏とかけて、交通ルールを遵守するドライバーと解く。その心は『どちらも「まもる」でしょう。,
,多義語型,有害な宇宙線から地球を包んで守る磁気圏,外からの衝撃や攻撃を跳ね返す,はねかえす,跳ね返す,跳ね返す（要求や言葉を拒否する）,上司の無理な要求に毅然とノーを突きつける部下,有害な宇宙線から地球を包んで守る磁気圏とかけて、上司の無理な要求に毅然とノーを突きつける部下と解く。その心は『どちらも「はねかえす」でしょう。,
,フレーズ・慣用句型,有害な宇宙線から地球を包んで守る磁気圏,宇宙の異変を監視し、危険がないか警戒しているかのように機能する,めをひからせる,目を光らせる（厳しく監視する）,目を光らせる（不正や危険がないか警戒する）,試験中の監督官,有害な宇宙線から地球を包んで守る磁気圏とかけて、試験中の監督官と解く。その心は『どちらも「目を光らせる」でしょう。,
,フレーズ・慣用句型,有害な宇宙線から地球を包んで守る磁気圏,危険な状況から対象（地球）を守り、無事な状態を保つ,あんぜんをかくほする,安全を確保する（危険がない状態にする）,安全を確保する（安全な状態を保つための行動をとる）,避難訓練を行う学校,有害な宇宙線から地球を包んで守る磁気圏とかけて、避難訓練を行う学校と解く。その心は『どちらも「安全を確保する」でしょう。,
,多義語型,巨大な氷が滑り落ちながら深く谷を彫る氷河,谷を深く刻む,きざむ,地形を刻む,時を刻む,時計,巨大な氷河とかけて、時計と解く。その心は「どちらも時を刻む」でしょう。,
,多義語型,巨大な氷が滑り落ちながら深く谷を彫る氷河,氷が地面を滑る,すべる,滑る（氷が滑り落ちる）,滑る（試験に落ちる）,試験に落ちた受験生,巨大な氷河とかけて、試験に落ちた受験生と解く。その心は「どちらも滑る」でしょう。,
,完全な同音異義語型,巨大な氷が滑り落ちながら深く谷を彫る氷河,氷が非常に硬い,かたい,硬い（氷の硬さ）,固い（決意の固さ）,強い決意を持った人,巨大な氷河とかけて、強い決意を持った人と解く。その心は「どちらも『かたい』でしょう。」,
,完全な同音異義語型,巨大な氷が滑り落ちながら深く谷を彫る氷河,谷を削り取る,けずる,削る（地形を削る）,削る（予算を削る）,会社の経費を削減する経営者,巨大な氷河とかけて、会社の経費を削減する経営者と解く。その心は「どちらも『けずる』でしょう。」,
,フレーズ・慣用句型,巨大な氷が滑り落ちながら深く谷を彫る氷河,谷という跡を地球に残す,あとをのこす,跡を残す（地形を形成する）,跡を残す（功績を残す）,歴史に名を残す偉人,巨大な氷河とかけて、歴史に名を残す偉人と解く。その心は「どちらも『跡を残す』でしょう。」,
,フレーズ・慣用句型,巨大な氷が滑り落ちながら深く谷を彫る氷河,止まることなくゆっくりと進む,すすみつづける,進み続ける（氷河の移動）,進み続ける（研究の継続）,日夜研究を進める科学者,巨大な氷河とかけて、日夜研究を進める科学者と解く。その心は「どちらも『進み続ける』でしょう。」,
,多義語型,夏の空から突然バラバラと降ってくる冷たいひょう,物理的に何かに接触する、予期せず現れる,あたる,当たる（地面や作物に）,当たる（宝くじが、予想が）,宝くじの高額当選者,夏の空から突然バラバラと降ってくる冷たいひょうとかけて、宝くじの高額当選者と解く。その心は『どちらも「当たる」でしょう。』,
,フレーズ・慣用句型,夏の空から突然バラバラと降ってくる冷たいひょう,予期せぬ出来事として急に現れる,ふってわいたよう,降って湧いたように（突然現れる）,降って湧いたように（予期せぬ幸運が訪れる）,棚からぼたもちを経験した人,夏の空から突然バラバラと降ってくる冷たいひょうとかけて、棚からぼたもちを経験した人と解く。その心は『どちらも「降って湧いたように」現れるでしょう。』,
,完全な同音異義語型,夏の空から突然バラバラと降ってくる冷たいひょう,空から降る冷たい粒状のもの、その名称,ひょう,雹（てんこう）,表（ひょう：データ一覧）,データ整理が得意な事務員,夏の空から突然バラバラと降ってくる冷たいひょうとかけて、データ整理が得意な事務員と解く。その心は『どちらも「ひょう」を扱うでしょう。』,
,多義語型,夏の空から突然バラバラと降ってくる冷たいひょう,物理的に温度が下がる、冷たくなる,ひえる,冷える（物体が）,冷える（人間関係が、景気が）,夫婦喧嘩をしたばかりの夫婦,夏の空から突然バラバラと降ってくる冷たいひょうとかけて、夫婦喧嘩をしたばかりの夫婦と解く。その心は『どちらも関係が「冷える」でしょう。』,
,フレーズ・慣用句型,夏の空から突然バラバラと降ってくる冷たいひょう,地面に当たって細かく割れる,くだける,砕ける（物理的に）,砕ける（夢や希望が）,甲子園を目指していた高校球児,夏の空から突然バラバラと降ってくる冷たいひょうとかけて、甲子園を目指していた高校球児と解く。その心は『どちらも「砕ける」ことがありますでしょう。』,
,完全な同音異義語型,夏の空から突然バラバラと降ってくる冷たいひょう,空から降ってきて影響を与えるもの、その名称,ひょう,雹（ひょう：自然現象）,評（ひょう：評価や批評）,文学作品の批評家,夏の空から突然バラバラと降ってくる冷たいひょうとかけて、文学作品の批評家と解く。その心は『どちらも「ひょうをくだす」でしょう。』,
,完全な同音異義語型,月が地球の影に入って赤黒く染まる月食,月が欠ける,かける,月が「欠ける」,橋を「架ける」,橋,月が地球の影に入って赤黒く染まる月食とかけて、橋と解く。その心は「どちらも『かける』でしょう。」,
,完全な同音異義語型,月が地球の影に入って赤黒く染まる月食,月が赤く染まる,あか,月が「赤」く染まる,体の「垢」,風呂に入った人,月が地球の影に入って赤黒く染まる月食とかけて、風呂に入った人と解く。その心は「どちらも『あか』でしょう。」,
,多義語型,月が地球の影に入って赤黒く染まる月食,地球の影に入る,かげ,地球の「影」,昔の「面影」,昔を懐かしむ人,月が地球の影に入って赤黒く染まる月食とかけて、昔を懐かしむ人と解く。その心は「どちらも『かげ』でしょう。」,
,多義語型,月が地球の影に入って赤黒く染まる月食,月が暗くなる,くらむ,月が「暗む」,目が「眩む」,お金に目が眩んだ人,月が地球の影に入って赤黒く染まる月食とかけて、お金に目が眩んだ人と解く。その心は「どちらも『くらむ』でしょう。」,
,フレーズ・慣用句型,月が地球の影に入って赤黒く染まる月食,月が影に隠れる,みをかくす,月が「身を隠す」,容疑者が「身を隠す」,警察に追われている容疑者,月が地球の影に入って赤黒く染まる月食とかけて、警察に追われている容疑者と解く。その心は「どちらも『身を隠す』でしょう。」,
,フレーズ・慣用句型,月が地球の影に入って赤黒く染まる月食,月が赤黒く色を変える,いろをかえる,月が「色を変える」,態度が「色を変える」,態度を豹変させる人,月が地球の影に入って赤黒く染まる月食とかけて、態度を豹変させる人と解く。その心は「どちらも『色を変える』でしょう。」,
,完全な同音異義語型,太陽の表面で突発的に激しく弾けるフレア,表面から激しく突然「弾ける」ように発生する,はじける,弾ける（フレアが表面で激しく弾ける）,弾ける（笑顔や会話が弾ける）,常に笑顔が絶えない人,「太陽の表面で突発的に激しく弾けるフレア」とかけて、「常に笑顔が絶えない人」と解く。その心は「どちらも『弾ける』でしょう」。,
,完全な同音異義語型,太陽の表面で突発的に激しく弾けるフレア,電磁波や高エネルギー粒子を「発する」,はっする,発する（光や粒子を「発する」）,発する（命令や言葉を「発する」）,会議で重要な意見を述べる社長,「太陽の表面で突発的に激しく弾けるフレア」とかけて、「会議で重要な意見を述べる社長」と解く。その心は「どちらも『発する』でしょう」。,
,多義語型,太陽の表面で突発的に激しく弾けるフレア,太陽の「活動」の一環として起こる現象,かつどう,活動（太陽の表面活動）,活動（仕事や社会貢献などの人間の行動）,地域のボランティアに精力的な人,「太陽の表面で突発的に激しく弾けるフレア」とかけて、「地域のボランティアに精力的な人」と解く。その心は「どちらも『活動』するでしょう」。,
,多義語型,太陽の表面で突発的に激しく弾けるフレア,強いエネルギーによって一時的に強く「光る」,ひかる,光る（激しく輝く）,光る（才能や技術が傑出している）,並外れた集中力を持つ職人,「太陽の表面で突発的に激しく弾けるフレア」とかけて、「並外れた集中力を持つ職人」と解く。その心は「どちらも『光る』でしょう」。,
,フレーズ・慣用句型,太陽の表面で突発的に激しく弾けるフレア,突発的にエネルギーを「放出する」,エネルギーをほうしゅつする,エネルギーを放出する（膨大なエネルギーを放出する）,エネルギーを放出する（溜まった感情や力を外に出す）,日頃のストレスを歌って発散する人,「太陽の表面で突発的に激しく弾けるフレア」とかけて、「日頃のストレスを歌って発散する人」と解く。その心は「どちらも『エネルギーを放出する』でしょう」。,
,フレーズ・慣用句型,太陽の表面で突発的に激しく弾けるフレア,突然、熱いガスなどが「噴き出す」,ふきだす,噴き出す（炎やガスが勢いよく噴き出す）,噴き出す（笑いをこらえきれずに噴き出す）,漫才を見て思わず大笑いする観客,「太陽の表面で突発的に激しく弾けるフレア」とかけて、「漫才を見て思わず大笑いする観客」と解く。その心は「どちらも『噴き出す』でしょう」。,
,完全な同音異義語型,海水の温度が平年より異常に高く上がるエルニーニョ現象,海水の温度が上がる,あがる,温度が「上がる」,舞台で緊張して声が「上がる」,大舞台に立つ新人歌手,海水の温度が平年より異常に高く上がるエルニーニョ現象とかけて、大舞台に立つ新人歌手と解く。その心は「どちらも『あがる』でしょう。」,
,完全な同音異義語型,海水の温度が平年より異常に高く上がるエルニーニョ現象,海水が温暖になる,おんだん,海水が「温暖」になる,穏やかな「談話」,家族団らんのひととき,海水の温度が平年より異常に高く上がるエルニーニョ現象とかけて、家族団らんのひとときと解く。その心は「どちらも『温暖（穏談）』でしょう。」,
,多義語型,海水の温度が平年より異常に高く上がるエルニーニョ現象,気候が変動する,へんどう,気候が「変動」する,価格が「変動」する,日によって値段が変わる市場の野菜,海水の温度が平年より異常に高く上がるエルニーニョ現象とかけて、日によって値段が変わる市場の野菜と解く。その心は「どちらも『変動』するでしょう。」,
,多義語型,海水の温度が平年より異常に高く上がるエルニーニョ現象,海水温が上昇する,じょうしょう,海水温が「上昇」する,人気が「上昇」する,テレビに出始めた新人アイドル,海水の温度が平年より異常に高く上がるエルニーニョ現象とかけて、テレビに出始めた新人アイドルと解く。その心は「どちらも『上昇』するでしょう。」,
,フレーズ・慣用句型,海水の温度が平年より異常に高く上がるエルニーニョ現象,気候に異変が起きる,いへん,気候に「異変」が起きる,体に「異変」を感じる,体調を崩し始めた人,海水の温度が平年より異常に高く上がるエルニーニョ現象とかけて、体調を崩し始めた人と解く。その心は「どちらも『異変』があるでしょう。」,
,フレーズ・慣用句型,海水の温度が平年より異常に高く上がるエルニーニョ現象,平年と温度がかけ離れた状態,かけはなれた,平年と「かけ離れた」温度,理想と現実が「かけ離れた」,夢ばかり語る若者,海水の温度が平年より異常に高く上がるエルニーニョ現象とかけて、夢ばかり語る若者と解く。その心は「どちらも『かけ離れた』状態でしょう。」,
,完全な同音異義語型,川の底に泥や砂が静かに積もる堆積作用,泥や砂が底に沈んでいく状態,しずむ,沈む（泥や砂が水中に沈降する）,沈む（気分が落ち込む、元気がなくなる）,失恋した若者,川の底に泥や砂が静かに積もる堆積作用とかけて、失恋した若者と解く。その心は「どちらも『しずむ（沈む）』でしょう。」,
,多義語型,川の底に泥や砂が静かに積もる堆積作用,泥や砂が徐々に増えていく物理的な状態,つもる,積もる（泥や砂が層をなして増える）,積もる（経験や知識が蓄積される）,ベテランの職人,川の底に泥や砂が静かに積もる堆積作用とかけて、ベテランの職人と解く。その心は「どちらも『経験が積もる』でしょう。」,
,フレーズ・慣用句型,川の底に泥や砂が静かに積もる堆積作用,水の流れが緩やかになり、停滞する状態,ながれがとどこおる,流れが滞る（泥や砂で水の動きが緩慢になる）,流れが滞る（支払いや物事が順調に進まない）,家賃の支払いに困っている人,川の底に泥や砂が静かに積もる堆積作用とかけて、家賃の支払いに困っている人と解く。その心は「どちらも『流れが滞る』でしょう。」,
,完全な同音異義語型,川の底に泥や砂が静かに積もる堆積作用,泥や砂が底に溜まっていく状態,たまる,溜まる（泥や砂が一点に集まり蓄積する）,貯まる（お金などが蓄積される）,コツコツ貯金をする倹約家,川の底に泥や砂が静かに積もる堆積作用とかけて、コツコツ貯金をする倹約家と解く。その心は「どちらも『たまる（貯まる/溜まる）』でしょう。」,
,多義語型,川の底に泥や砂が静かに積もる堆積作用,泥や砂が次々と積み重なって層をなす状態,かさなる,重なる（泥や砂が次々と層になる）,重なる（複数の予定や出来事が同時に起こる）,複数の会議を抱えるビジネスマン,川の底に泥や砂が静かに積もる堆積作用とかけて、複数の会議を抱えるビジネスマンと解く。その心は「どちらも『予定が重なる』でしょう。」,
,フレーズ・慣用句型,川の底に泥や砂が静かに積もる堆積作用,堆積によって水の流れや動きが緩やかになる状態,うごきがにぶる,動きが鈍る（泥や砂の堆積で水の流れが緩やかになる）,動きが鈍る（景気や経済活動が停滞する）,消費税増税後の市場,川の底に泥や砂が静かに積もる堆積作用とかけて、消費税増税後の市場と解く。その心は「どちらも『動きが鈍る』でしょう。」,
,完全な同音異義語型,緑の土地が乾いて砂だらけになる砂漠化,土地が乾き、緑が失われる物理的状態,かんそう,乾燥,感想,映画を観終わった後,緑の土地が乾いて砂だらけになる砂漠化とかけて、映画を観終わった後と解く。その心は「どちらも『かんそう』でしょう。」,
,完全な同音異義語型,緑の土地が乾いて砂だらけになる砂漠化,状態が悪化し続ける動き,しんこう,進行,信仰,熱心な宗教家,緑の土地が乾いて砂だらけになる砂漠化とかけて、熱心な宗教家と解く。その心は「どちらも『しんこう』でしょう。」,
,多義語型,緑の土地が乾いて砂だらけになる砂漠化,潤いや資源が物理的に欠乏した状態,みずがない,水がない,水がない,資金繰りに困る会社,緑の土地が乾いて砂だらけになる砂漠化とかけて、資金繰りに困る会社と解く。その心は「どちらも『水がない』でしょう。」,
,多義語型,緑の土地が乾いて砂だらけになる砂漠化,土地が荒廃し、質が悪くなる状態,あれる,荒れる,荒れる,思春期の肌,緑の土地が乾いて砂だらけになる砂漠化とかけて、思春期の肌と解く。その心は「どちらも『あれる』でしょう。」,
,フレーズ・慣用句型,緑の土地が乾いて砂だらけになる砂漠化,緑色が失われ、未熟さがなくなる状態,あおがなくなる,青がなくなる（緑が失われる）,青がなくなる（未熟さがなくなる）,ベテランの職人,緑の土地が乾いて砂だらけになる砂漠化とかけて、ベテランの職人と解く。その心は「どちらも『青がなくなる』でしょう。」,
,フレーズ・慣用句型,緑の土地が乾いて砂だらけになる砂漠化,進行が止められず、制御できない状態,てがつけられない,手がつけられない（進行を止められない）,手がつけられない（制御が難しい）,手に負えない暴れん坊の子供,緑の土地が乾いて砂だらけになる砂漠化とかけて、手に負えない暴れん坊の子供と解く。その心は「どちらも『手がつけられない』でしょう。」,
,完全な同音異義語型,地面が押し上げられて高い山になる造山運動,地面が隆起して『成長』し、高い山となる,せいちょう,成長（地球の活動によって山が大きくなる）,生長（植物が伸びて大きくなる）,庭師,「地面が押し上げられて高い山になる造山運動」とかけて、「庭師」と解く。その心は「どちらも『生長』するでしょう。」,
,完全な同音異義語型,地面が押し上げられて高い山になる造山運動,地面が『隆起』して山になる,りゅうき,隆起（地面が盛り上がること）,留置（警察で容疑者を一時的に留め置くこと）,刑事,「地面が押し上げられて高い山になる造山運動」とかけて、「刑事」と解く。その心は「どちらも『隆起』があるでしょう。」,
,多義語型,地面が押し上げられて高い山になる造山運動,地面が『形を変える』こと,かたちをかえる,形を変える（地形が変化する）,形を変える（状況に応じて表現や形態を変える）,政治家,「地面が押し上げられて高い山になる造山運動」とかけて、「政治家」と解く。その心は「どちらも『形を変える』でしょう。」,
,多義語型,地面が押し上げられて高い山になる造山運動,地面に大きな『圧力』がかかる,あつりょく,圧力（地殻にかかる物理的な力）,圧力（精神的な重圧、プレッシャー）,受験生,「地面が押し上げられて高い山になる造山運動」とかけて、「受験生」と解く。その心は「どちらも『圧力』がかかるでしょう。」,
,フレーズ・慣用句型,地面が押し上げられて高い山になる造山運動,地面が『盛り上がる』,もりあがる,盛り上がる（物理的に隆起する）,盛り上がる（場が活気づく、興奮する）,宴会の幹事,「地面が押し上げられて高い山になる造山運動」とかけて、「宴会の幹事」と解く。その心は「どちらも『盛り上がる』でしょう。」,
,フレーズ・慣用句型,地面が押し上げられて高い山になる造山運動,長い年月をかけて、山々が『そびえ立つ』,そびえたつ,そびえ立つ（物理的に高く立っている）,そびえ立つ（比喩的に困難や障害が立ちはだかる）,大規模プロジェクトのリーダー,「地面が押し上げられて高い山になる造山運動」とかけて、「大規模プロジェクトのリーダー」と解く。その心は「どちらも『そびえ立つ』ものでしょう。」,
,多義語型,地球が独楽のようにぐるぐると回る自転,止まることなく常に動き続ける,とまらない,止まらない,止まらない,勢いがつきすぎてブレーキが利かないスピーチ,地球が独楽のようにぐるぐると回る自転とかけて、勢いがつきすぎてブレーキが利かないスピーチと解く。その心は「どちらも『止まらない』でしょう。」,
,フレーズ・慣用句型,地球が独楽のようにぐるぐると回る自転,決まった軸を中心に回転する,じくがある,軸がある,軸がある,信念を貫き通す政治家,地球が独楽のようにぐるぐると回る自転とかけて、信念を貫き通す政治家と解く。その心は「どちらも『軸がある』でしょう。」,
,完全な同音異義語型,地球が独楽のようにぐるぐると回る自転,一日に一回「まわる」,まわる,回る,回る,気持ちよく酔っぱらって足元がおぼつかない人,地球が独楽のようにぐるぐると回る自転とかけて、気持ちよく酔っぱらって足元がおぼつかない人と解く。その心は「どちらも『回る』でしょう。」,
,多義語型,地球が独楽のようにぐるぐると回る自転,昼夜の時間を「刻む」,きざむ,刻む,刻む,料理人が野菜を細かく調理する様子,地球が独楽のようにぐるぐると回る自転とかけて、料理人が野菜を細かく調理する様子と解く。その心は「どちらも『刻む』でしょう。」,
,フレーズ・慣用句型,地球が独楽のようにぐるぐると回る自転,ずっと「動き続ける」,うごきつづける,動き続ける,動き続ける,目標達成に向けて努力を惜しまないアスリート,地球が独楽のようにぐるぐると回る自転とかけて、目標達成に向けて努力を惜しまないアスリートと解く。その心は「どちらも『動き続ける』でしょう。」,
,完全な同音異義語型,地球が独楽のようにぐるぐると回る自転,きまった「周期」がある,しゅうき,周期,終期,プロジェクトの最終段階,地球が独楽のようにぐるぐると回る自転とかけて、プロジェクトの最終段階と解く。その心は「どちらも『終期』があるでしょう。」,
,完全な同音異義語型,空気中の水蒸気が冷えて水滴に結ぶ結露,水滴が窓や壁に付着する,つく,付く（水滴が表面に『付く』）,突く（相手の弱点を『突く』）,相手の弱点を鋭く攻める弁護士,空気中の水蒸気が冷えて水滴に結ぶ結露とかけて、相手の弱点を鋭く攻める弁護士と解く。その心は「どちらも『付く（突く）』でしょう。」,
,多義語型,空気中の水蒸気が冷えて水滴に結ぶ結露,水分が表面に溜まっていく,たまる,溜まる（水滴が表面に『溜まる』）,溜まる（ストレスが心に『溜まる』）,日々の仕事でストレスを抱えるサラリーマン,空気中の水蒸気が冷えて水滴に結ぶ結露とかけて、日々の仕事でストレスを抱えるサラリーマンと解く。その心は「どちらも『溜まる』でしょう。」,
,フレーズ・慣用句型,空気中の水蒸気が冷えて水滴に結ぶ結露,発生するとカビの原因になる,わるいめがでる,悪い芽が出る（カビが発生しやすく、健康に『悪い芽が出る』）,悪い芽が出る（悪巧みの『悪い芽が出る』）,秘密裏に悪巧みを企む人,空気中の水蒸気が冷えて水滴に結ぶ結露とかけて、秘密裏に悪巧みを企む人と解く。その心は「どちらも『悪い芽が出る』でしょう。」,
,完全な同音異義語型,空気中の水蒸気が冷えて水滴に結ぶ結露,水滴が物体の表面に現れる,あらわれる,現れる（水滴が表面に『現れる』）,表れる（感情が顔に『表れる』）,喜びや悲しみがすぐ顔に出る人,空気中の水蒸気が冷えて水滴に結ぶ結露とかけて、喜びや悲しみがすぐ顔に出る人と解く。その心は「どちらも『現れる（表れる）』でしょう。」,
,多義語型,空気中の水蒸気が冷えて水滴に結ぶ結露,室内と室外の温度差によって生じる,おんどさ,温度差（室内外の『温度差』で発生する）,温度差（上司と部下の間に心の『温度差』がある）,考え方や価値観が食い違う上司と部下,空気中の水蒸気が冷えて水滴に結ぶ結露とかけて、考え方や価値観が食い違う上司と部下と解く。その心は「どちらも『温度差』があるでしょう。」,
,フレーズ・慣用句型,空気中の水蒸気が冷えて水滴に結ぶ結露,水滴で窓や壁が湿っぽくなる,しめっぽくなる,湿っぽくなる（結露で壁や窓が『湿っぽくなる』）,湿っぽくなる（場の雰囲気が『湿っぽくなる』）,悲しい話をする人のいる空間,空気中の水蒸気が冷えて水滴に結ぶ結露とかけて、悲しい話をする人のいる空間と解く。その心は「どちらも『湿っぽくなる』でしょう。」,
,完全な同音異義語型,カラフルなサンゴがストレスで白く抜ける白化現象,環境ストレスにより色が白く抜けること,はっか,白化（色が抜けて白くなる現象）,薄荷（清涼感のあるハーブ）,清涼感あふれるミントのキャンディ,カラフルなサンゴがストレスで白く抜ける白化現象とかけて、清涼感あふれるミントのキャンディと解く。その心は「どちらも『ハッカ』でしょう」。,
,完全な同音異義語型,カラフルなサンゴがストレスで白く抜ける白化現象,サンゴの色が白く変わってしまうこと,しろになる,白になる（色が白く変わる）,代になる（世代交代する、引き継ぐ）,創業者の後を継いだ二代目社長,カラフルなサンゴがストレスで白く抜ける白化現象とかけて、創業者の後を継いだ二代目社長と解く。その心は「どちらも『代になる』でしょう」。,
,多義語型,カラフルなサンゴがストレスで白く抜ける白化現象,環境変化による生態系への負荷,ふたん,負担（環境ストレスによる負荷）,負担（経済的な重荷や精神的な重圧）,重い住宅ローンを抱えるサラリーマン,カラフルなサンゴがストレスで白く抜ける白化現象とかけて、重い住宅ローンを抱えるサラリーマンと解く。その心は「どちらも『負担』でしょう」。,
,多義語型,カラフルなサンゴがストレスで白く抜ける白化現象,色が抜け落ちて、純粋な白色になる,しろくなる,白くなる（色が抜けて白変する）,白くなる（疑いが晴れて潔白になる）,無実が証明され、裁判で無罪となった人物,カラフルなサンゴがストレスで白く抜ける白化現象とかけて、無実が証明され、裁判で無罪となった人物と解く。その心は「どちらも『白くなる』でしょう」。,
,フレーズ・慣用句型,カラフルなサンゴがストレスで白く抜ける白化現象,鮮やかな色が失われてしまうこと,いろをうしなう,色を失う（カラフルな色が抜けて白くなる）,色を失う（驚きや恐怖で顔色が悪くなる）,突然の不測の事態に直面して顔面蒼白になった人,カラフルなサンゴがストレスで白く抜ける白化現象とかけて、突然の不測の事態に直面して顔面蒼白になった人と解く。その心は「どちらも『色を失う』でしょう」。,
,フレーズ・慣用句型,カラフルなサンゴがストレスで白く抜ける白化現象,ストレスによりサンゴの生命力が衰えること,げんきがなくなる,元気がなくなる（生命力が衰える）,元気がなくなる（気力や活力が失われる）,長い不況で活気を失ってしまった商店街,カラフルなサンゴがストレスで白く抜ける白化現象とかけて、長い不況で活気を失ってしまった商店街と解く。その心は「どちらも『元気がなくなる』でしょう」。,
,完全な同音異義語型,彗星,太陽の周りを巡る経路を持つ,きどう,軌道 (天体の動き),起動 (機械などを動かし始めること),パソコンの電源を入れる人,彗星とかけて、パソコンの電源を入れる人と解く。その心は『どちらも「きどう」する』でしょう。,
,完全な同音異義語型,彗星,ガスや塵の尾が長く伸びる,えんちょう,延長 (物理的な長さが伸びること),炎上 (インターネットなどで非難が殺到すること),SNSで大炎上した投稿,彗星とかけて、SNSで大炎上した投稿と解く。その心は『どちらも「えんちょう」する』でしょう。,
,多義語型,彗星,太陽に物理的に近づく,せっきん,接近 (物理的に近づく),接近 (情報や目的のために相手に近づく),秘密を探ろうとするスパイ,彗星とかけて、秘密を探ろうとするスパイと解く。その心は『どちらも「接近」する』でしょう。,
,多義語型,彗星,長いガスや塵の尾を引く,しっぽ,尻尾 (物理的なもの、彗星の尾),尻尾 (悪事の証拠や手がかり),悪事を隠そうとする犯人,彗星とかけて、悪事を隠そうとする犯人と解く。その心は『どちらも「しっぽ」を出す』でしょう。,
,フレーズ・慣用句型,彗星,輝く尾が物理的に長く続く,ながいおをひく,長い尾を引く (物理的に後方に伸びる),長い尾を引く (問題や影響が後々まで続く),過去の不祥事を起こした会社,彗星とかけて、過去の不祥事を起こした会社と解く。その心は『どちらも「長い尾を引く」でしょう。』,
,フレーズ・慣用句型,彗星,滅多に見ることができない天体現象である,めったにみられない,滅多に見られない (現象が希少である),滅多に見られない (才能や機会が希少である),奇跡的な才能を持つ人,彗星とかけて、奇跡的な才能を持つ人と解く。その心は『どちらも「滅多に見られない」でしょう。』,
,完全な同音異義語型,太陽の光をたっぷり浴びて栄養を作る光合成,栄養を合成する,ごうせい,合成,号令,運動会の先生,「太陽の光をたっぷり浴びて栄養を作る光合成」とかけて、「運動会の先生」と解く。その心は「どちらも『ごうせい（合成/号令）』が大切でしょう。」,
,多義語型,太陽の光をたっぷり浴びて栄養を作る光合成,栄養を作る,つくる,作る（生成する）,作る（料理する）,料理人,「太陽の光をたっぷり浴びて栄養を作る光合成」とかけて、「料理人」と解く。その心は「どちらも『つくる』ことが仕事でしょう。」,
,フレーズ・慣用句型,太陽の光をたっぷり浴びて栄養を作る光合成,太陽の光を物理的に浴びる,ひかりをあびる,光を浴びる（物理的に受ける）,光を浴びる（注目される、脚光を浴びる）,舞台俳優,「太陽の光をたっぷり浴びて栄養を作る光合成」とかけて、「舞台俳優」と解く。その心は「どちらも『光を浴びる』ことが大切でしょう。」,
,完全な同音異義語型,太陽の光をたっぷり浴びて栄養を作る光合成,植物の作用,さよう,作用,左様（その通り）,話を理解した人,「太陽の光をたっぷり浴びて栄養を作る光合成」とかけて、「話を理解した人」と解く。その心は「どちらも『さよう（作用/左様）』と言うでしょう。」,
,多義語型,太陽の光をたっぷり浴びて栄養を作る光合成,光合成が行われる植物の器官,は,葉,歯,食事をする人,「太陽の光をたっぷり浴びて栄養を作る光合成」とかけて、「食事をする人」と解く。その心は「どちらも『は（葉/歯）』を使うでしょう。」,
,フレーズ・慣用句型,太陽の光をたっぷり浴びて栄養を作る光合成,太陽の光を有効活用する,いかす,生かす（活用する）,生かす（才能を発揮させる）,才能ある若者,「太陽の光をたっぷり浴びて栄養を作る光合成」とかけて、「才能ある若者」と解く。その心は「どちらも『生かす』ことが大切でしょう。」,
,完全な同音異義語型,季節に合わせて住処を遠くへ移す渡り鳥,季節によって移動する、場所を移す,いどう,移動,異同（異なること、違い）,報告書の内容を精査する上司,季節に合わせて住処を遠くへ移す渡り鳥とかけて、報告書の内容を精査する上司と解く。その心は『どちらも「異動」があるでしょう。』,
,完全な同音異義語型,季節に合わせて住処を遠くへ移す渡り鳥,空を飛んで旅をする、長距離を飛ぶ,こうろ,航路,高炉（鉄を作る炉）,鉄鋼会社の製鉄所,季節に合わせて住処を遠くへ移す渡り鳥とかけて、鉄鋼会社の製鉄所と解く。その心は『どちらも「高炉」があるでしょう。』,
,多義語型,季節に合わせて住処を遠くへ移す渡り鳥,旅をする、特定の目的地に向かう,むかう,目的の場所へ向かう,勝負に挑む（戦いに向かう）,大一番の試合に臨むアスリート,季節に合わせて住処を遠くへ移す渡り鳥とかけて、大一番の試合に臨むアスリートと解く。その心は『どちらも「向かう」べき相手がいるでしょう。』,
,多義語型,季節に合わせて住処を遠くへ移す渡り鳥,長い距離を飛ぶ、力強く羽ばたく,はばたく,力強く羽ばたく,世の中に広がる（社会で活躍する）,新しい事業を立ち上げたばかりの若手起業家,季節に合わせて住処を遠くへ移す渡り鳥とかけて、新しい事業を立ち上げたばかりの若手起業家と解く。その心は『どちらも「羽ばたく」時があるでしょう。』,
,フレーズ・慣用句型,季節に合わせて住処を遠くへ移す渡り鳥,決まった時期に移動する、季節の節目に現れる,きせつのかわりめ,季節の変わり目に移動する,体調を崩しやすい時期,風邪を引きやすい人,季節に合わせて住処を遠くへ移す渡り鳥とかけて、風邪を引きやすい人と解く。その心は『どちらも「季節の変わり目」には注意が必要でしょう。』,
,フレーズ・慣用句型,季節に合わせて住処を遠くへ移す渡り鳥,新しい場所へ向かう、古い場所を後にする,たびにでる,旅に出る,新しい世界に飛び込む（比喩的な旅立ち）,海外赴任が決まった新社会人,季節に合わせて住処を遠くへ移す渡り鳥とかけて、海外赴任が決まった新社会人と解く。その心は『どちらも「旅に出る」ことになりますでしょう。』,
,完全な同音異義語型,胸が締め付けられて息苦しくなるような切ない恋心,呼吸が苦しくなる状態,いき,息（呼吸）,粋（洗練された趣）,着物姿で粋な男性,胸が締め付けられて息苦しくなるような切ない恋心とかけて、着物姿で粋な男性と解く。その心は「どちらも『粋（息）』」でしょう。,
,完全な同音異義語型,胸が締め付けられて息苦しくなるような切ない恋心,感情がずっしりと心にのしかかる状態,おもい,想い（感情や考え）,重い（物理的な重さ）,重い荷物を運ぶ引っ越し業者,胸が締め付けられて息苦しくなるような切ない恋心とかけて、重い荷物を運ぶ引っ越し業者と解く。その心は「どちらも『重い（想い）』」でしょう。,
,多義語型,胸が締め付けられて息苦しくなるような切ない恋心,精神的に追い詰められ、余裕がない状態,きつい,きつい（精神的に苦しい、厳しい）,きつい（物理的にサイズが合わない、窮屈な）,サイズの合わない服を着た人,胸が締め付けられて息苦しくなるような切ない恋心とかけて、サイズの合わない服を着た人と解く。その心は「どちらも『きつい』」でしょう。,
,多義語型,胸が締め付けられて息苦しくなるような切ない恋心,思考や感情が複雑に入り組んで解けない状態,からまる,絡まる（思考や感情が複雑になる）,絡まる（物理的に糸や蔓などがもつれる）,ぐちゃぐちゃに絡まった釣り糸,胸が締め付けられて息苦しくなるような切ない恋心とかけて、ぐちゃぐちゃに絡まった釣り糸と解く。その心は「どちらも『絡まる』」でしょう。,
,フレーズ・慣用句型,胸が締め付けられて息苦しくなるような切ない恋心,精神的な苦痛で呼吸が困難になるような状態,いきができなくなる,息ができなくなる（精神的な苦痛で）,息ができなくなる（物理的な呼吸困難で）,プールに落ちて溺れている人,胸が締め付けられて息苦しくなるような切ない恋心とかけて、プールに落ちて溺れている人と解く。その心は「どちらも『息ができなくなる』」でしょう。,
,フレーズ・慣用句型,胸が締め付けられて息苦しくなるような切ない恋心,心の底から苦痛を感じる状態,むねがいたむ,胸が痛む（精神的な苦痛）,胸が痛む（物理的な体の不調）,風邪で咳き込みすぎて胸を痛める人,胸が締め付けられて息苦しくなるような切ない恋心とかけて、風邪で咳き込みすぎて胸を痛める人と解く。その心は「どちらも『胸が痛む』」でしょう。,
,完全な同音異義語型,頭に血が上って沸騰しそうなほどの激しい怒り,怒りで頭に血が上り、理性を失いそうになる状態,のぼせる,逆上せる（激しい怒りで興奮状態になる）,湯あたりでのぼせる（長湯で意識が朦朧とする）,銭湯の長湯客,「頭に血が上って沸騰しそうなほどの激しい怒り」とかけて、「銭湯の長湯客」と解く。その心は「どちらも『のぼせる』でしょう。」,
,完全な同音異義語型,頭に血が上って沸騰しそうなほどの激しい怒り,怒りで興奮し、理性を失う感覚,あがる,逆上る（怒りで頭に血が上る）,緊張で上がる（舞台などで緊張する）,舞台袖の新人俳優,「頭に血が上って沸騰しそうなほどの激しい怒り」とかけて、「舞台袖の新人俳優」と解く。その心は「どちらも『あがる』でしょう。」,
,多義語型,頭に血が上って沸騰しそうなほどの激しい怒り,感情が激しく高まり、体温が上昇する感覚,あつい,熱い（感情や体温が非常に高い）,熱い（物理的な温度が高い）,出来立ての溶岩,「頭に血が上って沸騰しそうなほどの激しい怒り」とかけて、「出来立ての溶岩」と解く。その心は「どちらも『熱い』でしょう。」,
,多義語型,頭に血が上って沸騰しそうなほどの激しい怒り,感情の高ぶりで顔が赤くなる状態,かおをあかくする,顔を赤くする（激怒で顔が赤くなる）,顔を赤くする（恥ずかしくて顔が赤くなる）,初恋の相手に告白する中学生,「頭に血が上って沸騰しそうなほどの激しい怒り」とかけて、「初恋の相手に告白する中学生」と解く。その心は「どちらも『顔を赤くする』でしょう。」,
,フレーズ・慣用句型,頭に血が上って沸騰しそうなほどの激しい怒り,怒りで理性を失い、思考が働かなくなる状態,あたまがまっしろになる,頭が真っ白になる（激怒で何も考えられなくなる）,頭が真っ白になる（突然の衝撃や驚きで思考が停止する）,試験中に問題が全く解けなくなった受験生,「頭に血が上って沸騰しそうなほどの激しい怒り」とかけて、「試験中に問題が全く解けなくなった受験生」と解く。その心は「どちらも『頭が真っ白になる』でしょう。」,
,フレーズ・慣用句型,頭に血が上って沸騰しそうなほどの激しい怒り,感情が爆発し、我慢できなくなる状態,かんしゃくをおこす,癇癪を起こす（激しい怒りで感情を爆発させる）,癇癪を起こす（子供が気に入らないことで大声を出したり暴れたりする）,おもちゃ売り場で駄々をこねる幼児,「頭に血が上って沸騰しそうなほどの激しい怒り」とかけて、「おもちゃ売り場で駄々をこねる幼児」と解く。その心は「どちらも『癇癪を起こす』でしょう。」,
,多義語型,プレッシャーで胃に穴が空くほど痛くなる重圧,精神的な重圧による心身へのダメージ。具体的な身体反応としての「穴が空く」という状態。,あながあく,（心身に）穴が空く,（物理的に）穴が空く,靴下,プレッシャーで胃に穴が空くほど痛くなる重圧とかけて、靴下と解く。その心は「どちらも『穴が空く』でしょう。」,
,完全な同音異義語型,プレッシャーで胃に穴が空くほど痛くなる重圧,精神的な負担や圧力がのしかかり、重く感じる状態。,のしかかる,（精神的に）のしかかる,（物理的に）のしかかる,子犬,プレッシャーで胃に穴が空くほど痛くなる重圧とかけて、子犬と解く。その心は「どちらも『のしかかる』でしょう。」,
,フレーズ・慣用句型,プレッシャーで胃に穴が空くほど痛くなる重圧,精神的なダメージや苦痛を受け、疲弊する状態。,いたでをおう,（精神的な）痛手を負う,（物理的な）痛手を負う,スポーツ選手,プレッシャーで胃に穴が空くほど痛くなる重圧とかけて、スポーツ選手と解く。その心は「どちらも『痛手を負う』でしょう。」,
,多義語型,プレッシャーで胃に穴が空くほど痛くなる重圧,肉体的な苦痛を感じる状態。,いたい,（胃が）痛い,（出費が）痛い,財布を落とした人,プレッシャーで胃に穴が空くほど痛くなる重圧とかけて、財布を落とした人と解く。その心は「どちらも『痛い』でしょう。」,
,完全な同音異義語型,プレッシャーで胃に穴が空くほど痛くなる重圧,精神的な負担が大きく、ずっしりと感じる状態。,おもい,（精神的に）重い,（物理的に）重い,引っ越し業者が運ぶ冷蔵庫,プレッシャーで胃に穴が空くほど痛くなる重圧とかけて、引っ越し業者が運ぶ冷蔵庫と解く。その心は「どちらも『重い』でしょう。」,
,フレーズ・慣用句型,プレッシャーで胃に穴が空くほど痛くなる重圧,精神的に追い詰められ、困り果てる、または降参する状態。,まいる,（精神的に）参る,（お寺に）参る（行く）,お寺,プレッシャーで胃に穴が空くほど痛くなる重圧とかけて、お寺と解く。その心は「どちらも『参る』でしょう。」,
,完全な同音異義語型,思わず天高く飛び上がって叫びたくなるほどの歓喜,感情が激しく高まる、興奮する,あがる,気分が上がる、高揚する,油で揚がる（天ぷらなどが）,揚げたての天ぷら,「思わず天高く飛び上がって叫びたくなるほどの歓喜」とかけて、「揚げたての天ぷら」と解く。その心は「どちらも『あがる』でしょう。」,
,多義語型,思わず天高く飛び上がって叫びたくなるほどの歓喜,胸がときめく、心が興奮する,おどる,心が躍る,身体を動かして踊る,バレリーナ,「思わず天高く飛び上がって叫びたくなるほどの歓喜」とかけて、「バレリーナ」と解く。その心は「どちらも『おどる』でしょう。」,
,フレーズ・慣用句型,思わず天高く飛び上がって叫びたくなるほどの歓喜,興奮して落ち着かない、浮かれている,ちにあしがつかない,喜びで地に足がつかない,物理的に地に足がつかない,宇宙飛行士,「思わず天高く飛び上がって叫びたくなるほどの歓喜」とかけて、「宇宙飛行士」と解く。その心は「どちらも『地に足がつかない』でしょう。」,
,完全な同音異義語型,思わず天高く飛び上がって叫びたくなるほどの歓喜,大声を発する、喜びの声を出す,こえをあげる,喜びで声を上げる,賛同の意で声を挙げる,選挙演説の聴衆,「思わず天高く飛び上がって叫びたくなるほどの歓喜」とかけて、「選挙演説の聴衆」と解く。その心は「どちらも『こえをあげる』でしょう。」,
,多義語型,思わず天高く飛び上がって叫びたくなるほどの歓喜,心が活気づく、弾むように動く,はねる,心が跳ねる,水や魚が跳ねる,川を遡上する魚,「思わず天高く飛び上がって叫びたくなるほどの歓喜」とかけて、「川を遡上する魚」と解く。その心は「どちらも『はねる』でしょう。」,
,フレーズ・慣用句型,思わず天高く飛び上がって叫びたくなるほどの歓喜,気持ちが高揚して浮き立つ、興奮状態になる,まいあがる,喜びで舞い上がる,風で紙などが舞い上がる,紙吹雪,「思わず天高く飛び上がって叫びたくなるほどの歓喜」とかけて、「紙吹雪」と解く。その心は「どちらも『舞い上がる』でしょう。」,
,多義語型,目の前が真っ暗になって膝から崩れ落ちる絶望,希望が見えず、先の見通しが立たない精神状態,くらやみ,暗闇（希望のない状態）,暗闇（光のない場所）,深夜の停電,「目の前が真っ暗になって膝から崩れ落ちる絶望」とかけて、「深夜の停電」と解く。その心は「どちらも『暗闇』でしょう。」,
,フレーズ・慣用句型,目の前が真っ暗になって膝から崩れ落ちる絶望,精神的なショックで、立ち直る気力が失われる,たちなおれない,立ち直れない（再起不能な状態）,立ち直れない（物理的に倒れて元に戻せない）,強風で根元から倒れた古い木,「目の前が真っ暗になって膝から崩れ落ちる絶望」とかけて、「強風で根元から倒れた古い木」と解く。その心は「どちらも『立ち直れない』でしょう。」,
,完全な同音異義語型,目の前が真っ暗になって膝から崩れ落ちる絶望,視界が絶たれ、希望の光が一切ない状態,まっくら,真っ暗（視覚的に何も見えない状態）,真っ黒（色そのもの）,墨汁をこぼしてしまった書道家,「目の前が真っ暗になって膝から崩れ落ちる絶望」とかけて、「墨汁をこぼしてしまった書道家」と解く。その心は「どちらも『真っ黒』でしょう。」,
,多義語型,目の前が真っ暗になって膝から崩れ落ちる絶望,精神的なショックにより、身体から全ての気力が失われる,ちからがぬける,力が抜ける（気力がなくなる）,力が抜ける（動力源がなくなる）,充電切れで動かなくなったロボット,「目の前が真っ暗になって膝から崩れ落ちる絶望」とかけて、「充電切れで動かなくなったロボット」と解く。その心は「どちらも『力が抜ける』でしょう。」,
,フレーズ・慣用句型,目の前が真っ暗になって膝から崩れ落ちる絶望,将来に対する見通しが一切立たない状態,さきがみえない,先が見えない（将来の展望がない）,先が見えない（物理的に視界が悪い）,濃霧の中を運転するドライバー,「目の前が真っ暗になって膝から崩れ落ちる絶望」とかけて、「濃霧の中を運転するドライバー」と解く。その心は「どちらも『先が見えない』でしょう。」,
,完全な同音異義語型,目の前が真っ暗になって膝から崩れ落ちる絶望,精神的なダメージで、希望や状態が失われる,おちる,落ちる（状態や地位が下降する）,落ちる（汚れなどが除去される）,洗剤で真っ白になった布,「目の前が真っ暗になって膝から崩れ落ちる絶望」とかけて、「洗剤で真っ白になった布」と解く。その心は「どちらも『汚れが落ちる』でしょう。」,
,完全な同音異義語型,凍えた心がポカポカと内側から温まるような優しさ,心の氷が解け、和らぐ感覚,とける,溶ける,解ける,難しい算数の宿題,「凍えた心がポカポカと内側から温まるような優しさ」とかけて、「難しい算数の宿題」と解く。その心は「どちらも『とける』でしょう。」,
,完全な同音異義語型,凍えた心がポカポカと内側から温まるような優しさ,心を優しく受け入れ、包み込む行為,ほうよう,包容,抱擁,久しぶりに会った恋人との再会,「凍えた心がポカポカと内側から温まるような優しさ」とかけて、「久しぶりに会った恋人との再会」と解く。その心は「どちらも『ほうよう』でしょう。」,
,多義語型,凍えた心がポカポカと内側から温まるような優しさ,心の緊張が解け、和らぐ状態,ほぐれる,ほぐれる,ほぐれる,肩こりがひどい人のマッサージ,「凍えた心がポカポカと内側から温まるような優しさ」とかけて、「肩こりがひどい人のマッサージ」と解く。その心は「どちらも『ほぐれる』でしょう。」,
,多義語型,凍えた心がポカポカと内側から温まるような優しさ,心の状態がより良い方向へ向かい、和むこと,あたたまる,温まる,温まる,冬の寒い日に飲む温かいスープ,「凍えた心がポカポカと内側から温まるような優しさ」とかけて、「冬の寒い日に飲む温かいスープ」と解く。その心は「どちらも『あたたまる』でしょう。」,
,フレーズ・慣用句型,凍えた心がポカポカと内側から温まるような優しさ,絶望的な状況から希望が見え、心が明るくなること,ひかりがさす,光が差す,光が差す,暗い洞窟の奥から見た外の世界,「凍えた心がポカポカと内側から温まるような優しさ」とかけて、「暗い洞窟の奥から見た外の世界」と解く。その心は「どちらも『光が差す』でしょう。」,
,フレーズ・慣用句型,凍えた心がポカポカと内側から温まるような優しさ,精神的な不安や動揺が収まり、穏やかな状態になること,おちつく,落ち着く,落ち着く,大騒ぎした後の教室,「凍えた心がポカポカと内側から温まるような優しさ」とかけて、「大騒ぎした後の教室」と解く。その心は「どちらも『落ち着く』でしょう。」,
,完全な同音異義語型,誰の温もりもなく孤独で芯から凍りつくような寂しさ,芯から凍りつくような、冷たい,こごえる,凍える,漕げる,熟練したボート選手,「誰の温もりもなく孤独で芯から凍りつくような寂しさ」とかけて、「熟練したボート選手」と解く。その心は「どちらも『こごえる』でしょう。」,
,多義語型,誰の温もりもなく孤独で芯から凍りつくような寂しさ,心が冷たい、温もりがない,つめたい,冷たい（心や感情が）,冷たい（物理的な温度が）,冷蔵庫の中の野菜,「誰の温もりもなく孤独で芯から凍りつくような寂しさ」とかけて、「冷蔵庫の中の野菜」と解く。その心は「どちらも『冷たい』でしょう。」,
,フレーズ・慣用句型,誰の温もりもなく孤独で芯から凍りつくような寂しさ,孤独で注目されない、日の当たらない,ひがあたらない,日が当たらない（孤独で注目されない様子）,日が当たらない（物理的に太陽光が届かない場所）,北向きの部屋,「誰の温もりもなく孤独で芯から凍りつくような寂しさ」とかけて、「北向きの部屋」と解く。その心は「どちらも『日が当たらない』でしょう。」,
,完全な同音異義語型,誰の温もりもなく孤独で芯から凍りつくような寂しさ,心に響かない、共鳴しない,ひびかない,響かない（心が共鳴しない、感動しない）,響かない（音が伝わらない、反響しない）,防音室,「誰の温もりもなく孤独で芯から凍りつくような寂しさ」とかけて、「防音室」と解く。その心は「どちらも『響かない』でしょう。」,
,多義語型,誰の温もりもなく孤独で芯から凍りつくような寂しさ,芯から、心の底から,しんから,芯から（心の底から、非常に）,芯から（物の中心部から）,大根の煮物,「誰の温もりもなく孤独で芯から凍りつくような寂しさ」とかけて、「大根の煮物」と解く。その心は「どちらも『芯から』でしょう。」,
,フレーズ・慣用句型,誰の温もりもなく孤独で芯から凍りつくような寂しさ,存在感が希薄で注目されない,かげがうすい,影が薄い（存在感が希薄で、注目されない）,影が薄い（物理的に光が弱く、影がはっきりと見えない）,曇りの日の午後,「誰の温もりもなく孤独で芯から凍りつくような寂しさ」とかけて、「曇りの日の午後」と解く。その心は「どちらも『影が薄い』でしょう。」,
,完全な同音異義語型,羨ましすぎて吐き気がこみ上げてくるほどの嫉妬,吐き気がこみ上げてくる、感情が湧き上がる,こみあげる,吐き気が込み上げる,人が込み上げる（満員になる）,満員電車,羨ましすぎて吐き気がこみ上げてくるほどの嫉妬とかけて、満員電車と解く。その心は「どちらも『こみ上げる』でしょう。」,
,多義語型,羨ましすぎて吐き気がこみ上げてくるほどの嫉妬,感情が乱れる、気分が悪くなる,あれる,感情が荒れる,天候が荒れる,嵐の海,羨ましすぎて吐き気がこみ上げてくるほどの嫉妬とかけて、嵐の海と解く。その心は「どちらも『荒れる』でしょう。」,
,フレーズ・慣用句型,羨ましすぎて吐き気がこみ上げてくるほどの嫉妬,胃がムカムカするような不快感,むねやけ,胸焼けがする（精神的な不快感）,胸焼けがする（消化不良による物理的症状）,脂っこい料理を食べすぎた人,羨ましすぎて吐き気がこみ上げてくるほどの嫉妬とかけて、脂っこい料理を食べすぎた人と解く。その心は「どちらも『胸焼けがする』でしょう。」,
,完全な同音異義語型,羨ましすぎて吐き気がこみ上げてくるほどの嫉妬,嫉妬で性格が悪くなるような感覚,まがって,心が曲がって（性格が悪くなる）,道が曲がって（方向が変わる）,迷路,羨ましすぎて吐き気がこみ上げてくるほどの嫉妬とかけて、迷路と解く。その心は「どちらも『曲がって』いるでしょう。」,
,多義語型,羨ましすぎて吐き気がこみ上げてくるほどの嫉妬,感情がひっくり返るような不快感,さかさま,気分が逆さまになる,上下が逆さまになる,逆立ちをする人,羨ましすぎて吐き気がこみ上げてくるほどの嫉妬とかけて、逆立ちをする人と解く。その心は「どちらも『逆さま』でしょう。」,
,フレーズ・慣用句型,羨ましすぎて吐き気がこみ上げてくるほどの嫉妬,激しい怒りや憎悪、不快感が爆発しそう,はらわたがにえくりかえる,腸が煮えくり返る（激しい嫉妬や怒り）,腸が煮えくり返る（鍋で沸騰している状態）,大鍋でモツを煮込んでいる料理人,羨ましすぎて吐き気がこみ上げてくるほどの嫉妬とかけて、大鍋でモツを煮込んでいる料理人と解く。その心は「どちらも『はらわたが煮えくり返る』でしょう。」,
,多義語型,重い肩の荷がスッと下りて深呼吸できる安堵感,精神的な負担からの解放、心身の落ち着き,らくになる,心身が楽になる,作業が楽になる,最新の自動調理器,重い肩の荷がスッと下りて深呼吸できる安堵感とかけて、最新の自動調理器と解く。その心は『どちらも楽になる』でしょう。,
,完全な同音異義語型,重い肩の荷がスッと下りて深呼吸できる安堵感,溜息をつく、緊張から解放される,いきがつく,息がつく（安心する）,息がつく（目的地に着く）,マラソン大会のゴール,重い肩の荷がスッと下りて深呼吸できる安堵感とかけて、マラソン大会のゴールと解く。その心は『どちらも息がつく』でしょう。,
,フレーズ・慣用句型,重い肩の荷がスッと下りて深呼吸できる安堵感,精神的な緊張やプレッシャーからの解放,きんちょうがとける,緊張が解ける,氷が解ける,春先の池,重い肩の荷がスッと下りて深呼吸できる安堵感とかけて、春先の池と解く。その心は『どちらも解ける』でしょう。,
,完全な同音異義語型,重い肩の荷がスッと下りて深呼吸できる安堵感,心配事がなくなり、急に気が晴れる様子,すっとする,心がスッと（晴れる）,スッと（立つ）,まっすぐに伸びた竹,重い肩の荷がスッと下りて深呼吸できる安堵感とかけて、まっすぐに伸びた竹と解く。その心は『どちらもスッとします』でしょう。,
,多義語型,重い肩の荷がスッと下りて深呼吸できる安堵感,精神的な圧迫から解放され、ゆったりとした気持ちになる,のびのびする,心が伸び伸びする,背が伸び伸びする,成長期の子供,重い肩の荷がスッと下りて深呼吸できる安堵感とかけて、成長期の子供と解く。その心は『どちらも伸び伸びする』でしょう。,
,フレーズ・慣用句型,重い肩の荷がスッと下りて深呼吸できる安堵感,精神的なゆとりや空間的な余白が生まれる,よゆうができる,心に余裕ができる,駐車スペースに余裕ができる,平日の昼間の大型ショッピングモールの駐車場,重い肩の荷がスッと下りて深呼吸できる安堵感とかけて、平日の昼間の大型ショッピングモールの駐車場と解く。その心は『どちらも余裕ができる』でしょう。,
,完全な同音異義語型,サーッと血の気が引いて手足が冷たくなる恐怖,全身が震える、身の危険を感じて体が硬直する,ふるえる,震える,篩える（ふるいにかける）,厳正な選考で応募者を絞り込む審査員,「サーッと血の気が引いて手足が冷たくなる恐怖」とかけて、「厳正な選考で応募者を絞り込む審査員」と解く。その心は『どちらも震えるでしょう』。,
,完全な同音異義語型,サーッと血の気が引いて手足が冷たくなる恐怖,顔色がなくなる、青ざめる,あおざめる,青ざめる,青褪める（色が褪せる）,長年日の当たる場所に置きっぱなしだった旗,「サーッと血の気が引いて手足が冷たくなる恐怖」とかけて、「長年日の当たる場所に置きっぱなしだった旗」と解く。その心は『どちらも青褪めるでしょう』。,
,多義語型,サーッと血の気が引いて手足が冷たくなる恐怖,体が冷え切る,ひえる,冷える,冷える（関係性や状況が悪化する）,人気が低迷しているアイドルグループ,「サーッと血の気が引いて手足が冷たくなる恐怖」とかけて、「人気が低迷しているアイドルグループ」と解く。その心は『どちらも冷えるでしょう』。,
,多義語型,サーッと血の気が引いて手足が冷たくなる恐怖,顔色が白くなる、青くなる,しろくなる,白くなる（顔色）,白くなる（真実が明らかになる、無実が証明される）,冤罪が晴れて無罪を勝ち取った人,「サーッと血の気が引いて手足が冷たくなる恐怖」とかけて、「冤罪が晴れて無罪を勝ち取った人」と解く。その心は『どちらも白くなるでしょう』。,
,フレーズ・慣用句型,サーッと血の気が引いて手足が冷たくなる恐怖,驚きや恐怖で体が動かせなくなる,みうごきがとれない,身動きが取れない,身動きが取れない（経済的、物理的に窮地に陥る）,投資に失敗して多額の借金を背負った経営者,「サーッと血の気が引いて手足が冷たくなる恐怖」とかけて、「投資に失敗して多額の借金を背負った経営者」と解く。その心は『どちらも身動きが取れないでしょう』。,
,フレーズ・慣用句型,サーッと血の気が引いて手足が冷たくなる恐怖,全身の毛穴が開くようなゾッとする感覚、総毛立つ,そうけだつ,総毛立つ,総毛立つ（全身の毛が逆立つ）,怒って羽毛を逆立てるニワトリ,「サーッと血の気が引いて手足が冷たくなる恐怖」とかけて、「怒って羽毛を逆立てるニワトリ」と解く。その心は『どちらも総毛立つでしょう』。,
,多義語型,心臓が口から飛び出そうなくらいバクバク鳴る緊張感,心臓が大きく「高鳴る」,たかなる,高鳴る（心臓の鼓動が速く激しくなる）,高鳴る（音が高く響き渡る）,お寺の鐘,「心臓が口から飛び出そうなくらいバクバク鳴る緊張感」とかけて、「お寺の鐘」と解く。その心は「どちらも『高鳴る』でしょう。」,
,フレーズ・慣用句型,心臓が口から飛び出そうなくらいバクバク鳴る緊張感,心臓が「飛び出しそう」な状態,とびだす,飛び出す（心臓が体から飛び出るような感覚）,飛び出す（急に外へ出たり、出現したりする）,道に急に飛び出す子供,「心臓が口から飛び出そうなくらいバクバク鳴る緊張感」とかけて、「道に急に飛び出す子供」と解く。その心は「どちらも『飛び出す』でしょう。」,
,完全な同音異義語型,心臓が口から飛び出そうなくらいバクバク鳴る緊張感,脈拍が速い、成功の「脈」,みゃく,脈（脈拍、鼓動）,脈（成功の見込み、希望）,諦めずにチャンスを伺う人,「心臓が口から飛び出そうなくらいバクバク鳴る緊張感」とかけて、「諦めずにチャンスを伺う人」と解く。その心は「どちらも『脈』があるでしょう。」,
,多義語型,心臓が口から飛び出そうなくらいバクバク鳴る緊張感,心が「落ち着かない」状態,おちつかない,落ち着かない（精神的にそわそわする）,落ち着かない（物理的にじっとしていられない）,じっと座っていられない子供,「心臓が口から飛び出そうなくらいバクバク鳴る緊張感」とかけて、「じっと座っていられない子供」と解く。その心は「どちらも『落ち着かない』でしょう。」,
,フレーズ・慣用句型,心臓が口から飛び出そうなくらいバクバク鳴る緊張感,期待で「心が踊る」ような高揚感,こころがおどる,心が踊る（緊張や興奮で気持ちが高ぶる）,心が踊る（喜びや期待でわくわくする）,舞台の幕開けを待つダンサー,「心臓が口から飛び出そうなくらいバクバク鳴る緊張感」とかけて、「舞台の幕開けを待つダンサー」と解く。その心は「どちらも『心が踊る』でしょう。」,
,完全な同音異義語型,心臓が口から飛び出そうなくらいバクバク鳴る緊張感,息が「詰まる」ような感覚,つまる,詰まる（息が詰まる、呼吸が苦しい）,詰まる（道などが渋滞する、物でいっぱいになる）,渋滞で動かない道路,「心臓が口から飛び出そうなくらいバクバク鳴る緊張感」とかけて、「渋滞で動かない道路」と解く。その心は「どちらも『詰まる』でしょう。」,
,完全な同音異義語型,腸がグツグツと煮えくり返るほど許せない憤り,腸が『煮えくり返る』ような激しい怒り、感情が『爆発』しそう,ふっとう,沸騰（感情が極度に高ぶること）,沸騰（液体が沸点に達し、泡立って煮え立つこと）,やかんの中のお湯,腸がグツグツと煮えくり返るほど許せない憤りとかけて、やかんの中のお湯と解く。その心は『どちらも【沸騰】でしょう。』,
,完全な同音異義語型,腸がグツグツと煮えくり返るほど許せない憤り,怒りが『燃え上がる』、感情に『火が付く』,ひがつく,火が付く（怒りや衝動が燃え上がる）,火が付く（可燃物に火種が移り、燃焼を始める）,キャンプファイヤーの薪,腸がグツグツと煮えくり返るほど許せない憤りとかけて、キャンプファイヤーの薪と解く。その心は『どちらも【火が付く】でしょう。』,
,多義語型,腸がグツグツと煮えくり返るほど許せない憤り,怒りが『収まらない』、感情が『静まらない』,おさまらない,収まらない（感情が静まらず、落ち着かない）,収まらない（ある場所に完全に収納しきれない、入りきらない）,カバンに入りきらない荷物,腸がグツグツと煮えくり返るほど許せない憤りとかけて、カバンに入りきらない荷物と解く。その心は『どちらも【収まらない】でしょう。』,
,多義語型,腸がグツグツと煮えくり返るほど許せない憤り,怒りで『気が荒れる』、感情が『荒れ狂う』,あれる,荒れる（感情が激しくなり、乱暴になる）,荒れる（肌や手が乾燥してかさつく）,冬の乾燥した肌,腸がグツグツと煮えくり返るほど許せない憤りとかけて、冬の乾燥した肌と解く。その心は『どちらも【荒れる】でしょう。』,
,フレーズ・慣用句型,腸がグツグツと煮えくり返るほど許せない憤り,感情が激しく『高ぶる』、気勢が『逸り立つ』,いきりたつ,逸り立つ（感情や気勢が激しく高まること）,逸り立つ（馬が興奮して急発進しようとすること）,スタートラインで興奮している競走馬,腸がグツグツと煮えくり返るほど許せない憤りとかけて、スタートラインで興奮している競走馬と解く。その心は『どちらも【逸り立つ】でしょう。』,
,フレーズ・慣用句型,腸がグツグツと煮えくり返るほど許せない憤り,怒りで『頭に血が上る』、理性を『失う』,のぼせる,逆上せる（感情が高ぶって理性を失う）,のぼせる（熱い湯に長く浸かり過ぎて具合が悪くなる）,長風呂しすぎた人,腸がグツグツと煮えくり返るほど許せない憤りとかけて、長風呂しすぎた人と解く。その心は『どちらも【のぼせる】でしょう。』,
,完全な同音異義語型,枯れるほど涙を流しても拭いきれない深い悲しみ,悲しみが深く、心に残り「癒えない」状態,いえない,癒えない,言えない,誰にも打ち明けられない秘密,枯れるほど涙を流しても拭いきれない深い悲しみとかけて、誰にも打ち明けられない秘密と解く。その心は『どちらも言えない』でしょう。,
,完全な同音異義語型,枯れるほど涙を流しても拭いきれない深い悲しみ,涙が「枯れる」ほど流れ尽くす状態,かれる,枯れる,嗄れる,ロックバンドのボーカルがライブの終盤で,枯れるほど涙を流しても拭いきれない深い悲しみとかけて、ロックバンドのボーカルがライブの終盤でと解く。その心は『どちらも声が枯れる』でしょう。,
,多義語型,枯れるほど涙を流しても拭いきれない深い悲しみ,心に残った悲しみが「拭き取れない」状態,ふきとれない,拭き取れない,拭き取れない,頑固な油汚れ,枯れるほど涙を流しても拭いきれない深い悲しみとかけて、頑固な油汚れと解く。その心は『どちらも拭き取れない』でしょう。,
,多義語型,枯れるほど涙を流しても拭いきれない深い悲しみ,悲しみの程度が「深い」,ふかい,深い,深い,地球の海溝,枯れるほど涙を流しても拭いきれない深い悲しみとかけて、地球の海溝と解く。その心は『どちらも深い』でしょう。,
,フレーズ・慣用句型,枯れるほど涙を流しても拭いきれない深い悲しみ,悲しみが「水に流す」ことができないほど残る,みずにながすことができない,水に流すことができない,水に流すことができない,過去のトラブルや過ち,枯れるほど涙を流しても拭いきれない深い悲しみとかけて、過去のトラブルや過ちと解く。その心は『どちらも水に流すことができない』でしょう。,
,フレーズ・慣用句型,枯れるほど涙を流しても拭いきれない深い悲しみ,悲しみが心に深く「響く」,こころにひびく,心に響く,心に響く,遠くの山々に響く寺の鐘の音,枯れるほど涙を流しても拭いきれない深い悲しみとかけて、遠くの山々に響く寺の鐘の音と解く。その心は『どちらも心に響く』でしょう。,
,多義語型,まるで宙に浮いているかのようにフワフワした幸福感,心が浮き立つような軽さや不安定さ,うきうき,浮き浮き（心が軽やかで楽しい気分）,浮き浮き（水面に浮いている様子）,水面に漂う浮き草,「まるで宙に浮いているかのようにフワフワした幸福感」とかけて、「水面に漂う浮き草」と解く。その心は「どちらも『浮き浮き』でしょう。」,
,完全な同音異義語型,まるで宙に浮いているかのようにフワフワした幸福感,気分が高まり、舞い上がるような感覚,こうよう,高揚（気分が高まり、浮き立つこと）,紅葉（秋に木の葉が色づくこと）,錦秋の山々,「まるで宙に浮いているかのようにフワフワした幸福感」とかけて、「錦秋の山々」と解く。その心は「どちらも『高揚（紅葉）』でしょう。」,
,フレーズ・慣用句型,まるで宙に浮いているかのようにフワフワした幸福感,地に足がつかないような、現実離れした感覚,あしがつかない,足がつかない（現実感がなく、夢見心地な状態）,足がつかない（行方がわからず、手がかりがない）,未解決事件の犯人,「まるで宙に浮いているかのようにフワフワした幸福感」とかけて、「未解決事件の犯人」と解く。その心は「どちらも『足がつかない』でしょう。」,
,多義語型,まるで宙に浮いているかのようにフワフワした幸福感,非常に高い境地にいるような、この上ない喜び,くものうえ,雲の上（この上ない幸福や高い地位）,雲の上（文字通り、空高くにある雲の上方）,飛行機から見た上空,「まるで宙に浮いているかのようにフワフワした幸福感」とかけて、「飛行機から見た上空」と解く。その心は「どちらも『雲の上』でしょう。」,
,フレーズ・慣用句型,まるで宙に浮いているかのようにフワフワした幸福感,気分が最高潮に達し、体が軽くなるような感覚,とんでいく,飛んでいく（気分が非常に高揚して舞い上がる）,飛んでいく（物理的に空中を移動する、遠方へ運ばれる）,遠くの国へ送られる小包,「まるで宙に浮いているかのようにフワフワした幸福感」とかけて、「遠くの国へ送られる小包」と解く。その心は「どちらも『飛んでいく』でしょう。」,
,完全な同音異義語型,まるで宙に浮いているかのようにフワフワした幸福感,心が軽くなり、負担がなくなるような状態,けいりょう,軽量（体や心が軽く感じられる状態）,計量（重さや分量をはかること）,料理の材料を正確に測る料理人,「まるで宙に浮いているかのようにフワフワした幸福感」とかけて、「料理の材料を正確に測る料理人」と解く。その心は「どちらも『軽量（計量）』でしょう。」,
,多義語型,思い出すたびに胸の奥がチクチクと針で刺されるような罪悪感,過去の行為が心に残り、離れない。ずっと意識してしまう。,のこる,残る（心に痛みが残る、後悔が残る）,残る（食べ物が残る、時間が残る）,お腹いっぱいの食卓,「思い出すたびに胸の奥がチクチクと針で刺されるような罪悪感」とかけて、「お腹いっぱいの食卓」と解く。その心は「どちらも残るでしょう」。,
,多義語型,思い出すたびに胸の奥がチクチクと針で刺されるような罪悪感,心にのしかかる重荷。精神的な負担。,おもい,重い（心が重い、気が重い）,重い（物理的に重い、荷物が重い）,引っ越し屋さんのトラック,「思い出すたびに胸の奥がチクチクと針で刺されるような罪悪感」とかけて、「引っ越し屋さんのトラック」と解く。その心は「どちらも重いでしょう」。,
,完全な同音異義語型,思い出すたびに胸の奥がチクチクと針で刺されるような罪悪感,記憶が蘇るたびに心が痛む。過去を振り返る。,かえりみる,顧みる（過去を顧みる、自分の行動を顧みる）,帰り見る（後ろを振り返って見る、ふりかえる）,故郷を離れる旅人,「思い出すたびに胸の奥がチクチクと針で刺されるような罪悪感」とかけて、「故郷を離れる旅人」と解く。その心は「どちらもかえりみるでしょう」。,
,完全な同音異義語型,思い出すたびに胸の奥がチクチクと針で刺されるような罪悪感,後悔の念が心を締め付ける。,くい,悔い（悔いが残る、後悔の悔い）,杭（木製の棒、境界を示す杭）,土地の測量士,「思い出すたびに胸の奥がチクチクと針で刺されるような罪悪感」とかけて、「土地の測量士」と解く。その心は「どちらも杭（くい）を打つでしょう」。,
,フレーズ・慣用句型,思い出すたびに胸の奥がチクチクと針で刺されるような罪悪感,過去の行動が心に留まる。精神的な負担。,あとをひく,後を引く（罪悪感が後を引く、心に余韻が残る）,後を引く（食事が後を引く美味しさ、連続して続く）,やめられない止まらないお菓子,「思い出すたびに胸の奥がチクチクと針で刺されるような罪悪感」とかけて、「やめられない止まらないお菓子」と解く。その心は「どちらも後を引くでしょう」。,
,フレーズ・慣用句型,思い出すたびに胸の奥がチクチクと針で刺されるような罪悪感,記憶が何度も脳裏に浮かぶ。,あたまをよぎる,頭をよぎる（罪悪感が頭をよぎる）,頭をよぎる（目の前を横切る、例えば鳥や影）,夜道を歩く人の目の前を横切る黒猫,「思い出すたびに胸の奥がチクチクと針で刺されるような罪悪感」とかけて、「夜道を歩く人の目の前を横切る黒猫」と解く。その心は「どちらも頭をよぎるでしょう」。,
,完全な同音異義語型,息が詰まるほど重苦しい空気が部屋に漂う気まずさ,会話の途切れ、沈黙、居心地の悪さ,まがわるい,間が悪い,間が悪い（タイミングが悪い）,待ち合わせに遅れて相手を長時間待たせてしまった人,息が詰まるほど重苦しい空気が部屋に漂う気まずさとかけて、待ち合わせに遅れて相手を長時間待たせてしまった人と解く。その心は『どちらも間が悪い』でしょう。,
,完全な同音異義語型,息が詰まるほど重苦しい空気が部屋に漂う気まずさ,会話が途切れる、緊張、不穏な雰囲気,きれる,切れる（会話が途切れる、緊張が極限に達する）,切れる（刃物が鋭い、怒りが爆発する）,研ぎ澄まされた包丁,息が詰まるほど重苦しい空気が部屋に漂う気まずさとかけて、研ぎ澄まされた包丁と解く。その心は『どちらもよく切れる』でしょう。,
,多義語型,息が詰まるほど重苦しい空気が部屋に漂う気まずさ,雰囲気の重さ、精神的負担,おもい,重い（雰囲気が重い、気分が重い）,重い（物理的に重量がある）,力士が抱える稽古道具,息が詰まるほど重苦しい空気が部屋に漂う気まずさとかけて、力士が抱える稽古道具と解く。その心は『どちらも重い』でしょう。,
,多義語型,息が詰まるほど重苦しい空気が部屋に漂う気まずさ,会話が途切れる、動きが止まる,とまる,止まる（会話や思考が止まる）,泊まる（宿泊する）,旅先のホテル,息が詰まるほど重苦しい空気が部屋に漂う気まずさとかけて、旅先のホテルと解く。その心は『どちらも泊まる（止まる）』でしょう。,
,フレーズ・慣用句型,息が詰まるほど重苦しい空気が部屋に漂う気まずさ,精神的な圧迫感、呼吸のしづらさ,いきがつまる,息が詰まる（精神的に苦しい）,息が詰まる（物理的に呼吸が困難になる）,水中で息を止めているダイバー,息が詰まるほど重苦しい空気が部屋に漂う気まずさとかけて、水中で息を止めているダイバーと解く。その心は『どちらも息が詰まる』でしょう。,
,フレーズ・慣用句型,息が詰まるほど重苦しい空気が部屋に漂う気まずさ,場の雰囲気が硬直する、動きがなくなる,こおりつく,凍りつく（場の空気が凍りつく、会話が止まる）,凍りつく（物理的に氷になる、体が冷える）,厳冬期の湖面,息が詰まるほど重苦しい空気が部屋に漂う気まずさとかけて、厳冬期の湖面と解く。その心は『どちらも凍りつく』でしょう。,
,完全な同音異義語型,砂を噛むように苦くて飲み込むのが辛い敗北感,「砂」という物質の存在、その音読み,さ,砂（音読み）,差（違い、差額）,経理で計算が合わない時,「砂を噛むように苦くて飲み込むのが辛い敗北感」とかけて、「経理で計算が合わない時」と解く。その心は「どちらも『差（さ）』に苦しむでしょう。」,
,完全な同音異義語型,砂を噛むように苦くて飲み込むのが辛い敗北感,苦しくてつらい感情,くじゅう,苦渋（苦しくてつらいこと）,句集（俳句や短歌をまとめた書物）,お気に入りの俳句を選んで編集する人,「砂を噛むように苦くて飲み込むのが辛い敗北感」とかけて、「お気に入りの俳句を選んで編集する人」と解く。その心は「どちらも『句集（くじゅう）』に思いを巡らせるでしょう。」,
,多義語型,砂を噛むように苦くて飲み込むのが辛い敗北感,物理的に物が喉を通らない、事態を受け入れがたい,のみこめない,飲み込めない（物理的に喉を通らない、事実を受け入れられない）,飲み込めない（難解な事柄を理解できない、納得できない）,難解な学説を前にした研究者,「砂を噛むように苦くて飲み込むのが辛い敗北感」とかけて、「難解な学説を前にした研究者」と解く。その心は「どちらも『飲み込めない』でしょう。」,
,多義語型,砂を噛むように苦くて飲み込むのが辛い敗北感,舌触りが滑らかでない食感、またはそれに伴う精神的な不快感,ざらつく,ざらつく（舌触りが滑らかでない、心が落ち着かない）,ざらつく（物の表面が粗い、肌が荒れる）,乾燥した冬の肌,「砂を噛むように苦くて飲み込むのが辛い敗北感」とかけて、「乾燥した冬の肌」と解く。その心は「どちらも『ざらつく』でしょう。」,
,フレーズ・慣用句型,砂を噛むように苦くて飲み込むのが辛い敗北感,味覚の不快感、好みと合わない感覚,くちにあわない,口に合わない（味が好みでない、食感が不快）,口に合わない（意見が合わない、考え方が異なる）,議論で意見が全くかみ合わない二人,「砂を噛むように苦くて飲み込むのが辛い敗北感」とかけて、「議論で意見が全くかみ合わない二人」と解く。その心は「どちらも『口に合わない』でしょう。」,
,フレーズ・慣用句型,砂を噛むように苦くて飲み込むのが辛い敗北感,事実や状況を容易に受け入れることができない状態,うけいれられない,受け入れられない（敗北の事実を容認できない）,受け入れられない（訪問客が多すぎて招き入れられない、提案が却下される）,満員御礼で入店できない人気のライブハウス,「砂を噛むように苦くて飲み込むのが辛い敗北感」とかけて、「満員御礼で入店できない人気のライブハウス」と解く。その心は「どちらも『受け入れられない』でしょう。」,
,多義語型,ゾワゾワと身の毛がよだって鳥肌が立つ嫌悪感,物理的に「鳥肌が立つ」状態,たつ,立つ（鳥肌が立つ）,立つ（計画が立つ）,新しい事業の企画担当者,「ゾワゾワと身の毛がよだって鳥肌が立つ嫌悪感」とかけて、「新しい事業の企画担当者」と解く。その心は「どちらも『立つ』でしょう。」,
,フレーズ・慣用句型,ゾワゾワと身の毛がよだって鳥肌が立つ嫌悪感,生理的な不快感や嫌悪感,きもちわるい,気持ち悪い（生理的に不快）,気持ち悪い（気分が悪い、体調不良）,船酔いの人,「ゾワゾワと身の毛がよだって鳥肌が立つ嫌悪感」とかけて、「船酔いの人」と解く。その心は「どちらも『気持ち悪い』でしょう。」,
,完全な同音異義語型,ゾワゾワと身の毛がよだって鳥肌が立つ嫌悪感,肌が粟立つという表現,あわ,粟（肌が粟立つ）,泡（石鹸の泡、ビールの泡）,ビールを注いだグラス,「ゾワゾワと身の毛がよだって鳥肌が立つ嫌悪感」とかけて、「ビールを注いだグラス」と解く。その心は「どちらも『粟(泡)』でしょう。」,
,多義語型,ゾワゾワと身の毛がよだって鳥肌が立つ嫌悪感,毛が逆立つ物理的状態,さかだつ,逆立つ（身の毛が逆立つ）,逆立つ（意見が対立して議論が逆立つ）,激しい議論をしている会議,「ゾワゾワと身の毛がよだって鳥肌が立つ嫌悪感」とかけて、「激しい議論をしている会議」と解く。その心は「どちらも『逆立つ』でしょう。」,
,フレーズ・慣用句型,ゾワゾワと身の毛がよだって鳥肌が立つ嫌悪感,近づかせたくない、避けたいという感情,よせつけない,寄せ付けない（嫌悪感から近づかせない）,寄せ付けない（物理的に近づきにくい、近寄りがたい）,難攻不落の城,「ゾワゾワと身の毛がよだって鳥肌が立つ嫌悪感」とかけて、「難攻不落の城」と解く。その心は「どちらも『寄せ付けない』でしょう。」,
,完全な同音異義語型,ゾワゾワと身の毛がよだって鳥肌が立つ嫌悪感,寒気や生理的な不快感に似た感覚,おかん,悪寒（ゾワゾワする不快な寒気）,おかん（大阪弁で母親）,大阪出身の母親,「ゾワゾワと身の毛がよだって鳥肌が立つ嫌悪感」とかけて、「大阪出身の母親」と解く。その心は「どちらも『悪寒(おかん)』でしょう。」,
,完全な同音異義語型,美しさに瞬きも息をするのも忘れて震える感動,感動で呼吸を忘れる,いきをのむ,息をのむ（感動で言葉を失う）,意義をのむ（相手の主張を受け入れる）,討論に敗れた論客,「美しさに瞬きも息をするのも忘れて震える感動」とかけて、「討論に敗れた論客」と解く。その心は『どちらも「息をのむ」でしょう。』,
,完全な同音異義語型,美しさに瞬きも息をするのも忘れて震える感動,心が震え、揺さぶられる,しんかん,震憾（感動で心が震えること）,新刊（書店に並ぶ新しい本）,書店に並んだばかりの話題作,「美しさに瞬きも息をするのも忘れて震える感動」とかけて、「書店に並んだばかりの話題作」と解く。その心は『どちらも「新刊（震憾）」でしょう。』,
,多義語型,美しさに瞬きも息をするのも忘れて震える感動,見惚れて視線を固定する,めをはなせない,目を離せない（見惚れてじっと見つめる）,目を離せない（注意して見守る）,不安定な子供の初めての自転車練習,「美しさに瞬きも息をするのも忘れて震える感動」とかけて、「不安定な子供の初めての自転車練習」と解く。その心は『どちらも「目を離せない」でしょう。』,
,多義語型,美しさに瞬きも息をするのも忘れて震える感動,呼吸を忘れるほど夢中になる,いきがつまる,息が詰まる（感動で呼吸を忘れるほど）,息が詰まる（プレッシャーで苦しい）,重要なプレゼンを控えたビジネスマン,「美しさに瞬きも息をするのも忘れて震える感動」とかけて、「重要なプレゼンを控えたビジネスマン」と解く。その心は『どちらも「息が詰まる」でしょう。』,
,フレーズ・慣用句型,美しさに瞬きも息をするのも忘れて震える感動,心が強く揺さぶられる,むねをうつ,胸を打つ（感動して心が揺さぶられる）,胸を打つ（物理的に胸に衝撃を与える）,悔しさで自分の胸を叩くスポーツ選手,「美しさに瞬きも息をするのも忘れて震える感動」とかけて、「悔しさで自分の胸を叩くスポーツ選手」と解く。その心は『どちらも「胸を打つ」でしょう。』,
,フレーズ・慣用句型,美しさに瞬きも息をするのも忘れて震える感動,驚きや感動で見開く,めをみはる,目を見張る（驚きや感動で見開く）,目を見張る（監視のため注意深く見つめる）,貴重品を守る警備員,「美しさに瞬きも息をするのも忘れて震える感動」とかけて、「貴重品を守る警備員」と解く。その心は『どちらも「目を見張る」でしょう。』,
,完全な同音異義語型,心にポッカリと大きな穴が空いて冷たい風が吹く喪失感,感情が抜け落ち、中が空っぽで寂しい状態,くうきょ,空虚（むなしさ、何もないこと）,空家（人が住んでいない家）,長年住人がいなくなり、吹き抜けになった家,心にポッカリと大きな穴が空いて冷たい風が吹く喪失感とかけて、長年住人がいなくなり、吹き抜けになった家と解く。その心は『どちらも空虚』でしょう。,
,多義語型,心にポッカリと大きな穴が空いて冷たい風が吹く喪失感,何かを失い、精神的に満たされない状態,からっぽ,空っぽ（何も入っていない虚しい状態）,空っぽ（物理的に中身がない状態）,中身を全て食べられてしまったお菓子の箱,心にポッカリと大きな穴が空いて冷たい風が吹く喪失感とかけて、中身を全て食べられてしまったお菓子の箱と解く。その心は『どちらも空っぽ』でしょう。,
,フレーズ・慣用句型,心にポッカリと大きな穴が空いて冷たい風が吹く喪失感,大切なものを失い、精神的に欠けてしまうこと,あながあく,穴が開く（心に虚無感が生じる）,穴が開く（予定や計画に空きができる）,急なキャンセルで空きができたイベントのチケット,心にポッカリと大きな穴が空いて冷たい風が吹く喪失感とかけて、急なキャンセルで空きができたイベントのチケットと解く。その心は『どちらも穴が開く』でしょう。,
,完全な同音異義語型,心にポッカリと大きな穴が空いて冷たい風が吹く喪失感,精神的に冷え切って、寂しさを感じる状態,さむい,寒い（心が冷え込む、寂寥感）,寒い（気温が低く冷え冷えとしている）,真冬の北風が吹き荒れる夜,心にポッカリと大きな穴が空いて冷たい風が吹く喪失感とかけて、真冬の北風が吹き荒れる夜と解く。その心は『どちらも寒い』でしょう。,
,多義語型,心にポッカリと大きな穴が空いて冷たい風が吹く喪失感,大切なものを失い、空虚で無意味に感じる状態,むなしい,虚しい（喪失感からくる空虚な気持ち）,虚しい（実質がなく、内容がない）,収穫され尽くして何も残っていない畑,心にポッカリと大きな穴が空いて冷たい風が吹く喪失感とかけて、収穫され尽くして何も残っていない畑と解く。その心は『どちらも虚しい』でしょう。,
,フレーズ・慣用句型,心にポッカリと大きな穴が空いて冷たい風が吹く喪失感,精神的に活力がなくなり、感情が枯れる状態,からになる,空になる（心が虚しくなる、感情が枯れる）,空になる（容器の中身がなくなる）,一滴残らず使い切ってしまったインクボトル,心にポッカリと大きな穴が空いて冷たい風が吹く喪失感とかけて、一滴残らず使い切ってしまったインクボトルと解く。その心は『どちらも空になる』でしょう。,
,多義語型,糸が切れたように全身の力が抜け落ちる無力感,張り詰めていた状態が途切れる、精神的な気力がなくなる,きれる,（精神的な糸が）切れる,（短気で）切れる,怒りっぽくてすぐに感情を爆発させる人,「糸が切れたように全身の力が抜け落ちる無力感」とかけて、「怒りっぽくてすぐに感情を爆発させる人」と解く。その心は「どちらも『切れる』でしょう。」,
,フレーズ・慣用句型,糸が切れたように全身の力が抜け落ちる無力感,精神的な支えや気力がなくなり、何もできなくなる,たつものがなくなる,立つものがなくなる（精神的な支えがなくなる）,立つものがなくなる（売れる商品がなくなる）,売れ筋商品が品切れで店を閉じるしかなかった店主,「糸が切れたように全身の力が抜け落ちる無力感」とかけて、「売れ筋商品が品切れで店を閉じるしかなかった店主」と解く。その心は「どちらも『立つものがなくなる』でしょう。」,
,完全な同音異義語型,糸が切れたように全身の力が抜け落ちる無力感,活力が失われ、力が体から出ていく,ぬける,（力が）抜ける,（毛が）抜ける,換毛期の犬や猫,「糸が切れたように全身の力が抜け落ちる無力感」とかけて、「換毛期の犬や猫」と解く。その心は「どちらも『抜ける』でしょう。」,
,多義語型,糸が切れたように全身の力が抜け落ちる無力感,緊張が途切れ、注意力が散漫になる,ゆだんする,油断する（気が緩み注意を怠る）,油断する（油の供給が断たれる）,燃料切れで動かなくなったオイルランプ,「糸が切れたように全身の力が抜け落ちる無力感」とかけて、「燃料切れで動かなくなったオイルランプ」と解く。その心は「どちらも『油断する』でしょう。」,
,フレーズ・慣用句型,糸が切れたように全身の力が抜け落ちる無力感,活力が失われ、生気がなくなる,きがぬける,気が抜ける（活力が失われる）,気が抜ける（炭酸飲料の泡がなくなる）,蓋を開けたまま放置されたサイダー,「糸が切れたように全身の力が抜け落ちる無力感」とかけて、「蓋を開けたまま放置されたサイダー」と解く。その心は「どちらも『気が抜ける』でしょう。」,
,完全な同音異義語型,糸が切れたように全身の力が抜け落ちる無力感,精神的なつながりや制御が途絶える,きれる,（関係が）切れる,（品物が）切れる,人気商品が売り切れてしまったお店,「糸が切れたように全身の力が抜け落ちる無力感」とかけて、「人気商品が売り切れてしまったお店」と解く。その心は「どちらも『切れる』でしょう。」,
,完全な同音異義語型,早くしなければと心が焼け焦げるように急かされる焦燥感,「心が焦げるような」状態。精神的に「焼ける」感じ、切羽詰まった状況。,こげる,焦げる（心が焦り、追い詰められる状態）,焦げる（熱で物が黒く変質する状態）,網の上の餅,早くしなければと心が焼け焦げるように急かされる焦燥感とかけて、網の上の餅と解く。その心は『どちらも「焦げる」でしょう。』,
,多義語型,早くしなければと心が焼け焦げるように急かされる焦燥感,早くしなければという「切羽詰まった状況」。時間的な猶予がない。,せまる,迫る（時間が差し迫る、精神的に追い詰められる）,迫る（物理的に近づく、圧力や勢いが近づく）,巨大な津波,早くしなければと心が焼け焦げるように急かされる焦燥感とかけて、巨大な津波と解く。その心は『どちらも「迫る」でしょう。』,
,フレーズ・慣用句型,早くしなければと心が焼け焦げるように急かされる焦燥感,心が「焼け焦げる」ような状態。精神的なプレッシャーが非常に強い。,こころがあつい,心が熱い（焦燥感で感情が高ぶり、内面が燃えるような状態）,心が熱い（情熱的である、感動する）,情熱的なスポーツ選手,早くしなければと心が焼け焦げるように急かされる焦燥感とかけて、情熱的なスポーツ選手と解く。その心は『どちらも「心が熱い」でしょう。』,
,完全な同音異義語型,早くしなければと心が焼け焦げるように急かされる焦燥感,急がされる、追い立てられるような感覚。「慌てる」「急ぐ」ことで結果が「早まる」。,はやまる,早まる（判断や行動が焦りから来る、急ぐことで結果が早まる）,早まる（物理的に時間が早まる、期日が繰り上がる）,繰り上げ当選した選挙結果,早くしなければと心が焼け焦げるように急かされる焦燥感とかけて、繰り上げ当選した選挙結果と解く。その心は『どちらも「早まる」でしょう。』,
,多義語型,早くしなければと心が焼け焦げるように急かされる焦燥感,焦燥感、急かされることによる「プレッシャー」や「負担」。精神的な重荷。,おもい,重い（精神的なプレッシャーや負担が大きい）,重い（物理的な重さ）,相撲取りの力士,早くしなければと心が焼け焦げるように急かされる焦燥感とかけて、相撲取りの力士と解く。その心は『どちらも「重い」でしょう。』,
,フレーズ・慣用句型,早くしなければと心が焼け焦げるように急かされる焦燥感,「心が焼け焦げるように急かされる」→精神的に「燃え上がる」、緊迫した状況。,ひがつく,火が付く（精神的に焦り、緊迫した状況になる、問題が顕在化する）,火が付く（物理的に火が燃え始める）,枯れ草の山,早くしなければと心が焼け焦げるように急かされる焦燥感とかけて、枯れ草の山と解く。その心は『どちらも「火が付く」でしょう。』,
,完全な同音異義語型,レモンのように甘酸っぱくて胸がキュンとなる青春の思い出,味覚としての酸っぱさや、過去の感情的な体験,すっぱい,酸っぱい（味覚）,吸っぱい（煙などを吸う）,ヘビースモーカー,「レモンのように甘酸っぱくて胸がキュンとなる青春の思い出」とかけて、「ヘビースモーカー」と解く。その心は「どちらも『すっぱい』でしょう。」,
,多義語型,レモンのように甘酸っぱくて胸がキュンとなる青春の思い出,心が締め付けられるような感情,しめつける,締め付ける（心が感情で）,締め付ける（物理的に固定する）,ネクタイの結び目,「レモンのように甘酸っぱくて胸がキュンとなる青春の思い出」とかけて、「ネクタイの結び目」と解く。その心は「どちらも『締め付ける』でしょう。」,
,フレーズ・慣用句型,レモンのように甘酸っぱくて胸がキュンとなる青春の思い出,過ぎ去った時間、二度と来ない状況,もうもどらない,もう戻らない（過去の出来事）,もう戻らない（物理的に後退できない）,一方通行の道路,「レモンのように甘酸っぱくて胸がキュンとなる青春の思い出」とかけて、「一方通行の道路」と解く。その心は「どちらも『もう戻らない』でしょう。」,
,完全な同音異義語型,レモンのように甘酸っぱくて胸がキュンとなる青春の思い出,幸福感や切なさを含んだ感情,あまい,甘い（感情が）,甘い（判断や見通しが）,計画性のないプロジェクトマネージャー,「レモンのように甘酸っぱくて胸がキュンとなる青春の思い出」とかけて、「計画性のないプロジェクトマネージャー」と解く。その心は「どちらも『甘い』でしょう。」,
,多義語型,レモンのように甘酸っぱくて胸がキュンとなる青春の思い出,感情的な動揺、感動,こころがゆさぶられる,心が揺さぶられる（感情が激しく動く様子）,心が揺さぶられる（ショックや不安で精神的に不安定になる様子）,大地震の被災者,「レモンのように甘酸っぱくて胸がキュンとなる青春の思い出」とかけて、「大地震の被災者」と解く。その心は「どちらも『心が揺さぶられる』でしょう。」,
,フレーズ・慣用句型,レモンのように甘酸っぱくて胸がキュンとなる青春の思い出,経験や感情の深み、趣,あじがある,味がある（経験や感情に）,味がある（食べ物や飲み物に）,熟成されたワイン,「レモンのように甘酸っぱくて胸がキュンとなる青春の思い出」とかけて、「熟成されたワイン」と解く。その心は「どちらも『味がある』でしょう。」,
,完全な同音異義語型,突き刺さるような冷ややかな視線で凍りつく空気,冷たく固まる、動けない、緊張で体が固まる,かたまる,固まる (緊張で体が固まる),固まる (液体が固体になる),冷やして固めるゼリー,突き刺さるような冷ややかな視線で凍りつく空気とかけて、冷やして固めるゼリーと解く。その心は『どちらも【固まる】でしょう。』,
,完全な同音異義語型,突き刺さるような冷ややかな視線で凍りつく空気,冷たい、冷え切る、関係が冷える,さめる,冷める (空気が冷え切る、関係が冷える),覚める (眠りから覚める),夜が明けて眠りから覚める人,突き刺さるような冷ややかな視線で凍りつく空気とかけて、夜が明けて眠りから覚める人と解く。その心は『どちらも【さめる（冷める/覚める）】でしょう。』,
,多義語型,突き刺さるような冷ややかな視線で凍りつく空気,動きが停止する、息が止まる、思考が停止する,とまる,止まる (緊張で息や動きが止まる),止まる (心に留まる、記憶に残る),忘れられない美しい景色,突き刺さるような冷ややかな視線で凍りつく空気とかけて、忘れられない美しい景色と解く。その心は『どちらも【心に止まる】でしょう。』,
,多義語型,突き刺さるような冷ややかな視線で凍りつく空気,厳しい、きつい、視線が鋭い,するどい,鋭い (視線が鋭く、厳しさを感じる),鋭い (知性や感覚が鋭い),真実を見抜く名探偵,突き刺さるような冷ややかな視線で凍りつく空気とかけて、真実を見抜く名探偵と解く。その心は『どちらも【鋭い】でしょう。』,
,フレーズ・慣用句型,突き刺さるような冷ややかな視線で凍りつく空気,緊張で何も言えない、沈黙する,ことばをうしなう,言葉を失う (恐怖や緊張で話せなくなる),言葉を失う (感動や驚きで話せなくなる),息をのむ絶景を見た旅行者,突き刺さるような冷ややかな視線で凍りつく空気とかけて、息をのむ絶景を見た旅行者と解く。その心は『どちらも【言葉を失う】でしょう。』,
,フレーズ・慣用句型,突き刺さるような冷ややかな視線で凍りつく空気,恐怖や緊張で身動きが取れない、震える,からだがこおる,体が凍る (恐怖や緊張で身動きが取れない比喩),体が凍る (物理的な寒さで体が冷え切る),真冬の雪山で遭難した登山家,突き刺さるような冷ややかな視線で凍りつく空気とかけて、真冬の雪山で遭難した登山家と解く。その心は『どちらも【体が凍る】でしょう。』,
,多義語型,重い泥沼にはまって足が抜けないような苦しい葛藤,その状況から逃れられない、解決できない状態,ぬけられない,抜けられない（状況から）,抜けられない（歯がグラグラで）,歯周病でぐらついている歯,「重い泥沼にはまって足が抜けないような苦しい葛藤」とかけて、「歯周病でぐらついている歯」と解く。その心は「どちらも『抜けられない』でしょう。」,
,フレーズ・慣用句型,重い泥沼にはまって足が抜けないような苦しい葛藤,将来の見通しが立たず、方向性が定まらない状態,さきがみえない,先が見えない（状況の成り行きが不明）,先が見えない（視界が悪く、道の方向が不明）,深い霧の中を航行する船,「重い泥沼にはまって足が抜けないような苦しい葛藤」とかけて、「深い霧の中を航行する船」と解く。その心は「どちらも『先が見えない』でしょう。」,
,完全な同音異義語型,重い泥沼にはまって足が抜けないような苦しい葛藤,問題が解決せず、状況が固まって動かない状態,こうちゃく,膠着（状況が動かないこと）,紅茶（飲み物の一種）,午後のティータイムに提供される飲み物,「重い泥沼にはまって足が抜けないような苦しい葛藤」とかけて、「午後のティータイムに提供される飲み物」と解く。その心は「どちらも『こうちゃく（膠着／紅茶）』でしょう。」,
,多義語型,重い泥沼にはまって足が抜けないような苦しい葛藤,問題が根深く、表面的な解決が難しい状態,ふかい,深い（問題の根が）,深い（人間関係や知識などが）,長年にわたる師弟関係,「重い泥沼にはまって足が抜けないような苦しい葛藤」とかけて、「長年にわたる師弟関係」と解く。その心は「どちらも『深い』でしょう。」,
,フレーズ・慣用句型,重い泥沼にはまって足が抜けないような苦しい葛藤,思いがけない障害によって動きがとれなくなる状態,あしをとられる,足を取られる（泥によって）,足を取られる（不意を突かれて均衡を失う、あるいは騙される）,敵の奇襲攻撃によって体制を崩した部隊,「重い泥沼にはまって足が抜けないような苦しい葛藤」とかけて、「敵の奇襲攻撃によって体制を崩した部隊」と解く。その心は「どちらも『足を取られる』でしょう。」,
,完全な同音異義語型,重い泥沼にはまって足が抜けないような苦しい葛藤,心の中の状況や感情がまとまらず、混乱している状態,せいり,整理（感情や思考を整えること）,生理（生物の生命現象や体の機能）,人間の生命維持機能,「重い泥沼にはまって足が抜けないような苦しい葛藤」とかけて、「人間の生命維持機能」と解く。その心は「どちらも『せいり（整理／生理）』でしょう。」,
,完全な同音異義語型,物事の正しいか間違っているかをはっきりと分ける善悪,正しいか間違っているかを見極めること,はんだん,判断（善悪を区別すること）,半田（金属を接合する材料）,電子回路の部品を繋ぐ素材,物事の正しいか間違っているかをはっきりと分ける善悪とかけて、電子回路の部品を繋ぐ素材と解く。その心は「どちらも判断（半田）が重要」でしょう。,
,完全な同音異義語型,物事の正しいか間違っているかをはっきりと分ける善悪,良い悪いを区別すること,ぶんべつ,分別（善悪の区別）,分別（ごみを種類ごとに分けること）,家庭ごみの出し方,物事の正しいか間違っているかをはっきりと分ける善悪とかけて、家庭ごみの出し方と解く。その心は「どちらも分別が大切」でしょう。,
,多義語型,物事の正しいか間違っているかをはっきりと分ける善悪,どちらが正しいかを結論づけること,きめる,決める（善悪の結論を出す）,決める（身だしなみを整えて格好良くする）,おしゃれをして街へ出る人,物事の正しいか間違っているかをはっきりと分ける善悪とかけて、おしゃれをして街へ出る人と解く。その心は「どちらも決めることが肝心」でしょう。,
,多義語型,物事の正しいか間違っているかをはっきりと分ける善悪,境界を定めること,せんびき,線引き（善悪の境界を定める）,線引き（定規などを使って線を引くこと）,製図を描く技術者,物事の正しいか間違っているかをはっきりと分ける善悪とかけて、製図を描く技術者と解く。その心は「どちらも線引きが重要」でしょう。,
,フレーズ・慣用句型,物事の正しいか間違っているかをはっきりと分ける善悪,事の真相をはっきりさせること,しろくろをつける,白黒をつける（善悪をはっきりさせる）,白黒をつける（勝敗を決める）,囲碁の対局,物事の正しいか間違っているかをはっきりと分ける善悪とかけて、囲碁の対局と解く。その心は「どちらも白黒をつける」でしょう。,
,フレーズ・慣用句型,物事の正しいか間違っているかをはっきりと分ける善悪,区別を明確にすること,けじめをつける,けじめをつける（善悪の区別をはっきりさせる）,けじめをつける（行動や態度に区切りをつける）,遅刻癖のある新入社員,物事の正しいか間違っているかをはっきりと分ける善悪とかけて、遅刻癖のある新入社員と解く。その心は「どちらもけじめをつけるのが大切」でしょう。,
,完全な同音異義語型,過去の出来事を記録して後世に長く伝える歴史,出来事を文字として綴り、残していく行為,つづる,歴史を綴る,布を綴る,破れた服を繕う裁縫師,「過去の出来事を記録して後世に長く伝える歴史」とかけて、「破れた服を繕う裁縫師」と解く。その心は『どちらも「綴る」』でしょう。,
,多義語型,過去の出来事を記録して後世に長く伝える歴史,過去の出来事から未来への教訓や方向性を明らかにする機能,しめす,歴史が示す教訓,方向を指し示す,旅人に道案内をする人,「過去の出来事を記録して後世に長く伝える歴史」とかけて、「旅人に道案内をする人」と解く。その心は『どちらも「示す」』でしょう。,
,フレーズ・慣用句型,過去の出来事を記録して後世に長く伝える歴史,過去の出来事が未来への教訓となる性質,かがみ,未来を映す鏡,姿を映す鏡,身だしなみを整えるための姿見,「過去の出来事を記録して後世に長く伝える歴史」とかけて、「身だしなみを整えるための姿見」と解く。その心は『どちらも「鏡」』でしょう。,
,完全な同音異義語型,過去の出来事を記録して後世に長く伝える歴史,出来事が時間とともに進展し、広がりを見せること,てんかい,歴史が展開する,テントを展開する,キャンプ場でテントを設営する人,「過去の出来事を記録して後世に長く伝える歴史」とかけて、「キャンプ場でテントを設営する人」と解く。その心は『どちらも「展開する」』でしょう。,
,多義語型,過去の出来事を記録して後世に長く伝える歴史,様々な出来事が時間と共に連なり、量を増していくこと,つみかさねる,歴史を積み重ねる,ブロックを積み重ねる,子どもが遊ぶ積み木のブロック,「過去の出来事を記録して後世に長く伝える歴史」とかけて、「子どもが遊ぶ積み木のブロック」と解く。その心は『どちらも「積み重ねる」』でしょう。,
,フレーズ・慣用句型,過去の出来事を記録して後世に長く伝える歴史,時間とともに途切れることなく変化し続ける様子,ながれる,歴史の流れ,川が流れる,大自然を流れる悠久の川,「過去の出来事を記録して後世に長く伝える歴史」とかけて、「大自然を流れる悠久の川」と解く。その心は『どちらも「流れがある」』でしょう。,
,多義語型,過去のデータから未来の傾向を弾き出す統計学,データの中から、隠れた規則性や傾向を発見しようとする行為,さぐる,探る,探る,暗闇の中を手探りで進む冒険家,「過去のデータから未来の傾向を弾き出す統計学」とかけて、「暗闇の中を手探りで進む冒険家」と解く。その心は「どちらも『『探る』』でしょう。」,
,完全な同音異義語型,過去のデータから未来の傾向を弾き出す統計学,不確実な未来について、過去の情報に基づいて推測を行うこと,よそう,予想,余所,自分の仕事には集中し、他人のことに口出ししない人,「過去のデータから未来の傾向を弾き出す統計学」とかけて、「自分の仕事には集中し、他人のことに口出ししない人」と解く。その心は「どちらも『『よそ』のことに惑わされない』でしょう。」,
,フレーズ・慣用句型,過去のデータから未来の傾向を弾き出す統計学,大量の情報の中から、役立つ法則や意味のある関係性を見つけ出す行為,いみをみいだす,意味を見出す,意味を見出す,日々の単調な作業の中に喜びや価値を見つけ出す職人,「過去のデータから未来の傾向を弾き出す統計学」とかけて、「日々の単調な作業の中に喜びや価値を見つけ出す職人」と解く。その心は「どちらも『『意味を見出す』』でしょう。」,
,多義語型,過去のデータから未来の傾向を弾き出す統計学,無数の数値や事象から、一定の法則や結論へと導くこと,みちびきだす,導き出す,導き出す,大勢の迷える人々を正しい道へと案内するリーダー,「過去のデータから未来の傾向を弾き出す統計学」とかけて、「大勢の迷える人々を正しい道へと案内するリーダー」と解く。その心は「どちらも『結論や方向性を『導き出す』』でしょう。」,
,完全な同音異義語型,過去のデータから未来の傾向を弾き出す統計学,データが持つ情報や法則性を表に出して、それを明らかにする,しめす,示す,示す,裁判で決定的な証拠を提示する弁護士,「過去のデータから未来の傾向を弾き出す統計学」とかけて、「裁判で決定的な証拠を提示する弁護士」と解く。その心は「どちらも『確かなものを『示す』』でしょう。」,
,フレーズ・慣用句型,過去のデータから未来の傾向を弾き出す統計学,表面的な事象の裏にある、本当の姿や法則を理解すること,ほんしつをよみとく,本質を読み解く,本質を読み解く,難解な古典文学の深い意味を解き明かす研究者,「過去のデータから未来の傾向を弾き出す統計学」とかけて、「難解な古典文学の深い意味を解き明かす研究者」と解く。その心は「どちらも『『本質を読み解く』』でしょう。」,
,多義語型,人々の権利と義務を厳格に定める法律,効力を発揮する、成立する,たつ,立つ（法律が成立する、発効する）,立つ（人が物理的に直立する）,満員電車に乗る通勤客,人々の権利と義務を厳格に定める法律とかけて、満員電車に乗る通勤客と解く。その心は『どちらも【立つ】でしょう。』,
,フレーズ・慣用句型,人々の権利と義務を厳格に定める法律,法律に逃れる手段がない、厳格である,ぬけみちがない,抜け道がない（法律に違反を回避する方法がない）,抜け道がない（物理的に先に進めない道）,行き止まりの山道,人々の権利と義務を厳格に定める法律とかけて、行き止まりの山道と解く。その心は『どちらも【抜け道がない】でしょう。』,
,完全な同音異義語型,人々の権利と義務を厳格に定める法律,法律が発効する,しこう,施行（法律が実施されること）,歯垢（歯に付着する汚れ）,毎日のデンタルケア,人々の権利と義務を厳格に定める法律とかけて、毎日のデンタルケアと解く。その心は『どちらも【しこう】でしょう。』,
,多義語型,人々の権利と義務を厳格に定める法律,行動を制限する、義務を課す,しばる,縛る（法律が人々の行動を制限する）,縛る（紐などで物理的に固定する）,引越しの荷造りをする人,人々の権利と義務を厳格に定める法律とかけて、引越しの荷造りをする人と解く。その心は『どちらも【縛る】でしょう。』,
,フレーズ・慣用句型,人々の権利と義務を厳格に定める法律,隅々まで監視し、抜け目なく適用される,めがいきとどく,目が行き届く（法律が細部まで網羅する）,目が行き届く（視界が届く範囲で注意を払う）,広大な牧場で羊の群れを見守る牧羊犬,人々の権利と義務を厳格に定める法律とかけて、広大な牧場で羊の群れを見守る牧羊犬と解く。その心は『どちらも【目が行き届く】でしょう。』,
,完全な同音異義語型,人々の権利と義務を厳格に定める法律,基本的な規則や指針がある,げんそく,原則（法律の基本となる決まり）,減速（スピードを落とすこと）,急カーブに差し掛かる自動車,人々の権利と義務を厳格に定める法律とかけて、急カーブに差し掛かる自動車と解く。その心は『どちらも【げんそく】でしょう。』,
,完全な同音異義語型,お金と価値を市場で自由に交換する経済,物の値段や景気が上がったり下がったりする,へんどう,変動,変動（形や位置が動き変わること）,地震で大きく揺れる地面,「お金と価値を市場で自由に交換する経済」とかけて、「地震で大きく揺れる地面」と解く。その心は「どちらも『変動』でしょう。」,
,完全な同音異義語型,お金と価値を市場で自由に交換する経済,規模が大きくなる、生産性が向上する,せいちょう,成長,生長（植物などが育つこと）,芽が出てぐんぐん伸びる植物,「お金と価値を市場で自由に交換する経済」とかけて、「芽が出てぐんぐん伸びる植物」と解く。その心は「どちらも『成長』でしょう。」,
,多義語型,お金と価値を市場で自由に交換する経済,資源や生産物、お金が市場を循環する,めぐる,巡る,巡る（時間が経過する、場所を回る）,四季の移り変わり,「お金と価値を市場で自由に交換する経済」とかけて、「四季の移り変わり」と解く。その心は「どちらも『巡る』でしょう。」,
,多義語型,お金と価値を市場で自由に交換する経済,商品やサービス、情報が社会全体に広く普及する,いきわたる,行き渡る,行き渡る（手が届く、不足なく全体に行き届く）,大勢の客に料理を提供する食堂,「お金と価値を市場で自由に交換する経済」とかけて、「大勢の客に料理を提供する食堂」と解く。その心は「どちらも『行き渡る』でしょう。」,
,フレーズ・慣用句型,お金と価値を市場で自由に交換する経済,需要と供給の均衡によって価格が決定され、安定する,つりあいがとれる,釣り合いがとれる,釣り合いがとれる（高さや重さが均等になる、調和が取れる）,シーソーで遊ぶ子どもたち,「お金と価値を市場で自由に交換する経済」とかけて、「シーソーで遊ぶ子どもたち」と解く。その心は「どちらも『釣り合いがとれる』でしょう。」,
,フレーズ・慣用句型,お金と価値を市場で自由に交換する経済,政府などの規制や制約がなく、自由に活動できる,しばりがない,縛りがない,縛りがない（物理的に固定されていない、自由な状態）,自由に飛び回る鳥,「お金と価値を市場で自由に交換する経済」とかけて、「自由に飛び回る鳥」と解く。その心は「どちらも『縛りがない』でしょう。」,
,完全な同音異義語型,多数決で皆の意見を等しくまとめる民主主義,意見をまとめるために「票」を集める,ひょう,票,氷,かき氷,多数決で皆の意見を等しくまとめる民主主義とかけて、かき氷と解く。その心は「どちらも『ひょう』を集める」でしょう。,
,多義語型,多数決で皆の意見を等しくまとめる民主主義,多様な意見を一つに「まとめる」,まとめる,まとめる（意見や情報を集約する）,まとめる（散らばったものを一つに整理する）,散らかった部屋,多数決で皆の意見を等しくまとめる民主主義とかけて、散らかった部屋と解く。その心は「どちらも『まとめる』ことが肝心」でしょう。,
,フレーズ・慣用句型,多数決で皆の意見を等しくまとめる民主主義,国民の「声を聞く」,こえをきく,声を聞く（国民の意見や要望を聴取する）,声を聞く（動物の鳴き声から状態を察する）,動物園の飼育員,多数決で皆の意見を等しくまとめる民主主義とかけて、動物園の飼育員と解く。その心は「どちらも『声を聞く』のが大事」でしょう。,
,完全な同音異義語型,多数決で皆の意見を等しくまとめる民主主義,方針や決定を「固める」,かためる,固める（意見や方針を確固たるものにする）,固める（物理的に液体を硬くする）,ゼリー作りの名人,多数決で皆の意見を等しくまとめる民主主義とかけて、ゼリー作りの名人と解く。その心は「どちらも『固める』のが腕の見せ所」でしょう。,
,多義語型,多数決で皆の意見を等しくまとめる民主主義,多様な意見や利害の「バランスを取る」,バランスをとる,バランスを取る（意見や利害の均衡を保つ）,バランスを取る（物理的な均衡を保ち転倒を防ぐ）,綱渡り芸人,多数決で皆の意見を等しくまとめる民主主義とかけて、綱渡り芸人と解く。その心は「どちらも『バランスを取る』のが重要」でしょう。,
,フレーズ・慣用句型,多数決で皆の意見を等しくまとめる民主主義,「一番多い」意見が採用される,いちばんおおい,一番多い（多数決で採用される票の数）,一番多い（物理的に数量が多い）,アリの群れ,多数決で皆の意見を等しくまとめる民主主義とかけて、アリの群れと解く。その心は「どちらも『一番多い』」でしょう。,
,完全な同音異義語型,仮説を立てて実験で白黒つける科学,事象の真偽や妥当性を確かめる,けんしょう,検証,懸賞,福引のくじ引き,「仮説を立てて実験で白黒つける科学」とかけて、「福引のくじ引き」と解く。その心は「どちらも『けんしょう』するでしょう。」,
,完全な同音異義語型,仮説を立てて実験で白黒つける科学,未知の事柄を明らかにする,かいめい,解明,怪名,変わった名前を持つキャラクター,「仮説を立てて実験で白黒つける科学」とかけて、「変わった名前を持つキャラクター」と解く。その心は「どちらも『かいめい』が求められるでしょう。」,
,多義語型,仮説を立てて実験で白黒つける科学,未来の結果や事象を推し量る,よそく,予測（科学的な推論）,予測（行動の先読み）,相手の動きを読むプロスポーツ選手,「仮説を立てて実験で白黒つける科学」とかけて、「相手の動きを読むプロスポーツ選手」と解く。その心は「どちらも『予測』が重要でしょう。」,
,多義語型,仮説を立てて実験で白黒つける科学,隠れた原因や真実を深く探る,きゅうめい,究明（原因などを深く探ること）,究明（事件の真相を明らかにすること）,刑事事件の真相を追いかける探偵,「仮説を立てて実験で白黒つける科学」とかけて、「刑事事件の真相を追いかける探偵」と解く。その心は「どちらも『究明』が目的でしょう。」,
,フレーズ・慣用句型,仮説を立てて実験で白黒つける科学,真偽や結果をはっきりさせる,しろくろつける,白黒つける（実験で真偽をはっきりさせる）,白黒つける（勝敗を決める、決着をつける）,囲碁の対局,「仮説を立てて実験で白黒つける科学」とかけて、「囲碁の対局」と解く。その心は「どちらも『白黒つける』ものでしょう。」,
,フレーズ・慣用句型,仮説を立てて実験で白黒つける科学,検討の末に最終的な判断が下される,けつろんがでる,結論が出る（実験結果から最終的な判断が下される）,結論が出る（議論や話し合いの末、最終的な決定が下される）,長時間にわたる会議,「仮説を立てて実験で白黒つける科学」とかけて、「長時間にわたる会議」と解く。その心は「どちらも『結論が出る』とひと安心でしょう。」,
,完全な同音異義語型,根本的な問いを論理的に深く考え抜く哲学,物事の真理や本質を深く探求する,しんそう,真相（物事の本当の状態や理由）,深層（深い層、奥底、心の奥）,深海に潜る探査船,根本的な問いを論理的に深く考え抜く哲学とかけて、深海に潜る探査船と解く。その心は『どちらも真相（深層）を探る』でしょう。,
,完全な同音異義語型,根本的な問いを論理的に深く考え抜く哲学,思考の土台や根幹を築き上げる,きばん,基盤（物事の基礎となるもの、土台）,基板（電子部品を実装する板）,電子機器の内部,根本的な問いを論理的に深く考え抜く哲学とかけて、電子機器の内部と解く。その心は『どちらも基盤（基板）が重要』でしょう。,
,多義語型,根本的な問いを論理的に深く考え抜く哲学,物事の本質や真偽をよく見て判断する,みきわめる,見極める（物事の道理や真実を見通す）,見極める（状況やタイミングを慎重に判断する）,相場を読むベテラン投資家,根本的な問いを論理的に深く考え抜く哲学とかけて、相場を読むベテラン投資家と解く。その心は『どちらも本質を見極める』でしょう。,
,多義語型,根本的な問いを論理的に深く考え抜く哲学,論理的な思考のつながりや道筋を立てる,すじみち,筋道（物事の道理、論理的なつながり）,筋道（話の展開や物語の構成）,推理小説の巧みなストーリーテラー,根本的な問いを論理的に深く考え抜く哲学とかけて、推理小説の巧みなストーリーテラーと解く。その心は『どちらも筋道が重要』でしょう。,
,フレーズ・慣用句型,根本的な問いを論理的に深く考え抜く哲学,究極の問いには明確な最終結論が出ないことがある,こたえがない,答えがない（最終的な解明に至らない）,答えがない（返事や連絡がない）,届かない手紙の送り主,根本的な問いを論理的に深く考え抜く哲学とかけて、届かない手紙の送り主と解く。その心は『どちらも答えがない』でしょう。,
,フレーズ・慣用句型,根本的な問いを論理的に深く考え抜く哲学,概念や言葉の意味を厳密に問い直す,ことばのていぎ,言葉の定義（概念を明確にする意味づけ）,言葉の定義（辞書などに示された言葉の意味）,辞書を編纂する学者,根本的な問いを論理的に深く考え抜く哲学とかけて、辞書を編纂する学者と解く。その心は『どちらも言葉の定義を追求する』でしょう。,
,完全な同音異義語型,心を打つような美しさを形にする芸術,作品を「生み出す」、感動が「発生する」,はっせい,発生,発声,歌手,「心を打つような美しさを形にする芸術」とかけて、「歌手」と解く。その心は『どちらも「はっせい」でしょう。』,
,完全な同音異義語型,心を打つような美しさを形にする芸術,作品を「見る」、美しさを「味わう」,かんしょう,鑑賞,干渉,友人同士の口論,「心を打つような美しさを形にする芸術」とかけて、「友人同士の口論」と解く。その心は『どちらも「かんしょう」でしょう。』,
,多義語型,心を打つような美しさを形にする芸術,新しいものを「生み出す」、形を「作り上げる」,そうぞう,創造,想像,子供の遊び,「心を打つような美しさを形にする芸術」とかけて、「子供の遊び」と解く。その心は『どちらも「そうぞう」でしょう。』,
,多義語型,心を打つような美しさを形にする芸術,才能を「開花させる」、新しいものを「生み出す」,かいか,開花,開花,春の庭,「心を打つような美しさを形にする芸術」とかけて、「春の庭」と解く。その心は『どちらも「かいか」でしょう。』,
,フレーズ・慣用句型,心を打つような美しさを形にする芸術,人々の「心に響く」、記憶に「残る」,こころにのこる,心に残る,心に残る,過去の失敗,「心を打つような美しさを形にする芸術」とかけて、「過去の失敗」と解く。その心は『どちらも「心に残る」でしょう。』,
,フレーズ・慣用句型,心を打つような美しさを形にする芸術,感情を「揺さぶる」、鑑賞者の心を「動かす」,こころをうごかす,心を動かす,心を動かす,頑固な人への説得,「心を打つような美しさを形にする芸術」とかけて、「頑固な人への説得」と解く。その心は『どちらも「心を動かす」でしょう。』,
,完全な同音異義語型,言葉のキャッチボールで意思を通じ合わせる対話,言葉を投げ合う、受け止める、意思を通わせる行為,かいわ,会話,買い場,株式投資家,「言葉のキャッチボールで意思を通じ合わせる対話」とかけて、「株式投資家」と解く。その心は「どちらも『かいわ（会話/買い場）』が大事でしょう。」,
,完全な同音異義語型,言葉のキャッチボールで意思を通じ合わせる対話,相手の考えや意図を理解する,よみとる,相手の真意を読み取る,暗号を読み取る,スパイや暗号解読者,「言葉のキャッチボールで意思を通じ合わせる対話」とかけて、「スパイや暗号解読者」と解く。その心は「どちらも『相手の真意や暗号をよみとる』でしょう。」,
,多義語型,言葉のキャッチボールで意思を通じ合わせる対話,情報や意見が交換され、展開していく様子,ながれ,意見の流れ,水が流れる,川,「言葉のキャッチボールで意思を通じ合わせる対話」とかけて、「川」と解く。その心は「どちらも『ながれ』があるでしょう。」,
,多義語型,言葉のキャッチボールで意思を通じ合わせる対話,相手の言葉や気持ちを受け止めること,うけとめる,相手の言葉を受け止める,ボールを受け止める,サッカーのゴールキーパー,「言葉のキャッチボールで意思を通じ合わせる対話」とかけて、「サッカーのゴールキーパー」と解く。その心は「どちらも『ボールや相手の言葉をうけとめる』でしょう。」,
,フレーズ・慣用句型,言葉のキャッチボールで意思を通じ合わせる対話,相手の心情を理解しようと努めること,こころをよせる,相手に心を寄せる,先祖に心を寄せる,お盆にお墓参りをする人,「言葉のキャッチボールで意思を通じ合わせる対話」とかけて、「お盆にお墓参りをする人」と解く。その心は「どちらも『相手や先祖にこころを寄せる』でしょう。」,
,フレーズ・慣用句型,言葉のキャッチボールで意思を通じ合わせる対話,相手との距離感やタイミングを見計らうこと,まあいをはかる,相手との間合いを測る,剣道で相手との間合いを測る,剣道の達人,「言葉のキャッチボールで意思を通じ合わせる対話」とかけて、「剣道の達人」と解く。その心は「どちらも『相手とのまあいをはかる』でしょう。」,
,完全な同音異義語型,決して過去には戻らず一方通行で進む時間,時間は季節とともに移り変わる,うつろう,移ろう (時や季節が変化する),写ろう (写真などに像が残る),記念撮影をする人,【決して過去には戻らず一方通行で進む時間】とかけて、【記念撮影をする人】と解く。その心は『どちらも【うつろう】でしょう。』,
,完全な同音異義語型,決して過去には戻らず一方通行で進む時間,時間は「たつ」ものだ,たつ,経つ (時が経過する),建つ (建物が建設される),建築中のビル,【決して過去には戻らず一方通行で進む時間】とかけて、【建築中のビル】と解く。その心は『どちらも【たつ】でしょう。』,
,多義語型,決して過去には戻らず一方通行で進む時間,時間は過去から未来へ「ながれる」,ながれる,流れる (時が経過する),流れる (水や雲、情報などが移動する),川の水,【決して過去には戻らず一方通行で進む時間】とかけて、【川の水】と解く。その心は『どちらも【流れる】でしょう。』,
,多義語型,決して過去には戻らず一方通行で進む時間,時間は細かく「きざんで」進んでいく,きざむ,刻む (時を刻む),刻む (包丁で野菜などを細かくする),料理人が野菜を切る作業,【決して過去には戻らず一方通行で進む時間】とかけて、【料理人が野菜を切る作業】と解く。その心は『どちらも【刻む】でしょう。』,
,フレーズ・慣用句型,決して過去には戻らず一方通行で進む時間,時間は「どんどん」過ぎ去っていく,どんどん,どんどん (物事が滞りなく進む様子),どんどん (戸を叩く音),ドアを叩く人,【決して過去には戻らず一方通行で進む時間】とかけて、【ドアを叩く人】と解く。その心は『どちらも【どんどん】でしょう。』,
,フレーズ・慣用句型,決して過去には戻らず一方通行で進む時間,時間は「止まることを知らない」,とまることをしらない,止まることを知らない (時間が絶え間なく進む),止まることを知らない (休まず動き続ける様子),休む暇なく働く人,【決して過去には戻らず一方通行で進む時間】とかけて、【休む暇なく働く人】と解く。その心は『どちらも【止まることを知らない】でしょう。』,
,完全な同音異義語型,縦横高さで空間の広がりを測る次元,空間的な広がりや概念,じげん,次元（空間の広がりを示す概念）,時限（時間で区切られたもの）,時間と共にカウントダウンする爆弾,「縦横高さで空間の広がりを測る次元」とかけて、「時間と共にカウントダウンする爆弾」と解く。その心は「どちらも『じげん』でしょう。」,
,完全な同音異義語型,縦横高さで空間の広がりを測る次元,何もない空白の広がり,くうかん,空間（何もない広がり）,空閑（手つかずの空き地や暇な時間）,使われずに放置されている土地,「縦横高さで空間の広がりを測る次元」とかけて、「使われずに放置されている土地」と解く。その心は「どちらも『くうかん』でしょう。」,
,多義語型,縦横高さで空間の広がりを測る次元,広がりを測定する行為,はかる,測る（広がりや長さを測定する）,図る（計画を立てて物事を進めようとする）,新規事業の成功を企てる経営者,「縦横高さで空間の広がりを測る次元」とかけて、「新規事業の成功を企てる経営者」と解く。その心は「どちらも『はかる』でしょう。」,
,多義語型,縦横高さで空間の広がりを測る次元,広がりや限界を示すこと,はんい,範囲（空間の広さの限界）,範囲（射程や活動が及ぶ区域）,目標に矢を射る弓道家,「縦横高さで空間の広がりを測る次元」とかけて、「目標に矢を射る弓道家」と解く。その心は「どちらも『範囲』があるでしょう。」,
,フレーズ・慣用句型,縦横高さで空間の広がりを測る次元,不明瞭なものをはっきりさせる機能,めいかくにする,明確にする（空間の構造をはっきりさせる）,明確にする（曖昧な状況やルールをはっきりさせる）,議事録を作成する書記,「縦横高さで空間の広がりを測る次元」とかけて、「議事録を作成する書記」と解く。その心は「どちらも『明確にする』でしょう。」,
,フレーズ・慣用句型,縦横高さで空間の広がりを測る次元,どこまでも無限に広がる様相,どこまでもひろがる,どこまでも広がる（空間の無限性）,どこまでも広がる（噂や人気が遠くまで及ぶ）,国境を越えて浸透する流行,「縦横高さで空間の広がりを測る次元」とかけて、「国境を越えて浸透する流行」と解く。その心は「どちらも『どこまでも広がる』でしょう。」,
,多義語型,共通点を持つものを一つの箱にまとめる分類,共通点を見つけてグループ分けすること、物事を整えること,せいりする,情報を「整理する」,散らかった部屋を「整理する」,ゴミ屋敷の片付け,共通点を持つものを一つの箱にまとめる分類とかけて、ゴミ屋敷の片付けと解く。その心は「どちらも整理する」でしょう。,
,フレーズ・慣用句型,共通点を持つものを一つの箱にまとめる分類,共通の特性でグループとして扱うこと,ひとつにくくる,共通項で「一つに括る」,髪の毛を「一つに括る」,ポニーテールにする女性,共通点を持つものを一つの箱にまとめる分類とかけて、ポニーテールにする女性と解く。その心は「どちらも一つに括る」でしょう。,
,完全な同音異義語型,共通点を持つものを一つの箱にまとめる分類,共通の「種」類ごとに分けること,しゅ,種類の「種」,印鑑に使う「朱」,印鑑に朱肉をつける人,共通点を持つものを一つの箱にまとめる分類とかけて、印鑑に朱肉をつける人と解く。その心は「どちらも『しゅ』でしょう」,
,多義語型,共通点を持つものを一つの箱にまとめる分類,複数の要素を統合し、まとめること,まとめる,共通項でデータを「纏める」,会議で意見を「纏める」,会議で結論を出す議長,共通点を持つものを一つの箱にまとめる分類とかけて、会議で結論を出す議長と解く。その心は「どちらもまとめる」でしょう。,
,フレーズ・慣用句型,共通点を持つものを一つの箱にまとめる分類,特徴に応じてグループに分けること,なかまわけ,属性で「仲間分け」をする,子供たちが遊びで「仲間分け」をする,秘密基地を作る子供たち,共通点を持つものを一つの箱にまとめる分類とかけて、秘密基地を作る子供たちと解く。その心は「どちらも仲間分け」でしょう。,
,完全な同音異義語型,共通点を持つものを一つの箱にまとめる分類,属性によってグループ「分け」をすること,わけ,種類「分け」,物事の理由や「訳」,遅刻してきた理由を説明する人,共通点を持つものを一つの箱にまとめる分類とかけて、遅刻してきた理由を説明する人と解く。その心は「どちらも『わけ』でしょう」,
,完全な同音異義語型,原因があって結果が必ずついてくる因果律,結果が必然的に訪れる。避けられない。,どうせ,どうせ（どう転んでも結果は同じ、結局は）,同棲（男女が一緒に暮らすこと）,新婚間近のカップル,「原因があって結果が必ずついてくる因果律」とかけて、「新婚間近のカップル」と解く。その心は「どちらも『どうせ（同棲）』するでしょう。」,
,多義語型,原因があって結果が必ずついてくる因果律,原因によって結果が確定する、定まる。,きまる,決まる（結果が確定する）,決まる（服装や態度などが格好良く決まる、整う）,おしゃれにドレスアップした人,「原因があって結果が必ずついてくる因果律」とかけて、「おしゃれにドレスアップした人」と解く。その心は「どちらも『決まる』でしょう。」,
,フレーズ・慣用句型,原因があって結果が必ずついてくる因果律,原因を経て、最終的な結果に到達すること。,たどりつく,たどり着く（必然的な結果に至る）,たどり着く（苦労して目的地に到達する）,長い道のりを経て山頂を目指す登山家,「原因があって結果が必ずついてくる因果律」とかけて、「長い道のりを経て山頂を目指す登山家」と解く。その心は「どちらも『たどり着く』でしょう。」,
,完全な同音異義語型,原因があって結果が必ずついてくる因果律,多くの出来事を経て最後に導かれるもの。必然的な成り行き。,けつろん,結論（因果関係の終着点、必然的な帰結）,結露（冷たいものに水滴がつく現象）,寒い冬の窓ガラス,「原因があって結果が必ずついてくる因果律」とかけて、「寒い冬の窓ガラス」と解く。その心は「どちらも『結論（結露）』が出ます」でしょう。」,
,多義語型,原因があって結果が必ずついてくる因果律,物事の道理、法則。原因から結果への必然的な流れ。,すじ,筋（物事の道理、必然的な流れ）,筋（小説やドラマのストーリー、肉や魚の繊維）,面白い推理小説,「原因があって結果が必ずついてくる因果律」とかけて、「面白い推理小説」と解く。その心は「どちらも『筋』が通っているでしょう。」,
,フレーズ・慣用句型,原因があって結果が必ずついてくる因果律,原因から結果を予測できること。,さきをよむ,先を読む（原因から結果を推測する）,先を読む（将棋やビジネスなどで状況を予測する）,勝負師や戦略家,「原因があって結果が必ずついてくる因果律」とかけて、「勝負師や戦略家」と解く。その心は「どちらも『先を読む』でしょう。」,
,完全な同音異義語型,起こりうる危険を予測して先手を打つリスク管理,危険に対し、適切な対策や計画を「たてる」,たてる,立てる（対策を立てる、計画を立てる）,建てる（家を建てる、橋を建てる）,大工,「起こりうる危険を予測して先手を打つリスク管理」とかけて、「大工」と解く。その心は『どちらも「たてる」でしょう。』,
,完全な同音異義語型,起こりうる危険を予測して先手を打つリスク管理,将来の危険を「みこし」て準備する,みこし,見越す（先を見越す、見込み）,神輿（お祭りの神輿）,お祭り,「起こりうる危険を予測して先手を打つリスク管理」とかけて、「お祭り」と解く。その心は『どちらも「みこし」でしょう。』,
,多義語型,起こりうる危険を予測して先手を打つリスク管理,問題が起こる「未然」の段階で防ぐ,みぜん,未然（未然に防ぐ）,未然（まだその状態になっていないこと、文法の未然形）,日本語の文法学者,「起こりうる危険を予測して先手を打つリスク管理」とかけて、「日本語の文法学者」と解く。その心は『どちらも「未然」でしょう。』,
,多義語型,起こりうる危険を予測して先手を打つリスク管理,危険を回避するための「手立て」を講じる,てだて,手立て（方法、解決策）,手立て（手で何かを立てること、例：手を立てる）,交通整理の誘導員,「起こりうる危険を予測して先手を打つリスク管理」とかけて、「交通整理の誘導員」と解く。その心は『どちらも「手立て」でしょう。』,
,フレーズ・慣用句型,起こりうる危険を予測して先手を打つリスク管理,問題が起こる前に「先手を打つ」行動,さきをうつ,先手を打つ（事前に手を打つ、出し抜く）,先を打つ（将棋や囲碁で相手より先に指す）,将棋のプロ棋士,「起こりうる危険を予測して先手を打つリスク管理」とかけて、「将棋のプロ棋士」と解く。その心は『どちらも「先手を打つ」でしょう。』,
,フレーズ・慣用句型,起こりうる危険を予測して先手を打つリスク管理,細心の注意を払って危険を監視する、「目を光らせる」,めをひからせる,目を光らせる（厳しく監視する、注意深く見張る）,目を光らせる（動物が獲物を見つける時や興奮した時などに目が光る）,夜行性のフクロウ,「起こりうる危険を予測して先手を打つリスク管理」とかけて、「夜行性のフクロウ」と解く。その心は『どちらも「目を光らせる」でしょう。』,
,完全な同音異義語型,社会の秩序を乱さないように守るルール,物事を決定し、それに従うべき状態,きまり,決まり（規定、規則）,決まり（服装や身だしなみが整っている様子）,おしゃれをして出かける人,「社会の秩序を乱さないように守るルール」とかけて、「おしゃれをして出かける人」と解く。その心は「どちらも『決まり』があるでしょう。」,
,多義語型,社会の秩序を乱さないように守るルール,不適切な行動や逸脱を制限する機能,せいする,制する（行動や自由を制限する）,制する（相手を圧倒して勝利する、支配する）,試合で相手を圧倒するチーム,「社会の秩序を乱さないように守るルール」とかけて、「試合で相手を圧倒するチーム」と解く。その心は「どちらも『制する』でしょう。」,
,フレーズ・慣用句型,社会の秩序を乱さないように守るルール,秩序が整い、機能している状態,たつ,規律が立つ（秩序が保たれる）,その場に立つ（物理的に直立する）,授業中に先生に指名された生徒,「社会の秩序を乱さないように守るルール」とかけて、「授業中に先生に指名された生徒」と解く。その心は「どちらも『立つ』でしょう。」,
,完全な同音異義語型,社会の秩序を乱さないように守るルール,行動や自由が制限される状態,こうそく,拘束（行動を制限すること）,高速（速度が非常に速いこと）,新幹線やリニアモーターカー,「社会の秩序を乱さないように守るルール」とかけて、「新幹線やリニアモーターカー」と解く。その心は「どちらも『高速』でしょう。」,
,多義語型,社会の秩序を乱さないように守るルール,違反行為が許されない、否定される状態,いけない,いけない（してはならない、不適切である）,いけない（質が悪い、駄目である）,品質が悪く、使い物にならない製品,「社会の秩序を乱さないように守るルール」とかけて、「品質が悪く、使い物にならない製品」と解く。その心は「どちらも『いけない』でしょう。」,
,フレーズ・慣用句型,社会の秩序を乱さないように守るルール,規範や約束事を遵守し、維持すること,まもる,守る（ルールや規範に従う）,守る（危険から保護する、責任を果たす）,大切な宝物を隠す人,「社会の秩序を乱さないように守るルール」とかけて、「大切な宝物を隠す人」と解く。その心は「どちらも『守る』でしょう。」,
,完全な同音異義語型,他人に奪われない自分だけの正当な権利,権利が確立され、安定した状態になる,さだまる,定まる（権利が確立する）,治まる（混乱が収束する）,長引いた争い,他人に奪われない自分だけの正当な権利とかけて、長引いた争いと解く。その心は「どちらも『さだまる（定まる／治まる）』でしょう。」,
,完全な同音異義語型,他人に奪われない自分だけの正当な権利,その存在や正当性が承認される,みとめる,認める（権利が承認される）,見とめる（隠れていたものを見つける）,隠れていた子供,他人に奪われない自分だけの正当な権利とかけて、隠れていた子供と解く。その心は「どちらも『みとめる（認める／見とめる）』でしょう。」,
,多義語型,他人に奪われない自分だけの正当な権利,自分の意見や存在をはっきりと示す,しゅちょうする,主張する（権利の存在を明確に訴える）,主張する（色などが強く自己を表現する）,派手な色のファッション,他人に奪われない自分だけの正当な権利とかけて、派手な色のファッションと解く。その心は「どちらも『主張する』でしょう。」,
,多義語型,他人に奪われない自分だけの正当な権利,失わずに持ち続ける,ほじする,保持する（権利を失わず持ち続ける）,保持する（温度などを一定に保つ）,魔法瓶,他人に奪われない自分だけの正当な権利とかけて、魔法瓶と解く。その心は「どちらも『保持する』でしょう。」,
,フレーズ・慣用句型,他人に奪われない自分だけの正当な権利,最後まで守り、譲らない,まもりぬく,守り抜く（権利を最後まで侵害させない）,守り抜く（秘密などを漏らさない）,秘密を預かった人,他人に奪われない自分だけの正当な権利とかけて、秘密を預かった人と解く。その心は「どちらも『守り抜く』でしょう。」,
,フレーズ・慣用句型,他人に奪われない自分だけの正当な権利,手放さず、しっかりと持ち続ける,はなさない,離さない（権利を手放さず持ち続ける）,離さない（物理的に手でつかんで離さない）,迷子になりそうな子供と手をつなぐ親,他人に奪われない自分だけの正当な権利とかけて、迷子になりそうな子供と手をつなぐ親と解く。その心は「どちらも『離さない』でしょう。」,
,完全な同音異義語型,矛盾する二つの意見をぶつけて高める弁証法,意見をぶつけ合い、対立する中で論理を発展させる,けっとう,決闘（意見が激しく対立すること）,結党（新しい政党を結成すること）,新しい政党を立ち上げる政治家,「矛盾する二つの意見をぶつけて高める弁証法」とかけて、「新しい政党を立ち上げる政治家」と解く。その心は「どちらも『けっとう』でしょう。」,
,多義語型,矛盾する二つの意見をぶつけて高める弁証法,意見の対立から新たな論理が生まれて深化していく,はってん,発展（議論や思想が深まり、より高次の段階へ進むこと）,発展（都市や経済が栄え、規模を拡大していくこと）,経済成長を遂げる国や都市,「矛盾する二つの意見をぶつけて高める弁証法」とかけて、「経済成長を遂げる国や都市」と解く。その心は「どちらも『発展』するでしょう。」,
,フレーズ・慣用句型,矛盾する二つの意見をぶつけて高める弁証法,激しい意見の衝突から、新しい知見や真理が生まれる,ひばながちる,火花が散る（激しい議論や意見の衝突）,火花が散る（物理的に金属を加工する際に発する光）,金属加工を行う溶接工,「矛盾する二つの意見をぶつけて高める弁証法」とかけて、「金属加工を行う溶接工」と解く。その心は「どちらも『火花が散る』でしょう。」,
,完全な同音異義語型,矛盾する二つの意見をぶつけて高める弁証法,対立する意見が融合し、高次の段階へと移り変わる,しょうか,昇華（対立するものがより高次元へと発展すること）,消化（食べ物を分解し、栄養を吸収すること）,食事をした後の人間のお腹,「矛盾する二つの意見をぶつけて高める弁証法」とかけて、「食事をした後の人間のお腹」と解く。その心は「どちらも『しょうか』するでしょう。」,
,多義語型,矛盾する二つの意見をぶつけて高める弁証法,対立する概念が結びつき、新たな統一概念を形成する,けつごう,結合（異なる要素が統合され、新しい命題となること）,結合（複数の要素が結びついて一体となること）,原子や分子が新しい物質を作り出す化学反応,「矛盾する二つの意見をぶつけて高める弁証法」とかけて、「原子や分子が新しい物質を作り出す化学反応」と解く。その心は「どちらも『結合』するでしょう。」,
,フレーズ・慣用句型,矛盾する二つの意見をぶつけて高める弁証法,問題の本質や根源を深く探求していく,ほりさげる,掘り下げる（議論や論点を深く追求すること）,掘り下げる（地面を深く掘っていくこと）,遺跡の発掘調査を行う考古学者,「矛盾する二つの意見をぶつけて高める弁証法」とかけて、「遺跡の発掘調査を行う考古学者」と解く。その心は「どちらも『掘り下げる』でしょう。」,
,完全な同音異義語型,個々の要素が繋がって全体を動かすシステム,要素が組み合わされて成り立っている,こうちく,構築（システムが組み立てられること）,高築（高く積み上げ築くこと）,高くそびえ立つ城の石垣,「個々の要素が繋がって全体を動かすシステム」とかけて、「高くそびえ立つ城の石垣」と解く。その心は「どちらも『構築』でしょう。」,
,多義語型,個々の要素が繋がって全体を動かすシステム,機能し、動作する,はたらく,働く（システムが機能として動作すること）,働く（人が労働すること、活動すること）,朝から晩まで田畑で汗を流す農夫,「個々の要素が繋がって全体を動かすシステム」とかけて、「朝から晩まで田畑で汗を流す農夫」と解く。その心は「どちらも『働く』でしょう。」,
,フレーズ・慣用句型,個々の要素が繋がって全体を動かすシステム,滞りなく機能する,スムーズにうごく,スムーズに動く（システムが円滑に動作する）,スムーズに動く（体が滑らかに活動する）,華麗なステップで踊る社交ダンサー,「個々の要素が繋がって全体を動かすシステム」とかけて、「華麗なステップで踊る社交ダンサー」と解く。その心は「どちらも『スムーズに動く』でしょう。」,
,完全な同音異義語型,個々の要素が繋がって全体を動かすシステム,各要素が協調して動作する,れんけい,連携（各要素が協力し合うこと）,蓮茎（ハスの地下茎）,泥沼の中で伸びるハスの地下茎,「個々の要素が繋がって全体を動かすシステム」とかけて、「泥沼の中で伸びるハスの地下茎」と解く。その心は「どちらも『連携』でしょう。」,
,多義語型,個々の要素が繋がって全体を動かすシステム,外部からの情報や指令を受容する,うけいれる,受け入れる（情報や指令を取り込む）,受け入れる（相手の意見や存在を容認する）,多様な意見に耳を傾ける寛容な指導者,「個々の要素が繋がって全体を動かすシステム」とかけて、「多様な意見に耳を傾ける寛容な指導者」と解く。その心は「どちらも『受け入れる』でしょう。」,
,フレーズ・慣用句型,個々の要素が繋がって全体を動かすシステム,ある部分の不具合が全体に広がる,えいきょうがおよぶ,影響が及ぶ（システムの一部が全体に波及する）,影響が及ぶ（ある事柄が別の事柄に作用する）,親の教育方針が子供の人格形成に,「個々の要素が繋がって全体を動かすシステム」とかけて、「親の教育方針が子供の人格形成に」と解く。その心は「どちらも『影響が及ぶ』でしょう。」,
,完全な同音異義語型,問題を解くための手順を論理的に組むアルゴリズム,問題の答えを導き出す機能,かい,解,貝,砂浜に落ちているもの,「問題を解くための手順を論理的に組むアルゴリズム」とかけて、「砂浜に落ちているもの」と解く。その心は『どちらも「かい（解／貝）」でしょう。』,
,完全な同音異義語型,問題を解くための手順を論理的に組むアルゴリズム,厳密なルールに従って動作する,きそく,規則,貴族,昔の身分の高い人たち,「問題を解くための手順を論理的に組むアルゴリズム」とかけて、「昔の身分の高い人たち」と解く。その心は『どちらも「きそく（規則／貴族）」でしょう。』,
,多義語型,問題を解くための手順を論理的に組むアルゴリズム,数値や論理を処理して結果を出す,けいさん,計算,計算,自分の利益ばかりを考える人,「問題を解くための手順を論理的に組むアルゴリズム」とかけて、「自分の利益ばかりを考える人」と解く。その心は『どちらも「計算」でしょう。』,
,多義語型,問題を解くための手順を論理的に組むアルゴリズム,論理的な構成要素の繋がり,こうぞう,構造,構造,建築家が設計する建物の土台,「問題を解くための手順を論理的に組むアルゴリズム」とかけて、「建築家が設計する建物の土台」と解く。その心は『どちらも「構造」が大切でしょう。』,
,フレーズ・慣用句型,問題を解くための手順を論理的に組むアルゴリズム,論理的な要素を順序良く接続する,くみあわせる,組み合わせる,組み合わせる,センスの良いファッションデザイナー,「問題を解くための手順を論理的に組むアルゴリズム」とかけて、「センスの良いファッションデザイナー」と解く。その心は『どちらも「組み合わせる」のが得意でしょう。』,
,フレーズ・慣用句型,問題を解くための手順を論理的に組むアルゴリズム,段階的に処理を進めていく,てじゅんをふむ,手順を踏む,手順を踏む,複雑なレシピに挑む料理初心者,「問題を解くための手順を論理的に組むアルゴリズム」とかけて、「複雑なレシピに挑む料理初心者」と解く。その心は『どちらも「手順を踏む」ことが大切でしょう。』,
,完全な同音異義語型,お金を元手にしてさらに大きな利益を生む資本主義,資金を投入して増やす、規模が大きくなる、成長する,せいちょう,経済が成長する,植物が生長する,植物,お金を元手にしてさらに大きな利益を生む資本主義とかけて、植物と解く。その心は「どちらも『せいちょう』でしょう。」,
,完全な同音異義語型,お金を元手にしてさらに大きな利益を生む資本主義,資金を投じる、リスクを冒す,とうし,資金を投資する,見えないものを見抜く透視,超能力者,お金を元手にしてさらに大きな利益を生む資本主義とかけて、超能力者と解く。その心は「どちらも『とうし』でしょう。」,
,多義語型,お金を元手にしてさらに大きな利益を生む資本主義,経済活動が行われる、市場が活発になる,うごく,経済が動く,体を動かす,スポーツ選手,お金を元手にしてさらに大きな利益を生む資本主義とかけて、スポーツ選手と解く。その心は「どちらも『動く』でしょう。」,
,多義語型,お金を元手にしてさらに大きな利益を生む資本主義,企業間で市場を奪い合う、優位に立とうとする,きそいあう,企業が競い合う,動物が餌を競い合う,野生の動物,お金を元手にしてさらに大きな利益を生む資本主義とかけて、野生の動物と解く。その心は「どちらも『競い合う』でしょう。」,
,フレーズ・慣用句型,お金を元手にしてさらに大きな利益を生む資本主義,競争が激しく、弱者が淘汰される原理,じゃくにくきょうしょく,経済の弱肉強食,自然界の弱肉強食,サバンナの生態系,お金を元手にしてさらに大きな利益を生む資本主義とかけて、サバンナの生態系と解く。その心は「どちらも『弱肉強食』でしょう。」,
,フレーズ・慣用句型,お金を元手にしてさらに大きな利益を生む資本主義,市場の状況が激しく変動する、不安定である,なみがはげしい,経済の波が激しい,海の波が激しい,荒れる海の漁船,お金を元手にしてさらに大きな利益を生む資本主義とかけて、荒れる海の漁船と解く。その心は「どちらも『波が激しい』でしょう。」,
,完全な同音異義語型,古くから受け継がれたやり方を次世代へ残す伝統,情報や技術が継承され続ける,つたわる,伝わる（情報や文化が継承される）,伝わる（水滴などが連なって落ちる）,葉の上の朝露,古くから受け継がれたやり方を次世代へ残す伝統とかけて、葉の上の朝露と解く。その心は「どちらも『伝わる』でしょう。」,
,完全な同音異義語型,古くから受け継がれたやり方を次世代へ残す伝統,状態や形を維持する,たもつ,保つ（状態や形式を維持する）,保つ（姿勢や均衡を維持する）,正しい姿勢を維持するバレリーナ,古くから受け継がれたやり方を次世代へ残す伝統とかけて、正しい姿勢を維持するバレリーナと解く。その心は「どちらも『保つ』でしょう。」,
,多義語型,古くから受け継がれたやり方を次世代へ残す伝統,文化や習慣が深く定着する,ねづく,根付く（文化や習慣が定着する）,根付く（植物が土に根を下ろす）,植え替えられたばかりの苗木,古くから受け継がれたやり方を次世代へ残す伝統とかけて、植え替えられたばかりの苗木と解く。その心は「どちらも『根付く』でしょう。」,
,多義語型,古くから受け継がれたやり方を次世代へ残す伝統,後を継ぐ、受け継ぐ,つぐ,継ぐ（後を継ぐ、受け継ぐ）,継ぐ（液体を注ぎ足す）,水が減った花瓶,古くから受け継がれたやり方を次世代へ残す伝統とかけて、水が減った花瓶と解く。その心は「どちらも『継ぐ』でしょう。」,
,フレーズ・慣用句型,古くから受け継がれたやり方を次世代へ残す伝統,人気や生命力が長く続く,いきがながい,息が長い（人気や生命力が長く続く）,息が長い（呼吸を長く保つことができる）,水中深く潜る潜水士,古くから受け継がれたやり方を次世代へ残す伝統とかけて、水中深く潜る潜水士と解く。その心は「どちらも『息が長い』でしょう。」,
,フレーズ・慣用句型,古くから受け継がれたやり方を次世代へ残す伝統,価値や魅力が際立つ,ひかりをはなつ,光を放つ（その価値や魅力が際立つ）,光を放つ（物理的に光を出す）,夜空に輝く満月,古くから受け継がれたやり方を次世代へ残す伝統とかけて、夜空に輝く満月と解く。その心は「どちらも『光を放つ』でしょう。」,
,多義語型,最終的な目標を達成するために道筋を立てる戦略,未来を予測し、計画を練る機能,さきをよむ,先を読む（将来の展開を予測する）,先を読む（物語の続きや相手の行動を予測する）,将棋の棋士,「最終的な目標を達成するために道筋を立てる戦略」とかけて、「将棋の棋士」と解く。その心は「どちらも『先を読む』でしょう。」,
,完全な同音異義語型,最終的な目標を達成するために道筋を立てる戦略,到達すべき終着点、目標,ごーる,ゴール（目標、終着点）,ゴールド（金）,金鉱を掘る採掘者,「最終的な目標を達成するために道筋を立てる戦略」とかけて、「金鉱を掘る採掘者」と解く。その心は「どちらも『ゴール（金）』を目指すでしょう。」,
,フレーズ・慣用句型,最終的な目標を達成するために道筋を立てる戦略,相手よりも有利な状況を作る行動,せんてをうつ,先手を打つ（有利な対策を講じる）,先手を打つ（囲碁や将棋で先に駒を置く）,囲碁や将棋の打ち手,「最終的な目標を達成するために道筋を立てる戦略」とかけて、「囲碁や将棋の打ち手」と解く。その心は「どちらも『先手を打つ』でしょう。」,
,多義語型,最終的な目標を達成するために道筋を立てる戦略,計画や構想を具現化する行為,えをかく,絵を描く（計画の全体像を頭の中で組み立てる）,絵を描く（筆やペンで具体的な図像を創作する）,プロの画家,「最終的な目標を達成するために道筋を立てる戦略」とかけて、「プロの画家」と解く。その心は「どちらも『絵を描く』でしょう。」,
,完全な同音異義語型,最終的な目標を達成するために道筋を立てる戦略,進むべき方角や方針,ほうこう,方向（進むべき方角や方針）,芳香（良い香り）,高級な香水,「最終的な目標を達成するために道筋を立てる戦略」とかけて、「高級な香水」と解く。その心は「どちらも『方向（芳香）』が重要でしょう。」,
,フレーズ・慣用句型,最終的な目標を達成するために道筋を立てる戦略,物事を円滑に進めるための事前準備,ねまわしをする,根回しをする（事前に了解を取り付ける）,根回しをする（木の根を切って移植の準備をする）,ベテランの庭師,「最終的な目標を達成するために道筋を立てる戦略」とかけて、「ベテランの庭師」と解く。その心は「どちらも『根回しをする』でしょう。」,
,多義語型,複雑なものをそぎ落として本質だけを抜き出す抽象化,要点を集約し、整理する,まとめる,纏める（複雑な情報を整理する）,纏める（髪の毛や書類を一つにする）,髪を結う人,複雑なものをそぎ落として本質だけを抜き出す抽象化とかけて、髪を結う人と解く。その心は『どちらも「まとめる」でしょう。』,
,完全な同音異義語型,複雑なものをそぎ落として本質だけを抜き出す抽象化,要点をまとめて結論に至る,ようやく,要約（ようやく）する,漸く（ようやく）,困難を乗り越え目的地に到着した登山家,複雑なものをそぎ落として本質だけを抜き出す抽象化とかけて、困難を乗り越え目的地に到着した登山家と解く。その心は『どちらも「ようやく」でしょう。』,
,フレーズ・慣用句型,複雑なものをそぎ落として本質だけを抜き出す抽象化,本質を見抜く能力を高める,とぎすます,研ぎ澄ます（思考や感覚を鋭くする）,研ぎ澄ます（刀剣や刃物の切れ味を鋭くする）,刀鍛冶,複雑なものをそぎ落として本質だけを抜き出す抽象化とかけて、刀鍛冶と解く。その心は『どちらも「研ぎ澄ます」でしょう。』,
,多義語型,複雑なものをそぎ落として本質だけを抜き出す抽象化,重要なものを選別する,えらぶ,選ぶ（本質を「選ぶ」）,選ぶ（今日の服を「選ぶ」）,今日の洋服を選ぶ人,複雑なものをそぎ落として本質だけを抜き出す抽象化とかけて、今日の洋服を選ぶ人と解く。その心は『どちらも「選ぶ」でしょう。』,
,完全な同音異義語型,複雑なものをそぎ落として本質だけを抜き出す抽象化,情報を秩序立てて並べる,せいり,整理（情報を「整理」する）,生理（身体の「生理」現象）,女性の体調管理,複雑なものをそぎ落として本質だけを抜き出す抽象化とかけて、女性の体調管理と解く。その心は『どちらも「整理」でしょう。』,
,フレーズ・慣用句型,複雑なものをそぎ落として本質だけを抜き出す抽象化,不明瞭な状態が明確になる,きりがはれる,霧が晴れる（状況が明確になる）,霧が晴れる（気象現象として）,霧深い山間の村の朝,複雑なものをそぎ落として本質だけを抜き出す抽象化とかけて、霧深い山間の村の朝と解く。その心は『どちらも「霧が晴れる」でしょう。』,
,完全な同音異義語型,自分と違う考えを広い心で受け入れる寛容,異なる意見や行動を承認し、認める,ゆるす,許す（相手の考えを容認する）,緩す（締め付けを和らげる）,一日の仕事を終えて首を解放するビジネスマン,自分と違う考えを広い心で受け入れる寛容とかけて、一日の仕事を終えて首を解放するビジネスマンと解く。その心は「どちらも『ゆるす』でしょう。」,
,多義語型,自分と違う考えを広い心で受け入れる寛容,多様なものを内に収める,うけいれる,受け入れる（異質な思想・概念を許容する）,受け入れる（物理的に収容する）,様々な国籍の宿泊客を迎えるホテル,自分と違う考えを広い心で受け入れる寛容とかけて、様々な国籍の宿泊客を迎えるホテルと解く。その心は「どちらも『受け入れる』でしょう。」,
,フレーズ・慣用句型,自分と違う考えを広い心で受け入れる寛容,人間としての度量や包容力が大きいこと,うつわがおおきい,器が大きい（人間性や包容力がある）,器が大きい（物理的な容量が大きい）,大勢の来客用にたっぷりとご馳走を作る大鍋,自分と違う考えを広い心で受け入れる寛容とかけて、大勢の来客用にたっぷりとご馳走を作る大鍋と解く。その心は「どちらも『器が大きい』でしょう。」,
,完全な同音異義語型,自分と違う考えを広い心で受け入れる寛容,他人を許し、受け止める態度,かんよう,寛容（他者の多様性を認めること）,慣用（習慣として広く用いられること）,辞書に掲載されている一般的な言葉遣い,自分と違う考えを広い心で受け入れる寛容とかけて、辞書に掲載されている一般的な言葉遣いと解く。その心は「どちらも『かんよう』でしょう。」,
,多義語型,自分と違う考えを広い心で受け入れる寛容,思考や視野に限定がない状態,ひろい,広い（心が大きく、多様なものを受け入れる）,広い（物理的な空間の広さ）,地平線まで見渡せる広大な平野,自分と違う考えを広い心で受け入れる寛容とかけて、地平線まで見渡せる広大な平野と解く。その心は「どちらも『広い』でしょう。」,
,フレーズ・慣用句型,自分と違う考えを広い心で受け入れる寛容,異文化や新しい思想を受け入れる姿勢,もんごをひらく,門戸を開く（新しい思想や外部の意見を積極的に受け入れる）,門戸を開く（物理的な扉を開けて迎え入れる）,新しい展示品を公開して一般客を迎え入れる博物館,自分と違う考えを広い心で受け入れる寛容とかけて、新しい展示品を公開して一般客を迎え入れる博物館と解く。その心は「どちらも『門戸を開く』でしょう。」,
,完全な同音異義語型,滝のような汗を流してゴールを目指して走るマラソン,ゴールまで走り切る、体内の水分が失われる,かんそう,完走,乾燥,洗濯物が良く乾く日,「滝のような汗を流してゴールを目指して走るマラソン」とかけて、「洗濯物が良く乾く日」と解く。その心は「どちらも『かんそう』するでしょう。」,
,完全な同音異義語型,滝のような汗を流してゴールを目指して走るマラソン,前方へ進む、目的地を定める,さき,先,崎,船乗り,「滝のような汗を流してゴールを目指して走るマラソン」とかけて、「船乗り」と解く。その心は「どちらも『さき』を目指すでしょう。」,
,多義語型,滝のような汗を流してゴールを目指して走るマラソン,物理的に速く移動する行為、瞬時に何かが通る,はしる,走る,走る（稲妻などが）,雷が鳴り響く空,「滝のような汗を流してゴールを目指して走るマラソン」とかけて、「雷が鳴り響く空」と解く。その心は「どちらも『稲妻が走る』でしょう。」,
,多義語型,滝のような汗を流してゴールを目指して走るマラソン,最終的な目標地点、競技における得点,ごーる,ゴール（最終地点）,ゴール（得点）,サッカー選手,「滝のような汗を流してゴールを目指して走るマラソン」とかけて、「サッカー選手」と解く。その心は「どちらも『ゴール』を目指すでしょう。」,
,フレーズ・慣用句型,滝のような汗を流してゴールを目指して走るマラソン,身体から汗を出す、大変な努力をする,あせをながす,汗を流す（物理的に）,汗を流す（比喩的に努力する）,新商品の開発チーム,「滝のような汗を流してゴールを目指して走るマラソン」とかけて、「新商品の開発チーム」と解く。その心は「どちらも『汗を流す』でしょう。」,
,フレーズ・慣用句型,滝のような汗を流してゴールを目指して走るマラソン,体力と精神力の全てを使い切る、最大限の集中と努力,ぜんしんぜんれい,全身全霊（体力を使い切る）,全身全霊（精神を集中する）,名画を描く画家,「滝のような汗を流してゴールを目指して走るマラソン」とかけて、「名画を描く画家」と解く。その心は「どちらも『全身全霊を傾ける』でしょう。」,
,完全な同音異義語型,鼓膜が破れそうなほどの怒鳴り声が飛び交う激しい口論,感情や声が荒々しい状態,あれる,荒れる（感情や声が荒々しくなる）,荒れる（海や肌の状態が悪くなる）,荒波の海,鼓膜が破れそうなほどの怒鳴り声が飛び交う激しい口論とかけて、荒波の海と解く。その心は「どちらも『荒れる』でしょう。」,
,完全な同音異義語型,鼓膜が破れそうなほどの怒鳴り声が飛び交う激しい口論,大きな声が周囲に伝わる、響き渡る,ひびく,響く（声や音が大きく伝わる）,響く（音色が空間に広がる、心に訴えかける）,お寺の鐘,鼓膜が破れそうなほどの怒鳴り声が飛び交う激しい口論とかけて、お寺の鐘と解く。その心は「どちらも『響く』でしょう。」,
,多義語型,鼓膜が破れそうなほどの怒鳴り声が飛び交う激しい口論,意見や話が一致しない、平行線である,かみあわない,噛み合わない（議論や意見がまとまらない）,噛み合わない（歯車などの物理的な部品がきちんと結合しない）,故障した機械の歯車,鼓膜が破れそうなほどの怒鳴り声が飛び交う激しい口論とかけて、故障した機械の歯車と解く。その心は「どちらも『噛み合わない』でしょう。」,
,多義語型,鼓膜が破れそうなほどの怒鳴り声が飛び交う激しい口論,抑えきれない感情や怒りが表に出る様子,ふきだす,吹き出す（感情や不満が表に噴出する）,吹き出す（蒸気や溶岩などが勢いよく噴出する）,火山の噴火口,鼓膜が破れそうなほどの怒鳴り声が飛び交う激しい口論とかけて、火山の噴火口と解く。その心は「どちらも『吹き出す』でしょう。」,
,フレーズ・慣用句型,鼓膜が破れそうなほどの怒鳴り声が飛び交う激しい口論,議論が進まず、解決の糸口が見えない状態,らちがあかない,埒が明かない（物事が進展しない、解決しない）,埒が明かない（物事が解決しない、転じて物理的な柵が開かないこと）,閉まったままの門扉,鼓膜が破れそうなほどの怒鳴り声が飛び交う激しい口論とかけて、閉まったままの門扉と解く。その心は「どちらも『埒（らち）が明かない』でしょう。」,
,フレーズ・慣用句型,鼓膜が破れそうなほどの怒鳴り声が飛び交う激しい口論,不快な音や言葉が耳に届く、刺激になる,みみにさわる,耳に触る（不快な音や言葉が耳障りである、癇に障る）,耳に触る（物理的に耳に接触する）,髪を整える時に耳に触れる手,鼓膜が破れそうなほどの怒鳴り声が飛び交う激しい口論とかけて、髪を整える時に耳に触れる手と解く。その心は「どちらも『耳に触る』でしょう。」,
,多義語型,緊張のあまりお腹が痛くなって冷や汗をかく就職面接,緊張でお腹の調子が悪くなる,きりきり,胃がキリキリする,錐（きり）で穴を開ける音や様,大工,緊張のあまりお腹が痛くなって冷や汗をかく就職面接とかけて、大工と解く。その心は『どちらも胃が「キリキリ」します』でしょう。,
,フレーズ・慣用句型,緊張のあまりお腹が痛くなって冷や汗をかく就職面接,弱点や不安を抱える状態,おなかがいたい,お腹が痛い,痛い腹を探られる,裁判で弱みを握られた被告人,緊張のあまりお腹が痛くなって冷や汗をかく就職面接とかけて、裁判で弱みを握られた被告人と解く。その心は『どちらも「お腹が痛い」でしょう』。,
,完全な同音異義語型,緊張のあまりお腹が痛くなって冷や汗をかく就職面接,精神的なプレッシャー,きんちょう,緊張（する）,金鳥（キンチョー）,蚊取り線香を製造する会社,緊張のあまりお腹が痛くなって冷や汗をかく就職面接とかけて、蚊取り線香を製造する会社と解く。その心は『どちらも「キンチョー」です』でしょう。,
,多義語型,緊張のあまりお腹が痛くなって冷や汗をかく就職面接,身体から液体が分泌される,あせをかく,汗をかく（身体から出る）,汗をかく（苦労して働く）,畑を耕し続ける農家,緊張のあまりお腹が痛くなって冷や汗をかく就職面接とかけて、畑を耕し続ける農家と解く。その心は『どちらも「汗をかく」でしょう』。,
,完全な同音異義語型,緊張のあまりお腹が痛くなって冷や汗をかく就職面接,対面での選考,めんせつ,面接,免責,災害時に保険金の支払いを免れる条項,緊張のあまりお腹が痛くなって冷や汗をかく就職面接とかけて、災害時に保険金の支払いを免れる条項と解く。その心は『どちらも「めんせつ」です』でしょう。,
,フレーズ・慣用句型,緊張のあまりお腹が痛くなって冷や汗をかく就職面接,精神的な不安から足元がおぼつかない気分,あしもとをみる,足元がふらつく,（相手の）足元を見る（弱みにつけこむ）,高値で商品を売りつけようとする悪徳業者,緊張のあまりお腹が痛くなって冷や汗をかく就職面接とかけて、高値で商品を売りつけようとする悪徳業者と解く。その心は『どちらも「足元を見る」でしょう』。,
,完全な同音異義語型,手にびっしょり汗を握って息を呑む白熱したスポーツ観戦,興奮で手が「熱い」,あつい,熱い,厚い,分厚い本や布団,「手にびっしょり汗を握って息を呑む白熱したスポーツ観戦」とかけて、「分厚い本や布団」と解く。その心は「どちらも『厚い』でしょう。」,
,完全な同音異義語型,手にびっしょり汗を握って息を呑む白熱したスポーツ観戦,試合の結末を「待つ」,まつ,待つ,松,お正月の飾り付け,「手にびっしょり汗を握って息を呑む白熱したスポーツ観戦」とかけて、「お正月の飾り付け」と解く。その心は「どちらも『松』があるでしょう。」,
,多義語型,手にびっしょり汗を握って息を呑む白熱したスポーツ観戦,興奮で思わず席から「立つ」,たつ,立つ,立つ (計画が立つ),新規事業の企画会議,「手にびっしょり汗を握って息を呑む白熱したスポーツ観戦」とかけて、「新規事業の企画会議」と解く。その心は「どちらも『計画が立つ』でしょう。」,
,多義語型,手にびっしょり汗を握って息を呑む白熱したスポーツ観戦,試合が「白熱」している,はくねつ,白熱,白熱 (白熱電球),照明器具の老舗メーカー,「手にびっしょり汗を握って息を呑む白熱したスポーツ観戦」とかけて、「照明器具の老舗メーカー」と解く。その心は「どちらも『白熱』でしょう。」,
,フレーズ・慣用句型,手にびっしょり汗を握って息を呑む白熱したスポーツ観戦,会場の雰囲気が「熱い」,ばがあつい,場が熱い (興奮している),場が熱い (物理的に暑い),真夏のサウナ,「手にびっしょり汗を握って息を呑む白熱したスポーツ観戦」とかけて、「真夏のサウナ」と解く。その心は「どちらも『場が熱い』でしょう。」,
,フレーズ・慣用句型,手にびっしょり汗を握って息を呑む白熱したスポーツ観戦,試合に夢中で「座席に釘付け」になる,ざせきにくぎづけ,座席に釘付け (集中している様子),座席に釘付け (物理的に釘で固定する),壊れた椅子の修理業者,「手にびっしょり汗を握って息を呑む白熱したスポーツ観戦」とかけて、「壊れた椅子の修理業者」と解く。その心は「どちらも『座席に釘付け』でしょう。」,
,完全な同音異義語型,嬉し涙で顔をぐしゃぐしゃにして喜ぶサプライズパーティー,嬉し涙が止めどなく流れ出る状態,あふれる,涙が溢れる,水が溢れる,台風で氾濫した河川,嬉し涙で顔をぐしゃぐしゃにして喜ぶサプライズパーティーとかけて、台風で氾濫した河川と解く。その心は「どちらも『（涙が/水が）溢れる』でしょう。」,
,多義語型,嬉し涙で顔をぐしゃぐしゃにして喜ぶサプライズパーティー,驚きと感動で感情が最高潮に達する状態,むねがいっぱい,胸がいっぱいになる（感情で）,胸がいっぱいになる（物理的に満たされる）,ランチバイキングで食べ過ぎた人々,嬉し涙で顔をぐしゃぐしゃにして喜ぶサプライズパーティーとかけて、ランチバイキングで食べ過ぎた人々と解く。その心は「どちらも『胸がいっぱいになる』でしょう。」,
,フレーズ・慣用句型,嬉し涙で顔をぐしゃぐしゃにして喜ぶサプライズパーティー,驚きと感動で言葉が出なくなる状態,ことばをうしなう,言葉を失う（感動で）,言葉を失う（病気で）,重い病気で話せなくなった人,嬉し涙で顔をぐしゃぐしゃにして喜ぶサプライズパーティーとかけて、重い病気で話せなくなった人と解く。その心は「どちらも『言葉を失う』でしょう。」,
,完全な同音異義語型,嬉し涙で顔をぐしゃぐしゃにして喜ぶサプライズパーティー,予期せぬ出来事で驚かされること,ふいうち,不意打ち（サプライズ）,不意打ち（攻撃）,敵から攻撃を受ける兵士,嬉し涙で顔をぐしゃぐしゃにして喜ぶサプライズパーティーとかけて、敵から不意打ち攻撃を受ける兵士と解く。その心は「どちらも『不意打ちを受ける』でしょう。」,
,多義語型,嬉し涙で顔をぐしゃぐしゃにして喜ぶサプライズパーティー,顔の表情が感情で大きく歪む状態,ぐしゃぐしゃ,ぐしゃぐしゃになる（顔の表情が）,ぐしゃぐしゃになる（紙などが）,使い終わったティッシュペーパー,嬉し涙で顔をぐしゃぐしゃにして喜ぶサプライズパーティーとかけて、使い終わったティッシュペーパーと解く。その心は「どちらも『ぐしゃぐしゃになる』でしょう。」,
,フレーズ・慣用句型,嬉し涙で顔をぐしゃぐしゃにして喜ぶサプライズパーティー,感情や計画を公にせず心に留めていること,ひめる,秘める（感情や計画を）,秘める（能力や可能性を）,ポテンシャルを秘めた新人選手,嬉し涙で顔をぐしゃぐしゃにして喜ぶサプライズパーティーとかけて、ポテンシャルを秘めた新人選手と解く。その心は「どちらも『秘める』ものがあるでしょう。」,
,多義語型,四方八方から押しつぶされて息ができない満員電車,物理的に呼吸ができない状態,いきがつまる,息が詰まる,息が詰まる（精神的に緊張する）,初めての国際会議でスピーチをする人,四方八方から押しつぶされて息ができない満員電車とかけて、初めての国際会議でスピーチをする人と解く。その心は『どちらも息が詰まる』でしょう。,
,フレーズ・慣用句型,四方八方から押しつぶされて息ができない満員電車,物理的に動けない状態,みうごきがとれない,身動きが取れない,身動きが取れない（経済的・状況的に手詰まり）,資金繰りに苦しむ中小企業の社長,四方八方から押しつぶされて息ができない満員電車とかけて、資金繰りに苦しむ中小企業の社長と解く。その心は『どちらも身動きが取れない』でしょう。,
,完全な同音異義語型,四方八方から押しつぶされて息ができない満員電車,人が密集している状態,みつ,密（密集）,蜜（花の蜜）,花から蜜を集めるミツバチ,四方八方から押しつぶされて息ができない満員電車とかけて、花から蜜を集めるミツバチと解く。その心は『どちらも密（みつ）でしょう。』,
,多義語型,四方八方から押しつぶされて息ができない満員電車,物理的な拘束、自由がない状態,しばり,縛り（物理的な拘束）,縛り（ルールや制約）,厳しいルールが設けられたボードゲーム,四方八方から押しつぶされて息ができない満員電車とかけて、厳しいルールが設けられたボードゲームと解く。その心は『どちらも縛りが多い』でしょう。,
,フレーズ・慣用句型,四方八方から押しつぶされて息ができない満員電車,息をひそめるようにしている状態,いきをころす,息を殺す（呼吸をひそめる）,息を殺す（気配を消す）,鬼ごっこで隠れている子供,四方八方から押しつぶされて息ができない満員電車とかけて、鬼ごっこで隠れている子供と解く。その心は『どちらも息を殺している』でしょう。,
,完全な同音異義語型,四方八方から押しつぶされて息ができない満員電車,物理的な圧迫感,あつ,圧（圧力）,熱（暑さ）,真夏の太陽の下で開かれるマラソン大会,四方八方から押しつぶされて息ができない満員電車とかけて、真夏の太陽の下で開かれるマラソン大会と解く。その心は『どちらも圧（あつ）がすごい』でしょう。,
,完全な同音異義語型,木枯らしの中でガタガタ震えながら順番を待つ行列,寒さによって体が冷え切っている状態。,さむい,寒い,酸い,レモンをかじった時の表情,「木枯らしの中でガタガタ震えながら順番を待つ行列」とかけて、「レモンをかじった時の表情」と解く。その心は「どちらも『酸い（寒い）』でしょう。」,
,完全な同音異義語型,木枯らしの中でガタガタ震えながら順番を待つ行列,順番が来るのをじっと辛抱強く過ごす。,まつ,待つ,松,日本庭園のシンボル,「木枯らしの中でガタガタ震えながら順番を待つ行列」とかけて、「日本庭園のシンボル」と解く。その心は「どちらも『松（待つ）』でしょう。」,
,多義語型,木枯らしの中でガタガタ震えながら順番を待つ行列,寒さで体温が低下し、冷え切っている状態。,からだがさめる,体が冷める,気持ちが覚める,熱愛報道の後に冷めたと報じられた芸能人カップル,「木枯らしの中でガタガタ震えながら順番を待つ行列」とかけて、「熱愛報道の後に冷めたと報じられた芸能人カップル」と解く。その心は「どちらも『体が冷める（気持ちが覚める）』でしょう。」,
,多義語型,木枯らしの中でガタガタ震えながら順番を待つ行列,物理的にその場から離れることができない状態。,みうごきがとれない,身動きが取れない,（経済的に）身動きが取れない,多額の借金を抱えた経営者,「木枯らしの中でガタガタ震えながら順番を待つ行列」とかけて、「多額の借金を抱えた経営者」と解く。その心は「どちらも『身動きが取れない』でしょう。」,
,フレーズ・慣用句型,木枯らしの中でガタガタ震えながら順番を待つ行列,その状況を受け入れ、どうすることもできずにいる。,しょうがない,仕方がない（待つしかない状況）,仕方がない（諦める気持ち）,子供がいたずらを繰り返すのを見てため息をつく親,「木枯らしの中でガタガタ震えながら順番を待つ行列」とかけて、「子供がいたずらを繰り返すのを見てため息をつく親」と解く。その心は「どちらも『しょうがない』でしょう。」,
,フレーズ・慣用句型,木枯らしの中でガタガタ震えながら順番を待つ行列,寒さのために体が小刻みに揺れ動く。,からだがふるえる,体が震える,（興奮で）体が震える,初めてオリンピックの舞台に立つアスリート,「木枯らしの中でガタガタ震えながら順番を待つ行列」とかけて、「初めてオリンピックの舞台に立つアスリート」と解く。その心は「どちらも『体が震える』でしょう。」,
,完全な同音異義語型,屋台から漂う香ばしい匂いにお腹が鳴る食べ歩き,様々な屋台を見て回り、移動する,めぐる,巡る（屋台を巡る）,めくる（カレンダーをめくる）,新しい日を待ち望むカレンダー,「屋台から漂う香ばしい匂いにお腹が鳴る食べ歩き」とかけて、「新しい日を待ち望むカレンダー」と解く。その心は『どちらも「めくる」でしょう』。,
,完全な同音異義語型,屋台から漂う香ばしい匂いにお腹が鳴る食べ歩き,食べ物の味が良い、食欲をそそる,おいしい,美味しい（食べ物が美味しい）,惜しい（あと一歩で目標に届かない）,惜敗したアスリートの気持ち,「屋台から漂う香ばしい匂いにお腹が鳴る食べ歩き」とかけて、「惜敗したアスリートの気持ち」と解く。その心は『どちらも「惜しい」でしょう』。,
,多義語型,屋台から漂う香ばしい匂いにお腹が鳴る食べ歩き,食べ物の良い香りが漂う,かおる,香る（良い匂いが香る）,香る（文化や風格が漂う）,歴史ある古都,「屋台から漂う香ばしい匂いにお腹が鳴る食べ歩き」とかけて、「歴史ある古都」と解く。その心は『どちらも「香る」でしょう』。,
,多義語型,屋台から漂う香ばしい匂いにお腹が鳴る食べ歩き,空腹によってお腹から音が出る,なる,鳴る（お腹が鳴る）,成る（努力が実を結び、目標が達成される）,長い努力の末に夢を叶えた人,「屋台から漂う香ばしい匂いにお腹が鳴る食べ歩き」とかけて、「長い努力の末に夢を叶えた人」と解く。その心は『どちらも「成る」でしょう』。,
,フレーズ・慣用句型,屋台から漂う香ばしい匂いにお腹が鳴る食べ歩き,美味しそうな食べ物に思わず手を伸ばす,てをだす,手を出してしまう（食べ物に手を出す）,手を出してしまう（関わってはいけないことに介入する）,危険な誘惑に負けてしまう人,「屋台から漂う香ばしい匂いにお腹が鳴る食べ歩き」とかけて、「危険な誘惑に負けてしまう人」と解く。その心は『どちらも「手を出してしまう」でしょう』。,
,フレーズ・慣用句型,屋台から漂う香ばしい匂いにお腹が鳴る食べ歩き,匂いを敏感に感じ取る、嗅覚が優れている,はながきく,鼻が利く（匂いを嗅ぎ分ける能力）,鼻が利く（勘が鋭い、情報収集能力が高い）,世の中のトレンドをいち早く掴むマーケター,「屋台から漂う香ばしい匂いにお腹が鳴る食べ歩き」とかけて、「世の中のトレンドをいち早く掴むマーケター」と解く。その心は『どちらも「鼻が利く」でしょう』。,
,多義語型,怒りのあまり拳を振り上げてシュプレヒコールを叫ぶ抗議デモ,拳を振り上げる、要求を上げる,あげる,挙げる（拳を挙げる、要求を挙げる）,揚げる（旗を揚げる）,運動会の入場行進,「怒りのあまり拳を振り上げてシュプレヒコールを叫ぶ抗議デモ」とかけて、「運動会の入場行進」と解く。その心は「どちらも『あげる』でしょう。」,
,完全な同音異義語型,怒りのあまり拳を振り上げてシュプレヒコールを叫ぶ抗議デモ,主張する、意見を表明する,しゅちょう,主張（デモで主張を表明する）,手帳（スケジュールなどを記録する）,有能な秘書,「怒りのあまり拳を振り上げてシュプレヒコールを叫ぶ抗議デモ」とかけて、「有能な秘書」と解く。その心は「どちらも『主張（手帳）』が欠かせないでしょう。」,
,フレーズ・慣用句型,怒りのあまり拳を振り上げてシュプレヒコールを叫ぶ抗議デモ,大勢の人が集まり、交通を妨げる,みちをふさぐ,道を塞ぐ（物理的に進路を遮断する）,道を塞ぐ（物理的に詰まる、進路を阻む）,水道管の詰まり,「怒りのあまり拳を振り上げてシュプレヒコールを叫ぶ抗議デモ」とかけて、「水道管の詰まり」と解く。その心は「どちらも『道を塞ぐ』でしょう。」,
,完全な同音異義語型,怒りのあまり拳を振り上げてシュプレヒコールを叫ぶ抗議デモ,熱狂的で、盛り上がった雰囲気,ねっき,熱気（デモの熱気）,根気（粘り強く続ける力）,地道に研究を続ける科学者,「怒りのあまり拳を振り上げてシュプレヒコールを叫ぶ抗議デモ」とかけて、「地道に研究を続ける科学者」と解く。その心は「どちらも『熱気（根気）』が必要でしょう。」,
,多義語型,怒りのあまり拳を振り上げてシュプレヒコールを叫ぶ抗議デモ,蜂起する、立ち上がる,たつ,立つ（デモ隊が立ち上がる）,立つ（噂が立つ、目立つ）,噂話が好きな人,「怒りのあまり拳を振り上げてシュプレヒコールを叫ぶ抗議デモ」とかけて、「噂話が好きな人」と解く。その心は「どちらも『よく立つ』でしょう。」,
,フレーズ・慣用句型,怒りのあまり拳を振り上げてシュプレヒコールを叫ぶ抗議デモ,大声で訴える,こえをあげる,声を上げる（シュプレヒコールで）,声を上げる（鳴き声など）,満月の夜に遠吠えする狼,「怒りのあまり拳を振り上げてシュプレヒコールを叫ぶ抗議デモ」とかけて、「満月の夜に遠吠えする狼」と解く。その心は「どちらも『声を上げる』でしょう。」,
,完全な同音異義語型,重いリュックが肩に食い込んで足が棒になる過酷な登山,体力の消耗により足が疲労困憊の状態,ぼうになる,棒になる（足が棒になる）,坊になる（僧侶になる）,出家する人,重いリュックが肩に食い込んで足が棒になる過酷な登山とかけて、出家する人と解く。その心は『どちらも「坊になる」でしょう。』,
,多義語型,重いリュックが肩に食い込んで足が棒になる過酷な登山,山道を上へ向かって進む行為,のぼる,登る（山を登る）,昇る（太陽や月が昇る、地位が昇る）,太陽,重いリュックが肩に食い込んで足が棒になる過酷な登山とかけて、太陽と解く。その心は『どちらも「昇る」でしょう。』,
,フレーズ・慣用句型,重いリュックが肩に食い込んで足が棒になる過酷な登山,物理的に重い荷物を背負い運ぶ状況,おもにをせおう,重荷を背負う（物理的な負担）,重荷を背負う（精神的・責任的な負担）,会社の経営を任された社長,重いリュックが肩に食い込んで足が棒になる過酷な登山とかけて、会社の経営を任された社長と解く。その心は『どちらも「重荷を背負う」でしょう。』,
,完全な同音異義語型,重いリュックが肩に食い込んで足が棒になる過酷な登山,重い荷物を背中に載せて運ぶ行為,せおう,背負う（荷物を背負う）,瀬を覆う（川の水量が増して浅瀬を覆い隠す）,水かさが増した川,重いリュックが肩に食い込んで足が棒になる過酷な登山とかけて、水かさが増した川と解く。その心は『どちらも「瀬を覆う（背負う）」でしょう。』,
,多義語型,重いリュックが肩に食い込んで足が棒になる過酷な登山,不安定な足場でバランスを崩す可能性,あしをとられる,足を取られる（物理的にバランスを崩す、転倒する）,足を取られる（弱みを握られて自由を奪われる）,悪人に捕らえられた人質,重いリュックが肩に食い込んで足が棒になる過酷な登山とかけて、悪人に捕らえられた人質と解く。その心は『どちらも「足を取られる」でしょう。』,
,フレーズ・慣用句型,重いリュックが肩に食い込んで足が棒になる過酷な登山,長時間、激しい運動をしたことで呼吸が苦しくなる状態,いきがきれる,息が切れる（呼吸が苦しくなる）,息が切れる（続いていた物事が途絶える）,会社の資金繰りが途絶えること,重いリュックが肩に食い込んで足が棒になる過酷な登山とかけて、会社の資金繰りが途絶えることと解く。その心は『どちらも「息が切れる」でしょう。』,
,完全な同音異義語型,大勢の視線を浴びて声も手もガタガタ震えるスピーチ,緊張で声が上ずる、体が硬直する,あがる,上がる,揚がる,揚げたての天ぷら,大勢の視線を浴びて声も手もガタガタ震えるスピーチとかけて、揚げたての天ぷらと解く。その心は『どちらも上がる（揚がる）』でしょう。,
,完全な同音異義語型,大勢の視線を浴びて声も手もガタガタ震えるスピーチ,緊張で体が震え動く,ふるう,震う,振るう,剣道の練習に励む剣道家,大勢の視線を浴びて声も手もガタガタ震えるスピーチとかけて、剣道の練習に励む剣道家と解く。その心は『どちらも体を震う（剣を振るう）』でしょう。,
,多義語型,大勢の視線を浴びて声も手もガタガタ震えるスピーチ,緊張で顔や体が熱く感じる,あつい,熱い,熱い,沸騰したばかりのやかんに触れてしまった時,大勢の視線を浴びて声も手もガタガタ震えるスピーチとかけて、沸騰したばかりのやかんに触れてしまった時と解く。その心は『どちらも熱い』でしょう。,
,多義語型,大勢の視線を浴びて声も手もガタガタ震えるスピーチ,緊張で話が相手にうまく伝わらない、声が出にくい,とおります,通る,通る,事故で大渋滞の高速道路,大勢の視線を浴びて声も手もガタガタ震えるスピーチとかけて、事故で大渋滞の高速道路と解く。その心は『どちらも話が通らない（車が通らない）』でしょう。,
,フレーズ・慣用句型,大勢の視線を浴びて声も手もガタガタ震えるスピーチ,緊張で思考が停止し、何も考えられなくなる状態,あたまがまっしろになる,頭が真っ白になる,頭が真っ白になる,冬の訪れを告げる雪化粧の富士山,大勢の視線を浴びて声も手もガタガタ震えるスピーチとかけて、冬の訪れを告げる雪化粧の富士山と解く。その心は『どちらも頭が真っ白になる』でしょう。,
,フレーズ・慣用句型,大勢の視線を浴びて声も手もガタガタ震えるスピーチ,緊張や恐怖で足が動かせなくなる,あしがすくむ,足がすくむ,足がすくむ,洗濯に失敗してしまった毛糸の靴下,大勢の視線を浴びて声も手もガタガタ震えるスピーチとかけて、洗濯に失敗してしまった毛糸の靴下と解く。その心は『どちらも足がすくむ』でしょう。,
,完全な同音異義語型,悲しみの重圧に耐えきれずにその場に泣き崩れるお葬式,悲しみで感情を抑える、涙を止める,こらえる,涙を「堪える」,質問に「答える」,先生の質問に答える学生,「悲しみの重圧に耐えきれずにその場に泣き崩れるお葬式」とかけて、「先生の質問に答える学生」と解く。その心は「どちらも『こたえる』でしょう。」,
,完全な同音異義語型,悲しみの重圧に耐えきれずにその場に泣き崩れるお葬式,故人との最後の別れ,わかれ,故人との「別れ」,道の「分かれ」目,二股に分かれた道を選ぶ旅人,「悲しみの重圧に耐えきれずにその場に泣き崩れるお葬式」とかけて、「二股に分かれた道を選ぶ旅人」と解く。その心は「どちらも『わかれ』でしょう。」,
,多義語型,悲しみの重圧に耐えきれずにその場に泣き崩れるお葬式,悲しみで心が重く、暗くなる,しずむ,悲しみに心が「沈む」,太陽が「沈む」,夕暮れ時に水平線に消えていく太陽,「悲しみの重圧に耐えきれずにその場に泣き崩れるお葬式」とかけて、「夕暮れ時に水平線に消えていく太陽」と解く。その心は「どちらも『沈む』でしょう。」,
,多義語型,悲しみの重圧に耐えきれずにその場に泣き崩れるお葬式,大切な人を失う,なくす,大切な人を「亡くす」,鍵を「無くす」,大切な鍵をどこかに置き忘れてしまった人,「悲しみの重圧に耐えきれずにその場に泣き崩れるお葬式」とかけて、「大切な鍵をどこかに置き忘れてしまった人」と解く。その心は「どちらも『なくす』でしょう。」,
,フレーズ・慣用句型,悲しみの重圧に耐えきれずにその場に泣き崩れるお葬式,精神的な苦痛が激しい,むねがいたむ,悲しみで「胸が痛む」,病気で「胸が痛む」,心臓病の症状で胸の痛みを訴える患者,「悲しみの重圧に耐えきれずにその場に泣き崩れるお葬式」とかけて、「心臓病の症状で胸の痛みを訴える患者」と解く。その心は「どちらも『胸が痛む』でしょう。」,
,フレーズ・慣用句型,悲しみの重圧に耐えきれずにその場に泣き崩れるお葬式,涙がとめどなく溢れ出る,ながす,涙を「流す」,トイレの水を「流す」,使い終わったトイレの水を流す人,「悲しみの重圧に耐えきれずにその場に泣き崩れるお葬式」とかけて、「使い終わったトイレの水を流す人」と解く。その心は「どちらも『流す』でしょう。」,
,完全な同音異義語型,人の熱気でむせ返るような会場で飛び跳ねるライブコンサート,熱気で汗が噴き出し、水分が蒸発する様子,じょうはつ,蒸発,上達,稽古を重ねて技を磨く武道家,人の熱気でむせ返るような会場で飛び跳ねるライブコンサートとかけて、稽古を重ねて技を磨く武道家と解く。その心は「どちらも蒸発（上達）する」でしょう。,
,完全な同音異義語型,人の熱気でむせ返るような会場で飛び跳ねるライブコンサート,会場が一体となり、強い感情が湧き出る様子,どうかん,動感,同感,意見が一致した会議の参加者たち,人の熱気でむせ返るような会場で飛び跳ねるライブコンサートとかけて、意見が一致した会議の参加者たちと解く。その心は「どちらも動感（同感）する」でしょう。,
,多義語型,人の熱気でむせ返るような会場で飛び跳ねるライブコンサート,会場のテンションや熱気が高まり上昇する様子,あがる,上がる,上がる,競り市場で値が付く商品,人の熱気でむせ返るような会場で飛び跳ねるライブコンサートとかけて、競り市場で値が付く商品と解く。その心は「どちらも上がる」でしょう。,
,多義語型,人の熱気でむせ返るような会場で飛び跳ねるライブコンサート,汗が流れて滴り落ちる様子,したたる,滴る,滴る,魅力的な佇まいの絶世の美女,人の熱気でむせ返るような会場で飛び跳ねるライブコンサートとかけて、魅力的な佇まいの絶世の美女と解く。その心は「どちらも滴る」でしょう。,
,フレーズ・慣用句型,人の熱気でむせ返るような会場で飛び跳ねるライブコンサート,演者と観客の呼吸が一致し、一体感が生まれる,いきがぴったり,息がぴったり,息がぴったり,熟練した職人コンビの共同作業,人の熱気でむせ返るような会場で飛び跳ねるライブコンサートとかけて、熟練した職人コンビの共同作業と解く。その心は「どちらも息がぴったり」でしょう。,
,フレーズ・慣用句型,人の熱気でむせ返るような会場で飛び跳ねるライブコンサート,人で混み合い、物理的に自由に動けない状態,みうごきがとれない,身動きが取れない,身動きが取れない,借金で経営が立ち行かなくなった会社,人の熱気でむせ返るような会場で飛び跳ねるライブコンサートとかけて、借金で経営が立ち行かなくなった会社と解く。その心は「どちらも身動きが取れない」でしょう。,
,完全な同音異義語型,歯を食いしばって激痛に耐えながら体を動かすリハビリ,痛みに「堪える」行為,こらえる,堪える（痛みや苦しみに耐え忍ぶ）,凍らえる（寒さで体が凍えつく）,極寒の地で遭難した人,「歯を食いしばって激痛に耐えながら体を動かすリハビリ」とかけて、「極寒の地で遭難した人」と解く。その心は「どちらも『こらえる（堪える/凍らえる）』でしょう。」,
,完全な同音異義語型,歯を食いしばって激痛に耐えながら体を動かすリハビリ,苦難から「這い上がる」状態,はいあがる,這い上がる（困難な状況から努力して抜け出す）,灰上がる（燃えかすの灰が舞い上がる）,暖炉の火が消えた後,「歯を食いしばって激痛に耐えながら体を動かすリハビリ」とかけて、「暖炉の火が消えた後」と解く。その心は「どちらも『はい上がる（這い上がる/灰上がる）』でしょう。」,
,多義語型,歯を食いしばって激痛に耐えながら体を動かすリハビリ,身体機能の「回復」を目指す,かいふく,回復（病状や体調がもとの状態に戻る）,回復（企業業績や経済状態が立ち直る）,業績不振から立ち直ろうとする会社,「歯を食いしばって激痛に耐えながら体を動かすリハビリ」とかけて、「業績不振から立ち直ろうとする会社」と解く。その心は「どちらも『回復（かいふく）』を目指すでしょう。」,
,多義語型,歯を食いしばって激痛に耐えながら体を動かすリハビリ,物理的な負荷に「耐える」,たえる,耐える（痛みや苦痛にじっと我慢する）,耐える（重さや力に持ちこたえる）,重い雪が降り積もった古い家屋,「歯を食いしばって激痛に耐えながら体を動かすリハビリ」とかけて、「重い雪が降り積もった古い家屋」と解く。その心は「どちらも『耐える（たえる）』でしょう。」,
,フレーズ・慣用句型,歯を食いしばって激痛に耐えながら体を動かすリハビリ,目標に向かって「前へ進む」努力,まえへすすむ,前へ進む（回復に向けて一歩ずつ進む）,前へ進む（列や隊列が進行する）,大勢の人が並ぶ人気店の行列,「歯を食いしばって激痛に耐えながら体を動かすリハビリ」とかけて、「大勢の人が並ぶ人気店の行列」と解く。その心は「どちらも『前へ進む（まえへすすむ）』でしょう。」,
,フレーズ・慣用句型,歯を食いしばって激痛に耐えながら体を動かすリハビリ,困難に「打ち勝つ」精神,うちかつ,打ち勝つ（痛みや病気の困難に勝利する）,打ち勝つ（試合や競争で相手に勝利する）,スポーツの試合で優勝を目指す選手,「歯を食いしばって激痛に耐えながら体を動かすリハビリ」とかけて、「スポーツの試合で優勝を目指す選手」と解く。その心は「どちらも『打ち勝つ（うちかつ）』でしょう。」,
,完全な同音異義語型,雨の中で泥まみれになってぶつかり合い熱気にあふれるラグビー,試合の熱気が高まり、選手たちがぶつかり合うことで肉体が隆起する,もりあがる,盛り上がる（試合の熱気や筋肉が）,盛り上がる（器に食べ物を高く盛る）,大食いチャレンジの料理,「雨の中で泥まみれになってぶつかり合い熱気にあふれるラグビー」とかけて、「大食いチャレンジの料理」と解く。その心は「どちらも『盛り上がる』でしょう。」,
,完全な同音異義語型,雨の中で泥まみれになってぶつかり合い熱気にあふれるラグビー,ユニフォームが泥で汚れる,どろがつく,泥が付く（ユニフォームに土が付着する）,泥が付く（不名誉な評判が立つ）,スキャンダルに見舞われた芸能人,「雨の中で泥まみれになってぶつかり合い熱気にあふれるラグビー」とかけて、「スキャンダルに見舞われた芸能人」と解く。その心は「どちらも『泥がつく』でしょう。」,
,多義語型,雨の中で泥まみれになってぶつかり合い熱気にあふれるラグビー,タックルなどで相手に体当たりする、身を挺する,からだをはる,体を張る（物理的に肉体をぶつける）,体を張る（危険を冒して物事に取り組む）,危険な仕事を引き受ける探偵,「雨の中で泥まみれになってぶつかり合い熱気にあふれるラグビー」とかけて、「危険な仕事を引き受ける探偵」と解く。その心は「どちらも『体を張る』でしょう。」,
,多義語型,雨の中で泥まみれになってぶつかり合い熱気にあふれるラグビー,雨や泥で全身が水気を帯びる,ぬれる,濡れる（雨や泥水で服や体が）,濡れる（情事によって評判が悪くなる）,不倫がバレた既婚者,「雨の中で泥まみれになってぶつかり合い熱気にあふれるラグビー」とかけて、「不倫がバレた既婚者」と解く。その心は「どちらも『濡れる』でしょう。」,
,フレーズ・慣用句型,雨の中で泥まみれになってぶつかり合い熱気にあふれるラグビー,試合が白熱し、体温が上昇する,あつくなる,熱くなる（試合が白熱する、体が）,熱くなる（感動して感情的になる）,感動的な映画を観た人,「雨の中で泥まみれになってぶつかり合い熱気にあふれるラグビー」とかけて、「感動的な映画を観た人」と解く。その心は「どちらも『熱くなる』でしょう。」,
,フレーズ・慣用句型,雨の中で泥まみれになってぶつかり合い熱気にあふれるラグビー,タックルを受けたり、ボール確保のために地面に体を横たえる,じめんにふせる,地面に伏せる（タックルで倒れる、ボールを確保する）,地面に伏せる（身の安全のために身を隠す）,激しい銃撃戦に巻き込まれた兵士,「雨の中で泥まみれになってぶつかり合い熱気にあふれるラグビー」とかけて、「激しい銃撃戦に巻き込まれた兵士」と解く。その心は「どちらも『地面に伏せる』でしょう。」,
,完全な同音異義語型,重くなるまぶたをこすり強い睡魔と必死に戦うテスト勉強,眠気で思考がまとまらず、集中力が定まらない状態,めいそう,迷走,瞑想,精神統一に励む修行僧,重くなるまぶたをこすり強い睡魔と必死に戦うテスト勉強とかけて、精神統一に励む修行僧と解く。その心は『どちらも迷走（めいそう）でしょう』,
,完全な同音異義語型,重くなるまぶたをこすり強い睡魔と必死に戦うテスト勉強,集中力が途切れて、知識が頭に「入らない」,はいらない,入らない,灰らない,燃やしても有害な煙が出る不燃ごみ,重くなるまぶたをこすり強い睡魔と必死に戦うテスト勉強とかけて、燃やしても有害な煙が出る不燃ごみと解く。その心は『どちらも灰らない（はいらない）でしょう』,
,多義語型,重くなるまぶたをこすり強い睡魔と必死に戦うテスト勉強,睡魔に襲われ、意識が「落ちる」寸前である,おちる,落ちる,落ちる,受験で不合格になった学生,重くなるまぶたをこすり強い睡魔と必死に戦うテスト勉強とかけて、受験で不合格になった学生と解く。その心は『どちらも落ちる（おちる）でしょう』,
,多義語型,重くなるまぶたをこすり強い睡魔と必死に戦うテスト勉強,眠気で「頭が回らない」,まわらない,回らない,回らない,故障した機械,重くなるまぶたをこすり強い睡魔と必死に戦うテスト勉強とかけて、故障した機械と解く。その心は『どちらも回らない（まわらない）でしょう』,
,フレーズ・慣用句型,重くなるまぶたをこすり強い睡魔と必死に戦うテスト勉強,睡魔と戦いながら、かろうじて「持ちこたえている」,もちこたえる,持ちこたえる,持ちこたえる,経営難に陥った会社,重くなるまぶたをこすり強い睡魔と必死に戦うテスト勉強とかけて、経営難に陥った会社と解く。その心は『どちらも持ちこたえるのが大変でしょう』,
,フレーズ・慣用句型,重くなるまぶたをこすり強い睡魔と必死に戦うテスト勉強,勉強がはかどらず「進まない」,すすまない,進まない,進まない,故障して動かなくなった時計,重くなるまぶたをこすり強い睡魔と必死に戦うテスト勉強とかけて、故障して動かなくなった時計と解く。その心は『どちらも進まない（すすまない）でしょう』,
,多義語型,感謝の言葉に心がじんわりと温かくなるボランティア活動,感謝されて優しい気持ちになる,こころがあたたまる,心が温まる,体が温まる,寒い日に浸かる温泉,感謝の言葉に心がじんわりと温かくなるボランティア活動とかけて、寒い日に浸かる温泉と解く。その心は「どちらも『心が温まる』でしょう。」,
,フレーズ・慣用句型,感謝の言葉に心がじんわりと温かくなるボランティア活動,困っている人を助ける行動,てをさしのべる,手を差し伸べる,物理的に手を伸ばす,棚の上の物を取ろうとする人,感謝の言葉に心がじんわりと温かくなるボランティア活動とかけて、棚の上の物を取ろうとする人と解く。その心は「どちらも『手を差し伸べる』でしょう。」,
,完全な同音異義語型,感謝の言葉に心がじんわりと温かくなるボランティア活動,社会や人のために尽くすこと,ほうし,奉仕,胞子,キノコ,感謝の言葉に心がじんわりと温かくなるボランティア活動とかけて、キノコと解く。その心は「どちらも『ほうし（奉仕／胞子）』があるでしょう。」,
,多義語型,感謝の言葉に心がじんわりと温かくなるボランティア活動,地域の環境や住民生活を改善する活動,まちをよくする,町を良くする,街並みを整備する,都市開発の専門家,感謝の言葉に心がじんわりと温かくなるボランティア活動とかけて、都市開発の専門家と解く。その心は「どちらも『町を良くする』でしょう。」,
,フレーズ・慣用句型,感謝の言葉に心がじんわりと温かくなるボランティア活動,真心や気持ちが込められている,こころがこもる,心がこもる,籠の中にいる,鳥籠の中の鳥,感謝の言葉に心がじんわりと温かくなるボランティア活動とかけて、鳥籠の中の鳥と解く。その心は「どちらも『心が籠る』でしょう。」,
,完全な同音異義語型,感謝の言葉に心がじんわりと温かくなるボランティア活動,助けて支えること,しえん,支援,紫煙,タバコを吸う人,感謝の言葉に心がじんわりと温かくなるボランティア活動とかけて、タバコを吸う人と解く。その心は「どちらも『しえん（支援／紫煙）』があるでしょう。」,
,完全な同音異義語型,悔しさで唇を噛み締めて涙をボロボロこぼす敗戦後のミーティング,涙がこぼれ落ちる様子、水滴が滴る状態,したたる,滴る（涙が）,舌足らず（話し方が）,幼い子供の拙い話し方,悔しさで唇を噛み締めて涙をボロボロこぼす敗戦後のミーティングとかけて、幼い子供の拙い話し方と解く。その心は『どちらも「舌足らず（したたる）」でしょう。』,
,完全な同音異義語型,悔しさで唇を噛み締めて涙をボロボロこぼす敗戦後のミーティング,敗戦への後悔の念、悔いが残る状態,くい,悔い（後悔）,杭（地面に打ち込む棒）,土地測量の現場,悔しさで唇を噛み締めて涙をボロボロこぼす敗戦後のミーティングとかけて、土地測量の現場と解く。その心は『どちらも「悔い（杭）が残る」でしょう。』,
,多義語型,悔しさで唇を噛み締めて涙をボロボロこぼす敗戦後のミーティング,唇を強く噛む、悔しさや感情を深く受け止める行為,かみしめる,噛み締める（唇を、悔しさを）,噛み締める（味を、食感を）,熟練のソムリエ,悔しさで唇を噛み締めて涙をボロボロこぼす敗戦後のミーティングとかけて、熟練のソムリエと解く。その心は『どちらも「噛み締める」でしょう。』,
,多義語型,悔しさで唇を噛み締めて涙をボロボロこぼす敗戦後のミーティング,涙が止まらない様子、感情が溢れて限度がない,とめどない,止め処ない（涙）,留めどない（限りがない、果てしない）,宇宙の広がり,悔しさで唇を噛み締めて涙をボロボロこぼす敗戦後のミーティングとかけて、宇宙の広がりと解く。その心は『どちらも「止め処ない（留めどない）」でしょう。』,
,フレーズ・慣用句型,悔しさで唇を噛み締めて涙をボロボロこぼす敗戦後のミーティング,涙や感情を制御できない状態,おさえきれない,抑えきれない（涙や感情）,抑えきれない（物理的な力や衝動）,暴走する大型トラック,悔しさで唇を噛み締めて涙をボロボロこぼす敗戦後のミーティングとかけて、暴走する大型トラックと解く。その心は『どちらも「抑えきれない」でしょう。』,
,フレーズ・慣用句型,悔しさで唇を噛み締めて涙をボロボロこぼす敗戦後のミーティング,敗戦後の不快で苦々しい気分、後悔の念,あとあじがわるい,後味が悪い（結果や気分）,後味が悪い（飲食物の物理的な味）,質の悪いワイン,悔しさで唇を噛み締めて涙をボロボロこぼす敗戦後のミーティングとかけて、質の悪いワインと解く。その心は『どちらも「後味が悪い」でしょう。』,
,完全な同音異義語型,靴底がすり減って足の裏に豆ができるほど歩き回る営業活動,足の裏にできる、物理的な小さな盛り上がり,まめ,豆（足にできるもの）,豆（穀物、植物の種子）,畑で収穫を待つ農家,靴底がすり減って足の裏に豆ができるほど歩き回る営業活動とかけて、畑で収穫を待つ農家と解く。その心は『どちらも「まめ」ができるでしょう。』,
,完全な同音異義語型,靴底がすり減って足の裏に豆ができるほど歩き回る営業活動,物理的に歩き進む道路や経路,みち,道（物理的な経路、目標へのプロセス）,未知（まだ知られていない事柄や領域）,最先端の技術を研究する科学者,靴底がすり減って足の裏に豆ができるほど歩き回る営業活動とかけて、最先端の技術を研究する科学者と解く。その心は『どちらも「未知」を切り拓くでしょう。』,
,多義語型,靴底がすり減って足の裏に豆ができるほど歩き回る営業活動,物理的に足の周囲、あるいは移動における注意すべき点,あしもと,足元（物理的な地面、安全など）,足元（経済状況、基盤、現在の情勢）,資金繰りに苦しむ会社の経営者,靴底がすり減って足の裏に豆ができるほど歩き回る営業活動とかけて、資金繰りに苦しむ会社の経営者と解く。その心は『どちらも「足元」をよく見なければならないでしょう。』,
,多義語型,靴底がすり減って足の裏に豆ができるほど歩き回る営業活動,経費がかさんで予算を超過すること,あしがでる,足が出る（予算オーバー、赤字になる）,足が出る（物理的に何かの下部からはみ出す）,成長して背が伸びた子ども,靴底がすり減って足の裏に豆ができるほど歩き回る営業活動とかけて、成長して背が伸びた子どもと解く。その心は『どちらも「足が出る」でしょう。』,
,フレーズ・慣用句型,靴底がすり減って足の裏に豆ができるほど歩き回る営業活動,自らの足を使って精力的に動き回り、情報や成果を得る様子,あしでかせぐ,足で稼ぐ（営業成果を上げるために精力的に動く）,足で稼ぐ（餌を求めて動き回り、生計を立てる）,獲物を追いかける野良の動物,靴底がすり減って足の裏に豆ができるほど歩き回る営業活動とかけて、獲物を追いかける野良の動物と解く。その心は『どちらも「足で稼ぐ」でしょう。』,
,フレーズ・慣用句型,靴底がすり減って足の裏に豆ができるほど歩き回る営業活動,まだ前例がなく、困難で新しい状況や市場を開拓する様子,みちなきみち,道なき道（前例のない困難な状況、新しい市場開拓）,道なき道（物理的に整備されていない場所）,世界初の到達を目指す探検家,靴底がすり減って足の裏に豆ができるほど歩き回る営業活動とかけて、世界初の到達を目指す探検家と解く。その心は『どちらも「道なき道」を進むでしょう。』,
,完全な同音異義語型,鼻を突く悪臭に顔をしかめながら手作業で分けるゴミ拾い,悪臭が漂い、嫌な気分になる,くさい,臭い,辛い（きつい、苦しい）,厳しいノルマを課せられた営業マン,「鼻を突く悪臭に顔をしかめながら手作業で分けるゴミ拾い」とかけて、「厳しいノルマを課せられた営業マン」と解く。その心は『どちらも「臭い（辛い）」でしょう。』,
,完全な同音異義語型,鼻を突く悪臭に顔をしかめながら手作業で分けるゴミ拾い,ゴミを分類・選別する行為,ぶんべつ,分別,分別（物事の道理をわきまえること、判断力）,道理をわきまえた大人,「鼻を突く悪臭に顔をしかめながら手作業で分けるゴミ拾い」とかけて、「道理をわきまえた大人」と解く。その心は『どちらも「分別」が大切でしょう。』,
,多義語型,鼻を突く悪臭に顔をしかめながら手作業で分けるゴミ拾い,落ちている物を拾い上げる行為,ひろう,拾う,拾う（捨てられたものを保護する、偶然見つける）,捨てられた子犬を保護する人,「鼻を突く悪臭に顔をしかめながら手作業で分けるゴミ拾い」とかけて、「捨てられた子犬を保護する人」と解く。その心は『どちらも「拾う」行為でしょう。』,
,多義語型,鼻を突く悪臭に顔をしかめながら手作業で分けるゴミ拾い,物理的に汚れた状態,よごれている,汚れている,汚れている（不正や不純な心が入り込んでいる状態）,政治家の汚職事件,「鼻を突く悪臭に顔をしかめながら手作業で分けるゴミ拾い」とかけて、「政治家の汚職事件」と解く。その心は『どちらも「汚れている」でしょう。』,
,フレーズ・慣用句型,鼻を突く悪臭に顔をしかめながら手作業で分けるゴミ拾い,不快感で顔に皺を寄せる,かおをしかめる,顔をしかめる,顔をしかめる（困難や不満に対して不快感を示す）,会社の上司から理不尽な要求をされた部下,「鼻を突く悪臭に顔をしかめながら手作業で分けるゴミ拾い」とかけて、「会社の上司から理不尽な要求をされた部下」と解く。その心は『どちらも「顔をしかめる」でしょう。』,
,フレーズ・慣用句型,鼻を突く悪臭に顔をしかめながら手作業で分けるゴミ拾い,汚いものを物理的に触る作業,てをよごす,手を汚す（文字通り手が汚れる）,手を汚す（不正や悪事に加担する）,不正な取引に加担してしまった政治家,「鼻を突く悪臭に顔をしかめながら手作業で分けるゴミ拾い」とかけて、「不正な取引に加担してしまった政治家」と解く。その心は『どちらも「手を汚す」でしょう。』,
,完全な同音異義語型,喜びのあまり天高く飛び上がって力強くハイタッチする祝勝会,感情が最高潮に達し、身体が浮き上がるような状態,あがる,上がる（喜びでテンションが上がる、飛び上がる）,挙がる（質問に手が挙がる、成果が挙がる）,積極的に質問に答える授業風景,喜びのあまり天高く飛び上がって力強くハイタッチする祝勝会とかけて、積極的に質問に答える授業風景と解く。その心は『どちらも手が挙がるでしょう』。,
,完全な同音異義語型,喜びのあまり天高く飛び上がって力強くハイタッチする祝勝会,手をぶつけ合う動作、事前に準備する意味合い,うちあわせ,打ち合わせ（ハイタッチで手を打ち合わせる）,打ち合わせ（会議や相談の打ち合わせ）,重要な会議を控えたビジネスマン,喜びのあまり天高く飛び上がって力強くハイタッチする祝勝会とかけて、重要な会議を控えたビジネスマンと解く。その心は『どちらも入念な打ち合わせが大切でしょう』。,
,多義語型,喜びのあまり天高く飛び上がって力強くハイタッチする祝勝会,興奮度が極めて高い状態、絶頂期,ピーク,ピーク（喜びのピーク、興奮のピーク）,ピーク（山頂のピーク、売上のピーク）,富士山の山頂を目指す登山家,喜びのあまり天高く飛び上がって力強くハイタッチする祝勝会とかけて、富士山の山頂を目指す登山家と解く。その心は『どちらもピークを目指すでしょう』。,
,多義語型,喜びのあまり天高く飛び上がって力強くハイタッチする祝勝会,身体が宙に浮く、歓喜の度合いが大きい,たかい,高い（天高く飛び上がる、喜びが高い）,高い（目標が高い、価格が高い）,イノベーションを目指すスタートアップ企業,喜びのあまり天高く飛び上がって力強くハイタッチする祝勝会とかけて、イノベーションを目指すスタートアップ企業と解く。その心は『どちらも高い目標を掲げるでしょう』。,
,フレーズ・慣用句型,喜びのあまり天高く飛び上がって力強くハイタッチする祝勝会,喜びの感情が身体表現に現れ、自然と体が動く様子,おどる,踊る（喜びで身体が踊る）,踊る（ダンスを踊る）,華麗な舞台で観客を魅了するバレリーナ,喜びのあまり天高く飛び上がって力強くハイタッチする祝勝会とかけて、華麗な舞台で観客を魅了するバレリーナと解く。その心は『どちらも身体が踊るでしょう』。,
,フレーズ・慣用句型,喜びのあまり天高く飛び上がって力強くハイタッチする祝勝会,ハイタッチで両手のひらを合わせる動作、協力して成し遂げる状況,てをあわせる,手を合わせる（ハイタッチで手を合わせる）,手を合わせる（協力して手を合わせる、神仏に手を合わせる）,災害復興に尽力するボランティア団体,喜びのあまり天高く飛び上がって力強くハイタッチする祝勝会とかけて、災害復興に尽力するボランティア団体と解く。その心は『どちらも皆で手を合わせるでしょう』。,
,多義語型,高さに足がすくんで心臓がバクバクと暴れるバンジージャンプ,恐怖で体が硬直し、直立できない状態,たてない,立てない,立てない,資金繰りに困る会社,「高さに足がすくんで心臓がバクバクと暴れるバンジージャンプ」とかけて、「資金繰りに困る会社」と解く。その心は『どちらも「立てない」でしょう。』,
,完全な同音異義語型,高さに足がすくんで心臓がバクバクと暴れるバンジージャンプ,心臓が激しく脈打つ物理的な状態,はねる,跳ねる,跳ねる,釣りの最中の魚,「高さに足がすくんで心臓がバクバクと暴れるバンジージャンプ」とかけて、「釣りの最中の魚」と解く。その心は『どちらも「跳ねる」でしょう。』,
,フレーズ・慣用句型,高さに足がすくんで心臓がバクバクと暴れるバンジージャンプ,極度の恐怖を感じる感覚,きもをひやす,肝を冷やす,肝を冷やす,ヒヤヒヤするような危ない橋を渡る冒険家,「高さに足がすくんで心臓がバクバクと暴れるバンジージャンプ」とかけて、「ヒヤヒヤするような危ない橋を渡る冒険家」と解く。その心は『どちらも「肝を冷やす」でしょう。』,
,多義語型,高さに足がすくんで心臓がバクバクと暴れるバンジージャンプ,安全のために体を固定する行為,つなぐ,繋ぐ,繋ぐ,インターネット回線,「高さに足がすくんで心臓がバクバクと暴れるバンジージャンプ」とかけて、「インターネット回線」と解く。その心は『どちらも「繋ぐ」でしょう。』,
,完全な同音異義語型,高さに足がすくんで心臓がバクバクと暴れるバンジージャンプ,恐怖を乗り越え、最初の一歩を踏み出す行為,いっぽ,一歩,一歩,将棋の駒,「高さに足がすくんで心臓がバクバクと暴れるバンジージャンプ」とかけて、「将棋の駒」と解く。その心は『どちらも「一歩」でしょう。』,
,フレーズ・慣用句型,高さに足がすくんで心臓がバクバクと暴れるバンジージャンプ,自分の命を危険に晒して挑戦する行為,いのちがけ,命懸け,命懸け,瀕死の病人を生かそうと奮闘する医師,「高さに足がすくんで心臓がバクバクと暴れるバンジージャンプ」とかけて、「瀕死の病人を生かそうと奮闘する医師」と解く。その心は『どちらも「命懸け」でしょう。』,
,完全な同音異義語型,涙が出るほどお腹を抱えて息ができなくなる大爆笑,呼吸が乱れる、息遣いが荒くなる,いき,息(いき)が良い（呼吸の状態）,活き(いき)が良い（新鮮さ）,釣れたての魚,涙が出るほどお腹を抱えて息ができなくなる大爆笑とかけて、釣れたての魚と解く。その心は『どちらも「いき」が良い』でしょう。,
,多義語型,涙が出るほどお腹を抱えて息ができなくなる大爆笑,笑い続ける、終わらない,とまらない,笑いが「止まらない」,成長が「止まらない」,成長期の子ども,涙が出るほどお腹を抱えて息ができなくなる大爆笑とかけて、成長期の子どもと解く。その心は『どちらも「止まらない」でしょう。』,
,フレーズ・慣用句型,涙が出るほどお腹を抱えて息ができなくなる大爆笑,物理的に腹部を抱える動作,かかえる,「お腹を抱える」,「問題を抱える」,経営がうまくいかない会社,涙が出るほどお腹を抱えて息ができなくなる大爆笑とかけて、経営がうまくいかない会社と解く。その心は『どちらも「問題を抱えている」でしょう。』,
,完全な同音異義語型,涙が出るほどお腹を抱えて息ができなくなる大爆笑,呼吸が乱れ、息が詰まるような状態,むせる,笑いすぎて「むせる」,煙に「むせる」,焚き火の煙,涙が出るほどお腹を抱えて息ができなくなる大爆笑とかけて、焚き火の煙と解く。その心は『どちらも「むせる」でしょう。』,
,多義語型,涙が出るほどお腹を抱えて息ができなくなる大爆笑,これ以上は無理だという極限の状態,げんかい,笑いの「限界」,体力の「限界」,マラソンランナー,涙が出るほどお腹を抱えて息ができなくなる大爆笑とかけて、マラソンランナーと解く。その心は『どちらも「限界」でしょう。』,
,フレーズ・慣用句型,涙が出るほどお腹を抱えて息ができなくなる大爆笑,涙で視界がぼやける状態,めがかすむ,涙で「目がかすむ」,老眼で「目がかすむ」,老眼が始まった人,涙が出るほどお腹を抱えて息ができなくなる大爆笑とかけて、老眼が始まった人と解く。その心は『どちらも「目がかすむ」でしょう。』,
,多義語型,かじかんで感覚のない手で重い募金箱を持つ街頭募金,手が冷え切り、感覚がなく、自由に動かせない状態,みうごきがとれない,身動きが取れない,身動きが取れない,借金まみれの経営者,「かじかんで感覚のない手で重い募金箱を持つ街頭募金」とかけて、「借金まみれの経営者」と解く。その心は「どちらも『身動きが取れない』でしょう。」,
,フレーズ・慣用句型,かじかんで感覚のない手で重い募金箱を持つ街頭募金,募金箱で両手が塞がり、物理的に他の作業ができない状態,てがいっぱい,手がいっぱい,手一杯,新規プロジェクトを複数抱える管理職,「かじかんで感覚のない手で重い募金箱を持つ街頭募金」とかけて、「新規プロジェクトを複数抱える管理職」と解く。その心は「どちらも『手一杯』でしょう。」,
,完全な同音異義語型,かじかんで感覚のない手で重い募金箱を持つ街頭募金,募金箱が物理的にずっしりと重い,おもい,重い,想い,大切な人に送る感謝の手紙,「かじかんで感覚のない手で重い募金箱を持つ街頭募金」とかけて、「大切な人に送る感謝の手紙」と解く。その心は「どちらも『おもい』でしょう。」,
,完全な同音異義語型,かじかんで感覚のない手で重い募金箱を持つ街頭募金,集まった募金（お金）が増えることを期待する,きん,金,菌,培養皿の中の微生物,「かじかんで感覚のない手で重い募金箱を持つ街頭募金」とかけて、「培養皿の中の微生物」と解く。その心は「どちらも『きん』が増えるでしょう。」,
,多義語型,かじかんで感覚のない手で重い募金箱を持つ街頭募金,長時間、寒さの中に立ち続けて体が冷え切る,ひえる,冷える,冷える,マンネリ化した夫婦関係,「かじかんで感覚のない手で重い募金箱を持つ街頭募金」とかけて、「マンネリ化した夫婦関係」と解く。その心は「どちらも『冷える』でしょう。」,
,フレーズ・慣用句型,かじかんで感覚のない手で重い募金箱を持つ街頭募金,かじかんで、思うように手を使うことができない状態,てが、きかない,手が利かない,手が利かない,国政に影響力のない地方議員,「かじかんで感覚のない手で重い募金箱を持つ街頭募金」とかけて、「国政に影響力のない地方議員」と解く。その心は「どちらも『手が利かない』でしょう。」,
,完全な同音異義語型,互いの意見がぶつかり火花が散るほど熱を帯びる激しい会議,議論が白熱し、熱気を帯びる状態,ねつ,熱（議論の熱気）,熱（体温、病気による高熱）,病気で高熱を出している人,互いの意見がぶつかり火花が散るほど熱を帯びる激しい会議とかけて、病気で高熱を出している人と解く。その心は『どちらも熱（ねつ）がある』でしょう。,
,多義語型,互いの意見がぶつかり火花が散るほど熱を帯びる激しい会議,意見が対立して結論が出ない、合意に至らない状態,まとまらない,まとまらない（意見が統一されない）,まとまらない（物が散乱して整理されていない）,大掃除中の部屋,互いの意見がぶつかり火花が散るほど熱を帯びる激しい会議とかけて、大掃除中の部屋と解く。その心は『どちらもまとまらない』でしょう。,
,フレーズ・慣用句型,互いの意見がぶつかり火花が散るほど熱を帯びる激しい会議,意見が激しくぶつかり合う様子,ひばながちる,火花が散る（激しい議論）,火花が散る（物理的な火花の飛散）,溶接工,互いの意見がぶつかり火花が散るほど熱を帯びる激しい会議とかけて、溶接工と解く。その心は『どちらも火花が散る』でしょう。,
,完全な同音異義語型,互いの意見がぶつかり火花が散るほど熱を帯びる激しい会議,複数の意見や思惑が入り乱れる状態,こうさく,交錯（意見が入り乱れる）,耕作（土地を耕すこと）,農家,互いの意見がぶつかり火花が散るほど熱を帯びる激しい会議とかけて、農家と解く。その心は『どちらも耕作（こうさく）する』でしょう。,
,多義語型,互いの意見がぶつかり火花が散るほど熱を帯びる激しい会議,意見や主張が互いにぶつかり合う状態,たいりつ,対立（意見がぶつかる）,対立（物理的に向かい合って立つ）,向かい合って建つ二つの高層ビル,互いの意見がぶつかり火花が散るほど熱を帯びる激しい会議とかけて、向かい合って建つ二つの高層ビルと解く。その心は『どちらも対立している』でしょう。,
,フレーズ・慣用句型,互いの意見がぶつかり火花が散るほど熱を帯びる激しい会議,議論や事態がもつれて乱れる状態,ふんきゅうする,紛糾する（議論がもつれる）,紛糾する（物理的に絡み合う、もつれる）,長い時間放置されたイヤホンのコード,互いの意見がぶつかり火花が散るほど熱を帯びる激しい会議とかけて、長い時間放置されたイヤホンのコードと解く。その心は『どちらも紛糾している』でしょう。,
,完全な同音異義語型,利益を求めて他社と激しく競い合う企業活動,市場での優位性を確保するため、激しく相手と対立し合う。利益を奪い合う。,とりあう,取り合う（利益を奪い合う、顧客を取り合う）,取り合う（餌や場所を譲らず奪い合う）,餌場に集まる鳥の群れ,「利益を求めて他社と激しく競い合う企業活動」とかけて、「餌場に集まる鳥の群れ」と解く。その心は「どちらも『取り合う』でしょう。」,
,多義語型,利益を求めて他社と激しく競い合う企業活動,成功するためには、他の企業を上回る必要がある。常に先を「目指す」。,トップをめざす,トップを目指す（市場の首位を目指す）,トップを目指す（山の頂上を目指す）,登山家,「利益を求めて他社と激しく競い合う企業活動」とかけて、「登山家」と解く。その心は「どちらも『トップを目指す』でしょう。」,
,フレーズ・慣用句型,利益を求めて他社と激しく競い合う企業活動,生き残るためには、常に新しい戦略を立て、行動を起こし続ける必要がある。立ち止まっていられない。,たちどまっていられない,立ち止まっていられない（市場の変化に対応し、常に動き続ける必要がある）,立ち止まっていられない（急いでいるため、足を止めることができない）,遅刻しそうなサラリーマン,「利益を求めて他社と激しく競い合う企業活動」とかけて、「遅刻しそうなサラリーマン」と解く。その心は「どちらも『立ち止まっていられない』でしょう。」,
,完全な同音異義語型,利益を求めて他社と激しく競い合う企業活動,激しい競争の中で生き残るためには、何かに「勝つ」必要がある。,いきのこり,生き残り（競争を勝ち抜いて会社が存続すること）,生き残り（自然界で捕食者や環境の変化に耐えて存続する生命）,野生動物,「利益を求めて他社と激しく競い合う企業活動」とかけて、「野生動物」と解く。その心は「どちらも『生き残り』が懸かっているでしょう。」,
,多義語型,利益を求めて他社と激しく競い合う企業活動,市場で優位に立つためには、常に最前線で「戦う」必要がある。,さいぜんせん,最前線（市場の最前線で顧客獲得競争を繰り広げる）,最前線（戦争における敵味方が衝突する前線）,戦争の兵士,「利益を求めて他社と激しく競い合う企業活動」とかけて、「戦争の兵士」と解く。その心は「どちらも『最前線』で戦うでしょう。」,
,フレーズ・慣用句型,利益を求めて他社と激しく競い合う企業活動,他社との競争に勝つためには、顧客や市場の「心をつかむ」必要がある。,こころをつかむ,心をつかむ（顧客のニーズを捉え、支持を得る）,心をつかむ（好きな人に気持ちが通じ、相手を魅了する）,異性を口説く人,「利益を求めて他社と激しく競い合う企業活動」とかけて、「異性を口説く人」と解く。その心は「どちらも『心をつかむ』のが肝心でしょう。」,
,完全な同音異義語型,清き一票を投じて代表を決定する選挙,代表を決定する最終的な『判断』が下される場面,しんぱん,審判（判断、決定）,審判（スポーツの試合などでルールを管理し判定を下す人）,野球の試合,「清き一票を投じて代表を決定する選挙」とかけて、「野球の試合」と解く。その心は『どちらも「審判」が大切でしょう。』,
,完全な同音異義語型,清き一票を投じて代表を決定する選挙,候補者が自分の政策や理念を人々に『表明する』行為,うったえる,訴える（意見や主張を人々に表明する）,訴える（病気などで体の不調を医師などに告げる）,体の不調を医師に診てもらう患者,「清き一票を投じて代表を決定する選挙」とかけて、「体の不調を医師に診てもらう患者」と解く。その心は『どちらも「訴える」ことで状況が変わるでしょう。』,
,多義語型,清き一票を投じて代表を決定する選挙,候補者の当選・落選という『物事の結論』,けっか,結果（物事の成り行きや判断の結論）,結果（植物が実を結ぶこと）,丹精込めて育てた果樹,「清き一票を投じて代表を決定する選挙」とかけて、「丹精込めて育てた果樹」と解く。その心は『どちらも「結果」が楽しみでしょう。』,
,多義語型,清き一票を投じて代表を決定する選挙,人々の意識や情勢の『動きの傾向』,どうこう,動向（社会や物事の動きの傾向）,動向（動物が向かう先、動き）,群れをなして移動する渡り鳥,「清き一票を投じて代表を決定する選挙」とかけて、「群れをなして移動する渡り鳥」と解く。その心は『どちらも「動向」を把握するのが難しいでしょう。』,
,フレーズ・慣用句型,清き一票を投じて代表を決定する選挙,候補者が有権者の『賛同や応援を得る』こと,しじをあつめる,支持を集める（賛同や応援を獲得する）,支持を集める（物理的に何かを支えるものを集める）,地震で傾いた古い建物の補強作業,「清き一票を投じて代表を決定する選挙」とかけて、「地震で傾いた古い建物の補強作業」と解く。その心は『どちらも「支持を集める」ことが急務でしょう。』,
,フレーズ・慣用句型,清き一票を投じて代表を決定する選挙,選挙戦における情勢の『動きを観察する』こと,どうこうをみる,動向を見る（世論や情勢の動きを観察する）,動向を見る（動物がどこへ向かうか、その動きを観察する）,サバンナで獲物を狙う肉食動物,「清き一票を投じて代表を決定する選挙」とかけて、「サバンナで獲物を狙う肉食動物」と解く。その心は『どちらも相手の「動向を見る」のが勝利の鍵でしょう。』,
,多義語型,国のルールを議論して法案を通す国会,法案の可決、議案の成立,とおす,法案を「通す」,水や空気を「通す」,ザル,国のルールを議論して法案を通す国会とかけて、ザルと解く。その心は「どちらも『通す』でしょう。」,
,完全な同音異義語型,国のルールを議論して法案を通す国会,法案の是非を審議する,しんぎ,法案を「審議」する,物事の「真偽」を確かめる,探偵,国のルールを議論して法案を通す国会とかけて、探偵と解く。その心は「どちらも『審議/真偽』でしょう。」,
,フレーズ・慣用句型,国のルールを議論して法案を通す国会,法案の決定が延期される,たなあげになる,法案が「棚上げになる」,物理的に物が「棚上げになる」,大掃除でいらない物を片付ける人,国のルールを議論して法案を通す国会とかけて、大掃除でいらない物を片付ける人と解く。その心は「どちらも『棚上げになる』でしょう。」,
,多義語型,国のルールを議論して法案を通す国会,多くの意見や人が集合する,あつまる,多くの議員や意見が「集まる」,枯れ葉などが「集まる」,秋の公園の落ち葉,国のルールを議論して法案を通す国会とかけて、秋の公園の落ち葉と解く。その心は「どちらも『集まる』でしょう。」,
,完全な同音異義語型,国のルールを議論して法案を通す国会,国政を運営する,うんえい,国政を「運営」する,空の「雲影」（雲の影）,池に映る雲の影,国のルールを議論して法案を通す国会とかけて、池に映る雲の影と解く。その心は「どちらも『運営/雲影』でしょう。」,
,フレーズ・慣用句型,国のルールを議論して法案を通す国会,議論が活発になり盛り上がる,はくねつする,議論が「白熱する」,物理的に熱を持ち明るく光る状態,昔ながらの電球,国のルールを議論して法案を通す国会とかけて、昔ながらの電球と解く。その心は「どちらも『白熱する』でしょう。」,
,完全な同音異義語型,黒板の前に立って新しい知識を教える授業,知識を授与する行為,さずける,授ける（知識を）,授ける（勲章や位を）,叙勲式典の主催者,「黒板の前に立って新しい知識を教える授業」とかけて、「叙勲式典の主催者」と解く。その心は「どちらも『授ける』でしょう。」,
,完全な同音異義語型,黒板の前に立って新しい知識を教える授業,理解や習得の度合いを高めること,ふかめる,深める（理解を）,深める（穴を）,井戸掘り職人,「黒板の前に立って新しい知識を教える授業」とかけて、「井戸掘り職人」と解く。その心は「どちらも『深める』でしょう。」,
,多義語型,黒板の前に立って新しい知識を教える授業,生徒の意識を一つの事柄に向けること,しゅうちゅう,集中する（意識が）,集中する（一箇所に集まる）,大都市への人口移動,「黒板の前に立って新しい知識を教える授業」とかけて、「大都市への人口移動」と解く。その心は「どちらも『集中する』でしょう。」,
,多義語型,黒板の前に立って新しい知識を教える授業,情報や知識を別の人に届けること,つたえる,伝える（知識を）,伝える（電気や熱を）,高圧送電線,「黒板の前に立って新しい知識を教える授業」とかけて、「高圧送電線」と解く。その心は「どちらも『伝える』でしょう。」,
,フレーズ・慣用句型,黒板の前に立って新しい知識を教える授業,未知や不明瞭な点を明らかにする,ぎもんをかいけつする,疑問を解決する（学習上の）,疑問を解決する（事件の謎を）,名探偵,「黒板の前に立って新しい知識を教える授業」とかけて、「名探偵」と解く。その心は「どちらも『疑問を解決する』でしょう。」,
,フレーズ・慣用句型,黒板の前に立って新しい知識を教える授業,知識や学習経験を段階的に蓄積していく,つみかさねる,積み重ねる（知識を）,積み重ねる（資材を）,建設現場の資材置き場,「黒板の前に立って新しい知識を教える授業」とかけて、「建設現場の資材置き場」と解く。その心は「どちらも『積み重ねる』でしょう。」,
,多義語型,画面越しに遠くの相手と条件を詰めるオンライン商談,交渉事項を詳細に検討し、確定させる,つめる,詰める (交渉事項を詳細にする),詰める (場所を狭める),満員の通勤電車,「画面越しに遠くの相手と条件を詰めるオンライン商談」とかけて、「満員の通勤電車」と解く。その心は『どちらも「詰める」でしょう。』,
,フレーズ・慣用句型,画面越しに遠くの相手と条件を詰めるオンライン商談,双方の意見が一致し、交渉が成立する,はなしがまとまる,話がまとまる (交渉が成立する),髪がまとまる (髪型が整う),長い髪をきれいに結ぶ人,「画面越しに遠くの相手と条件を詰めるオンライン商談」とかけて、「長い髪をきれいに結ぶ人」と解く。その心は『どちらも「話がまとまる」でしょう。』,
,完全な同音異義語型,画面越しに遠くの相手と条件を詰めるオンライン商談,相手と意見を交わし合う,そうだん,相談 (意見を交わし合うこと),騒乱 (世の中の騒ぎ),群衆が暴動を起こし、社会が混乱する状況,「画面越しに遠くの相手と条件を詰めるオンライン商談」とかけて、「群衆が暴動を起こし、社会が混乱する状況」と解く。その心は『どちらも「そうだん」でしょう。』,
,多義語型,画面越しに遠くの相手と条件を詰めるオンライン商談,交渉の対象や範囲を限定する,しぼる,絞る (対象や範囲を限定する),絞る (水分を取り除く),掃除の後に濡れた雑巾,「画面越しに遠くの相手と条件を詰めるオンライン商談」とかけて、「掃除の後に濡れた雑巾」と解く。その心は『どちらも「絞る」でしょう。』,
,フレーズ・慣用句型,画面越しに遠くの相手と条件を詰めるオンライン商談,通信状況が良好で、相手に音声が届く,こえがとおる,声が通る (通信状況が良好で声が届く),声が通る (よく響き渡る声),広いホールで響き渡るオペラ歌手の声,「画面越しに遠くの相手と条件を詰めるオンライン商談」とかけて、「広いホールで響き渡るオペラ歌手の声」と解く。その心は『どちらも「声が通る」でしょう。』,
,完全な同音異義語型,画面越しに遠くの相手と条件を詰めるオンライン商談,交渉で提示される事柄,じょうけん,条件 (交渉で提示される事柄),定見 (確固たる意見や見識),どんな議論でも決して意見を曲げない頑固な学者,「画面越しに遠くの相手と条件を詰めるオンライン商談」とかけて、「どんな議論でも決して意見を曲げない頑固な学者」と解く。その心は『どちらも「じょうけん」でしょう。』,
,完全な同音異義語型,契約書にサインをして約束を固める契約締結,約束が固まり、結びつく,けつごう,契約が「結合」する,物質が「結合」する,化学反応,「契約書にサインをして約束を固める契約締結」とかけて、「化学反応」と解く。その心は「どちらも『結合』でしょう。」,
,完全な同音異義語型,契約書にサインをして約束を固める契約締結,書類にサインする、ハンコを押す,ちょういん,書類に「調印」する,楽譜の「長音」,楽譜に書かれた音符,「契約書にサインをして約束を固める契約締結」とかけて、「楽譜に書かれた音符」と解く。その心は「どちらも『調印（長音）』でしょう。」,
,多義語型,契約書にサインをして約束を固める契約締結,条件を取り決める、決定する,さだめる,契約の条件を「定める」,進む道を「定める」,未来を見据えた旅人,「契約書にサインをして約束を固める契約締結」とかけて、「未来を見据えた旅人」と解く。その心は「どちらも『定める』でしょう。」,
,多義語型,契約書にサインをして約束を固める契約締結,関係を結ぶ、約束を成立させる,むすぶ,契約を「結ぶ」,髪の毛を「結ぶ」,長い髪を器用に束ねる人,「契約書にサインをして約束を固める契約締結」とかけて、「長い髪を器用に束ねる人」と解く。その心は「どちらも『結ぶ』でしょう。」,
,フレーズ・慣用句型,契約書にサインをして約束を固める契約締結,合意に達する、意見がまとまる,はなしがまとまる,契約内容について「話がまとまる」,散らかった部屋の「話がまとまる」（片付く）,散らかった部屋の整理整頓,「契約書にサインをして約束を固める契約締結」とかけて、「散らかった部屋の整理整頓」と解く。その心は「どちらも『話がまとまる』でしょう。」,
,フレーズ・慣用句型,契約書にサインをして約束を固める契約締結,書類として残す、証拠を残す,かたちにのこる,契約書が「形に残る」,美術品が「形に残る」,歴史的な美術品,「契約書にサインをして約束を固める契約締結」とかけて、「歴史的な美術品」と解く。その心は「どちらも『形に残る』でしょう。」,
,完全な同音異義語型,製品に欠陥がないか目を光らせる品質管理,細部にわたり問題を発見しようとする状態,しょうてん,焦点を合わせる,商店,賑わいを求める寂れた通り,「製品に欠陥がないか目を光らせる品質管理」とかけて、「賑わいを求める寂れた通り」と解く。その心は「どちらも『しょうてん（焦点/商店）を求めている』でしょう。」,
,多義語型,製品に欠陥がないか目を光らせる品質管理,不良品や基準を満たさないものを除外する動作,はじく,弾く（不良品を弾く）,弾く（弦楽器を弾く）,ギターを趣味にする人,「製品に欠陥がないか目を光らせる品質管理」とかけて、「ギターを趣味にする人」と解く。その心は「どちらも『はじく（弾く）』でしょう。」,
,フレーズ・慣用句型,製品に欠陥がないか目を光らせる品質管理,微細な部分まで注意深く見つめる様子,めをこらす,目を凝らす,目を凝らす,夜空の星を探す天体観測者,「製品に欠陥がないか目を光らせる品質管理」とかけて、「夜空の星を探す天体観測者」と解く。その心は「どちらも『目を凝らす』でしょう。」,
,完全な同音異義語型,製品に欠陥がないか目を光らせる品質管理,問題がないかを確かめる行為,かくにん,確認,課金,ソーシャルゲームに熱中するユーザー,「製品に欠陥がないか目を光らせる品質管理」とかけて、「ソーシャルゲームに熱中するユーザー」と解く。その心は「どちらも『かくにん（確認/課金）が重要』でしょう。」,
,多義語型,製品に欠陥がないか目を光らせる品質管理,数ある中から良いものだけを選び出す動作,えりすぐる,選びすぐる（良品を）,選びすぐる（人材を）,スポーツチームの監督,「製品に欠陥がないか目を光らせる品質管理」とかけて、「スポーツチームの監督」と解く。その心は「どちらも『選びすぐる』でしょう。」,
,フレーズ・慣用句型,製品に欠陥がないか目を光らせる品質管理,注意を怠らず厳しく監視する状態,めをひからせる,目を光らせる,目を光らせる,不審者の侵入を警戒する警備員,「製品に欠陥がないか目を光らせる品質管理」とかけて、「不審者の侵入を警戒する警備員」と解く。その心は「どちらも『目を光らせる』でしょう。」,
,完全な同音異義語型,現場に足を運んで事実を掘り起こす取材,事実を「探る」、情報を「探す」,さがす,探す（情報を探し出す）,捜す（紛失物を捜し求める）,迷子になったペットの飼い主,現場に足を運んで事実を掘り起こす取材とかけて、迷子になったペットの飼い主と解く。その心は「どちらも『さがす』でしょう。」,
,完全な同音異義語型,現場に足を運んで事実を掘り起こす取材,事件の「真相」を究明する,しんそう,真相（事件の真実）,深窓（奥深い部屋、世間から隔絶された場所）,お屋敷にこもりきりの令嬢,現場に足を運んで事実を掘り起こす取材とかけて、お屋敷にこもりきりの令嬢と解く。その心は「どちらも『しんそう』でしょう。」,
,多義語型,現場に足を運んで事実を掘り起こす取材,地面を「掘る」ように、情報を深く「探る」,ほる,掘る（土を掘り起こす、事実を掘る）,彫る（木や石を削って形を作る）,仏像を制作する彫刻家,現場に足を運んで事実を掘り起こす取材とかけて、仏像を制作する彫刻家と解く。その心は「どちらも『ほる』でしょう。」,
,多義語型,現場に足を運んで事実を掘り起こす取材,事件の核心に「いる」、その場に「いる」,いる,いる（その場に存在している、核心にいる）,射る（弓矢を的に当てる）,弓で的を狙う人,現場に足を運んで事実を掘り起こす取材とかけて、弓で的を狙う人と解く。その心は「どちらも『いる』でしょう。」,
,フレーズ・慣用句型,現場に足を運んで事実を掘り起こす取材,問題の深部に「深く入り込む」,ふかくいりこむ,深く入り込む（問題の核心へ）,深く入り込む（泥沼や雪の中へ）,泥にはまって身動きが取れない長靴,現場に足を運んで事実を掘り起こす取材とかけて、泥にはまって身動きが取れない長靴と解く。その心は「どちらも『深く入り込む』でしょう。」,
,フレーズ・慣用句型,現場に足を運んで事実を掘り起こす取材,隠された事実を「表に出す」,おもてにだす,表に出す（隠れた事実を公にする）,表に出す（洗濯物などを外に干す）,洗濯物を庭に干す人,現場に足を運んで事実を掘り起こす取材とかけて、洗濯物を庭に干す人と解く。その心は「どちらも『おもてに出す』でしょう。」,
,完全な同音異義語型,渋滞を防ぐために車の流れを整理する交通規制,交通の流れをコントロールする、状況を判断し指示を出す,さばく,交通を捌く,魚を捌く,魚屋さん,渋滞を防ぐために車の流れを整理する交通規制とかけて、魚屋さんと解く。その心は『どちらも捌くでしょう』。,
,完全な同音異義語型,渋滞を防ぐために車の流れを整理する交通規制,車両の流れを適切に調整する,せいり,交通を整理する,女性の生理現象,女性の身体,渋滞を防ぐために車の流れを整理する交通規制とかけて、女性の身体と解く。その心は『どちらも生理（整理）があるでしょう』。,
,多義語型,渋滞を防ぐために車の流れを整理する交通規制,車の連続的な動き,ながれ,交通の流れ,水の流れ,川や滝,渋滞を防ぐために車の流れを整理する交通規制とかけて、川や滝と解く。その心は『どちらも流れを整える（大切にする）でしょう』。,
,多義語型,渋滞を防ぐために車の流れを整理する交通規制,問題を解消する、困難をクリアにする,かいけつ,渋滞の解決を図る,謎や事件を解決する,名探偵,渋滞を防ぐために車の流れを整理する交通規制とかけて、名探偵と解く。その心は『どちらも解決するでしょう』。,
,フレーズ・慣用句型,渋滞を防ぐために車の流れを整理する交通規制,広範囲に注意を払い監視する,めをくばる,交通状況に目を配る,全体に目を配る,運動会の審判,渋滞を防ぐために車の流れを整理する交通規制とかけて、運動会の審判と解く。その心は『どちらも全体に目を配るでしょう』。,
,フレーズ・慣用句型,渋滞を防ぐために車の流れを整理する交通規制,適切な瞬間を見計らう,たいみんぐをはかる,車の流れるタイミングを計る,絶好のタイミングを計る,プロポーズを考えている恋人,渋滞を防ぐために車の流れを整理する交通規制とかけて、プロポーズを考えている恋人と解く。その心は『どちらもタイミングを計るでしょう』。,
,多義語型,集めた税金を必要な場所に振り分ける財政政策,資金を計画的に割り振り、活用する,さいはい,采配（予算の采配）,采配（指揮すること、物事をうまく処理すること）,オーケストラの指揮者,集めた税金を必要な場所に振り分ける財政政策とかけて、オーケストラの指揮者と解く。その心は『どちらも采配が重要』でしょう。,
,フレーズ・慣用句型,集めた税金を必要な場所に振り分ける財政政策,特定の目的のために資金を割り当てる,よさんをつける,予算を付ける（事業に資金を割り当てる）,予算を付ける（旅行などの費用を見積もる）,海外旅行の計画を立てる人,集めた税金を必要な場所に振り分ける財政政策とかけて、海外旅行の計画を立てる人と解く。その心は『どちらも予算を付ける』でしょう。,
,完全な同音異義語型,集めた税金を必要な場所に振り分ける財政政策,資金を効果的に活用する,うんよう,運用（資金の運用）,運用（システムや機械を動かすこと）,鉄道会社,集めた税金を必要な場所に振り分ける財政政策とかけて、鉄道会社と解く。その心は『どちらも運用が大切』でしょう。,
,多義語型,集めた税金を必要な場所に振り分ける財政政策,配分やバランスを適切に整える,ちょうせい,調整（予算配分の調整）,調整（楽器の音程などを合わせること）,ピアノ調律師,集めた税金を必要な場所に振り分ける財政政策とかけて、ピアノ調律師と解く。その心は『どちらも調整が必要』でしょう。,
,フレーズ・慣用句型,集めた税金を必要な場所に振り分ける財政政策,不必要な支出を削減する,むだをなくす,無駄をなくす（不必要な支出を削減する）,無駄をなくす（部屋を片付け、不要なものを処分する）,大掃除をする人,集めた税金を必要な場所に振り分ける財政政策とかけて、大掃除をする人と解く。その心は『どちらも無駄をなくす』でしょう。,
,完全な同音異義語型,集めた税金を必要な場所に振り分ける財政政策,資金の出どころを見つける、確保する,ざいげん,財源（資金の出どころ）,材源（材料の供給源）,木材を扱う林業者,集めた税金を必要な場所に振り分ける財政政策とかけて、木材を扱う林業者と解く。その心は『どちらも材源（財源）を探す』でしょう。,
,完全な同音異義語型,銀行から事業のためのまとまった資金を借りる融資,事業に資金を投入する,しゅっし,出資,出師,戦場へ向かう将軍,銀行から事業のためのまとまった資金を借りる融資とかけて、戦場へ向かう将軍と解く。その心は「どちらも出資（出師）でしょう。」,
,完全な同音異義語型,銀行から事業のためのまとまった資金を借りる融資,事業資金の提供,ゆうし,融資,雄志,大きな目標を持つ青年,銀行から事業のためのまとまった資金を借りる融資とかけて、大きな目標を持つ青年と解く。その心は「どちらも雄志（融資）でしょう。」,
,多義語型,銀行から事業のためのまとまった資金を借りる融資,資金を供給する,きょうきゅう,供給,供給,水道局,銀行から事業のためのまとまった資金を借りる融資とかけて、水道局と解く。その心は「どちらも供給するでしょう。」,
,多義語型,銀行から事業のためのまとまった資金を借りる融資,資金が循環する,かいてん,回転,回転,寿司職人,銀行から事業のためのまとまった資金を借りる融資とかけて、寿司職人と解く。その心は「どちらも回転が命でしょう。」,
,フレーズ・慣用句型,銀行から事業のためのまとまった資金を借りる融資,事業が発展し始めることを期待する,めがでる,事業に芽が出る,植物の芽が出る,種を蒔いた畑,銀行から事業のためのまとまった資金を借りる融資とかけて、種を蒔いた畑と解く。その心は「どちらも芽が出る（めがでる）ことを期待するでしょう。」,
,フレーズ・慣用句型,銀行から事業のためのまとまった資金を借りる融資,資金を経済活動へ向ける,ながす,資金を流す,涙を流す,感動的な映画を観る観客,銀行から事業のためのまとまった資金を借りる融資とかけて、感動的な映画を観る観客と解く。その心は「どちらも流すでしょう。」,
,完全な同音異義語型,国同士の利害を調整して落とし所を探る外交交渉,意見の対立を解消し、合意点を見つける。議論をまとめる。,まとめ,まとめ（議論をまとめる）,纏め（散らかった髪を束ねること）,散らかった髪を綺麗に束ねる作業,国同士の利害を調整して落とし所を探る外交交渉とかけて、散らかった髪を綺麗に束ねる作業と解く。その心は「どちらも『まとめ』でしょう。」,
,多義語型,国同士の利害を調整して落とし所を探る外交交渉,相手の出方を探る。様々な情報を考慮して判断する。,かんがえる,考える（戦略を練る、判断する）,考える（深く思索する、頭を使う）,哲学者が深く思索する様子,国同士の利害を調整して落とし所を探る外交交渉とかけて、哲学者が深く思索すると解く。その心は「どちらも『考える』でしょう。」,
,フレーズ・慣用句型,国同士の利害を調整して落とし所を探る外交交渉,相手に譲歩を促し、自分の主張を通すために粘り強く交渉する。,いちにちがながい,一日が長い（交渉が難航して時間がかかることの比喩）,一日が長い（退屈で時間が経つのが遅く感じること）,夏休みの宿題を最終日までためてしまった子供,国同士の利害を調整して落とし所を探る外交交渉とかけて、夏休みの宿題を最終日までためてしまった子供と解く。その心は「どちらも『一日が長い』でしょう。」,
,完全な同音異義語型,国同士の利害を調整して落とし所を探る外交交渉,相手との隔たりを埋め、歩み寄る。,すりあわせ,擦り合わせ（意見や利害の調整）,擂り合わせ（すり鉢で胡麻などを擦ること）,料理で胡麻をすり鉢で擂る人,国同士の利害を調整して落とし所を探る外交交渉とかけて、すり鉢で胡麻を擂る料理人と解く。その心は「どちらも『すり合わせ』でしょう。」,
,多義語型,国同士の利害を調整して落とし所を探る外交交渉,結論を出す、ゴールにたどり着く。,けっちゃく,決着（交渉の最終的な結果）,決着（勝負の結末）,運動会の徒競走,国同士の利害を調整して落とし所を探る外交交渉とかけて、運動会の徒競走と解く。その心は「どちらも『決着』でしょう。」,
,フレーズ・慣用句型,国同士の利害を調整して落とし所を探る外交交渉,交渉を成立させるために、相手と合意に至る。,てをうつ,手を打つ（合意する、対策を講じる）,手を打つ（拍手する、相撲の決まり手）,観客が好プレーに拍手喝采する,国同士の利害を調整して落とし所を探る外交交渉とかけて、観客が好プレーに拍手喝采すると解く。その心は「どちらも『手を打つ』でしょう。」,
,完全な同音異義語型,ゴミを分別して再び資源として生かすリサイクル,再び生まれ変わらせる、新しくする,しんせい,新生（新たに生まれ変わること）,申請（願い出て許しを請うこと）,役所に書類を提出する市民,「ゴミを分別して再び資源として生かすリサイクル」とかけて、「役所に書類を提出する市民」と解く。その心は『どちらも「申請（新生）」でしょう。』,
,完全な同音異義語型,ゴミを分別して再び資源として生かすリサイクル,命や資源を救い、役立てる,さいせい,再生（再び生き返らせる）,済生（命を救い、生活を整えること）,困っている人々を助ける病院,「ゴミを分別して再び資源として生かすリサイクル」とかけて、「困っている人々を助ける病院」と解く。その心は『どちらも「済生」でしょう。』,
,多義語型,ゴミを分別して再び資源として生かすリサイクル,ものをもう一度利用可能な状態にする,さいせい,再生（再び生まれ変わらせること）,再生（映像や音源などをもう一度見たり聞いたりすること）,昔のビデオテープを久しぶりに鑑賞する人,「ゴミを分別して再び資源として生かすリサイクル」とかけて、「昔のビデオテープを久しぶりに鑑賞する人」と解く。その心は『どちらも「再生」でしょう。』,
,多義語型,ゴミを分別して再び資源として生かすリサイクル,不要なものを適切に扱う,しょり,処理（不要なものを処分すること）,処理（問題や事態を解決すること）,困難な事態に直面している会社の経営者,「ゴミを分別して再び資源として生かすリサイクル」とかけて、「困難な事態に直面している会社の経営者」と解く。その心は『どちらも「処理」でしょう。』,
,フレーズ・慣用句型,ゴミを分別して再び資源として生かすリサイクル,価値を有効に使う,いかす,生かす（資源を有効活用する）,生かす（才能や持ち味を最大限に発揮させる）,部下の能力を最大限に引き出す上司,「ゴミを分別して再び資源として生かすリサイクル」とかけて、「部下の能力を最大限に引き出す上司」と解く。その心は『どちらも「生かす」でしょう。』,
,フレーズ・慣用句型,ゴミを分別して再び資源として生かすリサイクル,有用なものになる、価値を生む,やくにたつ,役に立つ（資源が有用になる）,役に立つ（社会や人のために貢献する）,地域のためにボランティア活動をする人,「ゴミを分別して再び資源として生かすリサイクル」とかけて、「地域のためにボランティア活動をする人」と解く。その心は『どちらも「役に立つ」でしょう。』,
,完全な同音異義語型,便利にするために古い街並みを壊して建てる再開発,再び開発を行うこと,さい,再,才,才能豊かな落語家,「便利にするために古い街並みを壊して建てる再開発」とかけて、「才能豊かな落語家」と解く。その心は「どちらも『才（再/才）』でしょう。」,
,多義語型,便利にするために古い街並みを壊して建てる再開発,新しいビルや施設を建てる,たてる,建てる,立てる,面目を立てたい失敗した部下を持つ上司,「便利にするために古い街並みを壊して建てる再開発」とかけて、「面目を立てたい失敗した部下を持つ上司」と解く。その心は「どちらも『建てる（面目を立てる）』でしょう。」,
,フレーズ・慣用句型,便利にするために古い街並みを壊して建てる再開発,街が新しく機能的に刷新されること,うまれかわる,生まれ変わる,生まれ変わる,非行から立ち直った不良少年,「便利にするために古い街並みを壊して建てる再開発」とかけて、「非行から立ち直った不良少年」と解く。その心は「どちらも『生まれ変わる』でしょう。」,
,完全な同音異義語型,便利にするために古い街並みを壊して建てる再開発,古い建物を破棄する,はき,破棄,覇気,やる気のない新入社員,「便利にするために古い街並みを壊して建てる再開発」とかけて、「やる気のない新入社員」と解く。その心は「どちらも『覇気（破棄/覇気）』がないでしょう。」,
,多義語型,便利にするために古い街並みを壊して建てる再開発,土地や区画を整理すること,せいり,整理,整理,複雑な問題を抱えた経営者,「便利にするために古い街並みを壊して建てる再開発」とかけて、「複雑な問題を抱えた経営者」と解く。その心は「どちらも『整理』が必要でしょう。」,
,フレーズ・慣用句型,便利にするために古い街並みを壊して建てる再開発,街の未来像や計画を作り出すこと,えがく,描く,描く,新しいキャンバスに向かう風景画家,「便利にするために古い街並みを壊して建てる再開発」とかけて、「新しいキャンバスに向かう風景画家」と解く。その心は「どちらも『描く』でしょう。」,
,完全な同音異義語型,街の安全を守るためにパトカーで回る巡回,街中をパトカーで走る、移動する,そうこう,走行（車が走ること）,奏功（計画などがうまくいくこと）,長年の研究が実を結び大発見に繋がった科学者,街の安全を守るためにパトカーで回る巡回とかけて、長年の研究が実を結び大発見に繋がった科学者と解く。その心は「どちらもそうこう」でしょう。,
,完全な同音異義語型,街の安全を守るためにパトカーで回る巡回,巡回ルートや見回りの行動が進む、広がる,てんかい,展開（状況が進展すること）,転回（方向や向きを変えること）,議論の方向性が大きく変わること,街の安全を守るためにパトカーで回る巡回とかけて、議論の方向性が大きく変わることと解く。その心は「どちらも展開」でしょう。,
,多義語型,街の安全を守るためにパトカーで回る巡回,常に注意を払い、用心する,きをつける,気を付ける（注意する、警戒する）,気を付ける（健康などに配慮する）,健康に気を遣う人,街の安全を守るためにパトカーで回る巡回とかけて、健康に気を遣う人と解く。その心は「どちらも気を付ける」でしょう。,
,多義語型,街の安全を守るためにパトカーで回る巡回,街の安全や秩序を保護する,まもる,守る（安全を保護する）,守る（約束やルールに従う）,約束を必ず守る真面目な人,街の安全を守るためにパトカーで回る巡回とかけて、約束を必ず守る真面目な人と解く。その心は「どちらも守る」でしょう。,
,フレーズ・慣用句型,街の安全を守るためにパトカーで回る巡回,厳しく監視する、注意深く見張る,めをひからせる,目を光らせる（厳しく監視する）,目を光らせる（獲物を狙う、注意深く見張る）,獲物を狙う猛禽類,街の安全を守るためにパトカーで回る巡回とかけて、獲物を狙う猛禽類と解く。その心は「どちらも目を光らせる」でしょう。,
,フレーズ・慣用句型,街の安全を守るためにパトカーで回る巡回,注意を怠ることができない、目を離せない状況,めがはなせない,目が離せない（注意を怠ることができない）,目が離せない（魅了されて見入ってしまう）,テレビで釘付けになるほど面白いドラマ,街の安全を守るためにパトカーで回る巡回とかけて、テレビで釘付けになるほど面白いドラマと解く。その心は「どちらも目が離せない」でしょう。,
,多義語型,証拠を集めて法廷で有罪無罪を争う裁判,事柄に結論が出て、最終的にまとまる,けっちゃくがつく,決着がつく,決着がつく,長引いたビジネス交渉,「証拠を集めて法廷で有罪無罪を争う裁判」とかけて、「長引いたビジネス交渉」と解く。その心は『どちらも「決着がつく」でしょう。』,
,完全な同音異義語型,証拠を集めて法廷で有罪無罪を争う裁判,事実を証明するための材料や根拠,しょうこ,証拠,焼香,故人を偲ぶ葬儀の参列者,「証拠を集めて法廷で有罪無罪を争う裁判」とかけて、「故人を偲ぶ葬儀の参列者」と解く。その心は『どちらも「しょうこ（証拠／焼香）」でしょう。』,
,フレーズ・慣用句型,証拠を集めて法廷で有罪無罪を争う裁判,物事の善悪や優劣、真偽をはっきりさせる,しろくろつける,白黒つける,白黒つける,囲碁の対局,「証拠を集めて法廷で有罪無罪を争う裁判」とかけて、「囲碁の対局」と解く。その心は『どちらも「白黒つける」でしょう。』,
,完全な同音異義語型,証拠を集めて法廷で有罪無罪を争う裁判,罪がないこと,むざい,無罪,無財,全財産を失った人,「証拠を集めて法廷で有罪無罪を争う裁判」とかけて、「全財産を失った人」と解く。その心は『どちらも「むざい（無罪／無財）」でしょう。』,
,多義語型,証拠を集めて法廷で有罪無罪を争う裁判,罪や責任を追及する,とう,問う,問う,学びのために質問を重ねる生徒,「証拠を集めて法廷で有罪無罪を争う裁判」とかけて、「学びのために質問を重ねる生徒」と解く。その心は『どちらも「問う」でしょう。』,
,フレーズ・慣用句型,証拠を集めて法廷で有罪無罪を争う裁判,隠された事実や真実を明らかにすること,しんじつをあきらかにする,真実を明らかにする,真実を明らかにする,複雑な密室事件の捜査,「証拠を集めて法廷で有罪無罪を争う裁判」とかけて、「複雑な密室事件の捜査」と解く。その心は『どちらも「真実を明らかにする」でしょう。』,
,完全な同音異義語型,新しいアイデアでゼロから会社を立ち上げる起業,会社や事業が大きくなること、発展すること。,せいちょう,成長 (会社が成長する),生長 (植物が生長する),鉢植えの植物,「新しいアイデアでゼロから会社を立ち上げる起業」とかけて、「鉢植えの植物」と解く。その心は「どちらも『せいちょう』するでしょう。」,
,完全な同音異義語型,新しいアイデアでゼロから会社を立ち上げる起業,新しい事業として最初に立ち上げること。,しんき,新規 (新規事業),神器 (三種の神器などの、神聖な宝物),日本の神話に登場する神聖な宝物,「新しいアイデアでゼロから会社を立ち上げる起業」とかけて、「日本の神話に登場する神聖な宝物」と解く。その心は「どちらも『しんき』でしょう。」,
,多義語型,新しいアイデアでゼロから会社を立ち上げる起業,計画や組織、事業をゼロから築き上げること。,たてる,立てる (計画や事業を立てる),立てる (旗を立てる、テントを立てる),運動会で準備をする人,「新しいアイデアでゼロから会社を立ち上げる起業」とかけて、「運動会で準備をする人」と解く。その心は「どちらも『立てる』でしょう。」,
,多義語型,新しいアイデアでゼロから会社を立ち上げる起業,会社や事業の基盤、根幹となる部分を構築すること。,どだい,土台 (事業の土台を築く),土台 (家や建物の土台),家を建てる大工さん,「新しいアイデアでゼロから会社を立ち上げる起業」とかけて、「家を建てる大工さん」と解く。その心は「どちらも『土台』でしょう。」,
,フレーズ・慣用句型,新しいアイデアでゼロから会社を立ち上げる起業,事業を進める上で困難や障害に直面すること。,かべにぶつかる,壁にぶつかる (困難に直面する),壁にぶつかる (物理的な壁に衝突する),暗闇を歩く人,「新しいアイデアでゼロから会社を立ち上げる起業」とかけて、「暗闇を歩く人」と解く。その心は「どちらも『壁にぶつかる』でしょう。」,
,フレーズ・慣用句型,新しいアイデアでゼロから会社を立ち上げる起業,事業が計画通りに進み、安定した状態になること。,きどうにのる,軌道に乗る (事業が順調に進む),軌道に乗る (ロケットが予定の進路を飛ぶ),発射されたロケット,「新しいアイデアでゼロから会社を立ち上げる起業」とかけて、「発射されたロケット」と解く。その心は「どちらも『軌道に乗る』でしょう。」,
,完全な同音異義語型,会社の価値を見極めて株を売り買いする投資,将来性を見通す,みこし,見越し,神輿,祭りで大勢の人に担がれるもの,会社の価値を見極めて株を売り買いする投資とかけて、祭りで大勢の人に担がれるものと解く。その心は「どちらも『見越し（神輿）』が必要でしょう。」,
,完全な同音異義語型,会社の価値を見極めて株を売り買いする投資,企業の状況を詳しく調べる,ぶんせき,分析,分責,仕事の責任を役割分担する会議,会社の価値を見極めて株を売り買いする投資とかけて、仕事の責任を役割分担する会議と解く。その心は「どちらも『分析（分責）』が重要でしょう。」,
,多義語型,会社の価値を見極めて株を売り買いする投資,会社の元手となる資金,しほん,資本,歯本,歯周病でグラグラになっている歯,会社の価値を見極めて株を売り買いする投資とかけて、歯周病でグラグラになっている歯と解く。その心は「どちらも『資本（歯本）』が大切でしょう。」,
,多義語型,会社の価値を見極めて株を売り買いする投資,株価が上昇する,あがる,上がる,上がる,舞台の幕が開き、出番を待つ役者,会社の価値を見極めて株を売り買いする投資とかけて、舞台の幕が開き出番を待つ役者と解く。その心は「どちらも『上がる』ことが期待されるでしょう。」,
,フレーズ・慣用句型,会社の価値を見極めて株を売り買いする投資,状況や未来を予測する,さきをよむ,先を読む,先を読む,面白くて続きが気になって仕方ない物語,会社の価値を見極めて株を売り買いする投資とかけて、面白くて続きが気になって仕方ない物語と解く。その心は「どちらも『先を読む』ことが重要でしょう。」,
,フレーズ・慣用句型,会社の価値を見極めて株を売り買いする投資,注意深く観察し判断する,めをこらす,目を凝らす,目を凝らす,暗闇の中で小さな物を見つけようとしている人,会社の価値を見極めて株を売り買いする投資とかけて、暗闇の中で小さな物を見つけようとしている人と解く。その心は「どちらも『目を凝らす』必要があるでしょう。」,
,完全な同音異義語型,会社の行く末を重役たちが決める取締役会,会社の進むべき方向性を「決定」する,けってい,決定（方針を決定する）,結邸（家が完成すること）,新しい家が完成すること,会社の行く末を重役たちが決める取締役会とかけて、新しい家が完成することと解く。その心は『どちらも「けってい（決定/結邸）」』でしょう。,
,多義語型,会社の行く末を重役たちが決める取締役会,経営方針を「固める」,かためる,固める（方針を決定し、揺るぎないものにする）,固める（物理的に土などを硬くする）,庭師が庭の土を整えること,会社の行く末を重役たちが決める取締役会とかけて、庭師が庭の土を整えることと解く。その心は『どちらも「固める」』でしょう。,
,フレーズ・慣用句型,会社の行く末を重役たちが決める取締役会,組織の「舵を取る」,かじをとる,舵を取る（経営の方向性を導く）,舵を取る（船を物理的に操縦する）,荒波を進む船の航海士,会社の行く末を重役たちが決める取締役会とかけて、荒波を進む船の航海士と解く。その心は『どちらも「舵を取る」』でしょう。,
,完全な同音異義語型,会社の行く末を重役たちが決める取締役会,進むべき方向の「指針」を示す,ししん,指針（行動や判断の基準）,磁針（方角を示すコンパスの針）,山の中で道に迷った時に使う道具,会社の行く末を重役たちが決める取締役会とかけて、山の中で道に迷った時に使う道具と解く。その心は『どちらも「ししん（指針/磁針）」』でしょう。,
,多義語型,会社の行く末を重役たちが決める取締役会,会社の未来を「切り開く」,きりひらく,切り開く（新たな道筋や可能性を作る）,切り開く（物理的に道を拓く）,未開のジャングルを進む探検隊,会社の行く末を重役たちが決める取締役会とかけて、未開のジャングルを進む探検隊と解く。その心は『どちらも「切り開く」』でしょう。,
,フレーズ・慣用句型,会社の行く末を重役たちが決める取締役会,会社の将来を「左右する」,さいゆうする,左右する（結果に大きな影響を与える）,左右する（物理的に方向を操作する）,初心者に運転を教える教官,会社の行く末を重役たちが決める取締役会とかけて、初心者に運転を教える教官と解く。その心は『どちらも「左右する」』でしょう。,
,多義語型,世の中の人が何を欲しているかを探り当てるマーケティング,顧客のニーズを掘り起こす,ほりおこす,掘り起こす（ニーズを探し出す）,掘り起こす（地面から何かを出す、埋もれたものを出す）,畑を耕す農家,世の中の人が何を欲しているかを探り当てるマーケティングとかけて、畑を耕す農家と解く。その心は「どちらも掘り起こす」でしょう。,
,完全な同音異義語型,世の中の人が何を欲しているかを探り当てるマーケティング,市場の動向を調査する,ちょうさ,調査（市場の動向などを調べること）,腸査（大腸の検査）,大腸検査を受ける人,世の中の人が何を欲しているかを探り当てるマーケティングとかけて、大腸検査を受ける人と解く。その心は「どちらも腸査（調査）」でしょう。,
,フレーズ・慣用句型,世の中の人が何を欲しているかを探り当てるマーケティング,顧客の心を読む,こころをよむ,心を読む（顧客の心理を理解する）,心を読む（物語の登場人物の気持ちを推測する）,物語の登場人物の気持ちを推測する読書家,世の中の人が何を欲しているかを探り当てるマーケティングとかけて、物語の登場人物の気持ちを推測する読書家と解く。その心は「どちらも心を読む」でしょう。,
,多義語型,世の中の人が何を欲しているかを探り当てるマーケティング,ニーズを見極める,みきわめる,見極める（本質や価値を正確に見抜く）,見極める（物事の終わりや限界を見定める）,人生の終わりを見つめる老人,世の中の人が何を欲しているかを探り当てるマーケティングとかけて、人生の終わりを見つめる老人と解く。その心は「どちらも見極める」でしょう。,
,完全な同音異義語型,世の中の人が何を欲しているかを探り当てるマーケティング,新しい市場を開拓する,かいたく,開拓（新しい市場や需要を発見し、作り出すこと）,開拓（未開の土地を切り開くこと）,荒れ地を耕して田畑にする入植者,世の中の人が何を欲しているかを探り当てるマーケティングとかけて、荒れ地を耕して田畑にする入植者と解く。その心は「どちらも開拓」でしょう。,
,フレーズ・慣用句型,世の中の人が何を欲しているかを探り当てるマーケティング,消費者の動向を探る,どうこうをさぐる,動向を探る（人々の動きや趨勢を調べる）,動向を探る（不審な人物の行動や、事件の真相を探る）,刑事ドラマの探偵,世の中の人が何を欲しているかを探り当てるマーケティングとかけて、刑事ドラマの探偵と解く。その心は「どちらも動向を探る」でしょう。,
,完全な同音異義語型,外国語の壁を越えて意味を正確に橋渡しする通訳,情報を異なる言語間でやりとりし、伝え広める機能,つたえる,伝える（情報や意味を伝達する）,伝う（水や植物が物理的に移動する）,雨水を伝って流れる軒下の水,外国語の壁を越えて意味を正確に橋渡しする通訳とかけて、雨水を伝って流れる軒下の水と解く。その心は「どちらも『伝える』でしょう。」,
,完全な同音異義語型,外国語の壁を越えて意味を正確に橋渡しする通訳,異なる言語や文化の間で「懸け橋」となる存在,かけはし,懸け橋（異なるものを結ぶ役割や存在）,架け橋（物理的に渓谷などに架かる橋）,渓谷に渡された一本の丸太橋,外国語の壁を越えて意味を正確に橋渡しする通訳とかけて、渓谷に渡された一本の丸太橋と解く。その心は「どちらも『かけはし』でしょう。」,
,多義語型,外国語の壁を越えて意味を正確に橋渡しする通訳,状況や聞き手に合わせて最適な言葉や表現を「選ぶ」能力,えらぶ,選ぶ（適切な表現を選定する）,選ぶ（多くの選択肢から一つを選択する）,売り場に並んだ旬の食材を選ぶ料理人,外国語の壁を越えて意味を正確に橋渡しする通訳とかけて、売り場に並んだ旬の食材を選ぶ料理人と解く。その心は「どちらも『（最適なものを）選ぶ』でしょう。」,
,多義語型,外国語の壁を越えて意味を正確に橋渡しする通訳,異なる言語や文化のニュアンスを「合わせる」こと,あわせる,合わせる（内容や状況に適合させる、調和させる）,合わせる（手を合わせる、服を合わせる、時間を合わせる）,パートナーと手拍子を合わせて歌う歌手,外国語の壁を越えて意味を正確に橋渡しする通訳とかけて、パートナーと手拍子を合わせて歌う歌手と解く。その心は「どちらも『合わせる』でしょう。」,
,フレーズ・慣用句型,外国語の壁を越えて意味を正確に橋渡しする通訳,異なる言語間の障壁を「乗り越える」行為,かべをこえる,壁を越える（言語の障壁を克服する）,壁を越える（物理的な障害物を乗り越える）,陸上競技のハードル走選手,外国語の壁を越えて意味を正確に橋渡しする通訳とかけて、陸上競技のハードル走選手と解く。その心は「どちらも『壁を越える』でしょう。」,
,フレーズ・慣用句型,外国語の壁を越えて意味を正確に橋渡しする通訳,異なる言語使用者間の関係を「結びつける」機能,むすびつける,結びつける（関係や意味を接続させる）,結びつける（物理的に紐などで固定する）,荷物を丈夫なロープで結びつける運送業者,外国語の壁を越えて意味を正確に橋渡しする通訳とかけて、荷物を丈夫なロープで結びつける運送業者と解く。その心は「どちらも『結びつける』でしょう。」,
,完全な同音異義語型,会社の弱点を見つけて改善策を処方するコンサルティング,問題点を修正する、不調を改善する,なおす,直す（問題や不備を修正する）,治す（病気や怪我を治療する）,医者,「会社の弱点を見つけて改善策を処方するコンサルティング」とかけて、「医者」と解く。その心は「どちらも『なおす』でしょう。」,
,多義語型,会社の弱点を見つけて改善策を処方するコンサルティング,現状や課題を把握するために詳細な調査を行う,しらべる,調べる（事実や状況を探る）,調べる（楽器の音程を合わせる、音を出す）,楽器を演奏する人,「会社の弱点を見つけて改善策を処方するコンサルティング」とかけて、「楽器を演奏する人」と解く。その心は「どちらも『しらべる』でしょう。」,
,フレーズ・慣用句型,会社の弱点を見つけて改善策を処方するコンサルティング,隠れた問題点や潜在的な課題を明らかにする,あぶりだす,炙り出す（隠れていたものを浮き彫りにする）,炙り出す（火であぶって文字などを浮かび上がらせる）,秘密のメッセージが書かれた手紙,「会社の弱点を見つけて改善策を処方するコンサルティング」とかけて、「秘密のメッセージが書かれた手紙」と解く。その心は「どちらも『あぶりだす』でしょう。」,
,完全な同音異義語型,会社の弱点を見つけて改善策を処方するコンサルティング,解決すべき問題や検討事項を提示する,かだい,課題（解決すべき問題点）,課外（授業時間外の活動）,学校のクラブ活動,「会社の弱点を見つけて改善策を処方するコンサルティング」とかけて、「学校のクラブ活動」と解く。その心は「どちらも『かだい』でしょう。」,
,多義語型,会社の弱点を見つけて改善策を処方するコンサルティング,低迷した状態から再建、回復させる,たてなおす,立て直す（経営状況や状態を改善する）,立て直す（倒れたものを再び起こす）,将棋の駒,「会社の弱点を見つけて改善策を処方するコンサルティング」とかけて、「将棋の駒」と解く。その心は「どちらも『たてなおす』でしょう。」,
,フレーズ・慣用句型,会社の弱点を見つけて改善策を処方するコンサルティング,組織や人に活力を与え、奮起させる,かつをいれる,活を入れる（組織や人に活力を与える）,活を入れる（捕獲した魚を生け簀に入れる）,魚屋さん,「会社の弱点を見つけて改善策を処方するコンサルティング」とかけて、「魚屋さん」と解く。その心は「どちらも『かつをいれる』でしょう。」,
,完全な同音異義語型,不正がないか社内のルール違反に目を光らせる監査,不正や問題点を「見つける」こと,はっけん,発見,発券,映画館のチケット売り場,不正がないか社内のルール違反に目を光らせる監査とかけて、映画館のチケット売り場と解く。その心は『どちらも「はっけん」でしょう。』,
,完全な同音異義語型,不正がないか社内のルール違反に目を光らせる監査,事柄や状況を「調べる」こと,ちょうさ,調査,庁舎,市役所,不正がないか社内のルール違反に目を光らせる監査とかけて、市役所と解く。その心は『どちらも「ちょうさ」でしょう。』,
,多義語型,不正がないか社内のルール違反に目を光らせる監査,問題や欠陥を「探す」行為,あなをさがす,穴を探す,穴を探す,秘密基地の入り口を探す子供,不正がないか社内のルール違反に目を光らせる監査とかけて、秘密基地の入り口を探す子供と解く。その心は『どちらも「穴を探す」でしょう。』,
,多義語型,不正がないか社内のルール違反に目を光らせる監査,規律や組織を「厳しくする」こと,しめる,締める,締める,空手の帯,不正がないか社内のルール違反に目を光らせる監査とかけて、空手の帯と解く。その心は『どちらも「締める」でしょう。』,
,フレーズ・慣用句型,不正がないか社内のルール違反に目を光らせる監査,細部にわたり「監視する」様子,めをひからせる,目を光らせる,目を光らせる,獲物を狙う猫,不正がないか社内のルール違反に目を光らせる監査とかけて、獲物を狙う猫と解く。その心は『どちらも「目を光らせる」でしょう。』,
,フレーズ・慣用句型,不正がないか社内のルール違反に目を光らせる監査,隠れた問題や情報を「表に出す」こと,あらいだす,洗い出す,洗い出す,砂金採りの人,不正がないか社内のルール違反に目を光らせる監査とかけて、砂金採りの人と解く。その心は『どちらも「洗い出す」でしょう。』,
,完全な同音異義語型,いざという時に備えて逃げ道を確かめる避難訓練,避難経路や進むべき方向を見つける,みち,道（逃げ道）,未知（まだ知らないこと）,探検家,いざという時に備えて逃げ道を確かめる避難訓練とかけて、探検家と解く。その心は「どちらも『道』なき『未知』の場所へ向かうことがある」でしょう。,
,多義語型,いざという時に備えて逃げ道を確かめる避難訓練,計画に基づいて行動を起こす、体を動かす,うごかす,動かす（実際に避難経路をたどって体を動かす）,動かす（事業や計画を進行させる、心を揺り動かす）,腕利きの経営者,いざという時に備えて逃げ道を確かめる避難訓練とかけて、腕利きの経営者と解く。その心は「どちらも状況をよく見て、適切に物事を『動かす』でしょう。」,
,フレーズ・慣用句型,いざという時に備えて逃げ道を確かめる避難訓練,命を失うことのないよう、最大限の努力をする,いのちをまもる,命を守る（災害から自身の命を守る）,命を守る（ゲームのキャラクターのライフを守る）,ゲームプレイヤー,いざという時に備えて逃げ道を確かめる避難訓練とかけて、ゲームプレイヤーと解く。その心は「どちらも『命を守る』ことに必死でしょう。」,
,完全な同音異義語型,いざという時に備えて逃げ道を確かめる避難訓練,指示に従う、指示を出す,しじ,指示（避難の指示を出す、指示に従う）,支持（応援、賛成）,政治家,いざという時に備えて逃げ道を確かめる避難訓練とかけて、政治家と解く。その心は「どちらも国民の『支持』を得て、『指示』を出すことがあるでしょう。」,
,多義語型,いざという時に備えて逃げ道を確かめる避難訓練,手順や経路が適切で間違いがない,ただしい,正しい（正しい避難経路や行動）,正しい（解答や言動が正確である）,学校の先生,いざという時に備えて逃げ道を確かめる避難訓練とかけて、学校の先生と解く。その心は「どちらも生徒に『正しい』行動を教えるでしょう。」,
,フレーズ・慣用句型,いざという時に備えて逃げ道を確かめる避難訓練,安全を最優先すること,あんぜんだいいち,安全第一（避難における最優先事項）,安全第一（建設現場などで掲げられるスローガン）,建設現場の作業員,いざという時に備えて逃げ道を確かめる避難訓練とかけて、建設現場の作業員と解く。その心は「どちらも何よりも『安全第一』を心がけているでしょう。」,
,多義語型,コンピュータゲームの腕前をスポーツとして競うeスポーツ,ゲームのキャラクターや状況を思い通りに動かす,あやつる,操る（キャラクターを操る）,操る（航空機や船舶を操縦する）,ベテランのパイロット,コンピュータゲームの腕前をスポーツとして競うeスポーツとかけて、ベテランのパイロットと解く。その心は「どちらも『操る』でしょう。」,
,多義語型,コンピュータゲームの腕前をスポーツとして競うeスポーツ,ゲーム画面や戦況を集中して確認する,みる,見る（状況を見る、画面を見る）,診る（病状を診る、患者を診察する）,熟練した医者,コンピュータゲームの腕前をスポーツとして競うeスポーツとかけて、熟練した医者と解く。その心は「どちらも『診る』でしょう。」,
,フレーズ・慣用句型,コンピュータゲームの腕前をスポーツとして競うeスポーツ,対戦相手の戦略や未来の展開を予測する,さきをよむ,先を読む（戦略の展開を予測する）,先を読む（本の続きを読み進める）,寝る前に読書をする人,コンピュータゲームの腕前をスポーツとして競うeスポーツとかけて、寝る前に読書をする人と解く。その心は「どちらも『先を読む』でしょう。」,
,フレーズ・慣用句型,コンピュータゲームの腕前をスポーツとして競うeスポーツ,スキルを向上させるために反復訓練を行う,れんしゅうをかさねる,練習を重ねる（技術を習得するために訓練する）,練習を重ねる（物理的に物を積み重ねる）,薄い紙で何枚も練習用の絵を描く画家,コンピュータゲームの腕前をスポーツとして競うeスポーツとかけて、薄い紙で何枚も練習用の絵を描く画家と解く。その心は「どちらも『練習を重ねる』でしょう。」,
,完全な同音異義語型,コンピュータゲームの腕前をスポーツとして競うeスポーツ,勝利のための戦術や計画を時間をかけて思考する,ねる,練る（戦略や作戦を練る）,寝る（睡眠をとる）,毎日きちんと睡眠をとる人,コンピュータゲームの腕前をスポーツとして競うeスポーツとかけて、毎日きちんと睡眠をとる人と解く。その心は「どちらも『練る（寝る）』でしょう。」,
,完全な同音異義語型,コンピュータゲームの腕前をスポーツとして競うeスポーツ,対戦相手の弱点や隙を突き、積極的に攻撃を仕掛ける,せめる,攻める（相手を攻撃する）,責める（過ちを追及する、非難する）,失敗した部下を厳しく指導する上司,コンピュータゲームの腕前をスポーツとして競うeスポーツとかけて、失敗した部下を厳しく指導する上司と解く。その心は「どちらも『攻める（責める）』でしょう。」,
,多義語型,教科書が詰まって肩が凝るほど重いランドセル,物理的な重さによる身体への負荷,ふたん,負担（物理的な重さ）,負担（精神的・経済的な重圧）,責任ある立場の人,「教科書が詰まって肩が凝るほど重いランドセル」とかけて、「責任ある立場の人」と解く。その心は「どちらも『負担』を抱えているでしょう。」,
,フレーズ・慣用句型,教科書が詰まって肩が凝るほど重いランドセル,物理的に肩の筋肉が緊張し、だるくなる状態,かたがこる,肩が凝る（身体的な疲労）,肩が凝る（緊張して気詰まりな雰囲気）,初めて目上の人と食事をする時,「教科書が詰まって肩が凝るほど重いランドセル」とかけて、「初めて目上の人と食事をする時」と解く。その心は「どちらも『肩が凝る』でしょう。」,
,完全な同音異義語型,教科書が詰まって肩が凝るほど重いランドセル,中身が物理的に満杯の状態,いっぱい,一杯（物が満ちている状態）,一杯（酒などの飲み物の量を示す単位）,酒好きの店主が注ぐ日本酒,「教科書が詰まって肩が凝るほど重いランドセル」とかけて、「酒好きの店主が注ぐ日本酒」と解く。その心は「どちらも『いっぱい』でしょう。」,
,多義語型,教科書が詰まって肩が凝るほど重いランドセル,物がぎっしり入って余裕がない状態,つまる,詰まる（物理的に物が満杯になる）,詰まる（言葉が出ない、息苦しいなどの状態）,大事な場面で言葉に詰まる人,「教科書が詰まって肩が凝るほど重いランドセル」とかけて、「大事な場面で言葉に詰まる人」と解く。その心は「どちらも『詰まる』でしょう。」,
,フレーズ・慣用句型,教科書が詰まって肩が凝るほど重いランドセル,物理的に物を背中に乗せて運んでいる状態,せおっている,背負っている（物理的に物を担いでいる）,背負っている（責任や義務を負っている）,会社の将来を背負っている社長,「教科書が詰まって肩が凝るほど重いランドセル」とかけて、「会社の将来を背負っている社長」と解く。その心は「どちらも『背負っている』でしょう。」,
,完全な同音異義語型,教科書が詰まって肩が凝るほど重いランドセル,物理的な質量が大きいこと,おもい,重い（物理的な質量が大きい）,想い（心に深く抱いている感情や思考）,遠距離恋愛中の恋人たちの心,「教科書が詰まって肩が凝るほど重いランドセル」とかけて、「遠距離恋愛中の恋人たちの心」と解く。その心は「どちらも『重い（想い）』でしょう。」,
,完全な同音異義語型,祖母が丁寧に編んでくれたチクチクするウールのセーター,肌に物理的な刺激がある感触,しげき,刺激 (肌への刺激),刺激 (新しい行動や思考を促すもの),新しいことに挑戦する人,祖母が丁寧に編んでくれたチクチクするウールのセーターとかけて、新しいことに挑戦する人と解く。その心は『どちらも刺激を与えます』でしょう。,
,完全な同音異義語型,祖母が丁寧に編んでくれたチクチクするウールのセーター,肌に触れることで不快な感触を与える,さわる,触る (肌に触れて感じる),障る (体に害を及ぼす),体に悪いことを続ける人,祖母が丁寧に編んでくれたチクチクするウールのセーターとかけて、体に悪いことを続ける人と解く。その心は『どちらも体に障ります』でしょう。,
,多義語型,祖母が丁寧に編んでくれたチクチクするウールのセーター,糸を組み合わせて一つの具体的な物として完成させる行為,かたちにする,形にする (セーターを編み上げる),形にする (アイデアや計画を実現させる),新しいプロジェクトの企画者,祖母が丁寧に編んでくれたチクチクするウールのセーターとかけて、新しいプロジェクトの企画者と解く。その心は『どちらもアイデアを形にします』でしょう。,
,多義語型,祖母が丁寧に編んでくれたチクチクするウールのセーター,祖母の「手」によって作られたという背景,て,手 (人の身体の一部、作業),手 (将棋や囲碁の指し手、戦略、腕前),将棋の勝負師,祖母が丁寧に編んでくれたチクチクするウールのセーターとかけて、将棋の勝負師と解く。その心は『どちらも手が重要です』でしょう。,
,フレーズ・慣用句型,祖母が丁寧に編んでくれたチクチクするウールのセーター,肌に触れた際の物理的な不快感,はだざわりがわるい,肌触りが悪い (物理的な触感),肌触りが悪い (人との接し方や態度が不快である),口の悪い人,祖母が丁寧に編んでくれたチクチクするウールのセーターとかけて、口の悪い人と解く。その心は『どちらも肌触りが悪いでしょう』。,
,フレーズ・慣用句型,祖母が丁寧に編んでくれたチクチクするウールのセーター,肌に感じる物理的な不快感や痛み,いたみ,痛み (肌への刺激による痛み),痛み (精神的な苦痛、悲しみ),失恋したばかりの人,祖母が丁寧に編んでくれたチクチクするウールのセーターとかけて、失恋したばかりの人と解く。その心は『どちらも胸に痛みを感じるでしょう』。,
,完全な同音異義語型,若者が熱中して目がしょぼしょぼになる携帯ゲーム機,バッテリーがなくなる、集中力が途切れる,きれる,電池が「切れる」 / 集中力が「切れる」,よく「切れる」包丁,よく研がれた包丁,「若者が熱中して目がしょぼしょぼになる携帯ゲーム機」とかけて、「よく研がれた包丁」と解く。その心は「どちらも『切れる』でしょう。」,
,完全な同音異義語型,若者が熱中して目がしょぼしょぼになる携帯ゲーム機,バッテリー残量が減る、電源の供給が必要,じゅうでん,「充電」が必要,「終電」,飲み会の後、慌てて駅へ向かう人,「若者が熱中して目がしょぼしょぼになる携帯ゲーム機」とかけて、「飲み会の後、慌てて駅へ向かう人」と解く。その心は「どちらも『終電（充電）が気になる』でしょう。」,
,多義語型,若者が熱中して目がしょぼしょぼになる携帯ゲーム機,キャラクターのレベルを上げる、スキルを磨く,そだてる,ゲームのキャラクターを「育てる」,植物を「育てる」,丹精込めて盆栽を手入れする老人,「若者が熱中して目がしょぼしょぼになる携帯ゲーム機」とかけて、「丹精込めて盆栽を手入れする老人」と解く。その心は「どちらも『育てる』でしょう。」,
,多義語型,若者が熱中して目がしょぼしょぼになる携帯ゲーム機,画面に映像を表示する、状況を視覚化する,うつしだす,ストーリーを画面に「映し出す」,心情や風景を「映し出す」,心の内をキャンバスに描く画家,「若者が熱中して目がしょぼしょぼになる携帯ゲーム機」とかけて、「心の内をキャンバスに描く画家」と解く。その心は「どちらも『映し出す』でしょう。」,
,フレーズ・慣用句型,若者が熱中して目がしょぼしょぼになる携帯ゲーム機,画面に集中し、他のことが目に入らない,めをうばわれる,ゲームの展開に「目を奪われる」,美しいものに「目を奪われる」,絶景を目の前にした観光客,「若者が熱中して目がしょぼしょぼになる携帯ゲーム機」とかけて、「絶景を目の前にした観光客」と解く。その心は「どちらも『目を奪われる』でしょう。」,
,フレーズ・慣用句型,若者が熱中して目がしょぼしょぼになる携帯ゲーム機,プレイに夢中になり、他の作業ができない,てがはなせない,ゲームに熱中して「手が離せない」,作業中で「手が離せない」,料理の仕込みで忙しいシェフ,「若者が熱中して目がしょぼしょぼになる携帯ゲーム機」とかけて、「料理の仕込みで忙しいシェフ」と解く。その心は「どちらも『手が離せない』でしょう。」,
,完全な同音異義語型,使い込まれて手にしっくり馴染む職人の鉋（かんな）,木材を薄く削る、刃の厚みが薄い,うすい,薄い（厚みが少ない）,淡い（色が薄い）,水彩画の風景,使い込まれて手にしっくり馴染む職人の鉋とかけて、水彩画の風景と解く。その心は『どちらも薄い』でしょう。,
,完全な同音異義語型,使い込まれて手にしっくり馴染む職人の鉋（かんな）,木材の表面を滑らかに整える,ととのえる,整える（状態を良くする）,調える（準備をする）,引っ越しの準備,使い込まれて手にしっくり馴染む職人の鉋とかけて、引っ越しの準備と解く。その心は『どちらもととのえる』でしょう。,
,多義語型,使い込まれて手にしっくり馴染む職人の鉋（かんな）,木材の不要な部分を削る,けずる,削る（木材を削る）,削る（費用や時間を減らす）,会社の経費削減会議,使い込まれて手にしっくり馴染む職人の鉋とかけて、会社の経費削減会議と解く。その心は『どちらも削る』でしょう。,
,多義語型,使い込まれて手にしっくり馴染む職人の鉋（かんな）,職人の手に馴染む、道具を扱う手,て,手（実際に握る身体の部分）,手（将棋の指し手、方法）,将棋の対局,使い込まれて手にしっくり馴染む職人の鉋とかけて、将棋の対局と解く。その心は『どちらも手』でしょう。,
,フレーズ・慣用句型,使い込まれて手にしっくり馴染む職人の鉋（かんな）,刃物の性能、鋭さ,きれあじ,切れ味（刃物の切れ具合）,切れ味（話術や頭の回転の鋭さ）,ベテラン落語家の話術,使い込まれて手にしっくり馴染む職人の鉋とかけて、ベテラン落語家の話術と解く。その心は『どちらも切れ味が命』でしょう。,
,フレーズ・慣用句型,使い込まれて手にしっくり馴染む職人の鉋（かんな）,職人にとってかけがえのない道具、仲間,あいぼう,相棒（道具としての）,相棒（協力し合う仲間）,息の合った漫才コンビ,使い込まれて手にしっくり馴染む職人の鉋とかけて、息の合った漫才コンビと解く。その心は『どちらも最高の相棒』でしょう。,
,完全な同音異義語型,開けた瞬間に芳醇な香りが鼻を抜ける年代物のワイン,瓶の栓を『開ける』行為,あける,開ける,明ける,夜勤明けの従業員,「開けた瞬間に芳醇な香りが鼻を抜ける年代物のワイン」とかけて、「夜勤明けの従業員」と解く。その心は「どちらも『開ける（明ける）』でしょう。」,
,完全な同音異義語型,開けた瞬間に芳醇な香りが鼻を抜ける年代物のワイン,芳醇な『香り』が漂うこと,かおり,香り,かおり,新入社員の「かおり」さん,「開けた瞬間に芳醇な香りが鼻を抜ける年代物のワイン」とかけて、「新入社員の『かおり』さん」と解く。その心は「どちらも『香り（かおり）』でしょう。」,
,多義語型,開けた瞬間に芳醇な香りが鼻を抜ける年代物のワイン,香りが鼻を『抜ける』物理的な現象,ぬける,抜ける（香りが通り抜ける）,抜ける（チームを離れる、責任を免れる）,チームを去り独立するメンバー,「開けた瞬間に芳醇な香りが鼻を抜ける年代物のワイン」とかけて、「チームを去り独立するメンバー」と解く。その心は「どちらも『抜ける』でしょう。」,
,多義語型,開けた瞬間に芳醇な香りが鼻を抜ける年代物のワイン,年代物として味わいが『深まる』こと,ふかまる,深まる（味わいが）,深まる（友情や関係が）,長年の付き合いで絆が「深まった」友人同士,「開けた瞬間に芳醇な香りが鼻を抜ける年代物のワイン」とかけて、「長年の付き合いで絆が『深まった』友人同士」と解く。その心は「どちらも『深まる』でしょう。」,
,フレーズ・慣用句型,開けた瞬間に芳醇な香りが鼻を抜ける年代物のワイン,瓶の栓を『一本抜く』行為,いっぽんとる,一本取る（栓を）,一本取る（勝負に）,柔道の試合で勝利した選手,「開けた瞬間に芳醇な香りが鼻を抜ける年代物のワイン」とかけて、「柔道の試合で勝利した選手」と解く。その心は「どちらも『一本取る』でしょう。」,
,フレーズ・慣用句型,開けた瞬間に芳醇な香りが鼻を抜ける年代物のワイン,香りが強く『存在感を放つ』様子,そんざいかんをはなつ,存在感を放つ（香りが）,存在感を放つ（人が、物が）,発表会で観客を魅了したピアニスト,「開けた瞬間に芳醇な香りが鼻を抜ける年代物のワイン」とかけて、「発表会で観客を魅了したピアニスト」と解く。その心は「どちらも『存在感を放つ』でしょう。」,
,完全な同音異義語型,踏むと足の裏が飛び上がるほど痛い子供のおもちゃのブロック,踏むと足の裏に突き刺さるような鋭い形状をしている,とがる,足の裏に尖る,態度や性格が尖る,思春期の反抗的な子供,「踏むと足の裏が飛び上がるほど痛い子供のおもちゃのブロック」とかけて、「思春期の反抗的な子供」と解く。その心は「どちらも『とがっています』でしょう。」,
,完全な同音異義語型,踏むと足の裏が飛び上がるほど痛い子供のおもちゃのブロック,踏んだ足が衝撃で跳ね上がる,はねる,足が跳ねる,水や魚が跳ねる,活きの良い魚,「踏むと足の裏が飛び上がるほど痛い子供のおもちゃのブロック」とかけて、「活きの良い魚」と解く。その心は「どちらも『はねる』でしょう。」,
,多義語型,踏むと足の裏が飛び上がるほど痛い子供のおもちゃのブロック,物理的に足の裏に強い痛みを感じる,いたい,足が痛い,経済的に痛い（損失、出費など）,予期せぬ大きな出費で困っている人,「踏むと足の裏が飛び上がるほど痛い子供のおもちゃのブロック」とかけて、「予期せぬ大きな出費で困っている人」と解く。その心は「どちらも『痛い』でしょう。」,
,多義語型,踏むと足の裏が飛び上がるほど痛い子供のおもちゃのブロック,小さな部品（部材）で構成されている,パーツ,おもちゃのパーツ,機械の部品、組織の一部,精密機械の部品,「踏むと足の裏が飛び上がるほど痛い子供のおもちゃのブロック」とかけて、「精密機械の部品」と解く。その心は「どちらも『パーツ』でしょう。」,
,フレーズ・慣用句型,踏むと足の裏が飛び上がるほど痛い子供のおもちゃのブロック,衝撃で体が跳び上がる,とびあがる,足が飛び上がる,驚いて飛び上がる、地位が飛び上がる（出世）,突然の昇進が決まった会社員,「踏むと足の裏が飛び上がるほど痛い子供のおもちゃのブロック」とかけて、「突然の昇進が決まった会社員」と解く。その心は「どちらも『飛び上がる』でしょう。」,
,フレーズ・慣用句型,踏むと足の裏が飛び上がるほど痛い子供のおもちゃのブロック,床に散らばっていると歩くのに邪魔になる,じゃまになる,床に散らばって邪魔になる,物事の進行を妨げて邪魔になる,会議で発言ばかりして話を脱線させる人,「踏むと足の裏が飛び上がるほど痛い子供のおもちゃのブロック」とかけて、「会議で発言ばかりして話を脱線させる人」と解く。その心は「どちらも『邪魔になります』でしょう。」,
,完全な同音異義語型,ペン先がカリカリと心地よい音を立てる万年筆,文字を書き記す動作,かく,書く,掻く,痒みに苦しんでいる人,「ペン先がカリカリと心地よい音を立てる万年筆」とかけて、「痒みに苦しんでいる人」と解く。その心は『どちらも「かく」でしょう。』,
,多義語型,ペン先がカリカリと心地よい音を立てる万年筆,紙に文字の痕跡を残す,あとをのこす,跡を残す,功績や歴史に残る,後世に名を残す偉人,「ペン先がカリカリと心地よい音を立てる万年筆」とかけて、「後世に名を残す偉人」と解く。その心は『どちらも「跡を残す」でしょう。』,
,フレーズ・慣用句型,ペン先がカリカリと心地よい音を立てる万年筆,言葉や物語を紡ぎ出す,つむぐ,紡ぐ (文章を),紡ぐ (糸を),美しい織物を作る職人,「ペン先がカリカリと心地よい音を立てる万年筆」とかけて、「美しい織物を作る職人」と解く。その心は『どちらも「紡ぐ」でしょう。』,
,完全な同音異義語型,ペン先がカリカリと心地よい音を立てる万年筆,インクが紙に浸透する,しみる,染みる (インクが紙に),染みる (心に深く感じる),感動的な映画を見た観客,「ペン先がカリカリと心地よい音を立てる万年筆」とかけて、「感動的な映画を見た観客」と解く。その心は『どちらも「染みる」でしょう。』,
,多義語型,ペン先がカリカリと心地よい音を立てる万年筆,文字を紙に深く書きつける,きざむ,刻む (文字を),刻む (時間を、記憶を),正確に時を告げる時計,「ペン先がカリカリと心地よい音を立てる万年筆」とかけて、「正確に時を告げる時計」と解く。その心は『どちらも「刻む」でしょう。』,
,フレーズ・慣用句型,ペン先がカリカリと心地よい音を立てる万年筆,インクがペン先からスムーズに出てくる,ながれでる,流れ出る (インクが),流れ出る (涙や汗が),感情が高まって涙が止まらない人,「ペン先がカリカリと心地よい音を立てる万年筆」とかけて、「感情が高まって涙が止まらない人」と解く。その心は『どちらも「流れ出る」でしょう。』,
,完全な同音異義語型,満員電車で背中に食い込んで痛い他人のビジネスリュック,背中に物理的な苦痛を感じる状態,いたい,痛い（身体に感じる苦痛）,居たい（特定の場所に留まりたいという願望）,大好きな場所から離れたくない子供,満員電車で背中に食い込んで痛い他人のビジネスリュックとかけて、大好きな場所から離れたくない子供と解く。その心は「どちらも『いたい』でしょう。」,
,多義語型,満員電車で背中に食い込んで痛い他人のビジネスリュック,リュックが物理的に背中に深く入り込む状態,くいこむ,食い込む（物理的に深く入り込む）,食い込む（ある領域や競争に深く入り込む、または予算などを圧迫する）,予想外の出費で家計が苦しくなった人,満員電車で背中に食い込んで痛い他人のビジネスリュックとかけて、予想外の出費で家計が苦しくなった人と解く。その心は「どちらも『食い込む』でしょう。」,
,フレーズ・慣用句型,満員電車で背中に食い込んで痛い他人のビジネスリュック,リュックが物理的な障害となり、不快である状態,じゃまになる,邪魔になる（物理的な妨げ、障害となる）,邪魔になる（人や計画の妨げとなる、進行を阻害する）,新しいプロジェクトの進行を妨げる古い慣習,満員電車で背中に食い込んで痛い他人のビジネスリュックとかけて、新しいプロジェクトの進行を妨げる古い慣習と解く。その心は「どちらも『邪魔になる』でしょう。」,
,完全な同音異義語型,満員電車で背中に食い込んで痛い他人のビジネスリュック,リュックが物理的に重量がある状態,おもい,重い（物理的な重量がある）,思い（感情や思考、記憶、責任などが心にのしかかる様子）,抱えきれないほどの悩みや責任を持つ人,満員電車で背中に食い込んで痛い他人のビジネスリュックとかけて、抱えきれないほどの悩みや責任を持つ人と解く。その心は「どちらも『おもい』でしょう。」,
,多義語型,満員電車で背中に食い込んで痛い他人のビジネスリュック,背中が物理的に押し付けられる状態,あっぱく,圧迫（物理的に押し付けられること）,圧迫（精神的、経済的に追い詰めること）,厳しいノルマで精神的に追い詰められている会社員,満員電車で背中に食い込んで痛い他人のビジネスリュックとかけて、厳しいノルマで精神的に追い詰められている会社員と解く。その心は「どちらも『圧迫』でしょう。」,
,フレーズ・慣用句型,満員電車で背中に食い込んで痛い他人のビジネスリュック,リュックの角が物理的に背中に当たる状態,かどがたつ,角が立つ（物理的な物体が突出して当たる）,角が立つ（人間関係において摩擦が生じる、不和になる）,口論の多い夫婦,満員電車で背中に食い込んで痛い他人のビジネスリュックとかけて、口論の多い夫婦と解く。その心は「どちらも『角が立つ』でしょう。」,
,完全な同音異義語型,湯上がりの肌にヒヤッと冷たい化粧水,熱った肌を冷やし、肌のキメを整える,ひきしめる,肌を「引き締める」,手綱を「引き締める」,気を緩めない競馬の騎手,「湯上がりの肌にヒヤッと冷たい化粧水」とかけて、「気を緩めない競馬の騎手」と解く。その心は「どちらも『引き締める』でしょう。」,
,完全な同音異義語型,湯上がりの肌にヒヤッと冷たい化粧水,肌に水分を補給し、乾燥を防ぐ,うるおう,肌が「潤う」,懐が「潤う」,ボーナスをもらった社員,「湯上がりの肌にヒヤッと冷たい化粧水」とかけて、「ボーナスをもらった社員」と解く。その心は「どちらも『潤う』でしょう。」,
,多義語型,湯上がりの肌にヒヤッと冷たい化粧水,熱を持った肌を鎮静化させる,おちつく,肌が「落ち着く」,感情が「落ち着く」,怒っていた人が冷静になる瞬間,「湯上がりの肌にヒヤッと冷たい化粧水」とかけて、「怒っていた人が冷静になる瞬間」と解く。その心は「どちらも『落ち着く』でしょう。」,
,多義語型,湯上がりの肌にヒヤッと冷たい化粧水,成分が肌の奥まで届く,しんとう,肌に「浸透」する,思想が人々に「浸透」する,新しい文化が広がる社会,「湯上がりの肌にヒヤッと冷たい化粧水」とかけて、「新しい文化が広がる社会」と解く。その心は「どちらも『浸透』するでしょう。」,
,フレーズ・慣用句型,湯上がりの肌にヒヤッと冷たい化粧水,熱った肌に快適な刺激を与える,きもちいい,肌に「気持ちいい」,褒められて「気持ちいい」,努力が報われた人,「湯上がりの肌にヒヤッと冷たい化粧水」とかけて、「努力が報われた人」と解く。その心は「どちらも『気持ちいい』でしょう。」,
,フレーズ・慣用句型,湯上がりの肌にヒヤッと冷たい化粧水,火照った感覚を和らげる,ほてりをおさえる,肌の「ほてりを抑える」,議論の「熱気を抑える」,冷静な司会者,「湯上がりの肌にヒヤッと冷たい化粧水」とかけて、「冷静な司会者」と解く。その心は「どちらも『ほてりを抑える』でしょう。」,
,完全な同音異義語型,長年乗り潰してエンジン音がガタガタうるさい軽トラ,部品が緩んで調子が悪い状態,ゆるい,緩い（部品が緩んでいる）,緩い（審査や規律が緩い）,審査基準が甘い採用担当者,長年乗り潰してエンジン音がガタガタうるさい軽トラとかけて、審査基準が甘い採用担当者と解く。その心は「どちらも『緩い』でしょう。」,
,多義語型,長年乗り潰してエンジン音がガタガタうるさい軽トラ,物理的に停止寸前である状態,うごかなくなる,動かなくなる（物理的に停止する）,動かなくなる（機能が停止する）,指示系統が麻痺した会社,長年乗り潰してエンジン音がガタガタうるさい軽トラとかけて、指示系統が麻痺した会社と解く。その心は「どちらも『動かなくなる』でしょう。」,
,フレーズ・慣用句型,長年乗り潰してエンジン音がガタガタうるさい軽トラ,異常な音を立てて苦しんでいるような状態,ひめいをあげている,悲鳴を上げている（エンジンが異常音を発している）,悲鳴を上げている（苦境に助けを求めている）,資金繰りに苦しむ中小企業の社長,長年乗り潰してエンジン音がガタガタうるさい軽トラとかけて、資金繰りに苦しむ中小企業の社長と解く。その心は「どちらも『悲鳴を上げている』でしょう。」,
,完全な同音異義語型,長年乗り潰してエンジン音がガタガタうるさい軽トラ,部品の取り替えが必要な状態,こうかん,交換（部品を取り替える）,好感（良い印象を持つ）,初対面の人とすぐに打ち解けるのが得意な人,長年乗り潰してエンジン音がガタガタうるさい軽トラとかけて、初対面の人とすぐに打ち解けるのが得意な人と解く。その心は「どちらも『こうかん』でしょう。」,
,多義語型,長年乗り潰してエンジン音がガタガタうるさい軽トラ,機械として寿命や性能の極限に達している状態,げんかい,限界（機械の性能や寿命の極限）,限界（精神的・肉体的な極限）,ブラック企業で過労に耐える社員,長年乗り潰してエンジン音がガタガタうるさい軽トラとかけて、ブラック企業で過労に耐える社員と解く。その心は「どちらも『限界』でしょう。」,
,フレーズ・慣用句型,長年乗り潰してエンジン音がガタガタうるさい軽トラ,老朽化で機械の調子が非常に悪くなっている状態,がたがきている,ガタが来ている（機械が老朽化し、不調である）,ガタが来ている（人間関係や組織、体調が悪化している）,不協和音が目立つ老舗バンド,長年乗り潰してエンジン音がガタガタうるさい軽トラとかけて、不協和音が目立つ老舗バンドと解く。その心は「どちらも『ガタが来ている』でしょう。」,
,多義語型,焦げた醤油の匂いが食欲をそそる屋台のたこ焼き器,鉄板が非常に熱い状態であること,あつい,熱い（鉄板が熱い）,厚い（人情に厚い）,人情に厚い親分肌の人物,「焦げた醤油の匂いが食欲をそそる屋台のたこ焼き器」とかけて、「人情に厚い親分肌の人物」と解く。その心は『どちらも「厚い」でしょう。』,
,多義語型,焦げた醤油の匂いが食欲をそそる屋台のたこ焼き器,醤油が熱で焦げる状態,こげる,焦げる（醤油が焦げる）,焦げる（心配や苛立ちで心が焦る）,締め切りに追われるライター,「焦げた醤油の匂いが食欲をそそる屋台のたこ焼き器」とかけて、「締め切りに追われるライター」と解く。その心は『どちらも「焦げる」でしょう。』,
,完全な同音異義語型,焦げた醤油の匂いが食欲をそそる屋台のたこ焼き器,たこ焼きを作るための道具としての「器」,うつわ,器（たこ焼き器の器）,器（人間としての器量や才能）,将来を期待される若手リーダー,「焦げた醤油の匂いが食欲をそそる屋台のたこ焼き器」とかけて、「将来を期待される若手リーダー」と解く。その心は『どちらも「器」でしょう。』,
,完全な同音異義語型,焦げた醤油の匂いが食欲をそそる屋台のたこ焼き器,たこ焼きを焼く際にひっくり「返す」動作,かえす,返す（たこ焼きを返す）,返す（借りたものを返す、恩を返す）,義理堅い友人,「焦げた醤油の匂いが食欲をそそる屋台のたこ焼き器」とかけて、「義理堅い友人」と解く。その心は『どちらも「返す」でしょう。』,
,フレーズ・慣用句型,焦げた醤油の匂いが食欲をそそる屋台のたこ焼き器,熱せられ、焦げた醤油から「煙が立つ」現象,けむりがたつ,煙が立つ（醤油が焦げて煙が立つ）,煙が立つ（激しい議論や思考で頭から煙が立つ）,白熱した会議での論客,「焦げた醤油の匂いが食欲をそそる屋台のたこ焼き器」とかけて、「白熱した会議での論客」と解く。その心は『どちらも「煙が立つ」でしょう。』,
,フレーズ・慣用句型,焦げた醤油の匂いが食欲をそそる屋台のたこ焼き器,たこ焼きの生地を「丸める」ように焼くこと、またはたこ焼きが「丸い」形になること,まるめる,丸める（たこ焼きの形を丸くする）,丸める（問題を丸く収める、話を丸める）,トラブルを解決するベテラン仲裁人,「焦げた醤油の匂いが食欲をそそる屋台のたこ焼き器」とかけて、「トラブルを解決するベテラン仲裁人」と解く。その心は『どちらも「丸める」でしょう。』,
,多義語型,蓋を開けるとむせ返るような白粉の匂いがする古い鏡台,蓋を開けた途端に強い匂いが一面に広がる,たちこめる,立ち込める,立ち込める,満員電車,蓋を開けるとむせ返るような白粉の匂いがする古い鏡台とかけて、満員電車と解く。その心は「どちらも『立ち込める』でしょう。」,
,完全な同音異義語型,蓋を開けるとむせ返るような白粉の匂いがする古い鏡台,古びて色や光沢が失われ、薄暗くなっている,くすむ,褪む,燻む,囲炉裏の残り火,蓋を開けるとむせ返るような白粉の匂いがする古い鏡台とかけて、囲炉裏の残り火と解く。その心は「どちらも『くすむ』でしょう。」,
,フレーズ・慣用句型,蓋を開けるとむせ返るような白粉の匂いがする古い鏡台,物理的に蓋を開けて、中身を見る行為,ふたをあける,蓋を開ける,蓋を開ける,裁判の判決,蓋を開けるとむせ返るような白粉の匂いがする古い鏡台とかけて、裁判の判決と解く。その心は「どちらも『蓋を開ける』までは分からないでしょう。」,
,多義語型,蓋を開けるとむせ返るような白粉の匂いがする古い鏡台,身なりや化粧をきちんと行う場所,ととのえる,整える,整える,運動会の入場行進,蓋を開けるとむせ返るような白粉の匂いがする古い鏡台とかけて、運動会の入場行進と解く。その心は「どちらも『整える』でしょう。」,
,完全な同音異義語型,蓋を開けるとむせ返るような白粉の匂いがする古い鏡台,独特の匂いが、その場や物に付着し続ける,のこる,残る,遺る,世界遺産,蓋を開けるとむせ返るような白粉の匂いがする古い鏡台とかけて、世界遺産と解く。その心は「どちらも『のこる』でしょう。」,
,フレーズ・慣用句型,蓋を開けるとむせ返るような白粉の匂いがする古い鏡台,昔の使用者や時代に思いを巡らせる,おもいをはせる,思いを馳せる,思いを馳せる,遠く離れた人への文通,蓋を開けるとむせ返るような白粉の匂いがする古い鏡台とかけて、遠く離れた人への文通と解く。その心は「どちらも『思いを馳せる』でしょう。」,
,多義語型,握ると手のひらにじんわり汗をかく自動車の革張りステアリング,ステアリングを握ると手のひらに『汗』がにじみ出る物理的な状態,てのひらにあせ,手のひらに汗 (物理的な発汗),手のひらに汗 (緊張や焦りから冷や汗をかく様子),大勢の聴衆の前で初めてプレゼンをする人,握ると手のひらにじんわり汗をかく自動車の革張りステアリングとかけて、大勢の聴衆の前で初めてプレゼンをする人と解く。その心は「どちらも『手のひらに汗』をかくでしょう。」,
,フレーズ・慣用句型,握ると手のひらにじんわり汗をかく自動車の革張りステアリング,汗で手が『滑る』可能性がある状態,てがすべる,手が滑る (物理的に手が滑る),手が滑る (過失でうっかり失敗する、口を滑らす),つい余計なことを口走ってしまった人,握ると手のひらにじんわり汗をかく自動車の革張りステアリングとかけて、つい余計なことを口走ってしまった人と解く。その心は「どちらも『手が滑る』でしょう。」,
,完全な同音異義語型,握ると手のひらにじんわり汗をかく自動車の革張りステアリング,ステアリングを『握る』動作,にぎる,握る (手でしっかりと掴む),握る (寿司を作る動作),ベテランの寿司職人,握ると手のひらにじんわり汗をかく自動車の革張りステアリングとかけて、ベテランの寿司職人と解く。その心は「どちらも『握る』でしょう。」,
,完全な同音異義語型,握ると手のひらにじんわり汗をかく自動車の革張りステアリング,ステアリングを『握る』動作,にぎる,握る (手でしっかりと掴む),握る (権力や主導権を持つ),国の行く末を左右する政治家,握ると手のひらにじんわり汗をかく自動車の革張りステアリングとかけて、国の行く末を左右する政治家と解く。その心は「どちらも『握る』でしょう。」,
,多義語型,握ると手のひらにじんわり汗をかく自動車の革張りステアリング,汗で濡れることで物理的に『滑りやすい』状態,すべりやすい,滑りやすい (物理的に摩擦が少ない),滑りやすい (言い間違いや失敗をしがちなこと),お酒の席でつい余計なことを言ってしまう人,握ると手のひらにじんわり汗をかく自動車の革張りステアリングとかけて、お酒の席でつい余計なことを言ってしまう人と解く。その心は「どちらも『滑りやすい』でしょう。」,
,フレーズ・慣用句型,握ると手のひらにじんわり汗をかく自動車の革張りステアリング,汗によってステアリングが『しっとり』と湿った状態,しっとり,しっとり (汗で湿り気がある様子),しっとり (落ち着いた雰囲気や情緒がある様子),老舗旅館の女将,握ると手のひらにじんわり汗をかく自動車の革張りステアリングとかけて、老舗旅館の女将と解く。その心は「どちらも『しっとり』でしょう。」,
,完全な同音異義語型,刺さる棘,体内に異物が入り込む物理的な状態,ささる,刺さる,支える,建設現場の柱,「刺さる棘」とかけて、「建設現場の柱」と解く。その心は「どちらも『ささる（刺さる/支える）』でしょう。」,
,完全な同音異義語型,刺さる棘,体に異物が残り続ける状態,のこる,残る,遺る,古代遺跡,「刺さる棘」とかけて、「古代遺跡」と解く。その心は「どちらも『のこる（残る/遺る）』でしょう。」,
,多義語型,刺さる棘,物理的な苦痛,いたみ,痛み（物理的な苦痛）,痛み（精神的な苦痛や感動）,人の心を打つ感動的なスピーチ,「刺さる棘」とかけて、「人の心を打つ感動的なスピーチ」と解く。その心は「どちらも『いたみ（痛み）』があるでしょう。」,
,多義語型,刺さる棘,小さいながらも無視できない存在,きにする,気にする（存在を認識し、対処を考える）,気にする（他者の評価や状況を憂慮する）,周囲の評価を気にする思春期の少年,「刺さる棘」とかけて、「周囲の評価を気にする思春期の少年」と解く。その心は「どちらも『気にする』でしょう。」,
,フレーズ・慣用句型,刺さる棘,取り除くのに手間がかかる、厄介なもの,めんどう,面倒（取り除く手間）,面倒（手がかかる世話や仕事）,幼い子供の世話,「刺さる棘」とかけて、「幼い子供の世話」と解く。その心は「どちらも『面倒』なものでしょう。」,
,フレーズ・慣用句型,刺さる棘,注意を払わないと危険な状態,あぶない,危ない（物理的に危険）,危ない（状況が悪化する瀬戸際）,財政難に陥っている企業,「刺さる棘」とかけて、「財政難に陥っている企業」と解く。その心は「どちらも『危ない』でしょう。」,
,完全な同音異義語型,臭い靴,不快な匂いがして、清潔さが求められる状態,せんたく,洗濯,選択,進路に迷う学生,臭い靴とかけて、進路に迷う学生と解く。その心は『どちらも「選択」を迫られるでしょう。』,
,完全な同音異義語型,臭い靴,人が近づきたがらない、避けられる状態,さける,避ける,裂ける,古い布,臭い靴とかけて、古い布と解く。その心は『どちらも「さける」でしょう。』,
,多義語型,臭い靴,匂いが閉じ込められ、外に出にくい状態,こもる,籠もる,籠もる,勉強に集中する受験生,臭い靴とかけて、勉強に集中する受験生と解く。その心は『どちらも「籠もる」でしょう。』,
,多義語型,臭い靴,足に入れる、身に着ける行為,はく,履く,吐く,秘密を打ち明ける人,臭い靴とかけて、秘密を打ち明ける人と解く。その心は『どちらも「はく」でしょう。』,
,フレーズ・慣用句型,臭い靴,不快な匂いが原因で、行動や気持ちの妨げになる状態,あしかせになる,足かせになる,足かせになる,借金苦の経営者,臭い靴とかけて、借金苦の経営者と解く。その心は『どちらも「足かせになる」でしょう。』,
,フレーズ・慣用句型,臭い靴,物理的に周囲の空気を汚す、不快にする,くうきをわるくする,空気を悪くする,空気を悪くする,不適切な発言をする人,臭い靴とかけて、不適切な発言をする人と解く。その心は『どちらも「空気を悪くする」でしょう。』,
,完全な同音異義語型,重い鉄,物理的に強度がある、しっかりと形作られている状態,かたい,堅い,堅い（口が堅い、守りが堅い）,秘密を守る人,重い鉄とかけて、秘密を守る人と解く。その心は『どちらも口が堅い』でしょう。,
,多義語型,重い鉄,物理的に質量が大きい、運ぶのに労力がかかる,おもい,重い,重い（責任が重い、気分が重い）,会社の社長,重い鉄とかけて、会社の社長と解く。その心は『どちらも責任が重い』でしょう。,
,フレーズ・慣用句型,重い鉄,熱し、叩いて形を整え、強度を高める行為,きたえる,鍛える,鍛える（体を鍛える、精神を鍛える）,筋トレに励む人,重い鉄とかけて、筋トレに励む人と解く。その心は『どちらも体を鍛える』でしょう。,
,完全な同音異義語型,重い鉄,金属が酸化して表面に生成されるもの,さび,錆,サビ（歌のサビ）,ヒット曲,重い鉄とかけて、ヒット曲と解く。その心は『どちらもサビが肝心』でしょう。,
,多義語型,重い鉄,熱によって一度融解し、温度が下がると固形に戻る性質,ひえるとかたまる,冷えると固まる,冷える（景気が冷える）、固まる（動きが取れなくなる）,不況の社会,重い鉄とかけて、不況の社会と解く。その心は『どちらも冷えると固まる』でしょう。,
,フレーズ・慣用句型,重い鉄,素材に加工を施して形を整える行為,てをくわえる,手を加える,手を加える（より良くするために修正する）,ベテランの料理人,重い鉄とかけて、ベテランの料理人と解く。その心は『どちらも手を加えて良いものを作る』でしょう。,
,完全な同音異義語型,熱い茶,温度が高く、液体が激しく揺れ動く状態,ふっとう,沸騰,奮闘,試合で接戦を繰り広げるスポーツ選手,熱い茶とかけて、試合で接戦を繰り広げるスポーツ選手と解く。その心は『どちらも沸騰（奮闘）するでしょう』。,
,多義語型,熱い茶,お茶を淹れる動作,たてる,（お茶を）立てる,（計画を）立てる,新しい事業を計画している経営者,熱い茶とかけて、新しい事業を計画している経営者と解く。その心は『どちらも「立てる」ものでしょう』。,
,フレーズ・慣用句型,熱い茶,一杯のお茶を飲む行為,いっぷく,一服（茶を一杯飲むこと）,一服（休憩すること）,仕事の合間に休憩を取るサラリーマン,熱い茶とかけて、仕事の合間に休憩を取るサラリーマンと解く。その心は『どちらも「一服」するでしょう』。,
,完全な同音異義語型,熱い茶,客にお茶を供する行為,だす,（お茶を）出す,騙す,嘘をついて人を欺く詐欺師,熱い茶とかけて、嘘をついて人を欺く詐欺師と解く。その心は『どちらも「出す（騙す）」ことがあるでしょう』。,
,多義語型,熱い茶,舌に感じる独特の味覚,にがい,苦い（味覚）,苦い（精神的な経験）,過去の失敗を反省する経営者,熱い茶とかけて、過去の失敗を反省する経営者と解く。その心は『どちらも「苦い」でしょう』。,
,フレーズ・慣用句型,熱い茶,不用意に触れると火傷する危険性,てをだすとやけど,手を出すと火傷（物理的に熱い）,手を出すと火傷（危険な目に遭う）,怪しい儲け話に乗ろうとする人,熱い茶とかけて、怪しい儲け話に乗ろうとする人と解く。その心は『どちらも「手を出すと火傷する」でしょう』。,
,完全な同音異義語型,冷たい氷菓,形が変化する、固体から液体へ変化する,とける,溶ける,解ける,難しい数学の問題,冷たい氷菓とかけて、難しい数学の問題と解く。その心は「どちらも『とける』でしょう。」,
,完全な同音異義語型,冷たい氷菓,冷たい、体を冷やすもの,ひえひえ,冷え冷え,ヒエヒエ（取引が冷え込む様子）,景気が悪化している経済状況,冷たい氷菓とかけて、景気が悪化している経済状況と解く。その心は「どちらも『ひえひえ』でしょう。」,
,多義語型,冷たい氷菓,甘い味覚,あまい,甘い,甘い（判断や見通しが甘い）,計画がずさんな人,冷たい氷菓とかけて、計画がずさんな人と解く。その心は「どちらも『あまい』でしょう。」,
,多義語型,冷たい氷菓,食べることで涼しくなる、熱を鎮める,ひやす,冷やす,冷やす（頭を冷やす、熱気を冷ます）,熱くなりすぎた議論の場,冷たい氷菓とかけて、熱くなりすぎた議論の場と解く。その心は「どちらも『ひやす』でしょう。」,
,フレーズ・慣用句型,冷たい氷菓,早く食べないと溶けてしまう,はやいものかち,早い者勝ち（溶ける前に食べる）,早い者勝ち（競争で先に手に入れる）,限定商品を購入する客,冷たい氷菓とかけて、限定商品を購入する客と解く。その心は「どちらも『早い者勝ち』でしょう。」,
,フレーズ・慣用句型,冷たい氷菓,口に入れると心地よい、なめらか,くちあたりがいい,口当たりが良い（食感）,口当たりが良い（言葉遣い、態度）,誰からも好かれる営業マン,冷たい氷菓とかけて、誰からも好かれる営業マンと解く。その心は「どちらも『口当たりが良い』でしょう。」,
,完全な同音異義語型,痛い注射,針を刺す、薬液を体内に入れる、対象に働きかける、何かを打ち込む,うつ,打つ (注射を打つ),撃つ (銃を撃つ、獲物を撃つ),猟師,「痛い注射」とかけて、「猟師」と解く。その心は「どちらも『獲物を撃つ（注射を打つ）』でしょう。」,
,完全な同音異義語型,痛い注射,薬が体内に入り、病気に対して効果がある、作用する,きく,効く (薬が効く),菊 (植物の名前),花屋,「痛い注射」とかけて、「花屋」と解く。その心は「どちらも『菊（効く）が重要』でしょう。」,
,多義語型,痛い注射,針が皮膚を貫通する、物理的に通り抜ける,とおる,通る (針が皮膚を通り抜ける),通る (企画や申請が承認される、審査を通る),上司に提出する企画書,「痛い注射」とかけて、「上司に提出する企画書」と解く。その心は「どちらも『すんなり通る（針が通る）のが良い』でしょう。」,
,多義語型,痛い注射,薬液を体内に送り込む、注入する,いれる,入れる (薬液を体内に入れる),入れる (コーヒーや紅茶を淹れる、心を込める),喫茶店のマスター,「痛い注射」とかけて、「喫茶店のマスター」と解く。その心は「どちらも『心を込めて入れている』でしょう。」,
,フレーズ・慣用句型,痛い注射,治療のために必要で、我慢して受ける、回避できない困難,さけてはとおれない,避けては通れない (痛みを伴うが、治療のためには必要不可欠),避けては通れない (直面する問題や課題),会社の経営者,「痛い注射」とかけて、「会社の経営者」と解く。その心は「どちらも『避けては通れない苦渋の決断がある』でしょう。」,
,フレーズ・慣用句型,痛い注射,針を刺されても、痛みは一瞬で終わる,いたみはつかのま,痛みは束の間 (物理的な痛みがすぐに去る),喜びは束の間 (良い状況が短時間で終わる),宝くじの高額当選者,「痛い注射」とかけて、「宝くじの高額当選者」と解く。その心は「どちらも『喜びは束の間（痛みは束の間）』でしょう。」,
,多義語型,苦い薬,不快な味を我慢して飲む,がまん,我慢（不快に耐える）,我慢（欲求を抑える）,欲しいものがあっても節約する人,苦い薬とかけて、欲しいものがあっても節約する人と解く。その心は「どちらも我慢」でしょう。,
,フレーズ・慣用句型,苦い薬,病状が改善する効果がある,ききめがある,効き目がある（効果がある）,効き目がある（影響力や権限がある）,部長の言うことは絶対に通る部署,苦い薬とかけて、部長の言うことは絶対に通る部署と解く。その心は「どちらも効き目がある」でしょう。,
,完全な同音異義語型,苦い薬,口に含んで飲み込む,のみこむ,飲み込む（口の中のものを）,飲み込む（状況や事態を理解する）,複雑なルールを覚える初心者ゲーマー,苦い薬とかけて、複雑なルールを覚える初心者ゲーマーと解く。その心は「どちらも飲み込む」でしょう。,
,多義語型,苦い薬,病気に対して良い影響を与える,からだによい,体に良い（健康に良い）,体に良い（姿勢が良い）,背筋がピンと伸びた老人,苦い薬とかけて、背筋がピンと伸びた老人と解く。その心は「どちらも体に良い」でしょう。,
,フレーズ・慣用句型,苦い薬,飲んだ後に残る不快な味覚,あとあじがわるい,後味が悪い（口に残る味）,後味が悪い（不愉快な印象や気分）,期待外れに終わったデート,苦い薬とかけて、期待外れに終わったデートと解く。その心は「どちらも後味が悪い」でしょう。,
,完全な同音異義語型,苦い薬,病気を治療する機能,なおす,治す（病気を）,直す（間違いや破損を）,採点中の先生,苦い薬とかけて、採点中の先生と解く。その心は「どちらも直す」でしょう。,
,完全な同音異義語型,眩しい鏡,光を反射し、姿を映す,かがみ,鏡,鑑,立派な指導者,眩しい鏡とかけて、立派な指導者と解く。その心は「どちらも鑑（かがみ）でしょう」。,
,完全な同音異義語型,眩しい鏡,強い光を反射し、輝く,ひかり,光,響き,素晴らしい歌声,眩しい鏡とかけて、素晴らしい歌声と解く。その心は「どちらもひかり（光／響き）でしょう」。,
,多義語型,眩しい鏡,姿や形を表面に映し出す,うつす,映す,移す,引越し業者,眩しい鏡とかけて、引越し業者と解く。その心は「どちらも物をうつす（映す／移す）でしょう」。,
,多義語型,眩しい鏡,光り輝く、きらめく,かがやく,輝く,輝く,大会で優勝した選手,眩しい鏡とかけて、大会で優勝した選手と解く。その心は「どちらも輝く（かがやく）でしょう」。,
,フレーズ・慣用句型,眩しい鏡,強い光で目を細めてしまう、見えにくい,めをほそめる,目を細める,目を細める,孫の成長を見守る祖父母,眩しい鏡とかけて、孫の成長を見守る祖父母と解く。その心は「どちらも目を細めるでしょう」。,
,フレーズ・慣用句型,眩しい鏡,強い光で視界が一時的に遮られる、判断が鈍る感覚,めがくらむ,目が眩む,目が眩む,大金に目がくらんだ人,眩しい鏡とかけて、大金に目がくらんだ人と解く。その心は「どちらも目が眩む（めがくらむ）でしょう」。,
,多義語型,ザラつく壁,表面の凹凸に何かが触れると、動きが妨げられる。,ひっかかる,手や服が「引っ掛かる」,罠や誘いに「引っ掛かる」,詐欺に遭いやすい人,ザラつく壁とかけて、詐欺に遭いやすい人と解く。その心は「どちらも『引っ掛かる』でしょう。」,
,完全な同音異義語型,ザラつく壁,表面の微細な粒子が剥がれ落ち、本来の形が崩れる。,くずれる,表面が「屑れる」,計画や体調が「崩れる」,体調を崩した人,ザラつく壁とかけて、体調を崩した人と解く。その心は「どちらも『くずれる』でしょう。」,
,フレーズ・慣用句型,ザラつく壁,表面の摩擦が大きく、物体がスムーズに動かない。,すべりがわるい,物が触れると「滑りが悪い」,交渉や話の「滑りが悪い」,口下手な営業マン,ザラつく壁とかけて、口下手な営業マンと解く。その心は「どちらも『滑りが悪い』でしょう。」,
,多義語型,ザラつく壁,表面が荒れていて、手触りが滑らかでない。,あれる,表面が「荒れる」,肌が「荒れる」,冬場の乾燥肌,ザラつく壁とかけて、冬場の乾燥肌と解く。その心は「どちらも『荒れる』でしょう。」,
,完全な同音異義語型,ザラつく壁,表面の物理的な区画、場所。,めん,壁の「面」,うどんやラーメンなどの「麺」,コシのある麺類,ザラつく壁とかけて、コシのある麺類と解く。その心は「どちらも『めん』でしょう。」,
,フレーズ・慣用句型,ザラつく壁,表面の手入れや掃除に時間や労力がかかる。,てまがかかる,メンテナンスに「手間が掛かる」,育成や解決に「手間が掛かる」,手のかかる子供,ザラつく壁とかけて、手のかかる子供と解く。その心は「どちらも『手間が掛かる』でしょう。」,
,完全な同音異義語型,うるさい鐘,音を立てて広く響き渡る,なりひびく,鳴り響く,成り響く,有名になった芸能人,「うるさい鐘」とかけて、「有名になった芸能人」と解く。その心は「どちらも『鳴り響く（成り響く）』でしょう。」,
,完全な同音異義語型,うるさい鐘,耳障りで心地よくない,ふかい,不快,深海,潜水艦,「うるさい鐘」とかけて、「潜水艦」と解く。その心は「どちらも『不快（深海）』でしょう。」,
,多義語型,うるさい鐘,音が遠くまで届く,とどく,届く,届く,宅配業者,「うるさい鐘」とかけて、「宅配業者」と解く。その心は「どちらも『届く』でしょう。」,
,多義語型,うるさい鐘,音を出す、音を響かせる,ならします,鳴らします,鳴らします,腕のいい料理人,「うるさい鐘」とかけて、「腕のいい料理人」と解く。その心は「どちらも『鳴らします』でしょう。」,
,フレーズ・慣用句型,うるさい鐘,音が不快に感じられる,みみにさわる,耳に障る,耳に障る,悪口を言われた人,「うるさい鐘」とかけて、「悪口を言われた人」と解く。その心は「どちらも『耳に障る』でしょう。」,
,フレーズ・慣用句型,うるさい鐘,一度鳴り出すと簡単には止まらない,なるととまらない,鳴ると止まらない,鳴ると止まらない,駄々をこねる幼児,「うるさい鐘」とかけて、「駄々をこねる幼児」と解く。その心は「どちらも『鳴ると止まらない』でしょう。」,
,多義語型,ぬるい風呂,湯が熱くなく、満足できない感覚,ものたりない,物足りない,物足りない,期待外れの映画,ぬるい風呂とかけて、期待外れの映画と解く。その心は「どちらも物足りない」でしょう。,
,フレーズ・慣用句型,ぬるい風呂,温まらず、かえって冷えてしまう状況,ゆざめする,湯冷めする,気が冷める（気持ちが冷めてしまう）,恋が冷めた人,ぬるい風呂とかけて、恋が冷めた人と解く。その心は「どちらも湯冷めする」でしょう。,
,完全な同音異義語型,ぬるい風呂,温度が低く、活気や刺激がない,ねっきがない,熱気がない,熱気がない（盛り上がりに欠ける）,人気のないイベント会場,ぬるい風呂とかけて、人気のないイベント会場と解く。その心は「どちらも熱気がない」でしょう。,
,多義語型,ぬるい風呂,満足感や刺激がなく、物足りない状態,はりあいがない,張り合いがない,張り合いがない,強いライバルがいないアスリート,ぬるい風呂とかけて、強いライバルがいないアスリートと解く。その心は「どちらも張り合いがない」でしょう。,
,フレーズ・慣用句型,ぬるい風呂,体が温まらず、冷えを感じる,からだがひえる,体が冷える,懐が冷える（お金が減る）,散財しすぎた人,ぬるい風呂とかけて、散財しすぎた人と解く。その心は「どちらも体が冷える」でしょう。,
,完全な同音異義語型,ぬるい風呂,温度が低くて追加で温め直す行為,おいだきする,追い焚きする,追い炊きする（ご飯を再度炊く）,ご飯が足りなくなった家族,ぬるい風呂とかけて、ご飯が足りなくなった家族と解く。その心は「どちらも追い焚きする」でしょう。,
,多義語型,甘い飴,口の中で形がなくなる,とける,溶ける（口の中で固体が液体に変わる）,解ける（問題の答えが見つかる）,難問に取り組む受験生,「甘い飴」とかけて、「難問に取り組む受験生」と解く。その心は「どちらも『とける』でしょう。」,
,フレーズ・慣用句型,甘い飴,甘さで人を引きつける,あまいさそい,甘い誘い（味覚で人を惹きつけること）,甘い誘い（魅力的な言葉で人を誘うこと）,詐欺師の言葉,「甘い飴」とかけて、「詐欺師の言葉」と解く。その心は「どちらも『甘い誘い』でしょう。」,
,完全な同音異義語型,甘い飴,舌で味わう,なめる,舐める（舌で味わう）,嘗める（相手を軽んじる、侮る）,相手を油断している人,「甘い飴」とかけて、「相手を油断している人」と解く。その心は「どちらも『なめる』でしょう。」,
,多義語型,甘い飴,粘り気がある,ねばる,粘る（物理的に粘着性がある）,粘る（根気強く続ける）,困難に直面しても諦めない人,「甘い飴」とかけて、「困難に直面しても諦めない人」と解く。その心は「どちらも『粘る』でしょう。」,
,フレーズ・慣用句型,甘い飴,甘い物を与えて機嫌を取る,おだてる,おだてる（甘い物を与えて機嫌を取る）,おだてる（褒めそやしていい気にさせる）,上司のご機嫌を取る部下,「甘い飴」とかけて、「上司のご機嫌を取る部下」と解く。その心は「どちらも『おだてる』でしょう。」,
,完全な同音異義語型,甘い飴,形が丸い,まるい,丸い（形状が円形である）,丸い（人柄が穏やかで角がない）,人当たりが良い人,「甘い飴」とかけて、「人当たりが良い人」と解く。その心は「どちらも『丸い』でしょう。」,
,完全な同音異義語型,固い煎餅,噛むと欠けたり、砕けたりする,われる,割れる（物理的に砕け散る）,割れる（意見が分かれる、まとまらない）,結論が出ない会議,固い煎餅とかけて、結論が出ない会議と解く。その心は『どちらも意見が割れる』でしょう。,
,完全な同音異義語型,固い煎餅,強く噛むと、文字通り「歯が砕ける」可能性がある,はがくだける,歯が砕ける（物理的に歯が折れる）,歯が砕ける（言葉遣いがくだける、フランクになる）,気心の知れた友人との会話,固い煎餅とかけて、気心の知れた友人との会話と解く。その心は『どちらも歯が砕ける』でしょう。,
,多義語型,固い煎餅,物理的に非常に「硬い」食感である,かたい,固い（物理的な硬度）,堅い（口が堅い、秘密を守る）,どんな秘密も漏らさない人,固い煎餅とかけて、どんな秘密も漏らさない人と解く。その心は『どちらも口が堅い』でしょう。,
,多義語型,固い煎餅,食べるのに時間がかかり、なかなか消費量が「減らない」,へらない,減らない（量が減少しない）,減らない（腕が落ちない、熟練している）,長い経験を持つ職人,固い煎餅とかけて、長い経験を持つ職人と解く。その心は『どちらも腕が減らない』でしょう。,
,フレーズ・慣用句型,固い煎餅,固すぎて、物理的に「歯が立たない」,はがたたない,歯が立たない（物理的に噛み砕けない）,歯が立たない（太刀打ちできない、かなわない）,ベテランの棋士と対局する新人棋士,固い煎餅とかけて、ベテランの棋士と対局する新人棋士と解く。その心は『どちらも歯が立たない』でしょう。,
,フレーズ・慣用句型,固い煎餅,水分が少なく、食べると「口が渇く」,くちがかわく,口が渇く（生理現象として喉が渇く）,口が渇く（緊張や多弁で喉が渇く）,熱い議論を戦わせる弁論家,固い煎餅とかけて、熱い議論を戦わせる弁論家と解く。その心は『どちらも口が渇く』でしょう。,
,完全な同音異義語型,臭い生ゴミ,不快な悪臭を放つ,あくしゅう,悪臭（不快なにおい）,悪習（悪い習慣）,改めるべき社会の古いしきたり,臭い生ゴミとかけて、改めるべき社会の古いしきたりと解く。その心は「どちらも悪習（あくしゅう）でしょう。」,
,多義語型,臭い生ゴミ,腐敗し、使い物にならなくなる,くさる,腐る（物が腐敗する）,腐る（やる気をなくす、能力が活かされない）,閑職に追いやられたベテラン社員,臭い生ゴミとかけて、閑職に追いやられたベテラン社員と解く。その心は「どちらも腐っているでしょう。」,
,フレーズ・慣用句型,臭い生ゴミ,放置すると溜まって不快で仕方がない状態になる,たまったものじゃない,溜まったものじゃない（不快で我慢できない）,たまったものではない（非常に困った状況である）,無理難題ばかり押し付けられる新人社員,臭い生ゴミとかけて、無理難題ばかり押し付けられる新人社員と解く。その心は「どちらもたまったものじゃないでしょう。」,
,完全な同音異義語型,臭い生ゴミ,放置すると容器から汁（しる）が漏れることがある,しる,汁（液体のもの）,知る（物事を認識する）,世の中の動向を常に調べている探偵,臭い生ゴミとかけて、世の中の動向を常に調べている探偵と解く。その心は「どちらも汁（しる）でしょう。」,
,多義語型,臭い生ゴミ,きちんと処分して片付ける必要がある,かたづける,片付ける（ゴミを処理する）,片付ける（問題を解決する）,山積みの仕事を効率よく処理するビジネスパーソン,臭い生ゴミとかけて、山積みの仕事を効率よく処理するビジネスパーソンと解く。その心は「どちらも片付けるでしょう。」,
,フレーズ・慣用句型,臭い生ゴミ,その悪臭が鼻につき、不快に感じる,はなにつく,鼻につく（悪臭が嗅覚を刺激する）,鼻につく（人の言動が気に障る、嫌味に感じる）,いつも自慢話ばかりする同僚,臭い生ゴミとかけて、いつも自慢話ばかりする同僚と解く。その心は「どちらも鼻につくでしょう。」,
,多義語型,眩しいネオン,光が強く、街を明るく飾る,かがやく,輝く（光り輝く）,輝く（才能や業績が素晴らしい）,一流のスポーツ選手,眩しいネオンとかけて、一流のスポーツ選手と解く。その心は「どちらも輝いています」でしょう。,
,フレーズ・慣用句型,眩しいネオン,夜の街を明るくし、目立つ存在,まちをてらす,街を照らす（光で明るくする）,街を照らす（社会貢献や活動で希望を与える）,地域に根差したボランティア団体,眩しいネオンとかけて、地域に根差したボランティア団体と解く。その心は「どちらも街を照らしています」でしょう。,
,完全な同音異義語型,眩しいネオン,色とりどりの光で場所を飾る,いろどり,色取り（色彩、鮮やかさ）,彩り（料理の見た目の美しさ）,腕の良い料理人,眩しいネオンとかけて、腕の良い料理人と解く。その心は「どちらも彩りを与えます」でしょう。,
,多義語型,眩しいネオン,その鮮やかさで人々の目を引きつける,ひとをひきつける,人を引きつける（魅了する）,人を引きつける（魅力や存在感で魅了する）,カリスマ性のあるリーダー,眩しいネオンとかけて、カリスマ性のあるリーダーと解く。その心は「どちらも人を引きつけます」でしょう。,
,フレーズ・慣用句型,眩しいネオン,その光で周囲から注目を集める,めをひく,目を引く（注目を集める）,目を引く（魅力的なデザインや容姿で注目を集める）,ファッションショーのモデル,眩しいネオンとかけて、ファッションショーのモデルと解く。その心は「どちらも目を引きます」でしょう。,
,完全な同音異義語型,眩しいネオン,夜の街に光を放つ,ひかり,光（発光体としての光）,光（栄光、繁栄の象徴）,昔栄えた国,眩しいネオンとかけて、昔栄えた国と解く。その心は「どちらもその時代を光り輝かせました」でしょう。,
,完全な同音異義語型,重い扉,物理的に動かすのに大きな力が必要,おもい,重い（物理的な重量）,想い（感情、心の中の念）,恋する乙女,重い扉とかけて、恋する乙女と解く。その心は「どちらも『想いが重い』でしょう。」,
,完全な同音異義語型,重い扉,頑丈で、容易には開かない、しっかり閉じている,かたい,固い（物理的にしっかり閉じている）,堅い（秘密などを漏らさない様子）,秘密を守る人,重い扉とかけて、秘密を守る人と解く。その心は「どちらも『口が堅い』でしょう。」,
,多義語型,重い扉,物理的に開けるのが困難である,ひらくのがむずかしい,開くのが難しい（物理的な動作）,開くのが難しい（心を開く、物事が進展する）,人間不信な人,重い扉とかけて、人間不信な人と解く。その心は「どちらも『なかなか心を開かない』でしょう。」,
,多義語型,重い扉,物理的な重量があり、動かすのに労力がかかる,せきにんがおもい,重い（物理的な重量感）,重い（精神的な負担、責任の大きさ）,会社の社長,重い扉とかけて、会社の社長と解く。その心は「どちらも『責任が重い』でしょう。」,
,フレーズ・慣用句型,重い扉,力を入れて無理やり開ける必要がある,おしひらく,押し開く（物理的に力を加えて開ける）,押し開く（困難な状況や道を切り開く）,新しい市場を開拓する起業家,重い扉とかけて、新しい市場を開拓する起業家と解く。その心は「どちらも『自らの力で道を押し開く』でしょう。」,
,フレーズ・慣用句型,重い扉,一度閉まるとしっかりと閉まり、開けにくい,かたくしめる,固く閉める（物理的に密閉する）,固く締める（節約するために出費を抑える）,倹約家,重い扉とかけて、倹約家と解く。その心は「どちらも『固く財布の紐を締める』でしょう。」,
,多義語型,鋭い刃,物によく効く、性能が良い,きれあじがいい,切れ味が良い,話の切れ味が良い,落語家,「鋭い刃」とかけて、「落語家」と解く。その心は『どちらも「切れ味が良い」』でしょう。,
,フレーズ・慣用句型,鋭い刃,触ると危険である、取り扱いに気を配る,ちゅういがひつよう,注意が必要,人間関係において注意が必要,思春期の子供,「鋭い刃」とかけて、「思春期の子供」と解く。その心は『どちらも「注意が必要」』でしょう。,
,完全な同音異義語型,鋭い刃,先端が細く尖っている,とがっている,尖っている,態度が尖っている,反抗期の生徒,「鋭い刃」とかけて、「反抗期の生徒」と解く。その心は『どちらも「尖っている」』でしょう。,
,多義語型,鋭い刃,対象を切り分ける、貫く,きりさく,切り裂く,空間を切り裂くような速さ,陸上短距離選手,「鋭い刃」とかけて、「陸上短距離選手」と解く。その心は『どちらも「切り裂く」』でしょう。,
,フレーズ・慣用句型,鋭い刃,手入れしないと機能が落ちる,とがないとなまくらになる,研がないと鈍(なまくら)になる,鍛錬しないと鈍(なまくら)になる,運動を怠るスポーツ選手,「鋭い刃」とかけて、「運動を怠るスポーツ選手」と解く。その心は『どちらも「研がないと鈍(なまくら)になる」』でしょう。,
,完全な同音異義語型,鋭い刃,表面が磨かれ反射する,ひかる,光る,才能が光る,新人のアイデアマン,「鋭い刃」とかけて、「新人のアイデアマン」と解く。その心は『どちらも「光る」』でしょう。,
,多義語型,滑る靴底,摩擦が少なく、目的地へ到達するのが難しい、足元が不安定になる,すべる,滑る（物理的に地面を滑ること）,滑る（試験に落ちる、機会を逃すなどの失敗）,入学試験に落ちた受験生,「滑る靴底」とかけて、「入学試験に落ちた受験生」と解く。その心は『どちらも「滑る」でしょう。』,
,フレーズ・慣用句型,滑る靴底,摩擦が効かない、前に進むのが難しい、バランスを崩す,あしをとられる,足を取られる（物理的に滑ってバランスを崩し、動きがとれない状態）,足を取られる（ある事情に妨げられて身動きが取れなくなること）,借金で身動きが取れない経営者,「滑る靴底」とかけて、「借金で身動きが取れない経営者」と解く。その心は『どちらも「足を取られる」でしょう。』,
,完全な同音異義語型,滑る靴底,バランスを失い、地面に倒れる可能性がある,ころぶ,転ぶ（物理的に倒れる）,転ぶ（状況が急に変わる、形勢が逆転する）,選挙で逆転負けした候補者,「滑る靴底」とかけて、「選挙で逆転負けした候補者」と解く。その心は『どちらも「転ぶ」でしょう。』,
,完全な同音異義語型,滑る靴底,摩擦が効かない、グリップがない,きかない,効かない（摩擦やグリップが機能しない）,聞かない（人の意見や忠告を受け入れない）,親の言うことを聞かない子供,「滑る靴底」とかけて、「親の言うことを聞かない子供」と解く。その心は『どちらも「効かない（聞かない）」でしょう。』,
,フレーズ・慣用句型,滑る靴底,不安定、バランスを失う、しっかり立てない,ちにあしがつかない,地に足がつかない（物理的に不安定で転びそうになる）,地に足がつかない（現実離れしている、浮かれている）,宝くじに当たって浮かれている人,「滑る靴底」とかけて、「宝くじに当たって浮かれている人」と解く。その心は『どちらも「地に足がつかない」でしょう。』,
,多義語型,滑る靴底,安定性が低い、予測不能な動きをする、制御が難しい,ふあんてい,不安定（物理的に状態が定まらないこと）,不安定（精神的に落ち着かない、経済的に不安定な状態）,職を転々としている若者,「滑る靴底」とかけて、「職を転々としている若者」と解く。その心は『どちらも「不安定」でしょう。』,
,完全な同音異義語型,鳴るサイレン,音が出る、周囲に聞こえる、状態が変化する,なる,鳴る,成る,熟成するチーズ,鳴るサイレンとかけて、熟成するチーズと解く。その心は「どちらも【なる】でしょう。」,
,完全な同音異義語型,鳴るサイレン,危険を知らせる、緊急事態,きき,危機,機器,最新の機器を扱うエンジニア,鳴るサイレンとかけて、最新の機器を扱うエンジニアと解く。その心は「どちらも【きき】でしょう。」,
,多義語型,鳴るサイレン,音や動きが停止する,とまる,止まる,泊まる,遠方から来た旅人,鳴るサイレンとかけて、遠方から来た旅人と解く。その心は「どちらも【とまる】でしょう。」,
,多義語型,鳴るサイレン,音が広がる、伝わる,ひびく,響く,響く,感動的な演奏を聴いた聴衆,鳴るサイレンとかけて、感動的な演奏を聴いた聴衆と解く。その心は「どちらも【響く】でしょう。」,
,フレーズ・慣用句型,鳴るサイレン,緊急性があり、無視できない,ひとごとのようにはいられない,人ごとのようにはいられない,人ごとのようにはいられない,困っている友人を前にした親友,鳴るサイレンとかけて、困っている友人を前にした親友と解く。その心は「どちらも【人ごとのようにはいられない】でしょう。」,
,フレーズ・慣用句型,鳴るサイレン,周囲の注意を引く、注目を集める,まわりがちゅうもくする,周りが注目する,周りが注目する,重要なプレゼンテーションを行う発表者,鳴るサイレンとかけて、重要なプレゼンテーションを行う発表者と解く。その心は「どちらも【周りが注目する】でしょう。」,
,完全な同音異義語型,軋む床,ギシギシと音を立てる、摩擦が生じる,きしむ,軋む (音を立てる),軋轢 (人との摩擦),人間関係が悪化したチーム,「軋む床」とかけて、「人間関係が悪化したチーム」と解く。その心は「どちらも『軋む（あつれきがある）』でしょう。」,
,完全な同音異義語型,軋む床,古くなって傷つく、劣化する,いたむ,傷む (劣化する),痛む (身体的に苦痛を感じる),風邪をひいた人,「軋む床」とかけて、「風邪をひいた人」と解く。その心は「どちらも『傷む（痛む）』でしょう。」,
,多義語型,軋む床,音を立てて存在を知らせる、注意を引く,めだつ,目立つ (音を立てて存在が際立つ),目立つ (外見などが人目を引く),ファッションモデル,「軋む床」とかけて、「ファッションモデル」と解く。その心は「どちらも『目立つ』でしょう。」,
,多義語型,軋む床,ぐらぐら動く、安定しない,ゆれる,揺れる (物理的にグラグラする),揺れる (気持ちや意見が定まらない),優柔不断な人,「軋む床」とかけて、「優柔不断な人」と解く。その心は「どちらも『揺れる』でしょう。」,
,フレーズ・慣用句型,軋む床,足を乗せると音が出る,おとをだす,音を出す (物理的に音が生じる),声を出す (意見や気持ちを表明する),普段おとなしい人が、会議で意見を言う時,「軋む床」とかけて、「普段おとなしい人が、会議で意見を言う時」と解く。その心は「どちらも『音（声）を出す』でしょう。」,
,フレーズ・慣用句型,軋む床,修理や補強が必要,てをいれる,手を入れる (修理・補修をする),手を入れる (組織や計画に介入し、改善を図る),経営不振の会社,「軋む床」とかけて、「経営不振の会社」と解く。その心は「どちらも『手を入れる必要がある』でしょう。」,
,完全な同音異義語型,焦げた鍋,焦げがこびりつく状態,こびりつく,焦げがこびりつく,忘れられない過去の記憶がこびりつく,忘れられない過去の失敗,焦げた鍋とかけて、忘れられない過去の失敗と解く。その心は『どちらも「こびりつく」でしょう。』,
,完全な同音異義語型,焦げた鍋,底が真っ黒な状態,そこがくろい,鍋の底が黒い,洞窟の奥の空間が暗い,洞窟の奥,焦げた鍋とかけて、洞窟の奥と解く。その心は『どちらも「底が黒い（暗い）」でしょう。』,
,多義語型,焦げた鍋,焦げを落とすために手入れをする,みがく,鍋を磨く,技術や自分を磨く,プロの職人,焦げた鍋とかけて、プロの職人と解く。その心は『どちらも「磨く」必要があるでしょう。』,
,多義語型,焦げた鍋,調理のために火の上に置く,ひにかける,鍋を火にかける,事件の疑いをかける,事件の容疑者,焦げた鍋とかけて、事件の容疑者と解く。その心は『どちらも「火にかける」ことがあるでしょう。』,
,フレーズ・慣用句型,焦げた鍋,焦げ付いた嫌な匂いがする,いやなにおいがする,焦げた嫌な匂いがする,怪しい状況で嫌な匂いがする,秘密裏に進められる怪しい取引,焦げた鍋とかけて、秘密裏に進められる怪しい取引と解く。その心は『どちらも「嫌な匂いがする」でしょう。』,
,フレーズ・慣用句型,焦げた鍋,焦げを落とすのに手間と時間がかかる,てまがかかる,洗うのに手間がかかる,人材を育てるのに手間がかかる,新入社員の育成,焦げた鍋とかけて、新入社員の育成と解く。その心は『どちらも「手間がかかる」でしょう。』,
,完全な同音異義語型,煙たい蚊取り線香,渦を巻いている形状,まく,巻く（渦状に形作る）,撒く（種や水を散らす）,畑仕事をする農家,煙たい蚊取り線香とかけて、畑仕事をする農家と解く。その心は「どちらも『まく』(巻く/撒く)でしょう。」,
,完全な同音異義語型,煙たい蚊取り線香,燃え尽きてなくなること,きえる,消える（燃焼してなくなる）,消える（姿が見えなくなる）,マジシャンの手品,煙たい蚊取り線香とかけて、マジシャンの手品と解く。その心は「どちらも『きえる』でしょう。」,
,多義語型,煙たい蚊取り線香,煙が目に染みたり、不快に感じること,けむたい,煙たい（煙が目に染みるような不快感）,煙たい（近寄りがたい、気まずい雰囲気）,気難しい上司,煙たい蚊取り線香とかけて、気難しい上司と解く。その心は「どちらも『煙たい』存在でしょう。」,
,多義語型,煙たい蚊取り線香,火がついて燃焼すること,ひがつく,火が付く（燃え始める）,火が付く（話題が広がる、人気が出る、トラブルが発生する）,炎上したネットニュース,煙たい蚊取り線香とかけて、炎上したネットニュースと解く。その心は「どちらも『火が付く』と大変でしょう。」,
,フレーズ・慣用句型,煙たい蚊取り線香,蚊を近づかせない機能,むしをよせつけない,虫を寄せ付けない（物理的に蚊を遠ざける）,虫を寄せ付けない（嫌な人やものを近づけない）,気難しい職人,煙たい蚊取り線香とかけて、気難しい職人と解く。その心は「どちらも『虫を寄せ付けない』でしょう。」,
,フレーズ・慣用句型,煙たい蚊取り線香,煙で蚊を惑わせる様子,けむにまく,煙に巻く（煙で相手の視界を遮る）,煙に巻く（言葉巧みにはぐらかす）,口達者な詐欺師,煙たい蚊取り線香とかけて、口達者な詐欺師と解く。その心は「どちらも『煙に巻く』でしょう。」,
,完全な同音異義語型,冷える便座,体温より低く、温度が足りない状態,ひえる,冷える（温度が低くなる）,怯える（恐怖で震えおののく）,夜の森で一人になった子供,「冷える便座」とかけて、「夜の森で一人になった子供」と解く。その心は「どちらも『ひえる』でしょう。」,
,完全な同音異義語型,冷える便座,温度が低く、快適ではない感触,つめたい,冷たい（温度が低い）,積めたい（積み重ねて満たしたい）,山積みの荷物をトラックに積む運送業者,「冷える便座」とかけて、「山積みの荷物をトラックに積む運送業者」と解く。その心は「どちらも『つめたい』でしょう。」,
,多義語型,冷える便座,肌に冷たさが広がる感覚,しみる,染みる（冷たさが体に染み渡る）,染みる（液体が浸透する、感動が心に染み渡る）,墨が半紙に広がる様子,「冷える便座」とかけて、「墨が半紙に広がる様子」と解く。その心は「どちらも『しみる』でしょう。」,
,多義語型,冷える便座,座ると感じる不快な寒さ,さむい,寒い（気温が低い、冷たさを感じる）,寒い（冗談などが面白くない、場がしらける）,スベりまくって会場を凍りつかせたお笑い芸人,「冷える便座」とかけて、「スベりまくって会場を凍りつかせたお笑い芸人」と解く。その心は「どちらも『さむい』でしょう。」,
,フレーズ・慣用句型,冷える便座,冷たいため座るのをためらう,だれもすわりたがらない,誰も座りたがらない（物理的に冷たいので）,誰も座りたがらない（責任や面倒を避けたい状況）,会社の厄介なプロジェクトリーダーの椅子,「冷える便座」とかけて、「会社の厄介なプロジェクトリーダーの椅子」と解く。その心は「どちらも『誰も座りたがらない』でしょう。」,
,フレーズ・慣用句型,冷える便座,お尻が物理的に冷たくなる,おしりがひえる,お尻が冷える（物理的な体感）,お尻が冷える（慣用句で、肝を冷やす、恐怖を感じる）,事故寸前の場面に遭遇した人,「冷える便座」とかけて、「事故寸前の場面に遭遇した人」と解く。その心は「どちらも『お尻が冷える』でしょう。」,
,多義語型,チクチクする毛布,肌に刺激を与える、触れると不快,さわる,肌を「触る」と不快,物事に「触る」（関わる、影響を与える）,触れられたくない秘密を持つ人,チクチクする毛布とかけて、触れられたくない秘密を持つ人と解く。その心は「どちらも『触ると厄介』でしょう。」,
,フレーズ・慣用句型,チクチクする毛布,肌に刺激がある、不快感を与える,はだにあわない,物理的に「肌に合わない」,環境や人間関係が「肌に合わない」,転勤先の職場の人間関係,チクチクする毛布とかけて、転勤先の職場の人間関係と解く。その心は「どちらも『肌に合わないと辛い』でしょう。」,
,完全な同音異義語型,チクチクする毛布,繊維が尖っている、刺激がある,はり,繊維が「針」のように感じる,時計の「針」や縫い物の「針」,古時計の修理職人,チクチクする毛布とかけて、古時計の修理職人と解く。その心は「どちらも『針が気になる』でしょう。」,
,多義語型,チクチクする毛布,肌に刺激がある、とげとげしい感触,とげがある,物理的に「とげがある」,言葉に「とげがある」（辛辣な表現）,口の悪い評論家,チクチクする毛布とかけて、口の悪い評論家と解く。その心は「どちらも『とげがある』でしょう。」,
,フレーズ・慣用句型,チクチクする毛布,体にまとわりつく、不快に感じる,からまる,体に「絡まる」と不快,物事が複雑に「絡まる」,複数の犯罪が関連した未解決事件,チクチクする毛布とかけて、複数の犯罪が関連した未解決事件と解く。その心は「どちらも『絡まるとややこしい』でしょう。」,
,完全な同音異義語型,チクチクする毛布,肌触りが粗い、ざらざらしている,あらい,肌触りが「粗い」,海が「荒い」、性格が「荒い」,漁師の仕事,チクチクする毛布とかけて、漁師の仕事と解く。その心は「どちらも『荒いと困る』でしょう。」,
,完全な同音異義語型,痛い角,ぶつかると怪我をして身体が痛む,いたむ,痛む（身体に苦痛を感じる）,傷む（食べ物などが腐敗する）,冷蔵庫に入れ忘れた野菜,痛い角とかけて、冷蔵庫に入れ忘れた野菜と解く。その心は『どちらも「痛む」でしょう。』,
,完全な同音異義語型,痛い角,物理的に突き出た「角（つの）」が邪魔で痛みを伴う,つのる,角（つの）（突き出た部分）,募る（感情や募集などが強まる、集まる）,寄付を募る団体,痛い角とかけて、寄付を募る団体と解く。その心は『どちらも「つのる」でしょう。』,
,多義語型,痛い角,物理的に鋭く、先が尖っている,とがる,尖る（物理的に鋭角になっている）,尖る（神経質になる、感情が鋭敏になる）,機嫌の悪い人,痛い角とかけて、機嫌の悪い人と解く。その心は『どちらも「尖る」でしょう。』,
,多義語型,痛い角,ぶつからないように物理的に避ける,さける,避ける（物理的な接触を回避する）,避ける（困難や責任から逃れる）,厄介な仕事から逃げる社員,痛い角とかけて、厄介な仕事から逃げる社員と解く。その心は『どちらも「避ける」でしょう。』,
,フレーズ・慣用句型,痛い角,物にぶつかると、物理的に鋭い箇所で「角が立つ」,かどがたつ,角が立つ（物理的に尖った部分が突き出る）,角が立つ（人間関係が悪化する、揉め事が起きる）,意見の合わない人たちの話し合い,痛い角とかけて、意見の合わない人たちの話し合いと解く。その心は『どちらも「角が立つ」でしょう。』,
,フレーズ・慣用句型,痛い角,ぶつかると物理的に「痛い目を見る」,いたいためをみる,痛い目を見る（物理的な痛みや怪我を経験する）,痛い目を見る（失敗や損失、ひどい経験をする）,無計画な事業に手を出した経営者,痛い角とかけて、無計画な事業に手を出した経営者と解く。その心は『どちらも「痛い目を見る」でしょう。』,
,完全な同音異義語型,回るコマ,回転が止まると機能しなくなる,とまる,回転が「止まる」,宿に「泊まる」,旅の途中の人,「回るコマ」とかけて、「旅の途中の人」と解く。その心は「どちらも『とまる』でしょう。」,
,完全な同音異義語型,回るコマ,紐を引っ張って回転させる,いと,巻きつける「糸」,物事の「意図」,計画を立てる人,「回るコマ」とかけて、「計画を立てる人」と解く。その心は「どちらも『いと』があるでしょう。」,
,多義語型,回るコマ,絶えず回転し続けている,まわる,物体が「回る」,仕事が「回る」,忙しい職場,「回るコマ」とかけて、「忙しい職場」と解く。その心は「どちらも『仕事が回る』でしょう。」,
,多義語型,回るコマ,勢いがなくなると直立を保てず崩れる,たおれる,コマが「倒れる」,会社が「倒れる」,経営不振の企業,「回るコマ」とかけて、「経営不振の企業」と解く。その心は「どちらも『たおれる』でしょう。」,
,フレーズ・慣用句型,回るコマ,回転している間は常に動き続けている,やすむまがない,動き続けて「休む間がない」,多忙で「休む間がない」,働きづめのビジネスパーソン,「回るコマ」とかけて、「働きづめのビジネスパーソン」と解く。その心は「どちらも『休む間がない』でしょう。」,
,フレーズ・慣用句型,回るコマ,紐を引いて回転を始める,いとをひく,実際に「糸を引く」,裏で操作する「糸を引く」,事件の黒幕,「回るコマ」とかけて、「事件の黒幕」と解く。その心は「どちらも『糸を引く』でしょう。」,
,多義語型,走る車,目的地で停止する,とまる,止まる（停止する）,泊まる（宿泊する）,旅行者,走る車とかけて、旅行者と解く。その心は「どちらも『とまる』でしょう。」,
,多義語型,走る車,前へ進んでいく,すすむ,進む（前へ行く）,進む（昇進する）,新入社員,走る車とかけて、新入社員と解く。その心は「どちらも『進む』でしょう。」,
,フレーズ・慣用句型,走る車,他車に優先して道を譲る,みちをゆずる,道を譲る（進路を空ける）,道を譲る（権利や地位を譲る）,世代交代を控えた経営者,走る車とかけて、世代交代を控えた経営者と解く。その心は「どちらも『道を譲る』でしょう。」,
,フレーズ・慣用句型,走る車,運転時に操縦するためのハンドルを持つ,ハンドルをにぎる,ハンドルを握る（運転操作をする）,ハンドルを握る（主導権を握る）,政治家,走る車とかけて、政治家と解く。その心は「どちらも『ハンドルを握る』でしょう。」,
,完全な同音異義語型,走る車,バックして後ろへ進むことがある,こうたい,後退（バックすること）,交代（役割を代わること）,プロ野球のピッチャー,走る車とかけて、プロ野球のピッチャーと解く。その心は「どちらも『こうたい（後退/交代）がある』でしょう。」,
,完全な同音異義語型,走る車,エンジンが動き出す,しどう,始動（動き始めること）,指導（教え導くこと）,新人研修の講師,走る車とかけて、新人研修の講師と解く。その心は「どちらも『しどう（始動/指導）が肝心』でしょう。」,
,完全な同音異義語型,飛ぶ飛行機,空中で到達する高さ,こうど,高度（空中での高さ）,耕土（畑の土）,農家が丹精込めて育てる畑,飛ぶ飛行機とかけて、農家が丹精込めて育てる畑と解く。その心は「どちらも『耕土（高度）』が大切でしょう。」,
,完全な同音異義語型,飛ぶ飛行機,空港から離れること,しゅっぱつ,出発（目的地へ向けて飛び立つこと）,出版（本などを世に出すこと）,新人作家が書き上げた力作,飛ぶ飛行機とかけて、新人作家が書き上げた力作と解く。その心は「どちらも『出版（出発）』を心待ちにするでしょう。」,
,多義語型,飛ぶ飛行機,飛行の計画や経路,コース,コース（飛行経路）,コース（料理の献立）,高級レストランの特別ディナー,飛ぶ飛行機とかけて、高級レストランの特別ディナーと解く。その心は「どちらも『コース』があるでしょう。」,
,多義語型,飛ぶ飛行機,進行方向を変えること,へんこう,変更（飛行ルートや着陸地の変更）,変更（計画や予定の変更）,急な状況変化で計画を練り直すプロジェクトチーム,飛ぶ飛行機とかけて、急な状況変化で計画を練り直すプロジェクトチームと解く。その心は「どちらも『変更』が必要となるでしょう。」,
,フレーズ・慣用句型,飛ぶ飛行機,陸から離れて飛び立つこと,りりくする,離陸する（地面から離れて空へ飛び立つ）,離陸する（比喩的に、物事が本格的に動き出すこと）,長い準備期間を経てようやくスタートする新事業,飛ぶ飛行機とかけて、長い準備期間を経てようやくスタートする新事業と解く。その心は「どちらもこれから『離陸する』ところでしょう。」,
,フレーズ・慣用句型,飛ぶ飛行機,高所を飛び続ける様子,くうをまう,空を舞う（空中で優雅に飛んでいる）,空を舞う（紙吹雪や桜の花びらが空中に舞い上がる）,お祭りのフィナーレを彩る紙吹雪,飛ぶ飛行機とかけて、お祭りのフィナーレを彩る紙吹雪と解く。その心は「どちらも『空を舞う』でしょう。」,
,多義語型,映るテレビ,映像が画面に表示される機能,うつる,映る（映像が画面に出る）,移る（部署や場所が変わる）,転勤する社員,映るテレビとかけて、転勤する社員と解く。その心は「どちらも『うつる』でしょう。」,
,完全な同音異義語型,映るテレビ,電波や信号を受け取る機能,じゅしん,受信（電波などを受け取ること）,受診（診察を受けること）,健康診断に行く人,映るテレビとかけて、健康診断に行く人と解く。その心は「どちらも『じゅしん』でしょう。」,
,フレーズ・慣用句型,映るテレビ,ニュースや情報が展開される様子,ながれる,ニュースが流れる（情報が放送される）,川が流れる（水が移動する）,清流,映るテレビとかけて、清流と解く。その心は「どちらも『ながれる』でしょう。」,
,多義語型,映るテレビ,見たい番組を選ぶ行為,あわせる,チャンネルを合わせる（番組を選択する）,力を合わせる（協力する）,協力して仕事をするチーム,映るテレビとかけて、協力して仕事をするチームと解く。その心は「どちらも『あわせる』でしょう。」,
,完全な同音異義語型,映るテレビ,番組の内容を説明する機能,かいせつ,解説（内容を説明すること）,開設（施設などを新しく作ること）,新しいお店をオープンする人,映るテレビとかけて、新しいお店をオープンする人と解く。その心は「どちらも『かいせつ』でしょう。」,
,フレーズ・慣用句型,映るテレビ,情報やメッセージを届ける機能,じょうほうをつたえる,情報を伝える（ニュースを届ける）,伝統を伝える（文化を継承する）,伝統工芸の職人,映るテレビとかけて、伝統工芸の職人と解く。その心は「どちらも『情報を伝える』でしょう。」,
,完全な同音異義語型,鳴る電話,音が聞こえる、音を発する、注意を引く,なる,鳴る,成る,料理が完成する直前の鍋,鳴る電話とかけて、料理が完成する直前の鍋と解く。その心は「どちらも『成る（鳴る）』でしょう。」,
,完全な同音異義語型,鳴る電話,相手から呼び出される、応答を待つ、音で知らせる,こえがかかる,声がかかる,雇用が掛かる,仕事を探している人,鳴る電話とかけて、仕事を探している人と解く。その心は「どちらも『声がかかる（雇用が掛かる）』でしょう。」,
,多義語型,鳴る電話,着信がある、連絡が来る、呼び出し,よびだし,呼び出し,呼び出し,職員室に呼ばれた生徒,鳴る電話とかけて、職員室に呼ばれた生徒と解く。その心は「どちらも『呼び出し』でしょう。」,
,多義語型,鳴る電話,用事がある、何かが始まる、緊急性,かかり,掛かり,係,クラスの学級委員,鳴る電話とかけて、クラスの学級委員と解く。その心は「どちらも『係（かかり）』でしょう。」,
,フレーズ・慣用句型,鳴る電話,待機している、誰かからの連絡を待つ状態,でるのをまつ,出るのを待つ,出るのを待つ,舞台袖で出番を待つ役者,鳴る電話とかけて、舞台袖で出番を待つ役者と解く。その心は「どちらも『出るのを待つ』でしょう。」,
,フレーズ・慣用句型,鳴る電話,緊急性がある、すぐに反応する必要がある,きゅうをようする,急を要する,急を要する,大至急で進めなければならないプロジェクト,鳴る電話とかけて、大至急で進めなければならないプロジェクトと解く。その心は「どちらも『急を要する』でしょう。」,
,完全な同音異義語型,沸くポット,湯がぐつぐつと煮え立つ状態,ふっとう,沸騰,奮闘,困難な状況で粘り強く頑張るスポーツ選手,「沸くポット」とかけて、「困難な状況で粘り強く頑張るスポーツ選手」と解く。その心は「どちらも『奮闘（沸騰/奮闘）』でしょう。」,
,完全な同音異義語型,沸くポット,液体が気体になり姿を消す,じょうはつ,蒸発,蒸発,突然いなくなったペット,「沸くポット」とかけて、「突然いなくなったペット」と解く。その心は「どちらも『蒸発（蒸発/蒸発）』でしょう。」,
,多義語型,沸くポット,湯気が上に立ち上る,あがる,上がる,上がる,昇進したばかりの会社員,「沸くポット」とかけて、「昇進したばかりの会社員」と解く。その心は「どちらも『上がった（湯気が上がる/地位が上がる）』でしょう。」,
,多義語型,沸くポット,湯の温度が高い,あつい,熱い,熱い,情熱的に指導するベテラン教師,「沸くポット」とかけて、「情熱的に指導するベテラン教師」と解く。その心は「どちらも『熱い（湯が熱い/情熱が熱い）』でしょう。」,
,フレーズ・慣用句型,沸くポット,沸騰に向かって温度上昇の勢いが増す,いきおいがつく,勢いがつく,勢いがつく,開店直後から客足が伸びている人気店,「沸くポット」とかけて、「開店直後から客足が伸びている人気店」と解く。その心は「どちらも『勢いがつく』でしょう。」,
,フレーズ・慣用句型,沸くポット,お湯が対流によって激しく循環する様子,なかがぐるぐるまわる,中がぐるぐる回る,中がぐるぐる回る,難問に直面して思考が混乱している研究者,「沸くポット」とかけて、「難問に直面して思考が混乱している研究者」と解く。その心は「どちらも『中がぐるぐる回る』でしょう。」,
,多義語型,止まる時計,物理的に時を刻まず、動かない状態,うごかない,動かない (物理的に停止している状態),動かない (意見や態度が変わらない状態),頑固な人,「止まる時計」とかけて、「頑固な人」と解く。その心は「どちらも『動かない』でしょう。」,
,フレーズ・慣用句型,止まる時計,時間が進まず、時が経過しない状態,ときがとまる,時が止まる (物理的に時間が進まない),時が止まる (感動や驚きで時間の経過を忘れる),美しい景色に感動している旅行者,「止まる時計」とかけて、「美しい景色に感動している旅行者」と解く。その心は「どちらも『時が止まる』でしょう。」,
,完全な同音異義語型,止まる時計,針がその位置で動かずに停止している状態,はりがとまる,針が止まる (時計の針が動かない),針が止まる (裁縫で使う針が、作業の途中で固定される),裁縫中の人,「止まる時計」とかけて、「裁縫中の人」と解く。その心は「どちらも『針が止まる』でしょう。」,
,多義語型,止まる時計,時間を知らせるという本来の機能が果たせない状態,やくにたたない,役に立たない (時計として機能しない),役に立たない (能力や貢献度が低い状態),全く仕事ができない新入社員,「止まる時計」とかけて、「全く仕事ができない新入社員」と解く。その心は「どちらも『役に立たない』でしょう。」,
,フレーズ・慣用句型,止まる時計,正確な時刻が分からなくなる状態,じかんがわからない,時間が分からない (時計が停止し、現在時刻が不明な状態),時間が分からない (何かに没頭して時間の経過を忘れる状態),夢中で趣味に没頭している人,「止まる時計」とかけて、「夢中で趣味に没頭している人」と解く。その心は「どちらも『時間が分からない』でしょう。」,
,完全な同音異義語型,止まる時計,動作が途中で停止している状態,ちゅうだん,中断 (時計の動作が停止していること),中段 (棚や階段などの途中にある段),本棚の真ん中の段,「止まる時計」とかけて、「本棚の真ん中の段」と解く。その心は「どちらも『中断（中段）』でしょう。」,
,完全な同音異義語型,閉まるドア,物理的に隙間なく閉まる状態,しまる,閉まる (ドアが閉まる),締まる (気が締まる),新社会人,閉まるドアとかけて、新社会人と解く。その心は『どちらも【締まる】でしょう。』,
,多義語型,閉まるドア,隙間なく正確に閉まる様子,きっちり,きっちり (ドアが隙間なく閉まる),きっちり (正確で几帳面な性格),ベテランの会計士,閉まるドアとかけて、ベテランの会計士と解く。その心は『どちらも【きっちり】でしょう。』,
,フレーズ・慣用句型,閉まるドア,出入り口が塞がれる、内側と外側が隔てられる状態,こころをとざす,(出入り口を)閉ざす,心を閉ざす,人間関係に悩む人,閉まるドアとかけて、人間関係に悩む人と解く。その心は『どちらも【心を閉ざす】でしょう。』,
,完全な同音異義語型,閉まるドア,物理的に隙間なく閉じられる動作,とじる,閉じる (ドアが閉まる),綴じる (本や書類を綴じる),製本職人,閉まるドアとかけて、製本職人と解く。その心は『どちらも【綴じる】でしょう。』,
,多義語型,閉まるドア,物理的に閉じられる状態,とじる,閉じる (物理的にドアが閉まる),閉じる (店が営業を終える),長年営業した商店の店主,閉まるドアとかけて、長年営業した商店の店主と解く。その心は『どちらも【閉じる】でしょう。』,
,フレーズ・慣用句型,閉まるドア,先に進めなくなり、行き止まりとなる状態,いきづまる,(出入り口が)行き詰まる,行き詰まる,経営不振の会社,閉まるドアとかけて、経営不振の会社と解く。その心は『どちらも【行き詰まる】でしょう。』,
,完全な同音異義語型,開く傘,雨や日差しから身を守るために「さす」動作をする。,さす,差す（傘を差す）,刺す（針を刺す）,危険な虫や植物,開く傘とかけて、危険な虫や植物と解く。その心は『どちらも「さす」でしょう。』,
,完全な同音異義語型,開く傘,広がった面が水を「はじく」性質を持つ。,はじく,弾く（水を弾く）,弾く（楽器を弾く）,一流の音楽家,開く傘とかけて、一流の音楽家と解く。その心は『どちらも「はじく」でしょう。』,
,多義語型,開く傘,構造を支える「骨」がある。,ほね,骨（傘の骨）,骨（動物の骨）,恐竜の化石,開く傘とかけて、恐竜の化石と解く。その心は『どちらも「骨」があるでしょう。』,
,多義語型,開く傘,広がることで、雨を防ぐ「幕」の役割をする。,まく,幕（傘の布部分が張られた「幕」）,幕（劇場の幕）,劇場の舞台,開く傘とかけて、劇場の舞台と解く。その心は『どちらも「幕」があるでしょう。』,
,フレーズ・慣用句型,開く傘,雨から人を「守ってくれる」存在である。,まもってくれる,守ってくれる（雨から身を守る）,守ってくれる（困った時に助けてくれる）,頼りになる上司,開く傘とかけて、頼りになる上司と解く。その心は『どちらも「守ってくれる」でしょう。』,
,フレーズ・慣用句型,開く傘,雨の日に「大活躍」する。,おおかつやく,大活躍（雨避けとして機能する様）,大活躍（目覚ましい成果を出す様）,チームのエース,開く傘とかけて、チームのエースと解く。その心は『どちらも「大活躍」でしょう。』,
,完全な同音異義語型,乾くタオル,水分がなくなる、湿り気が取れる,かわく,乾く,渇く,砂漠を旅する人,乾くタオルとかけて、砂漠を旅する人と解く。その心は『どちらも渇く（乾く/渇く）』でしょう。,
,多義語型,乾くタオル,水分が抜けて重さが減る,かるい,軽い,軽い（気持ちが軽い）,悩みがない人,乾くタオルとかけて、悩みがない人と解く。その心は『どちらも軽い（乾いて軽くなる/気持ちが軽い）』でしょう。,
,フレーズ・慣用句型,乾くタオル,洗濯後に物干し竿にかける行為,ほす,干す,干す（仕事を干す）,仕事のない芸能人,乾くタオルとかけて、仕事のない芸能人と解く。その心は『どちらも干す（タオルを干す/仕事を干す）』でしょう。,
,完全な同音異義語型,乾くタオル,乾燥後にたたむ行為,たたむ,畳む,畳む（商売を畳む）,閉店するお店,乾くタオルとかけて、閉店するお店と解く。その心は『どちらも畳む（タオルを畳む/商売を畳む）』でしょう。,
,多義語型,乾くタオル,水分がなくなり触感が硬質になる,かたくなる,硬くなる,固くなる（決意が固くなる）,合格を誓う受験生,乾くタオルとかけて、合格を誓う受験生と解く。その心は『どちらも硬くなる（タオルが硬くなる/決意が固くなる）』でしょう。,
,フレーズ・慣用句型,乾くタオル,屋外で干され風がよく通る,かぜとおしがよい,風通しが良い,風通しが良い（組織の風通しが良い）,隠し事のないオープンな組織,乾くタオルとかけて、隠し事のないオープンな組織と解く。その心は『どちらも風通しが良い（干されて風通しが良い/組織の風通しが良い）』でしょう。,
,完全な同音異義語型,切れるハサミ,切れ味が良く、物を簡単に切断する性能を持つ。,きれる,切れる（物がよく切断できる）,キレる（感情的になり冷静さを失う）,感情的な人,「切れるハサミ」とかけて、「感情的な人」と解く。その心は「どちらも『キレる』でしょう。」,
,完全な同音異義語型,切れるハサミ,関係や結びつきを断ち切る機能がある。,たつ,断つ（関係を切り離す）,経つ（時間が経過する）,時間,「切れるハサミ」とかけて、「時間」と解く。その心は「どちらも『経つ（断つ）』でしょう。」,
,多義語型,切れるハサミ,切れ味が鋭く、高性能である。,きれる,切れる（物がよく切断できる）,切れる（頭脳が優秀で、物事を素早く理解する）,敏腕弁護士,「切れるハサミ」とかけて、「敏腕弁護士」と解く。その心は「どちらも『よく切れる』でしょう。」,
,多義語型,切れるハサミ,物を切り分けることで、物理的な区切りを作る。,きれめ,切れ目（物理的な切断箇所）,切れ目（物事の区切りや中断）,休憩時間,「切れるハサミ」とかけて、「休憩時間」と解く。その心は「どちらも『切れ目がある』でしょう。」,
,フレーズ・慣用句型,切れるハサミ,不要なものをスパッと処理し、決断力がある様子。,みきりをつける,見切り（物を切る行為）,見切りをつける（諦めて決断する）,潔く身を引く経営者,「切れるハサミ」とかけて、「潔く身を引く経営者」と解く。その心は「どちらも『見切りをつける』でしょう。」,
,フレーズ・慣用句型,切れるハサミ,無駄な部分を取り除き、効率化を促す機能。,むだをはぶく,無駄な部分を切って省く,無駄を省く（効率化する）,効率的な業務改善コンサルタント,「切れるハサミ」とかけて、「効率的な業務改善コンサルタント」と解く。その心は「どちらも『無駄を省く』でしょう。」,
,完全な同音異義語型,書けるペン,文字を書き記す,かく,書く,掻く,マラソンランナー,書けるペンとかけて、マラソンランナーと解く。その心は『どちらも『かく』でしょう。（文字を『書く』と、汗を『掻く』）,
,多義語型,書けるペン,紙にインクがつく,つく,インクがつく,職に就く,新入社員,書けるペンとかけて、新入社員と解く。その心は『どちらも『つく』でしょう。（インクが『つく』と、職に『就く』）,
,フレーズ・慣用句型,書けるペン,インクが尽きて使えなくなる,さきがなくなる,ペン先がなくなる（インクが尽きる）,将来の展望がなくなる,事業に失敗した経営者,書けるペンとかけて、事業に失敗した経営者と解く。その心は『どちらも『先がなくなる』でしょう。（インクが尽きて『先がなくなる』と、将来の展望が『先がなくなる』）,
,完全な同音異義語型,書けるペン,情報を記録する,しるす,記す,印す,人気俳優,書けるペンとかけて、人気俳優と解く。その心は『どちらも『しるす』でしょう。（文字を『記す』と、サインを『印す』）,
,多義語型,書けるペン,インクを補充する,いれる,インクを入れる,気を集中させる,勝負師,書けるペンとかけて、勝負師と解く。その心は『どちらも『いれる』でしょう。（インクを『入れる』と、気を『入れる』）,
,フレーズ・慣用句型,書けるペン,書いた文字を修正できる（消せるペン）,きえる,書いた文字が消える,借金が消える,借金返済を終えた人,書けるペンとかけて、借金返済を終えた人と解く。その心は『どちらも『きえる』でしょう。（書いた文字が『消える』と、借金が『消える』）,
,完全な同音異義語型,光る電球,熱を持つ、温度が上昇する,あつくなる,熱くなる,篤くなる,重病の患者,光る電球とかけて、重病の患者と解く。その心は『どちらも「篤くなる（熱くなる）」でしょう。』,
,完全な同音異義語型,光る電球,アイデアやひらめきを出す,はっそう,発想,発送,宅配業者,光る電球とかけて、宅配業者と解く。その心は『どちらも「発想（発送）」するでしょう。』,
,多義語型,光る電球,アイデアが瞬間的に浮かぶ,ひらめく,閃く,閃く,風になびく旗,光る電球とかけて、風になびく旗と解く。その心は『どちらも「閃く」でしょう。』,
,多義語型,光る電球,光で周囲を照らす,あかるくする,明るくする,明るくする,周囲を笑顔にするお調子者,光る電球とかけて、周囲を笑顔にするお調子者と解く。その心は『どちらも場を「明るくする」でしょう。』,
,フレーズ・慣用句型,光る電球,光を物理的に放出する,ひかりをはなつ,光を放つ,光を放つ,突出した才能を持つ人物,光る電球とかけて、突出した才能を持つ人物と解く。その心は『どちらも「光を放つ」でしょう。』,
,フレーズ・慣用句型,光る電球,暗闇を物理的に無くす,くらやみをなくす,暗闇をなくす,暗闇をなくす,困難な状況で希望を与えるリーダー,光る電球とかけて、困難な状況で希望を与えるリーダーと解く。その心は『どちらも「暗闇をなくす」でしょう。』,
,完全な同音異義語型,測る定規,長さや寸法を計量する,はかる,測る,計る,ストップウォッチ,測る定規とかけて、ストップウォッチと解く。その心は「どちらも『計る』でしょう。」,
,完全な同音異義語型,測る定規,印や目盛りをつける,しるす,記す,印す,契約書,測る定規とかけて、契約書と解く。その心は「どちらも『印す』でしょう。」,
,多義語型,測る定規,正確な判断の土台となるもの,きじゅん,基準,基準,会社の評価制度,測る定規とかけて、会社の評価制度と解く。その心は「どちらも『基準』となるでしょう。」,
,多義語型,測る定規,対象の境界を明確にする,せんをひく,線を引く,線を引く,昔の恋人との関係を清算する人,測る定規とかけて、昔の恋人との関係を清算する人と解く。その心は「どちらも『線を引く』でしょう。」,
,フレーズ・慣用句型,測る定規,定められた通りに正確である,すんぽんどおり,寸法通り,寸法通り,綿密な計画を完璧に実行するプロジェクトリーダー,測る定規とかけて、綿密な計画を完璧に実行するプロジェクトリーダーと解く。その心は「どちらも『寸法通り』でしょう。」,
,フレーズ・慣用句型,測る定規,正確な位置やサイズを揃える,あわせる,合わせる,合わせる,ファッションコーディネーター,測る定規とかけて、ファッションコーディネーターと解く。その心は「どちらも『合わせる』でしょう。」,
,完全な同音異義語型,吸う掃除機,ゴミや汚れを吸い込むこと,きゅうしゅう,汚れを「吸収」する,日本の地方の一つ「九州」,日本の地方区分,「吸う掃除機」とかけて、「日本の地方区分」と解く。その心は「どちらも『きゅうしゅう（吸収/九州）』でしょう。」,
,多義語型,吸う掃除機,部屋を清潔にすること,きれいにする,部屋を「きれいにする」,お金などを残さず使い切る「きれいにする」,お金を全て使い果たした人,「吸う掃除機」とかけて、「お金を全て使い果たした人」と解く。その心は「どちらも『きれいにする』でしょう。」,
,フレーズ・慣用句型,吸う掃除機,全てのゴミを残さず吸い取ること,いちもうだじん,塵芥を「一網打尽」にする（比喩）,犯罪者や悪人を「一網打尽」にする,悪党を捕まえる警察,「吸う掃除機」とかけて、「悪党を捕まえる警察」と解く。その心は「どちらも『一網打尽にする』でしょう。」,
,完全な同音異義語型,吸う掃除機,汚れた空気を吸い込む力,きゅういん,高い「吸引」力,病院が診察を一時的に停止する「休院」,診療を一時的に停止する病院,「吸う掃除機」とかけて、「診療を一時的に停止する病院」と解く。その心は「どちらも『きゅういん（吸引/休院）』でしょう。」,
,多義語型,吸う掃除機,床の埃を取り除くこと,ほこりをとる,床の「埃を取る」,試合などで勝利し名誉を勝ち取る「誇りを取る（得る）」,試合に勝利して栄誉を手にした選手,「吸う掃除機」とかけて、「試合に勝利して栄誉を手にした選手」と解く。その心は「どちらも『誇りを取る』でしょう。」,
,フレーズ・慣用句型,吸う掃除機,ゴミを根元から徹底的に吸い取ること,ねこそぎ,塵芥を「根こそぎ」吸い取る,問題の根本原因を「根こそぎ」解決する,問題の根本原因を徹底的に解決するコンサルタント,「吸う掃除機」とかけて、「問題の根本原因を徹底的に解決するコンサルタント」と解く。その心は「どちらも『根こそぎ』でしょう。」,
,完全な同音異義語型,冷やす冷蔵庫,庫内を冷やす,ひやす,冷やす,日雇い,不安定な雇用形態の労働者,「冷やす冷蔵庫」とかけて、「不安定な雇用形態の労働者」と解く。その心は「どちらも『日雇い(ひやとい)』でしょう。」,
,完全な同音異義語型,冷やす冷蔵庫,中の物を凍らすことがある,こおらす,凍らす,懲らす,いたずらをする子供,「冷やす冷蔵庫」とかけて、「いたずらをする子供」と解く。その心は「どちらも『懲らす（こおらす）』ことがあるでしょう。」,
,多義語型,冷やす冷蔵庫,食品の鮮度を保つ,たもつ,（鮮度を）保つ,（関係を）保つ,家庭の平和を守る主婦,「冷やす冷蔵庫」とかけて、「家庭の平和を守る主婦」と解く。その心は「どちらも『（良い状態を）保つ』のが得意でしょう。」,
,多義語型,冷やす冷蔵庫,庫内が冷たい,こない,庫内,来ない,待ち合わせに現れない人,「冷やす冷蔵庫」とかけて、「待ち合わせに現れない人」と解く。その心は「どちらも『来ない(こない)』と困るでしょう。」,
,フレーズ・慣用句型,冷やす冷蔵庫,冷気を送る,おくる,冷気を送る,拍手を送る,観客を魅了する舞台役者,「冷やす冷蔵庫」とかけて、「観客を魅了する舞台役者」と解く。その心は「どちらも『（熱い）拍手を送る』のが大事でしょう。」,
,フレーズ・慣用句型,冷やす冷蔵庫,食料をストックする,ストックする,（食料を）ストックする,（株や知識を）ストックする,将来を見据える投資家,「冷やす冷蔵庫」とかけて、「将来を見据える投資家」と解く。その心は「どちらも『ストックする』ことが重要でしょう。」,
,完全な同音異義語型,温めるレンジ,冷凍食品を解凍する機能がある,かいとう,解凍,回答,受験生,温めるレンジとかけて、受験生と解く。その心は『どちらも解凍（回答）』でしょう。,
,完全な同音異義語型,温めるレンジ,食品を加熱調理する,ちょうり,調理,調律,ピアノの調律師,温めるレンジとかけて、ピアノの調律師と解く。その心は『どちらも調理（調律）』でしょう。,
,多義語型,温めるレンジ,庫内の温度を上げて物を熱くする,あつくする,熱くする,熱くする,応援団長,温めるレンジとかけて、応援団長と解く。その心は『どちらも熱くする』でしょう。,
,多義語型,温めるレンジ,加熱中に庫内灯が点灯して光る,ひかる,光る,光る,ダイヤの原石,温めるレンジとかけて、ダイヤの原石と解く。その心は『どちらも光る』でしょう。,
,フレーズ・慣用句型,温めるレンジ,直火を使わない加熱器具である,ひがない,火が無い,日がない,納期に追われる職人,温めるレンジとかけて、納期に追われる職人と解く。その心は『どちらも火が無い（日がない）』でしょう。,
,フレーズ・慣用句型,温めるレンジ,冷えた食事を再度温かい状態にする,さめきったものをあたためる,冷め切ったものを温める,冷め切ったものを温める,離婚寸前の夫婦を仲直りさせるカウンセラー,温めるレンジとかけて、離婚寸前の夫婦を仲直りさせるカウンセラーと解く。その心は『どちらも冷め切ったものを温める』でしょう。,
,完全な同音異義語型,撮るカメラ,映像を記録するために光を取り込む,しゃったーをきる,シャッターを切る（写真撮影の動作）,シャッターを切る（店の閉店、商売の終わり）,閉店するお店,撮るカメラとかけて、閉店するお店と解く。その心は「どちらもシャッターを切る」でしょう。,
,多義語型,撮るカメラ,被写体の焦点を明確にする,ぴんとをあわせる,ピントを合わせる（画像の焦点を調整する）,ピントを合わせる（話の要点を理解する、核心を突く）,議論で的確な発言をする人,撮るカメラとかけて、議論で的確な発言をする人と解く。その心は「どちらもピントを合わせる」でしょう。,
,フレーズ・慣用句型,撮るカメラ,暗い場所で補助光を発光させる,ふらっしゅをひからせる,フラッシュを光らせる（撮影補助光を出す）,フラッシュを光らせる（一瞬の才能やひらめきを見せる）,試合で一瞬の才能を光らせる新人選手,撮るカメラとかけて、試合で一瞬の才能を光らせる新人選手と解く。その心は「どちらもフラッシュを光らせる」でしょう。,
,完全な同音異義語型,撮るカメラ,瞬間を映像として保存する,のこす,残す（映像や記録としてとどめる）,遺す（財産や功績を後世に伝える）,遺言で財産を託す富豪,撮るカメラとかけて、遺言で財産を託す富豪と解く。その心は「どちらも（記憶や財産を）のこす」でしょう。,
,多義語型,撮るカメラ,撮影する角度や構図を決める,あんぐるをきめる,アングルを決める（撮影の視点を設定する）,アングルを決める（物事の独自の視点や切り口を定める）,ユニークな視点で社会を分析する評論家,撮るカメラとかけて、ユニークな視点で社会を分析する評論家と解く。その心は「どちらもアングルを決める」でしょう。,
,フレーズ・慣用句型,撮るカメラ,対象にレンズを向ける動作,れんずをむける,レンズを向ける（光学部品を被写体へ向ける）,レンズを向ける（関心や注意を特定の事柄に向ける）,社会問題に深く関心を寄せるジャーナリスト,撮るカメラとかけて、社会問題に深く関心を寄せるジャーナリストと解く。その心は「どちらもレンズを向ける」でしょう。,
,完全な同音異義語型,漕ぐ自転車,ペダルを漕いで前に動くこと,すすむ,進む,薦む,読者に良い本を紹介する書店員,漕ぐ自転車とかけて、読者に良い本を紹介する書店員と解く。その心は『どちらも『薦む（進む/薦む）』でしょう。』,
,完全な同音異義語型,漕ぐ自転車,人がサドルに体重を預けること,のる,乗る,載る,雑誌の表紙を飾る人気モデル,漕ぐ自転車とかけて、雑誌の表紙を飾る人気モデルと解く。その心は『どちらも『載る（乗る/載る）』でしょう。』,
,多義語型,漕ぐ自転車,目的地へ向かって前進すること,すすむ,進む,進む,研究開発を順調に進めるエンジニア,漕ぐ自転車とかけて、研究開発を順調に進めるエンジニアと解く。その心は『どちらも『進む』でしょう。』,
,多義語型,漕ぐ自転車,ペダルに力を込めて深く押すこと,ふみこむ,踏み込む,踏み込む,事件の真相に深く関わるジャーナリスト,漕ぐ自転車とかけて、事件の真相に深く関わるジャーナリストと解く。その心は『どちらも『踏み込む』でしょう。』,
,フレーズ・慣用句型,漕ぐ自転車,素早く動いて空気抵抗を切り裂くこと,かぜをきる,風を切る,風を切る,新しい仕事に颯爽と挑む敏腕ビジネスマン,漕ぐ自転車とかけて、新しい仕事に颯爽と挑む敏腕ビジネスマンと解く。その心は『どちらも『風を切る』でしょう。』,
,フレーズ・慣用句型,漕ぐ自転車,坂道などで適切な変速段に調整すること,ぎあをいれる,ギアを入れる,ギアを入れる,大事なプレゼンの前に気合を入れる営業担当者,漕ぐ自転車とかけて、大事なプレゼンの前に気合を入れる営業担当者と解く。その心は『どちらも『ギアを入れる』でしょう。』,
,多義語型,洗う洗濯機,汚れを落とし清潔にする,きれいにする,綺麗にする (衣類を清潔にする),綺麗にする (問題や状況を解決して整える),困難な問題を解決するコンサルタント,「洗う洗濯機」とかけて、「困難な問題を解決するコンサルタント」と解く。その心は『どちらも「きれいにする」でしょう。』,
,完全な同音異義語型,洗う洗濯機,ドラムが回転する,かいてん,回転 (ドラムが回ること),開店 (新しく店をオープンすること),新しく商売を始める店主,「洗う洗濯機」とかけて、「新しく商売を始める店主」と解く。その心は『どちらも「開店(かいてん)」でしょう。』,
,フレーズ・慣用句型,洗う洗濯機,汚れを水で洗い流す,みずにながす,水に流す (汚れを洗い流す),水に流す (過去の過ちや不快な出来事を帳消しにする),過去の因縁を帳消しにする仲裁人,「洗う洗濯機」とかけて、「過去の因縁を帳消しにする仲裁人」と解く。その心は『どちらも「水に流す」でしょう。』,
,多義語型,洗う洗濯機,脱水で水を絞る,しぼる,絞る (水を絞り出す),絞る (知恵を絞る、声を絞るなど),必死で知恵を出す受験生,「洗う洗濯機」とかけて、「必死で知恵を出す受験生」と解く。その心は『どちらも「絞る」でしょう。』,
,完全な同音異義語型,洗う洗濯機,衣類が白くなる,はく,白 (衣類が白くなること),履く (靴やズボンなどを身につけること),新しい靴を履く人,「洗う洗濯機」とかけて、「新しい靴を履く人」と解く。その心は『どちらも「白(はく)」でしょう。』,
,フレーズ・慣用句型,洗う洗濯機,衣類のシミを取り除く,しみぬきをする,シミ抜きをする (衣類のシミを取る),シミ抜きをする (問題点や欠点を改善する),欠陥のある製品を改良する技術者,「洗う洗濯機」とかけて、「欠陥のある製品を改良する技術者」と解く。その心は『どちらも「シミ抜きをする」でしょう。』,
,完全な同音異義語型,守るパスワード,セキュリティがしっかりしている状態、簡単に破られない強固さ,かたい,堅い（セキュリティが堅い、守りが堅い）,硬い（物理的に硬い）,煎餅,「守るパスワード」とかけて、「煎餅」と解く。その心は「どちらも『かたい』でしょう。」,
,完全な同音異義語型,守るパスワード,情報へのアクセスを許可するための重要な記号、秘密の入口,かぎ,鍵（システムへのアクセスを許可する鍵）,嗅ぎ（匂いを嗅ぎつけること）,獲物を探す猟犬,「守るパスワード」とかけて、「獲物を探す猟犬」と解く。その心は「どちらも『鍵（かぎ）』でしょう。」,
,多義語型,守るパスワード,認証が成功し、システムへのアクセスが許可されること,とおす,通す（認証を通す、アクセスを許可する）,通す（針に糸を通す）,裁縫をする人,「守るパスワード」とかけて、「裁縫をする人」と解く。その心は「どちらも『通す』でしょう。」,
,多義語型,守るパスワード,他人から見られないように、秘密にしておくこと,かくす,隠す（パスワードを秘密にしておく）,隠す（姿や物を人目から隠す）,かくれんぼの鬼,「守るパスワード」とかけて、「かくれんぼの鬼」と解く。その心は「どちらも『隠す』でしょう。」,
,フレーズ・慣用句型,守るパスワード,不正な侵入を防ぎ、セキュリティを強化すること,もんをかためる,門を固める（防御を固め、セキュリティを強化する）,門を固める（城や屋敷の入り口の警備を厳重にする）,城を守る兵士,「守るパスワード」とかけて、「城を守る兵士」と解く。その心は「どちらも『門を固める』でしょう。」,
,フレーズ・慣用句型,守るパスワード,記憶に留め、決して忘れてはならない重要な情報,わすれてはならない,忘れてはならない（パスワードを失念してはならない）,忘れてはならない（記憶に留め、心に刻むべきこと）,大切な約束,「守るパスワード」とかけて、「大切な約束」と解く。その心は「どちらも『忘れてはならない』でしょう。」,
,完全な同音異義語型,繋ぐルーター,データの流れ道を選択・決定する,けいろ,経路,敬老,お年寄りを大切にする習慣,繋ぐルーターとかけて、お年寄りを大切にする習慣と解く。その心は「どちらも経路（敬老）が大切」でしょう。,
,多義語型,繋ぐルーター,複数の機器やネットワークを相互に接続する,つなげる,繋げる,ご縁を繋げる,結婚の仲立ちをする人,繋ぐルーターとかけて、結婚の仲立ちをする人と解く。その心は「どちらもご縁を繋げる」でしょう。,
,フレーズ・慣用句型,繋ぐルーター,無線でデータを送受信する機能を持つ,でんぱをとばす,電波を飛ばす,奇抜な発言をする,突拍子もないアイデアを出す芸術家,繋ぐルーターとかけて、突拍子もないアイデアを出す芸術家と解く。その心は「どちらも電波を飛ばす」でしょう。,
,完全な同音異義語型,繋ぐルーター,ネットワークの接続中心点となる,はぶ,ハブ（Hub）,ハブ酒,沖縄の有名な健康酒,繋ぐルーターとかけて、沖縄の有名な健康酒と解く。その心は「どちらもハブ」でしょう。,
,多義語型,繋ぐルーター,ネットワーク機器として能動的に動作している状態,あくてぃぶ,アクティブ,活動的,趣味も仕事も精力的にこなす人,繋ぐルーターとかけて、趣味も仕事も精力的にこなす人と解く。その心は「どちらもアクティブ」でしょう。,
,フレーズ・慣用句型,繋ぐルーター,データ通信の流れを最適化し、制御する,こうつうせいぎょ,交通制御,会話の進行を管理する,会議で議論を円滑に進める議長,繋ぐルーターとかけて、会議で議論を円滑に進める議長と解く。その心は「どちらも交通制御（交通整理）をする」でしょう。,
,完全な同音異義語型,貯める財布,お金が中に入って蓄積される,たまる,貯まる（お金やポイントが蓄積される）,溜まる（水やごみ、不満などが蓄積される）,不満がたまった従業員,「貯める財布」とかけて、「不満がたまった従業員」と解く。その心は「どちらも『たまる』でしょう。」,
,多義語型,貯める財布,お金が増えて中身が大きくなる,ふくらむ,膨らむ（中身が増えて形が大きくなる）,膨らむ（期待や夢が大きくなる）,未来に希望を持つ若者,「貯める財布」とかけて、「未来に希望を持つ若者」と解く。その心は「どちらも『膨らむ』でしょう。」,
,フレーズ・慣用句型,貯める財布,お金を大切にしまい込む,てをつけない,手をつけない（貯めたお金を使わない）,手をつけない（仕事や問題に何もしないで放置する）,難題を先延ばしにする社員,「貯める財布」とかけて、「難題を先延ばしにする社員」と解く。その心は「どちらも『手をつけない』でしょう。」,
,完全な同音異義語型,貯める財布,お金が中に入る,はいる,入る（金銭が財布の中に納まる）,生える（植物や髪の毛などが発生し成長する）,新芽が生えたばかりの植物,「貯める財布」とかけて、「新芽が生えたばかりの植物」と解く。その心は「どちらも『はえる』でしょう。」,
,多義語型,貯める財布,中身をしっかりと維持する,かたくする,固くする（財布の紐を固くして倹約する）,固くする（決意や約束を揺るがないものにする）,強い決意を表明するアスリート,「貯める財布」とかけて、「強い決意を表明するアスリート」と解く。その心は「どちらも『固くする』でしょう。」,
,フレーズ・慣用句型,貯める財布,お金が出ていかないようにする,くちをしめる,口を締める（支出を抑える、倹約する）,口を締める（秘密などを漏らさない）,重大な秘密を持つ人物,「貯める財布」とかけて、「重大な秘密を持つ人物」と解く。その心は「どちらも『口を締める』でしょう。」,
,完全な同音異義語型,結ぶ紐,紐を固定するためにきつくする,しめる,締める,占める,市場シェアを独占する企業,結ぶ紐とかけて、市場シェアを独占する企業と解く。その心は「どちらも『締める』でしょう。」,
,完全な同音異義語型,結ぶ紐,繊維などをねじり合わせる,よる,縒る,寄る,路肩に停車する車,結ぶ紐とかけて、路肩に停車する車と解く。その心は「どちらも『縒る/寄る』でしょう。」,
,多義語型,結ぶ紐,物理的に物がもつれる,からまる,絡まる,絡まる,裏社会の人物,結ぶ紐とかけて、裏社会の人物と解く。その心は「どちらも『絡まる』でしょう。」,
,多義語型,結ぶ紐,物理的に断裂する,きれる,切れる,切れる,敏腕弁護士,結ぶ紐とかけて、敏腕弁護士と解く。その心は「どちらも『切れる』でしょう。」,
,フレーズ・慣用句型,結ぶ紐,結び目が元の状態に戻る,とける,解ける,謎が解ける,名探偵が事件を解決する瞬間,結ぶ紐とかけて、名探偵が事件を解決する瞬間と解く。その心は「どちらも『解ける』でしょう。」,
,フレーズ・慣用句型,結ぶ紐,紐をぴんと伸ばす,はる,張る,気を張る,新しい職場で働く新人さん,結ぶ紐とかけて、新しい職場で働く新人さんと解く。その心は「どちらも『気を張る』でしょう。」,
,完全な同音異義語型,削る鉛筆,芯が出て書ける状態になる,しんがでる,芯が出る,新芽が出る,植物の種,削る鉛筆とかけて、植物の種と解く。その心は『どちらも芯（新）が出る』でしょう。,
,完全な同音異義語型,削る鉛筆,削りカス（屑）が生じる,かすがでる,削りカスが出る,酒粕が出る,酒造り,削る鉛筆とかけて、酒造りと解く。その心は『どちらもカスが出る』でしょう。,
,多義語型,削る鉛筆,先端（先）が姿を現す,さきをだす,先を出す,企画を提案する（先に出す）,新しい企画を提案する社員,削る鉛筆とかけて、新しい企画を提案する社員と解く。その心は『どちらも先を出す』でしょう。,
,多義語型,削る鉛筆,物理的に長さが減って短くなる,みじかくなる,短くなる,寿命が短くなる,寿命が近づいた物,削る鉛筆とかけて、寿命が近づいた物と解く。その心は『どちらも短くなる』でしょう。,
,フレーズ・慣用句型,削る鉛筆,不要な部分を取り除き、必要な部分だけにする,むだをはぶく,無駄な部分を削り取る（無駄を省く）,経費や手間を削減する（無駄を省く）,経営改善中の企業,削る鉛筆とかけて、経営改善中の企業と解く。その心は『どちらも無駄を省く』でしょう。,
,フレーズ・慣用句型,削る鉛筆,書くために最適な状態に形を整える,きちんとととのえる,書くためにきちんと整える,身なりや準備をきちんと整える,面接に臨む就活生,削る鉛筆とかけて、面接に臨む就活生と解く。その心は『どちらもきちんと整える』でしょう。,
,完全な同音異義語型,凍える雪,地面に降り積もる,つもる,積もる,募る,片思いの人,凍える雪とかけて、片思いの人と解く。その心は「どちらも『募る』でしょう。」,
,完全な同音異義語型,凍える雪,美しい結晶である,けっしょう,結晶,化粧,女優,凍える雪とかけて、女優と解く。その心は「どちらも『化粧』でしょう。」,
,多義語型,凍える雪,硬く固まる,かたまる,固まる,固まる,プロポーズを決意した人,凍える雪とかけて、プロポーズを決意した人と解く。その心は「どちらも『固まる』でしょう。」,
,多義語型,凍える雪,体感的に冷たい,つめたい,冷たい,冷たい,無関心な人,凍える雪とかけて、無関心な人と解く。その心は「どちらも『冷たい』でしょう。」,
,フレーズ・慣用句型,凍える雪,交通を麻痺させ身動きが取れない,みうごきがとれない,身動きが取れない,身動きが取れない,借金まみれの経営者,凍える雪とかけて、借金まみれの経営者と解く。その心は「どちらも『身動きが取れない』でしょう。」,
,フレーズ・慣用句型,凍える雪,春には溶けてなくなる,とける,溶ける,解ける,名探偵,凍える雪とかけて、名探偵と解く。その心は「どちらも『溶ける（解ける）』でしょう。」,
,完全な同音異義語型,蒸し暑い夜,体や肌が汗でベタつく不快な状態,ねっとり,ねっとり（汗で肌がまとわりつく感覚）,ねっとり（濃厚な食感）,熟したアボカド,「蒸し暑い夜」とかけて、「熟したアボカド」と解く。その心は『どちらも「ねっとり」でしょう。』,
,完全な同音異義語型,蒸し暑い夜,熱気や湿気がこもって息苦しくなる状態,むれる,蒸れる（湿気と熱がこもる）,群れる（多くの人や動物が集まる）,スズメの群れ,「蒸し暑い夜」とかけて、「スズメの群れ」と解く。その心は『どちらも「むれる」でしょう。』,
,多義語型,蒸し暑い夜,寝苦しさや不快感で体力・気力が失われること,こんきがなくなる,根気がなくなる（寝苦しさで物事に取り組む気力が失われる）,根気がなくなる（作業を続ける意欲が失われる）,夏休みの宿題に飽きた子供,「蒸し暑い夜」とかけて、「夏休みの宿題に飽きた子供」と解く。その心は『どちらも「根気がなくなる」でしょう。』,
,多義語型,蒸し暑い夜,暑さによって睡眠が妨げられること,ねむれない,眠れない（暑さで寝付けない）,眠れない（心配事や興奮で寝付けない）,明日の大事なプレゼンを控えたビジネスマン,「蒸し暑い夜」とかけて、「明日の大事なプレゼンを控えたビジネスマン」と解く。その心は『どちらも「眠れない」でしょう。』,
,フレーズ・慣用句型,蒸し暑い夜,寝苦しさから体が自由に動かせないような感覚,ねがえりもうてない,寝返りも打てない（不快で身動きが取れないように感じる）,寝返りも打てない（状況に追い詰められ反抗できない）,多額の借金を抱えた経営者,「蒸し暑い夜」とかけて、「多額の借金を抱えた経営者」と解く。その心は『どちらも「寝返りも打てない」でしょう。』,
,フレーズ・慣用句型,蒸し暑い夜,湿度が高く、じめじめして不快な状態,じめじめする,じめじめする（湿度が高く不快な状態）,じめじめする（陰気で活気がない様子）,誰も笑わない宴会,「蒸し暑い夜」とかけて、「誰も笑わない宴会」と解く。その心は『どちらも「じめじめする」でしょう。』,
,多義語型,痛い雹,雹が身体や作物、車などにぶつかること,あたる,当たる,当たる（期待や予測が的中する）,宝くじの当選者,痛い雹とかけて、宝くじの当選者と解く。その心は「どちらも『当たる』でしょう。」,
,多義語型,痛い雹,作物や建物に被害をもたらすこと,そんがい,損害（物理的な被害）,損害（金銭的な損失）,商売がうまくいかない商人,痛い雹とかけて、商売がうまくいかない商人と解く。その心は「どちらも『損害』でしょう。」,
,フレーズ・慣用句型,痛い雹,畑の作物が雹によって傷つけられ、状態が悪くなること,はたけがあれる,畑が荒れる（物理的に作物が損傷する）,畑が荒れる（家庭環境などが乱れる）,問題を抱えた家庭,痛い雹とかけて、問題を抱えた家庭と解く。その心は「どちらも『畑が荒れる』でしょう。」,
,フレーズ・慣用句型,痛い雹,物体にへこみや傷をつけること,きずをつける,傷をつける（物理的な損害）,傷をつける（名誉や評判を損なう）,スキャンダルを起こした政治家,痛い雹とかけて、スキャンダルを起こした政治家と解く。その心は「どちらも『傷をつける』でしょう。」,
,完全な同音異義語型,痛い雹,雹の個々の氷の塊,つぶ,粒,潰（つぶれる、失敗する）,経営破綻した会社,痛い雹とかけて、経営破綻した会社と解く。その心は「どちらも『つぶ』でしょう。」,
,完全な同音異義語型,痛い雹,突然降り出すこと,きゅう,急（突然、素早い）,九（数字の9）,九九の計算,痛い雹とかけて、九九の計算と解く。その心は「どちらも『きゅう』でしょう。」,
,完全な同音異義語型,眩しい雷,瞬間的に強く光る、閃光、まぶたを閉じる、視覚に訴える,せんこう,閃光（雷の光）,先攻（スポーツやゲームで先に攻撃すること）,野球の試合開始,眩しい雷とかけて、野球の試合開始と解く。その心は『どちらも【せんこう】でしょう。』,
,完全な同音異義語型,眩しい雷,激しい光、目に焼き付く、目立つ、印象的,めざましい,目覚ましい（光が強く、目を覚ますほど）,目覚ましい（著しい進歩や活躍）,若手社員の活躍,眩しい雷とかけて、若手社員の活躍と解く。その心は『どちらも【目覚ましい】でしょう。』,
,多義語型,眩しい雷,閃光、強烈な光、一瞬で辺りを照らす,かがやく,輝く（雷光が強く光る様子）,輝く（才能や将来性がきらめく、成果が際立つ）,スポーツで活躍する選手,眩しい雷とかけて、スポーツで活躍する選手と解く。その心は『どちらも【輝く】でしょう。』,
,多義語型,眩しい雷,空が光る、上空で起こる、雲の様子,くもる,曇る（雷雲が空を覆う状態）,曇る（顔色が優れない、表情が暗くなる）,失意の表情を浮かべる人,眩しい雷とかけて、失意の表情を浮かべる人と解く。その心は『どちらも【曇る】でしょう。』,
,フレーズ・慣用句型,眩しい雷,激しい光と音、突然の出来事、人々に驚きを与える,いなずまがはしる,稲妻が走る（空に光が走る物理現象）,稲妻が走る（名案やひらめきが頭に浮かぶ）,難問を解いた研究者,眩しい雷とかけて、難問を解いた研究者と解く。その心は『どちらも【稲妻が走る】でしょう。』,
,フレーズ・慣用句型,眩しい雷,強い光、驚くような現象、突然現れる,へんかがげきしい,変化が激しい（雷雨や天候の急変）,変化が激しい（社会情勢や人の感情の動き）,予測不可能な相場,眩しい雷とかけて、予測不可能な相場と解く。その心は『どちらも【変化が激しい】でしょう。』,
,多義語型,息苦しい霧,視界が遮られ、前方が見えなくなる物理的状態,さきがみえない,先が見えない,先が見えない（将来の展望がない）,会社の未来に不安を抱える経営者,息苦しい霧とかけて、会社の未来に不安を抱える経営者と解く。その心は『どちらも先が見えない』でしょう。,
,完全な同音異義語型,息苦しい霧,密度が高く、濃い状態,のうこう,濃厚（濃度の高い霧）,濃厚（疑いや関係性が深いこと）,事件の容疑者,息苦しい霧とかけて、事件の容疑者と解く。その心は『どちらも『濃厚』でしょう。,
,フレーズ・慣用句型,息苦しい霧,呼吸が困難になる物理的な状態,いきがつまる,息が詰まる,息が詰まる（精神的に緊張する、プレッシャーを感じる）,重役会議でのプレゼンター,息苦しい霧とかけて、重役会議でのプレゼンターと解く。その心は『どちらも息が詰まる』でしょう。,
,多義語型,息苦しい霧,方向が分からなくなり、道に惑う物理的な状態,まよってしまう,迷ってしまう,迷ってしまう（選択に困る、人生の方向性を見失う）,人生の岐路に立つ若者,息苦しい霧とかけて、人生の岐路に立つ若者と解く。その心は『どちらも迷ってしまう』でしょう。,
,完全な同音異義語型,息苦しい霧,景色や物体の存在を覆い隠す機能,かくす,隠す（霧が景色を隠す）,隠す（秘密や不正を隠す）,不正会計をしていた会社,息苦しい霧とかけて、不正会計をしていた会社と解く。その心は『どちらも『隠す』でしょう。,
,フレーズ・慣用句型,息苦しい霧,視界が悪く、思うように動けない物理的な状態,みうごきがとれない,身動きが取れない,身動きが取れない（経済的、状況的に自由がきかない）,借金まみれの経営者,息苦しい霧とかけて、借金まみれの経営者と解く。その心は『どちらも身動きが取れない』でしょう。,
,完全な同音異義語型,焦げる日差し,太陽光線が強く、熱い。肌が焼ける。,こげる,（肌が）焦げる,（舟を）漕げる,舟を漕ぐ練習をする人,焦げる日差しとかけて、舟を漕ぐ練習をする人と解く。その心は「どちらも『漕げる』でしょう。」,
,多義語型,焦げる日差し,非常に強い熱さ。,あつい,（気温が）暑い,（人情が）厚い,人情に厚い親方,焦げる日差しとかけて、人情に厚い親方と解く。その心は「どちらも『あつい』でしょう。」,
,フレーズ・慣用句型,焦げる日差し,太陽によって肌や物が強い熱を受け、状態が変化する。,やける,（肌が）焼ける,（建物が火事で）焼ける,火事に見舞われた家,焦げる日差しとかけて、火事に見舞われた家と解く。その心は「どちらも『焼ける』でしょう。」,
,完全な同音異義語型,焦げる日差し,太陽からの強い光。,ひかり,（太陽の）光,新幹線「ひかり」,新幹線「ひかり号」,焦げる日差しとかけて、新幹線のひかり号と解く。その心は「どちらも『ひかり』でしょう。」,
,多義語型,焦げる日差し,非常に強烈で容赦ない状態。,きびしい,（日差しが）厳しい,（態度や基準が）厳しい,規律に厳しい先生,焦げる日差しとかけて、規律に厳しい先生と解く。その心は「どちらも『厳しい』でしょう。」,
,フレーズ・慣用句型,焦げる日差し,暑さのため、屋外での活動が避けられる。,そとへでない,（暑くて）外へ出ない,（人前に出たがらず）外へ出ない,引きこもりの人,焦げる日差しとかけて、引きこもりの人と解く。その心は「どちらも『外へ出ない』でしょう。」,
,完全な同音異義語型,うるさい蝉時雨,鳴り響く音が止まらない状態,なりやまない,鳴り止まない（蝉の鳴き声がずっと続く）,鳴り止まない（抗議や苦情の声が絶えない）,騒がしい隣家への苦情,「うるさい蝉時雨」とかけて、「騒がしい隣家への苦情」と解く。その心は「どちらも『鳴り止まない』でしょう。」,
,完全な同音異義語型,うるさい蝉時雨,夏の終わりを感じさせる存在,なつがおわる,夏が終わる（蝉の命が尽き、夏の終わりを告げる）,ナスが終わる（植物の茄子の収穫時期が終了する）,収穫を終えたナスの畑,「うるさい蝉時雨」とかけて、「収穫を終えたナスの畑」と解く。その心は「どちらも『夏が終わる（ナスが終わる）』でしょう。」,
,多義語型,うるさい蝉時雨,耳障りで騒がしい状態,うるさい,うるさい（蝉の鳴き声が騒がしい）,うるさい（口やかましい、小言が多い）,姑からの小言が多い嫁,「うるさい蝉時雨」とかけて、「姑からの小言が多い嫁」と解く。その心は「どちらも『うるさい』でしょう。」,
,多義語型,うるさい蝉時雨,昼間に活発に鳴く様子,ひるまのこうけい,昼間の光景（蝉が鳴くのは日中の風景）,昼間の光景（日中の出来事や景色）,新聞の社会面,「うるさい蝉時雨」とかけて、「新聞の社会面」と解く。その心は「どちらも『昼間の光景』でしょう。」,
,フレーズ・慣用句型,うるさい蝉時雨,大きな音量で鳴り響く,おおごえをだす,大声を出す（蝉の鳴き声が大きい）,大声を出す（怒鳴る、叱責する）,子供を叱る母親,「うるさい蝉時雨」とかけて、「子供を叱る母親」と解く。その心は「どちらも『大声を出す』でしょう。」,
,フレーズ・慣用句型,うるさい蝉時雨,暑い夏の象徴,あつい,暑い（蝉が鳴く季節は気温が高い）,熱い（情熱的で、感情が高ぶっている）,熱血教師の授業,「うるさい蝉時雨」とかけて、「熱血教師の授業」と解く。その心は「どちらも『熱い』でしょう。」,
,多義語型,生ぬるい風,物理的に温度が中途半端で、締まりがない感じ,しまりがない,（風に）締まりがない,（態度や計画に）締まりがない,夏休みの宿題が終わっていない小学生,生ぬるい風とかけて、夏休みの宿題が終わっていない小学生と解く。その心は『どちらも「締まりがない」』でしょう。,
,完全な同音異義語型,生ぬるい風,温度が上昇しきらず、中途半端な状態,あがらない,（温度が）上がらない,（緊張で気分が）アガらない,大事なプレゼンを控えた新人,生ぬるい風とかけて、大事なプレゼンを控えた新人（しんじん）と解く。その心は『どちらも「アガらない」』でしょう。,
,フレーズ・慣用句型,生ぬるい風,勢いや刺激がなく、活気がない、スカスカした感じ,はりがない,（風に）張りが無い,（肌に）張りが無い,年齢を重ねた女性,生ぬるい風とかけて、年齢を重ねた女性と解く。その心は『どちらも「張りが無い」』でしょう。,
,多義語型,生ぬるい風,物理的に温度が中途半端であること,ぬるい,（温度が）温い,（対応が）温い,部下を厳しく指導できない上司,生ぬるい風とかけて、部下を厳しく指導できない上司と解く。その心は『どちらも「温い」』でしょう。,
,フレーズ・慣用句型,生ぬるい風,爽快感がなく、不快でモヤモヤする感覚,すっきりしない,（気分が）すっきりしない,（問題が）すっきりしない,なかなか解決しない政治問題,生ぬるい風とかけて、なかなか解決しない政治問題と解く。その心は『どちらも「すっきりしない」』でしょう。,
,完全な同音異義語型,生ぬるい風,空気の流れであること,かぜ,風,風邪,鼻水が止まらない人,生ぬるい風とかけて、鼻水が止まらない人と解く。その心は『どちらも「かぜ」でしょう。』,
,完全な同音異義語型,臭い泥水,液体が一箇所に集まる,たまる,溜まる,貯まる,毎日少しずつ貯金をする人,「臭い泥水」とかけて、「毎日少しずつ貯金をする人」と解く。その心は「どちらも『たまる』でしょう。」,
,完全な同音異義語型,臭い泥水,汚れた水が排出される,はいすい,排水,背水,敵の大軍を前に決死の覚悟で戦う武将,「臭い泥水」とかけて、「敵の大軍を前に決死の覚悟で戦う武将」と解く。その心は「どちらも『はいすい』でしょう。」,
,多義語型,臭い泥水,悪臭を発する,くさい,臭い（悪臭）,臭い（怪しい）,何かを隠している様子の容疑者,「臭い泥水」とかけて、「何かを隠している様子の容疑者」と解く。その心は「どちらも『臭い』でしょう。」,
,多義語型,臭い泥水,色が濁っている,にごる,濁る（水などが澄んでいない）,濁る（声がかすれる）,風邪で声が枯れてしまった歌手,「臭い泥水」とかけて、「風邪で声が枯れてしまった歌手」と解く。その心は「どちらも『濁る』でしょう。」,
,フレーズ・慣用句型,臭い泥水,物理的に接近を避けたい,ちかづきたくない,近づきたくない（物理的に）,近づきたくない（関わりたくない）,常に不穏な噂がつきまとう人物,「臭い泥水」とかけて、「常に不穏な噂がつきまとう人物」と解く。その心は「どちらも『近づきたくない』でしょう。」,
,フレーズ・慣用句型,臭い泥水,底が見えず、深さが分からない,そこがしれない,底が知れない（物理的な深さ）,底が知れない（人柄や力量）,何を考えているか読み取れない策略家,「臭い泥水」とかけて、「何を考えているか読み取れない策略家」と解く。その心は「どちらも『底が知れない』でしょう。」,
,完全な同音異義語型,揺れる大地,大地が振動する、揺れ動く状態,しんどう,振動,神道,神社の祭事を司る職業,揺れる大地とかけて、神社の神主と解く。その心は「どちらも『しんどう（振動/神道）』でしょう。」,
,完全な同音異義語型,揺れる大地,地面に亀裂が入ること、ひび割れること,ひび,罅,日々,毎日欠かさず記録を取る人,揺れる大地とかけて、毎日日記を書く人と解く。その心は「どちらも『ひび（罅/日々）』でしょう。」,
,多義語型,揺れる大地,大地が物理的に動くこと、不安定になること,うごく,動く,動く,人の心を強く揺さぶる出来事,揺れる大地とかけて、感動した人と解く。その心は「どちらも『（心が）動く』でしょう。」,
,多義語型,揺れる大地,土砂などが物理的に元の形を保てなくなり崩れること,くずれる,崩れる,崩れる,努力が実らず計画が頓挫した状況,揺れる大地とかけて、計画が頓挫した状況と解く。その心は「どちらも『（計画が）崩れる』でしょう。」,
,フレーズ・慣用句型,揺れる大地,地面が揺れて物理的に足元が不安定になること,あしもとがぐらつく,足元がぐらつく,足元がぐらつく,経営状態が不安定な会社,揺れる大地とかけて、経営が不安定な会社と解く。その心は「どちらも『足元がぐらつく』でしょう。」,
,フレーズ・慣用句型,揺れる大地,予測不能な事態が起き、警戒を怠れないこと,ゆだんできない,油断できない,油断できない,一瞬たりとも気を抜けない勝負の場面,揺れる大地とかけて、ベテランの勝負師と解く。その心は「どちらも『油断できない』でしょう。」,
,完全な同音異義語型,凍る池,動きが止まる,とまる,止まる,泊まる,旅人,凍る池とかけて、旅人と解く。その心は「どちらも『とまる（止まる/泊まる）』でしょう。」,
,完全な同音異義語型,凍る池,氷が張る,はる,張る,春,新生活を始める人,凍る池とかけて、新生活を始める人と解く。その心は「どちらも『はる（張る/春）』でしょう。」,
,多義語型,凍る池,水が硬くなる,かたくなる,硬くなる,硬くなる,交渉中のビジネスマン,凍る池とかけて、交渉中のビジネスマンと解く。その心は「どちらも『態度が硬くなる』でしょう。」,
,多義語型,凍る池,生命の活動が静まる,しずまる,静まる,静まる,嵐の後の街,凍る池とかけて、嵐の後の街と解く。その心は「どちらも『しずまる（静まる）』でしょう。」,
,フレーズ・慣用句型,凍る池,触ると冷たい感覚がある,ひやりとする,ひやりとする,ひやりとする,背筋が凍るような怖い話,凍る池とかけて、背筋が凍るような怖い話と解く。その心は「どちらも『ひやりとする』でしょう。」,
,フレーズ・慣用句型,凍る池,氷が張って水面を覆い隠す,ふたをする,蓋をする,蓋をする,不正を隠蔽する役人,凍る池とかけて、不正を隠蔽する役人と解く。その心は「どちらも『蓋をする』でしょう。」,
,多義語型,肌寒い朝,気温が低く、震えるような寒さ,さむい,寒い（気温が低い）,寒い（つまらない）,ギャグを連発する芸人,肌寒い朝とかけて、ギャグを連発する芸人と解く。その心は「どちらも『寒い』でしょう。」,
,多義語型,肌寒い朝,気温が低下する、体が冷え込む,ひえる,冷える（気温が下がる）,冷える（関係が悪化する）,夫婦喧嘩の後の夫婦,肌寒い朝とかけて、夫婦喧嘩の後の夫婦と解く。その心は「どちらも『冷える』でしょう。」,
,フレーズ・慣用句型,肌寒い朝,寒さが身体に深く感じられる,みにしみる,身に染みる（寒さが身体に堪える）,身に染みる（教訓やありがたみが心に強く感じる）,失敗から学んだ新人社員,肌寒い朝とかけて、失敗から学んだ新人社員と解く。その心は「どちらも『身に染みる』でしょう。」,
,フレーズ・慣用句型,肌寒い朝,寒さで身体や精神が引き締まる感覚,きがひきしまる,気が引き締まる（寒さで意識が研ぎ澄まされる）,気が引き締まる（重要な任務や場面に臨む心構え）,大事なプレゼンを控えたビジネスマン,肌寒い朝とかけて、大事なプレゼンを控えたビジネスマンと解く。その心は「どちらも『気が引き締まる』でしょう。」,
,完全な同音異義語型,肌寒い朝,植物や地面にできる水滴,つゆ,露（朝露）,梅雨（雨季）,日本列島の雨の季節,肌寒い朝とかけて、日本列島の雨の季節と解く。その心は「どちらも『つゆ』でしょう。」,
,完全な同音異義語型,肌寒い朝,日が当たらない場所、薄暗さ、寒さが残る場所,かげ,陰（日陰、寒い場所）,影（姿の影、隠れた部分）,有名人のプライベート,肌寒い朝とかけて、有名人のプライベートと解く。その心は「どちらも『陰（影）』でしょう。」,
,完全な同音異義語型,むせる土埃,空気中に舞い上がる微細な粒子,ちり,塵,地理,地理の勉強をする学生,むせる土埃とかけて、地理の勉強をする学生と解く。その心は『どちらも塵(ちり)でしょう』,
,多義語型,むせる土埃,空気中に粒子が広がり満ちる,じゅうまんする,充満する,充満する（不満などが）,待遇に不満を持つ社員,むせる土埃とかけて、待遇に不満を持つ社員と解く。その心は『どちらも充満するでしょう』,
,フレーズ・慣用句型,むせる土埃,視界を遮り見えにくくする,めをくもらせる,目を曇らせる,目を曇らせる（判断を誤る）,感情的になって正しい判断ができない人,むせる土埃とかけて、感情的になって正しい判断ができない人と解く。その心は『どちらも目を曇らせるでしょう』,
,完全な同音異義語型,むせる土埃,呼吸器に入り込む,きかん,気管,機関,鉄道車両の動力源,むせる土埃とかけて、鉄道車両の動力源と解く。その心は『どちらも気管(きかん)でしょう』,
,多義語型,むせる土埃,体や服に付着して離れない,まとわりつく,まとわりつく,まとわりつく（悪い噂などが）,過去に不祥事を起こした政治家,むせる土埃とかけて、過去に不祥事を起こした政治家と解く。その心は『どちらもまとわりつくでしょう』,
,フレーズ・慣用句型,むせる土埃,視界を遮り周囲を不明瞭にする,けむにまく,煙に巻く,煙に巻く（言葉巧みにはぐらかす）,質問にまともに答えない政治家,むせる土埃とかけて、質問にまともに答えない政治家と解く。その心は『どちらも煙に巻くでしょう』,
,完全な同音異義語型,痛い砂嵐,物理的な痛み、進みにくい体感,くるしい,苦しい（体感的に）,苦しい（経済的に、精神的に）,借金まみれの経営者,「痛い砂嵐」とかけて、「借金まみれの経営者」と解く。その心は「どちらも『苦しい』でしょう。」,
,完全な同音異義語型,痛い砂嵐,砂が激しく舞い上がり、現象が起こる,まきおこる,巻き起こる（物理的な現象が）,巻き起こる（議論や騒動が）,大論争を始めたばかりの政治家,「痛い砂嵐」とかけて、「大論争を始めたばかりの政治家」と解く。その心は「どちらも『巻き起こる』でしょう。」,
,多義語型,痛い砂嵐,砂で目が開けられない、視覚が機能しない,めがない,目がない（視界が遮られる）,目がない（非常に好きで理性を失う）,大好物のスイーツを前にした甘党,「痛い砂嵐」とかけて、「大好物のスイーツを前にした甘党」と解く。その心は「どちらも『目がない』でしょう。」,
,多義語型,痛い砂嵐,砂が物理的に表面を削り取る,けずる,削る（物理的に）,削る（費用や時間を減らす）,経費削減を強いられた会社の担当者,「痛い砂嵐」とかけて、「経費削減を強いられた会社の担当者」と解く。その心は「どちらも『削る』でしょう。」,
,フレーズ・慣用句型,痛い砂嵐,砂で視界が閉ざされ、進むべき方向が見えない,さきがみえない,先が見えない（視界が）,先が見えない（将来や見通しが立たない）,不況で廃業寸前の零細企業,「痛い砂嵐」とかけて、「不況で廃業寸前の零細企業」と解く。その心は「どちらも『先が見えない』でしょう。」,
,フレーズ・慣用句型,痛い砂嵐,砂が肌に当たってチクチクと刺激する,はだをさす,肌を刺す（物理的な異物が）,肌を刺す（厳しい寒さが）,厳冬期の夜道を歩く人,「痛い砂嵐」とかけて、「厳冬期の夜道を歩く人」と解く。その心は「どちらも『肌を刺す』でしょう。」,
,完全な同音異義語型,震える寒波,寒さが到来する、冷気がやってくる,くる,来る,繰る,カレンダー,震える寒波とかけて、カレンダーと解く。その心は『どちらも「来る（繰る）」』でしょう。,
,完全な同音異義語型,震える寒波,体が冷たくなる、冷え込む,ひえる,冷える,肥える,よく耕された畑,震える寒波とかけて、よく耕された畑と解く。その心は『どちらも「冷える（肥える）」』でしょう。,
,多義語型,震える寒波,非常に厳しい寒さである,きびしい,厳しい,厳しい,ベテランの審査官,震える寒波とかけて、ベテランの審査官と解く。その心は『どちらも「厳しい」』でしょう。,
,多義語型,震える寒波,水などが凍りつく,こおる,凍る,凍る,怪談を聞いた人,震える寒波とかけて、怪談を聞いた人と解く。その心は『どちらも「凍る」』でしょう。,
,フレーズ・慣用句型,震える寒波,身をもって寒さを感じる、直接的に体感する,はだでかんじる,肌で感じる,肌で感じる,熟練の職人,震える寒波とかけて、熟練の職人と解く。その心は『どちらも「肌で感じる」』でしょう。,
,フレーズ・慣用句型,震える寒波,寒さで身が縮こまり、動きが鈍くなる,みがすくむ,身がすくむ,身がすくむ,大勢の前でスピーチをする人,震える寒波とかけて、大勢の前でスピーチをする人と解く。その心は『どちらも「身がすくむ」』でしょう。,
,完全な同音異義語型,ベタつく湿気,肌や物にまとわりつく不快感,まとわる,纏わる,祭る,神聖な行事,ベタつく湿気とかけて、神聖な行事と解く。その心は「どちらも『纏わる（祭る）』でしょう。」,
,完全な同音異義語型,ベタつく湿気,空間に滞留し、逃げない感じ,こもる,籠もる,篭る,外出を避けて家にいる人,ベタつく湿気とかけて、外出を避けて家にいる人と解く。その心は「どちらも『籠もる』でしょう。」,
,多義語型,ベタつく湿気,空気や気分が不快で重苦しい状態,おもい,重い,重い,悩み事を抱えている人,ベタつく湿気とかけて、悩み事を抱えている人と解く。その心は「どちらも気が『重い』でしょう。」,
,多義語型,ベタつく湿気,肌や物に付着し、離れない状態,まとわりつく,まとわりつく,まとわりつく,しつこくつきまとう人,ベタつく湿気とかけて、しつこくつきまとう人と解く。その心は「どちらも『まとわりつく』でしょう。」,
,フレーズ・慣用句型,ベタつく湿気,不快感が残り、気分が晴れない状態,さっぱりしない,さっぱりしない,さっぱりしない,煮え切らない態度の上司,ベタつく湿気とかけて、煮え切らない態度の上司と解く。その心は「どちらも『さっぱりしない』でしょう。」,
,フレーズ・慣用句型,ベタつく湿気,肌や衣類が肌に密着する状態,はりつく,張り付く,張り付く,長時間同じ場所にいる警備員,ベタつく湿気とかけて、長時間同じ場所にいる警備員と解く。その心は「どちらも『張り付く』でしょう。」,
,完全な同音異義語型,轟く雷鳴,空から響く大音量、突然の自然現象,かみなり,雷,雷（激しい叱責）,子供を叱る父親,轟く雷鳴とかけて、子供を叱る父親と解く。その心は「どちらも『雷（かみなり）』を落とす」でしょう。,
,完全な同音異義語型,轟く雷鳴,空中で大きな音が発生する,なる,鳴る,成る（実を結ぶ、完成する）,豊作を期待する農家,轟く雷鳴とかけて、豊作を期待する農家と解く。その心は「どちらも『実（み）が成る』ことを願う」でしょう。,
,多義語型,轟く雷鳴,大きな音が鳴り響く,とどろく,轟く（音や声が盛んに鳴り響く）,轟く（名声が世間に広く伝わる）,歴史に名を残した偉人,轟く雷鳴とかけて、歴史に名を残した偉人と解く。その心は「どちらも『轟く』でしょう」。,
,多義語型,轟く雷鳴,音の広がりや強さ,ひびき,響き（音の伝わり方や質感）,響き（人々の心に訴えかけるもの）,聴衆を魅了する演説家,轟く雷鳴とかけて、聴衆を魅了する演説家と解く。その心は「どちらも『響き』がある」でしょう。,
,フレーズ・慣用句型,轟く雷鳴,青空に突然現れる雷,せいてんのへきれき,青天の霹靂（青空に突然起こる雷）,青天の霹靂（予期せぬ出来事、急な変動）,突然の解雇通知を受けたサラリーマン,轟く雷鳴とかけて、突然の解雇通知を受けたサラリーマンと解く。その心は「どちらも『青天の霹靂』でしょう」。,
,フレーズ・慣用句型,轟く雷鳴,低音が体に物理的に伝わる感覚,はらにひびく,腹に響く（物理的な振動が体に伝わる）,腹に響く（言葉が心に深く届き、納得させる）,説得力のあるベテラン上司の言葉,轟く雷鳴とかけて、説得力のあるベテラン上司の言葉と解く。その心は「どちらも『腹に響く』でしょう」。,
,完全な同音異義語型,冷たい秋雨,体が冷える、気温が下がる,ひえる,冷える,肥える,農家が手入れした田畑,「冷たい秋雨」とかけて、「農家が手入れした田畑」と解く。その心は「どちらも『肥える』でしょう。」,
,完全な同音異義語型,冷たい秋雨,地面や物が濡れて湿る,しめる,湿る,占める,国会での多数派,「冷たい秋雨」とかけて、「国会での多数派」と解く。その心は「どちらも『占める』でしょう。」,
,多義語型,冷たい秋雨,景色がぼんやりして見えにくくなる,かすむ,霞む（景色が）,霞む（希望や展望が）,将来の展望が見えない若者,「冷たい秋雨」とかけて、「将来の展望が見えない若者」と解く。その心は「どちらも『霞む』でしょう。」,
,多義語型,冷たい秋雨,気温が下がり、体感的に寒さを感じる,さむくなる,寒くなる（気温が）,寒くなる（場の雰囲気が）,失敗したギャグを言った芸人,「冷たい秋雨」とかけて、「失敗したギャグを言った芸人」と解く。その心は「どちらも『寒くなる』でしょう。」,
,フレーズ・慣用句型,冷たい秋雨,外出をためらい、行動が止まる,あしがとまる,足が止まる（外出をためらって）,足が止まる（魅力に引き寄せられて）,ショーウィンドウの美しいディスプレイ,「冷たい秋雨」とかけて、「ショーウィンドウの美しいディスプレイ」と解く。その心は「どちらも『足が止まる』でしょう。」,
,フレーズ・慣用句型,冷たい秋雨,物悲しい雰囲気に包まれ、深く考え込む,ものおもいにふける,物思いにふける（雨の音を聞きながら）,物思いにふける（悲しみや悩みで）,失恋して落ち込んでいる人,「冷たい秋雨」とかけて、「失恋して落ち込んでいる人」と解く。その心は「どちらも『物思いにふける』でしょう。」,
,完全な同音異義語型,ジリジリ焼ける太陽,熱い、焼ける、肌を焦がす,こげる,焦げる（肌や物が熱で焼ける）,焦げる（鍋の底が熱で黒くなる）,料理中の鍋,「ジリジリ焼ける太陽」とかけて、「料理中の鍋」と解く。その心は「どちらも『焦げる』でしょう。」,
,完全な同音異義語型,ジリジリ焼ける太陽,熱い、強い日差しで体が焼かれる,からだをこがす,体を焦がす（強い日差しで肌が焼ける）,身を焦がす（恋などで心を悩ませる）,失恋した人,「ジリジリ焼ける太陽」とかけて、「失恋した人」と解く。その心は「どちらも『身を焦がす』でしょう。」,
,多義語型,ジリジリ焼ける太陽,熱さが厳しい、日差しが容赦ない,きびしい,厳しい（日差しや暑さが）,厳しい（テストやノルマなどが）,難関大学の入学試験,「ジリジリ焼ける太陽」とかけて、「難関大学の入学試験」と解く。その心は「どちらも『厳しい』でしょう。」,
,多義語型,ジリジリ焼ける太陽,熱量や光線が強い、体力を奪う,つよい,強い（日差し、光線が）,強い（腕力、信念などが）,腕相撲のチャンピオン,「ジリジリ焼ける太陽」とかけて、「腕相撲のチャンピオン」と解く。その心は「どちらも『強い』でしょう。」,
,フレーズ・慣用句型,ジリジリ焼ける太陽,極度の暑さ、耐え難い熱気,あつくてたまらない,暑くてたまらない（物理的な暑さ）,暑くてたまらない（熱気や熱狂で気分が高揚している）,熱狂的なライブ会場,「ジリジリ焼ける太陽」とかけて、「熱狂的なライブ会場」と解く。その心は「どちらも『暑くてたまらない』でしょう。」,
,フレーズ・慣用句型,ジリジリ焼ける太陽,熱く、容赦なく照りつける,あついまなざし,熱い日差し,熱い眼差し（情熱的で真剣な視線）,好きな人を見つめる恋人,「ジリジリ焼ける太陽」とかけて、「好きな人を見つめる恋人」と解く。その心は「どちらも『熱いまなざし』でしょう。」,
,完全な同音異義語型,突き刺さる木枯らし,身を切るような寒さ,みをきる,身を切る（寒さで体が凍える）,身を斬る（刀で体を斬る、比喩的に苦しい決断をする）,武士,突き刺さる木枯らしとかけて、武士と解く。その心は「どちらも身を切る」でしょう。,
,多義語型,突き刺さる木枯らし,過酷な寒さ,きびしい,厳しい（寒さが過酷である）,厳しい（しつけや状況が困難である）,スパルタ教育の先生,突き刺さる木枯らしとかけて、スパルタ教育の先生と解く。その心は「どちらも厳しい」でしょう。,
,フレーズ・慣用句型,突き刺さる木枯らし,寒さが体に負担をかける,からだにこたえる,体にこたえる（寒さが体に負担となる）,体にこたえる（無理な労働や病気が体に負担となる）,無理が続く徹夜仕事,突き刺さる木枯らしとかけて、無理が続く徹夜仕事と解く。その心は「どちらも体にこたえる」でしょう。,
,完全な同音異義語型,突き刺さる木枯らし,寒さが肌や体の中に深く入り込む,しみる,染みる（寒さが肌に深く入る）,染みる（味が染み込む、心に深く感じる）,味がよく染み込んだ煮物,突き刺さる木枯らしとかけて、味がよく染み込んだ煮物と解く。その心は「どちらも染みる」でしょう。,
,多義語型,突き刺さる木枯らし,天候が荒れる,あれる,荒れる（天候が風で荒れる）,荒れる（肌が荒れる、生活が荒れる）,肌の手入れを怠った顔,突き刺さる木枯らしとかけて、肌の手入れを怠った顔と解く。その心は「どちらも荒れる」でしょう。,
,フレーズ・慣用句型,突き刺さる木枯らし,風の勢いが強い,かぜあたりがつよい,風当たりが強い（実際に風の勢いが強い）,風当たりが強い（批判や非難を強く受ける）,批判に晒される新人議員,突き刺さる木枯らしとかけて、批判に晒される新人議員と解く。その心は「どちらも風当たりが強い」でしょう。,
,多義語型,匂う潮風,遠くからでも感じられる、あたりに広がる,かんじる,感じる (匂いを五感でとらえる),感じる (相手の気持ちや場の雰囲気を察する),相手の気持ちをよく察する人,匂う潮風とかけて、相手の気持ちをよく察する人と解く。その心は「どちらも『感じる』でしょう。」,
,フレーズ・慣用句型,匂う潮風,塩気のある匂いを発する,しおけをきかせる,塩気をきかせる (潮風が塩の匂いを強く感じさせる),塩気をきかせる (料理の味付けや交渉で効果的に強さを見せる),料理の味付けが上手な人,匂う潮風とかけて、料理の味付けが上手な人と解く。その心は「どちらも『塩気をきかせる』でしょう。」,
,完全な同音異義語型,匂う潮風,特徴的な香りが漂う,かおり,香り (嗅覚で感じるもの),狩り (獲物を捕らえる行為),昔の狩人,匂う潮風とかけて、昔の狩人と解く。その心は「どちらも『かおり（香り/狩り）』でしょう。」,
,多義語型,匂う潮風,風そのもの、海からの空気の流れ,かぜ,風 (空気の流れ、気象現象),風 (世間の動向、流行、うわさ),世間のトレンドを察知するマーケター,匂う潮風とかけて、世間のトレンドを察知するマーケターと解く。その心は「どちらも『風（かぜ）を読み取る』でしょう。」,
,フレーズ・慣用句型,匂う潮風,どこからともなく匂いが漂ってくる,ながれてくる,流れてくる (風に乗って匂いが届く),流れてくる (噂や情報が伝わる、人が移動してくる),巷の噂話,匂う潮風とかけて、巷の噂話と解く。その心は「どちらも『流れてくる』でしょう。」,
,完全な同音異義語型,匂う潮風,ある特有の香りを発生させている,におわせる,匂わせる (香りを漂わせる、感じさせる),匂わせる (それとなくほのめかす、暗示する),秘密を隠し持つ人物,匂う潮風とかけて、秘密を隠し持つ人物と解く。その心は「どちらも『匂わせる』でしょう。」,
,完全な同音異義語型,目が痛む紫外線,目に悪影響を与え、傷つける,いためる,目を痛める,炒める,野菜炒めを作る料理人,目が痛む紫外線とかけて、野菜炒めを作る料理人と解く。その心は『どちらも【いためる】でしょう。』,
,多義語型,目が痛む紫外線,目に見えない光線の一種である,ひかり,光（光線）,光（将来性・希望）,将来が期待される若者,目が痛む紫外線とかけて、将来が期待される若者と解く。その心は『どちらも【光】を持っているでしょう。』,
,フレーズ・慣用句型,目が痛む紫外線,光線でありながら、人間の目には直接見えない,めにみえない,目に見えない（視認できない）,目に見えない（努力など）,地道に練習するアスリート,目が痛む紫外線とかけて、地道に練習するアスリートと解く。その心は『どちらも【目に見えない】ものでしょう。』,
,完全な同音異義語型,目が痛む紫外線,肌や目を日焼けさせる作用がある,やける,焼ける（日焼けする）,焼ける（調理される）,焼きたてのパン,目が痛む紫外線とかけて、焼きたてのパンと解く。その心は『どちらも【焼ける】でしょう。』,
,多義語型,目が痛む紫外線,光が目に到達し、接触すること,ふれる,目に触れる（光が目に到達する）,触れる（話題に出す）,会議で核心に迫る議題,目が痛む紫外線とかけて、会議で核心に迫る議題と解く。その心は『どちらも【触れる】でしょう。』,
,フレーズ・慣用句型,目が痛む紫外線,強烈な光で視覚に一時的な影響を与える危険がある,めをくらます,目をくらます（強い光で）,目をくらます（騙す、ごまかす）,巧妙な詐欺師,目が痛む紫外線とかけて、巧妙な詐欺師と解く。その心は『どちらも【目をくらます】でしょう。』,
,多義語型,濡れる霧雨,霧雨が降り、物がゆっくりと湿っていく様,しっとり,肌がしっとり濡れる,性格がしっとりしている,奥ゆかしい雰囲気の女性,濡れる霧雨とかけて、奥ゆかしい雰囲気の女性と解く。その心は『どちらも「しっとり」でしょう。』,
,フレーズ・慣用句型,濡れる霧雨,霧雨によって、視界がぼやけて、遠くが見えにくくなる,まえがみえなくなる,霧雨で「前が見えなくなる」,借金などで「前が見えなくなる」,多額の借金を抱えた人,濡れる霧雨とかけて、多額の借金を抱えた人と解く。その心は『どちらも「前が見えなくなる」でしょう。』,
,完全な同音異義語型,濡れる霧雨,霧雨の細かな水滴が、まるで何かを「注ぐ」ように降りかかる,そそぐ,霧雨が静かに「注ぐ」,愛情を「注ぐ」,我が子を慈しむ親,濡れる霧雨とかけて、我が子を慈しむ親と解く。その心は『どちらも「そそぐ」でしょう。』,
,多義語型,濡れる霧雨,霧雨が降って、景色や心が「ぼんやり」とした状態になる,ぼんやり,霧雨で景色が「ぼんやり」する,考え事が多くて「ぼんやり」する,物思いにふける人,濡れる霧雨とかけて、物思いにふける人と解く。その心は『どちらも「ぼんやり」でしょう。』,
,フレーズ・慣用句型,濡れる霧雨,霧雨は気づかれないうちに、肌や服をゆっくりと「湿らせて」いく,じわじわきいてくる,霧雨が「じわじわ効いてくる」ように濡れる,漢方薬が「じわじわ効いてくる」,効果に時間のかかる漢方薬,濡れる霧雨とかけて、効果に時間のかかる漢方薬と解く。その心は『どちらも「じわじわ効いてくる」でしょう。』,
,完全な同音異義語型,濡れる霧雨,霧雨が細かく降り、肌や髪に「付着」する,つく,霧雨が肌に「つく」,餅が「つく」,杵と臼で餅つきをする人,濡れる霧雨とかけて、杵と臼で餅つきをする人と解く。その心は『どちらも「つく」でしょう。』,
,完全な同音異義語型,じめじめした梅雨,湿気が多い、水っぽい,しめる,湿る,締める,商店主,「じめじめした梅雨」とかけて、「商店主」と解く。その心は「どちらも『しめる（湿る/締める）』でしょう。」,
,完全な同音異義語型,じめじめした梅雨,雨が降る、水気が多い,アメ,雨,飴,子供のおやつ,「じめじめした梅雨」とかけて、「子供のおやつ」と解く。その心は「どちらも『アメ（雨/飴）』がつきもの」でしょう。,
,多義語型,じめじめした梅雨,空が重い、気分が沈む,どんより,どんより（空や気分が）,どんより（雰囲気や表情が）,やる気のない新人,「じめじめした梅雨」とかけて、「やる気のない新人」と解く。その心は「どちらも『どんより』しているでしょう。」,
,多義語型,じめじめした梅雨,湿気で空気がこもる、不快,むれる,蒸れる（気候や空気が）,蒸れる（人が多くて熱気がこもる、足などが）,長時間の会議室,「じめじめした梅雨」とかけて、「長時間の会議室」と解く。その心は「どちらも『むれる（蒸れる）』でしょう。」,
,フレーズ・慣用句型,じめじめした梅雨,洗濯物が乾かない、気分が晴れない,スッキリしない,スッキリしない（洗濯物や気分が）,スッキリしない（悩みや体調が）,悩み多き若者,「じめじめした梅雨」とかけて、「悩み多き若者」と解く。その心は「どちらも『スッキリしない』でしょう。」,
,フレーズ・慣用句型,じめじめした梅雨,雨が続く、日差しがない,ハレがない,晴れがない（天候が）,華がない（魅力や目立つ部分が）,地味な新人アイドル,「じめじめした梅雨」とかけて、「地味な新人アイドル」と解く。その心は「どちらも『ハレ（晴れ/華）がない』でしょう。」,
,多義語型,荒れ狂う波,物理的に向かってくる、届く,おしよせる,海岸に「押し寄せる」,借金が「押し寄せる」,借金まみれの経営者,「荒れ狂う波」とかけて、「借金まみれの経営者」と解く。その心は「どちらも『押し寄せる』でしょう。」,
,多義語型,荒れ狂う波,激しく衝突してバラバラになる,くだける,岩に当たって「砕ける」,希望が「砕ける」,夢破れた人,「荒れ狂う波」とかけて、「夢破れた人」と解く。その心は「どちらも『砕ける』でしょう。」,
,フレーズ・慣用句型,荒れ狂う波,障害物を越えていく,のりこえる,防波堤を「乗り越える」,困難を「乗り越える」,試練に立ち向かう人,「荒れ狂う波」とかけて、「試練に立ち向かう人」と解く。その心は「どちらも『乗り越える』でしょう。」,
,フレーズ・慣用句型,荒れ狂う波,勢いが衰えない、収まらない,しずまらない,なかなか「静まらない」,熱狂が「静まらない」,大熱狂のコンサート会場,「荒れ狂う波」とかけて、「大熱狂のコンサート会場」と解く。その心は「どちらも『静まらない』でしょう。」,
,完全な同音異義語型,荒れ狂う波,大きな曲線を描いて動く,うねる,海面が大きく「うねる」,髪の毛が「うねる」,天然パーマの人,「荒れ狂う波」とかけて、「天然パーマの人」と解く。その心は「どちらも『うねる』でしょう。」,
,完全な同音異義語型,荒れ狂う波,性質が激しい、粗野な,あらい,性質が「荒い」,網の目が「粗い」,目の粗い網,「荒れ狂う波」とかけて、「目の粗い網」と解く。その心は「どちらも『あらい』でしょう。」,
,多義語型,昇る朝日,空に現れ、高い位置へ進む,あがる,日が「上がる」,天ぷらが「揚がる」,天ぷら職人,昇る朝日とかけて、天ぷら職人と解く。その心は『どちらも「上がる」でしょう。』,
,フレーズ・慣用句型,昇る朝日,世界を明るく照らす,ひかりをあてる,世界に「光を当てる」,問題に「光を当てる」,調査報道記者,昇る朝日とかけて、調査報道記者と解く。その心は『どちらも「光を当てる」でしょう。』,
,完全な同音異義語型,昇る朝日,空が赤く染まる,くれない,空が「紅」に染まる,お金を「呉れない」,お小遣いをねだる子供,昇る朝日とかけて、お小遣いをねだる子供と解く。その心は『どちらも「くれない」でしょう。』,
,多義語型,昇る朝日,地平線から姿を見せる,かおをだす,地平線から「顔を出す」,集まりに「顔を出す」,忙しいビジネスマン,昇る朝日とかけて、忙しいビジネスマンと解く。その心は『どちらも「顔を出す」でしょう。』,
,フレーズ・慣用句型,昇る朝日,暗闇を払いのけ、明るさをもたらす,やみをはらす,夜の「闇を晴らす」,事件の「闇を晴らす」,名探偵,昇る朝日とかけて、名探偵と解く。その心は『どちらも「闇を晴らす」でしょう。』,
,完全な同音異義語型,昇る朝日,空へ向かって高くなる,のぼる,太陽が「昇る」,山を「登る」,登山家,昇る朝日とかけて、登山家と解く。その心は『どちらも「のぼる」でしょう。』,
,完全な同音異義語型,沈む夕日,空が赤く「焼ける」ような色になる物理的状態,やける,焼ける（空が夕焼けで焼ける）,妬ける（嫉妬で妬ける）,恋に悩む人,沈む夕日とかけて、恋に悩む人と解く。その心は「どちらもやけるでしょう。」,
,完全な同音異義語型,沈む夕日,太陽が地平線の下に「沈む」物理的動作,しずむ,沈む（日が地平線に沈む）,鎮まる（騒ぎが鎮まる）,喧嘩中の夫婦,沈む夕日とかけて、喧嘩中の夫婦と解く。その心は「どちらもそのうち鎮まる（沈む）でしょう。」,
,多義語型,沈む夕日,太陽が隠れて「一日が終わる」という機能的状態,おわり,終わり（一日の終わり）,終わり（長かったプロジェクトの終わり）,長かったプロジェクト,沈む夕日とかけて、長かったプロジェクトと解く。その心は「どちらも終わりが来るでしょう。」,
,多義語型,沈む夕日,空が夕焼けの赤色に「染まる」物理的状態,そまる,染まる（空が夕焼け色に染まる）,染まる（新しい環境に染まる）,転校生,沈む夕日とかけて、転校生と解く。その心は「どちらも新しい色に染まるでしょう。」,
,フレーズ・慣用句型,沈む夕日,太陽が物理的に「落ちる」動作,ひがおちる,日が落ちる（太陽が沈む）,日が落ちる（人気や勢いが落ちる）,人気の落ち目のアイドル,沈む夕日とかけて、人気の落ち目のアイドルと解く。その心は「どちらも日が落ちるでしょう。」,
,フレーズ・慣用句型,沈む夕日,太陽が周期的にその「一日を終える」という機能,いちにちをおえる,一日を終える（太陽がその日の役割を終える）,一日を終える（残業を終えた会社員がその日の業務を終える）,残業を終えた会社員,沈む夕日とかけて、残業を終えた会社員と解く。その心は「どちらも一日を終えるでしょう。」,
,完全な同音異義語型,満ちる潮,海水が増え、その量や状態が重要な役割を果たす。,しおかげん,潮加減（潮の満ち引きやその状態）,塩加減（料理の味付けの塩分量）,料理人,満ちる潮とかけて、料理人と解く。その心は『どちらも塩（潮）加減が重要でしょう。』,
,完全な同音異義語型,満ちる潮,潮が特定の方向へ向かって満ちてくる様子。,さす,差す（潮が満ちてくる、差し潮）,指す（方角を指す、目標を指す）,羅針盤,満ちる潮とかけて、羅針盤と解く。その心は『どちらも方角を差す（指す）でしょう。』,
,多義語型,満ちる潮,水位が上がり、水深が増して底が見えにくくなる。,ふかい,深い（水深が深い）,深い（思考が深い、関係が深い）,哲学者,満ちる潮とかけて、哲学者と解く。その心は『どちらも考えが深いでしょう。』,
,多義語型,満ちる潮,海水が増加し、その流れに力強さや活気が感じられる。,いきおい,勢い（潮の流れの勢い）,勢い（事業の勢い、若者の勢い）,新興企業の社長,満ちる潮とかけて、新興企業の社長と解く。その心は『どちらも勢いがあるでしょう。』,
,フレーズ・慣用句型,満ちる潮,海水が増え、物理的な波が岸に近づいてくる。,なみがよせてくる,波が寄せてくる（物理的な波が岸辺に打ち寄せる）,波が寄せてくる（困難や問題が迫りくる比喩）,困難な状況に直面している人,満ちる潮とかけて、困難な状況に直面している人と解く。その心は『どちらも大きな波が寄せてくるでしょう。』,
,フレーズ・慣用句型,満ちる潮,潮位が上昇し、物事が上向きに推移している状態。,のぼりちょうし,昇り調子（潮位が上昇している状態）,昇り調子（運気や勢いが上向いている状態）,成功を目指す若者,満ちる潮とかけて、成功を目指す若者と解く。その心は『どちらもこれから昇り調子でしょう。』,
,多義語型,引く波,波が去った後に水気や余韻が残る状態,あとをひく,後を引く,後を引く（影響が残る）,忘れられない過去の出来事,引く波とかけて、忘れられない過去の出来事と解く。その心は「どちらも『後を引く』でしょう。」,
,完全な同音異義語型,引く波,海岸線に打ち寄せ、沖へ戻る小さな波,さざなみ,さざ波,さざ波（心の揺れ動き）,初恋の想い,引く波とかけて、初恋の想いと解く。その心は「どちらも『さざ波』でしょう。」,
,フレーズ・慣用句型,引く波,満ちた潮が引いていく特定の時間,しおどき,潮時,潮時（引き際）,引退を決意したベテラン棋士,引く波とかけて、引退を決意したベテラン棋士と解く。その心は「どちらも『潮時』でしょう。」,
,完全な同音異義語型,引く波,水が陸地から沖へと移動する動き,ひく,引く,弾く（楽器を演奏する）,バイオリンの演奏者,引く波とかけて、バイオリンの演奏者と解く。その心は「どちらも『弾く』でしょう。」,
,多義語型,引く波,波が退くことで隠れていた砂浜や岩礁が見えてくる様子,すがたをあらわす,姿を現す,姿を現す（登場する）,長い間行方不明だった人,引く波とかけて、長い間行方不明だった人と解く。その心は「どちらも『姿を現す』でしょう。」,
,フレーズ・慣用句型,引く波,波が去った後に何も残らず元の状態に戻る様子,あとかたもない,跡形もない,跡形もない（完全に消え去る）,証拠を完全に隠滅した犯罪者,引く波とかけて、証拠を完全に隠滅した犯罪者と解く。その心は「どちらも『跡形もない』でしょう。」,
,完全な同音異義語型,降る雨,空から水滴が地面に落ちてくる,ふる,降る,振る,運動会の応援団,「降る雨」とかけて、「運動会の応援団」と解く。その心は『どちらも「ふる」でしょう。』,
,完全な同音異義語型,降る雨,地面や物が水分を含んで湿る,しめる,湿る,締める,出かける前の戸締まり確認,「降る雨」とかけて、「出かける前の戸締まり確認」と解く。その心は『どちらも「しめる」でしょう。』,
,多義語型,降る雨,水滴が窓などを連続的に打ちつける,たたく,叩く,叩く,新鮮な魚を捌く板前,「降る雨」とかけて、「新鮮な魚を捌く板前」と解く。その心は『どちらも「たたく」でしょう。』,
,多義語型,降る雨,雨が降り止む、終わる,やむ,止む,病む,精神的に疲弊した人,「降る雨」とかけて、「精神的に疲弊した人」と解く。その心は『どちらも「やむ」でしょう。』,
,フレーズ・慣用句型,降る雨,地面がぬかるみ、歩きにくい,あしもとがわるい,足元が悪い,足元が悪い,経営危機に瀕した会社,「降る雨」とかけて、「経営危機に瀕した会社」と解く。その心は『どちらも「足元が悪い」でしょう。』,
,フレーズ・慣用句型,降る雨,植物や大地に水を与え、豊かにする,めぐみをもたらす,恵みをもたらす,恵みをもたらす,慈善事業を行うボランティア団体,「降る雨」とかけて、「慈善事業を行うボランティア団体」と解く。その心は『どちらも「恵みをもたらす」でしょう。』,
,完全な同音異義語型,止む雪,降るのを終える,やむ,止む,病む,ストレスを抱える現代人,「止む雪」とかけて、「ストレスを抱える現代人」と解く。その心は「どちらも『やむ』でしょう。」,
,完全な同音異義語型,止む雪,地面に残り、積もり続ける,つもる,積もる,募る,恋心を隠している人,「止む雪」とかけて、「恋心を隠している人」と解く。その心は「どちらも『つもる』でしょう。」,
,多義語型,止む雪,降り続いたものが落ち着き、静寂が訪れる,しずまる,静まる,静まる,熱狂的な応援が続く試合会場,「止む雪」とかけて、「熱狂的な応援が続く試合会場」と解く。その心は「どちらも『やがて静まる』でしょう。」,
,多義語型,止む雪,空が澄み渡る,はれる,晴れる,晴れる,無実を証明された容疑者,「止む雪」とかけて、「無実を証明された容疑者」と解く。その心は「どちらも『はれる』でしょう。」,
,フレーズ・慣用句型,止む雪,一面が白く覆われる,まっしろになる,真っ白になる,真っ白になる,突然の質問に戸惑う人,「止む雪」とかけて、「突然の質問に戸惑う人」と解く。その心は「どちらも『真っ白になる』でしょう。」,
,フレーズ・慣用句型,止む雪,交通や人々の活動が再開する,うごきだす,動き出す,動き出す,ずっと停滞していたプロジェクト,「止む雪」とかけて、「ずっと停滞していたプロジェクト」と解く。その心は「どちらも『動き出す』でしょう。」,
,完全な同音異義語型,散る桜,花びらが枝を離れ、地面に落ちる様子,ちる,散る (花びらが散る),散る (負けて戦意が散る),劣勢で敗走する軍隊,散る桜とかけて、劣勢で敗走する軍隊と解く。その心は「どちらも『散る』でしょう。」,
,完全な同音異義語型,散る桜,水面に浮かび、流れていく花びら,ながれる,流れる (水面に花びらが流れる),流れる (別れの場で涙が流れる),別れの場で涙をこぼす人,散る桜とかけて、別れの場で涙をこぼす人と解く。その心は「どちらも『流れる』でしょう。」,
,多義語型,散る桜,その短い命の美しさと儚さ,さだめ,定め (散る運命、定められた寿命),定め (規則や決まり事),厳格な校則,散る桜とかけて、厳格な校則と解く。その心は「どちらも『定め』があるでしょう。」,
,多義語型,散る桜,美しいものが短期間で終わりを迎える様,ゆめ,夢 (儚く消える夢のような光景),夢 (将来の目標や希望),若者が語る将来の目標,散る桜とかけて、若者が語る将来の目標と解く。その心は「どちらも『夢』があるでしょう。」,
,フレーズ・慣用句型,散る桜,地面を覆い尽くす花びらの情景,じゅうたん,絨毯 (散り敷いた花びらが作る桜の絨毯),絨毯 (部屋の床に敷く敷物),リビングに敷く装飾品,散る桜とかけて、リビングに敷く装飾品と解く。その心は「どちらも『絨毯』になるでしょう。」,
,フレーズ・慣用句型,散る桜,風に舞い上がる花びらの動き,まい,舞い (花びらが風に舞い上がる様),舞い (日本の伝統的な踊り),舞台で披露される日本の伝統芸能,散る桜とかけて、舞台で披露される日本の伝統芸能と解く。その心は「どちらも『舞い』が美しいでしょう。」,
,完全な同音異義語型,咲く花,美しく「咲く」。,さく,咲く（花が開く）,裂く（布や紙などを引き「裂く」）,布を裁断する職人,咲く花とかけて、布を裁断する職人と解く。その心は「どちらも『裂く』でしょう。」,
,完全な同音異義語型,咲く花,やがて「種」を残す。,たね,種（植物の種子）,種（手品の仕掛け、話のネタ）,マジシャン,咲く花とかけて、マジシャンと解く。その心は「どちらも『種』を明かすでしょう。」,
,多義語型,咲く花,養分や生命力が「満ちる」。,みちる,満ちる（生命力や養分が「満ちる」）,満ちる（月が「満ちる」）,満月,咲く花とかけて、満月と解く。その心は「どちらも『満ちる』でしょう。」,
,多義語型,咲く花,豊かな「色」を持つ。,いろ,色（色彩）,色（恋愛、情事）,恋多き人,咲く花とかけて、恋多き人と解く。その心は「どちらも『色』を持つでしょう。」,
,フレーズ・慣用句型,咲く花,土から新しい「芽を出す」。,めをだす,芽を出す（植物が「芽を出す」）,芽を出す（才能や特徴が「芽を出す」）,新人の才能ある若者,咲く花とかけて、新人の才能ある若者と解く。その心は「どちらも『芽を出す』でしょう。」,
,フレーズ・慣用句型,咲く花,やがて「実を結ぶ」。,みをむすぶ,実を結ぶ（花が「実を結ぶ」）,実を結ぶ（努力が「実を結ぶ」）,長年の研究者,咲く花とかけて、長年の研究者と解く。その心は「どちらも『実を結ぶ』でしょう。」,
,完全な同音異義語型,枯れる葉,水分を失い、生気を失ってしぼむ状態,しぼむ,萎む,窄む,不景気で縮小する会社,枯れる葉とかけて、不景気で縮小する会社と解く。その心は『どちらも『しぼむ』でしょう。』,
,完全な同音異義語型,枯れる葉,時期が来て枝から離れて落ちる動作,おちる,落ちる,落ちる,入学試験に不合格だった学生,枯れる葉とかけて、入学試験に不合格だった学生と解く。その心は『どちらも『落ちる』でしょう。』,
,多義語型,枯れる葉,栄養や水分がなくなり、生気が無くなる状態,なくなる,無くなる,無くなる,旅先で所持金が心許ない旅行者,枯れる葉とかけて、旅先で所持金が心許ない旅行者と解く。その心は『どちらも『無くなる』でしょう。』,
,多義語型,枯れる葉,光合成などの機能的な役目を終える状態,やくめをおえる,役目を終える,役目を終える,定年退職したベテラン社員,枯れる葉とかけて、定年退職したベテラン社員と解く。その心は『どちらも『役目を終える』でしょう。』,
,フレーズ・慣用句型,枯れる葉,命が尽きて散っていく様子,ちりゆく,散りゆく,散りゆく,過去の栄光を失いつつある名家,枯れる葉とかけて、過去の栄光を失いつつある名家と解く。その心は『どちらも『散りゆく』でしょう。』,
,フレーズ・慣用句型,枯れる葉,緑から黄色や茶色へと物理的に色が変わる変化,いろがかわる,色が変わる,色が変わる,とんでもないニュースを聞いて顔色が変わった人,枯れる葉とかけて、とんでもないニュースを聞いて顔色が変わった人と解く。その心は『どちらも『色が変わる』でしょう。』,
,完全な同音異義語型,変わる季節,時の流れと共に、景色や気候が変化していくこと。風景が移り変わる。,うつろう,移ろう,映ろう,水面に月が映る池,変わる季節とかけて、水面に月が映る池と解く。その心は「どちらも移ろう」でしょう。,
,完全な同音異義語型,変わる季節,一定の周期で同じ季節が再びやってくること。,めぐる,巡る,捲る,カレンダーを毎日めくる人,変わる季節とかけて、カレンダーを毎日めくる人と解く。その心は「どちらも巡る」でしょう。,
,多義語型,変わる季節,草木が紅葉するなど、自然が特定の美しい色に染まること。,いろづく,色づく,色づく,絵を描き始めたばかりのキャンバス,変わる季節とかけて、絵を描き始めたばかりのキャンバスと解く。その心は「どちらも色づく」でしょう。,
,多義語型,変わる季節,気候や環境が連続的に変化していくこと。,うつりかわり,移り変わり,移り変わり,人の心の動き,変わる季節とかけて、人の心の動きと解く。その心は「どちらも移り変わりがある」でしょう。,
,フレーズ・慣用句型,変わる季節,気候の変化によって体調を崩すこと。,からだをこわす,体を壊す,体を壊す,建物の解体作業を行う現場,変わる季節とかけて、建物の解体作業を行う現場と解く。その心は「どちらも体を壊す」でしょう。,
,フレーズ・慣用句型,変わる季節,一年を通じて様々な季節が繰り返され、また元に戻ること。,めぐりめぐってくる,巡り巡ってくる,巡り巡ってくる,遠回しにされた噂話,変わる季節とかけて、遠回しにされた噂話と解く。その心は「どちらも巡り巡ってくる」でしょう。,
,完全な同音異義語型,巡る彗星,遠くへ行き、再び戻ってくる,きかん,帰還（きかん）,器官（きかん）,生物の体の仕組み,巡る彗星とかけて、生物の体の仕組みと解く。その心は「どちらも『器官』があるでしょう。」,
,多義語型,巡る彗星,太陽の周りを動いて一周する,まわる,回る（物理的に一周する）,回る（物事が順調に進む）,うまくいっているビジネス,巡る彗星とかけて、うまくいっているビジネスと解く。その心は「どちらも『回る』でしょう。」,
,フレーズ・慣用句型,巡る彗星,その美しさや珍しさで、見る人の心を強く惹きつける,ひとびとのこころをとらえる,人々の心をとらえる（魅了する）,人々の心をとらえる（支持や共感を得る）,大衆に支持される政治家,巡る彗星とかけて、大衆に支持される政治家と解く。その心は「どちらも『人々の心をとらえる』でしょう。」,
,完全な同音異義語型,巡る彗星,宇宙空間を長く移動する,たび,旅（長い道のり）,足袋（日本の履物）,和装に欠かせない履物,巡る彗星とかけて、和装に欠かせない履物と解く。その心は「どちらも『旅』でしょう。」,
,多義語型,巡る彗星,太陽に近づくと氷が蒸発し、その外見が大きく変わる,すがたをかえる,姿を変える（物理的な外見の変化）,姿を変える（組織や状態の様相が変化する）,組織改革を進める企業,巡る彗星とかけて、組織改革を進める企業と解く。その心は「どちらも『姿を変える』でしょう。」,
,フレーズ・慣用句型,巡る彗星,宇宙空間で光を放ち、その存在を示す,かがやきをはなつ,輝きを放つ（物理的に光を発する）,輝きを放つ（才能や存在感を発揮する）,舞台で主役を演じる俳優,巡る彗星とかけて、舞台で主役を演じる俳優と解く。その心は「どちらも『輝きを放つ』でしょう。」,
,完全な同音異義語型,光る星,夜空に現れる時間,よる,夜,寄る,人の集まる場所,「光る星」とかけて、「人の集まる場所」と解く。その心は『どちらも「よる」でしょう。』,
,完全な同音異義語型,光る星,高所にあり、手が届かない対象,ほし,星,干し,洗濯物,「光る星」とかけて、「洗濯物」と解く。その心は『どちらも「ほし」でしょう。』,
,多義語型,光る星,宇宙における天体の場所,いち,位置,一,スポーツ選手,「光る星」とかけて、「スポーツ選手」と解く。その心は『どちらも「いち」を目指すでしょう。』,
,多義語型,光る星,旅の方向を示す物理的な標識,みちしるべ,道しるべ,道しるべ,人生の師,「光る星」とかけて、「人生の師」と解く。その心は『どちらも「道しるべ」になるでしょう。』,
,フレーズ・慣用句型,光る星,無数に存在し、数えきれないほどの多さ,かずえきれない,数えきれない,数えきれない,経験豊富なベテラン,「光る星」とかけて、「経験豊富なベテラン」と解く。その心は『どちらも「数えきれない」ほどあるでしょう。』,
,フレーズ・慣用句型,光る星,周囲の暗闇の中でひときわ明るく輝くさま,ひときわめだつ,ひときわ目立つ,ひときわ目立つ,派手な服装の人,「光る星」とかけて、「派手な服装の人」と解く。その心は『どちらも「ひときわ目立つ」でしょう。』,
,完全な同音異義語型,伸びる影,光源が低い位置にあると、地面を這うように長く引き伸ばされる,のびる,伸びる,延びる,会議の時間,「伸びる影」とかけて、「会議の時間」と解く。その心は「どちらも『延びる』でしょう。」,
,多義語型,伸びる影,日の傾きや環境光の変化によって、その輪郭や濃さが曖昧になる,うすくなる,薄くなる,薄くなる,昔の記憶,「伸びる影」とかけて、「昔の記憶」と解く。その心は「どちらも『薄くなる』でしょう。」,
,フレーズ・慣用句型,伸びる影,動く物体に合わせ、常にその後を追いかけるように存在する,ついていく,付いていく,付いていく,流行のファッション,「伸びる影」とかけて、「流行のファッション」と解く。その心は「どちらも『付いていく』でしょう。」,
,完全な同音異義語型,伸びる影,夕暮れ時や霧の中では、輪郭がはっきりせずぼんやりと見える,かすむ,霞む,霞む,遠くの山並み,「伸びる影」とかけて、「遠くの山並み」と解く。その心は「どちらも『霞む』でしょう。」,
,多義語型,伸びる影,光源と物体の位置関係によって、実際の物体よりも大きく見えることがある,おおきくなる,大きくなる,大きくなる,子供の成長,「伸びる影」とかけて、「子供の成長」と解く。その心は「どちらも『大きくなる』でしょう。」,
,フレーズ・慣用句型,伸びる影,光があるところに必ず発生し、常にその存在と結びついている,つきもの,付き物,付き物,失敗談,「伸びる影」とかけて、「失敗談」と解く。その心は「どちらも『付き物』でしょう。」,
,多義語型,結ぶ露,表面に水滴が『集まる』,あつまる,集まる（露が表面に集まる）,集まる（地方都市に人が集まる）,地方都市の住民,結ぶ露とかけて、地方都市の住民と解く。その心は『どちらも集まる』でしょう。,
,多義語型,結ぶ露,朝日に当たると『光る』,ひかる,光る（露が光る）,光る（才能が光る）,才能ある若手社員,結ぶ露とかけて、才能ある若手社員と解く。その心は『どちらも光る』でしょう。,
,フレーズ・慣用句型,結ぶ露,草木に『宿る』,やどる,宿る（露が草木に宿る）,宿る（魂が宿る）,魂のこもった芸術作品,結ぶ露とかけて、魂のこもった芸術作品と解く。その心は『どちらも宿る』でしょう。,
,フレーズ・慣用句型,結ぶ露,はかない命の象徴、すぐに『消えてしまう』,きえてしまう,消えてしまう（露が消えてしまう）,消えてしまう（借金が消えてしまう）,帳消しになった借金,結ぶ露とかけて、帳消しになった借金と解く。その心は『どちらも消えてしまう』でしょう。,
,完全な同音異義語型,結ぶ露,葉の表面に『つく』,つく,付く（露が葉に付く）,搗く（餅を搗く）,正月前に餅つきをする人々,結ぶ露とかけて、正月前に餅つきをする人々と解く。その心は『どちらもつく』でしょう。,
,完全な同音異義語型,結ぶ露,朝の光で『きらめく』,きらめく,煌めく（露が煌めく）,閃く（アイデアが閃く）,名探偵のひらめき,結ぶ露とかけて、名探偵のひらめきと解く。その心は『どちらもきらめく』でしょう。,
,完全な同音異義語型,溶ける氷,形がなくなる、見えなくなる,きえる,消える（物理的に見えなくなる）,聞える（音が耳に届く）,聴力検査,「溶ける氷」とかけて、「聴力検査」と解く。その心は「どちらも『きえる』でしょう。」,
,完全な同音異義語型,溶ける氷,固体から液体へ変化する、解けて水になる,とける,溶ける（固体が液体になる）,解ける（問題や謎が明らかになる）,数学の難問,「溶ける氷」とかけて、「数学の難問」と解く。その心は「どちらも『とける』でしょう。」,
,多義語型,溶ける氷,量が減る、消費される、存在しなくなる,なくなる,なくなる（物理的に減少し、消滅する）,なくなる（在庫が尽きる、職を失う）,セール中の人気商品,「溶ける氷」とかけて、「セール中の人気商品」と解く。その心は「どちらも『なくなる』でしょう。」,
,多義語型,溶ける氷,触れると冷たい,つめたい,冷たい（温度が低い）,冷たい（人に対する態度が冷淡である）,無愛想な人,「溶ける氷」とかけて、「無愛想な人」と解く。その心は「どちらも『冷たい』でしょう。」,
,フレーズ・慣用句型,溶ける氷,形がなくなり、見えなくなる,すがたをけす,姿を消す（物理的に見えなくなる）,姿を消す（公の場から引退する、行方をくらます）,世間から引退した有名人,「溶ける氷」とかけて、「世間から引退した有名人」と解く。その心は「どちらも『姿を消す』でしょう。」,
,フレーズ・慣用句型,溶ける氷,完全に形がなくなり、何も残らない,あとかたもない,跡形もない（物理的な痕跡が一切残らない）,跡形もない（証拠や証人が全く残らない）,証拠を隠滅した完全犯罪,「溶ける氷」とかけて、「証拠を隠滅した完全犯罪」と解く。その心は「どちらも『跡形もない』でしょう。」,
,完全な同音異義語型,崩れる山,山の元の形状が失われること,かたがなくなる,形が無くなる,肩が無くなる,リストラされた会社員,「崩れる山」とかけて、「リストラされた会社員」と解く。その心は『どちらも「かたがなくなる（形が無くなる/肩が無くなる）」でしょう。』,
,完全な同音異義語型,崩れる山,山が崩壊し、その地形上の存在がなくなること,しょうめつ,消滅,焼滅,火事で全焼した家,「崩れる山」とかけて、「火事で全焼した家」と解く。その心は『どちらも「しょうめつ（消滅/焼滅）」でしょう。』,
,多義語型,崩れる山,山から土砂や岩石が下へ落ちること,らっか,落下,落第,進級試験に不合格だった学生,「崩れる山」とかけて、「進級試験に不合格だった学生」と解く。その心は『どちらも「落下（落第）」でしょう。』,
,多義語型,崩れる山,山が崩壊し、その形や存在が失われること,きえる,消える,消える,記憶喪失になった人,「崩れる山」とかけて、「記憶喪失になった人」と解く。その心は『どちらも「消える」でしょう。』,
,フレーズ・慣用句型,崩れる山,崩れやすい山が潜在的な危険を抱えている状態,きけんをはらむ,危険を孕む,危険を孕む,経営状態が危ういベンチャー企業,「崩れる山」とかけて、「経営状態が危ういベンチャー企業」と解く。その心は『どちらも「危険を孕む」でしょう。』,
,フレーズ・慣用句型,崩れる山,山が崩壊し、以前の姿とは全く異なる状態になること,おもかげがない,面影が無い,面影が無い,老いてすっかり容貌が変わった昔の友人,「崩れる山」とかけて、「老いてすっかり容貌が変わった昔の友人」と解く。その心は『どちらも「面影が無い」でしょう。』,
,完全な同音異義語型,晴れる空,雲がなくなり、視界が開けること,はれる,晴れる,腫れる,虫に刺された肌,晴れる空とかけて、虫に刺された肌と解く。その心は「どちらも『はれる』でしょう。」,
,完全な同音異義語型,晴れる空,澄み渡った青い色をしていること,あおい,青い,葵,徳川家の家紋,晴れる空とかけて、徳川家の家紋と解く。その心は「どちらも『あおい』でしょう。」,
,多義語型,晴れる空,雲や霧がなくなり、視界がクリアになること,きえる,雲が消える,悩みが消える,宝くじに当たった人,晴れる空とかけて、宝くじに当たった人と解く。その心は「どちらも『悩みが消える』でしょう。」,
,多義語型,晴れる空,太陽の光が降り注ぎ、周囲が明るくなること,ひかりがさす,光が差す,光が差す,新進気鋭の若手俳優,晴れる空とかけて、新進気鋭の若手俳優と解く。その心は「どちらも『光が差す』でしょう。」,
,フレーズ・慣用句型,晴れる空,雲一つなく、広々としている状態,いってんのくもりもない,一点の曇りもない,一点の曇りもない,潔白を証明した人,晴れる空とかけて、潔白を証明した人と解く。その心は「どちらも『一点の曇りもない』でしょう。」,
,フレーズ・慣用句型,晴れる空,雲がなくなり、遠くまで見通せるようになること,みとおしがたつ,見通しが立つ,見通しが立つ,新しいプロジェクトの企画担当者,晴れる空とかけて、新しいプロジェクトの企画担当者と解く。その心は「どちらも『見通しが立つ』でしょう。」,
,完全な同音異義語型,曇る天気,視界がぼやける、はっきりしない,かすむ,霞む,給料が霞む,薄給で日々の生活に奮闘する人,曇る天気とかけて、薄給で日々の生活に奮闘する人と解く。その心は「どちらも『霞む』でしょう。」,
,多義語型,曇る天気,光が弱く、明るくない,さえない,冴えない,冴えない（成績、顔色、気分など）,テストの成績が悪かった学生,曇る天気とかけて、テストの成績が悪かった学生と解く。その心は「どちらも『冴えない』でしょう。」,
,フレーズ・慣用句型,曇る天気,太陽の光が見えない,ひがみえる,日が見えない,僻みが見える,他人の成功を素直に喜べない人,曇る天気とかけて、他人の成功を素直に喜べない人と解く。その心は「どちらも『日が見えない（僻みが見える）』でしょう。」,
,完全な同音異義語型,曇る天気,空気中の水分が多くなる,しめる,湿る,締める（帯、ネジなど）,着物の帯をしっかりと結ぶ人,曇る天気とかけて、着物の帯をしっかりと結ぶ人と解く。その心は「どちらも『湿る（締める）』でしょう。」,
,多義語型,曇る天気,空が雲で覆い隠される,おおう,覆う,覆う（秘密、事実などを）,過去の失敗を誰にも知られまいとする人,曇る天気とかけて、過去の失敗を誰にも知られまいとする人と解く。その心は「どちらも『覆う』でしょう。」,
,フレーズ・慣用句型,曇る天気,景色が暗く、気分が沈みがちになる,きぶんがしずむ,気分が沈む,気分が沈む（失恋や挫折などによって）,長年連れ添ったペットを亡くした人,曇る天気とかけて、長年連れ添ったペットを亡くした人と解く。その心は「どちらも『気分が沈む』でしょう。」,
,多義語型,吹く風,風が生じる、何かを発生させる,おこす,風を「起こす」,問題や騒ぎを「起こす」,トラブルメーカー,吹く風とかけて、トラブルメーカーと解く。その心は「どちらも問題を『起こす』でしょう。」,
,完全な同音異義語型,吹く風,空気の流れが物質をある場所から別の場所へ移動させる,はこぶ,匂いや花粉を「運ぶ」,荷物や書類を「運ぶ」,宅配業者,吹く風とかけて、宅配業者と解く。その心は「どちらも様々なものを『運ぶ』でしょう。」,
,フレーズ・慣用句型,吹く風,風の強さや方向が常に変化し、その動きを感じる,うごきがある,風によって「動きがある」,市場や状況に「動きがある」,活発な市場,吹く風とかけて、活発な市場と解く。その心は「どちらも常に『動きがある』でしょう。」,
,多義語型,吹く風,空気の層が連続的に移動する,ながれる,空気が「流れる」,時間や流行が「流れる」,流行に敏感な人,吹く風とかけて、流行に敏感な人と解く。その心は「どちらも『流れる』でしょう。」,
,完全な同音異義語型,吹く風,風によって軽いものが宙を漂うように動く,まう,枯れ葉が「舞う」,舞台で優雅に「舞う」,バレリーナ,吹く風とかけて、バレリーナと解く。その心は「どちらも美しく『舞う』でしょう。」,
,フレーズ・慣用句型,吹く風,形がなく、捉えどころがない,つかみどころがない,実体を「掴みどころがない」,性格や言動が「掴みどころがない」,何を考えているか分からない人,吹く風とかけて、何を考えているか分からない人と解く。その心は「どちらも『掴みどころがない』でしょう。」,
,完全な同音異義語型,燃える夕焼け,燃えるような色合いで空が赤く染まる,もえる,燃える（色が鮮やかで熱を帯びるように見える）,萌える（草木が芽生える）,新芽が出たばかりの木々,「燃える夕焼け」とかけて、「新芽が出たばかりの木々」と解く。その心は「どちらも『もえる』でしょう。」,
,完全な同音異義語型,燃える夕焼け,太陽が地平線の下に「沈む」,しずむ,沈む（日が地平線の下に没する）,潜む（人の目に触れないように隠れる）,草むらに身を潜める狩人,「燃える夕焼け」とかけて、「草むらに身を潜める狩人」と解く。その心は「どちらも『しずむ』でしょう。」,
,多義語型,燃える夕焼け,空全体が赤く「染まる」,そまる,染まる（色が広がり付着する）,染まる（ある思想や風習に深く影響される）,悪い仲間とつるんで道を踏み外した若者,「燃える夕焼け」とかけて、「悪い仲間とつるんで道を踏み外した若者」と解く。その心は「どちらも『染まる』でしょう。」,
,多義語型,燃える夕焼け,赤い色が空一面に「広がる」,ひろがる,広がる（範囲が空間的に拡大する）,広がる（情報や事態が世間に伝播する）,SNSで拡散されたデマ,「燃える夕焼け」とかけて、「SNSで拡散されたデマ」と解く。その心は「どちらも『広がる』でしょう。」,
,フレーズ・慣用句型,燃える夕焼け,一日の「終わりを告げる」光景,おわりをつげる,終わりを告げる（ある期間や時間の終了を示す）,終わりを告げる（事業や関係の終結を決定する）,不採算事業の閉鎖を決めた会社,「燃える夕焼け」とかけて、「不採算事業の閉鎖を決めた会社」と解く。その心は「どちらも『終わりを告げる』でしょう。」,
,フレーズ・慣用句型,燃える夕焼け,日が沈み、やがてその美しい光景が「姿を消す」,すがたをけす,姿を消す（見えなくなる、なくなる）,姿を消す（行方が分からなくなる、人前から隠れる）,借金取りから逃げた夜逃げ犯,「燃える夕焼け」とかけて、「借金取りから逃げた夜逃げ犯」と解く。その心は「どちらも『姿を消す』でしょう。」,
,フレーズ・慣用句型,発生する台風,激しい風雨が吹く状態,ふきあれる,吹き荒れる,吹き荒れる,怒り狂った人,「発生する台風」とかけて、「怒り狂った人」と解く。その心は「どちらも『吹き荒れる』でしょう。」,
,多義語型,発生する台風,天候や状況が悪くなること,あれる,荒れる,荒れる,乾燥した肌,「発生する台風」とかけて、「乾燥した肌」と解く。その心は「どちらも『荒れる』でしょう。」,
,完全な同音異義語型,発生する台風,空気がぐるぐると回転する状態,うず,渦,憂愁,悩み事が多い人,「発生する台風」とかけて、「悩み事が多い人」と解く。その心は「どちらも『うず（渦／憂愁）』でしょう。」,
,フレーズ・慣用句型,発生する台風,進行方向が変わる可能性がある状態,しんろがかわる,進路が変わる,進路が変わる,キャリアチェンジを考え始めた人,「発生する台風」とかけて、「キャリアチェンジを考え始めた人」と解く。その心は「どちらも『進路が変わる』でしょう。」,
,多義語型,発生する台風,多くのものや人を巻き込む現象,まきこむ,巻き込む,巻き込む,スキャンダルに巻き込まれた有名人,「発生する台風」とかけて、「スキャンダルに巻き込まれた有名人」と解く。その心は「どちらも『巻き込む』でしょう。」,
,完全な同音異義語型,発生する台風,勢力や規模が大きくなること,はったつ,発達,発育,成長期の子供,「発生する台風」とかけて、「成長期の子供」と解く。その心は「どちらも『はったつ（発達／発育）』でしょう。」,
,完全な同音異義語型,通過する前線,天候や状況が大きく「一変」する,いっぺん,一変（状況が大きく変わること）,一遍（仏教の経典を一度読むこと）,お坊さんが読むお経,「通過する前線」とかけて、「お坊さんが読むお経」と解く。その心は「どちらも『いっぺん』でしょう。」,
,多義語型,通過する前線,異なる気団が「接触」する,せっしょく,接触（異なる気団が接すること）,接触（人との交流や触れ合い）,人との交流が苦手な人,「通過する前線」とかけて、「人との交流が苦手な人」と解く。その心は「どちらも『接触』でしょう。」,
,フレーズ・慣用句型,通過する前線,天候が「荒れる」,あれる,荒れる（天候が荒れること）,荒れる（感情や行動が乱れること）,思春期の反抗期の子供,「通過する前線」とかけて、「思春期の反抗期の子供」と解く。その心は「どちらも『荒れる』でしょう。」,
,完全な同音異義語型,通過する前線,気候の状態が次のフェーズへ「移行」する,いこう,移行（次の状態へ移り変わること）,意向（ある考えや方針、意見）,会社の上層部の考え,「通過する前線」とかけて、「会社の上層部の考え」と解く。その心は「どちらも『いこう』でしょう。」,
,多義語型,通過する前線,気温や気圧が「変動」する,へんどう,変動（気温、気圧などが上下すること）,変動（市場価格や為替レートが上下すること）,株価や為替レート,「通過する前線」とかけて、「株価や為替レート」と解く。その心は「どちらも『変動』でしょう。」,
,フレーズ・慣用句型,通過する前線,天候が「不安定」になる,ふあんてい,不安定（天候や気圧の状態が安定しないこと）,不安定（経営や経済状況が安定しないこと）,経営が傾いている会社,「通過する前線」とかけて、「経営が傾いている会社」と解く。その心は「どちらも『不安定』でしょう。」,
,完全な同音異義語型,輝く虹,雨上がりの空に架かる,かかる,架かる,罹る,病気の人,「輝く虹」とかけて、「病気の人」と解く。その心は『どちらも「かかる」でしょう。』,
,完全な同音異義語型,輝く虹,七色の光が美しく並び立つ,そろう,揃う,競う,運動会の選手たち,「輝く虹」とかけて、「運動会の選手たち」と解く。その心は『どちらも「そろう」でしょう。』,
,多義語型,輝く虹,雨上がりの空に出現する、発生する,できる,できる,できる,優秀なビジネスパーソン,「輝く虹」とかけて、「優秀なビジネスパーソン」と解く。その心は『どちらも「できる」でしょう。』,
,多義語型,輝く虹,空に大きな弧を描いて伸びる,かける,架ける,掛ける,困っている人に声をかける人,「輝く虹」とかけて、「困っている人に声をかける人」と解く。その心は『どちらも「かける」でしょう。』,
,フレーズ・慣用句型,輝く虹,現実離れしたような、幻想的な美しさ,ゆめのような,夢のような,夢のような,実現が困難な壮大な目標,「輝く虹」とかけて、「実現が困難な壮大な目標」と解く。その心は『どちらも「夢のような」でしょう。』,
,フレーズ・慣用句型,輝く虹,雨が止み、空が澄み渡ることで感じられる解放感,はれやかなきもち,晴れやかな気持ち,晴れやかな気持ち,長年の努力が実った人,「輝く虹」とかけて、「長年の努力が実った人」と解く。その心は『どちらも「晴れやかな気持ち」でしょう。』,
,多義語型,揺らぐ蜃気楼,形がはっきりせず、ぼんやりと実体がない状態。,うつろ,虚ろ,虚ろ,生気のない人の目,揺らぐ蜃気楼とかけて、生気のない人の目と解く。その心は「どちらも『虚ろ』でしょう。」,
,完全な同音異義語型,揺らぐ蜃気楼,時間とともに姿が見えなくなる性質。,きえる,消える,萎える,猛暑でしおれた植物,揺らぐ蜃気楼とかけて、猛暑でしおれた植物と解く。その心は「どちらも『消える（萎える）』でしょう。」,
,フレーズ・慣用句型,揺らぐ蜃気楼,実体がなく、見た目と異なるため信頼できない。,あてにならない,当てにならない,当てにならない,嘘ばかりつくセールスマン,揺らぐ蜃気楼とかけて、嘘ばかりつくセールスマンと解く。その心は「どちらも『当てにならない』でしょう。」,
,多義語型,揺らぐ蜃気楼,現実には存在しない、見せかけの像。,まぼろし,幻,幻,伝説の聖獣,揺らぐ蜃気楼とかけて、伝説の聖獣と解く。その心は「どちらも『幻』でしょう。」,
,完全な同音異義語型,揺らぐ蜃気楼,乾いた場所で、水や緑を求める心が作り出す光景。,かわく,渇く,乾く,洗濯物,揺らぐ蜃気楼とかけて、洗濯物と解く。その心は「どちらも『渇く（乾く）』でしょう。」,
,フレーズ・慣用句型,揺らぐ蜃気楼,形や実態が曖昧で、捉えどころがない。,つかみどころがない,掴みどころがない,掴みどころがない,何を考えているかわからない上司,揺らぐ蜃気楼とかけて、何を考えているかわからない上司と解く。その心は「どちらも『掴みどころがない』でしょう。」,
,多義語型,満ち欠ける月,満ちる状態になる,みちる,月が「満ちる」,自信に「満ちる」,自信に満ちた人,満ち欠ける月とかけて、自信に満ちた人と解く。その心は「どちらも『満ちる』でしょう。」,
,完全な同音異義語型,満ち欠ける月,光を放つ,かがやく,月が「輝く」,宝石が「耀く」,美しいダイヤモンド,満ち欠ける月とかけて、美しいダイヤモンドと解く。その心は「どちらも『かがやく（輝く／耀く）』でしょう。」,
,フレーズ・慣用句型,満ち欠ける月,雲間から姿を現す,かおをだす,雲間から「顔を出す」,会合に「顔を出す」,社交的な人,満ち欠ける月とかけて、社交的な人と解く。その心は「どちらも『顔を出す』でしょう。」,
,完全な同音異義語型,満ち欠ける月,形が一部分無くなる,かける,月が「欠ける」,手間を「掛ける」,丹精込めて料理を作る職人,満ち欠ける月とかけて、丹精込めて料理を作る職人と解く。その心は「どちらも『かける（欠ける／掛ける）』でしょう。」,
,多義語型,満ち欠ける月,形状が変化する,すがたをかえる,「姿を変える」月,事業の「姿を変える」,ビジネスモデルを刷新する企業,満ち欠ける月とかけて、ビジネスモデルを刷新する企業と解く。その心は「どちらも『姿を変える』でしょう。」,
,フレーズ・慣用句型,満ち欠ける月,暗い夜を明るくする,よをてらす,「夜を照らす」,「世を照らす」,人々を導く偉大な思想家,満ち欠ける月とかけて、人々を導く偉大な思想家と解く。その心は「どちらも『夜（世）を照らす』でしょう。」,
,完全な同音異義語型,痛い出費,金銭が目減りする状態,へる,減る（お金が減る）,経る（時間が経る）,時間,「痛い出費」とかけて、「時間」と解く。その心は『どちらも「減る(経る)」でしょう。』,
,完全な同音異義語型,痛い出費,お金を支払う行為、またはそれに伴う精神的負担,はらう,払う（支払う）,掃う（塵や埃を掃く）,年末の大掃除,「痛い出費」とかけて、「年末の大掃除」と解く。その心は『どちらも「払う(掃う)」ことになるでしょう。』,
,多義語型,痛い出費,財布の中身がなくなる状態,からになる,空になる（財布が空になる）,空になる（倉庫が空になる）,中身のなくなった倉庫,「痛い出費」とかけて、「中身のなくなった倉庫」と解く。その心は『どちらも「空になる」でしょう。』,
,多義語型,痛い出費,金銭的な損害や精神的な苦痛,いたみ,痛み（精神的な苦痛、金銭的打撃）,痛み（身体的な痛み）,古傷がうずく人,「痛い出費」とかけて、「古傷がうずく人」と解く。その心は『どちらも「痛み」を感じるでしょう。』,
,フレーズ・慣用句型,痛い出費,金銭的な負担により、支出を抑えざるを得なくなる心理,さいふのひもがかたくなる,財布の紐が固くなる（支出を控える）,財布の紐が固くなる（物理的に結び目がきつく締まる）,結び目が固く締まった袋,「痛い出費」とかけて、「結び目が固く締まった袋」と解く。その心は『どちらも「財布の紐が固くなる」でしょう。』,
,フレーズ・慣用句型,痛い出費,惜しみなくお金を使うこと、または多大な損失を被ること,みをけずる,身を削る（苦労して稼いだお金を失う、努力する）,身を削る（材料を削って形を作る）,彫刻家,「痛い出費」とかけて、「彫刻家」と解く。その心は『どちらも「身を削る」でしょう。』,
,完全な同音異義語型,重い責任,負担が大きい、課せられること,かかる,責任が「掛かる」,風邪が「罹る」,病気の人,重い責任とかけて、病気の人と解く。その心は『どちらも「かかる」でしょう。』,
,完全な同音異義語型,重い責任,精神的なプレッシャー、負担,おもい,精神的に「重い」,相手への「想い」,遠距離恋愛中の恋人,重い責任とかけて、遠距離恋愛中の恋人と解く。その心は『どちらも「おもい」でしょう。』,
,多義語型,重い責任,精神的な重荷、引き受ける,せおう,責任を「背負う」,荷物を「背負う」,登山家,重い責任とかけて、登山家と解く。その心は『どちらも「背負う」でしょう。』,
,多義語型,重い責任,降りかかるものを受け止める、対処する,うけとめる,責任を「受け止める」,ボールを「受け止める」,野球のキャッチャー,重い責任とかけて、野球のキャッチャーと解く。その心は『どちらも「受け止める」でしょう。』,
,フレーズ・慣用句型,重い責任,精神的な負担が大きくのしかかる状態,おもみがのしかかる,精神的な「重みがのしかかる」,物理的な「重みがのしかかる」,古い家の屋根,重い責任とかけて、古い家の屋根と解く。その心は『どちらも「重みがのしかかる」でしょう。』,
,フレーズ・慣用句型,重い責任,その役割や負担が大きすぎて対処が困難な状態,にがおもい,精神的な「荷が重い」,物理的な「荷が重い」,山道を運ぶ運送業者,重い責任とかけて、山道を運ぶ運送業者と解く。その心は『どちらも「荷が重い」でしょう。』,
,完全な同音異義語型,甘い誘惑,人を惹きつける力があり、近づくと危険な場合がある。,ひかれる,惹かれる（魅力に引き寄せられる）,轢かれる（車などにひかれる）,交通安全指導員,甘い誘惑とかけて、交通安全指導員と解く。その心は「どちらも『惹かれる（轢かれる）』と困るでしょう。」,
,完全な同音異義語型,甘い誘惑,人を捕らえ、抜け出せなくする仕掛け。巧妙に隠された危険な『わな』。,わな,罠（人を誘い込む仕掛け）,和名（動植物などの日本での呼び名）,植物学者,甘い誘惑とかけて、植物学者と解く。その心は「どちらも『罠（和名）が気になる』でしょう。」,
,多義語型,甘い誘惑,快楽をもたらすが、判断を鈍らせる。危険な状況なのに『あまい』と認識させる。,あまい,甘い（心地よい、魅力的な）,甘い（油断している、考えが浅はか）,将棋の初心者,甘い誘惑とかけて、将棋の初心者と解く。その心は「どちらも『甘い』と痛い目にあうでしょう。」,
,多義語型,甘い誘惑,一度体験すると抜け出しにくい状態になる。深みに『はまる』。,はまる,嵌る（誘惑に深く入り込む）,嵌る（型や枠にぴったりと収まる）,ジグソーパズル愛好家,甘い誘惑とかけて、ジグソーパズル愛好家と解く。その心は「どちらも『はまる』とやめられないでしょう。」,
,フレーズ・慣用句型,甘い誘惑,人の感情や判断に影響を与え、行動を促す。気持ちが『動かされる』。,こころをうごかす,心を動かす（魅力に惹かれて行動したくなる）,心を動かす（感動を与える）,泣ける映画の監督,甘い誘惑とかけて、泣ける映画の監督と解く。その心は「どちらも『心を動かす』のが得意でしょう。」,
,フレーズ・慣用句型,甘い誘惑,魅力的に見えても、裏がある危険な話。人を惹きつける『うまい話』。,うまいはなし,うまい話（魅力的な誘惑）,うまい話（話術が巧みであること）,落語家,甘い誘惑とかけて、落語家と解く。その心は「どちらも『うまい話』でしょう。」,
,完全な同音異義語型,苦い経験,失敗から来る「二度と繰り返したくない」という嫌悪感、拒否感。,ごめん,ご免（もう御免だ、嫌だという気持ち）,御免（許可、免除）,運転免許,「苦い経験」とかけて、「運転免許」と解く。その心は『どちらも「ご免」でしょう。』,
,多義語型,苦い経験,精神的な辛さや後悔、教訓を得る過程での苦痛。,いたみ,痛み（精神的な苦痛）,痛み（肉体的な感覚、例えば虫歯や怪我）,歯の治療,「苦い経験」とかけて、「歯の治療」と解く。その心は『どちらも「痛み」があるでしょう。』,
,フレーズ・慣用句型,苦い経験,失敗や困難から回復し、再び前向きな状態になること。,たちなおる,立ち直る（精神的な回復）,立ち直る（物理的に倒れた状態から起き上がる）,転んだ子供,「苦い経験」とかけて、「転んだ子供」と解く。その心は『どちらも「立ち直る」でしょう。』,
,完全な同音異義語型,苦い経験,失敗や困難の中から教訓や知識、成果を「得る」こと。,える,得る（教訓や知識などを手に入れる）,獲る（動物や魚などを捕まえる）,猟師,「苦い経験」とかけて、「猟師」と解く。その心は『どちらも「える（得る・獲る）」でしょう。』,
,多義語型,苦い経験,過去の出来事や自分の行動を再考し、反省すること。,ふりかえる,振り返る（過去を回顧する、反省する）,振り返る（物理的に首を回して後ろを見る）,後ろから名前を呼ばれた人,「苦い経験」とかけて、「後ろから名前を呼ばれた人」と解く。その心は『どちらも「振り返る」でしょう。』,
,フレーズ・慣用句型,苦い経験,困難や失敗を克服し、先へと進むこと。,のりこえる,乗り越える（精神的な困難を克服する）,乗り越える（物理的な障害物を越える）,障害物競走の選手,「苦い経験」とかけて、「障害物競走の選手」と解く。その心は『どちらも「乗り越える」でしょう。』,
,完全な同音異義語型,寒いギャグ,場が冷え切って面白くない,こおる,場が凍る,肩が凝る,長時間デスクワークをする人,寒いギャグとかけて、長時間デスクワークをする人と解く。その心は『どちらも【こおる（凝る）】でしょう。』,
,多義語型,寒いギャグ,聞いている人の気持ちが冷める,さめる,気持ちが冷める,夢から覚める,現実を突きつけられた人,寒いギャグとかけて、現実を突きつけられた人と解く。その心は『どちらも【さめる】でしょう。』,
,フレーズ・慣用句型,寒いギャグ,聴衆に受け入れられない,うけない,全く受けない,試験を受けない,入学を諦めた受験生,寒いギャグとかけて、入学を諦めた受験生と解く。その心は『どちらも【受けない】でしょう。』,
,完全な同音異義語型,寒いギャグ,場がしらけて白々しい雰囲気,しろい,場が白い,お城,戦国時代の武将,寒いギャグとかけて、戦国時代の武将と解く。その心は『どちらも【白い（城）】でしょう。』,
,多義語型,寒いギャグ,反応や思考が停止する,とまる,反応が止まる,宿に泊まる,旅の途中の行商人,寒いギャグとかけて、旅の途中の行商人と解く。その心は『どちらも【とまる】でしょう。』,
,フレーズ・慣用句型,寒いギャグ,人の心に何ら影響を与えない,ひびかない,心に響かない,音が響かない,完璧な防音室,寒いギャグとかけて、完璧な防音室と解く。その心は『どちらも【響かない】でしょう。』,
,完全な同音異義語型,熱い友情,互いの心が熱くなっている状態,ねつ,熱 (情熱、熱意),熱 (体温、発熱),風邪を引いた子供,熱い友情とかけて、風邪を引いた子供と解く。その心は「どちらも熱(ねつ)がある」でしょう。,
,完全な同音異義語型,熱い友情,深いつながり、運命的な結びつき,えん,縁 (関係、結びつき),宴 (酒宴、パーティー),賑やかなお祭り,熱い友情とかけて、賑やかなお祭りと解く。その心は「どちらも縁(えん)がある」でしょう。,
,多義語型,熱い友情,互いの心を温め合う,あたためる,温める (心を温める),温める (食べ物などを温める),冷めてしまった食事,熱い友情とかけて、冷めてしまった食事と解く。その心は「どちらも温(あたた)めることが大切」でしょう。,
,多義語型,熱い友情,決して途切れない、長く続く関係,つづく,続く (関係が継続する),続く (列などが連なる),長い行列,熱い友情とかけて、長い行列と解く。その心は「どちらも続(つづ)く」でしょう。,
,フレーズ・慣用句型,熱い友情,互いに支え、常に身近にいる状態,そばにいる,そばにいる (精神的に寄り添う),蕎麦にいる (食べ物の蕎麦のそばにいる),蕎麦屋の店主,熱い友情とかけて、蕎麦屋の店主と解く。その心は「どちらも蕎麦(そば)にいる」でしょう。,
,フレーズ・慣用句型,熱い友情,絆が強く、容易に切れない状態,かたくむすばれている,固く結ばれている (関係が強固),硬く結ばれている (物理的に頑丈),頑丈な荷物,熱い友情とかけて、頑丈な荷物と解く。その心は「どちらも固(かた)く結ばれている」でしょう。,
,完全な同音異義語型,臭い芝居,演技が下手で、場が興ざめする,しらける,場の雰囲気が「白ける」（興ざめする）,夜が明けて空が「白ける」（白んでくる）,夜が明け始める空,「臭い芝居」とかけて、「夜が明け始める空」と解く。その心は「どちらも『しらける』でしょう」。,
,完全な同音異義語型,臭い芝居,真実味がなく、偽りめいている,うそ,芝居が「嘘」（偽り、でたらめ）,「鷽」（鳥の一種、菅原道真ゆかりの鳥）,学問の神様のお使いの鳥,「臭い芝居」とかけて、「学問の神様のお使いの鳥」と解く。その心は「どちらも『うそ』でしょう」。,
,多義語型,臭い芝居,演技がわざとらしく、大げさで不自然,おおげさ,演技が「大袈裟」（オーバーな表現）,物事の規模や表現が「大袈裟」（実際よりもはるかに大きい、誇張されている）,完成間近の巨大な建造物,「臭い芝居」とかけて、「完成間近の巨大な建造物」と解く。その心は「どちらも『大袈裟』でしょう」。,
,多義語型,臭い芝居,演技の質が悪く、不快な気分にさせる,わるい,演技の質が「悪い」（下手だ、拙い）,人の言動や性格が「悪い」（道徳的ではない、行儀が悪い）,親の言うことを聞かない反抗期の子供,「臭い芝居」とかけて、「親の言うことを聞かない反抗期の子供」と解く。その心は「どちらも『悪い』でしょう」。,
,フレーズ・慣用句型,臭い芝居,演技があまりにひどく、目を覆いたくなる,みていられない,あまりにひどくて「見ていられない」（不快で直視できない）,悲惨な状況や惨状で「見ていられない」（心が痛んで直視できない）,大事故の現場,「臭い芝居」とかけて、「大事故の現場」と解く。その心は「どちらも『見ていられない』でしょう」。,
,フレーズ・慣用句型,臭い芝居,演技が過剰で不快感を与える,はなにつく,演技が「鼻につく」（見ていて嫌気がさす、うんざりする）,強い香水や匂いが「鼻につく」（嗅覚を刺激して不快に感じる）,香水の匂いがきつい人,「臭い芝居」とかけて、「香水の匂いがきつい人」と解く。その心は「どちらも『鼻につく』でしょう」。,
,完全な同音異義語型,冷たい視線,相手に向けられる無感情な目つき。見つめる方向。,しせん,視線（相手に送る目の線）,支線（幹線から分かれる道や路線）,鉄道の短い路線,冷たい視線とかけて、鉄道の短い路線と解く。その心は「どちらも『しせん』でしょう。」,
,完全な同音異義語型,冷たい視線,関係性や感情の熱が失われる、興味を失う。,さめる,冷める（気持ちや関係が冷淡になる）,覚める（眠りや酔いから目覚める）,寝起きの人間,冷たい視線とかけて、寝起きの人間と解く。その心は「どちらも『さめる』でしょう。」,
,多義語型,冷たい視線,相手を恐怖や緊張で動けなくさせるような、無感情な様。,こおる,凍る（恐怖で体がすくみ動けなくなる）,凍る（水などが氷になる）,厳冬期の湖,冷たい視線とかけて、厳冬期の湖と解く。その心は「どちらも『凍る』でしょう。」,
,多義語型,冷たい視線,容赦なく厳しい、相手に圧迫感を与えるような目の力。,きつい,きつい（視線が厳しく、容赦がない様子）,きつい（坂道や仕事などが困難である）,登山で登る急な坂道,冷たい視線とかけて、登山で登る急な坂道と解く。その心は「どちらも『きつい』でしょう。」,
,フレーズ・慣用句型,冷たい視線,相手を無視し、関わろうとしない態度。,あいてにしない,相手にしない（見下したり、関わろうとしなかったりする）,相手にしない（強すぎて対戦相手にならない、物理的に取り合わない）,圧倒的に強いチャンピオンボクサー,冷たい視線とかけて、圧倒的に強いチャンピオンボクサーと解く。その心は「どちらも『相手にしない』でしょう。」,
,フレーズ・慣用句型,冷たい視線,その視線が向けられると、恐怖や威圧感で近づけない状況。,ちかよれない,近寄れない（その視線の威圧感で物理的・心理的に近づけない）,近寄れない（危険や障壁があり物理的に近づけない）,猛獣が飼われている檻の中,冷たい視線とかけて、猛獣が飼われている檻の中と解く。その心は「どちらも『近寄れない』でしょう。」,
,多義語型,痛い視線,注目される、集中して見られる、不快な視線,あつまる,集まる,集まる,ゴミ収集車,「痛い視線」とかけて、「ゴミ収集車」と解く。その心は『どちらも「集まる」』でしょう。,
,フレーズ・慣用句型,痛い視線,相手から向けられる不快な視線、見られていることを意識する、敏感になる,きにする,気にする,気にする,入念に計画を立てる人,「痛い視線」とかけて、「入念に計画を立てる人」と解く。その心は『どちらも「気にする」』でしょう。,
,完全な同音異義語型,痛い視線,厳しい、鋭い、避けたい、受けたくない,さける,避ける,裂ける,破れたズボン,「痛い視線」とかけて、「破れたズボン」と解く。その心は『どちらも「避ける（裂ける）」』でしょう。,
,多義語型,痛い視線,不快な気持ちにさせる、突き刺さるような、居心地が悪い,つきささる,突き刺さる,突き刺さる,画鋲が壁に刺さる音,「痛い視線」とかけて、「画鋲が壁に刺さる音」と解く。その心は『どちらも「突き刺さる」』でしょう。,
,フレーズ・慣用句型,痛い視線,人からの評価、批判、プレッシャー、注目度が高い,めがあつい,目が熱い,目が熱い,風邪をひいて熱が出た人,「痛い視線」とかけて、「風邪をひいて熱が出た人」と解く。その心は『どちらも「目が熱い」』でしょう。,
,完全な同音異義語型,痛い視線,鋭い、突き刺すような、集中した、避けたい,さす,射す,差す,雨の中を歩く人,「痛い視線」とかけて、「雨の中を歩く人」と解く。その心は『どちらも「射す（差す）」』でしょう。,
,完全な同音異義語型,眩しい青春,エネルギーに満ち、輝きがある様子,はじける,弾ける（活気が弾ける）,捌ける（商品が捌ける）,人気商品,「眩しい青春」とかけて、「人気商品」と解く。その心は「どちらも『弾ける（捌ける）』でしょう。」,
,多義語型,眩しい青春,未熟さや経験の少なさ,あおい,青い（経験が浅い、未熟な）,青い（色を示す）,澄み切った空,「眩しい青春」とかけて、「澄み切った空」と解く。その心は「どちらも『青い』でしょう。」,
,フレーズ・慣用句型,眩しい青春,将来や進路に悩み、努力する姿,もがく,藻掻く（精神的に苦しむ、努力する）,藻掻く（物理的に手足を動かす）,水中で溺れている人,「眩しい青春」とかけて、「水中で溺れている人」と解く。その心は「どちらも『藻掻く』でしょう。」,
,完全な同音異義語型,眩しい青春,人生の中で最も勢いがあり、活発な時期,さかり,盛り（青春真っ盛り）,盛り（動物の発情期）,発情期の動物,「眩しい青春」とかけて、「発情期の動物」と解く。その心は「どちらも『盛り』でしょう。」,
,多義語型,眩しい青春,才能や可能性が開花する時期,かいか,開花（才能などが現れる）,開花（花が咲く）,春の桜の木,「眩しい青春」とかけて、「春の桜の木」と解く。その心は「どちらも『開花』でしょう。」,
,フレーズ・慣用句型,眩しい青春,進むべき道が分からず迷う状態,みちをまよう,道を迷う（人生の進路に迷う）,道を迷う（物理的に道順が分からない）,初めて訪れた場所で地図を見ている旅行者,「眩しい青春」とかけて、「初めて訪れた場所で地図を見ている旅行者」と解く。その心は「どちらも『道を迷う』でしょう。」,
,完全な同音異義語型,むせるような愛情,感情の度合いが非常に濃い、過剰である,こい,濃い（感情の度合いが深い）,鯉（観賞用の魚）,日本庭園の池で優雅に泳ぐ魚,むせるような愛情とかけて、日本庭園の池で優雅に泳ぐ魚と解く。その心は『どちらも「こい」でしょう。』,
,多義語型,むせるような愛情,相手を強く束縛し、自由を奪う,しばる,縛る（相手を精神的に束縛する）,縛る（紐などで物を固定する）,運送業者が荷物を固定する時,むせるような愛情とかけて、運送業者が荷物を固定する時と解く。その心は『どちらも「縛る」でしょう。』,
,フレーズ・慣用句型,むせるような愛情,過剰な感情により、精神的に息苦しさを感じる,いきがつまる,息が詰まる（精神的な重苦しさ）,息が詰まる（物理的に呼吸が困難になる）,急いで食べて喉を詰まらせた人,むせるような愛情とかけて、急いで食べて喉を詰まらせた人と解く。その心は『どちらも「息が詰まる」でしょう。』,
,完全な同音異義語型,むせるような愛情,感情の度合いが非常に奥深く、強い,ふかい,深い（愛情の度合いが奥深い）,深い（水深が底まで遠い）,大型タンカーが行き交う大海原,むせるような愛情とかけて、大型タンカーが行き交う大海原と解く。その心は『どちらも「深い」でしょう。』,
,多義語型,むせるような愛情,相手を過剰に守り、自分の影響下に置く,つつむ,包む（過剰な愛情で相手を囲い込む）,包む（物を包装紙で覆う）,プレゼントを可愛くラッピングする店員,むせるような愛情とかけて、プレゼントを可愛くラッピングする店員と解く。その心は『どちらも「包む」でしょう。』,
,フレーズ・慣用句型,むせるような愛情,相手にとって負担となり、重苦しい,おもい,重い（精神的な負担が大きい）,重い（物理的な重量がある）,引越し業者が運ぶ大型の冷蔵庫,むせるような愛情とかけて、引越し業者が運ぶ大型の冷蔵庫と解く。その心は『どちらも「重い」でしょう。』,
,完全な同音異義語型,息詰まる緊張,呼吸がしにくいほどの精神的圧迫。,つまる,息が詰まる,相手を詰る（問い詰める）,尋問する刑事,息詰まる緊張とかけて、尋問する刑事と解く。その心は「どちらも詰まる」でしょう。,
,完全な同音異義語型,息詰まる緊張,呼吸を止めて身動きが取れないほど集中する状態。,かたまる,固唾を飲む（緊張で身体が固まる感覚）,液体が固まる（物理的な状態変化）,温度が下がって固まる物質,息詰まる緊張とかけて、温度が下がって固まる物質と解く。その心は「どちらも固まる」でしょう。,
,多義語型,息詰まる緊張,精神的に追い詰められ、余裕がない状態。,ゆとりがない,精神的なゆとりがない,時間や空間に物理的なゆとりがない,過密なスケジュール,息詰まる緊張とかけて、過密なスケジュールと解く。その心は「どちらもゆとりがない」でしょう。,
,多義語型,息詰まる緊張,精神的に限界に近づき、もはや耐えられない状態。,もたない,気が持たない（精神的な限界）,体力が持たない（肉体的な限界）,長時間労働の会社員,息詰まる緊張とかけて、長時間労働の会社員と解く。その心は「どちらも気が持たない」でしょう。,
,フレーズ・慣用句型,息詰まる緊張,精神的に拘束され、自由に行動できない状態。,みうごきがとれない,精神的に身動きが取れない,経済的に身動きが取れない,借金で首が回らない経営者,息詰まる緊張とかけて、借金で首が回らない経営者と解く。その心は「どちらも身動きが取れない」でしょう。,
,フレーズ・慣用句型,息詰まる緊張,精神的に逃げ場がなく、切迫した状況。,おいつめられる,精神的に追い詰められる,物理的に追い詰められる,警察に包囲された容疑者,息詰まる緊張とかけて、警察に包囲された容疑者と解く。その心は「どちらも追い詰められる」でしょう。,
,多義語型,震える恐怖,感情による物理的な揺れ、精神的な動揺,ふるえる,震える（恐怖で体が震える）,奮える（意気込みで体が奮い立つ）,試合前のスポーツ選手,「震える恐怖」とかけて、「試合前のスポーツ選手」と解く。その心は『どちらも「ふるえる」でしょう。』,
,フレーズ・慣用句型,震える恐怖,恐怖で身動きが取れなくなる感覚,すくみあがる,竦み上がる（恐怖で身がすくむ）,竦み上がる（物理的に縮み上がる、身をかがめる）,寒がりの猫,「震える恐怖」とかけて、「寒がりの猫」と解く。その心は『どちらも「竦み上がる」でしょう。』,
,完全な同音異義語型,震える恐怖,恐ろしいと感じる心の状態,こわい,怖い,硬い,煮込みが足りない豆,「震える恐怖」とかけて、「煮込みが足りない豆」と解く。その心は『どちらも「こわい（怖い／硬い）」でしょう。』,
,多義語型,震える恐怖,危険が迫っている状況、精神的な危うさ,きき,危機,機器（機械や装置）,最新技術を集めた工場,「震える恐怖」とかけて、「最新技術を集めた工場」と解く。その心は『どちらも「きき（危機／機器）」でしょう。』,
,フレーズ・慣用句型,震える恐怖,悪寒が走る、ぞっとする感覚,さむけがする,寒気がする（恐怖でぞっとする）,寒気がする（風邪などで体温が下がる感覚）,風邪のひき始め,「震える恐怖」とかけて、「風邪のひき始め」と解く。その心は『どちらも「寒気がする」でしょう。』,
,完全な同音異義語型,震える恐怖,精神的な圧力、威嚇,おどし,脅し（人を脅かすこと）,脅し（鳥獣を追い払うために設けるもの）,田んぼのスズメ避け,「震える恐怖」とかけて、「田んぼのスズメ避け」と解く。その心は『どちらも「おどし（脅し／鳥獣を追い払うための物）」でしょう。』,
,完全な同音異義語型,腹が立つ嘘,嘘によって引き起こされる偽りや不誠実さ、その対極にある概念,しんじつ,真実（嘘偽りのないこと）,親日（日本を愛し、好意を持つこと）,日本文化を愛する外国人,「腹が立つ嘘」とかけて、「日本文化を愛する外国人」と解く。その心は「どちらも『真実（しんじつ）』でしょう。」,
,完全な同音異義語型,腹が立つ嘘,嘘によって相手への信用が失われる状態,ふしん,不信（信用できないこと）,不審（怪しいこと、疑わしいこと）,夜中にうろつく怪しい人物,「腹が立つ嘘」とかけて、「夜中にうろつく怪しい人物」と解く。その心は「どちらも『不信（ふしん）』でしょう。」,
,多義語型,腹が立つ嘘,嘘によって怒りや感情が湧き上がり、表に出る,たつ,立つ（怒りが湧き上がる）,立つ（建物などが建ち上がる）,完成間近のタワーマンション,「腹が立つ嘘」とかけて、「完成間近のタワーマンション」と解く。その心は「どちらも『立つ』でしょう。」,
,多義語型,腹が立つ嘘,嘘によって人間関係や信頼が断絶する、怒りで冷静さを失う,きれる,切れる（関係が断絶する、怒りで冷静さを失う）,切れる（刃物などが鋭利でよく物を断つ）,切れ味の良い包丁,「腹が立つ嘘」とかけて、「切れ味の良い包丁」と解く。その心は「どちらも『切れる』でしょう。」,
,フレーズ・慣用句型,腹が立つ嘘,嘘をつかれた結果、相手に信用されなくなり、真剣に取り合ってもらえなくなる,あいてにされない,相手にされない（信用を失い、無視される）,相手にされない（試合などで勝負にならないほど弱い）,連戦連敗の弱いスポーツチーム,「腹が立つ嘘」とかけて、「連戦連敗の弱いスポーツチーム」と解く。その心は「どちらも『相手にされない』でしょう。」,
,フレーズ・慣用句型,腹が立つ嘘,嘘をつかれて怒りの感情が込み上げる,はらをたてる,腹を立てる（怒る、憤る）,腹を立てる（文字通り、腹部を立てるような動作、例えば腹筋運動など）,腹筋運動で体を起こす人,「腹が立つ嘘」とかけて、「腹筋運動で体を起こす人」と解く。その心は「どちらも『腹を立てる』でしょう。」,
,多義語型,泣ける話,感情が動かされて涙が出る、心が揺さぶられる,こみあげる,涙が「込み上げる」,水が「込み上がる」,井戸,泣ける話とかけて、井戸と解く。その心は「どちらも水が込み上がるでしょう」。,
,完全な同音異義語型,泣ける話,感情が動かされて涙が出る、悲しい結果になる,おちる,涙が「落ちる」,成績が「落ちる」,成績不振の生徒,泣ける話とかけて、成績不振の生徒と解く。その心は「どちらも落ちるでしょう」。,
,フレーズ・慣用句型,泣ける話,涙で視界がはっきりしない、ぼんやりする,めがかすむ,涙で「目がかすむ」,霧で「目が霞む」,霧の深い朝,泣ける話とかけて、霧の深い朝と解く。その心は「どちらも目がかすむでしょう」。,
,多義語型,泣ける話,感情が高ぶって胸が熱くなる,あつく,胸が「熱く」なる,物理的に「熱い」,焼き芋,泣ける話とかけて、焼き芋と解く。その心は「どちらも熱いでしょう」。,
,完全な同音異義語型,泣ける話,感情がこみ上げて声が出にくくなる,あがる,感動で声が「上がる」,物価が「上がる」,最近の物価,泣ける話とかけて、最近の物価と解く。その心は「どちらも上がるでしょう」。,
,フレーズ・慣用句型,泣ける話,感情が強く、言葉にできないほど感動する,ことばにならない,感情が「言葉にならない」,音声が「言葉にならない」,生まれたばかりの赤ちゃんの泣き声,泣ける話とかけて、生まれたばかりの赤ちゃんの泣き声と解く。その心は「どちらも言葉にならないでしょう」。,
,完全な同音異義語型,胸が痛む後悔,後悔の念や痛みが心に残り続ける,のこる,残る（心に痛みが残る）,残る（食べ物が残る）,食べ残し,「胸が痛む後悔」とかけて、「食べ残し」と解く。その心は「どちらも『残る』でしょう。」,
,完全な同音異義語型,胸が痛む後悔,自分の行為を心の中で咎める、自己を非難する,せめる,責める（自分を責める）,攻める（相手の陣地を攻める）,将棋の対局,「胸が痛む後悔」とかけて、「将棋の対局」と解く。その心は「どちらも『責める』でしょう。」,
,多義語型,胸が痛む後悔,精神的な負担が大きく、心が沈む,おもい,重い（精神的な重圧）,重い（物理的な重量）,力士の体重,「胸が痛む後悔」とかけて、「力士の体重」と解く。その心は「どちらも『重い』でしょう。」,
,多義語型,胸が痛む後悔,苦痛で胸が圧迫されるような感覚,しめつけられる,締め付けられる（心が苦痛で）,締め付けられる（物理的にきつく）,ネクタイをきつく結んだサラリーマン,「胸が痛む後悔」とかけて、「ネクタイをきつく結んだサラリーマン」と解く。その心は「どちらも『締め付けられる』でしょう。」,
,フレーズ・慣用句型,胸が痛む後悔,後悔の念が心から離れず、常に考え続ける,つきまとう,付き纏う（後悔の念が）,付き纏う（人にまとわりつく）,熱心なストーカー,「胸が痛む後悔」とかけて、「熱心なストーカー」と解く。その心は「どちらも『付き纏う』でしょう。」,
,フレーズ・慣用句型,胸が痛む後悔,過去の出来事を思い出し、深く反省する,ふりかえる,振り返る（過去を悔やんで）,振り返る（物理的に後ろを見る）,電車に乗り遅れそうになった人,「胸が痛む後悔」とかけて、「電車に乗り遅れそうになった人」と解く。その心は「どちらも『振り返る』でしょう。」,
,完全な同音異義語型,ゾッとする悪意,陰険さ、じめじめした感じ、表に出さない性質,いんしつ,陰湿 (性質がねちっこく、陰険なさま),隠湿 (湿気が多く、じめじめしているさま),梅雨時の押し入れ,ゾッとする悪意とかけて、梅雨時の押し入れと解く。その心は『どちらも陰湿（いんしつ）』でしょう。,
,多義語型,ゾッとする悪意,精神的に深く傷つける、不快感を与える。,えぐい,えぐい (精神的に深く傷つけるような、不快なさま),えぐい (味覚で、アクが強くてのどを刺激するような味),アクの強い山菜,ゾッとする悪意とかけて、アクの強い山菜と解く。その心は『どちらもえぐい』でしょう。,
,フレーズ・慣用句型,ゾッとする悪意,本性を隠している、いつ牙を剥くか分からない。,つめをかくす,爪を隠す (悪意や敵意を表面に出さないこと),爪を隠す (実力や本領をあえて見せないこと),腕の立つベテラン棋士,ゾッとする悪意とかけて、腕の立つベテラン棋士と解く。その心は『どちらも爪を隠している』でしょう。,
,完全な同音異義語型,ゾッとする悪意,精神的にのしかかる、深刻である、執念深い。,おもい,重い (精神的な負担や深刻さ),重い (物理的な質量が大きいこと),大きな荷物を運ぶ引っ越し業者,ゾッとする悪意とかけて、大きな荷物を運ぶ引っ越し業者と解く。その心は『どちらも重い』でしょう。,
,多義語型,ゾッとする悪意,思想や計画が計り知れず、簡単には読み解けない。,そこがふかい,底が深い (思想や計画が計り知れないさま),底が深い (物理的な深さが大きいこと),深海の巨大な海溝,ゾッとする悪意とかけて、深海の巨大な海溝と解く。その心は『どちらも底が深い』でしょう。,
,フレーズ・慣用句型,ゾッとする悪意,隠していた敵意や攻撃性を露わにする。,きばをむく,牙を剥く (隠していた敵意や悪意を露わにすること),牙を剥く (動物が攻撃のために牙をむき出すこと),獲物を狙う獰猛なオオカミ,ゾッとする悪意とかけて、獲物を狙う獰猛なオオカミと解く。その心は『どちらも牙を剥く』でしょう。,
,完全な同音異義語型,痺れる感動,体が麻痺するような強い感覚,しびれる,痺れる（体が硬直するほどの）,痺れる（正座した後の足など、物理的な麻痺状態）,長時間正座した後の足,「痺れる感動」とかけて、「長時間正座した後の足」と解く。その心は「どちらも『痺れる』でしょう。」,
,多義語型,痺れる感動,心が揺さぶられ、感情が高まる,うごく,動く（心が感動で動かされる）,動く（機械が作動する、物体が移動する）,最新のロボット,「痺れる感動」とかけて、「最新のロボット」と解く。その心は「どちらも『動く』でしょう。」,
,フレーズ・慣用句型,痺れる感動,魂が揺さぶられる、深い感銘を受ける,こころをうたれる,心を打たれる（深く感動する）,心を打たれる（文字通り、心臓を物理的に叩かれる・撃たれる）,敵の銃弾に倒れた兵士,「痺れる感動」とかけて、「敵の銃弾に倒れた兵士」と解く。その心は「どちらも『心を打たれる』でしょう。」,
,完全な同音異義語型,痺れる感動,心を強く揺り動かす,ゆさぶる,揺さぶる（心を大きく動かす）,揺さぶる（物理的に物を揺り動かす）,実のなった木の枝を揺らす農夫,「痺れる感動」とかけて、「実のなった木の枝を揺らす農夫」と解く。その心は「どちらも『揺さぶる』でしょう。」,
,多義語型,痺れる感動,感情が最高の状態に達する,ちょうてん,頂点（感情の極致、最高潮）,頂点（物理的な山や建物の最上部）,富士山の山頂,「痺れる感動」とかけて、「富士山の山頂」と解く。その心は「どちらも『頂点』でしょう。」,
,フレーズ・慣用句型,痺れる感動,心の奥深くまで響き渡る,しんにひびく,芯に響く（心の奥底まで届く）,芯に響く（物理的な中心部に振動が伝わる）,地面に深く打ち込まれた杭の音,「痺れる感動」とかけて、「地面に深く打ち込まれた杭の音」と解く。その心は「どちらも『芯に響く』でしょう。」,
,フレーズ・慣用句型,吐き気がする悪,不快な感情や気分を催す、気分が悪い,むねがわるい,胸が悪い（気分が悪い、不快である）,胸が悪い（胸部の状態が悪い、病気である）,健康診断の結果に不安を抱える人,「吐き気がする悪」とかけて、「健康診断の結果に不安を抱える人」と解く。その心は『どちらも「胸が悪い」』でしょう。,
,多義語型,吐き気がする悪,性質や程度がひどい、許しがたい,たちがわるい,質が悪い（性質や程度が劣悪である）,質が悪い（品質や材料が劣っている）,届いたばかりの偽ブランド品,「吐き気がする悪」とかけて、「届いたばかりの偽ブランド品」と解く。その心は『どちらも「質が悪い」』でしょう。,
,完全な同音異義語型,吐き気がする悪,耐えられない、許せないほどひどい,がまんできない,我慢できない（耐えられない、許せない）,我慢できない（待ちきれない、待てない）,好きなアイドルのライブ開演を待つファン,「吐き気がする悪」とかけて、「好きなアイドルのライブ開演を待つファン」と解く。その心は『どちらも「我慢できない」』でしょう。,
,フレーズ・慣用句型,吐き気がする悪,ひどすぎて見ていられない、不快である,めにあまる,目に余る（悪行などがひどすぎて見ていられない）,目に余る（多すぎて視界に入りきらない）,箱いっぱいに詰め込まれたおもちゃ,「吐き気がする悪」とかけて、「箱いっぱいに詰め込まれたおもちゃ」と解く。その心は『どちらも「目に余る」』でしょう。,
,多義語型,吐き気がする悪,到底受け入れられない、納得できない,のみこめない,飲み込めない（理解・納得できない、受け入れられない）,飲み込めない（物理的に食べ物などが喉を通らない）,固いパンを食べる赤ん坊,「吐き気がする悪」とかけて、「固いパンを食べる赤ん坊」と解く。その心は『どちらも「飲み込めない」』でしょう。,
,完全な同音異義語型,吐き気がする悪,非常に嫌悪感を抱く、うんざりする,いやになる,嫌になる（ひどさにうんざりする、嫌悪感を抱く）,嫌になる（心身が疲弊して、その状態を避けたくなる）,仕事中に体がだるくて、もう帰りたくなるサラリーマン,「吐き気がする悪」とかけて、「仕事中に体がだるくて、もう帰りたくなるサラリーマン」と解く。その心は『どちらも「嫌になる」』でしょう。,
,完全な同音異義語型,汗を握る期待,期待で手が固く握られる状態,にぎる,握る（手で物を強く持つ）,握る（寿司を握る）,寿司職人,「汗を握る期待」とかけて、「寿司職人」と解く。その心は『どちらも「握る」』でしょう。,
,多義語型,汗を握る期待,期待感が高まり、気持ちが昂る状態,たかまる,高まる（期待感や気持ちが）,高まる（水位や山が）,津波警報が出た海岸,「汗を握る期待」とかけて、「津波警報が出た海岸」と解く。その心は『どちらも「高まる」』でしょう。,
,フレーズ・慣用句型,汗を握る期待,期待で心臓がドキドキし、心が躍る状態,きもちがおどる,気持ちが踊る（期待でわくわくする）,気持ちが踊る（実際に身体を動かして踊る）,ステージでソロを踊るダンサー,「汗を握る期待」とかけて、「ステージでソロを踊るダンサー」と解く。その心は『どちらも「気持ちが踊る」』でしょう。,
,完全な同音異義語型,汗を握る期待,期待で呼吸が止まりそうになる、息を詰める状態,のむ,呑む（息を呑む）,飲む（水を飲む）,喉が渇いた旅人,「汗を握る期待」とかけて、「喉が渇いた旅人」と解く。その心は『どちらも「のむ」』でしょう。,
,多義語型,汗を握る期待,手に汗をかき、その結果、手が濡れる状態,しめる,湿る（手が汗で）,締める（綱やベルトを）,綱引きの選手,「汗を握る期待」とかけて、「綱引きの選手」と解く。その心は『どちらも「しめる」』でしょう。,
,フレーズ・慣用句型,汗を握る期待,期待を込めて、じっとその成り行きを見守る状態,みつめる,見つめる（期待して凝視する）,見つめる（被写体に焦点を合わせる）,決定的瞬間を待つ写真家,「汗を握る期待」とかけて、「決定的瞬間を待つ写真家」と解く。その心は『どちらも「見つめる」』でしょう。,
,完全な同音異義語型,暖かい思いやり,人の心を支える、安心させる、助けとなる,ささえる,人の心を「支える」,家具の脚を「支える」,壊れかけたテーブル,「暖かい思いやり」とかけて、「壊れかけたテーブル」と解く。その心は「どちらも『支える』でしょう。」,
,多義語型,暖かい思いやり,相手の心を包み込む、受け入れる、温める,つつみこむ,相手の心を「包み込む」,贈り物を「包み込む」,プレゼントの包装紙,「暖かい思いやり」とかけて、「プレゼントの包装紙」と解く。その心は「どちらも『包み込む』でしょう。」,
,フレーズ・慣用句型,暖かい思いやり,相手の心を癒す、慰める、安心感を与える,こころをいやす,相手の「心を癒す」,傷ついた体を「癒す」,温泉旅館,「暖かい思いやり」とかけて、「温泉旅館」と解く。その心は「どちらも『心を癒す』でしょう。」,
,完全な同音異義語型,暖かい思いやり,人の心を感動させる、共感を呼ぶ,こころをうつ,人の「心を打つ」,中心を「心を打つ」,鍛冶職人,「暖かい思いやり」とかけて、「鍛冶職人」と解く。その心は「どちらも『心を打つ』でしょう。」,
,多義語型,暖かい思いやり,相手に寄り添う、共感して近くにいる,よりそう,困難な人に「寄り添う」,二羽の鳥が枝に「寄り添う」,仲睦まじいカップルの鳥,「暖かい思いやり」とかけて、「仲睦まじいカップルの鳥」と解く。その心は「どちらも『寄り添う』でしょう。」,
,フレーズ・慣用句型,暖かい思いやり,相手の負担を軽くする、苦しみを和らげる,ふたんをへらす,相手の精神的な「負担を減らす」,荷物の「負担を減らす」,引越しの運送業者,「暖かい思いやり」とかけて、「引越しの運送業者」と解く。その心は「どちらも『負担を減らす』でしょう。」,
,完全な同音異義語型,苦しい言い訳,相手に通用しない、認められない,とおらない,通らない,通らない,土砂崩れで通行止めになった山道,「苦しい言い訳」とかけて、「土砂崩れで通行止めになった山道」と解く。その心は『どちらも「通らない」』でしょう。,
,多義語型,苦しい言い訳,論理が破綻している、つじつまが合わない,むりがある,無理がある,無理がある,高齢者が重い荷物を運ぶ姿,「苦しい言い訳」とかけて、「高齢者が重い荷物を運ぶ姿」と解く。その心は『どちらも「無理がある」』でしょう。,
,フレーズ・慣用句型,苦しい言い訳,納得させようとするが、逆に疑われる,あやしくなる,怪しくなる,怪しくなる,天気が急変して雨模様になった空,「苦しい言い訳」とかけて、「天気が急変して雨模様になった空」と解く。その心は『どちらも「怪しくなる」』でしょう。,
,完全な同音異義語型,苦しい言い訳,真実を隠す、欺く,ごまかす,誤魔化す,胡麻粕,油を絞った後に残った胡麻のカス,「苦しい言い訳」とかけて、「油を絞った後に残った胡麻のカス」と解く。その心は『どちらも「ごまかす」』でしょう。,
,多義語型,苦しい言い訳,相手を納得させられない、説得力がない,しょうかできない,消化できない,消化できない,胃もたれして、食事がなかなか胃から出ていかない状態,「苦しい言い訳」とかけて、「胃もたれして、食事がなかなか胃から出ていかない状態」と解く。その心は『どちらも「消化できない」』でしょう。,
,フレーズ・慣用句型,苦しい言い訳,聞く側がうんざりする、しつこい、何度も繰り返す,ききあきた,聞き飽きた,聞き飽きた,昔流行ったが、ラジオで何度も流れてもう聞きたくない曲,「苦しい言い訳」とかけて、「昔流行ったが、ラジオで何度も流れてもう聞きたくない曲」と解く。その心は『どちらも「聞き飽きた」』でしょう。,
,完全な同音異義語型,重苦しい空気,雰囲気に物理的な「重さ」が感じられる状態。,おもい,重い,想い,遠距離恋愛中の恋人,「重苦しい空気」とかけて、「遠距離恋愛中の恋人」と解く。その心は「どちらも『おもい』でしょう。」,
,多義語型,重苦しい空気,雰囲気が沈滞し、動きがない状態。,とまる,止まる,止まる,断水に見舞われた家,「重苦しい空気」とかけて、「断水に見舞われた家」と解く。その心は「どちらも『水が止まる』でしょう。」,
,フレーズ・慣用句型,重苦しい空気,精神的に圧迫感があり、息苦しさを感じる状態。,いきがつまる,息が詰まる,息が詰まる,大舞台に立つ役者,「重苦しい空気」とかけて、「大舞台に立つ役者」と解く。その心は「どちらも『息が詰まる』でしょう。」,
,完全な同音異義語型,重苦しい空気,空気が淀み、外に出ずその場に留まっている状態。,こもる,籠もる,こもる,秘湯,「重苦しい空気」とかけて、「秘湯」と解く。その心は「どちらも『こもる』でしょう。」,
,多義語型,重苦しい空気,雰囲気に緊張感が「張る」状態。,はる,張る,張る,身の丈に合わない贅沢をする人,「重苦しい空気」とかけて、「身の丈に合わない贅沢をする人」と解く。その心は「どちらも『張る』でしょう。」,
,フレーズ・慣用句型,重苦しい空気,呼吸がしにくいような、極度の圧迫感がある状態。,いきができない,息ができない,息ができない,締め切りに追われるライター,「重苦しい空気」とかけて、「締め切りに追われるライター」と解く。その心は「どちらも『息ができない』でしょう。」,
,完全な同音異義語型,痛快な勝利,最高の喜びと満足感を得る,かいしん,会心（の勝利）,回診（患者を診察して回る）,病院の医師,痛快な勝利とかけて、病院の医師と解く。その心は「どちらも『会心（回診）』でしょう。」,
,完全な同音異義語型,痛快な勝利,気持ちよく相手を打ち負かす,かいしょう,快勝,解消（問題や悩み、便秘などがなくなること）,便秘で悩んでいた人,痛快な勝利とかけて、便秘で悩んでいた人と解く。その心は「どちらも『快勝（解消）』するでしょう。」,
,多義語型,痛快な勝利,相手を完全に打ち負かす,うちやぶる,打ち破る（敵を）,打ち破る（物理的な障害や壁を）,壁を壊す作業員,痛快な勝利とかけて、壁を壊す作業員と解く。その心は「どちらも『打ち破る』でしょう。」,
,多義語型,痛快な勝利,最高の状態に達する,きわまる,極まる（最高の状態に達する）,極まる（絶望的な状況に追い込まれる）,絶体絶命のピンチ,痛快な勝利とかけて、絶体絶命のピンチと解く。その心は「どちらも『極まる』でしょう。」,
,フレーズ・慣用句型,痛快な勝利,長年の努力や苦労が報われる,むくわれる,報われる（努力や苦労が実る）,報われる（対価や報酬を受け取る）,年末にボーナスをもらう会社員,痛快な勝利とかけて、年末にボーナスをもらう会社員と解く。その心は「どちらも『報われる』でしょう。」,
,フレーズ・慣用句型,痛快な勝利,悩みや不安が解消され、気分がすっきりする,はれる,晴れる（気分が）,晴れる（雨が止んで空が）,雨上がりの空,痛快な勝利とかけて、雨上がりの空と解く。その心は「どちらも『晴れる』でしょう。」,
,完全な同音異義語型,暗い絶望,将来への希望や先が見えない状態,みとおし,見通しがない（将来への見通し）,見通し（物理的な視界や展望）,霧に包まれた山道,暗い絶望とかけて、霧に包まれた山道と解く。その心は「どちらも『見通しがない』でしょう。」,
,完全な同音異義語型,暗い絶望,感情が深く沈み込み、これ以上はないと思える限界点,そこ,底（心の底、絶望の底）,底（物理的な深さの最下部）,深い海の底,暗い絶望とかけて、深い海の底と解く。その心は「どちらも『底』でしょう。」,
,多義語型,暗い絶望,精神的に束縛され、状況から逃れられない,ぬけだせない,抜け出せない（精神的な困難からの脱却困難）,抜け出せない（物理的に場所から出られない）,泥沼にはまった車,暗い絶望とかけて、泥沼にはまった車と解く。その心は「どちらも『抜け出せない』でしょう。」,
,多義語型,暗い絶望,希望や解決の兆しが見えない状態,ひかりがない,光がない（希望や明るい兆しがない）,光がない（物理的な照明がない）,真っ暗な洞窟,暗い絶望とかけて、真っ暗な洞窟と解く。その心は「どちらも『光がない』でしょう。」,
,フレーズ・慣用句型,暗い絶望,感情に囚われ、周囲の状況や他の可能性が見えなくなる,まわりがみえない,周りが見えない（精神的な視野の狭さ）,周りが見えない（物理的に周囲の視界が遮られている）,人混みの中の子供,暗い絶望とかけて、人混みの中の子供と解く。その心は「どちらも『周りが見えない』でしょう。」,
,フレーズ・慣用句型,暗い絶望,進むべき方向や解決策が見当たらず、途方に暮れる,みちにまよう,道に迷う（人生や問題の解決策を見失う）,道に迷う（物理的に地理が分からなくなる）,深い森の中の旅人,暗い絶望とかけて、深い森の中の旅人と解く。その心は「どちらも『道に迷う』でしょう。」,
,完全な同音異義語型,変わる時代,時代が「変化していく」,しんか,進化（時代が『進化』する）,真価（能力の『真価』が問われる）,困難な課題に直面する人物,変わる時代とかけて、困難な課題に直面する人物と解く。その心は「どちらも『進化』と『真価』が問われる」でしょう。,
,完全な同音異義語型,変わる時代,時代が「移り変わる」,いこう,移行（旧時代から新時代へ『移行』する）,遺稿（故人の書き残した『遺稿』）,故人となった作家の編集者,変わる時代とかけて、故人となった作家の編集者と解く。その心は「どちらも『移行』と『遺稿』を扱う」でしょう。,
,多義語型,変わる時代,時代が「新しくなる」「刷新される」,あらためる,改める（時代に合わせて習慣を『改める』）,改める（服装や態度を『改める』）,結婚式に出席する人,変わる時代とかけて、結婚式に出席する人と解く。その心は「どちらも『改める』ことが求められる」でしょう。,
,多義語型,変わる時代,時代が「変化する」「状況が変わる」,うつり,移り（世の『移り』変わり）,移り（人の気持ちの『移り』変わり）,恋愛中の男女,変わる時代とかけて、恋愛中の男女と解く。その心は「どちらも『移り』変わりがある」でしょう。,
,フレーズ・慣用句型,変わる時代,時代が「先に進む」「前向きな変化」,さきをゆく,先を行く（時代の『先を行く』）,先を行く（案内人が観光客の『先を行く』）,観光地の案内人,変わる時代とかけて、観光地の案内人と解く。その心は「どちらも『先を行く』存在」でしょう。,
,フレーズ・慣用句型,変わる時代,時代が「新しくなる」「変化の波に乗る」,ながれにのる,流れに乗る（時代の『流れに乗る』）,流れに乗る（サーファーが波の『流れに乗る』）,サーファー,変わる時代とかけて、サーファーと解く。その心は「どちらも『流れに乗る』のが得意」でしょう。,
,完全な同音異義語型,過ぎる時間,時の流れ、変化する様子,うつる,移る（時間が移る、季節が移る）,映る（鏡に映る、目に映る）,鏡を見る人,過ぎる時間とかけて、鏡を見る人と解く。その心は「どちらも『うつる』でしょう。」,
,多義語型,過ぎる時間,時間の連続性、進行、推移,ながれ,流れ（時の流れ、歴史の流れ）,流れ（仕事の手順、物事の経緯）,作業の手順を説明する人,過ぎる時間とかけて、作業の手順を説明する人と解く。その心は「どちらも『流れ』が大切でしょう。」,
,フレーズ・慣用句型,過ぎる時間,止まることなく動き続ける性質,とどまらない,留まらない（時間がその場に留まることなく進む）,留まらない（食欲が留まらない、一つの分野に留まらない）,食欲旺盛な人,過ぎる時間とかけて、食欲旺盛な人と解く。その心は「どちらも『とどまらない』でしょう。」,
,完全な同音異義語型,過ぎる時間,時間の終わり、期限が到来する状態,きれる,切れる（時間が切れる、期限が切れる）,切れる（切れ味の良い包丁、頭の切れる人）,切れ味の良い包丁の職人,過ぎる時間とかけて、切れ味の良い包丁の職人と解く。その心は「どちらも『切れる』でしょう。」,
,多義語型,過ぎる時間,季節や周期の繰り返し、循環,めぐる,巡る（季節が巡る、時が巡る）,巡る（世界を巡る旅、血液が巡る）,世界を旅する旅人,過ぎる時間とかけて、世界を旅する旅人と解く。その心は「どちらも『巡る』でしょう。」,
,フレーズ・慣用句型,過ぎる時間,滞ることなく進行する様,ながれる,流れる（月日が流れる、時が流れる）,流れる（計画が流れる、うわさが流れる）,計画が頓挫したプロジェクトマネージャー,過ぎる時間とかけて、計画が頓挫したプロジェクトマネージャーと解く。その心は「どちらも『流れる』でしょう。」,
,完全な同音異義語型,広がる空間,閉鎖的な状態から自由になり、利用可能になること,かいほう,開放される,解放される,長い間囚われていた罪人,広がる空間とかけて、長い間囚われていた罪人と解く。その心は「どちらも『かいほう』される」でしょう。,
,完全な同音異義語型,広がる空間,誰も知らなかった空間、未開の空間が明らかになること,はっけん,発見される,発券される,人気アーティストのコンサートチケット,広がる空間とかけて、人気アーティストのコンサートチケットと解く。その心は「どちらも『はっけん』される」でしょう。,
,多義語型,広がる空間,空間が物理的に拡大すること、範囲を増すこと,ひろがる,広がる,広がる,人々の間で真偽不明の噂,広がる空間とかけて、人々の間で真偽不明の噂と解く。その心は「どちらも『広がる』でしょう。」,
,多義語型,広がる空間,閉ざされていた空間が、外部と接続されるようになる、または遮るものがなく広々と見える,ひらく,開く,開く,新しい知識を得るための本,広がる空間とかけて、新しい知識を得るための本と解く。その心は「どちらも『ひらく』でしょう。」,
,フレーズ・慣用句型,広がる空間,空間が物理的に制約がなく、どこまでも続いているように感じられる状態,きりがなくつづく,切りがなく続く,切りがなく続く,深夜まで続く終わりが見えない会議,広がる空間とかけて、深夜まで続く終わりが見えない会議と解く。その心は「どちらも『切りがなく続く』でしょう。」,
,フレーズ・慣用句型,広がる空間,空間に物や障害物がなく、広々と感じられる状態,なんにもない,何もない,何もない,給料日前でお財布が寂しい状態,広がる空間とかけて、給料日前でお財布が寂しい状態と解く。その心は「どちらも『何もない』でしょう。」,
,完全な同音異義語型,続く歴史,時と共に事象が深く心や書物に書き記され、後に残る状態,きざまれる,刻まれる（心や書物に歴史が刻まれる）,刻まれる（食材などが細かく刻まれる）,料理の下準備をする人,「続く歴史」とかけて、「料理の下準備をする人」と解く。その心は「どちらも『刻まれる』でしょう。」,
,完全な同音異義語型,続く歴史,過去から現在へと時間的に途切れることなく流れ、継承されていく状態,ながれる,流れる（時間が流れる、歴史が流れる）,流れる（水や液体が移動する）,大きな川,「続く歴史」とかけて、「大きな川」と解く。その心は「どちらも『流れる』でしょう。」,
,多義語型,続く歴史,過去の出来事が現代にまで連続的に影響を及ぼし、関係し合っている状態,つながる,繋がる（過去と現在が歴史的に繋がる）,繋がる（物理的な回線が接続される）,インターネット回線,「続く歴史」とかけて、「インターネット回線」と解く。その心は「どちらも『繋がる』でしょう。」,
,多義語型,続く歴史,様々な出来事や知識が時間とともに集積し、層をなしている状態,つみかさなる,積み重なる（歴史的出来事が積み重なる）,積み重なる（物理的に物が上に重なる）,本棚に本を収納する人,「続く歴史」とかけて、「本棚に本を収納する人」と解く。その心は「どちらも『積み重なる』でしょう。」,
,フレーズ・慣用句型,続く歴史,途絶えることなく連続し、永続的な性質を持つ状態,とぎれることがない,途切れることがない（歴史の連続性）,途切れることがない（物理的な流れや活動の持続）,止まることのない滝,「続く歴史」とかけて、「止まることのない滝」と解く。その心は「どちらも『途切れることがない』でしょう。」,
,フレーズ・慣用句型,続く歴史,過去の精神や文化が現代にも力強く影響を与え、生き生きとしている状態,いきづいている,息づいている（歴史や伝統が現代に息づいている）,息づいている（生物が生命活動を続けている）,生まれたばかりの赤ちゃん,「続く歴史」とかけて、「生まれたばかりの赤ちゃん」と解く。その心は「どちらも『息づいている』でしょう。」,
,完全な同音異義語型,終わる命,生きることが終わる。活動が停止する。,きえる,消える,聞える,ラジオ,終わる命とかけて、ラジオと解く。その心は「どちらも『きえる』でしょう。」,
,完全な同音異義語型,終わる命,生命の終わり。限界が来る。,さいご,最後,才語,お笑い芸人のトーク,終わる命とかけて、お笑い芸人のトークと解く。その心は「どちらも『さいご』でしょう。」,
,多義語型,終わる命,活動が停止する。機能しなくなる。,とまる,止まる,止まる,旅先の旅館,終わる命とかけて、旅先の旅館と解く。その心は「どちらも『止まる』でしょう。」,
,多義語型,終わる命,尽きる。消え去る。,つきる,尽きる,尽きる,電池の切れたリモコン,終わる命とかけて、電池の切れたリモコンと解く。その心は「どちらも『尽きる』でしょう。」,
,フレーズ・慣用句型,終わる命,終わりが来る。,おわる,終わる,終わる,運動会,終わる命とかけて、運動会と解く。その心は「どちらも『終わる』でしょう。」,
,フレーズ・慣用句型,終わる命,光が失われる。輝きがなくなる。,ひかりをうしなう,光を失う,光を失う,古い電球,終わる命とかけて、古い電球と解く。その心は「どちらも『光を失う』でしょう。」,
,完全な同音異義語型,生まれるアイデア,新しく生み出され、育っていく状態,せいちょう,成長,生長,植物,「生まれるアイデア」とかけて、「植物」と解く。その心は「どちらも『成長/生長』するでしょう。」,
,多義語型,生まれるアイデア,具体化され、最終的な結論が出る状態,けっちゃく,決着,決着,相撲の取り組み,「生まれるアイデア」とかけて、「相撲の取り組み」と解く。その心は「どちらも『決着』がつくでしょう。」,
,フレーズ・慣用句型,生まれるアイデア,抽象的なものが具現化される様子,かたちになる,形になる,形になる,積み木遊び,「生まれるアイデア」とかけて、「積み木遊び」と解く。その心は「どちらも『形になる』でしょう。」,
,完全な同音異義語型,生まれるアイデア,突然現れ出る、発生する様子,はっせい,発生,発声,歌手や声優,「生まれるアイデア」とかけて、「歌手や声優」と解く。その心は「どちらも『発生/発声』が重要でしょう。」,
,多義語型,生まれるアイデア,目に見える形で出現する様子,あらわれる,現れる,現れる,幽霊,「生まれるアイデア」とかけて、「幽霊」と解く。その心は「どちらも『現れる』でしょう。」,
,フレーズ・慣用句型,生まれるアイデア,突然思いつく、閃く瞬間,ふとひらめく,ふと閃く,ふとひらめく,空にたなびく鯉のぼりの吹き流し,「生まれるアイデア」とかけて、「空にたなびく鯉のぼりの吹き流し」と解く。その心は「どちらも『ふとひらめく』でしょう。」,
,完全な同音異義語型,巡る運命,周期的な動き、繰り返すこと,かいてん,回転（巡り巡る運命の循環）,会見（多くの人が集まる公式な面会）,芸能人の記者会見,「巡る運命」とかけて、「芸能人の記者会見」と解く。その心は「どちらも『回転（会見）』でしょう。」,
,多義語型,巡る運命,避けられない、決定されていること,さだめ,定め（避けられない運命）,定め（決められた規則や決まり）,会社の就業規則,「巡る運命」とかけて、「会社の就業規則」と解く。その心は「どちらも『定め』でしょう。」,
,フレーズ・慣用句型,巡る運命,物事の偶然性や必然的な出会い、繰り返される関係,めぐりあわせ,巡り合わせ（運命的な出会いや出来事）,巡り合わせ（機械部品が連動して回転する状態）,機械の歯車,「巡る運命」とかけて、「機械の歯車」と解く。その心は「どちらも『巡り合わせ』でしょう。」,
,完全な同音異義語型,巡る運命,物事が一周すること、周期性,いちしゅう,一周（巡り巡って元に戻る運命のサイクル）,異臭（不快な匂い）,腐った生ゴミ,「巡る運命」とかけて、「腐った生ゴミ」と解く。その心は「どちらも『一周（異臭）』でしょう。」,
,多義語型,巡る運命,将来の成り行き、未確定だが定められた方向,ゆくえ,行方（運命がたどり着く未来）,行方（失踪者の居場所や行く先）,行方不明になった猫,「巡る運命」とかけて、「行方不明になった猫」と解く。その心は「どちらも『行方』でしょう。」,
,フレーズ・慣用句型,巡る運命,人との繋がり、見えない絆,いと,糸（運命の赤い糸など、人と人を繋ぐ見えないもの）,糸（繊維をより合わせて作った細長いもの）,裁縫箱,「巡る運命」とかけて、「裁縫箱」と解く。その心は「どちらも『糸』でしょう。」,
,完全な同音異義語型,越える次元,既存の枠組みを打ち破り、新たな段階へ進むこと,かくしん,革新（既存の枠組みや考え方を根本的に改めること）,確信（間違いなくそうだと強く信じること）,自分の信念を貫く人,「越える次元」とかけて、「自分の信念を貫く人」と解く。その心は「どちらも『確信』がある」でしょう。,
,完全な同音異義語型,越える次元,異なる領域や高次のレベルに到達する,いちげん,異元（異なる次元、異世界）,一見（一度だけ見ること、初めて会うこと）,初めて会う人,「越える次元」とかけて、「初めて会う人」と解く。その心は「どちらも『一見』ではその本質が掴めない」でしょう。,
,多義語型,越える次元,限界や制約を突破し、新たな可能性を開く,とっぱ,突破（困難や制約を乗り越える）,突破（防衛線を打ち破る）,サッカーのフォワード,「越える次元」とかけて、「サッカーのフォワード」と解く。その心は「どちらも『突破』が求められる」でしょう。,
,多義語型,越える次元,従来の枠を超えた、スケールの大きな考え方や発想,かくだい,拡大（認識や可能性の範囲を広げること）,拡大（物理的に物を大きくすること、面積を広げること）,新しく土地を買い足す農家,「越える次元」とかけて、「新しく土地を買い足す農家」と解く。その心は「どちらも『拡大』を目指す」でしょう。,
,フレーズ・慣用句型,越える次元,常識や既成概念の壁を打ち破る,かべをこえる,壁を越える（困難や限界を乗り越える）,壁を越える（物理的な壁を乗り越える）,運動会の障害物競走,「越える次元」とかけて、「運動会の障害物競走」と解く。その心は「どちらも『壁を越える』必要がある」でしょう。,
,フレーズ・慣用句型,越える次元,未知の領域や、これまでとは異なる視点に立つこと,しやをひろげる,視野を広げる（考え方や理解の範囲を広げる）,視野を広げる（物理的に見える範囲を広げる）,展望台から街を見下ろす観光客,「越える次元」とかけて、「展望台から街を見下ろす観光客」と解く。その心は「どちらも『視野を広げる』ことができる」でしょう。,
,完全な同音異義語型,守るルール,規律を維持する、違反しないこと,まもる,守る,護る,警備員,「守るルール」とかけて、「警備員」と解く。その心は「どちらも『安全を『護る』』でしょう。」,
,多義語型,守るルール,遵守すること、破ってはならないこと,きめる,決める,決める,写真撮影に臨むモデル,「守るルール」とかけて、「写真撮影に臨むモデル」と解く。その心は「どちらも『『ポーズを決める』』でしょう。」,
,フレーズ・慣用句型,守るルール,規定から外れない、逸脱しないこと,たがえない,違えない,違えない,百発百中の射撃手,「守るルール」とかけて、「百発百中の射撃手」と解く。その心は「どちらも『『的を違えない』』でしょう。」,
,完全な同音異義語型,守るルール,規則に従うこと,したがう,従う,慕う,尊敬する先輩の後輩,「守るルール」とかけて、「尊敬する先輩の後輩」と解く。その心は「どちらも『『慕う』』でしょう。」,
,多義語型,守るルール,厳しく遵守すること、妥協しないこと,かたく,固く,固く,秘密を守り通す人,「守るルール」とかけて、「秘密を守り通す人」と解く。その心は「どちらも『『口を固く』するでしょう。」,
,フレーズ・慣用句型,守るルール,融通が利かない、制限がある状態,じゆうがきかない,自由が利かない,自由が利かない,病気で寝たきりの人,「守るルール」とかけて、「病気で寝たきりの人」と解く。その心は「どちらも『『体が自由が利かない』』でしょう。」,
,多義語型,破る掟,規則を無視する、従わない,やぶる,破る,破る（紙を）,紙飛行機を作る子供,「破る掟」とかけて、「紙飛行機を作る子供」と解く。その心は『どちらも「破る」でしょう。』,
,多義語型,破る掟,既成概念を打ち破る、常識に囚われない,やぶる,破る（常識を）,破る（記録を）,オリンピック選手,「破る掟」とかけて、「オリンピック選手」と解く。その心は『どちらも「記録を破る」でしょう。』,
,フレーズ・慣用句型,破る掟,集団のルールから逸脱する、周囲と異なる行動をとる,ながれにさからう,流れに逆らう,流れに逆らう,川を遡上する魚,「破る掟」とかけて、「川を遡上する魚」と解く。その心は『どちらも「流れに逆らう」でしょう。』,
,フレーズ・慣用句型,破る掟,許されない行為をする、禁忌を犯す,タブーをおかす,タブーを犯す,タブーを犯す,昔の恋愛ドラマ,「破る掟」とかけて、「昔の恋愛ドラマ」と解く。その心は『どちらも「タブーを犯す」でしょう。』,
,完全な同音異義語型,破る掟,罪を犯す、過ちを犯す,おかす,犯す,冒す（危険を）,未開のジャングルを探検する冒険家,「破る掟」とかけて、「未開のジャングルを探検する冒険家」と解く。その心は『どちらも「危険を冒す（犯す）」でしょう。』,
,完全な同音異義語型,破る掟,決められた境界線を越える,こえる,越える（境界を）,肥える（土地が）,豊作の田畑,「破る掟」とかけて、「豊作の田畑」と解く。その心は『どちらも「こえる（越える／肥える）」でしょう。』,
,完全な同音異義語型,誓う愛,固く結ばれる関係性、未来を約束する,えん,縁（愛で結ばれる縁）,円（通貨の単位）,日本のお金,「誓う愛」とかけて、「日本のお金」と解く。その心は「どちらも『えん』でしょう。」,
,完全な同音異義語型,誓う愛,神聖な約束、決して破らない決意,ちかい,誓い（愛の誓い）,近い（距離が短い）,駅前のコンビニ,「誓う愛」とかけて、「駅前のコンビニ」と解く。その心は「どちらも『ちかい』でしょう。」,
,多義語型,誓う愛,相手の人格や存在を深く認め大切にする気持ち,そんちょう,尊重（相手を尊重する）,尊重（自然を尊重する）,自然環境を守る活動,「誓う愛」とかけて、「自然環境を守る活動」と解く。その心は「どちらも『尊重』するでしょう。」,
,多義語型,誓う愛,偽りのない、ごまかしのない本物の感情,しんじつ,真実（真実の愛）,真実（裁判での真実）,裁判での証言,「誓う愛」とかけて、「裁判での証言」と解く。その心は「どちらも『真実』が求められるでしょう。」,
,フレーズ・慣用句型,誓う愛,決意を固める、強い覚悟を持つ,こころをかためる,心を固める（愛を貫く決意をする）,心を固める（困難な仕事への覚悟をする）,瓦職人の仕事始め,「誓う愛」とかけて、「瓦職人の仕事始め」と解く。その心は「どちらも『心を固める』でしょう。」,
,フレーズ・慣用句型,誓う愛,ずっと一緒にいる、結びつきが強い,はなれない,離れない（心と体が離れない）,離れない（粘着力でくっついて離れない）,粘着テープ,「誓う愛」とかけて、「粘着テープ」と解く。その心は「どちらも『離れない』でしょう。」,
,完全な同音異義語型,求める平和,争いのない状態を探し究める,きゅうめい,究明,球麺,数学の立体図形,「求める平和」とかけて、「数学の立体図形」と解く。その心は「どちらも『究明（球麺）』でしょう。」,
,完全な同音異義語型,求める平和,安定した状態を維持すること,ほうじ,保持,法事,故人を偲ぶ仏教儀式,「求める平和」とかけて、「故人を偲ぶ仏教儀式」と解く。その心は「どちらも『保持（法事）』でしょう。」,
,多義語型,求める平和,争いを終わらせ、最終的な状態に到達すること,けっちゃく,決着,決着,着崩れの心配がない着物,「求める平和」とかけて、「着崩れの心配がない着物」と解く。その心は「どちらも『決着』でしょう。」,
,多義語型,求める平和,社会や心が穏やかで揺るがない状態,あんてい,安定,安定,家具のぐらつきを止める楔（くさび）,「求める平和」とかけて、「家具のぐらつきを止める楔（くさび）」と解く。その心は「どちらも『安定』でしょう。」,
,フレーズ・慣用句型,求める平和,理想が高く、現状では達成が困難な状況,てがとどかない,手が届かない,手が届かない,高い棚に置かれたお菓子,「求める平和」とかけて、「高い棚に置かれたお菓子」と解く。その心は「どちらも『手が届かない』でしょう。」,
,フレーズ・慣用句型,求める平和,目標達成に向けて、他より先んじること,いちあしさき,一足先,一足先,競争でゴールに向かうマラソンランナー,「求める平和」とかけて、「競争でゴールに向かうマラソンランナー」と解く。その心は「どちらも『一足先』でしょう。」,
,完全な同音異義語型,失う信用,信頼や評価が失われ、存在感がなくなる状態。,きえる,信用が「消える」,水分が「消える」,干上がった池の水,「失う信用」とかけて、「干上がった池の水」と解く。その心は「どちらも『消える』でしょう。」,
,完全な同音異義語型,失う信用,信頼関係が破綻し、以前のように機能しなくなる状態。,こわれる,信用が「壊れる」,物が「壊れる」,子供が大事にしていたおもちゃ,「失う信用」とかけて、「子供が大事にしていたおもちゃ」と解く。その心は「どちらも『壊れる』でしょう。」,
,多義語型,失う信用,評価や地位が低下する状態。,おちる,信用が「落ちる」,雨が「落ちる」,空から降る雨,「失う信用」とかけて、「空から降る雨」と解く。その心は「どちらも『落ちる』でしょう。」,
,多義語型,失う信用,評価や地位が低下し、活動が制限される状態。,さがる,信用が「下がる」,シャッターが「下がる」,閉店する店のシャッター,「失う信用」とかけて、「閉店する店のシャッター」と解く。その心は「どちらも『下がる』でしょう。」,
,フレーズ・慣用句型,失う信用,面目を失い、人前に出られない状態。,かおがない,信用を失って「顔がない」,物理的に「顔がない」,畑のかかし,「失う信用」とかけて、「畑のかかし」と解く。その心は「どちらも『顔がない』でしょう。」,
,フレーズ・慣用句型,失う信用,人間関係や信頼関係が悪化し、親密さがなくなる状態。,ひえこむ,関係が「冷え込む」,気温が「冷え込む」,真冬の夜,「失う信用」とかけて、「真冬の夜」と解く。その心は「どちらも『冷え込む』でしょう。」,
,完全な同音異義語型,得る知識,習得する、積み重ねる、貯蔵する,つむ,積む（知識を積む）,摘む（花を摘む）,花を摘む人,「得る知識」とかけて、「花を摘む人」と解く。その心は「どちらも『つむ』でしょう。」,
,完全な同音異義語型,得る知識,見つける、明らかにする、新規性がある,はっけん,発見（新たな知識を発見する）,発券（チケットを発券する）,自動券売機,「得る知識」とかけて、「自動券売機」と解く。その心は「どちらも『はっけん』(発見/発券)でしょう。」,
,多義語型,得る知識,理解を深める、内容を専門化する,ふかめる,深める（知識を深める）,深める（人間関係を深める）,恋人たち,「得る知識」とかけて、「恋人たち」と解く。その心は「どちらも『深める』でしょう。」,
,多義語型,得る知識,構成する、体系化する、理論を構築する,くみたてる,組み立てる（知識を組み立てる）,組み立てる（家具を組み立てる）,DIYで家具を作る人,「得る知識」とかけて、「DIYで家具を作る人」と解く。その心は「どちらも『組み立てる』でしょう。」,
,フレーズ・慣用句型,得る知識,定着する、基礎を固める、基盤を作る,ねをはる,根を張る（知識が根を張る）,根を張る（植物が土に根を張る）,大木,「得る知識」とかけて、「大木」と解く。その心は「どちらも『根を張る』でしょう。」,
,フレーズ・慣用句型,得る知識,貯める、備蓄する、集める,たくわえる,蓄える（知識を蓄える）,蓄える（髭を蓄える）,立派な顎鬚を持つ紳士,「得る知識」とかけて、「立派な顎鬚を持つ紳士」と解く。その心は「どちらも『蓄える』でしょう。」,
,多義語型,考える哲学,物事を深く考察する,みつめる,問題を深く見つめる,対象に視線を集中させる,愛しい我が子,考える哲学とかけて、愛しい我が子と解く。その心は「どちらも『見つめる』でしょう。」,
,完全な同音異義語型,考える哲学,思考を整理し、論理構造を構築する,たてる,論理や仮説を立てる,建築物を建てる,家を建てる大工,考える哲学とかけて、家を建てる大工と解く。その心は「どちらも『立てる』でしょう。」,
,フレーズ・慣用句型,考える哲学,長考の末、解決の糸口や新しい視点が見つかる,みちがひらける,思考の末、解決への道が開ける,通行止めだった場所の規制が解除され、通れるようになる,災害で不通だった道,考える哲学とかけて、災害で不通だった道と解く。その心は「どちらも『道が開ける』でしょう。」,
,多義語型,考える哲学,問題や概念の深層を徹底的に探求する,ふかぼり,問題を深掘りする,地面などを深く掘ること,井戸掘り職人,考える哲学とかけて、井戸掘り職人と解く。その心は「どちらも『深掘りする』でしょう。」,
,完全な同音異義語型,考える哲学,思考をまとめ、特定の結論や原則を明確にする,さだめる,見解や原則を定める,規則や運命などを決める,国家の法を定める政府,考える哲学とかけて、国家の法を定める政府と解く。その心は「どちらも『定める』でしょう。」,
,フレーズ・慣用句型,考える哲学,思考が行き詰まり、解決策が見出せない状態になる,ふくろこうじ,思考が袋小路に入る,行き止まりになっている道,行き止まりの道,考える哲学とかけて、行き止まりの道と解く。その心は「どちらも『袋小路』でしょう。」,
,完全な同音異義語型,測る価値,対象の重要性を計量し、評価する行為,はかる,測る,図る,国の発展を図る政治家,「測る価値」とかけて、「国の発展を図る政治家」と解く。その心は『どちらも「はかる」でしょう。』,
,多義語型,測る価値,計量すべき重要性がある状態,かちがある,価値がある,勝ちがある,今日の勝負に『勝ちがある』と睨むベテラン棋士,「測る価値」とかけて、「今日の勝負に『勝ちがある』と睨むベテラン棋士」と解く。その心は『どちらも「価値がある（勝ちがある）」でしょう。』,
,フレーズ・慣用句型,測る価値,対象の正確な状態や重要性を見極める行為,みきわめる,見極める,見極める,相手の真意を見極める外交官,「測る価値」とかけて、「相手の真意を見極める外交官」と解く。その心は『どちらも「見極める」でしょう。』,
,完全な同音異義語型,測る価値,測定結果に基づいて対象の良し悪しを判断する行為,はんだん,判断,半田,電子回路の部品を繋ぐ職人,「測る価値」とかけて、「電子回路の部品を繋ぐ職人」と解く。その心は『どちらも「はんだん（判断／半田）」でしょう。』,
,多義語型,測る価値,評価するに足る意義や重要性がある状態,いみがある,意味がある,忌みがある,昔から『忌みがある』とされ、誰も近づかない古井戸,「測る価値」とかけて、「昔から『忌みがある』とされ、誰も近づかない古井戸」と解く。その心は『どちらも「いみがある（意味がある／忌みがある）」でしょう。』,
,フレーズ・慣用句型,測る価値,ある事柄の達成見込みや効果の程度を見積もる行為,めどをつける,目処をつける,目処をつける,論文の締め切りに目処をつける研究者,「測る価値」とかけて、「論文の締め切りに目処をつける研究者」と解く。その心は『どちらも「目処をつける」でしょう。』,
,多義語型,違う文化,慣習や価値観が異なることで、理解に隔たりがある。,へだたり,隔たり,隔たり,長い距離を置いて建つ家,違う文化とかけて、長い距離を置いて建つ家と解く。その心は「どちらも『隔たり』があるでしょう。」,
,フレーズ・慣用句型,違う文化,慣習や考え方が異なり、受け入れられないと馴染まない。,なじまない,馴染まない,馴染まない,油と水,違う文化とかけて、油と水と解く。その心は「どちらも『馴染まない』ことがあるでしょう。」,
,完全な同音異義語型,違う文化,独特のルールや形式、流儀。「型」。,かた,型,肩,身体の一部で、腕と胴体をつなぐ部分,違う文化とかけて、身体の一部で、腕と胴体をつなぐ部分と解く。その心は「どちらも『かた』があるでしょう。」,
,多義語型,違う文化,独自の風習や慣習が深く根付いている。,ねづいている,根付いている,根付いている,鉢植えの植物,違う文化とかけて、鉢植えの植物と解く。その心は「どちらも『根付いている』でしょう。」,
,フレーズ・慣用句型,違う文化,理解しようとしないと、相手の意図が通じない。,つうじない,通じない,通じない,電波が届かない携帯電話,違う文化とかけて、電波が届かない携帯電話と解く。その心は「どちらも『通じない』ことがあるでしょう。」,
,完全な同音異義語型,違う文化,独自の考え方や見方。「観」。,かん,観,缶,飲み物の容器,違う文化とかけて、飲み物の容器と解く。その心は「どちらも『かん』があるでしょう。」,
,完全な同音異義語型,似る性質,形や性質がそっくりであること,そうじ,相似 (形や性質が似ていること),掃除 (清掃すること),散らかった部屋,「似る性質」とかけて、「散らかった部屋」と解く。その心は「どちらも『そうじ』でしょう。」,
,多義語型,似る性質,同じ姿や特徴を再現すること,うつす,写す (模写、コピー),映す (鏡や画面に姿を現す),鏡,「似る性質」とかけて、「鏡」と解く。その心は「どちらも『うつす』でしょう。」,
,フレーズ・慣用句型,似る性質,区別できないほどそっくりであること,みわけがつかない,見分けがつかない (区別が困難なほど似ている),見分けがつかない (優劣や選択の判断ができない),二つの悪い選択肢,「似る性質」とかけて、「二つの悪い選択肢」と解く。その心は「どちらも『見分けがつかない』でしょう。」,
,完全な同音異義語型,似る性質,形状や特性が共通していること,かた,型 (タイプ、パターン、形状),肩 (身体の一部),肩の凝る作業,「似る性質」とかけて、「肩の凝る作業」と解く。その心は「どちらも『かた』でしょう。」,
,多義語型,似る性質,共通の特徴や要素を持つこと,てん,点 (共通点、類似点),点 (得点、採点),テストの採点者,「似る性質」とかけて、「テストの採点者」と解く。その心は「どちらも『てん』でしょう。」,
,フレーズ・慣用句型,似る性質,そのものに備わっている性質や、常に寄り添う特徴,つきもの,付き物 (その事柄に必然的に伴うもの),憑き物 (人に憑く霊など),怪しい占い師,「似る性質」とかけて、「怪しい占い師」と解く。その心は「どちらも『つきもの』でしょう。」,
,完全な同音異義語型,減る人口,人の数が少なくなる状態,へる,減る,経る,旅人,減る人口とかけて、旅人と解く。その心は『どちらも「へる（減る/経る）」でしょう』。,
,完全な同音異義語型,減る人口,数が少なくなっていく現象,げんしょう,減少,現象,夏の夕立に降る雷,減る人口とかけて、夏の夕立に降る雷と解く。その心は『どちらも「げんしょう（減少/現象）」でしょう』。,
,多義語型,減る人口,数が少なくなり、先細りになっていく状態,ほそくなる,細くなる,細くなる,使い込んだ鉛筆,減る人口とかけて、使い込んだ鉛筆と解く。その心は『どちらも「細くなる」でしょう』。,
,多義語型,減る人口,活力が失われ、元気のない状態,げんきがなくなる,元気がなくなる,元気がなくなる,水切れの鉢植え,減る人口とかけて、水切れの鉢植えと解く。その心は『どちらも「元気がなくなる」でしょう』。,
,フレーズ・慣用句型,減る人口,地域から人がいなくなり、居住者が少なくなる状況,ひとがすまなくなる,人が住まなくなる,人が住まなくなる,転職を繰り返す人,減る人口とかけて、転職を繰り返す人と解く。その心は『どちらも「人が住まなくなる」でしょう』。,
,フレーズ・慣用句型,減る人口,地域や場所の活気がなくなり、注目されなくなる状態,にんきがなくなる,人気がなくなる,人気がなくなる,忘れ去られた過去のヒット曲,減る人口とかけて、忘れ去られた過去のヒット曲と解く。その心は『どちらも「人気がなくなる」でしょう』。,
,完全な同音異義語型,増える需要,物の量が増加する現象,ふえる,増える,殖える（財産などが）,貯蓄,「増える需要」とかけて、「貯蓄」と解く。その心は「どちらも『ふえる』でしょう。」,
,完全な同音異義語型,増える需要,品物やサービスを要求する,もとめる,求める（要求する）,求める（愛や心を）,プロポーズする人,「増える需要」とかけて、「プロポーズする人」と解く。その心は「どちらも『求める』でしょう。」,
,多義語型,増える需要,期待や要求が上昇する,たかまる,高まる（需要が）,高まる（水位や音量が）,潮の満ち引き,「増える需要」とかけて、「潮の満ち引き」と解く。その心は「どちらも『高まる』でしょう。」,
,多義語型,増える需要,ビジネスや動きが加速する,いきおいがつく,勢いがつく（事業に）,勢いがつく（物理的な動きに）,坂道を転がるボール,「増える需要」とかけて、「坂道を転がるボール」と解く。その心は「どちらも『勢いがつく』でしょう。」,
,フレーズ・慣用句型,増える需要,供給が追いつかず品物が希少になる,てにはいりにくい,手に入りにくい（品物が）,手に入りにくい（物理的に届かない物が）,高い棚の奥にある物,「増える需要」とかけて、「高い棚の奥にある物」と解く。その心は「どちらも『手に入りにくい』でしょう。」,
,フレーズ・慣用句型,増える需要,注文や問い合わせが集中する,さっとうする,殺到する（注文が）,殺到する（人が一箇所に）,人気アイドルの握手会,「増える需要」とかけて、「人気アイドルの握手会」と解く。その心は「どちらも『殺到する』でしょう。」,
,完全な同音異義語型,揺らぐ定義,境界が不明確になる、輪郭が霞む,ぼやける,ぼやける（定義の曖昧化）,ぼやける（視界やピントが不明瞭になる）,霧の中を走る車のヘッドライト,「揺らぐ定義」とかけて、「霧の中を走る車のヘッドライト」と解く。その心は「どちらも『ぼやける』でしょう。」,
,完全な同音異義語型,揺らぐ定義,基準が安定しない、混乱状態にある,しずまらない,静まらない（定義が安定しない、混乱が収まらない）,静まらない（嵐や騒動が収まらない）,荒れ狂う嵐の海,「揺らぐ定義」とかけて、「荒れ狂う嵐の海」と解く。その心は「どちらも『静まらない』でしょう。」,
,多義語型,揺らぐ定義,基準が固定されない、変化し続ける,うごく,動く（定義が変化する）,動く（物理的に移動する）,常に場所を変える渡り鳥の群れ,「揺らぐ定義」とかけて、「常に場所を変える渡り鳥の群れ」と解く。その心は「どちらも『動く』でしょう。」,
,多義語型,揺らぐ定義,明確に確定しない、方向性が定まらない,きまらない,決まらない（定義が確定しない）,決まらない（服装や態度が格好良くない、しっくりこない）,センスのないファッションモデル,「揺らぐ定義」とかけて、「センスのないファッションモデル」と解く。その心は「どちらも『決まらない』でしょう。」,
,フレーズ・慣用句型,揺らぐ定義,基礎が不安定、根拠が曖昧になる,あしもとがぐらつく,足元がぐらつく（定義の根拠が不安定になる）,足元がぐらつく（物理的に平衡を失いかける）,高齢者が不安定な足取りで歩く姿,「揺らぐ定義」とかけて、「高齢者が不安定な足取りで歩く姿」と解く。その心は「どちらも『足元がぐらつく』でしょう。」,
,フレーズ・慣用句型,揺らぐ定義,将来の方向性や基準が不明確,みとおしがたたない,見通しが立たない（定義が固定されず、どうなるか分からない）,見通しが立たない（物理的に先が見えない、予測できない）,濃霧の中を進む船長,「揺らぐ定義」とかけて、「濃霧の中を進む船長」と解く。その心は「どちらも『見通しが立たない』でしょう。」,
,完全な同音異義語型,定まる方針,進むべき「路」が定まっている、方向性,しんろ,進路（方針として進む路）,新炉（新しい暖房設備）,寒がりの家主,「定まる方針」とかけて、「寒がりの家主」と解く。その心は「どちらも『進路（新炉）』でしょう。」,
,完全な同音異義語型,定まる方針,目標を「目指す」、方向性を定める,めざす,目指す（定まる方針を目指す）,芽差す（植物の芽が差す）,春の畑,「定まる方針」とかけて、「春の畑」と解く。その心は「どちらも『目指す（芽差す）』でしょう。」,
,多義語型,定まる方針,筋道が通る、一貫している、ブレない,いっかん,一貫（方針が一貫している）,一貫（寿司の単位）,職人さんが握る寿司,「定まる方針」とかけて、「職人さんが握る寿司」と解く。その心は「どちらも『一貫』でしょう。」,
,多義語型,定まる方針,方向性を示す、指針となる、見通しがある,みちしるべ,道標（方針が道標となる）,道標（実際の道路にある標識）,旅の途中の登山者,「定まる方針」とかけて、「旅の途中の登山者」と解く。その心は「どちらも『道標』でしょう。」,
,フレーズ・慣用句型,定まる方針,計画が「立つ」、明確になる、決定する,たつ,立つ（方針が立つ、計画が立つ）,建つ（建物が建つ）,建設中のビル,「定まる方針」とかけて、「建設中のビル」と解く。その心は「どちらも『立つ』でしょう。」,
,フレーズ・慣用句型,定まる方針,路線を決める、方向性を出す、道筋を作る,ろせん,路線（方針という路線）,路線（電車やバスの路線）,運行中のバス,「定まる方針」とかけて、「運行中のバス」と解く。その心は「どちらも『路線』でしょう。」,
,完全な同音異義語型,導く理論,物事の方向や進むべき道を示す,しめす,示す,標す,ハイキングコースの案内板,「導く理論」とかけて、「ハイキングコースの案内板」と解く。その心は「どちらも『標す（しめす）』でしょう。」,
,多義語型,導く理論,物事の論理的な整合性を保ち、考えを整理する,すじがとおる,筋が通る,筋が通る,鍛えられたアスリートの体,「導く理論」とかけて、「鍛えられたアスリートの体」と解く。その心は「どちらも『筋が通る』でしょう。」,
,フレーズ・慣用句型,導く理論,困難な状況を乗り越えるための方針や解決策を与える,かじをとる,舵を取る,舵を取る,大海原を進む船長,「導く理論」とかけて、「大海原を進む船長」と解く。その心は「どちらも『舵を取る』でしょう。」,
,完全な同音異義語型,導く理論,物事の誤りを正し、正しい方向へ導く,ただす,正す,糺す,警察官や弁護士の仕事,「導く理論」とかけて、「警察官や弁護士の仕事」と解く。その心は「どちらも『糺す（ただす）』でしょう。」,
,多義語型,導く理論,物事の計画や見通しを構築する,たてる,立てる,立てる,運動会のテント設営,「導く理論」とかけて、「運動会のテント設営」と解く。その心は「どちらも『立てる』でしょう。」,
,フレーズ・慣用句型,導く理論,未来の可能性や新しい分野を切り開く,みちをひらく,道を拓く,道を拓く,山林の開墾作業,「導く理論」とかけて、「山林の開墾作業」と解く。その心は「どちらも『道を拓く』でしょう。」,
,完全な同音異義語型,分かれる意見,意見が一致せず、方向性が複数に分かれる状態,ぶんき,分岐（意見が分岐する）,分岐（鉄道の線路や道の分岐点）,鉄道の線路,分かれる意見とかけて、鉄道の線路と解く。その心は『どちらも「ぶんき」でしょう。』,
,完全な同音異義語型,分かれる意見,複数の主張が入り乱れ、まとまらない状態,こんらん,混乱（意見が入り乱れて混乱する）,混卵（卵をかき混ぜること）,卵をかき混ぜて作る料理,分かれる意見とかけて、卵をかき混ぜて作る料理と解く。その心は『どちらも「こんらん」でしょう。』,
,多義語型,分かれる意見,異なる主張がぶつかり合う状態,こうさ,交差（異なる意見が交差する）,交差（道や線が交わること）,交通量の多い交差点,分かれる意見とかけて、交通量の多い交差点と解く。その心は『どちらも「こうさ」でしょう。』,
,多義語型,分かれる意見,複数の選択肢の中から一つを選ぶ必要がある状態,せんたく,選択（どちらの意見を選ぶか）,洗濯（衣類を洗うこと）,汚れた服,分かれる意見とかけて、汚れた服と解く。その心は『どちらも「せんたく」でしょう。』,
,フレーズ・慣用句型,分かれる意見,議論が進まず、なかなか結論が出ない状態,なかなかまとまらない,なかなかまとまらない（意見が収束しない）,なかなかまとまらない（長い髪を束ねるのが難しい）,長くて絡みやすい髪の毛,分かれる意見とかけて、長くて絡みやすい髪の毛と解く。その心は『どちらも「なかなかまとまらない」でしょう。』,
,フレーズ・慣用句型,分かれる意見,意見が統一されず、個々がばらばらに主張する状態,バラバラになる,バラバラになる（意見が統一されない）,バラバラになる（積み木や部品が散らばる）,積み木を崩した子供,分かれる意見とかけて、積み木を崩した子供と解く。その心は『どちらも「バラバラになる」でしょう。』,
,完全な同音異義語型,終わらない永遠,途切れることなく続いていく状態。,えんえん,延々と続く、長々と続くさま (延々),火が燃え盛るさま (炎々),燃え盛るキャンプファイヤー,「終わらない永遠」とかけて、「燃え盛るキャンプファイヤー」と解く。その心は「どちらも『炎々（えんえん）』でしょう。」,
,完全な同音異義語型,終わらない永遠,終わりがなく、継続する時間。,じょうえん,常に続いている円、または終わらない演目 (常演),劇場で繰り返し行われる公演 (常演),歌舞伎の舞台で毎日同じ役を演じる役者,「終わらない永遠」とかけて、「歌舞伎の舞台で毎日同じ役を演じる役者」と解く。その心は「どちらも『常演（じょうえん）』でしょう。」,
,多義語型,終わらない永遠,途切れることなく進行し続ける状態。,すすむ,時間が進行する、前に進む (進む),時計の針が進む、時計が速く進む (進む),時間が狂って早く進んでしまう時計,「終わらない永遠」とかけて、「時間が狂って早く進んでしまう時計」と解く。その心は「どちらも『進む』でしょう。」,
,多義語型,終わらない永遠,終わりがなく、途絶えることがない。,きれない,終わりがない、縁が切れない (切れない),切れ味が悪い、物を切ることができない (切れない),切れ味の悪いハサミ,「終わらない永遠」とかけて、「切れ味の悪いハサミ」と解く。その心は「どちらも『切れない』でしょう。」,
,フレーズ・慣用句型,終わらない永遠,終わりや目的が見えない状態。,あてがない,終わりや目的地がない,目標や見通しがない、計画がない,旅の目的地を決めずに歩き続ける放浪者,「終わらない永遠」とかけて、「旅の目的地を決めずに歩き続ける放浪者」と解く。その心は「どちらも『当てがない』でしょう。」,
,フレーズ・慣用句型,終わらない永遠,終わりが見えず、継続すること。,きりがありません,終わりがない、きりがない,やることが多すぎて終わらない、限りがない,積み重なった書類に追われる会社員,「終わらない永遠」とかけて、「積み重なった書類に追われる会社員」と解く。その心は「どちらも『きりがありません』でしょう。」,
,多義語型,痛い出費の買い物,お金を使いすぎて懐が寂しくなる、精神的な苦痛が伴う,いたむ,痛む（金銭的・精神的なダメージ）,傷む（物が劣化する）,鮮度が落ちた食材,「痛い出費の買い物」とかけて、「鮮度が落ちた食材」と解く。その心は「どちらも『いたむ』でしょう。,
,フレーズ・慣用句型,痛い出費の買い物,予算をオーバーして高額な買い物をすること,てがでる,手が出る（予算を超える、思わず買う）,手が出る（暴力に訴える）,乱暴な人,「痛い出費の買い物」とかけて、「乱暴な人」と解く。その心は「どちらも『手が出る』でしょう。,
,完全な同音異義語型,痛い出費の買い物,財布の中身が空っぽになること,あく,空く（財布が空になる）,開く（ドアなどが開く）,入り口,「痛い出費の買い物」とかけて、「入り口」と解く。その心は「どちらも『あく』でしょう。,
,多義語型,痛い出費の買い物,お金が財布からなくなること,きえる,消える（お金がなくなる）,消える（炎がなくなる）,キャンドル,「痛い出費の買い物」とかけて、「キャンドル」と解く。その心は「どちらも『消える』でしょう。,
,フレーズ・慣用句型,痛い出費の買い物,予算を超過して出費がかさむこと,あしがでる,足が出る（予算オーバー）,足が出る（物理的に外に出る）,布団からはみ出た足,「痛い出費の買い物」とかけて、「布団からはみ出た足」と解く。その心は「どちらも『足が出る』でしょう。,
,完全な同音異義語型,痛い出費の買い物,財布の中身や貯金が少なくなること,へる,減る（金銭が少なくなる）,経る（時間や場所を通り過ぎる）,長い旅路,「痛い出費の買い物」とかけて、「長い旅路」と解く。その心は「どちらも『へる』でしょう。,
,完全な同音異義語型,汗だくの通勤,体から汗が流れ出る様子,しずく,汗の雫,露の雫,朝露に濡れる草木,汗だくの通勤とかけて、朝露に濡れる草木と解く。その心は『どちらも雫（しずく）に濡れる』でしょう。,
,多義語型,汗だくの通勤,体が水分で湿る感覚,しめる,汗で体が湿る,ネクタイを締める,新入社員のネクタイの結び方,汗だくの通勤とかけて、新入社員のネクタイの結び方と解く。その心は『どちらも締める（しめる）』でしょう。,
,フレーズ・慣用句型,汗だくの通勤,困難な状況や努力を要する状態,ひとくろう,通勤は一苦労,修行は一苦労,料理の腕を磨く修行中の板前,汗だくの通勤とかけて、料理の腕を磨く修行中の板前と解く。その心は『どちらも一苦労（ひとくろう）』でしょう。,
,完全な同音異義語型,汗だくの通勤,汗が体表から勢いよく出る様子,ふきだす,汗が噴き出す,インクを拭き出す,印刷工場のプリンター,汗だくの通勤とかけて、印刷工場のプリンターと解く。その心は『どちらも拭き出す（ふきだす）』でしょう。,
,多義語型,汗だくの通勤,汗で濡れた服が体に密着する様子,まとう,汗で服が体に纏う,舞台衣装を身に纏う,舞台衣装を身にまとう歌舞伎役者,汗だくの通勤とかけて、舞台衣装を身にまとう歌舞伎役者と解く。その心は『どちらも身に纏（まと）う』でしょう。,
,フレーズ・慣用句型,汗だくの通勤,体が疲労で気力を失っている状態,ぐったり,体がぐったりする,植物がぐったりする,水をやらなかった植木鉢の植物,汗だくの通勤とかけて、水をやらなかった植木鉢の植物と解く。その心は『どちらもぐったりする』でしょう。,
,完全な同音異義語型,涙の卒業式,感情がこみ上げて涙が頬を伝う様子,ながれ,涙の流れ,流行の流れ,最新ファッションショー,「涙の卒業式」とかけて、「最新ファッションショー」と解く。その心は『どちらも「ながれ」があるでしょう。』,
,完全な同音異義語型,涙の卒業式,学生生活を終え、新たなステージへと踏み出す瞬間,たびだち,旅立ち,旅立ち（旅行の出発）,豪華客船の出港セレモニー,「涙の卒業式」とかけて、「豪華客船の出港セレモニー」と解く。その心は『どちらも「たびだち」があるでしょう。』,
,多義語型,涙の卒業式,感動や悲しみで涙腺が緩む状態,ゆるむ,涙腺が緩む,ネジが緩む,古い家具の蝶番,「涙の卒業式」とかけて、「古い家具の蝶番」と解く。その心は『どちらも「ゆるむ」でしょう。』,
,多義語型,涙の卒業式,学生としての立場に一区切りをつける重要な節目,けじめ,人生の節目（けじめ）,行動のけじめ,約束を破った者への厳しい忠告,「涙の卒業式」とかけて、「約束を破った者への厳しい忠告」と解く。その心は『どちらも「けじめ」をつけるでしょう。』,
,フレーズ・慣用句型,涙の卒業式,感動のあまり目から液体を排出する行為,なみだをながす,涙を流す,汗を流す,真夏の炎天下での肉体労働,「涙の卒業式」とかけて、「真夏の炎天下での肉体労働」と解く。その心は『どちらも「汗を流す」でしょう。』,
,フレーズ・慣用句型,涙の卒業式,学生生活という一つの期間の終焉,まくをとじる,幕を閉じる,幕を閉じる,大盛況で千秋楽を迎える演劇,「涙の卒業式」とかけて、「大盛況で千秋楽を迎える演劇」と解く。その心は『どちらも「幕を閉じる」でしょう。』,
,多義語型,怒号が飛ぶ会議,意見や主張が激しくぶつかり合う,しょうとつ,衝突（意見や主張が激しくぶつかり合うこと）,衝突（物理的にものがぶつかること）,車同士の事故,怒号が飛ぶ会議とかけて、車同士の事故と解く。その心は『どちらも衝突』でしょう。,
,多義語型,怒号が飛ぶ会議,雰囲気が乱れて穏やかでなくなる,あれる,荒れる（場所や状況が乱れて穏やかでなくなる）,荒れる（皮膚などが乾燥して状態が悪くなる）,乾燥した冬の肌,怒号が飛ぶ会議とかけて、乾燥した冬の肌と解く。その心は『どちらも荒れる』でしょう。,
,フレーズ・慣用句型,怒号が飛ぶ会議,怒りや不満を大声で表現する,こえをあげる,声を上げる（怒りや不満を大声で表現する）,声を上げる（候補者が選挙活動で支持を訴える）,選挙運動中の候補者,怒号が飛ぶ会議とかけて、選挙運動中の候補者と解く。その心は『どちらも声を上げる』でしょう。,
,フレーズ・慣用句型,怒号が飛ぶ会議,議論や交渉が結論に至らない,はなしがまとまらない,話がまとまらない（議論や交渉が結論に至らない）,話がまとまらない（本や文章の内容が構成されていない）,構成が支離滅裂な小説,怒号が飛ぶ会議とかけて、構成が支離滅裂な小説と解く。その心は『どちらも話がまとまらない』でしょう。,
,完全な同音異義語型,怒号が飛ぶ会議,感情的な興奮、激しさがある,ねつ,熱（感情的な興奮、激しさ）,熱（体温が高い状態）,風邪をひいた人,怒号が飛ぶ会議とかけて、風邪をひいた人と解く。その心は『どちらも熱が出る』でしょう。,
,完全な同音異義語型,怒号が飛ぶ会議,自分の意見や考えを口に出す,はつげん,発言（自分の意見や考えを口に出すこと）,発芽（植物の種から芽が出ること）,春になって芽吹く植物の種,怒号が飛ぶ会議とかけて、春になって芽吹く植物の種と解く。その心は『どちらも発言（発芽）する』でしょう。,
,完全な同音異義語型,冷や汗の謝罪,過ちを認めて許しを請う状況,あやまる,謝る（過ちを認め、許しを請う）,誤る（間違いを犯す、道を間違える）,道に迷った旅行者,「冷や汗の謝罪」とかけて、「道に迷った旅行者」と解く。その心は「どちらも『誤る（あやまる）』でしょう。」,
,完全な同音異義語型,冷や汗の謝罪,恐縮し、顔を下に向け、身を縮める様子,ふせる,伏せる（顔を下に向け、恐縮する）,臥せる（病気で床に就く）,病気で寝込んでいる人,「冷や汗の謝罪」とかけて、「病気で寝込んでいる人」と解く。その心は「どちらも『臥せる（ふせる）』でしょう。」,
,多義語型,冷や汗の謝罪,自分の意見や主張をする根拠や立場を失う状態,たちばがない,立場がない（自分の主張をする地位や根拠がない）,立場がない（物理的に立つ場所がない）,満員電車の中で居場所を探す人,「冷や汗の謝罪」とかけて、「満員電車の中で居場所を探す人」と解く。その心は「どちらも『立場がない』でしょう。」,
,多義語型,冷や汗の謝罪,恩義や恐縮で対等な関係になれない状態,あたまがあがらない,頭が上がらない（恩義を感じたり、恐縮したりして対等になれない）,頭が上がらない（物理的に重くて頭部が持ち上がらない）,首が座っていない赤ちゃん,「冷や汗の謝罪」とかけて、「首が座っていない赤ちゃん」と解く。その心は「どちらも『頭が上がらない』でしょう。」,
,フレーズ・慣用句型,冷や汗の謝罪,恥ずかしくて人前に出られない、面目ない状態,かおむけできない,顔向けできない（恥ずかしくて人前に出られない、面目ない）,顔向けできない（物理的に顔を特定の方角に向けられない）,寝違えて首が回らない人,「冷や汗の謝罪」とかけて、「寝違えて首が回らない人」と解く。その心は「どちらも『顔向けできない』でしょう。」,
,フレーズ・慣用句型,冷や汗の謝罪,他人の失敗や不始末の責任を取る行為,しりぬぐい,尻拭い（他人の失敗の後始末をする、責任を取る）,尻拭い（文字通り、排泄後にお尻を拭く行為）,赤ちゃんのお世話をする親,「冷や汗の謝罪」とかけて、「赤ちゃんのお世話をする親」と解く。その心は「どちらも『尻拭い』でしょう。」,
,多義語型,息切れする階段,上るのが非常に辛く、身体に負荷がかかる状態,きつい,きつい（運動や傾斜が）,きつい（状況が厳しい、容赦ない）,借金の取り立て,息切れする階段とかけて、借金の取り立てと解く。その心は「どちらも『きつい』でしょう。」,
,完全な同音異義語型,息切れする階段,途中で休憩が必要になること,いっぷく,一服（休憩すること）,一服（お茶を点てる、薬を飲む際の量を示す言葉）,茶道でお茶を点てる作法,息切れする階段とかけて、茶道でお茶を点てる作法と解く。その心は「どちらも『一服』するでしょう。」,
,フレーズ・慣用句型,息切れする階段,上りきった後に疲労困憊している様子,あしがふらふらになる,足がふらふらになる（疲労で）,足がふらふらになる（遊びすぎや病気で）,遊びすぎた翌日の人,息切れする階段とかけて、遊びすぎた翌日の人と解く。その心は「どちらも『足がふらふらになる』でしょう。」,
,多義語型,息切れする階段,身体的に大きく息をすること,こきゅう,呼吸（身体の生理現象）,呼吸（組織や個人間の連携、タイミング）,オーケストラの指揮者と演奏者,息切れする階段とかけて、オーケストラの指揮者と演奏者と解く。その心は「どちらも『呼吸』が大切でしょう。」,
,完全な同音異義語型,息切れする階段,物理的に上へ向かう動作,のぼる,上る（階段を）,昇る（太陽が）,夜明けの空,息切れする階段とかけて、夜明けの空と解く。その心は「どちらも『昇る』でしょう。」,
,フレーズ・慣用句型,息切れする階段,一つずつ着実に進んでいく様子,いっぽいっぽ,一歩一歩（物理的に階段を進む）,一歩一歩（目標に向かって努力する）,夢に向かって努力する受験生,息切れする階段とかけて、夢に向かって努力する受験生と解く。その心は「どちらも『一歩一歩』進むでしょう。」,
,完全な同音異義語型,肩が凝る仕事,重い責任や負担がある,にない,担い (責任を担う),荷ない (荷物を運ぶ),引っ越し業者,肩が凝る仕事とかけて、引っ越し業者と解く。その心は「どちらも荷ない」でしょう。,
,完全な同音異義語型,肩が凝る仕事,体や精神が緊張して張る,はり,張り (肩の張り、精神的な張り),針 (縫い針、注射針),お医者さん,肩が凝る仕事とかけて、お医者さんと解く。その心は「どちらも張り（針）がつきもの」でしょう。,
,多義語型,肩が凝る仕事,筋肉が硬直する、疲労が蓄積する,こる,凝る (筋肉が凝る),凝る (趣味や仕事に熱心に凝る),手の込んだ料理を作る人,肩が凝る仕事とかけて、手の込んだ料理を作る人と解く。その心は「どちらも凝る」でしょう。,
,多義語型,肩が凝る仕事,体勢が固定されて体が硬くなる,かためる,固める (体が固まる、姿勢を固める),固める (地盤を固める、体制を固める),建設現場の作業員,肩が凝る仕事とかけて、建設現場の作業員と解く。その心は「どちらも地盤を固める（体を固める）」でしょう。,
,フレーズ・慣用句型,肩が凝る仕事,責任や精神的な負担が大きい,にがおもい,荷が重い (責任が重い),荷が重い (物理的に運ぶ荷が重い),力士,肩が凝る仕事とかけて、力士と解く。その心は「どちらも荷が重い」でしょう。,
,フレーズ・慣用句型,肩が凝る仕事,集中力を保ち続け、気を緩められない,きがぬけない,気が抜けない (集中し続ける),気が抜けない (炭酸飲料の炭酸が抜けない),開けたばかりの炭酸飲料,肩が凝る仕事とかけて、開けたばかりの炭酸飲料と解く。その心は「どちらも気が抜けない」でしょう。,
,完全な同音異義語型,目が疲れる作業,視覚を酷使し、焦点を合わせ続ける,しょうてん,焦点（焦点を合わせる）,笑点（テレビ番組の名前）,落語家,「目が疲れる作業」とかけて、「落語家」と解く。その心は『どちらも「しょうてん」でしょう。』,
,完全な同音異義語型,目が疲れる作業,まばたきが減り、目が乾く,かんそう,乾燥（目が乾燥する）,感想（意見や考え）,読書感想文,「目が疲れる作業」とかけて、「読書感想文」と解く。その心は『どちらも「かんそう」でしょう。』,
,多義語型,目が疲れる作業,細部を見落とさないよう、一点を凝視する,みつめる,見つめる（凝視する）,見つめる（深く考える、熟考する）,将来の夢,「目が疲れる作業」とかけて、「将来の夢」と解く。その心は『どちらも「見つめる」でしょう。』,
,多義語型,目が疲れる作業,対象をはっきりと捉えようと、目を細める・凝らす,こらす,凝らす（目を凝らす）,凝らす（工夫を凝らす、趣向を凝らす）,料理人,「目が疲れる作業」とかけて、「料理人」と解く。その心は『どちらも「凝らす」でしょう。』,
,フレーズ・慣用句型,目が疲れる作業,疲労により視界がぼやける,めがかすむ,目がかすむ（視界がぼやける）,目がかすむ（大金や利益を前にして、正常な判断ができなくなる）,宝くじに当たった人,「目が疲れる作業」とかけて、「宝くじに当たった人」と解く。その心は『どちらも「目がかすむ」でしょう。』,
,フレーズ・慣用句型,目が疲れる作業,集中して、ずっと対象を見続ける,めがはなせない,目が離せない（じっと見続ける）,目が離せない（注意を払って見守る必要がある）,赤ちゃんを育てる親,「目が疲れる作業」とかけて、「赤ちゃんを育てる親」と解く。その心は『どちらも「目が離せない」でしょう。』,
,完全な同音異義語型,お腹が鳴る授業,空腹でお腹が音を立てる状態,すく,空く（お腹が空く）,漉く（紙を漉く）,和紙職人,「お腹が鳴る授業」とかけて、「和紙職人」と解く。その心は『どちらも「すく」でしょう。』,
,完全な同音異義語型,お腹が鳴る授業,空腹で集中力がなく、心が他のことに向かっている状態,うわのそら,上の空（うわのそら：集中していない）,上の空（うわのそら：高く広がる空）,宇宙飛行士,「お腹が鳴る授業」とかけて、「宇宙飛行士」と解く。その心は『どちらも「上の空」でしょう。』,
,多義語型,お腹が鳴る授業,物理的に空腹で満たされていない状態,みたされない,満たされない（お腹が満たされない）,満たされない（心が満たされない）,理想を追い求める若者,「お腹が鳴る授業」とかけて、「理想を追い求める若者」と解く。その心は『どちらも「満たされない」でしょう。』,
,多義語型,お腹が鳴る授業,静かな環境で、お腹の音が周囲に聞こえてしまう状態,ひびく,響く（お腹の音が教室に響く）,響く（名曲が心に響く）,名曲を聴く人の心,「お腹が鳴る授業」とかけて、「名曲を聴く人の心」と解く。その心は『どちらも「響く」でしょう。』,
,フレーズ・慣用句型,お腹が鳴る授業,空腹のせいで授業に集中できず、心が落ち着かない状態,きがそぞろ,気がそぞろ（空腹で授業に集中できない）,気がそぞろ（楽しいことを期待して落ち着かない）,遠足前日の小学生,「お腹が鳴る授業」とかけて、「遠足前日の小学生」と解く。その心は『どちらも「気がそぞろ」でしょう。』,
,フレーズ・慣用句型,お腹が鳴る授業,昼食や授業の終わりを強く願う心理状態,まちどおしい,待ち遠しい（昼食の時間が待ち遠しい）,待ち遠しい（大切な人との再会が待ち遠しい）,海外に住む恋人との再会を待つ人,「お腹が鳴る授業」とかけて、「海外に住む恋人との再会を待つ人」と解く。その心は『どちらも「待ち遠しい」でしょう。』,
,完全な同音異義語型,足が棒になる営業,足が疲れて「棒」のように固くなる,ぼう,棒（足の物理的な状態）,防（災害などを防ぐ）,災害を防ぐ堤防,足が棒になる営業とかけて、災害を防ぐ堤防と解く。その心は「どちらも『ぼう』でしょう。」,
,完全な同音異義語型,足が棒になる営業,長時間歩き回って体力を消耗し、「効」果が出る,こう,効（疲れが効いてくる）,耕（畑を耕す）,畑を耕す農夫,足が棒になる営業とかけて、畑を耕す農夫と解く。その心は「どちらも『こう』でしょう。」,
,多義語型,足が棒になる営業,足が疲労で「固く」なる,かたい,固い（足が固くなる）,堅い（秘密を守る）,秘密を守れる人,足が棒になる営業とかけて、秘密を守れる人と解く。その心は「どちらも『かたい』でしょう。」,
,多義語型,足が棒になる営業,疲労困憊で「足が動かない」状態になる,うごかない,動かない（物理的に足が動かせない）,動かない（意見や態度を変えない）,自分の意見を曲げない頑固者,足が棒になる営業とかけて、自分の意見を曲げない頑固者と解く。その心は「どちらも『動かない』でしょう。」,
,フレーズ・慣用句型,足が棒になる営業,物理的に「足で稼ぐ」行為,あしでかせぐ,足で稼ぐ（実際に歩き回って成果を得る）,足で稼ぐ（情報を地道に集める）,スクープを狙うジャーナリスト,足が棒になる営業とかけて、スクープを狙うジャーナリストと解く。その心は「どちらも『足で稼ぐ』でしょう。」,
,フレーズ・慣用句型,足が棒になる営業,体が疲れて「へとへと」になる,へとへと,へとへと（体が疲れ切った様子）,へとへと（物事の状態が限界に近い様子）,予算が底をつきそうなプロジェクト,足が棒になる営業とかけて、予算が底をつきそうなプロジェクトと解く。その心は「どちらも『へとへと』でしょう。」,
,完全な同音異義語型,喉が渇くスピーチ,声が出しにくくなる、水分が失われる,かれる,枯れる（声が枯れる）,枯れる（植物が枯れる）,水を与えられなかった植物,「喉が渇くスピーチ」とかけて、「水を与えられなかった植物」と解く。その心は『どちらも【枯れる】でしょう。』,
,完全な同音異義語型,喉が渇くスピーチ,口の中が乾燥する、水分がなくなる,かわく,渇く,乾く,カラッと晴れた日の洗濯物,「喉が渇くスピーチ」とかけて、「カラッと晴れた日の洗濯物」と解く。その心は『どちらも【かわく】でしょう。』,
,多義語型,喉が渇くスピーチ,聞き手の反応が薄く、場が沈む,すべる,滑る（スピーチが失敗する）,滑る（物理的に滑る）,氷の上を進むスケート選手,「喉が渇くスピーチ」とかけて、「氷の上を進むスケート選手」と解く。その心は『どちらも【滑る】でしょう。』,
,多義語型,喉が渇くスピーチ,内容が不十分で、心に響かない,うすい,薄い（内容が薄い）,薄い（厚みが薄い）,紙一枚の壁,「喉が渇くスピーチ」とかけて、「紙一枚の壁」と解く。その心は『どちらも【薄い】でしょう。』,
,フレーズ・慣用句型,喉が渇くスピーチ,水分補給が急務である状況,みずがほしい,水が欲しい（飲みたい）,水が欲しい（水源を求める）,干ばつに苦しむ農家,「喉が渇くスピーチ」とかけて、「干ばつに苦しむ農家」と解く。その心は『どちらも【水が欲しい】でしょう。』,
,フレーズ・慣用句型,喉が渇くスピーチ,面白くなく、場の雰囲気が興ざめする,しらける,白ける（興ざめする）,白ける（夜が明ける）,夜明け前の東の空,「喉が渇くスピーチ」とかけて、「夜明け前の東の空」と解く。その心は『どちらも【白ける】でしょう。』,
,多義語型,震える面接,極度の緊張で足が動かなくなる,あしがすくむ,足が竦む (緊張で足が動かなくなる),足が掻く (泥棒が盗品を掻き集める),泥棒,震える面接とかけて、泥棒と解く。その心は『どちらも足がすくむ』でしょう。,
,多義語型,震える面接,緊張で声が小さく、不明瞭になる,こえがこもる,声が籠る (声が小さく、聞き取りにくい),部屋に籠る (引きこもる),引きこもりの人,震える面接とかけて、引きこもりの人と解く。その心は『どちらも声がこもる』でしょう。,
,フレーズ・慣用句型,震える面接,精神的な緊張で冷や汗が出る,あせをかく,汗をかく (緊張で冷や汗が出る),汗をかく (肉体労働で汗を流す),真夏の肉体労働,震える面接とかけて、真夏の肉体労働と解く。その心は『どちらも汗をかく』でしょう。,
,フレーズ・慣用句型,震える面接,突然の出来事に驚き、ひやりとする,きもをひやす,肝を冷やす (ひやっとするような思いをする),肝を冷やす (料理の準備として肝を冷ます),料理人が捌いたばかりの魚の肝,震える面接とかけて、料理人が捌いたばかりの魚の肝と解く。その心は『どちらも肝を冷やす』でしょう。,
,完全な同音異義語型,震える面接,質問にうまく回答できない,こたえられない,答えられない (質問に回答できない),堪えられない (我慢できない、耐えられない),真夏の炎天下での訓練,震える面接とかけて、真夏の炎天下での訓練と解く。その心は『どちらも答えられない（堪えられない）』でしょう。,
,完全な同音異義語型,震える面接,期待と不安で心が波立つ,むねがおどる,胸が躍る (期待と不安で心が落ち着かない),胸が踊る (華麗にダンスを踊る),華麗なダンスを披露するダンサー,震える面接とかけて、華麗なダンスを披露するダンサーと解く。その心は『どちらも胸が躍る』でしょう。,
,多義語型,眠い夜勤,眠気で意識がはっきりしない状態,ぼうっとする,ぼうっとする（意識がはっきりしない）,ぼうっとする（光などがかすかに見える）,遠くに見える灯台の光,「眠い夜勤」とかけて、「遠くに見える灯台の光」と解く。その心は「どちらも『ぼうっとする』でしょう。」,
,フレーズ・慣用句型,眠い夜勤,眠気に抗い、覚醒状態を維持しようとする,めがさめる,目が覚める（意識が覚醒する）,目が覚める（あることに気づいて態度を改める）,悪政に怒って立ち上がる市民,「眠い夜勤」とかけて、「悪政に怒って立ち上がる市民」と解く。その心は「どちらも『目が覚める』でしょう。」,
,完全な同音異義語型,眠い夜勤,眠りにつき、体を休めたい状態,ねる,寝る（就寝する）,練る（計画や作戦を立てる）,極秘の作戦を立てる軍師,「眠い夜勤」とかけて、「極秘の作戦を立てる軍師」と解く。その心は「どちらも『ねる』でしょう。」,
,フレーズ・慣用句型,眠い夜勤,集中力を維持し続けることの困難さ,いしきをたもつ,意識を保つ（覚醒状態を維持する）,意識を保つ（ある事柄に関心や考えを持ち続ける）,地球環境問題に関心を持つ活動家,「眠い夜勤」とかけて、「地球環境問題に関心を持つ活動家」と解く。その心は「どちらも『意識を保つ』でしょう。」,
,多義語型,眠い夜勤,眠気で体が思うように動かない、作業が進まない,からだがきかない,体が利かない（体が思うように動かない）,体が利かない（薬などが効果を発揮しない）,効き目の悪い胃薬,「眠い夜勤」とかけて、「効き目の悪い胃薬」と解く。その心は「どちらも『体が利かない』でしょう。」,
,完全な同音異義語型,眠い夜勤,眠気で意識が朦朧としてくる、うとうとする状態,とろける,蕩ける（意識がぼんやりする、うっとりする）,溶ける（固体が液体になる）,暖かい部屋に置かれたチョコレート,「眠い夜勤」とかけて、「暖かい部屋に置かれたチョコレート」と解く。その心は「どちらも『とろける』でしょう。」,
,完全な同音異義語型,痛い注射を打つ,注射器で薬液を体内に注入する動作,うつ,打つ,撃つ,猟師,痛い注射を打つとかけて、猟師と解く。その心は『どちらも「うつ」（打つ/撃つ）でしょう。』,
,多義語型,痛い注射を打つ,注射器で薬液を体内に注入する動作,うつ,打つ,打つ,碁を打つ人,痛い注射を打つとかけて、碁を打つ人と解く。その心は『どちらも「打つ」でしょう。』,
,フレーズ・慣用句型,痛い注射を打つ,物理的な痛みを経験する,いたいおもいをする,痛い思いをする,痛い思いをする,事業に失敗した経営者,痛い注射を打つとかけて、事業に失敗した経営者と解く。その心は『どちらも「痛い思いをする」でしょう。』,
,完全な同音異義語型,痛い注射を打つ,針を体内に突き入れる行為,さす,刺す,指す,将棋の棋士,痛い注射を打つとかけて、将棋の棋士と解く。その心は『どちらも「さす」（刺す/指す）でしょう。』,
,多義語型,痛い注射を打つ,病状を改善させる、健康を取り戻す行為,なおす,直す,直す,修理工,痛い注射を打つとかけて、修理工と解く。その心は『どちらも「直す」でしょう。』,
,フレーズ・慣用句型,痛い注射を打つ,物理的な痛みが体に深く感じられる感覚,みにしみる,身に染みる,身に染みる,親の小言が身に染みる若者,痛い注射を打つとかけて、親の小言が身に染みる若者と解く。その心は『どちらも「身に染みる」でしょう。』,
,完全な同音異義語型,苦いお茶を飲む,飲食物を口に入れる行為,くちにする,口にする（飲食物を摂る）,口にする（言葉に出して話す）,秘密を漏らした人,苦いお茶を飲むとかけて、秘密を漏らした人と解く。その心は「どちらも『口にする』でしょう。」,
,完全な同音異義語型,苦いお茶を飲む,飲んだ後に残る味覚の感覚,あとあじ,後味（飲んだ後の舌に残る感覚）,後味（物事が終わった後の気分や印象）,失敗して終わったプロジェクト,苦いお茶を飲むとかけて、失敗して終わったプロジェクトと解く。その心は「どちらも『後味が悪い』でしょう。」,
,多義語型,苦いお茶を飲む,味覚の「渋い」感覚,しぶい,渋い（味覚）,渋い（経済的に余裕がない、またはセンスが洗練されている）,お金がない時の懐具合,苦いお茶を飲むとかけて、お金がない時の懐具合と解く。その心は「どちらも『渋い』でしょう。」,
,多義語型,苦いお茶を飲む,液体を体内に入れる行為,のみこむ,飲み込む（液体や食べ物を嚥下する）,飲み込む（状況や事実を理解し、受け入れる）,受け入れがたい事実,苦いお茶を飲むとかけて、受け入れがたい事実と解く。その心は「どちらも『飲み込む』でしょう。」,
,フレーズ・慣用句型,苦いお茶を飲む,不快な味覚の体験,にがいけいけん,苦い経験（味覚として不快な体験）,苦い経験（辛かったり、不快だったりした過去の体験）,若手社員が初めて任された失敗プロジェクト,苦いお茶を飲むとかけて、若手社員が初めて任された失敗プロジェクトと解く。その心は「どちらも『苦い経験』でしょう。」,
,フレーズ・慣用句型,苦いお茶を飲む,口に液体を入れる状態,ふくみがある,含む（口に液体を）,含みがある（言葉や態度に表面とは異なる意味合いがある）,意味深な発言をする政治家,苦いお茶を飲むとかけて、意味深な発言をする政治家と解く。その心は「どちらも『含みがある』でしょう。」,
,完全な同音異義語型,熱い風呂に入る,熱すぎてすぐに湯から出る,あがる,湯から「上がる」,熱い油で「揚がる」,天ぷら屋の職人,「熱い風呂に入る」とかけて、「天ぷら屋の職人」と解く。その心は「どちらも『すぐに揚がる』でしょう。」,
,完全な同音異義語型,熱い風呂に入る,体が熱くなり意識が朦朧とする,のぼせる,湯あたりして「のぼせる」,調子に乗って「のぼせる」,成功して舞い上がっている人,「熱い風呂に入る」とかけて、「成功して舞い上がっている人」と解く。その心は「どちらも『のぼせる』でしょう。」,
,多義語型,熱い風呂に入る,湯船でひと休みする,いっぷく,湯船で「一服」する,タバコを「一服」する,喫煙者,「熱い風呂に入る」とかけて、「喫煙者」と解く。その心は「どちらも『一服』でしょう。」,
,多義語型,熱い風呂に入る,体から汗が流れ出る,あせ,体から「汗」をかく,仕事に「焦」る,納期に追われるビジネスマン,「熱い風呂に入る」とかけて、「納期に追われるビジネスマン」と解く。その心は「どちらも『汗（焦）』をかくでしょう。」,
,フレーズ・慣用句型,熱い風呂に入る,体の奥まで温まる,しんまであったまる,体の「芯まで温まる」,心が「心まで温まる」,感動的な物語を読んだ人,「熱い風呂に入る」とかけて、「感動的な物語を読んだ人」と解く。その心は「どちらも『芯（心）まで温まる』でしょう。」,
,フレーズ・慣用句型,熱い風呂に入る,湯に全身をゆだねる,みをゆだねる,湯に「身を委ねる」,運命に「身を委ねる」,流れに逆らわない哲学者,「熱い風呂に入る」とかけて、「流れに逆らわない哲学者」と解く。その心は「どちらも『身を委ねる』でしょう。」,
,完全な同音異義語型,冷たい風に耐える,寒さに耐え、持ちこたえる状態,しんぼう,辛抱,心棒,独楽（コマ）や車輪の軸,「冷たい風に耐える」とかけて、「独楽（コマ）や車輪の軸」と解く。その心は「どちらも『しんぼう（辛抱/心棒）』でしょう。」,
,完全な同音異義語型,冷たい風に耐える,寒さにこらえること,こらえる,堪える,懲らえる,悪いことをした人,「冷たい風に耐える」とかけて、「悪いことをした人」と解く。その心は「どちらも『こらえる（堪える/懲らえる）』でしょう。」,
,多義語型,冷たい風に耐える,厳しい環境を乗り切ること,のりきる,乗り切る,乗り切る,荒波を進む船,「冷たい風に耐える」とかけて、「荒波を進む船」と解く。その心は「どちらも『乗り切る』でしょう。」,
,多義語型,冷たい風に耐える,寒さで身体が固くなる状態,かたくなる,硬くなる,堅くなる,決意を固めた人,「冷たい風に耐える」とかけて、「決意を固めた人」と解く。その心は「どちらも『かたくなる』でしょう。」,
,フレーズ・慣用句型,冷たい風に耐える,厳しい状況を凌ぐこと,しのぐ,凌ぐ（寒さを凌ぐ）,凌ぐ（生計を凌ぐ）,貧しい生活をしている人,「冷たい風に耐える」とかけて、「貧しい生活をしている人」と解く。その心は「どちらも『しのぐ（凌ぐ）』でしょう。」,
,フレーズ・慣用句型,冷たい風に耐える,寒さで身を縮めること,みをちぢめる,身を縮める,身を縮める,上司に叱られる部下,「冷たい風に耐える」とかけて、「上司に叱られる部下」と解く。その心は「どちらも『身を縮める』でしょう。」,
,多義語型,うるさい工事現場,騒音、物音、注意を引く,きになる,気になる,木になる,芽吹いたばかりの植物,「うるさい工事現場」とかけて、「芽吹いたばかりの植物」と解く。その心は「どちらも『気になる』でしょう。,
,多義語型,うるさい工事現場,騒がしい音、落ち着かない状態,さわがしい,騒がしい,騒がしい,ゴシップが飛び交う芸能界,「うるさい工事現場」とかけて、「ゴシップが飛び交う芸能界」と解く。その心は「どちらも『騒がしい』でしょう。,
,フレーズ・慣用句型,うるさい工事現場,粉じん、ほこり、視界が不明瞭,めにみえない,目に見えない,目に見えない,報われない努力を続ける研究者,「うるさい工事現場」とかけて、「報われない努力を続ける研究者」と解く。その心は「どちらも『目に見えない』でしょう。,
,フレーズ・慣用句型,うるさい工事現場,地面が固められる、基礎が築かれる,じばんがかためられる,地盤が固められる,地盤が固められる,選挙前のベテラン政治家,「うるさい工事現場」とかけて、「選挙前のベテラン政治家」と解く。その心は「どちらも『地盤が固められる』でしょう。,
,完全な同音異義語型,うるさい工事現場,地面を掘削する,ほる,掘る,彫る,仏師,「うるさい工事現場」とかけて、「仏師」と解く。その心は「どちらも『掘る』でしょう。,
,完全な同音異義語型,うるさい工事現場,地面に開けられた空間,あな,穴,穴,万馬券を当てた競馬ファン,「うるさい工事現場」とかけて、「万馬券を当てた競馬ファン」と解く。その心は「どちらも『穴』でしょう。,
,多義語型,むせるタバコ部屋,煙や空気が停滞する,よどむ,淀む (空気が),淀む (話や景気が停滞する),盛り上がらない会議,むせるタバコ部屋とかけて、盛り上がらない会議と解く。その心は「どちらも『空気が淀む』でしょう。」,
,完全な同音異義語型,むせるタバコ部屋,服などに臭いが残留する,つく,付く (臭いが),就く (職に),就職活動中の学生,むせるタバコ部屋とかけて、就職活動中の学生と解く。その心は「どちらも『臭いが付く』でしょう。」,
,フレーズ・慣用句型,むせるタバコ部屋,煙で不快な思いをする,けむたい,煙たい (物理的に煙くて),煙たい (疎ましく感じる存在),口うるさい上司,むせるタバコ部屋とかけて、口うるさい上司と解く。その心は「どちらも『煙たい』でしょう。」,
,多義語型,むせるタバコ部屋,臭いや熱気が中に満ちる,こもる,籠もる (臭いが),籠もる (部屋に閉じこもる),試験勉強中の受験生,むせるタバコ部屋とかけて、試験勉強中の受験生と解く。その心は「どちらも『籠もる』でしょう。」,
,完全な同音異義語型,むせるタバコ部屋,タバコの煙を肺に入れる,すう,吸う (タバコを),吸う (水を),水を吸うスポンジ,むせるタバコ部屋とかけて、水を吸うスポンジと解く。その心は「どちらも『吸う』でしょう。」,
,フレーズ・慣用句型,むせるタバコ部屋,呼吸が困難になる,いきがつまる,息が詰まる (物理的に),息が詰まる (緊張などで),大舞台でのスピーチ,むせるタバコ部屋とかけて、大舞台でのスピーチと解く。その心は「どちらも『息が詰まる』でしょう。」,
,完全な同音異義語型,焦る遅刻,時間が切迫している状態,せまる,迫る（時間が切迫する）,迫る（観客に演技を迫る）,舞台役者,焦る遅刻とかけて、舞台役者と解く。その心は「どちらも迫る」でしょう。,
,完全な同音異義語型,焦る遅刻,遅れを取り戻そうと急いで走る様子,かける,駆ける（急いで走る）,架ける（橋などを架ける）,大工さん,焦る遅刻とかけて、大工さんと解く。その心は「どちらも駆ける（架ける）」でしょう。,
,多義語型,焦る遅刻,約束の時間に間に合わない状態,あわない,合わない（時間が合わない）,合わない（性格が合わない）,相性の悪いカップル,焦る遅刻とかけて、相性の悪いカップルと解く。その心は「どちらも合わない」でしょう。,
,多義語型,焦る遅刻,目的地に到着する,つく,着く（目的地に到着する）,就く（新しい職に就く）,新社会人,焦る遅刻とかけて、新社会人と解く。その心は「どちらも着く（就く）」でしょう。,
,フレーズ・慣用句型,焦る遅刻,時間に余裕がなく切迫している状態,おわれている,追われている（時間に追われている）,追われている（警察に追われている）,逃亡犯,焦る遅刻とかけて、逃亡犯と解く。その心は「どちらも追われている」でしょう。,
,フレーズ・慣用句型,焦る遅刻,焦りや緊張で気分が悪そうに見える状態,かおいろがわるくなる,顔色が悪くなる（焦りや緊張で）,顔色が悪くなる（体調不良で）,体調不良の人,焦る遅刻とかけて、体調不良の人と解く。その心は「どちらも顔色が悪くなる」でしょう。,
,完全な同音異義語型,喜ぶ合格,試験に受かることが認められる喜び,みとめ,認め,印鑑を押す際に使う「認め印」,書類を作成する事務員,「喜ぶ合格」とかけて、「書類を作成する事務員」と解く。その心は『どちらも「認め」が必要でしょう』。,
,完全な同音異義語型,喜ぶ合格,努力が実を結び、結果が達成されること,かんせい,歓声,作業や建造物が「完成」すること,巨大な建築プロジェクトの現場監督,「喜ぶ合格」とかけて、「巨大な建築プロジェクトの現場監督」と解く。その心は『どちらも「歓声（完成）」があがるでしょう』。,
,多義語型,喜ぶ合格,目標を達成し、次の段階へ「進む」こと,すすむ,進む,時計の針が早く「進む」こと,時間にルーズな生活を送る人,「喜ぶ合格」とかけて、「時間にルーズな生活を送る人」と解く。その心は『どちらも「進む」ことを気にするでしょう』。,
,多義語型,喜ぶ合格,努力が実を結び、新たな道や可能性が「開く」こと,とびらがひらく,扉が開く,物理的に「扉が開く」こと,長い間閉ざされていた古城の管理人,「喜ぶ合格」とかけて、「長い間閉ざされていた古城の管理人」と解く。その心は『どちらも「扉が開く」ことが嬉しいでしょう』。,
,フレーズ・慣用句型,喜ぶ合格,努力が実を結び、成果が上がることを「花が咲く」と表現する,はながさく,花が咲く,植物が「花を咲かせる」こと,丹精込めて庭を手入れするガーデナー,「喜ぶ合格」とかけて、「丹精込めて庭を手入れするガーデナー」と解く。その心は『どちらも「花が咲く」のが楽しみでしょう』。,
,フレーズ・慣用句型,喜ぶ合格,嬉しさのあまり「小躍りする」ような喜び,おどり,踊り,盆踊りや祭りなどで見られる「踊り」,地域のお祭り実行委員長,「喜ぶ合格」とかけて、「地域のお祭り実行委員長」と解く。その心は『どちらも「踊り」で盛り上がるでしょう』。,
,完全な同音異義語型,悲しむお葬式,遺体を火で焼くこと。,かそう,火葬,仮装,ハロウィンパーティー,悲しむお葬式とかけて、ハロウィンパーティーと解く。その心は「どちらも『仮装』でしょう。」,
,完全な同音異義語型,悲しむお葬式,故人を弔うために、遺族の元を訪ねること。,ちょうもん,弔問,長門,山口県にある旧国名,悲しむお葬式とかけて、山口県にある旧国名と解く。その心は「どちらも『長門』でしょう。」,
,多義語型,悲しむお葬式,故人を懐かしく思い出すこと。,しのぶ,偲ぶ,忍ぶ,夜中にこっそりラーメンを食べに行く人,悲しむお葬式とかけて、夜中にこっそりラーメンを食べに行く人と解く。その心は「どちらも『忍ぶ』でしょう。」,
,多義語型,悲しむお葬式,故人の遺影の写真を撮ること。,うつす,写す,移す,隣のクラスへ机を運ぶ作業,悲しむお葬式とかけて、隣のクラスへ机を運ぶ作業と解く。その心は「どちらも『移す』でしょう。」,
,フレーズ・慣用句型,悲しむお葬式,悲しみや悔しさで涙を流すこと。,ながす,涙を流す,水に流す,嫌な過去を忘れて前に進む決意,悲しむお葬式とかけて、嫌な過去を忘れて前に進む決意と解く。その心は「どちらも『流す』でしょう。」,
,フレーズ・慣用句型,悲しむお葬式,故人の魂をあの世へ送り出すこと。,おくる,故人を送る,贈る,卒業する先輩への記念品選び,悲しむお葬式とかけて、卒業する先輩への記念品選びと解く。その心は「どちらも『贈る』でしょう。」,
,多義語型,腹を抱えるお笑い,観客を笑わせ熱狂させる状態,わかす,笑いを誘い「客を沸かす」,風呂の「湯を沸かす」,銭湯,腹を抱えるお笑いとかけて、銭湯と解く。その心は「どちらも客を沸かす」でしょう。,
,多義語型,腹を抱えるお笑い,ネタが人々に受け入れられ、好評を得ている状態,うける,ネタが「受ける」,ボールを「受ける」,野球のキャッチャー,腹を抱えるお笑いとかけて、野球のキャッチャーと解く。その心は「どちらも球を受ける」でしょう。,
,フレーズ・慣用句型,腹を抱えるお笑い,大爆笑で腹が物理的にねじれるような感覚,はらがよじれる,「腹がよじれる」ほど面白い,物理的に布や紐が「腹がよじれる」,絡まったロープ,腹を抱えるお笑いとかけて、絡まったロープと解く。その心は「どちらも腹がよじれる」でしょう。,
,フレーズ・慣用句型,腹を抱えるお笑い,笑いすぎて一時的に呼吸が困難になる状態,いきができない,笑いすぎて「息ができない」,物理的に呼吸が「息ができない」,水中深く潜った人,腹を抱えるお笑いとかけて、水中深く潜った人と解く。その心は「どちらも息ができない」でしょう。,
,完全な同音異義語型,腹を抱えるお笑い,笑いが会場全体に広がり、人々を巻き込む様子,うず,笑いの「渦」,海の「渦」,激しい渦潮,腹を抱えるお笑いとかけて、激しい渦潮と解く。その心は「どちらも渦(うず)をまき起こす」でしょう。,
,完全な同音異義語型,腹を抱えるお笑い,笑いを我慢しようとするが難しい状態,こらえる,笑いを「堪える」,苦痛を「耐える」,厳しい修行に挑む行者,腹を抱えるお笑いとかけて、厳しい修行に挑む行者と解く。その心は「どちらも堪える(こらえる)」でしょう。,
,多義語型,息が詰まる満員電車,人がひしめき合って動けない、空間が狭い、息苦しい。,うごけない,身動きが取れない,事態が進展しない、停滞している,借金まみれの経営者,「息が詰まる満員電車」とかけて、「借金まみれの経営者」と解く。その心は「どちらも『身動きが取れない』でしょう。」,
,フレーズ・慣用句型,息が詰まる満員電車,大勢の人が乗っている、押し合っている、身体が接触している。,からだがふれあう,体が触れ合う,気持ちが通じ合う、親密になる,恋人たち,「息が詰まる満員電車」とかけて、「恋人たち」と解く。その心は「どちらも『体が触れ合う』でしょう。」,
,完全な同音異義語型,息が詰まる満員電車,物理的に混雑し、空気が悪い、不快。,いき,息,粋,粋な江戸っ子,「息が詰まる満員電車」とかけて、「粋な江戸っ子」と解く。その心は「どちらも『いき』でしょう。」,
,多義語型,息が詰まる満員電車,降りたくても降りられない、出口が見つからない感覚。,でぐちがない,出口がない,解決策が見つからない、打開策がない,複雑な迷路,「息が詰まる満員電車」とかけて、「複雑な迷路」と解く。その心は「どちらも『出口がない』でしょう。」,
,フレーズ・慣用句型,息が詰まる満員電車,人が密着している、肩が触れ合う、顔が近い。,かたをよせる,肩を寄せ合う,協力し合う、力を合わせる,困難な課題に立ち向かうチーム,「息が詰まる満員電車」とかけて、「困難な課題に立ち向かうチーム」と解く。その心は「どちらも『肩を寄せ合う』でしょう。」,
,完全な同音異義語型,息が詰まる満員電車,蒸し暑い、熱気がこもる、人が密集している。,むれる,蒸れる,群れる,羊の群れ,「息が詰まる満員電車」とかけて、「羊の群れ」と解く。その心は「どちらも『むれる』でしょう。」,
,完全な同音異義語型,疲れる引っ越し,体力を消耗し、肉体的に疲労する,つかれる,疲れる（肉体的な疲労）,憑かれる（霊などに憑依される）,霊に取り憑かれた人,疲れる引っ越しとかけて、霊に取り憑かれた人と解く。その心は「どちらも憑かれる」でしょう。,
,多義語型,疲れる引っ越し,高所から荷物を降ろす作業がある,おろす,荷物を下ろす（高い所から低い所へ移動させる）,大根を下ろす（大根をすりおろす）,大根おろしを作る料理人,疲れる引っ越しとかけて、大根おろしを作る料理人と解く。その心は「どちらも下ろす」でしょう。,
,フレーズ・慣用句型,疲れる引っ越し,荷造りや運搬という困難な作業が多い,やまをこえる,山を越える（困難な状況や課題を乗り切る）,山を越える（実際の山岳を歩いて渡る）,登山家,疲れる引っ越しとかけて、登山家と解く。その心は「どちらも山を越える」でしょう。,
,完全な同音異義語型,疲れる引っ越し,新しい住まいに移動する,うつる,移る（場所が変わる、移動する）,うつる（病気が人から人へ伝染する）,風邪をひいて周りにうつしてしまった人,疲れる引っ越しとかけて、風邪をひいて周りにうつしてしまった人と解く。その心は「どちらもうつる」でしょう。,
,多義語型,疲れる引っ越し,荷物や体が物理的に動く,うごく,動く（物理的に位置や状態が変わる、体を動かす）,心が動く（感情が揺さぶられる、感動する）,感動的な映画を見た人,疲れる引っ越しとかけて、感動的な映画を見た人と解く。その心は「どちらも心が動く」でしょう。,
,フレーズ・慣用句型,疲れる引っ越し,荷造りや運搬で常に作業に追われている状態,てがはなせない,手が離せない（作業で忙しく、他のことができない）,手が離せない（子供が小さく、常に世話が必要な状態）,小さな子供を育てる親,疲れる引っ越しとかけて、小さな子供を育てる親と解く。その心は「どちらも手が離せない」でしょう。,
,多義語型,支払う税金,経済的な負担が大きい,ふたん,負担 (費用や責任を負うこと),負担 (重い荷物などを背負うこと),重いリュックを背負った登山者,支払う税金とかけて、重いリュックを背負った登山者と解く。その心は「どちらも『負担』が大きい」でしょう。,
,フレーズ・慣用句型,支払う税金,義務として避けられない,のがれられない,逃れられない (義務や状況から避けられない),逃れられない (物理的に捕まって逃げ出せない),捕獲された獲物,支払う税金とかけて、捕獲された獲物と解く。その心は「どちらも『逃れられない』」でしょう。,
,完全な同音異義語型,支払う税金,国に納める金銭,おさめる,納める (税金を国に納める),治める (国や世の中を統治する),立派な国の指導者,支払う税金とかけて、立派な国の指導者と解く。その心は「どちらも国を『おさめる』」でしょう。,
,多義語型,支払う税金,金額が大きく、経済的に圧迫される,おもい,重い (経済的負担が大きい),重い (物理的に重量がある),重量挙げのバーベル,支払う税金とかけて、重量挙げのバーベルと解く。その心は「どちらも『重い』」でしょう。,
,フレーズ・慣用句型,支払う税金,国民から徴収される、国民のお金に関わる,てをだす,手を出す (政府が国民の財源に介入し徴収する),手を出す (困っている人を助けるために行動する),困っている人を助けるボランティア,支払う税金とかけて、困っている人を助けるボランティアと解く。その心は「どちらも国民に『手を出す』」でしょう。,
,完全な同音異義語型,支払う税金,費用や負担が生じる,かかる,かかる (費用や負担が生じる),掛かる (壁に絵などが吊り下げられる),壁に掛けられたカレンダー,支払う税金とかけて、壁に掛けられたカレンダーと解く。その心は「どちらも『かかる』」でしょう。,
,完全な同音異義語型,結ぶ契約,当事者間の合意を形にし、成立させる行為や結果。,むすび,契約の「結び」(締結),おにぎりの「結び」,お弁当の主役,「結ぶ契約」とかけて、「お弁当の主役」と解く。その心は「どちらも『結び』でしょう。」,
,完全な同音異義語型,結ぶ契約,義務を果たす。約束通りに行う。,りこう,契約の「履行」,「利口」(賢いこと),よくできた子供,「結ぶ契約」とかけて、「よくできた子供」と解く。その心は「どちらも『利口（履行）』でしょう。」,
,多義語型,結ぶ契約,合意の内容。当事者間の合意事項。,じょうけん,契約の「条件」,パズルを解くための「条件」(ヒントや制約),難しいパズル,「結ぶ契約」とかけて、「難しいパズル」と解く。その心は「どちらも『条件』があるでしょう。」,
,多義語型,結ぶ契約,相手と合意を形成する。交渉で何かを「交わす」。,かわす,契約を「交わす」,攻撃を「かわす」(避ける),ボクサー,「結ぶ契約」とかけて、「ボクサー」と解く。その心は「どちらも『かわす』ことが重要でしょう。」,
,フレーズ・慣用句型,結ぶ契約,破棄されることもある。無効になることもある。,ながれにきえる,契約が「流れに消える」(破棄、解消されて無効になること),水に流されて「流れに消える」(物理的に流れていくこと),川に落ちた小石,「結ぶ契約」とかけて、「川に落ちた小石」と解く。その心は「どちらも『流れに消える』ことがあります。」,
,フレーズ・慣用句型,結ぶ契約,契約は強固な関係を築き、簡単に破られないようにする。,かたくむすぶ,契約を「固く結ぶ」(強固な関係を築く),靴ひもを「固く結ぶ」(物理的に結びつける),長距離ランナー,「結ぶ契約」とかけて、「長距離ランナー」と解く。その心は「どちらも『固く結ぶ』ことが大事でしょう。」,
,完全な同音異義語型,投じる一票,自分の考えや決意を表明する行為,いし,意思,石,庭に置かれた重いオブジェ,「投じる一票」とかけて、「庭に置かれた重いオブジェ」と解く。その心は「どちらも『意思（石）』でしょう。」,
,完全な同音異義語型,投じる一票,票を箱の中に入れる行為,とうにゅう,投入,豆乳,大豆から作られる健康的な飲み物,「投じる一票」とかけて、「大豆から作られる健康的な飲み物」と解く。その心は「どちらも『投入（豆乳）』でしょう。」,
,多義語型,投じる一票,政治や社会の未来を形作る、影響力が大きいこと,じゅうよう,重要（影響力が大きいこと）,重要（物理的に重くてかさばること）,引っ越し屋が運ぶ大型家具,「投じる一票」とかけて、「引っ越し屋が運ぶ大型家具」と解く。その心は「どちらも『重要』でしょう。」,
,多義語型,投じる一票,候補者が選ばれる、役職に就くこと,たつ,（候補者が）立つ、（役職に）就く,（物理的に）立つ、（体が）立ち上がる,長時間の立ち仕事をする職人,「投じる一票」とかけて、「長時間の立ち仕事をする職人」と解く。その心は「どちらも『立つ』でしょう。」,
,フレーズ・慣用句型,投じる一票,投票によって最終的な判断や結論が導かれること,けっかをだす,結果を出す（選出される、結論が出る）,結果を出す（宿題の答えを導き出す）,難しい計算問題を解き終えた学生,「投じる一票」とかけて、「難しい計算問題を解き終えた学生」と解く。その心は「どちらも『結果を出す』でしょう。」,
,フレーズ・慣用句型,投じる一票,国家や組織の進むべき方向が決定されること,ほうこうせいをきめる,方向性を決める（政策の進路を定める）,方向性を決める（目的地への道筋を見つける）,迷子の観光客が地図で現在地を確認する,「投じる一票」とかけて、「迷子の観光客が地図で現在地を確認する」と解く。その心は「どちらも『方向性を決める』でしょう。」,
,完全な同音異義語型,辞める会社,組織から離れる、籍を抜く,さる,去る,猿,木の上で生活する動物,辞める会社とかけて、木の上で生活する動物と解く。その心は「どちらも『去る（さる）』でしょう」。,
,完全な同音異義語型,辞める会社,関係を断つ、縁を切る,きる,切る,着る,ファッションショーのモデル,辞める会社とかけて、ファッションショーのモデルと解く。その心は「どちらも『着る（きる）』でしょう」。,
,多義語型,辞める会社,関係を断つ、縁を断ち切る,きる,切る,切る,料理人,辞める会社とかけて、料理人と解く。その心は「どちらも『切る』でしょう」。,
,多義語型,辞める会社,組織から抜ける、籍を失う,ぬける,抜ける,抜ける,成長期の子供,辞める会社とかけて、成長期の子供と解く。その心は「どちらも『（歯が）抜ける』でしょう」。,
,フレーズ・慣用句型,辞める会社,重い責任から解放される,かたの にが おりる,肩の荷が下りる,肩の荷が下りる,重い荷物を運び終えた人,辞める会社とかけて、重い荷物を運び終えた人と解く。その心は「どちらも『肩の荷が下りる』でしょう」。,
,フレーズ・慣用句型,辞める会社,新しい世界へ飛び出す、活躍を始める,はばたく,羽ばたく,羽ばたく,巣立ちのひな鳥,辞める会社とかけて、巣立ちのひな鳥と解く。その心は「どちらも『羽ばたく』でしょう」。,
,完全な同音異義語型,始める起業,事業計画を具体化する,たてる,計画を「立てる」,家を「建てる」,大工,始める起業とかけて、大工と解く。その心は「どちらも『立てる』ことが肝心でしょう。」,
,完全な同音異義語型,始める起業,事業の成果が現れる,み,事業の「実」を結ぶ,果物の「実」,果樹園,始める起業とかけて、果樹園と解く。その心は「どちらも『実』が大切でしょう。」,
,多義語型,始める起業,事業の根幹を築く,どだい,事業の「土台」を作る,建築物の「土台」,基礎工事現場,始める起業とかけて、基礎工事現場と解く。その心は「どちらも『土台』が肝心でしょう。」,
,多義語型,始める起業,事業の方向性や計画を進める,てんかい,事業の「展開」,将棋の序盤の「展開」,将棋の棋士,始める起業とかけて、将棋の棋士と解く。その心は「どちらも『展開』が勝負でしょう。」,
,フレーズ・慣用句型,始める起業,新しい市場や分野を切り拓く,みちをひらく,新しい「道を拓く」,山中に「道を切り開く」,探検家,始める起業とかけて、探検家と解く。その心は「どちらも『道を拓く』ことが重要でしょう。」,
,フレーズ・慣用句型,始める起業,活動に必要な資金を調達する,かねをあつめる,資金を「募る」,賽銭を「集める」,神社の賽銭箱,始める起業とかけて、神社の賽銭箱と解く。その心は「どちらも『お金を集める』必要があるでしょう。」,
,完全な同音異義語型,返す借金,支払いを完了させる必要がある,かんさい,完済,関西,大阪や京都など、日本の西の地方,返す借金とかけて、大阪や京都など日本の西の地方と解く。その心は「どちらも『カンサイ』でしょう。」,
,完全な同音異義語型,返す借金,金銭的な義務を負っている,さいむ,債務,再夢,過去の栄光を取り戻したいスポーツ選手,返す借金とかけて、過去の栄光を取り戻したいスポーツ選手と解く。その心は「どちらも『サイム（債務/再夢）』でしょう。」,
,多義語型,返す借金,負担が大きくて苦しい,おもい,重い,思い,遠く離れた恋人への気持ち,返す借金とかけて、遠く離れた恋人への気持ちと解く。その心は「どちらも『オモイ（重い/思い）』でしょう。」,
,多義語型,返す借金,支払いを済ませて解決する,かたづける,片付ける,片付ける,散らかった部屋,返す借金とかけて、散らかった部屋と解く。その心は「どちらも『片付ける』必要があるでしょう。」,
,フレーズ・慣用句型,返す借金,精神的な重圧や責任を感じる,かたにのしかかる,肩にのしかかる,肩にのしかかる,重い荷物を運ぶ引っ越し業者,返す借金とかけて、重い荷物を運ぶ引っ越し業者と解く。その心は「どちらも『肩にのしかかる』でしょう。」,
,フレーズ・慣用句型,返す借金,残高を少なくしたいと願う,へらしたい,減らしたい,減らしたい,ダイエット中の人,返す借金とかけて、ダイエット中の人と解く。その心は「どちらも『減らしたい』でしょう。」,
,完全な同音異義語型,学ぶ学校,知識や能力を向上させる,のばす,能力を伸ばす,生地を延ばす,パン職人,学ぶ学校とかけて、パン職人と解く。その心は『どちらも『のばす』でしょう。』,
,完全な同音異義語型,学ぶ学校,将来に役立つ準備をする,そなえる,将来に備える,非常食を備える,災害時の防災セット,学ぶ学校とかけて、災害時の防災セットと解く。その心は『どちらも『万が一にそなえる』でしょう。』,
,多義語型,学ぶ学校,教育課程を終えて自立する,すだつ,社会へ巣立つ,親元から巣立つ,小鳥の親子,学ぶ学校とかけて、小鳥の親子と解く。その心は『どちらも『やがて巣立つ時が来る』でしょう。』,
,多義語型,学ぶ学校,思考力や精神力を強くする,きたえる,思考力を鍛える,鉄を鍛える,刀匠,学ぶ学校とかけて、刀匠と解く。その心は『どちらも『ひたすら鍛える』でしょう。』,
,フレーズ・慣用句型,学ぶ学校,生徒に進むべき道を示す,おしえる,知識を教える,道を教える,道案内をする人,学ぶ学校とかけて、道案内をする人と解く。その心は『どちらも『正しい道を教える』でしょう。』,
,フレーズ・慣用句型,学ぶ学校,未来へと進むための橋渡しとなる,つながる,未来へ繋がる,場所と場所が繋がる,鉄道の線路,学ぶ学校とかけて、鉄道の線路と解く。その心は『どちらも『次の場所へとつながる』でしょう。』,
,完全な同音異義語型,教える塾,生徒の能力や未来を広げる,かいたく,未来を『開拓』する,荒地を『開拓』する,未開の土地を耕す開拓者,教える塾とかけて、未開の土地を耕す開拓者と解く。その心は『どちらも未来を「開拓」する』でしょう。,
,完全な同音異義語型,教える塾,生徒の才能や学力を伸ばす,いくせい,才能を『育成』する,作物や動物を『育成』する,牧場で牛を育てる酪農家,教える塾とかけて、牧場で牛を育てる酪農家と解く。その心は『どちらも大切なものを「育成」する』でしょう。,
,多義語型,教える塾,生徒の学力や人間性を向上させる,そだてる,生徒を『育てる』,庭の植物を『育てる』,枯れた庭を再生させる庭師,教える塾とかけて、枯れた庭を再生させる庭師と解く。その心は『どちらも大切なものを「育てる」』でしょう。,
,多義語型,教える塾,生徒に知識や機会を提供する,あたえる,知識や成長の機会を『与える』,動物に餌を『与える』,動物園の飼育員,教える塾とかけて、動物園の飼育員と解く。その心は『どちらも大切なものに「与える」』でしょう。,
,フレーズ・慣用句型,教える塾,生徒の挑戦や努力を後押しする,せなかをおす,挑戦する生徒の『背中を押す』,物理的に人や物の『背中を押す』,荷車を押して運ぶ人夫,教える塾とかけて、荷車を押して運ぶ人夫と解く。その心は『どちらも目標に向かって「背中を押す」』でしょう。,
,フレーズ・慣用句型,教える塾,生徒の弱点や苦手科目を乗り越えさせる,こくふくする,苦手科目を『克服する』,困難や病気を『克服する』,厳しい病を乗り越えた患者,教える塾とかけて、厳しい病を乗り越えた患者と解く。その心は『どちらも困難を「克服する」』でしょう。,
,完全な同音異義語型,診る病院,患者の病気を「発見」する,はっけん,病気を「発見」する,チケットなどを「発券」する,映画館の自動券売機,診る病院とかけて、映画館の自動券売機と解く。その心は「どちらも『はっけん』するでしょう」。,
,完全な同音異義語型,診る病院,患者の病状を「診察」する,しんさつ,患者を「診察」する,仕事の「進捗」,プロジェクトマネージャー,診る病院とかけて、プロジェクトマネージャーと解く。その心は「どちらも『しんさつ』が大事でしょう」。,
,多義語型,診る病院,患者の病気を「治す」,なおす,病気を「治す」,壊れたものを「直す」,腕の良い修理工,診る病院とかけて、腕の良い修理工と解く。その心は「どちらも『なおす』でしょう」。,
,多義語型,診る病院,患者に「薬の処方箋を出す」,だす,処方箋を「出す」,宿題を「出す」,学校の先生,診る病院とかけて、学校の先生と解く。その心は「どちらも『だす』でしょう」。,
,フレーズ・慣用句型,診る病院,患者の「病気と向き合う」場である,むきあう,病気と「向き合う」,鏡と「向き合う」,鏡の前の自分,診る病院とかけて、鏡の前の自分と解く。その心は「どちらも『向き合う』でしょう」。,
,フレーズ・慣用句型,診る病院,患者の「命を預かる」重要な場所である,あずかる,命を「預かる」,金品を「預かる」,銀行の金庫番,診る病院とかけて、銀行の金庫番と解く。その心は「どちらも『あずかる』でしょう」。,
,完全な同音異義語型,治す手術,悪い部分を「治す」行為,なおす,治す,納める（税金などを）,税務署の職員,「治す手術」とかけて、「税務署の職員」と解く。その心は『どちらも「納める（なおす）」でしょう。』,
,完全な同音異義語型,治す手術,患部を「開く」行為,ひらく,開く（患部を）,拓く（道を）,未開の地で新しい生活を始める開拓者,「治す手術」とかけて、「未開の地で新しい生活を始める開拓者」と解く。その心は『どちらも「道を拓く（ひらく）」でしょう。』,
,多義語型,治す手術,体の状態を「改善する」こと,かいぜん,改善（体の状態を）,改善（業務の効率を）,企業の業務改革担当者,「治す手術」とかけて、「企業の業務改革担当者」と解く。その心は『どちらも「改善（かいぜん）」を目指すでしょう。』,
,多義語型,治す手術,術後の状態が「落ち着く」こと,おちつく,落ち着く（術後の状態が）,落ち着く（心の状態が）,長年の悩みが解決して安心した人,「治す手術」とかけて、「長年の悩みが解決して安心した人」と解く。その心は『どちらも「落ち着く（おちつく）」でしょう。』,
,フレーズ・慣用句型,治す手術,患部に「手を加える」こと,てをいれる,手を入れる（患部に）,手を入れる（庭の手入れをする、文章を修正する）,荒れ果てた庭を美しくする園芸家,「治す手術」とかけて、「荒れ果てた庭を美しくする園芸家」と解く。その心は『どちらも「手を入れる（てをいれる）」でしょう。』,
,フレーズ・慣用句型,治す手術,患部を「切り開く」行為,きりひらく,切り開く（患部を）,切り開く（困難な状況を）,閉塞した状況を打開しようと奮闘するリーダー,「治す手術」とかけて、「閉塞した状況を打開しようと奮闘するリーダー」と解く。その心は『どちらも「道を切り開く（きりひらく）」でしょう。』,
,完全な同音異義語型,走るマラソン,最後まで走り切る,かんそう,完走,乾燥,洗濯物,走るマラソンとかけて、洗濯物と解く。その心は「どちらも完走（乾燥）する」でしょう。,
,完全な同音異義語型,走るマラソン,タイムや順位を争う,きそう,競う,着飾る,パーティに行く人,走るマラソンとかけて、パーティに行く人と解く。その心は「どちらも競う（着飾る）」でしょう。,
,多義語型,走るマラソン,体力や精神力の限界に挑戦する,げんかい,限界,限界,赤字経営の会社,走るマラソンとかけて、赤字経営の会社と解く。その心は「どちらも限界がある」でしょう。,
,多義語型,走るマラソン,時間制限のある通過点がある,かんもん,関門,関門,受験生,走るマラソンとかけて、受験生と解く。その心は「どちらもいくつもの関門を突破する」でしょう。,
,フレーズ・慣用句型,走るマラソン,長時間走り続けて足が疲れる,あしをぼうにする,足を棒にする,足を棒にする,テーマパークを巡る観光客,走るマラソンとかけて、テーマパークを巡る観光客と解く。その心は「どちらも足を棒にする」でしょう。,
,フレーズ・慣用句型,走るマラソン,苦痛や困難に耐えて走り続ける,はをくいしばる,歯を食いしばる,歯を食いしばる,困難な交渉に臨むビジネスマン,走るマラソンとかけて、困難な交渉に臨むビジネスマンと解く。その心は「どちらも歯を食いしばる」でしょう。,
,完全な同音異義語型,泳ぐプール,泳ぐ際に息継ぎをする,こきゅう,呼吸（息を吸い吐くこと）,古希（70歳の誕生日）,長生きして70歳を迎える人,「泳ぐプール」とかけて、「70歳の誕生日を迎える人」と解く。その心は「どちらも『呼吸（こきゅう）』と『古希（こきゅう）』があるでしょう。」,
,完全な同音異義語型,泳ぐプール,プールに入る前に更衣室で服を着替える,こうい,更衣（服を着替える行為）,好意（親切な気持ち、好ましい感情）,異性に対して良い感情を持っている人,「泳ぐプール」とかけて、「異性に対して良い感情を持っている人」と解く。その心は「どちらも『更衣（こうい）』と『好意（こうい）』があるでしょう。」,
,多義語型,泳ぐプール,水中に身を沈める,もぐる,潜る（水中に身を沈める）,潜る（世間の目を避けて活動する）,秘密裏に活動するスパイ,「泳ぐプール」とかけて、「秘密裏に活動するスパイ」と解く。その心は「どちらも『潜る（もぐる）』でしょう。」,
,多義語型,泳ぐプール,水質や施設を維持する,かんり,管理（水質や設備を保つこと）,管理（組織やプロジェクトを運営すること）,企業の中間管理職,「泳ぐプール」とかけて、「企業の中間管理職」と解く。その心は「どちらも『管理（かんり）』が大変でしょう。」,
,フレーズ・慣用句型,泳ぐプール,プールに入って体が水に浸かる,みずにつかる,水に浸かる（プールに入って体が濡れる状態）,苦境に浸かる（困難な状況に身を置くこと）,経営が悪化して苦しむ中小企業の社長,「泳ぐプール」とかけて、「経営が悪化して苦しむ中小企業の社長」と解く。その心は「どちらも『水に浸かる』でしょう。」,
,フレーズ・慣用句型,泳ぐプール,水面に波が起きる,なみがたつ,波が立つ（水面に波ができる）,波が立つ（揉め事や騒動が起こる）,社内での意見対立が絶えない職場,「泳ぐプール」とかけて、「社内での意見対立が絶えない職場」と解く。その心は「どちらも『波が立つ』でしょう。」,
,完全な同音異義語型,歌うカラオケ,音楽の演奏対象として「曲」がある,きょく,曲,局,ラジオ局,歌うカラオケとかけて、ラジオ局と解く。その心は「どちらも『曲/局』があるでしょう。」,
,完全な同音異義語型,歌うカラオケ,自分の「声」を出す,こえ,声,肥え,豊かな土壌,歌うカラオケとかけて、豊かな土壌と解く。その心は「どちらも『声/肥え』でしょう。」,
,多義語型,歌うカラオケ,発生させる「音」を楽しむ,おと,音 (物理的な響き),音 (連絡、消息),久しぶりに連絡が取れた旧友,歌うカラオケとかけて、久しぶりに連絡が取れた旧友と解く。その心は「どちらも『音』が聞きたいでしょう。」,
,多義語型,歌うカラオケ,BGMとして曲を「流す」,ながす,流す (曲を再生する),流す (涙を流す),感動的な映画を見ている人,歌うカラオケとかけて、感動的な映画を見ている人と解く。その心は「どちらも『流す』でしょう。」,
,フレーズ・慣用句型,歌うカラオケ,長時間歌い続けて「喉を枯らす」ことがある,のどをからす,喉を枯らす (歌いすぎて声が出なくなる),喉を枯らす (長時間話して声が出なくなる),長時間交渉を終えた営業マン,歌うカラオケとかけて、長時間交渉を終えた営業マンと解く。その心は「どちらも『喉を枯らす』でしょう。」,
,フレーズ・慣用句型,歌うカラオケ,音程やリズムに「調子を合わせる」,ちょうしをあわせる,調子を合わせる (歌唱の),調子を合わせる (相手に歩調を合わせる),気難しい上司にごますりをする部下,歌うカラオケとかけて、気難しい上司にごますりをする部下と解く。その心は「どちらも『調子を合わせる』でしょう。」,
,完全な同音異義語型,踊る祭り,人が体を動かす、舞い踊る様子,おどり,踊り,織り,布を織る職人,「踊る祭り」とかけて、「布を織る職人」と解く。その心は『どちらも「織り」でしょう。』,
,多義語型,踊る祭り,活気があふれて熱気が高まる、賑わう様子,もりあがる,盛り上がる（活気づく）,盛り上がる（物理的に高くなる）,パン生地,「踊る祭り」とかけて、「パン生地」と解く。その心は『どちらも「盛り上がる」でしょう。』,
,フレーズ・慣用句型,踊る祭り,音楽に合わせて手拍子をする、拍手喝采,てをたたく,手をたたく（拍手する）,手をたたく（和解する、契約を結ぶ）,商談が成立したビジネスパーソン,「踊る祭り」とかけて、「商談が成立したビジネスパーソン」と解く。その心は『どちらも「手をたたく」でしょう。』,
,完全な同音異義語型,踊る祭り,色鮮やかな衣装や飾り付けが美しい様子,いろどり,彩り,色鳥,熱帯に生息する美しい鳥,「踊る祭り」とかけて、「熱帯に生息する美しい鳥」と解く。その心は『どちらも「彩り(色鳥)」でしょう。』,
,多義語型,踊る祭り,参加者の興奮が最高潮に達している状態,ねっき,熱気（熱い雰囲気、興奮）,熱気（物理的な熱い空気）,サウナ風呂,「踊る祭り」とかけて、「サウナ風呂」と解く。その心は『どちらも「熱気」でしょう。』,
,フレーズ・慣用句型,踊る祭り,歌ったり、歓声をあげたりする様子,こえをあげる,声をあげる（歓声をあげる、歌う）,声をあげる（意見を表明する、訴えを発する）,不正を糾弾する市民団体,「踊る祭り」とかけて、「不正を糾弾する市民団体」と解く。その心は『どちらも「声をあげる」でしょう。』,
,完全な同音異義語型,祈る神社,願いを捧げ、お金をお供えする,さいせん,賽銭,再選,選挙に挑む候補者,祈る神社とかけて、選挙に挑む候補者と解く。その心は「どちらも『さいせん』」でしょう。,
,完全な同音異義語型,祈る神社,神事やお祝いの行事を行う,まつり,祭り,纏り,チームワークを重視する企業,祈る神社とかけて、チームワークを重視する企業と解く。その心は「どちらも『まつり』」でしょう。,
,多義語型,祈る神社,神に願いを託す,かける,掛ける（願いを）,架ける（橋を）,川に橋を架ける土木作業員,祈る神社とかけて、川に橋を架ける土木作業員と解く。その心は「どちらも『かける』」でしょう。,
,多義語型,祈る神社,厄災や穢れを取り除く,はらう,祓う（厄を）,払う（埃を）,部屋をきれいに保ちたい人,祈る神社とかけて、部屋をきれいに保ちたい人と解く。その心は「どちらも『はらう』」でしょう。,
,フレーズ・慣用句型,祈る神社,多くの参拝客が絶え間なく訪れる,ひとがたえない,人が絶えない（訪問客が途切れない）,人が絶えない（話題や情報が途切れない）,最新のゴシップに詳しい有名人,祈る神社とかけて、最新のゴシップに詳しい有名人と解く。その心は「どちらも『人が絶えない』」でしょう。,
,フレーズ・慣用句型,祈る神社,神に捧げた思いや願いが聞き入れられる,ねがいがとどく,願いが届く（神に思いが）,願いが届く（品物が目的地に）,遠方の顧客に商品を届ける物流会社,祈る神社とかけて、遠方の顧客に商品を届ける物流会社と解く。その心は「どちらも『願いが届く』」でしょう。,
,多義語型,祝う結婚,新しい計画や誓いを立てる,たてる,立てる,立てる,新規プロジェクトの担当者,祝う結婚とかけて、新規プロジェクトの担当者と解く。その心は「どちらも『立てる』でしょう。」,
,フレーズ・慣用句型,祝う結婚,二人が一つになる,ひとつになる,一つになる,一つになる,分解された機械を組み立てる職人,祝う結婚とかけて、分解された機械を組み立てる職人と解く。その心は「どちらも『一つになる』でしょう。」,
,完全な同音異義語型,祝う結婚,永遠の愛を誓う,ちかい,誓い,近い,ゴール間近のランナー,祝う結婚とかけて、ゴール間近のランナーと解く。その心は「どちらも『ちかい』でしょう。」,
,多義語型,祝う結婚,希望に満ちる,みちる,満ちる,満ちる,浴槽にお湯を張る人,祝う結婚とかけて、浴槽にお湯を張る人と解く。その心は「どちらも『満ちる』でしょう。」,
,完全な同音異義語型,祝う結婚,固い絆が生まれる,かたい,固い,硬い,鍛冶職人,祝う結婚とかけて、鍛冶職人と解く。その心は「どちらも『かたい』でしょう。」,
,フレーズ・慣用句型,祝う結婚,未来を共に歩む,ともにあゆむ,共に歩む,共に歩む,マラソンランナーとその伴走者,祝う結婚とかけて、マラソンランナーとその伴走者と解く。その心は「どちらも『共に歩む』でしょう。」,
,完全な同音異義語型,争う裁判,事実を審議し、真実を追究する,しんり,審理 (裁判で事実や証拠を審議すること),心理 (人の心の動きや精神状態),恋愛相談,争う裁判とかけて、恋愛相談と解く。その心は「どちらも審理(しんり)でしょう。」,
,多義語型,争う裁判,手続きを踏み、結論へと構成していく,かたち,形 (裁判の形式や手順、構成),形 (物体の形状や姿),粘土細工,争う裁判とかけて、粘土細工と解く。その心は「どちらも形(かたち)でしょう。」,
,フレーズ・慣用句型,争う裁判,有罪か無罪か、決着をつける,しろくろつける,白黒つける (正しいか間違っているか、明確な結論を出す),白黒つける (視覚的に白と黒の色をつける、または区別する),囲碁の対局,争う裁判とかけて、囲碁の対局と解く。その心は「どちらも白黒つけるでしょう。」,
,完全な同音異義語型,争う裁判,審理を終え、最終的な判断を下す,けっしん,結審 (裁判の審理を終えること),決心 (何かをしようと心に決めること),受験生,争う裁判とかけて、受験生と解く。その心は「どちらも結審(けっしん)でしょう。」,
,多義語型,争う裁判,自己の主張や権利を申し立てる,うったえ,訴え (裁判所に権利の主張や異議を申し立てること),訴え (人の心を動かす力や働き),感動的なスピーチ,争う裁判とかけて、感動的なスピーチと解く。その心は「どちらも訴え(うったえ)でしょう。」,
,フレーズ・慣用句型,争う裁判,紛争や問題に最終的な決着をつける,けりをつける,けりをつける (物事に最終的な結論や決着をつける),けりをつける (武道などで相手を蹴って倒す、技を決める),空手家,争う裁判とかけて、空手家と解く。その心は「どちらもけりをつけるでしょう。」,
,完全な同音異義語型,守る警察,地域の安全を見守る、巡回する,みまわり,見回り,身回り,旅行の準備をする人,守る警察とかけて、旅行の準備をする人と解く。その心は『どちらも身（見）回りが必要』でしょう。,
,完全な同音異義語型,守る警察,社会の治安を保ち続ける、秩序を維持する,いじ,維持,意地,頑固な職人,守る警察とかけて、頑固な職人と解く。その心は『どちらも意地（維持）が大切』でしょう。,
,多義語型,守る警察,犯罪者や危険を捕獲する、手に入れる,とらえる,捕らえる,捉える,チャンスをものにするビジネスマン,守る警察とかけて、チャンスをものにするビジネスマンと解く。その心は『どちらも好機を捉える（捕らえる）』でしょう。,
,多義語型,守る警察,市民に安全を提供し、心配のない状態にする,あんしん,安心,安心,長い間悩んでいた問題が解決した人,守る警察とかけて、長い間悩んでいた問題が解決した人と解く。その心は『どちらも安心がある』でしょう。,
,フレーズ・慣用句型,守る警察,不審な動きがないか、目を離さずに監視する,めをひからせる,目を光らせる,目を光らせる,バーゲン会場で掘り出し物を探す客,守る警察とかけて、バーゲン会場で掘り出し物を探す客と解く。その心は『どちらも目を光らせる』でしょう。,
,フレーズ・慣用句型,守る警察,広範囲に注意を行き届かせ、見守る,めをくばる,目を配る,目を配る,大勢の生徒を引率する教師,守る警察とかけて、大勢の生徒を引率する教師と解く。その心は『どちらも全体に目を配る』でしょう。,
,完全な同音異義語型,消す消防,火元に危険を顧みず向かう,ちかよる,近寄る,地価寄る,不動産開発計画,「消す消防」とかけて、「不動産開発計画」と解く。その心は「どちらも『近寄る／地価寄る』でしょう。」,
,完全な同音異義語型,消す消防,燃え盛る火を鎮める,しんか,鎮火,進化,ダーウィンの進化論,「消す消防」とかけて、「ダーウィンの進化論」と解く。その心は「どちらも『鎮火／進化』でしょう。」,
,多義語型,消す消防,災害現場へ急行する,しゅつどう,出動,出動,人気演劇の役者,「消す消防」とかけて、「人気演劇の役者」と解く。その心は「どちらも『出動』するでしょう。」,
,多義語型,消す消防,ホースで火に水をかける,みずをかける,水をかける,水をかける,順調に進むプロジェクトの邪魔をする人,「消す消防」とかけて、「順調に進むプロジェクトの邪魔をする人」と解く。その心は「どちらも『水をかける』でしょう。」,
,フレーズ・慣用句型,消す消防,人々の命を守る,いのちをまもる,命を守る,命を守る,RPGで回復アイテムを温存するプレイヤー,「消す消防」とかけて、「RPGで回復アイテムを温存するプレイヤー」と解く。その心は「どちらも『命を守る』でしょう。」,
,フレーズ・慣用句型,消す消防,火の勢いをコントロールする,ひをおさえる,火を抑える,火を抑える,料理で焦げ付きを避けたいシェフ,「消す消防」とかけて、「料理で焦げ付きを避けたいシェフ」と解く。その心は「どちらも『火を抑える』でしょう。」,
,完全な同音異義語型,届ける郵便,郵便が宛先に到着する物理的な状態。,とどく,届く,届く,高いところの物を取ろうとする人,「届ける郵便」とかけて、「高いところの物を取ろうとする人」と解く。その心は『どちらも「届く」ことが目的でしょう。』,
,完全な同音異義語型,届ける郵便,郵便物が人から人へと受け「渡る」行為。,わたる,渡る,渡る,橋を渡る旅人,「届ける郵便」とかけて、「橋を渡る旅人」と解く。その心は『どちらも「渡る」でしょう。』,
,多義語型,届ける郵便,郵便物を投函する「ポスト」という設備。,ぽすと,ポスト,ポスト,会社の重要な役職,「届ける郵便」とかけて、「会社の重要な役職」と解く。その心は『どちらも「ポスト」が大切でしょう。』,
,多義語型,届ける郵便,郵便物を仕分けたり、分類する行為。,しわける,仕分ける,仕分ける,会社の予算会議,「届ける郵便」とかけて、「会社の予算会議」と解く。その心は『どちらも「仕分ける」ことが必要でしょう。』,
,フレーズ・慣用句型,届ける郵便,郵便物の配達にミスがないこと。,ぬかりがない,抜かりがない,抜かりがない,完璧主義のプロデューサー,「届ける郵便」とかけて、「完璧主義のプロデューサー」と解く。その心は『どちらも「抜かりがない」でしょう。』,
,フレーズ・慣用句型,届ける郵便,地域ごとに配達の「道筋を分ける」こと。,みちをわける,道を分ける,道を分ける,卒業後の進路相談をする生徒たち,「届ける郵便」とかけて、「卒業後の進路相談をする生徒たち」と解く。その心は『どちらも「道を分ける」必要があるでしょう。』,
,完全な同音異義語型,売る商品,客に渡して手元から無くなる,てばなす,手放す（売却する）,手放す（飼っているものを放棄する）,飼い主,売る商品とかけて、飼い主と解く。その心は「どちらも手放すでしょう。」,
,完全な同音異義語型,売る商品,市場に出すために価格を設定する,ねをつける,値を付ける（価格を決める）,根を付ける（植物が土に根を張る）,植物,売る商品とかけて、植物と解く。その心は「どちらも根を付けるでしょう。」,
,多義語型,売る商品,顧客が物理的に手に持つ,てにとられる,手に取られる（商品を実際に持つ）,手に取られる（秘密などが明らかになる）,隠し事,売る商品とかけて、隠し事と解く。その心は「どちらも手に取られるでしょう。」,
,多義語型,売る商品,魅力を引き出すために照明などで照らす,ひかりをあてる,光を当てる（照明で照らす）,光を当てる（注目を集める、重要視する）,注目されたい新人タレント,売る商品とかけて、注目されたい新人タレントと解く。その心は「どちらも光を当てるでしょう。」,
,フレーズ・慣用句型,売る商品,売れ残って物理的に大量に溜まる,やまづみになる,山積みになる（在庫が物理的に積み重なる）,山積みになる（処理すべき仕事などがたくさんある）,忙しいビジネスパーソン,売る商品とかけて、忙しいビジネスパーソンと解く。その心は「どちらも山積みになるでしょう。」,
,フレーズ・慣用句型,売る商品,魅力がなく注目されない,みむきもされない,見向きもされない（商品が全く顧みられない）,見向きもされない（相手に全く関心を持たれない、無視される）,片思いの相手に無視される人,売る商品とかけて、片思いの相手に無視される人と解く。その心は「どちらも見向きもされないでしょう。」,
,完全な同音異義語型,買う株,市場に流通し、取引される金融商品,かぶ,株（株式）,蕪（野菜）,畑で育つ野菜,買う株とかけて、畑で育つ野菜と解く。その心は『どちらも「かぶ」でしょう。』,
,多義語型,買う株,市場での評価や投資家からの注目度,にんき,人気（市場での評価）,人気（多くの人から好意を持たれていること、評判）,有名アイドル,買う株とかけて、有名アイドルと解く。その心は『どちらも「人気（にんき）」が命でしょう。』,
,フレーズ・慣用句型,買う株,保有していた株式を売却すること,てばなす,手放す（売却する）,手放す（所有していたものを自由にする、やめる）,飼っていたペットの飼い主,買う株とかけて、飼っていたペットの飼い主と解く。その心は『どちらも「手放す」時は寂しいでしょう。』,
,完全な同音異義語型,買う株,企業が利益の一部を株主に分配する金銭,はいとう,配当（企業利益の分配金）,拝聴（ありがたく聞くこと）,講演会に来た聴衆,買う株とかけて、講演会に来た聴衆と解く。その心は『どちらも「はいとう」が楽しみでしょう。』,
,多義語型,買う株,市場の動向や企業の将来性を予測すること,よみ,読み（予測や分析）,読み（文字や文章を認識する行為）,子供に絵本を読み聞かせる親,買う株とかけて、子供に絵本を読み聞かせる親と解く。その心は『どちらも「読み（よみ）」が大切でしょう。』,
,フレーズ・慣用句型,買う株,市場の動向や株価の動きを観察し、購入や売却の判断を遅らせること,ようすをみる,様子を見る（市場動向を観察し判断を保留する）,様子を見る（病状の経過観察、状況の成り行きを見守る）,病気で寝込んでいる患者を見守る医者,買う株とかけて、病気で寝込んでいる患者を見守る医者と解く。その心は『どちらも「様子を見る」ことが重要でしょう。』,
,完全な同音異義語型,貯める預金,お金が戻ってくる、増えて返ってくる（利子など）,かえる,返る（利息などが）,孵る（卵が）,鳥の卵,貯める預金とかけて、鳥の卵と解く。その心は『どちらも【かえる】でしょう。』,
,多義語型,貯める預金,お金が増える、残高が大きくなる,ふくらむ,膨らむ（預金残高が）,膨らむ（お腹が）,満腹になった人,貯める預金とかけて、満腹になった人と解く。その心は『どちらも【ふくらむ】でしょう。』,
,フレーズ・慣用句型,貯める預金,お金を使わない、手をつけない,てをつけない,手をつけない（お金を使い始めない）,手をつけない（食事を始めない）,食欲のない人,貯める預金とかけて、食欲のない人と解く。その心は『どちらも【手をつけない】でしょう。』,
,完全な同音異義語型,貯める預金,貯蓄の計画を立てる,たてる,立てる（計画を）,建てる（家を）,家を建てる大工さん,貯める預金とかけて、家を建てる大工さんと解く。その心は『どちらも【たてる】でしょう。』,
,多義語型,貯める預金,お金が増える、利子が発生する,つく,付く（利息が）,付く（名前が）,生まれたばかりの赤ちゃん,貯める預金とかけて、生まれたばかりの赤ちゃんと解く。その心は『どちらも【つく】でしょう。』,
,フレーズ・慣用句型,貯める預金,将来を見据える、目標のために計画する,さきをみる,先を見る（将来を）,先を見る（足元や道のりを）,山道を歩く登山家,貯める預金とかけて、山道を歩く登山家と解く。その心は『どちらも【先を見る】でしょう。』,
,完全な同音異義語型,甘い匂いの消しゴム,嗅覚的に『甘い』匂いがする,あまい,甘い（匂いや味覚が）,甘い（基準が緩い、見通しが楽観的）,採点基準が緩い試験官,「甘い匂いの消しゴム」とかけて、「採点基準が緩い試験官」と解く。その心は「どちらも『甘い』でしょう。」,
,完全な同音異義語型,甘い匂いの消しゴム,使うと自身の量が『減る』,へる,減る（物理的な量が）,減る（数量が少なくなる、体調が衰える）,夏の暑さで食欲が落ちた人,「甘い匂いの消しゴム」とかけて、「夏の暑さで食欲が落ちた人」と解く。その心は「どちらも『減る』でしょう。」,
,多義語型,甘い匂いの消しゴム,誤字を『消す』機能がある,けす,消す（文字を消去する）,消す（火を消す、明かりを消す、存在をなくす）,山火事の鎮火に奮闘する消防隊,「甘い匂いの消しゴム」とかけて、「山火事の鎮火に奮闘する消防隊」と解く。その心は「どちらも『消す』でしょう。」,
,多義語型,甘い匂いの消しゴム,机の上に『置く』もの,おく,置く（物理的に物を配置する）,置く（将来を考えて蓄える、身を任せる）,老後の生活費を貯蓄する夫婦,「甘い匂いの消しゴム」とかけて、「老後の生活費を貯蓄する夫婦」と解く。その心は「どちらも『置く』でしょう。」,
,フレーズ・慣用句型,甘い匂いの消しゴム,紙の汚れを『きれいにする』,きれいにする,きれいにする（誤字や汚れを取り除く）,きれいにする（部屋を掃除する、身なりを整える）,年末の大掃除に張り切る主婦,「甘い匂いの消しゴム」とかけて、「年末の大掃除に張り切る主婦」と解く。その心は「どちらも『きれいにする』でしょう。」,
,フレーズ・慣用句型,甘い匂いの消しゴム,その匂いに思わず『手が伸びる』,てがのびる,手が伸びる（欲しくて思わず触れる、取る）,手が伸びる（困っている人を助ける、助力を申し出る）,困っている人に手を差し伸べるボランティア,「甘い匂いの消しゴム」とかけて、「困っている人に手を差し伸べるボランティア」と解く。その心は「どちらも『手が伸びる』でしょう。」,
,多義語型,ズッシリ重い金庫,その場から動かすことが難しい状態,うごかせない,動かせない,動かせない（身動きが取れない）,借金で首が回らない経営者,「ズッシリ重い金庫」とかけて、「借金で首が回らない経営者」と解く。その心は「どちらも『動かせない』でしょう。」,
,フレーズ・慣用句型,ズッシリ重い金庫,簡単には開かない、中身が見えない堅牢な状態,かたくとざされている,固く閉ざされている,固く閉ざされている（心や口が）,秘密を頑なに話さないスパイ,「ズッシリ重い金庫」とかけて、「秘密を頑なに話さないスパイ」と解く。その心は「どちらも『固く閉ざされている』でしょう。」,
,完全な同音異義語型,ズッシリ重い金庫,物質的な重さが大きいこと,おもい,重い,思い（感情や記憶）,昔の失恋を引きずる人,「ズッシリ重い金庫」とかけて、「昔の失恋を引きずる人」と解く。その心は「どちらも『思い（重い/思い）』でしょう。」,
,多義語型,ズッシリ重い金庫,簡単に触れることができない、厳重に管理されている状態,てがだせない,手が出せない,手が出せない（高価で買えない）,高嶺の花のブランド品,「ズッシリ重い金庫」とかけて、「高嶺の花のブランド品」と解く。その心は「どちらも『手が出せない』でしょう。」,
,フレーズ・慣用句型,ズッシリ重い金庫,見た目からは中の価値がわからない状態,なかみはふめい,中身は不明,中身は不明（本性や能力が未知数）,口数が少なく本心を見せない新人社員,「ズッシリ重い金庫」とかけて、「口数が少なく本心を見せない新人社員」と解く。その心は「どちらも『中身は不明』でしょう。」,
,完全な同音異義語型,ズッシリ重い金庫,価値ある貴重品が収められている場所,たから,宝（財宝）,宝（大切なもの）,我が子を溺愛する親,「ズッシリ重い金庫」とかけて、「我が子を溺愛する親」と解く。その心は「どちらも『宝』でしょう。」,
,完全な同音異義語型,熱々の土鍋,熱くて手で持てない,もてない,持てない,モテない,恋人ができない人,熱々の土鍋とかけて、恋人ができない人と解く。その心は「どちらも『持てない』でしょう。」,
,多義語型,熱々の土鍋,中身が熱で膨張する,ふくれる,膨れる,膨れる,不機嫌な子供,熱々の土鍋とかけて、不機嫌な子供と解く。その心は「どちらも『膨れて』いるでしょう。」,
,フレーズ・慣用句型,熱々の土鍋,触れると火傷する危険性がある,てをだすな,手を出すな,手を出すな,他人のプライベートな領域,熱々の土鍋とかけて、他人のプライベートな領域と解く。その心は「どちらも『手を出すな』でしょう。」,
,完全な同音異義語型,熱々の土鍋,中身が煮えて沸騰する,わく,沸く,湧く,良いアイデアをひらめいた人,熱々の土鍋とかけて、良いアイデアをひらめいた人と解く。その心は「どちらも『沸く』でしょう。」,
,多義語型,熱々の土鍋,中身を隠すための上部の覆い,ふた,蓋,蓋,不祥事の隠蔽工作,熱々の土鍋とかけて、不祥事の隠蔽工作と解く。その心は「どちらも『蓋』をしているでしょう。」,
,フレーズ・慣用句型,熱々の土鍋,加熱するために火に当てる,ひにかける,火にかける,火にかける,無実の罪を疑われる人,熱々の土鍋とかけて、無実の罪を疑われる人と解く。その心は「どちらも『火にかけられている』でしょう。」,
,完全な同音異義語型,チクチクする絨毯,針のように肌を刺す感触がある,さす,刺す,指す,交差点の交通整理員,チクチクする絨毯とかけて、交差点の交通整理員と解く。その心は『どちらも人を『指す（刺す）』でしょう。』,
,完全な同音異義語型,チクチクする絨毯,肌に刺激があって痛む,いたむ,痛む,傷む,買ってきたばかりの鮮魚,チクチクする絨毯とかけて、買ってきたばかりの鮮魚と解く。その心は『どちらも早く『傷む（痛む）』でしょう。』,
,多義語型,チクチクする絨毯,繊維が肌に当たると刺激がある,あたる,当たる,当たる,宝くじに当たった人,チクチクする絨毯とかけて、宝くじに当たった人と解く。その心は『どちらも『当たる』と刺激があるでしょう。』,
,多義語型,チクチクする絨毯,毛足の肌触りが粗い,あらい,粗い,荒い,嵐の海の漁師,チクチクする絨毯とかけて、嵐の海の漁師と解く。その心は『どちらも『荒い（粗い）』でしょう。』,
,フレーズ・慣用句型,チクチクする絨毯,足の裏が物理的に悲鳴をあげる,ひめいをあげる,悲鳴をあげる,悲鳴をあげる,ホラー映画の登場人物,チクチクする絨毯とかけて、ホラー映画の登場人物と解く。その心は『どちらも『悲鳴をあげる』でしょう。』,
,フレーズ・慣用句型,チクチクする絨毯,肌が物理的に耐えられない,たえられない,耐えられない,耐えられない,退屈な会議の出席者,チクチクする絨毯とかけて、退屈な会議の出席者と解く。その心は『どちらも『耐えられない』でしょう。』,
,完全な同音異義語型,キンキンに冷えたグラス,冷気を放つ,れいき,冷気（冷たい空気）,霊気（神秘的な気配）,パワースポット,キンキンに冷えたグラスとかけて、パワースポットと解く。その心は「どちらも冷気（霊気）がある」でしょう。,
,多義語型,キンキンに冷えたグラス,結露で表面が湿る,しめる,湿る（表面が水分で湿る）,締める（財布の紐を締めるなど、引き締める）,家計のやりくりに悩む人,キンキンに冷えたグラスとかけて、家計のやりくりに悩む人と解く。その心は「どちらも『しめる』（湿る／締める）ことが必要でしょう。」,
,フレーズ・慣用句型,キンキンに冷えたグラス,飲み物を冷やす役割がある,ひやし,冷やし（冷やされた状態）,冷やし（冷やし中華などの「冷やし」）,夏の麺料理,キンキンに冷えたグラスとかけて、夏の麺料理と解く。その心は「どちらも冷やしが嬉しい」でしょう。,
,完全な同音異義語型,キンキンに冷えたグラス,透明な状態である,とうめい,透明（透き通っていること）,当面（差し当たって）,差し迫った課題,キンキンに冷えたグラスとかけて、差し迫った課題と解く。その心は「どちらも透明（当面）な状態だ」でしょう。,
,多義語型,キンキンに冷えたグラス,衝撃で割れる可能性がある,われる,割れる（物理的に破壊される）,割れる（意見や票が分かれる）,意見の対立する会議,キンキンに冷えたグラスとかけて、意見の対立する会議と解く。その心は「どちらも『割れる』ことがあるでしょう。」,
,フレーズ・慣用句型,キンキンに冷えたグラス,結露して汗をかくように見える,あせをかく,汗をかく（結露する様子）,汗をかく（努力する、運動する）,スポーツ選手,キンキンに冷えたグラスとかけて、スポーツ選手と解く。その心は「どちらも『汗をかく』でしょう。」,
,多義語型,眩しい懐中電灯,光が強すぎて、よく見ようと努力する,めをこらす,目を凝らす（光が強くて見にくいので、視線を集中させる）,目を凝らす（注意深く集中して物事を見る）,観察力の鋭い探偵,眩しい懐中電灯とかけて、観察力の鋭い探偵と解く。その心は『どちらも目を凝らす』でしょう。,
,フレーズ・慣用句型,眩しい懐中電灯,強すぎる光で一時的に視界が奪われる,めがくらむ,目が眩む（強い光で一時的に視界が遮られる）,目が眩む（欲深さなどから正しい判断ができなくなる）,大金に目がくらんだ詐欺師,眩しい懐中電灯とかけて、大金に目がくらんだ詐欺師と解く。その心は『どちらも目が眩む』でしょう。,
,完全な同音異義語型,眩しい懐中電灯,光を放つ,はなつ,放つ（光を出す）,放つ（獲物を追いかける犬などを解き放つ）,狩りで犬を解き放つ猟師,眩しい懐中電灯とかけて、狩りで犬を解き放つ猟師と解く。その心は『どちらも放つ』でしょう。,
,多義語型,眩しい懐中電灯,光が強くて、正面から見ることができない,まともにみれない,まともに見れない（光が強すぎて直視できない）,まともに見れない（後ろめたさや恥ずかしさで相手の顔を直視できない）,悪いことをして叱られている子供,眩しい懐中電灯とかけて、悪いことをして叱られている子供と解く。その心は『どちらもまともに見れない』でしょう。,
,フレーズ・慣用句型,眩しい懐中電灯,光を対象物に照射する,あてる,当てる（光を特定の場所に向ける）,当てる（宝くじなどで幸運を得る）,宝くじで高額当選した人,眩しい懐中電灯とかけて、宝くじで高額当選した人と解く。その心は『どちらも当てる』でしょう。,
,完全な同音異義語型,眩しい懐中電灯,光が遠くまで到達する,とどく,届く（光が目的地まで到達する）,届く（遠く離れた場所へ物が送られる、思いが伝わる）,遠方に住む恋人に手紙を送る人,眩しい懐中電灯とかけて、遠方に住む恋人に手紙を送る人と解く。その心は『どちらも届く』でしょう。,
,多義語型,うるさい目覚まし時計,音を出す、機能を停止させる、動作を中断させる,とめる,止める,留める,書類をまとめるクリップ,うるさい目覚まし時計とかけて、書類をまとめるクリップと解く。その心は「どちらも止める（留める）でしょう。」,
,フレーズ・慣用句型,うるさい目覚まし時計,眠りから起こす、意識をはっきりさせる,めがさめる,目が覚める,目が覚める,詐欺に遭いかけた人が真実に気づく瞬間,うるさい目覚まし時計とかけて、詐欺に遭いかけた人が真実に気づく瞬間と解く。その心は「どちらも目が覚めるでしょう。」,
,完全な同音異義語型,うるさい目覚まし時計,けたたましい音がする、アラームが作動する,なる,鳴る,成る,努力が実を結び、成果が出ること,うるさい目覚まし時計とかけて、努力が実を結び、成果が出ることと解く。その心は「どちらも鳴る（成る）でしょう。」,
,多義語型,うるさい目覚まし時計,時刻を音で伝える、起床を促す,しらせる,知らせる,知らせる,遠く離れた友人への手紙,うるさい目覚まし時計とかけて、遠く離れた友人への手紙と解く。その心は「どちらも知らせるでしょう。」,
,フレーズ・慣用句型,うるさい目覚まし時計,耳に不快な音を立てる、騒々しい,みみざわり,耳障り,耳障り,人の悪口ばかり話す会話,うるさい目覚まし時計とかけて、人の悪口ばかり話す会話と解く。その心は「どちらも耳障りでしょう。」,
,完全な同音異義語型,うるさい目覚まし時計,時間を設定する、作動準備をする,かける,掛ける,懸ける,人生を賭けた大きな勝負,うるさい目覚まし時計とかけて、人生を賭けた大きな勝負と解く。その心は「どちらも掛ける（懸ける）でしょう。」,
,多義語型,焦げ臭いトースター,内部が異常に熱くなる、熱気を帯びる状態,ねつ,熱（異常な熱さ）,熱（何かに打ち込む情熱）,何かに夢中になっている人,焦げ臭いトースターとかけて、何かに夢中になっている人と解く。その心は「どちらも『熱』を帯びているでしょう。」,
,多義語型,焦げ臭いトースター,焦げた匂いがして、不穏な気配がする,きなぐさい,きな臭い（焦げた匂いがする）,きな臭い（争いなど不穏な気配がする）,不穏な国際情勢,焦げ臭いトースターとかけて、不穏な国際情勢と解く。その心は「どちらも『きな臭い』でしょう。」,
,フレーズ・慣用句型,焦げ臭いトースター,パンを焦がして真っ黒にする,くろにする,黒にする（パンを焦がして真っ黒にする）,黒にする（疑わしい点をなかったことにする、改竄する）,帳簿をごまかす経理担当者,焦げ臭いトースターとかけて、帳簿をごまかす経理担当者と解く。その心は「どちらも『黒にする』でしょう。」,
,フレーズ・慣用句型,焦げ臭いトースター,焦げた匂いが部屋や物に付着する,においがつく,匂いがつく（焦げた匂いが付着する）,匂いがつく（不正や疑惑などの気配がする）,政治家の汚職事件,焦げ臭いトースターとかけて、政治家の汚職事件と解く。その心は「どちらも『匂いがつく』でしょう。」,
,完全な同音異義語型,焦げ臭いトースター,パンを焦がし過ぎる,やく,焼く（パンを焦がし過ぎる）,厄（不幸、災い）,災難続きの人生,焦げ臭いトースターとかけて、災難続きの人生と解く。その心は「どちらも『厄』でしょう。」,
,完全な同音異義語型,焦げ臭いトースター,熱で物を焦がしてしまう,こがす,焦がす（パンを焦がしてしまう）,焦がす（恋い焦がす、胸を焦がす）,片思いの相手に夢中な人,焦げ臭いトースターとかけて、片思いの相手に夢中な人と解く。その心は「どちらも『焦がす』でしょう。」,
,多義語型,ぬるぬるした石鹸,掴みにくく、手が滑る,てがすべる,手が滑る,手が滑る（過失を犯す）,大事な場面でうっかりミスをしてしまった人,「ぬるぬるした石鹸」とかけて、「大事な場面でうっかりミスをしてしまった人」と解く。その心は『どちらも「手が滑る」でしょう。』,
,多義語型,ぬるぬるした石鹸,泡が発生する,あわがたつ,泡が立つ,泡が立つ（計画が水泡に帰す）,努力が水の泡になった研究者,「ぬるぬるした石鹸」とかけて、「努力が水の泡になった研究者」と解く。その心は『どちらも「泡が立つ」でしょう。』,
,完全な同音異義語型,ぬるぬるした石鹸,汚れたものを洗い清める,あらう,洗う,糾う（悪事を問いただす）,不正行為の真相を追究するジャーナリスト,「ぬるぬるした石鹸」とかけて、「不正行為の真相を追究するジャーナリスト」と解く。その心は『どちらも「洗う（糾う）」でしょう。』,
,フレーズ・慣用句型,ぬるぬるした石鹸,泡が豊かに発生する,あわだちがいい,泡立ちがいい,話立ちがいい（会話のきっかけが上手い）,初対面の人ともすぐに打ち解ける営業マン,「ぬるぬるした石鹸」とかけて、「初対面の人ともすぐに打ち解ける営業マン」と解く。その心は『どちらも「泡立ちがいい（話立ちがいい）」でしょう。』,
,完全な同音異義語型,ぬるぬるした石鹸,泡が発生する,あわだつ,泡立つ,粟立つ（肌に鳥肌が立つ）,幽霊の話を聞いて怖がっている子供,「ぬるぬるした石鹸」とかけて、「幽霊の話を聞いて怖がっている子供」と解く。その心は『どちらも「泡立つ（粟立つ）」でしょう。』,
,フレーズ・慣用句型,ぬるぬるした石鹸,汚れをきれいに除去する,よごれをおとす,汚れを落とす,汚名（よごれ）を落とす（名誉回復）,長年の疑いを晴らした政治家,「ぬるぬるした石鹸」とかけて、「長年の疑いを晴らした政治家」と解く。その心は『どちらも「汚れを落とす」でしょう。』,
,多義語型,痛い画鋲,踏むと足に物理的に突き刺さる,つきささる,物理的に突き刺さる,感情が突き刺さる,心に響く感動的な言葉,痛い画鋲とかけて、心に響く感動的な言葉と解く。その心は「どちらも心に突き刺さる」でしょう。,
,フレーズ・慣用句型,痛い画鋲,踏んだら驚いて飛び上がる,とびあがる,物理的に飛び上がる,地位や評価が急上昇する,急な出世をした若手社員,痛い画鋲とかけて、急な出世をした若手社員と解く。その心は「どちらも飛び上がる」でしょう。,
,完全な同音異義語型,痛い画鋲,踏むと「いたい」と苦しむ,いたい,痛い（物理的な痛み）,板い（体が固い様子）,体が固い運動不足の人,痛い画鋲とかけて、体が固い運動不足の人と解く。その心は「どちらも体が板い（痛い）」でしょう。,
,多義語型,痛い画鋲,注意しないと「危険」,きけん,物理的な危険,危うい状況,不安定な国際情勢,痛い画鋲とかけて、不安定な国際情勢と解く。その心は「どちらも危険」でしょう。,
,フレーズ・慣用句型,痛い画鋲,小さいからこそ「油断できない」,ゆだんできない,物理的な危険から目を離せない,気を抜くことができない,予測不能な動きをするベテラン棋士,痛い画鋲とかけて、予測不能な動きをするベテラン棋士と解く。その心は「どちらも油断できない」でしょう。,
,完全な同音異義語型,痛い画鋲,掲示板に「刺す」,さす,刺す（針を突き入れる）,差す（傘などを開く、光が届く）,雨の中、傘を差す人,痛い画鋲とかけて、雨の中、傘を差す人と解く。その心は「どちらも差す」でしょう。,
,完全な同音異義語型,ざらざらした紙ヤスリ,表面の不要な部分を取り除く、平らにする,けずる,削る（表面を削る）,削る（費用や量を減らす）,予算を組む財務担当者,ざらざらした紙ヤスリとかけて、予算を組む財務担当者と解く。その心は「どちらも『削る』でしょう。」,
,完全な同音異義語型,ざらざらした紙ヤスリ,表面が滑らかでない、粗い質感,あらい,粗い（表面が粗い）,荒い（性格が荒い）,短気な上司,ざらざらした紙ヤスリとかけて、短気な上司と解く。その心は「どちらも『粗い/荒い』でしょう。」,
,多義語型,ざらざらした紙ヤスリ,表面を最終的に整える、加工の最後,しあげる,仕上げる（表面の加工を完了させる）,仕上げる（仕事や作業を完成させる）,納期に間に合わせたプログラマー,ざらざらした紙ヤスリとかけて、納期に間に合わせたプログラマーと解く。その心は「どちらも『仕上げる』でしょう。」,
,多義語型,ざらざらした紙ヤスリ,物体と摩擦して消耗する、表面が摩擦を受ける,こすれる,擦れる（表面が擦れて摩擦する）,擦れる（世間や経験で物事に慣れる、したたかになる）,苦労人であるベテラン営業マン,ざらざらした紙ヤスリとかけて、苦労人であるベテラン営業マンと解く。その心は「どちらも『擦れる』でしょう。」,
,フレーズ・慣用句型,ざらざらした紙ヤスリ,表面の凹凸をなくして平らにする,でこぼこをなくす,凸凹をなくす（表面の不均一を解消する）,凸凹をなくす（意見や状況の不均衡を是正する）,チーム内の意見の相違をまとめるリーダー,ざらざらした紙ヤスリとかけて、チーム内の意見の相違をまとめるリーダーと解く。その心は「どちらも『凸凹をなくす』でしょう。」,
,フレーズ・慣用句型,ざらざらした紙ヤスリ,研磨して光沢を出す、より良い状態にする,みがきをかける,磨きをかける（表面を研磨して美しくする）,磨きをかける（スキルや能力を向上させる）,自分の腕前を向上させたい料理人,ざらざらした紙ヤスリとかけて、自分の腕前を向上させたい料理人と解く。その心は「どちらも『磨きをかける』でしょう。」,
,完全な同音異義語型,ピカピカに光る硬貨,光を放ち輝いている、大空に飛び立つようなイメージ,かがやく,輝く（光り輝く）,翔く（大空へ飛び立つ）,未来へ向かって挑戦する若者,ピカピカに光る硬貨とかけて、未来へ向かって挑戦する若者と解く。その心は「どちらも『かがやく（輝く/翔く）』でしょう。」,
,完全な同音異義語型,ピカピカに光る硬貨,新たに作られた、新品である,しんぞう,新造（新たに造られること）,心臓（身体の重要な器官）,人間の体の最も重要な器官,ピカピカに光る硬貨とかけて、人間の体の最も重要な器官と解く。その心は「どちらも『しんぞう（新造/心臓）』でしょう。」,
,多義語型,ピカピカに光る硬貨,市場で広く使われ、人々の手に渡る,りゅうつう,流通（貨幣が経済活動で動くこと）,流通（情報や商品が広く行き渡ること）,人気のあるSNSで拡散される話題,ピカピカに光る硬貨とかけて、人気のあるSNSで拡散される話題と解く。その心は「どちらも『流通する』でしょう。」,
,多義語型,ピカピカに光る硬貨,汚れがなく、美しい状態,きれい,綺麗（汚れがなく美しい）,綺麗（物事が完璧に片付いている）,すべてが完璧に解決した状況,ピカピカに光る硬貨とかけて、すべてが完璧に解決した状況と解く。その心は「どちらも『綺麗だ』でしょう。」,
,フレーズ・慣用句型,ピカピカに光る硬貨,光を反射し、視覚的に目を引く,めだつ,目立つ（光って際立つ）,目立つ（集団の中で注目される）,大勢の聴衆の前でスピーチをする人,ピカピカに光る硬貨とかけて、大勢の聴衆の前でスピーチをする人と解く。その心は「どちらも『目立つ』でしょう。」,
,フレーズ・慣用句型,ピカピカに光る硬貨,貨幣としての価値が高い,ねうちがある,値打ちがある（金銭的価値がある）,値打ちがある（人としての評価や存在意義が高い）,長年の経験と知識を持つ熟練の職人,ピカピカに光る硬貨とかけて、長年の経験と知識を持つ熟練の職人と解く。その心は「どちらも『値打ちがある』でしょう。」,
,完全な同音異義語型,ジンジン冷える保冷剤,温度が下がる、熱を奪う,ひえる,冷える（温度が低くなる）,費える（使い果たす、減少する）,貯金,ジンジン冷える保冷剤とかけて、貯金と解く。その心は『どちらも冷える（費える）』でしょう。,
,多義語型,ジンジン冷える保冷剤,体温を下げる、熱を取り除く,とる,熱を取る（熱を除去する）,休みを取る（休暇を取得する）,多忙なビジネスマン,ジンジン冷える保冷剤とかけて、多忙なビジネスマンと解く。その心は『どちらも熱を取る』でしょう。,
,フレーズ・慣用句型,ジンジン冷える保冷剤,非常に温度が低い状態になる,ひえこむ,冷え込む（温度が非常に下がる）,景気が冷え込む（経済活動が低調になる）,不景気な世の中,ジンジン冷える保冷剤とかけて、不景気な世の中と解く。その心は『どちらも冷え込む』でしょう。,
,完全な同音異義語型,ジンジン冷える保冷剤,固体から液体に変化する,とける,溶ける（固体が液体になる）,解ける（問題や誤解が解決する）,複雑な人間関係,ジンジン冷える保冷剤とかけて、複雑な人間関係と解く。その心は『どちらも溶ける（解ける）』でしょう。,
,多義語型,ジンジン冷える保冷剤,冷凍されて硬くなる,かたまる,固まる（液体が固体になる、形が定まる）,決意が固まる（意思が確固たるものになる）,目標に向かう受験生,ジンジン冷える保冷剤とかけて、目標に向かう受験生と解く。その心は『どちらも固まる』でしょう。,
,フレーズ・慣用句型,ジンジン冷える保冷剤,痛みや熱が和らぐ,ひく,痛みが引く（痛みが和らぐ、減少する）,風邪を引く（病気になる）,体調を崩した人,ジンジン冷える保冷剤とかけて、体調を崩した人と解く。その心は『どちらも引く』でしょう。,
,完全な同音異義語型,むせるほど臭い靴下,不快な臭いを放つ、周りに影響を与える,におい,臭い（匂い）,似合い,晴れの日のファッションコーディネート,むせるほど臭い靴下とかけて、晴れの日のファッションコーディネートと解く。その心は「どちらも『におい（匂い／似合い）』が肝心」でしょう。,
,完全な同音異義語型,むせるほど臭い靴下,呼吸が苦しくなるような強い刺激がある,いきづまる,息が詰まる,行き詰まる,難問を前にして解決策が見つからない研究者,むせるほど臭い靴下とかけて、難問を前にして解決策が見つからない研究者と解く。その心は「どちらも『いきづまる（息が詰まる／行き詰まる）』でしょう。」,
,多義語型,むせるほど臭い靴下,悪臭が周囲に充満する,たちこめる,（悪臭が）立ち込める,（霧や不穏な空気が）立ち込める,不穏な空気に包まれた会議室,むせるほど臭い靴下とかけて、不穏な空気に包まれた会議室と解く。その心は「どちらも『ただならぬものが立ち込める』でしょう。」,
,多義語型,むせるほど臭い靴下,汚れがひどい、不潔である,よごれる,（物理的に）汚れる,（評判や心が）汚れる,不祥事を起こして世間から非難される有名人,むせるほど臭い靴下とかけて、不祥事を起こして世間から非難される有名人と解く。その心は「どちらも『よごれる』でしょう。」,
,フレーズ・慣用句型,むせるほど臭い靴下,悪臭を外部に出す、まき散らす,はなつ,（悪臭を）放つ,（籠から鳥を）放つ,長い間捕らえられていた動物,むせるほど臭い靴下とかけて、長い間捕らえられていた動物と解く。その心は「どちらも『はなつ（放つ）』でしょう。」,
,フレーズ・慣用句型,むせるほど臭い靴下,不快すぎて我慢できない,たえられない,（臭気に）耐えられない,（重圧や苦痛に）堪えられない,厳しい訓練の末に精神的な限界を迎えた兵士,むせるほど臭い靴下とかけて、厳しい訓練の末に精神的な限界を迎えた兵士と解く。その心は「どちらも『たえられない（耐えられない／堪えられない）』でしょう。」,
,完全な同音異義語型,柔らかいぬいぐるみ,中に綿が詰まっている,わたをつめる,綿を詰める,息を詰める,緊張感のあるスポーツ選手,柔らかいぬいぐるみとかけて、緊張感のあるスポーツ選手と解く。その心は『どちらも「息を詰める（綿を詰める）」でしょう。』,
,完全な同音異義語型,柔らかいぬいぐるみ,抱くと心が安らぎ、癒される,いやされる,癒される,医される,病気が治った患者,柔らかいぬいぐるみとかけて、病気が治った患者と解く。その心は『どちらも「医される（癒される）」でしょう。』,
,多義語型,柔らかいぬいぐるみ,柔らかく、形が変化しやすい,かわる,形が変わる,人が変わる,転勤の多いビジネスパーソン,柔らかいぬいぐるみとかけて、転勤の多いビジネスパーソンと解く。その心は『どちらも「変わる」でしょう。』,
,多義語型,柔らかいぬいぐるみ,抱きしめられる,だきしめる,抱きしめる,チャンスを抱きしめる,成功を掴んだ起業家,柔らかいぬいぐるみとかけて、成功を掴んだ起業家と解く。その心は『どちらも「チャンスを抱きしめる（体を抱きしめる）」でしょう。』,
,フレーズ・慣用句型,柔らかいぬいぐるみ,洗濯で水に浸かる,みずにつかる,水に浸かる,苦境に身が浸かる,莫大な損失を出した事業,柔らかいぬいぐるみとかけて、莫大な損失を出した事業と解く。その心は『どちらも「水に浸かる（身が浸かる）」でしょう。』,
,フレーズ・慣用句型,柔らかいぬいぐるみ,抱かれることで安心感を与える,あんしんする,安心する,安く仕入れて安心する,上手に仕入れができた店の店主,柔らかいぬいぐるみとかけて、上手に仕入れができた店の店主と解く。その心は『どちらも「安心する」でしょう。』,
,完全な同音異義語型,ベタベタするシール,一度貼ると剥がれにくい状態,はがれない,剥がれない,図られない,計画が頓挫したプロジェクト,「ベタベタするシール」とかけて、「計画が頓挫したプロジェクト」と解く。その心は「どちらも『剥がれない』（図られない）でしょう。」,
,完全な同音異義語型,ベタベタするシール,強い粘着力があること,ねばり,粘り,根張り,困難に打ち勝つアスリート,「ベタベタするシール」とかけて、「困難に打ち勝つアスリート」と解く。その心は「どちらも『粘り』（根張り）があるでしょう。」,
,多義語型,ベタベタするシール,貼ると離れずに付着しているもの,つきもの,付き物,付き物,芸能人のスキャンダル,「ベタベタするシール」とかけて、「芸能人のスキャンダル」と解く。その心は「どちらも『付き物』でしょう。」,
,多義語型,ベタベタするシール,触ると手や服にまとわりつく感触,まとわりつく,まとわりつく,まとわりつく,しつこいストーカー,「ベタベタするシール」とかけて、「しつこいストーカー」と解く。その心は「どちらも『まとわりつく』でしょう。」,
,フレーズ・慣用句型,ベタベタするシール,貼ったものがなかなか剥がれず、取れない状態,とれにくい,取れにくい,取れにくい,営業成績が伸び悩む社員,「ベタベタするシール」とかけて、「営業成績が伸び悩む社員」と解く。その心は「どちらも『取れにくい』でしょう。」,
,フレーズ・慣用句型,ベタベタするシール,一度貼ると簡単には位置を動かせない,うごかせない,動かせない,動かせない,決定事項を覆せない会議,「ベタベタするシール」とかけて、「決定事項を覆せない会議」と解く。その心は「どちらも『動かせない』でしょう。」,
,完全な同音異義語型,重苦しい鎧,物理的に非常に硬い,かたい,硬い,固い,どんな困難にも揺るがない強い意志を持つ人,重苦しい鎧とかけて、どんな困難にも揺るがない強い意志を持つ人と解く。その心は『どちらも「かたい」』でしょう。,
,完全な同音異義語型,重苦しい鎧,物理的に重量がある,おもい,重い,思い,故郷を離れ、家族を思う旅人,重苦しい鎧とかけて、故郷を離れ、家族を思う旅人と解く。その心は『どちらも「おもい」』でしょう。,
,多義語型,重苦しい鎧,物理的に身動きが取れない,うごきがとれない,動きが取れない,動きが取れない,企画が膠着状態で、何も進まない会議,重苦しい鎧とかけて、企画が膠着状態で、何も進まない会議と解く。その心は『どちらも「動きが取れない」』でしょう。,
,多義語型,重苦しい鎧,物理的な危険から体を守るもの,まもる,守る,守る,地域社会の伝統的な祭りを代々継承する人々,重苦しい鎧とかけて、地域社会の伝統的な祭りを代々継承する人々と解く。その心は『どちらも「守る」』でしょう。,
,フレーズ・慣用句型,重苦しい鎧,物理的に重いものを背負う状態,おもにをせおう,重荷を背負う,重荷を背負う,会社の経営危機を立て直すために奔走する社長,重苦しい鎧とかけて、会社の経営危機を立て直すために奔走する社長と解く。その心は『どちらも「重荷を背負っている」』でしょう。,
,フレーズ・慣用句型,重苦しい鎧,身体に装着して身につける,みにつける,身につける,身につける,日々努力して新しいスキルを習得しているエンジニア,重苦しい鎧とかけて、日々努力して新しいスキルを習得しているエンジニアと解く。その心は『どちらも「身につける」』でしょう。,
,完全な同音異義語型,鋭いカッターナイフ,物を断ち割る、切り離す行為,きる,切る,着る,お洒落に気を遣う人,鋭いカッターナイフとかけて、お洒落に気を遣う人と解く。その心は「どちらも『きる』でしょう。」,
,完全な同音異義語型,鋭いカッターナイフ,先端を突き立てる、穴を開ける動作,さす,刺す,差す,雨の日に傘を忘れない人,鋭いカッターナイフとかけて、雨の日に傘を忘れない人と解く。その心は「どちらも『さす』でしょう。」,
,多義語型,鋭いカッターナイフ,性能が良い、よく切れる,きれる,切れる,切れる,頭の回転が速いビジネスパーソン,鋭いカッターナイフとかけて、頭の回転が速いビジネスパーソンと解く。その心は「どちらも『切れる』でしょう。」,
,多義語型,鋭いカッターナイフ,刃が非常に薄い,うすい,薄い,薄い,存在感が希薄なキャラクター,鋭いカッターナイフとかけて、存在感が希薄なキャラクターと解く。その心は「どちらも『薄い』でしょう。」,
,フレーズ・慣用句型,鋭いカッターナイフ,慎重な扱いが求められる,あつかいにちゅういがひつよう,扱いに注意が必要,扱いに注意が必要,感情の起伏が激しいアーティスト,鋭いカッターナイフとかけて、感情の起伏が激しいアーティストと解く。その心は「どちらも『扱いに注意が必要』でしょう。」,
,フレーズ・慣用句型,鋭いカッターナイフ,切れ味が良い、スムーズに切れる,きれあじがよい,切れ味が良い,切れ味が良い,言葉巧みな落語家,鋭いカッターナイフとかけて、言葉巧みな落語家と解く。その心は「どちらも『切れ味が良い』でしょう。」,
,多義語型,暖かいカイロ,熱が伝わり、体が温まる,あたたまる,温まる（物理的に温度が上がる）,温まる（心が和む、安らぐ）,久しぶりに実家に帰省した人,暖かいカイロとかけて、久しぶりに実家に帰省した人と解く。その心は『どちらも心が「温まる」でしょう。』,
,完全な同音異義語型,暖かいカイロ,熱を発している,あつい,熱い（温度が高い）,厚い（物の層が分厚い）,読み応えのある本,暖かいカイロとかけて、読み応えのある本と解く。その心は『どちらも「あつい」でしょう。』,
,フレーズ・慣用句型,暖かいカイロ,寒い環境で体を保護する,さむさをしのぐ,寒さをしのぐ（物理的な冷えを緩和する）,寒さをしのぐ（経済的な苦境を乗り越える）,冬のボーナスが減ったサラリーマン,暖かいカイロとかけて、冬のボーナスが減ったサラリーマンと解く。その心は『どちらも「寒さをしのぐ」でしょう。』,
,多義語型,暖かいカイロ,貼って固定する,はる,貼る（接着して固定する）,張る（気持ちを引き締める、気を張る）,大事なプレゼンを控えたビジネスパーソン,暖かいカイロとかけて、大事なプレゼンを控えたビジネスパーソンと解く。その心は『どちらも「気を張る」でしょう。』,
,完全な同音異義語型,暖かいカイロ,寒さや冷えから身を保護する,まもる,守る（寒さから身体を護る）,守る（法律や約束を遵守する）,国の法律家,暖かいカイロとかけて、国の法律家と解く。その心は『どちらも大切なものを「まもる」でしょう。』,
,フレーズ・慣用句型,暖かいカイロ,冷たい状態を解消する,かいけつする,解決する（冷えという状態を解消する）,解決する（問題や課題を解き明かす）,難事件を追う探偵,暖かいカイロとかけて、難事件を追う探偵と解く。その心は『どちらも「問題を解決する」でしょう。』,
,完全な同音異義語型,ギシギシ鳴る椅子,ギシギシという音,きし,軋み (きしみ),騎士 (きし),白馬に乗って現れたヒーロー,ギシギシ鳴る椅子とかけて、白馬に乗って現れたヒーローと解く。その心は「どちらも『騎士(きし)』でしょう。」,
,完全な同音異義語型,ギシギシ鳴る椅子,座っていて壊れないか心配になる,ふあん,不安 (ふあん),不餡 (ふあん),中身が入っていない大福餅,ギシギシ鳴る椅子とかけて、中身が入っていない大福餅と解く。その心は「どちらも『不安(ふあん)』でしょう。」,
,多義語型,ギシギシ鳴る椅子,支えが弱く、安定しない,あし,足 (椅子の足),足 (プロジェクトの足を引っ張る),チームの和を乱す人,ギシギシ鳴る椅子とかけて、チームの和を乱す人と解く。その心は「どちらも『足』を引っ張るでしょう。」,
,多義語型,ギシギシ鳴る椅子,グラグラと動く、安定性に欠ける,ゆれる,揺れる (物理的に揺れ動く),揺れる (心が定まらない),優柔不断な人,ギシギシ鳴る椅子とかけて、優柔不断な人と解く。その心は「どちらも『揺れる』でしょう。」,
,フレーズ・慣用句型,ギシギシ鳴る椅子,座り心地が悪い、落ち着かない,すわりがわるい,座りが悪い (椅子の状態),座りが悪い (場にそぐわない),場にそぐわない発言をする人,ギシギシ鳴る椅子とかけて、場にそぐわない発言をする人と解く。その心は「どちらも『座りが悪い』でしょう。」,
,フレーズ・慣用句型,ギシギシ鳴る椅子,音を立てて周囲の注意を引く,めをひく,目を引く (音で注目される),目を引く (見た目で注目される),街中で派手なファッションをしている人,ギシギシ鳴る椅子とかけて、街中で派手なファッションをしている人と解く。その心は「どちらも『目を引く』でしょう。」,
,完全な同音異義語型,ツンとするマニキュア,塗った液体が乾いて固まる性質,かわく,乾く,渇く,砂漠をさまよう旅人,ツンとするマニキュアとかけて、砂漠をさまよう旅人と解く。その心は「どちらも渇く（乾く）でしょう。」,
,多義語型,ツンとするマニキュア,特有の匂いが刺激的である状態,ツンとする,ツンとする（匂いが刺激的である様）,ツンとする（態度が冷たい様）,不機嫌な表情の恋人,ツンとするマニキュアとかけて、不機嫌な表情の恋人と解く。その心は「どちらもツンとするでしょう。」,
,フレーズ・慣用句型,ツンとするマニキュア,揮発性物質を含み、換気などに気を配る必要性,きをつかう,気を使う,木を使う,寺を建てる大工,ツンとするマニキュアとかけて、寺を建てる大工と解く。その心は「どちらも木を使う（気を使う）でしょう。」,
,完全な同音異義語型,ツンとするマニキュア,爪に色彩を加える行為,いろをつける,色を付ける,異論を付ける,会議で上司の提案に反対する社員,ツンとするマニキュアとかけて、会議で上司の提案に反対する社員と解く。その心は「どちらも異論を付ける（色を付ける）でしょう。」,
,多義語型,ツンとするマニキュア,指先の「爪」に塗るものであること,つめ,爪,詰め,納期が迫るプロジェクトの責任者,ツンとするマニキュアとかけて、納期が迫るプロジェクトの責任者と解く。その心は「どちらも詰め（爪）でしょう。」,
,フレーズ・慣用句型,ツンとするマニキュア,爪を美しくするための「手入れ」の一環であること,ていれる,手入れをする,手を入れる,不具合のある機械を修理するエンジニア,ツンとするマニキュアとかけて、不具合のある機械を修理するエンジニアと解く。その心は「どちらも手を入れる（手入れをする）でしょう。」,
,完全な同音異義語型,固いフランスパン,なかなか切れない,きれ,なかなか「切れ」ない,「綺麗」好き,部屋をいつもピカピカにしている人,「固いフランスパン」とかけて、「部屋をいつもピカピカにしている人」と解く。その心は「どちらもなかなか『切れ』（『綺麗』）ないでしょう。」,
,完全な同音異義語型,固いフランスパン,生地を発酵させる元がある,こうぼう,「酵母」が発酵の元,芸術作品を作る「工房」,陶芸家や職人が集まる場所,「固いフランスパン」とかけて、「陶芸家や職人が集まる場所」と解く。その心は「どちらも『酵母』（『工房』）が大事でしょう。」,
,多義語型,固いフランスパン,物理的に硬質である,かたい,物理的に「固い」,「堅い」話をする,講演会の真面目なスピーカー,「固いフランスパン」とかけて、「講演会の真面目なスピーカー」と解く。その心は「どちらも『固い』（『堅い』）でしょう。」,
,多義語型,固いフランスパン,中身が詰まっていて密度が高い,なかがつまっている,「中が詰まっている」パン,スケジュールが「中が詰まっている」人,忙しいビジネスパーソン,「固いフランスパン」とかけて、「忙しいビジネスパーソン」と解く。その心は「どちらも『中が詰まっている』でしょう。」,
,フレーズ・慣用句型,固いフランスパン,噛むと顎が疲れる,あごにつかれる,「顎に疲れる」,部下を「顎で使う」,横柄な上司,「固いフランスパン」とかけて、「横柄な上司」と解く。その心は「どちらも『顎に疲れる』（『顎で使う』）でしょう。」,
,フレーズ・慣用句型,固いフランスパン,棒状で細長く形が良い,ほっそりとしていてながい,「ほっそりとしていて長い」形,「ほっそりとしていて長い」体型,長身のファッションモデル,「固いフランスパン」とかけて、「長身のファッションモデル」と解く。その心は「どちらも『ほっそりとしていて長い』でしょう。」,
,完全な同音異義語型,耳をつんざく笛,笛の音が空間に強く『響き』渡ること。,ひびき,響き,ヒビ,劣化した土壁,耳をつんざく笛とかけて、劣化した土壁と解く。その心は「どちらも『響き』と『ヒビ』があるでしょう。」,
,多義語型,耳をつんざく笛,笛の音が耳に『突き刺さる』ように鋭く感じられること。,つきささる,突き刺さる,突き刺さる,サボテンのトゲ,耳をつんざく笛とかけて、サボテンのトゲと解く。その心は「どちらも『突き刺さる』でしょう。」,
,フレーズ・慣用句型,耳をつんざく笛,笛の物理的な大音量で、『耳が痛い』と感じる状態。,みみがいたい,耳が痛い,耳が痛い,自分の欠点を指摘された人,耳をつんざく笛とかけて、自分の欠点を指摘された人と解く。その心は「どちらも『耳が痛い』でしょう。」,
,完全な同音異義語型,耳をつんざく笛,笛の音が人を『驚かす』ほど大きいこと。,おどろかす,驚かす,脅かす,弱い立場の人に不当な要求をする人,耳をつんざく笛とかけて、弱い立場の人に不当な要求をする人と解く。その心は「どちらも人を『驚かす（脅かす）』でしょう。」,
,多義語型,耳をつんざく笛,笛が空気を『震わせる』ことで大音量となること。,ふるわせる,震わせる,震わせる,極度の緊張でスピーチをする人,耳をつんざく笛とかけて、極度の緊張でスピーチをする人と解く。その心は「どちらも『震わせる』でしょう。」,
,フレーズ・慣用句型,耳をつんざく笛,笛の大音量が突然、強制的に『耳に飛び込む』こと。,みみにとびこむ,耳に飛び込む,耳に飛び込む,たまたま聞きたくない噂話を聞いてしまった人,耳をつんざく笛とかけて、たまたま聞きたくない噂話を聞いてしまった人と解く。その心は「どちらも『耳に飛び込む』でしょう。」,
,完全な同音異義語型,涙が出る目薬,液体が目から排出される状態、薬液を注入する行為,ながす,涙を流す,水に流す（過去の事を帳消しにする）,過去の過ちを謝罪する人,涙が出る目薬とかけて、過去の過ちを謝罪する人と解く。その心は『どちらも水に流すでしょう』,
,完全な同音異義語型,涙が出る目薬,目が液体で満たされ、乾燥が解消される状態,うるおう,目が潤う,経済的に潤う,景気の良い会社,涙が出る目薬とかけて、景気の良い会社と解く。その心は『どちらも潤うでしょう』,
,多義語型,涙が出る目薬,液体を目に入れる行為,さす,目に差す（点眼する）,指す（方向を示す、将棋を打つ）,将棋の棋士,涙が出る目薬とかけて、将棋の棋士と解く。その心は『どちらも指すでしょう』,
,多義語型,涙が出る目薬,目の不調が解消される状態,とれる,疲れが取れる（症状が和らぐ）,許可が取れる,新規事業を始める起業家,涙が出る目薬とかけて、新規事業を始める起業家と解く。その心は『どちらも許可が取れるでしょう』,
,フレーズ・慣用句型,涙が出る目薬,涙によって視界が一時的に開ける、または目がスッキリする感覚,めがあく,目が開く（涙で開眼するような感覚）,目が開く（真実に気づく、状況を理解する）,世間の不正を暴くジャーナリスト,涙が出る目薬とかけて、世間の不正を暴くジャーナリストと解く。その心は『どちらも目が開くでしょう』,
,フレーズ・慣用句型,涙が出る目薬,目の不快感が解消され、はっきりと見えるようになる状態,めをさまされる,目を覚まされる（目の不調が改善されてはっきりする）,目を覚まされる（甘い考えや間違いに気づかされる）,甘い考えを指摘された若者,涙が出る目薬とかけて、甘い考えを指摘された若者と解く。その心は『どちらも目を覚まされるでしょう』,
,多義語型,すっぱい匂いの雑巾,物理的に酸っぱい匂いがする状態,すっぱい,酸っぱい (味や匂いが),すっぱい (嫉妬深い、ひがむ気持ち),恋敵の成功を妬む人,「すっぱい匂いの雑巾」とかけて、「恋敵の成功を妬む人」と解く。その心は「どちらも『すっぱい』でしょう。」,
,フレーズ・慣用句型,すっぱい匂いの雑巾,匂いがひどく不快な状態,くさい,臭い (悪臭がする),芝居が「臭い」 (演技が大げさで不自然),大根役者,「すっぱい匂いの雑巾」とかけて、「大根役者」と解く。その心は「どちらも『くさい』でしょう。」,
,完全な同音異義語型,すっぱい匂いの雑巾,雑巾から水分を物理的に「絞り出す」動作,しぼる,絞る (雑巾を「絞る」),搾る (牛乳を「搾る」),酪農家,「すっぱい匂いの雑巾」とかけて、「酪農家」と解く。その心は「どちらも『絞る』でしょう。」,
,多義語型,すっぱい匂いの雑巾,汚れを「取る」機能がある,とる,取る (汚れを「取る」),取る (責任を「取る」),会社で重要な役職に就く人,「すっぱい匂いの雑巾」とかけて、「会社で重要な役職に就く人」と解く。その心は「どちらも『責任を『取る』でしょう。」,
,フレーズ・慣用句型,すっぱい匂いの雑巾,長く使われていて「使い古している」状態,つかいふるし,使い古し (雑巾が「使い古し」),「使い古し」の手口 (時代遅れの、効果のない方法),マンネリ化した詐欺師の手口,「すっぱい匂いの雑巾」とかけて、「マンネリ化した詐欺師の手口」と解く。その心は「どちらも『使い古し』でしょう。」,
,完全な同音異義語型,すっぱい匂いの雑巾,酸っぱい匂いの原因である「酸」,さん,酸 (匂いの元となる「酸」),さん (人名に付ける敬称「～さん」),日本で最も一般的な苗字の人,「すっぱい匂いの雑巾」とかけて、「日本で最も一般的な苗字の人」と解く。その心は「どちらも『さん』でしょう。」,
,完全な同音異義語型,回転するこま,回転の中心がある,じく,軸（回転の中心）,痔（体の不調）,肛門の病気,回転するこまとかけて、肛門の病気と解く。その心は「どちらも『じく』でしょう。」,
,完全な同音異義語型,回転するこま,回り続けること,えいえん,永遠（止まらず回り続けるかのように見えること）,永縁（長く続く関係）,昔からの友人,回転するこまとかけて、昔からの友人と解く。その心は「どちらも『えいえん』でしょう。」,
,多義語型,回転するこま,物理的に動く様子,まわる,回る（物理的な回転）,回る（順番が巡ってくる）,次の当番,回転するこまとかけて、次の当番と解く。その心は「どちらも『まわる』でしょう。」,
,多義語型,回転するこま,勢いがないと倒れる,いきおい,勢い（回転の速さや力）,勢い（物事の盛んな状態）,事業が急成長している会社,回転するこまとかけて、事業が急成長している会社と解く。その心は「どちらも『いきおい』が大事でしょう。」,
,フレーズ・慣用句型,回転するこま,止まると倒れてしまう,たちどまれない,立ち止まれない（物理的に止まることができない）,立ち止まれない（忙しくて休憩できない、常に動き続ける必要がある）,休みなく働く人,回転するこまとかけて、休みなく働く人と解く。その心は「どちらも『立ち止まれない』でしょう。」,
,フレーズ・慣用句型,回転するこま,軸が安定していることが重要,じくがぶれない,軸がぶれない（物理的な安定性）,軸がぶれない（信念や方針が揺らがない）,信念を貫く政治家,回転するこまとかけて、信念を貫く政治家と解く。その心は「どちらも『軸がぶれない』でしょう。」,
,完全な同音異義語型,録画するレコーダー,映像をメディアに記録すること,きろく,記録（映像や音声をメディアに残すこと）,記録（スポーツのタイムやスコア）,アスリート,録画するレコーダーとかけて、アスリートと解く。その心は『どちらも記録を残します』でしょう。,
,完全な同音異義語型,録画するレコーダー,映像を撮影すること,とる,撮る（映像を記録する）,捕る（魚などを捕獲する）,漁師,録画するレコーダーとかけて、漁師と解く。その心は『どちらも（映像を）撮る、（魚を）捕るでしょう』,
,多義語型,録画するレコーダー,録画した映像を鑑賞する,みる,見る（録画した映像を鑑賞する）,診る（患者の病状を診察する）,お医者さん,録画するレコーダーとかけて、お医者さんと解く。その心は『どちらも（映像を）見る、（患者を）診るでしょう』,
,多義語型,録画するレコーダー,映像データを蓄積すること,ほぞん,保存（録画したデータをメディアに蓄えること）,保存（食品の鮮度を保つこと）,冷蔵庫,録画するレコーダーとかけて、冷蔵庫と解く。その心は『どちらも良い状態を保存します』でしょう。,
,フレーズ・慣用句型,録画するレコーダー,番組の映像を記録媒体に残すこと,のこす,残す（映像データを記録媒体に残す）,残す（足跡を現地に残す）,登山家,録画するレコーダーとかけて、登山家と解く。その心は『どちらも（映像を）残す、（足跡を）残します』でしょう。,
,フレーズ・慣用句型,録画するレコーダー,番組をたくさん記録して蓄えること,ためる,貯める（録画した番組をディスクに蓄積する）,貯める（お金を蓄える）,貯金箱,録画するレコーダーとかけて、貯金箱と解く。その心は『どちらもお金を貯めるでしょう』,
,多義語型,飛んでいく風船,空へ上昇する、上へ向かう,のぼる,上る（空へ上る）,登る（山に登る）,登山家,飛んでいく風船とかけて、登山家と解く。その心は「どちらも『上る』でしょう。」,
,完全な同音異義語型,飛んでいく風船,行く先が定まっていない、目的がない,あてがない,当てがない（行く先がない）,宛てがない（送付先がない）,住所不定の郵便物,飛んでいく風船とかけて、住所不定の郵便物と解く。その心は「どちらも『あてがない』でしょう。」,
,フレーズ・慣用句型,飛んでいく風船,手に持っていたものから手が離れる,てをはなす,手を離す（持っていたものを放す）,手を離す（世話をすることや担当から解放される）,自立した子供を持つ親,飛んでいく風船とかけて、自立した子供を持つ親と解く。その心は「どちらも『手を離す』でしょう。」,
,完全な同音異義語型,飛んでいく風船,空の上の高い位置にある,たかい,高い（位置が高い）,高い（値段が高い）,高級ブランド品,飛んでいく風船とかけて、高級ブランド品と解く。その心は「どちらも『高い』でしょう。」,
,多義語型,飛んでいく風船,遠ざかって見えなくなる、存在感がなくなる,きえる,消える（視界からなくなる）,消える（問題や負債がなくなる）,多額の借金を完済した人,飛んでいく風船とかけて、多額の借金を完済した人と解く。その心は「どちらも『消える』でしょう。」,
,フレーズ・慣用句型,飛んでいく風船,地面から離れて空中に浮いている,あしがちにつかない,足が地につかない（物理的に浮いている）,足が地につかない（浮かれて落ち着きがない）,大金を手にして有頂天になっている人,飛んでいく風船とかけて、大金を手にして有頂天になっている人と解く。その心は「どちらも『足が地につかない』でしょう。」,
,完全な同音異義語型,計算する電卓,数値を認識して結果を出す,しる,知る,汁,うどん,計算する電卓とかけて、うどんと解く。その心は『どちらも「しる」』でしょう。,
,完全な同音異義語型,計算する電卓,計算処理を前へ進める,すすめる,進める,勧める,良い商品を売る店員,計算する電卓とかけて、良い商品を売る店員と解く。その心は『どちらも「すすめる」』でしょう。,
,多義語型,計算する電卓,計算結果を表示する,でる,出る,出る,役者,計算する電卓とかけて、役者と解く。その心は『どちらも「出る」』でしょう。,
,多義語型,計算する電卓,キーを操作する,うつ,打つ,打つ,蕎麦職人,計算する電卓とかけて、蕎麦職人と解く。その心は『どちらも「打つ」』でしょう。,
,フレーズ・慣用句型,計算する電卓,数値を処理して計算を行う,すうじをあつかう,数字を扱う,数字を扱う,競馬予想家,計算する電卓とかけて、競馬予想家と解く。その心は『どちらも「数字を扱う」』でしょう。,
,フレーズ・慣用句型,計算する電卓,計算結果が正確である,まちがいがない,間違いがない,間違いがない,ベテランの職人,計算する電卓とかけて、ベテランの職人と解く。その心は『どちらも「間違いがない」』でしょう。,
,多義語型,印刷するプリンター,インクで紙に色を再現する,いろをつける,色を付ける,色を付ける（話や状況に飾りを加え、面白くする）,面白い話をする落語家,印刷するプリンターとかけて、面白い話をする落語家と解く。その心は「どちらも色を付ける」でしょう。,
,フレーズ・慣用句型,印刷するプリンター,印刷された紙を排出する,かみをはく,紙を吐く,愚痴を吐く（不平不満を口に出す）,不平不満ばかり言う人,印刷するプリンターとかけて、不平不満ばかり言う人と解く。その心は「どちらも紙を吐く」でしょう。,
,完全な同音異義語型,印刷するプリンター,インクが紙に染み込み、定着する,きゅうしゅうする,吸収する,九州（日本の地名）,日本の地図,印刷するプリンターとかけて、日本の地図と解く。その心は「どちらも九州(吸収)する」でしょう。,
,多義語型,印刷するプリンター,紙やインクなどの不具合で動作が停止する,つまる,詰まる,詰まる（スケジュールや交通状況に余裕がなくなる）,忙しすぎるビジネスパーソン,印刷するプリンターとかけて、忙しすぎるビジネスパーソンと解く。その心は「どちらも詰まる」でしょう。,
,フレーズ・慣用句型,印刷するプリンター,文字や画像を紙に印字し、形に残す,あとをのこす,跡を残す,跡を残す（功績や業績を後世に残す）,偉大な歴史上の人物,印刷するプリンターとかけて、偉大な歴史上の人物と解く。その心は「どちらも跡を残す」でしょう。,
,完全な同音異義語型,印刷するプリンター,紙に文字や画像を印字すること,ぷりんと,プリント（印刷物）,プリン（洋菓子のデザート）,喫茶店のメニュー,印刷するプリンターとかけて、喫茶店のメニューと解く。その心は「どちらもプリント」でしょう。,
,完全な同音異義語型,時を刻むメトロノーム,一定のリズムを刻む,きざむ,刻む,刻む,料理人,時を刻むメトロノームとかけて、料理人と解く。その心は「どちらも刻む」でしょう。,
,多義語型,時を刻むメトロノーム,テンポを示す針がある,はり,針,針,裁縫師,時を刻むメトロノームとかけて、裁縫師と解く。その心は「どちらも針を使う」でしょう。,
,フレーズ・慣用句型,時を刻むメトロノーム,音楽の調子を合わせる補助をする,ちょうしをあわせる,調子を合わせる,調子を合わせる,協調性のある人,時を刻むメトロノームとかけて、協調性のある人と解く。その心は「どちらも調子を合わせる」でしょう。,
,完全な同音異義語型,時を刻むメトロノーム,規則的に拍子を打つ,うつ,打つ,打つ,うどん職人,時を刻むメトロノームとかけて、うどん職人と解く。その心は「どちらも『打つ』でしょう」。,
,多義語型,時を刻むメトロノーム,テンポを調整できる,ちょうせい,調整,調整,会議のファシリテーター,時を刻むメトロノームとかけて、会議のファシリテーターと解く。その心は「どちらも調整する」でしょう。,
,フレーズ・慣用句型,時を刻むメトロノーム,正確に時間を守るように動く,じかんをまもる,時間を守る,時間を守る,信頼されるビジネスパーソン,時を刻むメトロノームとかけて、信頼されるビジネスパーソンと解く。その心は「どちらも時間を守る」でしょう。,
,完全な同音異義語型,景色を映す鏡,周囲のものを視覚的に捉える、見せる,みる,視る（景色を映して見せる機能）,診る（患者の状態を確認する）,医者,「景色を映す鏡」とかけて、「医者」と解く。その心は「どちらも『診る』でしょう。」,
,完全な同音異義語型,景色を映す鏡,表面が平坦である,へいめん,平面（鏡の物理的な表面）,平麺（きしめんやひらめんのような麺類）,きしめん,「景色を映す鏡」とかけて、「きしめん」と解く。その心は「どちらも『平麺』でしょう。」,
,多義語型,景色を映す鏡,風景を写し出す,うつす,映す（光や像を表面に写す）,移す（場所や状態を変える）,引っ越し業者,「景色を映す鏡」とかけて、「引っ越し業者」と解く。その心は「どちらも『移す』でしょう。」,
,多義語型,景色を映す鏡,光や像をはね返す,はんしゃ,反射（光や熱などを跳ね返す現象）,反省（自分の言動を振り返って良くない点を改めること）,自分の行動を悔いる人,「景色を映す鏡」とかけて、「自分の行動を悔いる人」と解く。その心は「どちらも『反省』でしょう。」,
,フレーズ・慣用句型,景色を映す鏡,見たままをそのまま伝える,ありのまま,有りの儘（景色をありのままに映し出すこと）,ありのまま（飾らず、偽りのない姿や状態）,嘘のつけない正直者,「景色を映す鏡」とかけて、「嘘のつけない正直者」と解く。その心は「どちらも『ありのまま』でしょう。」,
,フレーズ・慣用句型,景色を映す鏡,周囲の風景が広がって見える,こうけいがひろがる,光景が広がる（鏡に映し出される景色）,好景気が広がる（経済が上向きになる状況）,経済アナリスト,「景色を映す鏡」とかけて、「経済アナリスト」と解く。その心は「どちらも『好景気が広がる』でしょう。」,
,完全な同音異義語型,お湯を保温する水筒,熱を保つ、温度を維持する,ほおん,保温（熱を保つ）,報恩（恩に報いる）,ご恩返しをする人,お湯を保温する水筒とかけて、ご恩返しをする人と解く。その心は「どちらも『報恩（保温）』でしょう。」,
,完全な同音異義語型,お湯を保温する水筒,熱いお湯が入っている,あつい,熱い（お湯の温度が高い）,厚い（人情が厚いなど）,人情に厚い親方,お湯を保温する水筒とかけて、人情に厚い親方と解く。その心は「どちらも『熱い（厚い）』でしょう。」,
,多義語型,お湯を保温する水筒,中身が冷めない、状態が維持される,さめない,冷めない（温度が下がらない）,冷めない（興奮や熱気が冷めない）,優勝が決まった瞬間のスタジアムの観客,お湯を保温する水筒とかけて、優勝が決まった瞬間のスタジアムの観客と解く。その心は「どちらも『冷めない』でしょう。」,
,多義語型,お湯を保温する水筒,熱を外に逃がさず閉じ込める,とじこめる,閉じ込める（熱を逃がさない）,閉じ込める（感情を心の中に隠す）,感情を表に出さない人,お湯を保温する水筒とかけて、感情を表に出さない人と解く。その心は「どちらも『閉じ込める』でしょう。」,
,フレーズ・慣用句型,お湯を保温する水筒,温かい状態を長く保つ,あたたかいまま,温かいまま（お湯の温度が下がらない状態）,温かいまま（雰囲気や関係性が良好な状態）,家族が集まるリビング,お湯を保温する水筒とかけて、家族が集まるリビングと解く。その心は「どちらも『温かいまま』でしょう。」,
,フレーズ・慣用句型,お湯を保温する水筒,熱気を外に逃がさない、内部に熱が満ちている,ねっきがこもる,熱気がこもる（水筒の中に熱が閉じ込められている）,熱気がこもる（人々の熱意や活気で空間が満たされる）,大勢の人が熱狂するコンサート会場,お湯を保温する水筒とかけて、大勢の人が熱狂するコンサート会場と解く。その心は「どちらも『熱気がこもる』でしょう。」,
,多義語型,汚れを拭き取るウェットティッシュ,汚れを除去する、きれいにする,おとす,汚れを「落とす」（除去する）,チャンスを「落とす」（失う）,大事な場面でミスをする選手,汚れを拭き取るウェットティッシュとかけて、大事な場面でミスをする選手と解く。その心は『どちらもチャンスを「落とす」でしょう。』,
,完全な同音異義語型,汚れを拭き取るウェットティッシュ,汚れを拭く、清める,ふく,汚れを「拭く」,楽器を「吹く」,演奏会で活躍するフルート奏者,汚れを拭き取るウェットティッシュとかけて、演奏会で活躍するフルート奏者と解く。その心は『どちらも「拭く（ふく）」でしょう。』,
,フレーズ・慣用句型,汚れを拭き取るウェットティッシュ,物理的に汚れが取れて、さっぱりする,すっきりする,物理的に「すっきりする」,精神的に「すっきりする」,長年の悩みが解決した人,汚れを拭き取るウェットティッシュとかけて、長年の悩みが解決した人と解く。その心は『どちらも「すっきりする」でしょう。』,
,完全な同音異義語型,汚れを拭き取るウェットティッシュ,汚れや不純物を除去する,とる,汚れを「取る」（除去する）,栄養を「摂る」（摂取する）,健康のために積極的に栄養を摂る人,汚れを拭き取るウェットティッシュとかけて、健康のために積極的に栄養を摂る人と解く。その心は『どちらも「摂る（とる）」でしょう。』,
,多義語型,汚れを拭き取るウェットティッシュ,衛生的にしてきれいな状態にする,せいけつ,衛生的で「清潔」な状態にする,行いや心が「清潔」である,行動が清廉潔白な政治家,汚れを拭き取るウェットティッシュとかけて、行動が清廉潔白な政治家と解く。その心は『どちらも「清潔」でしょう。』,
,フレーズ・慣用句型,汚れを拭き取るウェットティッシュ,拭いた後に気分がリフレッシュする,きぶんてんかんになる,物理的な清潔さから「気分転換になる」,ストレス解消で「気分転換になる」,ストレスを感じたときに旅行に出かける人,汚れを拭き取るウェットティッシュとかけて、ストレスを感じたときに旅行に出かける人と解く。その心は『どちらも「気分転換になる」でしょう。』,
,完全な同音異義語型,荷物を縛るロープ,荷物を結びつける,むすぶ,結ぶ,産む巣,鳥,荷物を縛るロープとかけて、鳥と解く。その心は「どちらも『むすぶ』でしょう。」,
,多義語型,荷物を縛るロープ,荷物が動かないように固定する,とめる,留める,止める,交通整理をする警察官,荷物を縛るロープとかけて、交通整理をする警察官と解く。その心は「どちらも『止める』でしょう。」,
,フレーズ・慣用句型,荷物を縛るロープ,張力を保ち、緩まないようにする,たるませない,弛ませない,弛ませない,仕事でいつも気を張っているビジネスパーソン,荷物を縛るロープとかけて、仕事でいつも気を張っているビジネスパーソンと解く。その心は「どちらも『弛ませない』でしょう。」,
,完全な同音異義語型,荷物を縛るロープ,荷物を引き締める,しめる,締める,占める,市場で高いシェアを持つ企業,荷物を縛るロープとかけて、市場で高いシェアを持つ企業と解く。その心は「どちらも『締める』でしょう。」,
,多義語型,荷物を縛るロープ,荷物を一つに集める,まとめる,纏める,纏める,会議の議事録を作成する書記,荷物を縛るロープとかけて、会議の議事録を作成する書記と解く。その心は「どちらも『纏める』でしょう。」,
,フレーズ・慣用句型,荷物を縛るロープ,荷崩れを防ぎ、安全を保証する,あんぜんをかくほする,安全を確保する,安全を確保する,警備員,荷物を縛るロープとかけて、警備員と解く。その心は「どちらも『安全を確保する』でしょう。」,
,多義語型,電気を通すケーブル,電気や情報を伝達し、機器同士を繋ぐ,つなぐ,繋ぐ（物理的・電気的な接続）,繋ぐ（人間関係や絆）,恋人同士,電気を通すケーブルとかけて、恋人同士と解く。その心は「どちらも『繋ぐ』でしょう。」,
,多義語型,電気を通すケーブル,電流や信号が流れる,ながれる,流れる（電流や信号）,流れる（予定や計画が中止になる）,中止になった会議,電気を通すケーブルとかけて、中止になった会議と解く。その心は「どちらも『流れる』でしょう。」,
,フレーズ・慣用句型,電気を通すケーブル,配線が複雑になり、絡まりやすい,からまる,絡まる（物理的に線がもつれる）,絡まる（人間関係が複雑になる）,人間関係で悩む人,電気を通すケーブルとかけて、人間関係で悩む人と解く。その心は「どちらも『絡まる』でしょう。」,
,フレーズ・慣用句型,電気を通すケーブル,機器に電力を供給し、作動する力を与える,ちからをあたえる,力を与える（機器に電力を供給する）,力を与える（励まし、後押しする）,スポーツのコーチ,電気を通すケーブルとかけて、スポーツのコーチと解く。その心は「どちらも『力を与える』でしょう。」,
,完全な同音異義語型,電気を通すケーブル,内部に導体としての芯がある,しん,芯（ケーブルの導体部分）,信（信頼、信念）,信頼できる友人,電気を通すケーブルとかけて、信頼できる友人と解く。その心は「どちらも『しん（芯/信）』が大切でしょう。」,
,完全な同音異義語型,電気を通すケーブル,機器や部品同士を接続する,せつぞく,接続（電気的な結合）,接着（物をくっつけること）,のりやボンド,電気を通すケーブルとかけて、のりやボンドと解く。その心は「どちらも『せつぞく（接続/接着）』でしょう。」,
,完全な同音異義語型,文字を消す修正テープ,間違いを直す機能,なおす,直す（間違いを）,治す（病気を）,医者,「文字を消す修正テープ」とかけて、「医者」と解く。その心は「どちらも『なおす』でしょう。」,
,多義語型,文字を消す修正テープ,白いテープを貼る行為,はる,貼る（テープを）,張る（気が）,試験前の受験生,「文字を消す修正テープ」とかけて、「試験前の受験生」と解く。その心は「どちらも『はる』でしょう。」,
,フレーズ・慣用句型,文字を消す修正テープ,間違った部分を隠す,みをおおそう,隠す（文字を）,身を隠す（姿を）,指名手配犯,「文字を消す修正テープ」とかけて、「指名手配犯」と解く。その心は「どちらも『身を隠す』でしょう。」,
,完全な同音異義語型,文字を消す修正テープ,テープを引き出す動作,ひく,引く（テープを）,弾く（楽器を）,ピアニスト,「文字を消す修正テープ」とかけて、「ピアニスト」と解く。その心は「どちらも『ひく』でしょう。」,
,多義語型,文字を消す修正テープ,書かれた文字を覆い隠す,おおう,覆う（文字を）,覆う（秘密を）,秘密を抱えたスパイ,「文字を消す修正テープ」とかけて、「秘密を抱えたスパイ」と解く。その心は「どちらも『覆う』でしょう。」,
,フレーズ・慣用句型,文字を消す修正テープ,書いたものを無かった状態にする,なかったことにする,無かったことにする（文字を）,無かったことにする（過去を清算する）,過去の過ちを清算した人,「文字を消す修正テープ」とかけて、「過去の過ちを清算した人」と解く。その心は「どちらも『無かったことにする』でしょう。」,
,多義語型,空気を綺麗にする空気清浄機,部屋の汚れた空気を吸い込み、清浄な空気を排出する。,きれいにする,空気を綺麗にする,人を綺麗にする,メイクアップアーティスト,空気を綺麗にする空気清浄機とかけて、メイクアップアーティストと解く。その心は「どちらも『綺麗にする』でしょう。」,
,多義語型,空気を綺麗にする空気清浄機,フィルターがゴミやホコリを「とる」。,とる,塵や埃を取る,休暇を取る,忙しいサラリーマン,空気を綺麗にする空気清浄機とかけて、忙しいサラリーマンと解く。その心は「どちらも『とる』でしょう。」,
,フレーズ・慣用句型,空気を綺麗にする空気清浄機,臭いやホコリを「吸い込む」。,すいこむ,汚れた空気を吸い込む,煙を吸い込む,ヘビースモーカー,空気を綺麗にする空気清浄機とかけて、ヘビースモーカーと解く。その心は「どちらも『吸い込む』でしょう。」,
,フレーズ・慣用句型,空気を綺麗にする空気清浄機,部屋の空気が「すっきり」する。,すっきりする,空気がすっきりする,悩みがすっきりする,悩み事を相談した人,空気を綺麗にする空気清浄機とかけて、悩み事を相談した人と解く。その心は「どちらも『すっきりする』でしょう。」,
,完全な同音異義語型,空気を綺麗にする空気清浄機,フィルターなどを定期的に「交換」する。,こうかん,フィルターを交換,好感,初対面で気に入られた人,空気を綺麗にする空気清浄機とかけて、初対面で気に入られた人と解く。その心は「どちらも『こうかん』でしょう。」,
,完全な同音異義語型,空気を綺麗にする空気清浄機,汚れた空気を「吸う」。,すう,空気を吸う,数を数える,算数の先生,空気を綺麗にする空気清浄機とかけて、算数の先生と解く。その心は「どちらも『すう』でしょう。」,
,多義語型,鍵をかけるダイヤル錠,正しい数字にダイヤルを合わせる,あわせる,合わせる（数字を正確に合わせる）,合わせる（力を合わせる、顔を合わせる）,協力して仕事をするチーム,鍵をかけるダイヤル錠とかけて、協力して仕事をするチームと解く。その心は『どちらも「合わせる」が肝心でしょう。』,
,フレーズ・慣用句型,鍵をかけるダイヤル錠,暗証番号が知られるとロックが解除されてしまう,ばれるとこまる,バレると困る（暗証番号が知られてしまう）,バレると困る（嘘や秘密が露見する）,嘘をついた子供,鍵をかけるダイヤル錠とかけて、嘘をついた子供と解く。その心は『どちらも「バレると困る」でしょう。』,
,完全な同音異義語型,鍵をかけるダイヤル錠,施錠された状態（錠がある）,じょう,錠（ダイヤル錠の「錠」）,丈（背丈、着丈）,仕立て屋,鍵をかけるダイヤル錠とかけて、仕立て屋と解く。その心は『どちらも「じょう」があるでしょう。』,
,多義語型,鍵をかけるダイヤル錠,ダイヤルを回転させる,まわす,回す（ダイヤルを回す）,回す（資金を回す、連絡を回す）,会社の資金繰りに苦労する社長,鍵をかけるダイヤル錠とかけて、会社の資金繰りに苦労する社長と解く。その心は『どちらも「回す」のに工夫が必要でしょう。』,
,フレーズ・慣用句型,鍵をかけるダイヤル錠,簡単に開けられないようにする,あかないようにする,開かないようにする（ロックして開けられない状態にする）,開かないようにする（秘密を口外しない）,秘密を共有している友人同士,鍵をかけるダイヤル錠とかけて、秘密を共有している友人同士と解く。その心は『どちらも「開かないようにする」のが大事でしょう。』,
,完全な同音異義語型,鍵をかけるダイヤル錠,暗証番号を覚えておく必要がある,あんしょう,暗証（暗証番号）,暗唱（詩歌などを暗唱する）,詩を暗記して発表する学生,鍵をかけるダイヤル錠とかけて、詩を暗記して発表する学生と解く。その心は『どちらも「暗唱」が肝心でしょう。』,
,完全な同音異義語型,水をまくホース,水を目的地へ送る,おくる,送る,贈る,心を込めてプレゼントを選ぶ人,水をまくホースとかけて、心を込めてプレゼントを選ぶ人と解く。その心は『どちらも【おくる】でしょう。』,
,完全な同音異義語型,水をまくホース,地面に水を散布する,まく,撒く,蒔く,豊作を願う農家,水をまくホースとかけて、豊作を願う農家と解く。その心は『どちらも【まく】でしょう。』,
,多義語型,水をまくホース,内部を水が滞りなく流れる,とおる,通る,通る,議会で議論される法案,水をまくホースとかけて、議会で議論される法案と解く。その心は『どちらも【通る】でしょう。』,
,多義語型,水をまくホース,使い終わった後にきちんと束ねる,まとめる,まとめる,まとめる,会議で意見を調整する司会者,水をまくホースとかけて、会議で意見を調整する司会者と解く。その心は『どちらも【まとめる】でしょう。』,
,フレーズ・慣用句型,水をまくホース,長い本体が他の物に絡まることがある,からむ,絡む,絡む,未解決事件の核心にいる人物,水をまくホースとかけて、未解決事件の核心にいる人物と解く。その心は『どちらも【絡む】でしょう。』,
,フレーズ・慣用句型,水をまくホース,先端から水が勢いよく噴き出す,いきおい,勢い,勢い,連勝中のスポーツチーム,水をまくホースとかけて、連勝中のスポーツチームと解く。その心は『どちらも【勢いがある】でしょう。』,
,多義語型,光を遮るカーテン,部屋の光を遮断し、室内を暗くする,くらくする,周りを暗くする,周りを暗くする,悲観的なニュース,光を遮るカーテンとかけて、悲観的なニュースと解く。その心は『どちらも周りを暗くする』でしょう。,
,フレーズ・慣用句型,光を遮るカーテン,外部からの視線を遮り、プライバシーを保護する,めをふせぐ,(外からの)目を防ぐ,(恥ずかしさなどで)目を伏せる,罪を認めて反省する人,光を遮るカーテンとかけて、罪を認めて反省する人と解く。その心は『どちらも目を伏せる』でしょう。,
,完全な同音異義語型,光を遮るカーテン,光の侵入を物理的に断ち切る,カット,カットする,カットする,美容師,光を遮るカーテンとかけて、美容師と解く。その心は『どちらもカットする』でしょう。,
,多義語型,光を遮るカーテン,物理的に光の通り道を邪魔する,さえぎる,遮る,遮る,人の話を途中で遮る人,光を遮るカーテンとかけて、人の話を途中で遮る人と解く。その心は『どちらも遮る』でしょう。,
,フレーズ・慣用句型,光を遮るカーテン,光を遮り、部屋に落ち着いた雰囲気をもたらす,おちつく,(部屋が)落ち着く,(心が)落ち着く,困難な状況を乗り越えた人,光を遮るカーテンとかけて、困難な状況を乗り越えた人と解く。その心は『どちらも落ち着く』でしょう。,
,完全な同音異義語型,光を遮るカーテン,隙間なく閉めることで光を遮断する,とじる,閉じる,綴じる,製本業者,光を遮るカーテンとかけて、製本業者と解く。その心は『どちらも閉じる』でしょう。,
,完全な同音異義語型,音楽を流すスピーカー,音を届かせる、音を伝達する,とどける,届ける（音を）,届ける（荷物を配達する）,配達員,音楽を流すスピーカーとかけて、配達員と解く。その心は「どちらも『とどける』でしょう。」,
,完全な同音異義語型,音楽を流すスピーカー,音が出てくる、音が発せられる,でる,出る（音量が）,出る（舞台に）,舞台の役者,音楽を流すスピーカーとかけて、舞台の役者と解く。その心は「どちらも『でる』でしょう。」,
,多義語型,音楽を流すスピーカー,音が広く伝わる、共鳴する,ひびく,響く（音が）,響く（心に感銘を与える）,感動的なスピーチ,音楽を流すスピーカーとかけて、感動的なスピーチと解く。その心は「どちらも『響く』でしょう。」,
,多義語型,音楽を流すスピーカー,音を生み出す、音を形作る,つくる,作る（音を）,作る（料理や作品を）,料理人,音楽を流すスピーカーとかけて、料理人と解く。その心は「どちらも『作る』でしょう。」,
,フレーズ・慣用句型,音楽を流すスピーカー,音量が大きくなる,ボリュームがあがる,ボリュームが上がる（音量が）,ボリュームが上がる（内容の量が増える）,長編小説,音楽を流すスピーカーとかけて、長編小説と解く。その心は「どちらも『ボリュームが上がる』でしょう。」,
,フレーズ・慣用句型,音楽を流すスピーカー,音が耳に伝わってくる,きこえてくる,聞こえてくる（音が）,聞こえてくる（噂や情報が）,秘密の噂話,音楽を流すスピーカーとかけて、秘密の噂話と解く。その心は「どちらも『聞こえてくる』でしょう。」,
,多義語型,日差しを避ける日傘,日差しから身を守るために日差しを「防ぐ」。,ふせぐ,防ぐ,塞ぐ,道路の陥没や穴を修復する作業員,日差しを避ける日傘とかけて、道路の陥没を直す作業員と解く。その心は「どちらも『防ぐ/塞ぐ』でしょう。」,
,多義語型,日差しを避ける日傘,強い日差しを避けるために日傘を「差す」。,さす,差す,刺す,縫い物をする人,日差しを避ける日傘とかけて、裁縫をする人と解く。その心は「どちらも『差す/刺す』でしょう。」,
,フレーズ・慣用句型,日差しを避ける日傘,暑い日差しを「日を避ける」。,ひをさける,日を避ける,費用を避ける,経費削減に励む経営者,日差しを避ける日傘とかけて、経費削減に励む経営者と解く。その心は「どちらも『日/費用を避ける』でしょう。」,
,フレーズ・慣用句型,日差しを避ける日傘,普段使わない時は「畳んでいる」。,たたんでいる,畳んでいる,闘っている,スポーツで優勝を目指す選手,日差しを避ける日傘とかけて、スポーツで優勝を目指す選手と解く。その心は「どちらも『畳んでいる/闘っている』でしょう。」,
,完全な同音異義語型,日差しを避ける日傘,紫外線から「肌を守る」。,はだをまもる,肌を守る,旗を守る,戦場で重要な旗を掲げる兵士,日差しを避ける日傘とかけて、戦場で重要な旗を掲げる兵士と解く。その心は「どちらも『肌/旗を守る』でしょう。」,
,完全な同音異義語型,日差しを避ける日傘,使う時に「開く」。,ひらく,開く,拓く,荒れ地を耕して新しい農地を作る開拓者,日差しを避ける日傘とかけて、荒れ地を耕して新しい農地を作る開拓者と解く。その心は「どちらも『開く/拓く』でしょう。」,
,多義語型,電池で動くおもちゃ,電池を「入れる」ことで稼働する,いれる,電池を「入れる」,知識を「入れる」,勉強熱心な生徒,「電池で動くおもちゃ」とかけて、「勉強熱心な生徒」と解く。その心は「どちらも『入れる』ことで動き出す（学び出す）でしょう」。,
,完全な同音異義語型,電池で動くおもちゃ,スイッチを押すと音や動きが「出る」,でる,音が「出る」,舞台に「出る」,駆け出しの俳優,「電池で動くおもちゃ」とかけて、「駆け出しの俳優」と解く。その心は「どちらも『出る』ことで活躍するでしょう」。,
,フレーズ・慣用句型,電池で動くおもちゃ,電池が切れると音が鳴らず、反応しない状態,くちがきけない,「口が利けない」（音が鳴らない、反応しない）,「口が利けない」（言葉を話せない）,口下手な人,「電池で動くおもちゃ」とかけて、「口下手な人」と解く。その心は「どちらも『口が利けない』と静かになるでしょう」。,
,多義語型,電池で動くおもちゃ,物理的に「動く」,うごく,物理的に「動く」,計画や事態が「動く」,計画通りに進むプロジェクト,「電池で動くおもちゃ」とかけて、「計画通りに進むプロジェクト」と解く。その心は「どちらも『動く』ことで皆を喜ばせるでしょう」。,
,完全な同音異義語型,電池で動くおもちゃ,稼働には「動力」が必要,どうりょく,「動力」（動かすための力）,「同僚」（同じ職場の仲間）,会社のチーム,「電池で動くおもちゃ」とかけて、「会社のチーム」と解く。その心は「どちらも『どうりょく（動力／同僚）』がなければ動き出さないでしょう」。,
,フレーズ・慣用句型,電池で動くおもちゃ,子供たちに楽しみや想像力を「与える」,ゆめをあたえる,「夢を与える」（楽しませる）,「夢を与える」（希望や目標を与える）,偉大なスポーツ選手,「電池で動くおもちゃ」とかけて、「偉大なスポーツ選手」と解く。その心は「どちらも『夢を与える』存在でしょう」。,
,完全な同音異義語型,ゴミを集めるちりとり,集めたゴミを中に収める行為,いれる,入れる,淹れる,美味しいお茶を出す喫茶店のマスター,ゴミを集めるちりとりとかけて、美味しいお茶を出す喫茶店のマスターと解く。その心は『どちらも「淹れる/入れる」でしょう。』,
,多義語型,ゴミを集めるちりとり,口元が大きく広がり、ゴミを迎え入れる形状,ひらく,開く,開く,新規事業を立ち上げる会社の代表,ゴミを集めるちりとりとかけて、新規事業を立ち上げる会社の代表と解く。その心は『どちらも「開く」でしょう。』,
,フレーズ・慣用句型,ゴミを集めるちりとり,細かいゴミまでしっかりと捕らえて逃がさない機能,とりこむ,取り込む,取り込む,顧客を増やして忙しくなる繁盛店の店主,ゴミを集めるちりとりとかけて、顧客を増やして忙しくなる繁盛店の店主と解く。その心は『どちらも「取り込む」でしょう。』,
,完全な同音異義語型,ゴミを集めるちりとり,集めたゴミがその上に留まる状態,のる,乗る,乗る,流行の波に乗って人気を集めるアーティスト,ゴミを集めるちりとりとかけて、流行の波に乗って人気を集めるアーティストと解く。その心は『どちらも「乗る」でしょう。』,
,多義語型,ゴミを集めるちりとり,掃き寄せられたゴミを全て受け止める役割,うける,受ける,受ける,観客の爆笑を誘うベテラン漫才師,ゴミを集めるちりとりとかけて、観客の爆笑を誘うベテラン漫才師と解く。その心は『どちらも「受ける」でしょう。』,
,フレーズ・慣用句型,ゴミを集めるちりとり,床のゴミを口元から外へこぼさず保持する状態,のがさない,逃がさない,逃がさない,一度狙った獲物は決して逃がさない熟練のハンター,ゴミを集めるちりとりとかけて、一度狙った獲物は決して逃がさない熟練のハンターと解く。その心は『どちらも「逃がさない」でしょう。』,
,完全な同音異義語型,シワを伸ばすアイロン,衣服の表面を直線的に平坦にする機能,のばす,伸ばす (シワを伸ばす),延ばす (期間や時間を延ばす),夏休みの宿題が終わらない小学生,「シワを伸ばすアイロン」とかけて、「夏休みの宿題が終わらない小学生」と解く。その心は「どちらも『のばす』でしょう。」,
,多義語型,シワを伸ばすアイロン,本体が高温になる物理的状態,ねっする,熱する (アイロンが熱する),熱する (議論や感情が熱する),白熱した会議,「シワを伸ばすアイロン」とかけて、「白熱した会議」と解く。その心は「どちらも『熱する』でしょう。」,
,フレーズ・慣用句型,シワを伸ばすアイロン,衣服を整えるために時間や労力を割く行為,てまをかける,手間をかける (服をきれいに仕上げるために),手間をかける (何かを丁寧に育んだり世話したりするために),丹精込めて盆栽を育てる人,「シワを伸ばすアイロン」とかけて、「丹精込めて盆栽を育てる人」と解く。その心は「どちらも『手間をかける』でしょう。」,
,完全な同音異義語型,シワを伸ばすアイロン,衣服の凹凸をなくし、表面を均一にする機能,へいらにする,平らにする (シワを平らにする),平らにする (地面や表面を平坦にする),土地を造成する建設業者,「シワを伸ばすアイロン」とかけて、「土地を造成する建設業者」と解く。その心は「どちらも『へいらにする』でしょう。」,
,多義語型,シワを伸ばすアイロン,衣服からシワを除去すること,とる,取る (シワを取る),取る (資格や席などを取得する),司法試験を目指す学生,「シワを伸ばすアイロン」とかけて、「司法試験を目指す学生」と解く。その心は「どちらも『取る』でしょう。」,
,フレーズ・慣用句型,シワを伸ばすアイロン,熱と重さで布地に物理的な圧力を与えること,ぷれっしゃーをかける,プレッシャーをかける (アイロンが服に物理的な圧力をかける),プレッシャーをかける (相手に精神的な圧力を与える),大事な試合前のスポーツ選手を叱咤激励するコーチ,「シワを伸ばすアイロン」とかけて、「大事な試合前のスポーツ選手を叱咤激励するコーチ」と解く。その心は「どちらも『プレッシャーをかける』でしょう。」,
,完全な同音異義語型,髪をとかすブラシ,髪の毛をきれいにし、形を整える,ととのえる,整える,調える,食事の準備をする人,髪をとかすブラシとかけて、食事の準備をする人と解く。その心は『どちらも「ととのえる」（髪を整える／食事を調える）でしょう。』,
,完全な同音異義語型,髪をとかすブラシ,髪の絡まりやもつれを解消する,とく,解く,説く,仏の教えを人々に伝える僧侶,髪をとかすブラシとかけて、仏の教えを人々に伝える僧侶と解く。その心は『どちらも「とく」（縺れを解く／教えを説く）でしょう。』,
,多義語型,髪をとかすブラシ,髪の毛の流れを整理し、きれいに並べる,せいりする,整理する,整理する,膨大な書類やデータを管理する事務員,髪をとかすブラシとかけて、膨大な書類やデータを管理する事務員と解く。その心は『どちらも「整理する」でしょう。』,
,多義語型,髪をとかすブラシ,髪の毛に一定の方向性や形を与える,ながれをつくる,流れを作る,流れを作る,パーティーの進行を計画する幹事,髪をとかすブラシとかけて、パーティーの進行を計画する幹事と解く。その心は『どちらも「流れを作る」でしょう。』,
,フレーズ・慣用句型,髪をとかすブラシ,髪の毛がなめらかになり、心地よい感触を与える,きもちがよい,気持ちが良い,気持ちが良い,一日の仕事を終えて飲む冷たいビール,髪をとかすブラシとかけて、一日の仕事を終えて飲む冷たいビールと解く。その心は『どちらも「気持ちが良い」でしょう。』,
,フレーズ・慣用句型,髪をとかすブラシ,スムーズに髪の毛を通し、引っかかりがない状態,するする,するする（と滑るように）,するする（と物事が進む）,難解な問題を軽々と解決する敏腕弁護士,髪をとかすブラシとかけて、難解な問題を軽々と解決する敏腕弁護士と解く。その心は『どちらも「するする（と進む）」でしょう。』,
,完全な同音異義語型,お金を貯める貯金箱,お金が中に入って蓄えられる,たまる,貯まる,溜まる,排水溝,お金を貯める貯金箱とかけて、排水溝と解く。その心は「どちらも『たまる』でしょう。」,
,多義語型,お金を貯める貯金箱,お金でいっぱいになる,いっぱい,一杯（満杯）,一杯（お酒を飲む）,居酒屋の常連客,お金を貯める貯金箱とかけて、居酒屋の常連客と解く。その心は「どちらも『いっぱい』でしょう。」,
,フレーズ・慣用句型,お金を貯める貯金箱,隠しておくためのお金、隠し場所,へそくり,へそくり（が収まる、を入れる）,へそくり（隠し持っているお金そのもの）,主婦の隠し財産,お金を貯める貯金箱とかけて、主婦の隠し財産と解く。その心は「どちらも『へそくり』でしょう。」,
,完全な同音異義語型,お金を貯める貯金箱,中にお金がどんどん増えていく,つみかさなる,積み重なる,罪重なる,悪事を働く犯罪者,お金を貯める貯金箱とかけて、悪事を働く犯罪者と解く。その心は「どちらも『つみかさなる』でしょう。」,
,多義語型,お金を貯める貯金箱,中身が増加する,ふえる,増える（お金が増える）,増える（家族が増える）,大家族のお母さん,お金を貯める貯金箱とかけて、大家族のお母さんと解く。その心は「どちらも『ふえる』でしょう。」,
,フレーズ・慣用句型,お金を貯める貯金箱,中身が隠されていて見えない,なかにかくされている,中に隠されている（お金が）,中に隠されている（秘密、真相が）,未解決事件の真相,お金を貯める貯金箱とかけて、未解決事件の真相と解く。その心は「どちらも『中に隠されている』でしょう。」,
,完全な同音異義語型,紫外線を防ぐ日よけ,太陽光線を「避ける」機能,さける,避ける,裂ける,古いジーンズ,紫外線を防ぐ日よけとかけて、古いジーンズと解く。その心は「どちらも『さける』でしょう。」,
,完全な同音異義語型,紫外線を防ぐ日よけ,太陽光を遮り、「覆う」,おおう,覆う,負う,会社の社長,紫外線を防ぐ日よけとかけて、会社の社長と解く。その心は「どちらも『おおう』でしょう。」,
,多義語型,紫外線を防ぐ日よけ,太陽光を「遮る」,さえぎる,遮る（物理的にさえぎる）,遮る（人の話や行動を途中で止める）,会議中に発言を途中でやめさせる人,紫外線を防ぐ日よけとかけて、会議中に人の話を途中で止める人と解く。その心は「どちらも『遮る』でしょう。」,
,多義語型,紫外線を防ぐ日よけ,紫外線から「肌を守る」,まもる,守る（危険から防御する）,守る（約束やルールを守る）,規則を厳守する人,紫外線を防ぐ日よけとかけて、規則を厳守する人と解く。その心は「どちらも『守る』でしょう。」,
,フレーズ・慣用句型,紫外線を防ぐ日よけ,日光が「当たらない」場所を作る,ひがあたらない,日が当たらない（太陽光が届かない物理的な状態）,日が当たらない（活躍の機会がない、不遇な状態）,売れない芸人,紫外線を防ぐ日よけとかけて、売れない芸人と解く。その心は「どちらも『日が当たらない』でしょう。」,
,フレーズ・慣用句型,紫外線を防ぐ日よけ,日よけの下に「影ができる」,かげができる,影ができる（物理的に影が形成される）,影ができる（人や物事の背後に良くない影響や気配が生じる）,何か悩みを抱えた人,紫外線を防ぐ日よけとかけて、何か悩みを抱えた人と解く。その心は「どちらも『影ができる』でしょう。」,
,完全な同音異義語型,床を滑るスリッパ,摩擦が少なくスムーズに動く,すべる,滑る (床の上をスムーズに動く),滑る (試験に落ちる),入試に失敗した受験生,「床を滑るスリッパ」とかけて、「入試に失敗した受験生」と解く。その心は「どちらも『すべる』でしょう。」,
,完全な同音異義語型,床を滑るスリッパ,足に装着するもの,はく,履く (スリッパを足に履く),掃く (床を清掃する),掃除当番の生徒,「床を滑るスリッパ」とかけて、「掃除当番の生徒」と解く。その心は「どちらも『はく』でしょう。」,
,多義語型,床を滑るスリッパ,抵抗なく軽く動く様子,すっと,すっと (抵抗なく軽快に動く),すっと (気が晴れて気持ちが軽くなる),長年の悩みが解決した人,「床を滑るスリッパ」とかけて、「長年の悩みが解決した人」と解く。その心は「どちらも『すっと』するでしょう。」,
,多義語型,床を滑るスリッパ,足元が締め付けられず快適,らく,楽 (履き心地が楽である),楽 (経済的または精神的にゆとりがある),早期リタイアして悠々自適な生活を送る人,「床を滑るスリッパ」とかけて、「早期リタイアして悠々自適な生活を送る人」と解く。その心は「どちらも『楽』でしょう。」,
,フレーズ・慣用句型,床を滑るスリッパ,移動時に物音がしない,あしおとがしない,足音がしない (スリッパが滑るため),足音がしない (気配がなく静かである),夜中にこっそり行動する泥棒,「床を滑るスリッパ」とかけて、「夜中にこっそり行動する泥棒」と解く。その心は「どちらも『足音がしない』でしょう。」,
,フレーズ・慣用句型,床を滑るスリッパ,スムーズに抵抗なく動く様子,すいすい,すいすい (抵抗なくスムーズに動く),すいすい (物事が滞りなく順調に進む),事業が順調に進む経営者,「床を滑るスリッパ」とかけて、「事業が順調に進む経営者」と解く。その心は「どちらも『すいすい』でしょう。」,
,完全な同音異義語型,凍えそうな霜柱,地面から柱状に生え、成長する様子,せいちょう,生長,成長,新興企業のビジネス,「凍えそうな霜柱」とかけて、「新興企業のビジネス」と解く。その心は「どちらも『生長』するでしょう。」,
,完全な同音異義語型,凍えそうな霜柱,日が当たると氷が液体に変わる様子,とける,溶ける,解ける,難しい数学の宿題,「凍えそうな霜柱」とかけて、「難しい数学の宿題」と解く。その心は「どちらも『溶ける』でしょう。」,
,多義語型,凍えそうな霜柱,踏むとパリパリと壊れる物理的な状態,くだける,砕ける,砕ける,緊張がほぐれて親しくなった人,「凍えそうな霜柱」とかけて、「緊張がほぐれて親しくなった人」と解く。その心は「どちらも『砕ける』でしょう。」,
,多義語型,凍えそうな霜柱,地面から上へ向かって伸びる物理的な様相,のびる,伸びる,伸びる,業績が好調な会社,「凍えそうな霜柱」とかけて、「業績が好調な会社」と解く。その心は「どちらも『伸びる』でしょう。」,
,フレーズ・慣用句型,凍えそうな霜柱,踏むと崩れやすく、足元が不安定になる様子,あしもとがあやうい,足元が危うい,足元が危うい,経営が傾きかけている会社,「凍えそうな霜柱」とかけて、「経営が傾きかけている会社」と解く。その心は「どちらも『足元が危うい』でしょう。」,
,フレーズ・慣用句型,凍えそうな霜柱,日が当たると溶けて、きれいに消え去る様子,あとかたもない,跡形もない,跡形もない,大災害で全てを失った土地,「凍えそうな霜柱」とかけて、「大災害で全てを失った土地」と解く。その心は「どちらも『跡形もない』でしょう。」,
,多義語型,蒸し暑い熱帯雨林,空気が重く、水分が多い状態,しっけ,湿気（湿度が高い状態）,湿気（場の雰囲気が重く、どんよりしている状態）,夫婦げんかの後のリビング,蒸し暑い熱帯雨林とかけて、夫婦げんかの後のリビングと解く。その心は「どちらも湿気ている」でしょう。,
,完全な同音異義語型,蒸し暑い熱帯雨林,木々が密集していて道が見えにくい状態,まよう,迷う（道に迷う）,惑う（判断に困り心が乱れる）,結婚相手を決めかねている人,蒸し暑い熱帯雨林とかけて、結婚相手を決めかねている人と解く。その心は「どちらも迷う」でしょう。,
,フレーズ・慣用句型,蒸し暑い熱帯雨林,植物が豊かに育ち、生命力がある状態,おいしげる,生い茂る（植物が密生して茂る）,生い茂る（事業や財産などが盛んに増える様子）,成長期のベンチャー企業,蒸し暑い熱帯雨林とかけて、成長期のベンチャー企業と解く。その心は「どちらも生い茂る」でしょう。,
,多義語型,蒸し暑い熱帯雨林,空気が重く、呼吸がしにくい感覚,むせる,むせる（熱気や湿気で息が詰まるように感じる）,むせる（食べ物や飲み物が気管に入って咳き込む）,急いでご飯をかき込む人,蒸し暑い熱帯雨林とかけて、急いでご飯をかき込む人と解く。その心は「どちらもむせる」でしょう。,
,完全な同音異義語型,蒸し暑い熱帯雨林,植物が大きく育つこと,せいちょう,生長（植物が育つ）,成長（人間や組織が発達する）,反抗期の子供,蒸し暑い熱帯雨林とかけて、反抗期の子供と解く。その心は「どちらも生長（成長）する」でしょう。,
,フレーズ・慣用句型,蒸し暑い熱帯雨林,非常に暑く、体から汗がとめどなく出る状態,あせがとまらない,汗が止まらない（暑さで体から汗が流れ続ける）,汗が止まらない（緊張や努力などで冷や汗や脂汗がとめどない）,厳しい上司に詰められている新入社員,蒸し暑い熱帯雨林とかけて、厳しい上司に詰められている新入社員と解く。その心は「どちらも汗が止まらない」でしょう。,
,完全な同音異義語型,まぶしい稲妻,光が素早く現れて消える様子,はしる,走る（稲妻が空を走る）,走り（旬の走り、初物）,季節の初物,まぶしい稲妻とかけて、季節の初物と解く。その心は「どちらも『はしる』でしょう。」,
,多義語型,まぶしい稲妻,空から地面に電撃が落ちる,おちる,落ちる（雷が落ちる）,落ちる（汚れが落ちる）,汚れた洗濯物,まぶしい稲妻とかけて、汚れた洗濯物と解く。その心は「どちらも『落ちる』でしょう。」,
,フレーズ・慣用句型,まぶしい稲妻,瞬間的に光ってすぐに消える,ひかってすぐにきえる,光ってすぐに消える（稲妻の現象）,光ってすぐに消える（世間の注目を集めてすぐに忘れられる）,一発屋の芸能人,まぶしい稲妻とかけて、一発屋の芸能人と解く。その心は「どちらも『光ってすぐに消える』でしょう。」,
,完全な同音異義語型,まぶしい稲妻,激しい雷鳴が轟き、空を切り裂く,われる,割れる（雷鳴が轟き、空が割れるように感じる）,割れる（秘密や企みが露呈する）,隠し事が暴かれた状況,まぶしい稲妻とかけて、隠し事が暴かれた状況と解く。その心は「どちらも『割れる』でしょう。」,
,多義語型,まぶしい稲妻,光が筋状に空を走り抜ける,はしる,走る（稲妻が空を走る）,走る（ひびが走る、亀裂が入る）,ひび割れた古い陶器,まぶしい稲妻とかけて、ひび割れた古い陶器と解く。その心は「どちらも『走る』でしょう。」,
,フレーズ・慣用句型,まぶしい稲妻,予期せず、突然現れる,とつぜんあらわれる,突然現れる（稲妻の突発性）,突然現れる（予期せぬ出来事や人物の登場）,サプライズゲスト,まぶしい稲妻とかけて、サプライズゲストと解く。その心は「どちらも『突然現れる』でしょう。」,
,完全な同音異義語型,肌が焼ける日差し,太陽の熱で皮膚が焦げるような状態,やける,焼ける（熱で焦げる）,妬ける（嫉妬する）,恋人同士の仲睦まじい様子を見ている独り身,「肌が焼ける日差し」とかけて、「恋人同士の仲睦まじい様子を見ている独り身」と解く。その心は「どちらも『やける』でしょう。」,
,多義語型,肌が焼ける日差し,太陽光の勢いが激しい状態,つよい,強い（日差しが強い）,強い（能力や実力が優れている）,スポーツのトップリーグで活躍する選手,「肌が焼ける日差し」とかけて、「スポーツのトップリーグで活躍する選手」と解く。その心は「どちらも『強い』でしょう。」,
,フレーズ・慣用句型,肌が焼ける日差し,肌に熱を感じ、痛みが生じること,こげつく,焦げ付く（肌が焼けて黒くなる様）,焦げ付く（借金などで経済的に立ち行かなくなる）,多額の負債を抱えた会社,「肌が焼ける日差し」とかけて、「多額の負債を抱えた会社」と解く。その心は「どちらも『焦げ付く』でしょう。」,
,完全な同音異義語型,肌が焼ける日差し,太陽光線が皮膚に届くこと,さす,差す（日が差す）,刺す（鋭い物で突き通す）,暗闇に潜む危険な獣,「肌が焼ける日差し」とかけて、「暗闇に潜む危険な獣」と解く。その心は「どちらも『刺す』でしょう。」,
,多義語型,肌が焼ける日差し,太陽光が容赦なく降り注ぐ状況,きびしい,厳しい（日差しが厳しい）,厳しい（基準や要求が厳格である）,プロを目指す若者の指導者,「肌が焼ける日差し」とかけて、「プロを目指す若者の指導者」と解く。その心は「どちらも『厳しい』でしょう。」,
,フレーズ・慣用句型,肌が焼ける日差し,太陽光が強く当たり、熱を帯びる様子,やけつく,焼け付く（日差しが強く肌に当たる）,焼け付く（記憶や心に深く刻み込まれる）,忘れられない感動的な体験,「肌が焼ける日差し」とかけて、「忘れられない感動的な体験」と解く。その心は「どちらも『焼け付く』でしょう。」,
,完全な同音異義語型,恐ろしい地鳴り,地面から音や振動が「発生する」こと。,はっせい,発生（地鳴りが発生する）,発声（声を出すこと）,合唱団の練習,「恐ろしい地鳴り」とかけて、「合唱団の練習」と解く。その心は『どちらも「はっせい」でしょう。』,
,完全な同音異義語型,恐ろしい地鳴り,大地が「鳴る」音。,なる,鳴る（地鳴りが鳴る）,成る（実が成る、目標が達成される）,努力が報われた農家の収穫,「恐ろしい地鳴り」とかけて、「努力が報われた農家の収穫」と解く。その心は『どちらも「なる」でしょう。』,
,多義語型,恐ろしい地鳴り,大地が「動く」、あるいは「揺れる」こと。,うごく,動く（大地が動く、揺れる）,動く（物事が進展する、計画が進行する）,停滞していたプロジェクト,「恐ろしい地鳴り」とかけて、「停滞していたプロジェクト」と解く。その心は『どちらも「動く」でしょう。』,
,多義語型,恐ろしい地鳴り,地面が「揺れる」、不安を煽る「振動」。,ゆれる,揺れる（地面が揺れる）,揺れる（感情が揺れる、心が揺れる）,好きな人への告白を迷う気持ち,「恐ろしい地鳴り」とかけて、「好きな人への告白を迷う気持ち」と解く。その心は『どちらも「揺れる」でしょう。』,
,フレーズ・慣用句型,恐ろしい地鳴り,大地が「唸る」ような、低く不気味な音。,うなる,唸る（大地が唸る）,唸る（苦痛や思案で声を出す、感嘆する）,難しい宿題に頭を抱える子供,「恐ろしい地鳴り」とかけて、「難しい宿題に頭を抱える子供」と解く。その心は『どちらも「唸る」でしょう。』,
,フレーズ・慣用句型,恐ろしい地鳴り,不吉な出来事の「前兆」や、「危機が迫る」ような感覚。,せまる,迫る（危機が迫る、地鳴りが迫る）,迫る（期限が迫る、相手に質問を迫る）,締切が迫ったライター,「恐ろしい地鳴り」とかけて、「締切が迫ったライター」と解く。その心は『どちらも「迫る」でしょう。』,
,完全な同音異義語型,生暖かい春一番,風が吹く、埃や塵を吹き飛ばす,ふく,風が吹く,汚れを拭く,汚れたテーブル,生暖かい春一番とかけて、汚れたテーブルと解く。その心は「どちらも『ふく』でしょう」。,
,多義語型,生暖かい春一番,冬の寒さや緊張が和らぐ、心が解放される,ゆるむ,寒さが緩む,財布の紐が緩む,バーゲンセール中の店,生暖かい春一番とかけて、バーゲンセール中の店と解く。その心は「どちらも『財布の紐が緩む』でしょう」。,
,フレーズ・慣用句型,生暖かい春一番,季節の終わりを告げる、変化の兆し,おわりをつげる,冬の終わりを告げる,別れを告げる,卒業式,生暖かい春一番とかけて、卒業式と解く。その心は「どちらも『別れを告げる』でしょう」。,
,完全な同音異義語型,生暖かい春一番,風によって埃や花びらが動き回る,まう,埃や花びらが舞う,舞台で舞う,バレリーナ,生暖かい春一番とかけて、バレリーナと解く。その心は「どちらも『舞う』でしょう」。,
,多義語型,生暖かい春一番,暖かさや春の訪れが広範囲に影響を与える,とどく,暖かさや春の訪れが届く,願いが届く,神社でお参りする人,生暖かい春一番とかけて、神社でお参りする人と解く。その心は「どちらも『願いが届く』でしょう」。,
,フレーズ・慣用句型,生暖かい春一番,冬の終わりと共に植物が成長を始める,めをだす,植物が芽を出す,才能が芽を出す,長年努力を続けた人,生暖かい春一番とかけて、長年努力を続けた人と解く。その心は「どちらも『芽を出す』でしょう」。,
,完全な同音異義語型,息苦しい黄砂,呼吸が困難になる,いきづまる,息が詰まる,行き詰まる,企画が行き詰まる企画担当者,息苦しい黄砂とかけて、企画が行き詰まる企画担当者と解く。その心は「どちらも息詰まる」でしょう。,
,完全な同音異義語型,息苦しい黄砂,黄砂が空中に飛散する,まう,舞う,舞う,舞台で華麗に舞うダンサー,息苦しい黄砂とかけて、舞台で華麗に舞うダンサーと解く。その心は「どちらも舞う」でしょう。,
,多義語型,息苦しい黄砂,黄砂で視界が遮られ遠くまで見えない,みとおしがわるい,見通しが悪い,見通しが悪い,業績不振で先行きが見えない企業,息苦しい黄砂とかけて、業績不振で先行きが見えない企業と解く。その心は「どちらも見通しが悪い」でしょう。,
,多義語型,息苦しい黄砂,健康への影響や生活への不便さが重荷になる,ふたんがかかる,負担がかかる,負担がかかる,高額なローン返済で家計に負担がかかる家庭,息苦しい黄砂とかけて、高額なローン返済で家計に負担がかかる家庭と解く。その心は「どちらも負担がかかる」でしょう。,
,フレーズ・慣用句型,息苦しい黄砂,黄砂によって大気が汚れて呼吸しにくい,くうきがわるい,空気が悪い,空気が悪い,意見対立が続く会議室,息苦しい黄砂とかけて、意見対立が続く会議室と解く。その心は「どちらも空気が悪い」でしょう。,
,フレーズ・慣用句型,息苦しい黄砂,黄砂の影響で外出や活動が制限される,みうごきがとれない,身動きが取れない,身動きが取れない,多額の負債を抱え、身動きが取れない会社経営者,息苦しい黄砂とかけて、多額の負債を抱え、身動きが取れない会社経営者と解く。その心は「どちらも身動きが取れない」でしょう。,
,完全な同音異義語型,痛いほどのあられ,激しく降る様子,はげしい,激しい,禿げしい,悩んでいる男性,痛いほどのあられとかけて、悩んでいる男性と解く。その心は「どちらも激しい」でしょう。,
,完全な同音異義語型,痛いほどのあられ,地面に降り積もる様子,つもる,積もる,募る,好きな人に片思い中の人,痛いほどのあられとかけて、好きな人に片思い中の人と解く。その心は「どちらも積もる」でしょう。,
,多義語型,痛いほどのあられ,体や物に衝突すること,あたる,当たる,当たる,予言者,痛いほどのあられとかけて、予言者と解く。その心は「どちらも当たる」でしょう。,
,多義語型,痛いほどのあられ,空から落ちてくること,ふる,降る,振る,恋人と別れたばかりの人,痛いほどのあられとかけて、恋人と別れたばかりの人と解く。その心は「どちらも振る」でしょう。,
,フレーズ・慣用句型,痛いほどのあられ,地面や物に強く衝突する物理的動作,たたく,叩く,叩く,市場で値切る客,痛いほどのあられとかけて、市場で値切る客と解く。その心は「どちらも叩く」でしょう。,
,フレーズ・慣用句型,痛いほどのあられ,降り注ぐ力の強さ,いきおいがある,勢いがある,勢いがある,新進気鋭の若手起業家,痛いほどのあられとかけて、新進気鋭の若手起業家と解く。その心は「どちらも勢いがある」でしょう。,
,多義語型,磯の香りがする潮風,磯の香りを遠くまで届ける,はこぶ,運ぶ,運ぶ,わざわざ遠方まで足を運ぶ客,磯の香りがする潮風とかけて、わざわざ遠方まで足を運ぶ客と解く。その心は『どちらも「運ぶ」』でしょう。,
,多義語型,磯の香りがする潮風,空間を通り抜けてくる,とおる,通る,通る,会議で自分の意見が認められた人,磯の香りがする潮風とかけて、会議で自分の意見が認められた人と解く。その心は『どちらも「通る」』でしょう。,
,完全な同音異義語型,磯の香りがする潮風,勢いよく風が吹く,ふく,吹く,拭く,高い場所で働く窓拭き職人,磯の香りがする潮風とかけて、高い場所で働く窓拭き職人と解く。その心は『どちらも「ふく」』でしょう。,
,完全な同音異義語型,磯の香りがする潮風,海の潮の成分が含まれる,しお,潮,塩,料理に欠かせない調味料,磯の香りがする潮風とかけて、料理に欠かせない調味料と解く。その心は『どちらも「しお」』でしょう。,
,フレーズ・慣用句型,磯の香りがする潮風,冷たさや心地よさが肌に深く届く,みにしみる,身に染みる,身に染みる,長年の親不孝を反省し、親のありがたみを感じた息子,磯の香りがする潮風とかけて、長年の親不孝を反省し、親のありがたみを感じた息子と解く。その心は『どちらも「身に染みる」』でしょう。,
,フレーズ・慣用句型,磯の香りがする潮風,海の様子や季節の移ろいを伝えてくれる,たより,便り,頼り,困ったときに心の支えとなる友人,磯の香りがする潮風とかけて、困ったときに心の支えとなる友人と解く。その心は『どちらも「たより」』でしょう。,
,完全な同音異義語型,身震いする寒波,体が凍え、最悪の場合死に至るほどの寒さ,とうし,凍死（寒さで命を落とすこと）,投資（将来のために資本を投じること）,会社の将来を真剣に考える経営者,「身震いする寒波」とかけて、「会社の将来を真剣に考える経営者」と解く。その心は「どちらも『とうし』でしょう。」,
,完全な同音異義語型,身震いする寒波,肌に感じる冷たい空気,れいき,冷気（身を切るような冷たい空気）,霊気（神秘的な場所から発せられる気配）,パワースポットで感じる神秘的なエネルギー,「身震いする寒波」とかけて、「パワースポットで感じる神秘的なエネルギー」と解く。その心は「どちらも『冷気/霊気』でしょう。」,
,多義語型,身震いする寒波,寒さで体が動かなくなり、こわばる状態,かたまる,固まる（寒さで体がこわばること）,固まる（考えや方針が定まること）,新しい事業の戦略を練る経営者,「身震いする寒波」とかけて、「新しい事業の戦略を練る経営者」と解く。その心は「どちらも『考えが固まる』でしょう。」,
,多義語型,身震いする寒波,寒さで体が物理的に小さくまとまるような感覚,ちぢむ,縮む（寒さで体が縮こまるような状態）,縮む（目標との距離が短くなること）,目標達成までの距離を詰めるアスリート,「身震いする寒波」とかけて、「目標達成までの距離を詰めるアスリート」と解く。その心は「どちらも『縮む』でしょう。」,
,フレーズ・慣用句型,身震いする寒波,寒さで皮膚に鳥肌が立つこと,とりはだがたつ,鳥肌が立つ（寒さで皮膚が粟立つ状態）,鳥肌が立つ（恐怖や感動で体が震えること）,ホラー映画を観る人,「身震いする寒波」とかけて、「ホラー映画を観る人」と解く。その心は「どちらも『鳥肌が立つ』でしょう。」,
,フレーズ・慣用句型,身震いする寒波,寒さが体中に突き刺さるような感覚,みをきる,身を切る（寒さが体に厳しく感じられる様子）,身を切る（苦渋の決断や痛みを伴う改革を行うこと）,会社の経営を立て直すために苦渋の決断をする社長,「身震いする寒波」とかけて、「会社の経営を立て直すために苦渋の決断をする社長」と解く。その心は「どちらも『身を切る』でしょう。」,
,完全な同音異義語型,ジメジメした梅雨,湿度が高い、じっとりとしている,しめり,湿り,締まり,金欠の人の財布の紐,「ジメジメした梅雨」とかけて、「金欠の人の財布の紐」と解く。その心は「どちらも『湿り』が良いでしょう。」,
,完全な同音異義語型,ジメジメした梅雨,雨が降る、水滴が落ちる,ふる,降る,振る,サイコロを投げる人,「ジメジメした梅雨」とかけて、「サイコロを投げる人」と解く。その心は「どちらも『降る』でしょう。」,
,多義語型,ジメジメした梅雨,洗濯物が乾かない、水分が蒸発しない,かわかない,乾かない（洗濯物が）,乾かない（喉が）,水分を十分に摂ったばかりの人,「ジメジメした梅雨」とかけて、「水分を十分に摂ったばかりの人」と解く。その心は「どちらも『乾かない』でしょう。」,
,多義語型,ジメジメした梅雨,物理的に湿っぽく、不快な状態,じめじめする,ジメジメする（物理的な状態）,ジメジメする（気分や雰囲気が陰気な状態）,いつも愚痴ばかり言っている陰気な人,「ジメジメした梅雨」とかけて、「いつも愚痴ばかり言っている陰気な人」と解く。その心は「どちらも『ジメジメする』でしょう。」,
,フレーズ・慣用句型,ジメジメした梅雨,空が灰色で、太陽が見えない,そらがどんよりしている,空がどんよりしている（天候の状態）,空がどんよりしている（気分や心の状態）,悩み事を抱えて気分が晴れない人の心,「ジメジメした梅雨」とかけて、「悩み事を抱えて気分が晴れない人の心」と解く。その心は「どちらも『空がどんよりしている』でしょう。」,
,フレーズ・慣用句型,ジメジメした梅雨,湿度が高く、カビが発生しやすい,かびがはえる,カビが生える（物理的に）,カビが生える（考え方や習慣が古くなる比喩）,新しいものを受け入れない古い考え方にとらわれた人,「ジメジメした梅雨」とかけて、「新しいものを受け入れない古い考え方にとらわれた人」と解く。その心は「どちらも『カビが生える』でしょう。」,
,完全な同音異義語型,不気味な皆既日食,太陽が月に隠れ、その一部が「欠ける」様子,かける,欠ける（天体が）,賭ける（勝負事）,勝負師,不気味な皆既日食とかけて、勝負師と解く。その心は『どちらも「かける」でしょう。』,
,多義語型,不気味な皆既日食,太陽の光が途絶え、あたりが「暗くなる」こと,くらくなる,暗くなる（空が）,暗くなる（将来や心が）,将来に悲観的な人,不気味な皆既日食とかけて、将来に悲観的な人と解く。その心は『どちらも「暗くなる」でしょう。』,
,フレーズ・慣用句型,不気味な皆既日食,太陽が月によって完全に「覆い隠される」様子,おおいかくされる,覆い隠される（天体が）,覆い隠される（秘密や真実が）,不祥事を隠蔽しようとする組織,不気味な皆既日食とかけて、不祥事を隠蔽しようとする組織と解く。その心は『どちらも「覆い隠される」でしょう。』,
,完全な同音異義語型,不気味な皆既日食,太陽が月によって「食われる」かのように見える様子,くわれる,食われる（天体が）,食われる（競争に負けて市場や地位を奪われる）,競合他社にシェアを奪われた企業,不気味な皆既日食とかけて、競合他社にシェアを奪われた企業と解く。その心は『どちらも「食われる」でしょう。』,
,多義語型,不気味な皆既日食,めったに見られない「貴重な」天文現象であること,きちょう,貴重（現象が）,貴重（価値が高いもの、大事なもの）,失われつつある歴史的遺産,不気味な皆既日食とかけて、失われつつある歴史的遺産と解く。その心は『どちらも「貴重」でしょう。』,
,フレーズ・慣用句型,不気味な皆既日食,太陽の光が途絶え、周囲が「しーんとする」ほど静まり返ること,しーんとする,しーんとする（周囲が）,しーんとする（会議や会場の雰囲気が）,アイデアが出ない企画会議,不気味な皆既日食とかけて、アイデアが出ない企画会議と解く。その心は『どちらも「しーんとする」でしょう。』,
,完全な同音異義語型,轟音が響く雪崩,雪が大量に山から**落下する**様子,らっか,落下,落花,桜並木,「轟音が響く雪崩」とかけて、「桜並木」と解く。その心は「どちらも『落下（落花）』でしょう。」,
,完全な同音異義語型,轟音が響く雪崩,雪が大量に**押し寄せる**様子,くる,来る,繰る,図書館の司書,「轟音が響く雪崩」とかけて、「図書館の司書」と解く。その心は「どちらも『来る（繰る）』でしょう。」,
,多義語型,轟音が響く雪崩,勢いが強くて**止まらない**様子,とまらない,止まらない,止まらない,興奮したファンの会話,「轟音が響く雪崩」とかけて、「興奮したファンの会話」と解く。その心は「どちらも『止まらない』でしょう。」,
,多義語型,轟音が響く雪崩,視界を遮り、一面が**真っ白になる**様子,まっしろ,真っ白,真っ白,試験中の学生,「轟音が響く雪崩」とかけて、「試験中の学生」と解く。その心は「どちらも『真っ白』でしょう。」,
,フレーズ・慣用句型,轟音が響く雪崩,勢いが強すぎて**手が付けられない**様子,てがつけられない,手が付けられない,手が付けられない,いたずら盛りの子供,「轟音が響く雪崩」とかけて、「いたずら盛りの子供」と解く。その心は「どちらも『手が付けられない』でしょう。」,
,フレーズ・慣用句型,轟音が響く雪崩,発生すると**なすすべがない**、抗えない状況,なすすべがない,なすすべがない,なすすべがない,絶体絶命のピンチに陥った人,「轟音が響く雪崩」とかけて、「絶体絶命のピンチに陥った人」と解く。その心は「どちらも『なすすべがない』でしょう。」,
,完全な同音異義語型,目が痛くなる紫外線,目へのダメージによって不快な感覚や身体的な不調（痛み）が生じる。,いたみ,痛み（身体的な苦痛）,傷み（食べ物や物が腐敗・劣化すること）,古くなった食品,「目が痛くなる紫外線」とかけて、「古くなった食品」と解く。その心は『どちらも「痛み」が気になるでしょう。』,
,完全な同音異義語型,目が痛くなる紫外線,そのメカニズムや目への影響について、科学的に「解明」が進められている。,かいめい,解明（不明な点を明らかにする）,開明（新しい知識や思想によって世の中が開けること）,知識や文明が発展すること,「目が痛くなる紫外線」とかけて、「知識や文明が発展すること」と解く。その心は『どちらも「開明」が必要でしょう。』,
,多義語型,目が痛くなる紫外線,目に対する有害な影響から、しっかりと「守る」対策が必要である。,まもる,守る（危険から防御する）,守る（約束やルール、地域の秩序を遵守する）,地域の安全を守る警察官,「目が痛くなる紫外線」とかけて、「地域の安全を守る警察官」と解く。その心は『どちらも「守る」ことが大切でしょう。』,
,多義語型,目が痛くなる紫外線,そのエネルギーが非常に「強い」ため、目への影響も大きい。,つよい,強い（物理的な力や光の強度）,強い（精神的に頑丈で、困難に屈しない）,どんな困難にも立ち向かう人,「目が痛くなる紫外線」とかけて、「どんな困難にも立ち向かう人」と解く。その心は『どちらも「強い」でしょう。』,
,フレーズ・慣用句型,目が痛くなる紫外線,痛みや不快感で視界が辛く、文字通り「目が一杯」になるような感覚に陥ることがある。,めがいっぱい,目が一杯（視界が不快感で満たされる状態）,目が一杯（仕事や物事が多くて手が回らない状態）,忙しすぎるビジネスパーソン,「目が痛くなる紫外線」とかけて、「忙しすぎるビジネスパーソン」と解く。その心は『どちらも「目が一杯」になるでしょう。』,
,フレーズ・慣用句型,目が痛くなる紫外線,物体や人間に「光が当たる」ことで、その影響を与える。,ひかりにあたる,光に当たる（物理的に光を浴びる）,光に当たる（注目を浴びる、表舞台に出る）,スポットライトを浴びる俳優,「目が痛くなる紫外線」とかけて、「スポットライトを浴びる俳優」と解く。その心は『どちらも「光に当たる」でしょう。』,
,完全な同音異義語型,湿っぽい霧,あたりを覆い隠す、水滴となる,きり,霧,錐,木材に穴を開ける職人,湿っぽい霧とかけて、木材に穴を開ける職人と解く。その心は『どちらも「きり」（霧/錐）でしょう。』,
,完全な同音異義語型,湿っぽい霧,視界を覆い、隠す,おおう,覆う,負う,責任感の強いリーダー,湿っぽい霧とかけて、責任感の強いリーダーと解く。その心は『どちらも「負う（覆う）」でしょう。』,
,多義語型,湿っぽい霧,視界がぼやける、空が暗くなる,くもる,曇る,曇る,悲しいニュースを聞いた人の顔,湿っぽい霧とかけて、悲しいニュースを聞いた人の顔と解く。その心は『どちらも「曇る」でしょう。』,
,多義語型,湿っぽい霧,草木や地面を湿らせる,ぬれる,濡れる,濡れる,汚職事件に関与した政治家,湿っぽい霧とかけて、汚職事件に関与した政治家と解く。その心は『どちらも「濡れる」でしょう。』,
,フレーズ・慣用句型,湿っぽい霧,物理的に遠くが見えない状態,みとおしがわるい,見通しが悪い,見通しが悪い,経営が悪化した会社,湿っぽい霧とかけて、経営が悪化した会社と解く。その心は『どちらも「見通しが悪い」でしょう。』,
,フレーズ・慣用句型,湿っぽい霧,なかなか消えず、辺りを覆い続ける,はれないきぶん,晴れない,晴れない気分,失恋したばかりの人,湿っぽい霧とかけて、失恋したばかりの人と解く。その心は『どちらも「晴れない気分」でしょう。』,
,完全な同音異義語型,汗が止まらない猛暑日,汗がだらだらと流れ落ちる様子,たらたら,汗が『たらたら』と流れる,『たらたら』と仕事をする（怠惰な様子）,怠け者の社員,汗が止まらない猛暑日とかけて、怠け者の社員と解く。その心は『どちらも『たらたら』でしょう。』,
,完全な同音異義語型,汗が止まらない猛暑日,体を冷やす必要がある,ひやす,体を『冷やす』,人を『冷やかす』,人の恋路を邪魔する人,汗が止まらない猛暑日とかけて、人の恋路を邪魔する人と解く。その心は『どちらも『冷やす（冷やかす）』でしょう。』,
,多義語型,汗が止まらない猛暑日,汗が水滴となって流れ落ちる様子,したたる,汗が『滴る』,魅力や色気が『滴る』,魅力あふれる大人の女性,汗が止まらない猛暑日とかけて、魅力あふれる大人の女性と解く。その心は『どちらも『したたる』でしょう。』,
,多義語型,汗が止まらない猛暑日,体内の水分が失われ、喉の渇きを感じる,かわく,喉が『乾く』,心が『乾く』（感情が乏しい様子）,人情味のない経営者,汗が止まらない猛暑日とかけて、人情味のない経営者と解く。その心は『どちらも『かわく』でしょう。』,
,フレーズ・慣用句型,汗が止まらない猛暑日,大量の汗を体から放出する,あせをかく,文字通り『汗をかく』,苦労して努力する様子を表す『汗をかく』,受験勉強に励む学生,汗が止まらない猛暑日とかけて、受験勉強に励む学生と解く。その心は『どちらも『汗をかく』でしょう。』,
,フレーズ・慣用句型,汗が止まらない猛暑日,気温が非常に高く、熱いと感じる,あつい,気温が『暑い』,愛情や友情が強く『熱い』,親密な関係のカップル,汗が止まらない猛暑日とかけて、親密な関係のカップルと解く。その心は『どちらも『熱い』でしょう。』,
,完全な同音異義語型,耳鳴りがする高気圧,耳鳴りの音が耳に残り、意識が向く,きになる,気になる（耳鳴りの音が『気になる』）,気になる（好きな相手のことが『気になる』）,好きな人との初デート,「耳鳴りがする高気圧」とかけて、「好きな人との初デート」と解く。その心は「どちらも『気になる』でしょう。」,
,完全な同音異義語型,耳鳴りがする高気圧,耳鳴りの音が耳の中で大きく鳴り続ける,ひびく,響く（耳鳴りの音が耳に『響く』）,響く（感動的な歌声が心に『響く』）,感動的な歌声,「耳鳴りがする高気圧」とかけて、「感動的な歌声」と解く。その心は「どちらも『響く』でしょう。」,
,多義語型,耳鳴りがする高気圧,耳に圧迫感があり、音がこもって聞こえるような状態,つまる,詰まる（耳が『詰まる』感じ）,詰まる（スケジュールがパンパンに『詰まる』）,スケジュールがパンパンのビジネスパーソン,「耳鳴りがする高気圧」とかけて、「スケジュールがパンパンのビジネスパーソン」と解く。その心は「どちらも『詰まる』でしょう。」,
,多義語型,耳鳴りがする高気圧,耳鳴りの音が頭の中で鳴り止まず、落ち着かない状態,さわがしい,騒がしい（耳鳴りのせいで頭の中が『騒がしい』）,騒がしい（多くの人が集まって『騒がしい』）,選挙前の街頭演説会場,「耳鳴りがする高気圧」とかけて、「選挙前の街頭演説会場」と解く。その心は「どちらも『騒がしい』でしょう。」,
,フレーズ・慣用句型,耳鳴りがする高気圧,耳鳴りのせいで、周りの音や声がはっきりと聞こえない,ききとれない,聞き取れない（耳鳴りのせいで周りの音が『聞き取れない』）,聞き取れない（字幕なしではセリフが『聞き取れない』）,字幕なしの海外ドラマ,「耳鳴りがする高気圧」とかけて、「字幕なしの海外ドラマ」と解く。その心は「どちらも『聞き取れない』でしょう。」,
,フレーズ・慣用句型,耳鳴りがする高気圧,耳鳴りや高気圧の影響で、頭部に不快感や重さを感じる,あたまがおもい,頭が重い（耳鳴りの不快感で『頭が重い』感じがする）,頭が重い（解決すべき課題が多くて『頭が重い』）,難解な哲学書を読んでいる学生,「耳鳴りがする高気圧」とかけて、「難解な哲学書を読んでいる学生」と解く。その心は「どちらも『頭が重い』でしょう。」,
,完全な同音異義語型,息が白くなる冬の朝,吐く息が白く見える状態,しろくなる,白くなる,城になる,段ボール箱を組み立てて遊ぶ子供,「息が白くなる冬の朝」とかけて、「段ボール箱を組み立てて遊ぶ子供」と解く。その心は「どちらも『しろくなる』でしょう。」,
,完全な同音異義語型,息が白くなる冬の朝,体が寒さで凍えるような感覚,こおる,凍る,凝る,デスクワークで疲れている会社員,「息が白くなる冬の朝」とかけて、「デスクワークで疲れている会社員」と解く。その心は「どちらも『こおる』でしょう。」,
,多義語型,息が白くなる冬の朝,気温が低いことによる寒さ,さむい,寒い,寒い（面白くない）,場を凍りつかせるつまらない冗談を言う人,「息が白くなる冬の朝」とかけて、「場を凍りつかせるつまらない冗談を言う人」と解く。その心は「どちらも『寒い』でしょう。」,
,多義語型,息が白くなる冬の朝,空気が澄んで景色がはっきりと見える,くっきり,くっきり,くっきり（特徴が際立っている）,優れたデザインのポスター,「息が白くなる冬の朝」とかけて、「優れたデザインのポスター」と解く。その心は「どちらも『くっきり』でしょう。」,
,フレーズ・慣用句型,息が白くなる冬の朝,身を切るような厳しい寒さ,みをきる,身を切る,身を切る（ような辛い決断）,苦渋の決断をする経営者,「息が白くなる冬の朝」とかけて、「苦渋の決断をする経営者」と解く。その心は「どちらも『身を切る』でしょう。」,
,フレーズ・慣用句型,息が白くなる冬の朝,寒さで背筋が凍るような感覚,せすじがこおる,背筋が凍る,背筋が凍る（恐怖で）,ホラー映画を見た後の人,「息が白くなる冬の朝」とかけて、「ホラー映画を見た後の人」と解く。その心は「どちらも『背筋が凍る』でしょう。」,
,完全な同音異義語型,土の匂いがする通り雨,空から水滴が降り落ちる,ふる,降る,振る,旗手,土の匂いがする通り雨とかけて、旗手と解く。その心は「どちらも『ふる』でしょう。」,
,多義語型,土の匂いがする通り雨,地面から立ち上る独特の香り,におい,匂い (香り),匂い (怪しい気配),勘の鋭い刑事,土の匂いがする通り雨とかけて、勘の鋭い刑事と解く。その心は「どちらも『事件の匂い』をかぎつけるでしょう。」,
,フレーズ・慣用句型,土の匂いがする通り雨,地面に浸透していく様子,しみる,地面に染みる,心に染みる,親切な行為,土の匂いがする通り雨とかけて、親切な行為と解く。その心は「どちらも『じんわりと心に染みる』でしょう。」,
,完全な同音異義語型,土の匂いがする通り雨,雨によって地面が水分を含む,しめる,湿る,占める,人気劇場の座席,土の匂いがする通り雨とかけて、人気劇場の座席と解く。その心は「どちらも『満員御礼で席を占める』でしょう。」,
,多義語型,土の匂いがする通り雨,予測不能で突然現れる現象,あらわれる,現れる (姿を見せる),現れる (本性),人の本性,土の匂いがする通り雨とかけて、人の本性と解く。その心は「どちらも『突然現れる』でしょう。」,
,フレーズ・慣用句型,土の匂いがする通り雨,地表の汚れを洗い落とす働き,あらいながす,洗い流す (物理的に),洗い流す (精神的に),過去の失敗,土の匂いがする通り雨とかけて、過去の失敗と解く。その心は「どちらも『きれいに洗い流す』でしょう。」,
,完全な同音異義語型,髪が乱れる突風,瞬間的に強い力で物を飛ばす,ふきとばす,吹き飛ばす,拭き飛ばす,汚れた机を雑巾で拭き飛ばす人,髪が乱れる突風とかけて、汚れた机を雑巾で拭き飛ばす人と解く。その心は「どちらも『ふきとばす』でしょう」。,
,完全な同音異義語型,髪が乱れる突風,どこからともなく突然に現れる,あらわれる,現れる,表れる,顔に感情がはっきりと表れる人,髪が乱れる突風とかけて、顔に感情がはっきりと表れる人と解く。その心は「どちらも『あらわれる』でしょう」。,
,多義語型,髪が乱れる突風,周囲のものを巻き込むように吹き荒れる,まきこむ,巻き込む,巻き込む,他者をトラブルに巻き込む人,髪が乱れる突風とかけて、他者をトラブルに巻き込む人と解く。その心は「どちらも『巻き込む』でしょう」。,
,多義語型,髪が乱れる突風,予想できない突然の動き,きゅうな,急な,急な,傾斜が厳しい急な坂道,髪が乱れる突風とかけて、傾斜が厳しい急な坂道と解く。その心は「どちらも『急な』でしょう」。,
,フレーズ・慣用句型,髪が乱れる突風,一瞬にしてその場からいなくなる,すがたをけす,姿を消す,姿を消す,犯行後に現場から姿を消す容疑者,髪が乱れる突風とかけて、犯行後に現場から姿を消す容疑者と解く。その心は「どちらも『姿を消す』でしょう」。,
,フレーズ・慣用句型,髪が乱れる突風,素早くある場所を通過する,とおりすぎる,通り過ぎる,通り過ぎる,目的地を通り過ぎるバスの乗客,髪が乱れる突風とかけて、目的地を通り過ぎるバスの乗客と解く。その心は「どちらも『通り過ぎる』でしょう」。,
,多義語型,美しさに涙するオーロラ,夜空に光のカーテンのような「幕」が張られる,まく,幕（夜空に広がる光のカーテンのよう）,幕（劇場の舞台で上がる布製の「幕」）,大劇場の舞台,美しさに涙するオーロラとかけて、大劇場の舞台と解く。その心は「どちらも感動の『幕』が開くでしょう。」,
,フレーズ・慣用句型,美しさに涙するオーロラ,夜空で光が優雅に「空に舞う」,そらにまう,空に舞う（光が夜空を舞い踊るように見える）,空に舞う（紙吹雪や花びらが宙を舞う）,卒業式の紙吹雪,美しさに涙するオーロラとかけて、卒業式の紙吹雪と解く。その心は「どちらも感動を祝して『空に舞う』でしょう。」,
,完全な同音異義語型,美しさに涙するオーロラ,雄大な『空』に現れる,そら,空（夜空に広がる光の現象）,そら（野菜の一種である「そら豆」）,そら豆,美しさに涙するオーロラとかけて、そら豆と解く。その心は「どちらも『空』に現れる（実る）でしょう。」,
,多義語型,美しさに涙するオーロラ,その美しさで人の心を「動かす」,うごかす,動かす（見る人の心を感動させる）,動かす（物理的に物体を移動させる）,引っ越し業者,美しさに涙するオーロラとかけて、引っ越し業者と解く。その心は「どちらも人の心を『動かす』でしょう。」,
,完全な同音異義語型,美しさに涙するオーロラ,常にその「形」を変える,かたち,形（光のカーテンが様々な形に変化する様子）,型（クッキーなどを成形するための道具や、完成した姿）,型抜きクッキー,美しさに涙するオーロラとかけて、型抜きクッキーと解く。その心は「どちらも様々な『形』を見せる（作る）でしょう。」,
,フレーズ・慣用句型,美しさに涙するオーロラ,あまりの美しさに「心を奪われる」,こころをうばわれる,心を奪われる（感動して見とれる）,心を奪われる（恋に落ちたり、夢中になったりする）,初恋の人,美しさに涙するオーロラとかけて、初恋の人と解く。その心は「どちらも出会った瞬間に『心を奪われる』でしょう。」,
,完全な同音異義語型,ドキッとする落雷,雷の音が「急に大きく響く」こと,なる,雷が鳴る,目標が成る,長年の夢を追いかける人,「ドキッとする落雷」とかけて、「長年の夢を追いかける人」と解く。その心は「どちらも『目標が成る(鳴る)』でしょう。」,
,完全な同音異義語型,ドキッとする落雷,その現象が「電気」を伴うこと,でんき,電気（雷の電気）,伝記（偉人の伝記）,偉人の生涯をまとめた本,「ドキッとする落雷」とかけて、「偉人の生涯をまとめた本」と解く。その心は「どちらも『電気(伝記)』でしょう。」,
,多義語型,ドキッとする落雷,突然の物理的な「強い刺激」,しょうげき,衝撃（物理的な強い刺激）,衝撃（精神的な強い刺激）,信じていた人に裏切られた時,「ドキッとする落雷」とかけて、「信じていた人に裏切られた時」と解く。その心は「どちらも『衝撃』でしょう。」,
,多義語型,ドキッとする落雷,稲妻が「光の線となって素早く動く」様子,はしる,稲妻が走る,人が走る,運動会の徒競走,「ドキッとする落雷」とかけて、「運動会の徒競走」と解く。その心は「どちらも『走る』でしょう。」,
,フレーズ・慣用句型,ドキッとする落雷,文字通り「空から地上へ向かって落ちてくる」こと,てんからふる,天から降る（空から落ちてくる）,天から降る（思いがけない幸運が訪れる）,宝くじに当たった人,「ドキッとする落雷」とかけて、「宝くじに当たった人」と解く。その心は「どちらも『天から降る』でしょう。」,
,フレーズ・慣用句型,ドキッとする落雷,光や音が「極めて短い時間で発生し消える」こと,いっしゅん,一瞬（現象の短さ）,一瞬（勝敗を分ける決定的な時間）,スポーツの試合で勝敗が決まる時,「ドキッとする落雷」とかけて、「スポーツの試合で勝敗が決まる時」と解く。その心は「どちらも『一瞬』でしょう。」,
,完全な同音異義語型,憂鬱な長雨,長雨が続き、終わりが見えない状態,あかない,なかなか明けない,穴が空かない,ドーナツ屋,「憂鬱な長雨」とかけて、「ドーナツ屋」と解く。その心は『どちらもなかなか「あかない」でしょう。』,
,完全な同音異義語型,憂鬱な長雨,湿気が多く、気分が沈む,しめる,気分が湿る,戸を閉める,家に泥棒が入った人,「憂鬱な長雨」とかけて、「家に泥棒が入った人」と解く。その心は『どちらも「しめる」に閉め忘れがないか気にするでしょう。』,
,多義語型,憂鬱な長雨,天候がはっきりせず、気分が沈む,ふるわない,天気が振るわない,成績が振るわない,期末テストで赤点を取った学生,「憂鬱な長雨」とかけて、「期末テストで赤点を取った学生」と解く。その心は『どちらも「ふるわない」でしょう。』,
,多義語型,憂鬱な長雨,天候がすっきりせず、どんよりしている,さえない,天気が冴えない,顔色が冴えない,寝不足の受験生,「憂鬱な長雨」とかけて、「寝不足の受験生」と解く。その心は『どちらも「冴えない」でしょう。』,
,フレーズ・慣用句型,憂鬱な長雨,雨が止まず、際限がない状態,きりがありません,雨に切りがありません,仕事に切りがありません,締め切り直前の漫画家,「憂鬱な長雨」とかけて、「締め切り直前の漫画家」と解く。その心は『どちらも「切りがありません」でしょう。』,
,フレーズ・慣用句型,憂鬱な長雨,外出が制限され、家の中にいる状態,おうちにとじこもる,雨でずっとお家にとじこもる,自発的にお家にとじこもる,ゲームに熱中しすぎて引きこもった若者,「憂鬱な長雨」とかけて、「ゲームに熱中しすぎて引きこもった若者」と解く。その心は『どちらも「お家にとじこもる」でしょう。』,
,完全な同音異義語型,肺が冷える隙間風,体調に良くない影響を与える,わるい,悪い（体調に良くない）,悪い（性質や行いが悪質だ）,詐欺師,「肺が冷える隙間風」とかけて、「詐欺師」と解く。その心は『どちらも「悪い」でしょう。』,
,完全な同音異義語型,肺が冷える隙間風,わずかな隙間から建物の中に風が侵入する,はいる,入る（風が室内に入る）,映える（景色や被写体が美しく見える）,プロのカメラマン,「肺が冷える隙間風」とかけて、「プロのカメラマン」と解く。その心は『どちらも「映える」でしょう。』,
,多義語型,肺が冷える隙間風,健康状態を悪化させる原因となる,くずす,崩す（体調を崩す）,崩す（高額紙幣を小銭にする）,自動両替機,「肺が冷える隙間風」とかけて、「自動両替機」と解く。その心は『どちらも「崩す」でしょう。』,
,多義語型,肺が冷える隙間風,外部から勢いよく空気などが送り込まれる,ふきこむ,吹き込む（冷たい風が吹き込む）,吹き込む（音声や情報を記録する）,レコーディングエンジニア,「肺が冷える隙間風」とかけて、「レコーディングエンジニア」と解く。その心は『どちらも「吹き込む」でしょう。』,
,フレーズ・慣用句型,肺が冷える隙間風,寒さが体に深く染み渡るように感じる,みにしみる,身に染みる（寒さが身に染みる）,身に染みる（教えや苦労が深く心に残る）,親のありがたい忠告,「肺が冷える隙間風」とかけて、「親のありがたい忠告」と解く。その心は『どちらも「身に染みる」でしょう。』,
,フレーズ・慣用句型,肺が冷える隙間風,体の健康を悪くする、損ねる,そこなう,損なう（健康を損なう）,損なう（評判や信用を失う）,政治家の不用意な発言,「肺が冷える隙間風」とかけて、「政治家の不用意な発言」と解く。その心は『どちらも「損なう」でしょう。』,
,完全な同音異義語型,鳥肌が立つ冷気,体が冷え切って、芯まで冷たさを感じる状態,しんまでひえる,芯まで冷える,芯まで肥える,豊作で立派に育った大根,「鳥肌が立つ冷気」とかけて、「豊作で立派に育った大根」と解く。その心は『どちらも「芯まで肥える（冷える）」』でしょう。,
,完全な同音異義語型,鳥肌が立つ冷気,寒さで体が縮むように感じる状態,ちぢこまる,縮こまる,恥ぢ籠る,人前で発表するのを嫌がる内気な子供,「鳥肌が立つ冷気」とかけて、「人前で発表するのを嫌がる内気な子供」と解く。その心は『どちらも「恥ぢ籠る（縮こまる）」』でしょう。,
,多義語型,鳥肌が立つ冷気,寒さによって肌や体が物理的に引き締まる,ひきしまる,引き締まる,引き締まる,規律が厳しく、緊張感のある会議,「鳥肌が立つ冷気」とかけて、「規律が厳しく、緊張感のある会議」と解く。その心は『どちらも「場が引き締まる」』でしょう。,
,多義語型,鳥肌が立つ冷気,気温が低く、寒さを感じる,ひえる,冷える,冷える,人気がなくなり、世間から忘れられた芸能人,「鳥肌が立つ冷気」とかけて、「人気がなくなり、世間から忘れられた芸能人」と解く。その心は『どちらも「冷える」でしょう。』,
,フレーズ・慣用句型,鳥肌が立つ冷気,寒さで身動きがとれないほど物理的に凍りつく,かたまる,固まる,固まる,大勢の人が一斉に信号待ちをする交差点,「鳥肌が立つ冷気」とかけて、「大勢の人が一斉に信号待ちをする交差点」と解く。その心は『どちらも「（その場で）固まる」でしょう。』,
,フレーズ・慣用句型,鳥肌が立つ冷気,寒さによって肌にぶつぶつができる状態,とりはだがたつ,鳥肌が立つ,鳥肌が立つ,名演奏で観客を感動させるバイオリニスト,「鳥肌が立つ冷気」とかけて、「名演奏で観客を感動させるバイオリニスト」と解く。その心は『どちらも「鳥肌が立つ」でしょう。』,
,多義語型,水が蒸発する気化,液体が目に見えなくなる,きえる,水が消える,借金が消える,借金まみれの経営者,水が蒸発する気化とかけて、借金まみれの経営者と解く。その心は「どちらも『消える』でしょう」。,
,フレーズ・慣用句型,水が蒸発する気化,液体から気体へと状態が変化する,すがたをかえる,姿を変える,身分を偽って姿を変える,スパイ,水が蒸発する気化とかけて、スパイと解く。その心は「どちらも『姿を変える』でしょう」。,
,完全な同音異義語型,水が蒸発する気化,水蒸気が空へ移動する,のぼる,水蒸気が空へ昇る,山を登る,登山家,水が蒸発する気化とかけて、登山家と解く。その心は「どちらも『のぼる（昇る/登る）』でしょう」。,
,多義語型,水が蒸発する気化,熱エネルギーを受け、温度が上がる,ねつを おびる,熱を帯びる,議論が熱を帯びる,白熱した議論,水が蒸発する気化とかけて、白熱した議論と解く。その心は「どちらも『熱を帯びる』でしょう」。,
,フレーズ・慣用句型,水が蒸発する気化,水が失われ、容器などが乾燥する,ひあがる,水が干上がる,資金が干上がる,資金難の会社,水が蒸発する気化とかけて、資金難の会社と解く。その心は「どちらも『干上がる』でしょう」。,
,完全な同音異義語型,水が蒸発する気化,液体から気体へと状態が変化する,かわる,状態が変わる,誰かの代わりを務める,社長の代理,水が蒸発する気化とかけて、社長の代理と解く。その心は「どちらも『かわる（変わる/代わる）』でしょう」。,
,完全な同音異義語型,星が流れる流星群,星が空を移動する、時間とともに過ぎ去る,ながれ,流れ（星の軌跡や時間の経過）,慣れ（経験による習熟）,ベテランの職人,星が流れる流星群とかけて、ベテランの職人と解く。その心は「どちらも『ながれ』でしょう。」,
,完全な同音異義語型,星が流れる流星群,星が空から落ちてくるように見える現象,こうか,降下（天体が落ちてくる現象）,効果（ある物事の効き目や結果）,新薬,星が流れる流星群とかけて、新薬と解く。その心は「どちらも『こうか』でしょう。」,
,多義語型,星が流れる流星群,一瞬で光が消える、視界から見えなくなる,きえる,消える（光が視界から失われる）,消える（記憶や存在がなくなる）,昔の記憶,星が流れる流星群とかけて、昔の記憶と解く。その心は「どちらも『消える』でしょう。」,
,多義語型,星が流れる流星群,天体の現象を注意深く見る,かんそく,観測（天体や自然現象を詳しく見る）,観測（状況や動向を注意深く見守る）,景気の動向,星が流れる流星群とかけて、景気の動向と解く。その心は「どちらも『観測』でしょう。」,
,フレーズ・慣用句型,星が流れる流星群,滅多に見られない貴重な現象,きちょう,貴重（珍しくて価値がある）,貴重（かけがえのない大切なもの）,失われた文化財,星が流れる流星群とかけて、失われた文化財と解く。その心は「どちらも『貴重』でしょう。」,
,フレーズ・慣用句型,星が流れる流星群,夜空で光り輝く現象,かがやく,輝く（光りを発する）,輝く（才能や個性が際立つ）,新人賞を受賞したアーティスト,星が流れる流星群とかけて、新人賞を受賞したアーティストと解く。その心は「どちらも『輝く』でしょう。」,
,多義語型,海面が上がる満潮,海面が物理的に上昇する、水位が高くなる,あがる,上がる（海面が）,上がる（給料や評価が）,会社で昇進した人,海面が上がる満潮とかけて、会社で昇進した人と解く。その心は「どちらも『上がる』でしょう。」,
,フレーズ・慣用句型,海面が上がる満潮,海面が最も高くなり、水が十分に満たされる状態,みちる,満ちる（水が）,満ちる（自信や活力が）,自信にあふれるアスリート,海面が上がる満潮とかけて、自信にあふれるアスリートと解く。その心は「どちらも『満ちる』でしょう。」,
,完全な同音異義語型,海面が上がる満潮,海面が通常より高い状態になる、潮位が高くなる,こうちょう,高潮（たかしお）,好調（こうちょう）,業績が伸びている企業,海面が上がる満潮とかけて、業績が伸びている企業と解く。その心は「どちらも『好調（こうちょう）』でしょう。」,
,多義語型,海面が上がる満潮,海水が岸辺に向かって勢いよく進んでくる,おしよせる,押し寄せる（波が）,押し寄せる（大勢の人が）,人気アイドルのコンサート会場,海面が上がる満潮とかけて、人気アイドルのコンサート会場と解く。その心は「どちらも『押し寄せる』でしょう。」,
,フレーズ・慣用句型,海面が上がる満潮,潮位が最も高い状態になる、最高点に達する,ピークをむかえる,ピークを迎える（水位が）,ピークを迎える（人生や流行が）,選手として絶好調のスポーツ選手,海面が上がる満潮とかけて、選手として絶好調のスポーツ選手と解く。その心は「どちらも『ピークを迎える』でしょう。」,
,完全な同音異義語型,海面が上がる満潮,海水の量が増えることで水位が上がる,ぞうすい,増水（海水量の増加）,雑炊（米と具材を煮込んだ料理）,寒い日に食べる温かい鍋料理,海面が上がる満潮とかけて、寒い日に食べる温かい鍋料理と解く。その心は「どちらも『増水』(ぞうすい)でしょう。」,
,多義語型,雲が広がる温暖前線,低い空に雲が覆いかぶさるように広がる,おおわれる,雲に「覆われる」,責任や借金を「負われる」,大金を失い借金を背負った人,雲が広がる温暖前線とかけて、大金を失い借金を背負った人と解く。その心は「どちらも『覆われる/負われる』でしょう。」,
,フレーズ・慣用句型,雲が広がる温暖前線,徐々に天候が変化し、雨が降り始めるなど天気が崩れる前兆,てんきがくだりざか,「天気が下り坂」になる,運勢や景気が「下り坂」,低迷期の会社の経営,雲が広がる温暖前線とかけて、低迷期の会社の経営と解く。その心は「どちらも『天気が下り坂』でしょう。」,
,完全な同音異義語型,雲が広がる温暖前線,暖かい空気が冷たい空気の上に乗り上げて、ゆっくりと上昇する,のぼる,暖かい空気が冷たい空気の上に「上る」,山を「登る」,登山家,雲が広がる温暖前線とかけて、登山家と解く。その心は「どちらも『空気が上に上る/山を登る』でしょう。」,
,多義語型,雲が広がる温暖前線,雲で空全体が覆われ、視界がぼやける,かすむ,雲で視界が「霞む」,過去の記憶が「霞む」,年老いて記憶が曖昧になった人,雲が広がる温暖前線とかけて、年老いて記憶が曖昧になった人と解く。その心は「どちらも『視界が霞む/記憶が霞む』でしょう。」,
,フレーズ・慣用句型,雲が広がる温暖前線,暖かい空気が到来し、気温がゆっくりと上昇する,じょじょにあたたかくなる,「徐々に暖かくなる」,懐具合が「暖かくなる」（豊かになる）,株の売買で儲けた投資家,雲が広がる温暖前線とかけて、株の売買で儲けた投資家と解く。その心は「どちらも『徐々に暖かくなる/懐が暖かくなる』でしょう。」,
,完全な同音異義語型,雲が広がる温暖前線,低い雲が広がり、やがて雨を降らせる,ふる,雨が「降る」,サイコロを「振る」,賭博師,雲が広がる温暖前線とかけて、賭博師と解く。その心は「どちらも『雨が降る/サイコロを振る』でしょう。」,
,完全な同音異義語型,氷が溶ける融解,固体から液体に変化する、形がなくなる,とける,溶ける（氷が溶けて水になる）,解ける（問題や結び目が解決する）,難しい数学の問題,「氷が溶ける融解」とかけて、「難しい数学の問題」と解く。その心は「どちらも『とける』でしょう。」,
,多義語型,氷が溶ける融解,形が失われる、存在するものがなくなる,なくなる,無くなる（氷としての実体がなくなる）,無くなる（物が失われる、尽きる）,お気に入りのペン,「氷が溶ける融解」とかけて、「お気に入りのペン」と解く。その心は「どちらも『無くなる』でしょう。」,
,フレーズ・慣用句型,氷が溶ける融解,液体に変化し、流れるようになる,みずになる,水になる（氷が溶けて液体としての水に変わる）,水になる（努力や計画が無駄になる、泡と消える）,失敗したプロジェクト,「氷が溶ける融解」とかけて、「失敗したプロジェクト」と解く。その心は「どちらも『水になる』でしょう。」,
,完全な同音異義語型,氷が溶ける融解,体積や量が減少する,へる,減る（氷の体積や量が減少する）,経る（時間が経過する、場所を経由する）,長い道のりを旅する人,「氷が溶ける融解」とかけて、「長い道のりを旅する人」と解く。その心は「どちらも『へる』でしょう。」,
,多義語型,氷が溶ける融解,固体から液体へと状態を変える,へんか,変化（氷が固体から液体へと状態を変えること）,変化（状況や状態が変わること）,移りゆく時代,「氷が溶ける融解」とかけて、「移りゆく時代」と解く。その心は「どちらも『変化』でしょう。」,
,フレーズ・慣用句型,氷が溶ける融解,固体としての形が見えなくなる,すがたをけす,姿を消す（氷が溶けて固体としての形がなくなる）,姿を消す（人がいなくなって見えなくなる、行方をくらます）,突然いなくなった友人,「氷が溶ける融解」とかけて、「突然いなくなった友人」と解く。その心は「どちらも『姿を消す』でしょう。」,
,完全な同音異義語型,季節が巡る公転,季節が繰り返し訪れる,めぐる,巡る,廻る,営業の訪問活動,季節が巡る公転とかけて、営業の訪問活動と解く。その心は『どちらも「めぐる（巡る/廻る）」でしょう。』,
,多義語型,季節が巡る公転,一年経てば元に戻る,もとにもどる,元に戻る,元に戻る,健康を取り戻した人,季節が巡る公転とかけて、健康を取り戻した人と解く。その心は『どちらも「元に戻る」でしょう。』,
,フレーズ・慣用句型,季節が巡る公転,季節が連続してやってくる,つぎからつぎへと,次から次へと,次から次へと,繁忙期のコールセンター,季節が巡る公転とかけて、繁忙期のコールセンターと解く。その心は『どちらも「次から次へと」でしょう。』,
,完全な同音異義語型,季節が巡る公転,季節が移り変わる現象,いこう,移行,意向,会議で意見を求められた人,季節が巡る公転とかけて、会議で意見を求められた人と解く。その心は『どちらも「いこう（移行/意向）」でしょう。』,
,多義語型,季節が巡る公転,時間が連続して流れていく,ときをきざむ,時を刻む,時を刻む,歴史に残る偉業を成し遂げた人物,季節が巡る公転とかけて、歴史に残る偉業を成し遂げた人物と解く。その心は『どちらも「時を刻む」でしょう。』,
,フレーズ・慣用句型,季節が巡る公転,あるものの周りを中心に動く,たいようのまわりをうごく,太陽の周りを動く,太陽の周りを動く,リーダーに絶対的に従う部下,季節が巡る公転とかけて、リーダーに絶対的に従う部下と解く。その心は『どちらも「太陽の周りを動く」でしょう。』,
,多義語型,プレートが沈む海溝,プレートが地球内部へ深く潜り込み、動きが収まる状態,しずまる,静まる（プレートの活動が深いところで進行し、表層の動きが収まるような比喩）,鎮まる（騒ぎや喧騒が収まる）,激しい議論の後の会議室,「プレートが沈む海溝」とかけて、「激しい議論の後の会議室」と解く。その心は「どちらも『静かに鎮まる』でしょう。」,
,フレーズ・慣用句型,プレートが沈む海溝,プレート同士が深く重なり合い、地球内部で密接に接している状態,ふかいつながり,深い繋がり（プレートの境界が地球内部で密接に接している物理的な状態）,深い繋がり（人間関係や因果関係が密接であること）,運命共同体の二人の友人,「プレートが沈む海溝」とかけて、「運命共同体の二人の友人」と解く。その心は「どちらも『深い繋がりがある』でしょう。」,
,完全な同音異義語型,プレートが沈む海溝,プレートが沈み込む際の摩擦熱により、岩石が溶融する現象,とける,溶ける（プレートを構成する岩石が熱で溶融する）,解ける（謎や問題が解決する、答えが出る）,難解なパズル,「プレートが沈む海溝」とかけて、「難解なパズル」と解く。その心は「どちらも『とける』でしょう。」,
,多義語型,プレートが沈む海溝,非常に深く、その底を視覚的に捉えにくい状態,そこなし,底なし（物理的に非常に深く、底が見えない）,底なし（際限がないこと、限界がないこと）,食欲旺盛な人,「プレートが沈む海溝」とかけて、「食欲旺盛な人」と解く。その心は「どちらも『底なし』でしょう。」,
,フレーズ・慣用句型,プレートが沈む海溝,プレートの活動が地球全体に大きな影響（地震、火山など）を与えること,ちからをおよぼす,力を及ぼす（地球の変動の原動力となる）,力を及ぼす（ある事柄や人物に影響力を行使する）,社会に変革をもたらす政治家,「プレートが沈む海溝」とかけて、「社会に変革をもたらす政治家」と解く。その心は「どちらも『大きな力を及ぼす』でしょう。」,
,完全な同音異義語型,プレートが沈む海溝,プレートが地球内部に没入し、その一部が表面から消失する現象,きえる,消える（プレートが地球内部に没入し、地表から見えなくなる）,消える（記憶や存在がなくなる）,古い記憶,「プレートが沈む海溝」とかけて、「古い記憶」と解く。その心は「どちらも『消える』でしょう。」,
,完全な同音異義語型,空が赤くなる朝焼け,夜が明けてくる様子、赤色の現象,あけ,明け（夜明け）,朱（絵の具の朱色）,絵の具のパレット,空が赤くなる朝焼けとかけて、絵の具のパレットと解く。その心は「どちらも【朱（あけ）】でしょう。」,
,完全な同音異義語型,空が赤くなる朝焼け,夜が終わり、新しい一日が始まること,あける,明ける（夜が明ける）,開ける（ドアを開ける）,ドアの鍵,空が赤くなる朝焼けとかけて、ドアの鍵と解く。その心は「どちらも【開ける（あける）】でしょう。」,
,多義語型,空が赤くなる朝焼け,空に色が広がる現象,ひろがる,広がる（赤色が空に広がる）,広がる（噂や情報が広まる）,秘密を共有したがる人,空が赤くなる朝焼けとかけて、秘密を共有したがる人と解く。その心は「どちらも【広がる（ひろがる）】でしょう。」,
,多義語型,空が赤くなる朝焼け,空が明るくなる様子、希望に満ちた印象,あかるい,明るい（空が明るくなる）,明るい（性格が明るい）,社交的な人気者,空が赤くなる朝焼けとかけて、社交的な人気者と解く。その心は「どちらも【明るい（あかるい）】でしょう。」,
,フレーズ・慣用句型,空が赤くなる朝焼け,色が非常に鮮やかで印象的であること、まるで炎のような色,もえる,燃える（空が燃えるように赤くなる）,燃える（闘志が燃える）,スポーツ選手,空が赤くなる朝焼けとかけて、スポーツ選手と解く。その心は「どちらも【燃える（もえる）】でしょう。」,
,フレーズ・慣用句型,空が赤くなる朝焼け,空全体に色がつく様子,そめる,染める（空を赤く染める）,染める（髪の毛を染める）,美容師,空が赤くなる朝焼けとかけて、美容師と解く。その心は「どちらも【染める（そめる）】でしょう。」,
,完全な同音異義語型,渦を巻くつむじ風,渦を巻いて上へ向かう動き,じょうしょう,上昇,常笑,いつも笑顔を絶やさない人,「渦を巻くつむじ風」とかけて、「いつも笑顔を絶やさない人」と解く。その心は「どちらも『上昇（常笑）』でしょう。」,
,完全な同音異義語型,渦を巻くつむじ風,周囲の物を引き寄せる動作,まきこむ,巻き込む,蒔き込む,農家が畑に種を植えること,「渦を巻くつむじ風」とかけて、「農家が畑に種を植えること」と解く。その心は「どちらも『巻き込む（蒔き込む）』でしょう。」,
,多義語型,渦を巻くつむじ風,その場で回転する動き,まわる,回る,回る,係の仕事が順番に巡ってくる小学校の児童,「渦を巻くつむじ風」とかけて、「係の仕事が順番に巡ってくる小学校の児童」と解く。その心は「どちらも『回る』でしょう。」,
,多義語型,渦を巻くつむじ風,その場から移動して姿が見えなくなること,さる,去る,去る,定年退職するサラリーマン,「渦を巻くつむじ風」とかけて、「定年退職するサラリーマン」と解く。その心は「どちらも『去る』でしょう。」,
,フレーズ・慣用句型,渦を巻くつむじ風,渦の中心部分が空洞である状態,ちゅうしんがからっぽ,中心が空っぽ,中心が空っぽ,中身のないスピーチをする政治家,「渦を巻くつむじ風」とかけて、「中身のないスピーチをする政治家」と解く。その心は「どちらも『中心が空っぽ』でしょう。」,
,フレーズ・慣用句型,渦を巻くつむじ風,強い風が吹き荒れる様子,いきおいがある,勢いがある,勢いがある,若手社員が次々と成果を上げているベンチャー企業,「渦を巻くつむじ風」とかけて、「若手社員が次々と成果を上げているベンチャー企業」と解く。その心は「どちらも『勢いがある』でしょう。」,
,多義語型,月が隠れる新月,光がなく、暗い状態,くらい,暗い（光がない）,暗い（先の見通しが立たない、気持ちが沈んでいる）,事業の失敗で意気消沈した社長,「月が隠れる新月」とかけて、「事業の失敗で意気消沈した社長」と解く。その心は「どちらも『暗い』でしょう。」,
,多義語型,月が隠れる新月,月の姿が見えない、姿を現さない,かくれた,隠れた（姿が見えない）,隠れた（才能、名所など、まだ世に知られていない存在）,世間に知られていない才能を持つ新人アーティスト,「月が隠れる新月」とかけて、「世間に知られていない才能を持つ新人アーティスト」と解く。その心は「どちらも『隠れた』存在でしょう。」,
,フレーズ・慣用句型,月が隠れる新月,光がなく、視界が真っ暗な状態,ひかりがない,光がない（文字通り光がない）,光がない（希望がない、展望が開けない）,絶望的な状況に追い込まれた登山家,「月が隠れる新月」とかけて、「絶望的な状況に追い込まれた登山家」と解く。その心は「どちらも『光がない』でしょう。」,
,フレーズ・慣用句型,月が隠れる新月,月が視界から消える,すがたをけす,姿を消す（物理的に見えなくなる）,姿を消す（行方をくらます、場所から立ち去る）,事件後、忽然と行方不明になった容疑者,「月が隠れる新月」とかけて、「事件後、忽然と行方不明になった容疑者」と解く。その心は「どちらも『姿を消す』でしょう。」,
,完全な同音異義語型,月が隠れる新月,月の姿が見えない、欠けている状態,かける,欠ける（姿が見えなくなる）,駆ける（馬や人が速く走る）,ゴールを目指して全力疾走するマラソンランナー,「月が隠れる新月」とかけて、「ゴールを目指して全力疾走するマラソンランナー」と解く。その心は「どちらも『かける』でしょう。」,
,完全な同音異義語型,月が隠れる新月,光がなく、視界が暗い,くらい,暗い（光がない状態）,位（地位や身分）,出世欲の強いサラリーマン,「月が隠れる新月」とかけて、「出世欲の強いサラリーマン」と解く。その心は「どちらも『くらい』が気になるでしょう。」,
,完全な同音異義語型,砂が積もる砂丘,砂が風で積もっていく物理的な状態,つもり,積もり,つもり（予定）,デートを計画している人,「砂が積もる砂丘」とかけて、「デートを計画している人」と解く。その心は「どちらも『つもり』でしょう。」,
,多義語型,砂が積もる砂丘,風によって砂が移動し、砂丘の場所や形が変化する様子,いどう,移動（物理的な位置変化）,移動（部署や居場所を変えること）,部署替えを命じられたサラリーマン,「砂が積もる砂丘」とかけて、「部署替えを命じられたサラリーマン」と解く。その心は「どちらも『移動』でしょう。」,
,フレーズ・慣用句型,砂が積もる砂丘,砂が堆積して量が増える、または集まる状態,たまる,溜まる,溜まる（ストレスや疲労、お金などが蓄積する）,ストレスを抱えた現代人,「砂が積もる砂丘」とかけて、「ストレスを抱えた現代人」と解く。その心は「どちらも『溜まる』でしょう。」,
,完全な同音異義語型,砂が積もる砂丘,風によって砂が吹き寄せられ、ある場所に集まって積もる状態,ふきだまり,吹き溜まり,吹き溜まり（不要なものや人が集まる場所）,忘れられた道具や人が集まる場所,「砂が積もる砂丘」とかけて、「忘れられた道具や人が集まる場所」と解く。その心は「どちらも『吹き溜まり』でしょう。」,
,多義語型,砂が積もる砂丘,砂が積み重なって形成される地形,やま,山（砂の山）,山（問題や仕事が積み重なっている状態）,課題が山積している会社,「砂が積もる砂丘」とかけて、「課題が山積している会社」と解く。その心は「どちらも『山』でしょう。」,
,フレーズ・慣用句型,砂が積もる砂丘,風の影響で砂丘の形状が常に変化し、同じ形を保たないこと,かたちをかえる,形を変える,形を変える（方針や戦略などを変更する）,経営戦略を柔軟に変える企業,「砂が積もる砂丘」とかけて、「経営戦略を柔軟に変える企業」と解く。その心は「どちらも『形を変える』でしょう。」,
,完全な同音異義語型,木が枯れる落葉,生命活動の終焉に向かう状態,かれ,枯れ,彼,好きな男性,木が枯れる落葉とかけて、好きな男性と解く。その心は「どちらも『かれ』でしょう。」,
,完全な同音異義語型,木が枯れる落葉,季節の移り変わり、特に秋の象徴,あき,秋,空き,空席だらけの劇場,木が枯れる落葉とかけて、空席だらけの劇場と解く。その心は「どちらも『あき』でしょう。」,
,多義語型,木が枯れる落葉,葉が物理的に地面に「落ちる」こと,おちる,落ちる（葉が）,落ちる（人気や体力が）,スランプのアイドル,木が枯れる落葉とかけて、スランプのアイドルと解く。その心は「どちらも『人気が落ちる』でしょう。」,
,多義語型,木が枯れる落葉,木の生命活動が終焉に「終わりを迎える」こと,おわりをむかえる,終わりを迎える（生命活動が）,終わりを迎える（人生が）,晩年の人生を振り返る老人,木が枯れる落葉とかけて、晩年の人生を振り返る老人と解く。その心は「どちらも『終わりを迎える』でしょう。」,
,フレーズ・慣用句型,木が枯れる落葉,冬に備えて準備すること,ふゆのじゅんび,冬の準備,冬の準備,雪深い地域に住む人々,木が枯れる落葉とかけて、雪深い地域に住む人々と解く。その心は「どちらも『冬の準備』でしょう。」,
,フレーズ・慣用句型,木が枯れる落葉,葉を落として物理的に「身軽になる」こと,みがるになる,身軽になる,身軽になる,重い荷物を下ろした旅人,木が枯れる落葉とかけて、重い荷物を下ろした旅人と解く。その心は「どちらも『身軽になる』でしょう。」,
,多義語型,川が曲がる蛇行,物理的に方向を変えること,まがる,曲がる（方向が変わる）,曲がる（性格がひねくれる）,素直でない子ども,川が曲がる蛇行とかけて、素直でない子どもと解く。その心は「どちらも『曲がる』でしょう。」,
,完全な同音異義語型,川が曲がる蛇行,地形に沿って流れること,そう,沿う（地形に沿う）,添う（寄り添う）,長年連れ添った夫婦,川が曲がる蛇行とかけて、長年連れ添った夫婦と解く。その心は「どちらも『そう（沿う／添う）』でしょう。」,
,フレーズ・慣用句型,川が曲がる蛇行,目的地まで遠回りになること,とおまわり,遠回り（物理的に迂回する）,遠回り（本題になかなか入らない）,話が長い政治家の答弁,川が曲がる蛇行とかけて、話が長い政治家の答弁と解く。その心は「どちらも『遠回り』でしょう。」,
,多義語型,川が曲がる蛇行,流れがくねくねと波打つこと,うねる,うねる（川の流れが波打つ）,うねる（髪の毛が波打つ）,天然パーマの人,川が曲がる蛇行とかけて、天然パーマの人と解く。その心は「どちらも『うねる』でしょう。」,
,完全な同音異義語型,川が曲がる蛇行,水の流れる道筋,けいろ,経路（水が流れる道筋）,敬老（老人を敬うこと）,お年寄りを大切にする心,川が曲がる蛇行とかけて、お年寄りを大切にする心と解く。その心は「どちらも『けいろ（経路／敬老）』でしょう。」,
,フレーズ・慣用句型,川が曲がる蛇行,進む方向が変化すること,ながれをかえる,流れを変える（川の方向転換）,流れを変える（状況やトレンドを変化させる）,世の中の常識を変える改革者,川が曲がる蛇行とかけて、世の中の常識を変える改革者と解く。その心は「どちらも『流れを変える』でしょう。」,
,多義語型,光が曲がる屈折,光の物理的な方向が変わる,まがる,曲がる,曲がる,人の性格がひねくれる,「光が曲がる屈折」とかけて、「人の性格」と解く。その心は「どちらも『曲がる』でしょう。」,
,完全な同音異義語型,光が曲がる屈折,光の進む道筋が変わる,しんろをかえる,進路を変える,進路を変える,将来の目標を変える人,「光が曲がる屈折」とかけて、「突然転職を決めた人」と解く。その心は「どちらも『進路を変える』でしょう。」,
,フレーズ・慣用句型,光が曲がる屈折,屈折により物体や事象の見え方が変わる,みえかたがかわる,見え方が変わる,見え方が変わる,状況の変化で評価が一変した問題,「光が曲がる屈折」とかけて、「世論によって評価が変わった事件」と解く。その心は「どちらも『見え方が変わる』でしょう。」,
,多義語型,光が曲がる屈折,光が境界面で折れ曲がる,こころがおれる,光が折れる,心が折れる,困難に直面して挫折した人,「光が曲がる屈折」とかけて、「試験に落ちて意気消沈した受験生」と解く。その心は「どちらも『心が折れる』でしょう。」,
,完全な同音異義語型,光が曲がる屈折,光の進行方向が本来と異なる,ことなる,異なる,異なる,意見が食い違う議論,「光が曲がる屈折」とかけて、「意見が合わない夫婦喧嘩」と解く。その心は「どちらも『異なる』でしょう。」,
,フレーズ・慣用句型,光が曲がる屈折,光が直進せず、回り道をする,よりみちをする,寄り道をする,寄り道をする,目的地へ直行せず別の場所へ行く人,「光が曲がる屈折」とかけて、「会社帰りに一杯ひっかけるサラリーマン」と解く。その心は「どちらも『寄り道をする』でしょう。」,
,多義語型,山が噴火するマグマ,地下から勢いよく地上に現れる,ふきだす,噴き出す,吹き出す,ギャグを連発するお笑い芸人,山が噴火するマグマとかけて、ギャグを連発するお笑い芸人と解く。その心は「どちらも『噴き出す/吹き出す』でしょう。」,
,完全な同音異義語型,山が噴火するマグマ,活動が活発になる,かつどう,活動,葛藤,重大な決断を迫られる人,山が噴火するマグマとかけて、重大な決断を迫られる人と解く。その心は「どちらも『活動/葛藤』でしょう。」,
,フレーズ・慣用句型,山が噴火するマグマ,地底から勢いよく突き上げられる,したからつきあげる,下から突き上げる,下から突き上げる,部下から強く意見される上司,山が噴火するマグマとかけて、部下から強く意見される上司と解く。その心は「どちらも『下から突き上げる』でしょう。」,
,多義語型,山が噴火するマグマ,冷えて岩石となって形になる,かたまる,固まる,固まる,チームワークが強固なスポーツチーム,山が噴火するマグマとかけて、チームワークが強固なスポーツチームと解く。その心は「どちらも『固まる』でしょう。」,
,完全な同音異義語型,山が噴火するマグマ,非常に高い熱を持つ,ねっき,熱気,熱期,インフルエンザで高熱を出している人,山が噴火するマグマとかけて、インフルエンザで高熱を出している人と解く。その心は「どちらも『熱気/熱期』でしょう。」,
,フレーズ・慣用句型,山が噴火するマグマ,内部の圧力が限界に達し、噴出する,たまりかねて,溜まりかねて,溜まりかねて,長年の不満が爆発したサラリーマン,山が噴火するマグマとかけて、長年の不満が爆発したサラリーマンと解く。その心は「どちらも『溜まりかねて』でしょう。」,
,多義語型,種が飛ぶタンポポ,種が風で散布され、あちこちに到達する様子,ひろがる,広がる（種が広く散布される）,広がる（噂話などが拡散する）,噂話,「種が飛ぶタンポポ」とかけて、「噂話」と解く。その心は「どちらも『広がる』でしょう。」,
,完全な同音異義語型,種が飛ぶタンポポ,種が風に乗って空中に上がる動作,まいあがる,舞い上がる（風に乗って空中に飛び上がる）,舞い上がる（喜びや興奮で気持ちが高ぶる）,プロポーズされた女性,「種が飛ぶタンポポ」とかけて、「プロポーズされた女性」と解く。その心は「どちらも『舞い上がる』でしょう。」,
,フレーズ・慣用句型,種が飛ぶタンポポ,種が風の力を借りて移動する様子,かぜにのる,風に乗る（風の力で運ばれる）,風に乗る（時代の流れや好機を捉える）,時代の流行に乗って成功した人,「種が飛ぶタンポポ」とかけて、「時代の流行に乗って成功した人」と解く。その心は「どちらも『風に乗る』でしょう。」,
,多義語型,種が飛ぶタンポポ,綿毛の種が軽やかに空中を漂う状態,ふわふわ,ふわふわ（綿毛が軽やかに漂う様）,ふわふわ（焼きたてのパンの柔らかい食感や感触）,焼きたての食パン,「種が飛ぶタンポポ」とかけて、「焼きたての食パン」と解く。その心は「どちらも『ふわふわ』でしょう。」,
,完全な同音異義語型,種が飛ぶタンポポ,種が遠い場所へ移動していくこと,たび,旅（種が移動していくこと）,足袋（和装の履物）,和装の職人,「種が飛ぶタンポポ」とかけて、「和装の職人」と解く。その心は「どちらも『たび』でしょう。」,
,フレーズ・慣用句型,種が飛ぶタンポポ,種が風の赴くままに運ばれる状態,かぜまかせ,風任せ（風に身を任せて運ばれる）,風任せ（計画を立てず成り行きに任せる態度）,行き当たりばったりの旅行者,「種が飛ぶタンポポ」とかけて、「行き当たりばったりの旅行者」と解く。その心は「どちらも『風任せ』でしょう。」,
,完全な同音異義語型,潮が引く干潮,水位が下がる、遠のく,ひく,水位が引く,風邪を引く,風邪を引いた人,"潮が引く干潮とかけて、風邪を引いた人と解く。その心は『どちらも""ひく""でしょう。』",
,多義語型,潮が引く干潮,海の底が見える、隠れていたものが見える,そこがみえる,海の底が見える,(経済的に)底が見える,節約生活中の人,"潮が引く干潮とかけて、節約生活中の人と解く。その心は『どちらも""底が見える""でしょう。』",
,フレーズ・慣用句型,潮が引く干潮,隠れていたものが明らかになる、実態が表面化する,あらわになる,海底が露わになる,(秘密や実態が)露わになる,悪事がバレた人,"潮が引く干潮とかけて、悪事がバレた人と解く。その心は『どちらも""露わになる""でしょう。』",
,完全な同音異義語型,潮が引く干潮,水が去っていく、遠ざかる,さる,潮が去る,動物の猿,動物園の人気者,"潮が引く干潮とかけて、動物園の人気者と解く。その心は『どちらも""さる""でしょう。』",
,多義語型,潮が引く干潮,水位が低くなる、深さがなくなる,あさくなる,海が浅くなる,(知識や考えが)浅くなる,知識の乏しい評論家,"潮が引く干潮とかけて、知識の乏しい評論家と解く。その心は『どちらも""浅くなる""でしょう。』",
,フレーズ・慣用句型,潮が引く干潮,活気が失われる、勢いがなくなる、活動が停止する,いきおいがなくなる,(比喩的に)活気がなくなり、勢いが失われる,(人気や事業が)勢いがなくなる,人気の落ちたアイドル,"潮が引く干潮とかけて、人気の落ちたアイドルと解く。その心は『どちらも""勢いがなくなる""でしょう。』",
,多義語型,気圧が下がる台風,気圧が下がる,さがる,下がる,下がる,劇の終演,気圧が下がる台風とかけて、劇の終演と解く。その心は「どちらも『下がる』でしょう。」,
,多義語型,気圧が下がる台風,進路が予測される,しんろ,進路,進路,高校3年生の進路指導,気圧が下がる台風とかけて、高校3年生の進路指導と解く。その心は「どちらも『進路』でしょう。」,
,完全な同音異義語型,気圧が下がる台風,進路を変える,かえる,変える,蛙,水田に住む両生類,気圧が下がる台風とかけて、水田に住む両生類と解く。その心は「どちらも『かえる』でしょう。」,
,完全な同音異義語型,気圧が下がる台風,気圧が下降する,かこう,下降,火口,火山,気圧が下がる台風とかけて、火山と解く。その心は「どちらも『かこう』でしょう。」,
,フレーズ・慣用句型,気圧が下がる台風,台風の目がある,めがまわる,目が回る,目が回る,会社の繁忙期の経理担当者,気圧が下がる台風とかけて、会社の繁忙期の経理担当者と解く。その心は「どちらも『目が回る』でしょう。」,
,フレーズ・慣用句型,気圧が下がる台風,風が吹き荒れる,ふきあれる,吹き荒れる,吹き荒れる,激しい議論が交わされる会議,気圧が下がる台風とかけて、激しい議論が交わされる会議と解く。その心は「どちらも『吹き荒れる』でしょう。」,
,完全な同音異義語型,虹がかかる雨上がり,雨が止んで空が明るくなる状態,はれる,晴れる（空が晴れる）,貼れる（湿布が貼れる）,肩こりに悩んで湿布を貼る人,「虹がかかる雨上がり」とかけて、「肩こりに悩んで湿布を貼る人」と解く。その心は「どちらも『晴れる（貼れる）』でしょう。」,
,完全な同音異義語型,虹がかかる雨上がり,虹が空に現れる状態,かかる,架かる（虹が空に架かる）,罹る（病気に罹る）,季節の変わり目に体調を崩しやすい人,「虹がかかる雨上がり」とかけて、「季節の変わり目に体調を崩しやすい人」と解く。その心は「どちらも『かかる（架かる/罹る）』でしょう。」,
,多義語型,虹がかかる雨上がり,雨が止み、状況が好転する様子,あがる,上がる（雨が上がる）,上がる（業績が上がる、気分が上がる）,プロジェクトの成功で評価が上がったビジネスパーソン,「虹がかかる雨上がり」とかけて、「プロジェクトの成功で評価が上がったビジネスパーソン」と解く。その心は「どちらも『上がる』でしょう。」,
,多義語型,虹がかかる雨上がり,空に鮮やかな色彩の橋が現れること,かけはし,架け橋（虹が空に架かる橋）,架け橋（異なるものをつなぐ仲介役）,対立する二つの文化をつなぐコーディネーター,「虹がかかる雨上がり」とかけて、「対立する二つの文化をつなぐコーディネーター」と解く。その心は「どちらも『架け橋』でしょう。」,
,フレーズ・慣用句型,虹がかかる雨上がり,雨が止み、空と虹が一体となり、心も満たされる感覚,やっとひとつになる,やっと一つになる（雨上がりで空と虹が調和し一体感を生む）,やっと一つになる（長い間別々にいたものが結びつく）,遠距離恋愛を経て結婚するカップル,「虹がかかる雨上がり」とかけて、「遠距離恋愛を経て結婚するカップル」と解く。その心は「どちらも『やっと一つになる』でしょう。」,
,フレーズ・慣用句型,虹がかかる雨上がり,暗い状況の後に明るい兆しが見えること,ひかりがさす,光が差す（雲間から光が差す）,光が差す（困難な状況に希望が見える）,絶望的な状況から救われた人,「虹がかかる雨上がり」とかけて、「長引く困難から抜け出せた人」と解く。その心は「どちらも『光が差す』でしょう。」,
,多義語型,石が削れる風化,物理的に体積が減り、形が変わっていく状態,けずれる,削れる（物理的に体積や形が減る）,削れる（予算や人員が減少する）,会社の予算会議,「石が削れる風化」とかけて、「会社の予算会議」と解く。その心は『どちらも「けずれる」でしょう。』,
,フレーズ・慣用句型,石が削れる風化,長い時間と自然の作用によって変化していくこと,ときをかける,時をかける（長い年月をかけて変化する）,時をかける（時間を超えて移動する、タイムリープする）,タイムトラベラー,「石が削れる風化」とかけて、「タイムトラベラー」と解く。その心は『どちらも「時をかける」でしょう。』,
,完全な同音異義語型,石が削れる風化,元の形や状態から異なるものへと変化していくこと,へんか,変化（形や状態が変わること）,変花（珍しい、突然変異で生まれた花）,珍しい突然変異の植物,「石が削れる風化」とかけて、「珍しい突然変異の植物」と解く。その心は『どちらも「へんか（変化/変花）」するでしょう。』,
,多義語型,石が削れる風化,表面の鋭利な部分が摩耗して滑らかになる状態,かどがとれる,角が取れる（物理的に鋭利な部分がなくなる）,角が取れる（性格が穏やかになる、丸くなる）,経験を積んで丸くなったベテラン社員,「石が削れる風化」とかけて、「経験を積んで丸くなったベテラン社員」と解く。その心は『どちらも「角が取れる」でしょう。』,
,フレーズ・慣用句型,石が削れる風化,長い期間にわたって少しずつ失われ、消耗していくこと,すりへる,磨り減る（物理的に摩耗して減少する）,磨り減る（心身が疲弊する、気力が衰える）,過労で疲弊したビジネスパーソン,「石が削れる風化」とかけて、「過労で疲弊したビジネスパーソン」と解く。その心は『どちらも「磨り減る」でしょう。』,
,完全な同音異義語型,石が削れる風化,「石」という物質そのものが存在すること、そしてその石が変化すること,いし,石（物質としての岩石）,意思（物事を行う心持ち、考え）,固い決意を持つ人,「石が削れる風化」とかけて、「固い決意を持つ人」と解く。その心は『どちらも「いし（石/意思）」があるでしょう。』,
,完全な同音異義語型,花が咲く開花,つぼみが開いて花になること,かいか,開花,怪火,山奥で目撃される正体不明の光,「花が咲く開花」とかけて、「山奥で目撃される正体不明の光」と解く。その心は「どちらも『かいか』でしょう。」,
,完全な同音異義語型,花が咲く開花,花が最も美しく見られる時期,みごろ,見頃,味頃,ちょうど食べ頃になった旬の果物,「花が咲く開花」とかけて、「ちょうど食べ頃になった旬の果物」と解く。その心は「どちらも『みごろ』でしょう。」,
,多義語型,花が咲く開花,つぼみが広がり始める,ひらく,開く,開く,新しい書店が営業を開始すること,「花が咲く開花」とかけて、「新しい書店が営業を開始すること」と解く。その心は「どちらも『ひらく』でしょう。」,
,多義語型,花が咲く開花,才能や可能性が発揮される,かいか,開花,開化,文明が発展し、新しい時代を迎えること,「花が咲く開花」とかけて、「文明が発展し、新しい時代を迎えること」と解く。その心は「どちらも『かいか』でしょう。」,
,フレーズ・慣用句型,花が咲く開花,植物が美しい花をつける様子,はなをさかせる,花を咲かせる,花を咲かせる,久々に会った友人との会話が盛り上がること,「花が咲く開花」とかけて、「久々に会った友人との会話が盛り上がること」と解く。その心は「どちらも『花を咲かせる』でしょう。」,
,フレーズ・慣用句型,花が咲く開花,一面に花が咲き誇る様子,まんかい,満開,満開,大ヒットした映画の公開初日の映画館,「花が咲く開花」とかけて、「大ヒットした映画の公開初日の映画館」と解く。その心は「どちらも『満開』でしょう。」,
,完全な同音異義語型,森が呼吸する光合成,太陽光のエネルギーを受け入れる,うける,（光を）受ける,（観客に）ウケる,人気者のお笑い芸人,森が呼吸する光合成とかけて、人気者のお笑い芸人と解く。その心は「どちらも『ウケる』でしょう。」,
,完全な同音異義語型,森が呼吸する光合成,二酸化炭素を吸収する,すう,（二酸化炭素を）吸う,（数を）数（える）,会計士,森が呼吸する光合成とかけて、会計士と解く。その心は「どちらも『すう（吸う／数）』でしょう。」,
,多義語型,森が呼吸する光合成,生命活動として息をする,いき,息（をする）,粋（な計らい）,洗練された遊び人,森が呼吸する光合成とかけて、洗練された遊び人と解く。その心は「どちらも『いき』でしょう。」,
,多義語型,森が呼吸する光合成,生命活動の機能として活動する,はたらく,（光合成の機能として）働く,（会社に）働く,新社会人,森が呼吸する光合成とかけて、新社会人と解く。その心は「どちらも『働く』でしょう。」,
,フレーズ・慣用句型,森が呼吸する光合成,大気中の二酸化炭素を減らし酸素を供給する,たいきをきれいにする,大気をきれいにする,大気をきれいにする（社会の不正を正す）,政治家の不正を暴くジャーナリスト,森が呼吸する光合成とかけて、政治家の不正を暴くジャーナリストと解く。その心は「どちらも『大気をきれいにする』でしょう。」,
,フレーズ・慣用句型,森が呼吸する光合成,生態系を支え、多くの生物の命を育む,いのちをはぐくむ,命を育む,命を育む（子育て）,子どもの成長を見守る親,森が呼吸する光合成とかけて、子どもの成長を見守る親と解く。その心は「どちらも『命を育む』でしょう。」,
,完全な同音異義語型,地面が揺れる余震,本震の後も地盤が繰り返し震動する状態,しん,震（しん）,針（しん）,時計,地面が揺れる余震とかけて、時計と解く。その心は「どちらも針（しん）がある」でしょう。,
,完全な同音異義語型,地面が揺れる余震,本震の後に発生する揺れ,よしん,余震（よしん）,予診（よしん）,病院の受付での問診,地面が揺れる余震とかけて、病院の受付での問診と解く。その心は「どちらも予診（よしん）があるでしょう」,
,多義語型,地面が揺れる余震,地面が物理的に揺れ動く,ゆれる,地面が揺れる,気持ちが揺れる,失恋したばかりの人の気持ち,地面が揺れる余震とかけて、失恋したばかりの人の気持ちと解く。その心は「どちらも揺れるでしょう」,
,多義語型,地面が揺れる余震,不安定な状態が続き、落ち着かない,おさまらない,揺れが収まらない,感情が収まらない,大喧嘩の後の夫婦,地面が揺れる余震とかけて、大喧嘩の後の夫婦と解く。その心は「どちらも収まらないでしょう」,
,フレーズ・慣用句型,地面が揺れる余震,いつまた揺れるか分からず、常に警戒が必要,きがぬけない,気が抜けない,炭酸が抜ける,蓋が開けっぱなしの炭酸飲料,地面が揺れる余震とかけて、蓋が開けっぱなしの炭酸飲料と解く。その心は「どちらも気が抜けないでしょう」,
,フレーズ・慣用句型,地面が揺れる余震,本震ほどではないが油断できない危険性,ゆだんできない,油断できない,油断できない,好敵手との真剣勝負,地面が揺れる余震とかけて、好敵手との真剣勝負と解く。その心は「どちらも油断できないでしょう」,
,完全な同音異義語型,水が凍る凝固,液体が固体に変わること、固まる、冷え固まる,こおり,氷,郡,地方の行政区画,水が凍る凝固とかけて、地方の行政区画と解く。その心は「どちらも『こおり（氷/郡）』でしょう。」,
,完全な同音異義語型,水が凍る凝固,物質の状態が固体になること、個体化,こたい,個体,個体（生物の一個の体）,生態系の観察,水が凍る凝固とかけて、生態系の観察と解く。その心は「どちらも『こたい（個体）』でしょう。」,
,多義語型,水が凍る凝固,液体が凝結して固い状態になること、固まる,かたまる,固まる（液体が固体になる）,固まる（決心する、集まる）,チーム結成前のミーティング,水が凍る凝固とかけて、チーム結成前のミーティングと解く。その心は「どちらも『かたまる（固まる）』でしょう。」,
,多義語型,水が凍る凝固,温度が下がって冷たくなる、冷え込む,つめたく,冷たく（なる）,冷たく（あしらう）,人への思いやりがない態度,水が凍る凝固とかけて、人への思いやりがない態度と解く。その心は「どちらも『つめたく（冷たく）』でしょう。」,
,フレーズ・慣用句型,水が凍る凝固,気温が急激に下がる状態、冷え込む,ひえこむ,冷え込む（気温が下がる）,冷え込む（景気が悪くなる、関係が悪くなる）,経済不況下の企業経営,水が凍る凝固とかけて、経済不況下の企業経営と解く。その心は「どちらも『冷え込む』でしょう。」,
,フレーズ・慣用句型,水が凍る凝固,状態が変化する、固体へと変化する,へんか,変化（する）,変化球（野球の投球術）,野球のピッチャー,水が凍る凝固とかけて、野球のピッチャーと解く。その心は「どちらも『変化（する/球）』でしょう。」,
,多義語型,太陽が昇る日の出,夜が明けて視界や状況が明るくなる現象,あかるくなる,明るくなる（夜が明けて）,明るくなる（見通しが良くなる、理解が深まる）,難しい問題が解けて理解が進んだ生徒,太陽が昇る日の出とかけて、難しい問題が解けて理解が進んだ生徒と解く。その心は「どちらも明るくなる」でしょう。,
,多義語型,太陽が昇る日の出,姿を現す、出現する様子,かおをだす,顔を出す（太陽が地平線から）,顔を出す（イベントや集まりに姿を見せる）,滅多に姿を見せない人気芸能人,太陽が昇る日の出とかけて、滅多に姿を見せない人気芸能人と解く。その心は「どちらも顔を出す」でしょう。,
,完全な同音異義語型,太陽が昇る日の出,空へ上昇する物理的な動き,あがる,上がる（太陽が空へ）,揚がる（天ぷらが油で）,揚げ物屋の職人,太陽が昇る日の出とかけて、揚げ物屋の職人と解く。その心は「どちらも揚がる」でしょう。,
,完全な同音異義語型,太陽が昇る日の出,空に高くなること,のぼる,昇る（太陽が空へ）,登る（山頂へ）,アルプスを目指す登山家,太陽が昇る日の出とかけて、アルプスを目指す登山家と解く。その心は「どちらも昇る（登る）」でしょう。,
,フレーズ・慣用句型,太陽が昇る日の出,暗闇がなくなり、状況が好転する様子,やみがはれる,闇が晴れる（夜が明けて）,闇が晴れる（事件の真相が明らかになる）,長年未解決だった事件の担当刑事,太陽が昇る日の出とかけて、長年未解決だった事件の担当刑事と解く。その心は「どちらも闇が晴れる」でしょう。,
,フレーズ・慣用句型,太陽が昇る日の出,毎日変わらず繰り返される現象,まいにちつづく,毎日続く（日の出は）,毎日続く（地道な努力が）,プロを目指して練習を続ける若手職人,太陽が昇る日の出とかけて、プロを目指して練習を続ける若手職人と解く。その心は「どちらも毎日続く」でしょう。,
,完全な同音異義語型,胃が痛くなるプレッシャー,精神的負担により調子が悪くなる、肉体的な不調,いたむ,痛む,傷む,鮮度が落ちた魚,「胃が痛くなるプレッシャー」とかけて、「鮮度が落ちた魚」と解く。その心は『どちらも「傷む（痛む）」でしょう。』,
,多義語型,胃が痛くなるプレッシャー,精神的に追い詰められ、動きが取れない状態,つまる,詰まる,詰まる,排水溝,「胃が痛くなるプレッシャー」とかけて、「排水溝」と解く。その心は『どちらも「詰まる」でしょう。』,
,フレーズ・慣用句型,胃が痛くなるプレッシャー,不満や苦痛を心中にしまい込み、耐えている状態,はらにおさめる,腹に収める,腹に収める,大食いの人,「胃が痛くなるプレッシャー」とかけて、「大食いの人」と解く。その心は『どちらも「腹に収める」でしょう。』,
,完全な同音異義語型,胃が痛くなるプレッシャー,胃の調子が良くない、精神的負担で体の機能が低下している状態,いがわるい,胃が悪い,意地が悪い,嫌われ者の上司,「胃が痛くなるプレッシャー」とかけて、「嫌われ者の上司」と解く。その心は『どちらも「意地が悪い（胃が悪い）」でしょう。』,
,多義語型,胃が痛くなるプレッシャー,精神的な負荷や重圧が降りかかる状態,かかる,掛かる,架かる,大河を渡る橋,「胃が痛くなるプレッシャー」とかけて、「大河を渡る橋」と解く。その心は『どちらも「かかる」でしょう。』,
,フレーズ・慣用句型,胃が痛くなるプレッシャー,精神的ストレスにより胃の調子が悪くなる、不安定な状態,あれる,荒れる,荒れる,台風の日の日本海,「胃が痛くなるプレッシャー」とかけて、「台風の日の日本海」と解く。その心は『どちらも「荒れる」でしょう。』,
,完全な同音異義語型,飛び上がりたいほどの喜び,高揚感、気分が昂る状態,こうよう,高揚,紅葉,秋の美しい山々,「飛び上がりたいほどの喜び」とかけて、「秋の美しい山々」と解く。その心は「どちらも『こうよう（高揚／紅葉）』でしょう。」,
,完全な同音異義語型,飛び上がりたいほどの喜び,心臓が跳ねるような感覚、胸の高鳴り,きどう,鼓動,軌道,宇宙を回る人工衛星,「飛び上がりたいほどの喜び」とかけて、「宇宙を回る人工衛星」と解く。その心は「どちらも『きどう（鼓動／軌道）』でしょう。」,
,多義語型,飛び上がりたいほどの喜び,気分が高まる、テンションが上がる,あがる,上がる,上がる,建設中の高層ビル,「飛び上がりたいほどの喜び」とかけて、「建設中の高層ビル」と解く。その心は「どちらも『上がる』でしょう。」,
,多義語型,飛び上がりたいほどの喜び,心が弾む、軽やかな気持ち,はねる,跳ねる,跳ねる,水たまりで遊ぶ子供,「飛び上がりたいほどの喜び」とかけて、「水たまりで遊ぶ子供」と解く。その心は「どちらも『跳ねる』でしょう。」,
,フレーズ・慣用句型,飛び上がりたいほどの喜び,落ち着かない、浮かれている、現実感がない,ちにあしがつかない,地に足がつかない,地に足がつかない,宇宙飛行士,「飛び上がりたいほどの喜び」とかけて、「宇宙飛行士」と解く。その心は「どちらも『地に足がつかない』でしょう。」,
,フレーズ・慣用句型,飛び上がりたいほどの喜び,気持ちが高ぶる、期待に胸を膨らませる,むねがおどる,胸が躍る,胸が躍る,激しいダンスを踊るダンサー,「飛び上がりたいほどの喜び」とかけて、「激しいダンスを踊るダンサー」と解く。その心は「どちらも『胸が躍る』でしょう。」,
,完全な同音異義語型,吐き気がする嫌悪感,内容物を体の外に出す物理的動作,はく,吐く（胃の内容物を体外に出す）,履く（靴やズボンなどを身につける）,新しい靴を試着する人,「吐き気がする嫌悪感」とかけて、「新しい靴を試着する人」と解く。その心は「どちらも『はく』でしょう。」,
,完全な同音異義語型,吐き気がする嫌悪感,感情や感覚が内側から生じる状態,わく,湧く（嫌悪感が心に湧き上がる）,沸く（液体が熱されて沸騰する）,風呂が沸き上がった銭湯,「吐き気がする嫌悪感」とかけて、「風呂が沸き上がった銭湯」と解く。その心は「どちらも『湧く／沸く』でしょう。」,
,多義語型,吐き気がする嫌悪感,怒りや不快感がこみ上げてくる精神状態,はらがたつ,腹が立つ（怒りや不満を感じる）,腹が立つ（お腹が張って物理的に膨らむ）,食べ過ぎてお腹が張った力士,「吐き気がする嫌悪感」とかけて、「食べ過ぎてお腹が張った力士」と解く。その心は「どちらも『腹が立つ』でしょう。」,
,多義語型,吐き気がする嫌悪感,生理的・心理的に拒否する状態,うけつけない,受け付けない（精神的に拒絶する）,受け付けない（窓口業務を終了する）,診療時間外の病院の窓口,「吐き気がする嫌悪感」とかけて、「診療時間外の病院の窓口」と解く。その心は「どちらも『受け付けない』でしょう。」,
,フレーズ・慣用句型,吐き気がする嫌悪感,嫌悪感により食欲がなく、食べ物が飲み込めない状態,のどをとおらない,喉を通らない（嫌悪感で食欲がない）,喉を通らない（物理的に食べ物が詰まって通過しない）,大きな餅を急いで飲み込んだ人,「吐き気がする嫌悪感」とかけて、「大きな餅を急いで飲み込んだ人」と解く。その心は「どちらも『喉を通らない』でしょう。」,
,フレーズ・慣用句型,吐き気がする嫌悪感,不快なものや見たくないものから視線を逸らす動作,めをそむける,目を背ける（嫌悪感から視線を逸らす）,目を反ける（強い光などから視線を避ける）,強い光が当たって目を反らす人,「吐き気がする嫌悪感」とかけて、「強い光が当たって目を反らす人」と解く。その心は「どちらも『目を背ける／反ける』でしょう。」,
,多義語型,胸がチクチクする罪悪感,精神的な苦痛、後悔による心の痛み,いたみ,痛み,傷み,傷んでしまった食品,「胸がチクチクする罪悪感」とかけて、「傷んでしまった食品」と解く。その心は『どちらも「いたみ」があるでしょう。』,
,フレーズ・慣用句型,胸がチクチクする罪悪感,心に引っかかる、後悔で心が重い,きにかかる,気になる,木にかかる,高い木の枝に引っかかったボール,「胸がチクチクする罪悪感」とかけて、「高い木の枝に引っかかったボール」と解く。その心は『どちらも「気になる（木にかかる）」でしょう。』,
,完全な同音異義語型,胸がチクチクする罪悪感,心に刺さる、良心の呵責、咎め,とがめ,咎め,尖め,鋭く研がれた刃物の先端,「胸がチクチクする罪悪感」とかけて、「鋭く研がれた刃物の先端」と解く。その心は『どちらも「とがめ」があるでしょう。』,
,多義語型,胸がチクチクする罪悪感,後悔や感情が心に残り続ける,のこる,残る,残る,宴会の後、テーブルに残された料理,「胸がチクチクする罪悪感」とかけて、「宴会の後、テーブルに残された料理」と解く。その心は『どちらも「残る」でしょう。』,
,フレーズ・慣用句型,胸がチクチクする罪悪感,心理的な苦痛、良心の呵責で心が落ち着かない,むねがいたむ,胸が痛む,棟が傷む,長年手入れされていない古民家の屋根,「胸がチクチクする罪悪感」とかけて、「長年手入れされていない古民家の屋根」と解く。その心は『どちらも「胸が痛む（棟が傷む）」でしょう。』,
,完全な同音異義語型,胸がチクチクする罪悪感,針で刺されるような感覚、心の痛み,はり,針,梁,古い日本家屋の天井を支える太い木材,「胸がチクチクする罪悪感」とかけて、「古い日本家屋の天井を支える太い木材」と解く。その心は『どちらも「はり（針/梁）」があるでしょう。』,
,多義語型,涙が止まらない悲哀,涙が流れて止まらない状態,あふれる,涙が溢れる,情報が溢れる,インターネットの掲示板,涙が止まらない悲哀とかけて、インターネットの掲示板と解く。その心は「どちらも情報が溢れる」でしょう。,
,完全な同音異義語型,涙が止まらない悲哀,涙で顔などが濡れる,ぬれる,涙で顔が濡れる,泥に塗れる,泥遊びに夢中な子供,涙が止まらない悲哀とかけて、泥遊びに夢中な子供と解く。その心は「どちらも顔が塗れる（濡れる）」でしょう。,
,フレーズ・慣用句型,涙が止まらない悲哀,悲しみのあまり、行動を起こせない状態,なにもてにつかない,悲しみのあまり何も手につかない,滑って何も手につかない,油まみれの工具を扱う整備士,涙が止まらない悲哀とかけて、油まみれの工具を扱う整備士と解く。その心は「どちらも何も手につかない」でしょう。,
,完全な同音異義語型,涙が止まらない悲哀,悲しみで目が腫れあがること,はれる,目が腫れる,天気が晴れる,運動会の晴天,涙が止まらない悲哀とかけて、運動会の晴天と解く。その心は「どちらもはれる」でしょう。,
,多義語型,涙が止まらない悲哀,深い悲しみで精神的に大きな打撃を受ける状態,うちひしがれる,悲しみに打ちひしがれる,風雨で打ちひしがれる,台風でボロボロの小屋,涙が止まらない悲哀とかけて、台風でボロボロの小屋と解く。その心は「どちらも打ちひしがれる」でしょう。,
,フレーズ・慣用句型,涙が止まらない悲哀,涙が途切れることなく流れ続ける様子,とめどなく,涙がとめどなく流れる,水がとめどなく流れる,滔々と流れる大河,涙が止まらない悲哀とかけて、滔々と流れる大河と解く。その心は「どちらもとめどなく」でしょう。,
,完全な同音異義語型,腹が煮えくり返る憎悪,怒りや感情が内側で激しく高まる状態,ふっとう,沸騰（怒りが『沸騰』するかのよう）,沸騰（液体が『沸騰』する）,やかんで沸かされるお湯,「腹が煮えくり返る憎悪」とかけて、「やかんで沸かされるお湯」と解く。その心は『どちらも『沸騰』する』でしょう。,
,完全な同音異義語型,腹が煮えくり返る憎悪,感情が激しく込み上げる、吐き気を感じるほど不快な状態,むかつく,むかつく（感情が『むかつく』）,むかつく（胃が『むかつく』）,食べ過ぎて胃もたれしている人,「腹が煮えくり返る憎悪」とかけて、「食べ過ぎて胃もたれしている人」と解く。その心は『どちらも『むかつく』でしょう』。,
,多義語型,腹が煮えくり返る憎悪,怒りや不満が心の中に深く溜まる状態,わだかまる,蟠る（心の中に感情が『蟠る』）,淀む（水が『わだかまる』）,流れが滞って濁った水たまり,「腹が煮えくり返る憎悪」とかけて、「流れが滞って濁った水たまり」と解く。その心は『どちらも『わだかまる』でしょう』。,
,多義語型,腹が煮えくり返る憎悪,感情が激しく湧き上がり、抑えきれない状態,ふきあげる,噴き上げる（感情が『噴き上げる』）,噴き上げる（間欠泉が勢いよく水を『噴き上げる』）,地中から勢いよく水が出る間欠泉,「腹が煮えくり返る憎悪」とかけて、「地中から勢いよく水が出る間欠泉」と解く。その心は『どちらも『噴き上げる』でしょう』。,
,フレーズ・慣用句型,腹が煮えくり返る憎悪,強い怒りや憎しみで感情が極限に達する様子,はらわたがにえくりかえる,腹わたが煮えくり返る（憎悪で『腹わたが煮えくり返る』）,煮えくり返る（鍋の中の料理が『煮えくり返る』）,激しく煮立った大鍋,「腹が煮えくり返る憎悪」とかけて、「激しく煮立った大鍋」と解く。その心は『どちらも『煮えくり返る』でしょう』。,
,フレーズ・慣用句型,腹が煮えくり返る憎悪,怒りによって理性を失い、興奮している状態,あたまにちがのぼる,頭に血が上る（怒りで『頭に血が上る』）,頭に血が上る（逆立ちすると『頭に血が上る』）,逆立ちが得意なアクロバットパフォーマー,「腹が煮えくり返る憎悪」とかけて、「逆立ちが得意なアクロバットパフォーマー」と解く。その心は『どちらも『頭に血が上る』でしょう』。,
,完全な同音異義語型,息が詰まる緊張,呼吸が困難になるような圧迫感、心理的な停滞,いきづまる,息詰まる（緊張で呼吸が困難になる）,行き詰まる（物事が進行せずに停滞する）,開発に行き詰まった研究者,「息が詰まる緊張」とかけて、「開発に行き詰まった研究者」と解く。その心は『どちらも「いきづまる」でしょう。』,
,多義語型,息が詰まる緊張,精神的なプレッシャーや負担の大きさ,おもい,重い（プレッシャーや責任が精神的に「重い」）,重い（物理的な質量が大きい）,運びにくい大きな荷物,「息が詰まる緊張」とかけて、「運びにくい大きな荷物」と解く。その心は『どちらも「重い」でしょう。』,
,フレーズ・慣用句型,息が詰まる緊張,極度の集中やストレスで精神状態が張り詰める,きんちょうのいとがはる,緊張の糸が張る（精神的な極限状態）,弦が張る（弓や楽器の弦がピンと張っている）,調律されたばかりの琴,「息が詰まる緊張」とかけて、「調律されたばかりの琴」と解く。その心は『どちらも「緊張の糸が張る」でしょう。』,
,完全な同音異義語型,息が詰まる緊張,プレッシャーで体が硬直する、思考が停止する,かたまる,固まる（緊張で体が「固まる」、思考が「固まる」）,固まる（液体が凝固する、一つにまとまる）,冷えてゼリーになる液体,「息が詰まる緊張」とかけて、「冷えてゼリーになる液体」と解く。その心は『どちらも「固まる」でしょう。』,
,多義語型,息が詰まる緊張,心臓の鼓動が速く、感情が高ぶる様子,はげしい,激しい（心臓の鼓動が「激しい」、感情が「激しい」）,激しい（嵐や運動などが「激しい」）,嵐の日の海,「息が詰まる緊張」とかけて、「嵐の日の海」と解く。その心は『どちらも「激しい」でしょう。』,
,フレーズ・慣用句型,息が詰まる緊張,場の雰囲気やプレッシャーが重く感じられる,くうきがおもい,空気が重い（緊張で場の雰囲気が「重い」）,空気が重い（湿度が高く物理的に「重い」感覚）,梅雨時のじめじめした部屋,「息が詰まる緊張」とかけて、「梅雨時のじめじめした部屋」と解く。その心は『どちらも「空気が重い」でしょう。』,
,完全な同音異義語型,背筋が凍る恐怖,精神的な恐れ、不安を感じる,おそれる,恐れる,遅れる,いつも締切に遅れる人,「背筋が凍る恐怖」とかけて、「いつも締切に遅れる人」と解く。その心は「どちらも『恐れる（おそれる）』でしょう。」,
,完全な同音異義語型,背筋が凍る恐怖,極度の恐ろしさ、不安,きょうふ,恐怖,強風,台風の中を歩く人,「背筋が凍る恐怖」とかけて、「台風の中を歩く人」と解く。その心は「どちらも『恐怖（強風）』でしょう。」,
,多義語型,背筋が凍る恐怖,体が硬直する、動かなくなる,かたまる,固まる,固まる,会議で意見が一致する状況,「背筋が凍る恐怖」とかけて、「会議で意見が一致する状況」と解く。その心は「どちらも『固まる』でしょう。」,
,多義語型,背筋が凍る恐怖,体の背中部分にある、骨や筋肉の集まり,すじ,筋,筋,論理的な話をする人,「背筋が凍る恐怖」とかけて、「論理的な話をする人」と解く。その心は「どちらも『筋』が通っているでしょう。」,
,フレーズ・慣用句型,背筋が凍る恐怖,精神的な動揺、緊張、冷や汗が出る,ひやあせをかく,冷や汗をかく,冷や汗をかく,大勢の前でスピーチをする人,「背筋が凍る恐怖」とかけて、「大勢の前でスピーチをする人」と解く。その心は「どちらも『冷や汗をかく』でしょう。」,
,フレーズ・慣用句型,背筋が凍る恐怖,恐怖で体が硬直する、身動きが取れない,みがすくむ,身が竦む,身が竦む,厳しい上司に叱られる部下,「背筋が凍る恐怖」とかけて、「厳しい上司に叱られる部下」と解く。その心は「どちらも『身が竦む』でしょう。」,
,完全な同音異義語型,顔が真っ赤になる羞恥,顔が赤くなる状態、状況が悪くなる感覚,あっか,赤化（顔色が赤くなること）,赤化（共産主義化すること）,共産主義国の政治,「顔が真っ赤になる羞恥」とかけて、「共産主義国の政治」と解く。その心は『どちらも「赤化」でしょう。』,
,完全な同音異義語型,顔が真っ赤になる羞恥,顔が赤くなること,せきめん,赤面（顔を赤くすること）,隻眼（片目であること）,隻眼の海賊,「顔が真っ赤になる羞恥」とかけて、「隻眼の海賊」と解く。その心は『どちらも「赤面（隻眼）」でしょう。』,
,多義語型,顔が真っ赤になる羞恥,羞恥心が高まる、顔に血が上る,あがる,上がる（顔の血行が上気する、羞恥心が盛り上がる）,上がる（舞台に上がる、値段が上がる、成績が上がるなど）,舞台役者,「顔が真っ赤になる羞恥」とかけて、「舞台役者」と解く。その心は『どちらも「上がる」でしょう。』,
,多義語型,顔が真っ赤になる羞恥,顔に血が上って熱くなる、冷静さを失う,のぼせる,逆上せる（血が頭に上り興奮する）,逆上せる（風呂の湯気でぼうっとする、夢中になる）,長風呂が好きな人,「顔が真っ赤になる羞恥」とかけて、「長風呂が好きな人」と解く。その心は『どちらも「逆上せる」でしょう。』,
,フレーズ・慣用句型,顔が真っ赤になる羞恥,非常に恥ずかしくて顔が熱くなる状態,かおからひがでる,顔から火が出る（非常に恥ずかしいことの比喩）,顔から火が出る（実際に顔の表面から火花や炎が出る）,火を噴くロボット,「顔が真っ赤になる羞恥」とかけて、「火を噴くロボット」と解く。その心は『どちらも「顔から火が出る」でしょう。』,
,フレーズ・慣用句型,顔が真っ赤になる羞恥,恥ずかしくてその場にいたくない、身を隠したい気持ち,あながあったらはいりたい,穴があったら入りたい（非常に恥ずかしい時の慣用句）,穴があったら入りたい（物理的に穴に入って隠れたい）,モグラ,「顔が真っ赤になる羞恥」とかけて、「モグラ」と解く。その心は『どちらも「穴があったら入りたい」でしょう。』,
,完全な同音異義語型,心が温まる愛情,気持ちを相手に与える、液体のように流し込む,そそぐ,愛情を注ぐ,水を注ぐ,喫茶店のマスター,心が温まる愛情とかけて、喫茶店のマスターと解く。その心は『どちらも「注ぐ」でしょう。』,
,完全な同音異義語型,心が温まる愛情,関係性を時間をかけて成長させる、大切に育てる,はぐくむ,愛情を育む,植物を育む,庭師,心が温まる愛情とかけて、庭師と解く。その心は『どちらも「育む」でしょう。』,
,多義語型,心が温まる愛情,相手の心を覆い隠し、安心させる,つつむ,温かい気持ちで包む,プレゼントを包む,デパートのラッピングサービス,心が温まる愛情とかけて、デパートのラッピングサービスと解く。その心は『どちらも「包む」でしょう。』,
,多義語型,心が温まる愛情,困難な時に精神的に助ける、よりどころとなる,ささえる,心を支える,建物を支える,大黒柱,心が温まる愛情とかけて、大黒柱と解く。その心は『どちらも「支える」でしょう。』,
,フレーズ・慣用句型,心が温まる愛情,深く心に届き、感動や癒しを与える,こころにしみる,心に沁みる愛情,出汁が心に沁みる,職人が作った美味しいおでん,心が温まる愛情とかけて、職人が作った美味しいおでんと解く。その心は『どちらも「心に沁みる」でしょう。』,
,フレーズ・慣用句型,心が温まる愛情,いつまでも続き、失われない,きえない,決して消えない愛情,灯りが消えない,灯台,心が温まる愛情とかけて、灯台と解く。その心は『どちらも「消えない」でしょう。』,
,完全な同音異義語型,肩の力が抜ける安心,緊張が解けて心が静まる状態,おちつく,落ち着く（不安や興奮が静まる）,落ち付く（物が揺れずにその場にとどまる）,着地する飛行機,「肩の力が抜ける安心」とかけて、「着地する飛行機」と解く。その心は「どちらも『落ち着く』でしょう。」,
,完全な同音異義語型,肩の力が抜ける安心,固まっていたものが緩み、軽くなる感覚,とける,解ける（緊張や束縛がなくなる）,溶ける（固体が液体に変化する）,夏の日の氷,「肩の力が抜ける安心」とかけて、「夏の日の氷」と解く。その心は「どちらも『溶ける』でしょう。」,
,多義語型,肩の力が抜ける安心,重い責任や負担から解放される状態,にがおりる,荷が下りる（責任やプレッシャーがなくなる）,荷が下りる（物理的に積み荷を降ろす）,港に到着した貨物船,「肩の力が抜ける安心」とかけて、「港に到着した貨物船」と解く。その心は「どちらも『荷が下りる』でしょう。」,
,多義語型,肩の力が抜ける安心,心配事や疑念がなくなり、気分がすっきりする状態,はれる,晴れる（心配事や疑念が解消される）,晴れる（天候が良くなり、雲がなくなる）,雨上がりの空,「肩の力が抜ける安心」とかけて、「雨上がりの空」と解く。その心は「どちらも『晴れる』でしょう。」,
,フレーズ・慣用句型,肩の力が抜ける安心,緊張が解けて深い息をつく感覚,ほっとひといき,ほっと一息（安心感から息をつくこと）,ほっと一息（休憩で心身を休ませること）,長距離マラソンの途中の給水ポイント,「肩の力が抜ける安心」とかけて、「長距離マラソンの途中の給水ポイント」と解く。その心は「どちらも『ほっと一息』でしょう。」,
,フレーズ・慣用句型,肩の力が抜ける安心,心境が落ち着き、平穏な状態になること,おだやかになる,穏やかになる（心が落ち着き、和む）,穏やかになる（風や波が静まる）,嵐の後の海,「肩の力が抜ける安心」とかけて、「嵐の後の海」と解く。その心は「どちらも『穏やかになる』でしょう。」,
,完全な同音異義語型,目の前が暗くなる絶望,希望が途絶える、断ち切られる感覚,たつ,絶つ,裁つ,洋服の仕立て屋,目の前が暗くなる絶望とかけて、洋服の仕立て屋と解く。その心は「どちらも『絶つ』でしょう。」,
,完全な同音異義語型,目の前が暗くなる絶望,希望が途絶え、物事が停止する感覚,たつ,絶つ,建つ,新築の家,目の前が暗くなる絶望とかけて、新築の家と解く。その心は「どちらも『絶つ』でしょう。」,
,多義語型,目の前が暗くなる絶望,気持ちが落ち込み、塞ぎ込む状態,ふさぐ,塞ぐ,塞ぐ,排水溝の詰まり,目の前が暗くなる絶望とかけて、排水溝の詰まりと解く。その心は「どちらも『塞ぐ』でしょう。」,
,多義語型,目の前が暗くなる絶望,思考や時間までもが停止したように感じる状態,とまる,止まる,止まる,急ブレーキを踏んだ自動車,目の前が暗くなる絶望とかけて、急ブレーキを踏んだ自動車と解く。その心は「どちらも『止まる』でしょう。」,
,フレーズ・慣用句型,目の前が暗くなる絶望,未来への展望や進むべき道が見えない状態,さきがみえない,先が見えない,先が見えない,濃い霧の中を進む船,目の前が暗くなる絶望とかけて、濃い霧の中を進む船と解く。その心は「どちらも『先が見えない』でしょう。」,
,フレーズ・慣用句型,目の前が暗くなる絶望,精神的に光が全くなく、闇に覆われている状態,まっくらやみ,真っ暗闇,真っ暗闇,電気の消えた地下洞窟,目の前が暗くなる絶望とかけて、電気の消えた地下洞窟と解く。その心は「どちらも『真っ暗闇』でしょう。」,
,完全な同音異義語型,震えが止まらない怒り,感情が激しく高まり、爆発寸前である状態,ふんか,噴火（激しい感情が爆発する様子を比喩的に）,噴火（火山がマグマや火山灰などを噴き出すこと）,火山,「震えが止まらない怒り」とかけて、「火山」と解く。その心は「どちらも『噴火』するでしょう。」,
,完全な同音異義語型,震えが止まらない怒り,高ぶった感情により、心臓が激しく動く様子,こどう,鼓動（激しい怒りで心臓が激しく脈打つこと）,鼓動（太鼓を打つこと、または心臓の拍動）,太鼓奏者,「震えが止まらない怒り」とかけて、「太鼓奏者」と解く。その心は「どちらも『鼓動』を刻むでしょう。」,
,多義語型,震えが止まらない怒り,理性の限界を超え、感情の制御を失うこと,きれる,切れる（堪忍袋の緒が切れる、理性が切れる）,切れる（刃物が鋭く切れる、有効期限が切れる）,研ぎたての包丁,「震えが止まらない怒り」とかけて、「研ぎたての包丁」と解く。その心は「どちらも『切れる』でしょう。」,
,多義語型,震えが止まらない怒り,感情が高まり、周囲に熱っぽい雰囲気を放つこと,ねっき,熱気（激しい怒りから発せられる雰囲気）,熱気（むっとするような暑い空気）,サウナ風呂,「震えが止まらない怒り」とかけて、「サウナ風呂」と解く。その心は「どちらも『熱気』に包まれるでしょう。」,
,フレーズ・慣用句型,震えが止まらない怒り,感情が激しすぎて、もはや制御できない状態,おさえがきかない,抑えが効かない（感情の制御ができないこと）,抑えが効かない（ブレーキが効かず、物理的な制御ができないこと）,暴走する車,「震えが止まらない怒り」とかけて、「暴走する車」と解く。その心は「どちらも『抑えが効かない』でしょう。」,
,フレーズ・慣用句型,震えが止まらない怒り,激しい感情の爆発を予感させる不穏な雰囲気,あらしのまえぶれ,嵐の予兆（激しい感情の爆発を暗示する）,嵐の予兆（天候が荒れる前に見られる前触れ）,台風接近前の天気,「震えが止まらない怒り」とかけて、「台風接近前の天気」と解く。その心は「どちらも『嵐の予兆』でしょう。」,
,完全な同音異義語型,汗を握る期待,結果を待ち望む心理状態、未来への願望,がん,願,癌,重い病気,汗を握る期待とかけて、重い病気と解く。その心は『どちらも「がん」でしょう。』,
,完全な同音異義語型,汗を握る期待,緊張感や不安が入り混じった状態、物事の行方を心配する様子,はらはら,ハラハラ,葉々（はらはらと散る様子）,秋の紅葉,汗を握る期待とかけて、秋の紅葉と解く。その心は『どちらも「ハラハラ」でしょう。』,
,多義語型,汗を握る期待,望みが大きくなる、希望が大きくなる,ふくらむ,膨らむ（期待が）,膨らむ（物理的に）,バルーンアートの風船,汗を握る期待とかけて、バルーンアートの風船と解く。その心は『どちらも「膨らむ」でしょう。』,
,多義語型,汗を握る期待,結果が定まらず、心理的に落ち着かない状態,ふあんてい,不安定（心理状態が）,不安定（物理的に）,ぐらつく椅子,汗を握る期待とかけて、ぐらつく椅子と解く。その心は『どちらも「不安定」でしょう。』,
,フレーズ・慣用句型,汗を握る期待,結果の成否がその後の運命を左右する状況,かかっている,かかっている（運命が）,かかっている（電話が通話中である）,ずっと話し中の電話,汗を握る期待とかけて、ずっと話し中の電話と解く。その心は『どちらも「かかっている」でしょう。』,
,フレーズ・慣用句型,汗を握る期待,状況の変化を注意深く見つめ、成り行きを待つこと,みまもる,見守る（成り行きを）,見守る（子供の成長を）,赤ちゃんの親,汗を握る期待とかけて、赤ちゃんの親と解く。その心は『どちらも「見守る」でしょう。』,
,完全な同音異義語型,胸が躍る好奇心,新しいことへの期待で心が弾む,ときめき,ときめき（心が弾むこと）,解きめき（謎を解く兆し）,難しいパズルを解く名人,胸が躍る好奇心とかけて、難しいパズルを解く名人と解く。その心は『どちらも解きめきがある』でしょう。,
,多義語型,胸が躍る好奇心,新しい知識や事実を見つけたい気持ち,はっけん,発見（新しい知識や事実を見つけること）,発見（失くし物などが見つかること）,迷子犬を探している飼い主,胸が躍る好奇心とかけて、迷子犬を探している飼い主と解く。その心は『どちらも発見を待っている』でしょう。,
,フレーズ・慣用句型,胸が躍る好奇心,未知の分野や可能性へと進む意欲,あたらしいせかいへ,新しい世界へ（未開の分野や可能性へと進むこと）,新しい世界へ（別の場所や状況へ移動すること）,引っ越してきたばかりの転校生,胸が躍る好奇心とかけて、引っ越してきたばかりの転校生と解く。その心は『どちらも新しい世界へ飛び込む』でしょう。,
,完全な同音異義語型,胸が躍る好奇心,探求心を刺激され、心が揺さぶられる,しげき,刺激（心が揺さぶられ、意欲が湧くこと）,刺激（物理的な作用で反応を引き起こすこと）,辛い香辛料を使った料理,胸が躍る好奇心とかけて、辛い香辛料を使った料理と解く。その心は『どちらも刺激が強い』でしょう。,
,多義語型,胸が躍る好奇心,知りたいことや期待で心が大きくなる,ふくらむ,膨らむ（期待や可能性が大きくなること）,膨らむ（物理的に体積が増えること）,パン生地,胸が躍る好奇心とかけて、パン生地と解く。その心は『どちらも膨らむ』でしょう。,
,フレーズ・慣用句型,胸が躍る好奇心,探求心や興味に限界がない,おわりがない,終わりがない（探求心や興味に限界がないこと）,終わりがない（物理的に途切れない、ずっと続くこと）,果てしなく続く一本道,胸が躍る好奇心とかけて、果てしなく続く一本道と解く。その心は『どちらも終わりがない』でしょう。,
,多義語型,気が遠くなる退屈,状況が進展しない、何も変化がない,すすまない,話が「進まない」と感じる,車が「進まない」,交通渋滞,「気が遠くなる退屈」とかけて、「交通渋滞」と解く。その心は「どちらも前に『進まない』でしょう。」,
,完全な同音異義語型,気が遠くなる退屈,集中力がなくなる、意識が散漫になる,ぼんやり,意識が「ぼんやり」する,景色が「ぼんやり」している,霧の中の風景,「気が遠くなる退屈」とかけて、「霧の中の風景」と解く。その心は「どちらも視界が『ぼんやり』するでしょう。」,
,フレーズ・慣用句型,気が遠くなる退屈,緊張感がなくなり、気力がなくなる,きがぬける,「気が抜ける」ほど退屈,炭酸飲料の「気が抜ける」,抜栓したばかりの炭酸飲料,「気が遠くなる退屈」とかけて、「抜栓したばかりの炭酸飲料」と解く。その心は「どちらもすぐに『気が抜ける』でしょう。」,
,多義語型,気が遠くなる退屈,変化がない、動きがない、刺激がない,とまる,時間が「止まる」ように感じる,時計が「止まる」,故障した時計,「気が遠くなる退屈」とかけて、「故障した時計」と解く。その心は「どちらも時が『止まる』でしょう。」,
,完全な同音異義語型,気が遠くなる退屈,興味がなくなる、情熱が薄れる,さめる,興味が「冷める」,熱湯が「冷める」,熱湯を放置したお風呂,「気が遠くなる退屈」とかけて、「熱湯を放置したお風呂」と解く。その心は「どちらもやがて『冷める』でしょう。」,
,フレーズ・慣用句型,気が遠くなる退屈,意識が朦朧とする、精神的に参る,ねむる,意識が「眠る」,冬眠する動物が「眠る」,冬眠する動物,「気が遠くなる退屈」とかけて、「冬眠する動物」と解く。その心は「どちらも意識が『眠る』でしょう。」,
,多義語型,頭が痛くなる悩み,思考がまとまらない、解決策が見つからない、精神的負担が大きい,かたづかない,片付かない（問題が解決しない）,片付かない（物理的な整理ができていない）,汚部屋に住む人,「頭が痛くなる悩み」とかけて、「汚部屋に住む人」と解く。その心は「どちらも『片付かない』でしょう。」,
,完全な同音異義語型,頭が痛くなる悩み,解決が難しい、思考が停滞する、困難に直面する,こうちゃく,膠着（状況が進展しない）,紅茶（飲み物）,優雅なティータイムを楽しむ人,「頭が痛くなる悩み」とかけて、「優雅なティータイムを楽しむ人」と解く。その心は「どちらも『こうちゃく』でしょう。」,
,フレーズ・慣用句型,頭が痛くなる悩み,解決の糸口が見えない、思考が堂々巡りになる,いきづまり,行き詰まり（思考や状況の閉塞）,行き止まり（物理的な道の終点）,未舗装の道を車で進むドライバー,「頭が痛くなる悩み」とかけて、「未舗装の道を車で進むドライバー」と解く。その心は「どちらも『行き詰まり』でしょう。」,
,多義語型,頭が痛くなる悩み,解決策が見えない、先の見通しが立たない、思考が混濁する,くらがり,暗がり（状況が見通せないこと）,暗がり（光が届かない場所）,真っ暗な洞窟を探検する人,「頭が痛くなる悩み」とかけて、「真っ暗な洞窟を探検する人」と解く。その心は「どちらも『暗がり』でしょう。」,
,完全な同音異義語型,頭が痛くなる悩み,思考が集中できない、心が乱れる、平静を保てない,きょうかい,境界（精神的な限界や区切り）,教会（宗教施設）,日曜の朝に礼拝に向かう信者,「頭が痛くなる悩み」とかけて、「日曜の朝に礼拝に向かう信者」と解く。その心は「どちらも『きょうかい』でしょう。」,
,フレーズ・慣用句型,頭が痛くなる悩み,解決が非常に困難、多くの要素が絡み合っている、複雑すぎる,てにおえない,手に負えない（問題が解決できない）,手に負えない（物理的に制御できない）,大暴れするヤンチャな子供を連れた親,「頭が痛くなる悩み」とかけて、「大暴れするヤンチャな子供を連れた親」と解く。その心は「どちらも『手に負えない』でしょう。」,
,多義語型,喉が渇くほどの焦り,精神的に追い詰められ、余裕がなく切迫した状態,おいつめられる,精神的に「追い詰められる」,物理的に隅や不利な状況に「追い詰められる」,チェスのプレイヤー,喉が渇くほどの焦りとかけて、チェスのプレイヤーと解く。その心は『どちらも追い詰められる』でしょう。,
,フレーズ・慣用句型,喉が渇くほどの焦り,精神的に追い詰められ、解決策が見つからず、途方に暮れる状態,てがでない,難題に直面し、解決策に『手が出ない』（着手できない）,高価すぎて商品に『手が出ない』,高級ブランド店を覗く一般人,喉が渇くほどの焦りとかけて、高級ブランド店を覗く人と解く。その心は『どちらも手が出ない』でしょう。,
,完全な同音異義語型,喉が渇くほどの焦り,精神的な枯渇感、水分を欲する状態,かわく,精神的に心が「渇く」,水分がなくなって「乾く」,洗濯物,喉が渇くほどの焦りとかけて、洗濯物と解く。その心は『どちらもかわく』でしょう。,
,完全な同音異義語型,喉が渇くほどの焦り,精神的な切迫感から生じる、消耗感や疲弊感。時間の経過と共に何かが失われる感覚。,あせる,精神的な焦りから『焦る』、または精神力が『褪せる』ような消耗感,色が『褪せる』,古くなった写真,喉が渇くほどの焦りとかけて、古くなった写真と解く。その心は『どちらもあせる』でしょう。,
,多義語型,喉が渇くほどの焦り,切迫した状況で物事を進めようとしている時に、邪魔が入る、または進行が妨げられる状況。,みずをさす,計画や進行に『水を差す』（邪魔をする）,植物や花に『水を差す』（水を与える）,植木職人,喉が渇くほどの焦りとかけて、植木職人と解く。その心は『どちらも水を差す』でしょう。,
,フレーズ・慣用句型,喉が渇くほどの焦り,極度の緊張や多忙により、精神的・肉体的な休息が全く取れない状態。,いきつくひまもない,精神的に『息つく暇もない』,物理的に呼吸したり、休憩する『息つく暇もない』,長時間潜水するダイバー,喉が渇くほどの焦りとかけて、長時間潜水するダイバーと解く。その心は『どちらも息つく暇もない』でしょう。,
,完全な同音異義語型,泥沼のような嫉妬,心が落ち込み、抜け出せない状態,しずむ,沈む（気分が落ち込む、感情に溺れる）,沈む（水中に潜る、水底に届く）,遭難した船,泥沼のような嫉妬とかけて、遭難した船と解く。その心は「どちらも『沈む』でしょう。」,
,完全な同音異義語型,泥沼のような嫉妬,心が不純で澄んでいない状態,にごる,濁る（心が曇る、精神が不純になる）,濁る（水が澄んでいない状態になる）,洪水後の川の水,泥沼のような嫉妬とかけて、洪水後の川の水と解く。その心は「どちらも『濁る』でしょう。」,
,多義語型,泥沼のような嫉妬,感情から逃れられず、身動きが取れない,ぬけだせない,抜け出せない（感情的な状況から脱却できない）,抜け出せない（物理的に場所から出られない）,密室に閉じ込められた人,泥沼のような嫉妬とかけて、密室に閉じ込められた人と解く。その心は「どちらも『抜け出せない』でしょう。」,
,多義語型,泥沼のような嫉妬,感情に囚われて行動が制限される,あしをとられる,足を取られる（自由な行動ができない、判断を誤る）,足を取られる（物理的に足元が不安定になり、転びそうになる）,ぬかるんだ道を歩く人,泥沼のような嫉妬とかけて、ぬかるんだ道を歩く人と解く。その心は「どちらも『足を取られる』でしょう。」,
,フレーズ・慣用句型,泥沼のような嫉妬,感情が限りなく深く、際限がない,そこなし,底なし（際限がない、きりがない）,底なし（物理的に底がない、測り知れない深さ）,底が抜けたバケツ,泥沼のような嫉妬とかけて、底が抜けたバケツと解く。その心は「どちらも『底なし』でしょう。」,
,フレーズ・慣用句型,泥沼のような嫉妬,困難な状況や感情に深く陥る,ふかみにはまる,深みにはまる（困難な状況に陥る、抜け出せない）,深みにはまる（物理的に深い場所に入り込む）,水深の深い場所に落ちる人,泥沼のような嫉妬とかけて、水深の深い場所に落ちる人と解く。その心は「どちらも『深みにはまる』でしょう。」,
,完全な同音異義語型,光が見える希望,困難な状況から抜け出す、道が開ける,ひらく,道が開く（進むべき方向が明らかになる）,扇を開く（扇子などを広げる）,舞妓さん,光が見える希望とかけて、舞妓さんと解く。その心は「どちらも道を開く」でしょう。,
,多義語型,光が見える希望,困難な状況を乗り越える、成功の予感,さきがみえる,先が見える（未来が見通せる）,咲きが見える（花が咲き始める兆候）,つぼみを持つ花,光が見える希望とかけて、つぼみを持つ花と解く。その心は「どちらも先が見える」でしょう。,
,フレーズ・慣用句型,光が見える希望,状況が改善する、悪い状態が終わる,トンネルをぬける,トンネルを抜ける（苦境を脱する比喩）,トンネルを抜ける（物理的なトンネルを通過する）,電車や自動車,光が見える希望とかけて、電車や自動車と解く。その心は「どちらもトンネルを抜ける」でしょう。,
,完全な同音異義語型,光が見える希望,明るい見通し、困難の解消,はれる,気が晴れる（不安や心配がなくなる）,天気が晴れる（雲がなくなり太陽が出る）,雨上がりの空,光が見える希望とかけて、雨上がりの空と解く。その心は「どちらも晴れるでしょう」,
,多義語型,光が見える希望,新たな展開、可能性、注目,ひかりがあたる,光が当たる（注目されたり、良い影響がある）,光が当たる（物理的に光が照射される）,日当たりの良い窓辺の植物,光が見える希望とかけて、日当たりの良い窓辺の植物と解く。その心は「どちらも光が当たる」でしょう。,
,フレーズ・慣用句型,光が見える希望,良い方向へ進む、成功の兆し,みちすじがみえる,道筋が見える（解決策や進行方向がわかる）,道筋が見える（地図で道順が確認できる）,カーナビ,光が見える希望とかけて、カーナビと解く。その心は「どちらも道筋が見える」でしょう。,
,フレーズ・慣用句型,足がすくむ不安,不安で前に進めず、その場で動けなくなる状態,たちどまる,立ち止まる（不安で動けなくなる）,立ち止まる（物理的に歩行を停止する）,赤信号で交差点に差し掛かった人,「足がすくむ不安」とかけて、「赤信号で交差点に差し掛かった人」と解く。その心は「どちらも『立ち止まる』でしょう。」,
,多義語型,足がすくむ不安,恐れやためらいによって行動を躊躇する心理状態,しりごみする,尻込みする（不安でためらい、行動を避ける）,尻込みする（物理的に後ろに下がる動作）,狭い道に大型車で入ろうとするドライバー,「足がすくむ不安」とかけて、「狭い道に大型車で入ろうとするドライバー」と解く。その心は「どちらも『尻込みする』でしょう。」,
,完全な同音異義語型,足がすくむ不安,前に進むことや行動が困難になり、その場に留まる状態,あしどめ,足止め（不安で動けなくなること）,足止め（移動を一時的に止められること）,大雪で帰宅できなくなった旅行者,「足がすくむ不安」とかけて、「大雪で帰宅できなくなった旅行者」と解く。その心は「どちらも『足止め』でしょう。」,
,フレーズ・慣用句型,足がすくむ不安,緊張や恐怖で体が硬直する、震えるような感覚,こごえる,凍える（不安で体が硬くなり、動きが鈍くなる感覚）,凍える（寒さで体温が奪われ、体が冷え切る）,真冬の屋外で長時間待機する人,「足がすくむ不安」とかけて、「真冬の屋外で長時間待機する人」と解く。その心は「どちらも『凍える』でしょう。」,
,多義語型,足がすくむ不安,心理的に委縮し、行動範囲や規模が小さくなる状態,しゅくしょう,縮小（不安から行動が小さく、消極的になる）,縮小（物理的な大きさや規模が小さくなること）,業務効率化で部署の規模を縮小する企業,「足がすくむ不安」とかけて、「業務効率化で部署の規模を縮小する企業」と解く。その心は「どちらも『縮小』でしょう。」,
,完全な同音異義語型,足がすくむ不安,恐怖や緊張によって体が固まり、動かなくなる状態,こてい,固定（不安で体が固まって動けない状態）,固定（物理的に物を動かないように留めること）,耐震工事で家具を壁に固定する作業員,「足がすくむ不安」とかけて、「耐震工事で家具を壁に固定する作業員」と解く。その心は「どちらも『固定』でしょう。」,
,多義語型,胸を撫で下ろす安堵,心配事がなくなり、気持ちが平穏な状態になる,おちつく,落ち着く（心が穏やかになる）,落ち着く（物が定位置に収まる）,引っ越し後の部屋,「胸を撫で下ろす安堵」とかけて、「引っ越し後の部屋」と解く。その心は『どちらも「落ち着く」でしょう。』,
,多義語型,胸を撫で下ろす安堵,精神的な重圧や負担から解放される,かたの荷がおりる,肩の荷が下りる（精神的な負担がなくなる）,肩の荷が下りる（物理的に担いでいた荷物を置く）,重い荷物を運ぶ引っ越し業者,「胸を撫で下ろす安堵」とかけて、「重い荷物を運ぶ引っ越し業者」と解く。その心は『どちらも「肩の荷が下りる」でしょう。』,
,完全な同音異義語型,胸を撫で下ろす安堵,何事もなく平穏な状態であること,ぶじ,無事（何事もなく安らかなこと）,武士（日本の歴史上の戦士の階級）,昔の侍,「胸を撫で下ろす安堵」とかけて、「昔の侍」と解く。その心は『どちらも「武士（無事）」でしょう。』,
,完全な同音異義語型,胸を撫で下ろす安堵,心配事が解消され、気持ちがさっぱりと晴れ晴れすること,せいせい,清々（気持ちが晴れやかになる様）,生々（生き生きと生い茂る様）,雨上がりの森の草花,「胸を撫で下ろす安堵」とかけて、「雨上がりの森の草花」と解く。その心は『どちらも「清々（生々）」でしょう。』,
,フレーズ・慣用句型,胸を撫で下ろす安堵,心配や緊張から解放されて、小休止する,いきをつく,息をつく（安堵して一息入れる）,息をつく（管楽器の演奏途中で呼吸をする）,長い演奏を終えたトランペット奏者,「胸を撫で下ろす安堵」とかけて、「長い演奏を終えたトランペット奏者」と解く。その心は『どちらも「息をつく」でしょう。』,
,フレーズ・慣用句型,胸を撫で下ろす安堵,精神的な張り詰めた状態から解放される,きんちょうがとける,緊張が解ける（精神的なプレッシャーから解放される）,緊張が解ける（硬く凍っていたものが柔らかくなる）,春になって雪解けが始まった山,「胸を撫で下ろす安堵」とかけて、「春になって雪解けが始まった山」と解く。その心は『どちらも「緊張が解ける」でしょう。』,
,完全な同音異義語型,気が狂いそうな孤独,精神的に自立できず、支えがない状態。,ひとりだち,独り立ち（精神的に誰にも頼れない）,一人立ち（自力で立つ、自立する）,生まれたばかりの子鹿,気が狂いそうな孤独とかけて、生まれたばかりの子鹿と解く。その心は「どちらも『ひとりだち』でしょう。」,
,多義語型,気が狂いそうな孤独,精神的な消耗が激しく、疲弊しきっている状態。,くたくた,くたくた（精神的に疲れ果てている）,くたくた（煮込み料理が柔らかくなる様子）,長時間煮込んだ大根,気が狂いそうな孤独とかけて、長時間煮込んだ大根と解く。その心は「どちらも『くたくた』でしょう。」,
,フレーズ・慣用句型,気が狂いそうな孤独,誰にも顧みられず、忘れ去られたような感覚。,ひとりぼっち,ひとりぼっち（誰からも相手にされず一人である）,ひとりぼっち（他の個体から離れて単独でいる）,群れからはぐれたひな鳥,気が狂いそうな孤独とかけて、群れからはぐれたひな鳥と解く。その心は「どちらも『ひとりぼっち』でしょう。」,
,完全な同音異義語型,気が狂いそうな孤独,誰とも話せず、内側に閉じこもる状態。,こもる,籠もる（部屋などに閉じこもる）,潜る（水中に深く入る、くぐる）,海に住むアザラシ,気が狂いそうな孤独とかけて、海に住むアザラシと解く。その心は「どちらも『こもる』でしょう。」,
,多義語型,気が狂いそうな孤独,精神的に追い詰められ、正気を保てる限界の状態。,ぎりぎり,ぎりぎり（精神的な限界の縁にいる）,ぎりぎり（歯が擦れる音、時間的に余裕がない）,歯ぎしりをする人,気が狂いそうな孤独とかけて、歯ぎしりをする人と解く。その心は「どちらも『ぎりぎり』でしょう。」,
,フレーズ・慣用句型,気が狂いそうな孤独,救いを求める声も届かず、自分の声だけが響き渡るような状況。,こだま,木霊（自分の声が返ってくるだけで返事がない）,木霊（山中で声が反響する現象）,深い山の中で叫んだ声,気が狂いそうな孤独とかけて、深い山の中で叫んだ声と解く。その心は「どちらも『こだま』でしょう。」,
,完全な同音異義語型,血が沸き立つ興奮,感情の高まり、活気、熱気を感じる状態,ねっき,熱気（感情の高まり、活気）,熱気（物理的な空気の熱さ）,サウナの中,「血が沸き立つ興奮」とかけて、「サウナの中」と解く。その心は「どちらも『熱気』でしょう。」,
,多義語型,血が沸き立つ興奮,感情が激しく高まる、熱中する,もえる,燃える（情熱や感情が高まる）,燃える（物理的に火がつく）,暖炉の薪,「血が沸き立つ興奮」とかけて、「暖炉の薪」と解く。その心は「どちらも『燃える』でしょう。」,
,フレーズ・慣用句型,血が沸き立つ興奮,有頂天になる、興奮しすぎて我を忘れる,のぼせあがる,のぼせ上がる（有頂天になる、調子に乗る）,のぼせ上がる（物理的に顔が熱くなる、湯あたりする）,長風呂の後の人,「血が沸き立つ興奮」とかけて、「長風呂の後の人」と解く。その心は「どちらも『のぼせ上がる』でしょう。」,
,完全な同音異義語型,血が沸き立つ興奮,心が震えるほどの感動や興奮,しんかん,震感（体が震えるほどの感動）,新刊（新しく発行された出版物）,本屋に並んだ最新の本,「血が沸き立つ興奮」とかけて、「本屋に並んだ最新の本」と解く。その心は「どちらも『新刊』でしょう。」,
,多義語型,血が沸き立つ興奮,感情が高まり、熱が入る,あつくなる,熱くなる（感情が高ぶる、熱中する）,熱くなる（物理的に温度が上がる）,夏の日のアスファルト,「血が沸き立つ興奮」とかけて、「夏の日のアスファルト」と解く。その心は「どちらも『熱くなる』でしょう。」,
,フレーズ・慣用句型,血が沸き立つ興奮,感情が激しく高まる、湧き出てくる,わきあがる,沸き上がる（感情が激しく高まる）,湧き上がる（水などが勢いよく出てくる）,温泉の源泉,「血が沸き立つ興奮」とかけて、「温泉の源泉」と解く。その心は「どちらも『沸き上がる』でしょう。」,
,完全な同音異義語型,腑に落ちる納得,物事の整合性が取れ、点が理解に繋がること,つながる,繋がる（理解や関係性が結びつくこと）,繋がる（物理的に連結されること）,断線したコード,腑に落ちる納得とかけて、断線したコードと解く。その心は「どちらも『つながる』でしょう。」,
,完全な同音異義語型,腑に落ちる納得,疑問や不明瞭な点が解決されること,とける,解ける（疑問が解決すること）,溶ける（固体が液体になること）,真夏の雪だるま,腑に落ちる納得とかけて、真夏の雪だるまと解く。その心は「どちらも『とける』でしょう。」,
,多義語型,腑に落ちる納得,結論や結論に至る道筋が明確になること,でる,出る（結論や答えが導かれること）,出る（場所から外へ移動すること）,家を出る前の子供,腑に落ちる納得とかけて、家を出る前の子供と解く。その心は「どちらも『出る』でしょう。」,
,多義語型,腑に落ちる納得,心の中にあったモヤモヤや疑念がなくなること,はれる,晴れる（疑念や気持ちがすっきりすること）,晴れる（空の雲がなくなること）,土砂降りの翌日の青空,腑に落ちる納得とかけて、土砂降りの翌日の青空と解く。その心は「どちらも『晴れる』でしょう。」,
,フレーズ・慣用句型,腑に落ちる納得,理解が心の中にストンと収まり、確信に変わること,ふにおちる,腑に落ちる（道理が理解されること）,腑に落ちる（腹部に物が落ちていくこと）,丸飲みされた獲物,腑に落ちる納得とかけて、丸飲みされた獲物と解く。その心は「どちらも『腑に落ちる』でしょう。」,
,フレーズ・慣用句型,腑に落ちる納得,疑問が解消され、精神的に整理されること,すっきりする,すっきりする（気持ちがさっぱりすること）,すっきりする（物がなくなり整頓されること）,不用品を全て捨てた部屋,腑に落ちる納得とかけて、不用品を全て捨てた部屋と解く。その心は「どちらも『すっきりする』でしょう。」,
,多義語型,基準を決めるルール,物事を測定する、量や程度を見積もる,はかる,測る（基準に照らして物事を測る）,計る（時間や回数を数える）,ストップウォッチ,基準を決めるルールとかけて、ストップウォッチと解く。その心は『どちらも「はかる」でしょう。』,
,多義語型,基準を決めるルール,方向性を示す、行動の指針となる,みちしるべ,道しるべ（進むべき方向性を示すもの）,道しるべ（物理的な道の案内板）,山道に立つ案内板,基準を決めるルールとかけて、山道に立つ案内板と解く。その心は『どちらも「道しるべ」でしょう。』,
,完全な同音異義語型,基準を決めるルール,物事の区別を明確にする、規律,けじめ,けじめ（物事の区別をはっきりさせる）,節目（人生や季節の区切り）,人生のターニングポイント,基準を決めるルールとかけて、人生のターニングポイントと解く。その心は『どちらも「けじめ」でしょう。』,
,完全な同音異義語型,基準を決めるルール,物事を確定する、決定する,きめる,決める（基準を定める）,究める（物事の奥義を探求する）,熟練した職人,基準を決めるルールとかけて、熟練した職人と解く。その心は『どちらも「きめる」でしょう。』,
,フレーズ・慣用句型,基準を決めるルール,評価や判断の拠り所となる,ものさしになる,物差しになる（評価の基準となる）,物差しになる（長さを測る道具としての物差し）,大工道具,基準を決めるルールとかけて、大工道具と解く。その心は『どちらも「物差しになる」でしょう。』,
,フレーズ・慣用句型,基準を決めるルール,定められた範囲や境界がある,わくがある,枠がある（定められた範囲や規範がある）,枠がある（絵画や窓などの物理的なフレームがある）,キャンバス,基準を決めるルールとかけて、キャンバスと解く。その心は『どちらも「枠がある」でしょう。』,
,完全な同音異義語型,違いを認める多様性,個々の差異を尊重し、様々な要素を受け入れること,じゅうよう,重要（それぞれの違いが重要視される）,充養（栄養分を十分に与えること）,成長期の植物や動物,「違いを認める多様性」とかけて、「成長期の植物や動物」と解く。その心は「どちらも『じゅうよう（重要/充養）』でしょう。」,
,完全な同音異義語型,違いを認める多様性,様々な要素が混ざり合っている状態,こんこう,混交（異質なものが混じり合うこと）,懇行（懇切丁寧に物事を行うこと）,お客様に真心を込めて接する旅館の女将,「違いを認める多様性」とかけて、「お客様に真心を込めて接する旅館の女将」と解く。その心は「どちらも『こんこう（混交/懇行）』でしょう。」,
,多義語型,違いを認める多様性,様々な要素が共存し、それぞれが独立している状態,へいぞん,並存（複数のものが並び存続すること）,並存（複数のものが物理的に並んで存在すること）,併せて置かれた複数の家具,「違いを認める多様性」とかけて、「併せて置かれた複数の家具」と解く。その心は「どちらも『へいぞん（並存）』でしょう。」,
,多義語型,違いを認める多様性,特定の型にはまらず、自由な発想や形を持つこと,じゅうなん,柔軟（考え方や態度が型にはまらず、融通が利くこと）,柔軟（物理的にしなやかで、よく曲がること）,体操選手やゴム素材,「違いを認める多様性」とかけて、「体操選手やゴム素材」と解く。その心は「どちらも『じゅうなん（柔軟）』でしょう。」,
,フレーズ・慣用句型,違いを認める多様性,多くの意見や立場があること,いろんなこえがきこえる,色々な声が聞こえる（様々な意見や思想があること）,色々な声が聞こえる（物理的に複数の音や話し声がすること）,賑やかな市場や動物園,「違いを認める多様性」とかけて、「賑やかな市場や動物園」と解く。その心は「どちらも『色々な声が聞こえる』でしょう。」,
,フレーズ・慣用句型,違いを認める多様性,固定観念にとらわれないこと,かたにはまらない,型にはまらない（既成概念や定型にとらわれない自由さ）,型にはまらない（物理的な型や枠の中に収まらない）,規定サイズを超えた巨大なケーキや家具,「違いを認める多様性」とかけて、「規定サイズを超えた巨大なケーキや家具」と解く。その心は「どちらも『型にはまらない』でしょう。」,
,完全な同音異義語型,数を数える数学,問題を解いて結果を得る,こたえ,答え,炬燵,冬の団らんの象徴,数を数える数学とかけて、冬の団らんの象徴と解く。その心は「どちらも『こたえ』でしょう。」,
,完全な同音異義語型,数を数える数学,足し算の結果,わ,和,輪,自転車の車輪,数を数える数学とかけて、自転車の車輪と解く。その心は「どちらも『わ』でしょう。」,
,多義語型,数を数える数学,論理的な法則性,きそく,規則,規則,生徒が守るべき校則,数を数える数学とかけて、生徒が守るべき校則と解く。その心は「どちらも『規則』が大切でしょう。」,
,多義語型,数を数える数学,理論や計算の正当性を示すこと,しょうめい,証明,証明,警察官が提示を求める身分証明書,数を数える数学とかけて、警察官が提示を求める身分証明書と解く。その心は「どちらも『証明』が必要でしょう。」,
,フレーズ・慣用句型,数を数える数学,計算の解を導き出すこと,こたえをだす,答えを出す,答えを出す,会議で意見を求められた人,数を数える数学とかけて、会議で意見を求められた人と解く。その心は「どちらも『答えを出す』でしょう。」,
,フレーズ・慣用句型,数を数える数学,論理的な手順を踏むこと,じゅんじょよく,順序よく,順序よく,料理のレシピ通りに作る人,数を数える数学とかけて、料理のレシピ通りに作る人と解く。その心は「どちらも『順序よく』進めることが大切でしょう。」,
,完全な同音異義語型,利益を出す経済,儲けを出す、収益を上げる、活発になる,じゅんかん,循環（経済活動の）,循環（血液の）,人間の体,「利益を出す経済」とかけて、「人間の体」と解く。その心は「どちらも『循環』が大切でしょう。」,
,多義語型,利益を出す経済,良い方向に進む、発展する、上向く,みちをひらく,道を拓く（経済が発展する）,道を拓く（物理的に道を作る）,未開の地に道を建設する開拓者,「利益を出す経済」とかけて、「未開の地に道を建設する開拓者」と解く。その心は「どちらも『道を拓く』努力が実を結ぶでしょう。」,
,フレーズ・慣用句型,利益を出す経済,無駄をなくす、効率化する、余計なものをそぎ落とす,ぜい肉をそぎおとす,贅肉をそぎ落とす（比喩的に無駄をなくす）,贅肉をそぎ落とす（物理的に脂肪を減らす）,ダイエット中の人,「利益を出す経済」とかけて、「ダイエット中の人」と解く。その心は「どちらも『贅肉をそぎ落とす』ことが成功の鍵でしょう。」,
,完全な同音異義語型,利益を出す経済,資金を投入する、将来を見据える,とうし,投資（経済活動）,灯し（明かりを灯す）,暗い夜道を照らす人,「利益を出す経済」とかけて、「暗い夜道を照らす人」と解く。その心は「どちらも『灯し（投資）』が未来を拓くでしょう。」,
,多義語型,利益を出す経済,勢いがある、活気づく,いきおいがつく,勢いがつく（経済が活発になる）,勢いがつく（物理的な力が増す）,激しい波,「利益を出す経済」とかけて、「激しい波」と解く。その心は「どちらも『勢いがつく』と力強いでしょう。」,
,フレーズ・慣用句型,利益を出す経済,成長の兆しが見える、新しい始まり,めがでる,芽が出る（成功の兆し）,芽が出る（植物の成長）,春先の畑,「利益を出す経済」とかけて、「春先の畑」と解く。その心は「どちらも『芽が出る』ことが喜ばしいでしょう。」,
,完全な同音異義語型,善悪を分ける倫理,善と悪の境界を定める、区別する,くぎり,区切り,釘切り,大工さん,善悪を分ける倫理とかけて、大工さんと解く。その心は『どちらも「区切り」が大切でしょう。』,
,完全な同音異義語型,善悪を分ける倫理,善悪を判断し、適切に処置する,さばき,裁き,捌き,魚屋さん,善悪を分ける倫理とかけて、魚屋さんと解く。その心は『どちらも「裁き」が重要でしょう。』,
,多義語型,善悪を分ける倫理,善悪の判断基準となる境界,せん,線,線,画家,善悪を分ける倫理とかけて、画家と解く。その心は『どちらも「線」を引くでしょう。』,
,多義語型,善悪を分ける倫理,善悪の本質を見抜く能力,めきき,目利き,目利き,骨董品の鑑定士,善悪を分ける倫理とかけて、骨董品の鑑定士と解く。その心は『どちらも「目利き」が求められるでしょう。』,
,フレーズ・慣用句型,善悪を分ける倫理,悪行に走るのを思いとどまる,ふみとどまる,踏みとどまる,踏みとどまる,転びそうになった人,善悪を分ける倫理とかけて、転びそうになった人と解く。その心は『どちらも「踏みとどまる」ことが肝心でしょう。』,
,フレーズ・慣用句型,善悪を分ける倫理,逸脱しないように規律を正す,たがをはめる,箍をはめる,箍をはめる,樽職人,善悪を分ける倫理とかけて、樽職人と解く。その心は『どちらも「箍（たが）をはめる」ことが重要でしょう。』,
,完全な同音異義語型,過去を振り返る歴史,過ぎ去った時代や出来事を指し示す,かこ,過去（過ぎ去った時間）,火口（火山の噴火口）,噴火前の火山,「過去を振り返る歴史」とかけて、「噴火前の火山」と解く。その心は『どちらも「かこ(過去/火口)」がある』でしょう。,
,完全な同音異義語型,過去を振り返る歴史,過去の出来事から学ぶべきことを得る,きょうくん,教訓（教えとなる事柄）,競犬（犬のレース）,ドッグレースのトレーナー,「過去を振り返る歴史」とかけて、「ドッグレースのトレーナー」と解く。その心は『どちらも「きょうくん(教訓/競犬)」を大切にする』でしょう。,
,多義語型,過去を振り返る歴史,時間的な流れを逆向きに辿る,さかのぼる,遡る（時間的に過去へ戻る）,遡る（物理的に流れに逆らって進む）,産卵期の鮭,「過去を振り返る歴史」とかけて、「産卵期の鮭」と解く。その心は『どちらも「さかのぼる」でしょう。』,
,多義語型,過去を振り返る歴史,埋もれた事実や情報を探し出す,ほりおこす,掘り起こす（隠れた事実や情報を探し出す）,掘り起こす（土の中から物を掘り出して見つけ出す）,埋蔵金を探す人,「過去を振り返る歴史」とかけて、「埋蔵金を探す人」と解く。その心は『どちらも「掘り起こす」でしょう。』,
,フレーズ・慣用句型,過去を振り返る歴史,書物や記録を読んで内容を明らかにする,ひもとく,紐解く（書物や過去の事実を調べて明らかにする）,紐解く（物理的に紐を解く）,プレゼントの箱を開ける子供,「過去を振り返る歴史」とかけて、「プレゼントの箱を開ける子供」と解く。その心は『どちらも「ひもとく」でしょう。』,
,フレーズ・慣用句型,過去を振り返る歴史,未来への進むべき方向性を示す役割を果たす,みちしるべ,道しるべ（過去の経験が未来の指針となる）,道しるべ（物理的な道案内標識）,旅人を導く案内板,「過去を振り返る歴史」とかけて、「旅人を導く案内板」と解く。その心は『どちらも「道しるべ」となるでしょう。』,
,完全な同音異義語型,権利を守る法律,権利を保障し、安全な状態を維持する機能,ほしょう,保障（権利を保障する）,舗装（道路の舗装）,道路工事の現場,「権利を守る法律」とかけて、「道路工事の現場」と解く。その心は「どちらも『舗装』(保障)があるでしょう。」,
,完全な同音異義語型,権利を守る法律,権利に関する争いや対立を扱う,そう,争い（権利の争いを解決する）,層（ケーキや地層の層）,バームクーヘン,「権利を守る法律」とかけて、「バームクーヘン」と解く。その心は「どちらも『層』(争い)があるでしょう。」,
,多義語型,権利を守る法律,権利を明確にし、その効力を確立する,たてる,立てる（権利を確立し、主張を立てる）,点てる（お茶を点てる）,お茶を点てる茶道家,「権利を守る法律」とかけて、「お茶を点てる茶道家」と解く。その心は「どちらも『点てる』(立てる)でしょう。」,
,多義語型,権利を守る法律,権利の範囲や境界を定める,せんびき,線引き（権利の範囲を線引きする）,線引き（地図に線引きをする、境界線を引く）,地図を作る測量士,「権利を守る法律」とかけて、「地図を作る測量士」と解く。その心は「どちらも『線引き』をするでしょう。」,
,フレーズ・慣用句型,権利を守る法律,権利の侵害がないか警戒し、注意を払う,めをひからせる,目を光らせる（権利侵害がないか目を光らせる）,目を光らせる（獲物や宝物を狙う様子）,獲物を狙う猛獣,「権利を守る法律」とかけて、「獲物を狙う猛獣」と解く。その心は「どちらも『目を光らせる』でしょう。」,
,フレーズ・慣用句型,権利を守る法律,権利を守るために多大な努力や苦労をする,ほねをおる,骨を折る（権利を守るために骨を折る）,骨を折る（物理的に骨折する）,大怪我をして入院中のアスリート,「権利を守る法律」とかけて、「大怪我をして入院中のアスリート」と解く。その心は「どちらも『骨を折る』でしょう。」,
,完全な同音異義語型,平等を目指す民主主義,全ての国民の意見を分析し、政策を決定する機能,はんだん,判断（国民の意思を反映した判断）,半田（電子部品を接合する金属）,電子回路の部品を繋ぐ素材,平等を目指す民主主義とかけて、電子回路の部品を繋ぐ素材と解く。その心は「どちらも『はんだん（判断/半田）』が重要でしょう。」,
,完全な同音異義語型,平等を目指す民主主義,国民の声に応じて制度や状況を改善していく動作,へんこう,変更（国民の声に応じて政策や制度を変更する）,変光（星の明るさが周期的に変化する現象）,遠い宇宙に輝く変光星,平等を目指す民主主義とかけて、遠い宇宙に輝く変光星と解く。その心は「どちらも『へんこう（変更/変光）』がつきものでしょう。」,
,多義語型,平等を目指す民主主義,候補者や政策が議論の場に登場し、公にされる状態,たつ,立つ（候補者が立つ、政策が立つ）,立つ（物理的に人が直立する）,満員電車の中の人々,平等を目指す民主主義とかけて、満員電車の中の人々と解く。その心は「どちらも『たつ（立つ）』でしょう。」,
,多義語型,平等を目指す民主主義,意見や環境を調和させ、秩序ある状態にする機能,ととのえる,整える（制度や環境を整える、意見を整える）,整える（身だしなみを整える）,出かける前の身支度をする人,平等を目指す民主主義とかけて、出かける前の身支度をする人と解く。その心は「どちらも『ととのえる（整える）』ことが必要でしょう。」,
,フレーズ・慣用句型,平等を目指す民主主義,国民の切実な願いや訴えを注意深く聞き入れ、拾い上げる機能,こえをすくいあげる,声をすくい上げる（国民の声を丁寧に拾い上げる）,声を救い上げる（水難事故で助けを求める声を聞いて助ける）,助けを求める遭難者,平等を目指す民主主義とかけて、助けを求める遭難者と解く。その心は「どちらも『こえをすくいあげる（声をすくい上げる/声を救い上げる）』ことが求められるでしょう。」,
,フレーズ・慣用句型,平等を目指す民主主義,政治に参加する意思表示や、政策への賛同を示す動作,てをあげる,手を挙げる（立候補に手を挙げる、賛成に手を挙げる）,手を挙げる（質問や意見表明のために手を挙げる）,授業中に発言する生徒,平等を目指す民主主義とかけて、授業中に発言する生徒と解く。その心は「どちらも『てをあげる（手を挙げる）』ことが大切でしょう。」,
,完全な同音異義語型,原因を探る科学,事象の構成要素を細かく分解し、その性質や関連性を明らかにする,ぶんせき,分析,分籍,戸籍を分けて独立した家族を築く人,「原因を探る科学」とかけて、「戸籍を分けて独立した家族を築く人」と解く。その心は「どちらも『ぶんせき（分析/分籍）』でしょう。」,
,完全な同音異義語型,原因を探る科学,論理的に思考を巡らせ、未知の事柄や結末を予測する,すいり,推理,水利,田んぼに水を引く農家,「原因を探る科学」とかけて、「田んぼに水を引く農家」と解く。その心は「どちらも『すいり（推理/水利）』でしょう。」,
,多義語型,原因を探る科学,問題の根本や真髄に到達するために深く掘り下げて調べる,ふかぼり,深掘り,深掘り,鉱山で金脈を追う採掘者,「原因を探る科学」とかけて、「鉱山で金脈を追う採掘者」と解く。その心は「どちらも『深掘り』するでしょう。」,
,多義語型,原因を探る科学,複雑な事柄や隠された真実を明らかにする,ときあかす,解き明かす,解き明かす,暗号化された古文書を読む学者,「原因を探る科学」とかけて、「暗号化された古文書を読む学者」と解く。その心は「どちらも『解き明かす』でしょう。」,
,フレーズ・慣用句型,原因を探る科学,様々な可能性や解決策について思考を巡らせる,かんがえをめぐらす,考えを巡らす,考えを巡らす,防犯のために家の周りに柵を巡らす人,「原因を探る科学」とかけて、「防犯のために家の周りに柵を巡らす人」と解く。その心は「どちらも『考えを巡らす』でしょう。」,
,フレーズ・慣用句型,原因を探る科学,問題の発生源や根源を徹底的に排除する,ねもとからたちきる,根元から断ち切る,根元から断ち切る,雑草を根元から抜く庭師,「原因を探る科学」とかけて、「雑草を根元から抜く庭師」と解く。その心は「どちらも『根元から断ち切る』でしょう。」,
,多義語型,未来を予測する統計,データから未来の出来事や傾向を把握する,みとおす,見通す（未来の予測）,見通す（道や景色が遠くまで見える）,山頂からの景色,未来を予測する統計とかけて、山頂からの景色と解く。その心は『どちらも**見通す**のが重要でしょう。』,
,フレーズ・慣用句型,未来を予測する統計,データの推移やトレンドを分析する,うごきをみる,動きを見る（データの推移を観察する）,動きを見る（状況の変化や物理的な動作を観察する）,新しいスポーツの選手,未来を予測する統計とかけて、新しいスポーツの選手と解く。その心は『どちらも**動きを見る**ことが大切でしょう。』,
,完全な同音異義語型,未来を予測する統計,データに基づき未来の事柄を推し量る,すいそく,推測（データから未来を推し量る）,垂飾（ぶら下がる装飾品）,ネックレスなどの装飾品,未来を予測する統計とかけて、ネックレスなどの装飾品と解く。その心は『どちらも**推測/垂飾**でしょう。』,
,多義語型,未来を予測する統計,今後の展開や結果を前もって知る,さきをよむ,先を読む（データから未来の動向を予測する）,先を読む（相手の行動や展開を予測する）,将棋のプロ棋士,未来を予測する統計とかけて、将棋のプロ棋士と解く。その心は『どちらも**先を読む**ことが勝利の鍵でしょう。』,
,フレーズ・慣用句型,未来を予測する統計,分析を通して具体的な結論や数値を導き出す,けっかをだす,結果を出す（予測の結論を導き出す）,結果を出す（努力の成果や試合の勝敗を出す）,猛勉強した受験生,未来を予測する統計とかけて、猛勉強した受験生と解く。その心は『どちらも**結果を出す**ことに注力するでしょう。』,
,完全な同音異義語型,未来を予測する統計,将来の趨勢や動きを探る,どうこう,動向（未来の動き、トレンド）,同行（一緒に行くこと）,旅行の案内人,未来を予測する統計とかけて、旅行の案内人と解く。その心は『どちらも**動向/同行**が重要となるでしょう。』,
,多義語型,言葉を交わすコミュニケーション,メッセージが相手に届くこと,つたわる,伝わる（メッセージが届く）,伝わる（電気や熱が移動する）,電気ケーブル,言葉を交わすコミュニケーションとかけて、電気ケーブルと解く。その心は「どちらも伝わる」でしょう。,
,フレーズ・慣用句型,言葉を交わすコミュニケーション,意見や話が整理されて結論が出ること,まとまる,纏まる（話が整理される）,纏まる（髪や荷物が一つになる）,長い髪の毛,言葉を交わすコミュニケーションとかけて、長い髪の毛と解く。その心は「どちらも纏まる」でしょう。,
,完全な同音異義語型,言葉を交わすコミュニケーション,相手の気持ちや立場を考えること,おもいやり,思いやり（配慮する心）,重い槍（ずっしりとした武器）,武士の武器,言葉を交わすコミュニケーションとかけて、武士の武器と解く。その心は「どちらも思いやりが重要でしょう」,
,多義語型,言葉を交わすコミュニケーション,相手の意見や感情をきちんと聞くこと,うけとめる,受け止める（意見を受け入れる）,受け止める（飛んでくる物を受ける）,飛んでくるボール,言葉を交わすコミュニケーションとかけて、飛んでくるボールと解く。その心は「どちらも受け止めることが肝心でしょう」,
,フレーズ・慣用句型,言葉を交わすコミュニケーション,互いの心の隔たりをなくすこと,きょりをちぢめる,距離を縮める（心の隔たりをなくす）,距離を縮める（物理的な間隔を短くする）,マラソンランナー,言葉を交わすコミュニケーションとかけて、マラソンランナーと解く。その心は「どちらも距離を縮めることが大切でしょう」,
,完全な同音異義語型,言葉を交わすコミュニケーション,新たなアイデアや関係を生み出すこと,せいせい,生成（アイデアや関係を作り出す）,精製（不純物を取り除き純度を高める）,原油や砂糖,言葉を交わすコミュニケーションとかけて、原油や砂糖と解く。その心は「どちらも精製が重要でしょう」,
,完全な同音異義語型,空間を測る幾何学,図形や空間の開き具合を計算する,かくど,角度（図形や線分のなす開き具合）,確度（確かである程度）,未来を予測する予報士,空間を測る幾何学とかけて、未来を予測する予報士と解く。その心は『どちらも角度（確度）が重要』でしょう。,
,完全な同音異義語型,空間を測る幾何学,平面上の図形やその性質を扱う,へいめん,平面（同一の広がりを持つ二次元的な面）,平麺（きしめんやほうとうのような平たい麺）,うどん職人,空間を測る幾何学とかけて、うどん職人と解く。その心は『どちらも平面（平麺）を扱う』でしょう。,
,多義語型,空間を測る幾何学,空間や図形の広さを分析する,ひろがり,広がり（空間的な広さや範囲）,広がり（噂や影響などが伝播する様子）,ゴシップ好きの隣人,空間を測る幾何学とかけて、ゴシップ好きの隣人と解く。その心は『どちらも広がりを気にする』でしょう。,
,多義語型,空間を測る幾何学,学問の根本原理や論理を築く,きそ,基礎（学問などの根本となる部分）,基礎（建物の土台）,頑丈な家を建てる大工,空間を測る幾何学とかけて、頑丈な家を建てる大工と解く。その心は『どちらも基礎が肝心』でしょう。,
,フレーズ・慣用句型,空間を測る幾何学,問題に対する最終的な答えや判断を導き出す,けつろんをだす,結論を出す（証明や計算によって最終的な判断を下す）,結論を出す（議論や会議を経て最終的な決定を下す）,長時間にわたる会議の参加者,空間を測る幾何学とかけて、長時間にわたる会議の参加者と解く。その心は『どちらも結論を出すのが大変』でしょう。,
,フレーズ・慣用句型,空間を測る幾何学,図形や空間に潜む法則性やパターンを見つけ出す,きそくをみつける,規則を見つける（幾何学的な法則性やパターンを発見する）,規則を見つける（社会や組織におけるルールや定めを発見する）,新入社員,空間を測る幾何学とかけて、新入社員と解く。その心は『どちらも規則を見つける』でしょう。,
,完全な同音異義語型,情報を伝えるメディア,ニュースを配信する,ながす,流す（情報を配信する）,流す（水などを排水する）,鼻水をかむ人,「情報を伝えるメディア」とかけて、「鼻水をかむ人」と解く。その心は『どちらも「流す」でしょう。』,
,完全な同音異義語型,情報を伝えるメディア,広く知らしめる、発信する,はっしん,発信（情報を送る）,発疹（皮膚にできるぶつぶつ）,アレルギーで皮膚が炎症を起こした人,「情報を伝えるメディア」とかけて、「アレルギーで皮膚が炎症を起こした人」と解く。その心は『どちらも「発疹（はっしん）」でしょう。』,
,多義語型,情報を伝えるメディア,電波や音の振動を届ける,なみ,波（電波や音の振動）,波（海や川の水面が動く現象）,サーファー,「情報を伝えるメディア」とかけて、「サーファー」と解く。その心は『どちらも「波」を扱うでしょう。』,
,多義語型,情報を伝えるメディア,情報を多くの人に拡散する,ひろめる,広める（知識や情報を拡散する）,広める（範囲や面積を拡大する）,畑を耕す農家,「情報を伝えるメディア」とかけて、「畑を耕す農家」と解く。その心は『どちらも「広める」でしょう。』,
,フレーズ・慣用句型,情報を伝えるメディア,読み手が情報を手に入れる,おとどけものがある,お届け物がある（情報が手元に届く）,お届け物がある（物理的な荷物が届く）,宅配便の配達員,「情報を伝えるメディア」とかけて、「宅配便の配達員」と解く。その心は『どちらも「お届け物がある」でしょう。』,
,フレーズ・慣用句型,情報を伝えるメディア,情報を注意深く聞く,みみをすます,耳を澄ます（情報に注意を払う）,耳を澄ます（微かな音を聞き取る）,夜行性の動物,「情報を伝えるメディア」とかけて、「夜行性の動物」と解く。その心は『どちらも「耳を澄ます」でしょう。』,
,多義語型,価値を交換する貨幣,貯蓄や投資によって量や価値が増加する,ふえる,増える（量や価値が増加する）,殖える（動植物が繁殖する）,飼育員の苦労,価値を交換する貨幣とかけて、飼育員の苦労と解く。その心は「どちらも『ふえる』でしょう。」,
,完全な同音異義語型,価値を交換する貨幣,通貨としての価値の基準となる,たんい,単位（計測の基準や通貨の最小単位）,担任（学校の先生）,新学期のクラス替え,価値を交換する貨幣とかけて、新学期のクラス替えと解く。その心は「どちらも『たんい』でしょう。」,
,フレーズ・慣用句型,価値を交換する貨幣,金銭的な不足により困窮する状態,かねにこまる,金に困る（経済的に困窮する）,鐘に困る（鐘の音や扱いに困る）,騒音に悩むお寺の近隣住民,価値を交換する貨幣とかけて、騒音に悩むお寺の近隣住民と解く。その心は「どちらも『金に困る（かねにこまる）』でしょう。」,
,多義語型,価値を交換する貨幣,金銭を他人に手渡す,わたす,渡す（金銭を他人に手渡す）,渡す（川などを越えて向こう側へ行く）,増水した川を渡る旅人,価値を交換する貨幣とかけて、増水した川を渡る旅人と解く。その心は「どちらも『渡す（わたす）』でしょう。」,
,完全な同音異義語型,価値を交換する貨幣,支払うべき金銭的な債務,ふさい,負債（経済的な債務）,封鎖（通路や場所を閉ざすこと）,テロ対策の警官隊,価値を交換する貨幣とかけて、テロ対策の警官隊と解く。その心は「どちらも『ふさい（負債/封鎖）』でしょう。」,
,フレーズ・慣用句型,価値を交換する貨幣,金銭を借り入れる行為,かねをかりる,金を借りる（金銭を融資してもらう）,鐘を借りる（物理的に鐘を一時的に手に入れる）,大晦日のお寺の住職,価値を交換する貨幣とかけて、大晦日のお寺の住職と解く。その心は「どちらも『金を借りる（かねをかりる）』でしょう。」,
,多義語型,全体をまとめるシステム,全体の要素を管理し、統合する機能,かんり,管理,管理,動物園の飼育員,「全体をまとめるシステム」とかけて、「動物園の飼育員」と解く。その心は「どちらも『管理』が重要でしょう。」,
,完全な同音異義語型,全体をまとめるシステム,情報を秩序立てて、うまく機能させること,せいり,整理,生理,人間の体,「全体をまとめるシステム」とかけて、「人間の体」と解く。その心は「どちらも『生理（整理）』が滞りなく行われることが大切でしょう。」,
,フレーズ・慣用句型,全体をまとめるシステム,滞りなく機能し、円滑に動く状態,うまくまわる,うまく回る,うまく回る,水車の車輪,「全体をまとめるシステム」とかけて、「水車の車輪」と解く。その心は「どちらも『うまく回る』ことが大切でしょう。」,
,完全な同音異義語型,全体をまとめるシステム,全体の状態を常に確認すること,かんし,監視,感謝,困っている人を助けたボランティア,「全体をまとめるシステム」とかけて、「困っている人を助けたボランティア」と解く。その心は「どちらも『感謝（監視）』されるでしょう。」,
,多義語型,全体をまとめるシステム,複数の要素や機能を一つにまとめること,とうごう,統合,統合,M&Aを成功させた企業の経営者,「全体をまとめるシステム」とかけて、「M&Aを成功させた企業の経営者」と解く。その心は「どちらも『統合』に尽力するでしょう。」,
,フレーズ・慣用句型,全体をまとめるシステム,矛盾がなく、整合性が取れていること,つじつまがあう,辻褄が合う,辻褄が合う,完璧なアリバイを持つ容疑者,「全体をまとめるシステム」とかけて、「完璧なアリバイを持つ容疑者」と解く。その心は「どちらも『辻褄が合う』ことが重要でしょう。」,
,完全な同音異義語型,手順を示すアルゴリズム,問題を解決するために順序立てて処理すること,けいさん,計算（問題解決や論理処理）,珪酸（化学物質の一種）,化学実験室の試薬,「手順を示すアルゴリズム」とかけて、「化学実験室の試薬」と解く。その心は「どちらも『計算（珪酸）』でしょう。」,
,完全な同音異義語型,手順を示すアルゴリズム,定まった方式や形式に従うこと,かた,型（定まった処理パターン）,肩（体の部位）,柔道選手,「手順を示すアルゴリズム」とかけて、「柔道選手」と解く。その心は「どちらも『型（肩）』でしょう。」,
,多義語型,手順を示すアルゴリズム,正しい方向や結果へと案内すること,みちびく,導く（最適な解決策へ案内する）,導く（人々を目的地へ案内する）,観光地のベテランガイド,「手順を示すアルゴリズム」とかけて、「観光地のベテランガイド」と解く。その心は「どちらも『導く』でしょう。」,
,多義語型,手順を示すアルゴリズム,より良い状態や効率的な処理へと進めること,かいぜん,改善（処理の効率化や最適化）,改善（体調や状況が好転すること）,体調を崩していた患者,「手順を示すアルゴリズム」とかけて、「体調を崩していた患者」と解く。その心は「どちらも『改善』でしょう。」,
,フレーズ・慣用句型,手順を示すアルゴリズム,論理的な順序や計画を構築すること,すじみちをたてる,筋道を立てる（論理的な手順を構築する）,筋道を立てる（物理的な道や線路を建設する）,新しい鉄道を敷設する工事責任者,「手順を示すアルゴリズム」とかけて、「新しい鉄道を敷設する工事責任者」と解く。その心は「どちらも『筋道を立てる』でしょう。」,
,フレーズ・慣用句型,手順を示すアルゴリズム,余計な労力なくスムーズに進行すること,てまなくすすむ,手間なく進む（自動的かつ効率的に処理が進む）,手間なく進む（人手を使わずに作業が進む）,最新の自動化された工場ライン,「手順を示すアルゴリズム」とかけて、「最新の自動化された工場ライン」と解く。その心は「どちらも『手間なく進む』でしょう。」,
,完全な同音異義語型,責任を負う義務,重大で逃れられない負担,おもい,責任が「重い」,「想い」,叶わぬ初恋,「責任を負う義務」とかけて、「叶わぬ初恋」と解く。その心は「どちらも『重い（想い）』でしょう。」,
,完全な同音異義語型,責任を負う義務,役割として引き受けること,になう,責任を「担う」,「荷なう」,重い荷物を運ぶ運送業者,「責任を負う義務」とかけて、「重い荷物を運ぶ運送業者」と解く。その心は「どちらも『担う（荷なう）』でしょう。」,
,多義語型,責任を負う義務,果たすべき役割,やくめ,重要な「役目」,「役目」（演劇などでの役割）,芝居で大役を演じる俳優,「責任を負う義務」とかけて、「芝居で大役を演じる俳優」と解く。その心は「どちらも『役目』でしょう。」,
,多義語型,責任を負う義務,プレッシャーや負担を引き受けること,せおう,責任を「背負う」,「背負う」（物理的に背に乗せる）,重いリュックサックを背負う登山家,「責任を負う義務」とかけて、「重いリュックサックを背負う登山家」と解く。その心は「どちらも『背負う』でしょう。」,
,フレーズ・慣用句型,責任を負う義務,その重さがのしかかる様子,かたにかかる,責任が「肩にかかる」,「肩にかかる」（物理的に物が接触する）,重いショルダーバッグを下げた買い物客,「責任を負う義務」とかけて、「重いショルダーバッグを下げた買い物客」と解く。その心は「どちらも『肩にかかる』でしょう。」,
,フレーズ・慣用句型,責任を負う義務,困難な状況や課題を乗り越えること,のりこえる,困難を「乗り越える」,「乗り越える」（物理的な障害を越える）,陸上競技のハードル走の選手,「責任を負う義務」とかけて、「陸上競技のハードル走の選手」と解く。その心は「どちらも『乗り越える』でしょう。」,
,完全な同音異義語型,本質を抜く抽象化,具体的な細部を無視する、不要なものを省く,むしする,無視する（細部を無視する）,蒸しする（食材を蒸し器で加熱する）,料理人が食材を調理する様子,「本質を抜く抽象化」とかけて、「料理人が食材を調理する様子」と解く。その心は「どちらも『無視する（蒸しする）』でしょう。」,
,完全な同音異義語型,本質を抜く抽象化,要素を抜き出し、パターンや形を見出す,かた,型（本質から概念的な型を生成する）,肩（身体の肩）,相撲取り,「本質を抜く抽象化」とかけて、「相撲取り」と解く。その心は「どちらも『型（肩）』でしょう。」,
,多義語型,本質を抜く抽象化,複雑な情報をシンプルに整理する、要点を集約する,まとめる,まとめる（情報をまとめて抽象化する）,まとめる（散らかった髪を束ねる）,長い髪の女性,「本質を抜く抽象化」とかけて、「長い髪の女性」と解く。その心は「どちらも『まとめる』でしょう。」,
,多義語型,本質を抜く抽象化,本質的な骨格や構成要素を明らかにする、構造化する,こうぞう,構造（本質的な構造を取り出す）,構造（建物の基礎となる構造）,建築家,「本質を抜く抽象化」とかけて、「建築家」と解く。その心は「どちらも『構造』でしょう。」,
,フレーズ・慣用句型,本質を抜く抽象化,余分な情報や要素を削り取り、シンプルにする,そぎおとす,削ぎ落とす（枝葉の情報を削ぎ落とす）,削ぎ落とす（余分な脂肪を削ぎ落とす）,ダイエット中の人,「本質を抜く抽象化」とかけて、「ダイエット中の人」と解く。その心は「どちらも『削ぎ落とす』でしょう。」,
,フレーズ・慣用句型,本質を抜く抽象化,複雑な事象の中から核心や要点を見つけ出す,ちゅうしんをさぐる,中心を探る（本質的な意味の中心を探る）,中心を探る（迷路の中心部を探し進む）,迷路の挑戦者,「本質を抜く抽象化」とかけて、「迷路の挑戦者」と解く。その心は「どちらも『中心を探る』でしょう。」,
,多義語型,形を残す芸術,作品を完成させるために労力を費やす,てをかける,作品に手をかける（手間や時間をかけて制作する）,子供に手をかける（愛情や世話を注ぎ育てる）,子育て中の親,形を残す芸術とかけて、子育て中の親と解く。その心は『どちらも手をかける』でしょう。,
,完全な同音異義語型,形を残す芸術,彫刻刀などで素材を削り出す行為,ほる,彫る（木や石などを彫り刻む）,掘る（地面に穴を開ける）,モグラ,形を残す芸術とかけて、モグラと解く。その心は『どちらも掘る』でしょう。,
,フレーズ・慣用句型,形を残す芸術,完成した作品が世に出て、人々の視覚に触れる,めにする,作品を目にする（視覚で捉え鑑賞する）,惨状を目にする（偶然にひどい状況を見る）,災害現場の目撃者,形を残す芸術とかけて、災害現場の目撃者と解く。その心は『どちらも目にする』でしょう。,
,多義語型,形を残す芸術,完成形が具体的に現れ、存在するようになる,すがたをあらわす,完成品が姿を現す（作品として具現化する）,容疑者が姿を現す（隠れていた人物が公衆の面前に出る）,逃亡犯,形を残す芸術とかけて、逃亡犯と解く。その心は『どちらも姿を現す』でしょう。,
,完全な同音異義語型,形を残す芸術,粘土や石膏などで形を作り出すこと,ぞうけい,造形（形を作り出すこと、美術表現）,漕艇（ボートを漕ぐスポーツ）,ボート選手,形を残す芸術とかけて、ボート選手と解く。その心は『どちらも造形（漕艇）する』でしょう。,
,フレーズ・慣用句型,形を残す芸術,作り手が作品に精神や感情、真心を傾ける,こころをこめる,作品に心を込める（真心を込めて制作する）,贈り物に心を込める（真心を添えて贈る）,プレゼントを選ぶ人,形を残す芸術とかけて、プレゼントを選ぶ人と解く。その心は『どちらも心を込める』でしょう。,
,多義語型,危険を避けるリスク管理,危険に対し、前もって準備し構えること,みがまえる,身構える,身構える（物理的に体を構える）,剣道の試合で相手と対峙する選手,「危険を避けるリスク管理」とかけて、「剣道の試合で相手と対峙する選手」と解く。その心は「どちらも『身構える』でしょう。」,
,多義語型,危険を避けるリスク管理,不要な要素や危険源を排除すること,とりさる,取り去る,取り去る（物理的に何かを取り除く）,庭に生えた厄介な雑草,「危険を避けるリスク管理」とかけて、「庭に生えた厄介な雑草」と解く。その心は「どちらも『取り去る』ことが大切でしょう。」,
,完全な同音異義語型,危険を避けるリスク管理,問題が起こる前にその可能性を事前に察知すること,よち,予知,余地（残されたスペースや可能性）,びっしりと書き込まれた手帳の最後のページ,「危険を避けるリスク管理」とかけて、「びっしりと書き込まれた手帳の最後のページ」と解く。その心は「どちらも『よち（予知/余地）がない』と困るでしょう。」,
,完全な同音異義語型,危険を避けるリスク管理,情報や資産、システムなどを安全に保つこと,ほぜん,保全,補填（不足分を補うこと）,赤字で経営が苦しい会社の資金,「危険を避けるリスク管理」とかけて、「赤字で経営が苦しい会社の資金」と解く。その心は「どちらも『ほぜん（保全/補填）』が重要でしょう。」,
,フレーズ・慣用句型,危険を避けるリスク管理,問題が発生する前に適切な対策を講じること,てをうつ,手を打つ,手を打つ（物理的に手を叩く、相撲で手をつく）,伝統芸能の祭りで出演者が舞台に上がる直前,「危険を避けるリスク管理」とかけて、「伝統芸能の祭りで出演者が舞台に上がる直前」と解く。その心は「どちらも『手を打つ』でしょう。」,
,フレーズ・慣用句型,危険を避けるリスク管理,異常がないか注意深く監視すること,めをひからせる,目を光らせる（厳しく監視する）,目を光らせる（動物の目が光る）,夜行性の動物が暗闇で獲物を探し回る時,「危険を避けるリスク管理」とかけて、「夜行性の動物が暗闇で獲物を探し回る時」と解く。その心は「どちらも『目を光らせる』でしょう。」,
,完全な同音異義語型,組織を動かすマネジメント,目標や方針を決定する,きめる,決める,極める,武道の達人,「組織を動かすマネジメント」とかけて、「武道の達人」と解く。その心は「どちらも道を『きめる（決める/極める）』でしょう。」,
,完全な同音異義語型,組織を動かすマネジメント,困難な状況や問題に対応する,たいしょ,対処,大暑,真夏のゴルフ,「組織を動かすマネジメント」とかけて、「真夏のゴルフ」と解く。その心は「どちらも『たいしょ（対処/大暑）』に苦労するでしょう。」,
,多義語型,組織を動かすマネジメント,意見や人々をまとめる,まとめる,まとめる,まとめる,引っ越し準備,「組織を動かすマネジメント」とかけて、「引っ越し準備」と解く。その心は「どちらも散らかったものを『まとめる』でしょう。」,
,多義語型,組織を動かすマネジメント,人員や資源を適切に配置する,はいち,配置,配置,庭師,「組織を動かすマネジメント」とかけて、「庭師」と解く。その心は「どちらも最適な『はいち（配置）』を考えるでしょう。」,
,フレーズ・慣用句型,組織を動かすマネジメント,意見や関係を調整する,ちょうせいする,調整する,調整する,ラジオDJ,「組織を動かすマネジメント」とかけて、「ラジオDJ」と解く。その心は「どちらも様々な要素を『ちょうせいする（調整する）』でしょう。」,
,フレーズ・慣用句型,組織を動かすマネジメント,将来の動向やリスクを予測する,さきをみとおす,先を見通す,先を見通す,霧の濃い道を運転するドライバー,「組織を動かすマネジメント」とかけて、「霧の濃い道を運転するドライバー」と解く。その心は「どちらも『さきをみとおす（先を見通す）』ことが求められるでしょう。」,
,完全な同音異義語型,役割を分ける分業,それぞれの仕事の責任を持つ,たんとう,仕事の「担当」,武器の「短刀」,江戸時代の侍,「役割を分ける分業」とかけて、「江戸時代の侍」と解く。その心は「どちらも『担当／短刀』でしょう。」,
,完全な同音異義語型,役割を分ける分業,仕事の「分」け前がある,ぶん,仕事の「分」担,文章の「文」,小学校の国語の授業,「役割を分ける分業」とかけて、「小学校の国語の授業」と解く。その心は「どちらも『分／文』でしょう。」,
,多義語型,役割を分ける分業,仕事の範囲が明確になる,はんいをさだめる,仕事の「範囲を定める」,縄張りの「範囲を定める」,縄張りを決める動物,「役割を分ける分業」とかけて、「縄張りを決める動物」と解く。その心は「どちらも『範囲を定める』でしょう。」,
,多義語型,役割を分ける分業,特定の作業に特化する,とっかする,役割が「特化する」,特定の環境に適応して「特化する」,深海に生息する珍しい魚,「役割を分ける分業」とかけて、「深海に生息する珍しい魚」と解く。その心は「どちらも『特化する』でしょう。」,
,フレーズ・慣用句型,役割を分ける分業,無駄な作業がなくなる,むだがなくなる,作業の「無駄がなくなる」,ダイエットで余分な脂肪が「無駄がなくなる」,長期間の厳しいダイエット,「役割を分ける分業」とかけて、「長期間の厳しいダイエット」と解く。その心は「どちらも『無駄がなくなる』でしょう。」,
,フレーズ・慣用句型,役割を分ける分業,それぞれに持ち場がある,もちばがある,各自の「持ち場がある」,戦場で兵士に「持ち場がある」,戦争映画の兵士,「役割を分ける分業」とかけて、「戦争映画の兵士」と解く。その心は「どちらも『持ち場がある』でしょう。」,
,完全な同音異義語型,考えを深める哲学,思考が奥深くなる、探求する、問い続ける,ふかめる,深める（思考を「深める」）,蒸かめる（芋などを「蒸かめる」）,蒸し芋作り名人,考えを深める哲学とかけて、蒸し芋作り名人と解く。その心は「どちらも『深める（蒸かめる）』でしょう。」,
,完全な同音異義語型,考えを深める哲学,根源的な問い、本質を探る、原理を問う,げんり,原理（物事の「原理」を追究する）,減り（数が「減り」続ける）,少子高齢化問題,考えを深める哲学とかけて、少子高齢化問題と解く。その心は「どちらも『原理（減り）』でしょう。」,
,多義語型,考えを深める哲学,概念を構築する、体系化する,かたちにする,形にする（漠然とした思考を具体的な「形にする」）,形にする（粘土で「形にする」）,粘土細工職人,考えを深める哲学とかけて、粘土細工職人と解く。その心は「どちらも『形にする』でしょう。」,
,多義語型,考えを深める哲学,思考を整理する、概念を明確にする,せいりする,整理する（考えを「整理する」）,整理する（書類を「整理する」）,忙しい書斎,考えを深める哲学とかけて、忙しい書斎と解く。その心は「どちらも『整理する』でしょう。」,
,フレーズ・慣用句型,考えを深める哲学,普遍的な真理を追求する、答えが出にくい,こたえがでない,答えが出ない（普遍的な真理は「答えが出ない」こともある）,答えが出ない（算数の問題で「答えが出ない」）,難しい算数のテストに挑む生徒,考えを深める哲学とかけて、難しい算数のテストに挑む生徒と解く。その心は「どちらも『答えが出ない』でしょう。」,
,フレーズ・慣用句型,考えを深める哲学,複雑な思考を紐解く、本質に迫る,ふみこむ,踏み込む（本質に「踏み込む」）,踏み込む（アクセルを「踏み込む」）,全速力で走る車の運転手,考えを深める哲学とかけて、全速力で走る車の運転手と解く。その心は「どちらも『踏み込む』でしょう。」,
,完全な同音異義語型,枠組みを作る構造,部材を「組み合わせて」構成される,くみ,組,汲み,井戸水,「枠組みを作る構造」とかけて、「井戸水」と解く。その心は「どちらも『汲み（組）』でしょう。」,
,完全な同音異義語型,枠組みを作る構造,物事を「区切る」もの,わく,枠,湧く,温泉,「枠組みを作る構造」とかけて、「温泉」と解く。その心は「どちらも『湧く（枠）』でしょう。」,
,多義語型,枠組みを作る構造,物理的に何かを「支える」役割を持つ,ささえる,支える,支える,家族を養う人,「枠組みを作る構造」とかけて、「家族を養う人」と解く。その心は「どちらも『支える』でしょう。」,
,多義語型,枠組みを作る構造,何かの「型」となり、それに沿って作られる,かた,型,肩,力仕事で頼りになる人,「枠組みを作る構造」とかけて、「力仕事で頼りになる人」と解く。その心は「どちらも『肩（型）』でしょう。」,
,フレーズ・慣用句型,枠組みを作る構造,物理的にしっかりとした「土台」がある,どだいをきづく,土台を築く,土台を築く,ベンチャー企業の創業者,「枠組みを作る構造」とかけて、「ベンチャー企業の創業者」と解く。その心は「どちらも『土台を築く』でしょう。」,
,フレーズ・慣用句型,枠組みを作る構造,物事の物理的な「骨子」となる部分,ほねぐみ,骨組み,骨組み,小説家,「枠組みを作る構造」とかけて、「小説家」と解く。その心は「どちらも『骨組み』でしょう。」,
,多義語型,次へ繋ぐ継承,世代や役割が引き継がれること,つなぐ,繋ぐ,繋ぐ,迷子にならないように子供の手を繋ぐ親,次へ繋ぐ継承とかけて、迷子にならないように子供の手を繋ぐ親と解く。その心は『どちらも「繋ぐ」でしょう。』,
,フレーズ・慣用句型,次へ繋ぐ継承,過去のものを大切にし、未来へ伝えていく責任,いのちをふきこむ,命を吹き込む,命を吹き込む,制作中の精巧な人形師,次へ繋ぐ継承とかけて、制作中の精巧な人形師と解く。その心は『どちらも「命を吹き込む」でしょう。』,
,完全な同音異義語型,次へ繋ぐ継承,物事が後世に伝わること,つたわる,伝わる,伝わる,噂話,次へ繋ぐ継承とかけて、噂話と解く。その心は『どちらも「伝わる」でしょう。』,
,多義語型,次へ繋ぐ継承,先代の意思や遺志を受け継ぐこと,うけつぐ,受け継ぐ,受け継ぐ,リレーのアンカー,次へ繋ぐ継承とかけて、リレーのアンカーと解く。その心は『どちらも「受け継ぐ」でしょう。』,
,フレーズ・慣用句型,次へ繋ぐ継承,途切れることなく続いていく様子,ながれをくむ,流れを汲む,流れを汲む,谷で水を汲む人,次へ繋ぐ継承とかけて、谷で水を汲む人と解く。その心は『どちらも「流れを汲む」でしょう。』,
,完全な同音異義語型,次へ繋ぐ継承,次の世代へと渡すこと,わたす,渡す,渡す,渡し船,次へ繋ぐ継承とかけて、渡し船と解く。その心は『どちらも「渡す」でしょう。』,
,完全な同音異義語型,汗だくになる満員電車,蒸し暑く、体温が高い状態,あつい,暑い,熱い,白熱した議論,汗だくになる満員電車とかけて、白熱した議論と解く。その心は「どちらも『暑い（熱い）』でしょう。」,
,多義語型,汗だくになる満員電車,人が密集し、物理的に身動きができない状態,みうごきがとれない,身動きが取れない,身動きが取れない,資金繰りに苦しむ中小企業の社長,汗だくになる満員電車とかけて、資金繰りに苦しむ中小企業の社長と解く。その心は「どちらも『身動きが取れない』でしょう。」,
,フレーズ・慣用句型,汗だくになる満員電車,人と人が密着し、物理的に肌が触れ合う状態,はだがふれあう,肌が触れ合う,心が触れ合う,長年の友情を確かめ合う二人組,汗だくになる満員電車とかけて、長年の友情を確かめ合う二人組と解く。その心は「どちらも『肌が触れ合う（心が触れ合う）』でしょう。」,
,完全な同音異義語型,汗だくになる満員電車,汗や湿気で服や体が濡れる状態,しまる,湿る,締まる,緊張感漂う会議室,汗だくになる満員電車とかけて、緊張感漂う会議室と解く。その心は「どちらも『湿る（締まる）』でしょう。」,
,多義語型,汗だくになる満員電車,身体が押し付けられ、姿勢が辛く、物理的に腰が曲がりそうになる状態,こしがおれる,腰が折れる,腰が折れる,傲慢だったライバルが敗北を認めること,汗だくになる満員電車とかけて、傲慢だったライバルが敗北を認めることと解く。その心は「どちらも『腰が折れる』でしょう。」,
,フレーズ・慣用句型,汗だくになる満員電車,人が多くて息苦しく、呼吸が困難な状態,いきをのむ,息をのむ,息をのむ,劇的な試合展開に固唾をのむ観客,汗だくになる満員電車とかけて、劇的な試合展開に固唾をのむ観客と解く。その心は「どちらも『息をのむ』でしょう。」,
,完全な同音異義語型,声が枯れるカラオケ,声を出しすぎて喉がダメージを受け、声が出にくくなる,かれる,枯れる（声が枯れる）,枯れる（植物が枯れる）,水やりを忘れた植木,声が枯れるカラオケとかけて、水やりを忘れた植木と解く。その心は『どちらも「かれる」でしょう。』,
,多義語型,声が枯れるカラオケ,声量の限界に達し、声が出なくなる、尽きる,つきる,尽きる（声量が尽きる）,尽きる（資源や燃料がなくなる）,ガス欠を起こした自動車,声が枯れるカラオケとかけて、ガス欠を起こした自動車と解く。その心は『どちらも「尽きる」でしょう。』,
,フレーズ・慣用句型,声が枯れるカラオケ,喉を酷使し、負担をかける,のどをいじめる,喉をいじめる,いじめる（弱いものをいじめる）,力のない相手を責める人,声が枯れるカラオケとかけて、力のない相手を責める人と解く。その心は『どちらも「いじめる」でしょう。』,
,完全な同音異義語型,声が枯れるカラオケ,声が低くかすれる、声質がガラガラになる,がらがら,ガラガラ（声がガラガラ）,ガラガラ（客足が少ない様子）,人気の少ない飲食店,声が枯れるカラオケとかけて、人気の少ない飲食店と解く。その心は『どちらも「がらがら」でしょう。』,
,多義語型,声が枯れるカラオケ,歌っている途中で声が途切れる、出なくなる,とぎれる,途切れる（声が途切れる）,途切れる（連絡や関係が絶える）,しばらく会っていない友との関係,声が枯れるカラオケとかけて、しばらく会っていない友との関係と解く。その心は『どちらも「途切れる」でしょう。』,
,フレーズ・慣用句型,声が枯れるカラオケ,喉に負担がかかり、その状態を心配する,こころをいためる,喉を痛める,心を痛める（精神的に苦しむ）,子の将来を案じる親,声が枯れるカラオケとかけて、子の将来を案じる親と解く。その心は『どちらも「痛める」でしょう。』,
,完全な同音異義語型,足が棒になる立ち仕事,足が疲労で硬く感じる状態,かたい,足が『硬い』,口が『堅い』,秘密を守る人,足が棒になる立ち仕事とかけて、秘密を守る人と解く。その心は「どちらも『かたい』でしょう。」,
,完全な同音異義語型,足が棒になる立ち仕事,疲労回復のために休息が必要な状態,きゅうそく,『休息』が必要,物事が『急速』に進むこと,IT技術の進歩,足が棒になる立ち仕事とかけて、IT技術の進歩と解く。その心は「どちらも『きゅうそく（休息・急速）』でしょう。」,
,多義語型,足が棒になる立ち仕事,疲労困憊で動きが止まってしまう状態,とまる,動きが『止まる』,宿泊施設に『泊まる』,旅行中の客,足が棒になる立ち仕事とかけて、旅行中の客と解く。その心は「どちらも『とまる（止まる・泊まる）』でしょう。」,
,多義語型,足が棒になる立ち仕事,疲労した足を物理的に伸ばしたい状態,のばす,足の筋肉を『伸ばす』,計画の期間を『延ばす』,納期を延長したいプロジェクトリーダー,足が棒になる立ち仕事とかけて、納期を延長したいプロジェクトリーダーと解く。その心は「どちらも『のばす（伸ばす・延ばす）』でしょう。」,
,フレーズ・慣用句型,足が棒になる立ち仕事,あまりの疲労に一時的な休憩を求める状態,ひとやすみ,『一休み』したい,雨が『一休み』する,土砂降りが小康状態になった空,足が棒になる立ち仕事とかけて、土砂降りが小康状態になった空と解く。その心は「どちらも『ひとやすみ』でしょう。」,
,フレーズ・慣用句型,足が棒になる立ち仕事,足の筋肉が硬直し、動かしにくくなる感覚,かたまる,足の筋肉が『固まる』,流し込んだセメントが『固まる』,建設現場のコンクリート,足が棒になる立ち仕事とかけて、建設現場のコンクリートと解く。その心は「どちらも『かたまる（固まる）』でしょう。」,
,多義語型,目がしょぼしょぼするデスクワーク,目が疲れて、視界がぼんやりとする状態,かすむ,霞む (目が霞む),霞む (景色が霞む),春の日の遠い山,「目がしょぼしょぼするデスクワーク」とかけて、「春の日の遠い山」と解く。その心は『どちらも「霞む」でしょう。』,
,フレーズ・慣用句型,目がしょぼしょぼするデスクワーク,目が疲れ、細かいものが見えづらくなる状態,めがふしあな,目が節穴 (疲れて目が節穴のようだ),目が節穴 (竹垣の穴),竹垣,「目がしょぼしょぼするデスクワーク」とかけて、「竹垣」と解く。その心は『どちらも「目が節穴」でしょう。』,
,完全な同音異義語型,目がしょぼしょぼするデスクワーク,目が乾燥して、潤いが足りない状態,かんそう,乾燥 (目が乾燥する),感想 (読んだ内容に対する思い),読書感想文,「目がしょぼしょぼするデスクワーク」とかけて、「読書感想文」と解く。その心は『どちらも「感想」でしょう。』,
,多義語型,目がしょぼしょぼするデスクワーク,画面の小さな文字などに対し、集中して目を凝らす行為,こらす,凝らす (目を凝らす),凝らす (工夫を凝らす),新しいアイデアを考える開発者,「目がしょぼしょぼするデスクワーク」とかけて、「新しいアイデアを考える開発者」と解く。その心は『どちらも「凝らす」でしょう。』,
,完全な同音異義語型,目がしょぼしょぼするデスクワーク,目の疲れにより、見える範囲や明瞭さが低下する状態,しや,視野 (目の視野),死者 (亡くなった人),災害の犠牲者に関するニュース,「目がしょぼしょぼするデスクワーク」とかけて、「災害の犠牲者に関するニュース」と解く。その心は『どちらも「死者（視野）」でしょう。』,
,フレーズ・慣用句型,目がしょぼしょぼするデスクワーク,眠気や疲労で、目を閉じて休みたくなる状態や行為,めをとじる,目を閉じる (疲労で目を閉じる),目を閉じる (人生の終わり),天寿を全うした人,「目がしょぼしょぼするデスクワーク」とかけて、「天寿を全うした人」と解く。その心は『どちらも「目を閉じる」でしょう。』,
,完全な同音異義語型,お腹が鳴るダイエット,体重が少なくなること,げんりょう,減量,原料,工場,お腹が鳴るダイエットとかけて、工場と解く。その心は『どちらも「原料」でしょう。』,
,完全な同音異義語型,お腹が鳴るダイエット,お腹から音が出る状態,なる,鳴る,成る,願いが叶った人,お腹が鳴るダイエットとかけて、願いが叶った人と解く。その心は『どちらも「成る」でしょう。』,
,多義語型,お腹が鳴るダイエット,体が痩せて小さくなること,ほそい,細い,細い,山の中の獣道,お腹が鳴るダイエットとかけて、山の中の獣道と解く。その心は『どちらも「細い」でしょう。』,
,多義語型,お腹が鳴るダイエット,食事や食べたい気持ちを自制すること,ひかえる,控える,控える,出番を待つ演者,お腹が鳴るダイエットとかけて、出番を待つ演者と解く。その心は『どちらも「控える」でしょう。』,
,フレーズ・慣用句型,お腹が鳴るダイエット,胃の中が空になること,からっぽ,空っぽ,空っぽ,財布を落とした人,お腹が鳴るダイエットとかけて、財布を落とした人と解く。その心は『どちらも「空っぽ」でしょう。』,
,フレーズ・慣用句型,お腹が鳴るダイエット,食事を減らすこと,ぬく,食事を抜く,気を抜く,大事なプレゼンを前にした営業マン,お腹が鳴るダイエットとかけて、大事なプレゼンを前にした営業マンと解く。その心は『どちらも「抜く」でしょう。』,
,完全な同音異義語型,涙もろくなる結婚式,感動の涙が目から「出る」,でる,涙が「出る」,電車が「出る」,出発する電車,涙もろくなる結婚式とかけて、出発する電車と解く。その心は『どちらも「出る」でしょう。』,
,完全な同音異義語型,涙もろくなる結婚式,感情が「感動」する,かんどう,「感動」,主要な「幹道」,主要な道路,涙もろくなる結婚式とかけて、主要な道路と解く。その心は『どちらも「かんどう（感動／幹道）」でしょう。』,
,多義語型,涙もろくなる結婚式,新しい人生の「門出に立つ」,たつ,門出に「立つ」,波が「立つ」,荒れた海,涙もろくなる結婚式とかけて、荒れた海と解く。その心は『どちらも「波が立つ」でしょう。』,
,多義語型,涙もろくなる結婚式,新郎新婦が夫婦として「結ばれる」,むすばれる,夫婦として「結ばれる」,ひもが「結ばれる」,ほどけた靴ひも,涙もろくなる結婚式とかけて、ほどけた靴ひもと解く。その心は『どちらも「結ばれる」でしょう。』,
,フレーズ・慣用句型,涙もろくなる結婚式,感動で「涙腺が緩む」,ゆるむ,涙腺が「緩む」,ベルトが「緩む」,食いしん坊がお腹いっぱいになった後のベルト,涙もろくなる結婚式とかけて、食いしん坊がお腹いっぱいになった後のベルトと解く。その心は『どちらも「緩む」でしょう。』,
,フレーズ・慣用句型,涙もろくなる結婚式,感動が深く「涙なしでは語れない」,かたれない,涙なしでは「語れない」,緊張でスピーチが「語れない」,緊張してスピーチができない人,涙もろくなる結婚式とかけて、緊張してスピーチができない人と解く。その心は『どちらも「語れない」でしょう。』,
,多義語型,息が切れる階段上り,呼吸が苦しくなり、体力の限界に達すること,きれる,息が切れる,腕が切れる（技量が高い）,ベテランの職人,息が切れる階段上りとかけて、ベテランの職人と解く。その心は「どちらも『キレる』でしょう」。,
,完全な同音異義語型,息が切れる階段上り,呼吸が激しくなる、体が熱くなる,あがる,息が上がる,揚がる（天ぷらなど）,揚げたての天ぷら,息が切れる階段上りとかけて、揚げたての天ぷらと解く。その心は「どちらも『あがる』でしょう」。,
,フレーズ・慣用句型,息が切れる階段上り,身体的に非常に疲労し、大変な努力が必要な状態,ほねがおれる,骨が折れる,骨が折れる（大変な努力をする）,新入社員の教育係,息が切れる階段上りとかけて、新入社員の教育係と解く。その心は「どちらも『骨が折れる』でしょう」。,
,多義語型,息が切れる階段上り,階段の終点や目的地が視野に入ること,さきがみえる,先が見える,先が見える（未来の展望）,新規事業の企画担当者,息が切れる階段上りとかけて、新規事業の企画担当者と解く。その心は「どちらも『先が見える』でしょう」。,
,完全な同音異義語型,息が切れる階段上り,疲れて途中で動きを止めること,とまる,止まる,泊まる（宿泊する）,疲れた旅人,息が切れる階段上りとかけて、疲れた旅人と解く。その心は「どちらも『とまる』でしょう」。,
,フレーズ・慣用句型,息が切れる階段上り,乱れた呼吸を落ち着かせること,いきをととのえる,息を整える,息を整える（精神的な準備、態勢を立て直す）,大事な交渉に臨むビジネスパーソン,息が切れる階段上りとかけて、大事な交渉に臨むビジネスパーソンと解く。その心は「どちらも『息を整える』でしょう」。,
,フレーズ・慣用句型,肩がこるパソコン作業,長時間同じ姿勢で作業することによる身体的負担、特に肩の筋肉が固まる状態。,かたがこる,肩が凝る（身体的な状態）,肩が凝る（精神的な緊張や気疲れ）,お見合いで緊張している人,肩がこるパソコン作業とかけて、お見合いで緊張している人と解く。その心は『どちらも肩が凝る』でしょう。,
,多義語型,肩がこるパソコン作業,筋肉が固まる状態。,こる,凝る（筋肉が固まる）,凝る（熱中する、夢中になる、趣向を凝らす）,趣味に凝る人,肩がこるパソコン作業とかけて、趣味に凝る人と解く。その心は『どちらも凝る』でしょう。,
,完全な同音異義語型,肩がこるパソコン作業,目を酷使することによる疲労。,がんせい,眼精（疲労）,岩石,岩石採集家,肩がこるパソコン作業とかけて、岩石採集家と解く。その心は『どちらもガンセイ』でしょう。,
,フレーズ・慣用句型,肩がこるパソコン作業,集中しすぎて時間の経過を忘れてしまうこと。,じかんをわすれる,時間を忘れる（作業に没頭して）,時間を忘れる（楽しいことに没頭して）,夢中で遊ぶ子供,肩がこるパソコン作業とかけて、夢中で遊ぶ子供と解く。その心は『どちらも時間を忘れる』でしょう。,
,多義語型,肩がこるパソコン作業,無理をして長時間集中し続ける状態。,ねをつめる,根を詰める（無理をして一つのことに集中する）,詰める（間隔をなくす、充填する、押し込む）,荷物を箱に詰める引っ越し作業員,肩がこるパソコン作業とかけて、荷物を箱に詰める引っ越し作業員と解く。その心は『どちらも詰める』でしょう。,
,完全な同音異義語型,肩がこるパソコン作業,肩の筋肉が固まり、不調を感じる状態。,かたこり,肩凝り（身体の不調）,形彫り（彫刻の技法）,木彫りの職人,肩がこるパソコン作業とかけて、木彫りの職人と解く。その心は『どちらもカタコリ』でしょう。,
,完全な同音異義語型,寒空の下で待つ行列,寒さに体がふるえること,ふるえ,震え,古絵（古い絵画）,骨董品店に飾られている絵画,寒空の下で待つ行列とかけて、骨董品店に飾られている絵画と解く。その心は「どちらも『ふるえ』があるでしょう。」,
,完全な同音異義語型,寒空の下で待つ行列,じっと動かず耐え忍ぶこと,がまん,我慢,画板,美術の授業で使う道具,寒空の下で待つ行列とかけて、美術の授業で使う道具と解く。その心は「どちらも『がまん』が必要でしょう。」,
,多義語型,寒空の下で待つ行列,待ち時間が非常に長いこと,ながい,待ち時間が長い,首が長い,キリン,寒空の下で待つ行列とかけて、キリンと解く。その心は「どちらも『ながい』でしょう。」,
,多義語型,寒空の下で待つ行列,目的地に向かって進むこと,さきをめざす,先を目指す,岬を目指す,航海中の船,寒空の下で待つ行列とかけて、航海中の船と解く。その心は「どちらも『先を目指す』でしょう。」,
,フレーズ・慣用句型,寒空の下で待つ行列,寒さで体を縮こませ、身を低くする状態,みをかがめる,身をかがめる（寒さで）,身を隠す（姿勢を低くして）,敵から逃れて隠れている忍者,寒空の下で待つ行列とかけて、敵から逃れて隠れている忍者と解く。その心は「どちらも『身をかがめる』でしょう。」,
,フレーズ・慣用句型,寒空の下で待つ行列,列が途切れることなく続いていく様子,きりがない,切りがない（列が）,切りがない（際限がない）,やることが多すぎる社長,寒空の下で待つ行列とかけて、やることが多すぎる社長と解く。その心は「どちらも『きりがない』でしょう。」,
,フレーズ・慣用句型,顔が引きつる愛想笑い,顔の筋肉が硬直し、表情が『固まる』。,かたまる,表情が『固まる』,水分が失われて『固まる』,水分が蒸発した粘土,「顔が引きつる愛想笑い」とかけて、「水分が失われた粘土」と解く。その心は『どちらも「固まる」でしょう。』,
,フレーズ・慣用句型,顔が引きつる愛想笑い,不自然な笑いを『無理に作る』状態。本心ではない。,むりがある,不自然な表情に『無理がある』,計画や構造に『無理がある』,無理な設計の橋,「顔が引きつる愛想笑い」とかけて、「無理な設計の橋」と解く。その心は『どちらも「無理がある」でしょう。』,
,多義語型,顔が引きつる愛想笑い,顔の筋肉が『収縮する』『硬直する』。,つる,顔が『つる』,魚を『釣る』,湖畔で大物を狙う釣り人,「顔が引きつる愛想笑い」とかけて、「湖畔で大物を狙う釣り人」と解く。その心は『どちらも「つる」でしょう。』,
,多義語型,顔が引きつる愛想笑い,相手に合わせるために『表情を作る』。見せかけの表情。,つくる,表情を『作る』,物を『造る』,精巧な模型を造る職人,「顔が引きつる愛想笑い」とかけて、「精巧な模型を造る職人」と解く。その心は『どちらも「つくる」でしょう。』,
,完全な同音異義語型,顔が引きつる愛想笑い,顔の筋肉が『攣る』状態。,つる,顔が『攣る』,空を飛ぶ鳥の『鶴』,大空を舞う長寿の鳥,「顔が引きつる愛想笑い」とかけて、「大空を舞う長寿の鳥」と解く。その心は『どちらも「つる」でしょう。』,
,完全な同音異義語型,顔が引きつる愛想笑い,相手に『気を使う』行為。,きをつかう,相手に『気を使う』,建設現場で『木を使う』,伝統的な木造建築を手がける大工,「顔が引きつる愛想笑い」とかけて、「伝統的な木造建築を手がける大工」と解く。その心は『どちらも「木を使う」でしょう。』,
,完全な同音異義語型,胃が縮むクレーム対応,精神的な緊張、恐怖で胃が小さくなるような感覚,きんちょう,緊張,錦鳥,美しい羽を持つオーストラリアの鳥,胃が縮むクレーム対応とかけて、美しい羽を持つオーストラリアの鳥と解く。その心は「どちらも『きんちょう（緊張/錦鳥）』でしょう。」,
,完全な同音異義語型,胃が縮むクレーム対応,精神的に落ち込む、気分が沈む,きがめいる,気が滅入る,木が芽生える,春になって地面から顔を出す植物の芽,胃が縮むクレーム対応とかけて、春になって地面から顔を出す植物の芽と解く。その心は「どちらも『きがめいる（気が滅入る/木が芽生える）』でしょう。」,
,多義語型,胃が縮むクレーム対応,心身の調子が悪くなる,わるくなる,悪くなる（体調や気分）,悪くなる（食品が腐敗する）,消費期限が過ぎた生もの,胃が縮むクレーム対応とかけて、消費期限が過ぎた生ものと解く。その心は「どちらも『わるくなる（悪くなる）』でしょう。」,
,多義語型,胃が縮むクレーム対応,精神的に深く落ち込む、気分が沈む,おちこむ,落ち込む（精神的に）,落ち込む（物理的に穴などに）,大雨でぬかるんだ道の大きな水たまり,胃が縮むクレーム対応とかけて、大雨でぬかるんだ道の大きな水たまりと解く。その心は「どちらも『おちこむ（落ち込む）』でしょう。」,
,フレーズ・慣用句型,胃が縮むクレーム対応,精神的な負担、胃の不快感,いがおもい,胃が重い（精神的・肉体的負担）,居が重い（その場の雰囲気が気まずい）,誰も話さない気まずい飲み会,胃が縮むクレーム対応とかけて、誰も話さない気まずい飲み会と解く。その心は「どちらも『いがおもい（胃が重い/居が重い）』でしょう。」,
,フレーズ・慣用句型,胃が縮むクレーム対応,精神的に追い詰められ、窮屈に感じる,かたみがせまい,肩身が狭い（引け目を感じる）,片身が狭い（物理的に衣服などが小さく感じる）,成長して小さくなった服を着ている子供,胃が縮むクレーム対応とかけて、成長して小さくなった服を着ている子供と解く。その心は「どちらも『かたみがせまい（肩身が狭い/片身が狭い）』でしょう。」,
,完全な同音異義語型,飛び跳ねて喜ぶ合格発表,重圧から解き放たれる感覚、喜び,かいほう,解放,開放,夏の夜に開け放たれた窓,飛び跳ねて喜ぶ合格発表とかけて、夏の夜に開け放たれた窓と解く。その心は「どちらも解放（かいほう）」でしょう。,
,完全な同音異義語型,飛び跳ねて喜ぶ合格発表,体が上下に弾む、喜びで心が弾む,はずむ,弾む,弾む,地面をバウンドするボール,飛び跳ねて喜ぶ合格発表とかけて、地面をバウンドするボールと解く。その心は「どちらも弾（はず）む」でしょう。,
,多義語型,飛び跳ねて喜ぶ合格発表,喜びで気持ちが高揚する、心が浮かれる,まいあがる,舞い上がる,舞い上がる,風に乗って高く舞い上がる凧,飛び跳ねて喜ぶ合格発表とかけて、風に乗って高く舞い上がる凧と解く。その心は「どちらも舞い上がる」でしょう。,
,多義語型,飛び跳ねて喜ぶ合格発表,合否の結論が出る、物事が確定する,きまる,決まる,決まる,パリッとスーツを着こなすビジネスマン,飛び跳ねて喜ぶ合格発表とかけて、パリッとスーツを着こなすビジネスマンと解く。その心は「どちらも決まる」でしょう。,
,フレーズ・慣用句型,飛び跳ねて喜ぶ合格発表,努力が実を結ぶ、喜びが満開になる,はながさく,花が咲く,花が咲く,春の訪れを告げる桜並木,飛び跳ねて喜ぶ合格発表とかけて、春の訪れを告げる桜並木と解く。その心は「どちらも花が咲く」でしょう。,
,フレーズ・慣用句型,飛び跳ねて喜ぶ合格発表,喜びで浮かれて落ち着かない様子,ちにあしがつかない,地に足がつかない,地に足がつかない,トランポリンで宙返りする選手,飛び跳ねて喜ぶ合格発表とかけて、トランポリンで宙返りする選手と解く。その心は「どちらも地に足がつかない」でしょう。,
,完全な同音異義語型,眠気と戦う夜勤,意識をはっきりと保ち続ける,たもつ,保つ（意識を保つ）,袂（着物の袖）,着物の袖,「眠気と戦う夜勤」とかけて、「着物の袖」と解く。その心は「どちらも『たもつ』でしょう」。,
,完全な同音異義語型,眠気と戦う夜勤,夜が終わり、朝になるのを待つ,あける,明ける（夜が明ける）,空ける（場所や時間を空ける）,旅行に出かける人,「眠気と戦う夜勤」とかけて、「旅行に出かける人」と解く。その心は「どちらも『家を空ける（夜が明ける）』でしょう」。,
,多義語型,眠気と戦う夜勤,集中力が途切れてしまう,きれる,切れる（集中力が切れる）,切れる（頭の回転が速い、有能である）,有能なビジネスマン,「眠気と戦う夜勤」とかけて、「有能なビジネスマン」と解く。その心は「どちらも『切れる』でしょう」。,
,多義語型,眠気と戦う夜勤,意識をはっきりさせる、目覚める,さます,覚ます（目を覚ます）,冷ます（熱を冷ます）,熱いお茶,「眠気と戦う夜勤」とかけて、「熱いお茶」と解く。その心は「どちらも『さます』でしょう」。,
,フレーズ・慣用句型,眠気と戦う夜勤,睡魔が強く押し寄せてくる,おそう,襲う（睡魔が襲う）,襲われる（危険な目に遭う）,夜道を歩く人,「眠気と戦う夜勤」とかけて、「夜道を歩く人」と解く。その心は「どちらも『襲われる』ことがあるでしょう」。,
,フレーズ・慣用句型,眠気と戦う夜勤,厳しい状況に耐え、維持する,もちこたえる,持ちこたえる（眠気に持ちこたえる）,持ちこたえる（経営状況が維持される）,経営危機に瀕した会社,「眠気と戦う夜勤」とかけて、「経営危機に瀕した会社」と解く。その心は「どちらも『持ちこたえる』のが大変でしょう」。,
,完全な同音異義語型,喉が渇くスピーチ,声が出にくくなる、水分を失う,かれる,嗄れる（声がかすれて出なくなる）,枯れる（植物が水分を失って生命活動を停止する）,水やりのない植木鉢,「喉が渇くスピーチ」とかけて、「水やりのない植木鉢」と解く。その心は『どちらも「かれる」でしょう。』,
,完全な同音異義語型,喉が渇くスピーチ,水分を欲する、喉に潤いがほしい,のどをうるおす,喉を潤す（喉の渇きを癒す）,野道を潤す（野の道に雨が降って湿る）,恵みの雨が降った野道,「喉が渇くスピーチ」とかけて、「恵みの雨が降った野道」と解く。その心は『どちらも「のどをうるおす」でしょう。』,
,多義語型,喉が渇くスピーチ,水分を補給する、飲み物を摂取する,みずをのむ,水を飲む（喉の渇きを癒すために水分を摂る）,水を飲む（不本意ながら相手の言い分を受け入れる）,不利な条件を承諾した交渉人,「喉が渇くスピーチ」とかけて、「不利な条件を承諾した交渉人」と解く。その心は『どちらも「水を飲む」でしょう。』,
,多義語型,喉が渇くスピーチ,話し続ける、長時間発言する,ながいはなし,長い話（スピーチが長時間に及ぶ）,長い話（人間関係や経緯が複雑で、説明に時間を要する）,ベテラン夫婦の馴れ初め話,「喉が渇くスピーチ」とかけて、「ベテラン夫婦の馴れ初め話」と解く。その心は『どちらも「長い話」でしょう。』,
,フレーズ・慣用句型,喉が渇くスピーチ,聞くのが苦痛になる、退屈で飽きる,ききあきる,聞き飽きる（スピーチが長く退屈で聞くのにうんざりする）,聞き飽きる（同じ話や音楽を何度も聞いて、もう十分だと思う）,ラジオから流れる昔のヒット曲,「喉が渇くスピーチ」とかけて、「ラジオから流れる昔のヒット曲」と解く。その心は『どちらも「聞き飽きる」でしょう。』,
,フレーズ・慣用句型,喉が渇くスピーチ,時間が長く感じられる、終わりが見えない,おわりがない,終わりがない（スピーチが長時間にわたり、なかなか終わらない）,終わりがない（作業やタスクが延々と続き、完了が見通せない）,夏休みの宿題が山積みの小学生,「喉が渇くスピーチ」とかけて、「夏休みの宿題が山積みの小学生」と解く。その心は『どちらも「終わりがない」でしょう。』,
,多義語型,手に汗握るスポーツ観戦,興奮して力が入り、手に汗をかく状態,にぎる,手に汗を「握る」,権力を「握る」,会社の経営者,手に汗握るスポーツ観戦とかけて、会社の経営者と解く。その心は『どちらも権力を「握る」でしょう。』,
,フレーズ・慣用句型,手に汗握るスポーツ観戦,集中してじっと見つめ、目をそらせない状態,めがはなせない,「目が離せない」,物理的に「目が離せない」,強力な接着剤でくっついたもの,手に汗握るスポーツ観戦とかけて、強力な接着剤でくっついたものと解く。その心は『どちらも「目が離せない」でしょう。』,
,完全な同音異義語型,手に汗握るスポーツ観戦,試合の終了が近づき、結末が決まる状態,しゅうりょう,試合の「終了」,課程を「修了」する,研修期間を終えた新入社員,手に汗握るスポーツ観戦とかけて、研修期間を終えた新入社員と解く。その心は『どちらも「修了（終了）」でしょう。』,
,多義語型,手に汗握るスポーツ観戦,歓声や応援など、「声を出す」状態,だす,「声を出す」,利益を「出す」,好業績の会社,手に汗握るスポーツ観戦とかけて、好業績の会社と解く。その心は『どちらも「利益（声）を出す」でしょう。』,
,フレーズ・慣用句型,手に汗握るスポーツ観戦,試合展開に焦れて、待ちきれなくなる状態,しびれをきらす,「しびれを切らす」,物理的に「しびれを切らす」,長時間正座した人,手に汗握るスポーツ観戦とかけて、長時間正座した人と解く。その心は『どちらも「しびれを切らす」でしょう。』,
,完全な同音異義語型,手に汗握るスポーツ観戦,試合が最高潮に達し、最も盛り上がる状態,かきょう,試合の「佳境」,橋を「架橋」する,新しい橋を架ける工事,手に汗握るスポーツ観戦とかけて、新しい橋を架ける工事と解く。その心は『どちらも「佳境（架橋）」でしょう。』,
,完全な同音異義語型,眩しいフラッシュを浴びる会見,突然の強い光で視界が奪われる,まぶしい,眩しい（光が強い）,眩しい（輝かしい、憧れる）,輝かしい功績を持つ偉人,眩しいフラッシュを浴びる会見とかけて、輝かしい功績を持つ偉人と解く。その心は「どちらも眩しい」でしょう。,
,完全な同音異義語型,眩しいフラッシュを浴びる会見,シャッター音がひっきりなしに響く,おとをたてる,音を立てる（シャッターが）,音を立てる（不正が発覚し騒ぎになる）,不正が発覚した組織,眩しいフラッシュを浴びる会見とかけて、不正が発覚した組織と解く。その心は「どちらも音を立てる」でしょう。,
,多義語型,眩しいフラッシュを浴びる会見,記者からの質問で追い詰められる,つめよられる,詰め寄られる（質問攻めに）,詰め寄られる（物理的に接近される）,追い詰められた獲物,眩しいフラッシュを浴びる会見とかけて、追い詰められた獲物と解く。その心は「どちらも詰め寄られる」でしょう。,
,多義語型,眩しいフラッシュを浴びる会見,スポットライトやカメラの光を浴びる,ひかりをあびる,光を浴びる（物理的な）,光を浴びる（注目や喝采を）,舞台で演技をする役者,眩しいフラッシュを浴びる会見とかけて、舞台で演技をする役者と解く。その心は「どちらも光を浴びる」でしょう。,
,フレーズ・慣用句型,眩しいフラッシュを浴びる会見,隠していたことが明るみに出る,ろけんする,露見する（事実が）,露見する（内部構造が）,老朽化して壁が剥がれた建物,眩しいフラッシュを浴びる会見とかけて、老朽化して壁が剥がれた建物と解く。その心は「どちらも露見する」でしょう。,
,フレーズ・慣用句型,眩しいフラッシュを浴びる会見,強烈な光で視覚が一瞬失われる,めがくらむ,目が眩む（光で）,目が眩む（欲に）,財宝を前にした盗賊,眩しいフラッシュを浴びる会見とかけて、財宝を前にした盗賊と解く。その心は「どちらも目が眩む」でしょう。,
,完全な同音異義語型,筋肉痛になる引っ越し作業,重い物を運んで体を痛める,いためる,痛める（体を痛める）,炒める（食材を炒める）,中華料理のシェフ,「筋肉痛になる引っ越し作業」とかけて、「中華料理のシェフ」と解く。その心は「どちらも『いためる』でしょう。」,
,完全な同音異義語型,筋肉痛になる引っ越し作業,腰に負担がかかる、腰を使う,こし,腰（体の部位）,濾し（コーヒーを濾す）,丁寧にコーヒーを淹れるバリスタ,「筋肉痛になる引っ越し作業」とかけて、「丁寧にコーヒーを淹れるバリスタ」と解く。その心は「どちらも『こし』が大事でしょう。」,
,多義語型,筋肉痛になる引っ越し作業,多くの荷物を抱える,かかえる,抱える（重い荷物を抱える）,抱える（問題を抱える）,経営難に悩む社長,「筋肉痛になる引っ越し作業」とかけて、「経営難に悩む社長」と解く。その心は「どちらも『かかえる』ものが多すぎるでしょう。」,
,多義語型,筋肉痛になる引っ越し作業,肉体的負担が大きく、作業が大変だ,きつい,きつい（作業がきつい）,きつい（服がきつい）,サイズが合わない服を着た人,「筋肉痛になる引っ越し作業」とかけて、「サイズが合わない服を着た人」と解く。その心は「どちらも『きつい』と感じるでしょう。」,
,フレーズ・慣用句型,筋肉痛になる引っ越し作業,運ぶ荷物がたくさんあり、作業が山積する,しごとがたまる,仕事がたまる（作業がどんどん増える、疲労が溜まる）,仕事がたまる（未処理の業務が溜まる）,デスクワークで締め切りに追われる会社員,「筋肉痛になる引っ越し作業」とかけて、「デスクワークで締め切りに追われる会社員」と解く。その心は「どちらも『仕事がたまる』でしょう。」,
,フレーズ・慣用句型,筋肉痛になる引っ越し作業,荷物が多すぎて手が回らない,てがまわらない,手が回らない（物理的に荷物を捌ききれない）,手が回らない（人手や時間が不足して他のことに気を配れない）,複数のプロジェクトを抱えるマネージャー,「筋肉痛になる引っ越し作業」とかけて、「複数のプロジェクトを抱えるマネージャー」と解く。その心は「どちらも『手が回らない』でしょう。」,
,完全な同音異義語型,凍える手で配るチラシ,チラシを人々に「配る」行為,くばる,配る（チラシを渡す）,括る（荷物をまとめる）,荷物を丁寧にまとめる人,凍える手で配るチラシとかけて、荷物を丁寧にまとめる人と解く。その心は『どちらも【くばる（配る/括る）】』でしょう。,
,多義語型,凍える手で配るチラシ,凍える手で感じる「冷たい」感覚,つめたい,冷たい（物理的に冷えている）,冷たい（態度が冷淡である）,人に優しくない人,凍える手で配るチラシとかけて、人に優しくない人と解く。その心は『どちらも【つめたい（冷たい）】』でしょう。,
,フレーズ・慣用句型,凍える手で配るチラシ,寒さで作業が困難になり「手が動かない」,てがうごかない,手が動かない（寒さでかじかんで）,手が動かない（経済的に窮地に陥り身動きが取れない）,大口の借金を抱えた経営者,凍える手で配るチラシとかけて、大口の借金を抱えた経営者と解く。その心は『どちらも【手が動かない】でしょう。』,
,完全な同音異義語型,凍える手で配るチラシ,チラシを「撒く」ように広める,まく,撒く（広範囲に散らす、配布する）,蒔く（種を土に植える）,豊かな収穫を願う農夫,凍える手で配るチラシとかけて、豊かな収穫を願う農夫と解く。その心は『どちらも【まく（撒く/蒔く）】でしょう。』,
,多義語型,凍える手で配るチラシ,配布しても集客「効果が出にくい」,こうかがでにくい,効果が出にくい（集客の効果が）,効果が出にくい（薬の効能が）,症状に合わない薬,凍える手で配るチラシとかけて、症状に合わない薬と解く。その心は『どちらも【効果が出にくい】でしょう。』,
,フレーズ・慣用句型,凍える手で配るチラシ,配ったチラシが「人手に渡る」,ひとてにわたる,人手に渡る（多くの人に配られる）,人手に渡る（財産が他人のものになる）,借金で家を失った人,凍える手で配るチラシとかけて、借金で家を失った人と解く。その心は『どちらも【人手に渡る】でしょう。』,
,完全な同音異義語型,匂いにつられる買い食い,良い匂いに誘われて、つい買ってしまう衝動,こうにゅう,購入（してしまう）,航入（港に入ること）,大型船,匂いにつられる買い食いとかけて、大型船と解く。その心は『どちらも港に「こうにゅう」（購入/航入）する』でしょう。,
,完全な同音異義語型,匂いにつられる買い食い,美味しそうな匂いに魅了され、心が解けるように感じる,とろける,蕩ける（心）,溶ける（氷やチーズなど）,温かい料理のチーズ,匂いにつられる買い食いとかけて、温かい料理のチーズと解く。その心は『どちらも「とろける」でしょう。』,
,多義語型,匂いにつられる買い食い,食欲をそそられて、予定外に商品に手を出してしまう,てをだす,手を出してしまう（衝動的に買う）,手を出してしまう（喧嘩を売る）,喧嘩っ早い人,匂いにつられる買い食いとかけて、喧嘩っ早い人と解く。その心は『どちらも『手を出してしまう』でしょう。』,
,多義語型,匂いにつられる買い食い,良い匂いに誘われて、ふらふらと店に付いていってしまう,ついていく,付いていく（誘惑に）,付いていく（後を追う）,迷子の子どもを追う親,匂いにつられる買い食いとかけて、迷子の子どもを追う親と解く。その心は『どちらも『ついていく』でしょう。』,
,フレーズ・慣用句型,匂いにつられる買い食い,衝動的に買ってしまい、ついお金を使ってしまうこと,さいふのひもがゆるむ,財布の紐が緩む,財布の紐が緩む,景気の良い時,匂いにつられる買い食いとかけて、景気の良い時と解く。その心は『どちらも「財布の紐が緩む」でしょう。』,
,フレーズ・慣用句型,匂いにつられる買い食い,抗いがたい良い香りに心が惹きつけられる,こころをうばわれる,心を奪われる（匂いに）,心を奪われる（美しい人に）,初恋に落ちた若者,匂いにつられる買い食いとかけて、初恋に落ちた若者と解く。その心は『どちらも「心を奪われる」でしょう。』,
,多義語型,歓声で耳が痛いライブ,大音量が遠くまで届く,ひびく,響く（大音量が鳴り響く）,響く（心に感動を与える）,心に深く感銘を与えた言葉,歓声で耳が痛いライブとかけて、心に深く感銘を与えた言葉と解く。その心は「どちらも『響く』でしょう。」,
,完全な同音異義語型,歓声で耳が痛いライブ,騒音で耳を閉じる,ふさぐ,塞ぐ（耳を「塞ぐ」）,塞ぐ（行く手を「塞ぐ」）,土砂崩れで通れなくなった道,歓声で耳が痛いライブとかけて、土砂崩れで通れなくなった道と解く。その心は「どちらも『塞ぐ』でしょう。」,
,フレーズ・慣用句型,歓声で耳が痛いライブ,会場全体が熱気に包まれる,ねっきにつつまれる,熱気に包まれる（会場の興奮）,熱気に包まれる（湯気や温かい空気）,冬の寒い日に食べる温かい鍋料理,歓声で耳が痛いライブとかけて、冬の寒い日に食べる温かい鍋料理と解く。その心は「どちらも『熱気に包まれる』でしょう。」,
,多義語型,歓声で耳が痛いライブ,大音響で鼓膜が壊れるような感覚,われる,割れる（鼓膜が「割れる」ような）,割れる（意見が二つに「割れる」）,結論が出ずに意見が対立した会議,歓声で耳が痛いライブとかけて、結論が出ずに意見が対立した会議と解く。その心は「どちらも『割れる』でしょう。」,
,完全な同音異義語型,歓声で耳が痛いライブ,騒音から逃れる,さける,避ける（騒音を「避ける」）,裂ける（布や紙が「裂ける」）,古くなって破れてしまった洋服,歓声で耳が痛いライブとかけて、古くなって破れてしまった洋服と解く。その心は「どちらも『裂ける』でしょう。」,
,フレーズ・慣用句型,歓声で耳が痛いライブ,観客が大きな声を出す,こえをはりあげる,声を張り上げる（歓声を出す）,声を張り上げる（大声で主張する）,選挙演説で有権者に訴えかける候補者,歓声で耳が痛いライブとかけて、選挙演説で有権者に訴えかける候補者と解く。その心は「どちらも『声を張り上げる』でしょう。」,
,完全な同音異義語型,泥まみれになる農作業,土を触って形を整える,いじる,土を弄る,弦楽器を弄る,趣味でギターを弾く人,「泥まみれになる農作業」とかけて、「趣味でギターを弾く人」と解く。その心は「どちらも『いじる』でしょう。」,
,完全な同音異義語型,泥まみれになる農作業,ぬかるんで足元が不安定な場所,あしば,悪い足場,葦葉,湿地帯に生える植物,「泥まみれになる農作業」とかけて、「湿地帯に生える植物」と解く。その心は「どちらも『あしば』でしょう。」,
,多義語型,泥まみれになる農作業,泥や汗を洗い落とす,ながす,泥や汗を流す,音楽を流す,カフェのBGM担当,「泥まみれになる農作業」とかけて、「カフェのBGM担当」と解く。その心は「どちらも『流す』でしょう。」,
,多義語型,泥まみれになる農作業,身体や服が泥で汚れる,よごれる,身体が汚れる,心が汚れる,不正に手を染めた政治家,「泥まみれになる農作業」とかけて、「不正に手を染めた政治家」と解く。その心は「どちらも『汚れる』でしょう。」,
,フレーズ・慣用句型,泥まみれになる農作業,不安定な足元を安全にする,あしもとをかためる,足元を固める,経営の足元を固める,新規事業を始める経営者,「泥まみれになる農作業」とかけて、「新規事業を始める経営者」と解く。その心は「どちらも『足元を固める』でしょう。」,
,フレーズ・慣用句型,泥まみれになる農作業,長時間、中腰の姿勢,こしがひくい,腰が低い姿勢になる,謙虚な態度で腰が低い,客商売で評判の良い店主,「泥まみれになる農作業」とかけて、「客商売で評判の良い店主」と解く。その心は「どちらも『腰が低い』でしょう。」,
,完全な同音異義語型,焦燥感に駆られる就活,複数の選考を同時に進める状況,へいこう,選考が並行して進む,海上を並航する船,海上を連なって進む船団,「焦燥感に駆られる就活」とかけて、「海上を連なって進む船団」と解く。その心は「どちらも『並行（並航）』でしょう。」,
,完全な同音異義語型,焦燥感に駆られる就活,精神的に限界を迎え、心が折れる寸前の状態,こわれる,心が壊れる,瓦が壊れる,台風で瓦が飛んだ屋根,「焦燥感に駆られる就活」とかけて、「台風で瓦が飛んだ屋根」と解く。その心は「どちらも『（心が）壊れる』でしょう。」,
,多義語型,焦燥感に駆られる就活,精神的な負担やプレッシャーが大きい状態,おもい,気持ちが重い,荷物が重い,坂道を登る引っ越し業者,「焦燥感に駆られる就活」とかけて、「坂道を登る引っ越し業者」と解く。その心は「どちらも『（荷が）重い』でしょう。」,
,多義語型,焦燥感に駆られる就活,企業からの連絡が一切なく、何の進展もない状況,から,空のメールボックス,空の巣,親鳥が旅立った後の鳥の巣,「焦燥感に駆られる就活」とかけて、「親鳥が旅立った後の鳥の巣」と解く。その心は「どちらも『空（から）』でしょう。」,
,フレーズ・慣用句型,焦燥感に駆られる就活,先の見通しが立たず、将来が不透明な状態,さきがみえない,先が見えない,先が見えない,濃霧の中を進む船,「焦燥感に駆られる就活」とかけて、「濃霧の中を進む船」と解く。その心は「どちらも『先が見えない』でしょう。」,
,フレーズ・慣用句型,焦燥感に駆られる就活,精神的に追い詰められ、余裕がなく苦しい状態,いきがつまる,息が詰まる,息が詰まる,水中で息を止めるダイバー,「焦燥感に駆られる就活」とかけて、「水中で息を止めるダイバー」と解く。その心は「どちらも『息が詰まる』でしょう。」,
,フレーズ・慣用句型,ほっと息をつく休憩時間,緊張が緩む、リラックスする、活動を中断する,ちからをぬく,力を抜く（緊張を解く）,力を抜く（物理的に引っ張って取り除く）,杭を抜く職人,ほっと息をつく休憩時間とかけて、杭を抜く職人と解く。その心は『どちらも力を抜くでしょう』,
,多義語型,ほっと息をつく休憩時間,活動を停止し、体を休める,やすむ,休む（休息する）,休む（学校や仕事を欠席する）,病気で学校を休む生徒,ほっと息をつく休憩時間とかけて、病気で学校を休む生徒と解く。その心は『どちらも休むでしょう』,
,完全な同音異義語型,ほっと息をつく休憩時間,気分転換をする、呼吸を楽にする,いきぬき,息抜き（気分転換、休息）,息抜き（空気を通す穴、換気口）,トンネルの換気口,ほっと息をつく休憩時間とかけて、トンネルの換気口と解く。その心は『どちらも息抜きでしょう』,
,フレーズ・慣用句型,ほっと息をつく休憩時間,仕事や作業に区切りがつき、一時的に落ち着く,ひとだんらく,一段落（仕事などが一時的に落ち着くこと）,一段落（文章の区切り）,小説家,ほっと息をつく休憩時間とかけて、小説家と解く。その心は『どちらも一段落でしょう』,
,多義語型,ほっと息をつく休憩時間,心が穏やかになる、気分が静まる,おちつく,落ち着く（心が穏やかになる）,落ち着く（住まいを定める、定着する）,新居に引っ越してきた家族,ほっと息をつく休憩時間とかけて、新居に引っ越してきた家族と解く。その心は『どちらも落ち着くでしょう』,
,完全な同音異義語型,ほっと息をつく休憩時間,安堵する、心が休まる感覚,ほっと,ほっと（安堵する様子の擬態語）,ホット（温度が熱い、温かい）,温かいコーヒー,ほっと息をつく休憩時間とかけて、温かいコーヒーと解く。その心は『どちらもほっとでしょう』,
,完全な同音異義語型,怒号が飛ぶセール会場,人々が商品争奪で感情が高ぶり騒がしい状態,こうふん,興奮,高墳,古代の古墳群,「怒号が飛ぶセール会場」とかけて、「古代の古墳群」と解く。その心は「どちらも『高墳（こうふん）』があるでしょう。」,
,完全な同音異義語型,怒号が飛ぶセール会場,商品が飛ぶように売れる、または怒号が飛び交う,とぶ,飛ぶ,跳ぶ,走り高跳びの選手,「怒号が飛ぶセール会場」とかけて、「走り高跳びの選手」と解く。その心は「どちらも高く『跳ぶ（とぶ）』でしょう。」,
,多義語型,怒号が飛ぶセール会場,商品を奪い合う、騒ぎになる,とりあう,取り合う（物理的に奪い合う）,取り合う（相手にする、まともに聞く）,誰にも理解されない悩み,「怒号が飛ぶセール会場」とかけて、「誰にも理解されない悩み」と解く。その心は「どちらも『取り合う（とりあう）』人がいないでしょう。」,
,多義語型,怒号が飛ぶセール会場,商品の価格が引き下げられる,さがる,下がる（値段が下がる）,下がる（旗や幕が降りる、地位が下がる）,運動会の閉会式,「怒号が飛ぶセール会場」とかけて、「運動会の閉会式」と解く。その心は「どちらも『下がる（さがる）』ものがあるでしょう。」,
,フレーズ・慣用句型,怒号が飛ぶセール会場,人々が押し寄せ、大声や混乱で騒然としている様子,あらしのよう,嵐のよう（比喩としての混乱、騒乱）,嵐のよう（実際の自然現象としての嵐）,台風が直撃した海辺の町,「怒号が飛ぶセール会場」とかけて、「台風が直撃した海辺の町」と解く。その心は「どちらも『嵐のよう（あらしのよう）』でしょう。」,
,フレーズ・慣用句型,怒号が飛ぶセール会場,人々が大声を出したり、声が飛び交う状況,こえがとぶ,声が飛ぶ（大声が響く、怒号が発せられる）,声が飛ぶ（声が出なくなる、枯れる）,長時間歌い続けた歌手,「怒号が飛ぶセール会場」とかけて、「長時間歌い続けた歌手」と解く。その心は「どちらも『声が飛ぶ（こえがとぶ）』ことがあるでしょう。」,
,完全な同音異義語型,指が痛くなるスマホ操作,指先で画面を何度も叩く、激しい動き,たたき,叩き（画面を叩く行為）,叩き（魚介類などの調理法）,魚料理の職人,指が痛くなるスマホ操作とかけて、魚料理の職人と解く。その心は『どちらも「叩き」が重要でしょう。』,
,完全な同音異義語型,指が痛くなるスマホ操作,同じ場所を繰り返し触る、ボタンを押す,おす,押す（ボタンや画面に力を加える）,雄（動物の性別）,動物園の飼育員,指が痛くなるスマホ操作とかけて、動物園の飼育員と解く。その心は『どちらも「オス」が大事でしょう。』,
,多義語型,指が痛くなるスマホ操作,長時間操作で指の筋肉が硬くなる,こり,凝り（筋肉の凝り）,凝り（一つのことに夢中になる性質、凝り性）,趣味に没頭する人,指が痛くなるスマホ操作とかけて、趣味に没頭する人と解く。その心は『どちらも「凝り」やすいでしょう。』,
,多義語型,指が痛くなるスマホ操作,指の筋肉が緊張して硬くなる,はり,張り（筋肉の張り）,張り（気合や意気込み、気を張る）,大一番の舞台に立つ役者,指が痛くなるスマホ操作とかけて、大一番の舞台に立つ役者と解く。その心は『どちらも「張り」が必要でしょう。』,
,フレーズ・慣用句型,指が痛くなるスマホ操作,指を限界まで使い続ける,ゆびをくしする,指を酷使する（使いすぎる）,指を屈する（数え上げきれないほど多い）,数々の偉業を成し遂げた歴史上の人物,指が痛くなるスマホ操作とかけて、数々の偉業を成し遂げた歴史上の人物と解く。その心は『どちらも「指を屈する」ほどでしょう。』,
,フレーズ・慣用句型,指が痛くなるスマホ操作,集中しすぎて時間が経つのを忘れる,ときをわすれる,時を忘れる（夢中になる）,時を分ける（時間を分割する）,新しい時間割を作成する教員,指が痛くなるスマホ操作とかけて、新しい時間割を作成する教員と解く。その心は『どちらも「時を分ける」ことになるでしょう。』,
,完全な同音異義語型,ゴミを分ける分別,資源の有効活用によりゴミの量が減少すること。,げんりょう,減量（ゴミの量を減らす）,原料（製品を作るもとになる材料）,パンを作る職人,ゴミを分ける分別とかけて、パンを作る職人と解く。その心は「どちらも原料が大事」でしょう。,
,多義語型,ゴミを分ける分別,種類に応じて内容を細かく分類する行為。,しわけ,仕分け（ゴミの）,仕訳（会計の）,会社の経理担当者,ゴミを分ける分別とかけて、会社の経理担当者と解く。その心は「どちらも仕分けが肝心」でしょう。,
,フレーズ・慣用句型,ゴミを分ける分別,適切な分類によってゴミの行く末が決定される状況。,めいあんをわける,明暗を分ける（資源化か焼却か）,明暗を分ける（結果や運命が決まる）,決勝戦に挑むアスリート,ゴミを分ける分別とかけて、決勝戦に挑むアスリートと解く。その心は「どちらも明暗を分ける瞬間がある」でしょう。,
,完全な同音異義語型,ゴミを分ける分別,捨てる場所や方法を判断し、決定すること。,きめる,決める（分別方法を）,極める（道を究める）,一流の寿司職人,ゴミを分ける分別とかけて、一流の寿司職人と解く。その心は「どちらも道を極める」でしょう。,
,多義語型,ゴミを分ける分別,物事を種類ごとに区別し、適切に処理する行為。,ぶんべつ,分別（ゴミを分ける行為）,分別（物事の道理をわきまえる思慮深さ）,人生経験豊富な賢者,ゴミを分ける分別とかけて、人生経験豊富な賢者と解く。その心は「どちらも分別が必要」でしょう。,
,フレーズ・慣用句型,ゴミを分ける分別,環境が清潔に保たれること。,きれいになる,綺麗になる（環境が）,綺麗になる（容姿が）,美容院帰りのおしゃれな女性,ゴミを分ける分別とかけて、美容院帰りのおしゃれな女性と解く。その心は「どちらも綺麗になることが大切」でしょう。,
,多義語型,お金を払う買い物,会計を済ませる,かいけいをすませる,会計を済ませる（代金を支払う）,会計を済ませる（帳簿の計算を終える）,会社の経理担当者,お金を払う買い物とかけて、会社の経理担当者と解く。その心は「どちらも会計を済ませる」でしょう。,
,完全な同音異義語型,お金を払う買い物,代金を払う,はらう,払う（代金を支払う）,払う（塵を追い払う）,大掃除,お金を払う買い物とかけて、大掃除と解く。その心は「どちらも払う」でしょう。,
,フレーズ・慣用句型,お金を払う買い物,お金を使いすぎる状況,さいふのひもがゆるむ,財布の紐が緩む（出費がかさむ）,財布の紐が緩む（物理的に紐が解ける）,使い古した巾着袋,お金を払う買い物とかけて、使い古した巾着袋と解く。その心は「どちらも財布の紐が緩む」でしょう。,
,多義語型,お金を払う買い物,品物を見極める,しなさだめ,品定め（商品の良し悪しを判断する）,品定め（人の能力や性質を評価する）,人事担当者,お金を払う買い物とかけて、人事担当者と解く。その心は「どちらも品定め」でしょう。,
,完全な同音異義語型,お金を払う買い物,商品が手元に到着する,とどく,届く（商品が手元に到着する）,届く（書類などを提出する）,役所に書類を提出する人,お金を払う買い物とかけて、役所に書類を提出する人と解く。その心は「どちらも届く」でしょう。,
,フレーズ・慣用句型,お金を払う買い物,値段交渉をする,ねぎる,値切る（価格を安くさせる）,根切る（植物の根を切り取る）,庭師,お金を払う買い物とかけて、庭師と解く。その心は「どちらも根切る」でしょう。,
,多義語型,票を入れる選挙,候補者が名乗り出る,たつ,候補者が「立つ」,計画が「立つ」,新規プロジェクトの計画,票を入れる選挙とかけて、新規プロジェクトの計画と解く。その心は「どちらも『立つ』でしょう。」,
,フレーズ・慣用句型,票を入れる選挙,有権者が投票所へ行く行動,うごく,有権者が「動く」,株価が「動く」,株式市場,票を入れる選挙とかけて、株式市場と解く。その心は「どちらも『動く』でしょう。」,
,完全な同音異義語型,票を入れる選挙,候補者が選ばれない状態,おちる,候補者が「落ちる」（落選する）,汚れが「落ちる」,泥だらけになった衣類,票を入れる選挙とかけて、泥だらけになった衣類と解く。その心は「どちらも『落ちる』でしょう。」,
,多義語型,票を入れる選挙,当選者が確定する,きめる,当選者が「決まる」,態度を「決める」,優柔不断な人,票を入れる選挙とかけて、優柔不断な人と解く。その心は「どちらも『決める』でしょう。」,
,フレーズ・慣用句型,票を入れる選挙,有権者が候補者に評価を下す,しんぱん,有権者が候補者に「審判」を下す,「審判」がいる,野球の試合,票を入れる選挙とかけて、野球の試合と解く。その心は「どちらも『審判がいる』でしょう。」,
,完全な同音異義語型,票を入れる選挙,政策やビジョンを公衆に伝える行為,かたる,政策を「語る」,物語を「語る」,昔話をするお年寄り,票を入れる選挙とかけて、昔話をするお年寄りと解く。その心は「どちらも『語る』でしょう。」,
,多義語型,知識を教える学校,生徒に考えさせる機能,あたまをつかう,物事を考える,魚の頭を調理する,板前,知識を教える学校とかけて、板前と解く。その心は「どちらも頭を使う」でしょう。,
,完全な同音異義語型,知識を教える学校,生徒の可能性や未来を広げる,ひらく,未来を拓く,花が咲く,つぼみ,知識を教える学校とかけて、つぼみと解く。その心は「どちらもひらく」でしょう。,
,フレーズ・慣用句型,知識を教える学校,学問の土台を築く行為,きそをかためる,学問の基礎を築く,建物の土台を工事する,工事現場,知識を教える学校とかけて、工事現場と解く。その心は「どちらも基礎を固める」でしょう。,
,多義語型,知識を教える学校,生徒に知識を授ける機能,つたえる,知識や情報を授ける,バトンを次へ渡す,リレー選手,知識を教える学校とかけて、リレー選手と解く。その心は「どちらも次へと伝える」でしょう。,
,完全な同音異義語型,知識を教える学校,生徒の能力が向上する状態,そだつ,生徒の能力が育つ,植物が生長する,畑,知識を教える学校とかけて、畑と解く。その心は「どちらもよく育つ」でしょう。,
,フレーズ・慣用句型,知識を教える学校,生徒に人生の方向や方法を教える機能,みちをおしえる,人生や学問の方向を示す,目的地へのルートを示す,カーナビ,知識を教える学校とかけて、カーナビと解く。その心は「どちらも道を教える」でしょう。,
,完全な同音異義語型,病気を治す治療,体の不調を取り除き、健康な状態に戻す行為,いやす,癒やす（心身の苦痛や疲れを取り除く）,費やす（時間や金銭などを消費する）,無駄に流れる時間,病気を治す治療とかけて、無駄に流れる時間と解く。その心は「どちらも『費やす/癒やす』でしょう。」,
,完全な同音異義語型,病気を治す治療,体の機能やバランスを正常な状態に回復させる,ととのえる,整える（体調や環境を良い状態にする）,調える（必要なものを準備する、用意する）,お客様を迎えるための宴会の準備,病気を治す治療とかけて、お客様を迎えるための宴会の準備と解く。その心は「どちらも『整える/調える』でしょう。」,
,多義語型,病気を治す治療,症状の進行や痛みを管理し、これ以上悪くならないようにする,おさえる,抑える（症状や感情の動きを弱める）,抑える（費用や発生を低く保つ）,月々の生活費を管理する家計のやりくり,病気を治す治療とかけて、月々の生活費を管理する家計のやりくりと解く。その心は「どちらも『抑える』でしょう。」,
,多義語型,病気を治す治療,患者の状態や病気の進行具合を観察し、適切に対応する,みる,診る（病状や体の状態を医学的に観察する）,見る（目を向け、注意を払う、世話をする）,幼い子供の成長,病気を治す治療とかけて、幼い子供の成長と解く。その心は「どちらも『診る/見る』でしょう。」,
,フレーズ・慣用句型,病気を治す治療,症状が改善し、健康な状態に戻りつつあること,かいほうへむかう,快方へ向かう（病状が良くなる方向へ進む）,解放へ向かう（束縛から自由になる方向へ進む）,長い間捕らえられていた人々,病気を治す治療とかけて、長い間捕らえられていた人々と解く。その心は「どちらも『快方へ向かう/解放へ向かう』でしょう。」,
,フレーズ・慣用句型,病気を治す治療,患部に対して適切な処置を施すこと,てあてをする,手当てをする（傷病に対して処置を施す）,手当てをする（費用として金銭を支給する）,出張先でかかった経費,病気を治す治療とかけて、出張先でかかった経費と解く。その心は「どちらも『手当てをする』でしょう。」,
,完全な同音異義語型,契約を結ぶ商談,書類に印鑑を押す,おす,押す（ハンコを）,雄（動物のオス）,動物園の飼育員,契約を結ぶ商談とかけて、動物園の飼育員と解く。その心は「どちらも『雄（オス）』でしょう。」,
,完全な同音異義語型,契約を結ぶ商談,顧客の意向や要望を尋ねる,いこうをさぐる,意向を探る,遺構を探る,考古学者,契約を結ぶ商談とかけて、考古学者と解く。その心は「どちらも『意向（遺構）を探る』でしょう。」,
,多義語型,契約を結ぶ商談,契約内容の詳細を決定し、確かなものにする,かためる,固める（契約内容を）,固める（セメントなどで地面を）,土木作業員,契約を結ぶ商談とかけて、土木作業員と解く。その心は「どちらも『固める』でしょう。」,
,多義語型,契約を結ぶ商談,書類や提案内容を整理し、完結させる,まとめる,まとめる（書類を）,まとめる（髪を整える）,美容師,契約を結ぶ商談とかけて、美容師と解く。その心は「どちらも『まとめる』でしょう。」,
,フレーズ・慣用句型,契約を結ぶ商談,本音で話し合い、隠し事をしない態度,はらをわって,腹を割って（話す）,腹を割って（物理的に内臓を取り出す）,魚を捌く料理人,契約を結ぶ商談とかけて、魚を捌く料理人と解く。その心は「どちらも『腹を割って（話す）』でしょう。」,
,フレーズ・慣用句型,契約を結ぶ商談,交渉や合意がなかったことに戻る,はくしにもどる,白紙に戻る（契約が）,白紙に戻る（書いたものを消し、元の白い紙の状態にする）,失敗したデッサンを消しゴムで消す画家,契約を結ぶ商談とかけて、失敗したデッサンを消しゴムで消す画家と解く。その心は「どちらも『白紙に戻る』でしょう。」,
,完全な同音異義語型,荷物を運ぶ配達,荷物を目的地まで届ける,とどけ,届け（荷物を届けに出る）,届（役所に提出する書類の届）,婚姻届を出すカップル,荷物を運ぶ配達とかけて、婚姻届を出すカップルと解く。その心は『どちらも「届け」が必要でしょう。』,
,完全な同音異義語型,荷物を運ぶ配達,荷物が受取人の元へ届く,とどく,届く（荷物が届く）,届く（手が届く、声が届く）,高い場所の物を取ろうと背伸びする人,荷物を運ぶ配達とかけて、高い場所の物を取ろうと背伸びする人と解く。その心は『どちらも「届く」までが勝負でしょう。』,
,多義語型,荷物を運ぶ配達,荷物の内容物,なかみ,中身（荷物の中身）,中身（人物の内面、本質）,人柄の良い人物,荷物を運ぶ配達とかけて、人柄の良い人物と解く。その心は『どちらも「中身」が大事でしょう。』,
,多義語型,荷物を運ぶ配達,荷物を輸送する行為,はこぶ,運ぶ（荷物を運ぶ）,運ぶ（事態が進行する）,計画が順調に進んでいるプロジェクト,荷物を運ぶ配達とかけて、計画が順調に進んでいるプロジェクトと解く。その心は『どちらも「運ぶ」ことが重要でしょう。』,
,フレーズ・慣用句型,荷物を運ぶ配達,受取人のもとへ辿り着かない,とどかない,届かない（荷物が届かない）,届かない（想いや声が届かない）,意中の人に告白できない片思いの人,荷物を運ぶ配達とかけて、意中の人に告白できない片思いの人と解く。その心は『どちらも「届かない」とがっかりするでしょう。』,
,フレーズ・慣用句型,荷物を運ぶ配達,物を相手に手渡す,わたす,渡す（荷物を渡す）,渡す（橋を架け渡す）,橋を作る大工,荷物を運ぶ配達とかけて、橋を作る大工と解く。その心は『どちらも「渡す」ことで繋がります。』,
,完全な同音異義語型,料理を作る自炊,食材を包丁で細かくする動作,きる,切る (食材をカットする),着る (服を着用する),ファッションモデル,「料理を作る自炊」とかけて、「ファッションモデル」と解く。その心は「どちらも『きる』でしょう。」,
,完全な同音異義語型,料理を作る自炊,煮込んだ食材に味が染み込む様子,しみる,染みる (味が食材に染み込む),沁みる (心に深く感じる),人の心を揺さぶる歌,「料理を作る自炊」とかけて、「人の心を揺さぶる歌」と解く。その心は「どちらも『しみる』でしょう。」,
,多義語型,料理を作る自炊,食材の火加減や出来栄えを確認する動作,みる,見る (料理の出来栄えや火加減を確認する),見る (組織の全体像や将来を見通す),会社の経営者,「料理を作る自炊」とかけて、「会社の経営者」と解く。その心は「どちらも『全体を見る』でしょう。」,
,多義語型,料理を作る自炊,調味料などで味付けをちょうどよくする行為,ととのえる,調える (味付けを調整する),整える (身だしなみや環境を準備する),出かける前に身支度をする人,「料理を作る自炊」とかけて、「出かける前に身支度をする人」と解く。その心は「どちらも『ととのえる』でしょう。」,
,フレーズ・慣用句型,料理を作る自炊,食材を使い切れずに捨てる状況,むだがでる,無駄が出る (食材の使い残しなど),無駄が出る (努力や時間が無駄になる),報われない努力ばかりしている人,「料理を作る自炊」とかけて、「報われない努力ばかりしている人」と解く。その心は「どちらも『無駄が出る』でしょう。」,
,フレーズ・慣用句型,料理を作る自炊,食材の新鮮さが何よりも重要であること,せん度がいのち,鮮度が命 (食材の鮮度が重要であること),精度が命 (精密さが重要であること),精密機械を作る職人,「料理を作る自炊」とかけて、「精密機械を作る職人」と解く。その心は「どちらも『せん度が命』でしょう。」,
,完全な同音異義語型,予定を合わせる会議,全員の都合を『調整』する,ちょうせい,調整（日程や意見を整え合わせること）,調製（食品や薬品などをととのえ作ること）,薬局の薬剤師,「予定を合わせる会議」とかけて、「薬局の薬剤師」と解く。その心は「どちらも『調製（調整）』でしょう。」,
,多義語型,予定を合わせる会議,参加者の『都合』を考慮する,つごう,都合（日程や状況）,都合（何かをするのに都合が良い・悪い）,客の要望に合わせて商品を作る職人,「予定を合わせる会議」とかけて、「客の要望に合わせて商品を作る職人」と解く。その心は「どちらも『都合（を合わせる/を考慮する）』でしょう。」,
,フレーズ・慣用句型,予定を合わせる会議,みんなの意見や時間を『擦り合わせる』,すりあわせる,擦り合わせる（意見や日程を調整する）,擦り合わせる（木材や金属の表面をなめらかにする）,家具職人,「予定を合わせる会議」とかけて、「家具職人」と解く。その心は「どちらも『擦り合わせる』でしょう。」,
,完全な同音異義語型,予定を合わせる会議,皆の『空き』時間を見つける,あき,空き（時間的な余裕）,飽き（興味が薄れること）,遊びにすぐ飽きる子供,「予定を合わせる会議」とかけて、「遊びにすぐ飽きる子供」と解く。その心は「どちらも『空き（飽き）』でしょう。」,
,多義語型,予定を合わせる会議,複数の候補から最適な日程を『選択』する,せんたく,選択（多くのものの中から選び出すこと）,選択（衣服などを洗うこと）,毎日大量の衣類を洗うコインランドリーのオーナー,「予定を合わせる会議」とかけて、「毎日大量の衣類を洗うコインランドリーのオーナー」と解く。その心は「どちらも『選択（洗濯/選択）』でしょう。」,
,フレーズ・慣用句型,予定を合わせる会議,参加者全員で『足並みを揃える』,あしなみをそろえる,足並みを揃える（行動や意見を一致させる）,足並みを揃える（実際に歩く速度やリズムを合わせる）,マラソン大会のペースメーカー,「予定を合わせる会議」とかけて、「マラソン大会のペースメーカー」と解く。その心は「どちらも『足並みを揃える』でしょう。」,
,多義語型,罪を裁く裁判,罪を裁定する、物事を判断し処理する,さばく,裁く,捌く,魚屋,罪を裁く裁判とかけて、魚屋と解く。その心は『どちらも「さばく」でしょう。』,
,フレーズ・慣用句型,罪を裁く裁判,証言や意見を熱心に聞く,みみをかたむける,耳を傾ける,耳を傾ける,森の中で獲物を探す動物,罪を裁く裁判とかけて、森の中で獲物を探す動物と解く。その心は『どちらも「耳を傾ける」でしょう。』,
,完全な同音異義語型,罪を裁く裁判,事実を証明する材料を提示する,しょうこ,証拠,焼香,葬儀,罪を裁く裁判とかけて、葬儀と解く。その心は『どちらも「しょうこ」でしょう。』,
,多義語型,罪を裁く裁判,審理の末に判断を下す,けつろん,結論,結露,冬の窓ガラス,罪を裁く裁判とかけて、冬の窓ガラスと解く。その心は『どちらも「けつろん」でしょう。』,
,フレーズ・慣用句型,罪を裁く裁判,罪や責任を明らかにする,とう,問う,塔,古いお寺の風景,罪を裁く裁判とかけて、古いお寺の風景と解く。その心は『どちらも「とう」でしょう。』,
,完全な同音異義語型,罪を裁く裁判,裁判所が事件について下す決定,はんけつ,判決,半欠け,欠けたお皿,罪を裁く裁判とかけて、欠けたお皿と解く。その心は『どちらも「はんけつ」でしょう。』,
,完全な同音異義語型,部屋を綺麗にする掃除,不要な物を整理し、整った状態にする,かたづけ,片付け,形付け（物事に形を与えること）,彫刻家,部屋を綺麗にする掃除とかけて、彫刻家と解く。その心は「どちらも『形付け』でしょう。」,
,完全な同音異義語型,部屋を綺麗にする掃除,汚れを取り除き、清潔にする,せいそ,清掃,清楚（身なりや態度が清らかなこと）,育ちの良いお嬢様,部屋を綺麗にする掃除とかけて、育ちの良いお嬢様と解く。その心は「どちらも『清掃（清楚）』でしょう。」,
,多義語型,部屋を綺麗にする掃除,散らかったものや不要なものを除去する,とりのぞく,取り除く,取り除く（問題や障害を解消する）,政治家,部屋を綺麗にする掃除とかけて、政治家と解く。その心は「どちらも『取り除く』でしょう。」,
,多義語型,部屋を綺麗にする掃除,散らかったものを整理し、秩序ある状態にする,ととのえる,整える,整える（準備をする、体調を良くする）,マラソンランナー,部屋を綺麗にする掃除とかけて、マラソンランナーと解く。その心は「どちらも『整える』でしょう。」,
,フレーズ・慣用句型,部屋を綺麗にする掃除,床や窓、家具の表面をこすって光沢を出す,みがく,磨く,磨く（技術や才能を向上させる）,職人,部屋を綺麗にする掃除とかけて、職人と解く。その心は「どちらも『磨く』でしょう。」,
,フレーズ・慣用句型,部屋を綺麗にする掃除,ごみ箱や棚の中身を空にする,からにする,空にする,空にする（思考や感情を無にする）,瞑想する人,部屋を綺麗にする掃除とかけて、瞑想する人と解く。その心は「どちらも『空にする』でしょう。」,
,完全な同音異義語型,服を洗う洗濯,洗濯物を乾燥させる,かわかす,乾かす,渇かす,砂漠を旅する人,服を洗う洗濯とかけて、砂漠を旅する人と解く。その心は「どちらも乾かす」でしょう。,
,完全な同音異義語型,服を洗う洗濯,手洗いなどで汚れを揉み出す,もむ,揉む,揉む,満員電車に乗る人,服を洗う洗濯とかけて、満員電車に乗る人と解く。その心は「どちらも揉む」でしょう。,
,多義語型,服を洗う洗濯,服が清潔になる,きれいになる,綺麗になる,綺麗になる,化粧を始めた女性,服を洗う洗濯とかけて、化粧を始めた女性と解く。その心は「どちらも綺麗になる」でしょう。,
,多義語型,服を洗う洗濯,汚れや洗剤を水で流し去る,ながす,流す,流す,感動的な映画を見た人,服を洗う洗濯とかけて、感動的な映画を見た人と解く。その心は「どちらも涙を流す」でしょう。,
,フレーズ・慣用句型,服を洗う洗濯,服に付いた汚れや垢を取り除く,あかをおとす,垢を落とす,垢を落とす,悪癖を改めた人,服を洗う洗濯とかけて、悪癖を改めた人と解く。その心は「どちらも垢を落とす」でしょう。,
,フレーズ・慣用句型,服を洗う洗濯,洗剤が泡を生成する,あわをたてる,泡を立てる,泡を立てる,夫婦喧嘩中の夫婦,服を洗う洗濯とかけて、夫婦喧嘩中の夫婦と解く。その心は「どちらも泡を立てる」でしょう。,
,完全な同音異義語型,会社を立ち上げる起業,新しいビジネスを始める行為,きぎょう,起業 (会社を設立すること),寄稿 (新聞や雑誌に文章を寄せること),新聞や雑誌に文章を寄せる作家,「会社を立ち上げる起業」とかけて、「新聞や雑誌に文章を寄せる作家」と解く。その心は『どちらも「きこう（起業／寄稿）」』でしょう。,
,多義語型,会社を立ち上げる起業,ゼロから事業を開始する,はじめる,始める (事業を開始する),始める (物事を最初からスタートさせる),新しい趣味に挑戦する人,「会社を立ち上げる起業」とかけて、「新しい趣味に挑戦する人」と解く。その心は『どちらも「始める」』でしょう。,
,フレーズ・慣用句型,会社を立ち上げる起業,会社を「立ち上げる」という行為,たつ,立つ (会社を設立する),立つ (姿勢を正して起立する),満員電車の中で居場所を確保する人,「会社を立ち上げる起業」とかけて、「満員電車の中で居場所を確保する人」と解く。その心は『どちらも「立つ」』でしょう。,
,完全な同音異義語型,会社を立ち上げる起業,事業を運営し管理する,けいえい,経営 (事業を運営すること),競泳 (水泳競技の一種),オリンピックを目指すスイマー,「会社を立ち上げる起業」とかけて、「オリンピックを目指すスイマー」と解く。その心は『どちらも「けいえい（経営／競泳）」』でしょう。,
,多義語型,会社を立ち上げる起業,新しい組織や事業を創造する,つくる,作る (会社や事業を創設する),作る (料理や作品などを制作する),粘土で動物のオブジェを作る芸術家,「会社を立ち上げる起業」とかけて、「粘土で動物のオブジェを作る芸術家」と解く。その心は『どちらも「作る」』でしょう。,
,フレーズ・慣用句型,会社を立ち上げる起業,困難や課題を克服する,なんかんをこえる,難関を超える (起業の厳しいハードルを突破する),難関を超える (山道の険しい場所を通り過ぎる),ヒマラヤの頂上を目指す登山家,「会社を立ち上げる起業」とかけて、「ヒマラヤの頂上を目指す登山家」と解く。その心は『どちらも「難関を超える」』でしょう。,
,完全な同音異義語型,株を売買する投資,利益が発生すること,だし,利益が「出る」,料理の「出汁」,うどん屋の店主,株を売買する投資とかけて、うどん屋の店主と解く。その心は『どちらも「だし」が大切でしょう』。,
,完全な同音異義語型,株を売買する投資,株を購入すること,かい,株を「買い」入れる,海の「貝」,潮干狩りをする人,株を売買する投資とかけて、潮干狩りをする人と解く。その心は『どちらも「かい」が大切でしょう』。,
,多義語型,株を売買する投資,相場が低迷すること,ひえこむ,相場が「冷え込む」,寒さに体が「冷え込む」,北極探検隊,株を売買する投資とかけて、北極探検隊と解く。その心は『どちらも「冷え込む」と大変でしょう』。,
,多義語型,株を売買する投資,市場の動向を予測すること,よみ,相場の「読み」,本の「読み」,文学部の学生,株を売買する投資とかけて、文学部の学生と解く。その心は『どちらも「読み」が深いほど面白いでしょう』。,
,フレーズ・慣用句型,株を売買する投資,資金や計画が停滞すること,ゆきづまる,資金繰りが「行き詰まる」,道が「行き詰まる」,袋小路に入り込んだ探検家,株を売買する投資とかけて、袋小路に入り込んだ探検家と解く。その心は『どちらも「行き詰まる」と困ります』。,
,フレーズ・慣用句型,株を売買する投資,取引の最適な時期を見極めること,タイミングをはかる,売買の「タイミングを測る」,スタートの「タイミングを図る」,水泳のスタート台に立つ選手,株を売買する投資とかけて、水泳のスタート台に立つ選手と解く。その心は『どちらも「タイミングを測る」のが重要でしょう』。,
,完全な同音異義語型,遠くへ行く旅行,旅先で一定期間過ごすこと,たいざい,旅先での「滞在」,重大な「大罪」を犯すこと,悪いことをした人,「遠くへ行く旅行」とかけて、「悪いことをした人」と解く。その心は「どちらも『たいざい』をするでしょう。」,
,完全な同音異義語型,遠くへ行く旅行,目的地までの行程、人生における方向性,みち,旅の「道」中,人として歩むべき「道」,人生について語る哲学者,「遠くへ行く旅行」とかけて、「人生について語る哲学者」と解く。その心は「どちらも『みち』を説くでしょう。」,
,多義語型,遠くへ行く旅行,目的地に物理的に到達すること,つく,目的地に「着く」,興味や関心が「付く」,退屈な授業を受ける生徒,「遠くへ行く旅行」とかけて、「退屈な授業を受ける生徒」と解く。その心は「どちらも『関心がつく』までに時間がかかるでしょう。」,
,多義語型,遠くへ行く旅行,日常の束縛から解放され、自由に過ごすこと,はねをのばす,日常から離れて「羽を伸ばす」,飛ぶ準備のために物理的に「羽を伸ばす」,飛ぶ準備をする鳥,「遠くへ行く旅行」とかけて、「飛ぶ準備をする鳥」と解く。その心は「どちらも『羽を伸ばす』でしょう。」,
,フレーズ・慣用句型,遠くへ行く旅行,目的地からさらに遠くまで移動すること,あしをのばす,目的地からさらに遠くまで「足を伸ばす」,長時間座って疲れた体を楽にするために「足を伸ばす」,長時間座りっぱなしで疲れた人,「遠くへ行く旅行」とかけて、「長時間座りっぱなしで疲れた人」と解く。その心は「どちらも『足を伸ばす』でしょう。」,
,フレーズ・慣用句型,遠くへ行く旅行,未経験の土地や文化に触れること,しらないせかい,物理的に「知らない世界」へ行く,知識や経験が不足していて「知らない世界」,世間知らずの若者,「遠くへ行く旅行」とかけて、「世間知らずの若者」と解く。その心は「どちらも『知らない世界』を知ることになるでしょう。」,
,完全な同音異義語型,情報を探すネット検索,目的の情報を「索く」,さく,索く,咲く,春の野辺,情報を探すネット検索とかけて、春の野辺と解く。その心は「どちらも『さく』でしょう。」,
,完全な同音異義語型,情報を探すネット検索,結果を吟味し「慎重」に選ぶ,しんちょう,慎重,新調,新しい服を選ぶ人,情報を探すネット検索とかけて、新しい服を選ぶ人と解く。その心は「どちらも『しんちょう（慎重/新調）』でしょう。」,
,多義語型,情報を探すネット検索,検索条件や結果を「絞る」,しぼる,絞る（範囲を狭める）,絞る（水分を出す）,お風呂上がりの人,情報を探すネット検索とかけて、お風呂上がりの人と解く。その心は「どちらも『絞る』でしょう。」,
,多義語型,情報を探すネット検索,不要な検索結果を「外す」,はずす,外す（除外する）,外す（取り外す）,上着のボタン,情報を探すネット検索とかけて、上着のボタンと解く。その心は「どちらも『外す』でしょう。」,
,フレーズ・慣用句型,情報を探すネット検索,埋もれた情報を「掘り出す」,ほりだす,掘り出す（見つけ出す）,掘り出す（土中から取り出す）,考古学者,情報を探すネット検索とかけて、考古学者と解く。その心は「どちらも『掘り出す』でしょう。」,
,フレーズ・慣用句型,情報を探すネット検索,膨大な情報から「手がかりがつかめない」,てがかりがつかめない,手がかりがつかめない（解決の糸口が見えない）,手がかりがつかめない（犯人の痕跡などが見つからない）,迷宮入りの事件,情報を探すネット検索とかけて、迷宮入りの事件と解く。その心は「どちらも『手がかりがつかめない』でしょう。」,
,完全な同音異義語型,写真を撮る撮影,カメラのシャッターを押す動作,きる,シャッターを切る,服を着る,寒い日に外出する人,「写真を撮る撮影」とかけて、「寒い日に外出する人」と解く。その心は「どちらも『きる』でしょう。」,
,完全な同音異義語型,写真を撮る撮影,被写体や瞬間を写し取る、捕らえる,とらえる,写し撮る,捕らえる（犯人や魚などを）,警察官や漁師,「写真を撮る撮影」とかけて、「警察官や漁師」と解く。その心は「どちらも『とらえる』でしょう。」,
,多義語型,写真を撮る撮影,被写体に焦点を合わせて、画像を鮮明にする,ピントをあわせる,ピントを合わせる,呼吸やタイミングを合わせる,息の合ったダンスチーム,「写真を撮る撮影」とかけて、「息の合ったダンスチーム」と解く。その心は「どちらも『ピントを合わせる』でしょう。」,
,多義語型,写真を撮る撮影,失敗してももう一度撮影し直せる性質,やりなおしがきく,やり直しがきく,失敗しても再起できる,困難を乗り越える経営者,「写真を撮る撮影」とかけて、「困難を乗り越える経営者」と解く。その心は「どちらも『やり直しがきく』でしょう。」,
,フレーズ・慣用句型,写真を撮る撮影,絶好の撮影機会を辛抱強く待つ行為,シャッターチャンスをまつ,シャッターチャンスを待つ,良い機会や獲物を待つ,獲物を狙うハンター,「写真を撮る撮影」とかけて、「獲物を狙うハンター」と解く。その心は「どちらも『シャッターチャンスを待つ』でしょう。」,
,フレーズ・慣用句型,写真を撮る撮影,カメラを構え、撮影の姿勢や体勢をとる,かまえをとる,構えを取る（カメラを）,構えを取る（武道やスポーツで）,試合前の剣道家,「写真を撮る撮影」とかけて、「試合前の剣道家」と解く。その心は「どちらも『構えを取る』でしょう。」,
,多義語型,ルールを守るコンプライアンス,規則に沿って行動すること。逸脱しない。,そらない,逸れない,反らない,反りかえる板材,ルールを守るコンプライアンスとかけて、反りかえる板材と解く。その心は「どちらも『そらない』でしょう。」,
,完全な同音異義語型,ルールを守るコンプライアンス,規則を厳守する。,まもる,守る,護る,自分の身を護る護衛,ルールを守るコンプライアンスとかけて、自分の身を護る護衛と解く。その心は「どちらも『守る（護る）ことが重要』でしょう。」,
,フレーズ・慣用句型,ルールを守るコンプライアンス,規則から外れないこと。正しい道を進むこと。,みちからはずれない,道から外れない,道から外れない,一本道を真っすぐ進む車,ルールを守るコンプライアンスとかけて、一本道を真っすぐ進む車と解く。その心は「どちらも『道から外れない』でしょう。」,
,多義語型,ルールを守るコンプライアンス,規則通りに、適切に行われること。,きちんと,きちんと,きちんと,整理整頓された部屋,ルールを守るコンプライアンスとかけて、整理整頓された部屋と解く。その心は「どちらも『きちんとすることが大切』でしょう。」,
,フレーズ・慣用句型,ルールを守るコンプライアンス,規定を厳しく監視すること。,めをひからせる,目を光らせる,目を光らせる,暗闇で獲物を狙う猫,ルールを守るコンプライアンスとかけて、暗闇で獲物を狙う猫と解く。その心は「どちらも『目を光らせる』でしょう。」,
,完全な同音異義語型,ルールを守るコンプライアンス,逸脱や違反がない。,はずれがない,外れがない,外れがない,当たりくじばかり出る福引,ルールを守るコンプライアンスとかけて、当たりくじばかり出る福引と解く。その心は「どちらも『外れがない』でしょう。」,
,多義語型,言葉を訳す翻訳,異なる言語間での意味の変換、内容の把握,ないよう,内容,内用,飲み薬,言葉を訳す翻訳とかけて、飲み薬と解く。その心は「どちらも『内用（ないよう）』でしょう。」,
,多義語型,言葉を訳す翻訳,意味を伝える、正確に変換する、言葉の橋渡し,つたえる,伝える,伝,電柱,言葉を訳す翻訳とかけて、電柱と解く。その心は「どちらも『伝える（つたえる）』でしょう。」,
,完全な同音異義語型,言葉を訳す翻訳,言葉を移し変える、意味を対応させる,いこう,意向,異稿,複数存在する小説の原稿,言葉を訳す翻訳とかけて、複数存在する小説の原稿と解く。その心は「どちらも『異稿（いこう）』でしょう。」,
,完全な同音異義語型,言葉を訳す翻訳,相手の言葉を受け止める、理解する,うけいれる,受け入れる,受け入れる,大きなバケツ,言葉を訳す翻訳とかけて、大きなバケツと解く。その心は「どちらも『受け入れる（うけいれる）』でしょう。」,
,フレーズ・慣用句型,言葉を訳す翻訳,適切な言葉を選ぶ、語彙力を使う,ことばをえらぶ,言葉を選ぶ,言葉を選ぶ,美しい鳥,言葉を訳す翻訳とかけて、美しい鳥と解く。その心は「どちらも『言葉を選ぶ（ことばをえらぶ）』でしょう。」,
,フレーズ・慣用句型,言葉を訳す翻訳,情報を解読する、理解に導く,ぶんしょうをよむ,文章を読む,文章を詠む,詩人,言葉を訳す翻訳とかけて、詩人と解く。その心は「どちらも『文章を詠む（ぶんしょうをよむ）』でしょう。」,
,多義語型,車を運転するドライブ,途中で休憩する、一時停止する、停車する,とまる,止まる,泊まる,旅の途中で宿を探す人,車を運転するドライブとかけて、旅の途中で宿を探す人と解く。その心は「どちらも『止まる（泊まる）』でしょう。」,
,多義語型,車を運転するドライブ,速度を速くする,あげる,(スピードを)上げる,(成績を)上げる,試験で良い点を取るために勉強する学生,車を運転するドライブとかけて、試験で良い点を取るために勉強する学生と解く。その心は「どちらも『上げる』でしょう。」,
,完全な同音異義語型,車を運転するドライブ,交通ルールを破る行為,はんそく,反則,反則,スポーツでルールを破る選手,車を運転するドライブとかけて、スポーツでルールを破る選手と解く。その心は「どちらも『反則』でしょう。」,
,完全な同音異義語型,車を運転するドライブ,ギアを切り替えること、変速機,へんそく,変速,変則,いつもとは違う形で進む会議,車を運転するドライブとかけて、いつもとは違う形で進む会議と解く。その心は「どちらも『変速（変則）』でしょう。」,
,フレーズ・慣用句型,車を運転するドライブ,走行する道路やルートを選ぶ,みちをきめる,道を決める,道を決める,将来の夢に向かって進路を考える高校生,車を運転するドライブとかけて、将来の夢に向かって進路を考える高校生と解く。その心は「どちらも『道を決める』でしょう。」,
,フレーズ・慣用句型,車を運転するドライブ,他の車両に進路を譲る、スペースを空ける,みちをひらく,道を開く,道を開く,新しい分野に挑戦する研究者,車を運転するドライブとかけて、新しい分野に挑戦する研究者と解く。その心は「どちらも『道を開く』でしょう。」,
,完全な同音異義語型,お金を借りるローン,お金を借りる行為,かりる,借りる,刈る,髪を刈る理容師,お金を借りるローンとかけて、髪を刈る理容師と解く。その心は『どちらも刈るでしょう。』,
,完全な同音異義語型,お金を借りるローン,ローンを組む行為,くむ,組む,汲む,井戸の水を汲む人,お金を借りるローンとかけて、井戸の水を汲む人と解く。その心は『どちらも組むでしょう。』,
,多義語型,お金を借りるローン,返済の厳しさや負担,きつい,きつい,きつい,体に合わない服を着た人,お金を借りるローンとかけて、体に合わない服を着た人と解く。その心は『どちらもきついでしょう。』,
,多義語型,お金を借りるローン,返済が滞ること,とどこおる,滞る,滞る,渋滞にはまった車,お金を借りるローンとかけて、渋滞にはまった車と解く。その心は『どちらも滞るでしょう。』,
,フレーズ・慣用句型,お金を借りるローン,返済期間が長いこと,ながいつきあい,長い付き合い,長い付き合い,昔からの親友,お金を借りるローンとかけて、昔からの親友と解く。その心は『どちらも長い付き合いでしょう。』,
,フレーズ・慣用句型,お金を借りるローン,経済的負担が重いこと,おもくのしかかる,重くのしかかる,重くのしかかる,肩に重い荷物を背負った人,お金を借りるローンとかけて、肩に重い荷物を背負った人と解く。その心は『どちらも重くのしかかるでしょう。』,
,完全な同音異義語型,税金を納める納税,金銭を差し出す行為と義務,おさめる,納める (税金を納める),修める (学問を修める),一流の職人見習い,税金を納める納税とかけて、一流の職人見習いと解く。その心は「どちらも『おさめる』ことが大事でしょう。」,
,多義語型,税金を納める納税,財政的な重荷,ふたん,負担 (経済的負担),負担 (物理的負担),重い荷物を運ぶ引っ越し業者,税金を納める納税とかけて、重い荷物を運ぶ引っ越し業者と解く。その心は「どちらも『負担』がかかるでしょう。」,
,フレーズ・慣用句型,税金を納める納税,義務の完了と負担の解消,かたがつく,片が付く (納税義務が片付く),片が付く (散らかった状態が片付く),散らかった部屋の掃除,税金を納める納税とかけて、散らかった部屋の掃除と解く。その心は「どちらも『片が付くとすっきりする』でしょう。」,
,完全な同音異義語型,税金を納める納税,必要な情報を役所に伝える行為,しんこく,申告 (税務署に所得を申告する),深刻 (事態が深刻である),重病の患者を診る医者,税金を納める納税とかけて、重病の患者を診る医者と解く。その心は「どちらも『深刻』な状況と向き合うでしょう。」,
,多義語型,税金を納める納税,公共サービスとして返ってくることへの期待,かんげん,還元 (税金が公共サービスとして還元される),還元 (デパートでのポイント還元),お買い物をたくさんする人,税金を納める納税とかけて、お買い物をたくさんする人と解く。その心は「どちらも『還元』されることを期待するでしょう。」,
,フレーズ・慣用句型,税金を納める納税,法律で定められた責任を果たす行為,ぎむをはたす,義務を果たす (納税の義務を果たす),義務を果たす (職務上の義務を果たす),夜の街を守る警備員,税金を納める納税とかけて、夜の街を守る警備員と解く。その心は「どちらも『義務を果たす』ことが求められるでしょう。」,
,完全な同音異義語型,災害に備える防災,災害発生に備え、事前に準備を行うこと,そなえ,災害への「備え」,神仏への「供え」,神棚に果物を置く人,災害に備える防災とかけて、神棚に果物を置く人と解く。その心は『どちらも「そなえ」が大切でしょう』。,
,多義語型,災害に備える防災,被害を最小限に抑えるための策を熟考すること,ねる,対策を「練る」,パン生地を「練る」,パン職人,災害に備える防災とかけて、パン職人と解く。その心は『どちらも「練る」ことが重要でしょう』。,
,フレーズ・慣用句型,災害に備える防災,常に情報収集し、異常がないか警戒すること,アンテナをはる,災害情報に「アンテナを張る」,電波を受信するため「アンテナを張る」,アマチュア無線家,災害に備える防災とかけて、アマチュア無線家と解く。その心は『どちらも「アンテナを張る」でしょう』。,
,完全な同音異義語型,災害に備える防災,危険な状況から身を守り、被害を避けること,ぼうし,災害を「防止」する,日差しを防ぐ「帽子」,炎天下で作業する農家,災害に備える防災とかけて、炎天下で作業する農家と解く。その心は『どちらも「ぼうし」が役立つでしょう』。,
,多義語型,災害に備える防災,防災に関する知識や意識を高めること,ふかめる,防災意識を「深める」,穴を「深める」,井戸掘り職人,災害に備える防災とかけて、井戸掘り職人と解く。その心は『どちらも「深める」ことが大切でしょう』。,
,フレーズ・慣用句型,災害に備える防災,災害の兆候や避難経路などを注意深く確認すること,みはる,災害の兆候に「見張る」,驚きのあまり目を大きく「見張る」,初めてマジックを見た子供,災害に備える防災とかけて、初めてマジックを見た子供と解く。その心は『どちらも「見張る」でしょう』。,
,完全な同音異義語型,挨拶を交わす名刺交換,名刺が相手の手に「渡る」行為,わたる,渡る (名刺が相手に渡る),渡る (川や橋を渡る),大河を船で渡る船頭,挨拶を交わす名刺交換とかけて、大河を船で渡る船頭と解く。その心は「どちらも『渡る』でしょう。」,
,完全な同音異義語型,挨拶を交わす名刺交換,相手との会話や名刺の受け渡しを「交わす」行為,かわす,交わす (挨拶や名刺を交わす),躱す (相手の攻撃を避ける),試合中のプロボクサー,挨拶を交わす名刺交換とかけて、試合中のプロボクサーと解く。その心は「どちらも『かわす』でしょう。」,
,多義語型,挨拶を交わす名刺交換,相手の「顔」を見て行い、名刺に「顔」写真があることもある,かお,顔 (相手の顔、顔写真),顔 (組織の代表、象徴),会社の看板を背負う敏腕社長,挨拶を交わす名刺交換とかけて、会社の看板を背負う敏腕社長と解く。その心は「どちらも『顔』があるでしょう。」,
,多義語型,挨拶を交わす名刺交換,新しい「縁」を結び、関係性が始まる,えん,縁 (人間関係の繋がり),縁 (物の端、へり),古い家の縁側でくつろぐお年寄り,挨拶を交わす名刺交換とかけて、古い家の縁側でくつろぐお年寄りと解く。その心は「どちらも『縁』を大切にするでしょう。」,
,フレーズ・慣用句型,挨拶を交わす名刺交換,自己紹介を通して自分の存在を「顔を売る」機会,かおをうる,顔を売る (自分の存在をアピールする),顔を売る (名声を得て有名になる),全国ツアー中の人気アイドル,挨拶を交わす名刺交換とかけて、全国ツアー中の人気アイドルと解く。その心は「どちらも『顔を売る』でしょう。」,
,フレーズ・慣用句型,挨拶を交わす名刺交換,礼儀として相手にお辞儀をし「頭を下げる」,あたまをさげる,頭を下げる (お辞儀をする),頭を下げる (お願いをする、謝罪する),取引先への営業で必死に頭を下げる社員,挨拶を交わす名刺交換とかけて、取引先への営業で必死に頭を下げる社員と解く。その心は「どちらも『頭を下げる』でしょう。」,
,完全な同音異義語型,子供を育てる育児,労力がかかる、心身をすり減らす,ろうひ,労費（労力を費やすこと）,浪費（お金や時間を無駄遣いすること）,贅沢三昧の生活をする富豪,子供を育てる育児とかけて、贅沢三昧の生活をする富豪と解く。その心は『どちらも労費（浪費）が激しい』でしょう。,
,完全な同音異義語型,子供を育てる育児,成長を促す、大切に育む,いくせい,育成（人材を育てること）,育生（植物や微生物などを育てること）,植物を研究する農学者,子供を育てる育児とかけて、植物を研究する農学者と解く。その心は『どちらも育成（育生）が肝心』でしょう。,
,多義語型,子供を育てる育児,世話が大変、手間がかかる,てがかかる,手がかかる（世話に手間がかかる）,手がかかる（物理的に触れる、作業が必要な）,パズルの最後のピースをはめる作業,子供を育てる育児とかけて、パズルの最後のピースをはめる作業と解く。その心は『どちらも手がかかる』でしょう。,
,多義語型,子供を育てる育児,常に注意が必要、見守る必要がある,めをはなせない,目を離せない（注意を払う、見守る）,目を離せない（物理的に視線を外せないほど魅力的、または危険な）,大画面で繰り広げられる手に汗握るスポーツ中継,子供を育てる育児とかけて、大画面で繰り広げられる手に汗握るスポーツ中継と解く。その心は『どちらも目が離せない』でしょう。,
,フレーズ・慣用句型,子供を育てる育児,予想外の出来事が多い、計画通りにいかない,てがはなせない,手が離せない（他の作業が忙しくて中断できない）,手が離せない（物理的に掴んでいて離すことができない）,溶接作業中の職人,子供を育てる育児とかけて、溶接作業中の職人と解く。その心は『どちらも手が離せない』でしょう。,
,フレーズ・慣用句型,子供を育てる育児,苦労が多い、思うようにいかない、大変な時期がある,なきわめく,泣き喚く（子供が大声で泣き叫ぶ）,泣き喚く（困難な状況で助けを求めて大声で叫ぶ、不満を訴える）,経営がうまくいかず株主総会で株主から責められる社長,子供を育てる育児とかけて、経営がうまくいかず株主総会で株主から責められる社長と解く。その心は『どちらも泣き喚きたい時がある』でしょう。,
,多義語型,重い雪かきスコップ,物理的に力を込めて作業する状態,ちからをいれる,力を入れる（物理的な労力を投入する）,力を入れる（努力や重点を置く）,新商品の開発部門,重い雪かきスコップとかけて、新商品の開発部門と解く。その心は「どちらも『力を入れる』でしょう。」,
,完全な同音異義語型,重い雪かきスコップ,雪を払い除く動作,かく,掻く（雪を掻く）,書く（文章を書く）,小説家,重い雪かきスコップとかけて、小説家と解く。その心は「どちらも『かく』でしょう。」,
,フレーズ・慣用句型,重い雪かきスコップ,物理的に持ち上げたり動かしたりするのに労力がかかる状態,こしがおもい,腰が重い（スコップが重く、作業者の腰に負担がかかる状態）,腰が重い（行動に移すのが遅い、億劫な様子）,なかなか行動しない人,重い雪かきスコップとかけて、なかなか行動しない人と解く。その心は「どちらも『腰が重い』でしょう。」,
,多義語型,重い雪かきスコップ,雪が次第に蓄積していく状態,つもる,積もる（雪がスコップや地面に積もる）,積もる（不満や疲労などが蓄積する）,ブラック企業で働く社員,重い雪かきスコップとかけて、ブラック企業で働く社員と解く。その心は「どちらも『つもる』でしょう。」,
,完全な同音異義語型,重い雪かきスコップ,道具の先端部分,さき,先（スコップの刃先）,咲き（花が咲くこと）,美しい花畑,重い雪かきスコップとかけて、美しい花畑と解く。その心は「どちらも『先』があるでしょう。」,
,フレーズ・慣用句型,重い雪かきスコップ,肉体的に非常に疲れる、大変な作業,ほねがおれる,骨が折れる（物理的に体がきつい、大変な労力を使う）,骨が折れる（非常に苦労する、骨身を惜しまない努力をする）,難しい国家試験の受験生,重い雪かきスコップとかけて、難しい国家試験の受験生と解く。その心は「どちらも『骨が折れる』でしょう。」,
,完全な同音異義語型,痛い冬の革靴,足が締め付けられる物理的な状態,しめる,締める（足を締め付ける）,湿る（水気を含んで湿る）,雨上がりの洗濯物,痛い冬の革靴とかけて、雨上がりの洗濯物と解く。その心は「どちらも『しめる』でしょう。」,
,完全な同音異義語型,痛い冬の革靴,足に生じる感覚的な苦痛,いたみ,痛み（足の痛み）,傷み（鮮度が落ちる、劣化する）,真夏の生鮮食品,痛い冬の革靴とかけて、真夏の生鮮食品と解く。その心は「どちらも『いたみ』があるでしょう。」,
,多義語型,痛い冬の革靴,サイズや形が足に適合しない状態,あわない,合わない（足に適合しない）,会わない（人と面会しない）,引きこもりの人,痛い冬の革靴とかけて、引きこもりの人と解く。その心は「どちらも『合わない』でしょう。」,
,多義語型,痛い冬の革靴,足元が冷たくなる感覚,ひえる,冷える（足が冷たくなる）,冷える（関係性が悪くなる）,夫婦喧嘩ばかりしている家庭,痛い冬の革靴とかけて、夫婦喧嘩ばかりしている家庭と解く。その心は「どちらも『冷える』でしょう。」,
,フレーズ・慣用句型,痛い冬の革靴,痛みのせいで前に進むのが困難な状態,さきがいけない,先へ行けない（痛くて前に進めない）,先へ行けない（見通しが立たない、計画が頓挫する）,事業計画が暗礁に乗り上げた会社,痛い冬の革靴とかけて、事業計画が暗礁に乗り上げた会社と解く。その心は「どちらも『先へ行けない』でしょう。」,
,フレーズ・慣用句型,痛い冬の革靴,滑りやすく、歩行時にバランスを崩しやすい状態,あしをとられる,足を取られる（雪道などで滑って転びそうになる）,足を取られる（予想外の出費で経済的に苦しくなる）,衝動買いが止まらない人,痛い冬の革靴とかけて、衝動買いが止まらない人と解く。その心は「どちらも『足を取られる』でしょう。」,
,完全な同音異義語型,熱い湯たんぽ,熱を保つ、温かさを維持する,ほおん,保温,母音,言語学を学ぶ学生,熱い湯たんぽとかけて、言語学を学ぶ学生と解く。その心は「どちらも『ほおん（保温／母音）』が大切でしょう。」,
,完全な同音異義語型,熱い湯たんぽ,湯が冷めること,ゆざめ,湯冷め,湯覚め,温泉から上がって身も心もすっきりした人,熱い湯たんぽとかけて、温泉から上がって身も心もすっきりした人と解く。その心は「どちらも『ゆざめ（湯冷め／湯覚め）』には気をつけたい（する）でしょう。」,
,多義語型,熱い湯たんぽ,体を温めるために抱える、抱きしめる,だく,抱く,抱く,大きな夢を追いかける若者,熱い湯たんぽとかけて、大きな夢を追いかける若者と解く。その心は「どちらも『抱く』と温かい気持ちになるでしょう。」,
,多義語型,熱い湯たんぽ,触れた時に感じる温度,あたたかい,温かい,温かい,困っている人に手を差し伸べる人,熱い湯たんぽとかけて、困っている人に手を差し伸べる人と解く。その心は「どちらも『温かい』でしょう。」,
,フレーズ・慣用句型,熱い湯たんぽ,熱が長持ちして冷めにくい,ねつがさめない,熱が冷めない,熱が冷めない,何十年も同じ趣味に没頭している人,熱い湯たんぽとかけて、何十年も同じ趣味に没頭している人と解く。その心は「どちらも『熱が冷めない』でしょう。」,
,フレーズ・慣用句型,熱い湯たんぽ,寒い夜の寝床を暖かくする,よをあたためる,夜を温める,夜を温める,旧友と久しぶりに語り明かすひととき,熱い湯たんぽとかけて、旧友と久しぶりに語り明かすひとときと解く。その心は「どちらも『夜を温める』でしょう。」,
,完全な同音異義語型,臭い生乾きの傘,水滴が滴り落ちて、濡れた状態が続く,たれる,水滴が垂れる,緊張が弛れる,会議がだらけて締まりがない状況,臭い生乾きの傘とかけて、会議がだらけて締まりがない状況と解く。その心は『どちらも【たれる】でしょう。』,
,多義語型,臭い生乾きの傘,不快な匂いを周囲に漂わせる,においをはなつ,匂いを放つ,異彩を放つ,誰もが認める才能ある新人,臭い生乾きの傘とかけて、誰もが認める才能ある新人 と解く。その心は『どちらも【匂いを放つ／異彩を放つ】でしょう。』,
,フレーズ・慣用句型,臭い生乾きの傘,湿気が残ってなかなか乾かず、不完全な状態である,なまがわき,生乾き,物事が中途半端な状態,結論が出ずに停滞しているプロジェクト,臭い生乾きの傘とかけて、結論が出ずに停滞しているプロジェクトと解く。その心は『どちらも【生乾き】でしょう。』,
,完全な同音異義語型,臭い生乾きの傘,雨を防ぐために大きく開く,ひろげる,広げる（傘を）,弘める（教えを）,新しい技術や思想を世の中に普及させる人,臭い生乾きの傘とかけて、新しい技術や思想を世の中に普及させる人と解く。その心は『どちらも【ひろげる】でしょう。』,
,多義語型,臭い生乾きの傘,湿気が多くて嫌な感じがする物理的な状態,じめじめ,じめじめ（湿気が多い様子）,じめじめ（気分が晴れない様子）,いつも陰気で暗い表情をしている人,臭い生乾きの傘とかけて、いつも陰気で暗い表情をしている人と解く。その心は『どちらも【じめじめ】でしょう。』,
,フレーズ・慣用句型,臭い生乾きの傘,臭いや湿気で、どう扱っていいか困る,あつかいにこまる,扱いに困る（物理的に）,扱いに困る（問題や人物を）,手に負えない問題児,臭い生乾きの傘とかけて、手に負えない問題児と解く。その心は『どちらも【扱いに困る】でしょう。』,
,完全な同音異義語型,眩しい夏用のサンバイザー,頭頂部が遮られずに開いている,あいている,開いている（上部が）,空いている（時間が）,暇な時間がある人,眩しい夏用のサンバイザーとかけて、暇な時間がある人と解く。その心は「どちらも**空いている**でしょう。」,
,多義語型,眩しい夏用のサンバイザー,日差しから目を守る,まもる,守る（目を）,守る（約束を）,約束をきちんと守る人,眩しい夏用のサンバイザーとかけて、約束をきちんと守る人と解く。その心は「どちらも**守る**でしょう。」,
,フレーズ・慣用句型,眩しい夏用のサンバイザー,日差しを防ぎ、額を涼しく保つ,あたまをひやす,頭を冷やす（物理的に）,頭を冷やす（冷静になる）,感情的になっている人,眩しい夏用のサンバイザーとかけて、感情的になっている人と解く。その心は「どちらも**頭を冷やす**でしょう。」,
,完全な同音異義語型,眩しい夏用のサンバイザー,日差しをよけて視界を確保する,よける,避ける（日差しを）,除ける（邪魔なものを）,邪魔な物を片付ける人,眩しい夏用のサンバイザーとかけて、邪魔な物を片付ける人と解く。その心は「どちらも**よける**でしょう。」,
,多義語型,眩しい夏用のサンバイザー,強い日差しを遮る,さえぎる,遮る（日差しを）,遮る（人の話を）,人との会話を途中で遮る人,眩しい夏用のサンバイザーとかけて、人との会話を途中で遮る人と解く。その心は「どちらも**遮る**でしょう。」,
,フレーズ・慣用句型,眩しい夏用のサンバイザー,前方の視界が良好になる,しかいりょうこう,視界良好（物理的な見通し）,視界良好（将来の展望）,経営が順調な会社,眩しい夏用のサンバイザーとかけて、経営が順調な会社と解く。その心は「どちらも**視界良好**でしょう。」,
,完全な同音異義語型,冷たい風鈴,涼しい音色で涼を運ぶ,すず,涼,鈴,猫の首輪,冷たい風鈴とかけて、猫の首輪と解く。その心は「どちらも『すず』でしょう。」,
,完全な同音異義語型,冷たい風鈴,風を受けて、心地よい音が鳴り響く,なり,鳴り,生り,豊作の果樹園,冷たい風鈴とかけて、豊作の果樹園と解く。その心は「どちらも『なり』が良いでしょう。」,
,多義語型,冷たい風鈴,音色で周囲に涼しさをもたらす,すずしい,涼しい,涼しい（顔）,どんな時も焦らないポーカーフェイスの持ち主,冷たい風鈴とかけて、どんな時も焦らないポーカーフェイスの持ち主と解く。その心は「どちらも『涼しい』でしょう。」,
,多義語型,冷たい風鈴,風を受けて音を立て、物理的にぶら下がって揺れる,ゆれる,揺れる,揺れる（心）,恋に迷う人,冷たい風鈴とかけて、恋に迷う人と解く。その心は「どちらも心が『揺れる』でしょう。」,
,フレーズ・慣用句型,冷たい風鈴,風が吹かないと音が出せず、じっと風を待つ,かぜまち,風待ち,風待ち,出港をじっと待つ漁船,冷たい風鈴とかけて、出港をじっと待つ漁船と解く。その心は「どちらも『風待ち』でしょう。」,
,フレーズ・慣用句型,冷たい風鈴,風がある限り、心地よい音を響かせ途切れない,おとをとぎれさせない,音を途切れさせない,話を途切れさせない,初対面の人との食事会を仕切る幹事,冷たい風鈴とかけて、初対面の人との食事会を仕切る幹事と解く。その心は「どちらも『音（話）を途切れさせない』でしょう。」,
,多義語型,痒いウールのマフラー,肌に刺激を与え、不快な感覚を覚えさせる物理的な状態,ちくちく,マフラーが肌に「ちくちく」する,人の心を「ちくちく」と刺激するような小言や嫌味,嫌味ばかり言う人,痒いウールのマフラーとかけて、嫌味ばかり言う人と解く。その心は「どちらも『ちくちく』するでしょう。」,
,完全な同音異義語型,痒いウールのマフラー,素材である「毛」が原因で肌に不快感を与える状態,け,マフラーの「毛」が刺激する,やる「気」や覇気,覇気のない新人,痒いウールのマフラーとかけて、覇気のない新人と解く。その心は「どちらも『け（毛／気）』がないでしょう。」,
,フレーズ・慣用句型,痒いウールのマフラー,痒みでじっとしていられず、落ち着かない感覚,うずうず,痒くて体が「うずうず」する,何かを始めたり、行動したくて「うずうず」する,新作ゲームの発売を待ちきれないゲーマー,痒いウールのマフラーとかけて、新作ゲームの発売を待ちきれないゲーマーと解く。その心は「どちらも『うずうず』しているでしょう。」,
,多義語型,痒いウールのマフラー,首元に「着ける」防寒具,つける,マフラーを「着ける」,不注意な行動に「気を付ける」,忘れ物が多い人,痒いウールのマフラーとかけて、忘れ物が多い人と解く。その心は「どちらも『つける（着ける／気を付ける）』でしょう。」,
,完全な同音異義語型,痒いウールのマフラー,首に「巻く」ことで使用する,まく,マフラーを首に「巻く」,畑に「撒く」種,春の訪れを待つ農家,痒いウールのマフラーとかけて、春の訪れを待つ農家と解く。その心は「どちらも『まく（巻く／撒く）』でしょう。」,
,フレーズ・慣用句型,痒いウールのマフラー,首に巻くと物理的に動きが制限され、「首が回らない」状態になる,くびがまわらない,物理的に「首が回らない」,金銭的に苦しく、やりくりができない「首が回らない」,借金に苦しむ経営者,痒いウールのマフラーとかけて、借金に苦しむ経営者と解く。その心は「どちらも『首が回らない』でしょう。」,
,多義語型,息苦しい防寒マスク,物理的に視界が狭まる,しかいがせばまる,視界が狭まる（物理的な見通し）,視野が狭まる（精神的な思考や見解）,新しい意見を聞き入れない頑固な人,「息苦しい防寒マスク」とかけて、「新しい意見を聞き入れない頑固な人」と解く。その心は「どちらも『視界が狭まる』でしょう。」,
,完全な同音異義語型,息苦しい防寒マスク,口元を覆う,おおう,覆う（顔を覆う）,負う（責任を負う）,重い責任を抱えた上司,「息苦しい防寒マスク」とかけて、「重い責任を抱えた上司」と解く。その心は「どちらも『おおう』でしょう。」,
,フレーズ・慣用句型,息苦しい防寒マスク,呼吸が困難で息が詰まる,いきがつまる,息が詰まる（物理的に呼吸がしにくい）,息が詰まる（緊張や重苦しさで身動きがとれない）,重苦しい雰囲気の会議室,「息苦しい防寒マスク」とかけて、「重苦しい雰囲気の会議室」と解く。その心は「どちらも『息が詰まる』でしょう。」,
,多義語型,息苦しい防寒マスク,顔が暖かい,あたたかい,暖かい（物理的な温度が高い）,温かい（心のこもった、親切な）,親身になって相談に乗ってくれる友人,「息苦しい防寒マスク」とかけて、「親身になって相談に乗ってくれる友人」と解く。その心は「どちらも『暖かい』でしょう。」,
,完全な同音異義語型,息苦しい防寒マスク,長時間着用で口元が蒸れる,むれる,蒸れる（湿気で不快になる）,群れる（集まって集団になる）,大勢で移動する渡り鳥,「息苦しい防寒マスク」とかけて、「大勢で移動する渡り鳥」と解く。その心は「どちらも『むれる』でしょう。」,
,フレーズ・慣用句型,息苦しい防寒マスク,顔にぴったりと密着する,ぴったりする,ぴったりする（物理的に隙間なく密着する）,ぴったりする（状況や条件にうまく当てはまる）,計画通りに進むプロジェクト,「息苦しい防寒マスク」とかけて、「計画通りに進むプロジェクト」と解く。その心は「どちらも『ぴったりする』でしょう。」,
,多義語型,焦げる石油ストーブ,焦げ付くと不快な「臭い」がする,におい,臭い,怪しい匂いがする,事件を追う警察官,焦げる石油ストーブとかけて、事件を追う警察官と解く。その心は「どちらも『怪しい匂いがする』でしょう。」,
,完全な同音異義語型,焦げる石油ストーブ,燃焼するための「芯」が不可欠,しん,芯,信,政治家,焦げる石油ストーブとかけて、政治家と解く。その心は「どちらも『信【芯/信】が大事』でしょう。」,
,フレーズ・慣用句型,焦げる石油ストーブ,焦げ付くと「火力が落ちる」,かりょくがおちる,火力が落ちる,企画の「火力が落ちる」,閉店間際で客足の遠のいた居酒屋,焦げる石油ストーブとかけて、閉店間際で客足の遠のいた居酒屋と解く。その心は「どちらも『火力が落ちる』でしょう。」,
,多義語型,焦げる石油ストーブ,部屋を「温かく」する,あたたかい,温かい,心が「温かい」,親身になって相談に乗ってくれる友人,焦げる石油ストーブとかけて、親身になって相談に乗ってくれる友人と解く。その心は「どちらも『温かい』でしょう。」,
,完全な同音異義語型,焦げる石油ストーブ,燃料に「油」を使う,あぶら,油,脂,旬を迎えた魚,焦げる石油ストーブとかけて、旬を迎えた魚と解く。その心は「どちらも『脂【油/脂】が乗っている』でしょう。」,
,フレーズ・慣用句型,焦げる石油ストーブ,焦げ付きの煙や匂いで「目が痛くなる」ことがある,めがいたくなる,目が痛くなる,演技がひどすぎて「目が痛くなる」,大根役者の舞台,焦げる石油ストーブとかけて、大根役者の舞台と解く。その心は「どちらも『目が痛くなる』でしょう。」,
,完全な同音異義語型,冷える夏の竹シーツ,ベッドに敷いて使うものである,しく,敷く,しくじる（失敗する）,ドジな人,冷える夏の竹シーツとかけて、ドジな人と解く。その心は「どちらも『しく』でしょう」。,
,完全な同音異義語型,冷える夏の竹シーツ,素材が竹である,たけ,竹,丈（服の長さや高さ）,服の長さを気にする人,冷える夏の竹シーツとかけて、服の長さを気にする人と解く。その心は「どちらも『たけ』が気になるでしょう」。,
,多義語型,冷える夏の竹シーツ,体を涼しくする、涼しさを与える,すずしい,涼しい（温度が低い）,涼しい顔（平静な態度）,ピンチでも慌てない人,冷える夏の竹シーツとかけて、ピンチでも慌てない人と解く。その心は「どちらも『涼しい』でしょう」。,
,多義語型,冷える夏の竹シーツ,体温を奪い、ひんやりさせる,ひえる,冷える（温度が下がる）,冷える（人間関係が悪化する）,仲が悪くなった夫婦,冷える夏の竹シーツとかけて、仲が悪くなった夫婦と解く。その心は「どちらも『冷える』でしょう」。,
,フレーズ・慣用句型,冷える夏の竹シーツ,体の熱を逃がして涼しくする,ねつをのがす,熱を逃がす（物理的な熱の放出）,好機を逃す（チャンスを失う）,チャンスを活かせない経営者,冷える夏の竹シーツとかけて、チャンスを活かせない経営者と解く。その心は「どちらも『熱（好機）を逃がす』でしょう」。,
,フレーズ・慣用句型,冷える夏の竹シーツ,暑苦しい体をさっぱりさせてくれる,さっぱりする,さっぱりする（体の清々しさ、気分がすっきりする）,関係をさっぱりさせる（人間関係を清算する、断ち切る）,過去の恋愛を引きずらない人,冷える夏の竹シーツとかけて、過去の恋愛を引きずらない人と解く。その心は「どちらも『さっぱりする』でしょう」。,
,完全な同音異義語型,痛い静電気のセーター,静電気がバチバチと電気を出す,ほうでん,放電,法典,法律をまとめた書物,「痛い静電気のセーター」とかけて、「法律をまとめた書物」と解く。その心は「どちらも『ほうでん（放電／法典）』でしょう。」,
,完全な同音異義語型,痛い静電気のセーター,摩擦で髪や繊維が逆立つ,たつ,立つ,経つ,時の流れ,「痛い静電気のセーター」とかけて、「時の流れ」と解く。その心は「どちらも『たつ（毛が立つ／時が経つ）』でしょう。」,
,多義語型,痛い静電気のセーター,電気が蓄積する,たまる,溜まる,溜まる,不満が爆発寸前の人,「痛い静電気のセーター」とかけて、「不満が爆発寸前の人」と解く。その心は「どちらも『溜まる』でしょう。」,
,多義語型,痛い静電気のセーター,ピリッとした刺激がある,しげきてき,刺激的,刺激的,スリリングなアトラクション,「痛い静電気のセーター」とかけて、「スリリングなアトラクション」と解く。その心は「どちらも『刺激的』でしょう。」,
,フレーズ・慣用句型,痛い静電気のセーター,放電時に光や音が弾ける,ひばながちる,火花が散る,火花が散る,激しい議論をする人たち,「痛い静電気のセーター」とかけて、「激しい議論をする人たち」と解く。その心は「どちらも『火花が散る』でしょう。」,
,フレーズ・慣用句型,痛い静電気のセーター,予想外の痛みで驚く,しょっくをうける,ショックを受ける,ショックを受ける,悪いニュースを聞いた人,「痛い静電気のセーター」とかけて、「悪いニュースを聞いた人」と解く。その心は「どちらも『ショックを受ける』でしょう。」,
,完全な同音異義語型,苦い夏バテの漢方薬,効き目がある,きく,効く (効果がある),菊 (花の種類),秋に咲く花,苦い夏バテの漢方薬とかけて、秋に咲く花と解く。その心は「どちらも『効く（菊）』でしょう。」,
,完全な同音異義語型,苦い夏バテの漢方薬,体に良い,よい,良い (効能がある),宵 (夕方、夜の入り口),夕暮れ時,苦い夏バテの漢方薬とかけて、夕暮れ時と解く。その心は「どちらも『良い（宵）』でしょう。」,
,多義語型,苦い夏バテの漢方薬,口に入れると「苦い」味,にがい,苦い (味覚),苦い (辛い経験や記憶),過去の失敗を悔やむ人,苦い夏バテの漢方薬とかけて、過去の失敗を悔やむ人と解く。その心は「どちらも『苦い』でしょう。」,
,多義語型,苦い夏バテの漢方薬,体の熱を「冷ます」,さます,冷ます (温度を下げる),覚ます (目を覚ます、酔いを覚ます),深い眠りから目覚める人,苦い夏バテの漢方薬とかけて、深い眠りから目覚める人と解く。その心は「どちらも『冷ます（覚ます）』でしょう。」,
,フレーズ・慣用句型,苦い夏バテの漢方薬,飲むのに「一苦労」ある,いちくろう,一苦労 (飲むことの難しさ),一苦労 (何かを成し遂げるための大変な努力),大変な仕事に取りかかる新人,苦い夏バテの漢方薬とかけて、大変な仕事に取りかかる新人と解く。その心は「どちらも『一苦労』でしょう。」,
,フレーズ・慣用句型,苦い夏バテの漢方薬,体に「良い」効果をもたらす,くすりになる,薬になる (体に効く),薬になる (教訓や学びになる、ためになる),厳しい上司の助言,苦い夏バテの漢方薬とかけて、厳しい上司の助言と解く。その心は「どちらも『薬になる』でしょう。」,
,完全な同音異義語型,重い冬の土鍋,物理的にずっしりと重い,おもい,重い,思い,失恋した人の気持ち,「重い冬の土鍋」とかけて、「失恋した人の気持ち」と解く。その心は「どちらも重いでしょう。」,
,完全な同音異義語型,重い冬の土鍋,火にかけて調理する,ひにかける,火にかける,費にかける,衝動買いが多い人,「重い冬の土鍋」とかけて、「衝動買いが多い人」と解く。その心は「どちらも火にかける（費にかける）でしょう。」,
,多義語型,重い冬の土鍋,重くて持ち運ぶのが大変,もちこたえる,持ちこたえる,持ちこたえる,倒産寸前の会社,「重い冬の土鍋」とかけて、「倒産寸前の会社」と解く。その心は「どちらも持ちこたえるのが大変でしょう。」,
,多義語型,重い冬の土鍋,鍋の中の料理が温まる,あたたまる,温まる,温まる,嬉しいニュースを聞いた家族,「重い冬の土鍋」とかけて、「嬉しいニュースを聞いた家族」と解く。その心は「どちらも心が温まるでしょう。」,
,フレーズ・慣用句型,重い冬の土鍋,底が深く、具材をたくさん入れられる,そこがふかい,底が深い,底が深い,思慮深い思想家,「重い冬の土鍋」とかけて、「思慮深い思想家」と解く。その心は「どちらも底が深いでしょう。」,
,フレーズ・慣用句型,重い冬の土鍋,衝撃でひびが入ることがある,ひびがはいる,ひびが入る,ひびが入る,不仲な夫婦関係,「重い冬の土鍋」とかけて、「不仲な夫婦関係」と解く。その心は「どちらもひびが入ることがあるでしょう。」,
,完全な同音異義語型,臭い梅雨のエアコン,カビが発生する、腐敗する,かびる,黴びる,枯びる,水不足の植物,臭い梅雨のエアコンとかけて、水不足の植物と解く。その心は「どちらも『黴びる（枯びる）』でしょう。」,
,多義語型,臭い梅雨のエアコン,不快な悪臭を放つ,くさい,臭い（悪臭がする）,怪しい、胡散臭い（信頼できない）,口が達者な詐欺師,臭い梅雨のエアコンとかけて、口が達者な詐欺師と解く。その心は「どちらも『臭い』でしょう。」,
,フレーズ・慣用句型,臭い梅雨のエアコン,カビや湿気で空気が汚れている、不快である,くうきがよどむ,空気が淀む（室内環境が不快な状態）,空気が淀む（組織や状況が停滞し、活気がない状態）,マンネリ化した会社の会議,臭い梅雨のエアコンとかけて、マンネリ化した会社の会議と解く。その心は「どちらも『空気が淀む』でしょう。」,
,完全な同音異義語型,臭い梅雨のエアコン,梅雨の季節である、湿気が多い,つゆ,梅雨（季節）,汁（食べ物の）,熱々のそばつゆ,臭い梅雨のエアコンとかけて、熱々のそばつゆと解く。その心は「どちらも『つゆ』でしょう。」,
,多義語型,臭い梅雨のエアコン,機能が低下している、冷房効果が薄い,きかない,効かない（機能が発揮されない）,聞かない（人の意見に耳を傾けない）,人の言うことを聞かない子供,臭い梅雨のエアコンとかけて、人の言うことを聞かない子供と解く。その心は「どちらも『効かない（聞かない）』でしょう。」,
,フレーズ・慣用句型,臭い梅雨のエアコン,悪臭や不快な空気で息苦しい、換気が必要な状態,いきがつまる,息が詰まる（悪臭や空気の悪さで呼吸が困難な状態）,息が詰まる（緊張やプレッシャーで精神的に苦しい状態）,緊迫した会議室,臭い梅雨のエアコンとかけて、緊迫した会議室と解く。その心は「どちらも『息が詰まる』でしょう。」,
,多義語型,熱い使い捨てカイロ,ある程度の時間が経つと熱を発しなくなり、役に立たなくなる,つかえない,使えない（役立たずになる）,使えない（能力が低く役に立たない）,新人研修中の社員,熱い使い捨てカイロとかけて、新人研修中の社員と解く。その心は「どちらも『使えない』でしょう。」,
,フレーズ・慣用句型,熱い使い捨てカイロ,物理的に体を温め、寒い思いをしないようにする,ひえをふせぐ,冷えを防ぐ（物理的な寒さ対策をする）,冷えを防ぐ（経済的な苦境を避ける）,家計を管理する倹約家,熱い使い捨てカイロとかけて、家計を管理する倹約家と解く。その心は「どちらも『冷えを防ぐ』でしょう。」,
,完全な同音異義語型,熱い使い捨てカイロ,使用できる期間が限定されている,きかん,期間（使用可能な時間）,器官（生物の体の一部）,人間の臓器,熱い使い捨てカイロとかけて、人間の臓器と解く。その心は「どちらも『期間（器官）がある』でしょう。」,
,完全な同音異義語型,熱い使い捨てカイロ,製品として「袋」に包まれている,ふくろ,袋（包装資材）,福郎（縁起物とされるフクロウの当て字）,縁起物のフクロウ,熱い使い捨てカイロとかけて、縁起物のフクロウと解く。その心は「どちらも『袋（福郎）がある』でしょう。」,
,多義語型,熱い使い捨てカイロ,熱の発生が止まって効果がなくなる,きれる,切れる（効果がなくなる）,切れる（腕前や才能が優れている）,ベテランの職人,熱い使い捨てカイロとかけて、ベテランの職人と解く。その心は「どちらも『切れる』でしょう。」,
,フレーズ・慣用句型,熱い使い捨てカイロ,体を温めて物理的な安らぎを与える,ぬくもりをあたえる,温もりを与える（体が温かくなる）,温もりを与える（精神的な安らぎや愛情を与える）,親の愛情,熱い使い捨てカイロとかけて、親の愛情と解く。その心は「どちらも『温もりを与える』でしょう。」,
,完全な同音異義語型,涼しいハッカ油のスプレー,香りが空間に広がる,たつ,立つ（香りが）,建つ（家が）,新築中の家,涼しいハッカ油のスプレーとかけて、新築中の家と解く。その心は「どちらも『たつ』でしょう。」,
,多義語型,涼しいハッカ油のスプレー,スプレーが霧状に液体を出す,きり,霧,区切り,長期プロジェクトの最終段階,涼しいハッカ油のスプレーとかけて、長期プロジェクトの最終段階と解く。その心は「どちらも『きり』が必要でしょう。」,
,フレーズ・慣用句型,涼しいハッカ油のスプレー,暑さで熱くなった頭や体を冷やす,あたまをひやす,頭を冷やす（物理的に）,頭を冷やす（冷静になる）,激しい議論の最中,涼しいハッカ油のスプレーとかけて、激しい議論の最中と解く。その心は「どちらも『頭を冷やす』必要があるでしょう。」,
,完全な同音異義語型,涼しいハッカ油のスプレー,暑い体を冷ます,さます,冷ます,覚ます,二度寝からなかなか覚めない人,涼しいハッカ油のスプレーとかけて、二度寝からなかなか覚めない人と解く。その心は「どちらも『さます』必要があるでしょう。」,
,多義語型,涼しいハッカ油のスプレー,清涼感が体に作用し効果がある,きく,効く（効果がある）,聞く（耳で）,先生の話を聞く生徒たち,涼しいハッカ油のスプレーとかけて、先生の話を聞く生徒たちと解く。その心は「どちらも『きく』ことが大切でしょう。」,
,フレーズ・慣用句型,涼しいハッカ油のスプレー,暑さや不快な気分を爽快感が払拭する,ふきとばす,吹き飛ばす（嫌な気分を）,吹き飛ばす（困難や問題を）,仕事で大きな失敗をして落ち込んでいる人,涼しいハッカ油のスプレーとかけて、仕事で大きな失敗をして落ち込んでいる人と解く。その心は「どちらも嫌な気分を『吹き飛ばしたい』でしょう。」,
,多義語型,眩しいスノーゴーグル,視界の曇りを防ぎ、クリアな状態を保つ,くもりがない,曇りがない（視界が明瞭である）,曇りがない（心配や不機嫌がなく、晴れやかな様子）,晴れやかな表情の人,「眩しいスノーゴーグル」とかけて、「晴れやかな表情の人」と解く。その心は『どちらも「曇りがない」でしょう。』,
,完全な同音異義語型,眩しいスノーゴーグル,強い光や雪から目を保護する,まもる,守る（目を保護する）,護る（国家や市民の安全を守る）,国の治安を守る警察官,「眩しいスノーゴーグル」とかけて、「国の治安を守る警察官」と解く。その心は『どちらも「まもる」でしょう。』,
,フレーズ・慣用句型,眩しいスノーゴーグル,装着すると視界が遮られ、他のことに気を取られにくくなる,めがはなせない,目が離せない（状況に集中し、注意を払う）,目が離せない（魅力的なものから視線を外せない）,スポーツ中継に熱中する視聴者,「眩しいスノーゴーグル」とかけて、「スポーツ中継に熱中する視聴者」と解く。その心は『どちらも「目が離せない」でしょう。』,
,多義語型,眩しいスノーゴーグル,紫外線や眩しさを軽減する機能がある,カットする,カットする（光を遮断、軽減する）,カットする（費用や人員を削減する）,無駄な経費を削減する会社の経営者,「眩しいスノーゴーグル」とかけて、「無駄な経費を削減する会社の経営者」と解く。その心は『どちらも「カットする」でしょう。』,
,完全な同音異義語型,眩しいスノーゴーグル,雪面の状況を判断しやすくする,はんだん,判断（状況を分析し、結論を出す）,半田（電子部品を接合するための合金）,電子回路を組み立てる職人,「眩しいスノーゴーグル」とかけて、「電子回路を組み立てる職人」と解く。その心は『どちらも「はんだん」でしょう。』,
,フレーズ・慣用句型,眩しいスノーゴーグル,レンズの面積が広く、視野が確保されている,めがおおきい,目が大きい（レンズや視界が広い）,目が大きい（欲しいものが多く、欲張りな様子）,バーゲンセールで商品を物色する人,「眩しいスノーゴーグル」とかけて、「バーゲンセールで商品を物色する人」と解く。その心は『どちらも「目が大きい」でしょう。』,
,完全な同音異義語型,痛い真夏の日焼け止め,紫外線から肌を「守る」、肌への刺激を「防ぐ」。,ぼうぎょ,防御（肌を「防御」する）,貿易（国の経済を支える「貿易」）,国際的なビジネス,痛い真夏の日焼け止めとかけて、国際的なビジネスと解く。その心は「どちらも『防御（ぼうぎょ）』と『貿易（ぼうぎょ）』でしょう。」,
,完全な同音異義語型,痛い真夏の日焼け止め,焼けた肌に塗ると「しみる」、目に入ると「しみる」。,しみる,染みる（痛みが「染みる」）,沁みる（味の「沁みた」大根）,味がよく染みたおでん,痛い真夏の日焼け止めとかけて、味がよく染みたおでんと解く。その心は「どちらも『染みる』と『沁みる』でしょう。」,
,多義語型,痛い真夏の日焼け止め,塗り「直す」手間、効果が「切れる」。,きれる,切れる（効果が「切れる」）,切れる（包丁が「切れる」、腕が「切れる」）,腕のいい板前,痛い真夏の日焼け止めとかけて、腕のいい板前と解く。その心は「どちらも『切れる』でしょう。」,
,多義語型,痛い真夏の日焼け止め,塗ると肌に「白い」膜ができる、ムラなく「伸ばす」必要がある。,のばす,伸ばす（日焼け止めをムラなく「伸ばす」）,伸ばす（背筋を「伸ばす」、才能を「伸ばす」）,成長期の子供,痛い真夏の日焼け止めとかけて、成長期の子供と解く。その心は「どちらも『伸ばす』ものでしょう。」,
,フレーズ・慣用句型,痛い真夏の日焼け止め,塗るのを「怠る」とひどく焼ける、「油分」を含むものが多い。,あぶらをうる,油を売る（日焼け止めを塗らずに「油を売って」いると、ひどい目に遭う）,油を売る（商店で「油を売る」）,地域の商店主,痛い真夏の日焼け止めとかけて、地域の商店主と解く。その心は「どちらも『油を売る』でしょう。」,
,フレーズ・慣用句型,痛い真夏の日焼け止め,焼けた肌に塗ると「赤く」なる、熱を持つ、炎症を起こす。,ひのこ,火の子（炎症で「火の子」のように熱くなる肌）,火の子（焚き火から飛び散る「火の子」）,焚き火,痛い真夏の日焼け止めとかけて、焚き火と解く。その心は「どちらも『火の子』が飛ぶでしょう。」,
,多義語型,冷たい冷感敷きパッド,体温を下げて熱を「冷やす」,ひやす,冷やす（体を冷やす）,冷やす（費用を抑える）,節約家の主婦,冷たい冷感敷きパッドとかけて、節約家の主婦と解く。その心は『どちらも出費を冷やすでしょう。』,
,完全な同音異義語型,冷たい冷感敷きパッド,快適な「睡眠」を助ける,すいみん,睡眠,水面,静かな湖畔,冷たい冷感敷きパッドとかけて、静かな湖畔と解く。その心は『どちらも「すいめん」でしょう。』,
,フレーズ・慣用句型,冷たい冷感敷きパッド,体の火照りを「クールダウン」させる,クールダウン,クールダウン（体を冷ますこと）,クールダウン（興奮を鎮めること）,激しい議論で熱くなった会議室,冷たい冷感敷きパッドとかけて、激しい議論で熱くなった会議室と解く。その心は『どちらも「クールダウン」するでしょう。』,
,多義語型,冷たい冷感敷きパッド,体を「冷ます」ことで寝苦しさを解消する,さます,冷ます（体の熱を冷ます）,覚ます（酔いを覚ます）,二日酔いで苦しむ人,冷たい冷感敷きパッドとかけて、二日酔いで苦しむ人と解く。その心は『どちらも酔いを「さます」でしょう。』,
,完全な同音異義語型,冷たい冷感敷きパッド,夏の夜を「快適」にする,かいてき,快適,海底機,深海を探査する潜水艦,冷たい冷感敷きパッドとかけて、深海を探査する潜水艦と解く。その心は『どちらも「かいていき」でしょう。』,
,フレーズ・慣用句型,冷たい冷感敷きパッド,体温の「熱を下げる」,ねつをさげる,熱を下げる（体温を下げる）,熱を下げる（物事への情熱や興奮を静める）,白熱した議論,冷たい冷感敷きパッドとかけて、白熱した議論と解く。その心は『どちらも「熱」を下げるでしょう。』,
,完全な同音異義語型,焦げる蚊取り線香,独特の匂いを放つ,かおり,香り,馨（人名）,国民的女優,焦げる蚊取り線香とかけて、国民的女優と解く。その心は「どちらも『かおり』があるでしょう。」,
,完全な同音異義語型,焦げる蚊取り線香,渦を巻いた形状,うず,渦,疼（体の痛み）,虫歯に悩む人,焦げる蚊取り線香とかけて、虫歯に悩む人と解く。その心は「どちらも『うず』があるでしょう。」,
,多義語型,焦げる蚊取り線香,燃え尽きると灰になる,はいになる,灰になる（灰と化す）,灰になる（返事の「はい」をする）,上司の指示に忠実な部下,焦げる蚊取り線香とかけて、上司の指示に忠実な部下と解く。その心は「どちらも『灰になる』でしょう。」,
,多義語型,焦げる蚊取り線香,火をつけると燃焼が始まる,ひをつける,火をつける（着火する）,火をつける（問題を引き起こす、関心を惹く）,ゴシップを追う週刊誌記者,焦げる蚊取り線香とかけて、ゴシップを追う週刊誌記者と解く。その心は「どちらも『火をつける』でしょう。」,
,フレーズ・慣用句型,焦げる蚊取り線香,煙で蚊を遠ざける,けむにまく,煙に巻く（煙で覆う）,煙に巻く（ごまかす、はぐらかす）,記者の追及をかわす政治家,焦げる蚊取り線香とかけて、記者の追及をかわす政治家と解く。その心は「どちらも『煙に巻く』でしょう。」,
,フレーズ・慣用句型,焦げる蚊取り線香,自分の身を燃やし続ける,みをこがす,身を焦がす（物理的に燃焼する）,身を焦がす（恋い慕う、心労する）,報われない片思いの相手を想う人,焦げる蚊取り線香とかけて、報われない片思いの相手を想う人と解く。その心は「どちらも『身を焦がす』でしょう。」,
,完全な同音異義語型,重い真冬のダウンコート,物理的に重く、肩に負担がかかる,かたがおもい,肩が重い（肉体的な負担）,肩が重い（責任や立場が重い）,会社の役員,重い真冬のダウンコートとかけて、会社の役員と解く。その心は「どちらも『肩が重い』でしょう。」,
,多義語型,重い真冬のダウンコート,ダウンや羽毛が中にみっしりと充填されている,つまっている,詰まっている（中身がいっぱいである）,詰まっている（予定やスケジュールがいっぱいである）,スケジュールがびっしりの売れっ子タレント,重い真冬のダウンコートとかけて、売れっ子タレントと解く。その心は「どちらも『スケジュールが詰まっている』でしょう。」,
,フレーズ・慣用句型,重い真冬のダウンコート,寒さから体をしっかりと保護し、暖める機能がある,からだをまもる,体（身）を守る（寒さから身を護る）,体（身）を守る（危険から身を護る）,護身術の達人,重い真冬のダウンコートとかけて、護身術の達人と解く。その心は「どちらも『体（身）を守る』でしょう。」,
,完全な同音異義語型,重い真冬のダウンコート,物理的な重量がある,おもい,重い（重量がある）,思い（心に抱く感情や考え）,片思いを続ける人,重い真冬のダウンコートとかけて、片思いを続ける人と解く。その心は「どちらも『思い（重い）』でしょう。」,
,多義語型,重い真冬のダウンコート,羽毛やダウンでふっくらと膨らんでいる,ふくらむ,膨らむ（中身が詰まって体積が増す）,膨らむ（期待や夢が大きくなる）,未来に夢を描く若者,重い真冬のダウンコートとかけて、未来に夢を描く若者と解く。その心は「どちらも『期待が膨らむ』でしょう。」,
,フレーズ・慣用句型,重い真冬のダウンコート,極寒の環境では、その存在が非常に重要である,なくてはならない,無くてはならない（冬の防寒具として不可欠な存在）,無くてはならない（組織やチームにとって不可欠な人物や要素）,チームの精神的支柱,重い真冬のダウンコートとかけて、チームの精神的支柱と解く。その心は「どちらも『無くてはならない』でしょう。」,
,完全な同音異義語型,臭い衣替えの防虫剤,匂いがきつくて、のどや鼻を刺激する,むせる,匂いでむせる (防虫剤の強い匂いで喉や鼻が刺激される状態),感情がこみ上げて言葉に詰まる様子 (感動や悲しみで声が出なくなる状態),感動して言葉に詰まる人,臭い衣替えの防虫剤とかけて、感動して言葉に詰まる人と解く。その心は「どちらも『むせる』でしょう。」,
,完全な同音異義語型,臭い衣替えの防虫剤,害虫を寄せ付けない役割,むしよけ,虫除け (害虫を近付けないようにすること),無視よけ (不都合な状況や相手の機嫌などを避ける行為),上司の機嫌が悪い日の部下,臭い衣替えの防虫剤とかけて、上司の機嫌が悪い日の部下と解く。その心は「どちらも『むしよけ（虫除け/無視よけ）』でしょう。」,
,多義語型,臭い衣替えの防虫剤,独特な強い匂いがする,あじがある,独特の匂いや香りが感じられる (防虫剤特有の癖のある匂い),その人や物に深みや魅力がある (演技や作品に趣があること),年齢を重ねたベテラン俳優,臭い衣替えの防虫剤とかけて、年齢を重ねたベテラン俳優と解く。その心は「どちらも『味がある』でしょう。」,
,多義語型,臭い衣替えの防虫剤,防虫効果がある,ききめがある,防虫効果が発揮されている (薬剤が虫に作用する効果),意図した通りに効果が現れる (交渉や作戦が成功する効果),腕利きの交渉人,臭い衣替えの防虫剤とかけて、腕利きの交渉人と解く。その心は「どちらも『効き目がある』でしょう。」,
,フレーズ・慣用句型,臭い衣替えの防虫剤,匂いが部屋中に広がる、こもる,ただよう,匂いが空間に広がる (防虫剤の匂いが空気中に満ちる),ある種の雰囲気や状態が感じられる (不穏な空気やムードが広がる),試合終盤の劣勢チーム,臭い衣替えの防虫剤とかけて、試合終盤の劣勢チームと解く。その心は「どちらも『（雰囲気が）漂う』でしょう。」,
,フレーズ・慣用句型,臭い衣替えの防虫剤,衣類と一緒にタンスや箱の奥にしまう,おくふかくしまいこむ,物の奥の方に収納する (衣類をタンスの奥に仕舞う),心の奥底に秘密や感情を隠す (誰にも言わず胸の内に留めておく),忘れられない過去の秘密,臭い衣替えの防虫剤とかけて、忘れられない過去の秘密と解く。その心は「どちらも『奥深くしまい込む』でしょう。」,
,完全な同音異義語型,熱い土用丑の鰻重,スタミナがつく、元気になる、活力が湧く,せいりょく,精力（活動するための元気や力）,勢力（集団や国家などの力や影響力）,台風,熱い土用丑の鰻重とかけて、台風と解く。その心は「どちらも勢力がつく」でしょう。,
,多義語型,熱い土用丑の鰻重,鰻を調理する（開く）、香ばしい匂い,ひらく,開く（鰻を捌く調理工程）,開く（新しい店や事業を始める）,新しい店を始める人,熱い土用丑の鰻重とかけて、新しい店を始める人と解く。その心は「どちらも開くのが肝心」でしょう。,
,フレーズ・慣用句型,熱い土用丑の鰻重,滋養がある、体力がつく、元気になる,せいがつく,精がつく（体力が向上する）,精がつく（技術や能力が熟練する）,熟練の職人,熱い土用丑の鰻重とかけて、熟練の職人と解く。その心は「どちらも精がつく」でしょう。,
,完全な同音異義語型,熱い土用丑の鰻重,甘辛いタレがかかっている、タレが垂れる,たれる,タレる（蒲焼きからタレが滴る）,垂れる（疲労や失望で首や肩が下がる）,試験に落ちてがっかりしている受験生,熱い土用丑の鰻重とかけて、試験に落ちてがっかりしている受験生と解く。その心は「どちらもタレる」でしょう。,
,多義語型,熱い土用丑の鰻重,焼くことで香ばしい焦げ目がつく,こげつく,焦げ付く（鰻の蒲焼きに焦げ目がつく）,焦げ付く（投資などで資金が回収不能になる）,投資に失敗した人,熱い土用丑の鰻重とかけて、投資に失敗した人と解く。その心は「どちらも焦げ付く」でしょう。,
,フレーズ・慣用句型,熱い土用丑の鰻重,滋養強壮、活力源、元気の元となる,みなもと,源（活力やスタミナの源）,源（大河の始まりとなる場所）,大河,熱い土用丑の鰻重とかけて、大河と解く。その心は「どちらも源（みなもと）がある」でしょう。,
,完全な同音異義語型,息苦しい台風の雨合羽,雨合羽で身体が覆われ、視界が悪く、呼吸や動きが困難な状態。,ふさい,息が塞がる,負債,借金まみれの経営者,息苦しい台風の雨合羽とかけて、借金まみれの経営者と解く。その心は『どちらも【ふさい（塞がる/負債）】でしょう。』,
,多義語型,息苦しい台風の雨合羽,台風の強い風雨から体を守る機能。,かぜをふせぐ,風を防ぐ,風邪を防ぐ,インフルエンザの流行期に予防に励む人,息苦しい台風の雨合羽とかけて、インフルエンザの流行期に予防に励む人と解く。その心は『どちらも【風邪（風）を防ぐ】でしょう。』,
,フレーズ・慣用句型,息苦しい台風の雨合羽,雨合羽の中で体が蒸れて、汗だくになる状態。,あせをかく,汗をかく,汗をかく（努力する）,困難な課題に日々取り組む研究者,息苦しい台風の雨合羽とかけて、困難な課題に日々取り組む研究者と解く。その心は『どちらも【汗をかく】でしょう。』,
,完全な同音異義語型,息苦しい台風の雨合羽,雨合羽が全身を覆い、外からの刺激や視界を遮る状態。,おう,（身体を）覆う,（責任を）負う,会社の存亡を背負う社長,息苦しい台風の雨合羽とかけて、会社の存亡を背負う社長と解く。その心は『どちらも【負う（覆う）】でしょう。』,
,多義語型,息苦しい台風の雨合羽,台風という激しい自然現象、荒れた天候。,あらし,嵐,荒らし,掲示板を無秩序にかき乱すネットユーザー,息苦しい台風の雨合羽とかけて、掲示板を無秩序にかき乱すネットユーザーと解く。その心は『どちらも【荒らし】でしょう。』,
,フレーズ・慣用句型,息苦しい台風の雨合羽,雨合羽の重さ、風による抵抗、視界の悪さで、物理的に動きが制限される状態。,うごきがとれない,動きが取れない,（経済的に）動きが取れない,資金繰りに窮している会社,息苦しい台風の雨合羽とかけて、資金繰りに窮している会社と解く。その心は『どちらも【動きが取れない】でしょう。』,
,完全な同音異義語型,痺れる除雪機のハンドル,除雪機の振動で手が感覚を失う状態,まひ,手の「麻痺」,経済「麻痺」,経済危機に瀕する国,痺れる除雪機のハンドルとかけて、経済危機に瀕する国と解く。その心は「どちらも『麻痺』でしょう。」,
,完全な同音異義語型,痺れる除雪機のハンドル,振動で手が硬直する感覚,こる,手が「凝る」,細部に「凝る」,細部までこだわる芸術家,痺れる除雪機のハンドルとかけて、細部までこだわる芸術家と解く。その心は「どちらも『凝る』でしょう。」,
,多義語型,痺れる除雪機のハンドル,痺れによって手が動きにくくなる状態,きかない,手が「利かない」（うまく動かせない）,親の言うことを「聞かない」,反抗期の子供,痺れる除雪機のハンドルとかけて、反抗期の子供と解く。その心は「どちらも『利かない／聞かない』でしょう。」,
,多義語型,痺れる除雪機のハンドル,寒さや振動で手が硬直する様子,かたい,手が「硬い」（動きが）,頭が「固い」,融通の利かない上司,痺れる除雪機のハンドルとかけて、融通の利かない上司と解く。その心は「どちらも『固い』でしょう。」,
,フレーズ・慣用句型,痺れる除雪機のハンドル,痺れて動かしにくい手を中断し、回復させたい状態,てをやすめる,痺れた「手を休める」,作業を「手を休める」,多忙なクリエイター,痺れる除雪機のハンドルとかけて、多忙なクリエイターと解く。その心は「どちらも『手を休める』でしょう。」,
,フレーズ・慣用句型,痺れる除雪機のハンドル,除雪機の振動で手が震える状態,てがふるえる,振動で「手が震える」,大金を目にして欲で「手が震える」,大金を手にしたギャンブラー,痺れる除雪機のハンドルとかけて、大金を手にしたギャンブラーと解く。その心は「どちらも『手が震える』でしょう。」,
,完全な同音異義語型,回る夏の扇風機,風を起こすための羽根がある,はね,羽根（風を送る部分）,跳ね（勢いよく飛び跳ねること）,元気な子供,回る夏の扇風機とかけて、元気な子供と解く。その心は「どちらも羽根（跳ね）がある」でしょう。,
,多義語型,回る夏の扇風機,左右に首を動かして風を送る,くびをふる,首を振る（左右に動かす動作）,首を振る（要求や提案を拒否する動作）,頼まれたことを断る人,回る夏の扇風機とかけて、頼まれたことを断る人と解く。その心は「どちらも首を振る」でしょう。,
,フレーズ・慣用句型,回る夏の扇風機,暑い室内の熱気を下げる,ねつをさます,熱を冷ます（物理的な温度を下げる）,熱を冷ます（情熱や興奮が落ち着く）,情熱が冷めてしまった人,回る夏の扇風機とかけて、情熱が冷めてしまった人と解く。その心は「どちらも熱を冷ます」でしょう。,
,完全な同音異義語型,回る夏の扇風機,風を発生させ、部屋に送り出す,かぜ,風（空気の流れ）,風邪（病気の一種）,体調を崩した人,回る夏の扇風機とかけて、体調を崩した人と解く。その心は「どちらも風（風邪）がやってくる」でしょう。,
,多義語型,回る夏の扇風機,部屋を涼しくする,すずしい,涼しい（心地よい温度であること）,涼しい（態度が冷静で落ち着いていること）,どんな時も動じない人,回る夏の扇風機とかけて、どんな時も動じない人と解く。その心は「どちらも涼しい」でしょう。,
,フレーズ・慣用句型,回る夏の扇風機,暑い間は休憩せずに動き続ける,やすむまもなく,休む間もなく（連続して動作すること）,休む間もなく（多忙で休憩できないこと）,忙しいビジネスパーソン,回る夏の扇風機とかけて、忙しいビジネスパーソンと解く。その心は「どちらも休む間もない」でしょう。,
,完全な同音異義語型,沸かす麦茶のやかん,水が加熱されて沸騰する状態,わく,沸く,湧く,やる気に満ちた人,沸かす麦茶のやかんとかけて、やる気に満ちた人と解く。その心は「どちらも『わく（沸く／湧く）』でしょう」。,
,多義語型,沸かす麦茶のやかん,麦茶が完成する状態,できる,出来る,出来る,何でも器用にこなす人,沸かす麦茶のやかんとかけて、何でも器用にこなす人と解く。その心は「どちらも『できる』でしょう」。,
,フレーズ・慣用句型,沸かす麦茶のやかん,本体が熱を帯びる状態,ねつをもつ,熱を持つ,熱を持つ,白熱した議論,沸かす麦茶のやかんとかけて、白熱した議論と解く。その心は「どちらも『熱を持つ』でしょう」。,
,完全な同音異義語型,沸かす麦茶のやかん,笛吹きやかんで音がする状態,なる,鳴る,成る,立派に大成した人,沸かす麦茶のやかんとかけて、立派に大成した人と解く。その心は「どちらも『なる（鳴る／成る）』でしょう」。,
,フレーズ・慣用句型,沸かす麦茶のやかん,火の上に置かれている状態,ひにかかる,火にかかる,火にかかる,捜査線上の容疑者,沸かす麦茶のやかんとかけて、捜査線上の容疑者と解く。その心は「どちらも『火にかかる』でしょう」。,
,多義語型,沸かす麦茶のやかん,液体が入って物理的に重さがある状態,おもい,重い,重い,重責を担うリーダー,沸かす麦茶のやかんとかけて、重責を担うリーダーと解く。その心は「どちらも『重い』でしょう」。,
,完全な同音異義語型,届く夏のお中元ギフト,夏の気候が暑い,あつい,暑い,熱い,ベテラン職人のこだわり,「届く夏のお中元ギフト」とかけて、「ベテラン職人のこだわり」と解く。その心は「どちらも『あつい』（暑い/熱い）でしょう。」,
,完全な同音異義語型,届く夏のお中元ギフト,贈り物を相手に与える行為,おくる,贈る,送る,故郷を旅立つ人,「届く夏のお中元ギフト」とかけて、「故郷を旅立つ人」と解く。その心は「どちらも『おくる』（贈る/送る）でしょう。」,
,多義語型,届く夏のお中元ギフト,感謝の心を込める,きもち,気持ち,気持ち,人の体調,「届く夏のお中元ギフト」とかけて、「人の体調」と解く。その心は「どちらも『気持ち』でしょう。」,
,多義語型,届く夏のお中元ギフト,暑さを和らげる涼しさ,すずしい,涼しい,涼しい,全く焦っていない人,「届く夏のお中元ギフト」とかけて、「全く焦っていない人」と解く。その心は「どちらも『涼しい』でしょう。」,
,フレーズ・慣用句型,届く夏のお中元ギフト,ギフトの箱の蓋を開ける動作,ふたをあける,蓋を開ける,蓋を開ける,隠された秘密,「届く夏のお中元ギフト」とかけて、「隠された秘密」と解く。その心は「どちらも『蓋を開ける』でしょう。」,
,フレーズ・慣用句型,届く夏のお中元ギフト,物理的にギフトが届くこと,てもとにくる,手元に来る,手元に来る,待ち焦がれた給料日,「届く夏のお中元ギフト」とかけて、「待ち焦がれた給料日」と解く。その心は「どちらも『手元に来る』でしょう。」,
,完全な同音異義語型,飾るお正月飾り,門松などを玄関に高い場所に『上げる』,あげる,上げる（飾る、持ち上げる）,揚げる（天ぷらを揚げる）,天ぷら職人,飾るお正月飾りとかけて、天ぷら職人と解く。その心は「どちらも『揚げる』でしょう。」,
,完全な同音異義語型,飾るお正月飾り,良い一年となるよう縁起を『担ぐ』,かつぐ,担ぐ（縁起を担ぐ）,担ぐ（荷物を担ぐ）,引っ越し業者,飾るお正月飾りとかけて、引っ越し業者と解く。その心は「どちらも『担ぐ』でしょう。」,
,多義語型,飾るお正月飾り,門松などを玄関に『立てる』,たてる,立てる（門松を）,立てる（計画を）,新規事業を立ち上げる経営者,飾るお正月飾りとかけて、新規事業を立ち上げる経営者と解く。その心は「どちらも『計画を立てる』でしょう。」,
,多義語型,飾るお正月飾り,新年を『迎える』,むかえる,迎える（新年を）,迎える（お客様を）,老舗旅館の女将,飾るお正月飾りとかけて、老舗旅館の女将と解く。その心は「どちらも『お客様を迎える』でしょう。」,
,フレーズ・慣用句型,飾るお正月飾り,新年を迎える準備として、心身や環境を『整える』,ととのえる,整える（準備を）,整える（呼吸を）,スタートラインに立つマラソンランナー,飾るお正月飾りとかけて、スタートラインに立つマラソンランナーと解く。その心は「どちらも『呼吸を整える』でしょう。」,
,フレーズ・慣用句型,飾るお正月飾り,神棚や床の間に鏡餅などの縁起物を『置く』,おく,置く（物を配置する）,身を置く（慣用句）,要職に就く政治家,飾るお正月飾りとかけて、要職に就く政治家と解く。その心は「どちらも『身を置く』でしょう。」,
,完全な同音異義語型,吐く冬の加湿器,水蒸気を霧状にして放出する,きり,霧（加湿器が放出する水蒸気が霧状に見えること）,切り（物事の終わりや区切り）,集中力が切れてきた時の会議の司会者,「吐く冬の加湿器」とかけて、「集中力が切れてきた時の会議の司会者」と解く。その心は「どちらも『霧（きり）』が良いでしょう。」,
,多義語型,吐く冬の加湿器,部屋の空気を乾燥から「潤す」,うるおす,潤す（空気に水分を与えて湿度を保つ）,潤す（生活や懐を豊かにする）,思わぬ臨時収入が入った人,「吐く冬の加湿器」とかけて、「思わぬ臨時収入が入った人」と解く。その心は「どちらも『潤す』でしょう。」,
,フレーズ・慣用句型,吐く冬の加湿器,水分を補給して部屋の乾燥を「防ぐ」,かんそうをふせぐ,乾燥を防ぐ（部屋の湿度が下がるのを食い止める）,乾燥を防ぐ（会話や人間関係が活気を失わないようにする）,職場の雰囲気を明るく保とうと努力する人,「吐く冬の加湿器」とかけて、「職場の雰囲気を明るく保とうと努力する人」と解く。その心は「どちらも『乾燥を防ぐ』でしょう。」,
,完全な同音異義語型,吐く冬の加湿器,水蒸気を外部に「吐く」,はく,吐く（水蒸気を外部に出す）,履く（衣服や靴などを身につける）,出かける前に身支度を整える人,「吐く冬の加湿器」とかけて、「出かける前に身支度を整える人」と解く。その心は「どちらも『履く（はく）』でしょう。」,
,多義語型,吐く冬の加湿器,部屋の乾燥状態を「改善」する,かいぜん,改善（部屋の湿度を上げて快適な状態にする）,改善（物事の悪い状態を良い方向へ改めること）,経営状態が思わしくない会社の社長,「吐く冬の加湿器」とかけて、「経営状態が思わしくない会社の社長」と解く。その心は「どちらも『改善』するでしょう。」,
,フレーズ・慣用句型,吐く冬の加湿器,適切な湿度で「健康を保つ」手助けをする,けんこうをたもつ,健康を保つ（適切な湿度で体の不調を防ぎ、健やかな状態を維持する）,健康を保つ（組織やシステムなどが健全な状態を維持する）,健全な財政運営を心がける国の財務大臣,「吐く冬の加湿器」とかけて、「健全な財政運営を心がける国の財務大臣」と解く。その心は「どちらも『健康を保つ』でしょう。」,
,完全な同音異義語型,着る夏祭りの浴衣,帯や着付けが窮屈でなく、ゆったりしている,ゆるい,緩い,緩い（傾斜が緩い）,登山道の坂道,着る夏祭りの浴衣とかけて、登山道の坂道と解く。その心は『どちらも緩い』でしょう。,
,完全な同音異義語型,着る夏祭りの浴衣,生地に様々な色や模様を施す,そめる,染める,攻める,囲碁の対局者,着る夏祭りの浴衣とかけて、囲碁の対局者と解く。その心は『どちらも攻める（染める）』でしょう。,
,多義語型,着る夏祭りの浴衣,帯などを体に巻きつけてしっかりと固定する,しめる,締める,締める（約束を締める、締め切りが迫る）,仕事の納期に追われるビジネスマン,着る夏祭りの浴衣とかけて、仕事の納期に追われるビジネスマンと解く。その心は『どちらも締める』でしょう。,
,多義語型,着る夏祭りの浴衣,色や柄が目を引き、見栄えが良い,きく,効く,効く（薬が効く、効果がある）,病気を治す薬,着る夏祭りの浴衣とかけて、病気を治す薬と解く。その心は『どちらも効く』でしょう。,
,フレーズ・慣用句型,着る夏祭りの浴衣,祭りの雰囲気にぴったりで、賑やかな状態,おまつりさわぎ,お祭り騒ぎ,お祭り騒ぎ（無秩序で浮かれた状況）,株価が急騰して人々が沸き立つ株式市場,着る夏祭りの浴衣とかけて、株価が急騰して人々が沸き立つ株式市場と解く。その心は『どちらもお祭り騒ぎ』でしょう。,
,フレーズ・慣用句型,着る夏祭りの浴衣,生地が薄く、空気の流れが良く涼しい,かぜとおしがいい,風通しが良い,風通しが良い（意見が活発に交わされる）,意見が自由に飛び交う職場,着る夏祭りの浴衣とかけて、意見が自由に飛び交う職場と解く。その心は『どちらも風通しが良い』でしょう。,
,完全な同音異義語型,差す猛暑の日傘,傘を広げ、上にかざす動作。,さす,日傘を差す,人を指す,捜査中の刑事,「差す猛暑の日傘」とかけて、「捜査中の刑事」と解く。その心は「どちらも『人を指す』でしょう。」,
,多義語型,差す猛暑の日傘,閉じている日傘が広がる。,ひらく,開く（日傘が）,道を拓く,若き冒険家,「差す猛暑の日傘」とかけて、「若き冒険家」と解く。その心は「どちらも『道を拓く』でしょう。」,
,フレーズ・慣用句型,差す猛暑の日傘,猛烈な暑さから身を守る、熱中症対策。,みをまもる,身を守る（暑さから）,身を守る（危険から、財産から）,弁護士,「差す猛暑の日傘」とかけて、「弁護士」と解く。その心は「どちらも『身を守る』でしょう。」,
,完全な同音異義語型,差す猛暑の日傘,影を作る、日差しを遮る。,かげをつくる,影を作る（日傘が）,陰を作る（悪だくみをする）,悪代官,「差す猛暑の日傘」とかけて、「悪代官」と解く。その心は「どちらも『陰を作る』でしょう。」,
,多義語型,差す猛暑の日傘,日差しから身を覆う、広がる。,おおう,覆う（日差しから身を）,覆う（秘密を、真実を）,隠蔽工作を行う組織,「差す猛暑の日傘」とかけて、「隠蔽工作を行う組織」と解く。その心は「どちらも『真実を覆う』でしょう。」,
,フレーズ・慣用句型,差す猛暑の日傘,役目を終え、コンパクトに畳む。,たたむ,畳む（日傘を）,店を畳む,廃業する店主,「差す猛暑の日傘」とかけて、「廃業する店主」と解く。その心は「どちらも『店を畳む』でしょう。」,
,完全な同音異義語型,履く防寒スノーブーツ,足に履くもの,はく,履く（足に）,掃く（掃除で）,掃除当番,履く防寒スノーブーツとかけて、掃除当番と解く。その心は「どちらも履く（掃く）でしょう。」,
,完全な同音異義語型,履く防寒スノーブーツ,素材や作りが丈夫で硬い,かたい,硬い（物理的な丈夫さ）,固い（決意や結束）,チームの強い絆,履く防寒スノーブーツとかけて、チームの強い絆と解く。その心は「どちらも固い（硬い）でしょう。」,
,多義語型,履く防寒スノーブーツ,足元をしっかりと固定し、保護する,しっかり,しっかり（足元が安定している様子）,しっかり（真面目で堅実な様子）,責任感の強い社会人,履く防寒スノーブーツとかけて、責任感の強い社会人と解く。その心は「どちらもしっかりしているでしょう。」,
,多義語型,履く防寒スノーブーツ,雪道でも物理的に滑らない機能,すべらない,滑らない（物理的に転倒しない）,滑らない（失敗しない、試験に落ちない）,大事なプレゼンを控えた人,履く防寒スノーブーツとかけて、大事なプレゼンを控えた人と解く。その心は「どちらも滑らないでしょう。」,
,フレーズ・慣用句型,履く防寒スノーブーツ,雪道で物理的な足元に注意を払う,あしもとをきにする,足元を気にする（物理的な安全に注意する）,足元を気にする（自分の立場や言動に注意する）,スキャンダルを恐れる政治家,履く防寒スノーブーツとかけて、スキャンダルを恐れる政治家と解く。その心は「どちらも足元を気にするでしょう。」,
,フレーズ・慣用句型,履く防寒スノーブーツ,雪道でも安心して歩けて足取りが軽く感じられる,あしどりがかるくなる,足取りが軽くなる（歩行が楽になる）,足取りが軽くなる（気持ちが晴れて活動的になる）,悩みが解決して元気になった人,履く防寒スノーブーツとかけて、悩みが解決して元気になった人と解く。その心は「どちらも足取りが軽くなるでしょう。」,
,完全な同音異義語型,敷くホットカーペット,床に敷かれる、設置される,しかれる,敷かれる（床に設置される）,叱られる（注意や批判を受ける）,悪いことをした子供,敷くホットカーペットとかけて、悪いことをした子供と解く。その心は「どちらも『敷かれる（叱られる）』でしょう。」,
,完全な同音異義語型,敷くホットカーペット,熱を発する、温度が高い状態,ねつがある,熱がある（温度が高い）,熱がある（何かに夢中になっている）,趣味に没頭する人,敷くホットカーペットとかけて、趣味に没頭する人と解く。その心は「どちらも『熱がある』でしょう。」,
,多義語型,敷くホットカーペット,物理的に展開し、広い面積を覆う,ひろげる,広げる（物理的に展開する）,広げる（事業や範囲を拡大する）,新規事業を立ち上げる経営者,敷くホットカーペットとかけて、新規事業を立ち上げる経営者と解く。その心は「どちらも『広げる』でしょう。」,
,多義語型,敷くホットカーペット,体を温め、心地よさを与える,いやす,癒す（体を温めてリラックスさせる）,癒す（心や傷を回復させる）,失恋で落ち込む人,敷くホットカーペットとかけて、失恋で落ち込む人と解く。その心は「どちらも『心を癒す』でしょう。」,
,フレーズ・慣用句型,敷くホットカーペット,物理的な温かさからくる快適さ,こころもからだもあたたまる,心も体も温まる（物理的な暖かさからくる心地よさ）,心も体も温まる（精神的な安らぎや感動）,久しぶりに実家で食べる母の手料理,敷くホットカーペットとかけて、久しぶりに実家で食べる母の手料理と解く。その心は「どちらも『心も体も温まる』でしょう。」,
,フレーズ・慣用句型,敷くホットカーペット,足元を安定させ、冷えを防ぐ,あしもとをかためる,足元を固める（物理的に安定させる）,足元を固める（基礎を確立する、準備を整える）,新入社員の研修期間,敷くホットカーペットとかけて、新入社員の研修期間と解く。その心は「どちらも『足元を固める』でしょう。」,
,完全な同音異義語型,吊るすてるてる坊主,軒下などに設置する行為,かける,掛ける,欠ける,満月,「吊るすてるてる坊主」とかけて、「満月」と解く。その心は「どちらも『かける』でしょう。」,
,完全な同音異義語型,吊るすてるてる坊主,天候が好転することを願う機能,てんき,天気,転機,人生の岐路に立つ人,「吊るすてるてる坊主」とかけて、「人生の岐路に立つ人」と解く。その心は「どちらも『転機』を願うでしょう。」,
,多義語型,吊るすてるてる坊主,雨が止み、空が明るくなる状態への期待,はれる,晴れる,晴れる,疑いをかけられた人,「吊るすてるてる坊主」とかけて、「疑いをかけられた人」と解く。その心は「どちらも『晴れる』ことを望むでしょう。」,
,多義語型,吊るすてるてる坊主,軒下などに吊るされている物理的状態,ぶらさがる,ぶら下がる,ぶら下がる,父親の腕にまとわりつく子供,「吊るすてるてる坊主」とかけて、「父親の腕にまとわりつく子供」と解く。その心は「どちらも『ぶら下がる』でしょう。」,
,フレーズ・慣用句型,吊るすてるてる坊主,特定の望みが実現することへの期待,ねがいがかなう,願いが叶う,願いが叶う,七夕の短冊,「吊るすてるてる坊主」とかけて、「七夕の短冊」と解く。その心は「どちらも『願いが叶う』ことを待っているでしょう。」,
,フレーズ・慣用句型,吊るすてるてる坊主,雨が止んで水分がなくなることへの期待,みずけをなくす,水気をなくす,水気をなくす,料理の下ごしらえ,「吊るすてるてる坊主」とかけて、「料理の下ごしらえ」と解く。その心は「どちらも『水気をなくす』ことが重要でしょう。」,
,完全な同音異義語型,飛ばす正月遊びの凧,空に舞い上げる、高くする,あげる,揚げる,挙げる,結婚式でのスピーチ,「飛ばす正月遊びの凧」とかけて、「結婚式でのスピーチ」と解く。その心は『どちらも「あげる」でしょう。』,
,完全な同音異義語型,飛ばす正月遊びの凧,糸がこんがらがってしまう、絡む,からむ,絡む,絡む,夜の繁華街で酔っ払い,「飛ばす正月遊びの凧」とかけて、「夜の繁華街で酔っ払い」と解く。その心は『どちらも「からむ」でしょう。』,
,多義語型,飛ばす正月遊びの凧,風の勢いを利用して飛ぶ,かぜにのる,風に乗る,風に乗る,トレンドに敏感なインフルエンサー,「飛ばす正月遊びの凧」とかけて、「トレンドに敏感なインフルエンサー」と解く。その心は『どちらも「風に乗る」でしょう。』,
,多義語型,飛ばす正月遊びの凧,操っていた糸が物理的に断たれる,いとがきる,糸が切れる,糸が切れる,絶縁状態になった親友,「飛ばす正月遊びの凧」とかけて、「絶縁状態になった親友」と解く。その心は『どちらも「糸が切れる」でしょう。』,
,フレーズ・慣用句型,飛ばす正月遊びの凧,高い位置から景色を見下ろす,たかいところからみる,高いところから見る,高いところから見る,才能はあるが人を見下しがちな若手社員,「飛ばす正月遊びの凧」とかけて、「才能はあるが人を見下しがちな若手社員」と解く。その心は『どちらも「高いところから見る」でしょう。』,
,フレーズ・慣用句型,飛ばす正月遊びの凧,風の向きや強さを判断して操る,かぜをよむ,風を読む,風を読む,企業のマーケティング担当者,「飛ばす正月遊びの凧」とかけて、「企業のマーケティング担当者」と解く。その心は『どちらも「風を読む」でしょう。』,
,完全な同音異義語型,飾るクリスマスツリー,一番上に星を飾る,ほし,星（を飾る）,欲し（がる）,大金持ちになりたいと願う人,飾るクリスマスツリーとかけて、大金持ちになりたいと願う人と解く。その心は「どちらも『ほし』でしょう。」,
,完全な同音異義語型,飾るクリスマスツリー,華やかな装飾で賑やかである,にぎやか,賑やか,握（握力が強い）,力持ちの力士,飾るクリスマスツリーとかけて、力持ちの力士と解く。その心は「どちらも『にぎやか』でしょう。」,
,多義語型,飾るクリスマスツリー,飾り付けをする、オーナメントを取り付ける,つける,飾りを「付ける」,明かりを「点ける」,部屋の照明,飾るクリスマスツリーとかけて、部屋の照明と解く。その心は「どちらも『つける』でしょう。」,
,多義語型,飾るクリスマスツリー,常緑樹であり、葉が緑色である,みどり,緑（の葉）,未熟（な状態）,新米の医者,飾るクリスマスツリーとかけて、新米の医者と解く。その心は「どちらも『みどり』でしょう。」,
,フレーズ・慣用句型,飾るクリスマスツリー,様々な飾りをバランス良く配置し、華やかに仕上げる,バランス が とれている,「バランスがとれている」,収支が「バランスがとれている」,堅実な経営者,飾るクリスマスツリーとかけて、堅実な経営者と解く。その心は「どちらも『バランスがとれている』でしょう。」,
,フレーズ・慣用句型,飾るクリスマスツリー,豪華な装飾で目を引く,はで に かざる,「派手に飾る」,人生を「派手に飾る」,引退する大スター,飾るクリスマスツリーとかけて、引退する大スターと解く。その心は「どちらも『派手に飾る』でしょう。」,
,完全な同音異義語型,使う梅雨の除湿機,湿気を取り除き、タンクに水が溜まる,たまる,水が溜まる,お金が貯まる,貯金が好きな人,使う梅雨の除湿機とかけて、貯金が好きな人と解く。その心は「どちらも『水（お金）が溜まる（貯まる）』でしょう。」,
,完全な同音異義語型,使う梅雨の除湿機,湿気をとって空気を乾燥させる,からから,カラカラになる,カラカラと笑う,大声で笑う人,使う梅雨の除湿機とかけて、大声で笑う人と解く。その心は「どちらも『カラカラ』でしょう。」,
,多義語型,使う梅雨の除湿機,湿気を機械が取り込む,すいとる,湿気を吸い取る,金銭や権限を吸い取る,人の財産を搾取する組織,使う梅雨の除湿機とかけて、人の財産を搾取する組織と解く。その心は「どちらも『吸い取る』でしょう。」,
,多義語型,使う梅雨の除湿機,湿気でよどんだ空気の状態を解消する,よどみをなくす,空気の淀みをなくす,停滞した状況や状態の淀みをなくす,経済を活性化させる政策,使う梅雨の除湿機とかけて、経済を活性化させる政策と解く。その心は「どちらも『淀みをなくす』でしょう。」,
,フレーズ・慣用句型,使う梅雨の除湿機,タンクに水が溜まり、満杯になる,いっぱいになる,水でいっぱいになる,スケジュールがいっぱいになる,多忙な日々を送るビジネスパーソン,使う梅雨の除湿機とかけて、多忙な日々を送るビジネスパーソンと解く。その心は「どちらも『いっぱいになる』でしょう。」,
,フレーズ・慣用句型,使う梅雨の除湿機,部屋のジメジメした不快感を解消する,ジメジメをなくす,空間のジメジメをなくす,陰気な雰囲気や気分をなくす,明るい性格で周囲を和ませる人,使う梅雨の除湿機とかけて、明るい性格で周囲を和ませる人と解く。その心は「どちらも『ジメジメをなくす』でしょう。」,
,完全な同音異義語型,貼る冬の結露防止シート,窓に貼り付ける行為,はる,貼る,春,待ち遠しい新年度,貼る冬の結露防止シートとかけて、待ち遠しい新年度と解く。その心は「どちらも『はる』でしょう」。,
,完全な同音異義語型,貼る冬の結露防止シート,湿気を防ぐ機能,しっけふせぐ,湿気防ぐ,失敗防ぐ,入念に準備する受験生,貼る冬の結露防止シートとかけて、入念に準備する受験生と解く。その心は「どちらも『しっけふせぐ』（湿気を防ぐ、失敗を防ぐ）でしょう」。,
,多義語型,貼る冬の結露防止シート,結露が付着するのを止める,つきをとめる,付着を止める,付きを止める,破局したカップル,貼る冬の結露防止シートとかけて、破局したカップルと解く。その心は「どちらも『つきを止める』でしょう」。,
,多義語型,貼る冬の結露防止シート,水滴の発生を防ぐ,みずをふせぐ,水滴を防ぐ,水を差すのを防ぐ,円滑な会議運営をする議長,貼る冬の結露防止シートとかけて、円滑な会議運営をする議長と解く。その心は「どちらも『水（水滴、水を差すこと）を防ぐ』でしょう」。,
,フレーズ・慣用句型,貼る冬の結露防止シート,窓がべたつくのを防ぐ,べたべたをふせぐ,べたべたを防ぐ,（関係が）べたべたになるのを防ぐ,適度な距離を保ちたい友人,貼る冬の結露防止シートとかけて、適度な距離を保ちたい友人と解く。その心は「どちらも『べたべたを防ぐ』でしょう」。,
,フレーズ・慣用句型,貼る冬の結露防止シート,窓からの冷気を遮断する,れいきをしゃっとあうと,冷気をシャットアウト,（人との関係を）シャットアウトする,周囲との関わりを避ける人,貼る冬の結露防止シートとかけて、周囲との関わりを避ける人と解く。その心は「どちらも『冷気（人）をシャットアウトする』でしょう」。,
,多義語型,撒く雪道の融雪剤,雪や氷の固まりを溶かし、凍結状態を解消する,とかす,溶かす（雪や氷を）,溶かす（場の緊張や心の壁を）,場の雰囲気を和ませるのが得意な人,「撒く雪道の融雪剤」とかけて、「場の雰囲気を和ませるのが得意な人」と解く。その心は「どちらも『凍り付いたものを溶かす』でしょう。」,
,完全な同音異義語型,撒く雪道の融雪剤,広範囲に散布する,まく,撒く（融雪剤を）,巻く（髪の毛を）,美容師,「撒く雪道の融雪剤」とかけて、「美容師」と解く。その心は「どちらも『（広範囲に）まく』でしょう。」,
,フレーズ・慣用句型,撒く雪道の融雪剤,路面の滑りやすさや危険を取り除き、安全な状態にする,あんぜんをかくほする,安全を確保する（滑らないように）,安全を確保する（警備や防犯で）,警備員,「撒く雪道の融雪剤」とかけて、「警備員」と解く。その心は「どちらも『安全を確保する』でしょう。」,
,多義語型,撒く雪道の融雪剤,雪で閉ざされた道を人が通れるようにする,みちをひらく,道をひらく（雪で閉ざされた）,道をひらく（新しい分野や事業の）,新しい事業を始める起業家,「撒く雪道の融雪剤」とかけて、「新しい事業を始める起業家」と解く。その心は「どちらも『道をひらく』でしょう。」,
,完全な同音異義語型,撒く雪道の融雪剤,地面に広く散布する,まく,撒く（融雪剤を）,蒔く（種を）,農家,「撒く雪道の融雪剤」とかけて、「農家」と解く。その心は「どちらも『（広く）まく』でしょう。」,
,フレーズ・慣用句型,撒く雪道の融雪剤,雪や凍結による危険や事故を回避させる,なんをさける,難を避ける（雪道の危険という）,難を避ける（災難や困難を）,災難から身を守るお守り,「撒く雪道の融雪剤」とかけて、「災難から身を守るお守り」と解く。その心は「どちらも『難を避ける』でしょう。」,
,完全な同音異義語型,振る涼みのうちわ,風を起こして熱気を手で動かして払う,はらう,払う（暑さを払う）,払う（支払う）,会計係,「振る涼みのうちわ」とかけて、「会計係」と解く。その心は『どちらも「払う」でしょう。』,
,完全な同音異義語型,振る涼みのうちわ,手で風を起こし、涼しさを生み出す,あおぐ,扇ぐ（風を扇ぐ）,煽ぐ（扇動する、高揚させる）,デモ隊のリーダー,「振る涼みのうちわ」とかけて、「デモ隊のリーダー」と解く。その心は『どちらも「皆を煽ぐ（あおぐ）」でしょう。』,
,多義語型,振る涼みのうちわ,暑さから身を守り、快適さを保つ,しのぐ,凌ぐ（暑さを凌ぐ）,凌ぐ（優位に立つ、競争相手をしのぐ）,好敵手と競い合うスポーツ選手,「振る涼みのうちわ」とかけて、「好敵手と競い合うスポーツ選手」と解く。その心は『どちらも「相手を凌ぐ」でしょう。』,
,多義語型,振る涼みのうちわ,物理的に空気を揺り動かし風を起こす,うごかす,動かす（うちわを動かす）,動かす（人を動かす、計画を動かす）,敏腕マネージャー,「振る涼みのうちわ」とかけて、「敏腕マネージャー」と解く。その心は『どちらも「人を動かす」でしょう。』,
,フレーズ・慣用句型,振る涼みのうちわ,風を人工的に発生させて涼を与える,かぜをおくる,風を送る（うちわで風を送る）,風を送る（助け舟を出す、チャンスを与える）,困っている友人を助ける人,「振る涼みのうちわ」とかけて、「困っている友人を助ける人」と解く。その心は『どちらも「風を送る」でしょう。』,
,フレーズ・慣用句型,振る涼みのうちわ,夏以外の季節には、ほとんど使う機会がない,でばんがない,出番がない（季節的な出番がない）,出番がない（活躍の機会がない）,ベンチで出番を待つ補欠選手,「振る涼みのうちわ」とかけて、「ベンチで出番を待つ補欠選手」と解く。その心は『どちらも「出番がない」でしょう。』,
,完全な同音異義語型,詰めるおせち料理,容器に中身を配置し、完成させる,きめる,決める（配置や内容を）,極める（道を究める、技術を極める）,熟練の職人,詰めるおせち料理とかけて、熟練の職人と解く。その心は「どちらも『きめる』でしょう。」,
,完全な同音異義語型,詰めるおせち料理,食材や器を用意し、準備する,そろえる,揃える（食材や器を）,供える（神仏に供える）,神主や僧侶,詰めるおせち料理とかけて、神主や僧侶と解く。その心は「どちらも『そろえる』でしょう。」,
,多義語型,詰めるおせち料理,容器を隙間なくいっぱいにする、中身で満たす,みたす,満たす（容器を）,満たす（要求や期待を）,顧客満足度を高める企業,詰めるおせち料理とかけて、顧客満足度を高める企業と解く。その心は「どちらも『期待をみたす』でしょう。」,
,多義語型,詰めるおせち料理,美しく盛り付け、見た目を整える,かざる,飾る（盛り付けを美しくする）,飾る（見栄を張る、体裁を整える）,虚栄心の強い人,詰めるおせち料理とかけて、虚栄心の強い人と解く。その心は「どちらも『体裁を飾る』でしょう。」,
,フレーズ・慣用句型,詰めるおせち料理,一品一品を丁寧に準備し、手間と時間をかける,てまひまかける,手間暇かける（料理の準備に）,手間暇かける（子育てや仕事に）,我が子を育てる親,詰めるおせち料理とかけて、我が子を育てる親と解く。その心は「どちらも『手間暇かける』でしょう。」,
,フレーズ・慣用句型,詰めるおせち料理,中身が充実していて、豪華である,ごちそうになる,ご馳走になる（豪華な料理が）,ご馳走になる（誰かのおかげで良い経験をする）,苦境を助けてもらった人,詰めるおせち料理とかけて、苦境を助けてもらった人と解く。その心は「どちらも『ご馳走になる』でしょう。」,
,完全な同音異義語型,打つ打ち上げ花火,高々と空へ上昇する,あがる,空へ上がる,証拠が挙がる,事件の真相究明に奔走する刑事,打つ打ち上げ花火とかけて、事件の真相究明に奔走する刑事と解く。その心は「どちらも『あがる』でしょう。」,
,完全な同音異義語型,打つ打ち上げ花火,夜空に光の模様を広げる,ひらく,大輪の花が夜空に開く,未来を拓く,新しい時代を築く開拓者,打つ打ち上げ花火とかけて、新しい時代を築く開拓者と解く。その心は「どちらも『ひらく』でしょう。」,
,多義語型,打つ打ち上げ花火,瞬間的に華麗に現れる,さく,夜空に花火が咲く,満面の笑顔が咲く,プレゼントをもらった子供,打つ打ち上げ花火とかけて、プレゼントをもらった子供と解く。その心は「どちらも『（素晴らしいものが）咲く』でしょう。」,
,多義語型,打つ打ち上げ花火,一瞬の輝きの後、形がなくなる,きえる,光が夜空に消える,借金が消える,長年の借金を完済した人,打つ打ち上げ花火とかけて、長年の借金を完済した人と解く。その心は「どちらも『（最後には）消える』でしょう。」,
,フレーズ・慣用句型,打つ打ち上げ花火,多くの人々の注目を集め、期待を高める,めだまになる,祭りの目玉になる,新聞の目玉になる,世間の注目を集めるスクープ記事,打つ打ち上げ花火とかけて、世間の注目を集めるスクープ記事と解く。その心は「どちらも『目玉になる』でしょう。」,
,フレーズ・慣用句型,打つ打ち上げ花火,夜空に光と音で華やかさを加える,いろどる,夜空を彩る,生活を彩る,日々の暮らしを豊かにする趣味,打つ打ち上げ花火とかけて、日々の暮らしを豊かにする趣味と解く。その心は「どちらも『彩る』でしょう。」,
,完全な同音異義語型,着る海辺の水着,着用後に体を覆う布地を剥がす行為,ぬぐ,脱ぐ,拭ぐ,悲しい出来事で流れる涙,「着る海辺の水着」とかけて、「悲しい出来事で流れる涙」と解く。その心は『どちらも「ぬぐ」』でしょう。,
,完全な同音異義語型,着る海辺の水着,濡れた布地から水分を取り除く行為,かわかす,乾かす,渇かす,砂漠で長旅を続ける旅人,「着る海辺の水着」とかけて、「砂漠で長旅を続ける旅人」と解く。その心は『どちらも「かわかす」』でしょう。,
,多義語型,着る海辺の水着,着用して自分の姿を他者に見せること,みせる,見せる,魅せる,素晴らしいパフォーマンスを披露する演者,「着る海辺の水着」とかけて、「素晴らしいパフォーマンスを披露する演者」と解く。その心は『どちらも「みせる」』でしょう。,
,多義語型,着る海辺の水着,布地や紐を調整し、身体に固定する行為,むすぶ,結ぶ,結ぶ,二つの組織間で緊密な提携関係を築くこと,「着る海辺の水着」とかけて、「二つの組織間で緊密な提携関係を築くこと」と解く。その心は『どちらも「むすぶ」』でしょう。,
,フレーズ・慣用句型,着る海辺の水着,水中に浸かることで布地が水分を吸収する状態,みずをすう,水を吸う,水を吸う,長雨の後に水分をたっぷり含んだ土壌,「着る海辺の水着」とかけて、「長雨の後に水分をたっぷり含んだ土壌」と解く。その心は『どちらも「水を吸う」』でしょう。,
,フレーズ・慣用句型,着る海辺の水着,水中で活動する際に、周囲に起こる水の飛散現象,みずしぶきがあがる,水しぶきが上がる,水しぶきが上がる,豪快な滝壺の周辺,「着る海辺の水着」とかけて、「豪快な滝壺の周辺」と解く。その心は『どちらも「水しぶきが上がる」』でしょう。,
,完全な同音異義語型,被る夏の麦わら帽子,頭にかぶるもの、日差しを避けるもの,ぼうし,帽子,某氏,匿名を希望する依頼人,「被る夏の麦わら帽子」とかけて、「匿名を希望する依頼人」と解く。その心は『どちらも「某氏（ぼうし）」でしょう。』,
,完全な同音異義語型,被る夏の麦わら帽子,藁（わら）という素材でできている,わら,藁,笑,笑顔が素敵な人,「被る夏の麦わら帽子」とかけて、「笑顔が素敵な人」と解く。その心は『どちらも「笑（わら）」があるでしょう。』,
,多義語型,被る夏の麦わら帽子,日差しを遮り、頭部を保護する,ひよけ,日除け,日除け,夏の暑い日に涼しい木陰,「被る夏の麦わら帽子」とかけて、「夏の暑い日に涼しい木陰」と解く。その心は『どちらも「日除け」になるでしょう。』,
,多義語型,被る夏の麦わら帽子,直射日光による熱気を防ぐ,ねつをふせぐ,熱を防ぐ,熱を防ぐ,恋に冷めてしまった人,「被る夏の麦わら帽子」とかけて、「恋に冷めてしまった人」と解く。その心は『どちらも「熱を防ぐ」でしょう。』,
,フレーズ・慣用句型,被る夏の麦わら帽子,強い日差しから顔や頭を遮る,さえぎる,遮る,遮る,会議で人の発言の途中に口を挟む人,「被る夏の麦わら帽子」とかけて、「会議で人の発言の途中に口を挟む人」と解く。その心は『どちらも「遮る」でしょう。』,
,フレーズ・慣用句型,被る夏の麦わら帽子,風で飛ばされやすい,とばされやすい,飛ばされやすい,飛ばされやすい,不安定な雇用状況にある従業員,「被る夏の麦わら帽子」とかけて、「不安定な雇用状況にある従業員」と解く。その心は『どちらも「飛ばされやすい」でしょう。』,
,完全な同音異義語型,飲む正月のお屠蘇,祝杯を口に含む、少量ずつ飲む行為。,ひとくち,一口（少しずつ口に含む）,一区切り（物事が一段落すること）,大変だったプロジェクト,飲む正月のお屠蘇とかけて、大変だったプロジェクトと解く。その心は「どちらも一口（ひとくち、一区切り）つけたいでしょう」。,
,完全な同音異義語型,飲む正月のお屠蘇,健康や長寿を願う飲み物であること。,ちょうじゅ,長寿（健やかに長生きすること）,帳簿（会計記録）,会社の経理担当者,飲む正月のお屠蘇とかけて、会社の経理担当者と解く。その心は「どちらも長寿（ちょうじゅ、帳簿）をつけたいでしょう」。,
,多義語型,飲む正月のお屠蘇,邪気や災いを避ける、健康を保つこと。,はらう,払う（邪気を）,払う（代金を）,買い物を終えた客,飲む正月のお屠蘇とかけて、買い物を終えた客と解く。その心は「どちらも悪いもの（邪気、代金）を払うでしょう」。,
,多義語型,飲む正月のお屠蘇,飲むと気分が晴れやかになる、おめでたい気持ちになる。,あがる,気持ちが上がる（高揚する）,成績が上がる（向上する）,テストで良い点数を取った生徒,飲む正月のお屠蘇とかけて、テストで良い点数を取った生徒と解く。その心は「どちらも気持ちが上がるでしょう」。,
,フレーズ・慣用句型,飲む正月のお屠蘇,新年の始まりを祝う象徴、新しい門出を意味する。,かどで,新年の門出（新しい出発）,門出（旅立ち、巣立ち）,卒業して社会に出る若者,飲む正月のお屠蘇とかけて、卒業して社会に出る若者と解く。その心は「どちらも新たな門出（かどで）でしょう」。,
,フレーズ・慣用句型,飲む正月のお屠蘇,一年の健康と幸福を祈る、福を呼び込む。,ふく,福（招福、幸運）,服（衣類）,ファッション業界のデザイナー,飲む正月のお屠蘇とかけて、ファッション業界のデザイナーと解く。その心は「どちらも福（ふく、服）を考えるでしょう」。,
,完全な同音異義語型,使う日焼け止めスプレー,効果が長続きする,もつ,効果が「持つ」,健康を「保つ」,健康を維持している人,使う日焼け止めスプレーとかけて、健康を維持している人と解く。その心は「どちらも『もつ（持つ／保つ）』でしょう。」,
,完全な同音異義語型,使う日焼け止めスプレー,自然な仕上がりになる,しぜん,「自然」な仕上がり,大「自然」,広大な森林,使う日焼け止めスプレーとかけて、広大な森林と解く。その心は「どちらも『しぜん（自然）』でしょう。」,
,多義語型,使う日焼け止めスプレー,紫外線を肌に到達させない,とめる,紫外線の影響を「止める」,視線を「留める」,美しい景色,使う日焼け止めスプレーとかけて、美しい景色と解く。その心は「どちらも『とめる（止める／留める）』でしょう。」,
,多義語型,使う日焼け止めスプレー,肌のダメージを防ぐ,ふせぐ,肌のダメージを「防ぐ」,病気の発生を「防ぐ」,予防接種,使う日焼け止めスプレーとかけて、予防接種と解く。その心は「どちらも『ふせぐ（防ぐ）』でしょう。」,
,フレーズ・慣用句型,使う日焼け止めスプレー,肌を膜で覆うように保護する,まくをはる,肌に「膜を張る」ように保護する,舞台の「幕を張る」,劇場の舞台裏方,使う日焼け止めスプレーとかけて、劇場の舞台裏方と解く。その心は「どちらも『膜を張る』でしょう。」,
,フレーズ・慣用句型,使う日焼け止めスプレー,日の当たる場所で使うことが重要,ひのあたるばしょ,「日の当たる場所」で活躍する,活躍できる「日の当たる場所」,才能があるのに恵まれない環境の人,使う日焼け止めスプレーとかけて、才能があるのに恵まれない環境の人と解く。その心は「どちらも『日の当たる場所が大切』でしょう。」,
,完全な同音異義語型,飾る七夕の笹飾り,短冊に願い事を書き、星に願いを託す,ねがいをかける,願いを掛ける,絵を掛ける,画廊のオーナー,飾る七夕の笹飾りとかけて、画廊のオーナーと解く。その心は「どちらも願いを掛ける（絵を掛ける）」でしょう。,
,多義語型,飾る七夕の笹飾り,風に吹かれて、ひらひらと動く,ゆれる,揺れる,心が揺れる,初恋に悩む中学生,飾る七夕の笹飾りとかけて、初恋に悩む中学生と解く。その心は「どちらも心が揺れる」でしょう。,
,フレーズ・慣用句型,飾る七夕の笹飾り,短冊に将来の夢や希望を書き記す,ねがいをこめる,願いを込める,心を込める,大切な人への手紙をしたためる人,飾る七夕の笹飾りとかけて、大切な人への手紙をしたためる人と解く。その心は「どちらも願いを込める（心を込める）」でしょう。,
,完全な同音異義語型,飾る七夕の笹飾り,笹竹を地面などに直立させる,たてる,立てる,計画を立てる,新規プロジェクトの担当者,飾る七夕の笹飾りとかけて、新規プロジェクトの担当者と解く。その心は「どちらも計画を立てる」でしょう。,
,多義語型,飾る七夕の笹飾り,短冊に将来の希望や願望を書き記す,ゆめ,夢,寝ている間に見る夢,眠りについた子供,飾る七夕の笹飾りとかけて、眠りについた子供と解く。その心は「どちらも夢がある」でしょう。,
,フレーズ・慣用句型,飾る七夕の笹飾り,色とりどりの飾りが付いて見た目が華やか,みばえがよい,見栄えが良い,見栄えが良い,商品の陳列に工夫を凝らす店員,飾る七夕の笹飾りとかけて、商品の陳列に工夫を凝らす店員と解く。その心は「どちらも、より見栄えが良い（見栄えがする）ようになる」でしょう。,
,完全な同音異義語型,履く夏のビーチサンダル,履き潰す、長く持たない,しょうもうひん,履き潰せば「消耗品」,店頭に並ぶ「商品」,デパートの売り場,履く夏のビーチサンダルとかけて、デパートの売り場と解く。その心は『どちらも「しょうもうひん（消耗品/商品）」でしょう』。,
,多義語型,履く夏のビーチサンダル,水辺や砂の上で足元が不安定になる,すべる,水辺で足元が「滑る」ことがある,試験に「滑る」,試験に落ちた受験生,履く夏のビーチサンダルとかけて、試験に落ちた受験生と解く。その心は『どちらも「滑る」ことがあるでしょう』。,
,フレーズ・慣用句型,履く夏のビーチサンダル,軽くて身軽に動ける,あしもとがかるい,履くと「足元が軽い」,「足元が軽い」（フットワークが軽い様子）,フットワークの軽い営業マン,履く夏のビーチサンダルとかけて、フットワークの軽い営業マンと解く。その心は『どちらも「足元が軽い」でしょう』。,
,完全な同音異義語型,履く夏のビーチサンダル,波にさらわれやすい,ながれる,波にさらわれて「流れる」,電波に乗って「流れる」,ラジオから聞こえる音楽,履く夏のビーチサンダルとかけて、ラジオから聞こえる音楽と解く。その心は『どちらも「流れる」でしょう』。,
,多義語型,履く夏のビーチサンダル,鼻緒が指の間に固定される,はさまる,鼻緒が指の間に「挟まる」,意見の板に「挟まる」,異なる意見の板挟みになった中間管理職,履く夏のビーチサンダルとかけて、異なる意見の板挟みになった中間管理職と解く。その心は『どちらも「挟まる」でしょう』。,
,フレーズ・慣用句型,履く夏のビーチサンダル,砂や汚れがついても、すぐに洗える,みずにながす,砂や汚れを「水に流す」ことができる,過去の過ちを「水に流す」（慣用句）,過去のわだかまりを解消した友人たち,履く夏のビーチサンダルとかけて、過去のわだかまりを解消した友人たちと解く。その心は『どちらも「水に流す」でしょう』。,
,完全な同音異義語型,使う夏の網戸,網戸の目が細かい、虫が入らないか注意して見る,めをこらす,目を凝らす（網の目を注意して見る/網の目が細かい）,目を凝らす（集中して注意深く見る）,現場でわずかな証拠を探す探偵,使う夏の網戸とかけて、現場でわずかな証拠を探す探偵と解く。その心は「どちらも『目を凝らす』でしょう。」,
,多義語型,使う夏の網戸,風や人が通り抜ける、物理的な遮断物,とおる,通る（風や人が通り抜ける）,通る（提案や意見が受け入れられる）,なかなか決まらない会議での提案,使う夏の網戸とかけて、なかなか決まらない会議での提案と解く。その心は「どちらも『通る』のが難しいでしょう。」,
,フレーズ・慣用句型,使う夏の網戸,涼しい風が入り、快適に過ごせる感覚,きぶんがいい,気分がいい（涼しさで心地よい）,気分がいい（何か良いことがあって上機嫌な状態）,ずっと欲しかったものを手に入れた人,使う夏の網戸とかけて、ずっと欲しかったものを手に入れた人と解く。その心は「どちらも『気分がいい』でしょう。」,
,完全な同音異義語型,使う夏の網戸,網が張られている四角い構造物,わく,枠（網戸の骨組み）,湧く（アイデアや感情が自然と出てくる）,斬新な企画を次々と生み出すクリエイター,使う夏の網戸とかけて、斬新な企画を次々と生み出すクリエイターと解く。その心は「どちらも『良いものが枠（湧く）』でしょう。」,
,多義語型,使う夏の網戸,不快な虫を家に入れない,むし,虫（害虫）,虫（腹の虫、虫の居所など慣用句）,理不尽な小言ばかり言う上司,使う夏の網戸とかけて、理不尽な小言ばかり言う上司と解く。その心は「どちらも『虫（むし）を避けたい』でしょう。」,
,フレーズ・慣用句型,使う夏の網戸,物理的に空気がスムーズに行き来する状態,かぜとおしがいい,風通しがいい（物理的に空気がよく流れる）,風通しがいい（組織内の情報共有や意見交換が活発である）,社員の意見が常に尊重されるオープンな企業文化,使う夏の網戸とかけて、社員の意見が常に尊重されるオープンな企業文化と解く。その心は「どちらも『風通しがいい』でしょう。」,
,完全な同音異義語型,痛い真冬の吹雪,寒さが身に染みる物理的な感覚,しみる,染みる（寒さが体に染みる）,沁みる（心に沁みる感動的な詩）,感動的な詩,痛い真冬の吹雪とかけて、感動的な詩と解く。その心は『どちらも『しみる』でしょう。』,
,完全な同音異義語型,痛い真冬の吹雪,視界が遮られ、見えなくなる状態,とざされる,閉ざされる（視界が閉ざされる）,途絶される（連絡が途絶される）,連絡が取れない遠距離恋愛,痛い真冬の吹雪とかけて、連絡が取れない遠距離恋愛と解く。その心は『どちらも『とざされる』でしょう。』,
,多義語型,痛い真冬の吹雪,雪が次第に増えていく様子,つもる,積もる（雪が積もる）,積もる（経験が積もる）,経験豊富なベテラン職人,痛い真冬の吹雪とかけて、経験豊富なベテラン職人と解く。その心は『どちらも『積もる』でしょう。』,
,多義語型,痛い真冬の吹雪,雪によって道が妨げられる状態,ふさがれる,塞がれる（道が雪で塞がれる）,塞がれる（耳が塞がれる）,聞きたくない話を聞かせられている人,痛い真冬の吹雪とかけて、聞きたくない話を聞かせられている人と解く。その心は『どちらも『塞がれる』でしょう。』,
,フレーズ・慣用句型,痛い真冬の吹雪,物理的に先が見えなく、状況が不明瞭な状態,みとおせない,見通せない（吹雪で先が見通せない）,見通せない（将来が見通せない）,将来に不安を抱える若者,痛い真冬の吹雪とかけて、将来に不安を抱える若者と解く。その心は『どちらも『見通せない』でしょう。』,
,フレーズ・慣用句型,痛い真冬の吹雪,寒さが体や精神に厳しく作用する状態,こたえる,堪える（寒さが体に堪える）,応える（期待に応える）,監督の期待に応えようとする選手,痛い真冬の吹雪とかけて、監督の期待に応えようとする選手と解く。その心は『どちらも『こたえる』でしょう。』,
,多義語型,息苦しい夏の熱帯夜,寝苦しく、睡眠が困難である状態,ねぐるしい,寝苦しい,根強い（問題や習慣が深く定着している様子）,なかなか改善しない社会問題,息苦しい夏の熱帯夜とかけて、なかなか改善しない社会問題と解く。その心は「どちらも根強い（寝苦しい）」でしょう。,
,フレーズ・慣用句型,息苦しい夏の熱帯夜,不快なほど汗をかく状態,あせをながす,汗を流す（寝汗をかく、身体から汗が出る）,汗を流す（努力して働く、骨を折る）,仕事に打ち込む職人,息苦しい夏の熱帯夜とかけて、仕事に打ち込む職人と解く。その心は「どちらも汗を流す」でしょう。,
,完全な同音異義語型,息苦しい夏の熱帯夜,蒸し暑く、熱気がこもる状態,ねっき,熱気（暑い空気、熱い雰囲気）,熱気（競技やイベントの盛り上がり、熱狂的な雰囲気）,優勝争いのスポーツ観戦,息苦しい夏の熱帯夜とかけて、優勝争いのスポーツ観戦と解く。その心は「どちらも熱気がある」でしょう。,
,多義語型,息苦しい夏の熱帯夜,空気が澱み、不快な状態,くうきがわるい,空気が悪い（蒸し暑く、息がしにくい状態）,空気が悪い（人間関係がギスギスしている状態）,口論中の夫婦,息苦しい夏の熱帯夜とかけて、口論中の夫婦と解く。その心は「どちらも空気が悪い」でしょう。,
,フレーズ・慣用句型,息苦しい夏の熱帯夜,暑さによって体力が消耗される状態,たいりょくをうばわれる,体力を奪われる（暑さで身体が疲弊する）,体力を奪われる（激しい運動や労働で消耗する）,マラソンランナー,息苦しい夏の熱帯夜とかけて、マラソンランナーと解く。その心は「どちらも体力を奪われる」でしょう。,
,完全な同音異義語型,息苦しい夏の熱帯夜,寝苦しさのあまり、何度も体勢を変える動作,ねがえり,寝返り（寝ている時に体勢を変えること）,寝返り（味方だった者が敵になること、裏切り）,味方だった政治家,息苦しい夏の熱帯夜とかけて、味方だった政治家と解く。その心は「どちらも寝返りを打つ」でしょう。,
,完全な同音異義語型,眩しい真夏の太陽,空に姿を現し、上昇する,のぼる,昇る,載る,今日の新聞記事,眩しい真夏の太陽とかけて、今日の新聞記事と解く。その心は『どちらも「のぼる」（昇る／載る）』でしょう。,
,完全な同音異義語型,眩しい真夏の太陽,熱気を帯びている,あつい,熱い,厚い,読みかけの分厚い本,眩しい真夏の太陽とかけて、読みかけの分厚い本と解く。その心は『どちらも「あつい」（熱い／厚い）』でしょう。,
,多義語型,眩しい真夏の太陽,天体の中心に位置する,ちゅうしん,中心,中心,サッカーチームのエースストライカー,眩しい真夏の太陽とかけて、サッカーチームのエースストライカーと解く。その心は『どちらも「中心」でしょう。』,
,多義語型,眩しい真夏の太陽,雲間から姿を現す,かおをだす,顔を出す,顔を出す,久しぶりの同窓会に参加する旧友,眩しい真夏の太陽とかけて、久しぶりの同窓会に参加する旧友と解く。その心は『どちらも「顔を出す」でしょう。』,
,フレーズ・慣用句型,眩しい真夏の太陽,強い光が目に残る,めにやきつく,目に焼き付く,目に焼き付く,初めて見たオーロラの光景,眩しい真夏の太陽とかけて、初めて見たオーロラの光景と解く。その心は『どちらも「目に焼き付く」でしょう。』,
,フレーズ・慣用句型,眩しい真夏の太陽,燃え上がるような熱気を放つ,もえるよう,燃えるよう,燃えるよう,決勝戦に臨むアスリート,眩しい真夏の太陽とかけて、決勝戦に臨むアスリートと解く。その心は『どちらも「燃えるよう」でしょう。』,
,完全な同音異義語型,震える冬の大寒波,寒すぎて体が凍えそうである,こごえる,凍える,焦げ得る,焦げ付きそうな料理,震える冬の大寒波とかけて、焦げ付きそうな料理と解く。その心は「どちらも焦げ得る」でしょう。,
,完全な同音異義語型,震える冬の大寒波,寒さで風邪をひきやすい,かぜ,風邪,風,体調を崩した人,震える冬の大寒波とかけて、体調を崩した人と解く。その心は「どちらも風（かぜ）をひく」でしょう。,
,多義語型,震える冬の大寒波,雪がしきりに降る,ふる,降る,振る,オーケストラの指揮者,震える冬の大寒波とかけて、オーケストラの指揮者と解く。その心は「どちらも『ふる』」でしょう。,
,多義語型,震える冬の大寒波,寒さで体が固まる,かたまる,固まる,固まる,決意を固めた人,震える冬の大寒波とかけて、決意を固めた人と解く。その心は「どちらも『かたまる』」でしょう。,
,フレーズ・慣用句型,震える冬の大寒波,寒すぎて家から出られない,そとにでられない,外に出られない,外に出られない,追い詰められた犯人,震える冬の大寒波とかけて、追い詰められた犯人と解く。その心は「どちらも外に出られない」でしょう。,
,フレーズ・慣用句型,震える冬の大寒波,寒さで身を温める必要がある,みをあたためる,身を温める（物理的に）,身を温める（比喩的に力を蓄える）,チャンスを待つ若手芸能人,震える冬の大寒波とかけて、チャンスを待つ若手芸能人と解く。その心は「どちらも身を温める」でしょう。,
,多義語型,臭い梅雨の不快な湿気,不快なにおいがする状態,くさい,臭い（においが悪い）,臭い（怪しい、疑わしい）,悪事を企む詐欺師,「臭い梅雨の不快な湿気」とかけて、「悪事を企む詐欺師」と解く。その心は「どちらも『臭い』でしょう。」,
,フレーズ・慣用句型,臭い梅雨の不快な湿気,洗濯物が乾かず、気分が沈む状態,はれない,晴れない（空模様が晴れない、気分が晴れない、洗濯物が晴れない）,晴れない（疑いが晴れない、容疑が晴れない）,濡れ衣を着せられた容疑者,「臭い梅雨の不快な湿気」とかけて、「濡れ衣を着せられた容疑者」と解く。その心は「どちらも『晴れない』でしょう。」,
,完全な同音異義語型,臭い梅雨の不快な湿気,状態が悪化する、不快になる,わるくなる,悪くなる（気分や環境が悪くなる）,悪くなる（食品が腐敗する）,冷蔵庫に入れっぱなしの牛乳,「臭い梅雨の不快な湿気」とかけて、「冷蔵庫に入れっぱなしの牛乳」と解く。その心は「どちらも『悪くなる』でしょう。」,
,多義語型,臭い梅雨の不快な湿気,湿度が高く、肌や物がまとわりつくような状態,べたつく,べたつく（湿気で肌がべたつく）,べたつく（人間関係がしつこくまとわりつく）,しつこくまとわりつくストーカー,「臭い梅雨の不快な湿気」とかけて、「しつこくまとわりつくストーカー」と解く。その心は「どちらも『べたつく』でしょう。」,
,フレーズ・慣用句型,臭い梅雨の不快な湿気,湿気で気分や状態がはっきりしない,すっきりしない,すっきりしない（湿気で気分や洗濯物がすっきりしない）,すっきりしない（問題や疑問が解決しない）,一向に進まない未解決事件,「臭い梅雨の不快な湿気」とかけて、「一向に進まない未解決事件」と解く。その心は「どちらも『すっきりしない』でしょう。」,
,完全な同音異義語型,臭い梅雨の不快な湿気,湿気で空間が蒸し暑く、空気がこもる,むれる,蒸れる（湿気や熱で物がむれる、体がむれる）,群れる（動物や人が集団になる）,ボスを囲む野良犬の集団,「臭い梅雨の不快な湿気」とかけて、「ボスを囲む野良犬の集団」と解く。その心は「どちらも『むれる』でしょう。」,
,多義語型,痒い春の大量の花粉,花粉が空中に飛散する物理的な状態,とぶ,飛ぶ（花粉が飛散する）,飛ぶ（仕事が急になくなる）,仕事が急になくなるフリーランス,痒い春の大量の花粉とかけて、仕事が急になくなるフリーランスと解く。その心は「どちらも仕事が飛ぶ」でしょう。,
,フレーズ・慣用句型,痒い春の大量の花粉,鼻水やくしゃみが連続して出てくる機能的な状態,とまらない,止まらない（鼻水やくしゃみが）,止まらない（食欲が旺盛で食べ続ける）,食いしん坊な人,痒い春の大量の花粉とかけて、食いしん坊な人と解く。その心は「どちらも止まらない」でしょう。,
,完全な同音異義語型,痒い春の大量の花粉,花粉が表面に堆積する物理的な状態,つもる,積もる,募る,片思い中の人,痒い春の大量の花粉とかけて、片思い中の人と解く。その心は『どちらも「つもる」（積もる／募る）』でしょう。,
,完全な同音異義語型,痒い春の大量の花粉,目や鼻の粘膜に花粉が触れて刺激を感じる感覚,しみる,しみる,沁みる,感動的な物語を聞いた人,痒い春の大量の花粉とかけて、感動的な物語を聞いた人と解く。その心は『どちらも「しみる」（しみる／沁みる）』でしょう。,
,多義語型,痒い春の大量の花粉,花粉が空気中に広がり、飛散する動作,ちる,散る（花粉が飛散する、集中力が途切れる）,散る（集中力が途切れる）,試験中の学生,痒い春の大量の花粉とかけて、試験中の学生と解く。その心は「どちらも集中が散る」でしょう。,
,フレーズ・慣用句型,痒い春の大量の花粉,花粉症の症状やシーズンがなかなか終息しない状態,おわりがみえない,終わりが見えない（花粉症の終息）,終わりが見えない（長期的な問題が解決しない）,借金まみれの経営者,痒い春の大量の花粉とかけて、借金まみれの経営者と解く。その心は「どちらも終わりが見えない」でしょう。,
,完全な同音異義語型,焦げる真夏の猛暑日,暑さで肌が焼ける、物が焼ける,やける,焼ける（日差しで肌が）,焼ける（現像された写真が）,現像したばかりのフィルム,焦げる真夏の猛暑日とかけて、現像したばかりのフィルムと解く。その心は「どちらも『焼ける』でしょう」。,
,多義語型,焦げる真夏の猛暑日,暑さで体温が上昇する、気分が高まる,あがる,上がる（体温が）,上がる（舞台に立つ）,初舞台を迎える役者,焦げる真夏の猛暑日とかけて、初舞台を迎える役者と解く。その心は「どちらも『上がる』でしょう」。,
,フレーズ・慣用句型,焦げる真夏の猛暑日,暑さで頭がぼーっとする、意識が朦朧とする,あたまにくる,頭にくる（暑さで血が）,頭に来る（怒りを感じる）,理不尽なクレームを受けた店員,焦げる真夏の猛暑日とかけて、理不尽なクレームを受けた店員と解く。その心は「どちらも『頭に来る』でしょう」。,
,完全な同音異義語型,焦げる真夏の猛暑日,暑さで氷やアイスが溶けてしまう,とける,溶ける（暑さで）,解ける（謎や問題が）,難解なパズル,焦げる真夏の猛暑日とかけて、難解なパズルと解く。その心は「どちらも『解ける』でしょう」。,
,多義語型,焦げる真夏の猛暑日,太陽の日差しが強い、光が強い,つよい,強い（日差しが）,強い（精神的に、体力的に）,どんな困難にも立ち向かうアスリート,焦げる真夏の猛暑日とかけて、どんな困難にも立ち向かうアスリートと解く。その心は「どちらも『強い』でしょう」。,
,フレーズ・慣用句型,焦げる真夏の猛暑日,太陽の光を浴びる、まぶしい光にさらされる,ひのめをみる,日の目を見る（太陽の光を浴びる）,日の目を見る（世に出る、公開される）,長年温められてきた新企画,焦げる真夏の猛暑日とかけて、長年温められてきた新企画と解く。その心は「どちらも『日の目を見る』でしょう」。,
,完全な同音異義語型,冷たい晩秋の秋雨,雨粒が葉や地面から落ちる様子,したたる,滴る（雨水が滴り落ちる）,滴る（焼肉の脂が滴る）,焼肉屋の網の上で焼かれるカルビ,冷たい晩秋の秋雨とかけて、焼肉屋の網の上で焼かれるカルビと解く。その心は「どちらも『したたる』でしょう」。,
,完全な同音異義語型,冷たい晩秋の秋雨,窓や屋根を打ちつける音,たたく,叩く（雨が窓を叩く）,叩く（激励のために肩を叩く）,新たな挑戦に挑む若者を励ます先輩,冷たい晩秋の秋雨とかけて、新たな挑戦に挑む若者を励ます先輩と解く。その心は「どちらも『たたく』でしょう」。,
,多義語型,冷たい晩秋の秋雨,物理的な温度が低い状態,つめたい,冷たい（肌で感じる温度）,冷たい（人の態度や感情）,人の心のこもっていない態度や言葉,冷たい晩秋の秋雨とかけて、人の心のこもっていない態度や言葉と解く。その心は「どちらも『冷たい』でしょう」。,
,多義語型,冷たい晩秋の秋雨,大地や植物を湿らせること,うるおす,潤す（物理的に湿らせる）,潤す（経済的に豊かにする）,企業努力によって懐が豊かになること,冷たい晩秋の秋雨とかけて、企業努力によって懐が豊かになることと解く。その心は「どちらも『潤す』でしょう」。,
,フレーズ・慣用句型,冷たい晩秋の秋雨,雨で遠くの景色がぼんやりと見えること,けしきがかすむ,景色が霞む（雨で視界が遮られる）,景色が霞む（感動や悲しみで涙が溢れる）,感動のあまり涙で何も見えなくなる状態,冷たい晩秋の秋雨とかけて、感動のあまり涙で何も見えなくなる状態と解く。その心は「どちらも『景色が霞む』でしょう」。,
,フレーズ・慣用句型,冷たい晩秋の秋雨,天候のせいで気分が晴れないこと,きぶんがさえない,気分が冴えない（雨模様で気持ちが沈む）,気分が冴えない（体調不良や悩みで気持ちが晴れない）,寝不足で頭がぼーっとしている人,冷たい晩秋の秋雨とかけて、寝不足で頭がぼーっとしている人と解く。その心は「どちらも『気分が冴えない』でしょう」。,
,完全な同音異義語型,重い真冬のドカ雪,雪が積もり、地面を覆い隠す。その量や重さで、道や家が埋もれる。,うまる,埋まる,埋まる,空席の多い野球場,重い真冬のドカ雪とかけて、空席の多い野球場と解く。その心は「どちらも『うまる』でしょう。」,
,完全な同音異義語型,重い真冬のドカ雪,雪が降り積もることで、交通機関が滞り、移動が困難になる。,ゆきづまり,行き詰まり,行き詰まり,資金繰りに苦しむ中小企業の経営者,重い真冬のドカ雪とかけて、資金繰りに苦しむ中小企業の経営者と解く。その心は「どちらも『ゆきづまり』でしょう。」,
,多義語型,重い真冬のドカ雪,雪が大量に降ると、家や道路から雪を取り除く作業が必要になる。重労働。,おろす,雪を降ろす,お金を降ろす,銀行のATM,重い真冬のドカ雪とかけて、銀行のATMと解く。その心は「どちらも『お金を降ろす』でしょう。」,
,多義語型,重い真冬のドカ雪,雪が重く、家屋や植物に大きな重圧がかかる。,のしかかる,伸し掛かる,伸し掛かる,新しいプロジェクトのリーダー,重い真冬のドカ雪とかけて、新しいプロジェクトのリーダーと解く。その心は「どちらも『重責がのしかかる』でしょう。」,
,フレーズ・慣用句型,重い真冬のドカ雪,ドカ雪が降り続けると、車の運転が非常に危険になる。スリップのリスク。,すべらない,滑らない,滑らない,受験を控えた学生,重い真冬のドカ雪とかけて、受験を控えた学生と解く。その心は「どちらも『すべらない』ことが大切でしょう。」,
,フレーズ・慣用句型,重い真冬のドカ雪,大雪が降ると、外出が困難になり、家の中に閉じこもりがちになる。,こもりきり,籠りきり,籠りきり,締め切り間近の漫画家,重い真冬のドカ雪とかけて、締め切り間近の漫画家と解く。その心は「どちらも『家に籠りきり』でしょう。」,
,多義語型,痛いゲリラ豪雨の大粒の雹,物理的に大きな粒が降る様子,おおつぶ,大粒,大粒の涙,悲しい出来事があった人,「痛いゲリラ豪雨の大粒の雹」とかけて、「悲しい出来事があった人」と解く。その心は「どちらも大粒でしょう。」,
,完全な同音異義語型,痛いゲリラ豪雨の大粒の雹,突然の激しい現象が襲来すること,きゅうしゅう,急襲,九州,旅行の計画を立てる人,「痛いゲリラ豪雨の大粒の雹」とかけて、「旅行の計画を立てる人」と解く。その心は「どちらも急襲（九州）するでしょう。」,
,完全な同音異義語型,痛いゲリラ豪雨の大粒の雹,空から降る氷の塊,ひょう,雹,表,成績発表を待つ生徒,「痛いゲリラ豪雨の大粒の雹」とかけて、「成績発表を待つ生徒」と解く。その心は「どちらも『ひょう』が気になるでしょう。」,
,フレーズ・慣用句型,痛いゲリラ豪雨の大粒の雹,予期せぬ衝撃を受けて痛みを感じること,ふいうち,不意打ちを食らう,相手の不意を打つ,将棋の対局者,「痛いゲリラ豪雨の大粒の雹」とかけて、「将棋の対局者」と解く。その心は「どちらも不意打ちを食らうと痛いでしょう。」,
,フレーズ・慣用句型,痛いゲリラ豪雨の大粒の雹,激しく地面や物に衝突すること,うちつける,激しく打ち付ける,意見を打ち付ける,自分の主張を曲げない討論者,「痛いゲリラ豪雨の大粒の雹」とかけて、「自分の主張を曲げない討論者」と解く。その心は「どちらも激しく打ち付けるでしょう。」,
,多義語型,痛いゲリラ豪雨の大粒の雹,容赦なく激しく襲ってくる様子,せめる,容赦なく攻める,相手を責める,部下の失敗を厳しく問いただす上司,「痛いゲリラ豪雨の大粒の雹」とかけて、「部下の失敗を厳しく問いただす上司」と解く。その心は「どちらも容赦なく攻める（責める）でしょう。」,
,完全な同音異義語型,息苦しい春の黄砂,空気が澱んで視界が濁る,にごる,濁る（空気が濁る）,煮凝る（煮汁が冷えて固まる）,冷えた和食の煮物,息苦しい春の黄砂とかけて、冷えた和食の煮物と解く。その心は「どちらも『にごる』でしょう。」,
,完全な同音異義語型,息苦しい春の黄砂,洗濯物を外に干せない,ほせない,干せない（外に洗濯物が干せない）,欲しい（欲しくてたまらない）,喉から手が出るほどの商品,息苦しい春の黄砂とかけて、喉から手が出るほどの商品と解く。その心は「どちらも『ほせない』でしょう。」,
,多義語型,息苦しい春の黄砂,喉や肺に不快感があり呼吸が辛い,くるしい,苦しい（呼吸が苦しい）,苦しい（経済的に困窮している）,月末の家計,息苦しい春の黄砂とかけて、月末の家計と解く。その心は「どちらも『苦しい』でしょう。」,
,多義語型,息苦しい春の黄砂,景色がぼんやりと霞んで見える,かすむ,霞む（視界が霞む）,霞む（周りのものに比べて劣って見える）,美人女優に囲まれたエキストラ,息苦しい春の黄砂とかけて、美人女優に囲まれたエキストラと解く。その心は「どちらも『かすむ』でしょう。」,
,フレーズ・慣用句型,息苦しい春の黄砂,外出を控えて家に「こもる」,こもる,籠もる（家に籠もる）,籠もる（熱気や湿気が中に閉じ込められる）,締め切った部屋,息苦しい春の黄砂とかけて、締め切った部屋と解く。その心は「どちらも『こもる』でしょう。」,
,フレーズ・慣用句型,息苦しい春の黄砂,空気が悪く「気分が沈みがち」になる,きぶんがしずみがち,気分が沈みがち（気候のせいで気持ちが落ち込む）,気分が沈みがち（状況が悪化し意気消沈する）,投資に失敗した経営者,息苦しい春の黄砂とかけて、投資に失敗した経営者と解く。その心は「どちらも『気分が沈みがち』でしょう。」,
,完全な同音異義語型,眩しい雪山の反射光,光が強く目に当たる、視界から跳ね返る,はねかえる,跳ね返る（強い光が目に反射する）,跳ね返る（外部からの攻撃や要求を拒否する）,悪質なセールスを撃退する人,「眩しい雪山の反射光」とかけて、「悪質なセールスを撃退する人」と解く。その心は「どちらも『跳ね返る』でしょう。」,
,多義語型,眩しい雪山の反射光,視力を保護するためにサングラスなどで対処する,めをまもる,目（を）守る（目を保護する）,目（を）守る（目的や獲物から目を離さずに監視する）,大切な宝物の番人,「眩しい雪山の反射光」とかけて、「大切な宝物の番人」と解く。その心は「どちらも『目（を）守る』でしょう。」,
,フレーズ・慣用句型,眩しい雪山の反射光,視界が光で覆われて何も見えなくなる,まっしろになる,真っ白になる（視界が光で覆われる）,真っ白になる（驚きや困惑で頭の中が空っぽになる）,大失敗をして思考停止に陥った人,「眩しい雪山の反射光」とかけて、「大失敗をして思考停止に陥った人」と解く。その心は「どちらも『真っ白になる』でしょう。」,
,完全な同音異義語型,眩しい雪山の反射光,光が強すぎて視界を遮る,ひかりをさえぎる,光を遮る（目に直接入る光を防ぐ）,光を遮る（将来への希望や可能性を妨害する）,若者の才能を妬むベテラン,「眩しい雪山の反射光」とかけて、「若者の才能を妬むベテラン」と解く。その心は「どちらも『光を遮る』でしょう。」,
,多義語型,眩しい雪山の反射光,あまりにも強烈な光で一時的に視界が効かなくなる,めをうばう,目を奪う（光が強すぎて一時的に見えなくなる）,目を奪う（非常に美しく、魅力的で注目を集める）,誰もが振り返るほどの美人,「眩しい雪山の反射光」とかけて、「誰もが振り返るほどの美人」と解く。その心は「どちらも『目を奪う』でしょう。」,
,フレーズ・慣用句型,眩しい雪山の反射光,雪面全体が輝きを放つ様子,いちめんのかがやき,一面の輝き（雪山全体が光り輝く様子）,一面の輝き（ある場所全体が希望や喜びに満ち溢れている様子）,優勝して歓喜に沸くスポーツチーム,「眩しい雪山の反射光」とかけて、「優勝して歓喜に沸くスポーツチーム」と解く。その心は「どちらも『一面の輝き』でしょう。」,
,完全な同音異義語型,震える春先の花冷え,寒さで体が震える,ふるえる,震える,振るえる,優勝候補の選手が試合前に感じる高揚感,「震える春先の花冷え」とかけて、「優勝候補の選手が試合前に感じる高揚感」と解く。その心は『どちらも「ふるえる」でしょう。』,
,多義語型,震える春先の花冷え,体が冷える,ひえる,冷える,冷える,仲違いした夫婦の関係,「震える春先の花冷え」とかけて、「仲違いした夫婦の関係」と解く。その心は『どちらも「冷える」でしょう。』,
,フレーズ・慣用句型,震える春先の花冷え,寒さで身が縮こまる,みがちぢこまる,身が縮こまる,身が縮こまる,大勢の人の前でスピーチをする人,「震える春先の花冷え」とかけて、「大勢の人の前でスピーチをする人」と解く。その心は『どちらも「身が縮こまる」でしょう。』,
,完全な同音異義語型,震える春先の花冷え,身を切るような寒さ,みをきる,身を切る,身を切る,大事なものを手放す苦渋の決断,「震える春先の花冷え」とかけて、「大事なものを手放す苦渋の決断」と解く。その心は『どちらも「身を切る」でしょう。』,
,多義語型,震える春先の花冷え,厳しい寒さ,さむさ,寒さ,寒さ,ギャグが全くウケなかった芸人,「震える春先の花冷え」とかけて、「ギャグが全くウケなかった芸人」と解く。その心は『どちらも「寒さ」でしょう。』,
,フレーズ・慣用句型,震える春先の花冷え,寒くて体が縮まる,ちぢまる,縮まる,縮まる,ゴール直前で追い上げを見せるマラソンランナー,「震える春先の花冷え」とかけて、「ゴール直前で追い上げを見せるマラソンランナー」と解く。その心は『どちらも「縮まる」でしょう。』,
,完全な同音異義語型,臭い初夏の赤潮,海の現象、潮の流れ、潮の満ち引き,しお,潮（海の潮）,塩（調味料）,料理人,臭い初夏の赤潮とかけて、料理人と解く。その心は「どちらも『しお』が命でしょう。」,
,多義語型,臭い初夏の赤潮,悪臭を放つ、不快な匂い,くさい,臭い（悪臭がする）,臭い（疑わしい、怪しい）,詐欺師,臭い初夏の赤潮とかけて、詐欺師と解く。その心は「どちらも『臭い』でしょう。」,
,フレーズ・慣用句型,臭い初夏の赤潮,海一面が赤く染まる様子、広がる色,まっかにそまる,真っ赤に染まる（海面の色）,真っ赤になる（怒りや恥で顔が赤くなる）,ひどく怒っている人,臭い初夏の赤潮とかけて、ひどく怒っている人と解く。その心は「どちらも『真っ赤』でしょう。」,
,完全な同音異義語型,臭い初夏の赤潮,問題の出現、現象の発生,はっせい,発生（現象が起こること）,発声（声を出すこと）,歌手,臭い初夏の赤潮とかけて、歌手と解く。その心は「どちらも『発生』が肝心でしょう。」,
,多義語型,臭い初夏の赤潮,環境を汚す、水質を悪化させる,よごす,汚す（環境を汚す）,汚す（名誉や記録を汚す）,スキャンダルを起こした政治家,臭い初夏の赤潮とかけて、スキャンダルを起こした政治家と解く。その心は「どちらも『汚す』でしょう。」,
,フレーズ・慣用句型,臭い初夏の赤潮,強烈な悪臭がする、匂いが鼻を刺激する,はなにつく,鼻につく（悪臭が鼻に届く）,鼻につく（態度や言動が不快で嫌になる）,自慢ばかりする人,臭い初夏の赤潮とかけて、自慢ばかりする人と解く。その心は「どちらも『鼻につく』でしょう。」,
,完全な同音異義語型,痒い秋の空気の乾燥,皮膚がひび割れる,ひび,ひび（皮膚の亀裂）,日々（毎日）,毎日コツコツと努力する人,痒い秋の空気の乾燥とかけて、毎日コツコツと努力する人と解く。その心は「どちらも『ひび』が大切でしょう。」,
,多義語型,痒い秋の空気の乾燥,肌の状態が悪くなる,あれる,肌が荒れる,天候が荒れる,台風や大しけの海,痒い秋の空気の乾燥とかけて、台風や大しけの海と解く。その心は「どちらも『荒れる』でしょう。」,
,フレーズ・慣用句型,痒い秋の空気の乾燥,痒くて我慢ができない,がまんできない,痒みが我慢できない,食欲が我慢できない,ダイエット中の人,痒い秋の空気の乾燥とかけて、ダイエット中の人と解く。その心は「どちらも『我慢できない』でしょう。」,
,完全な同音異義語型,痒い秋の空気の乾燥,水分が失われた状態,かんそう,乾燥（水分を失うこと）,完走（最後まで走りきること）,マラソンランナー,痒い秋の空気の乾燥とかけて、マラソンランナーと解く。その心は「どちらも『かんそう（乾燥/完走）』が課題でしょう。」,
,多義語型,痒い秋の空気の乾燥,刺激に反応しやすくなる,びんかんになる,肌が敏感になる,流行に敏感になる,ファッション業界のプロ,痒い秋の空気の乾燥とかけて、ファッション業界のプロと解く。その心は「どちらも『敏感になる』でしょう。」,
,フレーズ・慣用句型,痒い秋の空気の乾燥,肌を掻く行為,かく,肌を掻く,恥をかく,人前で大きな失敗をした人,痒い秋の空気の乾燥とかけて、人前で大きな失敗をした人と解く。その心は「どちらも『かく（掻く/恥をかく）』でしょう。」,
,完全な同音異義語型,焦げる夏の残暑,肌が太陽光で焼けるような厳しさ,ひやけ,日焼け（肌が焼けること）,火焼け（火災で焼けること）,火事の現場,「焦げる夏の残暑」とかけて、「火事の現場」と解く。その心は「どちらも『日焼け（火焼け）』でしょう。」,
,完全な同音異義語型,焦げる夏の残暑,暑さで体内に熱が溜まる感覚,ねつがこもる,熱がこもる（暑さで体が熱くなる）,念がこもる（思いや気持ちが込められる）,魂を込めて作られた工芸品,「焦げる夏の残暑」とかけて、「魂を込めて作られた工芸品」と解く。その心は「どちらも『熱がこもる（念がこもる）』でしょう。」,
,多義語型,焦げる夏の残暑,日差しが肌に強く、跡が残るような感覚,やきつく,焼き付く（肌に日差しが強く当たる、記憶に残る）,焼き付く（機械が熱で固着する）,オーバーヒートしたエンジンの部品,「焦げる夏の残暑」とかけて、「オーバーヒートしたエンジンの部品」と解く。その心は「どちらも『焼き付く』でしょう。」,
,多義語型,焦げる夏の残暑,気温が上昇し、太陽が上っている状態,あがる,上がる（気温が上がる、太陽が上がる）,上がる（成績が上がる、舞台に上がる）,試験で良い点を取った学生,「焦げる夏の残暑」とかけて、「試験で良い点を取った学生」と解く。その心は「どちらも『上がる』でしょう。」,
,フレーズ・慣用句型,焦げる夏の残暑,暑さが厳しく、なかなか和らがない状態,なかなかおわらない,なかなか終わらない（暑さが）,なかなか終わらない（会議や仕事が）,長時間労働で疲弊しているビジネスパーソン,「焦げる夏の残暑」とかけて、「長時間労働で疲弊しているビジネスパーソン」と解く。その心は「どちらも『なかなか終わらない』でしょう。」,
,フレーズ・慣用句型,焦げる夏の残暑,暑さによって体力を消耗し、持ちこたえられない状態,からだがもたない,体がもたない（暑さで疲弊する）,体がもたない（過労や病気で限界に達する）,無理なダイエットをしている人,「焦げる夏の残暑」とかけて、「無理なダイエットをしている人」と解く。その心は「どちらも『体がもたない』でしょう。」,
,完全な同音異義語型,冷たい初冬の木枯らし,身を切るような寒さ,きる,身を『切る』,髪を『切る』,美容師,冷たい初冬の木枯らしとかけて、美容師と解く。その心は『どちらも切る』でしょう。,
,完全な同音異義語型,冷たい初冬の木枯らし,木の葉を落とす,おとす,葉を『落とす』,人を『落とす』（試験などで不合格にする）,大学の入試採点官,冷たい初冬の木枯らしとかけて、大学の入試採点官と解く。その心は『どちらも人を落とす』でしょう。,
,多義語型,冷たい初冬の木枯らし,寒さに体が震える,ふるえる,寒さに『震える』,緊張で『震える』（声や体）,初舞台を踏む演者,冷たい初冬の木枯らしとかけて、初舞台を踏む演者と解く。その心は『どちらも震える』でしょう。,
,多義語型,冷たい初冬の木枯らし,肌を刺すような冷たさ,つめたい,『冷たい』風,『冷たい』態度,部下に無関心な上司,冷たい初冬の木枯らしとかけて、部下に無関心な上司と解く。その心は『どちらもつめたい』でしょう。,
,フレーズ・慣用句型,冷たい初冬の木枯らし,冬の訪れを告げる,ふゆのたより,『冬の便り』（季節の到来を告げるもの）,『冬の便り』（手紙、ニュース）,遠方に住む友人からの季節の手紙,冷たい初冬の木枯らしとかけて、遠方に住む友人からの季節の手紙と解く。その心は『どちらも冬の便り』でしょう。,
,フレーズ・慣用句型,冷たい初冬の木枯らし,強風が吹く,かぜがふく,『風が吹く』,『追い風が吹く』（ビジネスなどで良い状況になる）,好調な業績を維持するベンチャー企業の社長,冷たい初冬の木枯らしとかけて、好調な業績を維持するベンチャー企業の社長と解く。その心は『どちらも風が吹く』でしょう。,
,多義語型,重い春先の湿雪,溶けにくい、移動が困難,うごけない,動きが取れない,身動きが取れない,借金まみれの経営者,「重い春先の湿雪」とかけて、「借金まみれの経営者」と解く。その心は『どちらも「身動きが取れない」でしょう。』,
,完全な同音異義語型,重い春先の湿雪,重さがある、負担をかける,おもみ,重みがある,重みがある,大企業の重役,「重い春先の湿雪」とかけて、「大企業の重役」と解く。その心は『どちらも「重みがある」でしょう。』,
,フレーズ・慣用句型,重い春先の湿雪,溶け始めるとべたつく、歩きにくい,あしをとられる,足を取られる,足を取られる,容疑者を追う刑事,「重い春先の湿雪」とかけて、「容疑者を追う刑事」と解く。その心は『どちらも「足を取られる」でしょう。』,
,多義語型,重い春先の湿雪,重くて滑りやすい、転倒しやすい,すべる,滑る,滑る,受験生,「重い春先の湿雪」とかけて、「受験生」と解く。その心は『どちらも「滑る」でしょう。』,
,完全な同音異義語型,重い春先の湿雪,重さがのしかかる、積雪で家屋などが損傷する可能性,のしかかる,のしかかる,のしかかる,重い責任を負うリーダー,「重い春先の湿雪」とかけて、「重い責任を負うリーダー」と解く。その心は『どちらも「のしかかる」でしょう。』,
,フレーズ・慣用句型,重い春先の湿雪,道がぬかるむ、進みにくい、足元が不安定,ぬかるむ,ぬかるむ,ぬかるむ,仕事をサボりがちな社員,「重い春先の湿雪」とかけて、「仕事をサボりがちな社員」と解く。その心は『どちらも「ぬかるむ」でしょう。』,
,完全な同音異義語型,痛い夏のゲリラ雷雨,予測できずに突発的に「起こる」,おこる,起こる（雷雨が起こる）,怒る（人が怒る）,我慢の限界を超えた上司,「痛い夏のゲリラ雷雨」とかけて、「我慢の限界を超えた上司」と解く。その心は「どちらも『おこる』でしょう。」,
,完全な同音異義語型,痛い夏のゲリラ雷雨,大粒の雨が激しく「降る」,ふる,降る（雨が降る）,振る（サイコロを振る、旗を振る）,運命を左右するサイコロを振るギャンブラー,「痛い夏のゲリラ雷雨」とかけて、「運命を左右するサイコロを振るギャンブラー」と解く。その心は「どちらも『ふる』でしょう。」,
,多義語型,痛い夏のゲリラ雷雨,突然の強い雨で地面を「叩く」,たたく,叩く（雨が地面を叩く）,叩く（太鼓を叩く）,盆踊りの太鼓を叩く人,「痛い夏のゲリラ雷雨」とかけて、「盆踊りの太鼓を叩く人」と解く。その心は「どちらも『叩く』でしょう。」,
,多義語型,痛い夏のゲリラ雷雨,天候が「荒れる」,あれる,荒れる（天候が荒れる）,荒れる（肌が荒れる）,乾燥肌に悩む人,「痛い夏のゲリラ雷雨」とかけて、「乾燥肌に悩む人」と解く。その心は「どちらも『荒れる』でしょう。」,
,フレーズ・慣用句型,痛い夏のゲリラ雷雨,突然現れて、人々の「足を止める」,あしをとめる,足を止める（雨で外出中の人が足止めされる）,足を止める（店先で興味を惹かれ足を止める）,道端の珍しい露店に興味を引かれた人,「痛い夏のゲリラ雷雨」とかけて、「道端の珍しい露店に興味を引かれた人」と解く。その心は「どちらも『足を止める』でしょう。」,
,フレーズ・慣用句型,痛い夏のゲリラ雷雨,激しい雨が降り注ぎ、前が「見えなくなる」,みえなくなる,見えなくなる（激しい雨で視界が見えなくなる）,見えなくなる（将来の展望が見えなくなる）,先行き不安で悩む経営者,「痛い夏のゲリラ雷雨」とかけて、「先行き不安で悩む経営者」と解く。その心は「どちらも『見えなくなる』でしょう。」,
,完全な同音異義語型,眩しい秋の強い西日,日が傾き、地平線へと向かう様子,しずむ,沈む（日が沈む）,沈む（気分が沈む）,悩み事を抱えた人,眩しい秋の強い西日とかけて、悩み事を抱えた人と解く。その心は「どちらも『沈む』でしょう。」,
,完全な同音異義語型,眩しい秋の強い西日,光が視界に入る,めにはいる,目に入る（光が目に入る）,目に入る（注目される）,新しく開店したばかりの店,眩しい秋の強い西日とかけて、新しく開店したばかりの店と解く。その心は「どちらも『目に入る』でしょう。」,
,多義語型,眩しい秋の強い西日,光が窓などから部屋の中へ入ってくる,さしこむ,差し込む（光が差し込む）,差し込む（意見を差し込む）,会議で意見を述べる人,眩しい秋の強い西日とかけて、会議で意見を述べる人と解く。その心は「どちらも『差し込む』でしょう。」,
,多義語型,眩しい秋の強い西日,発せられるエネルギーの源,ひかり,光（太陽の光）,光（将来性や才能）,才能に溢れた若手社員,眩しい秋の強い西日とかけて、才能に溢れた若手社員と解く。その心は「どちらも『光』でしょう。」,
,フレーズ・慣用句型,眩しい秋の強い西日,強い光を受けて目を細くする動作,めをほそめる,目を細める（眩しさで）,目を細める（満足して）,孫の成長を見守る祖父母,眩しい秋の強い西日とかけて、孫の成長を見守る祖父母と解く。その心は「どちらも『目を細める』でしょう。」,
,フレーズ・慣用句型,眩しい秋の強い西日,強い光によって顔の表情を変える,かおをしかめる,顔をしかめる（眩しさで）,顔をしかめる（不快感で）,嫌いな食べ物を口にした子供,眩しい秋の強い西日とかけて、嫌いな食べ物を口にした子供と解く。その心は「どちらも『顔をしかめる』でしょう。」,
,完全な同音異義語型,息苦しいフェーン現象の熱風,熱い空気の塊であること、温度が高いこと,あつい,熱い（温度が高い）,厚い（層が分厚い）,頑丈な城壁,息苦しいフェーン現象の熱風とかけて、頑丈な城壁と解く。その心は「どちらも『あつい』でしょう。」,
,完全な同音異義語型,息苦しいフェーン現象の熱風,空気中の水分が極めて少なく、乾燥している状態,かんそう,乾燥（水分が少なく乾いていること）,感想（感じたことや考え）,映画鑑賞後の観客,息苦しいフェーン現象の熱風とかけて、映画鑑賞後の観客と解く。その心は「どちらも『かんそう』でしょう。」,
,多義語型,息苦しいフェーン現象の熱風,強い力で吹き荒れる、空気の流れが活発,いきおい,勢い（風の力強さ）,勢い（事業や活動の活発さ）,新進気鋭の若手経営者,息苦しいフェーン現象の熱風とかけて、新進気鋭の若手経営者と解く。その心は「どちらも『勢いがある』でしょう。」,
,多義語型,息苦しいフェーン現象の熱風,呼吸が困難で、身体的な不快感がある状態,くるしい,苦しい（呼吸が困難な状態）,苦しい（経済的、精神的に困難な状態）,厳しいノルマを課せられた営業マン,息苦しいフェーン現象の熱風とかけて、厳しいノルマを課せられた営業マンと解く。その心は「どちらも『苦しい』でしょう。」,
,フレーズ・慣用句型,息苦しいフェーン現象の熱風,空気や風そのものが高温になっている状態,ねつをおびる,熱を帯びる（空気が熱くなる）,熱を帯びる（議論や活動が活発になる）,白熱した会議室の議論,息苦しいフェーン現象の熱風とかけて、白熱した会議室の議論と解く。その心は「どちらも『熱を帯びる』でしょう。」,
,フレーズ・慣用句型,息苦しいフェーン現象の熱風,呼吸が困難になり、身体的な圧迫感がある感覚,いきがつまる,息が詰まる（呼吸がしにくい）,息が詰まる（緊張で身動きが取れない、プレッシャーを感じる）,失敗が許されないプレゼンテーション会場,息苦しいフェーン現象の熱風とかけて、失敗が許されないプレゼンテーション会場と解く。その心は「どちらも『息が詰まる』でしょう。」,
,完全な同音異義語型,震える冬の空っ風,強く吹き荒れる,あれる,荒れる (風が荒れる),荒れる (肌が荒れる),乾燥肌に悩む人,震える冬の空っ風とかけて、乾燥肌に悩む人と解く。その心は『どちらも肌が荒れる』でしょう。,
,完全な同音異義語型,震える冬の空っ風,寒さが厳しい,きびしい,厳しい (寒さが厳しい),厳しい (指導が厳しい),新入社員を鍛える厳しい上司,震える冬の空っ風とかけて、新入社員を鍛える厳しい上司と解く。その心は『どちらも厳しい』でしょう。,
,多義語型,震える冬の空っ風,寒さで身が引き締まる,しまる,締まる (身が締まる),締まる (財布の紐が締まる),家計を預かる主婦,震える冬の空っ風とかけて、家計を預かる主婦と解く。その心は『どちらも身が締まる』でしょう。,
,多義語型,震える冬の空っ風,寒さで体を縮める,ちぢめる,縮める (体を縮める),縮める (距離を縮める),トップランナーを追いかける選手,震える冬の空っ風とかけて、トップランナーを追いかける選手と解く。その心は『どちらも距離を縮める』でしょう。,
,フレーズ・慣用句型,震える冬の空っ風,強く吹き、遮るものがない,さえぎるものがない,遮るものがない (風を遮るものがない),遮るものがない (意見が自由),自由闊達な意見交換会,震える冬の空っ風とかけて、自由闊達な意見交換会と解く。その心は『どちらも遮るものがない』でしょう。,
,フレーズ・慣用句型,震える冬の空っ風,寒さで身も心も凍りつく,こおりつく,凍りつく (手足が凍りつく),凍りつく (場が凍りつく),スベってしまったお笑い芸人のステージ,震える冬の空っ風とかけて、スベってしまったお笑い芸人のステージと解く。その心は『どちらも場が凍りつく』でしょう。,
,完全な同音異義語型,臭い大雨後の川の氾濫,水が汚れている、透明度が低い,にごる,濁る（水が濁る）,煮凝り（料理の煮凝り）,料理の煮凝り,臭い大雨後の川の氾濫とかけて、料理の煮凝りと解く。その心は「どちらも『にごる』でしょう。」,
,完全な同音異義語型,臭い大雨後の川の氾濫,水が流れ出て止まらない、広がる,とめどがない,留め処がない（水が流れ出て止まらない）,止めどがない（話が尽きない、涙が止まらない）,おしゃべり好きなおばあさんの話,臭い大雨後の川の氾濫とかけて、おしゃべり好きなおばあさんの話と解く。その心は「どちらも『とめどがない』でしょう。」,
,多義語型,臭い大雨後の川の氾濫,不快な悪臭を放っている,におい,臭い（悪臭）,匂い（香水や花の香り）,香水売り場の店員,臭い大雨後の川の氾濫とかけて、香水売り場の店員と解く。その心は「どちらも『におい』が気になるでしょう。」,
,多義語型,臭い大雨後の川の氾濫,水量が普段よりはるかに多い、あふれている,みずがあふれる,水が溢れる（物理的に川の水が溢れる）,水が溢れる（コップから水が溢れる、涙が溢れる）,感動して涙が止まらない人,臭い大雨後の川の氾濫とかけて、感動して涙が止まらない人と解く。その心は「どちらも『水が溢れる』でしょう。」,
,フレーズ・慣用句型,臭い大雨後の川の氾濫,泥やゴミで汚れていて、片付けが大変である,あとしまつ,後始末（氾濫後の泥やゴミの処理）,後始末（不祥事や失敗の処理）,会社の不祥事を担当する広報部,臭い大雨後の川の氾濫とかけて、会社の不祥事を担当する広報部と解く。その心は「どちらも『後始末』が大変でしょう。」,
,フレーズ・慣用句型,臭い大雨後の川の氾濫,豪雨という自然現象が過ぎ去った後の状況,あらしのあと,嵐のあと（物理的な嵐の後の状況）,嵐のあと（大喧嘩や騒動の後）,大喧嘩をしてしまった夫婦,臭い大雨後の川の氾濫とかけて、大喧嘩をしてしまった夫婦と解く。その心は「どちらも『嵐のあと』はひどい状態でしょう。」,
,多義語型,焦げる夏の日照り,土地が乾燥し、水が蒸発してなくなる状態,ひあがる,干上がる（水がなくなる）,干上がる（疲弊して限界に達する）,仕事が多すぎて疲弊した会社員,焦げる夏の日照りとかけて、仕事が多すぎて疲弊した会社員と解く。その心は「どちらも『干上がる』でしょう。」,
,完全な同音異義語型,焦げる夏の日照り,暑さで体がだらける、弛緩する状態,だれる,弛れる（体がだるくなる）,垂れる（枝などが下に下がる）,枝が重みで地面に垂れ下がった柳の木,焦げる夏の日照りとかけて、枝が重みで地面に垂れ下がった柳の木と解く。その心は「どちらも『だれる（弛れる/垂れる）』でしょう。」,
,フレーズ・慣用句型,焦げる夏の日照り,熱いものに触れてしまうこと,てをだす,手を出してしまう（熱いものに触れそうになる）,手を出してしまう（問題に介入する）,揉め事に口出しをする仲裁人,焦げる夏の日照りとかけて、揉め事に口出しをする仲裁人と解く。その心は「どちらも『手を出したくなる』でしょう。」,
,多義語型,焦げる夏の日照り,気温が高く、暑い状態,あつい,暑い（気温が高い）,厚い（物体の厚さがある）,ページ数の多い分厚い辞典,焦げる夏の日照りとかけて、ページ数の多い分厚い辞典と解く。その心は「どちらも『厚い（暑い/厚い）』でしょう。」,
,フレーズ・慣用句型,焦げる夏の日照り,暑すぎて体を動かすのが億劫な状態,うごきたくない,動きたくない（暑さで活動意欲が低下する）,動きたくない（現状維持を望む）,不正が露呈するのを恐れて現状維持を望む政治家,焦げる夏の日照りとかけて、不正が露呈するのを恐れて現状維持を望む政治家と解く。その心は「どちらも『動きたくない』でしょう。」,
,完全な同音異義語型,焦げる夏の日照り,植物などが水分を失って生命力がなくなる状態,かれる,枯れる（植物が枯死する）,嗄れる（声がかすれる）,長時間歌い続けて声がかすれた歌手,焦げる夏の日照りとかけて、長時間歌い続けて声がかすれた歌手と解く。その心は「どちらも『かれる（枯れる/嗄れる）』でしょう。」,
,完全な同音異義語型,冷たい秋の霜降りの朝,霜が降りてくる,ふる,霜が「降る」,筆を「振る」う,書道家,冷たい秋の霜降りの朝とかけて、書道家と解く。その心は「どちらも筆を『ふる』でしょう。」,
,多義語型,冷たい秋の霜降りの朝,寒さで身が引き締まる,しまる,身が「締まる」,規律が「締まる」,厳しい指導を受けた部活動,冷たい秋の霜降りの朝とかけて、厳しい指導を受けた部活動と解く。その心は「どちらも身が『しまる』でしょう。」,
,フレーズ・慣用句型,冷たい秋の霜降りの朝,寒さで体がこわばる,からだがこごえる,体が「凍える」,緊張で「体が凍りつく」,大勢の前でスピーチをする人,冷たい秋の霜降りの朝とかけて、大勢の前でスピーチをする人と解く。その心は「どちらも『体が凍える』でしょう。」,
,完全な同音異義語型,冷たい秋の霜降りの朝,草木が霜で白く見える,しろい,霜で「白い」,潔「白い」（清い）,無実を主張する容疑者,冷たい秋の霜降りの朝とかけて、無実を主張する容疑者と解く。その心は「どちらも潔『白い』でしょう。」,
,多義語型,冷たい秋の霜降りの朝,葉が枯れていく様子,かれる,葉が「枯れる」,声が「枯れる」,熱唱しすぎた歌手,冷たい秋の霜降りの朝とかけて、熱唱しすぎた歌手と解く。その心は「どちらも声が『枯れる』でしょう。」,
,フレーズ・慣用句型,冷たい秋の霜降りの朝,冷たさが身にしみる,しみる,冷たさが身に「染みる」,骨身に「染みる」忠告,厳しい忠告を受けて反省する人,冷たい秋の霜降りの朝とかけて、厳しい忠告を受けて反省する人と解く。その心は「どちらも『身に染みる』でしょう。」,
,完全な同音異義語型,散る春の桜,花びらが地面に落ち、役割を終える様子,まつる,祀る (古来より神に「祀る」ように見立てられる),祭る (お祭りを「祭る」、賑やかに祝う),縁日の出店主,「散る春の桜」とかけて、「縁日の出店主」と解く。その心は「どちらも『祭る』でしょう。」,
,完全な同音異義語型,散る春の桜,花びらが風に舞い、群れを成していたものがバラバラになる,かいさん,解散 (桜の群れが風で「解散」する),海産 (海の「産物」),魚市場の仲買人,「散る春の桜」とかけて、「魚市場の仲買人」と解く。その心は「どちらも『海産』でしょう。」,
,多義語型,散る春の桜,季節が終わり、次の季節へ移り変わる節目,おわる,終わる (桜の季節が「終わる」),終わる (プロジェクトや締切が「終わる」),プレゼンを終えたばかりの営業マン,「散る春の桜」とかけて、「プレゼンを終えたばかりの営業マン」と解く。その心は「どちらも『終わり』を迎えるでしょう。」,
,多義語型,散る春の桜,花びらが地面に降り積もり、一面を覆う様子,しきつめる,敷き詰める (散った花びらが地面に「敷き詰める」ように積もる),敷き詰める (タイルや畳を「敷き詰める」),工務店の職人,「散る春の桜」とかけて、「工務店の職人」と解く。その心は「どちらも『敷き詰める』でしょう。」,
,フレーズ・慣用句型,散る春の桜,桜の寿命が短く、潔く散っていく姿,はかないいのち,儚い命 (桜の「儚い命」),儚い命 (夢を追う芸術家の「儚い命」),才能を使い果たした画家,「散る春の桜」とかけて、「才能を使い果たした画家」と解く。その心は「どちらも『儚い命』でしょう。」,
,フレーズ・慣用句型,散る春の桜,花びらが舞い散り、潔く身を引くかのように季節から退く,みをひく,身を引く (潔く「身を引く」ように散る桜),身を引く (責任を負って「身を引く」),汚職事件で辞任した政治家,「散る春の桜」とかけて、「汚職事件で辞任した政治家」と解く。その心は「どちらも『身を引く』でしょう。」,
,完全な同音異義語型,溶ける春の雪解け水,固形の氷が液体に変化する,とける,溶ける（固体が液体になる）,解ける（謎が解決する）,難事件を解決した名探偵,溶ける春の雪解け水とかけて、難事件を解決した名探偵と解く。その心は『どちらも【とける】でしょう。』,
,多義語型,溶ける春の雪解け水,大地を伝って水が移動する,ながれる,流れる（液体が移動する様子）,流れる（情報が伝わる、噂が広まる）,興味深いゴシップを耳にした人,溶ける春の雪解け水とかけて、興味深いゴシップを耳にした人と解く。その心は『どちらも【流れる】でしょう。』,
,フレーズ・慣用句型,溶ける春の雪解け水,乾燥した大地を水で湿らせる,うるおす,潤す（大地を水で湿らせる）,潤す（金銭的に豊かにする、懐を潤す）,事業が成功して利益を得た経営者,溶ける春の雪解け水とかけて、事業が成功して利益を得た経営者と解く。その心は『どちらも【潤す】でしょう。』,
,完全な同音異義語型,溶ける春の雪解け水,固体の雪が形をなくし、視界から見えなくなる,きえる,消える（物体が視界からなくなる）,消える（電灯や火の光がなくなる）,節電のために照明を落とす人,溶ける春の雪解け水とかけて、節電のために照明を落とす人と解く。その心は『どちらも【消える】でしょう。』,
,多義語型,溶ける春の雪解け水,大地に水が深く染み込む,しんとうする,浸透する（液体が内部に深く染み込む）,浸透する（考えや文化が広まる）,革新的なアイデアを組織に浸透させるリーダー,溶ける春の雪解け水とかけて、革新的なアイデアを組織に浸透させるリーダーと解く。その心は『どちらも【浸透する】でしょう。』,
,フレーズ・慣用句型,溶ける春の雪解け水,固体の雪が液体の水へと姿を変える,すがたをかえる,姿を変える（形状や状態が物理的に変化する）,姿を変える（正体を隠すために外見を変える、変装する）,身を隠すために変装したスパイ,溶ける春の雪解け水とかけて、身を隠すために変装したスパイと解く。その心は『どちらも【姿を変える】でしょう。』,
,完全な同音異義語型,発生する秋の台風,台風の進む道筋,しんろ,進路（台風の進む道筋）,進路（卒業後の進むべき道）,高校三年生,発生する秋の台風とかけて、高校三年生と解く。その心は「どちらも『進路』が気になるでしょう。」,
,完全な同音異義語型,発生する秋の台風,強い風をもたらす,かぜ,風（台風による強い風）,風邪（病気の一種）,幼稚園児,発生する秋の台風とかけて、幼稚園児と解く。その心は「どちらも『風邪』には気をつけたいでしょう。」,
,多義語型,発生する秋の台風,低気圧として勢力を増す,はったつ,発達（低気圧が発達する）,発達（心身や能力が発達する）,赤ちゃん,発生する秋の台風とかけて、赤ちゃんと解く。その心は「どちらも『発達』が著しいでしょう。」,
,多義語型,発生する秋の台風,進む経路,コース,コース（台風の進路）,コース（競技などの経路）,マラソンランナー,発生する秋の台風とかけて、マラソンランナーと解く。その心は「どちらも『コース』取りが重要でしょう。」,
,フレーズ・慣用句型,発生する秋の台風,強風で物が運ばれる,とばされる,飛ばされる（物が風で遠くへ飛ばされる）,飛ばされる（遠方への転勤や左遷などを命じられる）,地方支店へ転勤を命じられた会社員,発生する秋の台風とかけて、地方支店へ転勤を命じられた会社員と解く。その心は「どちらも『飛ばされる』ことがあるでしょう。」,
,フレーズ・慣用句型,発生する秋の台風,陸地に到達する,じょうりく,上陸（台風が陸地に到達すること）,上陸（海外のものが国内に入ってくること）,海外の有名ブランド,発生する秋の台風とかけて、海外の有名ブランドと解く。その心は「どちらも『上陸』すると話題になるでしょう。」,
,完全な同音異義語型,伸びる夏の入道雲,空に勢いよく湧き上がる様子,わく,湧く,沸く,お風呂,伸びる夏の入道雲とかけて、お風呂と解く。その心は『どちらも「わく」でしょう。』,
,完全な同音異義語型,伸びる夏の入道雲,高くそびえ立つ様子,たつ,立つ,建つ,新しい家,伸びる夏の入道雲とかけて、新しい家と解く。その心は『どちらも「たつ」でしょう。』,
,多義語型,伸びる夏の入道雲,形が刻々と変化する様子,かわる,形が変わる,立場が変わる,昇進した社員,伸びる夏の入道雲とかけて、昇進した社員と解く。その心は『どちらも「かわる」でしょう。』,
,多義語型,伸びる夏の入道雲,もくもくと大きく成長する,ふくらむ,膨らむ,膨らむ,新しい企画を任された若手社員,伸びる夏の入道雲とかけて、新しい企画を任された若手社員と解く。その心は『どちらも「期待が膨らむ」でしょう。』,
,フレーズ・慣用句型,伸びる夏の入道雲,高く積み重なって大きな塊になる様子,やまをなす,山をなす,山をなす,机の上の書類,伸びる夏の入道雲とかけて、机の上の書類と解く。その心は『どちらも「山をなす」でしょう。』,
,フレーズ・慣用句型,伸びる夏の入道雲,天候が急変しそうな不穏な雰囲気,あやしい,空模様が怪しい,行動が怪しい,深夜の路地裏をうろつく人物,伸びる夏の入道雲とかけて、深夜の路地裏をうろつく人物と解く。その心は『どちらも「怪しい」でしょう。』,
,多義語型,変わる秋の紅葉,葉が色づいて美しい景色に変化する,そまる,染まる (色に染まる),染まる (悪い影響を受ける),悪い誘いに乗ってしまった若者,変わる秋の紅葉とかけて、悪い誘いに乗ってしまった若者と解く。その心は「どちらも『染まる』でしょう。」,
,フレーズ・慣用句型,変わる秋の紅葉,葉が枯れて枝から離れ、地面に散り落ちる,はがおちる,葉が落ちる (木から葉が落ちる),歯が落ちる (高齢で歯が抜ける),加齢により食事に苦労するおじいさん,変わる秋の紅葉とかけて、加齢により食事に苦労するおじいさんと解く。その心は「どちらも『葉(歯)が落ちる』でしょう。」,
,完全な同音異義語型,変わる秋の紅葉,多様な色が混じり合い、景色を美しく飾る様子,いろどり,彩り (紅葉の美しい彩り),色鳥 (美しい羽を持つ鳥),熱帯の森に住む鮮やかな鳥,変わる秋の紅葉とかけて、熱帯の森に住む鮮やかな鳥と解く。その心は「どちらも『彩り(色鳥)』でしょう。」,
,多義語型,変わる秋の紅葉,夏から冬へと季節が移り変わる節目,かわりめ,変わり目 (季節の変わり目),変わり目 (人生や状況の転機),新しい人生のステージに進む人,変わる秋の紅葉とかけて、新しい人生のステージに進む人と解く。その心は「どちらも『変わり目』でしょう。」,
,フレーズ・慣用句型,変わる秋の紅葉,葉が次第に鮮やかな赤色へと変化していく,あかくそまる,赤く染まる (紅葉が赤くなる),赤く染まる (顔が恥ずかしさで赤くなる),人前で褒められて照れている人,変わる秋の紅葉とかけて、人前で褒められて照れている人と解く。その心は「どちらも『赤く染まる』でしょう。」,
,完全な同音異義語型,変わる秋の紅葉,美しく色づいたカエデなどの葉,もみじ,紅葉 (秋の景色を彩る葉),揉み師 (体を揉んでほぐす職業),肩こりの人を癒すプロフェッショナル,変わる秋の紅葉とかけて、肩こりの人を癒すプロフェッショナルと解く。その心は「どちらも『紅葉(揉み師)』でしょう。」,
,多義語型,鳴く夏の蝉時雨,蝉が大量に鳴き、周囲が騒がしい状態。,うるさい,煩い（騒がしい）,五月蠅い（口やかましい、細かいことに口出しする）,小言ばかり言う上司,「鳴く夏の蝉時雨」とかけて、「小言ばかり言う上司」と解く。その心は『どちらも「煩い（うるさい）」でしょう』。,
,完全な同音異義語型,鳴く夏の蝉時雨,蝉がひっきりなしに鳴き続ける様子。,しきり,頻り（ひっきりなしに）,仕切り（区切り、間仕切り）,和室の襖や障子,「鳴く夏の蝉時雨」とかけて、「和室の襖や障子」と解く。その心は『どちらも「仕切り（しきり）」でしょう』。,
,フレーズ・慣用句型,鳴く夏の蝉時雨,短い命を懸命に生き、全身全霊で鳴いている様子。,いのちを もやす,命を燃やす（全力で生きる）,命を燃やす（文字通り火が燃える）,キャンプファイヤーの薪,「鳴く夏の蝉時雨」とかけて、「キャンプファイヤーの薪」と解く。その心は『どちらも「命を燃やす」でしょう』。,
,多義語型,鳴く夏の蝉時雨,夏の終わりと共に、鳴き声や蝉の活動が徐々に減っていくこと。,かずをへらす,数を減らす（活動が衰え、個体数が減少する）,数を減らす（計算で数値を減らす、人員を削減する）,ダイエット中の食事制限,「鳴く夏の蝉時雨」とかけて、「ダイエット中の食事制限」と解く。その心は『どちらも「数を減らす」でしょう』。,
,完全な同音異義語型,鳴く夏の蝉時雨,夏の風物詩として、その鳴き声が強く印象に残る。,こえをのこす,声を残す（鳴き声が記憶や風景に残る）,声を残す（録音したり、メッセージを吹き込んだりする）,留守番電話のメッセージ,「鳴く夏の蝉時雨」とかけて、「留守番電話のメッセージ」と解く。その心は『どちらも「声を残す」でしょう』。,
,フレーズ・慣用句型,鳴く夏の蝉時雨,蝉の鳴き声がまるで雨のように降り注いでくる状態。,ふりそそぐ,降り注ぐ（音や声が激しく聞こえてくる）,降り注ぐ（光や愛情などが豊かに与えられる）,南向きの窓から入る陽光,「鳴く夏の蝉時雨」とかけて、「南向きの窓から入る陽光」と解く。その心は『どちらも「降り注ぐ」でしょう』。,
,完全な同音異義語型,凍る冬の湖面,水が凍結して固体になる、集まって一体化する。,かたまる,固まる（水が氷として固体になる）,固まる（人々が集まり、意思を統一する）,決起集会の参加者たち,凍る冬の湖面とかけて、決起集会の参加者たちと解く。その心は「どちらも『固まる』でしょう。」,
,完全な同音異義語型,凍る冬の湖面,氷が水面に広がり、覆い尽くす。,はる,張る（氷が水面に広がり覆う）,貼る（紙などを表面に貼り付ける）,壁にポスターを貼る人,凍る冬の湖面とかけて、壁にポスターを貼る人と解く。その心は「どちらも『張る』でしょう。」,
,多義語型,凍る冬の湖面,水の流れや波の動きが凍結によって停止する。,とまる,止まる（水の動きが停止する）,止まる（視線や思考が一点に集中する）,美しい絵画を見つめる鑑賞者,凍る冬の湖面とかけて、美しい絵画を見つめる鑑賞者と解く。その心は「どちらも『止まる』でしょう。」,
,多義語型,凍る冬の湖面,水面の波紋や音が凍結によって失われる。,きえる,消える（水面の波紋や音がなくなる）,消える（人や物が姿をくらます）,マジックショーの出演者,凍る冬の湖面とかけて、マジックショーの出演者と解く。その心は「どちらも『消える』でしょう。」,
,フレーズ・慣用句型,凍る冬の湖面,表面に薄い氷が張っており、歩くと割れる危険がある状態。,はくひょうをふむ,薄氷を踏む（物理的な薄い氷の上を歩く状態）,薄氷を踏む（危険な状況にある、危ない橋を渡る）,経営危機に瀕した会社の社長,凍る冬の湖面とかけて、経営危機に瀕した会社の社長と解く。その心は「どちらも『薄氷を踏んでいる』でしょう。」,
,フレーズ・慣用句型,凍る冬の湖面,氷が張り、外からの余計な水が入り込みにくい、閉じられた状態。,みずいらず,水入らず（氷が張り、余計な水が物理的に入り込まない状態）,水入らず（他人が入らず、家族など親しい者だけで過ごす）,家族旅行で温泉を楽しむ一家,凍る冬の湖面とかけて、家族旅行で温泉を楽しむ一家と解く。その心は「どちらも『水入らず』でしょう。」,
,完全な同音異義語型,降る初夏の五月雨,長く降り続き、あたり一面が雨に覆われる様子。,ながめ,長雨（五月雨が長く降り続く様子）,眺め（景色や風景を見ること、またはその対象）,山頂からの壮大な景色,降る初夏の五月雨とかけて、山頂からの壮大な景色と解く。その心は「どちらも『ながめ』でしょう」。,
,多義語型,降る初夏の五月雨,雨粒が地面や物、あるいは水しぶきとして飛び散り、そこに触れる物理的な状態。,かかる,掛かる（雨粒が物にかかる）,掛かる（費用や手間がかかる）,新規事業を立ち上げる企画担当者,降る初夏の五月雨とかけて、新規事業を立ち上げる企画担当者と解く。その心は「どちらも『掛かる』でしょう」。,
,フレーズ・慣用句型,降る初夏の五月雨,じめじめとした湿気と終わりの見えない雨で、気分が沈みがちな状態。,うっとうしい,鬱陶しい（長雨によるじめじめした不快感や気分の沈み）,鬱陶しい（人や状況が煩わしく、うんざりする気持ち）,粘着質なストーカー,降る初夏の五月雨とかけて、粘着質なストーカーと解く。その心は「どちらも『鬱陶しい』でしょう」。,
,完全な同音異義語型,降る初夏の五月雨,旧暦の五月に降る、初夏の長雨。,さつき,五月（旧暦の五月、初夏の季節）,皐月（ツツジ科の植物）,美しく花を咲かせる皐月（さつき）の盆栽,降る初夏の五月雨とかけて、美しく花を咲かせる皐月（さつき）の盆栽と解く。その心は「どちらも『さつき』でしょう」。,
,多義語型,降る初夏の五月雨,地面に落ちた雨水が水しぶきを上げたり、水たまりに水紋が表れる物理的な現象。,たつ,立つ（水しぶきや水紋が立つ）,立つ（計画が具体化する、自立する、目立つなど）,新しいプロジェクトの計画,降る初夏の五月雨とかけて、新しいプロジェクトの計画と解く。その心は「どちらも『立つ』でしょう」。,
,フレーズ・慣用句型,降る初夏の五月雨,雨で視界が悪く、遠くの景色や道がかすんで見えにくい状態。,さきがみえない,先が見えない（長雨による視界不良）,先が見えない（将来の展望や見通しが立たない状況）,事業の失敗で途方に暮れる経営者,降る初夏の五月雨とかけて、事業の失敗で途方に暮れる経営者と解く。その心は「どちらも『先が見えない』でしょう」。,
,完全な同音異義語型,湧く夏の積乱雲,水が湧き出るように、空に大きく発生する,わく,湧く（雲が発生する）,沸く（液体が沸騰する）,銭湯の釜,湧く夏の積乱雲とかけて、銭湯の釜と解く。その心は「どちらも『わく』でしょう。」,
,完全な同音異義語型,湧く夏の積乱雲,空に向かって大きく発達し、膨張する,せいちょう,成長（空中で大きくなる）,生長（植物が育つ）,庭の草花,湧く夏の積乱雲とかけて、庭の草花と解く。その心は「どちらも『せいちょう』でしょう。」,
,多義語型,湧く夏の積乱雲,地面から空へ高くそびえ立つように形成される,たちあがる,立ち上がる（空に高く形成される）,立ち上がる（困難な状況から回復する）,挫折から立ち直ったアスリート,湧く夏の積乱雲とかけて、挫折から立ち直ったアスリートと解く。その心は「どちらも『立ち上がる』でしょう。」,
,多義語型,湧く夏の積乱雲,勢いよく発達して巨大になる,せいちょう,成長（物理的に大きくなる）,成長（精神的・肉体的に育つ）,思春期の子供,湧く夏の積乱雲とかけて、思春期の子供と解く。その心は「どちらも『成長する』でしょう。」,
,フレーズ・慣用句型,湧く夏の積乱雲,白い塊が勢いよく膨張していく様子,モクモクと,モクモクと（雲が湧き上がる様子を表す擬態語）,モクモクと（煙が立ち上る様子を表す擬態語）,煙を上げる焚き火,湧く夏の積乱雲とかけて、煙を上げる焚き火と解く。その心は「どちらも『モクモクと』でしょう。」,
,フレーズ・慣用句型,湧く夏の積乱雲,雷鳴が遠くで鳴り響く,ゴロゴロ,ゴロゴロ（雷が鳴る音の擬音語）,ゴロゴロ（家で怠けて過ごす様子を表す擬態語）,休日を家で過ごす人,湧く夏の積乱雲とかけて、休日を家で過ごす人と解く。その心は「どちらも『ゴロゴロしている』でしょう。」,
,完全な同音異義語型,発生する線状降水帯,雨雲が同じ場所にとどまり、雨水が滞留する,たいりゅう,滞留（雨雲や水が）,対立（意見や立場が）,激しく議論する政治家,発生する線状降水帯とかけて、激しく議論する政治家と解く。その心は『どちらも「たいりゅう」（滞留と対立）でしょう。』,
,完全な同音異義語型,発生する線状降水帯,強い雨を降らせる,ふらす,降らす（雨を）,振らす（手を）,見送りの人,発生する線状降水帯とかけて、見送りの人と解く。その心は『どちらも「ふらす」でしょう。』,
,多義語型,発生する線状降水帯,大量の水が流れ出し、河川が溢れる,はんらん,氾濫（河川が）,氾濫（情報が）,SNSの情報過多,発生する線状降水帯とかけて、SNSの情報過多と解く。その心は『どちらも「氾濫」するでしょう。』,
,多義語型,発生する線状降水帯,特定の地域に豪雨が集中する,しゅうちゅう,集中（豪雨が）,集中（勉強や仕事に）,試験勉強中の学生,発生する線状降水帯とかけて、試験勉強中の学生と解く。その心は『どちらも「集中」するでしょう。』,
,フレーズ・慣用句型,発生する線状降水帯,豪雨で家や道路が水浸しになる,みずびたしになる,水浸しになる（物理的に）,水浸しになる（汗などで比喩的に）,夏の炎天下で働く職人,発生する線状降水帯とかけて、夏の炎天下で働く職人と解く。その心は『どちらも「水浸しになる」でしょう。』,
,フレーズ・慣用句型,発生する線状降水帯,雨雲が同じ場所にとどまり、停滞する,いすわる,居座る（雨雲が）,居座る（長居する、辞めない）,なかなか帰らない居候,発生する線状降水帯とかけて、なかなか帰らない居候と解く。その心は『どちらも「居座る」でしょう。』,
,完全な同音異義語型,昇る中秋の名月,鑑賞の「対象」、空に「昇る」。,たいしょう,対象,大将,寿司屋の店主,昇る中秋の名月とかけて、寿司屋の店主と解く。その心は『どちらも「大将」（たいしょう）でしょう』,
,完全な同音異義語型,昇る中秋の名月,空に「昇り」、人々から注目される。,のぼり,昇り,幟,お祭り会場,昇る中秋の名月とかけて、お祭り会場と解く。その心は『どちらも「幟」（のぼり）が見られるでしょう』,
,多義語型,昇る中秋の名月,暗闇を「照らす」、その存在自体が「光」である。,てらす,照らす（光を当てる）,照らす（真実や問題点を明らかにする）,事件の真相を解明する探偵,昇る中秋の名月とかけて、事件の真相を解明する探偵と解く。その心は『どちらも闇を「照らす」でしょう』,
,多義語型,昇る中秋の名月,夜空に「浮かぶ」、鑑賞者の心を魅了する。,うかぶ,浮かぶ（空中に漂う、現れる）,浮かぶ（アイデアや感情が現れる）,良い知らせを聞いた人,昇る中秋の名月とかけて、良い知らせを聞いた人と解く。その心は『どちらも笑顔が「浮かぶ」でしょう』,
,フレーズ・慣用句型,昇る中秋の名月,時には「雲に隠れる」ことがある、見え隠れする。,くもに かくれる,雲に隠れる（月が雲で見えなくなる）,雲に隠れる（正体や行方を隠す）,秘密主義の人物,昇る中秋の名月とかけて、秘密主義の人物と解く。その心は『どちらも「雲に隠れる」ことがあるでしょう』,
,フレーズ・慣用句型,昇る中秋の名月,人々が「見上げて」鑑賞する、心を惹きつける。,みあげる,見上げる（上の方を見る）,見上げる（尊敬する、感嘆する）,素晴らしい功績を上げた人,昇る中秋の名月とかけて、素晴らしい功績を上げた人と解く。その心は『どちらも「見上げる」存在でしょう』,
,完全な同音異義語型,訪れる冬の小春日和,太陽の陽差しが暖かく心地よい状態,ひ,陽 (暖かい日差し),火 (燃える炎),キャンプファイヤー,訪れる冬の小春日和とかけて、キャンプファイヤーと解く。その心は『どちらも「陽（ひ）」があるでしょう。』,
,完全な同音異義語型,訪れる冬の小春日和,厳しい冬の間に一時的に訪れる、短い期間の穏やかな暖かさ,とき,時 (束の間の時間),鴇 (鳥の名前),日本の空を舞う天然記念物の鳥,訪れる冬の小春日和とかけて、日本の空を舞う天然記念物の鳥と解く。その心は『どちらも「時（トキ）」があるでしょう。』,
,多義語型,訪れる冬の小春日和,冬にもかかわらず、暖かく穏やかな陽気であること,ようき,陽気 (天候や季節の様子、暖かい気候),陽気 (明るく活発な気分や性格),常に笑いが絶えない人気者,訪れる冬の小春日和とかけて、常に笑いが絶えない人気者と解く。その心は『どちらも「陽気（ようき）」でしょう。』,
,多義語型,訪れる冬の小春日和,冬の曇り空の合間に、一時的に現れる晴天で暖かな日差し,はれま,晴れ間 (曇天の合間の晴れた時間),晴れ間 (困難な状況の中の一時的な好転),長期にわたる不況からの回復の兆し,訪れる冬の小春日和とかけて、長期にわたる不況からの回復の兆しと解く。その心は『どちらも「晴れ間（はれま）」でしょう。』,
,フレーズ・慣用句型,訪れる冬の小春日和,厳しい冬の寒さの中で、じんわりと心身に染み渡るような暖かさ,みにしみる,身に染みる (暖かさが身体に深く感じられる),身に染みる (教訓などが心に深く感じられる),恩師からの心温まる助言,訪れる冬の小春日和とかけて、恩師からの心温まる助言と解く。その心は『どちらも「身に染みる」でしょう。』,
,フレーズ・慣用句型,訪れる冬の小春日和,冬の寒さの中で、太陽が顔を出し、暖かい日差しが降り注ぐ様子,かおをだす,顔を出す (太陽が雲間から現れる),顔を出す (会合などに参加する、姿を見せる),久しぶりに参加する同窓会,訪れる冬の小春日和とかけて、久しぶりに参加する同窓会と解く。その心は『どちらも「顔を出す」でしょう。』,
,完全な同音異義語型,発生する春一番の強風,物理的に物を押しやり、位置を変える,うごかす,動かす,動かす,新規事業の立ち上げを担うリーダー,発生する春一番の強風とかけて、新規事業の立ち上げを担うリーダーと解く。その心は「どちらも『物事を動かす』でしょう。」,
,完全な同音異義語型,発生する春一番の強風,天候が荒れ模様になる,あれる,荒れる,荒れる,冬の乾燥で肌がカサカサになった人,発生する春一番の強風とかけて、冬の乾燥で肌がカサカサになった人と解く。その心は「どちらも『荒れる』でしょう。」,
,多義語型,発生する春一番の強風,季節の到来や変化を知らせる,つげる,告げる,告げる,思い切って好きな人に告白した人,発生する春一番の強風とかけて、思い切って好きな人に告白した人と解く。その心は「どちらも『告げる』でしょう。」,
,多義語型,発生する春一番の強風,猛烈な勢いで吹き乱れる,あばれる,暴れる,暴れる,動物園の檻の中で興奮したライオン,発生する春一番の強風とかけて、動物園の檻の中で興奮したライオンと解く。その心は「どちらも『暴れる』でしょう。」,
,フレーズ・慣用句型,発生する春一番の強風,物が風に煽られて空高く上がる,まいあがる,舞い上がる,舞い上がる,宝くじが当たって有頂天になっている人,発生する春一番の強風とかけて、宝くじが当たって有頂天になっている人と解く。その心は「どちらも『舞い上がる』でしょう。」,
,フレーズ・慣用句型,発生する春一番の強風,特定の場所を通過して去っていく,とおりすぎる,通り過ぎる,通り過ぎる,若者の間で一時的に流行して、すぐに廃れてしまったファッション,発生する春一番の強風とかけて、若者の間で一時的に流行してすぐに廃れてしまったファッションと解く。その心は「どちらも『通り過ぎる』でしょう。」,
,完全な同音異義語型,落ちる夏の雷,空から地上へ移動し、地表に到達する物理的な動き,おちる,落ちる（雷が地上に落下する）,落ちる（試験に失敗する）,受験生,落ちる夏の雷とかけて、受験生と解く。その心は『どちらも落ちるでしょう』,
,完全な同音異義語型,落ちる夏の雷,空中で大きな音を発する現象,なる,鳴る（雷鳴が響き渡る）,成る（実が熟して成る）,果樹園の木,落ちる夏の雷とかけて、果樹園の木と解く。その心は『どちらも鳴る（成る）でしょう』,
,多義語型,落ちる夏の雷,大きな音や光で周囲にその存在を知らせる,とどろく,轟く（雷鳴が広範囲に響き渡る）,轟く（名声が広く知れ渡る）,歴史に名を残す偉人,落ちる夏の雷とかけて、歴史に名を残す偉人と解く。その心は『どちらも轟くでしょう』,
,多義語型,落ちる夏の雷,稲妻が暗闇の中で視覚的に輝く,ひかる,光る（稲妻が閃光を放つ）,光る（才能やセンスが際立つ）,才能豊かな若手アーティスト,落ちる夏の雷とかけて、才能豊かな若手アーティストと解く。その心は『どちらも光るでしょう』,
,フレーズ・慣用句型,落ちる夏の雷,天候が急変する前の不穏な空の様子,くもゆきがあやしい,雲行きが怪しい（雷雨の前触れである）,雲行きが怪しい（事態の成り行きが不穏である）,危うい局面を迎えた企業の経営,落ちる夏の雷とかけて、危うい局面を迎えた企業の経営と解く。その心は『どちらも雲行きが怪しいでしょう』,
,フレーズ・慣用句型,落ちる夏の雷,その現象が持つ圧倒的な力やエネルギー,ちからづよい,力強い（雷の勢いや破壊力が強い）,力強い（表現やメッセージに迫力がある）,人々の心を揺さぶる政治家の演説,落ちる夏の雷とかけて、人々の心を揺さぶる政治家の演説と解く。その心は『どちらも力強いでしょう』,
,完全な同音異義語型,立つ冬の霜柱,地面から持ち上がって立つ、形成される,たつ,立つ,建つ,新しい家,立つ冬の霜柱とかけて、新しい家と解く。その心は『どちらも建つ』でしょう。,
,完全な同音異義語型,立つ冬の霜柱,水が冷えて硬くなる、形作られる,かたまる,固まる,まとまる（意見などが）,議論の末に合意した意見,立つ冬の霜柱とかけて、議論の末に合意した意見と解く。その心は『どちらも固まる』でしょう。,
,多義語型,立つ冬の霜柱,地面を押し上げる物理的な力,ちから,力,力（才能や能力）,大舞台で実力を発揮する選手,立つ冬の霜柱とかけて、大舞台で実力を発揮する選手と解く。その心は『どちらも力が試される』でしょう。,
,多義語型,立つ冬の霜柱,日中の気温上昇で形がなくなる,とける,溶ける,解ける（謎や問題が）,難解なミステリー小説の謎,立つ冬の霜柱とかけて、難解なミステリー小説の謎と解く。その心は『どちらも時間が経つと解ける』でしょう。,
,フレーズ・慣用句型,立つ冬の霜柱,足で踏むと簡単に壊れる性質,もろい,脆い,心が脆い（打たれ弱い）,ちょっとしたことで落ち込む人,立つ冬の霜柱とかけて、ちょっとしたことで落ち込む人と解く。その心は『どちらも脆い』でしょう。,
,フレーズ・慣用句型,立つ冬の霜柱,地面の表面が盛り上がる様子,もりあがる,盛り上がる,場が盛り上がる（雰囲気が高まる）,イベントを成功させる企画担当者,立つ冬の霜柱とかけて、イベントを成功させる企画担当者と解く。その心は『どちらも場を盛り上げる』でしょう。,
,完全な同音異義語型,光る初夏のホタル,体内で光を生成し放出する,はっこう,発光,発酵,ぬか漬け,光る初夏のホタルとかけて、ぬか漬けと解く。その心は「どちらも『はっこう』するでしょう。」,
,完全な同音異義語型,光る初夏のホタル,水辺で群れをなして飛ぶ,むれる,群れる,蒸れる,梅雨時のブーツの中,光る初夏のホタルとかけて、梅雨時のブーツの中と解く。その心は「どちらも『むれる』でしょう。」,
,多義語型,光る初夏のホタル,夢のように美しい光景を作り出す,げんそうてき,幻想的（夢幻的な美しさ）,幻想的（非現実的、架空の世界）,SF映画の世界,光る初夏のホタルとかけて、SF映画の世界と解く。その心は「どちらも『幻想的』でしょう。」,
,多義語型,光る初夏のホタル,命や光が短く、すぐに消え去る,はかない,儚い（寿命や存在が短い）,儚い（望みや期待が実現しにくい）,宝くじに一攫千金を夢見る人,光る初夏のホタルとかけて、宝くじに一攫千金を夢見る人と解く。その心は「どちらも『儚い』でしょう。」,
,フレーズ・慣用句型,光る初夏のホタル,夜の闇の中で光を放ち景色を美しく見せる,よるをいろどる,夜を彩る（夜の情景を美しく飾る）,夜を彩る（夜の街の活動や光で賑わいを出す）,都会のネオン街,光る初夏のホタルとかけて、都会のネオン街と解く。その心は「どちらも『夜を彩る』でしょう。」,
,フレーズ・慣用句型,光る初夏のホタル,短い期間だけ見られる現象、その短い命,つかのまのよろこび,束の間の喜び（短い期間だけ味わえる楽しみ）,束の間の喜び（一時的な幸福感や満足）,お小遣いを貰ったばかりの子供,光る初夏のホタルとかけて、お小遣いを貰ったばかりの子供と解く。その心は「どちらも『束の間の喜び』でしょう。」,
,完全な同音異義語型,流れる七夕の天の川,星々が輝く様子,きらめく,煌めく,閃く,素晴らしいアイデアを思いついた発明家,「流れる七夕の天の川」とかけて、「素晴らしいアイデアを思いついた発明家」と解く。その心は「どちらも『きらめく』でしょう。」,
,完全な同音異義語型,流れる七夕の天の川,織姫と彦星が再会する,あう,会う,合う,パズルの最後のピース,「流れる七夕の天の川」とかけて、「パズルの最後のピース」と解く。その心は「どちらも『あう』でしょう。」,
,多義語型,流れる七夕の天の川,無数の星が密集している状態,あつまっている,集まっている,集まっている,夏休みの宿題に追われる小学生,「流れる七夕の天の川」とかけて、「夏休みの宿題に追われる小学生」と解く。その心は「どちらも『集まっている』でしょう。」,
,多義語型,流れる七夕の天の川,織姫と彦星が遠く隔たっている状態,はなれている,離れている,離れている,やっと子離れができた親鳥,「流れる七夕の天の川」とかけて、「やっと子離れができた親鳥」と解く。その心は「どちらも『離れている』でしょう。」,
,フレーズ・慣用句型,流れる七夕の天の川,願いを込めて短冊を飾る行為,ねがいをかける,願いを掛ける,願いを掛ける,神頼みで宝くじを買う人,「流れる七夕の天の川」とかけて、「神頼みで宝くじを買う人」と解く。その心は「どちらも『願いを掛ける』でしょう。」,
,フレーズ・慣用句型,流れる七夕の天の川,物語や伝説が生まれる場所,ものがたりがある,物語がある,物語がある,長い歴史を持つ古民家,「流れる七夕の天の川」とかけて、「長い歴史を持つ古民家」と解く。その心は「どちらも『物語がある』でしょう。」,
,完全な同音異義語型,発生する秋雨前線,前線が新たに生じ、現れること,はっせい,発生 (物事が起こり現れること),発声 (声を出すこと),歌手,発生する秋雨前線とかけて、歌手と解く。その心は「どちらも『発声』するでしょう。」,
,完全な同音異義語型,発生する秋雨前線,雨が大地や作物を潤わせる,うるおす,潤す (水気を与えて湿らせる),潤す (経済的に豊かにする、利益を与える),商売繁盛の店主,発生する秋雨前線とかけて、商売繁盛の店主と解く。その心は「どちらも『潤す』でしょう。」,
,多義語型,発生する秋雨前線,前線が動きを止め、その場に留まること,ていたい,停滞 (気象で前線が動かず留まる状態),停滞 (経済活動や仕事が滞り、進まなくなること),不況の経済,発生する秋雨前線とかけて、不況の経済と解く。その心は「どちらも『停滞』するでしょう。」,
,多義語型,発生する秋雨前線,良い天気が悪くなること,くずれる,崩れる (天候が悪化すること),崩れる (体調が悪くなる、物事のバランスが失われること),体調を崩した人,発生する秋雨前線とかけて、体調を崩した人と解く。その心は「どちらも『崩れる』でしょう。」,
,フレーズ・慣用句型,発生する秋雨前線,その場に長く留まり、容易に動かないこと,いすわる,居座る (気象現象がその場に長く留まる),居座る (その場に長々と留まり続けること),なかなか帰らない客,発生する秋雨前線とかけて、なかなか帰らない客と解く。その心は「どちらも『居座る』でしょう。」,
,フレーズ・慣用句型,発生する秋雨前線,雨が静かに降り続く様子,しとしと,しとしと (雨が静かに降る様),しとしと (涙が静かに流れる様),悲しい映画を見る人,発生する秋雨前線とかけて、悲しい映画を見る人と解く。その心は「どちらも『しとしと』でしょう。」,
,完全な同音異義語型,枯れる秋のススキ,色や鮮やかさが失われる、生命力がなくなる,いろあせる,色褪せる,色褪せる,古い写真や昔の記憶,「枯れる秋のススキ」とかけて、「古い写真や昔の記憶」と解く。その心は『どちらも「色褪せる」』でしょう。,
,多義語型,枯れる秋のススキ,成長が止まり、活動を終える時期,おわりをむかえる,終わりを迎える,終わりを迎える,長年連れ添った夫婦の人生,「枯れる秋のススキ」とかけて、「長年連れ添った夫婦の人生」と解く。その心は『どちらも「終わりを迎える」』でしょう。,
,フレーズ・慣用句型,枯れる秋のススキ,風に吹かれて寂しげに揺れる情景,ものさびしい,物寂しい,物寂しい,友人が旅立って一人になった部屋,「枯れる秋のススキ」とかけて、「友人が旅立って一人になった部屋」と解く。その心は『どちらも「物寂しい」』でしょう。,
,完全な同音異義語型,枯れる秋のススキ,水分が失われ、植物の生命が終わる,かれる,枯れる,枯れる,声援を送って喉を酷使した応援団長,「枯れる秋のススキ」とかけて、「声援を送って喉を酷使した応援団長」と解く。その心は『どちらも「枯れる」』でしょう。,
,多義語型,枯れる秋のススキ,風で穂が前後左右に動く,ゆれる,揺れる,揺れる,なかなか決断できない人の心境,「枯れる秋のススキ」とかけて、「なかなか決断できない人の心境」と解く。その心は『どちらも「揺れる」』でしょう。,
,フレーズ・慣用句型,枯れる秋のススキ,目立たず、ひっそりと佇む様子,ひっそりとしている,ひっそりとしている,ひっそりとしている,人知れず地道に努力を続ける職人,「枯れる秋のススキ」とかけて、「人知れず地道に努力を続ける職人」と解く。その心は『どちらも「ひっそりとしている」』でしょう。,
,完全な同音異義語型,開く早春の梅の花,花びらが徐々に広がり、春の訪れを告げる様子,ひらく,開く（花びらが）,拓く（新しい道を切り拓く）,新しい事業を始める起業家,「開く早春の梅の花」とかけて、「新しい事業を始める起業家」と解く。その心は「どちらも『未来を拓く』でしょう。」,
,多義語型,開く早春の梅の花,硬かった蕾が膨らみ、少しずつ花びらを見せる様子,ほころぶ,綻ぶ（蕾が）,ほころぶ（笑顔が）,孫に会って喜ぶおじいさん,「開く早春の梅の花」とかけて、「孫に会って喜ぶおじいさん」と解く。その心は「どちらも『顔がほころぶ』でしょう。」,
,フレーズ・慣用句型,開く早春の梅の花,冬の寒さの中、いち早く咲いて春の到来を知らせる機能,はるをつげる,春を告げる（季節の到来）,春を告げる（新しい時代の始まり）,時代の転換期を予感させる出来事,「開く早春の梅の花」とかけて、「時代の転換期を予感させる出来事」と解く。その心は「どちらも『春を告げる』でしょう。」,
,完全な同音異義語型,開く早春の梅の花,芳醇で甘やかな香りが周囲に満ちる感覚,かおる,香る（花の匂い）,醸る（酒や味噌を熟成させる）,美味しい日本酒を造る杜氏,「開く早春の梅の花」とかけて、「美味しい日本酒を造る杜氏」と解く。その心は「どちらも『良い香（かお）りが醸（かお）る』でしょう。」,
,多義語型,開く早春の梅の花,厳しい冬の期間を乗り越えて開花する生命力,こえる,越える（冬を乗り越える）,肥える（土地が豊かになる）,栄養豊かな畑,「開く早春の梅の花」とかけて、「栄養豊かな畑」と解く。その心は「どちらも『（土壌が）肥（こ）える』でしょう。」,
,フレーズ・慣用句型,開く早春の梅の花,他の花に先駆けて、いち早く春に開花する様子,いちばんのり,一番乗り（季節の）,一番乗り（競争や戦いで）,新製品の販売で最初に売上を達成した営業マン,「開く早春の梅の花」とかけて、「新製品の販売で最初に売上を達成した営業マン」と解く。その心は「どちらも『一番乗り』でしょう。」,
,完全な同音異義語型,発生するエルニーニョ現象,海水温が上昇し、気候変動の影響を増大させる。,じょうしょう,海水温が「上昇」する,株価が「上昇」する,株価が上がって喜ぶ投資家,発生するエルニーニョ現象とかけて、株価が上がって喜ぶ投資家と解く。その心は『どちらも「上昇」する』でしょう。,
,多義語型,発生するエルニーニョ現象,広範囲な地域に影響が「及ぶ」。,およぶ,気象に「及ぶ」影響,目標に「及ぶ」ような実力,スポーツでライバルに追いつこうとする選手,発生するエルニーニョ現象とかけて、スポーツでライバルに追いつこうとする選手と解く。その心は『どちらも「及ぶ」』でしょう。,
,フレーズ・慣用句型,発生するエルニーニョ現象,大規模な気象異変が「やってくる」と予測される。,やってくる,気象変動が「やってくる」,遠くから「やってくる」来客,久しぶりに実家に帰省する子供,発生するエルニーニョ現象とかけて、久しぶりに実家に帰省する子供と解く。その心は『どちらも「やってくる」』でしょう。,
,完全な同音異義語型,発生するエルニーニョ現象,東太平洋の海水が「熱い」状態になる。,あつい,海水が「熱い」,ページが「厚い」,図書館で百科事典を借りていく人,発生するエルニーニョ現象とかけて、図書館で百科事典を借りていく人と解く。その心は『どちらも「熱い（厚い）」』でしょう。,
,多義語型,発生するエルニーニョ現象,気象予測を「外す」と被害が拡大する恐れがある。,はずす,予測を「外す」,ボタンを「外す」,服を着替える人,発生するエルニーニョ現象とかけて、服を着替える人と解く。その心は『どちらも「外す」』でしょう。,
,フレーズ・慣用句型,発生するエルニーニョ現象,世界の気象パターンに「影響を与える」。,えいきょうをあたえる,気象に「影響を与える」,若者に「影響を与える」,カリスマ的なインフルエンサー,発生するエルニーニョ現象とかけて、カリスマ的なインフルエンサーと解く。その心は『どちらも「影響を与える」』でしょう。,
,多義語型,狂う異常気象の四季,季節の秩序が失われ、気候が不安定な状態,ふあんてい,不安定 (気象が安定せず、変化が激しいこと),不安定 (精神状態や経営状態などが安定しないこと),経営危機に瀕した中小企業の社長,「狂う異常気象の四季」とかけて、「経営危機に瀕した中小企業の社長」と解く。その心は「どちらも『不安定』でしょう。」,
,完全な同音異義語型,狂う異常気象の四季,季節が本来のサイクルから逸脱し、無秩序になる,くるう,狂う (季節が本来の周期から外れること),繰る (本のページをめくる、糸をたぐる),昔話の読み聞かせをしている祖父母,「狂う異常気象の四季」とかけて、「昔話の読み聞かせをしている祖父母」と解く。その心は「どちらも『繰る』でしょう。」,
,フレーズ・慣用句型,狂う異常気象の四季,季節の移り変わりに関するこれまでの常識が通用しなくなる,じょうしきがくつがえる,常識が覆る (季節のパターンや現象の常識が通用しなくなる),常識が覆る (一般的に信じられていたことが、実は誤りであったと判明する),長年信じられてきた学説が、新たな発見によって否定された瞬間,「狂う異常気象の四季」とかけて、「長年信じられてきた学説が、新たな発見によって否定された瞬間」と解く。その心は「どちらも『常識が覆る』でしょう。」,
,完全な同音異義語型,狂う異常気象の四季,異常な天候が続き、予測できない気象状態,てんこう,天候 (異常な気象の状態),転向 (思想や進路を変えること),政治家が突然、これまでの主義主張を180度変えること,「狂う異常気象の四季」とかけて、「政治家が突然、これまでの主義主張を180度変えること」と解く。その心は「どちらも『転向』でしょう。」,
,多義語型,狂う異常気象の四季,季節ごとの気候が極端に偏る、バランスが崩れる,かたよる,偏る (異常気象で、ある時期に極端な天候に偏ること),偏る (特定の意見や考え、食生活などに傾くこと),好き嫌いが多く、いつも同じものばかり食べている子ども,「狂う異常気象の四季」とかけて、「好き嫌いが多く、いつも同じものばかり食べている子ども」と解く。その心は「どちらも『偏る』でしょう。」,
,フレーズ・慣用句型,狂う異常気象の四季,本来の季節では考えられない現象が起こる,きせつはずれ,季節外れ (本来の季節にはありえない気象現象),季節外れ (時期に合わない行動や服装),真冬に半袖で花火大会に行こうとする若者,「狂う異常気象の四季」とかけて、「真冬に半袖で花火大会に行こうとする若者」と解く。その心は「どちらも『季節外れ』でしょう。」,
,完全な同音異義語型,降る夏の通り雨,突然、激しく「降り出す」,ふりだす,降り出す (雨が降り始める),振り出す (手形や小切手を「振り出す」),銀行で小切手を発行する人,「降る夏の通り雨」とかけて、「銀行で小切手を発行する人」と解く。その心は「どちらも『振り出す』でしょう。」,
,多義語型,降る夏の通り雨,突然「来る」,くる,来る (雨が「来る」),来る (突然の訪問者が「来る」),遠く離れた場所から急に訪れた親戚,「降る夏の通り雨」とかけて、「遠く離れた場所から急に訪れた親戚」と解く。その心は「どちらも『来る』でしょう。」,
,フレーズ・慣用句型,降る夏の通り雨,予測しづらく「読めない」,よめない,読めない (天候が「読めない」),空気が読めない (状況を察することができない),周りの状況を全く理解できない人,「降る夏の通り雨」とかけて、「周りの状況を全く理解できない人」と解く。その心は「どちらも『読めない』でしょう。」,
,完全な同音異義語型,降る夏の通り雨,雨上がりに雲の合間から日が「差す」,さす,差す (日が「差す」),刺す (針を「刺す」),裁縫が得意な職人,「降る夏の通り雨」とかけて、「裁縫が得意な職人」と解く。その心は「どちらも『差す』でしょう。」,
,多義語型,降る夏の通り雨,地面を「濡らす」,ぬらす,濡らす (雨が地面を「濡らす」),濡らす (悲しみで涙に「濡らす」),悲しい物語を聞いて感動している人,「降る夏の通り雨」とかけて、「悲しい物語を聞いて感動している人」と解く。その心は「どちらも『濡らす』でしょう。」,
,フレーズ・慣用句型,降る夏の通り雨,地上の汚れを「洗い流す」,あらいながす,洗い流す (雨が汚れを「洗い流す」),悪い過去を「洗い流す」 (過ちを清算する),過去の過ちから立ち直り、新たな人生を歩もうとする人,「降る夏の通り雨」とかけて、「過去の過ちから立ち直り、新たな人生を歩もうとする人」と解く。その心は「どちらも『洗い流す』でしょう。」,
,完全な同音異義語型,発生する夏の夕立,天気が急に変わること,きゅうへん,急変（する天候）,急便（を届ける）,荷物を急いで届ける配達員,発生する夏の夕立とかけて、荷物を急いで届ける配達員と解く。その心は「どちらも急変（急便）でしょう」,
,完全な同音異義語型,発生する夏の夕立,雨が降ること、水が供給されること,こうすい,降水（量）,香水（をつける）,良い香りの液体を身につける人,発生する夏の夕立とかけて、良い香りの液体を身につける人と解く。その心は「どちらも降水（香水）でしょう」,
,多義語型,発生する夏の夕立,短時間で大量の水が地面に溜まること,あふれる,溢れる（水が）,溢れる（才能が）,豊かな才能を持つ若手アーティスト,発生する夏の夕立とかけて、豊かな才能を持つ若手アーティストと解く。その心は「どちらも溢れるでしょう」,
,多義語型,発生する夏の夕立,雷の音が空に響くこと,なる,鳴る（雷が）,成る（夢が）,長年の努力で夢を実現した成功者,発生する夏の夕立とかけて、長年の努力で夢を実現した成功者と解く。その心は「どちらも鳴る（成る）でしょう」,
,フレーズ・慣用句型,発生する夏の夕立,天候が急激に変化し、状況が不安定であること,よだんをゆるさない,予断を許さない（天候）,予断を許さない（病状や事態）,重篤な病状の患者,発生する夏の夕立とかけて、重篤な病状の患者と解く。その心は「どちらも予断を許さないでしょう」,
,フレーズ・慣用句型,発生する夏の夕立,一気に現れ、すぐに跡形もなく去っていく様子,さっときえる,さっと消える（雨脚が）,さっと消える（人の気配が）,観客を魅了する不思議なマジシャン,発生する夏の夕立とかけて、観客を魅了する不思議なマジシャンと解く。その心は「どちらもさっと消えるでしょう」,
,完全な同音異義語型,訪れる暦の上の立冬,冬という季節の始まり、その時期になること,たつ,冬が立つ,飛行機が発つ,海外へ飛び立つ飛行機,訪れる暦の上の立冬とかけて、海外へ飛び立つ飛行機と解く。その心は『どちらも「たつ」でしょう』。,
,多義語型,訪れる暦の上の立冬,気温が下がり、寒くなること,ひえこみ,気温の冷え込み,経済の冷え込み,不景気な世の中,訪れる暦の上の立冬とかけて、不景気な世の中と解く。その心は『どちらも「冷え込みます」でしょう』。,
,フレーズ・慣用句型,訪れる暦の上の立冬,冬という季節の最初の段階、始まり,いりぐち,冬の入り口,話の入り口,なかなか本題に入らない会議,訪れる暦の上の立冬とかけて、なかなか本題に入らない会議と解く。その心は『どちらも「入り口」でしょう』。,
,完全な同音異義語型,訪れる暦の上の立冬,寒くなり、暖かさを求めるようになる状態,ふゆ,冬,不要（いらないもの）,ごちゃごちゃした物で溢れる部屋,訪れる暦の上の立冬とかけて、ごちゃごちゃした物で溢れる部屋と解く。その心は『どちらも「ふゆ（不要）なもの」があるでしょう』。,
,多義語型,訪れる暦の上の立冬,寒さ対策として暖かさを確保しようとする行為,とる,暖を摂る,食事を摂る,お腹を空かせた人,訪れる暦の上の立冬とかけて、お腹を空かせた人と解く。その心は『どちらも「暖や食事を摂る」でしょう』。,
,フレーズ・慣用句型,訪れる暦の上の立冬,冬という季節の到来を示す前触れ、兆候,きざしがみえる,冬の兆しが見える,回復の兆しが見える,病気が快方に向かう患者,訪れる暦の上の立冬とかけて、病気が快方に向かう患者と解く。その心は『どちらも「兆しが見える」でしょう』。,
,多義語型,重い春の五月病,やる気が出ない、気分が沈む,きもちがおもい,気持ちが重い,荷物が重い,引っ越し作業,「重い春の五月病」とかけて、「引っ越し作業」と解く。その心は『どちらも「気持ちが重い」でしょう。』,
,多義語型,重い春の五月病,何も手につかない、動けない,うごけない,動けない（精神的に）,動けない（物理的に）,氷漬けになったマンモス,「重い春の五月病」とかけて、「氷漬けになったマンモス」と解く。その心は『どちらも「動けない」でしょう。』,
,フレーズ・慣用句型,重い春の五月病,新しい環境に慣れない、精神的な負担,みずになじめない,水に馴染めない（環境に馴染めない）,水に馴染めない（物理的に混ざらない）,油,「重い春の五月病」とかけて、「油」と解く。その心は『どちらも「水に馴染めない」でしょう。』,
,フレーズ・慣用句型,重い春の五月病,なかなかやる気が出ない、行動に移せない,こしがあがらない,腰が上がらない（行動に移せない）,腰が上がらない（物理的に立てない）,ぎっくり腰を患った人,「重い春の五月病」とかけて、「ぎっくり腰を患った人」と解く。その心は『どちらも「腰が上がらない」でしょう。』,
,完全な同音異義語型,重い春の五月病,だるくて身体がだれる、やる気が出ない,けだるい,気だるい,毛だるい,抜け毛で寂しくなった動物,「重い春の五月病」とかけて、「抜け毛で寂しくなった動物」と解く。その心は『どちらも「気だるい（毛だるい）」でしょう。』,
,完全な同音異義語型,重い春の五月病,集中できない、考えがまとまらない、頭が働かない,とまってしまう,止まってしまう（思考が）,泊まってしまう（宿に）,旅先のホテル,「重い春の五月病」とかけて、「旅先のホテル」と解く。その心は『どちらも「止まってしまう（泊まってしまう）」でしょう。』,
,完全な同音異義語型,苦い夏の失恋の思い出,恋が終わり、感情が去っていく様子。夏の季節の終わり。,さる,恋が「去る」、夏が「去る」,動物の「猿」,動物園の人気者,「苦い夏の失恋の思い出」とかけて、「動物園の人気者」と解く。その心は「どちらも『さる』でしょう。」,
,完全な同音異義語型,苦い夏の失恋の思い出,恋心や情熱が冷えていく状態。熱い夏との対比。,さめ,恋心が「冷める」,魚の「鮫」,深海を泳ぐ巨大な肉食魚,「苦い夏の失恋の思い出」とかけて、「深海を泳ぐ巨大な肉食魚」と解く。その心は「どちらも『さめ』でしょう。」,
,多義語型,苦い夏の失恋の思い出,心が深く傷つき、痛みを伴う状態。,きずつく,心が「傷つく」,表面が物理的に「傷つく」,研磨作業を終えたばかりの金属製品,「苦い夏の失恋の思い出」とかけて、「研磨作業を終えたばかりの金属製品」と解く。その心は「どちらも『きずつく』でしょう。」,
,多義語型,苦い夏の失恋の思い出,過去の出来事が記憶に残り、心から消えない状態。,のこる,記憶に「残る」、心に「残る」,食べ物が「残る」、物資が「残る」,大皿料理の会食後,「苦い夏の失恋の思い出」とかけて、「大皿料理の会食後」と解く。その心は「どちらも『のこる』でしょう。」,
,フレーズ・慣用句型,苦い夏の失恋の思い出,心に深く刻まれ、意識的に排除しようとしてもできない記憶。,わすれられない,記憶として「忘れられない」,行動として「忘れられない」（義務や習慣で）,毎日決まった時間に郵便物を配達する配達員,「苦い夏の失恋の思い出」とかけて、「毎日決まった時間に郵便物を配達する配達員」と解く。その心は「どちらも『忘れられない』でしょう。」,
,フレーズ・慣用句型,苦い夏の失恋の思い出,季節としての夏と、特定の関係や状況の終焉。,なつのおわり,恋の季節、関係の「夏の終わり」,暦やイベントの「夏の終わり」,夏の高校野球の決勝戦が終わった瞬間,「苦い夏の失恋の思い出」とかけて、「夏の高校野球の決勝戦が終わった瞬間」と解く。その心は「どちらも『夏の終わり』でしょう。」,
,完全な同音異義語型,痛い真冬の孤独感,寒さや寂しさが身に堪える、痛みに耐える,こたえる,堪える（寒さや孤独が身に堪える、痛みに耐える）,応える（質問や期待に応じる）,質問に丁寧に答える生徒,痛い真冬の孤独感とかけて、質問に丁寧に答える生徒と解く。その心は『どちらもこたえる』でしょう。,
,完全な同音異義語型,痛い真冬の孤独感,寒さや寂しさが心に深く染み渡る,しみる,染みる（寒さや痛みが体に染みる、心に深く感じられる）,沁みる（味が食材に深く入り込む）,味がよく沁みた煮物,痛い真冬の孤独感とかけて、味がよく沁みた煮物と解く。その心は『どちらもしみる』でしょう。,
,多義語型,痛い真冬の孤独感,身体や心が冷たくなる、感情が冷める,ひえる,冷える（身体や心が冷たくなる、熱がなくなる）,冷える（冷蔵庫などで物理的に冷却される）,冷蔵庫でキンキンに冷やした飲み物,痛い真冬の孤独感とかけて、冷蔵庫でキンキンに冷やした飲み物と解く。その心は『どちらもひえる』でしょう。,
,多義語型,痛い真冬の孤独感,寂しさで心が固く閉ざされる、融通が利かない気持ち,かたい,堅い（心が堅く閉ざされている、厳しく融通が利かない様子）,硬い（物理的に硬度が高い）,焼きすぎてしまったクッキー,痛い真冬の孤独感とかけて、焼きすぎてしまったクッキーと解く。その心は『どちらもかたい』でしょう。,
,フレーズ・慣用句型,痛い真冬の孤独感,誰にも気持ちが伝わらない、孤立している状態,だれにもとどかない,誰にも届かない（声や思いが人に伝わらない）,誰にも届かない（物理的に手が届かない）,高い木の上に引っかかった凧,痛い真冬の孤独感とかけて、高い木の上に引っかかった凧と解く。その心は『どちらも誰にも届かない』でしょう。,
,フレーズ・慣用句型,痛い真冬の孤独感,寂しさや寒さで身が縮こまる、精神的な重圧を感じる,みがちぢむ,身が縮む（寒さや恐怖で体が小さくなる、精神的な重圧を感じる）,身が縮む（物理的に物体が収縮する）,乾燥機にかけすぎたセーター,痛い真冬の孤独感とかけて、乾燥機にかけすぎたセーターと解く。その心は『どちらも身が縮む』でしょう。,
,完全な同音異義語型,眩しい青春の夏休み,期間が終わりを迎える、惜しい気持ち,あけ,明け（夏休みが明ける）,空け（席を空ける）,満員のバス,眩しい青春の夏休みとかけて、満員のバスと解く。その心は「どちらも『明け（空け）』を待つでしょう。」,
,完全な同音異義語型,眩しい青春の夏休み,自由で束縛のない状態、開放的な雰囲気,かいほう,開放（開放的な気分）,解法（問題の解法）,難解な数学のテスト,眩しい青春の夏休みとかけて、難解な数学のテストと解く。その心は「どちらも『かいほう（開放／解法）』を求めるでしょう。」,
,多義語型,眩しい青春の夏休み,太陽の光を浴びて肌が変化する,やける,焼ける（日焼けする）,焼ける（パンが焼ける）,焼き立てのパン,眩しい青春の夏休みとかけて、焼き立てのパンと解く。その心は「どちらも『焼ける』でしょう。」,
,多義語型,眩しい青春の夏休み,光が強すぎて、視界が一時的に遮られる状態,めがくらむ,目がくらむ（眩しさで）,目がくらむ（欲に目がくらむ）,悪徳商法の詐欺師,眩しい青春の夏休みとかけて、悪徳商法の詐欺師と解く。その心は「どちらも『目がくらむ』でしょう。」,
,フレーズ・慣用句型,眩しい青春の夏休み,理想や目標を思い描き、希望に満ちた時間を過ごすこと,ゆめをみる,夢を見る（希望を抱く）,夢を見る（睡眠中に）,ぐっすり眠る赤ちゃん,眩しい青春の夏休みとかけて、ぐっすり眠る赤ちゃんと解く。その心は「どちらも『夢を見る』でしょう。」,
,フレーズ・慣用句型,眩しい青春の夏休み,時間や季節が移り変わっていくこと,すぎさる,過ぎ去る（時間が過ぎ去る）,過ぎ去る（物体が通り過ぎる）,駅を通過する特急列車,眩しい青春の夏休みとかけて、駅を通過する特急列車と解く。その心は「どちらも『過ぎ去る』でしょう。」,
,多義語型,息苦しい年末の焦燥感,年末の忙しさやプレッシャーで、心に「余裕がない」状態,よゆうがない,精神的に「余裕がない」,物理的に「余裕がない」状態,狭いケージで飼われている動物,息苦しい年末の焦燥感とかけて、狭いケージで飼われている動物と解く。その心は「どちらも『余裕がない』でしょう。」,
,完全な同音異義語型,息苦しい年末の焦燥感,年末の締め切りに「焦る」気持ち,あせる,気持ちが「焦る」,色が「褪せる」,長年使い込んだデニムのジーンズ,息苦しい年末の焦燥感とかけて、長年使い込んだデニムのジーンズと解く。その心は「どちらも『あせる（焦る/褪せる）』でしょう。」,
,フレーズ・慣用句型,息苦しい年末の焦燥感,年末の忙しさで「目が回る」ような状態,めがまわる,忙しさで「目が回る」,激しい回転で「目が回る」こと,遊園地のコーヒーカップに乗った子供,息苦しい年末の焦燥感とかけて、遊園地のコーヒーカップに乗った子供と解く。その心は「どちらも『目が回る』でしょう。」,
,多義語型,息苦しい年末の焦燥感,年末のプレッシャーで精神的に「追い込まれる」状態,おいこまれる,精神的に「追い込まれる」,物理的に「追い込まれる」状況,ハンターに山奥へ追い込まれる動物,息苦しい年末の焦燥感とかけて、ハンターに山奥へ追い込まれる動物と解く。その心は「どちらも『追い込まれる』でしょう。」,
,完全な同音異義語型,息苦しい年末の焦燥感,年末に山積みの書類や仕事の「片付け」に追われる状況,かたづけ,年末の仕事の「片付け」,野球のグラブを「型付け」する,新しい野球のグラブに魂を込める職人,息苦しい年末の焦燥感とかけて、新しい野球のグラブに魂を込める職人と解く。その心は「どちらも『かたづけ（片付け/型付け）』でしょう。」,
,フレーズ・慣用句型,息苦しい年末の焦燥感,焦燥感で心に「息抜きができない」状態,いきぬきができない,精神的に「息抜きができない」,物理的に「息抜きができない」状況,潜水艦の乗組員,息苦しい年末の焦燥感とかけて、潜水艦の乗組員と解く。その心は「どちらも『息抜きができない』でしょう。」,
,完全な同音異義語型,寒い冬の懐事情,お金が無くて困窮している状態,こまる,困る（懐事情が厳しくて生活に困る）,固まる（乾ききったセメントが固まる）,乾ききったセメント,寒い冬の懐事情とかけて、乾ききったセメントと解く。その心は「どちらも『こまる』（困る／固まる）でしょう。」,
,完全な同音異義語型,寒い冬の懐事情,お金が減る、消えていく,きえる,消える（お金が消えていく）,聞える（遠くから音が聞える）,遠くで鳴る教会の鐘の音,寒い冬の懐事情とかけて、遠くで鳴る教会の鐘の音と解く。その心は「どちらも『きえる』（お金が消える／音が聞える）でしょう。」,
,多義語型,寒い冬の懐事情,お金が足りない、厳しい,きびしい,厳しい（懐事情が厳しい）,厳しい（自然環境が厳しい）,南極大陸の自然環境,寒い冬の懐事情とかけて、南極大陸の自然環境と解く。その心は「どちらも『厳しい』でしょう。」,
,多義語型,寒い冬の懐事情,お金がなくて温まらない、冷え込んでいる,ひえこむ,冷え込む（懐事情が冷え込む）,冷え込む（気温が冷え込む）,真冬の早朝,寒い冬の懐事情とかけて、真冬の早朝と解く。その心は「どちらも『冷え込む』でしょう。」,
,フレーズ・慣用句型,寒い冬の懐事情,お金がなくて身動きが取れない,みうごきがとれない,身動きが取れない（経済的に身動きが取れない）,身動きが取れない（物理的に身動きが取れない）,満員電車の中で押しつぶされる乗客,寒い冬の懐事情とかけて、満員電車の中で押しつぶされる乗客と解く。その心は「どちらも『身動きが取れない』でしょう。」,
,フレーズ・慣用句型,寒い冬の懐事情,お金がなくて首が回らない,くびがまわらない,首が回らない（経済的に資金繰りができない）,首が回らない（物理的に首を動かせない）,寝違えて動けなくなった人,寒い冬の懐事情とかけて、寝違えて動けなくなった人と解く。その心は「どちらも『首が回らない』でしょう。」,
,完全な同音異義語型,痒い春のソワソワ感,痒くて落ち着かない、我慢できない感覚,むずむずする,むずむずする（痒みで落ち着かない）,むずむずする（期待や興奮で体が動きたがる）,舞台の出番を待つ役者,「痒い春のソワソワ感」とかけて、「舞台の出番を待つ役者」と解く。その心は「どちらも『むずむずする』でしょう。」,
,完全な同音異義語型,痒い春のソワソワ感,落ち着かない、気持ちが浮つく,うきあしだつ,浮き足立つ（ソワソワして落ち着かない）,浮き足立つ（物理的に足元が不安定になる）,土俵際で攻め込まれた力士,「痒い春のソワソワ感」とかけて、「土俵際で攻め込まれた力士」と解く。その心は「どちらも『浮き足立つ』でしょう。」,
,多義語型,痒い春のソワソワ感,心が落ち着かない、不安や期待で揺れ動く,ざわつく,ざわつく（心が落ち着かない、騒がしくなる）,ざわつく（風や人声で周囲が騒がしくなる）,大勢の人が集まる市場,「痒い春のソワソワ感」とかけて、「大勢の人が集まる市場」と解く。その心は「どちらも『ざわつく』でしょう。」,
,多義語型,痒い春のソワソワ感,気持ちが高揚する、期待で心が躍る,はずむ,弾む（心が浮き立つ、期待で胸が弾む）,弾む（ボールなどが跳ねる）,勢いよく飛び跳ねるボール,「痒い春のソワソワ感」とかけて、「勢いよく飛び跳ねるボール」と解く。その心は「どちらも『弾む』でしょう。」,
,フレーズ・慣用句型,痒い春のソワソワ感,痒みや違和感で肌が落ち着かない、心が騒ぐ,はだがさわぐ,肌が騒ぐ（痒みや違和感でソワソワする）,肌が騒ぐ（不気味さや危険を感じて心が騒めく）,幽霊屋敷を訪れた探検家,「痒い春のソワソワ感」とかけて、「幽霊屋敷を訪れた探検家」と解く。その心は「どちらも『肌が騒ぐ』でしょう。」,
,フレーズ・慣用句型,痒い春のソワソワ感,落ち着かず浮ついた気持ち,じにあしがつかない,地に足がつかない（ソワソワして落ち着かない）,地に足がつかない（物理的に浮いている状態）,スカイダイビング中の人,「痒い春のソワソワ感」とかけて、「スカイダイビング中の人」と解く。その心は「どちらも『地に足がつかない』でしょう。」,
,完全な同音異義語型,焦げるようなひと夏の恋,感情が燃え尽きて何も残らない状態,あとかたがない,跡形がない,後方がない,見渡す限りの広大な平野,焦げるようなひと夏の恋とかけて、見渡す限りの広大な平野と解く。その心は「どちらも跡形がない（後方がない）」でしょう。,
,完全な同音異義語型,焦げるようなひと夏の恋,情熱が激しく燃え上がる,もえる,燃える,萌える,春先の山々,焦げるようなひと夏の恋とかけて、春先の山々と解く。その心は「どちらも萌える（燃える）」でしょう。,
,多義語型,焦げるようなひと夏の恋,終わるのが時間的に短い,はやい,早い,速い,陸上短距離選手,焦げるようなひと夏の恋とかけて、陸上短距離選手と解く。その心は「どちらも早い（速い）」でしょう。,
,多義語型,焦げるようなひと夏の恋,期間や情熱が終わりになる,つきる,尽きる,尽きる,無人島でのサバイバル生活,焦げるようなひと夏の恋とかけて、無人島でのサバイバル生活と解く。その心は「どちらも尽きる」でしょう。,
,フレーズ・慣用句型,焦げるようなひと夏の恋,未練や影響が心に残る,あとをひく,後を引く,後を引く,やみつきになる美味しいお菓子,焦げるようなひと夏の恋とかけて、やみつきになる美味しいお菓子と解く。その心は「どちらも後を引く」でしょう。,
,フレーズ・慣用句型,焦げるようなひと夏の恋,情熱が最高潮に達し、全てを使い果たす,もえつきる,燃え尽きる,燃え尽きる,短い時間の線香花火,焦げるようなひと夏の恋とかけて、短い時間の線香花火と解く。その心は「どちらも燃え尽きる」でしょう。,
,多義語型,痛いクリスマスの黒歴史,精神的な失敗や恥ずかしい記憶、ダメージを受ける状態,きずつく,傷つく（心がダメージを受ける）,傷つく（物理的に破損する）,落としてしまったガラス製品,「痛いクリスマスの黒歴史」とかけて、「落としてしまったガラス製品」と解く。その心は「どちらも『傷つく』でしょう。」,
,フレーズ・慣用句型,痛いクリスマスの黒歴史,過去の出来事が長く影響を残し、後悔が続く状態,あとをひく,後を引く（悪影響や記憶が長く残る）,後を引く（物理的に物を引きずる、糸が後から出る）,絡まった凧揚げの糸,「痛いクリスマスの黒歴史」とかけて、「絡まった凧揚げの糸」と解く。その心は「どちらも『後を引く』でしょう。」,
,完全な同音異義語型,痛いクリスマスの黒歴史,気分が沈む、希望がない状態,くらい,暗い（気分が沈む）,位（地位や順位）,将棋の駒,「痛いクリスマスの黒歴史」とかけて、「将棋の駒」と解く。その心は「どちらも『位（くらい）』があるでしょう。」,
,多義語型,痛いクリスマスの黒歴史,精神的、経済的に大きなダメージを受けたこと,いたで,痛手（精神的、経済的な損失やダメージ）,痛手（物理的な怪我や傷）,激しいスポーツの試合で負った傷,「痛いクリスマスの黒歴史」とかけて、「激しいスポーツの試合で負った傷」と解く。その心は「どちらも『痛手』でしょう。」,
,フレーズ・慣用句型,痛いクリスマスの黒歴史,見ていられないほど恥ずかしい、直視できない状況,めをおおう,目を覆う（見ていられないほどひどい状況に直面する）,目を覆う（物理的に手などで目を隠す）,砂漠で砂嵐に遭った旅人,「痛いクリスマスの黒歴史」とかけて、「砂漠で砂嵐に遭った旅人」と解く。その心は「どちらも『目を覆う』でしょう。」,
,完全な同音異義語型,痛いクリスマスの黒歴史,心が傷つき、後悔する状態,いたむ,傷む（心が痛む、悔やむ）,悼む（人の死を悲しむ、偲ぶ）,故人を偲ぶ儀式,「痛いクリスマスの黒歴史」とかけて、「故人を偲ぶ儀式」と解く。その心は「どちらも『悼む（いたむ）』でしょう。」,
,完全な同音異義語型,冷たい世間の秋風,厳しい状況が吹き荒れる、影響を及ぼす,ふく,吹く（風が吹くように厳しい状況が襲いかかる）,服（衣類）,タンスの中の衣類,冷たい世間の秋風とかけて、タンスの中の衣類と解く。その心は「どちらも『ふく』（吹く/服）でしょう。」,
,完全な同音異義語型,冷たい世間の秋風,厳しい状況が身に堪える、精神的にこたえる,こたえる,堪える（厳しさに堪える、精神的に響く）,応える（期待に応える、質問に答える）,応援団の団長,冷たい世間の秋風とかけて、応援団の団長と解く。その心は「どちらも『こたえる』（堪える/応える）でしょう。」,
,多義語型,冷たい世間の秋風,人々の感情や関係を冷え込ませる、心を冷やす,ひやす,冷やす（心を冷やす、人間関係を冷やす）,冷やす（食材を冷やす、体を冷やす）,冷蔵庫の中の飲み物,冷たい世間の秋風とかけて、冷蔵庫の中の飲み物と解く。その心は「どちらも『冷やす』でしょう。」,
,多義語型,冷たい世間の秋風,人々の情熱や関心が薄れる、関係が冷える,さめる,冷める（情熱や関心が薄れる、関係が冷え込む）,冷める（熱いものが温度を失って冷たくなる）,沸かしたばかりの風呂の湯,冷たい世間の秋風とかけて、沸かしたばかりの風呂の湯と解く。その心は「どちらも『冷める』でしょう。」,
,フレーズ・慣用句型,冷たい世間の秋風,世間からの批判や反対が厳しい状況,かぜあたりがつよい,風当たりが強い（世間からの批判や圧力が強い）,風当たりが強い（物理的に風が強く当たる）,海岸沿いの高層ビル,冷たい世間の秋風とかけて、海岸沿いの高層ビルと解く。その心は「どちらも『風当たりが強い』でしょう。」,
,フレーズ・慣用句型,冷たい世間の秋風,人間関係や世間の雰囲気が非常に冷たく、温かみがない状態,ひえきる,冷え切る（人間関係や世間の心が冷え切る）,冷え切る（部屋の温度が下がって非常に寒くなる）,暖房のない真冬の部屋,冷たい世間の秋風とかけて、暖房のない真冬の部屋と解く。その心は「どちらも『冷え切る』でしょう。」,
,完全な同音異義語型,重い正月太りの罪悪感,脂肪や筋肉が硬く、体が締まっていない状態,かたい,硬い（脂肪や筋肉が）,固い（意志や決意が）,どんな誘惑にも揺るがない決意,重い正月太りの罪悪感とかけて、どんな誘惑にも揺るがない決意と解く。その心は「どちらも『かたい』でしょう」。,
,完全な同音異義語型,重い正月太りの罪悪感,食べ過ぎた過去の行いを振り返り、後悔すること,はんせい,反省（過去の行いについて）,半生（人生の半分）,人生の節目,重い正月太りの罪悪感とかけて、人生の節目と解く。その心は「どちらも『半生（はんせい）』でしょう」。,
,多義語型,重い正月太りの罪悪感,体重が増え、身体に負担がかかる状態,たいじゅうがのる,体重が乗る（体が重くなる）,体重が乗る（物理的に何かにかかる）,バランスを保つ一本橋,重い正月太りの罪悪感とかけて、バランスを保つ一本橋と解く。その心は「どちらも『体重が乗る』でしょう」。,
,多義語型,重い正月太りの罪悪感,身体が重い、気持ちが沈んでいる状態,おもい,重い（身体的・精神的）,重い（物質的な重量がある）,大きな岩を運ぶ作業,重い正月太りの罪悪感とかけて、大きな岩を運ぶ作業と解く。その心は「どちらも『重い』でしょう」。,
,フレーズ・慣用句型,重い正月太りの罪悪感,運動不足で体が鈍ること,なまる,身体がなまる,訛る（言葉が方言になる）,地方出身者の言葉遣い,重い正月太りの罪悪感とかけて、地方出身者の言葉遣いと解く。その心は「どちらも『なまる』でしょう」。,
,フレーズ・慣用句型,重い正月太りの罪悪感,この良くない状況をなんとかしたいという気持ち,だかい,事態を打開したい,打開（野球などでヒットを打ち劣勢を覆すこと）,ピンチを迎えた野球のバッター,重い正月太りの罪悪感とかけて、ピンチを迎えた野球のバッターと解く。その心は「どちらも『事態を打開したい』でしょう」。,
,完全な同音異義語型,苦いバレンタインの記憶,告白やプレゼントが拒絶されること、相手に選ばれないこと,ふられる,振られる（異性から拒絶される）,降られる（雨や雪などが上から落ちてくる）,急な通り雨に遭った人,苦いバレンタインの記憶とかけて、急な通り雨に遭った人と解く。その心は「どちらも『振られる』でしょう。」,
,多義語型,苦いバレンタインの記憶,期待が裏切られ、気分が沈んでしまうこと,おちこむ,落ち込む（気分が沈む）,落ち込む（地面などが窪む、深く入り込む）,深い穴ぼこ,苦いバレンタインの記憶とかけて、深い穴ぼこと解く。その心は「どちらも『落ち込む』でしょう。」,
,フレーズ・慣用句型,苦いバレンタインの記憶,かけた努力や想いが報われず、結果が出ないこと,みをむすばない,実を結ばない（努力が報われない、結果が出ない）,実を結ばない（植物が果実をつけない）,栄養不足の果樹,苦いバレンタインの記憶とかけて、栄養不足の果樹と解く。その心は「どちらも『実を結ばない』でしょう。」,
,完全な同音異義語型,苦いバレンタインの記憶,期待や予想と異なる結果になること,はずれる,外れる（期待が裏切られる）,外れる（固定されたものが分離する、的を外す）,的を外した矢,苦いバレンタインの記憶とかけて、的を外した矢と解く。その心は「どちらも『外れる』でしょう。」,
,多義語型,苦いバレンタインの記憶,心に傷を負うこと、精神的なダメージを受けること,いたむ,傷む（心が傷つく）,傷む（食べ物などが腐敗する、品質が劣化する）,冷蔵庫に入れ忘れた生もの,苦いバレンタインの記憶とかけて、冷蔵庫に入れ忘れた生ものと解く。その心は「どちらも『傷む』でしょう。」,
,フレーズ・慣用句型,苦いバレンタインの記憶,かけた時間や努力が無駄になり、何も残らないこと,みずのあわ,水の泡（努力が無駄になること）,水の泡（文字通りの水の泡、シャボン玉など）,石鹸で遊ぶ子供たち,苦いバレンタインの記憶とかけて、石鹸で遊ぶ子供たちと解く。その心は「どちらも『水の泡』でしょう。」,
,完全な同音異義語型,痛い夏の日焼けの後悔,日焼けで肌が赤くなる,あかく,赤く（肌が赤くなる）,空く（部屋が空く）,満室だった旅館,痛い夏の日焼けの後悔とかけて、満室だった旅館と解く。その心は「どちらも『あかく』なるでしょう。」,
,完全な同音異義語型,痛い夏の日焼けの後悔,日焼けの跡が残る,あと,跡（日焼けの跡）,後（後回し、後々のこと）,やるべき仕事を山積みにしたビジネスマン,痛い夏の日焼けの後悔とかけて、やるべき仕事を山積みにしたビジネスマンと解く。その心は「どちらも『あと』が気になるでしょう。」,
,多義語型,痛い夏の日焼けの後悔,肌がヒリヒリと痛む,ひりひり,ヒリヒリ（肌の痛覚）,ヒリヒリ（緊迫した状況や感覚）,試合の終盤、拮抗しているスポーツ選手,痛い夏の日焼けの後悔とかけて、試合の終盤、拮抗しているスポーツ選手と解く。その心は「どちらも『ヒリヒリ』するでしょう。」,
,多義語型,痛い夏の日焼けの後悔,肌が熱い,あつい,熱い（体温が高い）,厚い（層が厚い）,百科事典,痛い夏の日焼けの後悔とかけて、百科事典と解く。その心は「どちらも『熱い（厚い）』でしょう。」,
,フレーズ・慣用句型,痛い夏の日焼けの後悔,日焼けで肌の皮がむける,かわがむける,皮がむける（肌の表皮が剥がれ落ちる）,皮がむける（世間慣れして抜け目がなくなる）,成長して世間に慣れてきた若い政治家,痛い夏の日焼けの後悔とかけて、成長して世間に慣れてきた若い政治家と解く。その心は「どちらも『皮がむける』でしょう。」,
,フレーズ・慣用句型,痛い夏の日焼けの後悔,肌が真っ赤になる,まっかになる,真っ赤になる（肌がひどく赤くなる）,真っ赤になる（嘘が露呈し、恥ずかしさで顔が赤くなる）,嘘がバレてしまった人,痛い夏の日焼けの後悔とかけて、嘘がバレてしまった人と解く。その心は「どちらも『真っ赤になる』でしょう。」,
,多義語型,眩しい新学期の希望,未来に光が差し込む、期待が広がる,さす,希望の光が差す,鍵を差す,開錠する錠前,眩しい新学期の希望とかけて、開錠する錠前と解く。その心は『どちらも光が差す（鍵が差す）』でしょう。,
,完全な同音異義語型,眩しい新学期の希望,期待や能力が伸びていく,せいちょう,希望が成長する,草木が生長する,草木,眩しい新学期の希望とかけて、草木と解く。その心は『どちらも成長（生長）する』でしょう。,
,フレーズ・慣用句型,眩しい新学期の希望,新しい出来事が始まる,まくがあく,新しい人生の幕が明く,演劇の幕が明く,演劇,眩しい新学期の希望とかけて、演劇と解く。その心は『どちらも幕が開く』でしょう。,
,多義語型,眩しい新学期の希望,未来や可能性が広がる,ひらく,未来が開く,扉を開く,新しい部屋のドア,眩しい新学期の希望とかけて、新しい部屋のドアと解く。その心は『どちらも開く』でしょう。,
,完全な同音異義語型,眩しい新学期の希望,学ぶべきこと、学問,がく,『学』がある（学びの機会がある）,『額』がある（絵を飾る額）,絵画の額縁,眩しい新学期の希望とかけて、絵画の額縁と解く。その心は『どちらも『学（額）』がある』でしょう。,
,フレーズ・慣用句型,眩しい新学期の希望,未来や目標に向かって進む姿勢,まえをむく,未来に前を向く,物理的に前を向く,行進する軍隊,眩しい新学期の希望とかけて、行進する軍隊と解く。その心は『どちらも前を向く』でしょう。,
,完全な同音異義語型,息苦しい真夏のプレッシャー,呼吸が困難で、精神的に追い詰められる状態,いきがつまる,息が詰まる（呼吸や精神状態）,活きが詰まる（魚の鮮度）,鮮魚店で売れ残った魚,息苦しい真夏のプレッシャーとかけて、鮮魚店で売れ残った魚と解く。その心は『どちらも「いきがつまる」でしょう。』,
,多義語型,息苦しい真夏のプレッシャー,精神的・肉体的な疲労困憊,しんどい,しんどい（心身の疲労）,しんどい（作業が大変で骨が折れる）,夏の炎天下での肉体労働,息苦しい真夏のプレッシャーとかけて、夏の炎天下での肉体労働と解く。その心は『どちらも「しんどい」でしょう。』,
,フレーズ・慣用句型,息苦しい真夏のプレッシャー,閉塞感があり、状況から逃れられない,ぬけだせない,抜け出せない（状況から逃れられない）,抜け出せない（物理的に閉じ込められて出られない）,罠にかかってしまった動物,息苦しい真夏のプレッシャーとかけて、罠にかかってしまった動物と解く。その心は『どちらも「抜け出せない」でしょう。』,
,完全な同音異義語型,息苦しい真夏のプレッシャー,熱気と湿気がこもり、不快である状態,むれる,蒸れる（熱と湿気がこもる）,群れる（多くのものが集まる）,満員の通勤電車,息苦しい真夏のプレッシャーとかけて、満員電車と解く。その心は『どちらも「むれる」でしょう。』,
,多義語型,息苦しい真夏のプレッシャー,精神的な負担が大きく、気が滅入る,おもい,重い（精神的な負担）,重い（物理的な重量）,大きな荷物を背負った登山家,息苦しい真夏のプレッシャーとかけて、大きな荷物を背負った登山家と解く。その心は『どちらも「重い」でしょう。』,
,フレーズ・慣用句型,息苦しい真夏のプレッシャー,精神的な緊張や疲れから解放されたい気持ち,いきぬきがしたい,息抜きがしたい（気分転換）,息抜きがしたい（呼吸のための休憩）,長時間潜水しているダイバー,息苦しい真夏のプレッシャーとかけて、長時間潜水しているダイバーと解く。その心は『どちらも「息抜きがしたい」でしょう。』,
,完全な同音異義語型,震える冬の受験の緊張,極度の緊張で体がこわばる、固まってしまう状態,かたまる,固まる（体が固まる、思考が固まる）,固まる（セメントが硬くなる、ゼリーが凝固する）,セメントを流し込んだ型枠,「震える冬の受験の緊張」とかけて、「セメントを流し込んだ型枠」と解く。その心は「どちらも『かたまる』でしょう」,
,完全な同音異義語型,震える冬の受験の緊張,合格できるか不安で、結果が振るわない可能性があること,おちる,落ちる（試験に落ちる）,落ちる（夕日が沈む、木の実が地面に落ちる）,夕焼け空の柿の木,「震える冬の受験の緊張」とかけて、「夕焼け空の柿の木」と解く。その心は「どちらも『落ちる』でしょう」,
,多義語型,震える冬の受験の緊張,神経が極限まで集中し、張り詰めている状態,はりつめる,張り詰める（神経が張り詰める、緊張が張り詰める）,張り詰める（弓の弦が張り詰める、風船がパンパンに張り詰める）,弓道の選手,「震える冬の受験の緊張」とかけて、「弓道の選手」と解く。その心は「どちらも『張り詰める』でしょう」,
,多義語型,震える冬の受験の緊張,不安や寒さで体が冷え、精神的な状態も落ち込むこと,ひえる,冷える（体が冷える、自信が冷え込む）,冷える（冷蔵庫の中が冷える、関係が冷え込む）,飲食店の大容量冷蔵庫,「震える冬の受験の緊張」とかけて、「飲食店の大容量冷蔵庫」と解く。その心は「どちらも『冷える』でしょう」,
,フレーズ・慣用句型,震える冬の受験の緊張,極度の緊張やプレッシャーで、一時的に呼吸が止まること,いきをのむ,息をのむ（緊張や驚きで息をのむ）,息をのむ（絶景を見て息をのむ、相手の言葉に息をのむ）,壮大なオーロラを初めて見た旅行者,「震える冬の受験の緊張」とかけて、「壮大なオーロラを初めて見た旅行者」と解く。その心は「どちらも『息をのむ』でしょう」,
,フレーズ・慣用句型,震える冬の受験の緊張,合格か不合格かの、ぎりぎりの重要な局面であること,せとぎわ,瀬戸際（合格か不合格かの瀬戸際）,瀬戸際（陸と海の境界、崖っぷち）,大波が打ち寄せる海岸の岩礁,「震える冬の受験の緊張」とかけて、「大波が打ち寄せる海岸の岩礁」と解く。その心は「どちらも『瀬戸際』でしょう」,
,多義語型,焦げる秋の激しい食欲,食欲が旺盛で、いくら食べても「止まらない」状態。,とまらない,（食欲が）止まらない,（活発さが）止まらない,成長期の子供,焦げる秋の激しい食欲とかけて、成長期の子供と解く。その心は「どちらも『止まらない』でしょう。」,
,完全な同音異義語型,焦げる秋の激しい食欲,食欲を満たすために「ご飯を炊く」行為を連想。,たく,（ご飯を）炊く,（薪を）焚く,暖炉の薪,焦げる秋の激しい食欲とかけて、暖炉の薪と解く。その心は「どちらも『たく』でしょう。」,
,フレーズ・慣用句型,焦げる秋の激しい食欲,食べ物を全て平らげ、「お皿を空にする」状態。,からにする,（お皿を）空にする,（財布を）空にする,衝動買いをする人,焦げる秋の激しい食欲とかけて、衝動買いをする人と解く。その心は「どちらも『空にする』でしょう。」,
,完全な同音異義語型,焦げる秋の激しい食欲,食欲を満たすため、肉などが「焼ける」状況。,やける,（食べ物が）焼ける,（相手を羨んで）妬ける,恋人ができた友人,焦げる秋の激しい食欲とかけて、恋人ができた友人と解く。その心は「どちらも『やける』でしょう。」,
,多義語型,焦げる秋の激しい食欲,食事によって「栄養を摂る」行為。,とる,（栄養を）摂る,（写真を）撮る,観光地を巡る旅人,焦げる秋の激しい食欲とかけて、観光地を巡る旅人と解く。その心は「どちらも『とる』でしょう。」,
,フレーズ・慣用句型,焦げる秋の激しい食欲,食べ出したら「きりがない」ほど際限なく食べ続けてしまう。,きりがない,（食べ出したら）きりがない,（仕事が）きりがない,山積みの仕事,焦げる秋の激しい食欲とかけて、山積みの仕事と解く。その心は「どちらも『きりがない』でしょう。」,
,完全な同音異義語型,冷たい冬の別離,心が冷え込み、関係が途切れる感覚,こおる,凍る（心が凍るような別れ）,凝る（肩や目が凝る）,長時間のデスクワーク,「冷たい冬の別離」とかけて、「長時間のデスクワーク」と解く。その心は「どちらも『こおる（凍る/凝る）』でしょう。」,
,完全な同音異義語型,冷たい冬の別離,関係を終え、つながりを断ち切る行為,たつ,断つ（縁を断つ、関係を断つ）,立つ（計画が立つ、地位に立つ）,新しいプロジェクトを立ち上げるリーダー,「冷たい冬の別離」とかけて、「新しいプロジェクトを立ち上げるリーダー」と解く。その心は「どちらも『たつ（断つ/立つ）』でしょう。」,
,多義語型,冷たい冬の別離,関係が終わり、存在が失われる感覚,きえる,消える（二人の関係が消える、思い出が薄れていく）,消える（物が視界から消える、姿が見えなくなる）,手品師,「冷たい冬の別離」とかけて、「手品師」と解く。その心は「どちらも『きえる（消える）』でしょう。」,
,多義語型,冷たい冬の別離,二人の結びつきがほどけ、関係が終わる様子,むすび,結び（二人の関係の結びつきがほどける、終焉の結び）,結び（おにぎりの結び、紐を結ぶ行為）,おにぎりを作る人,「冷たい冬の別離」とかけて、「おにぎりを作る人」と解く。その心は「どちらも『むすび（結び）』でしょう。」,
,フレーズ・慣用句型,冷たい冬の別離,感情が冷え込み、孤独を感じる状態,こころがさむい,心が寒い（別れにより気持ちが冷え込む）,心が寒い（物理的な寒さで体が冷え切る）,冬の登山家,「冷たい冬の別離」とかけて、「冬の登山家」と解く。その心は「どちらも『心が寒い』でしょう。」,
,フレーズ・慣用句型,冷たい冬の別離,人とのつながりや関係性が途絶える,えんがきれる,縁が切れる（人との関係性が途絶える）,縁が切れる（物理的に紐や糸が切れる）,たこ揚げ中の子供,「冷たい冬の別離」とかけて、「たこ揚げ中の子供」と解く。その心は「どちらも『縁が切れる』でしょう。」,
,完全な同音異義語型,痒い梅雨のイライラ感,痒くて皮膚を掻きむしる行為,かきむしる,掻きむしる（痒くて皮膚を引っかく）,柿むしる（熟れた柿を木からもぎ取る）,果物狩りの人,痒い梅雨のイライラ感とかけて、果物狩りの人と解く。その心は「どちらも柿むしる」でしょう。,
,多義語型,痒い梅雨のイライラ感,精神的に不快で、気持ちが不安定な状態,おちつかない,落ち着かない（精神的に不安定）,落ち着かない（物が特定の場所に安定しない）,強風でグラグラする看板,痒い梅雨のイライラ感とかけて、強風でグラグラする看板と解く。その心は「どちらも落ち着かない」でしょう。,
,フレーズ・慣用句型,痒い梅雨のイライラ感,汗や湿気で肌が粘つく物理的な状態,はだがべたつく,肌がベタつく（汗で皮膚が粘る）,話がベタつく（会話が間延びして面白くない）,間延びした芝居,痒い梅雨のイライラ感とかけて、間延びした芝居と解く。その心は「どちらも肌がベタつく（話がベタつく）」でしょう。,
,完全な同音異義語型,痒い梅雨のイライラ感,痒みで意識がその一点に集中し、他のことが手につかない状態,きにかかる,気になる（注意が引かれて意識が向く）,木に掛かる（物が木の枝などに引っかかる）,凧が引っかかっている木の枝,痒い梅雨のイライラ感とかけて、凧が引っかかっている木の枝と解く。その心は「どちらも気になる（木に掛かる）」でしょう。,
,多義語型,痒い梅雨のイライラ感,痒みで感じる物理的な不快感と、それによって体が落ち着かない状態,からだがむずむずする,体がむずむずする（不快感でうずく）,体がむずむずする（期待感でうずうずする）,旅行前夜の子供,痒い梅雨のイライラ感とかけて、旅行前夜の子供と解く。その心は「どちらも体がむずむずする」でしょう。,
,フレーズ・慣用句型,痒い梅雨のイライラ感,梅雨特有の湿度が高く、皮膚や気分が不快な状態,じめじめしている,じめじめしている（湿気や気分が鬱陶しい）,じめじめしている（人が陰気で沈んだ雰囲気）,失恋したばかりの友人,痒い梅雨のイライラ感とかけて、失恋したばかりの友人と解く。その心は「どちらもじめじめしている」でしょう。,
,完全な同音異義語型,重い衣替えの面倒臭さ,大量の服の整理、労力が必要、やることが多い,かたづけ,片付け（衣類を整理整頓する行為）,片付け（厄介な相手を処理する行為）,厄介な敵と戦う戦士,「重い衣替えの面倒臭さ」とかけて、「厄介な敵と戦う戦士」と解く。その心は「どちらも『片付け』に苦労するでしょう。」,
,多義語型,重い衣替えの面倒臭さ,多くの衣類を移動させる、重量がある、肉体的な負担,はこぶ,運ぶ（重い衣類を移動させる）,運ぶ（幸運をもたらす）,幸運の女神,「重い衣替えの面倒臭さ」とかけて、「幸運の女神」と解く。その心は「どちらも『運ぶ』ものがあるでしょう。」,
,フレーズ・慣用句型,重い衣替えの面倒臭さ,作業に取り掛かるのが億劫、精神的な負担、面倒だと感じる心境,きがおもい,気が重い（衣替えを始めるのが億劫である）,気が重い（難しい課題に取り組む上での精神的負担）,難しい仕事に取り掛かるビジネスパーソン,「重い衣替えの面倒臭さ」とかけて、「難しい仕事に取り掛かるビジネスパーソン」と解く。その心は「どちらも『気が重い』でしょう。」,
,完全な同音異義語型,重い衣替えの面倒臭さ,衣類を分類し、必要なものと不要なものを分ける,よりわけ,より分け（衣類を選別する行為）,より分け（重要なものを識別する行為）,膨大な情報の中から真実を見つけ出す探偵,「重い衣替えの面倒臭さ」とかけて、「膨大な情報の中から真実を見つけ出す探偵」と解く。その心は「どちらも『より分け』が肝心でしょう。」,
,多義語型,重い衣替えの面倒臭さ,衣類が収納場所に収まらない、散らかった状態、整理がつきにくい,おさまらない,収まらない（衣類が収納スペースに収まりきらない）,治まらない（状況が鎮静化しない、混乱が続く）,長引くデモ活動の主催者,「重い衣替えの面倒臭さ」とかけて、「長引くデモ活動の主催者」と解く。その心は「どちらも『収まらない』ものに頭を悩ませるでしょう。」,
,フレーズ・慣用句型,重い衣替えの面倒臭さ,やることが多くて終わりが見えない、次から次へと作業が出てくる,きりがない,きりがない（作業に終わりが見えず、際限がない）,きりがない（欲望や物欲に際限がない）,欲しいものが尽きないコレクター,「重い衣替えの面倒臭さ」とかけて、「欲しいものが尽きないコレクター」と解く。その心は「どちらも『きりがない』でしょう。」,
,完全な同音異義語型,苦いおせち料理への飽き,食欲がわかず、食べるのを勧められない状態,すすまない,食欲が「進まない」,人には「奨まない」,怪しい投資話,苦いおせち料理への飽きとかけて、怪しい投資話と解く。その心は「どちらも『進まない/奨まない』でしょう。」,
,多義語型,苦いおせち料理への飽き,食卓に料理が消費されずに残っている状態,のこる,料理が「残る」,記憶に「残る」,心に響く名言,苦いおせち料理への飽きとかけて、心に響く名言と解く。その心は「どちらも『残る』でしょう。」,
,フレーズ・慣用句型,苦いおせち料理への飽き,食べるのを避け、箸をつけない行動,てをださない,料理に「手を出さない」,問題に「手を出さない」,他人の揉め事,苦いおせち料理への飽きとかけて、他人の揉め事と解く。その心は「どちらも『手を出さない』でしょう。」,
,完全な同音異義語型,苦いおせち料理への飽き,食べても量がなかなか減らない状態,へる,量が「減る」,時間が「経る」,長い旅路,苦いおせち料理への飽きとかけて、長い旅路と解く。その心は「どちらも『減る/経る』でしょう。」,
,多義語型,苦いおせち料理への飽き,食欲が湧かず、箸の動きが停滞している状態,すすまない,食事が「進まない」,物事が「進まない」,難航している会議,苦いおせち料理への飽きとかけて、難航している会議と解く。その心は「どちらも『進まない』でしょう。」,
,フレーズ・慣用句型,苦いおせち料理への飽き,食べる気が全く起きない状態,しょくしがうごかない,食べ物に「食指が動かない」,興味がなく「食指が動かない」,魅力のないビジネスプラン,苦いおせち料理への飽きとかけて、魅力のないビジネスプランと解く。その心は「どちらも『食指が動かない』でしょう。」,
,多義語型,痛い年末年始の出費,お金が支出されること,でる,出ていく（お金が）,出る（舞台に）,晴れの舞台に立つ役者,痛い年末年始の出費とかけて、晴れの舞台に立つ役者と解く。その心は「どちらも『出る』でしょう。」,
,フレーズ・慣用句型,痛い年末年始の出費,金銭的な余裕がなく困窮している状態,さいふがさむい,財布が寒い（お金がない）,財布が寒い（物理的に冷たい）,北風にさらされたビニール製の財布,痛い年末年始の出費とかけて、北風にさらされたビニール製の財布と解く。その心は「どちらも『財布が寒い』でしょう。」,
,完全な同音異義語型,痛い年末年始の出費,お金を使い果たすこと,しょうひ,消費（お金を使う）,焦眉（差し迫った状況）,急を要する問題,痛い年末年始の出費とかけて、急を要する問題と解く。その心は「どちらも『しょうひ（消費／焦眉）』でしょう。」,
,多義語型,痛い年末年始の出費,予算などを前倒しで使うこと,くりあげる,繰り上げる（費用を）,繰り上げる（順位を）,スポーツ競技で好成績を収めた選手,痛い年末年始の出費とかけて、スポーツ競技で好成績を収めた選手と解く。その心は「どちらも『繰り上げる』でしょう。」,
,フレーズ・慣用句型,痛い年末年始の出費,金銭的損失で精神的な苦痛を感じること,ふところいたむ,懐が痛む（出費で）,懐が痛む（物理的に）,大切な物を入れたポケットが破れてしまう状況,痛い年末年始の出費とかけて、大切な物を入れたポケットが破れてしまう状況と解く。その心は「どちらも『懐が痛む』でしょう。」,
,完全な同音異義語型,痛い年末年始の出費,お金が尽きてしまうこと,なくなる,無くなる（お金が）,亡くなる（人が）,この世を去った故人,痛い年末年始の出費とかけて、この世を去った故人と解く。その心は「どちらも『なくなる（無くなる／亡くなる）』でしょう。」,
,完全な同音異義語型,眩しい初日の出の感動,太陽が昇る、拝む、希望が湧く,のぼる,昇る（太陽が昇る、気持ちが昂る）,登る（山に登る）,困難な道のりを越えて頂を目指す登山家,眩しい初日の出の感動とかけて、困難な道のりを越えて頂を目指す登山家と解く。その心は「どちらも『昇る（登る）』でしょう。」,
,完全な同音異義語型,眩しい初日の出の感動,新しい一年の到来を期待する、願いを込めて見る,のぞむ,望む（未来を望む、願いを込めて見る）,臨む（真剣勝負に臨む）,大舞台での真剣勝負に挑む棋士,眩しい初日の出の感動とかけて、大舞台での真剣勝負に挑む棋士と解く。その心は「どちらも『望む（臨む）』でしょう。」,
,多義語型,眩しい初日の出の感動,心が洗われる、気分がすっきりする、雲がなくなる,はれる,晴れる（心が晴れる、空が晴れる）,晴れる（疑いが晴れる）,無実の罪を証明し、潔白になった人,眩しい初日の出の感動とかけて、無実の罪を証明し、潔白になった人と解く。その心は「どちらも『晴れる』でしょう。」,
,多義語型,眩しい初日の出の感動,光が奥まで届く、新しい年が始まる,さしこむ,差し込む（光が差し込む）,差し込む（痛みが差し込む）,急な腹痛に苦しむ人,眩しい初日の出の感動とかけて、急な腹痛に苦しむ人と解く。その心は「どちらも『差し込む』でしょう。」,
,フレーズ・慣用句型,眩しい初日の出の感動,光が強すぎて目が開けられない、強烈な印象,めがくらむ,目が眩む（光が強すぎて）,目が眩む（欲に目が眩む）,大金を前にして理性を失った詐欺師,眩しい初日の出の感動とかけて、大金を前にして理性を失った詐欺師と解く。その心は「どちらも『目が眩む』でしょう。」,
,フレーズ・慣用句型,眩しい初日の出の感動,新しい活力が生まれる、希望が湧き出る,ちからがわく,力が湧く（希望や活力が湧く）,力が湧く（地下水が湧き出す）,枯れていた井戸から再び澄んだ水が湧き出る情景,眩しい初日の出の感動とかけて、枯れていた井戸から再び澄んだ水が湧き出る情景と解く。その心は「どちらも『力が湧く』でしょう。」,
,完全な同音異義語型,息苦しいお盆帰省の同調圧力,行動や精神が制約され、自由が奪われる状態,こうそく,拘束,高速,新幹線,息苦しいお盆帰省の同調圧力とかけて、新幹線と解く。その心は『どちらも拘束（高速）でしょう。』,
,完全な同音異義語型,息苦しいお盆帰省の同調圧力,気持ちや雰囲気が沈んで重い状態,おもい,重い,想い,七夕に願う恋の想い,息苦しいお盆帰省の同調圧力とかけて、七夕に願う恋の想いと解く。その心は『どちらも重い（想い）でしょう。』,
,多義語型,息苦しいお盆帰省の同調圧力,精神的に厳しく制約されること,しめつけ,締め付け,締め付け,コルセットでウエストを細くする人,息苦しいお盆帰省の同調圧力とかけて、コルセットでウエストを細くする人と解く。その心は『どちらも締め付けが厳しいでしょう。』,
,多義語型,息苦しいお盆帰省の同調圧力,状況的に身動きが全く取れない状態,がんじがらめ,がんじがらめ,がんじがらめ,捕まって縄でがんじがらめにされた盗賊,息苦しいお盆帰省の同調圧力とかけて、捕まって縄でがんじがらめにされた盗賊と解く。その心は『どちらもがんじがらめでしょう。』,
,フレーズ・慣用句型,息苦しいお盆帰省の同調圧力,精神的に窮屈で呼吸が困難に感じる状態,いきがつまる,息が詰まる,息が詰まる,水を深く飲んでむせる赤ちゃん,息苦しいお盆帰省の同調圧力とかけて、水を深く飲んでむせる赤ちゃんと解く。その心は『どちらも息が詰まるでしょう。』,
,フレーズ・慣用句型,息苦しいお盆帰省の同調圧力,精神的に非常に強い負荷がかかる状態,じゅうあつ,重圧,重圧,重機の下敷きになった地盤,息苦しいお盆帰省の同調圧力とかけて、重機の下敷きになった地盤と解く。その心は『どちらも重圧がかかるでしょう。』,
,完全な同音異義語型,震えるクリスマスの期待感,感情が高ぶり震える、腕を奮うように活動的になる,ふるう,期待に胸が震う,腕を振るう,料理の腕を磨くシェフ,震えるクリスマスの期待感とかけて、料理の腕を磨くシェフと解く。その心は『どちらも腕を振るう（震う）でしょう。』,
,多義語型,震えるクリスマスの期待感,感情が高まる様子,たかまる,期待感が『高まる』,高さが『高まる』,建設中の高層ビル,震えるクリスマスの期待感とかけて、建設中の高層ビルと解く。その心は『どちらも高まるでしょう。』,
,フレーズ・慣用句型,震えるクリスマスの期待感,胸の高鳴り、興奮状態,むねがおどる,期待に胸が躍る,物理的に胸が躍る（鼓動が激しい）,マラソンでゴール直前のランナー,震えるクリスマスの期待感とかけて、マラソンでゴール直前のランナーと解く。その心は『どちらも胸が躍るでしょう。』,
,完全な同音異義語型,震えるクリスマスの期待感,待ち遠しく思う,まつ,クリスマスを『待つ』,『松』の木,庭園の盆栽,震えるクリスマスの期待感とかけて、庭園の盆栽と解く。その心は『どちらも待つ（松）でしょう。』,
,多義語型,震えるクリスマスの期待感,気持ちが熱を帯びる、夢中になる,ねつがはいる,期待に『熱が入る』,物理的に『熱が入る』,焼き立てのパン,震えるクリスマスの期待感とかけて、焼き立てのパンと解く。その心は『どちらも熱が入るでしょう。』,
,フレーズ・慣用句型,震えるクリスマスの期待感,期待が大きくなる様子,ふくらむ,期待が『膨らむ』,物理的に『膨らむ』,空気で膨らむ風船,震えるクリスマスの期待感とかけて、空気で膨らむ風船と解く。その心は『どちらも膨らむでしょう。』,
,完全な同音異義語型,巡る季節の二十四節気,季節の移り変わりによって寒暖の差がある,かんだん,寒暖,歓談,賑やかなパーティー会場,「巡る季節の二十四節気」とかけて、「賑やかなパーティー会場」と解く。その心は『どちらも「歓談（かんだん）」でしょう。』,
,完全な同音異義語型,巡る季節の二十四節気,季節の移り変わりで、植物が育ち「生長」する,せいちょう,生長,成長,研修中の新入社員,「巡る季節の二十四節気」とかけて、「研修中の新入社員」と解く。その心は『どちらも「成長（せいちょう）」でしょう。』,
,多義語型,巡る季節の二十四節気,時間が「進む」ように季節が移り変わる,すすむ,進む,進む,大規模なプロジェクト,「巡る季節の二十四節気」とかけて、「大規模なプロジェクト」と解く。その心は『どちらも「進む（すすむ）」でしょう。』,
,多義語型,巡る季節の二十四節気,季節にはっきりとした「変わり目」がある,かわりめ,変わり目,変わり目,人生の岐路に立つ人,「巡る季節の二十四節気」とかけて、「人生の岐路に立つ人」と解く。その心は『どちらも「変わり目（かわりめ）」でしょう。』,
,フレーズ・慣用句型,巡る季節の二十四節気,季節の移り変わりによって自然の「彩りが変わる」,いろどりをかえる,彩りを変える,彩りを変える,食卓を華やかにしたい主婦,「巡る季節の二十四節気」とかけて、「食卓を華やかにしたい主婦」と解く。その心は『どちらも「彩りを変える（いろどりをかえる）」でしょう。』,
,フレーズ・慣用句型,巡る季節の二十四節気,季節によって山々や木々が「装いを変える」,よそおいをかえる,装いを変える,装いを変える,イメチェンしたばかりの友人,「巡る季節の二十四節気」とかけて、「イメチェンしたばかりの友人」と解く。その心は『どちらも「装いを変える（よそおいをかえる）」でしょう。』,
,完全な同音異義語型,変わる地球の気候変動,気温が上昇し、暑くなること,あつい,暑い,厚い,読み応えのある文庫本,変わる地球の気候変動とかけて、読み応えのある文庫本と解く。その心は「どちらも『あつい』でしょう」。,
,完全な同音異義語型,変わる地球の気候変動,海面や気温が上昇すること,こうしょう,高昇,交渉,難しいビジネスの話し合い,変わる地球の気候変動とかけて、難しいビジネスの話し合いと解く。その心は「どちらも『こうしょう』でしょう」。,
,多義語型,変わる地球の気候変動,嵐や気温の変化が甚だしくなる,はげしい,激しい,激しい,出世競争の社会,変わる地球の気候変動とかけて、出世競争の社会と解く。その心は「どちらも『激しい』でしょう」。,
,多義語型,変わる地球の気候変動,天候や海が荒れ模様になる,あれる,荒れる,荒れる,夜遊びばかりで不摂生な若者,変わる地球の気候変動とかけて、夜遊びばかりで不摂生な若者と解く。その心は「どちらも『荒れる』でしょう」。,
,フレーズ・慣用句型,変わる地球の気候変動,事態が悪化し、対策が困難な状態になること,てがつけられない,手が付けられない,手が付けられない,おもちゃを散らかして暴れる子供,変わる地球の気候変動とかけて、おもちゃを散らかして暴れる子供と解く。その心は「どちらも『手が付けられない』でしょう」。,
,フレーズ・慣用句型,変わる地球の気候変動,予測が困難で安定しない状況であること,さだまらない,定まらない,定まらない,転職を繰り返す人,変わる地球の気候変動とかけて、転職を繰り返す人と解く。その心は「どちらも『定まらない』でしょう」。,
,完全な同音異義語型,深まる秋の夜長,時間が長く感じられる、過ごしやすい,すがた,過ごし方,姿,人を魅了する美しいモデル,「深まる秋の夜長」とかけて、「人を魅了する美しいモデル」と解く。その心は「どちらも『すがた（過ごし方/姿）』が気になるでしょう。」,
,完全な同音異義語型,深まる秋の夜長,静かで物思いにふける時間,おちつく,落ち着く,落着く,長く続いていた未解決事件,「深まる秋の夜長」とかけて、「長く続いていた未解決事件」と解く。その心は「どちらも『おちつく（落ち着く/落着く）』と一息つけるでしょう。」,
,多義語型,深まる秋の夜長,日が早く沈み、夜の時間が長くなる,くれる,暮れる,呉れる,困っている友人に援助の手を差し伸べる人,「深まる秋の夜長」とかけて、「困っている友人に援助の手を差し伸べる人」と解く。その心は「どちらも『くれる』ということがあるでしょう。」,
,多義語型,深まる秋の夜長,気温が下がって寒くなる、体感温度が低くなる,ひえる,冷える,冷える,喧嘩ばかりしている夫婦の関係,「深まる秋の夜長」とかけて、「喧嘩ばかりしている夫婦の関係」と解く。その心は「どちらも『冷える』ことがあるでしょう。」,
,フレーズ・慣用句型,深まる秋の夜長,夜が明けるまでの時間が長く感じる,あけがくる,夜明けが来る,明けが来る,新しい時代を待ち望む人々,「深まる秋の夜長」とかけて、「新しい時代を待ち望む人々」と解く。その心は「どちらも『明けが来る』のをじっと待つでしょう。」,
,フレーズ・慣用句型,深まる秋の夜長,読書や思索に適した時間,ものおもいにふける,物思いに耽る,物思いに耽る,新規事業のアイデアを練る経営者,「深まる秋の夜長」とかけて、「新規事業のアイデアを練る経営者」と解く。その心は「どちらも『物思いに耽る』時間が必要でしょう。」,
,完全な同音異義語型,迎える新たな新年,年が始まる、新しい年が訪れる,かえる,迎える,孵化える（卵からかえる）,ひな鳥,迎える新たな新年とかけて、ひな鳥と解く。その心は『どちらも“かえる”でしょう』,
,完全な同音異義語型,迎える新たな新年,新しい年を祝い喜ぶ気持ち,めでたい,目出度い,魚の鯛,魚屋さん,迎える新たな新年とかけて、魚屋さんと解く。その心は『どちらも“めでたい”でしょう』,
,多義語型,迎える新たな新年,一年が開始する,はじまる,始まる（期間の開始）,始まる（計画や建設の開始）,大規模な工事現場,迎える新たな新年とかけて、大規模な工事現場と解く。その心は『どちらも“動きが始まる”でしょう』,
,多義語型,迎える新たな新年,新しい年を喜び、祝う気持ち,いわう,祝う（季節の節目や行事の慶賀）,祝う（目標達成や成功への賛辞）,スポーツで優勝したチーム,迎える新たな新年とかけて、スポーツで優勝したチームと解く。その心は『どちらも“祝う”でしょう』,
,フレーズ・慣用句型,迎える新たな新年,気持ちを切り替え、目標を立て直す,けついをあらたにする,決意を新たにする（心機一転する）,決意を新たにする（具体的な目標を再設定する）,ダイエットを何度も挫折した人,迎える新たな新年とかけて、ダイエットを何度も挫折した人と解く。その心は『どちらも“決意を新たにする”でしょう』,
,フレーズ・慣用句型,迎える新たな新年,新しい一年の始まり,スタートをきる,スタートを切る（新しい期間の開始）,スタートを切る（競技や競争の開始）,陸上競技の短距離走選手,迎える新たな新年とかけて、陸上競技の短距離走選手と解く。その心は『どちらも“スタートを切る”でしょう』,
,完全な同音異義語型,終わる子供の夏休み,宿題が終わっていない、まだやり残したことがある,くいがある,悔いがある,杭がある,地面に柵を立てる場所,「終わる子供の夏休み」とかけて、「地面に柵を立てる場所」と解く。その心は「どちらも『杭がある』でしょう。」,
,完全な同音異義語型,終わる子供の夏休み,学校が始まる前に取り組むべき課題,しゅくだい,宿題,祝鯛,お祝いの席に出るごちそう,「終わる子供の夏休み」とかけて、「お祝いの席に出るごちそう」と解く。その心は「どちらも『祝鯛（宿題）』でしょう。」,
,多義語型,終わる子供の夏休み,期間が終わる,しめる,閉める（夏休みという期間を終える）,締める（帯やひもをしっかりと結ぶ）,着物の帯を結ぶ人,「終わる子供の夏休み」とかけて、「着物の帯を結ぶ人」と解く。その心は「どちらも『締める（閉める）』でしょう。」,
,多義語型,終わる子供の夏休み,非日常的な時間が終わり、通常に戻る,あける,明ける（期間が終わる）,空ける（場所や時間を設ける）,席を譲る人,「終わる子供の夏休み」とかけて、「席を譲る人」と解く。その心は「どちらも『空ける（明ける）』でしょう。」,
,フレーズ・慣用句型,終わる子供の夏休み,残された時間が少ない、終わりが近い,もうあとがない,もう後がない（期間の終わりが近い）,もう後がない（逃げ場がない、追い詰められた状況）,崖っぷちに立つ人,「終わる子供の夏休み」とかけて、「崖っぷちに立つ人」と解く。その心は「どちらも『もう後がない』でしょう。」,
,フレーズ・慣用句型,終わる子供の夏休み,楽しい非日常の終わり,ゆめからさめる,夢から覚める（楽しい非日常が終わる）,夢から覚める（眠りから覚める、現実を認識する）,寝坊助が朝目覚める瞬間,「終わる子供の夏休み」とかけて、「寝坊助が朝目覚める瞬間」と解く。その心は「どちらも『夢から覚める』でしょう。」,
,完全な同音異義語型,始まる春の新年度,新しい目標や計画を具体化する,たつ,計画が「立つ」,人が「立つ」,満員電車,始まる春の新年度とかけて、満員電車と解く。その心は「どちらも『立つ（計画が立つ／人が立つ）』」でしょう。,
,多義語型,始まる春の新年度,新しい環境への順応や適応,なれる,環境に「慣れる」,何かに「なる」,将来の夢を語る子供,始まる春の新年度とかけて、将来の夢を語る子供と解く。その心は「どちらも『慣れる（新しい環境に慣れる）／なる（立派な大人になる）』」でしょう。,
,フレーズ・慣用句型,始まる春の新年度,新しい目標や行動を開始する,スタートをきる,新しい生活の「スタートを切る」,運動会の選手が「スタートを切る」,運動会の短距離走選手,始まる春の新年度とかけて、運動会の短距離走選手と解く。その心は「どちらも『スタートを切る』」でしょう。,
,完全な同音異義語型,始まる春の新年度,新しい環境で進路や方向性に不安を感じる,まよう,進路に「迷う」,森で「道に迷う」,森でハイキング中の登山者,始まる春の新年度とかけて、森でハイキング中の登山者と解く。その心は「どちらも『迷う（進路に迷う／道に迷う）』」でしょう。,
,多義語型,始まる春の新年度,新しい人々との交流が生まれる,であい,人との「出会い」,川と川の「出会い」（合流点）,複数の川が合流する場所,始まる春の新年度とかけて、複数の川が合流する場所と解く。その心は「どちらも『出会い（人との出会い／川と川の出会い）』」でしょう。,
,フレーズ・慣用句型,始まる春の新年度,初動段階での取り組みの重要性,さいしょがかんじん,「最初が肝心」,「最初が肝心」,建物の基礎工事,始まる春の新年度とかけて、建物の基礎工事と解く。その心は「どちらも『最初が肝心』」でしょう。,
,完全な同音異義語型,感じる日本ならではの季節感,春の訪れや新しい生命の息吹,めばえ,芽生え（植物が芽を出すこと、物事の始まり）,芽生え（愛しい存在の赤ちゃん）,生まれたばかりの赤ちゃん,感じる日本ならではの季節感とかけて、生まれたばかりの赤ちゃんと解く。その心は「どちらも『芽生え』でしょう。」,
,完全な同音異義語型,感じる日本ならではの季節感,秋の夜に鳴く昆虫の音,むし,虫（秋の夜に鳴く昆虫）,無視（見て見ぬふりをすること）,自分の都合の悪いことには目を向けない人,感じる日本ならではの季節感とかけて、自分の都合の悪いことには目を向けない人と解く。その心は「どちらも『無視』でしょう。」,
,多義語型,感じる日本ならではの季節感,紅葉や夕焼けなどで自然が特定の色に変化する様子,そまる,染まる（特定の色に変化する）,染まる（ある傾向や主義の影響を受ける）,新しい環境で影響を受けやすい人,感じる日本ならではの季節感とかけて、新しい環境で影響を受けやすい人と解く。その心は「どちらも『染まる』でしょう。」,
,多義語型,感じる日本ならではの季節感,旬の味覚や風情などを経験すること,あじわう,味わう（食べ物や風情を感じる）,味わう（人生の苦楽や経験をする）,様々な経験をしてきた人,感じる日本ならではの季節感とかけて、様々な経験をしてきた人と解く。その心は「どちらも『味わう』でしょう。」,
,フレーズ・慣用句型,感じる日本ならではの季節感,桜の花びらや紅葉が舞い散り始める様子,ちりだす,散り出す（花びらや葉が落ち始める）,塵を出す（ごみを外に出す）,大掃除の準備をする人,感じる日本ならではの季節感とかけて、大掃除の準備をする人と解く。その心は「どちらも『散り出す』でしょう。」,
,フレーズ・慣用句型,感じる日本ならではの季節感,梅雨時など、天候がはっきりせず雨が降ったり止んだりする様子,ぐずつく,ぐずつく（天候が不安定になる）,ぐずつく（行動を起こさず、文句を言う）,いつまでも行動しない人,感じる日本ならではの季節感とかけて、いつまでも行動しない人と解く。その心は「どちらも『ぐずつく』でしょう。」,
,完全な同音異義語型,守る伝統の年中行事,神や祖先に「祈り」を捧げる,きとう,祈祷 (神仏に祈ること),起稿 (文章の原案を書き始めること),新聞記者,守る伝統の年中行事とかけて、新聞記者と解く。その心は「どちらも『きとう』でしょう」。,
,完全な同音異義語型,守る伝統の年中行事,世代から世代へと「受け継がれていく」もの,けいしょう,継承 (後代に受け継ぐこと),傾斜 (坂道の傾き),坂道,守る伝統の年中行事とかけて、坂道と解く。その心は「どちらも『けいしょう』でしょう」。,
,多義語型,守る伝統の年中行事,人生の「節目」を祝う、または季節の「節目」に行われる,ふしめ,節目 (時期的な区切り、転換点),節目 (竹や木材の、節と節の間),竹や木材,守る伝統の年中行事とかけて、竹や木材と解く。その心は「どちらも『節目』でしょう」。,
,多義語型,守る伝統の年中行事,長い歴史や経験を「重ねる」,かさねる,重ねる (年月や経験を積み重ねる),重ねる (物理的に物を上に置く),皿を洗う人,守る伝統の年中行事とかけて、皿を洗う人と解く。その心は「どちらも『重ねる』でしょう」。,
,フレーズ・慣用句型,守る伝統の年中行事,長期間にわたって「息の長い」営みである,いきのながい,息が長い (長期間続くこと),息が長い (呼吸が長く続くこと),肺活量の多い歌手,守る伝統の年中行事とかけて、肺活量の多い歌手と解く。その心は「どちらも『息が長い』でしょう」。,
,フレーズ・慣用句型,守る伝統の年中行事,地域や文化に深く「根付いている」,ねづいている,根付いている (習慣や文化が定着している),根付いている (植物が土に根を下ろして定着している),庭の木,守る伝統の年中行事とかけて、庭の木と解く。その心は「どちらも『根付いている』でしょう」。,
,多義語型,予測する季節の長期予報,先の状況を予測する、見通しを立てる,みとおし,見通し,物理的な道の先が見えること,曲がりくねった山道,予測する季節の長期予報とかけて、曲がりくねった山道と解く。その心は『どちらも**見通し**が重要でしょう。』,
,完全な同音異義語型,予測する季節の長期予報,変化の傾向を示す、特定の方向性がある,けいこう,傾向,蛍光,ブラックライトで光るTシャツ,予測する季節の長期予報とかけて、ブラックライトで光るTシャツと解く。その心は『どちらも**傾向**（蛍光）があるでしょう。』,
,フレーズ・慣用句型,予測する季節の長期予報,結果が不確実である、将来の状況が読めない,さきがみえない,先が見えない,（濃霧などで）物理的に前方を見通せない,濃霧の中を運転するドライバー,予測する季節の長期予報とかけて、濃霧の中を運転するドライバーと解く。その心は『どちらも**先が見えない**でしょう。』,
,完全な同音異義語型,予測する季節の長期予報,与えられた情報から未来を推し量る,はんだん,判断,半田,電子回路の基板,予測する季節の長期予報とかけて、電子回路の基板と解く。その心は『どちらも**判断**（半田）が必要でしょう。』,
,多義語型,予測する季節の長期予報,気象状況や気温などが変動する,へんか,変化,（野球の）変化球,打者を惑わす野球の投手,予測する季節の長期予報とかけて、打者を惑わす野球の投手と解く。その心は『どちらも**変化**があるでしょう。』,
,フレーズ・慣用句型,予測する季節の長期予報,未来の状況や運命などを予測する,みらいをうらなう,未来を占う,（タロットカードなどで）運勢を占う,客の運勢を占う占い師,予測する季節の長期予報とかけて、客の運勢を占う占い師と解く。その心は『どちらも**未来を占う**でしょう。』,
,完全な同音異義語型,進む深刻な地球温暖化,気温が上昇し、地球全体が熱を持つ,あつくなる,暑くなる,熱くなる,スポーツの応援団,「進む深刻な地球温暖化」とかけて、「スポーツの応援団」と解く。その心は『どちらも「熱くなる」』でしょう。,
,完全な同音異義語型,進む深刻な地球温暖化,氷河や氷床が溶けてなくなる,とける,溶ける,解ける,名探偵,「進む深刻な地球温暖化」とかけて、「名探偵」と解く。その心は『どちらも「謎が解ける」』でしょう。,
,多義語型,進む深刻な地球温暖化,気温が上昇する、度合いが増す,あがる,上がる,上がる,舞台役者,「進む深刻な地球温暖化」とかけて、「舞台役者」と解く。その心は『どちらも「上がる」』でしょう。,
,多義語型,進む深刻な地球温暖化,問題や危機がより一層深刻になる,ふかまる,深まる,深まる,夜勤の警備員,「進む深刻な地球温暖化」とかけて、「夜勤の警備員」と解く。その心は『どちらも「深まる」』でしょう。,
,フレーズ・慣用句型,進む深刻な地球温暖化,問題が手に負えず、制御が困難な状況,てがつけられない,手がつけられない,手がつけられない,食欲不振の病人,「進む深刻な地球温暖化」とかけて、「食欲不振の病人」と解く。その心は『どちらも「手がつけられない」』でしょう。,
,フレーズ・慣用句型,進む深刻な地球温暖化,問題の解決策が見えず、困り果てる,あたまをかかえる,頭を抱える,頭を抱える,絶望した人,「進む深刻な地球温暖化」とかけて、「絶望した人」と解く。その心は『どちらも「頭を抱える」』でしょう。,
,完全な同音異義語型,分ける日本の春夏秋冬,季節を区分けすることで、次の季節への準備が整う状態,わける,分ける（区分けする）,沸ける（湯が沸騰する）,入浴の準備,分ける日本の春夏秋冬とかけて、入浴の準備と解く。その心は「どちらも『沸ける/分ける』でしょう。」,
,多義語型,分ける日本の春夏秋冬,季節ごとに自然の風景が変化する状態,けしきがかわる,景色が変わる（自然の風景が変化する）,景色が変わる（状況や見え方が一変する）,劇的な経営改革,分ける日本の春夏秋冬とかけて、劇的な経営改革と解く。その心は「どちらも『景色が変わる』でしょう。」,
,フレーズ・慣用句型,分ける日本の春夏秋冬,それぞれの季節に特有の盛りや良い時期がある状態,しゅんがある,旬がある（季節ごとの最も良い時期）,旬がある（才能や人気が最も輝く時期）,人気絶頂のアイドル,分ける日本の春夏秋冬とかけて、人気絶頂のアイドルと解く。その心は「どちらも『旬がある』でしょう。」,
,完全な同音異義語型,分ける日本の春夏秋冬,年間という時間を、特定の時期に区分けすること,じきをわける,時期を分ける（時間を区分けする）,磁気を分ける（磁力で物質を分離する）,鉱石の選別作業,分ける日本の春夏秋冬とかけて、鉱石の選別作業と解く。その心は「どちらも『磁気を分ける/時期を分ける』でしょう。」,
,多義語型,分ける日本の春夏秋冬,季節の移ろいによって、自然の色合いが変化する状態,いろあいがかわる,色合いが変わる（風景の色調が変化する）,色合いが変わる（物事の雰囲気やニュアンスが変化する）,緊迫した会議のムード,分ける日本の春夏秋冬とかけて、緊迫した会議のムードと解く。その心は「どちらも『色合いが変わる』でしょう。」,
,フレーズ・慣用句型,分ける日本の春夏秋冬,季節を区分けすることで、一年間の生活に変化とリズムが生まれる状態,めりはりがつく,メリハリがつく（四季の移ろいによって生活に変化が生まれる）,メリハリがつく（話や行動に緩急がつき、内容が引き立つ）,聴衆を惹きつける講演,分ける日本の春夏秋冬とかけて、聴衆を惹きつける講演と解く。その心は「どちらも『メリハリがつく』でしょう。」,
,完全な同音異義語型,訪れる春秋のお彼岸,先祖を祀る期間,まつり,祀り,祭り,夏の賑やかな地域イベント,訪れる春秋のお彼岸とかけて、夏の賑やかな地域イベントと解く。その心は「どちらも『まつり』でしょう。」,
,完全な同音異義語型,訪れる春秋のお彼岸,墓参りのために場所を訪れる,たずねる,訪ねる,尋ねる,道に迷った観光客,訪れる春秋のお彼岸とかけて、道に迷った観光客と解く。その心は「どちらも『たずねる』でしょう。」,
,多義語型,訪れる春秋のお彼岸,墓石に水を掛ける行為,かける,掛ける（水を掛ける）,掛ける（橋を掛ける）,工事現場の作業員,訪れる春秋のお彼岸とかけて、工事現場の作業員と解く。その心は「どちらも『掛ける』でしょう。」,
,多義語型,訪れる春秋のお彼岸,家族や親戚が故人のために寄り集まる,よる,寄る（人が集まる）,寄る（波が打ち寄せる）,サーファー,訪れる春秋のお彼岸とかけて、サーファーと解く。その心は「どちらも『寄る』でしょう。」,
,フレーズ・慣用句型,訪れる春秋のお彼岸,先祖や伝統を大切にする期間,たいせつにする,大切にする,大切にする,古い文化財の修復家,訪れる春秋のお彼岸とかけて、古い文化財の修復家と解く。その心は「どちらも『大切にする』でしょう。」,
,フレーズ・慣用句型,訪れる春秋のお彼岸,お墓に足を運ぶ行為,あしをはこぶ,足を運ぶ,足を運ぶ,展示会で新たな顧客を探す営業マン,訪れる春秋のお彼岸とかけて、展示会で新たな顧客を探す営業マンと解く。その心は「どちらも『足を運ぶ』でしょう。」,
,完全な同音異義語型,祝う季節の節句,祝賀行事として宴を開くこと,うたげ,祝宴を開く,歌劇を演じる,歌劇団,祝う季節の節句とかけて、歌劇団と解く。その心は『どちらも宴（うたげ）でしょう。』,
,多義語型,祝う季節の節句,子どもの健康と順調な育ちを祈ること,せいちょう,子どもの成長を願う,植物が大きく育つこと,園芸家,祝う季節の節句とかけて、園芸家と解く。その心は『どちらも成長（せいちょう）を願うでしょう。』,
,フレーズ・慣用句型,祝う季節の節句,お祝いの席を華やかにすること,はなをそえる,お祝い事に花を添える,良い状況にさらに良いものを加えること,成績優秀者の表彰式,祝う季節の節句とかけて、成績優秀者の表彰式と解く。その心は『どちらも花を添えるでしょう。』,
,完全な同音異義語型,祝う季節の節句,鯉のぼりや飾り物を設置する,たてる,鯉のぼりや飾りを立てる,計画や方針を立てる,新規プロジェクトの企画担当者,祝う季節の節句とかけて、新規プロジェクトの企画担当者と解く。その心は『どちらも「立てる」でしょう。』,
,多義語型,祝う季節の節句,邪気や厄を取り除くこと,はらう,邪気や厄を祓う,商品やサービスの代金を支払う,スーパーのレジ係,祝う季節の節句とかけて、スーパーのレジ係と解く。その心は『どちらも「はらう」でしょう。』,
,フレーズ・慣用句型,祝う季節の節句,お祝いの気持ちや言葉を伝えること,おくる,お祝いの言葉を贈る,荷物や郵便物を届ける,郵便配達員,祝う季節の節句とかけて、郵便配達員と解く。その心は『どちらも「送る」でしょう。』,
,完全な同音異義語型,数える壁掛けの暦,日数が毎日めくることで減っていく,へる,減る,経る,長旅をする人,数える壁掛けの暦とかけて、長旅をする人と解く。その心は『どちらも「へる」（減る/経る）』でしょう。,
,完全な同音異義語型,数える壁掛けの暦,月が替わることで表示が変わる,つきがかわる,月が変わる,付きが変わる,転職した人,数える壁掛けの暦とかけて、転職した人と解く。その心は『どちらも「つきがかわる」（月が変わる/付きが変わる）』でしょう。,
,多義語型,数える壁掛けの暦,壁に掛けて使用する,かける,掛ける,賭ける,ギャンブルに熱中する人,数える壁掛けの暦とかけて、ギャンブルに熱中する人と解く。その心は『どちらも「かける」でしょう。』,
,多義語型,数える壁掛けの暦,予定や記念日を書き込むことで計画ができる,たつ,立つ（計画が立つ）,立つ（人が立つ）,朝礼の参加者,数える壁掛けの暦とかけて、朝礼の参加者と解く。その心は『どちらも「立つ」でしょう。』,
,フレーズ・慣用句型,数える壁掛けの暦,年末に近づくと残りの日数が少なくなり、終わりがはっきりとわかる,おわりがみえる,終わりが見える（残りの期間が少ない）,終わりが見える（プロジェクトの完成が見える）,完成間近の建設現場の監督,数える壁掛けの暦とかけて、完成間近の建設現場の監督と解く。その心は『どちらも「終わりが見える」でしょう。』,
,フレーズ・慣用句型,数える壁掛けの暦,日数をめくることで、残りの期間が減っていく,のこりがすくない,残りが少ない（残りの日数が）,残りが少ない（残りのお金が）,財布の中身が少ない学生,数える壁掛けの暦とかけて、財布の中身が少ない学生と解く。その心は『どちらも「残りが少ない」でしょう。』,
,完全な同音異義語型,惜しむ年末の行く年,残り時間が少ないこと,のこり,残り（時間が）,残り（食べ物や物資の残部）,食事の後のお皿,「惜しむ年末の行く年」とかけて、「食事の後のお皿」と解く。その心は「どちらも『残り』が気になるでしょう。」,
,完全な同音異義語型,惜しむ年末の行く年,時間を見送る、終わりが近い,おくり,送り（行く年を）,贈り（プレゼントなど）,誕生日プレゼントを選ぶ人,「惜しむ年末の行く年」とかけて、「誕生日プレゼントを選ぶ人」と解く。その心は「どちらも『送り』を考えるでしょう。」,
,多義語型,惜しむ年末の行く年,一年を振り返り、過去を思うこと,かんがえる,考える（過去を）,考える（未来を予測し、戦略を練る）,将棋の対局者,「惜しむ年末の行く年」とかけて、「将棋の対局者」と解く。その心は「どちらも『考える』でしょう。」,
,多義語型,惜しむ年末の行く年,一年の終わりに区切りをつけること,くぎり,区切り（年間の）,区切り（文章の）,長文を書くライター,「惜しむ年末の行く年」とかけて、「長文を書くライター」と解く。その心は「どちらも『区切り』が大切でしょう。」,
,フレーズ・慣用句型,惜しむ年末の行く年,過ぎ去る時間を惜しむ、終わりが近い状況,あとわずか,後わずか（残された時間が）,後わずか（ゴールまで）,マラソンランナー,「惜しむ年末の行く年」とかけて、「マラソンランナー」と解く。その心は「どちらも『あとわずか』で終わりが見えるでしょう。」,
,フレーズ・慣用句型,惜しむ年末の行く年,一年を振り返り、思いを馳せること,おもいをはせる,思いを馳せる（過ぎた年に）,思いを馳せる（遠い故郷に）,故郷を離れて暮らす人,「惜しむ年末の行く年」とかけて、「故郷を離れて暮らす人」と解く。その心は「どちらも『思いを馳せる』でしょう。」,
,完全な同音異義語型,待つ期待の来る年,時間が経過して新しい年が訪れること,くる,来る（年がやってくる）,繰る（ページをめくる、そろばんの珠を動かす）,そろばん名人,待つ期待の来る年とかけて、そろばん名人と解く。その心は『どちらも「来る（繰る）」でしょう。』,
,完全な同音異義語型,待つ期待の来る年,新しい年を心待ちにしていること,まつ,待つ（来る年を心待ちにする）,松（縁起の良い常緑樹）,門松,待つ期待の来る年とかけて、門松と解く。その心は『どちらも「松（待つ）」でしょう。』,
,多義語型,待つ期待の来る年,新しい出来事や期間が始まること,はじまる,始まる（新しい年が始まる）,始まる（物事が原因で発生する、開催される）,喧嘩,待つ期待の来る年とかけて、喧嘩と解く。その心は『どちらも「始まる」でしょう。』,
,多義語型,待つ期待の来る年,先の展望や予測があること,みとおし,見通し（未来への展望、予測）,見通し（視界が遮られないこと）,見晴らしの良い場所,待つ期待の来る年とかけて、見晴らしの良い場所と解く。その心は『どちらも「見通し」でしょう。』,
,フレーズ・慣用句型,待つ期待の来る年,新しい年を心から楽しみにしている気持ち,まちどおしい,待ち遠しい（来る年を心待ちにしている心情）,待ち遠しい（特定の出来事を心待ちにする心情）,遠足前の小学生,待つ期待の来る年とかけて、遠足前の小学生と解く。その心は『どちらも「待ち遠しい」でしょう。』,
,フレーズ・慣用句型,待つ期待の来る年,希望に胸を膨らませ、わくわくする心情,むねをおどらせる,胸を躍らせる（期待でわくわくする）,胸を躍らせる（喜びや興奮でドキドキする）,応援しているチームの逆転劇,待つ期待の来る年とかけて、応援しているチームの逆転劇と解く。その心は『どちらも「胸を躍らせる」でしょう。』,
,完全な同音異義語型,詠み込む俳句の季語,季節を表す言葉であり、句にその時期を定める要素,きご,季語,記号,道路標識,詠み込む俳句の季語とかけて、道路標識と解く。その心は「どちらも『記号』でしょう。」,
,多義語型,詠み込む俳句の季語,俳句の中に季節感を表現し、情景を具体的に示す言葉,あらわす,表す,現す,舞台に登場する役者,詠み込む俳句の季語とかけて、舞台に登場する役者と解く。その心は「どちらも『姿を表す（現す）』でしょう。」,
,フレーズ・慣用句型,詠み込む俳句の季語,俳句全体に季節の彩りや情感を加え、魅力を増す役割,いろをそえる,色を添える,色を添える,地味な料理に添える野菜,詠み込む俳句の季語とかけて、地味な料理に添える野菜と解く。その心は「どちらも『色を添える』でしょう。」,
,完全な同音異義語型,詠み込む俳句の季語,季節の到来や特徴を読者に伝える言葉,つげる,告げる,漬ける,漬物を作る人,詠み込む俳句の季語とかけて、漬物を作る人と解く。その心は「どちらも『告げる（漬ける）』でしょう。」,
,多義語型,詠み込む俳句の季語,俳句に特有の風情や味わいをもたらす言葉,おもむき,趣,赴き,任務のために遠方へ赴く転勤族,詠み込む俳句の季語とかけて、任務のために遠方へ赴く転勤族と解く。その心は「どちらも『趣（赴き）』があるでしょう。」,
,フレーズ・慣用句型,詠み込む俳句の季語,読み手の心に深く残り、感動を与える言葉,いんしょうをのこす,印象を残す,印象を残す,強烈なパフォーマンスで観客を魅了する歌手,詠み込む俳句の季語とかけて、強烈なパフォーマンスで観客を魅了する歌手と解く。その心は「どちらも『印象を残す』でしょう。」,
,多義語型,巡る夏の土用,特定の期間が回ってくる、訪れる,めぐる,巡る（季節が訪れる）,巡る（各地を旅する、移動する）,旅人,巡る夏の土用とかけて、旅人と解く。その心は『どちらも【巡る】でしょう。』,
,完全な同音異義語型,巡る夏の土用,土用の丑の日にウナギを食べる,うし,丑（土用の丑の日）,牛（動物のウシ）,牧場,巡る夏の土用とかけて、牧場と解く。その心は『どちらも【丑（うし）】がいるでしょう。』,
,フレーズ・慣用句型,巡る夏の土用,ウナギなどを食べて体力を回復する,せいをつける,精をつける（滋養をとり体力を養う）,声をつける（アニメや映画に声を吹き込む）,声優,巡る夏の土用とかけて、声優と解く。その心は『どちらも【精（声）をつける】でしょう。』,
,完全な同音異義語型,巡る夏の土用,土用という言葉の「土」,つち,土（大地、土壌）,槌（ものを叩く道具）,大工,巡る夏の土用とかけて、大工と解く。その心は『どちらも【土（槌）】を使うでしょう。』,
,多義語型,巡る夏の土用,熱中症や夏バテに気を配る,ようじん,用心（体調管理に気を付ける）,用心（危険から身を守る、警戒する）,ボディーガード,巡る夏の土用とかけて、ボディーガードと解く。その心は『どちらも【用心】が欠かせないでしょう。』,
,フレーズ・慣用句型,巡る夏の土用,暑さで体力が消耗し、疲労する,ちからがぬける,力が抜ける（暑さでぐったりする）,力が抜ける（緊張がほぐれる、笑ってしまう）,漫才師,巡る夏の土用とかけて、漫才師と解く。その心は『どちらも【力が抜ける】でしょう。』,
,完全な同音異義語型,迎える春の始まりの立春,冬の終わり、寒さが去る時期,さる,去る（寒さが去る）,猿（動物のサル）,木登りが得意な動物,迎える春の始まりの立春とかけて、木登りが得意な動物と解く。その心は「どちらも『去る/猿』でしょう。」,
,完全な同音異義語型,迎える春の始まりの立春,暖かくなる季節、一年のある期間,はる,春（季節）,張る（物を広げる、気を張る）,テント設営の職人,迎える春の始まりの立春とかけて、テント設営の職人と解く。その心は「どちらも『春/張る』でしょう。」,
,多義語型,迎える春の始まりの立春,季節の変わり目、古いものから新しいものへの移行,きりかえ,切り替え（季節の切り替え）,切り替え（気持ちの切り替え、装置の切り替え）,鉄道のポイント係,迎える春の始まりの立春とかけて、鉄道のポイント係と解く。その心は「どちらも『切り替え』でしょう。」,
,多義語型,迎える春の始まりの立春,暦上の春の始まり、物事の開始,たつ,立つ（立春の『立つ』、春が立つ）,立つ（計画が立つ、席を立つ、腕が立つ）,新規プロジェクトのリーダー,迎える春の始まりの立春とかけて、新規プロジェクトのリーダーと解く。その心は「どちらも『立つ』でしょう。」,
,フレーズ・慣用句型,迎える春の始まりの立春,新しい生命の兆候、希望の萌芽,めぶき,芽吹き（植物の芽吹き）,芽吹き（才能の芽吹き、アイデアの芽吹き）,未来のノーベル賞学者を目指す若者,迎える春の始まりの立春とかけて、未来のノーベル賞学者を目指す若者と解く。その心は「どちらも『芽吹き』が感じられるでしょう。」,
,フレーズ・慣用句型,迎える春の始まりの立春,季節の到来を知らせる、案内する,つげる,告げる（春の訪れを告げる）,告げる（命令を告げる、秘密を告げる）,舞台でセリフを言う俳優,迎える春の始まりの立春とかけて、舞台でセリフを言う俳優と解く。その心は「どちらも『告げる』でしょう。」,
,完全な同音異義語型,終わる長雨の梅雨明け,梅雨が終わり、季節が移り変わる,カギをあける,梅雨が明ける,鍵を開ける,金庫破り,終わる長雨の梅雨明けとかけて、金庫破りと解く。その心は「どちらも『カギをあける』でしょう。」,
,完全な同音異義語型,終わる長雨の梅雨明け,雨が止む,あめがあがる,雨が上がる,揚げ物があがる,美味しい天ぷらを揚げる料理人,終わる長雨の梅雨明けとかけて、美味しい天ぷらを揚げる料理人と解く。その心は「どちらも『あめがあがる』でしょう。」,
,多義語型,終わる長雨の梅雨明け,空が澄み渡る,はれる,空が晴れる,疑いが晴れる,冤罪を証明された容疑者,終わる長雨の梅雨明けとかけて、冤罪を証明された容疑者と解く。その心は「どちらも『はれる』でしょう。」,
,多義語型,終わる長雨の梅雨明け,じめじめした状況が一段落する,きりがつく,区切りがつく,面倒な仕事に区切りがつく,長期プロジェクトを完遂したリーダー,終わる長雨の梅雨明けとかけて、長期プロジェクトを完遂したリーダーと解く。その心は「どちらも『きりがつく』でしょう。」,
,フレーズ・慣用句型,終わる長雨の梅雨明け,太陽が顔を出し、明るくなる,あかるいみらいがみえてくる,明るい日差しが見えてくる,明るい未来が見えてくる,長い闘病生活を終え、回復に向かっている人,終わる長雨の梅雨明けとかけて、長い闘病生活を終え、回復に向かっている人と解く。その心は「どちらも『明るい未来が見えてくる』でしょう。」,
,フレーズ・慣用句型,終わる長雨の梅雨明け,湿気がなくなり、物が乾燥する,かわく,洗濯物が乾く,喉が渇く,砂漠をさまよう旅人,終わる長雨の梅雨明けとかけて、砂漠をさまよう旅人と解く。その心は「どちらも『かわく』でしょう。」,
,完全な同音異義語型,祝う昼が最も長い夏至,昼の長さが一年で一番長いこと。,さいちょう,最長（最も時間が長い）,最澄（平安時代の高僧の名前）,平安時代の高僧,「祝う昼が最も長い夏至」とかけて、「平安時代の高僧」と解く。その心は「どちらも『最長（さいちょう）』でしょう。」,
,完全な同音異義語型,祝う昼が最も長い夏至,昼の時間が通常よりも長く伸びている状態。,えんちょう,延長（時間が長く伸びること）,園長（幼稚園や保育園の責任者）,幼稚園,「祝う昼が最も長い夏至」とかけて、「幼稚園」と解く。その心は「どちらも『園長（えんちょう）』がいるでしょう。」,
,多義語型,祝う昼が最も長い夏至,昼の時間が長く続くこと。,のびる,伸びる（物理的に時間が長く続く）,伸びる（成長して背が高くなる）,育ち盛りの子供,「祝う昼が最も長い夏至」とかけて、「育ち盛りの子供」と解く。その心は「どちらも『伸びる』でしょう。」,
,多義語型,祝う昼が最も長い夏至,太陽が一年で最も高い位置に来る点、または昼の長さが最高になる点。,ちょうてん,頂点（物理的な最高点、時間的な最高点）,頂点（社会的地位や能力の最高位）,業界で最も成功した経営者,「祝う昼が最も長い夏至」とかけて、「業界で最も成功した経営者」と解く。その心は「どちらも『頂点（ちょうてん）』にいるでしょう。」,
,フレーズ・慣用句型,祝う昼が最も長い夏至,物理的に昼の時間が長く続くこと。,ひがながい,日が長い（実際の昼の長さ）,日が長い（時間を持て余して退屈すること）,無職で暇を持て余している人,「祝う昼が最も長い夏至」とかけて、「無職で暇を持て余している人」と解く。その心は「どちらも『日が長い』でしょう。」,
,フレーズ・慣用句型,祝う昼が最も長い夏至,祝祭的な特別な日であり、一年で最も明るい日。,はれのひ,ハレの日（非日常的で祝うべき日）,晴れの日（天気が良く、行楽に適した日）,運動会を心待ちにしている子供たち,「祝う昼が最も長い夏至」とかけて、「運動会を心待ちにしている子供たち」と解く。その心は「どちらも『ハレの日』を願うでしょう。」,
,多義語型,迎える夜が最も長い冬至,夜明けを「待つ」時間が長い,まつ,待つ,松,お正月の飾り付け,「迎える夜が最も長い冬至」とかけて、「お正月の飾り付け」と解く。その心は『どちらも「松」でしょう。』,
,フレーズ・慣用句型,迎える夜が最も長い冬至,柚子湯に入って体が温まり、その香りが湯に「利く」,ゆうずうがきく,柚子が利く,融通が利く,どんな顧客にも柔軟に対応できるベテラン営業マン,「迎える夜が最も長い冬至」とかけて、「どんな顧客にも柔軟に対応できるベテラン営業マン」と解く。その心は『どちらも「融通が利く」でしょう。』,
,完全な同音異義語型,迎える夜が最も長い冬至,これからは日が長くなる「起点」である,きてん,起点,機転,ピンチを機転で乗り切る人,「迎える夜が最も長い冬至」とかけて、「ピンチを機転で乗り切る人」と解く。その心は『どちらも「起点（機転）」でしょう。』,
,多義語型,迎える夜が最も長い冬至,夜が「暗い」,くらい,暗い,位,高い身分のお殿様,「迎える夜が最も長い冬至」とかけて、「高い身分のお殿様」と解く。その心は『どちらも「位」があるでしょう。』,
,フレーズ・慣用句型,迎える夜が最も長い冬至,日照時間が「足りない」,ひがたりない,日が足りない,人が足りない,人手不足で困っている会社,「迎える夜が最も長い冬至」とかけて、「人手不足で困っている会社」と解く。その心は『どちらも「日が足りない（人が足りない）」でしょう。』,
,完全な同音異義語型,迎える夜が最も長い冬至,冬の「芯」からの冷え込み,しん,芯,芯,鉛筆,「迎える夜が最も長い冬至」とかけて、「鉛筆」と解く。その心は『どちらも「芯」があるでしょう。』,
,完全な同音異義語型,感じる季節の風情,季節の移り変わりのサインや象徴を捉えること,めじるし,目印（季節の訪れの兆し）,芽印（植物の芽吹き）,春を待つ木々,感じる季節の風情とかけて、春を待つ木々と解く。その心は『どちらも芽印(めじるし)』でしょう。,
,完全な同音異義語型,感じる季節の風情,静かで落ち着いた雰囲気を感じ取ること,しずけさ,静けさ（自然の穏やかな様子）,鎮けさ（騒ぎが収まり平穏な状態）,事件が解決した後の街,感じる季節の風情とかけて、事件が解決した後の街と解く。その心は『どちらも静けさ(しずけさ)』でしょう。,
,多義語型,感じる季節の風情,季節の趣や移ろいを心で深く楽しむこと,あじわい,味わい（心で感じる趣や深み）,味わい（食べ物や飲み物の風味）,美食家,感じる季節の風情とかけて、美食家と解く。その心は『どちらも味わい(あじわい)を大切にする』でしょう。,
,多義語型,感じる季節の風情,風の音や虫の声など、季節を告げる自然の音を聞き取ること,おと,音（自然界の響き）,音（音楽や楽器の響き）,オーケストラの指揮者,感じる季節の風情とかけて、オーケストラの指揮者と解く。その心は『どちらも音(おと)を大切にする』でしょう。,
,フレーズ・慣用句型,感じる季節の風情,季節の情景や変化が心に深い感動を与えること,こころにひびく,心に響く（季節の美しさに感動する）,心に響く（感動的な言葉や音楽が心に届く）,感動的なスピーチを聞く聴衆,感じる季節の風情とかけて、感動的なスピーチを聞く聴衆と解く。その心は『どちらも心に響く(こころにひびく)ものがある』でしょう。,
,フレーズ・慣用句型,感じる季節の風情,季節の移り変わりや自然の傾向を肌で察知すること,ながれをよむ,流れを読む（季節の移ろいや変化を察知する）,流れを読む（物事の動向やトレンドを予測する）,相場の投資家,感じる季節の風情とかけて、相場の投資家と解く。その心は『どちらも流れを読む(ながれをよむ)』でしょう。,
,完全な同音異義語型,詠む季節の俳句,言葉を吟味し、より良い表現を追求する,すいこう,推敲する,水耕,水耕栽培の野菜,詠む季節の俳句とかけて、水耕栽培の野菜と解く。その心は「どちらも『推敲』(水耕)するでしょう。」,
,多義語型,詠む季節の俳句,句の構成や内容がしっかりとして、情景が伝わる状態になる,たつ,句が「立つ」,起立して「立つ」,朝礼で整列する生徒たち,詠む季節の俳句とかけて、朝礼で整列する生徒たちと解く。その心は「どちらも『立つ』でしょう。」,
,フレーズ・慣用句型,詠む季節の俳句,言葉を選び、繋ぎ合わせて作品を創り出す,つむぐ,言葉を「紡ぐ」,糸を「紡ぐ」,蚕,詠む季節の俳句とかけて、蚕と解く。その心は「どちらも『紡ぐ』でしょう。」,
,完全な同音異義語型,詠む季節の俳句,五七五の形式を持つ短い詩,く,「句」,「区」,行政の区画,詠む季節の俳句とかけて、行政の区画と解く。その心は「どちらも『区』があるでしょう。」,
,多義語型,詠む季節の俳句,言葉によって情景や感情を表現する,えがく,情景を「描く」,絵を「描く」,風景画家,詠む季節の俳句とかけて、風景画家と解く。その心は「どちらも『描く』でしょう。」,
,フレーズ・慣用句型,詠む季節の俳句,雑念を払い、集中して精神状態を研ぎ澄ます,すます,心を「澄ます」,水を「澄ます」,浄水器,詠む季節の俳句とかけて、浄水器と解く。その心は「どちらも『澄ます』でしょう。」,
,完全な同音異義語型,移ろう季節の変わり目,気候や天候が変化する状態,かわる,変わる（天候や状況の変化）,代わる（役割や役目の交代）,仕事の引き継ぎ,移ろう季節の変わり目とかけて、仕事の引き継ぎと解く。その心は『どちらも「かわる」でしょう。』,
,多義語型,移ろう季節の変わり目,気候や気温が安定しない状態,ふあんてい,不安定（気候や天候が定まらないこと）,不安定（心が落ち着かない状態）,思春期の若者,移ろう季節の変わり目とかけて、思春期の若者と解く。その心は『どちらも「不安定」でしょう。』,
,フレーズ・慣用句型,移ろう季節の変わり目,気温差が大きく体調を崩しやすい状態,たいちょうをくずしやすい,体調を崩しやすい（気候の変化で健康を損ねやすいこと）,調子を崩しやすい（能力やリズムが狂うこと）,プロのスポーツ選手,移ろう季節の変わり目とかけて、プロのスポーツ選手と解く。その心は『どちらも「体調を崩しやすい」でしょう。』,
,完全な同音異義語型,移ろう季節の変わり目,季節が周期的に移り変わる状態,めぐり,巡り（季節が周期的にやってくること）,巡り（血液や運命の流れ）,冷え性の人,移ろう季節の変わり目とかけて、冷え性の人と解く。その心は『どちらも「めぐり」でしょう。』,
,多義語型,移ろう季節の変わり目,次の季節への準備が必要な状態,ようい,用意（次の季節への準備）,用意（心構えや覚悟）,大事な試験を控える受験生,移ろう季節の変わり目とかけて、大事な試験を控える受験生と解く。その心は『どちらも「用意」が肝心でしょう。』,
,フレーズ・慣用句型,移ろう季節の変わり目,天候や気温の変化が激しい状態,ねこのめ,猫の目（天候が変わりやすいことの比喩）,猫の目（実際の動物の目）,暗闇にいる猫,移ろう季節の変わり目とかけて、暗闇にいる猫と解く。その心は『どちらも「猫の目」でしょう。』,
,完全な同音異義語型,汗だくの夏の盆踊り,人が集まり、輪になって踊る光景,わになる,輪になる,和になる,意見がまとまらない会議,汗だくの夏の盆踊りとかけて、意見がまとまらない会議と解く。その心は「どちらも『わになる（輪になる／和になる）』でしょう。」,
,完全な同音異義語型,汗だくの夏の盆踊り,熱気と興奮で暑い状態,ねっき,熱気,寝つき,不眠症に悩む人,汗だくの夏の盆踊りとかけて、不眠症に悩む人と解く。その心は「どちらも『ねっき（熱気／寝つき）』が悪いでしょう。」,
,多義語型,汗だくの夏の盆踊り,暑さで衣服を脱ぎ、肌が露出した状態,はだか,裸,裸,全てを包み隠さず語る自伝,汗だくの夏の盆踊りとかけて、全てを包み隠さず語る自伝と解く。その心は「どちらも『裸』になるでしょう。」,
,多義語型,汗だくの夏の盆踊り,汗で体がしっとり濡れる状態,しめる,湿る,占める,市場の大きな割合を占める商品,汗だくの夏の盆踊りとかけて、市場の大きな割合を占める商品と解く。その心は「どちらも『しめる（湿る／占める）』でしょう。」,
,フレーズ・慣用句型,汗だくの夏の盆踊り,物理的に多くの汗を流す様子,あせをかく,汗をかく,汗をかく,新しい事業を立ち上げる準備,汗だくの夏の盆踊りとかけて、新しい事業を立ち上げる準備と解く。その心は「どちらも『汗をかく』でしょう。」,
,フレーズ・慣用句型,汗だくの夏の盆踊り,リズムに合わせて手や足を活発に動かす動作,てあしをうごかす,手足を動かす,手足を動かす,選挙に向けて根回しをする政治家,汗だくの夏の盆踊りとかけて、選挙に向けて根回しをする政治家と解く。その心は「どちらも『手足を動かす』でしょう。」,
,完全な同音異義語型,痛い真冬の乾布摩擦,寒いと風邪をひくリスクがある,ひく,風邪をひく,線を引く,定規と鉛筆,痛い真冬の乾布摩擦とかけて、定規と鉛筆と解く。その心は『どちらも線をひくでしょう。』,
,完全な同音異義語型,痛い真冬の乾布摩擦,体をこすることで最終的に体が温まる,あたる,温まる（摩擦熱が体に当たる）,日が当たる,日当たりの良い部屋,痛い真冬の乾布摩擦とかけて、日当たりの良い部屋と解く。その心は『どちらも当たるでしょう。』,
,多義語型,痛い真冬の乾布摩擦,体を鍛える行為である,きたえる,体を鍛える,技術を鍛える,腕の良い職人,痛い真冬の乾布摩擦とかけて、腕の良い職人と解く。その心は『どちらも鍛えるでしょう。』,
,多義語型,痛い真冬の乾布摩擦,寒さに耐える行為である,たえる,寒さに耐える,重責に耐える,重責を担うリーダー,痛い真冬の乾布摩擦とかけて、重責を担うリーダーと解く。その心は『どちらも耐えるでしょう。』,
,フレーズ・慣用句型,痛い真冬の乾布摩擦,裸になって身をさらす,みをさらす,身をさらす（裸になる）,身をさらす（危険に身を置く）,危険な任務に赴くスパイ,痛い真冬の乾布摩擦とかけて、危険な任務に赴くスパイと解く。その心は『どちらも身をさらすでしょう。』,
,フレーズ・慣用句型,痛い真冬の乾布摩擦,皮膚がヒリヒリする感覚,ひりひりする,皮膚がヒリヒリする,心がヒリヒリする,辛い経験をした人,痛い真冬の乾布摩擦とかけて、辛い経験をした人と解く。その心は『どちらも心がヒリヒリするでしょう。』,
,多義語型,凍える大雪の日の雪かき,雪が次第に増えていく状態,つもる,積もる（雪が積もる）,積もる（経験が積もる）,多くの失敗を経験したベテラン,凍える大雪の日の雪かきとかけて、多くの失敗を経験したベテランと解く。その心は「どちらも『積もる』でしょう。」,
,フレーズ・慣用句型,凍える大雪の日の雪かき,大雪で視界が悪く、作業の終わりが見えない状態,さきがみえない,先が見えない（雪で視界が悪く、作業の終わりが見えない）,先が見えない（将来の展望がない）,倒産寸前の会社の社長,凍える大雪の日の雪かきとかけて、倒産寸前の会社の社長と解く。その心は「どちらも『先が見えない』でしょう。」,
,完全な同音異義語型,凍える大雪の日の雪かき,重労働で体を損傷すること,いためる,痛める（腰や体を痛める）,炒める（野菜を炒める）,料理中のシェフ,凍える大雪の日の雪かきとかけて、料理中のシェフと解く。その心は「どちらも『いためる』でしょう。」,
,多義語型,凍える大雪の日の雪かき,雪を取り除く動作、汗を流す動作,かく,かく（雪をかく、汗をかく）,かく（恥をかく）,人前で失敗して顔が真っ赤な人,凍える大雪の日の雪かきとかけて、人前で失敗して顔が真っ赤な人と解く。その心は「どちらも『かく』でしょう。」,
,完全な同音異義語型,凍える大雪の日の雪かき,重労働で腰が異常な音を発すること,きしむ,きしむ（腰がきしむ）,きしむ（門や戸がきしむ）,長年使われた古い門扉,凍える大雪の日の雪かきとかけて、長年使われた古い門扉と解く。その心は「どちらも『きしむ』でしょう。」,
,フレーズ・慣用句型,凍える大雪の日の雪かき,雪が降り止まず、作業に終わりが見えない状態,きりがない,きりがない（雪かきに終わりがない）,きりがない（次々に問題が発生し、対応に終わりがない）,次々とクレームが入るコールセンターのオペレーター,凍える大雪の日の雪かきとかけて、次々とクレームが入るコールセンターのオペレーターと解く。その心は「どちらも『きりがない』でしょう。」,
,完全な同音異義語型,息苦しい真夏の満員電車,汗をかく、蒸し暑い,あせ,汗 (汗をかく状況),焦 (焦る気持ち),うっかり鍋を焦がした料理人,「息苦しい真夏の満員電車」とかけて、「うっかり鍋を焦がした料理人」と解く。その心は「どちらも『焦』でしょう。」,
,完全な同音異義語型,息苦しい真夏の満員電車,電車が停車する、時間がかかる,とまる,止まる (電車が停車する),留まる (心に残る),記憶に残る感動的な出来事,「息苦しい真夏の満員電車」とかけて、「記憶に残る感動的な出来事」と解く。その心は「どちらも『とまる』でしょう。」,
,多義語型,息苦しい真夏の満員電車,人がぎゅうぎゅう詰めで体が動かせない,みうごきがとれない,身動きが取れない (物理的に体が動かせない),身動きが取れない (経済的に八方塞がり),借金まみれの経営者,「息苦しい真夏の満員電車」とかけて、「借金まみれの経営者」と解く。その心は「どちらも『身動きが取れない』でしょう。」,
,多義語型,息苦しい真夏の満員電車,熱気や暑さがこもっている,ねつ,熱 (熱気、暑さ),熱 (情熱、熱意),スポーツの試合に熱中する選手,「息苦しい真夏の満員電車」とかけて、「スポーツの試合に熱中する選手」と解く。その心は「どちらも『熱』があるでしょう。」,
,フレーズ・慣用句型,息苦しい真夏の満員電車,酸欠で呼吸が困難な状態,いきができない,息ができない (呼吸が困難な状態),息ができない (精神的な圧迫を感じる),上司のパワハラに苦しむ部下,「息苦しい真夏の満員電車」とかけて、「上司のパワハラに苦しむ部下」と解く。その心は「どちらも『息ができない』でしょう。」,
,フレーズ・慣用句型,息苦しい真夏の満員電車,混雑で降りられず、出口が見えない,でぐちがみえない,出口が見えない (物理的に混雑している状態),出口が見えない (問題解決の糸口がない状態),困難なプロジェクトに行き詰まっている担当者,「息苦しい真夏の満員電車」とかけて、「困難なプロジェクトに行き詰まっている担当者」と解く。その心は「どちらも『出口が見えない』でしょう。」,
,多義語型,臭い真夏のゴミ出し,悪臭が酷く、不快さに「我慢できない」,がまんできない,我慢できない（不快さに耐えられない）,我慢できない（食欲や欲求を抑えられない）,大好きなスイーツを目の前にした人,「臭い真夏のゴミ出し」とかけて、「大好きなスイーツを目の前にした人」と解く。その心は「どちらも『我慢できない』でしょう。」,
,フレーズ・慣用句型,臭い真夏のゴミ出し,悪臭や不衛生さで、とても「手がつけられない」状態,てがつけられない,手がつけられない（対処できない、放置せざるを得ない）,手がつけられない（やんちゃでどうしようもない、手に負えない）,いたずら盛りの子供,「臭い真夏のゴミ出し」とかけて、「いたずら盛りの子供」と解く。その心は「どちらも『手がつけられない』でしょう。」,
,完全な同音異義語型,臭い真夏のゴミ出し,悪臭がひどく、耐え難くて「たまらない」,たまらない,堪らない（我慢できない、耐えられない）,溜まらない（貯金などが貯まらない、物が蓄積しない）,お金がなかなか貯まらない人,「臭い真夏のゴミ出し」とかけて、「お金がなかなか貯まらない人」と解く。その心は「どちらも『たまらない』でしょう。」,
,多義語型,臭い真夏のゴミ出し,腐敗が進み、虫が「湧く」,わく,湧く（虫が発生する、水などが噴き出す）,湧く（感情や歓声などがこみ上げる、盛り上がる）,歓声で盛り上がるスタジアム,「臭い真夏のゴミ出し」とかけて、「歓声で盛り上がるスタジアム」と解く。その心は「どちらも『湧く』でしょう。」,
,フレーズ・慣用句型,臭い真夏のゴミ出し,腐敗が進み、「腐りかけ」ている,くさりかけ,腐りかけ（食べ物などが腐敗し始めている状態）,腐りかけ（組織や人間関係などが健全でなくなり始めている状態）,内部から問題が発生し始めた会社,「臭い真夏のゴミ出し」とかけて、「内部から問題が発生し始めた会社」と解く。その心は「どちらも『腐りかけ』でしょう。」,
,完全な同音異義語型,臭い真夏のゴミ出し,悪臭が強烈に「たつ」,たつ,立つ（匂いが立つ、けむりが立つ）,建つ（建物が建てられる）,新しい家が完成する現場,「臭い真夏のゴミ出し」とかけて、「新しい家が完成する現場」と解く。その心は「どちらも『たつ』でしょう。」,
,完全な同音異義語型,眩しい炎天下の甲子園応援,太陽光で肌がダメージを受ける、熱を持つ,やける,焼ける,焼ける（嫉妬などで心が）,恋敵に好きな人を奪われた人,「眩しい炎天下の甲子園応援」とかけて、「恋敵に好きな人を奪われた人」と解く。その心は「どちらも『焼ける』でしょう。」,
,完全な同音異義語型,眩しい炎天下の甲子園応援,声援が選手に届くこと、メッセージが伝わること,とどく,届く,届く（書類などを提出する）,役所に婚姻届を提出するカップル,「眩しい炎天下の甲子園応援」とかけて、「役所に婚姻届を提出するカップル」と解く。その心は「どちらも『届く』でしょう。」,
,多義語型,眩しい炎天下の甲子園応援,暑さによる体温の上昇、応援の熱気や情熱,ねつ,熱,熱（病気などによる体温の上昇）,風邪をひいて寝込んでいる患者,「眩しい炎天下の甲子園応援」とかけて、「風邪をひいて寝込んでいる患者」と解く。その心は「どちらも『熱がある』でしょう。」,
,多義語型,眩しい炎天下の甲子園応援,選手がバットでボールを打つこと,うつ,打つ,打つ（交渉などで合意する）,交渉をまとめようとするビジネスマン,「眩しい炎天下の甲子園応援」とかけて、「交渉をまとめようとするビジネスマン」と解く。その心は「どちらも『手を打つ』でしょう。」,
,フレーズ・慣用句型,眩しい炎天下の甲子園応援,大声を出して声が出なくなる、喉が傷つく,こえがかれる,声が枯れる,声が枯れる（話題が尽きて会話が途絶える）,昔の友人との会話が途絶えがちになった時,「眩しい炎天下の甲子園応援」とかけて、「昔の友人との会話が途絶えがちになった時」と解く。その心は「どちらも『声が枯れる』でしょう。」,
,フレーズ・慣用句型,眩しい炎天下の甲子園応援,炎天下で長時間応援して日が暮れること,ひがくれる,日が暮れる（夕暮れ時になる）,日が暮れる（途方に暮れる）,大切な書類をなくしてしまった人,「眩しい炎天下の甲子園応援」とかけて、「大切な書類をなくしてしまった人」と解く。その心は「どちらも『日が暮れる』でしょう。」,
,完全な同音異義語型,焦げる夏の河川敷のバーベキュー,炭火の熱さ、夏の気温の高さ,あつい,熱い,厚い,人情に厚い人,焦げる夏の河川敷のバーベキューとかけて、人情に厚い人と解く。その心は「どちらも『あつい』でしょう。」,
,完全な同音異義語型,焦げる夏の河川敷のバーベキュー,肉や野菜を火で調理すること,やく,焼く,役,舞台役者,焦げる夏の河川敷のバーベキューとかけて、舞台役者と解く。その心は「どちらも『やく』でしょう。」,
,多義語型,焦げる夏の河川敷のバーベキュー,火加減を間違えて食材をダメにしてしまうこと,しくじる,しくじる,しくじる,重要なプレゼンでしくじったビジネスパーソン,焦げる夏の河川敷のバーベキューとかけて、重要なプレゼンでしくじったビジネスパーソンと解く。その心は「どちらも『しくじる』でしょう。」,
,多義語型,焦げる夏の河川敷のバーベキュー,炭に火をつけて準備を始めること,ひをおこす,火を起こす,火を起こす,家庭内で争いの火種を起こす夫婦,焦げる夏の河川敷のバーベキューとかけて、家庭内で争いの火種を起こす夫婦と解く。その心は「どちらも『火を起こす』でしょう。」,
,フレーズ・慣用句型,焦げる夏の河川敷のバーベキュー,食材を必要以上に焼いてしまうこと,やりすぎ,焼き過ぎ,やり過ぎ,ダイエットをやり過ぎて体調を崩した人,焦げる夏の河川敷のバーベキューとかけて、ダイエットをやり過ぎて体調を崩した人と解く。その心は「どちらも『やり過ぎ』でしょう。」,
,フレーズ・慣用句型,焦げる夏の河川敷のバーベキュー,夏の暑さや火の熱さで汗が体から出る状態,あせをかく,汗をかく,汗をかく,必死に勉強する受験生,焦げる夏の河川敷のバーベキューとかけて、必死に勉強する受験生と解く。その心は「どちらも『汗をかく』でしょう。」,
,完全な同音異義語型,痒い夏の庭の草むしり,蚊に刺される、虫が多い、作業中に虫と遭遇する,むし,虫（に刺される、が多い）,虫（昆虫そのもの）,虫が嫌いな子供,痒い夏の庭の草むしりとかけて、虫が嫌いな子供と解く。その心は「どちらも『虫』に困るでしょう。」,
,完全な同音異義語型,痒い夏の庭の草むしり,体がかゆい、刺されて痒い,かゆい,痒い（体が痒い）,買い（買い物）,スーパーで特売品を探す主婦,痒い夏の庭の草むしりとかけて、スーパーで特売品を探す主婦と解く。その心は「どちらも『買い（痒い）』でしょう。」,
,多義語型,痒い夏の庭の草むしり,雑草が地中に深く根を張っている,ねをはる,根を張る（雑草が土に定着する）,根を張る（地域に定着し、地盤を固める）,新しく開業した喫茶店のオーナー,痒い夏の庭の草むしりとかけて、新しく開業した喫茶店のオーナーと解く。その心は「どちらも『根を張る』でしょう。」,
,多義語型,痒い夏の庭の草むしり,暑さや重労働で汗が出る,あせをかく,汗をかく（物理的に汗が出る）,焦りを掻く（精神的に焦る）,締切間近の漫画家,痒い夏の庭の草むしりとかけて、締切間近の漫画家と解く。その心は「どちらも『汗（焦り）をかく』でしょう。」,
,フレーズ・慣用句型,痒い夏の庭の草むしり,雑草が次々と生えてきて終わりが見えない,きりがない,きりがない（雑草の量が多すぎて終わりがない）,きりがない（やることが多すぎて終わりが見えない）,大掃除の日に散らかった部屋に呆然とする人,痒い夏の庭の草むしりとかけて、大掃除の日に散らかった部屋に呆然とする人と解く。その心は「どちらも『きりがない』でしょう。」,
,フレーズ・慣用句型,痒い夏の庭の草むしり,手間がかかる、面倒な作業である,てがかかる,手がかかる（手間や労力がかかる）,手がかかる（世話が必要な子供など）,やんちゃ盛りの幼稚園児,痒い夏の庭の草むしりとかけて、やんちゃ盛りの幼稚園児と解く。その心は「どちらも『手がかかる』でしょう。」,
,多義語型,冷たい真冬の水行,極度の寒さに体が震える、精神が奮い立つ,ふるえる,震える（寒さで体が震える）,震える（感動で心が震える）,感動的なスピーチを聞いている聴衆,冷たい真冬の水行とかけて、感動的なスピーチを聞いている聴衆と解く。その心は「どちらも『震える』でしょう。」,
,完全な同音異義語型,冷たい真冬の水行,極度の寒さに耐え忍ぶ,たえる,耐える（寒さに耐え抜く）,絶える（息が絶え絶えになる）,長時間のマラソンでゴール直前のランナー,冷たい真冬の水行とかけて、長時間のマラソンでゴール直前のランナーと解く。その心は「どちらも『耐える（絶える）』でしょう。」,
,フレーズ・慣用句型,冷たい真冬の水行,雑念を払い、心の中を空っぽにする,むになる,無になる（雑念を捨て、心の中が空になる）,無になる（努力や成果が無駄になる）,長年かけて作った論文が、パソコンのフリーズで消えてしまった学生,冷たい真冬の水行とかけて、長年かけて作った論文が、パソコンのフリーズで消えてしまった学生と解く。その心は「どちらも『無になる』でしょう。」,
,多義語型,冷たい真冬の水行,寒さで体が引き締まる、精神が引き締まる,ひきしまる,引き締まる（寒さで体や精神が引き締まる）,引き締まる（財政が健全になる、表情が硬くなる）,経営不振でリストラを断行する社長,冷たい真冬の水行とかけて、経営不振でリストラを断行する社長と解く。その心は「どちらも『引き締まる』でしょう。」,
,完全な同音異義語型,冷たい真冬の水行,汚れや煩悩が水によって洗い流される,あらわれる,洗われる（穢れや煩悩が洗い清められる）,現れる（隠れていたものが姿を現す）,行方不明だった猫がようやく姿を現す,冷たい真冬の水行とかけて、行方不明だった猫がようやく姿を現す、と解く。その心は「どちらも『洗われる（現れる）』でしょう。」,
,フレーズ・慣用句型,冷たい真冬の水行,厳しい環境に身を置き、危険を顧みず努力する,からだをはる,体を張る（厳しい修行に身を投じる）,体を張る（危険を顧みず守る、行動する）,悪質なクレーマーから同僚を守る店長,冷たい真冬の水行とかけて、悪質なクレーマーから同僚を守る店長と解く。その心は「どちらも『体を張る』でしょう。」,
,完全な同音異義語型,重い年末の過酷な大掃除,汚れを除去する,おとす,汚れを落とす,データを落とす,ネットカフェの利用者,重い年末の過酷な大掃除とかけて、ネットカフェの利用者と解く。その心は「どちらも汚れやデータを落とす」でしょう。,
,完全な同音異義語型,重い年末の過酷な大掃除,身体的負担が大きい,おもい,身体的に重い,気持ちが重い,失恋して悲しみに暮れる人,重い年末の過酷な大掃除とかけて、失恋して悲しみに暮れる人と解く。その心は「どちらも気持ちが重い」でしょう。,
,多義語型,重い年末の過酷な大掃除,不要なものを外に出す,だす,ゴミを出す,成果を出す,優秀な研究者,重い年末の過酷な大掃除とかけて、優秀な研究者と解く。その心は「どちらもゴミや成果を出す」でしょう。,
,多義語型,重い年末の過酷な大掃除,ほこりなどの汚れを取り除く,はらう,ほこりを払う,借金を払う,借金取りに追われる人,重い年末の過酷な大掃除とかけて、借金取りに追われる人と解く。その心は「どちらもほこりや借金を払う」でしょう。,
,フレーズ・慣用句型,重い年末の過酷な大掃除,身体的な負担が大きいことによる疲労感,からだがきつい,肉体的に体がきつい,服のサイズが合わず体がきつい,太ってしまった人,重い年末の過酷な大掃除とかけて、太ってしまった人と解く。その心は「どちらも体がきつい」でしょう。,
,フレーズ・慣用句型,重い年末の過酷な大掃除,広範囲の作業で手が届かない状態,てがまわらない,物理的に手が回らない（作業範囲が広すぎて）,仕事が多すぎて手が回らない（対応しきれない）,複数のプロジェクトを抱える多忙なビジネスパーソン,重い年末の過酷な大掃除とかけて、複数のプロジェクトを抱える多忙なビジネスパーソンと解く。その心は「どちらも手が回らない」でしょう。,
,完全な同音異義語型,苦い忘年会の二日酔い,飲み過ぎて頭に痛みが走る状態,がんがん,頭がガンガンする,鉱山で石炭などを勢いよく掘る音や様子,炭鉱夫,"苦い忘年会の二日酔いとかけて、炭鉱夫と解く。その心は「どちらも""ガンガン""でしょう。」",
,多義語型,苦い忘年会の二日酔い,アルコールの過剰摂取で体に負担がかかる器官,きも,肝臓（肝に悪い）,肝が据わる（度胸がある）,大舞台に立つベテラン役者,"苦い忘年会の二日酔いとかけて、大舞台に立つベテラン役者と解く。その心は「どちらも""肝""でしょう。」",
,フレーズ・慣用句型,苦い忘年会の二日酔い,体調不良で体が動かせない物理的な状態,からだがうごかない,体が動かない,計画が滞って組織として「体が動かない」,予算が止まったプロジェクトチーム,"苦い忘年会の二日酔いとかけて、予算が止まったプロジェクトチームと解く。その心は「どちらも""体が動かない""でしょう。」",
,完全な同音異義語型,苦い忘年会の二日酔い,体調が悪く、気だるさで体が重く感じる状態,からだがおもい,体が重い,空が重い（今にも雨が降り出しそうな天気）,今にも雨が降り出しそうな夕暮れ,"苦い忘年会の二日酔いとかけて、今にも雨が降り出しそうな夕暮れと解く。その心は「どちらも""空（体）が重い""でしょう。」",
,多義語型,苦い忘年会の二日酔い,アルコールの影響で胃の調子が悪くなる状態,いがあれる,胃が荒れる,放置されて土地が荒れる,手入れがされていない農地,"苦い忘年会の二日酔いとかけて、手入れがされていない農地と解く。その心は「どちらも""荒れる""でしょう。」",
,フレーズ・慣用句型,苦い忘年会の二日酔い,二度と飲みたくない、見るのも嫌な気分,かおもみたくない,（飲みすぎたアルコールの）顔も見たくない,（裏切り者の）顔も見たくない,信頼を裏切られた人,"苦い忘年会の二日酔いとかけて、信頼を裏切られた人と解く。その心は「どちらも""顔も見たくない""でしょう。」",
,完全な同音異義語型,痛い春の花見の場所取り,早朝から場所を確保するために出かける行為、確保する、取ること,とる,取る（場所を）,撮る（写真を）,卒業アルバムの制作,痛い春の花見の場所取りとかけて、卒業アルバムの制作と解く。その心は『どちらも「たくさん撮る」でしょう。』,
,多義語型,痛い春の花見の場所取り,寒い中で長時間待機し、体が冷えてしまう状態,ひえる,冷える（体が）,冷える（熱気が）,人気バンドのライブ終盤,痛い春の花見の場所取りとかけて、人気バンドのライブ終盤と解く。その心は『どちらも「熱気が冷える」でしょう。』,
,フレーズ・慣用句型,痛い春の花見の場所取り,寒さや困難な状況で、身体を使って長時間頑張る行為,からだをはる,体を張る（場所を確保するために）,体を張る（危険な演技を行う）,映画のスタントマン,痛い春の花見の場所取りとかけて、映画のスタントマンと解く。その心は『どちらも「体を張る」でしょう。』,
,完全な同音異義語型,痛い春の花見の場所取り,地面にシートなどを展開する行為,しく,敷く（シートを）,しくじる（失敗する）,大事な発表で原稿を読み間違えたプレゼンター,痛い春の花見の場所取りとかけて、大事な発表で原稿を読み間違えたプレゼンターと解く。その心は『どちらも「しくじる」ことがあるでしょう。』,
,多義語型,痛い春の花見の場所取り,季節の「春」,はる,春（季節）,張る（気を）,新しいプロジェクトのリーダーになったばかりのビジネスパーソン,痛い春の花見の場所取りとかけて、新しいプロジェクトのリーダーになったばかりのビジネスパーソンと解く。その心は『どちらも「気を張る」でしょう。』,
,フレーズ・慣用句型,痛い春の花見の場所取り,苦労や不快な状況を経験すること,いたいめにあう,痛い目に遭う（場所取りの苦労で）,痛い目に遭う（規則違反などで）,企業秘密を外部に漏洩させた社員,痛い春の花見の場所取りとかけて、企業秘密を外部に漏洩させた社員と解く。その心は『どちらも「痛い目に遭う」でしょう。』,
,完全な同音異義語型,震える大晦日の初詣の行列,寒さで身体が凍えるような感覚,こごえる,凍える（寒さで体が冷え切る）,凝る（肩が凝る、デザインに凝る）,肩こりがひどい人,震える大晦日の初詣の行列とかけて、肩こりがひどい人と解く。その心は「どちらも『こごえる（凍える/凝る）』でしょう。」,
,完全な同音異義語型,震える大晦日の初詣の行列,夜が明けて、新しい年が始まる時間,あける,明ける（夜が明ける、年が明ける）,開ける（鍵を開ける、扉を開ける）,鍵職人,震える大晦日の初詣の行列とかけて、鍵職人と解く。その心は「どちらも『あける（明ける/開ける）』でしょう。」,
,多義語型,震える大晦日の初詣の行列,物理的に気温が低い状態,さむい,寒い（気温が低い）,寒い（冗談がつまらない、反応が悪い）,面白くないジョークを連発する人,震える大晦日の初詣の行列とかけて、面白くないジョークを連発する人と解く。その心は「どちらも『寒い』でしょう。」,
,多義語型,震える大晦日の初詣の行列,人が一列に整列している物理的状態,ならぶ,並ぶ（物理的に列を作る）,並ぶ（実力が拮抗している、肩を並べる）,実力伯仲のライバル同士,震える大晦日の初詣の行列とかけて、実力伯仲のライバル同士と解く。その心は「どちらも『並ぶ』でしょう。」,
,フレーズ・慣用句型,震える大晦日の初詣の行列,長時間じっと立っていることで足などがしびれる感覚,しびれをきらす,痺れを切らす（物理的に足が痺れる）,痺れを切らす（待ちきれずに我慢の限界に達する）,なかなか決断しない上司に苛立つ部下,震える大晦日の初詣の行列とかけて、なかなか決断しない上司に苛立つ部下と解く。その心は「どちらも『しびれを切らす』でしょう。」,
,フレーズ・慣用句型,震える大晦日の初詣の行列,長時間、辛抱強く待たなければならない状況,きをながくする,気を長くする（辛抱強く待つ）,気を長くする（髪の毛を長く伸ばす）,髪を伸ばしているロックミュージシャン,震える大晦日の初詣の行列とかけて、髪を伸ばしているロックミュージシャンと解く。その心は「どちらも『気を長くする』でしょう。」,
,完全な同音異義語型,眩しい夏休みのプール通い,水中で呼吸を整える,いきつぎ,息継ぎ（呼吸の動作）,生き継ぎ（命を繋ぎ止める）,厳しい環境で生き延びる野生動物,眩しい夏休みのプール通いとかけて、厳しい環境で生き延びる野生動物と解く。その心は「どちらも『生き継ぎ』でしょう」。,
,完全な同音異義語型,眩しい夏休みのプール通い,泳ぐための区画がある,コース,コース（水泳のレーン）,コース（料理の献立）,高級レストランの食事,眩しい夏休みのプール通いとかけて、高級レストランの食事と解く。その心は「どちらも『コース』でしょう」。,
,多義語型,眩しい夏休みのプール通い,監視員が安全のために注意深く見る,めをひからせる,目を光らせる（注意深く見張る）,目を光らせる（期待や興味で目を輝かせる）,宝探しに夢中な子供,眩しい夏休みのプール通いとかけて、宝探しに夢中な子供と解く。その心は「どちらも『目を光らせる』でしょう」。,
,多義語型,眩しい夏休みのプール通い,水中で体が冷えてくる,ひえる,冷える（体温が下がる）,冷える（人間関係などが悪化する）,長年の夫婦関係,眩しい夏休みのプール通いとかけて、長年の夫婦関係と解く。その心は「どちらも『冷える』でしょう」。,
,フレーズ・慣用句型,眩しい夏休みのプール通い,運動で汗をかく,あせをながす,汗を流す（身体的な発汗）,汗を流す（苦労や努力をする）,新しい事業を立ち上げる起業家,眩しい夏休みのプール通いとかけて、新しい事業を立ち上げる起業家と解く。その心は「どちらも『汗を流す』でしょう」。,
,フレーズ・慣用句型,眩しい夏休みのプール通い,濡れた床で転倒しそうになる,あしもとがあぶない,足元が危ない（物理的に転倒しやすい）,足元が危ない（経済状況や立場が不安定）,資金繰りに苦しむ中小企業の社長,眩しい夏休みのプール通いとかけて、資金繰りに苦しむ中小企業の社長と解く。その心は「どちらも『足元が危ない』でしょう」。,
,多義語型,息苦しい梅雨の雨の通勤,高湿度、不快感、視界不良で気分が沈む,ゆううつ,憂鬱（気分が沈む状態）,憂鬱（長く続く雨期による気分的な落ち込み）,長雨で気が滅入っている人,息苦しい梅雨の雨の通勤とかけて、長雨で気が滅入っている人と解く。その心は『どちらも【憂鬱】でしょう。』,
,完全な同音異義語型,息苦しい梅雨の雨の通勤,雨で交通機関が乱れ、前に進めない,あしどめ,足止め（交通機関の遅延や悪天候で動けないこと）,足止め（特定の場所から出させないこと、立ち入り禁止）,捜査中の事件現場,息苦しい梅雨の雨の通勤とかけて、捜査中の事件現場と解く。その心は『どちらも【足止め】でしょう。』,
,フレーズ・慣用句型,息苦しい梅雨の雨の通勤,満員電車や人混みで物理的に動けない,みうごきがとれない,身動きが取れない（物理的に動けない状態）,身動きが取れない（経済的・状況的に自由な行動ができない状態）,経営難で苦しむ会社,息苦しい梅雨の雨の通勤とかけて、経営難で苦しむ会社と解く。その心は『どちらも【身動きが取れない】でしょう。』,
,多義語型,息苦しい梅雨の雨の通勤,湿気と熱気で服や靴の中が不快になる,むれる,蒸れる（湿気と熱気で熱くなり、不快になること）,群れる（人や動物が集まること）,サバンナを移動するヌーの群れ,息苦しい梅雨の雨の通勤とかけて、サバンナを移動するヌーの群れと解く。その心は『どちらも【蒸れる】でしょう。』,
,完全な同音異義語型,息苦しい梅雨の雨の通勤,激しい雨や霧で前方が見えにくい,みとおしがわるい,見通しが悪い（雨で物理的な視界が遮られる）,見通しが悪い（将来の状況や展望が不明瞭であること）,先行き不透明な経済状況,息苦しい梅雨の雨の通勤とかけて、先行き不透明な経済状況と解く。その心は『どちらも【見通しが悪い】でしょう。』,
,フレーズ・慣用句型,息苦しい梅雨の雨の通勤,気分が重く、足取りも重くなる,きがおもい,気が重い（通勤の不快さで気分が沈む）,気が重い（大きな責任や心配事を抱えている）,大事なプレゼンを控えたビジネスマン,息苦しい梅雨の雨の通勤とかけて、大事なプレゼンを控えたビジネスマンと解く。その心は『どちらも【気が重い】でしょう。』,
,完全な同音異義語型,臭い秋の公園の銀杏拾い,強烈な刺激臭がある,おい,臭い（におい）,老い（年を取ること）,年老いた人,臭い秋の公園の銀杏拾いとかけて、年老いた人と解く。その心は「どちらも『老い』がある」でしょう。,
,多義語型,臭い秋の公園の銀杏拾い,地面に落ちた実を拾い集める,ひろう,拾う（落ちているものを取る）,拾う（命が助かる）,九死に一生を得た人,臭い秋の公園の銀杏拾いとかけて、九死に一生を得た人と解く。その心は「どちらも『命を拾う』」でしょう。,
,フレーズ・慣用句型,臭い秋の公園の銀杏拾い,強烈で耐え難いにおいがある,きつい,きつい（臭いが強い）,きつい（仕事が大変）,連日の残業で疲弊した会社員,臭い秋の公園の銀杏拾いとかけて、連日の残業で疲弊した会社員と解く。その心は「どちらも『きつい』」でしょう。,
,完全な同音異義語型,臭い秋の公園の銀杏拾い,銀杏の実には硬い外皮がある,から,殻（銀杏の硬い外皮）,空（中身がないこと）,何も入っていない空の財布,臭い秋の公園の銀杏拾いとかけて、何も入っていない空の財布と解く。その心は「どちらも『から』でしょう。」,
,多義語型,臭い秋の公園の銀杏拾い,木から実が地面に落下する,おちる,落ちる（木から落下する）,落ちる（試験に不合格になる）,入学試験に失敗した受験生,臭い秋の公園の銀杏拾いとかけて、入学試験に失敗した受験生と解く。その心は「どちらも『落ちる』」でしょう。,
,フレーズ・慣用句型,臭い秋の公園の銀杏拾い,秋になり実が熟して収穫の時期を迎える,みのり,実り（果実の収穫）,実り（努力の成果）,長年の努力が報われた研究者,臭い秋の公園の銀杏拾いとかけて、長年の努力が報われた研究者と解く。その心は「どちらも『実り』がある」でしょう。,
,完全な同音異義語型,焦げる真夏の屋外の部活動,体力や技術を向上させるため、厳しい練習を重ねる,きたえる,鍛える,鍛える（金属を打って強くする）,刀鍛冶,焦げる真夏の屋外の部活動とかけて、刀鍛冶と解く。その心は「どちらも『鍛える』でしょう。」,
,完全な同音異義語型,焦げる真夏の屋外の部活動,太陽の日差しが強く、気温が高い,あつい,暑い,厚い（物の厚みがある）,分厚い本,焦げる真夏の屋外の部活動とかけて、分厚い本と解く。その心は「どちらも『あつい』でしょう。」,
,多義語型,焦げる真夏の屋外の部活動,太陽光で肌が黒くなる、体が熱くなる,やける,焼ける,焼ける（調理されて食べられる状態になる）,パン屋さん,焦げる真夏の屋外の部活動とかけて、パン屋さんと解く。その心は「どちらも『焼ける』でしょう。」,
,多義語型,焦げる真夏の屋外の部活動,水分が失われて、喉が渇く状態,かわき,渇き,乾き（湿気がなくなり、乾燥する状態）,洗濯物,焦げる真夏の屋外の部活動とかけて、洗濯物と解く。その心は「どちらも『かわき』があるでしょう。」,
,フレーズ・慣用句型,焦げる真夏の屋外の部活動,非常に激しく、熱心な練習や活動が繰り広げられる様子,ひのでるよう,火の出るよう,火の出るよう（激しい議論や争い）,白熱した会議,焦げる真夏の屋外の部活動とかけて、白熱した会議と解く。その心は「どちらも『火の出るよう』でしょう。」,
,フレーズ・慣用句型,焦げる真夏の屋外の部活動,熱中症を避けるため、水分補給が途絶えてしまうこと,みずをきらす,水を切らす,水を切らす（野菜などの水気をなくす）,料理中の野菜,焦げる真夏の屋外の部活動とかけて、料理中の野菜と解く。その心は「どちらも『水を切らす』でしょう。」,
,多義語型,痒い春の花粉対策,体調や症状を良くする,かいぜん,改善（体調や症状が良くなること）,改善（物事の悪い点を改めて良くすること）,経営不振の会社の社長,痒い春の花粉対策とかけて、経営不振の会社の社長と解く。その心は「どちらも状況の改善を目指すでしょう。」,
,フレーズ・慣用句型,痒い春の花粉対策,花粉から自分の身体を護る,みをまもる,身を守る（花粉の侵入から自分の身体を守る）,身を守る（危険や災難から自分の安全を確保する）,護身術を習う人,痒い春の花粉対策とかけて、護身術を習う人と解く。その心は「どちらも身を守るでしょう。」,
,完全な同音異義語型,痒い春の花粉対策,目や鼻が炎症で腫れること,はれ,腫れ（花粉によって目や鼻が腫れる）,晴れ（天候が良い状態）,ピクニックを企画している幹事,痒い春の花粉対策とかけて、ピクニックを企画している幹事と解く。その心は「どちらも晴れを願うでしょう。」,
,多義語型,痒い春の花粉対策,薬や治療による処置を行う,てあて,手当て（医療行為や処置）,手当て（給与や日当などの金銭）,会社の経理担当者,痒い春の花粉対策とかけて、会社の経理担当者と解く。その心は「どちらも手当てが大切でしょう。」,
,フレーズ・慣用句型,痒い春の花粉対策,花粉の侵入や症状の発症を阻止する,みぜんにふせぐ,未然に防ぐ（花粉症の発症を未然に防ぐ）,未然に防ぐ（悪い事態が起こる前に食い止める）,会社の情報漏洩対策担当者,痒い春の花粉対策とかけて、会社の情報漏洩対策担当者と解く。その心は「どちらも未然に防ぐでしょう。」,
,完全な同音異義語型,痒い春の花粉対策,痒い症状が軽減される,おさまる,治まる（痒みや炎症が静まること）,納まる（税金などが国や自治体に納められること）,納税を終えた自営業者,痒い春の花粉対策とかけて、納税を終えた自営業者と解く。その心は「どちらも治まるでしょう。」,
,完全な同音異義語型,冷たい年末の窓拭き,汚れが取れて、物理的に下に移動する水滴,おちる,落ちる（汚れや水滴が）,堕ちる（悪い道へ）,悪い道に進んでしまった人,冷たい年末の窓拭きとかけて、悪い道に進んでしまった人と解く。その心は『どちらも「落ちる（堕ちる）」でしょう。』,
,多義語型,冷たい年末の窓拭き,寒さで手がこわばり、曲がりにくくなる,かかむ,かじかむ（手足が寒さで）,蹲む（身を小さくかがめる）,身を隠して潜んでいる動物,冷たい年末の窓拭きとかけて、身を隠して潜んでいる動物と解く。その心は『どちらも「かじかむ（蹲む）」でしょう。』,
,フレーズ・慣用句型,冷たい年末の窓拭き,水仕事で、物理的に手が湿る,てがぬれる,手が濡れる（水で）,手が濡れる（不正に関与する）,汚職事件に関わった政治家,冷たい年末の窓拭きとかけて、汚職事件に関わった政治家と解く。その心は『どちらも「手が濡れる」でしょう。』,
,完全な同音異義語型,冷たい年末の窓拭き,拭いた後のガラスが透き通って、向こうが見えるようになる,とおる,透き通る（ガラスが）,通る（道や議案が）,議会で可決された法案,冷たい年末の窓拭きとかけて、議会で可決された法案と解く。その心は『どちらも「通る」でしょう。』,
,多義語型,冷たい年末の窓拭き,寒さや作業で体が辛く、物理的に傷つくような感覚がある,いたむ,痛む（手足が）,傷む（品質が劣化する）,消費期限切れの食品,冷たい年末の窓拭きとかけて、消費期限切れの食品と解く。その心は『どちらも「痛む（傷む）」でしょう。』,
,フレーズ・慣用句型,冷たい年末の窓拭き,冷たい水に触れることで、身体が引き締まる感覚,きがひきしまる,気が引き締まる（寒さで）,気が引き締まる（精神的に緊張する）,大一番の試合を控えたアスリート,冷たい年末の窓拭きとかけて、大一番の試合を控えたアスリートと解く。その心は『どちらも「気が引き締まる」でしょう。』,
,完全な同音異義語型,重い夏のお中元の配達,物理的に重量がある状態,おもい,重い（物理的な重量）,想い（心の中の感情や願い）,遠く離れた恋人への手紙,重い夏のお中元の配達とかけて、遠く離れた恋人への手紙と解く。その心は「どちらも『想い』を届けるでしょう。」,
,多義語型,重い夏のお中元の配達,荷物を積み重ねる動作,つむ,積む（荷物を積み重ねる）,積む（経験やキャリアを重ねる）,ベテランの職人,重い夏のお中元の配達とかけて、ベテランの職人と解く。その心は「どちらも『経験を積む』でしょう。」,
,フレーズ・慣用句型,重い夏のお中元の配達,肉体的に汗をかく様子,あせをながす,汗を流す（物理的に発汗する）,汗を流す（一生懸命に努力する）,甲子園を目指す球児,重い夏のお中元の配達とかけて、甲子園を目指す球児と解く。その心は「どちらも『汗を流す』でしょう。」,
,完全な同音異義語型,重い夏のお中元の配達,肉体的に困難な作業で感じる感覚,からい,辛い（肉体的な苦痛や困難）,辛い（味覚としての刺激）,激辛料理,重い夏のお中元の配達とかけて、激辛料理と解く。その心は「どちらも『辛い』でしょう。」,
,多義語型,重い夏のお中元の配達,荷物が目的地に到着すること,とどく,届く（物理的に荷物が到着する）,届く（願いや思いが相手に伝わる）,七夕の短冊に書かれた願い事,重い夏のお中元の配達とかけて、七夕の短冊に書かれた願い事と解く。その心は「どちらも『届く』でしょう。」,
,フレーズ・慣用句型,重い夏のお中元の配達,物理的に肩に重い荷物を背負っている状態,かたの にが おもい,肩の荷が重い（物理的に重い物を背負う）,肩の荷が重い（責任やプレッシャーが大きい）,重大なプロジェクトを任された新人リーダー,重い夏のお中元の配達とかけて、重大なプロジェクトを任された新人リーダーと解く。その心は「どちらも『肩の荷が重い』でしょう。」,
,多義語型,苦い夏休みの宿題の追い込み,時間的、精神的に余裕がなく、切羽詰まっている状態,きびしい,厳しい（期日が厳しい）,厳しい（自然環境が厳しい）,極寒の地で生きる動物,苦い夏休みの宿題の追い込みとかけて、極寒の地で生きる動物と解く。その心は『どちらも厳しいでしょう。』,
,完全な同音異義語型,苦い夏休みの宿題の追い込み,未解決の問題を解決する行動,とく,解く（問題を解く）,溶く（絵の具を溶く）,キャンバスに向かう画家,苦い夏休みの宿題の追い込みとかけて、キャンバスに向かう画家と解く。その心は『どちらも解くでしょう。』,
,フレーズ・慣用句型,苦い夏休みの宿題の追い込み,締め切りが迫り、焦って行動する状態,しりにひがつく,尻に火がつく（物事が差し迫って大急ぎで行動する）,尻に火がつく（文字通り火がつく）,焚き火の近くに座っていてズボンが焦げてしまった人,苦い夏休みの宿題の追い込みとかけて、焚き火の近くに座っていてズボンが焦げてしまった人と解く。その心は『どちらも尻に火がつくでしょう。』,
,多義語型,苦い夏休みの宿題の追い込み,期日までに完了させる努力をする,まにあわせる,間に合わせる（期日に間に合わせる）,間に合わせる（応急処置で一時的に用いる）,破れた服を縫い針と糸で応急処置する人,苦い夏休みの宿題の追い込みとかけて、破れた服を縫い針と糸で応急処置する人と解く。その心は『どちらも間に合わせるでしょう。』,
,完全な同音異義語型,苦い夏休みの宿題の追い込み,徹夜や疲労で目がぼんやりする感覚,かすむ,霞む（目が霞む）,霞む（朝霧で景色が霞む）,朝霧に包まれた山里の風景,苦い夏休みの宿題の追い込みとかけて、朝霧に包まれた山里の風景と解く。その心は『どちらも霞むでしょう。』,
,フレーズ・慣用句型,苦い夏休みの宿題の追い込み,注意深く細部にわたって確認する様子,めをさらする,目を皿にする（大きく見開いて注意深く見る）,目を皿にする（物理的に目を皿にする）,珍しいコレクションを鑑定するコレクター,苦い夏休みの宿題の追い込みとかけて、珍しいコレクションを鑑定するコレクターと解く。その心は『どちらも目を皿にするでしょう。』,
,多義語型,痛いクリスマスの日の失恋,関係の終わり、心が傷つく,きれる,関係が「切れる」,刃物が「切れる」,新しい包丁,「痛いクリスマスの日の失恋」とかけて、「新しい包丁」と解く。その心は『どちらも「よく切れる」』でしょう。,
,完全な同音異義語型,痛いクリスマスの日の失恋,精神的な辛さ、悲しみ,くるしい,胸が「苦しい」,呼吸が「苦しい」,マラソンでゴール直前の選手,「痛いクリスマスの日の失恋」とかけて、「マラソンでゴール直前の選手」と解く。その心は『どちらも「苦しい（くるしい）」』でしょう。,
,フレーズ・慣用句型,痛いクリスマスの日の失恋,孤独感、心の寂しさ、希望がない,こころがさむい,「心が寒い」（精神的な寂しさ）,「心が寒い」（物理的な寒さへの比喩）,雪山の遭難者,「痛いクリスマスの日の失恋」とかけて、「雪山の遭難者」と解く。その心は『どちらも「心が寒い」』でしょう。,
,完全な同音異義語型,痛いクリスマスの日の失恋,関係の終わり、終止符が打たれる,しゅうりょう,関係が「終了」する,学校を「修了」する,専門学校の卒業生,「痛いクリスマスの日の失恋」とかけて、「専門学校の卒業生」と解く。その心は『どちらも「修了/終了（しゅうりょう）」』でしょう。,
,多義語型,痛いクリスマスの日の失恋,精神的なダメージ、大きな損失,いたで,「痛手」を負う（精神的損失）,「痛手」を負う（物理的な怪我）,ボクシングでKOされた選手,「痛いクリスマスの日の失恋」とかけて、「ボクシングでKOされた選手」と解く。その心は『どちらも「痛手（いたで）を負う」』でしょう。,
,フレーズ・慣用句型,痛いクリスマスの日の失恋,悲しみや後悔が長引く、忘れられない,あとをひく,悲しみが「後を引く」,食べ物が「後を引く」（やめられない）,やみつきになる美味しさのラーメン,「痛いクリスマスの日の失恋」とかけて、「やみつきになる美味しさのラーメン」と解く。その心は『どちらも「後を引く」』でしょう。,
,完全な同音異義語型,震える冬の夜回りの火の用心,火事に対する注意、警戒,ようじん,用心,要人,SPが警護するVIP,震える冬の夜回りの火の用心とかけて、SPが警護するVIPと解く。その心は「どちらも『ようじん』でしょう。」,
,完全な同音異義語型,震える冬の夜回りの火の用心,体が寒さで小刻みに動く,ふるう,震う,振るう,料理の腕を振るう板前,震える冬の夜回りの火の用心とかけて、料理の腕を振るう板前と解く。その心は「どちらも『ふるう』でしょう。」,
,多義語型,震える冬の夜回りの火の用心,冬の寒さがひどい、任務が過酷である,きびしい,厳しい,厳しい,生徒に愛のある指導をする先生,震える冬の夜回りの火の用心とかけて、生徒に愛のある指導をする先生と解く。その心は「どちらも『厳しい』でしょう。」,
,多義語型,震える冬の夜回りの火の用心,火の元が安全か確認する,たしかめる,確かめる,確かめる,裁判で真実を追求する弁護士,震える冬の夜回りの火の用心とかけて、裁判で真実を追求する弁護士と解く。その心は「どちらも『確かめる』でしょう。」,
,フレーズ・慣用句型,震える冬の夜回りの火の用心,「火の用心」と声を上げて人々に呼びかける,こえをかける,声をかける,声をかける,迷っている新入社員を指導する先輩,震える冬の夜回りの火の用心とかけて、迷っている新入社員を指導する先輩と解く。その心は「どちらも『声をかける』でしょう。」,
,フレーズ・慣用句型,震える冬の夜回りの火の用心,火事に対して少しも気を抜くことができない,ゆだんもすきもない,油断も隙もない,油断も隙もない,世界大会を目指すアスリート,震える冬の夜回りの火の用心とかけて、世界大会を目指すアスリートと解く。その心は「どちらも『油断も隙もない』でしょう。」,
,完全な同音異義語型,眩しい夏休みのラジオ体操,体を大きく使って伸び伸びと動く,のばす,体を「伸ばす」,期限を「延ばす」,借金の返済期限,眩しい夏休みのラジオ体操とかけて、借金の返済期限と解く。その心は「どちらも『のばす』でしょう。」,
,多義語型,眩しい夏休みのラジオ体操,全員で同じ動きを整然と行う,そろえる,皆で動きを「揃える」,必要なものを「揃える」,料理を始める前の準備,眩しい夏休みのラジオ体操とかけて、料理を始める前の準備と解く。その心は「どちらも『そろえる』でしょう。」,
,フレーズ・慣用句型,眩しい夏休みのラジオ体操,眠気眼で参加し、運動で目が覚める,めをさます,眠りから「目を覚ます」,過ちから「目を覚ます」,詐欺に遭いかけた人,眩しい夏休みのラジオ体操とかけて、詐欺に遭いかけた人と解く。その心は「どちらも『目を覚ます』でしょう。」,
,多義語型,眩しい夏休みのラジオ体操,正しい体の構えで行うことが推奨される,しせい,体操中の「姿勢」,物事に取り組む「姿勢」,仕事に臨む若手社員,眩しい夏休みのラジオ体操とかけて、仕事に臨む若手社員と解く。その心は「どちらも『姿勢』が大切でしょう。」,
,完全な同音異義語型,眩しい夏休みのラジオ体操,ラジオから流れる音楽や号令に合わせて動く,おと,ラジオから「音」が出る,山から「乙」（きのと）,十干の2番目の要素,眩しい夏休みのラジオ体操とかけて、十干の2番目の要素と解く。その心は「どちらも『おと』でしょう。」,
,フレーズ・慣用句型,眩しい夏休みのラジオ体操,体を動かすことで全身が柔らかくなる,からだをほぐす,運動で「体をほぐす」,場の緊張を「体をほぐす」ように和らげる,初対面が多い交流会,眩しい夏休みのラジオ体操とかけて、初対面が多い交流会と解く。その心は「どちらも『体をほぐす』のが大切でしょう。」,
,完全な同音異義語型,息苦しい真夏のマスク着用,蒸気がこもり、肌が湿って不快になる状態,むれる,蒸れる,群れる,回遊する魚群,息苦しい真夏のマスク着用とかけて、回遊する魚群と解く。その心は『どちらも【むれる】でしょう。』,
,多義語型,息苦しい真夏のマスク着用,マスクや汗で視界が遮られたり、メガネが曇ったりして物理的に先が見えにくい状態,みとおしがわるい,見通しが悪い（物理的な視界）,見通しが悪い（将来の展望）,経営不振に陥った企業,息苦しい真夏のマスク着用とかけて、経営不振に陥った企業と解く。その心は『どちらも【見通しが悪い】でしょう。』,
,フレーズ・慣用句型,息苦しい真夏のマスク着用,マスクが口元や顔に「蓋」をして、呼吸を遮り、熱や湿気を閉じ込めるような感覚,ふたをする,蓋をする（物理的な密閉）,蓋をする（問題の隠蔽）,不祥事を隠そうとする組織,息苦しい真夏のマスク着用とかけて、不祥事を隠そうとする組織と解く。その心は『どちらも【蓋をする】でしょう。』,
,完全な同音異義語型,息苦しい真夏のマスク着用,汗や呼気によってマスクが湿気る状態,しめる,湿る,締める,仕事の引き締めにかかるビジネスマン,息苦しい真夏のマスク着用とかけて、仕事の引き締めにかかるビジネスマンと解く。その心は『どちらも【しめる】でしょう。』,
,多義語型,息苦しい真夏のマスク着用,マスク内部や顔周辺に熱がこもり、体温が上昇する状態,ねつをもつ,熱を持つ（物理的な体温上昇）,熱を持つ（議論や感情の高まり）,白熱した議論が続く会議,息苦しい真夏のマスク着用とかけて、白熱した議論が続く会議と解く。その心は『どちらも【熱を持つ】でしょう。』,
,フレーズ・慣用句型,息苦しい真夏のマスク着用,暑さと呼吸困難から身体的に疲労し、エネルギーを消耗する,たいりょくをうばわれる,体力を奪われる（物理的な疲労）,体力を奪われる（肉体的・精神的な消耗）,長引く看病で疲弊した人,息苦しい真夏のマスク着用とかけて、長引く看病で疲弊した人と解く。その心は『どちらも【体力を奪われる】でしょう。』,
,完全な同音異義語型,行う季節の衣替え,古い季節の服と新しい季節の服を入れ替える,いれかえ,入れ替え,淹れ替え,味が薄くなったお茶,「行う季節の衣替え」とかけて、「味が薄くなったお茶」と解く。その心は「どちらも『入れ替え（淹れ替え）』が必要でしょう。」,
,完全な同音異義語型,行う季節の衣替え,季節に応じて着る服を「変える」,かえる,変える,飼える,ペットショップで新しい命と出会った人,「行う季節の衣替え」とかけて、「ペットショップで新しい命と出会った人」と解く。その心は「どちらも『変える（飼える）』ことができるでしょう。」,
,多義語型,行う季節の衣替え,季節外の服を整理して所定の場所に「しまう」,しまう,しまう (終う/仕舞う),しまう (了う: うっかり～してしまう),うっかり秘密を漏らしてしまった人,「行う季節の衣替え」とかけて、「うっかり秘密を漏らしてしまった人」と解く。その心は「どちらも『しまう』ことがあるでしょう。」,
,多義語型,行う季節の衣替え,不要になった服を「捨てる」ことがある,すてる,捨てる,捨てる (捨て身になる),危機に際して勇敢に立ち向かう人,「行う季節の衣替え」とかけて、「危機に際して勇敢に立ち向かう人」と解く。その心は「どちらも『捨てる』覚悟が必要でしょう。」,
,フレーズ・慣用句型,行う季節の衣替え,前の季節の服を「脱ぐ」,ぬぐ,脱ぐ,脱ぐ (重荷や責任を脱ぐ),長年の重責から解放された人,「行う季節の衣替え」とかけて、「長年の重責から解放された人」と解く。その心は「どちらも『（何かを）脱ぐ』でしょう。」,
,フレーズ・慣用句型,行う季節の衣替え,新しい季節の服を「着る」,きる,着る,着る (立場や役割を着る),新しい役職に就任したばかりの新人,「行う季節の衣替え」とかけて、「新しい役職に就任したばかりの新人」と解く。その心は「どちらも『（新しいものを）着る』でしょう。」,
,完全な同音異義語型,蒔く春の畑の種まき,収穫を待ち望む、将来に願いを込める,きたい,期待（豊かな収穫を期待する）,機体（航空機の機体）,飛行機の整備士,「蒔く春の畑の種まき」とかけて、「飛行機の整備士」と解く。その心は「どちらも『機体（期待）』でしょう。」,
,完全な同音異義語型,蒔く春の畑の種まき,時間をかけて世話をする、地道な作業,こんき,根気（地道に続ける根気）,混気（空気が混ざること、エアコンの混気）,エアコンのフィルターを掃除する人,「蒔く春の畑の種まき」とかけて、「エアコンのフィルターを掃除する人」と解く。その心は「どちらも『混気（根気）』が必要でしょう。」,
,多義語型,蒔く春の畑の種まき,種から芽を出し成長させる,そだてる,育てる（作物を育てる）,育てる（子供や人材を育てる）,新人研修の担当者,「蒔く春の畑の種まき」とかけて、「新人研修の担当者」と解く。その心は「どちらも『育てる』ことが大切でしょう。」,
,多義語型,蒔く春の畑の種まき,将来の収穫を予測する、成長を期待する,みこみ,見込み（収穫の見込み）,見込み（将来性のある人物、成功の見込み）,有望な若手起業家,「蒔く春の畑の種まき」とかけて、「有望な若手起業家」と解く。その心は「どちらも『見込み』があるでしょう。」,
,フレーズ・慣用句型,蒔く春の畑の種まき,種が土から姿を現す、成長の始まり,めをだす,芽を出す（植物の芽が出る）,芽を出す（才能や計画が具体的な形になる）,新しいアイデアを温めていた研究者,「蒔く春の畑の種まき」とかけて、「新しいアイデアを温めていた研究者」と解く。その心は「どちらもようやく『芽を出す』でしょう。」,
,フレーズ・慣用句型,蒔く春の畑の種まき,良い土壌を準備する、基礎を作る,どだいをきずく,土台を築く（良い作物が育つための土台作り）,土台を築く（事業や組織の基礎を作る）,ベンチャー企業の創業者,「蒔く春の畑の種まき」とかけて、「ベンチャー企業の創業者」と解く。その心は「どちらも『土台を築く』のが肝心でしょう。」,
,完全な同音異義語型,狩る秋の山の紅葉狩り,紅葉が山全体に広がり、視界が開ける,ひらく,開く（景色が開く）,拓く（道を拓く）,新しい事業を始める開拓者,「狩る秋の山の紅葉狩り」とかけて、「新しい事業を始める開拓者」と解く。その心は「どちらも『ひらく』でしょう。」,
,完全な同音異義語型,狩る秋の山の紅葉狩り,山を登り、美しい景色へと進んでいく,のぼる,登る（山を登る）,昇る（地位が昇る）,昇進して喜ぶサラリーマン,「狩る秋の山の紅葉狩り」とかけて、「昇進して喜ぶサラリーマン」と解く。その心は「どちらも『のぼる』でしょう。」,
,多義語型,狩る秋の山の紅葉狩り,紅葉の色合いが深く、山の奥深い情景,ふかい,深い（色が深い、山が深い）,深い（思考が深い、関係が深い）,哲学的な議論を交わす学者たち,「狩る秋の山の紅葉狩り」とかけて、「哲学的な議論を交わす学者たち」と解く。その心は「どちらも『深い』でしょう。」,
,多義語型,狩る秋の山の紅葉狩り,紅葉の時期が終わり、山が静けさに包まれる,おちつく,落ち着く（季節が過ぎて山が落ち着く）,落ち着く（騒動が解決して気持ちが落ち着く）,揉め事が解決して平穏を取り戻した村,「狩る秋の山の紅葉狩り」とかけて、「揉め事が解決して平穏を取り戻した村」と解く。その心は「どちらも『落ち着く』でしょう。」,
,フレーズ・慣用句型,狩る秋の山の紅葉狩り,紅葉が最も美しい見頃の時期,いまがみせどころ,今が「見どころ」（紅葉の）,今が「見せ所」（腕前や能力の）,大舞台で勝負に挑むアスリート,「狩る秋の山の紅葉狩り」とかけて、「大舞台で勝負に挑むアスリート」と解く。その心は「どちらも『今が『見どころ』でしょう』。」,
,フレーズ・慣用句型,狩る秋の山の紅葉狩り,あまりの美しさに時間を忘れてしまう,みうしなう,見失う（時間を）,見失う（目標を）,自分の夢を見つけられずに途方に暮れる若者,「狩る秋の山の紅葉狩り」とかけて、「自分の夢を見つけられずに途方に暮れる若者」と解く。その心は「どちらも『見失う』でしょう。」,
,多義語型,帰るお盆の実家への帰省,久しぶりに故郷へ戻る、元の場所に帰る,もとに もどる,もとに戻る（実家へ「もとに戻る」）,もとに戻る（不況から元の水準に「もとに戻る」）,長引く不況から回復した経済,「帰るお盆の実家への帰省」とかけて、「長引く不況から回復した経済」と解く。その心は「どちらも『もとに戻る』でしょう。」,
,フレーズ・慣用句型,帰るお盆の実家への帰省,実家に着いて安心する、肩の荷が下りる,ほっと する,ホッとする（実家に着いて「ホッとする」）,ホッとする（大仕事を終えて「ホッとする」）,大仕事を終えたビジネスマン,「帰るお盆の実家への帰省」とかけて、「大仕事を終えたビジネスマン」と解く。その心は「どちらも『ホッとする』でしょう。」,
,完全な同音異義語型,帰るお盆の実家への帰省,久しぶりに家族に会う,あう,会う（家族に「会う」）,合う（意見が「合う」）,意見が一致した会議,「帰るお盆の実家への帰省」とかけて、「意見が一致した会議」と解く。その心は「どちらも『あう』でしょう。」,
,多義語型,帰るお盆の実家への帰省,実家でのんびり過ごし、心身を休ませる,やすむ,休む（実家で心身を「休む」）,休む（稼働を「休む」）,連日稼働していた工場,「帰るお盆の実家への帰省」とかけて、「連日稼働していた工場」と解く。その心は「どちらも『休む』でしょう。」,
,フレーズ・慣用句型,帰るお盆の実家への帰省,親戚や家族と久しぶりに再会し、話に花が咲く,はなしがさく,話が咲く（昔話や近況で「話が咲く」）,花が咲く（植物が「花を咲かす」）,春の庭に咲く草花,「帰るお盆の実家への帰省」とかけて、「春の庭に咲く草花」と解く。その心は「どちらも『はなしがさく』でしょう。」,
,完全な同音異義語型,帰るお盆の実家への帰省,たくさんの荷物を持って移動する,おもい,重い（たくさんの荷物が「重い」）,想い（故郷を思う「想い」）,遠く離れた故郷を思う人,「帰るお盆の実家への帰省」とかけて、「遠く離れた故郷を思う人」と解く。その心は「どちらも『おもい』でしょう。」,
,多義語型,祝う秋の七五三,子どもたちが成長した姿を見せる,おおきくなる,大きくなる（体が成長する）,大きくなる（規模や計画が拡大する）,大企業の経営戦略,「祝う秋の七五三」とかけて、「大企業の経営戦略」と解く。その心は「どちらも『大きくなる』ことを期待するでしょう。」,
,完全な同音異義語型,祝う秋の七五三,晴れ着を身につける,きる,着る（衣服を身につける）,切る（無駄をなくす、中断する）,経費削減中の部署,「祝う秋の七五三」とかけて、「経費削減中の部署」と解く。その心は「どちらも『きる』ことが大切でしょう。」,
,フレーズ・慣用句型,祝う秋の七五三,健やかな成長を神社で願う,かみだのみ,神頼み（神に成長を願う）,神頼み（困難な状況で運を天に任せる）,崖っぷちの経営者,「祝う秋の七五三」とかけて、「崖っぷちの経営者」と解く。その心は「どちらも『神頼み』なところがあるでしょう。」,
,多義語型,祝う秋の七五三,子どもたちが健やかに育っている,そだつ,育つ（子どもが成長する）,育つ（才能や企画が発展する）,新規事業の企画,「祝う秋の七五三」とかけて、「新規事業の企画」と解く。その心は「どちらも『育つ』ことが喜ばしいでしょう。」,
,完全な同音異義語型,祝う秋の七五三,晴れ着を着てお祝いする,はれ,晴れ（お祝いの席、晴れ着）,晴れ（天候の晴れ）,運動会の当日,「祝う秋の七五三」とかけて、「運動会の当日」と解く。その心は「どちらも『晴れ』を願うでしょう。」,
,フレーズ・慣用句型,祝う秋の七五三,千歳飴を手に長寿を願う,ながもち,長持ち（子どもの長寿を願う）,長持ち（耐久性があり長く使える）,頑丈な家電製品,「祝う秋の七五三」とかけて、「頑丈な家電製品」と解く。その心は「どちらも『長持ち』することが望まれるでしょう。」,
,完全な同音異義語型,撒く節分の豆まき,豆を撒く、鬼を追いやる,まく,撒く,巻く,巻き寿司職人,「撒く節分の豆まき」とかけて、「巻き寿司職人」と解く。その心は『どちらも「巻く」でしょう。』,
,完全な同音異義語型,撒く節分の豆まき,鬼を追い払う,はらう,払う,祓う,神主,「撒く節分の豆まき」とかけて、「神主」と解く。その心は『どちらも「払う（祓う）」でしょう。』,
,多義語型,撒く節分の豆まき,豆が飛び散る,ちる,散る,散る,桜並木,「撒く節分の豆まき」とかけて、「桜並木」と解く。その心は『どちらも「散る」でしょう。』,
,多義語型,撒く節分の豆まき,鬼を追い払う,おに,鬼,鬼,子供の遊び「鬼ごっこ」,「撒く節分の豆まき」とかけて、「子供の遊び『鬼ごっこ』」と解く。その心は『どちらも「鬼」が重要でしょう。』,
,フレーズ・慣用句型,撒く節分の豆まき,鬼を外に出し、福を家に入れる,うちにはふくがくる,家には福が来る,打ちには福が来る,パチンコで大当たりを引いた人,「撒く節分の豆まき」とかけて、「パチンコで大当たりを引いた人」と解く。その心は『どちらも「打ちには福が来る（家には福が来る）」でしょう。』,
,フレーズ・慣用句型,撒く節分の豆まき,鬼を外へ出す,そとへだす,外へ出す,外へ出す,ゴミの収集日,「撒く節分の豆まき」とかけて、「ゴミの収集日」と解く。その心は『どちらも「外へ出す」でしょう。』,
,完全な同音異義語型,飾る春のひな祭り,ひな人形や道具を整然と配置すること,ならべる,並べる（ひな人形を並べる）,習う（学問や技術を習う）,子供が学校で勉強すること,「飾る春のひな祭り」とかけて、「子供が学校で勉強すること」と解く。その心は「どちらも『ならべる（並べる／習う）』でしょう。」,
,完全な同音異義語型,飾る春のひな祭り,ひな祭りの象徴的な花,もも,桃（桃の花を飾る）,股（足の付け根の部分）,足の付け根の部分,「飾る春のひな祭り」とかけて、「足の付け根の部分」と解く。その心は「どちらも『もも（桃／股）』でしょう。」,
,多義語型,飾る春のひな祭り,ひな人形や飾りを一式用意すること,そろえる,揃える（ひな人形一式を揃える）,揃える（意見や条件を一致させる）,会議で意見を一致させること,「飾る春のひな祭り」とかけて、「会議で意見を一致させること」と解く。その心は「どちらも『揃える』でしょう。」,
,多義語型,飾る春のひな祭り,女の子の健やかな成長を願う気持ち,いのる,祈る（女の子の成長を祈る）,祈る（神に願いを祈る）,神社でおみくじを引く人,「飾る春のひな祭り」とかけて、「神社でおみくじを引く人」と解く。その心は「どちらも『祈る』でしょう。」,
,フレーズ・慣用句型,飾る春のひな祭り,お内裏様やお雛様、三人官女などが一堂に並ぶ様子,ぜんいんしゅうごう,全員集合（ひな人形が全員集合している）,全員集合（イベントで人々が集まる）,運動会の開会式,「飾る春のひな祭り」とかけて、「運動会の開会式」と解く。その心は「どちらも『全員集合』でしょう。」,
,フレーズ・慣用句型,飾る春のひな祭り,菱餅やひなあられなどの祝いの食べ物がある,しょくじがたのしみ,食事が楽しみ（ひな祭りの行事食は食事が楽しみ）,食事が楽しみ（お腹を空かせた人が食べることを心待ちにする）,お昼休憩を待つオフィスワーカー,「飾る春のひな祭り」とかけて、「お昼休憩を待つオフィスワーカー」と解く。その心は「どちらも『食事が楽しみ』でしょう。」,
,完全な同音異義語型,食べる正月明けの七草粥,七草を摘み取る行為,つむ,摘む（植物を摘み取る）,積む（荷物などを積み重ねる）,引っ越し業者,食べる正月明けの七草粥とかけて、引っ越し業者と解く。その心は『どちらも「摘む（積む）」でしょう。』,
,完全な同音異義語型,食べる正月明けの七草粥,暴飲暴食後の体に良い効能,よい,良い（健康に良い）,酔い（酒に酔った状態）,忘年会で飲みすぎた人,食べる正月明けの七草粥とかけて、忘年会で飲みすぎた人と解く。その心は『どちらも「良い（酔い）」でしょう。』,
,多義語型,食べる正月明けの七草粥,胃腸の調子を整える作用,ととのえる,整える（胃腸の調子を）,整える（身だしなみを）,出かける前の身だしなみに気を遣う人,食べる正月明けの七草粥とかけて、出かける前の身だしなみに気を遣う人と解く。その心は『どちらも「整える」でしょう。』,
,多義語型,食べる正月明けの七草粥,体が温まる感覚,あたたまる,温まる（体がポカポカする）,温まる（心が癒され、良い気分になる）,人情話を聞いて感動している人,食べる正月明けの七草粥とかけて、人情話を聞いて感動している人と解く。その心は『どちらも「温まる」でしょう。』,
,フレーズ・慣用句型,食べる正月明けの七草粥,胃に負担をかけない性質,いにやさしい,胃に優しい（消化に良い）,意に優しい（相手の気持ちを慮る）,相手の気持ちを察して行動する人,食べる正月明けの七草粥とかけて、相手の気持ちを察して行動する人と解く。その心は『どちらも「胃に（意に）優しい」でしょう。』,
,フレーズ・慣用句型,食べる正月明けの七草粥,暴飲暴食で疲れた胃腸を労わる行為,いたわる,労わる（胃腸を大切に扱う）,労わる（部下や後輩の労苦をねぎらう）,部下をねぎらう優しい上司,食べる正月明けの七草粥とかけて、部下をねぎらう優しい上司と解く。その心は『どちらも「労わる」でしょう。』,
,完全な同音異義語型,泳ぐ夏の海の海水浴,体が水面に浮く,うく,浮く,浮く（予定がなくなる、時間的に余裕ができる）,急なキャンセルで空いたスケジュール,「泳ぐ夏の海の海水浴」とかけて、「急なキャンセルで空いたスケジュール」と解く。その心は「どちらも『浮く』でしょう。」,
,完全な同音異義語型,泳ぐ夏の海の海水浴,海水に含まれる成分,しお,潮,塩（調味料）,料理の味付けに欠かせないもの,「泳ぐ夏の海の海水浴」とかけて、「料理の味付けに欠かせないもの」と解く。その心は「どちらも『潮（しお）』でしょう。」,
,多義語型,泳ぐ夏の海の海水浴,水面に生じる動き,なみ,波,波（景気や流行の変動）,流行の移り変わりが激しい業界,「泳ぐ夏の海の海水浴」とかけて、「流行の移り変わりが激しい業界」と解く。その心は「どちらも『波がある』でしょう。」,
,多義語型,泳ぐ夏の海の海水浴,体温が下がる,ひえる,冷える,冷える（景気が冷え込む、関係が冷え込む）,顧客が離れていく商店街,「泳ぐ夏の海の海水浴」とかけて、「顧客が離れていく商店街」と解く。その心は「どちらも『冷える』でしょう。」,
,フレーズ・慣用句型,泳ぐ夏の海の海水浴,太陽の光で肌が変色する,ひがやける,日が焼ける,日が焼ける（時間切れで手遅れになる、計画がダメになる）,締切を過ぎてしまった重要な計画,「泳ぐ夏の海の海水浴」とかけて、「締切を過ぎてしまった重要な計画」と解く。その心は「どちらも『日が焼ける』でしょう。」,
,フレーズ・慣用句型,泳ぐ夏の海の海水浴,水深が浅く海底に足が届く,あしがつく,足がつく,足がつく（手がかりが見つかり、犯人や隠し事が露見する）,隠していた悪事が露見した泥棒,「泳ぐ夏の海の海水浴」とかけて、「隠していた悪事が露見した泥棒」と解く。その心は「どちらも『足がつく』でしょう。」,
,完全な同音異義語型,登る夏休みの富士登山,最終目的地に到着すること、最終地点,ちょうじょう,頂上（山の最高地点）,帳場（店で会計や業務を行う場所）,老舗旅館の番頭さん,登る夏休みの富士登山とかけて、老舗旅館の番頭さんと解く。その心は「どちらも『帳場』でしょう。」,
,完全な同音異義語型,登る夏休みの富士登山,疲労や高山病により、思考や判断が定まらない状態,こんらん,混乱（体調不良や疲労で意識がぼんやりする）,昆欄（ラン科の植物の一種）,園芸店の珍しいラン科植物,登る夏休みの富士登山とかけて、園芸店の珍しいラン科植物と解く。その心は「どちらも『昆欄』でしょう。」,
,多義語型,登る夏休みの富士登山,最も高い場所を目指す、目標とする最高点,ちょうてん,頂点（山の最も高い地点）,頂点（ある分野や組織の最高位）,企業のCEO,登る夏休みの富士登山とかけて、企業のCEOと解く。その心は「どちらも『頂点』を目指すでしょう。」,
,多義語型,登る夏休みの富士登山,リュックサックなどの物理的な重量,おもい,重い（背負う荷物の重量）,重い（責任やプレッシャーの精神的負担）,新しいプロジェクトのリーダー,登る夏休みの富士登山とかけて、新しいプロジェクトのリーダーと解く。その心は「どちらも『重い』ものを背負っているでしょう。」,
,フレーズ・慣用句型,登る夏休みの富士登山,地面が不安定で滑りやすい、転倒の危険性がある,あしもとが危ない,足元が危ない（物理的に地面が不安定な状態）,足元が危ない（経済状況や立場が不安定な状態）,経営難に陥った会社,登る夏休みの富士登山とかけて、経営難に陥った会社と解く。その心は「どちらも『足元が危ない』でしょう。」,
,フレーズ・慣用句型,登る夏休みの富士登山,目的地までまだ距離があり、到着までに時間がかかること,さきが長い,先が長い（頂上までの道のりや所要時間）,先が長い（目標達成までの期間や、人生における道のり）,新人研修中の若手社員,登る夏休みの富士登山とかけて、新人研修中の若手社員と解く。その心は「どちらも『先が長い』でしょう。」,
,完全な同音異義語型,掘る秋のさつまいもの芋掘り,土を掘り起こす物理的な動作,ほる,掘る,彫る,木彫りの作品を作る彫刻家,「掘る秋のさつまいもの芋掘り」とかけて、「木彫りの作品を作る彫刻家」と解く。その心は『どちらも「ほる」でしょう。』,
,完全な同音異義語型,掘る秋のさつまいもの芋掘り,地面から目的のものを引っ張り出す動作,つる,蔓,釣る,魚を狙う釣り人,「掘る秋のさつまいもの芋掘り」とかけて、「魚を狙う釣り人」と解く。その心は『どちらも「つる」でしょう。』,
,多義語型,掘る秋のさつまいもの芋掘り,土の中に隠されたものを探して出す行為,ほる,掘る（地面を掘る）,掘る（秘められた才能や情報を探求する）,未解決事件の真相を探る探偵,「掘る秋のさつまいもの芋掘り」とかけて、「未解決事件の真相を探る探偵」と解く。その心は『どちらも「掘る」でしょう。』,
,多義語型,掘る秋のさつまいもの芋掘り,苦労して良い成果物を得ること,しゅうかく,収穫（農作物を手に入れる）,収穫（投資や努力によって得られる利益や成果）,株価の動向を見守る投資家,「掘る秋のさつまいもの芋掘り」とかけて、「株価の動向を見守る投資家」と解く。その心は『どちらも「収穫」が楽しみでしょう。』,
,フレーズ・慣用句型,掘る秋のさつまいもの芋掘り,芋の根元を徹底的に掘り起こす動作,ねほりはほり,根掘り葉掘り（芋の根元や周囲を掘る様子）,根掘り葉掘り（物事の細部まで徹底的に尋ねること）,事件の真相を追いかけるジャーナリスト,「掘る秋のさつまいもの芋掘り」とかけて、「事件の真相を追いかけるジャーナリスト」と解く。その心は『どちらも「根掘り葉掘り」でしょう。』,
,フレーズ・慣用句型,掘る秋のさつまいもの芋掘り,土の中に隠れた目標を見つけ出す、期待に満ちた作業,たからさがし,宝探し（地面に隠された芋を探す）,宝探し（優れた人材やアイデアを発掘する）,新人アーティストの才能を探すスカウトマン,「掘る秋のさつまいもの芋掘り」とかけて、「新人アーティストの才能を探すスカウトマン」と解く。その心は『どちらも「宝探し」でしょう。』,
,完全な同音異義語型,滑る冬の雪山のスキー,スキー板が雪面を「滑る」,すべる,滑る (雪上を滑走する),統べる (全体を統率する),大勢をまとめる将軍,「滑る冬の雪山のスキー」とかけて、「大勢をまとめる将軍」と解く。その心は「どちらも『すべる』でしょう。」,
,多義語型,滑る冬の雪山のスキー,雪山からコースを「降りる」,おりる,降りる (山を滑り降りる),降りる (役職や舞台から退く),引退を表明したベテラン俳優,「滑る冬の雪山のスキー」とかけて、「引退を表明したベテラン俳優」と解く。その心は「どちらも『降りる』でしょう。」,
,フレーズ・慣用句型,滑る冬の雪山のスキー,スキーヤーがターンする際に、重力に「身を任せる」。,みをまかせる,身を任せる (自然な流れに体を預ける),身を任せる (運命や成り行きに自分の人生を委ねる),自由気ままに生きる旅人,「滑る冬の雪山のスキー」とかけて、「自由気ままに生きる旅人」と解く。その心は「どちらも『身を任せる』でしょう。」,
,完全な同音異義語型,滑る冬の雪山のスキー,雪や風が「冷たい」。,つめたい,冷たい (気温や雪の感触),詰めたい (空間に物を隙間なく入れたい),引っ越しで段ボールに物を詰める人,「滑る冬の雪山のスキー」とかけて、「引っ越しで段ボールに物を詰める人」と解く。その心は「どちらも『つめたい』でしょう。」,
,多義語型,滑る冬の雪山のスキー,難易度の高いコースを「攻める」。,せめる,攻める (難しいコースに挑戦する),責める (相手の非を問う),政治家の不祥事を暴く記者,「滑る冬の雪山のスキー」とかけて、「政治家の不祥事を暴く記者」と解く。その心は「どちらも『責める』でしょう。」,
,フレーズ・慣用句型,滑る冬の雪山のスキー,スキー板にワックスを塗って「滑りを良くする」。,すべりをよくする,滑りを良くする (スキー板の滑走性能を向上させる),滑りを良くする (会話や会合の場の雰囲気を円滑にする),会議で場を和ませるムードメーカー,「滑る冬の雪山のスキー」とかけて、「会議で場を和ませるムードメーカー」と解く。その心は「どちらも『滑りを良くする』でしょう。」,
,完全な同音異義語型,贈る冬のバレンタインチョコ,固形が液体になる、とろける,とける,溶ける,解ける,難しい数学の問題,「贈る冬のバレンタインチョコ」とかけて、「難しい数学の問題」と解く。その心は「どちらも『とける』でしょう。」,
,完全な同音異義語型,贈る冬のバレンタインチョコ,相手に幸せを願う、幸せな気持ちになる,しあわせ,幸せ,仕合わせ,偶然の出会いから結婚した夫婦,「贈る冬のバレンタインチョコ」とかけて、「偶然の出会いから結婚した夫婦」と解く。その心は「どちらも『しあわせ』でしょう。」,
,多義語型,贈る冬のバレンタインチョコ,贈り物として提供する,おくる,贈る,送る,駅から家まで客人を見送る行為,「贈る冬のバレンタインチョコ」とかけて、「駅から家まで客人を見送る行為」と解く。その心は「どちらも『おくる』でしょう。」,
,多義語型,贈る冬のバレンタインチョコ,液体が固形になる、形を保つ,かたまる,固まる,固まる,意見の食い違いがあった会議で、ようやく方針が決定した状況,「贈る冬のバレンタインチョコ」とかけて、「意見の食い違いがあった会議で、ようやく方針が決定した状況」と解く。その心は「どちらも『かたまる』でしょう。」,
,フレーズ・慣用句型,贈る冬のバレンタインチョコ,感謝や愛情のメッセージを込める,きもちをつたえる,気持ちを伝える,気持ちを伝える,訃報を聞いて、故人の遺族にお悔やみの言葉を述べる人,「贈る冬のバレンタインチョコ」とかけて、「訃報を聞いて、故人の遺族にお悔やみの言葉を述べる人」と解く。その心は「どちらも『気持ちを伝える』でしょう。」,
,フレーズ・慣用句型,贈る冬のバレンタインチョコ,見た目が美しく、魅力的に包装される,みためもたいせつ,見た目も大切,見た目も大切,新商品を開発する際のマーケティング戦略,「贈る冬のバレンタインチョコ」とかけて、「新商品を開発する際のマーケティング戦略」と解く。その心は「どちらも『見た目も大切』でしょう。」,
,完全な同音異義語型,秋の夜長のお月見,月を眺める行為,つきをみる,月を見る（天体の月を眺める）,ツキを見る（運勢を占う、幸運が来るのを待つ）,ギャンブラー,秋の夜長のお月見とかけて、ギャンブラーと解く。その心は「どちらも『ツキを見る』でしょう。」,
,多義語型,秋の夜長のお月見,夜の時間が長い,ながい,長い（夜の時間が長く感じる）,長居（その場に長くいること）,喫茶店でゆっくり過ごす客,秋の夜長のお月見とかけて、喫茶店でゆっくり過ごす客と解く。その心は「どちらも『ながい』でしょう。」,
,フレーズ・慣用句型,秋の夜長のお月見,月を仰ぎ見る行為,みあげる,見上げる（月を仰ぎ見る）,見上げる（尊敬する、感心する）,尊敬される職人,秋の夜長のお月見とかけて、尊敬される職人と解く。その心は「どちらも見上げる」でしょう。,
,完全な同音異義語型,秋の夜長のお月見,澄んだ空気や心境,すんだ,澄んだ（空気が澄む、心が澄む）,済んだ（物事が終わる、解決する）,複雑な仕事を終えたビジネスマン,秋の夜長のお月見とかけて、複雑な仕事を終えたビジネスマンと解く。その心は「どちらも『すんだ』でしょう。」,
,多義語型,秋の夜長のお月見,月や団子の形状が丸い,まるい,丸い（形が円形）,丸い（角がなく温厚な性格）,温厚な性格のリーダー,秋の夜長のお月見とかけて、温厚な性格のリーダーと解く。その心は「どちらも『丸い』でしょう。」,
,フレーズ・慣用句型,秋の夜長のお月見,日が暮れて夜になる時間経過,ひがくれる,日が暮れる（夕暮れから夜になる）,日が暮れる（途方に暮れる、困惑する）,難題を前にして途方に暮れる人,秋の夜長のお月見とかけて、難題を前にして途方に暮れる人と解く。その心は「どちらも『日が暮れる』でしょう。」,
,完全な同音異義語型,食べる大晦日の年越しそば,麺が細くて長い。寿命を長く願う縁起物。,ほそくながい,細く長い（麺の形状と長寿の願い）,細く長い（呼吸や生命が長く続くこと）,長寿の老人,食べる大晦日の年越しそばとかけて、長寿の老人と解く。その心は『どちらも「細く長い」でしょう。』,
,多義語型,食べる大晦日の年越しそば,一年を終える、締めくくりの食事。,しめくくり,締めくくり（一年の終わり）,締めくくり（物事の結びや完結）,素晴らしい演説のラスト,食べる大晦日の年越しそばとかけて、素晴らしい演説のラストと解く。その心は『どちらも「締めくくり」が肝心でしょう。』,
,フレーズ・慣用句型,食べる大晦日の年越しそば,厄を断ち切る縁起物。,たちきる,断ち切る（厄を）,断ち切る（未練や関係を）,過去の過ちを悔い改める人,食べる大晦日の年越しそばとかけて、過去の過ちを悔い改める人と解く。その心は『どちらも「断ち切る」ことが大切でしょう。』,
,完全な同音異義語型,食べる大晦日の年越しそば,出汁の効いた温かいスープ。,だし,出汁（料理の味の決め手となるスープ）,出し（アイデアや技量などを出すこと）,斬新なアイデアマン,食べる大晦日の年越しそばとかけて、斬新なアイデアマンと解く。その心は『どちらも「だし」が命でしょう。』,
,多義語型,食べる大晦日の年越しそば,長寿や幸福を願う「縁起物」。,えんぎ,縁起（良い兆し、吉凶の兆候）,縁起（物語や物事の由来、始まり）,昔話の語り部,食べる大晦日の年越しそばとかけて、昔話の語り部と解く。その心は『どちらも「縁起」を語るでしょう。』,
,フレーズ・慣用句型,食べる大晦日の年越しそば,途切れることなく「長く続く」ことを願う。,ながくつづく,長く続く（寿命や幸福が）,長く続く（伝統や関係が）,老舗の伝統,食べる大晦日の年越しそばとかけて、老舗の伝統と解く。その心は『どちらも「長く続く」ことを願うでしょう。』,
,完全な同音異義語型,つく年末の餅つき,杵で餅を力強く打つ動作,つく,餅を『搗く』,病に『憑く』,原因不明の病で苦しむ人,「つく年末の餅つき」とかけて、「原因不明の病で苦しむ人」と解く。その心は『どちらも『憑く』でしょう。』,
,多義語型,つく年末の餅つき,粘り気のある餅が一つにまとまる様子,まとまる,餅が『まとまる』,意見が『まとまる』,侃々褞々（かんかんがくがく）の議論が続く会議,「つく年末の餅つき」とかけて、「侃々褞々（かんかんがくがく）の議論が続く会議」と解く。その心は『どちらも『まとまる』でしょう。』,
,フレーズ・慣用句型,つく年末の餅つき,餅を搗く際に、物理的にしっかりと腰を入れる動作,こしをいれる,『腰を入れる』,仕事に『腰を入れる』,難題を任されて覚悟を決めたベテラン社員,「つく年末の餅つき」とかけて、「難題を任されて覚悟を決めたベテラン社員」と解く。その心は『どちらも『腰を入れる』でしょう。』,
,完全な同音異義語型,つく年末の餅つき,餅を杵で力強く打ちつける動作,うつ,餅を『打つ』,パソコンで文字を『打つ』,締め切りに追われるライター,「つく年末の餅つき」とかけて、「締め切りに追われるライター」と解く。その心は『どちらも『打つ』でしょう。』,
,多義語型,つく年末の餅つき,餅の持つ、ちぎれにくく伸びる性質,ねばりづよい,餅が『粘り強い』,精神的に『粘り強い』,どんな困難にも挫けず夢を追いかける探求者,「つく年末の餅つき」とかけて、「どんな困難にも挫けず夢を追いかける探求者」と解く。その心は『どちらも『粘り強い』でしょう。』,
,フレーズ・慣用句型,つく年末の餅つき,餅の状態を見ながら、手でこねたり、形を整えたりする作業,てをかける,餅に『手をかける』,子供に『手をかける』,成長を願って世話をする親,「つく年末の餅つき」とかけて、「成長を願って世話をする親」と解く。その心は『どちらも『手をかける』でしょう。』,
,完全な同音異義語型,鳴らす大晦日の除夜の鐘,煩悩を「払う」,はらう,払う（煩悩を取り除く）,払う（お金を支払う）,お会計をする人,鳴らす大晦日の除夜の鐘とかけて、お会計をする人 と解く。その心は「どちらも『払う』でしょう。」,
,完全な同音異義語型,鳴らす大晦日の除夜の鐘,鐘を「撞く」,つく,撞く（鐘を打つ）,着く（目的地に到着する）,目的地に到着する旅人,鳴らす大晦日の除夜の鐘とかけて、目的地に到着する旅人と解く。その心は「どちらも『つく』でしょう。」,
,多義語型,鳴らす大晦日の除夜の鐘,音が遠くまで「響き渡る」,ひびきわたる,響き渡る（音が広範囲に伝わる）,響き渡る（影響や感動が広範囲に及ぶ）,偉人の功績や思想,鳴らす大晦日の除夜の鐘とかけて、偉人の功績や思想と解く。その心は「どちらも『響き渡る』でしょう。」,
,多義語型,鳴らす大晦日の除夜の鐘,煩悩を「無くす」,なくす,無くす（取り除く、消滅させる）,無くす（紛失する、物を失う）,大事な物を紛失した人,鳴らす大晦日の除夜の鐘とかけて、大事な物を紛失した人と解く。その心は「どちらも『なくす』でしょう。」,
,フレーズ・慣用句型,鳴らす大晦日の除夜の鐘,聞く人の「心を落ち着かせる」,こころをおちつかせる,心を落ち着かせる（音によって精神を平穏にする）,心を落ち着かせる（動揺を抑え、冷静になる）,大事な商談に臨むビジネスマン,鳴らす大晦日の除夜の鐘とかけて、大事な商談に臨むビジネスマンと解く。その心は「どちらも『心を落ち着かせる』でしょう。」,
,フレーズ・慣用句型,鳴らす大晦日の除夜の鐘,一年の「終わりを告げる」,おわりをつげる,終わりを告げる（年の区切りを示す）,終わりを告げる（物事の終結や関係の終了を示す）,長年連れ添った夫婦の離婚,鳴らす大晦日の除夜の鐘とかけて、長年連れ添った夫婦の離婚と解く。その心は「どちらも『終わりを告げる』でしょう。」,
,完全な同音異義語型,貰うお正月のお年玉,お金を手に入れる、もらう行為,える,得る,獲る,獲物を狙う狩人,貰うお正月のお年玉とかけて、獲物を狙う狩人と解く。その心は「どちらも『得る（獲る）』でしょう。」,
,完全な同音異義語型,貰うお正月のお年玉,お金の枚数を数える,かぞえる,数える,孵える,卵からひなが孵る鶏,貰うお正月のお年玉とかけて、卵からひなが孵る鶏と解く。その心は「どちらも『数える（孵える）』でしょう。」,
,多義語型,貰うお正月のお年玉,紙幣や硬貨である、お金である,かね,金,鐘,大晦日に響く除夜の鐘,貰うお正月のお年玉とかけて、大晦日に響く除夜の鐘と解く。その心は「どちらも『金（かね）』でしょう。」,
,多義語型,貰うお正月のお年玉,渡す、与える行為,おくる,贈る,送る,手紙を届ける郵便配達,貰うお正月のお年玉とかけて、手紙を届ける郵便配達と解く。その心は「どちらも『贈る（送る）』でしょう。」,
,フレーズ・慣用句型,貰うお正月のお年玉,財布が潤う、お金が増える,さいふがうるおう,財布が潤う,大地が潤う,砂漠に降る恵みの雨,貰うお正月のお年玉とかけて、砂漠に降る恵みの雨と解く。その心は「どちらも『財布が潤う（大地が潤う）』でしょう。」,
,フレーズ・慣用句型,貰うお正月のお年玉,子供が笑顔になる、喜ぶ,かおがほころぶ,顔が綻ぶ,花が綻ぶ,春に咲く桜の花,貰うお正月のお年玉とかけて、春に咲く桜の花と解く。その心は「どちらも『顔が綻ぶ（花が綻ぶ）』でしょう。」,
,完全な同音異義語型,買う正月の初売りの福袋,袋を開封する、何かが始まる,あける,開ける（福袋の口を『開ける』）,明ける（新年が『明ける』）,年が替わる瞬間,買う正月の初売りの福袋とかけて、年が替わる瞬間と解く。その心は「どちらも『あける』でしょう。」,
,多義語型,買う正月の初売りの福袋,福袋のために列を作る,ならぶ,並ぶ（福袋のために『並ぶ』）,並ぶ（実力が拮抗して肩を『並べる』）,実力が拮抗したライバル関係,買う正月の初売りの福袋とかけて、実力が拮抗したライバル関係と解く。その心は「どちらも『並ぶ』でしょう。」,
,フレーズ・慣用句型,買う正月の初売りの福袋,中身が分からず期待が膨らむ状態,あけてのおたのしみ,開けてのお楽しみ（福袋は『開けてのお楽しみ』）,開けてのお楽しみ（人生で何が起こるか『開けてのお楽しみ』）,人生で起こる予期せぬ出来事,買う正月の初売りの福袋とかけて、人生で起こる予期せぬ出来事と解く。その心は「どちらも『開けてのお楽しみ』でしょう。」,
,完全な同音異義語型,買う正月の初売りの福袋,品物を購入する行為,かう,買う（福袋を『買う』）,飼う（ペットを『飼う』）,ペットショップで新しい家族を迎える人,買う正月の初売りの福袋とかけて、ペットショップで新しい家族を迎える人と解く。その心は「どちらも『かう』でしょう。」,
,多義語型,買う正月の初売りの福袋,袋に商品がたくさん入っている状態,いっぱい,いっぱい（福袋に商品が『いっぱい』）,一杯（お酒を『一杯』飲む）,仕事終わりに仲間と飲むお酒,買う正月の初売りの福袋とかけて、仕事終わりに仲間と飲むお酒と解く。その心は「どちらも『いっぱい』でしょう。」,
,フレーズ・慣用句型,買う正月の初売りの福袋,中身がランダムで運に左右される,うんためし,運試し（福袋は『運試し』）,運試し（試験で答えが全く分からない時の『運試し』）,試験で答えが全く分からない時のヤマカン,買う正月の初売りの福袋とかけて、試験で答えが全く分からない時のヤマカンと解く。その心は「どちらも『運試し』でしょう。」,
,完全な同音異義語型,飲む春の桜の下の花見酒,桜の花が咲き乱れている,さくら,桜,サクラ（客を騙す人）,インチキ興行の客引き,飲む春の桜の下の花見酒とかけて、インチキ興行の客引きと解く。その心は『どちらも【サクラ】でしょう。』,
,多義語型,飲む春の桜の下の花見酒,楽しい心持ちになる、気分が高揚する,きぶん,気分,気分（行動の基準、体調）,わがままな上司,飲む春の桜の下の花見酒とかけて、わがままな上司と解く。その心は『どちらも【気分】次第でしょう。』,
,フレーズ・慣用句型,飲む春の桜の下の花見酒,酒宴が盛り上がる、物理的に桜が咲く,はなをさかせる,花を咲かせる（酒宴が盛り上がる、桜が咲く）,花を咲かせる（努力が実を結び成功する）,長年の研究者,飲む春の桜の下の花見酒とかけて、長年の研究者と解く。その心は『どちらも【花を咲かせる】でしょう。』,
,完全な同音異義語型,飲む春の桜の下の花見酒,季節が春である,はる,春,張る（テントなどを設置する）,キャンプ好き,飲む春の桜の下の花見酒とかけて、キャンプ好きと解く。その心は『どちらも【春（はる）】でしょう。』,
,多義語型,飲む春の桜の下の花見酒,顔色や気分が変化する,かわる,変わる（状態が変化する）,代わる（役職や場所が交代する）,部署異動する会社員,飲む春の桜の下の花見酒とかけて、部署異動する会社員と解く。その心は『どちらも【変わる】でしょう。』,
,フレーズ・慣用句型,飲む春の桜の下の花見酒,お酒を飲んで声が大きくなる、よく響く,こえがとおる,声が通る（声がよく響く、大きくなる）,声が通る（意見や主張が聞き入れられる）,有力な政治家,飲む春の桜の下の花見酒とかけて、有力な政治家と解く。その心は『どちらも【声が通る】でしょう。』,
,完全な同音異義語型,行う秋の学校の運動会,皆で協力して競技に挑む状態,ちから,力（力を尽くす）,地から（地面から）,芽生えたばかりの植物,行う秋の学校の運動会とかけて、芽生えたばかりの植物と解く。その心は「どちらも『ちから』でしょう。」,
,完全な同音異義語型,行う秋の学校の運動会,競技の時間や距離を正確に測定する行為,はかる,測る（時間を測る、距離を測る）,諮る（相談して決める）,会議の議題を決める役員,行う秋の学校の運動会とかけて、会議の議題を決める役員と解く。その心は「どちらも『はかる』でしょう。」,
,多義語型,行う秋の学校の運動会,勝敗を決める競争の機会,しょうぶ,勝負（競技で優劣を競う）,勝負（ビジネスや人生で重要な局面を迎える）,大金を使ってビジネスに挑む起業家,行う秋の学校の運動会とかけて、大金を使ってビジネスに挑む起業家と解く。その心は「どちらも『勝負』でしょう。」,
,多義語型,行う秋の学校の運動会,競技の最終地点、達成すべき目標,ごーる,ゴール（競技の終点）,ゴール（人生における最終的な目的）,人生設計を立てている若者,行う秋の学校の運動会とかけて、人生設計を立てている若者と解く。その心は「どちらも『ゴール』でしょう。」,
,フレーズ・慣用句型,行う秋の学校の運動会,開会式などで選手が綺麗に並ぶ様子,せいぜんとならぶ,整然と並ぶ（選手たちが綺麗に整列する）,整然と並ぶ（商品が秩序立って陳列される）,陳列棚に並んだ新製品,行う秋の学校の運動会とかけて、陳列棚に並んだ新製品と解く。その心は「どちらも『整然と並ぶ』でしょう。」,
,フレーズ・慣用句型,行う秋の学校の運動会,競技や応援で身体を動かし、体温が上がる状態,あせをかく,汗をかく（身体を動かして出る汗）,汗をかく（緊張や努力によって出る汗、冷や汗）,初めて大勢の前でプレゼンする新人社員,行う秋の学校の運動会とかけて、初めて大勢の前でプレゼンする新人社員と解く。その心は「どちらも『汗をかく』でしょう。」,
,完全な同音異義語型,刈る秋の田んぼの稲刈り,作業が終わりを告げること,かんりょう,稲刈りが完了する,勘定（会計、支払い）,食事を終え、店員を呼ぶ客,「刈る秋の田んぼの稲刈り」とかけて、「食事を終え、店員を呼ぶ客」と解く。その心は「どちらも『かんりょう』でしょう。」,
,完全な同音異義語型,刈る秋の田んぼの稲刈り,稲を刈り取るための道具,かま,鎌を使う,釜（風呂、ご飯を炊くもの）,お風呂を沸かす準備,「刈る秋の田んぼの稲刈り」とかけて、「お風呂を沸かす準備」と解く。その心は「どちらも『かま』を使うでしょう。」,
,多義語型,刈る秋の田んぼの稲刈り,作物として豊かな成果が得られること,みのり,稲の豊かな実り,実り（努力の結果、成果）,長年の努力が報われた研究者,「刈る秋の田んぼの稲刈り」とかけて、「長年の努力が報われた研究者」と解く。その心は「どちらも『実り』があるでしょう。」,
,多義語型,刈る秋の田んぼの稲刈り,収穫作業が終わり、田んぼが整頓される様子,かたづく,田んぼが片付く,片付く（結婚が決まる、問題が解決する）,結婚が決まった女性,「刈る秋の田んぼの稲刈り」とかけて、「結婚が決まった女性」と解く。その心は「どちらも『片付く』でしょう。」,
,フレーズ・慣用句型,刈る秋の田んぼの稲刈り,手間暇をかけて作業を進めること,てまをかける,稲刈りは手間をかける作業だ,手間をかける（丹精込めて育てる、面倒を見る）,丹精込めて育てられた盆栽,「刈る秋の田んぼの稲刈り」とかけて、「丹精込めて育てられた盆栽」と解く。その心は「どちらも『手間をかける』でしょう。」,
,フレーズ・慣用句型,刈る秋の田んぼの稲刈り,収穫した稲を積み重ねていくこと,つみあげる,刈り取った稲を積み上げる,積み上げる（経験や実績を重ねる）,長年の経験を持つベテラン職人,「刈る秋の田んぼの稲刈り」とかけて、「長年の経験を持つベテラン職人」と解く。その心は「どちらも『積み上げる』でしょう。」,
,完全な同音異義語型,出す夏の暑中見舞い,郵便物を相手に届ける行為,おくる,送る,贈る,誕生日のプレゼント,出す夏の暑中見舞いとかけて、誕生日のプレゼントと解く。その心は「どちらも『おくる』でしょう。」,
,完全な同音異義語型,出す夏の暑中見舞い,手紙に文字やメッセージを書き残すこと,きす,記す,キス,恋人同士の愛情表現,出す夏の暑中見舞いとかけて、恋人同士の愛情表現と解く。その心は「どちらも『記す（キス）』でしょう。」,
,多義語型,出す夏の暑中見舞い,メッセージや情報を発信する行為,はっしん,発信,発進,ロケット,出す夏の暑中見舞いとかけて、ロケットと解く。その心は「どちらも『発信する（発進する）』でしょう。」,
,多義語型,出す夏の暑中見舞い,相手の安否や健康を気遣うこと,あんじる,案じる,案じる（計画を練る）,新規プロジェクトの企画担当者,出す夏の暑中見舞いとかけて、新規プロジェクトの企画担当者と解く。その心は「どちらも『案じる』でしょう。」,
,フレーズ・慣用句型,出す夏の暑中見舞い,特定の季節に行われる習慣であること,きせつもの,季節物,季節物（旬の食材など）,旬の食材,出す夏の暑中見舞いとかけて、旬の食材と解く。その心は「どちらも『季節物』でしょう。」,
,フレーズ・慣用句型,出す夏の暑中見舞い,人との関係や縁を継続させること,えんをむすぶ,縁を結ぶ,縁を結ぶ（物理的に紐などを結ぶ）,和服の帯,出す夏の暑中見舞いとかけて、和服の帯と解く。その心は「どちらも『縁を結ぶ』でしょう。」,
,完全な同音異義語型,貰う新年の年賀状,郵便物として人々に届け「送られる」,おくられる,送られる,贈られる,誕生日プレゼント,「貰う新年の年賀状」とかけて、「誕生日プレゼント」と解く。その心は「どちらも『おくられる（送られる／贈られる）』」でしょう。,
,完全な同音異義語型,貰う新年の年賀状,郵便としてポストに「届く」,とどく,届く,轟く,雷鳴,「貰う新年の年賀状」とかけて、「雷鳴」と解く。その心は「どちらも『とどく（届く／轟く）』」でしょう。,
,多義語型,貰う新年の年賀状,相手を「思う」気持ちが込められている,おもい,思い,重い,大量の引っ越し荷物,「貰う新年の年賀状」とかけて、「大量の引っ越し荷物」と解く。その心は「どちらも『おもい（思い／重い）』」でしょう。,
,多義語型,貰う新年の年賀状,束になってポストに「纏まる」,まとまる,纏まる,纏まる,会議で意見を出し合った参加者,「貰う新年の年賀状」とかけて、「会議で意見を出し合った参加者」と解く。その心は「どちらも『纏まる』」でしょう。,
,フレーズ・慣用句型,貰う新年の年賀状,新年という区切りで「新たなスタート」を切る感覚,あらたなスタート,新たなスタート,新たなスタート,転職して新しい会社で働き始める人,「貰う新年の年賀状」とかけて、「転職して新しい会社で働き始める人」と解く。その心は「どちらも『新たなスタート』」でしょう。,
,フレーズ・慣用句型,貰う新年の年賀状,大量に届いて「山のように」なる様子,やまのように,山のように,山のように,締め切りに追われる編集者,「貰う新年の年賀状」とかけて、「締め切りに追われる編集者」と解く。その心は「どちらも『山のように（ある）』」でしょう。,
,完全な同音異義語型,楽しむ冬の街のイルミネーション,光が空間を「照らす」,てらす,街を「照らす」,仏教の「寺」,お坊さんが修行する場所,「楽しむ冬の街のイルミネーション」とかけて、「お坊さんが修行する場所」と解く。その心は「どちらも『テラス（照らす／寺）』でしょう。」,
,多義語型,楽しむ冬の街のイルミネーション,街を美しく「飾る」,かざる,街を美しく「飾る」,虚勢を張ってうわべを「飾る」,本心を見せない人,「楽しむ冬の街のイルミネーション」とかけて、「本心を見せない人」と解く。その心は「どちらも『飾る』でしょう。」,
,フレーズ・慣用句型,楽しむ冬の街のイルミネーション,光が「点灯する」、明るくなる,あかりがつく,イルミネーションの「明かりが点く」,問題解決の「目処が点く」,困難な問題が解決の糸口を見つけた時,「楽しむ冬の街のイルミネーション」とかけて、「長い間悩んでいた問題」と解く。その心は「どちらも『明かりが点く』でしょう。」,
,完全な同音異義語型,楽しむ冬の街のイルミネーション,夜の闇が「なくなる」,きえる,暗闇が「消える」,借金が「消える」,長年の借金を完済した人,「楽しむ冬の街のイルミネーション」とかけて、「長年の借金を完済した人」と解く。その心は「どちらも『消える』でしょう。」,
,多義語型,楽しむ冬の街のイルミネーション,人々の目を「惹きつける」、注意を集中させる,ひきつける,人々の目を「引きつける」,体を「引きつける」（物理的に近寄る）,講演者の話に集中する聴衆,「楽しむ冬の街のイルミネーション」とかけて、「講演者の話に集中する聴衆」と解く。その心は「どちらも『引きつける』でしょう。」,
,フレーズ・慣用句型,楽しむ冬の街のイルミネーション,幻想的で「夢」のような光景,ゆめをみる,夢のような光景を「見る」,将来の成功を「夢見る」,将来の目標に向かって努力する若者,「楽しむ冬の街のイルミネーション」とかけて、「将来の目標に向かって努力する若者」と解く。その心は「どちらも『夢を見る』でしょう。」,
,多義語型,舌を火傷する熱々のたこ焼き,熱すぎて、食べるのに苦労する,くろうする,熱くて食べるのに苦労する,仕事で苦労する,新米のビジネスパーソン,「舌を火傷する熱々のたこ焼き」とかけて、「新米のビジネスパーソン」と解く。その心は「どちらも『苦労する』でしょう。」,
,完全な同音異義語型,舌を火傷する熱々のたこ焼き,中身の温度が高い,あつい,熱い,厚い,分厚い百科事典,「舌を火傷する熱々のたこ焼き」とかけて、「分厚い百科事典」と解く。その心は「どちらも『あつい』でしょう。」,
,フレーズ・慣用句型,舌を火傷する熱々のたこ焼き,熱さで舌が傷つく,きずつく,舌が傷つく,心が傷つく,失恋したばかりの若者,「舌を火傷する熱々のたこ焼き」とかけて、「失恋したばかりの若者」と解く。その心は「どちらも『傷つく』でしょう。」,
,多義語型,舌を火傷する熱々のたこ焼き,熱すぎて食べるのが大変だ,たいへん,熱くて食べるのが大変だ,物事が困難で大変だ,期末テスト前の学生,「舌を火傷する熱々のたこ焼き」とかけて、「期末テスト前の学生」と解く。その心は「どちらも『大変な時期を迎える』でしょう。」,
,完全な同音異義語型,舌を火傷する熱々のたこ焼き,熱さを冷ますために息を吹きかける,ふく,息を吹く,服を着る,寒い日に出かける人,「舌を火傷する熱々のたこ焼き」とかけて、「寒い日に出かける人」と解く。その心は「どちらも『ふく』でしょう。」,
,フレーズ・慣用句型,舌を火傷する熱々のたこ焼き,冷ますまでに時間がかかる,じかんがかかる,食べるまでに時間がかかる,処理に時間がかかる,膨大な書類の山,「舌を火傷する熱々のたこ焼き」とかけて、「膨大な書類の山」と解く。その心は「どちらも『時間をかけて処理する』でしょう。」,
,完全な同音異義語型,鼻を突くツンとした練り芥子,鼻腔を刺激する力がある,しげき,刺激（感覚）,磁気,磁石,鼻を突くツンとした練り芥子とかけて、磁石と解く。その心は「どちらも『刺激（磁気）がある』でしょう。」,
,完全な同音異義語型,鼻を突くツンとした練り芥子,強い刺激で眠気が覚める,めがさめる,目が覚める（覚醒）,芽が覚める（発芽）,春になり動き出す植物の芽,鼻を突くツンとした練り芥子とかけて、春になり動き出す植物の芽と解く。その心は「どちらも『目が覚める（芽が覚める）』でしょう。」,
,多義語型,鼻を突くツンとした練り芥子,鼻にツンとくる強い刺激,つんとする,ツンとする（刺激）,ツンとする（態度）,高飛車な態度をとる人,鼻を突くツンとした練り芥子とかけて、高飛車な態度をとる人と解く。その心は「どちらも『ツンとする』でしょう。」,
,多義語型,鼻を突くツンとした練り芥子,強烈な刺激がある,しげきがつよい,刺激が強い（感覚）,刺激が強い（影響）,世の中を揺るがすスキャンダル,鼻を突くツンとした練り芥子とかけて、世の中を揺るがすスキャンダルと解く。その心は「どちらも『刺激が強い』でしょう。」,
,フレーズ・慣用句型,鼻を突くツンとした練り芥子,料理の味のアクセントになる,あくせんと,アクセント（味の強調）,アクセント（言葉の抑揚）,外国語を話す時,鼻を突くツンとした練り芥子とかけて、外国語を話す時と解く。その心は「どちらも『アクセントが重要』でしょう。」,
,フレーズ・慣用句型,鼻を突くツンとした練り芥子,強烈な刺激で意識がはっきりする,めがさめる,目が覚める（意識が戻る）,目が覚める（ハッとするような光景）,息をのむような絶景,鼻を突くツンとした練り芥子とかけて、息をのむような絶景と解く。その心は「どちらも『目が覚める』でしょう。」,
,多義語型,重くて手が疲れる鉄のフライパン,料理をする際に腕を物理的に使う、腕が疲れる,うでをふる,腕を振る (物理的に腕を動かす、または腕を使いこなす),腕を振る (才能や能力を存分に発揮する),料理の腕を存分に発揮するシェフ,重くて手が疲れる鉄のフライパンとかけて、料理の腕を存分に発揮するシェフと解く。その心は「どちらも腕を振る」でしょう。,
,フレーズ・慣用句型,重くて手が疲れる鉄のフライパン,非常に重く、持ち上げたり動かしたりするのが大変,てこでもうごかない,梃子でも動かない (物理的に非常に重くて動かせない状態),梃子でも動かない (頑固で意見を変えないこと),自分の意見を頑として譲らない人,重くて手が疲れる鉄のフライパンとかけて、自分の意見を頑として譲らない人と解く。その心は「どちらも梃子でも動かない」でしょう。,
,完全な同音異義語型,重くて手が疲れる鉄のフライパン,油をなじませて焦げ付きにくくする「シーズニング」や、使いこなすための手間,ならす,慣らす (使い慣れるように手入れをする、または使い慣れる),鳴らす (音を出す),授業の開始を知らせるチャイム,重くて手が疲れる鉄のフライパンとかけて、授業の開始を知らせるチャイムと解く。その心は「どちらも『慣らす』、いや『鳴らす』ことが重要でしょう」。,
,多義語型,重くて手が疲れる鉄のフライパン,調理中に高温になる、熱を蓄えている状態,ねつがある,熱がある (物体が高温になっている状態),熱がある (情熱や意欲がある、または体温が高い状態),新しいプロジェクトに意欲満々の若手社員,重くて手が疲れる鉄のフライパンとかけて、新しいプロジェクトに意欲満々の若手社員と解く。その心は「どちらも熱がある」でしょう。,
,フレーズ・慣用句型,重くて手が疲れる鉄のフライパン,料理中に重さで手が疲れて、動作を中断したくなる,てをやすめる,手を休める (物理的に作業を中断し、手を休ませる),手を休める (仕事や作業を中断して休憩すること),長時間の肉体労働の後に一服する職人,重くて手が疲れる鉄のフライパンとかけて、長時間の肉体労働の後に一服する職人と解く。その心は「どちらも手を休める」でしょう。,
,完全な同音異義語型,重くて手が疲れる鉄のフライパン,鉄という「金」属でできている,かね,金 (金属),鐘 (音を鳴らす道具、例えば寺の鐘),大晦日に鳴らされる除夜の鐘,重くて手が疲れる鉄のフライパンとかけて、大晦日に鳴らされる除夜の鐘と解く。その心は「どちらも『かね』でしょう」。,
,完全な同音異義語型,触るとベタつくはちみつの瓶,瓶の蓋や周りが粘りつき、開けるのに苦労する,てこずり,手こずり（扱うのに苦労すること）,手小釣り（釣り方の一つ）,川で魚を釣る人,「触るとベタつくはちみつの瓶」とかけて、「川で魚を釣る人」と解く。その心は「どちらも『手こずり』ます」でしょう。,
,完全な同音異義語型,触るとベタつくはちみつの瓶,時間が経つとハチミツが結晶化して固まる、粘り気が強い,こりかたまる,凝り固まる（液体が固まる様子）,凝り固まる（考えが頑固になる様子）,自分の意見を曲げない頑固な人,「触るとベタつくはちみつの瓶」とかけて、「自分の意見を曲げない頑固な人」と解く。その心は「どちらも『凝り固まる』でしょう。」,
,多義語型,触るとベタつくはちみつの瓶,粘り気が手にまとわりつく、汚れが取れにくい,からむ,絡む（粘液が手に絡みつく）,絡む（厄介な関係や状況に巻き込まれる）,酔っぱらって周りの人にちょっかいを出す人,「触るとベタつくはちみつの瓶」とかけて、「酔っぱらって周りの人にちょっかいを出す人」と解く。その心は「どちらも『絡む』でしょう。」,
,多義語型,触るとベタつくはちみつの瓶,ベタつきで開けにくく、手を洗うなど後処理に時間がかかる,てまがかかる,手間がかかる（扱うのに労力や時間がかかる）,手間がかかる（世話や育成に労力を要する）,手のかかる子供,「触るとベタつくはちみつの瓶」とかけて、「手のかかる子供」と解く。その心は「どちらも『手間がかかる』でしょう。」,
,フレーズ・慣用句型,触るとベタつくはちみつの瓶,物理的に手が汚れる、拭いてもなかなかきれいにならない,てがよごれる,手が汚れる（物理的に手が不潔になる）,手が汚れる（不正や悪事に手を染める）,悪事に加担した政治家,「触るとベタつくはちみつの瓶」とかけて、「悪事に加担した政治家」と解く。その心は「どちらも『手が汚れる』でしょう。」,
,フレーズ・慣用句型,触るとベタつくはちみつの瓶,触ると手がベタついて不快、扱いにくい、面倒な存在,やっかいもの,厄介者（扱いにくい物、面倒な物）,厄介者（周囲に迷惑をかける人や物）,学級の問題児,「触るとベタつくはちみつの瓶」とかけて、「学級の問題児」と解く。その心は「どちらも『厄介者』でしょう。」,
,完全な同音異義語型,キンキンに冷えたジョッキの生ビール,飲んだ後の味の切れ、後味の良さ,きれがいい,キレが良い（味覚の評価）,切れが良い（布地や紙などの品質）,職人が仕立てた上質な浴衣の布地,キンキンに冷えたジョッキの生ビールとかけて、職人が仕立てた上質な浴衣の布地と解く。その心は「どちらもキレ（切れ）が良い」でしょう。,
,完全な同音異義語型,キンキンに冷えたジョッキの生ビール,飲むと顔や体が熱くなる感覚,ほてる,火照る,ホテル,旅行先の宿泊施設,キンキンに冷えたジョッキの生ビールとかけて、旅行先の宿泊施設と解く。その心は「どちらもホテる」でしょう。,
,多義語型,キンキンに冷えたジョッキの生ビール,注がれた泡がジョッキの中で形成される様子,たつ,泡が立つ,計画が立つ,新規事業のプロジェクト計画,キンキンに冷えたジョッキの生ビールとかけて、新規事業のプロジェクト計画と解く。その心は「どちらも立つ」でしょう。,
,多義語型,キンキンに冷えたジョッキの生ビール,勢いよく注ぐと泡や液体が容器から出てしまう様子,あふれる,泡が溢れる、液体が溢れる,才能が溢れる,無限のインスピレーションを持つ芸術家,キンキンに冷えたジョッキの生ビールとかけて、無限のインスピレーションを持つ芸術家と解く。その心は「どちらも溢れる」でしょう。,
,フレーズ・慣用句型,キンキンに冷えたジョッキの生ビール,飲むことで感じる高揚感や良い気分,きぶんがあがる,気分が上がる（高揚する）,気分が上がる（モチベーションが高まる）,努力が実を結び評価されたビジネスパーソン,キンキンに冷えたジョッキの生ビールとかけて、努力が実を結び評価されたビジネスパーソンと解く。その心は「どちらも気分が上がる」でしょう。,
,フレーズ・慣用句型,キンキンに冷えたジョッキの生ビール,注いだ時にきめ細かく豊かな泡が立つ様子,あわだちがいい,泡立ちが良い（ビールの特性）,泡立ちが良い（洗剤などの特性）,髪を優しく洗い上げるシャンプー,キンキンに冷えたジョッキの生ビールとかけて、髪を優しく洗い上げるシャンプーと解く。その心は「どちらも泡立ちがいい」でしょう。,
,完全な同音異義語型,歯が折れそうなほど固い氷砂糖,衝撃で物理的に『砕ける』『壊れる』可能性がある,われる,衝撃で『割れる』,関係が『別れる』,長い付き合いの恋人,歯が折れそうなほど固い氷砂糖とかけて、長い付き合いの恋人と解く。その心は「どちらも『割れる（別れる）』でしょう」。,
,多義語型,歯が折れそうなほど固い氷砂糖,物理的に非常に『硬い』性質,かたい,物理的に非常に『固い』,揺るぎない『固い』決意,目標達成に向けて努力する人,歯が折れそうなほど固い氷砂糖とかけて、目標達成に向けて努力する人と解く。その心は「どちらも『固い』でしょう」。,
,フレーズ・慣用句型,歯が折れそうなほど固い氷砂糖,硬すぎて食べようとしても『困難』である,はがたたない,硬すぎて『歯が立たない』,難しすぎて解決できない『歯が立たない』,難しすぎる問題,歯が折れそうなほど固い氷砂糖とかけて、難しすぎる問題と解く。その心は「どちらも『歯が立たない』でしょう」。,
,完全な同音異義語型,歯が折れそうなほど固い氷砂糖,規則正しい構造を持つ『結晶』体である,けっしょう,鉱物として『結晶』,努力の『結晶』,長年の研究で生まれた新技術,歯が折れそうなほど固い氷砂糖とかけて、長年の研究で生まれた新技術と解く。その心は「どちらも『結晶』でしょう」。,
,多義語型,歯が折れそうなほど固い氷砂糖,その『形を保つ』性質が強い,かたちをたもつ,物理的に『形を保つ』,伝統や組織が『形を保つ』,古い伝統を守り続ける職人の家系,歯が折れそうなほど固い氷砂糖とかけて、古い伝統を守り続ける職人の家系と解く。その心は「どちらも『形を保つ』でしょう」。,
,フレーズ・慣用句型,歯が折れそうなほど固い氷砂糖,溶かすと『甘い液体』になる,あまいしる,溶かして作る『甘い汁』,楽して得られる利益（『甘い汁』を吸う）,ずる賢い政治家,歯が折れそうなほど固い氷砂糖とかけて、ずる賢い政治家と解く。その心は「どちらも『甘い汁』でしょう」。,
,完全な同音異義語型,涙が止まらないすりおろした玉ねぎ,涙で目が潤んだ状態である,うるむ,潤む（涙で目が潤む）,産む（子供を産む）,子宝に恵まれた家庭,「涙が止まらないすりおろした玉ねぎ」とかけて、「子宝に恵まれた家庭」と解く。その心は『どちらも「うるむ」（潤む/産む）でしょう。』,
,完全な同音異義語型,涙が止まらないすりおろした玉ねぎ,食材をすりおろすという調理動作,おろす,卸す（すりおろす）,降ろす（荷物を降ろす）,山小屋に物資を運んだヘリコプター,「涙が止まらないすりおろした玉ねぎ」とかけて、「山小屋に物資を運んだヘリコプター」と解く。その心は『どちらも「おろす」（卸す/降ろす）でしょう。』,
,多義語型,涙が止まらないすりおろした玉ねぎ,味覚的に刺激が強く、辛いと感じる状態,からい,辛い（味覚的な刺激）,辛い（精神的な苦痛）,困難な状況に耐える経営者,「涙が止まらないすりおろした玉ねぎ」とかけて、「困難な状況に耐える経営者」と解く。その心は『どちらも「からい」（辛い）でしょう。』,
,多義語型,涙が止まらないすりおろした玉ねぎ,涙が目から流れ出る状態,ながす,流す（液体が流れ出る）,流す（情報を広める）,世間に根も葉もない噂を広めるゴシップ記者,「涙が止まらないすりおろした玉ねぎ」とかけて、「世間に根も葉もない噂を広めるゴシップ記者」と解く。その心は『どちらも「ながす」（流す）でしょう。』,
,フレーズ・慣用句型,涙が止まらないすりおろした玉ねぎ,刺激が目に達し、その影響が及ぶこと,めにくる,目に来る（刺激が目に達する）,目に来る（魅力的なものが目に入って印象に残る）,鮮やかな色彩で描かれた絵画,「涙が止まらないすりおろした玉ねぎ」とかけて、「鮮やかな色彩で描かれた絵画」と解く。その心は『どちらも「目に来る」でしょう。』,
,フレーズ・慣用句型,涙が止まらないすりおろした玉ねぎ,すりおろされて原形をとどめない状態,めもあてられない,目も当てられない（原形を留めないほど加工された状態）,目も当てられない（ひどい状況で見ていられない）,経営状態が破綻寸前の会社,「涙が止まらないすりおろした玉ねぎ」とかけて、「経営状態が破綻寸前の会社」と解く。その心は『どちらも「目も当てられない」でしょう。』,
,フレーズ・慣用句型,喉が焼けるような強いアルコール度数のお酒,体が熱くなる、感情が高ぶるような感覚,かっとなる,カッとなる（体温が上がり、頭に血が上るような状態）,カッとなる（感情的になり、怒り出す様子）,短気な人,喉が焼けるような強いアルコール度数のお酒とかけて、短気な人と解く。その心は『どちらもカッとなる』でしょう。,
,多義語型,喉が焼けるような強いアルコール度数のお酒,アルコールの効果が体にはっきりと作用する,きく,効く（アルコールが体に作用し、効果を発揮する）,利く（融通が利く、腕が利くなど、物事が都合よく運んだり、能力があること）,融通の利く営業マン,喉が焼けるような強いアルコール度数のお酒とかけて、融通の利く営業マンと解く。その心は『どちらも「きく」でしょう。』,
,完全な同音異義語型,喉が焼けるような強いアルコール度数のお酒,熱い、体を芯から温める,あつい,熱い（温度が高い、体感的に熱い）,厚い（人情に厚い、分厚い本のように厚みがある）,人情に厚い江戸っ子,喉が焼けるような強いアルコール度数のお酒とかけて、人情に厚い江戸っ子と解く。その心は『どちらも「あつい」でしょう。』,
,フレーズ・慣用句型,喉が焼けるような強いアルコール度数のお酒,液体が喉を通過する、刺激を伴う,のどをとおる,喉を通る（液体が食道を通過する）,道理が通る（話や理屈が筋道立っていること）,筋の通ったことを言う人,喉が焼けるような強いアルコール度数のお酒とかけて、筋の通ったことを言う人と解く。その心は『どちらも「のどを通る」でしょう。』,
,多義語型,喉が焼けるような強いアルコール度数のお酒,刺激的で、味覚的に強い,からい,辛い（喉への刺激が強く、痛いような感覚）,辛い（塩分が多く、味が塩辛い）,汗をかくような激辛料理,喉が焼けるような強いアルコール度数のお酒とかけて、汗をかくような激辛料理と解く。その心は『どちらも「からい」でしょう。』,
,完全な同音異義語型,喉が焼けるような強いアルコール度数のお酒,喉が焼けるような熱さ、火照り,えん,炎（喉が焼けるような熱さや強い刺激を炎に例える）,縁（人との繋がりや巡り合わせ）,良縁を求める男女,喉が焼けるような強いアルコール度数のお酒とかけて、良縁を求める男女と解く。その心は『どちらも「えん」でしょう。』,
,完全な同音異義語型,指を切る鋭い缶詰のフタ,鋭利な切れ端、危険性。,は,刃（切り口が刃のように鋭利であること）,歯（動物の歯、噛み砕く機能）,獲物を噛み砕く肉食獣,「指を切る鋭い缶詰のフタ」とかけて、「獲物を噛み砕く肉食獣」と解く。その心は「どちらも『は』があるでしょう。」,
,完全な同音異義語型,指を切る鋭い缶詰のフタ,製造上の危険な性質、不良品。,けっかん,欠陥（指を切ってしまうような製品の危険性）,血管（血液が流れる管）,健康診断の結果を待つ人,「指を切る鋭い缶詰のフタ」とかけて、「健康診断の結果を待つ人」と解く。その心は「どちらも『けっかん』があると困るでしょう。」,
,多義語型,指を切る鋭い缶詰のフタ,鋭利で物を断ち切る能力がある。,きれる,切れる（刃物が鋭利で、指などを切断する能力がある）,切れる（才能が優れている、仕事が迅速である）,仕事が速くて有能なビジネスパーソン,「指を切る鋭い缶詰のフタ」とかけて、「仕事が速くて有能なビジネスパーソン」と解く。その心は「どちらも『切れる』でしょう。」,
,多義語型,指を切る鋭い缶詰のフタ,缶の蓋を物理的に「開ける」動作。,あける,開ける（缶の蓋を開放する）,空ける（場所や時間を空にする、譲る）,混雑した場所で道を譲る人,「指を切る鋭い缶詰のフタ」とかけて、「混雑した場所で道を譲る人」と解く。その心は「どちらも『開ける』でしょう。」,
,フレーズ・慣用句型,指を切る鋭い缶詰のフタ,危険を伴うため、注意を怠ると怪我をする。,ゆだんたいでき,油断大敵（取り扱いに注意しないと怪我をする、危険な対象）,油断大敵（気を抜くと失敗する、勝敗を分ける要因）,勝負の途中で気を緩めた選手,「指を切る鋭い缶詰のフタ」とかけて、「勝負の途中で気を緩めた選手」と解く。その心は「どちらも『油断大敵』でしょう。」,
,フレーズ・慣用句型,指を切る鋭い缶詰のフタ,安全に扱うためには、細心の注意や工夫が必要である。,てまがかかる,手間がかかる（安全に開けるには細心の注意や工夫が必要）,手間がかかる（労力や時間を要する作業や準備）,凝った料理を作るシェフ,「指を切る鋭い缶詰のフタ」とかけて、「凝った料理を作るシェフ」と解く。その心は「どちらも『手間がかかる』でしょう。」,
,完全な同音異義語型,焦げ臭い真っ黒なトースト,焦げて黒くなっている,こげ,焦げ,苔,日陰の石段,焦げ臭い真っ黒なトーストとかけて、日陰の石段と解く。その心は「どちらも『コケ』がある」でしょう。,
,完全な同音異義語型,焦げ臭い真っ黒なトースト,炭のようになってしまう,すみ,炭,墨,書道家,焦げ臭い真っ黒なトーストとかけて、書道家と解く。その心は「どちらも『炭（墨）』になる」でしょう。,
,多義語型,焦げ臭い真っ黒なトースト,原型を留めず、食べ物として機能しなくなる,だいなし,台無し,台無し,入念に立てた計画,焦げ臭い真っ黒なトーストとかけて、入念に立てた計画と解く。その心は「どちらも『台無し』になる」でしょう。,
,多義語型,焦げ臭い真っ黒なトースト,焼かれすぎて温度が高い,あつい,熱い,厚い,分厚い辞書,焦げ臭い真っ黒なトーストとかけて、分厚い辞書と解く。その心は「どちらも『熱い（厚い）』」でしょう。,
,フレーズ・慣用句型,焦げ臭い真っ黒なトースト,焦げていて外観が良くない,みためがわるい,見た目が悪い,見た目が悪い,素行の悪い人物,焦げ臭い真っ黒なトーストとかけて、素行の悪い人物と解く。その心は「どちらも『見た目が悪い』」でしょう。,
,フレーズ・慣用句型,焦げ臭い真っ黒なトースト,失敗して、食べ物として機能しなくなる,ものにならない,物にならない,物にならない,才能が伸び悩む新人,焦げ臭い真っ黒なトーストとかけて、才能が伸び悩む新人と解く。その心は「どちらも『物にならない』」でしょう。,
,完全な同音異義語型,むせ返るような激辛スパイス,刺激で体が熱くなり汗が出る,はっかん,発汗（汗をかくこと）,発刊（本や雑誌を出すこと）,新しい雑誌,むせ返るような激辛スパイスとかけて、新しい雑誌と解く。その心は『どちらも発刊する』でしょう。,
,完全な同音異義語型,むせ返るような激辛スパイス,その辛さが口の中に長く残る,のこる,残る（味が口に長く留まる）,遺る（後世に功績が伝わる）,偉人の功績,むせ返るような激辛スパイスとかけて、偉人の功績と解く。その心は『どちらも後世に遺る』でしょう。,
,多義語型,むせ返るような激辛スパイス,刺激で口の中や体が熱くなる,あつい,熱い（刺激による体温上昇や感覚）,熱い（感情や関係性の深さ）,友情,むせ返るような激辛スパイスとかけて、友情と解く。その心は『どちらも熱い』でしょう。,
,多義語型,むせ返るような激辛スパイス,強烈な刺激で眠気が覚める,めがさめる,目が覚める（眠気がなくなる）,目が覚める（新しい才能や事実に気づく）,新しい才能に気づいた人,むせ返るような激辛スパイスとかけて、新しい才能に気づいた人と解く。その心は『どちらも目が覚める』でしょう。,
,フレーズ・慣用句型,むせ返るような激辛スパイス,辛さの刺激が長く続き、忘れられない,あとをひく,後を引く（辛さの感覚が残る）,後を引く（悪影響が長く続く）,過去の失敗,むせ返るような激辛スパイスとかけて、過去の失敗と解く。その心は『どちらも後を引く』でしょう。,
,フレーズ・慣用句型,むせ返るような激辛スパイス,舌が麻痺するような強い刺激,しびれる,痺れる（辛さで舌が麻痺する）,痺れる（感動して体が動かなくなる）,見事な演奏を披露するミュージシャン,むせ返るような激辛スパイスとかけて、見事な演奏を披露するミュージシャンと解く。その心は『どちらも人を痺れさせる』でしょう。,
,完全な同音異義語型,冷めて脂が白く固まった豚骨ラーメン,脂が固まる、粘度が高い、白く覆われる,こり,凝り,凝り,趣味に熱中する人,「冷めて脂が白く固まった豚骨ラーメン」とかけて、「趣味に凝る人」と解く。その心は『どちらも「凝り」があるでしょう。』,
,完全な同音異義語型,冷めて脂が白く固まった豚骨ラーメン,表面が白い層で覆われる、どろっとしている,まく,膜,幕,劇場の舞台,「冷めて脂が白く固まった豚骨ラーメン」とかけて、「劇場の舞台」と解く。その心は『どちらも「膜（幕）」が張りますでしょう。』,
,多義語型,冷めて脂が白く固まった豚骨ラーメン,動きが鈍い、粘度が高い,とろい,鈍い,鈍い,動作が鈍い人,「冷めて脂が白く固まった豚骨ラーメン」とかけて、「動作が鈍い人」と解く。その心は『どちらも「鈍い（とろい）」でしょう。』,
,多義語型,冷めて脂が白く固まった豚骨ラーメン,見た目が悪い、胃にもたれる,おもい,重い,重い,精神的な負担が大きい状況,「冷めて脂が白く固まった豚骨ラーメン」とかけて、「精神的に負担が大きい状況」と解く。その心は『どちらも「重い」でしょう。』,
,フレーズ・慣用句型,冷めて脂が白く固まった豚骨ラーメン,箸が通らない、食べにくい,はしがとおらない,箸が通らない,箸が通らない,夫婦の会話が途絶えた食卓,「冷めて脂が白く固まった豚骨ラーメン」とかけて、「夫婦の会話が途絶えた食卓」と解く。その心は『どちらも「箸が通らない」でしょう。』,
,フレーズ・慣用句型,冷めて脂が白く固まった豚骨ラーメン,油分が多い、表面が油で覆われている,あぶらぎって,油ぎって,油ぎって,金儲けに貪欲な人,「冷めて脂が白く固まった豚骨ラーメン」とかけて、「金儲けに貪欲な人」と解く。その心は『どちらも「油ぎって」いるでしょう。』,
,完全な同音異義語型,手が真っ赤に染まるキムチのタレ,手が赤く染まる、色がつく,いろどる,色どる,彩る（景色や絵を美しく飾る）,風景画家,手が真っ赤に染まるキムチのタレとかけて、風景画家と解く。その心は「どちらも色どる」でしょう。,
,多義語型,手が真っ赤に染まるキムチのタレ,手が汚れてなかなか落ちない状態,てがつけられない,手がつけられない（汚れが頑固で対処できない）,手がつけられない（手に負えない、対処が困難な状況）,暴れん坊の子供,手が真っ赤に染まるキムチのタレとかけて、暴れん坊の子供と解く。その心は「どちらも手がつけられない」でしょう。,
,フレーズ・慣用句型,手が真っ赤に染まるキムチのタレ,色や刺激が強く残る,あとをのこす,跡を残す（色が手についたまま残る）,後を遺す（偉業や功績などを残す）,歴史に名を刻んだ偉人,手が真っ赤に染まるキムチのタレとかけて、歴史に名を刻んだ偉人と解く。その心は「どちらも跡を残す」でしょう。,
,完全な同音異義語型,手が真っ赤に染まるキムチのタレ,舌や口に刺激を与える味,からい,辛い（味が刺激的である）,辛い（精神的・肉体的に苦痛である）,受験を控えた学生,手が真っ赤に染まるキムチのタレとかけて、受験を控えた学生と解く。その心は「どちらも辛い」でしょう。,
,多義語型,手が真っ赤に染まるキムチのタレ,手で直接触れて色がつく,てがそまる,手が染まる（手が赤く色づく）,手が染まる（悪事や厄介な事柄に関与する）,裏社会の仕事,手が真っ赤に染まるキムチのタレとかけて、裏社会の仕事と解く。その心は「どちらも手が染まる」でしょう。,
,フレーズ・慣用句型,手が真っ赤に染まるキムチのタレ,何かに色を付ける行為,いろをつける,色をつける（物に色を付着させる）,色をつける（商品などに値引きをする）,八百屋の店主,手が真っ赤に染まるキムチのタレとかけて、八百屋の店主と解く。その心は「どちらも色をつける」でしょう。,
,フレーズ・慣用句型,噛み切れないほど分厚いステーキ肉,物理的に噛み切ることができない、太刀打ちできないほどの固さ,はがたたない,歯が立たない,歯が立たない（太刀打ちできない）,議論の的を外さない切れ者の論客,「噛み切れないほど分厚いステーキ肉」とかけて、「議論の的を外さない切れ者の論客」と解く。その心は「どちらも『歯が立たない』でしょう。,
,多義語型,噛み切れないほど分厚いステーキ肉,しっかりとした肉質で、なかなかなくならない,ねばりがある,粘りがある,粘りがある（根気がある、諦めない）,どんな困難にも挫けず目標達成を目指すアスリート,「噛み切れないほど分厚いステーキ肉」とかけて、「どんな困難にも挫けず目標達成を目指すアスリート」と解く。その心は「どちらも『粘りがある』でしょう。,
,完全な同音異義語型,噛み切れないほど分厚いステーキ肉,食べきれないほどのボリュームがある,りょうがある,量がある,領がある（広大な領地を持つ）,広大な土地を治める戦国大名,「噛み切れないほど分厚いステーキ肉」とかけて、「広大な土地を治める戦国大名」と解く。その心は「どちらも『量がある（領がある）』でしょう。,
,フレーズ・慣用句型,噛み切れないほど分厚いステーキ肉,噛み切るのに大変な労力と苦労を要する,ほねがおれる,骨が折れる,骨が折れる（身体的に負傷する、大変な苦労をする）,激しい練習で負傷してしまったプロスポーツ選手,「噛み切れないほど分厚いステーキ肉」とかけて、「激しい練習で負傷してしまったプロスポーツ選手」と解く。その心は「どちらも『骨が折れる』でしょう。,
,多義語型,噛み切れないほど分厚いステーキ肉,火の通りが不十分で、焼き加減が難しい,なかがまだあまい,中がまだ甘い,中がまだ甘い（未熟である、思慮が足りない）,経験が浅く、思慮が足りない若手社員,「噛み切れないほど分厚いステーキ肉」とかけて、「経験が浅く、思慮が足りない若手社員」と解く。その心は「どちらも『中がまだ甘い』でしょう。,
,完全な同音異義語型,噛み切れないほど分厚いステーキ肉,肉質が固く、なかなか形が変わらない,かたい,硬い,堅い（意思が堅固である、守りが堅い）,どんな誘惑にも屈しない信念の持ち主,「噛み切れないほど分厚いステーキ肉」とかけて、「どんな誘惑にも屈しない信念の持ち主」と解く。その心は「どちらも『硬い（堅い）』でしょう。,
,完全な同音異義語型,ツルッと滑る掴みにくいこんにゃく,物理的に不安定な状態,ふあんてい,不安定（物理的に掴みにくく、定まらない）,不安定（社会情勢や心理状態が定まらない）,社会情勢,「ツルッと滑る掴みにくいこんにゃく」とかけて、「社会情勢」と解く。その心は『どちらも「不安定」』でしょう。,
,完全な同音異義語型,ツルッと滑る掴みにくいこんにゃく,箸から逃げるように滑り落ちる,にげる,逃げる（箸から滑り落ちる）,逃げる（責任や義務から逃れる）,責任放棄をする人,「ツルッと滑る掴みにくいこんにゃく」とかけて、「責任放棄をする人」と解く。その心は『どちらも「逃げる」』でしょう。,
,多義語型,ツルッと滑る掴みにくいこんにゃく,物理的にホールドできない,つかめない,掴めない（物理的に手や箸で握りきれない）,掴めない（状況や真意が理解できない）,真意の分からない人の話,「ツルッと滑る掴みにくいこんにゃく」とかけて、「真意の分からない人の話」と解く。その心は『どちらも「掴めない」』でしょう。,
,多義語型,ツルッと滑る掴みにくいこんにゃく,箸から何度も滑り落ちてしまう状態,すべってばかり,滑ってばかり（物理的に滑り落ちてしまう）,滑ってばかり（失敗ばかりしている、冗談が受けない）,失敗続きの芸人,「ツルッと滑る掴みにくいこんにゃく」とかけて、「失敗続きの芸人」と解く。その心は『どちらも「滑ってばかり」』でしょう。,
,フレーズ・慣用句型,ツルッと滑る掴みにくいこんにゃく,掴もうとしても、するりと抜けてしまう,てをすりぬける,手をすり抜ける（物理的に手から滑り落ちる）,手をすり抜ける（チャンスを逃す、犯人が逃走する）,警察の追跡をかわす犯人,「ツルッと滑る掴みにくいこんにゃく」とかけて、「警察の追跡をかわす犯人」と解く。その心は『どちらも「手をすり抜ける」』でしょう。,
,フレーズ・慣用句型,ツルッと滑る掴みにくいこんにゃく,なかなか箸で捕まえられない,なかなかとらえられない,なかなか捕らえられない（物理的に掴んで固定できない）,なかなか捉えられない（実態や本質が理解できない、手がかりがない）,実態の分からない組織,「ツルッと滑る掴みにくいこんにゃく」とかけて、「実態の分からない組織」と解く。その心は『どちらも「なかなか捉えられない」』でしょう。,
,完全な同音異義語型,ガリッと音を立てる砂肝の串焼き,砂肝は砂を消化する器官である,しょうか,消化,消火,消防士,ガリッと音を立てる砂肝の串焼きとかけて、消防士と解く。その心は『どちらも「消化」が大切でしょう。』,
,完全な同音異義語型,ガリッと音を立てる砂肝の串焼き,串に刺して火で焼く,やく,焼く,役,新人の俳優,ガリッと音を立てる砂肝の串焼きとかけて、新人の俳優と解く。その心は『どちらも「役」を待っているでしょう。』,
,多義語型,ガリッと音を立てる砂肝の串焼き,串が砂肝を貫き通している,とおる,通る,通る,説明上手な営業マン,ガリッと音を立てる砂肝の串焼きとかけて、説明上手な営業マンと解く。その心は『どちらも話が「通る」のが得意でしょう。』,
,多義語型,ガリッと音を立てる砂肝の串焼き,串に刺さって直立している,たつ,立つ,立つ,困っている人を助けるボランティア,ガリッと音を立てる砂肝の串焼きとかけて、困っている人を助けるボランティアと解く。その心は『どちらも人の「役に立つ」ことが喜びでしょう。』,
,フレーズ・慣用句型,ガリッと音を立てる砂肝の串焼き,硬いけど、しっかり噛み砕くことができる,はがたつ,歯が立つ,歯が立つ,難題に立ち向かう研究者,ガリッと音を立てる砂肝の串焼きとかけて、難題に立ち向かう研究者と解く。その心は『どちらも「歯が立つ」ことが重要でしょう。』,
,フレーズ・慣用句型,ガリッと音を立てる砂肝の串焼き,硬く、噛んだ時に「ガリガリ」と音がする食感,ガリガリ,ガリガリ,ガリガリ,勉強熱心な学生,ガリッと音を立てる砂肝の串焼きとかけて、勉強熱心な学生と解く。その心は『どちらも「ガリガリ」であるのが良いでしょう。』,
,完全な同音異義語型,ザラザラした食感のプロテイン粉末,粒子が粗く、舌触りがなめらかでない状態。,あらい,粗い（食感が）,洗い（洗濯や体を清める行為）,汚れたものを清潔にする行為,ザラザラした食感のプロテイン粉末とかけて、汚れたものを清潔にする行為と解く。その心は「どちらも『洗い（粗い）』でしょう。」,
,多義語型,ザラザラした食感のプロテイン粉末,水に溶け切らず、粉末状のものが口の中に残る。,のこる,残る（溶け残る）,残る（仕事や記憶として）,終わらない課題や頭から離れない出来事,ザラザラした食感のプロテイン粉末とかけて、終わらない課題や頭から離れない出来事と解く。その心は「どちらも『残る』でしょう。」,
,フレーズ・慣用句型,ザラザラした食感のプロテイン粉末,口当たりが不快で、舌や喉がイライラするような感覚になる。,いらいらする,イライラする（口当たりが）,イライラする（焦りや不満で）,なかなか進まない交通渋滞や行列,ザラザラした食感のプロテイン粉末とかけて、なかなか進まない交通渋滞や行列と解く。その心は「どちらも『イライラする』でしょう。」,
,完全な同音異義語型,ザラザラした食感のプロテイン粉末,摂取した栄養素を体内で効率よく消化・吸収する。,こなす,こなす（栄養を消化・吸収する）,こなす（与えられた仕事を処理する）,多くの業務を迅速に処理する優秀な社員,ザラザラした食感のプロテイン粉末とかけて、多くの業務を迅速に処理する優秀な社員と解く。その心は「どちらも『こなす』でしょう。」,
,多義語型,ザラザラした食感のプロテイン粉末,粒子が大きく、口の中でざらつきを感じる様子。,あらい,粗い（食感が）,荒い（性格や言動が）,些細なことで感情的になりやすい人,ザラザラした食感のプロテイン粉末とかけて、些細なことで感情的になりやすい人と解く。その心は「どちらも『荒い（粗い）』でしょう。」,
,フレーズ・慣用句型,ザラザラした食感のプロテイン粉末,溶け残りや粉っぽさが強く、喉を通りにくいと感じる状態。,ひっかかる,喉に「引っかかる」（粉末が）,引っかかる（罠や誘いに）,巧みな嘘や甘い話にだまされる人,ザラザラした食感のプロテイン粉末とかけて、巧みな嘘や甘い話にだまされる人と解く。その心は「どちらも『引っかかる』でしょう。」,
,完全な同音異義語型,まぶしいほど照り輝くみたらし団子,タレがとろっとしていて、甘く、粘り気がある,みつ,蜜（みたらし団子のタレ）,密（秘密、親密、密集）,誰にも話せない秘密,まぶしいほど照り輝くみたらし団子とかけて、誰にも話せない秘密と解く。その心は『どちらも蜜（みつ）がある』でしょう。,
,多義語型,まぶしいほど照り輝くみたらし団子,串に刺さった団子が規則正しく整列している,ならぶ,並ぶ（団子が串に並んでいる）,並ぶ（比類がなく、匹敵する）,誰も真似できない唯一無二の存在,まぶしいほど照り輝くみたらし団子とかけて、誰も真似できない唯一無二の存在と解く。その心は『どちらも並ぶ（ならぶ）ものがない』でしょう。,
,フレーズ・慣用句型,まぶしいほど照り輝くみたらし団子,その輝きと香ばしい匂いで、人々の注目を集める,めをひく,目を引く（視覚的に注目を集める）,目を引く（絵画の目の部分を描き入れる）,美人画を描く熟練の絵師,まぶしいほど照り輝くみたらし団子とかけて、美人画を描く熟練の絵師と解く。その心は『どちらも「目（め）を引く」でしょう。』,
,完全な同音異義語型,まぶしいほど照り輝くみたらし団子,表面がタレで光り輝き、つやがある,てり,照り（みたらし団子の光沢）,テリ（動物の縄張り、テリトリー）,自分の縄張りを厳しく守る野生動物,まぶしいほど照り輝くみたらし団子とかけて、自分の縄張りを厳しく守る野生動物と解く。その心は『どちらも「テリ（てり）」がある』でしょう。,
,多義語型,まぶしいほど照り輝くみたらし団子,団子が串に貫通している、串が団子に突き通っている,ささる,刺さる（物理的に串が貫通する）,刺さる（感情的に心に響く、感動する）,心に深く響く言葉を耳にした聴衆,まぶしいほど照り輝くみたらし団子とかけて、心に深く響く言葉を耳にした聴衆と解く。その心は『どちらも「刺さる（ささる）」でしょう。』,
,フレーズ・慣用句型,まぶしいほど照り輝くみたらし団子,その輝きが非常に強く、遠くからでも存在感が際立っている,ひかる,光る（物理的な輝き）,光る（才能や能力が優れている、際立っている）,誰もが認める才能豊かな若手社員,まぶしいほど照り輝くみたらし団子とかけて、誰もが認める才能豊かな若手社員と解く。その心は『どちらも「光る（ひかる）ものがある」でしょう。』,
,完全な同音異義語型,チクチク刺さるエビの尻尾,尖った先端、食べ終わりの部分,さき,先 (終わりや先端),咲き (花が咲くこと),春先の花壇,チクチク刺さるエビの尻尾とかけて、春先の花壇と解く。その心は『どちらも先がある』でしょう。,
,完全な同音異義語型,チクチク刺さるエビの尻尾,物理的に硬く、口に入れると不快,かたい,硬い (物理的な質感),固い (信念や決意が揺るがない様),信念を曲げない人,チクチク刺さるエビの尻尾とかけて、信念を曲げない人と解く。その心は『どちらも固い』でしょう。,
,多義語型,チクチク刺さるエビの尻尾,食べる上で口に残って邪魔になる部分,じゃま,邪魔 (物理的な障害物),邪魔 (計画や進行の妨げ),プロジェクトを遅らせる要因,チクチク刺さるエビの尻尾とかけて、プロジェクトを遅らせる要因と解く。その心は『どちらも邪魔だ』でしょう。,
,多義語型,チクチク刺さるエビの尻尾,食べずに残される部分,のこる,残る (食べ残しとして),残る (記憶や心に留まる),心に残る感動的な体験,チクチク刺さるエビの尻尾とかけて、心に残る感動的な体験と解く。その心は『どちらも残る』でしょう。,
,フレーズ・慣用句型,チクチク刺さるエビの尻尾,触ると痛い、注意しないと危険,きをつけないとあぶない,気をつけないと危ない (物理的に怪我をする),気をつけないと危ない (精神的・金銭的に損害を被る),詐欺師との交渉,チクチク刺さるエビの尻尾とかけて、詐欺師との交渉と解く。その心は『どちらも気をつけないと危ない』でしょう。,
,フレーズ・慣用句型,チクチク刺さるエビの尻尾,食べずに捨てられる、最終的にゴミとなる部分,ようはごみ,要はゴミ (物理的な廃棄物),要はゴミ (本質的に価値がないもの),中身のない政治家の演説,チクチク刺さるエビの尻尾とかけて、中身のない政治家の演説と解く。その心は『どちらも要はゴミ』でしょう。,
,完全な同音異義語型,ドロドロに溶けたチョコレート,固形が液体に変化し、形状がなくなる状態,とける,溶ける,解ける,名探偵,ドロドロに溶けたチョコレートとかけて、名探偵と解く。その心は「どちらも『とける』でしょう。」,
,完全な同音異義語型,ドロドロに溶けたチョコレート,とろけるような口どけと粘性がある状態,とろ,とろ（とろけるような状態）,トロ（マグロの部位）,高級寿司のネタ,ドロドロに溶けたチョコレートとかけて、高級寿司のネタと解く。その心は「どちらも『とろ』でしょう。」,
,多義語型,ドロドロに溶けたチョコレート,熱で温かい状態,あたたかい,温かい（温度が高い）,温かい（心が和む）,人情に厚い人,ドロドロに溶けたチョコレートとかけて、人情に厚い人と解く。その心は「どちらも『あたたかい』でしょう。」,
,多義語型,ドロドロに溶けたチョコレート,固形としての形が失われている状態,かたちがない,形がない（形態が崩れる）,形がない（形式的な意味がない）,内容のない会議,ドロドロに溶けたチョコレートとかけて、内容のない会議と解く。その心は「どちらも『形がない』でしょう。」,
,フレーズ・慣用句型,ドロドロに溶けたチョコレート,液体となって流れ去ってしまう様子,ながれてしまう,流れてしまう（液体が流れ去る）,流れてしまう（計画や予定が中止になる）,中止になったイベント,ドロドロに溶けたチョコレートとかけて、中止になったイベントと解く。その心は「どちらも『流れてしまう』でしょう。」,
,フレーズ・慣用句型,ドロドロに溶けたチョコレート,形が崩れてまとまりがなく、だらしない状態,だらしがない,だらしがない（形状が崩れてまとまりがない）,だらしがない（規律がなく締まりがない）,整理整頓ができない人,ドロドロに溶けたチョコレートとかけて、整理整頓ができない人と解く。その心は「どちらも『だらしがない』でしょう。」,
,多義語型,鼻の奥が痛くなる強炭酸水,刺激が強くて飲むのが大変な状態,きつい,きつい（刺激が強烈な様）,きつい（状況が困難な様）,厳しいノルマを課せられた社員,「鼻の奥が痛くなる強炭酸水」とかけて、「厳しいノルマを課せられた社員」と解く。その心は「どちらも『きつい』でしょう。」,
,フレーズ・慣用句型,鼻の奥が痛くなる強炭酸水,その刺激で頭が冴える、思考がクリアになる状態,めがさめる,目が覚める（眠気が覚める）,目が覚める（現実を認識する、ハッと気づく）,甘い考えを捨て現実を見る若者,「鼻の奥が痛くなる強炭酸水」とかけて、「甘い考えを捨て現実を見る若者」と解く。その心は「どちらも『目が覚める』でしょう。」,
,完全な同音異義語型,鼻の奥が痛くなる強炭酸水,刺激が強烈で、身体がピリピリする感覚,しびれる,痺れる（刺激による身体感覚）,痺れる（感動して身動きできない様）,プロの妙技に観客が受ける衝撃,「鼻の奥が痛くなる強炭酸水」とかけて、「プロの妙技に観客が受ける衝撃」と解く。その心は「どちらも『痺れる』でしょう。」,
,多義語型,鼻の奥が痛くなる強炭酸水,飲んだ後に口の中や気分が爽快になる状態,すっきり,すっきり（気分が爽快な様）,すっきり（邪魔なものがなくなり整頓された様）,部屋の片付けが終わった後,「鼻の奥が痛くなる強炭酸水」とかけて、「部屋の片付けが終わった後」と解く。その心は「どちらも『すっきりする』でしょう。」,
,フレーズ・慣用句型,鼻の奥が痛くなる強炭酸水,その刺激の強さから、飲むことをためらう状態,のむのがつらい,飲むのが辛い（物理的に飲みにくい）,飲むのが辛い（精神的に受け入れるのが難しい）,理不尽な要求をされた人,「鼻の奥が痛くなる強炭酸水」とかけて、「理不尽な要求をされた人」と解く。その心は「どちらも『飲むのが辛い』でしょう。」,
,完全な同音異義語型,鼻の奥が痛くなる強炭酸水,鼻に突き刺さるような刺激がある状態,つんつん,ツンツンする（鼻への刺激が強い様）,ツンツンする（愛想がなく、冷たい態度）,他人に心を許さない人,「鼻の奥が痛くなる強炭酸水」とかけて、「他人に心を許さない人」と解く。その心は「どちらも『ツンツンしている』でしょう。」,
,多義語型,ギシギシと音を立てる古いかき氷機,古く、部品が擦れて不快な音を出す,きしむ,軋む（機械の部品が擦れて音を立てる）,軋む（人間関係などがぎくしゃくして不和になる）,関係が悪化している夫婦,「ギシギシと音を立てる古いかき氷機」とかけて、「関係が悪化している夫婦」と解く。その心は「どちらも『軋む』でしょう。」,
,フレーズ・慣用句型,ギシギシと音を立てる古いかき氷機,スムーズに動かず、抵抗がある,まさつがおおい,摩擦が多い（機械の部品間の抵抗が大きい）,摩擦が多い（意見の衝突や反発が頻繁に起こる）,意見が対立する会議,「ギシギシと音を立てる古いかき氷機」とかけて、「意見が対立する会議」と解く。その心は「どちらも『摩擦が多い』でしょう。」,
,完全な同音異義語型,ギシギシと音を立てる古いかき氷機,ハンドルを回して、人が操作する,しゅどう,手動（人力で動かすこと）,主導（中心となって物事を引っ張ること）,プロジェクトを力強く推進するリーダー,「ギシギシと音を立てる古いかき氷機」とかけて、「プロジェクトを力強く推進するリーダー」と解く。その心は「どちらも『主導』でしょう。」,
,多義語型,ギシギシと音を立てる古いかき氷機,ハンドルを回すことで、機械を稼働させる,うごかす,動かす（機械を作動させる）,動かす（人の感情や心を揺り動かす）,聴衆の涙を誘う感動的なスピーチ,「ギシギシと音を立てる古いかき氷機」とかけて、「聴衆の涙を誘う感動的なスピーチ」と解く。その心は「どちらも『動かす』でしょう。」,
,フレーズ・慣用句型,ギシギシと音を立てる古いかき氷機,手回しで、手間がかかる作業,てまがかかる,手間がかかる（手動で氷を削るのに労力や時間がいる）,手間がかかる（子育てや介護、複雑な作業などに多くの時間や労力が要る）,幼い子供の世話をする親,「ギシギシと音を立てる古いかき氷機」とかけて、「幼い子供の世話をする親」と解く。その心は「どちらも『手間がかかる』でしょう。」,
,完全な同音異義語型,ギシギシと音を立てる古いかき氷機,動きがスムーズでなく、抵抗感がある,かたい,硬い（機械の動作がスムーズでない様）,固い（信念や結束が揺るぎない様）,自分の信念を貫き通す人,「ギシギシと音を立てる古いかき氷機」とかけて、「自分の信念を貫き通す人」と解く。その心は「どちらも『固い』でしょう。」,
,多義語型,手が震えるほど重い一升瓶,重さにより手が物理的に『震える』状態,ふるえる,震える（物理的な手の震え）,震える（感動や感情の揺れ動き）,人の心を揺さぶる感動的なスピーチ,手が震えるほど重い一升瓶とかけて、人の心を揺さぶる感動的なスピーチと解く。その心は『どちらも『震える』でしょう。』,
,フレーズ・慣用句型,手が震えるほど重い一升瓶,物理的な重さによる負担が大きく、なんとか『持ちこたえる』状況,もちこたえる,持ちこたえる（物理的な重さに耐える）,持ちこたえる（困難な状況や病状に耐える）,長引く不況の中、なんとか事業を継続している会社,手が震えるほど重い一升瓶とかけて、長引く不況の中、なんとか事業を継続している会社と解く。その心は『どちらも『持ちこたえる』でしょう。』,
,完全な同音異義語型,手が震えるほど重い一升瓶,重い物を持ち上げるために腕に『力を入れる』行為,ちからをいれる,力を入れる（物理的に力を込める）,力を入れる（努力する、精を出す）,新たなプロジェクトの成功に向けて奮闘するチーム,手が震えるほど重い一升瓶とかけて、新たなプロジェクトの成功に向けて奮闘するチームと解く。その心は『どちらも『力を入れる』でしょう。』,
,多義語型,手が震えるほど重い一升瓶,重さでバランスを崩し『不安定』になる状態,ふあんてい,不安定（物理的なバランスの欠如）,不安定（状況や心情が落ち着かないこと）,社会情勢がめまぐるしく変化する現代,手が震えるほど重い一升瓶とかけて、社会情勢がめまぐるしく変化する現代と解く。その心は『どちらも『不安定』でしょう。』,
,フレーズ・慣用句型,手が震えるほど重い一升瓶,重い物を『運ぶ』大変さ、また『酒』そのもの,さけられない,酒（さけ）と、避けられない（物理的な重さを避けて通れない）,避けられない（運命や宿命として、逃れられない）,誰もがいつか直面する人生の試練,手が震えるほど重い一升瓶とかけて、誰もがいつか直面する人生の試練と解く。その心は『どちらも『避けられない』でしょう。』,
,完全な同音異義語型,手が震えるほど重い一升瓶,物理的に『重い』という感覚,おもい,重い（物理的な重量）,思い（感情、心に抱く気持ち）,忘れられない過去の辛い記憶,手が震えるほど重い一升瓶とかけて、忘れられない過去の辛い記憶と解く。その心は『どちらも『重い（おもい）』でしょう。』,
,多義語型,凍ってカチカチの冷凍ご飯,物理的に硬い状態,かたい,硬い,堅い,口の堅い人,凍ってカチカチの冷凍ご飯とかけて、秘密を守り通す人と解く。その心は『どちらも【堅い】でしょう。』,
,完全な同音異義語型,凍ってカチカチの冷凍ご飯,非常に冷たい空気を発している,れいき,冷気,霊気,心霊スポット,凍ってカチカチの冷凍ご飯とかけて、心霊スポットと解く。その心は『どちらも【冷気】があるでしょう。』,
,フレーズ・慣用句型,凍ってカチカチの冷凍ご飯,物理的な形状がある,かたちがある,形がある,形になる,ようやく具体化してきた企画,凍ってカチカチの冷凍ご飯とかけて、ようやく具体化してきた企画と解く。その心は『どちらも【形になる】でしょう。』,
,多義語型,凍ってカチカチの冷凍ご飯,そのままでは食べられず、解凍などの手間が必要,くふうがひつよう,工夫が必要,工夫が必要,解決策を模索するプロジェクト,凍ってカチカチの冷凍ご飯とかけて、難題に直面しているプロジェクトと解く。その心は『どちらも【工夫が必要】でしょう。』,
,完全な同音異義語型,凍ってカチカチの冷凍ご飯,冷凍庫で品質が保たれている,ほぞん,保存,保全,失われつつある自然環境,凍ってカチカチの冷凍ご飯とかけて、失われつつある自然環境と解く。その心は『どちらも【保存】が大事でしょう。』,
,フレーズ・慣用句型,凍ってカチカチの冷凍ご飯,温めることで柔らかくなる,あたためるとやわらかくなる,温めると柔らかくなる,温めると柔らかくなる,冷え切った人間関係,凍ってカチカチの冷凍ご飯とかけて、冷え切った人間関係と解く。その心は『どちらも【温めると柔らかくなる】でしょう。』,
,完全な同音異義語型,むわっとした湯気を放つ蒸し器,食べ物を蒸す、湯気が出る,むす,蒸す,結ぶ,良縁を運ぶ仲人,むわっとした湯気を放つ蒸し器とかけて、良縁を運ぶ仲人と解く。その心は『どちらも【むす】でしょう。』,
,多義語型,むわっとした湯気を放つ蒸し器,食材が熱で温まる、場所が熱を帯びる,あたたまる,温まる,温まる,人助けのボランティア,むわっとした湯気を放つ蒸し器とかけて、人助けのボランティアと解く。その心は『どちらも【温まる】でしょう。』,
,フレーズ・慣用句型,むわっとした湯気を放つ蒸し器,湯気で中身が物理的に見えない,なかみえない,中身が見えない,中身が見えない,ポーカーフェイスのギャンブラー,むわっとした湯気を放つ蒸し器とかけて、ポーカーフェイスのギャンブラーと解く。その心は『どちらも【中身が見えない】でしょう。』,
,完全な同音異義語型,むわっとした湯気を放つ蒸し器,湯気を出す、蒸し物を完成させる,あげる,上げる（湯気を上げる、蒸し上げる）,揚げる（油で揚げる）,天ぷら職人,むわっとした湯気を放つ蒸し器とかけて、天ぷら職人と解く。その心は『どちらも【あげる】でしょう。』,
,多義語型,むわっとした湯気を放つ蒸し器,熱気や湯気が容器内に留まる,こもる,籠る,籠る,研究室に籠もる科学者,むわっとした湯気を放つ蒸し器とかけて、研究室に籠もる科学者と解く。その心は『どちらも【籠る】でしょう。』,
,フレーズ・慣用句型,むわっとした湯気を放つ蒸し器,蒸されて食材が膨らむ、柔らかくなる様子,ふっくらする,ふっくらする,ふっくらする,赤ちゃんの頬,むわっとした湯気を放つ蒸し器とかけて、赤ちゃんの頬と解く。その心は『どちらも【ふっくらする】でしょう。』,
,完全な同音異義語型,時間を測るキッチンタイマー,時間を設定する,せっと,セット（時間をセットする）,セット（一揃いの品物）,漫画の全巻や食器のフルセット,時間を測るキッチンタイマーとかけて、漫画の全巻や食器のフルセットと解く。その心は「どちらもセット」でしょう。,
,完全な同音異義語型,時間を測るキッチンタイマー,時間を計測する,はかる,測る（時間を測る）,計る（分量を計る）,料理で小麦粉などの分量を計る人,時間を測るキッチンタイマーとかけて、料理で小麦粉などの分量を計る人と解く。その心は「どちらも『はかる』でしょう。」,
,多義語型,時間を測るキッチンタイマー,時間の経過を監視する,かんり,管理（時間を管理する）,管理（施設や財産を管理する）,アパートの大家さん,時間を測るキッチンタイマーとかけて、アパートの大家さんと解く。その心は「どちらも『管理』しているでしょう。」,
,多義語型,時間を測るキッチンタイマー,設定した時間で音が鳴る,なる,鳴る（アラームが鳴る）,成る（成果が成る）,努力が実を結んだ受験生,時間を測るキッチンタイマーとかけて、努力が実を結んだ受験生と解く。その心は「どちらも『なる』でしょう。」,
,フレーズ・慣用句型,時間を測るキッチンタイマー,設定時間の終了を告げる,おわりをしらせる,終わりを知らせる（タイマーの終了）,終わりを知らせる（活動の終了）,定年退職する会社員,時間を測るキッチンタイマーとかけて、定年退職する会社員と解く。その心は「どちらも『終わりを知らせる』でしょう。」,
,フレーズ・慣用句型,時間を測るキッチンタイマー,残り時間がゼロになる,ぜろになる,ゼロになる（残り時間がゼロになる）,ゼロになる（所持金がゼロになる）,週末に財布の中身が空っぽになった人,時間を測るキッチンタイマーとかけて、週末に財布の中身が空っぽになった人と解く。その心は「どちらも『ゼロになる』でしょう。」,
,多義語型,水気を切るプラスチックのザル,水分を分離して取り除く,きる,切る（水気を）,切る（無駄な経費を）,経費削減に励む会社の経営者,水気を切るプラスチックのザルとかけて、経費削減に励む会社の経営者と解く。その心は『どちらも「（無駄を）切る」でしょう。』,
,多義語型,水気を切るプラスチックのザル,液体を通すための穴が多数開いている,あながあく,穴が開く（物理的に）,穴が開く（財政的に）,資金繰りに苦しむ企業,水気を切るプラスチックのザルとかけて、資金繰りに苦しむ企業と解く。その心は『どちらも「穴が開く」でしょう。』,
,完全な同音異義語型,水気を切るプラスチックのザル,水分を切り離す行為,みずきり,水切り（調理の）,水切り（石を跳ねさせる遊び）,川で水切りをして遊ぶ子供,水気を切るプラスチックのザルとかけて、川で水切りをして遊ぶ子供と解く。その心は『どちらも「水切り」でしょう。』,
,完全な同音異義語型,水気を切るプラスチックのザル,多くの穴が特徴である,あな,穴（ザルの）,アナ（アナウンサーの略称）,人気の美人アナウンサー,水気を切るプラスチックのザルとかけて、人気の美人アナウンサーと解く。その心は『どちらも「穴（アナ）」でしょう。』,
,フレーズ・慣用句型,水気を切るプラスチックのザル,液体を通すが、固形物は素早く流れないようにする,すぐにながれる,すぐに流れる（水が）,すぐに流れる（情報が定着しない）,すぐに忘れ去られる噂話,水気を切るプラスチックのザルとかけて、すぐに忘れ去られる噂話と解く。その心は『どちらも「すぐに流れる」でしょう。』,
,フレーズ・慣用句型,水気を切るプラスチックのザル,中身をこぼさずに受け止め、不要なものだけを通す,しっかりとうけとめる,しっかりと受け止める（内容物を）,しっかりと受け止める（相手の意見や批判を）,部下の不満や意見に耳を傾ける上司,水気を切るプラスチックのザルとかけて、部下の不満や意見に耳を傾ける上司と解く。その心は『どちらも「しっかりと受け止める」でしょう。』,
,完全な同音異義語型,綺麗に折りたたまれた紙ナプキン,折りたたまれて形が整っている,かたちをととのえる,形を整える,体をまっすぐにする,礼儀作法を学ぶ子供,綺麗に折りたたまれた紙ナプキンとかけて、礼儀作法を学ぶ子供と解く。その心は「どちらも『形を整える』でしょう。」,
,完全な同音異義語型,綺麗に折りたたまれた紙ナプキン,折りたたむ行為や、その結果としてできるもの,たたむ,畳む,日本の床材,和室の内装業者,綺麗に折りたたまれた紙ナプキンとかけて、和室の内装業者と解く。その心は「どちらも『畳』が大事でしょう。」,
,多義語型,綺麗に折りたたまれた紙ナプキン,乱れがなく、完璧な状態である,ばっちり,ばっちり,準備万端で完璧な様子,大一番に臨むアスリート,綺麗に折りたたまれた紙ナプキンとかけて、大一番に臨むアスリートと解く。その心は「どちらも『ばっちり』でしょう。」,
,多義語型,綺麗に折りたたまれた紙ナプキン,折り目線がまっすぐで、きちんとしている,おりめ,折り目,礼儀作法や態度がきちんとしていること,厳格な教育を受けたお嬢様,綺麗に折りたたまれた紙ナプキンとかけて、厳格な教育を受けたお嬢様と解く。その心は「どちらも『折り目』正しいでしょう。」,
,フレーズ・慣用句型,綺麗に折りたたまれた紙ナプキン,広げて使える状態,ひろがってつかえる,広げて使える,多くの人に知れ渡り、利用される,評判が広まった新しいサービス,綺麗に折りたたまれた紙ナプキンとかけて、評判が広まった新しいサービスと解く。その心は「どちらも『広げて使える』でしょう。」,
,フレーズ・慣用句型,綺麗に折りたたまれた紙ナプキン,出番を待っている状態,やくにたつときをまつ,役に立つ時を待つ,自分の能力を発揮する機会を待つ,有能な若手社員,綺麗に折りたたまれた紙ナプキンとかけて、有能な若手社員と解く。その心は「どちらも『役に立つ時を待っている』でしょう。」,
,多義語型,一定の温度を保つ炊飯ジャー,ご飯が「温かい」状態を維持する,あたたかい,温かい（物理的な温度）,温かい（心の状態、人情）,人情味あふれる優しい人,一定の温度を保つ炊飯ジャーとかけて、人情味あふれる優しい人と解く。その心は「どちらも『温かい』でしょう。」,
,完全な同音異義語型,一定の温度を保つ炊飯ジャー,ご飯を「蒸す」状態を保つ,むす,蒸す（蒸気で温める、状態を保つ）,結ぶ（関係を繋ぐ、紐を結ぶ）,大切な人との縁を結ぶ人,一定の温度を保つ炊飯ジャーとかけて、大切な人との縁を結ぶ人と解く。その心は「どちらも『結ぶ』でしょう。」,
,フレーズ・慣用句型,一定の温度を保つ炊飯ジャー,いつでも温かいご飯を用意して「気が利く」,きがつく,気が利く（機能が優れていること）,気が利く（細やかな配慮があること）,細やかな配慮ができる秘書,一定の温度を保つ炊飯ジャーとかけて、細やかな配慮ができる秘書と解く。その心は「どちらも『気が利く』でしょう。」,
,完全な同音異義語型,一定の温度を保つ炊飯ジャー,保温ランプが「点く」,つく,点く（電源が入っている状態）,付く（才能などが身につく）,習い事で才能が身に付く子供,一定の温度を保つ炊飯ジャーとかけて、習い事で才能が身に付く子供と解く。その心は「どちらも『付く』でしょう。」,
,多義語型,一定の温度を保つ炊飯ジャー,ご飯が「熱」い状態を保つ,ねつ,熱（物理的な温度）,熱（情熱、集中力）,スポーツに熱中するファン,一定の温度を保つ炊飯ジャーとかけて、スポーツに熱中するファンと解く。その心は「どちらも『熱』でしょう。」,
,フレーズ・慣用句型,一定の温度を保つ炊飯ジャー,ご飯が冷めないように「見守る」,みまもる,見守る（機能を維持することの比喩）,見守る（成長などを見つめること）,子供の成長を優しく見守る親,一定の温度を保つ炊飯ジャーとかけて、子供の成長を優しく見守る親と解く。その心は「どちらも『見守る』でしょう。」,
,完全な同音異義語型,使い捨ての木の割り箸,木材でできていること,き,木,気,気が利く人,「使い捨ての木の割り箸」とかけて、「気が利く人」と解く。その心は「どちらも『木（気）』でしょう。」,
,完全な同音異義語型,使い捨ての木の割り箸,使用後は捨てられ、ごみとなること,ごみ,ごみ,五味,食材のプロ,「使い捨ての木の割り箸」とかけて、「食材のプロ」と解く。その心は「どちらも『ごみ（五味）』でしょう。」,
,多義語型,使い捨ての木の割り箸,一度使ったらすぐに捨てられる運命にあること,いのちがみじかい,命が短い,命が短い,短命な昆虫,「使い捨ての木の割り箸」とかけて、「短命な昆虫」と解く。その心は「どちらも『命が短い』でしょう。」,
,多義語型,使い捨ての木の割り箸,二本に「割れる」ことで使えるようになること,われる,割れる,割れる,激論を交わす会議,「使い捨ての木の割り箸」とかけて、「激論を交わす会議」と解く。その心は「どちらも『割れる』でしょう。」,
,フレーズ・慣用句型,使い捨ての木の割り箸,一度使用したら、その場ですぐに処分され、後に残さないこと,あとをひかない,後を引かない,後を引かない,過去にこだわることなく決断する人,「使い捨ての木の割り箸」とかけて、「過去にこだわることなく決断する人」と解く。その心は「どちらも『後を引かない』でしょう。」,
,フレーズ・慣用句型,使い捨ての木の割り箸,きっぱりと二本に分けること,わりきる,割り切る,割り切る,過去の恋愛を吹っ切る人,「使い捨ての木の割り箸」とかけて、「過去の恋愛を吹っ切る人」と解く。その心は「どちらも『割り切る』でしょう。」,
,完全な同音異義語型,中身を密閉するタッパーウェア,内容物を良い状態で保つ,ほぞん,保存（食品などを長く保つ）,保全（自然環境などを守り保つこと）,自然保護活動家,中身を密閉するタッパーウェアとかけて、自然保護活動家と解く。その心は「どちらも保存（保全）」でしょう。,
,完全な同音異義語型,中身を密閉するタッパーウェア,蓋を閉めて容器を閉じる,とじる,閉じる（蓋を閉める）,綴じる（書類などを一まとめにする）,事務員,中身を密閉するタッパーウェアとかけて、事務員と解く。その心は「どちらも綴じる」でしょう。,
,多義語型,中身を密閉するタッパーウェア,蓋がしっかり閉まって中身が漏れない,しまる,閉まる（蓋がぴったり閉まる）,締まる（気が引き締まる、財布の紐が締まる）,家計を管理する主婦,中身を密閉するタッパーウェアとかけて、家計を管理する主婦と解く。その心は「どちらも締まる」でしょう。,
,多義語型,中身を密閉するタッパーウェア,内容物を容器に入れる,おさめる,収める（容器に物を入れる）,納める（税金などを納める、争いを収める）,税務署員,中身を密閉するタッパーウェアとかけて、税務署員と解く。その心は「どちらも納める」でしょう。,
,フレーズ・慣用句型,中身を密閉するタッパーウェア,中の液体や臭いが外に出ない,もれない,漏れない（内容物が外に流れ出ない）,情報が漏れない（秘密が外部に知られない）,機密情報を扱うスパイ,中身を密閉するタッパーウェアとかけて、機密情報を扱うスパイと解く。その心は「どちらも情報が漏れない」でしょう。,
,フレーズ・慣用句型,中身を密閉するタッパーウェア,内容物が空気に触れないようにする,くうきにふれない,空気に触れない（酸化を防ぐ）,空気に触れない（話題に触れない、気を遣う）,デリケートな話題を避ける人,中身を密閉するタッパーウェアとかけて、デリケートな話題を避ける人と解く。その心は「どちらも空気に触れない」でしょう。,
,完全な同音異義語型,くるくると回る回転寿司のレーン,円形に回る、皿が巡る,えん,円（形）,縁（関係）,運命的な出会い,くるくると回る回転寿司のレーンとかけて、運命的な出会いと解く。その心は『どちらも「縁(えん)」があるでしょう』。,
,完全な同音異義語型,くるくると回る回転寿司のレーン,多様な寿司の具材がある,ねた,ネタ（寿司の具材）,種（話の種、たねあかし）,手品師,くるくると回る回転寿司のレーンとかけて、手品師と解く。その心は『どちらも「ネタ」が重要でしょう』。,
,多義語型,くるくると回る回転寿司のレーン,皿が途切れることなく物理的に回転する,まわる,回る（物理的な回転）,回る（仕事や役割が巡ってくる）,仕事熱心なビジネスパーソン,くるくると回る回転寿司のレーンとかけて、仕事熱心なビジネスパーソンと解く。その心は『どちらもたくさんのものが「回ってくる」でしょう』。,
,多義語型,くるくると回る回転寿司のレーン,寿司が乗った皿が流れてくる,さら,皿（食器）,更（さらに、一層）,自己啓発に励む人,くるくると回る回転寿司のレーンとかけて、自己啓発に励む人と解く。その心は『どちらも「さら」なる高みを目指すでしょう』。,
,フレーズ・慣用句型,くるくると回る回転寿司のレーン,次々と流れる寿司を見て、どれにしようか迷ったり、動きが速く感じられたりする状態,めがまわる,目が回る（たくさんのものに目移りする）,目が回る（忙しすぎて混乱する）,多忙な日々を送るビジネスパーソン,くるくると回る回転寿司のレーンとかけて、多忙な日々を送るビジネスパーソンと解く。その心は『どちらも「目が回る」ほど忙しいでしょう』。,
,フレーズ・慣用句型,くるくると回る回転寿司のレーン,流れてくる寿司の皿に物理的に手を伸ばす行為,てをだす,手を出す（物理的に物を取る）,手を出す（新しい分野などに挑戦する）,未知の分野に挑戦する研究者,くるくると回る回転寿司のレーンとかけて、未知の分野に挑戦する研究者と解く。その心は『どちらも新しいものに「手を出す」ことに躊躇がないでしょう』。,
,多義語型,汚れを拭き取る台布巾,布巾から水分を物理的に取り除く,しぼる,絞る,知恵を絞る,新しいアイデアを考える企画担当者,汚れを拭き取る台布巾とかけて、新しいアイデアを考える企画担当者と解く。その心は「どちらも『知恵を絞る』でしょう。」,
,完全な同音異義語型,汚れを拭き取る台布巾,汚れを物理的に除去する,とる,取る,撮る,記念撮影をする観光客,汚れを拭き取る台布巾とかけて、記念撮影をする観光客と解く。その心は「どちらも『写真を撮る』でしょう。」,
,フレーズ・慣用句型,汚れを拭き取る台布巾,汚れや水分が繊維に吸収される,しみこむ,染み込む,心に染み込む,師匠の教えを忠実に守る弟子,汚れを拭き取る台布巾とかけて、師匠の教えを忠実に守る弟子と解く。その心は「どちらも『心に染み込む』でしょう。」,
,多義語型,汚れを拭き取る台布巾,表面の汚れをきれいに取り除く,ふきとる,拭き取る,疑念を拭き取る,誤解された友人の弁明,汚れを拭き取る台布巾とかけて、誤解された友人の弁明と解く。その心は「どちらも『疑念を拭き取る』でしょう。」,
,完全な同音異義語型,汚れを拭き取る台布巾,物理的に表面をこすってきれいにする,ふく,拭く,吹く,笛を吹く音楽家,汚れを拭き取る台布巾とかけて、笛を吹く音楽家と解く。その心は「どちらも『拭く（吹く）』でしょう。」,
,フレーズ・慣用句型,汚れを拭き取る台布巾,汚れ仕事を引き受け、清潔な環境維持に貢献する,かげでささえる,陰で支える,陰で支える,スター選手を支える裏方スタッフ,汚れを拭き取る台布巾とかけて、スター選手を支える裏方スタッフと解く。その心は「どちらも『陰で支える』でしょう。」,
,完全な同音異義語型,綺麗に盛り付けられた幕の内弁当,内容物や配置がきちんとして美しい状態,ととのう,整う（見た目の配置や内容がきちんとしている）,調う（条件や準備がうまくまとまる）,商談をまとめる営業マン,綺麗に盛り付けられた幕の内弁当とかけて、商談をまとめる営業マンと解く。その心は「どちらも調（整）っている」でしょう。,
,完全な同音異義語型,綺麗に盛り付けられた幕の内弁当,様々なおかずが区切られている,しきり,仕切り（区画）,頻りに（たびたび、盛んに）,熱心に話しかける人,綺麗に盛り付けられた幕の内弁当とかけて、熱心に話しかける人と解く。その心は「どちらも仕切り（頻りに）ます」でしょう。,
,多義語型,綺麗に盛り付けられた幕の内弁当,様々な食材の色合いが美しい,いろどり,彩り（見た目の色合い）,彩り（華やかさや面白みを加えること）,殺風景な部屋,綺麗に盛り付けられた幕の内弁当とかけて、殺風景な部屋と解く。その心は「どちらも彩りが大事」でしょう。,
,多義語型,綺麗に盛り付けられた幕の内弁当,多様な種類のおかずが入っており、様々な風味が楽しめる,あじ,味（食べ物の風味）,味（経験の奥深さや面白さ）,人生経験が豊富な老人,綺麗に盛り付けられた幕の内弁当とかけて、人生経験が豊富な老人と解く。その心は「どちらも様々な味（味）がある」でしょう。,
,フレーズ・慣用句型,綺麗に盛り付けられた幕の内弁当,見た目を美しくするために、多くの労力や配慮が施されている,てまがかかる,手間がかかる（作成に時間と労力がかかること）,手間がかかる（世話や面倒を見るのに苦労すること）,手のかかる子供,綺麗に盛り付けられた幕の内弁当とかけて、手のかかる子供と解く。その心は「どちらも手間がかかる」でしょう。,
,フレーズ・慣用句型,綺麗に盛り付けられた幕の内弁当,様々なおかずやご飯が、一つの箱の中に整然と配置されている,おさまっている,収まっている（容器の中にきちんと入れられている）,治まっている（争いや問題が解決して落ち着いている）,暴動の後に平穏を取り戻した街,綺麗に盛り付けられた幕の内弁当とかけて、暴動の後に平穏を取り戻した街と解く。その心は「どちらも治（収）まっている」でしょう。,
,多義語型,大量に生産されるカップ麺,工場で効率的に作られ、製造ラインで製品が動く。,ながれる,流れる（製品が製造ラインを流れる）,流れる（計画や企画が頓挫する）,失敗したプロジェクトの計画,「大量に生産されるカップ麺」とかけて、「失敗したプロジェクトの計画」と解く。その心は「どちらも『流れる』でしょう。」,
,フレーズ・慣用句型,大量に生産されるカップ麺,お湯を注げば短時間で食事が完成する。,すぐできる,すぐできる（調理が短時間で完成する）,すぐにできる（感情的に反応しやすい人）,感情的になりやすい人,「大量に生産されるカップ麺」とかけて、「感情的になりやすい人」と解く。その心は「どちらも『すぐにできる』でしょう。」,
,完全な同音異義語型,大量に生産されるカップ麺,容器の中に麺や具材が詰まっている。,はいっている,入っている（容器の中に物が存在している）,灰っている（火が燃え尽きて灰の状態になっている）,燃え尽きた焚き火の跡,「大量に生産されるカップ麺」とかけて、「燃え尽きた焚き火の跡」と解く。その心は「どちらも『灰っている』でしょう。」,
,多義語型,大量に生産されるカップ麺,様々な味やブランドのバリエーションが存在する。,しゅるい,種類（商品の品揃えの多さ）,種類（生物学上の分類）,動物園の動物たち,「大量に生産されるカップ麺」とかけて、「動物園の動物たち」と解く。その心は「どちらも『種類』があるでしょう。」,
,フレーズ・慣用句型,大量に生産されるカップ麺,お湯を注ぐだけで調理が完了し、手間がかからない。,てまがかからない,手間がかからない（調理が簡単である）,手間がかからない（誰かの世話になることなく自立している）,親元を離れて自立している人,「大量に生産されるカップ麺」とかけて、「親元を離れて自立している人」と解く。その心は「どちらも『手間がかからない』でしょう。」,
,完全な同音異義語型,大量に生産されるカップ麺,食べるためにお湯を容器に加える。,そそぐ,注ぐ（液体を容器に入れる）,濯ぐ（洗濯物や口を水で洗い流す）,洗濯機で洗い終わった衣類,「大量に生産されるカップ麺」とかけて、「洗濯機で洗い終わった衣類」と解く。その心は「どちらも『そそぐ』でしょう。」,
,多義語型,栄養素が詰まったサプリメント,内容が豊富で、目的を果たす状態,じゅうじつ,充実,充実,趣味に打ち込み、やりがいを感じる人生,栄養素が詰まったサプリメントとかけて、趣味に打ち込み、やりがいを感じる人生と解く。その心は『どちらも【充実】している』でしょう。,
,完全な同音異義語型,栄養素が詰まったサプリメント,健康への効果があること,きく,効く,聞く,相手の悩みに耳を傾けるカウンセラー,栄養素が詰まったサプリメントとかけて、相手の悩みに耳を傾けるカウンセラーと解く。その心は『どちらも【よくきく（よく効く／よく聞く）】でしょう』。,
,フレーズ・慣用句型,栄養素が詰まったサプリメント,体のコンディションを良くすること,ちょうしをととのえる,調子を整える,調子を整える,演奏会前に楽器の音合わせをする楽団員,栄養素が詰まったサプリメントとかけて、演奏会前に楽器の音合わせをする楽団員と解く。その心は『どちらも【調子を整える】でしょう』。,
,多義語型,栄養素が詰まったサプリメント,体に活力を与えること,かつりょく,活力,活力,地域経済を活性化させる新しい産業,栄養素が詰まったサプリメントとかけて、地域経済を活性化させる新しい産業と解く。その心は『どちらも【活力】をもたらすでしょう』。,
,完全な同音異義語型,栄養素が詰まったサプリメント,栄養が豊富で凝縮されていること,のうこう,濃厚,農耕,昔ながらのやり方で畑を耕す農夫,栄養素が詰まったサプリメントとかけて、昔ながらのやり方で畑を耕す農夫と解く。その心は『どちらも【のうこう（濃厚／農耕）】な営みでしょう』。,
,フレーズ・慣用句型,栄養素が詰まったサプリメント,体の中から支え、助けること,うちがわからさぽーと,内側からサポート,内側からサポート,チームの裏方として、目立たず仲間を支えるマネージャー,栄養素が詰まったサプリメントとかけて、チームの裏方として、目立たず仲間を支えるマネージャーと解く。その心は『どちらも【内側からサポート】するでしょう』。,
,完全な同音異義語型,空気を抜いて保存する真空パック,空気を中のものから取り除く,とる,取る,撮る,カメラマン,「空気を抜いて保存する真空パック」とかけて、「カメラマン」と解く。その心は「どちらも『撮る（取る）』でしょう。」,
,完全な同音異義語型,空気を抜いて保存する真空パック,袋の口をしっかり締める,しめる,締める,〆る,漁師,「空気を抜いて保存する真空パック」とかけて、「漁師」と解く。その心は「どちらも『締める（〆る）』でしょう。」,
,多義語型,空気を抜いて保存する真空パック,中身が物理的にへこむ,へこむ,凹む,へこむ,試験に落ちた学生,「空気を抜いて保存する真空パック」とかけて、「試験に落ちた学生」と解く。その心は「どちらも『へこむ』でしょう。」,
,多義語型,空気を抜いて保存する真空パック,物理的に膨らまない状態になる,ふくらまない,膨らまない,膨らまない,希望が見えない受験生,「空気を抜いて保存する真空パック」とかけて、「希望が見えない受験生」と解く。その心は「どちらも『膨らまない』でしょう。」,
,フレーズ・慣用句型,空気を抜いて保存する真空パック,保存期間が長くなり、長持ちする,ながもちする,長持ちする,長持ちする,世代を超えて読み継がれる古典文学,「空気を抜いて保存する真空パック」とかけて、「世代を超えて読み継がれる古典文学」と解く。その心は「どちらも『長持ちする』でしょう。」,
,フレーズ・慣用句型,空気を抜いて保存する真空パック,中の空気が外部に抜けていく,くうきがぬける,空気が抜ける,気が抜ける,テストが終わって集中力が途切れた学生,「空気を抜いて保存する真空パック」とかけて、「テストが終わって集中力が途切れた学生」と解く。その心は「どちらも『空気が抜ける（気が抜ける）』でしょう。」,
,多義語型,料理を乗せる白い陶器のお皿,食卓に「出す」もの、料理の見た目を「引き立てる」,でる,出る,出る,スポーツで好成績を出したい選手,「料理を乗せる白い陶器のお皿」とかけて、「スポーツで好成績を出したい選手」と解く。その心は「どちらも『出る』でしょう。」,
,フレーズ・慣用句型,料理を乗せる白い陶器のお皿,割れると「使い物にならない」、形が「崩れる」,やぶれる,破れる,破れる,夢が叶わなかった人,「料理を乗せる白い陶器のお皿」とかけて、「夢が叶わなかった人」と解く。その心は「どちらも『夢が破れる』でしょう。」,
,完全な同音異義語型,料理を乗せる白い陶器のお皿,汚れを「洗い落とす」,あらう,洗う,争う,法廷で議論する弁護士,「料理を乗せる白い陶器のお皿」とかけて、「法廷で議論する弁護士」と解く。その心は「どちらも『あらう（洗う／争う）』でしょう。」,
,多義語型,料理を乗せる白い陶器のお皿,料理を「受ける」器、人の目に「映る」,うける,受ける,受ける,講演会で聴衆の反応を受ける講師,「料理を乗せる白い陶器のお皿」とかけて、「講演会で聴衆の反応を受ける講師」と解く。その心は「どちらも『受ける』でしょう。」,
,フレーズ・慣用句型,料理を乗せる白い陶器のお皿,表面が「つるつるしている」、手が「滑りやすい」,すべらない,滑らない,滑らない,受験を控えた生徒のお守り,「料理を乗せる白い陶器のお皿」とかけて、「受験を控えた生徒のお守り」と解く。その心は「どちらも『滑らない』でしょう。」,
,完全な同音異義語型,料理を乗せる白い陶器のお皿,陶器を「焼き上げる」工程がある,やく,焼く,役,世の中の役に立ちたいと願う人,「料理を乗せる白い陶器のお皿」とかけて、「世の中の役に立ちたいと願う人」と解く。その心は「どちらも『やく（焼く／役）』でしょう。」,
,完全な同音異義語型,お湯を注ぐだけの即席スープ,短時間で準備ができる,はやい,速い,早い,朝が早い人,お湯を注ぐだけの即席スープとかけて、朝が早い人と解く。その心は『どちらも「はやい」でしょう。』,
,完全な同音異義語型,お湯を注ぐだけの即席スープ,スープの味がする,あじ,味,アジ,漁師,お湯を注ぐだけの即席スープとかけて、漁師と解く。その心は『どちらも「アジ」でしょう。』,
,多義語型,お湯を注ぐだけの即席スープ,粉末が液体に溶ける,とける,溶ける,解ける,名探偵,お湯を注ぐだけの即席スープとかけて、名探偵と解く。その心は『どちらも「とける」でしょう。』,
,多義語型,お湯を注ぐだけの即席スープ,スープが完成する,できる,できる,出来る,仕事のデキる社員,お湯を注ぐだけの即席スープとかけて、仕事のデキる社員と解く。その心は『どちらも「できる」でしょう。』,
,フレーズ・慣用句型,お湯を注ぐだけの即席スープ,容器であるカップが物理的に熱くなる,カップが熱い,カップが熱い,カップを熱くする,優勝を目指すサッカーチーム,お湯を注ぐだけの即席スープとかけて、優勝を目指すサッカーチームと解く。その心は『どちらも「カップが熱い」でしょう。』,
,フレーズ・慣用句型,お湯を注ぐだけの即席スープ,準備に手間がかからない,てまがかからない,手間がかからない,手間がかからない,サボテン,お湯を注ぐだけの即席スープとかけて、サボテンと解く。その心は『どちらも「手間がかからない」でしょう。』,
,完全な同音異義語型,油を吸い取るキッチンペーパー,余分な油分を取り除く,とる,油を取る（除去する意）,魚を捕る（捕獲する意）,漁師,「油を吸い取るキッチンペーパー」とかけて、「漁師」と解く。その心は『どちらも油や魚を「とる」でしょう』。,
,完全な同音異義語型,油を吸い取るキッチンペーパー,揚げ物などの油を切る,きる,油を切る（余分なものを取り除く意）,刀で斬る（切断する意）,侍,「油を吸い取るキッチンペーパー」とかけて、「侍」と解く。その心は『どちらも油や敵を「きる」でしょう』。,
,多義語型,油を吸い取るキッチンペーパー,液体や油分を吸収する,すう,油を吸う,煙草を吸う,愛煙家,「油を吸い取るキッチンペーパー」とかけて、「愛煙家」と解く。その心は『どちらも何かを「吸う」でしょう』。,
,多義語型,油を吸い取るキッチンペーパー,こびりついた汚れを拭き去る,ふきとる,汚れを拭き取る,涙を拭き取る,悲しんでいる人,「油を吸い取るキッチンペーパー」とかけて、「悲しんでいる人」と解く。その心は『どちらも何かを「拭き取る」でしょう』。,
,フレーズ・慣用句型,油を吸い取るキッチンペーパー,油汚れの染みがつく,しみがつく,染みがつく（物理的な汚れ）,名誉に染みがつく（比喩的な汚れ）,不祥事を起こした政治家,「油を吸い取るキッチンペーパー」とかけて、「不祥事を起こした政治家」と解く。その心は『どちらも「染みがつく」でしょう』。,
,フレーズ・慣用句型,油を吸い取るキッチンペーパー,油を吸いきると、それ以上使えなくなる,つかいものにならない,使い物にならない（物理的な飽和状態）,使い物にならない（機能停止、役立たず）,故障した機械,「油を吸い取るキッチンペーパー」とかけて、「故障した機械」と解く。その心は『どちらも「使い物にならない」でしょう』。,
,多義語型,材料を細かく刻むフードプロセッサー,材料を細かく粉砕する,くだく,硬い食材を砕く,相手のために心を砕く,子供の将来を真剣に考える親,材料を細かく刻むフードプロセッサーとかけて、子供の将来を真剣に考える親と解く。その心は『どちらも心を砕く』でしょう。,
,完全な同音異義語型,材料を細かく刻むフードプロセッサー,食材を極めて細かく切る,みじん,食材をみじん切りにする,恐怖を微塵も感じない,困難に立ち向かう勇敢な兵士,材料を細かく刻むフードプロセッサーとかけて、困難に立ち向かう勇敢な兵士と解く。その心は『どちらもみじんも感じない（感じさせない）』でしょう。,
,フレーズ・慣用句型,材料を細かく刻むフードプロセッサー,調理の準備作業を行う,したごしらえ,料理の下ごしらえをする,大切なプレゼンテーションの下ごしらえをする,重要な会議に臨むビジネスパーソン,材料を細かく刻むフードプロセッサーとかけて、重要な会議に臨むビジネスパーソンと解く。その心は『どちらも下ごしらえが大切』でしょう。,
,多義語型,材料を細かく刻むフードプロセッサー,食材に手を加えて製品にする,かこう,食材を加工する,写真に手を加えて加工する,SNSに投稿する画像を編集する人,材料を細かく刻むフードプロセッサーとかけて、SNSに投稿する画像を編集する人と解く。その心は『どちらも加工する』でしょう。,
,完全な同音異義語型,材料を細かく刻むフードプロセッサー,複数の要素をバラバラにする,ぶんかい,食材を細かく分解する,複雑な問題を分解して考える,難事件を解決する名探偵,材料を細かく刻むフードプロセッサーとかけて、難事件を解決する名探偵と解く。その心は『どちらも分解する』でしょう。,
,フレーズ・慣用句型,材料を細かく刻むフードプロセッサー,バラバラの材料を一つの塊にする,ひとつにまとめる,バラバラの食材を一つにまとめる,意見が対立するチームを一つにまとめる,新プロジェクトを成功に導くリーダー,材料を細かく刻むフードプロセッサーとかけて、新プロジェクトを成功に導くリーダーと解く。その心は『どちらも一つにまとめる』でしょう。,
,完全な同音異義語型,お茶の葉を漉す急須の網,茶葉を物理的に「濾す」機能がある,こす,濾す,越す（引っ越す）,引っ越し業者,お茶の葉を漉す急須の網とかけて、引っ越し業者と解く。その心は「どちらも『こす』でしょう。」,
,完全な同音異義語型,お茶の葉を漉す急須の網,そのものの形状が「網」である,あみ,網,阿見（茨城県の地名）,茨城県の阿見町,お茶の葉を漉す急須の網とかけて、茨城県の阿見町と解く。その心は「どちらも『あみ』でしょう。」,
,多義語型,お茶の葉を漉す急須の網,茶葉で「詰まる」ことがある,つまる,詰まる,詰まる（窮地に陥る）,追い込まれた経営者,お茶の葉を漉す急須の網とかけて、追い込まれた経営者と解く。その心は「どちらも『詰まる』でしょう。」,
,多義語型,お茶の葉を漉す急須の網,茶葉を「受け止める」役割がある,うけとめる,受け止める,受け止める（相手の感情や意見を）,カウンセラー,お茶の葉を漉す急須の網とかけて、カウンセラーと解く。その心は「どちらも『受け止める』でしょう。」,
,フレーズ・慣用句型,お茶の葉を漉す急須の網,茶葉で塞がれてお茶の「出が悪い」ことがある,でがわるい,出が悪い,出が悪い（成績や成果がなかなか上がらない）,スランプ中のスポーツ選手,お茶の葉を漉す急須の網とかけて、スランプ中のスポーツ選手と解く。その心は「どちらも『出が悪い』でしょう。」,
,フレーズ・慣用句型,お茶の葉を漉す急須の網,物理的に「目が細かい」,めがこまかい,目が細かい,目が細かい（注意深く、些細なことを見逃さない）,会社の監査役,お茶の葉を漉す急須の網とかけて、会社の監査役と解く。その心は「どちらも『目が細かい』でしょう。」,
,多義語型,子供向けのおまけが付いたお菓子,封を開けるまで中身が分からないという状態。,なかがきになる,中が気になる（何が入っているか知りたくなる）,中が気になる（グループの中心的存在がどうか気になる）,チームのまとめ役,「子供向けのおまけが付いたお菓子」とかけて、「チームのまとめ役」と解く。その心は「どちらも『中が気になる』でしょう。」,
,多義語型,子供向けのおまけが付いたお菓子,お菓子本体ではなく、付属しているものに魅力がある状態。,おまけがめあて,おまけが目的（お菓子よりも付属するおまけを重視する）,おまけが目的（本筋ではない追加要素が主な動機となる）,本業よりも副業で稼ぐ人,「子供向けのおまけが付いたお菓子」とかけて、「本業よりも副業で稼ぐ人」と解く。その心は「どちらも『おまけが目的』でしょう。」,
,フレーズ・慣用句型,子供向けのおまけが付いたお菓子,開封するまで中身が予測できないという体験。,あけてびっくり,開けてびっくり（パッケージを開封して何が入っているか見て驚く）,開けてびっくり（蓋を開けたら予想外の展開になる）,パンドラの箱,「子供向けのおまけが付いたお菓子」とかけて、「パンドラの箱」と解く。その心は「どちらも『開けてびっくり』でしょう。」,
,フレーズ・慣用句型,子供向けのおまけが付いたお菓子,おまけの出来栄えや種類に良いものとそうでないものがある状態。,あたりとはずれがある,当たりと外れがある（おまけの出来栄えや種類に良いものとそうでないものがある）,当たりと外れがある（結果に成功と失敗が混じる）,宝くじ,「子供向けのおまけが付いたお菓子」とかけて、「宝くじ」と解く。その心は「どちらも『当たりと外れがある』でしょう。」,
,完全な同音異義語型,子供向けのおまけが付いたお菓子,商品が箱に納められている状態。,はこいり,箱入り（箱の中に入っていること）,箱入り（箱入り娘のように、大切に育てられたこと）,大切に育てられたお一人娘,「子供向けのおまけが付いたお菓子」とかけて、「大切に育てられたお一人娘」と解く。その心は「どちらも『箱入り』でしょう。」,
,完全な同音異義語型,子供向けのおまけが付いたお菓子,おまけによって商品の魅力や購入意欲が高まること。,かち,価値（おまけがあることで商品に価値が高まる）,勝ち（勝負に勝利すること）,試合に勝利したチーム,「子供向けのおまけが付いたお菓子」とかけて、「試合に勝利したチーム」と解く。その心は「どちらも『価値（勝ち）』でしょう。」,
,完全な同音異義語型,電子レンジで温める冷凍食品,加熱して冷たい状態から温かい状態にする,あたためる,温める,暖める,冬のストーブ,電子レンジで温める冷凍食品とかけて、冬のストーブと解く。その心は『どちらも「あたためる」でしょう。』,
,完全な同音異義語型,電子レンジで温める冷凍食品,冷凍されて固まっている,かたまる,固まる,固まる（団結する）,団結する人々,電子レンジで温める冷凍食品とかけて、団結する人々と解く。その心は『どちらも「かたまる」でしょう。』,
,多義語型,電子レンジで温める冷凍食品,食品を入れる器がある,ようき,容器,陽気,明るい性格の人,電子レンジで温める冷凍食品とかけて、明るい性格の人と解く。その心は『どちらも「ようき」でしょう。』,
,多義語型,電子レンジで温める冷凍食品,温めて完成する状態,できあがり,出来上がり,出来上がり（完成品）,大工の仕事,電子レンジで温める冷凍食品とかけて、大工の仕事と解く。その心は『どちらも「できあがり」でしょう。』,
,フレーズ・慣用句型,電子レンジで温める冷凍食品,加熱するのに時間がかかる,じかんをかける,時間をかける,時間をかける（労力を費やす）,慎重に計画を進めるプロジェクトリーダー,電子レンジで温める冷凍食品とかけて、慎重に計画を進めるプロジェクトリーダーと解く。その心は『どちらも「時間をかける」でしょう。』,
,フレーズ・慣用句型,電子レンジで温める冷凍食品,温めるとすぐに食事になる,すぐにたべられる,すぐに食べられる,すぐに食べられる（騙されやすい）,騙されやすい人,電子レンジで温める冷凍食品とかけて、騙されやすい人と解く。その心は『どちらも「すぐに食べられる」でしょう。』,
,多義語型,調味料を量る大さじスプーン,調味料の分量を正確に「測る」,はかる,分量を「測る」,計画を「図る」,事業計画を練る経営者,調味料を量る大さじスプーンとかけて、事業計画を練る経営者と解く。その心は『どちらも【はかる】でしょう。』,
,フレーズ・慣用句型,調味料を量る大さじスプーン,大さじ「一杯」の容量を示す,いっぱい,大さじ「一杯」,「希望がいっぱい」,将来の夢を語る若者,調味料を量る大さじスプーンとかけて、将来の夢を語る若者と解く。その心は『どちらも【いっぱい】でしょう。』,
,完全な同音異義語型,調味料を量る大さじスプーン,調味料を容器から「すくい取る」,すくう,調味料を「掬う」,困っている人を「救う」,災害現場で人命救助をする隊員,調味料を量る大さじスプーンとかけて、災害現場で人命救助をする隊員と解く。その心は『どちらも【すくう】でしょう。』,
,多義語型,調味料を量る大さじスプーン,調味料を料理に「かける」,かける,調味料を「かける」,手間や時間を「かける」,繊細な美術品を修復する職人,調味料を量る大さじスプーンとかけて、繊細な美術品を修復する職人と解く。その心は『どちらも【かける】でしょう。』,
,完全な同音異義語型,調味料を量る大さじスプーン,スプーンには「柄」がある,え,スプーンの「柄」,大きく育った樹木の「枝」,大きく育った樹木,調味料を量る大さじスプーンとかけて、大きく育った樹木と解く。その心は『どちらも【え】でしょう。』,
,フレーズ・慣用句型,調味料を量る大さじスプーン,料理の「さじ加減」の鍵を握る,さじ,料理の「匙」加減,治療を「匙を投げる」（慣用句の一部）,患者の治療を断念せざるを得なかった医師,調味料を量る大さじスプーンとかけて、患者の治療を断念せざるを得なかった医師と解く。その心は『どちらも【さじ】でしょう。』,
,完全な同音異義語型,具材を挟んだサンドイッチ,パンとパンの間に具材が挟まっている状態,はさまる,挟まる（パンの間に具材が挟まる）,挟まる（板挟みになって身動きが取れない）,板挟みの状況にある人,「具材を挟んだサンドイッチ」とかけて、「板挟みの状況にある人」と解く。その心は「どちらも『挟まる』でしょう。」,
,完全な同音異義語型,具材を挟んだサンドイッチ,パンや具材を調理のために切断する行為,きる,切る（パンや具材を包丁で切る）,斬る（刀で人を斬る）,剣豪,「具材を挟んだサンドイッチ」とかけて、「剣豪」と解く。その心は「どちらも『切る』でしょう。」,
,多義語型,具材を挟んだサンドイッチ,具材がパンの間にきちんと収まっている様子,おさまっている,収まっている（具材がパンの中に収まっている）,収まっている（混乱や騒ぎが落ち着いている）,暴動が鎮静化した街,「具材を挟んだサンドイッチ」とかけて、「暴動が鎮静化した街」と解く。その心は「どちらも『収まっている』でしょう。」,
,多義語型,具材を挟んだサンドイッチ,パンや具材の厚さが通常薄いこと,うすい,薄い（パンや具材の厚さが薄い）,薄い（内容や味が乏しい、または人間関係が希薄なこと）,内容のない演説,「具材を挟んだサンドイッチ」とかけて、「内容のない演説」と解く。その心は「どちらも『薄い』でしょう。」,
,フレーズ・慣用句型,具材を挟んだサンドイッチ,パンと具材が幾層にも重なっている状態,かさねている,重ねている（パンや具材を重ねている）,重ねている（経験や努力を積み重ねている）,ベテランの職人,「具材を挟んだサンドイッチ」とかけて、「ベテランの職人」と解く。その心は「どちらも『重ねている』でしょう。」,
,フレーズ・慣用句型,具材を挟んだサンドイッチ,パンが具材を優しく包み込むような形状,つつみこんでいる,包み込んでいる（パンが具材を包み込んでいる）,包み込んでいる（愛情や優しさで相手を包み込んでいる）,寛大な心を持つ人,「具材を挟んだサンドイッチ」とかけて、「寛大な心を持つ人」と解く。その心は「どちらも『包み込んでいる』でしょう。」,
,完全な同音異義語型,生地を平らに伸ばす麺棒,生地の形や状態を変える,かたをかえる,形を変える,肩を替える,重い荷物を運ぶ運送業者,生地を平らに伸ばす麺棒とかけて、重い荷物を運ぶ運送業者と解く。その心は「どちらも『形を変える（肩を替える）』でしょう。」,
,完全な同音異義語型,生地を平らに伸ばす麺棒,生地の表面を均一にする,なら,均す,奈良,歴史の授業で古都について学ぶ生徒,生地を平らに伸ばす麺棒とかけて、歴史の授業で古都について学ぶ生徒と解く。その心は「どちらも『均す（奈良）』でしょう。」,
,多義語型,生地を平らに伸ばす麺棒,生地を縦横に引き延ばす,のばす,伸ばす,伸ばす,新事業で売り上げを拡大する経営者,生地を平らに伸ばす麺棒とかけて、新事業で売り上げを拡大する経営者と解く。その心は「どちらも『伸ばす』でしょう。」,
,多義語型,生地を平らに伸ばす麺棒,生地全体に作用を及ぼし、面積を広げる,ひろげる,広げる,広げる,様々なジャンルの本を読み、知識を深める読書家,生地を平らに伸ばす麺棒とかけて、様々なジャンルの本を読み、知識を深める読書家と解く。その心は「どちらも『広げる』でしょう。」,
,フレーズ・慣用句型,生地を平らに伸ばす麺棒,生地に圧力をかけ、強い力を加える,ちからをこめる,力を込める,力を込める,重要なプレゼンテーションで説得力のあるスピーチをするビジネスパーソン,生地を平らに伸ばす麺棒とかけて、重要なプレゼンテーションで説得力のあるスピーチをするビジネスパーソンと解く。その心は「どちらも『力を込める』でしょう。」,
,フレーズ・慣用句型,生地を平らに伸ばす麺棒,生地全体を均一に処理する,まんべんなく,満遍なく,満遍なく,クラス全員に平等に指導を行う教師,生地を平らに伸ばす麺棒とかけて、クラス全員に平等に指導を行う教師と解く。その心は「どちらも『満遍なく』でしょう。」,
,完全な同音異義語型,細い口からお湯を出すドリップポット,コーヒーを淹れる機能,いれる,淹れる（コーヒーなどを淹れる）,入れる（場所や容器に入れる）,野球の監督,細い口からお湯を出すドリップポットとかけて、野球の監督と解く。その心は「どちらも『いれる』でしょう。」,
,多義語型,細い口からお湯を出すドリップポット,湯の量や流速を細やかに調整する,コントロールする,コントロールする（湯の流量を調整する）,コントロールする（状況や物事を管理する）,敏腕マネージャー,細い口からお湯を出すドリップポットとかけて、敏腕マネージャーと解く。その心は「どちらも『コントロールする』でしょう。」,
,フレーズ・慣用句型,細い口からお湯を出すドリップポット,お湯を一点に集中させて注ぐ,いってんしゅうちゅう,一点集中（湯を狙った場所に注ぐ）,一点集中（努力や意識を一つのことに集中させる）,受験生,細い口からお湯を出すドリップポットとかけて、受験生と解く。その心は「どちらも『一点集中』でしょう。」,
,完全な同音異義語型,細い口からお湯を出すドリップポット,ポットの中で湯が沸騰する,わく,沸く（湯が熱くなって沸騰する）,湧く（感情や活力が内から込み上げる）,優勝したスポーツ選手,細い口からお湯を出すドリップポットとかけて、優勝したスポーツ選手と解く。その心は「どちらも『わく』でしょう。」,
,多義語型,細い口からお湯を出すドリップポット,お湯の流れる様子や方向,ながれ,流れ（お湯の流れる様子や方向）,流れ（物事の動向や方向性）,スポーツ解説者,細い口からお湯を出すドリップポットとかけて、スポーツ解説者と解く。その心は「どちらも『流れ』を読むでしょう。」,
,フレーズ・慣用句型,細い口からお湯を出すドリップポット,お湯に道筋をつけて注ぐ,みちすじをつける,道筋をつける（お湯を細く、狙った通りに注ぎ込む）,道筋をつける（物事の計画や手順を明確にする）,プロジェクトマネージャー,細い口からお湯を出すドリップポットとかけて、プロジェクトマネージャーと解く。その心は「どちらも『道筋をつける』でしょう。」,
,完全な同音異義語型,自動で食器を洗う食洗機,水で汚れを落とし、清潔にする,あらう,洗う（食器を綺麗にする）,購う（商品や権利などを買う）,古物市場で掘り出し物を探す人,「自動で食器を洗う食洗機」とかけて、「古物市場で掘り出し物を探す人」と解く。その心は「どちらも『あらう』でしょう。」,
,完全な同音異義語型,自動で食器を洗う食洗機,洗剤によって泡が発生する,あわ,泡（洗剤による泡）,粟（イネ科の穀物）,穀物から日本酒を造る蔵人,「自動で食器を洗う食洗機」とかけて、「穀物から日本酒を造る蔵人」と解く。その心は「どちらも『あわ』でしょう。」,
,多義語型,自動で食器を洗う食洗機,汚れが落ちて清潔な状態になる,きれいになる,綺麗になる（汚れが落ちて清潔になる）,綺麗になる（容姿が美しくなる）,エステサロンに通い始めた女性,「自動で食器を洗う食洗機」とかけて、「エステサロンに通い始めた女性」と解く。その心は「どちらも『きれいになる』でしょう。」,
,多義語型,自動で食器を洗う食洗機,洗い終わると庫内にあった食器が全てなくなる,からになる,空になる（食器が全て洗い終わる）,空になる（財布の中身がなくなる）,ボーナスを使い果たした買い物好き,「自動で食器を洗う食洗機」とかけて、「ボーナスを使い果たした買い物好き」と解く。その心は「どちらも『空になる』でしょう。」,
,フレーズ・慣用句型,自動で食器を洗う食洗機,汚れた水を排出する、水で洗い流す,みずをながす,水を流す（汚れを水で流す）,水に流す（過去の出来事をなかったことにする）,昔のけんかを仲直りした友人同士,「自動で食器を洗う食洗機」とかけて、「昔のけんかを仲直りした友人同士」と解く。その心は「どちらも『水を流す』でしょう。」,
,フレーズ・慣用句型,自動で食器を洗う食洗機,洗浄中に機械が動作する音が発生する,おとをたてる,音を立てる（洗浄中の機械音）,音を立てる（世間で有名になる、名を上げる）,新しい事業で成功を収めた起業家,「自動で食器を洗う食洗機」とかけて、「新しい事業で成功を収めた起業家」と解く。その心は「どちらも『音を立てる』でしょう。」,
,完全な同音異義語型,カフェインを抜いたデカフェコーヒー,カフェインという成分が「取り除かれている」状態,ぬく,抜く（成分を）,抜く（力を）,ヨガのインストラクター,カフェインを抜いたデカフェコーヒーとかけて、ヨガのインストラクターと解く。その心は「どちらも『力を抜く』でしょう。」,
,完全な同音異義語型,カフェインを抜いたデカフェコーヒー,覚醒作用がなく、飲んでも眠気が「覚めない」,さめる,覚める（眠気が覚めない）,冷める（熱が下がる）,沸かしたばかりの風呂,カフェインを抜いたデカフェコーヒーとかけて、沸かしたばかりの風呂と解く。その心は「どちらも『さめる』でしょう。」,
,多義語型,カフェインを抜いたデカフェコーヒー,カフェインによる「刺激」や覚醒作用がない,しげきがない,刺激がない（覚醒作用がない）,刺激がない（変化がない、退屈である）,変化のない毎日を送る人,カフェインを抜いたデカフェコーヒーとかけて、変化のない毎日を送る人と解く。その心は「どちらも『刺激がない』でしょう。」,
,多義語型,カフェインを抜いたデカフェコーヒー,カフェインによる覚醒作用や独特の苦味がなく「物足りない」と感じる,ものたりない,物足りない（カフェインがないため）,物足りない（量や質が不十分で満足できない）,メインディッシュの量が少ないフレンチ,カフェインを抜いたデカフェコーヒーとかけて、メインディッシュの量が少ないフレンチと解く。その心は「どちらも『物足りない』でしょう。」,
,フレーズ・慣用句型,カフェインを抜いたデカフェコーヒー,カフェインによる負担がなく、心身に「優しい」,からだにやさしい,体に優しい（負担が少ない）,体に優しい（消化が良く、健康に良い）,消化の良いおかゆ,カフェインを抜いたデカフェコーヒーとかけて、消化の良いおかゆと解く。その心は「どちらも『体に優しい』でしょう。」,
,フレーズ・慣用句型,カフェインを抜いたデカフェコーヒー,飲んでも覚醒効果がなく「目が冴えない」,めがさえない,目が冴えない（眠気が覚めない）,目が冴えない（能力や判断力が鈍い）,スランプに陥った棋士,カフェインを抜いたデカフェコーヒーとかけて、スランプに陥った棋士と解く。その心は「どちらも『目が冴えない』でしょう。」,
,完全な同音異義語型,鼻が曲がるほど臭い腐った牛乳,悪臭を放つ,くさい,臭い,草生い,草が生い茂る場所,「鼻が曲がるほど臭い腐った牛乳」とかけて、「草が生い茂る場所」と解く。その心は『どちらも「くさい」でしょう。』,
,完全な同音異義語型,鼻が曲がるほど臭い腐った牛乳,腐敗している,ふはい,腐敗,不敗,無敵のチャンピオン,「鼻が曲がるほど臭い腐った牛乳」とかけて、「無敵のチャンピオン」と解く。その心は『どちらも「ふはい」でしょう。』,
,多義語型,鼻が曲がるほど臭い腐った牛乳,食用として駄目になる,だめ,駄目,駄目,囲碁の盤面,「鼻が曲がるほど臭い腐った牛乳」とかけて、「囲碁の盤面」と解く。その心は『どちらも「駄目」でしょう。』,
,多義語型,鼻が曲がるほど臭い腐った牛乳,悪臭で鼻の感覚が歪む,まがる,曲がる,曲がる,急カーブの続く山道,「鼻が曲がるほど臭い腐った牛乳」とかけて、「急カーブの続く山道」と解く。その心は『どちらも「曲がる」でしょう。』,
,フレーズ・慣用句型,鼻が曲がるほど臭い腐った牛乳,廃棄しなければならないが、ひどすぎて捨てること自体も困る,すてどころがない,捨てどころがない,捨てどころがない,名場面が連続する映画,「鼻が曲がるほど臭い腐った牛乳」とかけて、「名場面が連続する映画」と解く。その心は『どちらも「捨てどころがない」でしょう。』,
,フレーズ・慣用句型,鼻が曲がるほど臭い腐った牛乳,悪臭のため飲むことができない,くちにできない,口にできない,口にできない,重要な秘密を抱えたスパイ,「鼻が曲がるほど臭い腐った牛乳」とかけて、「重要な秘密を抱えたスパイ」と解く。その心は『どちらも「口にできない」でしょう。』,
,完全な同音異義語型,グツグツと地獄のように煮えたぎる鍋,液体が激しく煮え立つ、泡立つ、熱い,ふっとう,沸騰（激しく煮え立つこと）,奮闘（困難に打ち勝つため努力すること）,困難な課題に取り組むビジネスマン,「グツグツと地獄のように煮えたぎる鍋」とかけて、「困難な課題に取り組むビジネスマン」と解く。その心は「どちらも『奮闘』でしょう。」,
,多義語型,グツグツと地獄のように煮えたぎる鍋,液体や具材が激しく動き、混ざり合う,こんらん,混乱（中身が激しく攪拌されて落ち着かない様子）,混乱（秩序が失われ、物事が入り乱れること）,情報が錯綜する緊急災害現場,「グツグツと地獄のように煮えたぎる鍋」とかけて、「情報が錯綜する緊急災害現場」と解く。その心は「どちらも『混乱』しているでしょう。」,
,フレーズ・慣用句型,グツグツと地獄のように煮えたぎる鍋,煮立ち、泡が激しく発生し、口から溢れるような状態,あわをふく,泡を吹く（激しく煮立って泡が噴き出す様子）,泡を吹く（疲れ果てて苦しむ、またはひどく驚く様子）,フルマラソンを完走したばかりのランナー,「グツグツと地獄のように煮えたぎる鍋」とかけて、「フルマラソンを完走したばかりのランナー」と解く。その心は「どちらも『泡を吹く』でしょう。」,
,完全な同音異義語型,グツグツと地獄のように煮えたぎる鍋,非常に熱く、苦しそうな状況を思わせる,じごく,地獄（比喩的に非常に過酷な場所や状況）,地獄（現実において極めて苦しい状況や場所）,厳しいノルマを課せられた新入社員の研修期間,「グツグツと地獄のように煮えたぎる鍋」とかけて、「厳しいノルマを課せられた新入社員の研修期間」と解く。その心は「どちらも『地獄』でしょう。」,
,多義語型,グツグツと地獄のように煮えたぎる鍋,液体が勢いよく煮え立つ、激しく動く,たぎる,滾る（液体が激しく煮え立つ様）,滾る（感情や意欲が激しく湧き上がる様）,試合前に闘志を燃やすアスリート,「グツグツと地獄のように煮えたぎる鍋」とかけて、「試合前に闘志を燃やすアスリート」と解く。その心は「どちらも『滾る』でしょう。」,
,フレーズ・慣用句型,グツグツと地獄のように煮えたぎる鍋,中身が活発に動いている、勢いがある,かっきにあふれる,活気にあふれる（煮え立つ鍋の中の動きが活発に見える様子）,活気にあふれる（人や場所が生き生きとして元気な様子）,縁日のお祭り会場,「グツグツと地獄のように煮えたぎる鍋」とかけて、「縁日のお祭り会場」と解く。その心は「どちらも『活気にあふれる』でしょう。」,
,完全な同音異義語型,舌が痺れるほど発酵した酸っぱいキムチ,味が辛い、刺激的である,からい,辛い（味がからい）,辛い（つらい、困難な）,人生の困難に直面している人,舌が痺れるほど発酵した酸っぱいキムチとかけて、人生の困難に直面している人と解く。その心は『どちらも辛い』でしょう。,
,完全な同音異義語型,舌が痺れるほど発酵した酸っぱいキムチ,発酵が進んで熟れる,うれる,熟れる（発酵が進む）,売れる（商品が売れる）,大ヒットした商品,舌が痺れるほど発酵した酸っぱいキムチとかけて、大ヒットした商品と解く。その心は『どちらもうれる』でしょう。,
,多義語型,舌が痺れるほど発酵した酸っぱいキムチ,個性の強い味、刺激的な風味,あくがつよい,アクが強い（味が強烈）,アクが強い（個性が強すぎる）,強烈な個性を持つ俳優,舌が痺れるほど発酵した酸っぱいキムチとかけて、強烈な個性を持つ俳優と解く。その心は『どちらもアクが強い』でしょう。,
,多義語型,舌が痺れるほど発酵した酸っぱいキムチ,発酵が進み、食べられる限界の状態,ぎりぎり,ギリギリ（食べられる限界の状態）,ギリギリ（時間や予算が限界）,締め切り間際の仕事,舌が痺れるほど発酵した酸っぱいキムチとかけて、締め切り間際の仕事と解く。その心は『どちらもギリギリ』でしょう。,
,フレーズ・慣用句型,舌が痺れるほど発酵した酸っぱいキムチ,舌に強い刺激を与える,しびれる,痺れる（舌が刺激で痺れる）,痺れる（感動して心が震える）,観客を魅了するプロの技,舌が痺れるほど発酵した酸っぱいキムチとかけて、観客を魅了するプロの技と解く。その心は『どちらも痺れる』でしょう。,
,フレーズ・慣用句型,舌が痺れるほど発酵した酸っぱいキムチ,強い酸味で味がとがっている,かどがある,角がある（味がとがっている）,角がある（態度がとげとげしい）,とげとげしい態度の人,舌が痺れるほど発酵した酸っぱいキムチとかけて、とげとげしい態度の人と解く。その心は『どちらも角がある』でしょう。,
,完全な同音異義語型,カビがびっしり生えた青白いパン,カビが表面に「生えている」,はえる,生える（カビが繁殖する）,映える（景色や写真が美しく際立つ）,写真映えする絶景スポット,「カビがびっしり生えた青白いパン」とかけて、「写真映えする絶景スポット」と解く。その心は「どちらも『はえる（生える／映える）』でしょう。」,
,多義語型,カビがびっしり生えた青白いパン,カビが生えて食べられない、活気がなく「元気がない」状態,げんきがない,元気がない（食べ物としての鮮度や活気が失われている）,元気がない（人が体調不良や気落ちしている）,風邪をひいて寝込んでいる人,「カビがびっしり生えた青白いパン」とかけて、「風邪をひいて寝込んでいる人」と解く。その心は「どちらも『元気がない』でしょう。」,
,フレーズ・慣用句型,カビがびっしり生えた青白いパン,腐敗により「食べられない」,たべられない,食べられない（腐敗していて口にできない）,食べられない（貧困などで食料に困っている）,貧困で日々の食事に困っている人,「カビがびっしり生えた青白いパン」とかけて、「貧困で日々の食事に困っている人」と解く。その心は「どちらも『食べられない』でしょう。」,
,完全な同音異義語型,カビがびっしり生えた青白いパン,カビの色が「青い」,あおい,青い（カビの色）,葵い（植物の葵、または家紋の葵紋）,徳川家の家紋,「カビがびっしり生えた青白いパン」とかけて、「徳川家の家紋」と解く。その心は「どちらも『あおい（青い／葵）』でしょう。」,
,多義語型,カビがびっしり生えた青白いパン,カビが全体を「覆う」ように広がる,おおう,覆う（カビがパンの表面を覆い尽くす）,覆う（秘密や真実を隠す）,組織ぐるみで真実を隠蔽する行為,「カビがびっしり生えた青白いパン」とかけて、「組織ぐるみで真実を隠蔽する行為」と解く。その心は「どちらも『覆（おお）う』でしょう。」,
,フレーズ・慣用句型,カビがびっしり生えた青白いパン,修復不能なほど劣化しており「手の施しようがない」,てのほどこしようがない,手の施しようがない（修復や利用が不可能な状態である）,手の施しようがない（問題が悪化しすぎて解決策がない）,打つ手がなく倒産寸前の会社,「カビがびっしり生えた青白いパン」とかけて、「打つ手がなく倒産寸前の会社」と解く。その心は「どちらも『手の施しようがない』でしょう。」,
,完全な同音異義語型,目が痛くなるほどの煙を上げる炭火,煙が目に刺激を与え、炎症を引き起こす状態,えんしょう,炎症,炎上,SNSで批判が殺到している有名人,「目が痛くなるほどの煙を上げる炭火」とかけて、「SNSで批判が殺到している有名人」と解く。その心は『どちらも「炎上」でしょう。』,
,完全な同音異義語型,目が痛くなるほどの煙を上げる炭火,熱によって水分や揮発成分が気体となって消える状態,じょうはつ,蒸発,蒸発,急にいなくなった行方不明者,「目が痛くなるほどの煙を上げる炭火」とかけて、「急にいなくなった行方不明者」と解く。その心は『どちらも「蒸発」でしょう。』,
,多義語型,目が痛くなるほどの煙を上げる炭火,煙が勢いよく立ち上る様子,もくもく,もくもく（と煙が上がる）,もくもく（と作業する）,誰にも邪魔されずに集中して作業する職人,「目が痛くなるほどの煙を上げる炭火」とかけて、「誰にも邪魔されずに集中して作業する職人」と解く。その心は『どちらも「もくもく」でしょう。』,
,多義語型,目が痛くなるほどの煙を上げる炭火,煙が不快で、そこに居づらく感じる感覚,けむたい,煙たい,煙たい,威圧感のある上司,「目が痛くなるほどの煙を上げる炭火」とかけて、「威圧感のある上司」と解く。その心は『どちらも「煙たい」でしょう。』,
,フレーズ・慣用句型,目が痛くなるほどの煙を上げる炭火,煙が立ち上る勢いが強いこと,いきおいがある,勢いがある,勢いがある,急成長中のベンチャー企業,「目が痛くなるほどの煙を上げる炭火」とかけて、「急成長中のベンチャー企業」と解く。その心は『どちらも「勢いがある」でしょう。』,
,フレーズ・慣用句型,目が痛くなるほどの煙を上げる炭火,煙の刺激が直接目に到達し、痛みを生じさせること,めにくる,目にくる,目にくる,即効性のある薬,「目が痛くなるほどの煙を上げる炭火」とかけて、「即効性のある薬」と解く。その心は『どちらも「目にくる」でしょう。』,
,完全な同音異義語型,肉が焦げて立ち上る黒い煙,煙の色が『黒い』こと,くろい,黒い（色が黒い）,苦労い（苦労が多い）,人生の試練に直面している人,肉が焦げて立ち上る黒い煙とかけて、人生の試練に直面している人と解く。その心は「どちらも『くろい』（黒い / 苦労い）」でしょう。,
,完全な同音異義語型,肉が焦げて立ち上る黒い煙,煙が上へ『上がる』動作,あがる,上がる（煙が立ち上る）,揚がる（天ぷらが揚がる）,揚げ物屋の職人,肉が焦げて立ち上る黒い煙とかけて、揚げ物屋の職人と解く。その心は「どちらも『あがる』（上がる / 揚がる）」でしょう。,
,多義語型,肉が焦げて立ち上る黒い煙,煙が空間に『立ち上がる』こと,たちあがる,立ち上がる（煙が空間に現れる）,立ち上がる（困難な状況から再起する）,倒産の危機から復活した会社,肉が焦げて立ち上る黒い煙とかけて、倒産の危機から復活した会社と解く。その心は「どちらも『立ち上がる』でしょう。」,
,多義語型,肉が焦げて立ち上る黒い煙,肉が加熱しすぎて『焦げる』こと,こげる,焦げる（食材が加熱しすぎる）,焦げる（チャンスを逃して失敗する）,大事な商談をまとめるのに失敗した営業マン,肉が焦げて立ち上る黒い煙とかけて、大事な商談をまとめるのに失敗した営業マンと解く。その心は「どちらも『焦げる』でしょう。」,
,フレーズ・慣用句型,肉が焦げて立ち上る黒い煙,煙が充満し、周囲が見えなくなる状態,けむにまかれる,煙に巻かれる（実際に煙が立ち込める）,煙に巻かれる（相手に巧みにはぐらかされる）,詐欺師に騙されて真相が見えなくなった人,肉が焦げて立ち上る黒い煙とかけて、詐欺師に騙されて真相が見えなくなった人と解く。その心は「どちらも『煙に巻かれる』でしょう。」,
,フレーズ・慣用句型,肉が焦げて立ち上る黒い煙,肉が焦げて食材が『台無し』になること,だいなし,台無し（食材がダメになる）,台無し（努力や計画が無駄になる）,準備不足でプレゼンを台無しにしたビジネスパーソン,肉が焦げて立ち上る黒い煙とかけて、準備不足でプレゼンを台無しにしたビジネスパーソンと解く。その心は「どちらも『台無し』でしょう。」,
,完全な同音異義語型,パンパンに膨れ上がって破裂しそうなお餅,物理的に膨張し、限界に達している状態,ぱんぱん,パンパン（に膨れている）,パンパン（と音を立てる、または張り詰めた状態）,叩けば良い音を出す張り詰めた太鼓,パンパンに膨れ上がって破裂しそうなお餅とかけて、叩けば良い音を出す張り詰めた太鼓と解く。その心は『どちらもパンパンでしょう。』,
,多義語型,パンパンに膨れ上がって破裂しそうなお餅,内側から力が加わり、外側に膨張する様子,ふくらむ,膨らむ（物理的に体積が増す）,膨らむ（期待や夢が大きくなる）,未来への希望に満ちた若者,パンパンに膨れ上がって破裂しそうなお餅とかけて、未来への希望に満ちた若者と解く。その心は『どちらも大きく膨らむでしょう。』,
,フレーズ・慣用句型,パンパンに膨れ上がって破裂しそうなお餅,許容量を超え、これ以上何も受け入れられない限界の状態,いっぱいいっぱい,いっぱいいっぱい（に中身が詰まっている）,いっぱいいっぱい（で余裕がない）,仕事に追われ、心身ともに限界を迎えているビジネスパーソン,パンパンに膨れ上がって破裂しそうなお餅とかけて、仕事に追われ、心身ともに限界を迎えているビジネスパーソンと解く。その心は『どちらもいっぱいいっぱいでしょう。』,
,完全な同音異義語型,パンパンに膨れ上がって破裂しそうなお餅,加熱され、こんがりとした状態になる,やける,焼ける（火が通る）,焼ける（日光で肌の色が変わる）,夏休みにビーチで長時間過ごした人の肌,パンパンに膨れ上がって破裂しそうなお餅とかけて、夏休みにビーチで長時間過ごした人の肌と解く。その心は『どちらもよく焼けるでしょう。』,
,多義語型,パンパンに膨れ上がって破裂しそうなお餅,熱により柔らかくなり、弾力が増して形が変わる,のびる,伸びる（物理的に引き伸ばされる）,伸びる（身長や才能が成長する）,ぐんぐんと背が伸びる成長期の子供,パンパンに膨れ上がって破裂しそうなお餅とかけて、ぐんぐんと背が伸びる成長期の子供と解く。その心は『どちらもよく伸びるでしょう。』,
,フレーズ・慣用句型,パンパンに膨れ上がって破裂しそうなお餅,間もなく破裂するという、非常に危険な状況,ききいっぱつ,危機一髪（の状況にある）,危機一髪（で難を逃れる）,間一髪で大事故を免れた人,パンパンに膨れ上がって破裂しそうなお餅とかけて、間一髪で大事故を免れた人と解く。その心は『どちらも危機一髪でしょう。』,
,完全な同音異義語型,糸を引いてネバネバする納豆の発酵,物理的に細い粘着性の線を引き出す,いとをひく,糸を引く,意図を引く（計画や目的を中止する）,途中で計画を断念したプロジェクトリーダー,「糸を引いてネバネバする納豆の発酵」とかけて、「途中で計画を断念したプロジェクトリーダー」と解く。その心は「どちらも『意図を引く』でしょう。」,
,多義語型,糸を引いてネバネバする納豆の発酵,物理的に粘り気がある性質,ねばりがある,粘りがある,粘りがある（困難に負けずに努力し続ける）,どんな困難にも諦めずに立ち向かう挑戦者,「糸を引いてネバネバする納豆の発酵」とかけて、「どんな困難にも諦めずに立ち向かう挑戦者」と解く。その心は「どちらも『粘りがある』でしょう。」,
,フレーズ・慣用句型,糸を引いてネバネバする納豆の発酵,微生物の活動によって素材全体が均一に混ざり、一体となる,まとまる,混ざってまとまる,意見がまとまる（議論を経て合意に達する）,長時間にわたる議論の末に結論が出た会議,「糸を引いてネバネバする納豆の発酵」とかけて、「長時間にわたる議論の末に結論が出た会議」と解く。その心は「どちらも『まとまる』でしょう。」,
,完全な同音異義語型,糸を引いてネバネバする納豆の発酵,微生物の働きによって新たな状態が生み出される,はっこうする,発酵する,発行する（書籍や雑誌などを世に出す）,新しい雑誌を企画し世に送り出す編集者,「糸を引いてネバネバする納豆の発酵」とかけて、「新しい雑誌を企画し世に送り出す編集者」と解く。その心は「どちらも『発行する』でしょう。」,
,多義語型,糸を引いてネバネバする納豆の発酵,糸が物理的に引き寄せられる,たぐりよせる,手繰り寄せる（物理的に糸などを引き寄せる）,手繰り寄せる（情報や幸運などを引き寄せる）,失われた手がかりから真実にたどり着く探偵,「糸を引いてネバネバする納豆の発酵」とかけて、「失われた手がかりから真実にたどり着く探偵」と解く。その心は「どちらも『手繰り寄せる』でしょう。」,
,フレーズ・慣用句型,糸を引いてネバネバする納豆の発酵,時間と共に風味が豊かになり、深みが増す,あじがでる,味が出る（熟成により風味が良くなる）,味が出る（経験を積んで人間的な魅力や深みが備わる）,長年の経験で人間的な魅力が増したベテラン俳優,「糸を引いてネバネバする納豆の発酵」とかけて、「長年の経験で人間的な魅力が増したベテラン俳優」と解く。その心は「どちらも『味が出る』でしょう。」,
,多義語型,パチパチと油が跳ねて火傷する揚げ物,油が熱く危険な状態になり、火傷の危険が迫る,さしせまる,差し迫る（火傷の危険が差し迫る）,差し迫る（締め切りや状況が切羽詰まる）,締め切り直前の漫画家,「パチパチと油が跳ねて火傷する揚げ物」とかけて、「締め切り直前の漫画家」と解く。その心は「どちらも『差し迫る』でしょう。」,
,多義語型,パチパチと油が跳ねて火傷する揚げ物,高温の油で料理が完成する,あがる,揚がる（料理が油で揚がる）,上がる（成績や評価が上がる）,成績優秀な学生,「パチパチと油が跳ねて火傷する揚げ物」とかけて、「成績優秀な学生」と解く。その心は「どちらも『上がる』でしょう。」,
,フレーズ・慣用句型,パチパチと油が跳ねて火傷する揚げ物,油が跳ねることを軽視すると、痛い目に遭う,あぶらだん,油断（油が跳ねることを油断すると火傷する）,油断（注意を怠ること）,危機管理が甘い経営者,「パチパチと油が跳ねて火傷する揚げ物」とかけて、「危機管理が甘い経営者」と解く。その心は「どちらも『油断すると痛い目に遭う』でしょう。」,
,フレーズ・慣用句型,パチパチと油が跳ねて火傷する揚げ物,油が跳ねて目に入ると危険である,めがあぶない,目が危ない（油が目に入ると危ない）,目が危ない（目の状態が悪くなる、疲労困憊の状態）,徹夜続きのプログラマー,「パチパチと油が跳ねて火傷する揚げ物」とかけて、「徹夜続きのプログラマー」と解く。その心は「どちらも『目が危ない』でしょう。」,
,完全な同音異義語型,パチパチと油が跳ねて火傷する揚げ物,液体が飛び散る物理的な動作,はねる,跳ねる（油が跳ねる）,撥ねる（車が人を撥ねる）,交通事故を起こした車,「パチパチと油が跳ねて火傷する揚げ物」とかけて、「交通事故を起こした車」と解く。その心は「どちらも『はねる』でしょう。」,
,完全な同音異義語型,パチパチと油が跳ねて火傷する揚げ物,高温で食材を調理する行為,あげる,揚げる（揚げ物を揚げる）,挙げる（手を挙げる、例を挙げる）,積極的に発言する生徒,「パチパチと油が跳ねて火傷する揚げ物」とかけて、「積極的に発言する生徒」と解く。その心は「どちらも『あげる』でしょう。」,
,完全な同音異義語型,熟しすぎてドロドロに崩れた桃,形がぐちゃぐちゃになって、見た目が悪い。,かたなし,形無し（原型をとどめない桃の姿）,型無し（躾がなってない人のことを指す）,躾がなっていない子供,熟しすぎてドロドロに崩れた桃とかけて、躾がなっていない子供と解く。その心は『どちらも形無し』でしょう。,
,完全な同音異義語型,熟しすぎてドロドロに崩れた桃,ドロドロに溶けている。,ようかい,溶解（個体が液体に溶けること。桃の繊維が溶けている状態）,妖怪（日本の伝説上の存在）,夜中に人を怖がらせる不思議な存在,熟しすぎてドロドロに崩れた桃とかけて、夜中に人を怖がらせる不思議な存在と解く。その心は『どちらも妖怪』でしょう。,
,多義語型,熟しすぎてドロドロに崩れた桃,形が崩れて、原形をとどめない。,くずれる,崩れる（桃の形が物理的に崩れる）,崩れる（予定や計画がダメになる、態度が崩れるなど）,台風で延期になった運動会,熟しすぎてドロドロに崩れた桃とかけて、台風で延期になった運動会と解く。その心は『どちらも崩れる』でしょう。,
,多義語型,熟しすぎてドロドロに崩れた桃,ドロドロで、もはや原型がなく、見た目が悪い。,みっともない,見っともない（見た目が悪い、醜い）,見っともない（行動や態度が恥ずかしい）,人前で下品な振る舞いをする人,熟しすぎてドロドロに崩れた桃とかけて、人前で下品な振る舞いをする人と解く。その心は『どちらも見っともない』でしょう。,
,フレーズ・慣用句型,熟しすぎてドロドロに崩れた桃,熟しすぎて、もう食べ頃を過ぎている。,じゅくす,熟す（果物が熟しすぎた状態）,熟す（課題や仕事をこなす、練習を積む）,難しい仕事を完璧に終わらせたベテラン社員,熟しすぎてドロドロに崩れた桃とかけて、難しい仕事を完璧に終わらせたベテラン社員と解く。その心は『どちらも熟す』でしょう。,
,フレーズ・慣用句型,熟しすぎてドロドロに崩れた桃,ドロドロに崩れて、泥のようになっている。,どろぬま,泥沼（文字通り、泥でできた沼のような状態）,泥沼（解決が困難な問題、混迷した状況）,終わりの見えない裁判,熟しすぎてドロドロに崩れた桃とかけて、終わりの見えない裁判と解く。その心は『どちらも泥沼』でしょう。,
,完全な同音異義語型,鼻の奥を刺激するワサビの揮発成分,刺激によって効果を発揮する,きく,効く（効果が現れる）,利く（融資などが有効である）,事業拡大のための融資,「鼻の奥を刺激するワサビの揮発成分」とかけて、「事業拡大のための融資」と解く。その心は「どちらも『効く（利く）』でしょう。」,
,完全な同音異義語型,鼻の奥を刺激するワサビの揮発成分,その刺激が鼻の奥まで届く,とおる,通る（通り抜ける）,徹る（信念や方針が貫かれる）,新入社員に徹底された教育方針,「鼻の奥を刺激するワサビの揮発成分」とかけて、「新入社員に徹底された教育方針」と解く。その心は「どちらも『通る（徹る）』でしょう。」,
,多義語型,鼻の奥を刺激するワサビの揮発成分,鼻腔全体に刺激が広がる,ひろがる,広がる（空間的に拡散する）,広がる（情報が伝播する）,ゴシップ好きの主婦の間での噂話,「鼻の奥を刺激するワサビの揮発成分」とかけて、「ゴシップ好きの主婦の間での噂話」と解く。その心は「どちらも『広がる』でしょう。」,
,多義語型,鼻の奥を刺激するワサビの揮発成分,刺激が非常に強い,つよい,強い（刺激が強力である）,強い（精神的に屈しない）,逆境に立ち向かう経営者の精神力,「鼻の奥を刺激するワサビの揮発成分」とかけて、「逆境に立ち向かう経営者の精神力」と解く。その心は「どちらも『強い』でしょう。」,
,フレーズ・慣用句型,鼻の奥を刺激するワサビの揮発成分,強い刺激で涙腺が刺激される,なみだがでる,涙が出る（物理的な刺激で）,涙が出る（感動や悲しみで）,長年の功績を称えられた職人の引退式,「鼻の奥を刺激するワサビの揮発成分」とかけて、「長年の功績を称えられた職人の引退式」と解く。その心は「どちらも『涙が出る』でしょう。」,
,フレーズ・慣用句型,鼻の奥を刺激するワサビの揮発成分,刺激によって鼻の通りが良くなる感覚がある,はながとおる,鼻が通る（物理的に詰まりが解消される）,鼻が通る（世間に顔が利く、有名である）,顔が広い営業マン,「鼻の奥を刺激するワサビの揮発成分」とかけて、「顔が広い営業マン」と解く。その心は「どちらも『鼻が通る』でしょう。」,
,多義語型,凍てつく寒さでカチコチに凍った干し柿,凍結して非常に硬い状態,かたい,固い（物理的に硬い）,堅い（約束や守りがしっかりしている）,約束を絶対に守る人,凍てつく寒さでカチコチに凍った干し柿とかけて、約束を絶対に守る人と解く。その心は「どちらも『堅い』でしょう。」,
,フレーズ・慣用句型,凍てつく寒さでカチコチに凍った干し柿,寒さで完全に凍結し、身動きができない状態,みうごきがとれない,身動きが取れない（物理的に凍って動けない）,身動きが取れない（状況的に窮地に陥り、行動できない）,借金まみれの経営者,凍てつく寒さでカチコチに凍った干し柿とかけて、借金まみれの経営者と解く。その心は「どちらも『身動きが取れない』でしょう。」,
,完全な同音異義語型,凍てつく寒さでカチコチに凍った干し柿,非常に冷たい状態,ひえる,冷える（温度が低くなる）,肥える（栄養が豊かになる、肉がつく）,作物が豊かに育つ土地,凍てつく寒さでカチコチに凍った干し柿とかけて、作物が豊かに育つ土地と解く。その心は「どちらも『肥える（ひえる）』でしょう。」,
,多義語型,凍てつく寒さでカチコチに凍った干し柿,凍って硬いので刃物でも切断が困難な状態,きれない,切れない（物理的に物を断ち切ることができない）,切れない（頭の回転が悪い、仕事ができない）,仕事の要領が悪い新人,凍てつく寒さでカチコチに凍った干し柿とかけて、仕事の要領が悪い新人と解く。その心は「どちらも『切れない』でしょう。」,
,フレーズ・慣用句型,凍てつく寒さでカチコチに凍った干し柿,凍結により表面に亀裂が生じそうな状態,ひびがはいる,ひびが入る（物理的に亀裂が入る）,ひびが入る（人間関係や計画に不和が生じる）,険悪な夫婦仲,凍てつく寒さでカチコチに凍った干し柿とかけて、険悪な夫婦仲と解く。その心は「どちらも『ひびが入る』でしょう。」,
,完全な同音異義語型,凍てつく寒さでカチコチに凍った干し柿,非常に冷えて固まっている状態,こおる,凍る（物質が冷えて固まる）,凝る（筋肉が硬くなる、ある物事に熱中する）,肩こりに悩むデスクワーカー,凍てつく寒さでカチコチに凍った干し柿とかけて、肩こりに悩むデスクワーカーと解く。その心は「どちらも『凝る（こおる）』でしょう。」,
,完全な同音異義語型,表面がカサカサに乾燥したみかん,表面が乾燥し、水分が失われた状態,ほし,干し (乾燥していること),星 (天体),夜空に輝くもの,「表面がカサカサに乾燥したみかん」とかけて、「夜空に輝くもの」と解く。その心は「どちらも『ほし』でしょう。」,
,完全な同音異義語型,表面がカサカサに乾燥したみかん,水分がなくなり、しわくちゃになっている状態,しわ,皺 (皮のしわ),芝 (植物),グラウンドや庭を覆う植物,「表面がカサカサに乾燥したみかん」とかけて、「グラウンドや庭を覆う植物」と解く。その心は「どちらも『しわ』でしょう。」,
,多義語型,表面がカサカサに乾燥したみかん,水分が抜けて形がしぼみ、中身が減ったような状態,へこむ,凹む (物理的にへこむ),凹む (精神的に落ち込む),失敗して落ち込んでいる人,「表面がカサカサに乾燥したみかん」とかけて、「失敗して落ち込んでいる人」と解く。その心は「どちらも『へこむ』でしょう。」,
,多義語型,表面がカサカサに乾燥したみかん,水分が失われ、味が落ちて食べづらい状態,からい,辛い (味が悪く食べづらい),辛い (精神的・肉体的に苦痛である),仕事の納期に追われるビジネスマン,「表面がカサカサに乾燥したみかん」とかけて、「仕事の納期に追われるビジネスマン」と解く。その心は「どちらも『からい』でしょう。」,
,フレーズ・慣用句型,表面がカサカサに乾燥したみかん,乾燥して硬く、中身も食べられず、栄養にならない状態,みにつかない,身につかない (栄養が体に吸収されない),身につかない (学習や努力が成果として定着しない),いくら勉強しても成績が上がらない学生,「表面がカサカサに乾燥したみかん」とかけて、「いくら勉強しても成績が上がらない学生」と解く。その心は「どちらも『身につかない』でしょう。」,
,フレーズ・慣用句型,表面がカサカサに乾燥したみかん,水分がなくなり、見た目も悪く、もはや利用価値がない状態,つかえない,使えない (食べ物として利用できない),使えない (能力や機能が不足している),仕事で全く役に立たない新人,「表面がカサカサに乾燥したみかん」とかけて、「仕事で全く役に立たない新人」と解く。その心は「どちらも『使えない』でしょう。」,
,完全な同音異義語型,ぷーんと嫌な匂いを放つ生ゴミの腐敗,悪臭が漂い広がる,においます,匂います（悪臭が漂い広がる）,煮ます（食材を熱して調理する）,料理人,ぷーんと嫌な匂いを放つ生ゴミの腐敗とかけて、料理人と解く。その心は「どちらも『煮ます』でしょう。」,
,完全な同音異義語型,ぷーんと嫌な匂いを放つ生ゴミの腐敗,物質が変質して悪くなる,くさります,腐ります（物質が悪くなる）,草を刈ります（植物を除去する）,農作業をする人,ぷーんと嫌な匂いを放つ生ゴミの腐敗とかけて、農作業をする人と解く。その心は「どちらも『草を刈ります』でしょう。」,
,多義語型,ぷーんと嫌な匂いを放つ生ゴミの腐敗,処理が遅れると厄介なことになる,おいてはいけない,置いてはいけない（放置してはいけない）,招いてはいけない（好ましくない事態を引き起こしてはいけない）,災難を引き寄せるような行動,ぷーんと嫌な匂いを放つ生ゴミの腐敗とかけて、災難を引き寄せるような行動と解く。その心は「どちらも『招いてはいけない』でしょう。」,
,多義語型,ぷーんと嫌な匂いを放つ生ゴミの腐敗,片付けるのが億劫で、なかなか行動に移せない,しりがおもい,尻が重い（片付けに取り掛かるのが億劫である）,尻が重い（行動するのが遅い性格である）,なかなか行動を起こさない人,ぷーんと嫌な匂いを放つ生ゴミの腐敗とかけて、なかなか行動を起こさない人と解く。その心は「どちらも『尻が重い』でしょう。」,
,フレーズ・慣用句型,ぷーんと嫌な匂いを放つ生ゴミの腐敗,強烈な悪臭に耐えられない、不快である,はながまがる,鼻が曲がる（強烈な匂いに驚き嫌悪する）,鼻が曲がる（人の言動に呆れたり軽蔑したりする）,他人の非常識な行いに呆れている人,ぷーんと嫌な匂いを放つ生ゴミの腐敗とかけて、他人の非常識な行いに呆れている人と解く。その心は「どちらも『鼻が曲がる』でしょう。」,
,フレーズ・慣用句型,ぷーんと嫌な匂いを放つ生ゴミの腐敗,悪臭が感覚器にまとわりつく,はなにつく,鼻に付く（匂いが強く感じられる）,鼻に付く（人の言動が気に入らず、不快に感じられる）,態度が鼻につく人,ぷーんと嫌な匂いを放つ生ゴミの腐敗とかけて、態度が鼻につく人と解く。その心は「どちらも『鼻に付く』でしょう。」,
,完全な同音異義語型,ムワッと生ぬるい温室栽培のビニールハウス,熱や湿気で植物が育つ,そだつ,育つ,立つ,会社の役職が上がる社員,ムワッと生ぬるい温室栽培のビニールハウスとかけて、会社の役職が上がる社員と解く。その心は『どちらも『立つ』でしょう。』,
,完全な同音異義語型,ムワッと生ぬるい温室栽培のビニールハウス,光を遮らずに通す,とおす,通す,徹す,自分の信念を貫く人,ムワッと生ぬるい温室栽培のビニールハウスとかけて、自分の信念を貫く人と解く。その心は『どちらも『通す』でしょう。』,
,多義語型,ムワッと生ぬるい温室栽培のビニールハウス,熱気や湿気が中に籠もる,こもる,籠もる,籠もる,部屋に引きこもる人,ムワッと生ぬるい温室栽培のビニールハウスとかけて、部屋に引きこもる人と解く。その心は『どちらも『籠もる』でしょう。』,
,多義語型,ムワッと生ぬるい温室栽培のビニールハウス,空気や熱気で息苦しい,いきぐるしい,息苦しい,息苦しい,借金で首が回らない経営者,ムワッと生ぬるい温室栽培のビニールハウスとかけて、借金で首が回らない経営者と解く。その心は『どちらも『息苦しい』でしょう。』,
,フレーズ・慣用句型,ムワッと生ぬるい温室栽培のビニールハウス,高温多湿で物理的に汗をかく,あせをかく,汗をかく,汗をかく,仕事に精を出す人,ムワッと生ぬるい温室栽培のビニールハウスとかけて、仕事に精を出す人と解く。その心は『どちらも『汗をかく』でしょう。』,
,フレーズ・慣用句型,ムワッと生ぬるい温室栽培のビニールハウス,作物を保護して大切に育てる,たいせつにそだてる,大切に育てる,大切に育てる,我が子を愛情深く育てる親,ムワッと生ぬるい温室栽培のビニールハウスとかけて、我が子を愛情深く育てる親と解く。その心は『どちらも『大切に育てる』でしょう。』,
,完全な同音異義語型,氷が溶けて水滴が滴る結露,冷たさが体に伝わる、水分が素材に浸透する。,しみる,冷たさが体に「染みる」。,感動が心に「沁みる」。,素晴らしい音楽を聴いた人,「氷が溶けて水滴が滴る結露」とかけて、「素晴らしい音楽を聴いた人」と解く。その心は『どちらも「しみる」』でしょう。,
,完全な同音異義語型,氷が溶けて水滴が滴る結露,空気中の水滴が集まって塊になる。,しゅうけつ,水滴が「集結」する。,長期にわたる紛争が「終結」する。,長い紛争の終わり,「氷が溶けて水滴が滴る結露」とかけて、「長い紛争」と解く。その心は『どちらも「しゅうけつ」する』でしょう。,
,多義語型,氷が溶けて水滴が滴る結露,水滴が物体から離れて下に移動する。,おちる,水滴が「落ちる」。,試験に「落ちる」。,受験生,「氷が溶けて水滴が滴る結露」とかけて、「受験生」と解く。その心は『どちらも「落ちる」ことがある』でしょう。,
,多義語型,氷が溶けて水滴が滴る結露,水滴が表面に接着する、存在する。,つく,水滴が表面に「付く」。,運が「付く」。,幸運な人,「氷が溶けて水滴が滴る結露」とかけて、「運がいい人」と解く。その心は『どちらも「付く」』でしょう。,
,フレーズ・慣用句型,氷が溶けて水滴が滴る結露,水分で表面が非常に潤っている、あふれんばかりの状態。,みちあふれる,水分が「満ち溢れる」。,喜びや希望が「満ち溢れる」。,成功を収めた起業家,「氷が溶けて水滴が滴る結露」とかけて、「成功を収めた起業家」と解く。その心は『どちらも「満ち溢れる」』でしょう。,
,フレーズ・慣用句型,氷が溶けて水滴が滴る結露,水分がしたたり落ちるほど、びしょ濡れの状態。,みずもしたたる,結露で「水も滴る」状態になる。,「水も滴る」いい男。,とても魅力的な男性,「氷が溶けて水滴が滴る結露」とかけて、「とても魅力的な男性」と解く。その心は『どちらも「水もしたたる」』でしょう。,
,完全な同音異義語型,フライパンの上でバターが溶けるジュワッとした音,熱で固体が液状になり、形を失っていく状態。,とける,溶ける（バターが熱で『溶ける』状態）,解ける（複雑な問題や謎が『解ける』状態）,難事件を解決する探偵,「フライパンの上でバターが溶けるジュワッとした音」とかけて、「難事件を解決する探偵」と解く。その心は「どちらも『とける』（溶ける、解ける）でしょう。」,
,完全な同音異義語型,フライパンの上でバターが溶けるジュワッとした音,熱で溶けて液状になり、表面に「広がる」様子。,のびる,伸びる（溶けたバターがフライパン全体に『伸びる』ように広がる）,延びる（期限や時間が『延びる』こと）,締め切りが延長された企画,「フライパンの上でバターが溶けるジュワッとした音」とかけて、「締め切りが延長された企画」と解く。その心は「どちらも『のびる』（伸びる、延びる）でしょう。」,
,多義語型,フライパンの上でバターが溶けるジュワッとした音,熱によって固体が液化し、泡立って発生する音。,じゅわっと,ジュワッと（バターが溶ける際に発する『ジュワッとした音』）,ジュワッと（冷たい飲み物が喉を通る時の爽快な感覚や、染み渡る様子）,喉が渇いた時に飲む冷たいビール,「フライパンの上でバターが溶けるジュワッとした音」とかけて、「喉が渇いた時に飲む冷たいビール」と解く。その心は「どちらも『ジュワッと』するでしょう。」,
,多義語型,フライパンの上でバターが溶けるジュワッとした音,熱によって固体が液化し、油分が周囲にゆっくりと広がる様子。,にじむ,滲む（溶けたバターの油分がフライパンに『滲む』ように広がる）,滲む（悲しみで涙が目に『滲む』様子や、インクの色が『滲む』様子）,悲しい話を聞いて涙ぐむ人,「フライパンの上でバターが溶けるジュワッとした音」とかけて、「悲しい話を聞いて涙ぐむ人」と解く。その心は「どちらも『にじむ』でしょう。」,
,フレーズ・慣用句型,フライパンの上でバターが溶けるジュワッとした音,熱が加えられ、固体から液体へ変化し始める最初の瞬間とその音。,しょっぱな,しょっぱな（溶け始める『しょっぱな』の音）,しょっぱな（物事の『初っ端』や『しょっぱなが肝心』という慣用句）,大事な会議での最初の挨拶,「フライパンの上でバターが溶けるジュワッとした音」とかけて、「大事な会議での最初の挨拶」と解く。その心は「どちらも『しょっぱな』が肝心でしょう。」,
,フレーズ・慣用句型,フライパンの上でバターが溶けるジュワッとした音,熱によって固体としての形を完全に失い、液体と化していく状態。,めんぼくまるつぶれ,面目丸潰れ（固体としてのバターの『面目』が『丸潰れ』になっていく）,面目丸潰れ（失敗や不祥事で『面目丸潰れ』になること）,重大なミスを犯して信用を失った政治家,「フライパンの上でバターが溶けるジュワッとした音」とかけて、「重大なミスを犯して信用を失った政治家」と解く。その心は「どちらも『面目丸潰れ』でしょう。」,
,完全な同音異義語型,酵母が呼吸してプクプクと泡立つパン生地,酵母が活動して発酵する,はっこう,発酵 (微生物の働きで物質が変化すること),発行 (書籍や紙幣などを世に出すこと),新しい本を世に出す出版社,酵母が呼吸してプクプクと泡立つパン生地とかけて、新しい本を世に出す出版社と解く。その心は「どちらも発行（発酵）する」でしょう。,
,完全な同音異義語型,酵母が呼吸してプクプクと泡立つパン生地,酵母の活動によりガスが発生する,はっせい,発生 (物事が起こり、生じること),発声 (声を出して音にすること),合唱団の歌手,酵母が呼吸してプクプクと泡立つパン生地とかけて、合唱団の歌手と解く。その心は「どちらも発生（発声）する」でしょう。,
,多義語型,酵母が呼吸してプクプクと泡立つパン生地,体積が増して大きくなる,ふくらむ,膨らむ (生地が発酵して体積が増大する),膨らむ (期待や夢が大きくなる、財布の現金が増える),宝くじに当たった人の財布,酵母が呼吸してプクプクと泡立つパン生地とかけて、宝くじに当たった人の財布と解く。その心は「どちらも膨らむ」でしょう。,
,多義語型,酵母が呼吸してプクプクと泡立つパン生地,酵母が活発に活動し、生命力に満ちている,かっきがある,活気がある (酵母の働きで生命力や勢いが感じられる状態),活気がある (人々で賑わい、元気な様子),朝市の立つ漁港,酵母が呼吸してプクプクと泡立つパン生地とかけて、朝市の立つ漁港と解く。その心は「どちらも活気がある」でしょう。,
,フレーズ・慣用句型,酵母が呼吸してプクプクと泡立つパン生地,発酵により軽くなり、体積が上に持ち上がる,うきあがる,浮き上がる (発酵で軽くなり、物理的に上に持ち上がる),浮き上がる (悪い状況や貧困から抜け出し、良い状態になる),長年の借金生活から抜け出した人,酵母が呼吸してプクプクと泡立つパン生地とかけて、長年の借金生活から抜け出した人と解く。その心は「どちらも浮き上がる」でしょう。,
,フレーズ・慣用句型,酵母が呼吸してプクプクと泡立つパン生地,発酵により、柔らかくしなやかな弾性が増す,だんりょくがある,弾力がある (物理的に押しても元に戻るしなやかさ),弾力がある (経済の回復力や、思考の柔軟性),不況から立ち直る経済,酵母が呼吸してプクプクと泡立つパン生地とかけて、不況から立ち直る経済と解く。その心は「どちらも弾力がある」でしょう。,
,完全な同音異義語型,冷水に浸してキュッと身が締まる刺身,冷水で身が締まり、弾力が増す,しまる,締まる（身が締まる）,閉まる（店が閉まる）,デパートの閉店時間,冷水に浸してキュッと身が締まる刺身とかけて、デパートの閉店時間と解く。その心は「どちらも『しまる』でしょう。」,
,完全な同音異義語型,冷水に浸してキュッと身が締まる刺身,冷水で身の状態を整える,ととのえる,整える（身の状態を整える）,調える（食事を調える）,来客のための食事準備をする人,冷水に浸してキュッと身が締まる刺身とかけて、来客のための食事準備をする人と解く。その心は「どちらも『ととのえる』でしょう。」,
,多義語型,冷水に浸してキュッと身が締まる刺身,冷水で身が締まる、状態が良くなる,しまる,締まる（身が締まる）,締まる（財布の紐が締まる、気が締まる）,節約家,冷水に浸してキュッと身が締まる刺身とかけて、節約家と解く。その心は「どちらも『しまる』でしょう。」,
,多義語型,冷水に浸してキュッと身が締まる刺身,冷水で身が引き締まり、新鮮さが保たれる,ひきしめる,引き締める（身を引き締める）,引き締める（気を引き締める、表情を引き締める）,大事なプレゼンテーションに臨む営業マン,冷水に浸してキュッと身が締まる刺身とかけて、大事なプレゼンテーションに臨む営業マンと解く。その心は「どちらも『ひきしめる』でしょう。」,
,フレーズ・慣用句型,冷水に浸してキュッと身が締まる刺身,冷水で身が引き締まり、シャープになる,きりっとする,きりっとする（身が引き締まり状態が良い）,きりっとする（表情や姿勢がきりっとする）,新入社員研修を受ける人,冷水に浸してキュッと身が締まる刺身とかけて、新入社員研修を受ける人と解く。その心は「どちらも『きりっとする』でしょう。」,
,フレーズ・慣用句型,冷水に浸してキュッと身が締まる刺身,冷水で身が引き締まり、しっかりとした弾力が出る,こしがでる,腰が出る（弾力が出る、歯ごたえが出る）,腰が出る（やる気が出る、根気強く取り組む）,新しい趣味に打ち込み始めた人,冷水に浸してキュッと身が締まる刺身とかけて、新しい趣味に打ち込み始めた人と解く。その心は「どちらも『こしがでる』でしょう。」,
,多義語型,湿気でシナシナになったポテトチップス,パリパリ感がなく、弱々しくなった状態,はりがない,張りがない（食感が悪く、ぐにゃぐにゃになった様子）,張りがない（元気や活気がない様子）,風邪を引いて寝込んでいる人,湿気でシナシナになったポテトチップスとかけて、風邪を引いて寝込んでいる人と解く。その心は「どちらも『張りがない』でしょう。」,
,フレーズ・慣用句型,湿気でシナシナになったポテトチップス,食感が悪化し、食べ物として不快な状態,くちにあわない,口に合わない（食感が悪く、美味しくない）,口に合わない（自分の意見や好みに合わない）,会社の方向性について意見が合わない会議,湿気でシナシナになったポテトチップスとかけて、会社の方向性について意見が合わない会議と解く。その心は「どちらも『口に合わない』でしょう。」,
,完全な同音異義語型,湿気でシナシナになったポテトチップス,本来の新鮮さや状態が失われた様子,しなびる,萎びる（水分を吸って張りがなくなり、みずみずしさを失う）,品びる（品位や品格が落ちる）,急に大金を手にした成り上がりの人,湿気でシナシナになったポテトチップスとかけて、急に大金を手にした成り上がりの人と解く。その心は「どちらも『しなびる』でしょう。」,
,多義語型,湿気でシナシナになったポテトチップス,食べ物としての価値が失われる,だめになる,だめになる（食感が悪化して食べられなくなる）,だめになる（計画や努力が無駄に終わる）,努力も虚しく失敗に終わったプロジェクト,湿気でシナシナになったポテトチップスとかけて、努力も虚しく失敗に終わったプロジェクトと解く。その心は「どちらも『だめになる』でしょう。」,
,フレーズ・慣用句型,湿気でシナシナになったポテトチップス,特徴的なパリパリ感が失われること,もちあじがなくなる,持ち味がなくなる（チップス特有の食感が失われる）,持ち味がなくなる（個性や長所が失われる）,厳しすぎる指導で伸び悩む若手芸人,湿気でシナシナになったポテトチップスとかけて、厳しすぎる指導で伸び悩む若手芸人と解く。その心は「どちらも『持ち味がなくなる』でしょう。」,
,完全な同音異義語型,湿気でシナシナになったポテトチップス,水分を吸収する機能,すう,吸う（水分を吸い込む）,棲う（動物が住処とする）,山奥でひっそりと暮らす動物,湿気でシナシナになったポテトチップスとかけて、山奥でひっそりと暮らす動物と解く。その心は「どちらも『すう（吸う／棲う）』でしょう。」,
,完全な同音異義語型,まぶしいほど真っ赤に熟したトマト,適切な時期に成熟した状態,じゅくした,熟した,塾した,夏休みに猛勉強した学生,「まぶしいほど真っ赤に熟したトマト」とかけて、「夏休みに猛勉強した学生」と解く。その心は『どちらも「塾した」でしょう。』,
,完全な同音異義語型,まぶしいほど真っ赤に熟したトマト,太陽の恵みをたっぷり受けて育つ,たいよう,太陽,大洋,世界の海を航海する船乗り,「まぶしいほど真っ赤に熟したトマト」とかけて、「世界の海を航海する船乗り」と解く。その心は『どちらも「太陽」でしょう。』,
,多義語型,まぶしいほど真っ赤に熟したトマト,完熟した鮮やかな赤色,まっか,真っ赤,真価,困難な状況でこそ能力を発揮する人物,「まぶしいほど真っ赤に熟したトマト」とかけて、「困難な状況でこそ能力を発揮する人物」と解く。その心は『どちらも「真っ赤（真価）」を見せるでしょう。』,
,多義語型,まぶしいほど真っ赤に熟したトマト,形が丸い、角がない,まるい,丸い,丸い（穏やかな人柄）,誰とでもうまくやれる穏やかな性格の人,「まぶしいほど真っ赤に熟したトマト」とかけて、「誰とでもうまくやれる穏やかな性格の人」と解く。その心は『どちらも「丸い」でしょう。』,
,フレーズ・慣用句型,まぶしいほど真っ赤に熟したトマト,実がぎっしりと詰まっている,つまって,実が詰まって,予定が詰まって,人気のアイドル,「まぶしいほど真っ赤に熟したトマト」とかけて、「人気のアイドル」と解く。その心は『どちらも「詰まって」いるでしょう。』,
,フレーズ・慣用句型,まぶしいほど真っ赤に熟したトマト,収穫の時期を迎えている,しゅうかく,収穫,集客,賑わっている人気店,「まぶしいほど真っ赤に熟したトマト」とかけて、「賑わっている人気店」と解く。その心は『どちらも「収穫（集客）」に成功しているでしょう。』,
,多義語型,ツンと酸っぱい匂いを放つ酢酸発酵,酸っぱい匂いを放つ、独特の香りを生み出す,かおる,香る（酸っぱい匂いが香る）,香る（良い香りが漂う）,咲き誇る花,「ツンと酸っぱい匂いを放つ酢酸発酵」とかけて、「咲き誇る花」と解く。その心は「どちらも『香る』でしょう。」,
,フレーズ・慣用句型,ツンと酸っぱい匂いを放つ酢酸発酵,刺激的な匂いが鼻に強くくる,はなにつく,鼻に付く（匂いが鼻に残る）,鼻に付く（言動がしつこく、嫌に感じる）,周りから浮いている新人社員,「ツンと酸っぱい匂いを放つ酢酸発酵」とかけて、「周りから浮いている新人社員」と解く。その心は「どちらも『鼻に付く』でしょう。」,
,完全な同音異義語型,ツンと酸っぱい匂いを放つ酢酸発酵,酸味があること、酸の味覚,さんみ,酸味,賛美,偉大な功績を上げた人物,「ツンと酸っぱい匂いを放つ酢酸発酵」とかけて、「偉大な功績を上げた人物」と解く。その心は「どちらも『さんみ（酸味/賛美）』があるでしょう。」,
,多義語型,ツンと酸っぱい匂いを放つ酢酸発酵,微生物の働きにより状態が変化する,へんか,変化（発酵により物質が変化する）,変化（野球で球種を変化させる）,バッターを翻弄するピッチャー,「ツンと酸っぱい匂いを放つ酢酸発酵」とかけて、「バッターを翻弄するピッチャー」と解く。その心は「どちらも『変化』があるでしょう。」,
,フレーズ・慣用句型,ツンと酸っぱい匂いを放つ酢酸発酵,強い匂いが鼻腔を刺激する,はなをつく,鼻を突く（強い匂いが鼻を刺激する）,鼻を突く（他人の秘密や弱点を暴く）,他人の秘密を詮索する記者,「ツンと酸っぱい匂いを放つ酢酸発酵」とかけて、「他人の秘密を詮索する記者」と解く。その心は「どちらも『鼻を突く』でしょう。」,
,完全な同音異義語型,ツンと酸っぱい匂いを放つ酢酸発酵,微生物が酢酸を作り出す,つくる,作る（酢酸を作る、生成する）,造る（物を組み立てて完成させる）,船大工,「ツンと酸っぱい匂いを放つ酢酸発酵」とかけて、「船大工」と解く。その心は「どちらも『つくる（作る/造る）』でしょう。」,
,完全な同音異義語型,殻を破って中身がドロリとこぼれる生卵,黄身の膜が「切れる」,きれる,切れる（黄身の膜が切れる）,切れる（機嫌が切れる、怒る）,怒りっぽい人,殻を破って中身がドロリとこぼれる生卵とかけて、怒りっぽい人と解く。その心は「どちらも『切れる』でしょう」。,
,多義語型,殻を破って中身がドロリとこぼれる生卵,殻が「割れる」,われる,割れる（殻が物理的に割れる）,割れる（票が割れる、意見が分かれる）,選挙戦の情勢,殻を破って中身がドロリとこぼれる生卵とかけて、選挙戦の情勢と解く。その心は「どちらも『割れる』でしょう」。,
,フレーズ・慣用句型,殻を破って中身がドロリとこぼれる生卵,中身が「固まらない」,かたまらない,固まらない（中身が液状で固まっていない）,固まらない（態度や方針がはっきり決まらない）,優柔不断な人,殻を破って中身がドロリとこぼれる生卵とかけて、優柔不断な人と解く。その心は「どちらも『固まらない』でしょう」。,
,完全な同音異義語型,殻を破って中身がドロリとこぼれる生卵,殻から中身が「出る」,でる,出る（殻から中身が出る）,出る（新聞や雑誌に記事が載る）,スクープ記事,殻を破って中身がドロリとこぼれる生卵とかけて、スクープ記事と解く。その心は「どちらも『出る』でしょう」。,
,多義語型,殻を破って中身がドロリとこぼれる生卵,中身が「流れる」,ながれる,流れる（液体として流れていく）,流れる（予定や計画が中止になる）,延期になったイベント,殻を破って中身がドロリとこぼれる生卵とかけて、延期になったイベントと解く。その心は「どちらも『流れる』でしょう」。,
,フレーズ・慣用句型,殻を破って中身がドロリとこぼれる生卵,元の「形をなくす」,かたちをなくす,形をなくす（物理的な丸い形を失う）,形をなくす（体裁や面目を失う）,不祥事を起こして謝罪する人,殻を破って中身がドロリとこぼれる生卵とかけて、不祥事を起こして謝罪する人と解く。その心は「どちらも『形をなくす』でしょう」。,
,完全な同音異義語型,肉の脂が溶け出して滴り落ちる肉汁,液体が連続して流れ落ちる様、声がなめらかでない様,したたる,滴る,舌足らず,幼い子供の話し方,肉の脂が溶け出して滴り落ちる肉汁とかけて、幼い子供の話し方と解く。その心は「どちらも『したたる』でしょう。」,
,完全な同音異義語型,肉の脂が溶け出して滴り落ちる肉汁,熱で個体が液体に変わる、問題が解決する,とける,溶ける,解ける,複雑な謎や難問,肉の脂が溶け出して滴り落ちる肉汁とかけて、複雑な謎や難問と解く。その心は「どちらも『溶ける（解ける）』でしょう。」,
,多義語型,肉の脂が溶け出して滴り落ちる肉汁,液体が下に落ちる、重みで下向きになる,たれる,垂れる,垂れる,豊かな実りをつけた稲穂,肉の脂が溶け出して滴り落ちる肉汁とかけて、豊かな実りをつけた稲穂と解く。その心は「どちらも『垂れる』でしょう。」,
,多義語型,肉の脂が溶け出して滴り落ちる肉汁,料理を完璧な状態にする、仕事を完成させる,しあげる,仕上げる,仕上げる,プロの職人による完璧な仕事,肉の脂が溶け出して滴り落ちる肉汁とかけて、プロの職人による完璧な仕事と解く。その心は「どちらも『仕上げる』でしょう。」,
,フレーズ・慣用句型,肉の脂が溶け出して滴り落ちる肉汁,肉から旨味が染み出すような美味しさ、食材に味が深く浸透する,あじがしみる,味が染みる,味が染みる,大鍋でじっくり煮込んだおでん,肉の脂が溶け出して滴り落ちる肉汁とかけて、大鍋でじっくり煮込んだおでんと解く。その心は「どちらも『味が染みる』でしょう。」,
,フレーズ・慣用句型,肉の脂が溶け出して滴り落ちる肉汁,液体が皿に集まる、精神的・物理的なものが蓄積する,たまる,溜まる,溜まる,現代社会で生きる人々のストレス,肉の脂が溶け出して滴り落ちる肉汁とかけて、現代社会で生きる人々のストレスと解く。その心は「どちらも『溜まる』でしょう。」,
,多義語型,喉が渇くほど塩分を吹いた梅干し,塩分が表面に結晶として現れている状態。,しおをふく,塩を吹く,潮を吹く,大海原を悠然と泳ぐクジラ,「喉が渇くほど塩分を吹いた梅干し」とかけて、「大海原を悠然と泳ぐクジラ」と解く。その心は「どちらも『潮を吹く』でしょう。」,
,フレーズ・慣用句型,喉が渇くほど塩分を吹いた梅干し,非常にしわくちゃである。,しわがよる,シワが寄る,シワが寄る（心配事で額に）,会社の経費計算に頭を抱える経理担当者,「喉が渇くほど塩分を吹いた梅干し」とかけて、「会社の経費計算に頭を抱える経理担当者」と解く。その心は「どちらも『シワが寄る』でしょう。」,
,完全な同音異義語型,喉が渇くほど塩分を吹いた梅干し,塩分が多く、非常に味が濃い。,あじがこい,味が濃い,愛が濃い,結婚したばかりのラブラブな新婚夫婦,「喉が渇くほど塩分を吹いた梅干し」とかけて、「結婚したばかりのラブラブな新婚夫婦」と解く。その心は「どちらも『愛が濃い（味が濃い）』でしょう。」,
,多義語型,喉が渇くほど塩分を吹いた梅干し,塩分が表面に析出している状態。,ふいている,塩が吹いている,笛を吹いている,オーケストラのフルート奏者,「喉が渇くほど塩分を吹いた梅干し」とかけて、「オーケストラのフルート奏者」と解く。その心は「どちらも『吹いている』でしょう。」,
,フレーズ・慣用句型,喉が渇くほど塩分を吹いた梅干し,食べた人が強烈な塩味に顔をしかめる。,しょっぱいかおになる,しょっぱい顔になる,しょっぱい顔になる（残念な結果で）,努力が実らず不合格通知を受け取った受験生,「喉が渇くほど塩分を吹いた梅干し」とかけて、「努力が実らず不合格通知を受け取った受験生」と解く。その心は「どちらも『しょっぱい顔になる』でしょう。」,
,完全な同音異義語型,喉が渇くほど塩分を吹いた梅干し,天日で「干された」結果、塩分が凝縮している。,ほされた,干された,疎された,会社で全く発言権のない冷遇された社員,「喉が渇くほど塩分を吹いた梅干し」とかけて、「会社で全く発言権のない冷遇された社員」と解く。その心は「どちらも『干された』でしょう。」,
,完全な同音異義語型,秋に実る稲穂の収穫,稲穂が豊かに実り、多く集まること,ほうさく,豊作,宝作,人気の漫画家,「秋に実る稲穂の収穫」とかけて、「人気の漫画家」と解く。その心は『どちらも豊作（宝作）でしょう。』,
,完全な同音異義語型,秋に実る稲穂の収穫,稲を根元から切り取ること,かりあげ,刈り上げ,刈り上げ,理髪店,「秋に実る稲穂の収穫」とかけて、「理髪店」と解く。その心は『どちらも刈り上げでしょう。』,
,多義語型,秋に実る稲穂の収穫,稲穂が重みで頭を低くすること,こうべをたれる,こうべを垂れる,こうべを垂れる,謝罪する人,「秋に実る稲穂の収穫」とかけて、「謝罪する人」と解く。その心は『どちらもこうべを垂れるでしょう。』,
,多義語型,秋に実る稲穂の収穫,収穫した稲の中から良いものとそうでないものを選び分けること,よりわける,選り分ける,選り分ける,クラス替えの後の生徒たち,「秋に実る稲穂の収穫」とかけて、「クラス替えの後の生徒たち」と解く。その心は『どちらも選り分けるでしょう。』,
,フレーズ・慣用句型,秋に実る稲穂の収穫,収穫作業に忙殺され、手が足りない状態,てがまわらない,手が回らない,手が回らない,締め切りに追われるライター,「秋に実る稲穂の収穫」とかけて、「締め切りに追われるライター」と解く。その心は『どちらも手が回らないでしょう。』,
,フレーズ・慣用句型,秋に実る稲穂の収穫,収穫した稲が積み重なって大きな塊になること,やまをきづく,山を築く,山を築く,成功した実業家,「秋に実る稲穂の収穫」とかけて、「成功した実業家」と解く。その心は『どちらも山を築くでしょう。』,
,完全な同音異義語型,海水を蒸発させて作る塩の結晶化,塩の粒が集合して固まる,かたまる,固まる,固まる,人の決意,海水を蒸発させて作る塩の結晶化とかけて、人の決意と解く。その心は「どちらも『かたまる』でしょう。」,
,完全な同音異義語型,海水を蒸発させて作る塩の結晶化,塩の層が積み重なる,つもる,積もる,積もる,人の経験,海水を蒸発させて作る塩の結晶化とかけて、人の経験と解く。その心は「どちらも『つもる』でしょう。」,
,多義語型,海水を蒸発させて作る塩の結晶化,水分が無くなる,かわく,乾く,渇く,砂漠を旅する人の喉,海水を蒸発させて作る塩の結晶化とかけて、砂漠を旅する人の喉と解く。その心は「どちらも『かわく』でしょう。」,
,多義語型,海水を蒸発させて作る塩の結晶化,結晶が光を受けて輝く,きらめく,きらめく,きらめく,才能あふれる人の目,海水を蒸発させて作る塩の結晶化とかけて、才能あふれる人の目と解く。その心は「どちらも『きらめく』でしょう。」,
,フレーズ・慣用句型,海水を蒸発させて作る塩の結晶化,最終的に目に見える形となる,かたちになる,形になる,形になる,長年の研究成果,海水を蒸発させて作る塩の結晶化とかけて、長年の研究成果と解く。その心は「どちらも『形になる』でしょう。」,
,フレーズ・慣用句型,海水を蒸発させて作る塩の結晶化,塩分が凝縮されて結晶になる,けっしょうとなる,結晶となる,結晶となる,多くの人の努力,海水を蒸発させて作る塩の結晶化とかけて、多くの人の努力と解く。その心は「どちらも『結晶となる』でしょう。」,
,多義語型,微生物がタンパク質を分解する熟成,固いものが柔らかくなる,やわらかくなる,柔らかくなる (物理的な硬さがなくなる),厳しかった人が優しくなる,頑固だった人が年を取って丸くなる様子,「微生物がタンパク質を分解する熟成」とかけて、「頑固だった人が年を取って丸くなる様子」と解く。その心は「どちらも『柔らかくなる』でしょう。」,
,完全な同音異義語型,微生物がタンパク質を分解する熟成,味や風味が豊かになる,ふかまる,深まる (味が),深まる (関係性が),恋人同士の絆,「微生物がタンパク質を分解する熟成」とかけて、「恋人同士の絆」と解く。その心は「どちらも『深まる』でしょう。」,
,フレーズ・慣用句型,微生物がタンパク質を分解する熟成,タンパク質の組織が分解される,とける,溶ける (組織が),溶ける (空気が),緊張した場面で空気が和む様子,「微生物がタンパク質を分解する熟成」とかけて、「緊張した場面で空気が和む様子」と解く。その心は「どちらも『溶ける』でしょう。」,
,多義語型,微生物がタンパク質を分解する熟成,時間の経過が重要,けいか,経過 (時間の),経過 (病状の),体調を崩した人の病状,「微生物がタンパク質を分解する熟成」とかけて、「体調を崩した人の病状」と解く。その心は「どちらも『経過が気になる』でしょう。」,
,完全な同音異義語型,微生物がタンパク質を分解する熟成,旨味が引き出される,うまみ,旨味 (味覚),旨味 (物事のおもしろさ),ベテランの落語家の話術,「微生物がタンパク質を分解する熟成」とかけて、「ベテランの落語家の話術」と解く。その心は「どちらも『旨味がある』でしょう。」,
,フレーズ・慣用句型,微生物がタンパク質を分解する熟成,微生物によって間接的に加工される,てがくわえられる,手が加えられる (微生物の働きで),手が加えられる (人間が修正する),古い企画書の見直し,「微生物がタンパク質を分解する熟成」とかけて、「古い企画書の見直し」と解く。その心は「どちらも『手が加えられる』でしょう。」,
,多義語型,牛乳に乳酸菌が働いて固まるヨーグルト化,液状のものが凝固する,かたまる,固まる（液体が固体に変化する）,固まる（意思や決意が定まる）,結婚を決意した二人,牛乳に乳酸菌が働いて固まるヨーグルト化とかけて、結婚を決意した二人と解く。その心は『どちらも【固まる】』でしょう。,
,フレーズ・慣用句型,牛乳に乳酸菌が働いて固まるヨーグルト化,微生物が作用して状態が変わる,きんがはたらく,菌が働く（微生物が作用する）,気が働く（機転が利く、配慮が行き届く）,いつも機転が利くアシスタント,牛乳に乳酸菌が働いて固まるヨーグルト化とかけて、いつも機転が利くアシスタントと解く。その心は『どちらも【菌が働く/気が働く】』でしょう。,
,完全な同音異義語型,牛乳に乳酸菌が働いて固まるヨーグルト化,発酵によって酸味が生じる,すっぱい,酸っぱい（味覚として酸味がある）,素早い（動作が機敏である）,獲物を捕らえるチーター,牛乳に乳酸菌が働いて固まるヨーグルト化とかけて、獲物を捕らえるチーターと解く。その心は『どちらも【酸っぱい/素早い】』でしょう。,
,完全な同音異義語型,牛乳に乳酸菌が働いて固まるヨーグルト化,微生物の作用で有機物が変化する,はっこう,発酵（微生物が作用して性質を変えること）,発行（出版物などを世に出すこと）,年に一度しか出ない学術誌,牛乳に乳酸菌が働いて固まるヨーグルト化とかけて、年に一度しか出ない学術誌と解く。その心は『どちらも【発酵/発行】』でしょう。,
,多義語型,牛乳に乳酸菌が働いて固まるヨーグルト化,材料を準備して加工を始めること,しこみ,仕込み（材料の調合や発酵準備）,仕込み（将来のための準備や訓練）,厳しい訓練を受けている新人パイロット,牛乳に乳酸菌が働いて固まるヨーグルト化とかけて、厳しい訓練を受けている新人パイロットと解く。その心は『どちらも【仕込み】』でしょう。,
,フレーズ・慣用句型,牛乳に乳酸菌が働いて固まるヨーグルト化,菌が活発に活動している状態,いきている,生きている（乳酸菌が活動可能な状態）,生きている（知識や経験が活用されている）,過去の失敗を教訓にしている経営者,牛乳に乳酸菌が働いて固まるヨーグルト化とかけて、過去の失敗を教訓にしている経営者と解く。その心は『どちらも【生きている】』でしょう。,
,完全な同音異義語型,野菜の水分が抜けていく浸透圧,水分が抜けて野菜がしぼむ,しぼむ,萎む（野菜が萎む）,萎む（夢や期待が萎む）,受験に失敗した学生,野菜の水分が抜けていく浸透圧とかけて、受験に失敗した学生と解く。その心は『どちらも【しぼむ】でしょう。』,
,多義語型,野菜の水分が抜けていく浸透圧,野菜から水分が抜けて、かさが減る,ぬける,抜ける（水分が抜ける）,抜ける（気が抜ける）,大仕事を終えたビジネスマン,野菜の水分が抜けていく浸透圧とかけて、大仕事を終えたビジネスマンと解く。その心は『どちらも【抜ける】でしょう。』,
,フレーズ・慣用句型,野菜の水分が抜けていく浸透圧,水分が抜けて野菜が細く、小さくなる,みをほそめる,身を細める（水分を失い身が縮む）,身を細める（苦労してひっそり暮らす）,世間から身を隠す犯罪者,野菜の水分が抜けていく浸透圧とかけて、世間から身を隠す犯罪者と解く。その心は『どちらも【身を細める】でしょう。』,
,完全な同音異義語型,野菜の水分が抜けていく浸透圧,野菜から水分が失われる,だっすい,脱水（野菜の脱水）,脱水（体の脱水症状）,真夏の屋外で働く人,野菜の水分が抜けていく浸透圧とかけて、真夏の屋外で働く人と解く。その心は『どちらも【脱水】でしょう。』,
,多義語型,野菜の水分が抜けていく浸透圧,水分が減り、干からびていく,ひあがる,干上がる（野菜が干上がる）,干上がる（仕事や収入が干上がる）,景気が悪くて職を失った人,野菜の水分が抜けていく浸透圧とかけて、景気が悪くて職を失った人と解く。その心は『どちらも【干上がる】でしょう。』,
,フレーズ・慣用句型,野菜の水分が抜けていく浸透圧,水分が抜けて組織が凝縮し、引き締まる,みがひきしまる,身が引き締まる（野菜の組織が引き締まる）,身が引き締まる（緊張や感動で心が引き締まる）,表彰台に上がるアスリート,野菜の水分が抜けていく浸透圧とかけて、表彰台に上がるアスリートと解く。その心は『どちらも【身が引き締まる】でしょう。』,
,完全な同音異義語型,肉に火が通って色が変わるメイラード反応,加熱によって肉の表面に色がつき、香りや風味が増す,いろどる,彩る（肉が焼き色で色づく）,彩る（絵を描いたり飾り付けをしたりして華やかにする）,画家,肉に火が通って色が変わるメイラード反応とかけて、画家と解く。その心は『どちらも「いろどる（彩る）」でしょう。』,
,完全な同音異義語型,肉に火が通って色が変わるメイラード反応,加熱によって調理が完成する,かんせい,完成（調理が終わりに近づく）,感性（物事を深く感じ取る力）,芸術家,肉に火が通って色が変わるメイラード反応とかけて、芸術家と解く。その心は『どちらも「かんせい（完成/感性）」でしょう。』,
,多義語型,肉に火が通って色が変わるメイラード反応,加熱によって肉の旨味や香ばしさが増す,あじがでる,味が出る（肉本来の旨味が引き出される）,味が出る（経験を積んで人柄に深みが増す）,ベテランの職人,肉に火が通って色が変わるメイラード反応とかけて、ベテランの職人と解く。その心は『どちらも「味が出る」でしょう。』,
,多義語型,肉に火が通って色が変わるメイラード反応,加熱によって肉の表面に焼き色がつく、焦げ付く,こげる,焦げる（肉の表面に焼き色がつく、または炭化する）,焦げる（期待や心配で心が落ち着かず、そわそわする）,試験の結果を待つ受験生,肉に火が通って色が変わるメイラード反応とかけて、試験の結果を待つ受験生と解く。その心は『どちらも「焦げる」でしょう。』,
,フレーズ・慣用句型,肉に火が通って色が変わるメイラード反応,肉を美味しくするために加熱という工夫を施す,ひとてまかける,ひと手間かける（調理に工夫を凝らす）,ひと手間かける（相手のために気遣いや工夫をする）,おもてなし上手な人,肉に火が通って色が変わるメイラード反応とかけて、おもてなし上手な人と解く。その心は『どちらも「ひと手間かける」でしょう。』,
,フレーズ・慣用句型,肉に火が通って色が変わるメイラード反応,加熱によって香ばしい匂いが立ち上る,かおりがたつ,香りが立つ（加熱で香ばしい匂いが広がる）,香りが立つ（良い評判や名声が世間に広まる）,名声を博した学者,肉に火が通って色が変わるメイラード反応とかけて、名声を博した学者と解く。その心は『どちらも「香りが立つ」でしょう。』,
,完全な同音異義語型,春に芽吹く山菜の成長,地中から茎や葉が伸び始める,せいちょう,生長（植物が育つこと）,成長（人や組織が大きくなること）,子どもの育ち盛り,春に芽吹く山菜の成長とかけて、子どもの育ち盛りと解く。その心は「どちらも『せいちょう』でしょう。」,
,完全な同音異義語型,春に芽吹く山菜の成長,地面から新しい芽が出てくる様子,きざし,兆し（春の訪れの兆し、芽吹きの兆し）,徴（症状の徴、しるし）,風邪をひき始めるとき,春に芽吹く山菜の成長とかけて、風邪をひき始めるときと解く。その心は「どちらも『きざし』でしょう。」,
,多義語型,春に芽吹く山菜の成長,地面から顔を出し、姿を現す,かおをだす,顔を出す（地面から姿を現す）,顔を出す（集まりに参加する、出席する）,久しぶりに同窓会に参加する人,春に芽吹く山菜の成長とかけて、久しぶりに同窓会に参加する人と解く。その心は「どちらも『顔を出す』でしょう。」,
,多義語型,春に芽吹く山菜の成長,勢いよく伸び、生命力がある,いきおいがある,勢いがある（成長の勢い）,勢いがある（ビジネスでの躍進）,飛ぶ鳥を落とす勢いのベンチャー企業,春に芽吹く山菜の成長とかけて、飛ぶ鳥を落とす勢いのベンチャー企業と解く。その心は「どちらも『勢いがある』でしょう。」,
,フレーズ・慣用句型,春に芽吹く山菜の成長,適切な時期に現れ、食べ頃になる,しゅんをむかえる,旬を迎える（山菜が食べ頃になる）,旬を迎える（人生において最高の時期になる）,絶好調で大活躍中のスポーツ選手,春に芽吹く山菜の成長とかけて、絶好調で大活躍中のスポーツ選手と解く。その心は「どちらも『旬を迎える』でしょう。」,
,フレーズ・慣用句型,春に芽吹く山菜の成長,新しい芽が出てくる、何かが始まる,めをだす,芽を出す（植物が発芽する）,芽を出す（新しい才能や事業が始まる）,若手クリエイターの才能,春に芽吹く山菜の成長とかけて、若手クリエイターの才能と解く。その心は「どちらも『芽を出す』でしょう。」,
,多義語型,果実がエチレンガスを出して柔らかくなる追熟,物理的に硬さがなくなり、食べごろになる状態,やわらかくなる,柔らかくなる,柔らかくなる,頑なな態度や意見が軟化する状況,果実がエチレンガスを出して柔らかくなる追熟とかけて、頑固だった人の態度と解く。その心は『どちらも「柔らかくなる」でしょう。』,
,多義語型,果実がエチレンガスを出して柔らかくなる追熟,十分に成長し、食べごろの状態になること,じゅくす,熟す,熟す,長年の経験を積んで技術や知識が円熟すること,果実がエチレンガスを出して柔らかくなる追熟とかけて、長年の経験を積んだ職人と解く。その心は『どちらも「熟す」でしょう。』,
,フレーズ・慣用句型,果実がエチレンガスを出して柔らかくなる追熟,特定の時期が来るのを待つことで、良い状態になること,ときがたつのをまつ,時が経つのを待つ,時が経つのを待つ,好機を逃さずに物事を進めるために、状況を見極める経営者,果実がエチレンガスを出して柔らかくなる追熟とかけて、ビジネスで好機を伺う経営者と解く。その心は『どちらも「時が経つのを待つ」でしょう。』,
,フレーズ・慣用句型,果実がエチレンガスを出して柔らかくなる追熟,外部からの力ではなく、内部の作用によって良い変化が起こること,なかからへんかをおこす,中から変化を起こす,中から変化を起こす,外部要因ではなく、組織自身の力で変革を進めるリーダー,果実がエチレンガスを出して柔らかくなる追熟とかけて、組織の風土改革を進めるリーダーと解く。その心は『どちらも「中から変化を起こす」でしょう。』,
,完全な同音異義語型,果実がエチレンガスを出して柔らかくなる追熟,食べると美味しく感じられる状態になること,うまい,旨い,上手い,練習を重ねて技術が向上したスポーツ選手,果実がエチレンガスを出して柔らかくなる追熟とかけて、練習を重ねて技術が向上したスポーツ選手と解く。その心は『どちらも「うまい（旨い／上手い）」でしょう。』,
,完全な同音異義語型,果実がエチレンガスを出して柔らかくなる追熟,甘さの度合いや風味が豊かになること,かんみ,甘味,官民,国や地方公共団体と民間企業が協力して取り組む事業,果実がエチレンガスを出して柔らかくなる追熟とかけて、国と民間企業が協力するプロジェクトと解く。その心は『どちらも「かんみ（甘味／官民）」でしょう。』,
,完全な同音異義語型,お茶の葉が酸化して赤くなる発酵作用,葉が赤く変化して完成する製品,こうちゃ,紅茶（こうちゃ）,後者（こうしゃ）,二つの選択肢から、後の方を選ぶ状況,「お茶の葉が酸化して赤くなる発酵作用」とかけて、「二つの選択肢から、後の方を選ぶ状況」と解く。その心は「どちらも『こうちゃ』でしょう。」,
,完全な同音異義語型,お茶の葉が酸化して赤くなる発酵作用,葉の色が『赤』くなる現象,あか,赤（あか）,垢（あか）,お風呂で体から出る汚れ,「お茶の葉が酸化して赤くなる発酵作用」とかけて、「お風呂で体から出る汚れ」と解く。その心は「どちらも『あか』でしょう。」,
,多義語型,お茶の葉が酸化して赤くなる発酵作用,葉に特定の『色』が発現する,いろがつく,色が付く（葉が赤く色づく）,色が付く（特定の相手と恋愛関係になる、不名誉な評判が立つ）,熱愛報道で世間を騒がせた有名人,「お茶の葉が酸化して赤くなる発酵作用」とかけて、「熱愛報道で世間を騒がせた有名人」と解く。その心は「どちらも『色がつく』でしょう。」,
,多義語型,お茶の葉が酸化して赤くなる発酵作用,発酵のプロセスが『進む』,すすむ,進む（発酵が進行する）,進む（学業や仕事がはかどる）,新しい課題に意欲的に取り組む研究者,「お茶の葉が酸化して赤くなる発酵作用」とかけて、「新しい課題に意欲的に取り組む研究者」と解く。その心は「どちらも『進む』でしょう。」,
,フレーズ・慣用句型,お茶の葉が酸化して赤くなる発酵作用,酵母や酵素が活発に活動する,はたらく,働く（発酵菌が有機物を分解・生成する作用）,働く（職業について労働する、体が活動する）,毎日残業してプロジェクトを成功させた社員,「お茶の葉が酸化して赤くなる発酵作用」とかけて、「毎日残業してプロジェクトを成功させた社員」と解く。その心は「どちらも『働く』でしょう。」,
,フレーズ・慣用句型,お茶の葉が酸化して赤くなる発酵作用,発酵菌が有機物を変換するために『活躍』する,かつやく,活躍（発酵菌が盛んに活動する）,活躍（スポーツ選手や芸能人が目覚ましい働きをする）,大きな試合でチームを勝利に導いたエース選手,「お茶の葉が酸化して赤くなる発酵作用」とかけて、「大きな試合でチームを勝利に導いたエース選手」と解く。その心は「どちらも『活躍する』でしょう。」,
,完全な同音異義語型,水と油が混ざり合う乳化現象,異なるものが結合し、一つにまとまること,むすび,結合を意味する「結び」,食事としての「お結び」,遠足のお弁当,水と油が混ざり合う乳化現象とかけて、遠足のお弁当と解く。その心は「どちらも『結び』が大切でしょう。」,
,多義語型,水と油が混ざり合う乳化現象,異なる液体が安定し、分離しない状態,おちつく,状態が「落ち着く」（安定する）,精神が「落ち着く」（平静になる）,試験直前の受験生,水と油が混ざり合う乳化現象とかけて、試験直前の受験生と解く。その心は「どちらも『落ち着く』ことが重要でしょう。」,
,フレーズ・慣用句型,水と油が混ざり合う乳化現象,異なる二つの物質が結合して一体となる,いっしょになる,異なる物質が「一緒になる」（結合する）,男女が「一緒になる」（結婚する）,長い間付き合っていた恋人たち,水と油が混ざり合う乳化現象とかけて、長い間付き合っていた恋人たちと解く。その心は「どちらもやがて『一緒になる』でしょう。」,
,完全な同音異義語型,水と油が混ざり合う乳化現象,液体が混ざり合い、乳白色に変化する,しろくなる,液体が「白くなる」,髪の毛が「白くなる」,苦労の多い人生を送る人,水と油が混ざり合う乳化現象とかけて、苦労の多い人生を送る人と解く。その心は「どちらも『白くなる』でしょう。」,
,多義語型,水と油が混ざり合う乳化現象,異なる二つの物質を均一に混合させる,まぜあわせる,液体を「混ぜ合わせる」,アイデアや食材を「混ぜ合わせる」,新しいレシピを考案する料理人,水と油が混ざり合う乳化現象とかけて、新しいレシピを考案する料理人と解く。その心は「どちらも様々な要素を『混ぜ合わせる』のが得意でしょう。」,
,フレーズ・慣用句型,水と油が混ざり合う乳化現象,異なる性質の液体が一体となって混合する,まざりあう,液体が「混ざり合う」,文化や人々が「混ざり合う」,多様な文化が共存する国際都市,水と油が混ざり合う乳化現象とかけて、多様な文化が共存する国際都市と解く。その心は「どちらも様々な要素が『混ざり合う』でしょう。」,
,多義語型,寒さで野菜の糖度が増す凍上現象,寒さによって甘みが増し、品質が向上する,あまくなる,甘くなる（糖度が上がって美味しくなる）,甘くなる（規律や管理が緩くなる、融通が利くようになる）,社員の遅刻に寛容な上司,「寒さで野菜の糖度が増す凍上現象」とかけて、「社員の遅刻に寛容な上司」と解く。その心は『どちらも「甘くなる」でしょう。』,
,完全な同音異義語型,寒さで野菜の糖度が増す凍上現象,凍上によって土が持ち上がる、糖度が上昇する,じょうしょう,上昇（土が持ち上がり、糖度が上がる）,乗車（乗り物に乗ること）,満員電車に乗り込む通勤客,「寒さで野菜の糖度が増す凍上現象」とかけて、「満員電車に乗り込む通勤客」と解く。その心は『どちらも「上昇（乗車）」でしょう。』,
,フレーズ・慣用句型,寒さで野菜の糖度が増す凍上現象,厳しい状況（寒さ）を経て良い結果（糖度増）になる。好転を待つ。,はるをまつ,春を待つ（寒い冬を耐え忍び、春に収穫されて価値が出る）,春を待つ（好転を期待して待つ）,景気回復を願う不況業種の経営者,「寒さで野菜の糖度が増す凍上現象」とかけて、「景気回復を願う不況業種の経営者」と解く。その心は『どちらも「春を待つ」でしょう。』,
,多義語型,寒さで野菜の糖度が増す凍上現象,厳しい寒さの中で品質が向上し、成長する,そだつ,育つ（野菜が育ち、甘くなる）,育つ（才能や能力が伸びる）,厳しい指導の下で才能を開花させる若手アスリート,「寒さで野菜の糖度が増す凍上現象」とかけて、「厳しい指導の下で才能を開花させる若手アスリート」と解く。その心は『どちらも「育つ」でしょう。』,
,完全な同音異義語型,寒さで野菜の糖度が増す凍上現象,凍上によって土が持ち上がる,もちあがる,持ち上がる（凍上により土が盛り上がる）,餅上がる（餅が膨らんで焼きあがる）,こんがりと焼きあがったお餅,「寒さで野菜の糖度が増す凍上現象」とかけて、「こんがりと焼きあがったお餅」と解く。その心は『どちらも「持ち上がる（餅上がる）」でしょう。』,
,フレーズ・慣用句型,寒さで野菜の糖度が増す凍上現象,厳しい寒さが「味」を良くする。経験を積んで深みが増す。,あじがでる,味が出る（糖度が増して美味しくなる）,味が出る（経験を積んで深みや魅力が増す）,年齢を重ねて人間的な魅力が増したベテラン俳優,「寒さで野菜の糖度が増す凍上現象」とかけて、「年齢を重ねて人間的な魅力が増したベテラン俳優」と解く。その心は『どちらも「味が出る」でしょう。』,
,完全な同音異義語型,大豆が菌の力で醤油に変わる醸造,原料から生成されたものが完成する,はっこう,発酵（微生物の作用で変化すること）,発行（書籍や雑誌などを世に出すこと）,新しい雑誌や書籍,「大豆が菌の力で醤油に変わる醸造」とかけて、「新しい雑誌や書籍」と解く。その心は「どちらも『発行（発酵）』でしょう。」,
,完全な同音異義語型,大豆が菌の力で醤油に変わる醸造,長い期間をかけて成分が変化し、完成する,じゅくせい,熟成（時間をかけて質が良くなること）,熟成（果物などが十分に熟れること）,食べ頃になった果物,「大豆が菌の力で醤油に変わる醸造」とかけて、「食べ頃になった果物」と解く。その心は「どちらも『熟成』でしょう。」,
,多義語型,大豆が菌の力で醤油に変わる醸造,原料が液体状になる,しぼる,絞る（もろみから液体を取り出す）,絞る（雑巾などの水分を出す、または工夫して良いものを生み出す）,良いアイデアを出そうとしている企画担当者,「大豆が菌の力で醤油に変わる醸造」とかけて、「良いアイデアを出そうとしている企画担当者」と解く。その心は「どちらも『絞る』でしょう。」,
,多義語型,大豆が菌の力で醤油に変わる醸造,色合いが変化する,いろづく,色付く（醤油が特徴的な色になる）,色付く（木々の葉などが赤や黄色に染まる）,秋の山々,「大豆が菌の力で醤油に変わる醸造」とかけて、「秋の山々」と解く。その心は「どちらも『色付く』でしょう。」,
,フレーズ・慣用句型,大豆が菌の力で醤油に変わる醸造,長い期間の管理と手間が必要,てまひまかける,手間暇かける（品質の良い醤油を作るために努力する）,手間暇かける（時間をかけ、細かく世話をする）,愛情を込めて子育てをする親,「大豆が菌の力で醤油に変わる醸造」とかけて、「愛情を込めて子育てをする親」と解く。その心は「どちらも『手間暇かける』でしょう。」,
,フレーズ・慣用句型,大豆が菌の力で醤油に変わる醸造,原料から新たな価値のあるものを作り出す,うみだす,生み出す（大豆から醤油という新しい価値を作る）,生み出す（新しいアイデアや作品などを創造する）,革新的な新製品を開発する研究者,「大豆が菌の力で醤油に変わる醸造」とかけて、「革新的な新製品を開発する研究者」と解く。その心は「どちらも『生み出す』でしょう。」,
,多義語型,お湯の中で昆布の旨味が溶け出す抽出,昆布から旨味成分を抽出する機能,ひきだす,引き出す（昆布から旨味成分を抽出する）,引き出す（潜在的な能力や才能を発揮させる）,秘められた才能を持つ新人,「お湯の中で昆布の旨味が溶け出す抽出」とかけて、「秘められた才能を持つ新人」と解く。その心は「どちらも『引き出す』でしょう。」,
,フレーズ・慣用句型,お湯の中で昆布の旨味が溶け出す抽出,旨味を十分に抽出するために時間を要する状態,じかんをかける,時間をかける（旨味を抽出するために長く浸す）,時間をかける（物事を丁寧に行う、手間暇を惜しまない）,精巧な工芸品を作る職人,「お湯の中で昆布の旨味が溶け出す抽出」とかけて、「精巧な工芸品を作る職人」と解く。その心は「どちらも『時間をかける』でしょう。」,
,完全な同音異義語型,お湯の中で昆布の旨味が溶け出す抽出,旨味の成分が水中に溶け出したもの,だし,出汁（料理のベースとなる旨味成分）,山車（祭りで曳き回される飾り物）,祭りで練り歩く山車,「お湯の中で昆布の旨味が溶け出す抽出」とかけて、「祭りで練り歩く山車」と解く。その心は「どちらも『だし』でしょう。」,
,多義語型,お湯の中で昆布の旨味が溶け出す抽出,旨味が溶け出すことで、味わいが豊かになる状態,ふかまる,深まる（味わいや風味がより豊かになる）,深まる（関係性や理解がより一層進む）,互いを理解し合う友人関係,「お湯の中で昆布の旨味が溶け出す抽出」とかけて、「互いを理解し合う友人関係」と解く。その心は「どちらも『深まる』でしょう。」,
,フレーズ・慣用句型,お湯の中で昆布の旨味が溶け出す抽出,旨味がゆっくりと、しかし確実に広がる感覚,じわじわとくる,じわじわとくる（旨味が徐々に感じられる）,じわじわとくる（効果や影響が時間差で現れる、後になって効いてくる）,後から効いてくるジョーク,「お湯の中で昆布の旨味が溶け出す抽出」とかけて、「後からじわじわ効いてくるジョーク」と解く。その心は「どちらも『じわじわとくる』でしょう。」,
,完全な同音異義語型,お湯の中で昆布の旨味が溶け出す抽出,旨味成分が全体に広がり、濃度が均一になる、あるいは広がることで薄く感じる状態,うすまる,薄まる（濃度が低くなる、味が広がる）,疎まる（関係が疎遠になる）,疎遠になった友人関係,「お湯の中で昆布の旨味が溶け出す抽出」とかけて、「疎遠になった友人関係」と解く。その心は「どちらも『薄まる』でしょう。」,
,完全な同音異義語型,片栗粉が熱でドロドロになる糊化,液体に粘りが出て糊状になる,のり,糊（糊状になる）,乗り（乗り物に乗ること）,通勤客,片栗粉が熱でドロドロになる糊化とかけて、通勤客と解く。その心は「どちらも『のり』が重要でしょう。」,
,多義語型,片栗粉が熱でドロドロになる糊化,粉と水が熱によって粘性を持ち、まとまりができる,かたまる,固まる（粘性を持ち、流動性が低くなる）,固まる（意志が揺るぎないものになる、集団がまとまる）,プロジェクトを成功させたいメンバー,片栗粉が熱でドロドロになる糊化とかけて、プロジェクトを成功させたいメンバーと解く。その心は「どちらも『固まる』ことが大事でしょう。」,
,フレーズ・慣用句型,片栗粉が熱でドロドロになる糊化,熱が加えられることで、状態が変化する,ねつがはいる,熱が入る（熱が加えられる）,熱が入る（物事に集中して夢中になる）,仕事に打ち込む職人,片栗粉が熱でドロドロになる糊化とかけて、仕事に打ち込む職人と解く。その心は「どちらも『熱が入る』ことで本領を発揮するでしょう。」,
,完全な同音異義語型,片栗粉が熱でドロドロになる糊化,粘り気のある状態になる,ねばり,粘り（糊状になったものの粘性）,粘り（困難な状況で諦めない精神力）,逆転を狙うスポーツ選手,片栗粉が熱でドロドロになる糊化とかけて、逆転を狙うスポーツ選手と解く。その心は「どちらも『粘り』が肝心でしょう。」,
,多義語型,片栗粉が熱でドロドロになる糊化,白濁していた液体が加熱により透き通った状態になる,とうめいになる,透明になる（見た目が透き通る）,透明になる（隠されていたものが明らかになる、状況がはっきりする）,不正が暴かれた組織,片栗粉が熱でドロドロになる糊化とかけて、不正が暴かれた組織と解く。その心は「どちらも『透明になる』でしょう。」,
,フレーズ・慣用句型,片栗粉が熱でドロドロになる糊化,料理に最後の一手を加え、完成させる,しあげる,仕上げる（料理をとろみで完成させる工程）,仕上げる（物事を完成させる、仕事をやり遂げる）,絵画の巨匠,片栗粉が熱でドロドロになる糊化とかけて、絵画の巨匠と解く。その心は「どちらも『仕上げる』ことで作品が完成するでしょう。」,
,完全な同音異義語型,小麦粉のグルテンが網目を作る結合,粘り気が出て、生地に弾力やまとまりが生まれること,ねばり,粘り (グルテンの「粘り」),根張り (植物の「根張り」),地中に深く根を張る樹木,小麦粉のグルテンが網目を作る結合とかけて、地中に深く根を張る樹木と解く。その心は「どちらも粘り（根張り）が大切」でしょう。,
,完全な同音異義語型,小麦粉のグルテンが網目を作る結合,加熱により生地が膨らんで、柔らかくなること,ふくらむ,膨らむ (パン生地が「膨らむ」),脹らむ (お腹が「脹らむ」),満腹になって幸せそうな人,小麦粉のグルテンが網目を作る結合とかけて、満腹になって幸せそうな人と解く。その心は「どちらも膨らむ（脹らむ）でしょう」でしょう。,
,多義語型,小麦粉のグルテンが網目を作る結合,生地がしっかりとして、しなやかな強さを持つこと,こし,腰 (パンや麺の生地に「腰」がある),腰 (体の「腰」),力仕事で体を酷使する職人,小麦粉のグルテンが網目を作る結合とかけて、力仕事で体を酷使する職人と解く。その心は「どちらも腰が大切」でしょう。,
,多義語型,小麦粉のグルテンが網目を作る結合,分子同士がしっかりと絡み合い、一体となること,むすびつき,結びつき (グルテンの「結びつき」),結びつき (人と人との「結びつき」),固い絆で結ばれた家族,小麦粉のグルテンが網目を作る結合とかけて、固い絆で結ばれた家族と解く。その心は「どちらも結びつきが重要」でしょう。,
,フレーズ・慣用句型,小麦粉のグルテンが網目を作る結合,粉の状態から全体が一つにまとまった塊になること,きじをまとめる,生地をまとめる (粉から「生地をまとめる」),記事をまとめる (取材内容を「記事をまとめる」),締め切りに追われるライター,小麦粉のグルテンが網目を作る結合とかけて、締め切りに追われるライターと解く。その心は「どちらも生地（記事）をまとめるのが仕事」でしょう。,
,フレーズ・慣用句型,小麦粉のグルテンが網目を作る結合,細かく分かれた要素が互いに繋がり、全体として機能する構造になること,つながる,繋がる (グルテンが網目状に「繋がる」),繋がる (インターネットや電話が「繋がる」),遠く離れた友人同士のコミュニケーション,小麦粉のグルテンが網目を作る結合とかけて、遠く離れた友人同士のコミュニケーションと解く。その心は「どちらも繋がることが大切」でしょう。,
,完全な同音異義語型,魚のタンパク質が熱で白く固まる凝固,熱が加わり、形が硬く定まる状態,こまる,固まる,困る,宿題が多すぎて途方に暮れる小学生,「魚のタンパク質が熱で白く固まる凝固」とかけて、「宿題が多すぎて途方に暮れる小学生」と解く。その心は『どちらも【こまる（固まる/困る）】』でしょう。,
,多義語型,魚のタンパク質が熱で白く固まる凝固,加熱によって物理的な形が定まり、一体となる現象,かたまる,固まる,固まる (集まって一体になる),休憩時間に喫煙所に集まる社員たち,「魚のタンパク質が熱で白く固まる凝固」とかけて、「休憩時間に喫煙所に集まる社員たち」と解く。その心は『どちらも【かたまる（固まる）】』でしょう。,
,フレーズ・慣用句型,魚のタンパク質が熱で白く固まる凝固,熱が作用して物質が凝縮し、変化する状態,ねつがはいる,熱が入る (加熱される),熱が入る (物事に集中する、夢中になる),好きなアイドルのライブに全力を尽くすファン,「魚のタンパク質が熱で白く固まる凝固」とかけて、「好きなアイドルのライブに全力を尽くすファン」と解く。その心は『どちらも【熱が入る】』でしょう。,
,完全な同音異義語型,魚のタンパク質が熱で白く固まる凝固,加熱により色が透明から不透明な『白く』なる変化,はく,白く,吐く,緊張感あふれる場面で深呼吸をする棋士,「魚のタンパク質が熱で白く固まる凝固」とかけて、「緊張感あふれる場面で深呼吸をする棋士」と解く。その心は『どちらも【はく（白く/吐く）】』でしょう。,
,多義語型,魚のタンパク質が熱で白く固まる凝固,熱によって状態が変化し、最終的な形や安定した状態になること,かたがつく,形がつく (凝固して安定した状態になる),形がつく (物事に決着がつく、解決する),難航していた契約交渉がようやく合意に至った瞬間,「魚のタンパク質が熱で白く固まる凝固」とかけて、「難航していた契約交渉がようやく合意に至った瞬間」と解く。その心は『どちらも【かたがつく（形がつく）】』でしょう。,
,フレーズ・慣用句型,魚のタンパク質が熱で白く固まる凝固,複数の要素が結びつき、より強固な状態になる現象,けつごうする,結合する (分子レベルで結びつく),結合する (組織や個々が協力し合う),目標達成のために異なる部署が連携して動くプロジェクトチーム,「魚のタンパク質が熱で白く固まる凝固」とかけて、「目標達成のために異なる部署が連携して動くプロジェクトチーム」と解く。その心は『どちらも【結合する】』でしょう。,
,完全な同音異義語型,酵母が糖分をアルコールに変えるアルコール発酵,糖分が別の物質に変化する状態,へんか,変化,返歌,歌会での歌人,酵母が糖分をアルコールに変えるアルコール発酵とかけて、歌会での歌人と解く。その心は「どちらも『へんか』でしょう。」,
,完全な同音異義語型,酵母が糖分をアルコールに変えるアルコール発酵,糖分を分解して消費する機能,ぶんかい,分解,文化会,地方の文化財保存会,酵母が糖分をアルコールに変えるアルコール発酵とかけて、地方の文化財保存会と解く。その心は「どちらも『ぶんかい』するでしょう。」,
,多義語型,酵母が糖分をアルコールに変えるアルコール発酵,糖分が消費されて無くなる状態,なくなる,無くなる,亡くなる,長い人生を終えた人,酵母が糖分をアルコールに変えるアルコール発酵とかけて、長い人生を終えた人と解く。その心は「どちらも『なくなる』でしょう。」,
,多義語型,酵母が糖分をアルコールに変えるアルコール発酵,アルコールが生成されてできること,できる,できる（生成される）,できる（能力がある）,どんな難問も解ける優秀な学生,酵母が糖分をアルコールに変えるアルコール発酵とかけて、どんな難問も解ける優秀な学生と解く。その心は「どちらも『できる』でしょう。」,
,フレーズ・慣用句型,酵母が糖分をアルコールに変えるアルコール発酵,糖分が別の物質へと変化する様子,からだがかわる,体（成分）が変わる,体（健康状態）が変わる,健康的なダイエットで別人のように痩せた人,酵母が糖分をアルコールに変えるアルコール発酵とかけて、健康的なダイエットで別人のように痩せた人と解く。その心は「どちらも『体が変わる』でしょう。」,
,フレーズ・慣用句型,酵母が糖分をアルコールに変えるアルコール発酵,糖分がこの過程に必要不可欠な要素であること,つきもの,糖分が付き物,厄介なものが付き物,悪い癖がなかなか治らない人,酵母が糖分をアルコールに変えるアルコール発酵とかけて、悪い癖がなかなか治らない人と解く。その心は「どちらも『つきもの』でしょう。」,
,完全な同音異義語型,果物のペクチンがゼリー状に固まるゲル化,液体が固体へと変質し、形が定まる状態,かたまる,固まる（ゼリーが固まる）,固まる（決意が固まる）,重要な決断を控えた人,「果物のペクチンがゼリー状に固まるゲル化」とかけて、「重要な決断を控えた人」と解く。その心は「どちらも『固まる』でしょう。」,
,完全な同音異義語型,果物のペクチンがゼリー状に固まるゲル化,状態が液状から粘性を持つ固形へと移り変わる,へんか,変化（物質の状態が変化する）,変化（季節が移り変わる）,移り変わる季節,「果物のペクチンがゼリー状に固まるゲル化」とかけて、「移り変わる季節」と解く。その心は「どちらも『変化』でしょう。」,
,多義語型,果物のペクチンがゼリー状に固まるゲル化,粘度が増し、なめらかなとろみが生じる状態,とろみがある,とろみがある（ゼリーに粘性がある）,とろみがある（話し方や雰囲気に色気がある）,魅力的な話し方をする人,「果物のペクチンがゼリー状に固まるゲル化」とかけて、「魅力的な話し方をする人」と解く。その心は「どちらも『とろみがある』でしょう。」,
,多義語型,果物のペクチンがゼリー状に固まるゲル化,液体が凝固して、安定した形を持つようになる,かたちがととのう,形が整う（ゼリーの形状が整う）,形が整う（物事の準備が整う）,完璧に準備された会議,「果物のペクチンがゼリー状に固まるゲル化」とかけて、「完璧に準備された会議」と解く。その心は「どちらも『形が整う』でしょう。」,
,フレーズ・慣用句型,果物のペクチンがゼリー状に固まるゲル化,液体と固形分が結合し、均一な塊となる,ひとつになる,一つになる（成分が合わさり固まる）,一つになる（意見や心がまとまる）,全員で意見を出し合い、まとまった会議,「果物のペクチンがゼリー状に固まるゲル化」とかけて、「全員で意見を出し合い、まとまった会議」と解く。その心は「どちらも『一つになる』でしょう。」,
,フレーズ・慣用句型,果物のペクチンがゼリー状に固まるゲル化,不安定な液体が凝固し、安定した状態に落ち着く,おちつく,落ち着く（液体が安定して固まる）,落ち着く（心が平穏になる）,心穏やかに過ごしている人,「果物のペクチンがゼリー状に固まるゲル化」とかけて、「心穏やかに過ごしている人」と解く。その心は「どちらも『落ち着く』でしょう。」,
,多義語型,太陽の光を浴びて野菜が育つ光合成,栄養を作り出し、大きくなっていく状態,そだつ,育つ,育つ,新入社員,太陽の光を浴びて野菜が育つ光合成とかけて、新入社員と解く。その心は「どちらも『育つ』でしょう。」,
,フレーズ・慣用句型,太陽の光を浴びて、それをエネルギーに変える,外部からの光を受けて、活性化する,ひかりをあびる,光を浴びる,脚光を浴びる,注目されている有名人,太陽の光を浴びて野菜が育つ光合成とかけて、注目されている有名人と解く。その心は「どちらも『光を浴びる』でしょう。」,
,完全な同音異義語型,植物が生命活動を通じて大きくなる様子,物理的に大きくなる,せいちょう,生長,成長,会社,太陽の光を浴びて野菜が育つ光合成とかけて、会社と解く。その心は「どちらも『生長（成長）』するでしょう。」,
,多義語型,光や二酸化炭素といった要素を取り込む,外部のものを内部に取り入れる,とらえる,捉える,捕らえる,犯人を追う警察官,太陽の光を浴びて野菜が育つ光合成とかけて、犯人を追う警察官と解く。その心は「どちらも『捉える（捕らえる）』でしょう。」,
,フレーズ・慣用句型,太陽の恩恵を受けて栄養分を生産する,外部からの良い影響や助けを受ける,おんけいをうける,恩恵を受ける,恩恵を受ける,庇護されている若手アーティスト,太陽の光を浴びて野菜が育つ光合成とかけて、庇護されている若手アーティストと解く。その心は「どちらも『恩恵を受ける』でしょう。」,
,完全な同音異義語型,植物の生命活動が維持される,生命を保つ,いきる,生きる,活きる,眠っていた才能やスキル,太陽の光を浴びて野菜が育つ光合成とかけて、眠っていた才能やスキルと解く。その心は「どちらも『生きる（活きる）』でしょう。」,
,完全な同音異義語型,暖かい海流に乗って魚が回遊する黒潮,魚が暖かい流れに乗って回遊する。,かいゆう,回遊（魚が泳ぎ回ること）,買収（企業などを買い取ること）,企業を買収する実業家,黒潮とかけて、企業を買収する実業家と解く。その心は「どちらもかいゆう」でしょう。,
,多義語型,暖かい海流に乗って魚が回遊する黒潮,魚や海洋生物を育む、生命を育む。,はぐくむ,育む（魚の成長を助ける）,育む（子や文化、才能などを育て、成長させる）,子供の成長を見守る親,黒潮とかけて、子供の成長を見守る親と解く。その心は「どちらも『育む』ものがある」でしょう。,
,フレーズ・慣用句型,暖かい海流に乗って魚が回遊する黒潮,魚が暖かい流れに乗って群れをなす。,むれをなす,群れをなす（魚が集団で泳ぐこと）,群れをなす（人々が集団で行動すること）,卒業旅行に行く学生たち,黒潮とかけて、卒業旅行に行く学生たちと解く。その心は「どちらも『群れをなす』でしょう。」,
,完全な同音異義語型,暖かい海流に乗って魚が回遊する黒潮,暖かい流れで、生物が生きる。,せいぞん,生存（生物が生きること）,製餡（あんこを作ること）,あんこを作る職人,黒潮とかけて、あんこを作る職人と解く。その心は「どちらも生存（せいぞん）」でしょう。,
,多義語型,暖かい海流に乗って魚が回遊する黒潮,黒潮の『流れ』が強い。活発な『勢い』がある。,いきおい,勢い（海流の強さ、活発さ）,勢い（物事の進行を促す力、または人の活気や力強さ）,事業を成功させたベンチャー企業の社長,黒潮とかけて、事業を成功させたベンチャー企業の社長と解く。その心は「どちらも『勢い』があるでしょう。」,
,フレーズ・慣用句型,暖かい海流に乗って魚が回遊する黒潮,魚が暖かい流れに乗って自由に泳ぎ回る。,およぎまわる,泳ぎ回る（魚が活発に動き回る様子）,泳ぎ回る（比喩的に、忙しく動き回ったり、ある環境の中で自由に行動したりすること）,自由に意見を交換する議論の場,黒潮とかけて、自由に意見を交換する議論の場と解く。その心は「どちらも『泳ぎ回る』ことができるでしょう。」,
,完全な同音異義語型,大気中の窒素を根に取り込むマメ科の根粒菌,窒素を土壌に定着させる,こてい,固定（窒素を土壌に固定する）,肯定（相手の意見を肯定する）,上司の提案に異議を唱えない部下,大気中の窒素を根に取り込むマメ科の根粒菌とかけて、上司の提案に異議を唱えない部下と解く。その心は「どちらも『固定』/『肯定』でしょう。」,
,完全な同音異義語型,大気中の窒素を根に取り込むマメ科の根粒菌,植物との共生関係を築く,きずく,築く（植物との共生関係を築く）,気付く（ケアレスミスに気付く）,ケアレスミスを見つけるのが得意な校閲者,大気中の窒素を根に取り込むマメ科の根粒菌とかけて、ケアレスミスを見つけるのが得意な校閲者と解く。その心は「どちらも『築く』/『気付く』でしょう。」,
,多義語型,大気中の窒素を根に取り込むマメ科の根粒菌,植物の根に共生する、その恩恵を植物が受ける,やどる,宿る（植物の根に宿り、機能する）,宿る（才能や魂が宿る）,独特の感性を持つ芸術家,大気中の窒素を根に取り込むマメ科の根粒菌とかけて、独特の感性を持つ芸術家と解く。その心は「どちらも『宿る』でしょう。」,
,多義語型,大気中の窒素を根に取り込むマメ科の根粒菌,植物の成長を助ける、土壌を豊かにする,そだてる,育てる（植物の生育を助け、間接的に育てる）,育てる（子供や人材を育てる）,子供の教育に熱心な親,大気中の窒素を根に取り込むマメ科の根粒菌とかけて、子供の教育に熱心な親と解く。その心は「どちらも『育てる』でしょう。」,
,フレーズ・慣用句型,大気中の窒素を根に取り込むマメ科の根粒菌,植物の根に深く関わり、その活動に寄与する,ねをはる,根を張る（植物の根張りを助け、その場に定着する）,根を張る（その土地や組織に定着し、影響力を増す）,地元に密着した老舗商店,大気中の窒素を根に取り込むマメ科の根粒菌とかけて、地元に密着した老舗商店と解く。その心は「どちらも『根を張る』でしょう。」,
,フレーズ・慣用句型,大気中の窒素を根に取り込むマメ科の根粒菌,目に見えないところで重要な役割を果たす,えんのしたのちからもち,縁の下の力持ち（植物の根元で目立たず、土壌を豊かにする）,縁の下の力持ち（目立たないところで組織を支える人）,会社の業務を円滑にする総務部のベテラン,大気中の窒素を根に取り込むマメ科の根粒菌とかけて、会社の業務を円滑にする総務部のベテランと解く。その心は「どちらも『縁の下の力持ち』でしょう。」,
,完全な同音異義語型,カカオ豆を焙煎して香りを引き出すロースト,豆に熱を加えて、中まで火を通す,かとおす,火を通す,課を通す,厳しい審査をクリアしたプロジェクト,カカオ豆を焙煎して香りを引き出すローストとかけて、厳しい審査をクリアしたプロジェクトと解く。その心は「どちらも火（課）を通す」でしょう。,
,多義語型,カカオ豆を焙煎して香りを引き出すロースト,素材が持つ潜在的な良い風味を表に出させる,かおりをひきだす,香りを引き出す,才能を引き出す,生徒の隠れた才能を伸ばす教師,カカオ豆を焙煎して香りを引き出すローストとかけて、生徒の隠れた才能を伸ばす教師と解く。その心は「どちらも香（才能）りを引き出す」でしょう。,
,フレーズ・慣用句型,カカオ豆を焙煎して香りを引き出すロースト,火加減や時間に細心の注意を払い、良い状態にするために労力や時間をかける,てまひまをかける,手間暇をかける,手間暇をかける,愛情を込めて料理を作る主婦,カカオ豆を焙煎して香りを引き出すローストとかけて、愛情を込めて料理を作る主婦と解く。その心は「どちらも手間暇をかける」でしょう。,
,完全な同音異義語型,カカオ豆を焙煎して香りを引き出すロースト,豆を熱い状態にし続ける、加熱し続ける,いる,煎る,居る,部屋に引きこもっている人,カカオ豆を焙煎して香りを引き出すローストとかけて、部屋に引きこもっている人と解く。その心は「どちらも煎（居）る」でしょう。,
,多義語型,カカオ豆を焙煎して香りを引き出すロースト,焙煎の度合いやタイミングを正確に見極める,みきわめる,見極める,見極める,人の本性を見極める面接官,カカオ豆を焙煎して香りを引き出すローストとかけて、人の本性を見極める面接官と解く。その心は「どちらも（状態や本性を）見極める」でしょう。,
,フレーズ・慣用句型,カカオ豆を焙煎して香りを引き出すロースト,素材の持つ可能性を限界まで引き出す,さいだいにひきだす,最大限に引き出す,最大限に引き出す,選手の能力を最大限に引き出すコーチ,カカオ豆を焙煎して香りを引き出すローストとかけて、選手の能力を最大限に引き出すコーチと解く。その心は「どちらも（潜在能力を）最大限に引き出す」でしょう。,
,完全な同音異義語型,海苔が潮の満ち引きで太陽の光を浴びる干出,潮が引いて水面から現れる、水がなくなる,しおがひく,潮が引く,気が引く,苦手な人に頼み事をするとき,海苔が潮の満ち引きで太陽の光を浴びる干出とかけて、苦手な人に頼み事をするときと解く。その心は『どちらも気が引く』でしょう。,
,完全な同音異義語型,海苔が潮の満ち引きで太陽の光を浴びる干出,成長して大きくなる、広がっていく,のびる,伸びる,延びる,議論が白熱して終わらない会議,海苔が潮の満ち引きで太陽の光を浴びる干出とかけて、議論が白熱して終わらない会議と解く。その心は『どちらも伸びる（延びる）』でしょう。,
,多義語型,海苔が潮の満ち引きで太陽の光を浴びる干出,太陽光を直接受けることで育成される,ひかりをあびる,光を浴びる,光を浴びる,舞台でスポットライトを浴びる主役の俳優,海苔が潮の満ち引きで太陽の光を浴びる干出とかけて、舞台でスポットライトを浴びる主役の俳優と解く。その心は『どちらも光を浴びる』でしょう。,
,多義語型,海苔が潮の満ち引きで太陽の光を浴びる干出,水面から出て、水気がなくなる,みずをきる,水を切る,水を切る,茹で上がったパスタをざるにあげる料理人,海苔が潮の満ち引きで太陽の光を浴びる干出とかけて、茹で上がったパスタをざるにあげる料理人と解く。その心は『どちらも水を切る』でしょう。,
,フレーズ・慣用句型,海苔が潮の満ち引きで太陽の光を浴びる干出,水面から現れたり水中に隠れたりする,でたりはいったり,出たり入ったり,出たり入ったり,落ち着きなく部屋を往復する受験生,海苔が潮の満ち引きで太陽の光を浴びる干出とかけて、落ち着きなく部屋を往復する受験生と解く。その心は『どちらも出たり入ったり』でしょう。,
,フレーズ・慣用句型,海苔が潮の満ち引きで太陽の光を浴びる干出,太陽光が直接当たる、自然の作用を受ける,ひにあたる,日に当たる,日に当たる,失敗して上司に叱責される新入社員,海苔が潮の満ち引きで太陽の光を浴びる干出とかけて、失敗して上司に叱責される新入社員と解く。その心は『どちらも日に当たる』でしょう。,
,完全な同音異義語型,長期間保存されたワインの澱の沈殿,液体の中に固形物が「澱（おり）」として存在する,おり,澱,織り,機織り職人,長期間保存されたワインの澱の沈殿とかけて、機織り職人と解く。その心は「どちらも『おり』でしょう。」,
,完全な同音異義語型,長期間保存されたワインの澱の沈殿,瓶の底に澱が「溜まる」,たまる,溜まる,貯まる,貯金箱,長期間保存されたワインの澱の沈殿とかけて、貯金箱と解く。その心は「どちらも『たまる』でしょう。」,
,多義語型,長期間保存されたワインの澱の沈殿,固体成分が液体の底に「沈む」,しずむ,沈む（物理的に下に移動する）,沈む（気持ちが落ち込む、活気がない）,失恋して落ち込んでいる人,長期間保存されたワインの澱の沈殿とかけて、失恋して落ち込んでいる人と解く。その心は「どちらも『沈む』でしょう。」,
,多義語型,長期間保存されたワインの澱の沈殿,ワインの瓶の「底」に澱が溜まる,そこ,底（容器や物体の最下部）,底（物事の基礎、根底）,会社の基礎を支えるベテラン社員,長期間保存されたワインの澱の沈殿とかけて、会社の基礎を支えるベテラン社員と解く。その心は「どちらも『底』でしょう。」,
,フレーズ・慣用句型,長期間保存されたワインの澱の沈殿,瓶の「底にじっと留まり」続けている状態,そこにとどまる,底に留まる（物理的に動かずに存在する）,底に留まる（あるレベルや状態から向上しない）,成績がなかなか上がらない生徒,長期間保存されたワインの澱の沈殿とかけて、成績がなかなか上がらない生徒と解く。その心は「どちらも『底に留まる』でしょう。」,
,フレーズ・慣用句型,長期間保存されたワインの澱の沈殿,飲む前に澱を「取り去る」必要がある,とりさる,取り去る（不要なものを物理的に除去する）,取り去る（心配や不安などを解消する）,心に抱える不安を解消するカウンセラー,長期間保存されたワインの澱の沈殿とかけて、心に抱える不安を解消するカウンセラーと解く。その心は「どちらも『取り去る』でしょう。」,
,完全な同音異義語型,高温で砂糖が茶色く色づくカラメル化,熱により状態や色が変化する,へんか,変化,変化,成長期の子供,高温で砂糖が茶色く色づくカラメル化とかけて、成長期の子供と解く。その心は『どちらも「変化」する』でしょう。,
,完全な同音異義語型,高温で砂糖が茶色く色づくカラメル化,煮詰まって甘みや風味が強まる,あじがでる,味がでる,味が出る,ベテランの落語家,高温で砂糖が茶色く色づくカラメル化とかけて、ベテランの落語家と解く。その心は『どちらも「味が出る」』でしょう。,
,多義語型,高温で砂糖が茶色く色づくカラメル化,液体が熱によって煮詰まり濃度が増す,につまる,煮詰まる,煮詰まる,企画会議,高温で砂糖が茶色く色づくカラメル化とかけて、企画会議と解く。その心は『どちらも「煮詰まる」』でしょう。,
,多義語型,高温で砂糖が茶色く色づくカラメル化,加熱により色がつき、風味が深まる,いろがつく,色が付く,色が付く,不倫関係にある人,高温で砂糖が茶色く色づくカラメル化とかけて、不倫関係にある人と解く。その心は『どちらも「色が付く」』でしょう。,
,フレーズ・慣用句型,高温で砂糖が茶色く色づくカラメル化,加熱により深い風味や味わいが生まれる,こくがでる,コクが出る,コクが出る,ベテラン作家の作品,高温で砂糖が茶色く色づくカラメル化とかけて、ベテラン作家の作品と解く。その心は『どちらも「コクが出る」』でしょう。,
,フレーズ・慣用句型,高温で砂糖が茶色く色づくカラメル化,熱によって液状から固まり、一定の形をなす,かたちになる,形になる,形になる,長年の夢,高温で砂糖が茶色く色づくカラメル化とかけて、長年の夢と解く。その心は『どちらも「形になる」』でしょう。,
,多義語型,胃が締め付けられるような激しい空腹感,胃が物理的に「締め付けられる」感覚,しめつけられる,締め付けられる（胃の収縮）,締め付けられる（精神的・経済的な圧迫）,厳しいノルマを課された営業マン,「胃が締め付けられるような激しい空腹感」とかけて、「厳しいノルマを課された営業マン」と解く。その心は「どちらも『締め付けられる』でしょう。」,
,完全な同音異義語型,胃が締め付けられるような激しい空腹感,お腹が「空いた」状態,すいた,空いた（お腹が空いた）,好いた（恋しい、好きだ）,好きな人に恋する人,「胃が締め付けられるような激しい空腹感」とかけて、「好きな人に恋する人」と解く。その心は「どちらも『すいた』でしょう。」,
,フレーズ・慣用句型,胃が締め付けられるような激しい空腹感,食べ物への欲求で判断力が鈍る、「目が眩む」,めがくらむ,目が眩む（空腹で意識が朦朧とする）,目が眩む（金銭欲などで分別を失う）,目の前に大金が積まれた政治家,「胃が締め付けられるような激しい空腹感」とかけて、「目の前に大金が積まれた政治家」と解く。その心は「どちらも『目が眩む』でしょう。」,
,多義語型,胃が締め付けられるような激しい空腹感,お腹が「痛む」感覚,いたむ,痛む（胃が痛む）,傷む（食材が悪くなる）,冷蔵庫に入れ忘れて悪くなった食べ物,「胃が締め付けられるような激しい空腹感」とかけて、「冷蔵庫に入れ忘れて悪くなった食べ物」と解く。その心は「どちらも『痛む』でしょう。」,
,完全な同音異義語型,胃が締め付けられるような激しい空腹感,食べ物に「飢える」,うえる,飢える（食料に困る）,植える（植物などを土に植える）,庭に花を植える人,「胃が締め付けられるような激しい空腹感」とかけて、「庭に花を植える人」と解く。その心は「どちらも『うえる』でしょう。」,
,フレーズ・慣用句型,胃が締め付けられるような激しい空腹感,食べ物を必死で求める、「食らいつく」,くらいつく,食らいつく（食べ物に貪欲になる）,食らいつく（勝利や目標に執念を燃やす）,勝利に飢えたスポーツ選手,「胃が締め付けられるような激しい空腹感」とかけて、「勝利に飢えたスポーツ選手」と解く。その心は「どちらも『食らいつく』でしょう。」,
,完全な同音異義語型,吐き気がこみ上げる強烈な食品ロスへの罪悪感,胃の中の不快物を外へ「吐き出す」生理的な反応,はきだす,吐き出す（吐き気や不満を）,掃き出す（ごみやほこりを）,大掃除をする人,吐き気がこみ上げる強烈な食品ロスへの罪悪感とかけて、大掃除をする人と解く。その心は「どちらも嫌なものを『はきだす』でしょう。」,
,多義語型,吐き気がこみ上げる強烈な食品ロスへの罪悪感,食品が腐敗し「傷む」こと、そしてそれにより心が「痛む」精神状態,いたむ,傷む（食品が）/ 痛む（心が）,痛む（怪我や病気で体が）,病気で苦しむ人,吐き気がこみ上げる強烈な食品ロスへの罪悪感とかけて、病気で苦しむ人と解く。その心は「どちらも『いたむ』でしょう。」,
,フレーズ・慣用句型,吐き気がこみ上げる強烈な食品ロスへの罪悪感,食品を無駄にしてしまう行為,むだにする,無駄にする（食べ物を）,無駄にする（努力や時間を）,受験勉強を怠けた学生,吐き気がこみ上げる強烈な食品ロスへの罪悪感とかけて、受験勉強を怠けた学生と解く。その心は「どちらも大切なものを『むだにする』でしょう。」,
,完全な同音異義語型,吐き気がこみ上げる強烈な食品ロスへの罪悪感,心にのしかかる「重い」精神的な負担,おもい,重い（罪悪感、精神的な負担）,重い（物理的な重量）,力持ちの力士,吐き気がこみ上げる強烈な食品ロスへの罪悪感とかけて、力持ちの力士と解く。その心は「どちらも『おもい』でしょう。」,
,多義語型,吐き気がこみ上げる強烈な食品ロスへの罪悪感,吐き気が生理的に「込み上げる」、また感情が「込み上げる」状態,こみあげる,込み上げる（吐き気、感情）,込み上げる（観客や人で場所が）,満員御礼のコンサート会場,吐き気がこみ上げる強烈な食品ロスへの罪悪感とかけて、満員御礼のコンサート会場と解く。その心は「どちらも感情や人で『こみあげる』でしょう。」,
,フレーズ・慣用句型,吐き気がこみ上げる強烈な食品ロスへの罪悪感,食品を「捨てる」行為,すてる,捨てる（食品を）,捨てる（命を懸けて事に当たる、例えば「身を捨てる」）,火災現場に飛び込む消防士,吐き気がこみ上げる強烈な食品ロスへの罪悪感とかけて、火災現場に飛び込む消防士と解く。その心は「どちらも何かを『すてる』覚悟があるでしょう。」,
,完全な同音異義語型,よだれが止まらない食欲の爆発,口の中が潤う、食べ物を前にして唾液が出る,しめり,舌の湿り気,湿り気（湿度、雨上がりの地面など）,梅雨時の洗濯物,「よだれが止まらない食欲の爆発」とかけて、「梅雨時の洗濯物」と解く。その心は「どちらも『湿り気』があるでしょう。」,
,完全な同音異義語型,よだれが止まらない食欲の爆発,理性では抑えきれない強い衝動,ほんのう,本能（食欲）,煩悩（欲望や迷い）,誘惑に打ち勝とうとする修行僧,「よだれが止まらない食欲の爆発」とかけて、「誘惑に打ち勝とうとする修行僧」と解く。その心は「どちらも『ほんのう』に抗うでしょう。」,
,多義語型,よだれが止まらない食欲の爆発,食欲を抑えることができない状態,おさえがきかない,抑えが利かない（食欲が暴走する）,抑えが利かない（ブレーキや規律が機能しない）,ブレーキの壊れた車,「よだれが止まらない食欲の爆発」とかけて、「ブレーキの壊れた車」と解く。その心は「どちらも『抑えが利かない』でしょう。」,
,多義語型,よだれが止まらない食欲の爆発,皿の上の食べ物を全て食べる、容器を空にする,からにする,皿を空にする,金庫を空にする,大金を盗んだ泥棒,「よだれが止まらない食欲の爆発」とかけて、「大金を盗んだ泥棒」と解く。その心は「どちらも『空にする』でしょう。」,
,フレーズ・慣用句型,よだれが止まらない食欲の爆発,食欲を我慢できない、理性を保てない,がまんできない,我慢できない（食欲）,我慢できない（秘密、排泄、痛みなど）,尿意を催した子供,「よだれが止まらない食欲の爆発」とかけて、「尿意を催した子供」と解く。その心は「どちらも『我慢できない』でしょう。」,
,フレーズ・慣用句型,よだれが止まらない食欲の爆発,特定の食べ物に非常に目がない、大好物,めがない,好物に目がない,目が見えない（視力がない）,暗闇で手探りする人,「よだれが止まらない食欲の爆発」とかけて、「暗闇で手探りする人」と解く。その心は「どちらも『目がない』でしょう。」,
,完全な同音異義語型,喉の奥がヒリヒリするような極限の渇き,喉の水分が完全に枯れて干からびている状態,かっすい,渇水（水が枯れている状態）,活水（活発に活動している水）,勢いよく流れる湧き水,「喉の奥がヒリヒリするような極限の渇き」とかけて、「勢いよく流れる湧き水」と解く。その心は『どちらも『かっすい』でしょう。』,
,多義語型,喉の奥がヒリヒリするような極限の渇き,水分が不足し、潤いが全くない状態,うるおい,潤い（水分が不足していること）,潤い（精神的なゆとりや経済的利益）,無味乾燥なビジネス社会,「喉の奥がヒリヒリするような極限の渇き」とかけて、「無味乾燥なビジネス社会」と解く。その心は『どちらも『潤いが足りない』でしょう。』,
,フレーズ・慣用句型,喉の奥がヒリヒリするような極限の渇き,水分を強く欲し、手に入れたいと切望する状態,みずをほしがる,水を欲しがる（飲料水を求めること）,水を欲しがる（不当な利益や情報を求めること）,選挙前の政治家,「喉の奥がヒリヒリするような極限の渇き」とかけて、「選挙前の政治家」と解く。その心は『どちらも『水を欲しがる』でしょう。』,
,完全な同音異義語型,喉の奥がヒリヒリするような極限の渇き,乾燥によって喉が痛く、鋭く感じる状態,しげき,刺激（喉のヒリヒリとした痛み）,刺激（活力を与える作用やきっかけ）,退屈な日常に変化をもたらすイベント,「喉の奥がヒリヒリするような極限の渇き」とかけて、「退屈な日常に変化をもたらすイベント」と解く。その心は『どちらも『刺激がある』でしょう。』,
,多義語型,喉の奥がヒリヒリするような極限の渇き,水分がなくなり、干からびている状態,かれる,枯れる（水分が尽きて乾燥すること）,枯れる（経験を積んで円熟し、落ち着きが出ること）,長年の経験を持つベテラン職人,「喉の奥がヒリヒリするような極限の渇き」とかけて、「長年の経験を持つベテラン職人」と解く。その心は『どちらも『枯れている』でしょう。』,
,フレーズ・慣用句型,喉の奥がヒリヒリするような極限の渇き,生理的に水分を強く求める状態,のどがかわく,喉が渇く（生理的に水を求めること）,喉が渇く（知識や情報を強く求めること）,知識を吸収しようと意欲的な学生,「喉の奥がヒリヒリするような極限の渇き」とかけて、「知識を吸収しようと意欲的な学生」と解く。その心は『どちらも『喉が渇く』でしょう。』,
,多義語型,ホッと胸をなでおろすおふくろの味の安心感,心が安定し、不安や緊張がなくなる精神状態,おちつく,落ち着く（心が安らぐ）,落ち着く（物が据わる、静止する）,満月の夜に湖面に映る月,ホッと胸をなでおろすおふくろの味の安心感とかけて、満月の夜に湖面に映る月と解く。その心は『どちらも落ち着くでしょう。』,
,フレーズ・慣用句型,ホッと胸をなでおろすおふくろの味の安心感,心が温まり、穏やかで幸福な気分になる感覚,ほっこり,ほっこり（心が温まるさま）,ほっこり（米などがふっくら炊けるさま）,炊きたての新米,ホッと胸をなでおろすおふくろの味の安心感とかけて、炊きたての新米と解く。その心は『どちらもほっこりするでしょう。』,
,完全な同音異義語型,ホッと胸をなでおろすおふくろの味の安心感,料理の風味や味わい,あじ,味（料理の風味）,アジ（魚の種類の名前）,旬の魚を獲る漁師,ホッと胸をなでおろすおふくろの味の安心感とかけて、旬の魚を獲る漁師と解く。その心は『どちらも味(アジ)があるでしょう。』,
,多義語型,ホッと胸をなでおろすおふくろの味の安心感,優しさや愛情で心を包み込むような感覚,つつみこむ,包み込む（優しさや愛情で心を包む）,包み込む（物理的に何かをくるんで覆う）,大事な赤ちゃんを毛布でくるむ親,ホッと胸をなでおろすおふくろの味の安心感とかけて、大事な赤ちゃんを毛布でくるむ親と解く。その心は『どちらも包み込むでしょう。』,
,フレーズ・慣用句型,ホッと胸をなでおろすおふくろの味の安心感,精神的な幸福感や満足感で心が満たされる状態,こころがあたたまる,心が温まる（精神的な幸福感）,体が温まる（物理的に体温が上昇する）,凍えるような冬の日に温泉に浸かる人,ホッと胸をなでおろすおふくろの味の安心感とかけて、凍えるような冬の日に温泉に浸かる人と解く。その心は『どちらも心が温まるでしょう。』,
,完全な同音異義語型,ホッと胸をなでおろすおふくろの味の安心感,心配事がなくなり、ホッと一息つくような気持ち,あんど,安堵（安らかな気持ち）,行灯（和風の照明器具）,暗い夜道を照らす道具,ホッと胸をなでおろすおふくろの味の安心感とかけて、暗い夜道を照らす道具と解く。その心は『どちらも安堵(行灯)でしょう。』,
,完全な同音異義語型,飛び上がるほど美味しいと感じる三ツ星の感動,究極の満足感、最高の評価、感嘆の極み,さいこう,最高,最古,太古の化石,飛び上がるほど美味しいと感じる三ツ星の感動とかけて、太古の化石と解く。その心は「どちらも『最高（最古）』でしょう。」,
,完全な同音異義語型,飛び上がるほど美味しいと感じる三ツ星の感動,最高の品質、特別な存在、期待されるもの,ほし,星,干し,雨上がりの洗濯物,飛び上がるほど美味しいと感じる三ツ星の感動とかけて、雨上がりの洗濯物と解く。その心は「どちらも『星（干し）』でしょう。」,
,多義語型,飛び上がるほど美味しいと感じる三ツ星の感動,気分が高揚する、評価が向上する、喜びが満ちる,あがる,上がる,上がる,初めて舞台に立つ新人の役者,飛び上がるほど美味しいと感じる三ツ星の感動とかけて、初めて舞台に立つ新人の役者と解く。その心は「どちらも『上がる』でしょう。」,
,多義語型,飛び上がるほど美味しいと感じる三ツ星の感動,喜びで体が反応する、地面から離れるような感覚,とびあがる,飛び上がる,飛び上がる,宇宙を目指すロケット,飛び上がるほど美味しいと感じる三ツ星の感動とかけて、宇宙を目指すロケットと解く。その心は「どちらも『飛び上がる』でしょう。」,
,フレーズ・慣用句型,飛び上がるほど美味しいと感じる三ツ星の感動,精神的な高揚感、期待で胸が膨らむ、喜びで落ち着かない,こころがおどる,心が躍る,心が躍る,激しい運動をした後のマラソンランナー,飛び上がるほど美味しいと感じる三ツ星の感動とかけて、激しい運動をした後のマラソンランナーと解く。その心は「どちらも『心が躍る』でしょう。」,
,フレーズ・慣用句型,飛び上がるほど美味しいと感じる三ツ星の感動,究極の幸福感、この上ない喜び、別世界にいるような感覚,てんにものぼるここち,天にも昇る心地,天にも昇る心地,大空を優雅に進む飛行船,飛び上がるほど美味しいと感じる三ツ星の感動とかけて、大空を優雅に進む飛行船と解く。その心は「どちらも『天にも昇る心地』でしょう。」,
,完全な同音異義語型,満腹すぎてお腹がはち切れそうな苦しさ,食べ過ぎてお腹が膨れてパンパンになる状態、胃が張る,はる,お腹が「張る」,春,新しい命が芽吹く季節,「満腹すぎてお腹がはち切れそうな苦しさ」とかけて、「新しい命が芽吹く季節」と解く。その心は『どちらも「はる(張る/春)」』でしょう。,
,多義語型,満腹すぎてお腹がはち切れそうな苦しさ,これ以上食べ物が胃に「収まりきらない」、限界を迎えている,おさまらない,胃に「収まらない」,事態や気持ちが「治まらない」（落ち着かない、静まらない）,激しい喧嘩や、怒りが収まらない人,「満腹すぎてお腹がはち切れそうな苦しさ」とかけて、「激しい喧嘩や、怒りが収まらない人」と解く。その心は『どちらも「おさまらない」』でしょう。,
,フレーズ・慣用句型,満腹すぎてお腹がはち切れそうな苦しさ,お腹が限界まで膨らみ、今にも破裂しそうな状態,いまにもはちきれそうだ,お腹が「今にもはち切れそうだ」,喜びや期待で胸が「今にもはち切れそうだ」,宝くじに当たった人、プロポーズが成功した人,「満腹すぎてお腹がはち切れそうな苦しさ」とかけて、「宝くじに当たった人」と解く。その心は『どちらも「今にもはち切れそうだ」』でしょう。,
,完全な同音異義語型,満腹すぎてお腹がはち切れそうな苦しさ,これ以上、食事を「受け入れられない」、容量オーバー,うけつけない,これ以上食べ物を「受け付けない」,相手の意見や申し入れを「受け付けない」,頑固で融通の利かない人,「満腹すぎてお腹がはち切れそうな苦しさ」とかけて、「頑固で融通の利かない人」と解く。その心は『どちらも「受け付けない」』でしょう。,
,多義語型,満腹すぎてお腹がはち切れそうな苦しさ,食べ物を詰め込みすぎて「パンク」寸前、限界に達している,ぱんく,お腹が「パンク」寸前,車のタイヤが「パンク」する、仕事の処理能力が「パンク」する,長距離走行した自転車のタイヤ、業務過多で処理能力を超えたビジネスマン,「満腹すぎてお腹がはち切れそうな苦しさ」とかけて、「業務過多で処理能力を超えたビジネスマン」と解く。その心は『どちらも「パンク」寸前』でしょう。,
,フレーズ・慣用句型,満腹すぎてお腹がはち切れそうな苦しさ,食べ過ぎて胃が重苦しい、不快な状態,いがもたれる,「胃がもたれる」,責任の重さや心配事で「胃がもたれる」ような気持ちになる,重要な責任を任された新人、大きな秘密を抱えた人,「満腹すぎてお腹がはち切れそうな苦しさ」とかけて、「重要な責任を任された新人」と解く。その心は『どちらも「胃がもたれる」』でしょう。,
,完全な同音異義語型,腐ったものを食べた時の背筋が凍る恐怖,食中毒などで体に悪い影響が『あたる』感覚,あたる,当たる（体に悪影響が当たる）,当たる（宝くじが当たる）,宝くじに当たって狂喜乱舞する人,腐ったものを食べた時の背筋が凍る恐怖とかけて、宝くじに当たって狂喜乱舞する人と解く。その心は『どちらも「あたる」でしょう。』,
,完全な同音異義語型,腐ったものを食べた時の背筋が凍る恐怖,口の中に広がる不快な『味』,あじ,味（不快な味）,アジア（大陸名）,世界地図に載っている大陸,腐ったものを食べた時の背筋が凍る恐怖とかけて、世界地図に載っている大陸と解く。その心は『どちらも「アジア」でしょう。』,
,多義語型,腐ったものを食べた時の背筋が凍る恐怖,食べ物の状態が『悪い』、または気分が『悪い』,わるい,悪い（食べ物の状態や気分）,悪い（運が悪い、行いが悪い）,運に見放されてばかりのギャンブラー,腐ったものを食べた時の背筋が凍る恐怖とかけて、運に見放されてばかりのギャンブラーと解く。その心は『どちらも「悪い」でしょう。』,
,多義語型,腐ったものを食べた時の背筋が凍る恐怖,恐怖で背筋や体が『凍る』ような感覚,こおる,凍る（背筋や体が凍る感覚）,凍る（水が凍る物理現象）,冬の寒い日に湖の表面に張る氷,腐ったものを食べた時の背筋が凍る恐怖とかけて、冬の寒い日に湖の表面に張る氷と解く。その心は『どちらも「凍る」でしょう。』,
,フレーズ・慣用句型,腐ったものを食べた時の背筋が凍る恐怖,恐怖で体が硬直し、姿勢が『背筋が通る』ように固まる,せすじがとおる,背筋が通る（恐怖で体が硬直する比喩）,背筋が通る（姿勢が良い、堂々としている）,姿勢が良く、堂々とした態度でスピーチをする人,腐ったものを食べた時の背筋が凍る恐怖とかけて、姿勢が良く、堂々とした態度でスピーチをする人と解く。その心は『どちらも「背筋が通る」でしょう。』,
,フレーズ・慣用句型,腐ったものを食べた時の背筋が凍る恐怖,絶望的な状況で「もうおしまいだ」と感じる,もうおしまい,もうおしまい（絶望的な状況）,もうおしまい（物事が完全に終了する）,閉園時間になり、誰もいなくなった遊園地,腐ったものを食べた時の背筋が凍る恐怖とかけて、閉園時間になり、誰もいなくなった遊園地と解く。その心は『どちらも「もうおしまい」でしょう。』,
,完全な同音異義語型,泥を舐めるようなまずさで顔が歪む嫌悪感,味覚が非常に悪く、不快感が強い,にがい,苦い（味覚が）,苦い（経験が）,若い頃の失敗談を語る先輩,「泥を舐めるようなまずさで顔が歪む嫌悪感」とかけて、「若い頃の失敗談を語る先輩」と解く。その心は『どちらも「苦い（にがい）」でしょう。』,
,完全な同音異義語型,泥を舐めるようなまずさで顔が歪む嫌悪感,不味さによって顔の表情が崩れる,ゆがむ,歪む（顔が）,歪む（形や性格が）,地震で傾いた古い家,「泥を舐めるようなまずさで顔が歪む嫌悪感」とかけて、「地震で傾いた古い家」と解く。その心は『どちらも「歪む（ゆがむ）」でしょう。』,
,多義語型,泥を舐めるようなまずさで顔が歪む嫌悪感,あまりの不味さに実際に吐き気を催すほどの不快感,はきけがする,吐き気がする（実際に吐きそうになる感覚）,吐き気がする（許せない行為などに対する嫌悪感）,許しがたい不正行為を目撃した人,「泥を舐めるようなまずさで顔が歪む嫌悪感」とかけて、「許しがたい不正行為を目撃した人」と解く。その心は『どちらも「吐き気がする」でしょう。』,
,多義語型,泥を舐めるようなまずさで顔が歪む嫌悪感,味覚がとても悪い、許容できないほど酷い状態,ひどい,酷い（味覚が）,酷い（状況や行いが）,上司からのパワハラに苦しむ部下,「泥を舐めるようなまずさで顔が歪む嫌悪感」とかけて、「上司からのパワハラに苦しむ部下」と解く。その心は『どちらも「酷い（ひどい）」でしょう。』,
,フレーズ・慣用句型,泥を舐めるようなまずさで顔が歪む嫌悪感,あまりに不味くて好みに合わない,くちにあわない,口に合わない（味覚が）,口に合わない（考え方や意見が）,価値観が全く違う友人と会話している人,「泥を舐めるようなまずさで顔が歪む嫌悪感」とかけて、「価値観が全く違う友人と会話している人」と解く。その心は『どちらも「口に合わない」でしょう。』,
,フレーズ・慣用句型,泥を舐めるようなまずさで顔が歪む嫌悪感,不快感から顔に不満そうな表情を作る,かおをしかめる,顔を顰める（不味さや物理的苦痛で）,顔を顰める（他人の無礼な態度や不快な言動に）,公共の場で無作法な振る舞いをする人を見た通行人,「泥を舐めるようなまずさで顔が歪む嫌悪感」とかけて、「公共の場で無作法な振る舞いをする人を見た通行人」と解く。その心は『どちらも「顔を顰める」でしょう。』,
,完全な同音異義語型,深夜のラーメンの抗えない罪深い誘惑,食べたい欲求を抑えるのが難しい感覚、食べると重くなる身体への影響,がまん,我慢（欲望を抑えること）,画板（絵を描くための板）,美術の授業で使う絵を描くための板,深夜のラーメンの抗えない罪深い誘惑とかけて、美術の授業で使う絵を描くための板と解く。その心は『どちらも【我慢/画板】』でしょう。,
,完全な同音異義語型,深夜のラーメンの抗えない罪深い誘惑,食べると胃に負担がかかる、体が重く感じる,おもい,重い（胃への物理的な負担）,想い（人の気持ち）,遠く離れた恋人への気持ち,深夜のラーメンの抗えない罪深い誘惑とかけて、遠く離れた恋人への気持ちと解く。その心は『どちらも【重い/想い】』でしょう。,
,多義語型,深夜のラーメンの抗えない罪深い誘惑,食べると体が重くなる、胃に負担がかかる,おもい,重い（物理的な重さ、胃への負担）,重い（雰囲気や責任の重さ）,国の未来を左右する重要な会議の雰囲気,深夜のラーメンの抗えない罪深い誘惑とかけて、国の未来を左右する重要な会議の雰囲気と解く。その心は『どちらも【重い】』でしょう。,
,多義語型,深夜のラーメンの抗えない罪深い誘惑,一度食べ始めると食べるのを止められない,やめられない,止められない（食べる行為を中断できない）,止められない（勢いがありすぎて制止できない）,勢いがつきすぎて止まらない流行,深夜のラーメンの抗えない罪深い誘惑とかけて、勢いがつきすぎて止まらない流行と解く。その心は『どちらも【止められない】』でしょう。,
,フレーズ・慣用句型,深夜のラーメンの抗えない罪深い誘惑,健康への意識や自制心が薄れる、リラックスしすぎる,きがゆるむ,気が緩む（自制心がなくなる、リラックスしすぎる）,気が緩む（緊張が解ける、警戒心が薄れる）,大役を終えて故郷に帰った後の政治家,深夜のラーメンの抗えない罪深い誘惑とかけて、大役を終えて故郷に帰った後の政治家と解く。その心は『どちらも【気が緩む】』でしょう。,
,フレーズ・慣用句型,深夜のラーメンの抗えない罪深い誘惑,食べると後で健康や体型に悪い影響が出る,あとでひびく,後で響く（後から悪い影響が出る、後悔する）,後で響く（音や声が時間差で伝わる）,山の頂上から叫んだ声,深夜のラーメンの抗えない罪深い誘惑とかけて、山の頂上から叫んだ声と解く。その心は『どちらも【後で響く】』でしょう。,
,完全な同音異義語型,辛いダイエット中の甘いものへの狂おしい執着,欲求を抑えきれない、強く惹きつけられ、心が奪われる。,とらわれる,囚われる（甘いものに心が囚われる）,捕らわれる（敵に捕らわれる）,敵に捕まった兵士,辛いダイエット中の甘いものへの狂おしい執着とかけて、敵に捕まった兵士と解く。その心は「どちらも『とらわれる』でしょう。」,
,完全な同音異義語型,辛いダイエット中の甘いものへの狂おしい執着,誘惑される、衝動に駆られる。,かられる,駆られる（食欲に駆られる）,枯れる（水分がなくなり、植物が弱ること）,水を与えられない植木,辛いダイエット中の甘いものへの狂おしい執着とかけて、水を与えられない植木と解く。その心は「どちらも『かられる』でしょう。」,
,多義語型,辛いダイエット中の甘いものへの狂おしい執着,視線や意識が集中する、一点を見つめるように求める。,めをはなせない,目を離せない（甘いものから目を離せない、意識が集中している）,目を離せない（危険を察知するため、見守る必要がある）,よちよち歩きの赤ちゃんを持つ親,辛いダイエット中の甘いものへの狂おしい執着とかけて、よちよち歩きの赤ちゃんを持つ親と解く。その心は「どちらも『目を離せない』でしょう。」,
,多義語型,辛いダイエット中の甘いものへの狂おしい執着,強い欲求が内側から湧き上がる、抑えきれない感情。,こみあげる,込み上げる（食欲が込み上げる）,込み上げる（物理的に下から上に物が湧き出る、感情が激しく込み上げる）,火山のマグマ,辛いダイエット中の甘いものへの狂おしい執着とかけて、火山のマグマと解く。その心は「どちらも『込み上げる』でしょう。」,
,フレーズ・慣用句型,辛いダイエット中の甘いものへの狂おしい執着,意識が甘いものばかりに向き、他のことが手につかない。,こころここにあらず,心ここにあらず（甘いものへの執着で、心が落ち着かない状態）,心ここにあらず（集中力が散漫で、目の前のことに意識がない状態）,退屈な会議中に上の空の社員,辛いダイエット中の甘いものへの狂おしい執着とかけて、退屈な会議中に上の空の社員と解く。その心は「どちらも『心ここにあらず』でしょう。」,
,フレーズ・慣用句型,辛いダイエット中の甘いものへの狂おしい執着,甘いものに強く惹かれ、理性的な判断が鈍る。,めがくらむ,目が眩む（甘いものの誘惑に目が眩む）,目が眩む（急な光や衝撃で一時的に視覚が失われる）,強いフラッシュを浴びた人,辛いダイエット中の甘いものへの狂おしい執着とかけて、強いフラッシュを浴びた人と解く。その心は「どちらも『目が眩む』でしょう。」,
,完全な同音異義語型,高級食材を前にして手が震えるプレッシャー,食材の価値が非常に高いこと、それに伴うプレッシャーやハードルの高さ,たかい,高い（価値が『高い』、ハードルが『高い』）,高い（空が『高い』、背が『高い』）,空を飛ぶ鳥,高級食材を前にして手が震えるプレッシャーとかけて、空を飛ぶ鳥と解く。その心は『どちらも『高い』でしょう。』,
,完全な同音異義語型,高級食材を前にして手が震えるプレッシャー,物理的に手が震えること、心理的な緊張,ふるえる,震える（緊張で手が『震える』）,震える（寒さで体が『震える』）,冬の朝、極寒の屋外でバスを待つ人,高級食材を前にして手が震えるプレッシャーとかけて、冬の朝、極寒の屋外でバスを待つ人と解く。その心は『どちらも『震える』でしょう。』,
,多義語型,高級食材を前にして手が震えるプレッシャー,極度の緊張感、精神的な集中,はりつめる,張り詰める（緊張感が『張り詰める』）,張り詰める（弓の弦や風船がパンパンに『張り詰める』）,弓道家,高級食材を前にして手が震えるプレッシャーとかけて、弓道家と解く。その心は『どちらも『張り詰める』でしょう。』,
,多義語型,高級食材を前にして手が震えるプレッシャー,食材を包丁で切るという行為、失敗すると台無しになるという心理,きる,切る（食材を『切る』、または集中力が『切れる』と失敗する）,切る（電話を『切る』、縁を『切る』）,悪質なセールス電話を処理するビジネスパーソン,高級食材を前にして手が震えるプレッシャーとかけて、悪質なセールス電話を処理するビジネスパーソンと解く。その心は『どちらも『切る』でしょう。』,
,フレーズ・慣用句型,高級食材を前にして手が震えるプレッシャー,極めて繊細な作業への集中と、それによる精神的負担,しんけいをつかう,神経を使う（繊細な作業で精神的な集中力を要する）,神経を使う（細部まで気を配り、心を砕く）,プレゼンテーション前の入念な準備をする人,高級食材を前にして手が震えるプレッシャーとかけて、プレゼンテーション前の入念な準備をする人と解く。その心は『どちらも『神経を使う』でしょう。』,
,フレーズ・慣用句型,高級食材を前にして手が震えるプレッシャー,緊張感で思わず息を止めるような状態,いきをのむ,息をのむ（極度の緊張で固まる、静かに見守る）,息をのむ（絶景や危険な状況に圧倒されて固まる）,サーカスで空中ブランコを見る観客,高級食材を前にして手が震えるプレッシャーとかけて、サーカスで空中ブランコを見る観客と解く。その心は『どちらも『息をのむ』でしょう。』,
,完全な同音異義語型,異物混入のニュースに鳥肌が立つ不信感,恐怖や嫌悪で皮膚に「立つ」鳥肌,たつ,立つ（鳥肌が立つ）,建つ（建物が建つ）,新しいビルを建設する様子,異物混入のニュースに鳥肌が立つ不信感とかけて、新しいビルを建設する様子と解く。その心は『どちらも【立つ】でしょう。』,
,多義語型,異物混入のニュースに鳥肌が立つ不信感,物事への「疑い」や信用できない気持ち,うたがい,疑い（不信感）,疑い（容疑）,捜査中の刑事事件,異物混入のニュースに鳥肌が立つ不信感とかけて、捜査中の刑事事件と解く。その心は『どちらも【疑い】があるでしょう。』,
,フレーズ・慣用句型,異物混入のニュースに鳥肌が立つ不信感,本来あるべきでない「余計なもの」が入っている,よけいなもの,余計なもの（異物）,余計なもの（無用な口出し、おせっかい）,人の会話に不必要なアドバイスをする人,異物混入のニュースに鳥肌が立つ不信感とかけて、人の会話に不必要なアドバイスをする人と解く。その心は『どちらも【余計なもの】があるでしょう。』,
,完全な同音異義語型,異物混入のニュースに鳥肌が立つ不信感,信用できない「信」の欠如,しん,信（不信感の「信」）,芯（鉛筆やシャープペンシルの「芯」）,文字を書くための道具,異物混入のニュースに鳥肌が立つ不信感とかけて、文字を書くための道具と解く。その心は『どちらも【芯】が大切でしょう。』,
,多義語型,異物混入のニュースに鳥肌が立つ不信感,嫌悪感や恐怖で「ぞっとする」感覚,ぞっとする,ぞっとする（感情的な嫌悪や恐怖）,ぞっとする（寒さによる身震い）,凍えるような冬の夜道,異物混入のニュースに鳥肌が立つ不信感とかけて、凍えるような冬の夜道と解く。その心は『どちらも【ぞっとする】でしょう。』,
,フレーズ・慣用句型,異物混入のニュースに鳥肌が立つ不信感,商品や企業への「期待を裏切る」行為,きたいをうらぎる,期待を裏切る（品質への裏切り）,期待を裏切る（人間関係での裏切り）,友情を裏切った旧友,異物混入のニュースに鳥肌が立つ不信感とかけて、友情を裏切った旧友と解く。その心は『どちらも【期待を裏切る】でしょう。』,
,完全な同音異義語型,思い出すだけで胸が痛む子供の頃の給食のトラウマ,嫌いな食べ物を無理に飲み込むことへの抵抗、拒否感,のみこむ,飲み込む（食べ物を無理に飲み込む、拒否したい気持ち）,呑み込む（状況や事実を受け入れる、隠蔽する）,重大な秘密を抱えたスパイ,思い出すだけで胸が痛む子供の頃の給食のトラウマとかけて、重大な秘密を抱えたスパイと解く。その心は「どちらも『なかなか飲み込めない』でしょう。」,
,多義語型,思い出すだけで胸が痛む子供の頃の給食のトラウマ,食べ残しを先生に叱られる、時間が過ぎても食べ終わらない焦り,のこす,残す（食べ物を残す、残飯）,残す（後世に遺す、記録を留める、爪痕を残す）,歴史に名を刻む偉人,思い出すだけで胸が痛む子供の頃の給食のトラウマとかけて、歴史に名を刻む偉人と解く。その心は「どちらも『何かを残す』でしょう。」,
,フレーズ・慣用句型,思い出すだけで胸が痛む子供の頃の給食のトラウマ,嫌いなもの、苦手なものに直面する衝撃や戸惑い,めんをくらう,面を食らう（予想外の出来事に驚き戸惑う、嫌なメニューに遭遇する）,面を食らう（剣道で一本を取られる、直接攻撃を受ける）,剣道で一本を取られた選手,思い出すだけで胸が痛む子供の頃の給食のトラウマとかけて、剣道で一本を取られた選手と解く。その心は「どちらも『面を食らう』でしょう。」,
,完全な同音異義語型,思い出すだけで胸が痛む子供の頃の給食のトラウマ,嫌いなものが目の前に出されたときの嫌悪感、苦痛,にがて,苦手（嫌いな食べ物、得意でないこと）,苦手（囲碁や将棋で、得意な相手、なかなか勝てない相手）,囲碁でどうしても勝てない相手,思い出すだけで胸が痛む子供の頃の給食のトラウマとかけて、囲碁でどうしても勝てない相手と解く。その心は「どちらも『苦手だ』でしょう。」,
,多義語型,思い出すだけで胸が痛む子供の頃の給食のトラウマ,恐怖や嫌悪で体が硬直する、気持ちが動かせなくなる感覚,かたまる,固まる（体が固まる、気持ちが固まる、恐怖で動けなくなる）,固まる（液状のものが凝固する、決意が固まる、集まってくる）,熱した溶岩が冷えて大地を作る様子,思い出すだけで胸が痛む子供の頃の給食のトラウマとかけて、熱した溶岩が冷えて大地を作る様子と解く。その心は「どちらも『固まる』でしょう。」,
,フレーズ・慣用句型,思い出すだけで胸が痛む子供の頃の給食のトラウマ,嫌なものを無理に受け入れることへの拒否反応、体調不良,いにさわる,胃に障る（嫌悪感で胃の調子が悪くなる、精神的な負担で体調を崩す）,胃に障る（物理的に消化器系の負担になる食べ物、胃の病気）,刺激の強い香辛料を多用した料理,思い出すだけで胸が痛む子供の頃の給食のトラウマとかけて、刺激の強い香辛料を多用した料理と解く。その心は「どちらも『胃に障る』でしょう。」,
,完全な同音異義語型,ジワジワと腹の底から湧き上がる大盛りへの後悔,食べ過ぎて胃に負担がかかり、不快感が残る状態,もたれる,胃がもたれる,寄りかかる,頼れる先輩に相談する新人,「ジワジワと腹の底から湧き上がる大盛りへの後悔」とかけて、「頼れる先輩に相談する新人」と解く。その心は『どちらも「もたれる」でしょう。』,
,完全な同音異義語型,ジワジワと腹の底から湧き上がる大盛りへの後悔,食べ過ぎて物理的に満腹で限界の状態,いっぱいいっぱい,お腹がいっぱいいっぱい,精一杯（精神的に限界）,納期に追われ、頭を抱えるデザイナー,「ジワジワと腹の底から湧き上がる大盛りへの後悔」とかけて、「納期に追われ、頭を抱えるデザイナー」と解く。その心は『どちらも「いっぱいいっぱい」でしょう。』,
,多義語型,ジワジワと腹の底から湧き上がる大盛りへの後悔,食べ過ぎによる胃の重さ、不快感,おもい,胃が重い,気持ちが重い,憂鬱な月曜日の朝に職場に向かう会社員,「ジワジワと腹の底から湧き上がる大盛りへの後悔」とかけて、「憂鬱な月曜日の朝に職場に向かう会社員」と解く。その心は『どちらも「重い」でしょう。』,
,多義語型,ジワジワと腹の底から湧き上がる大盛りへの後悔,食べきれずに食べ物を残してしまう可能性,のこす,（食べ物を）残す,（功績や遺産などを）残す,偉大な功績を後世に残した学者,「ジワジワと腹の底から湧き上がる大盛りへの後悔」とかけて、「偉大な功績を後世に残した学者」と解く。その心は『どちらも「残す」でしょう。』,
,フレーズ・慣用句型,ジワジワと腹の底から湧き上がる大盛りへの後悔,満腹で物理的に動けない状態,みうごきがとれない,身動きが取れない,身動きが取れない,立ち往生している交通渋滞の車,「ジワジワと腹の底から湧き上がる大盛りへの後悔」とかけて、「立ち往生している交通渋滞の車」と解く。その心は『どちらも「身動きが取れない」でしょう。』,
,フレーズ・慣用句型,ジワジワと腹の底から湧き上がる大盛りへの後悔,食べ物を消化しきれない、量が多すぎて対処できない,しょりしきれない,（食べ物を）処理しきれない,（仕事や問題を）処理しきれない,膨大なタスクに追われるプロジェクトマネージャー,「ジワジワと腹の底から湧き上がる大盛りへの後悔」とかけて、「膨大なタスクに追われるプロジェクトマネージャー」と解く。その心は『どちらも「処理しきれない」でしょう。』,
,フレーズ・慣用句型,アレルギー発症の息が詰まるような恐怖,物理的に呼吸が困難になる、精神的な圧迫感,いきがつまる,息が詰まる（呼吸困難や精神的圧迫）,息が詰まる（緊迫した状況や感動で言葉が出ない）,プロ棋士の緊迫した対局,アレルギー発症の息が詰まるような恐怖とかけて、プロ棋士の緊迫した対局と解く。その心は「どちらも『息が詰まる』でしょう。」,
,完全な同音異義語型,アレルギー発症の息が詰まるような恐怖,生命を脅かす心身の苦痛、不安な感情,きょうふ,恐怖（心身を襲う不安感）,強風（自然現象の強い風）,台風接近時の荒れた海,アレルギー発症の息が詰まるような恐怖とかけて、台風接近時の荒れた海と解く。その心は「どちらも『きょうふ』でしょう。」,
,多義語型,アレルギー発症の息が詰まるような恐怖,命に関わる危険な状態,あぶない,危ない（生命の危険が迫る）,危ない（未熟で失敗しそうな状態）,綱渡りの芸人,アレルギー発症の息が詰まるような恐怖とかけて、綱渡りの芸人と解く。その心は「どちらも『危ない』でしょう。」,
,完全な同音異義語型,アレルギー発症の息が詰まるような恐怖,症状が発現する、何かが始まる,おこる,起こる（症状が発生する）,怒る（感情が激しくなる）,上司に叱られた部下,アレルギー発症の息が詰まるような恐怖とかけて、上司に叱られた部下と解く。その心は「どちらも『おこる』でしょう。」,
,フレーズ・慣用句型,アレルギー発症の息が詰まるような恐怖,体が思うように動かせない、呼吸が困難な状態,じゆうがきかない,自由が利かない（呼吸や身体の動きに制限がある）,自由が利かない（行動や金銭に制限がある）,刑務所の囚人,アレルギー発症の息が詰まるような恐怖とかけて、刑務所の囚人と解く。その心は「どちらも『自由が利かない』でしょう。」,
,多義語型,アレルギー発症の息が詰まるような恐怖,気道などが塞がる、塞がってしまう,つまる,詰まる（喉や気道が塞がる）,詰まる（物事が行き詰まる、時間がなくなる）,納期が間近に迫った仕事,アレルギー発症の息が詰まるような恐怖とかけて、納期が間近に迫った仕事と解く。その心は「どちらも『詰まる』でしょう。」,
,多義語型,栄養不足で目の前が真っ暗になる立ち眩み,視界が遮られ、物が見えなくなる状態,めがくらむ,目が暗む（視界が真っ暗になる）,目が眩む（欲や高額なものに心を奪われる）,欲に目がくらんだ人,「栄養不足で目の前が真っ暗になる立ち眩み」とかけて、「欲に目がくらんだ人」と解く。その心は『どちらも目がくらむ』でしょう。,
,多義語型,栄養不足で目の前が真っ暗になる立ち眩み,体が不安定になり、揺れ動く,ふらつく,ふらつく（体が不安定になる）,ふらつく（経営や計画が不安定になる）,経営が不安定な会社,「栄養不足で目の前が真っ暗になる立ち眩み」とかけて、「経営が不安定な会社」と解く。その心は『どちらもふらつく』でしょう。,
,フレーズ・慣用句型,栄養不足で目の前が真っ暗になる立ち眩み,立ち上がる際に視界が暗くなる現象,たちくらみ,立ち眩み（身体的な症状）,立ち暗み（将来の見通しが暗いこと、先行き不安）,先が見えないプロジェクト,「栄養不足で目の前が真っ暗になる立ち眩み」とかけて、「先が見えないプロジェクト」と解く。その心は『どちらも立ち暗み』でしょう。,
,フレーズ・慣用句型,栄養不足で目の前が真っ暗になる立ち眩み,意識が遠のき、集中力を失う状態,きをうしなう,気を失う（意識を失いかける）,気を失う（やる気や集中力を失う）,やる気をなくした選手,「栄養不足で目の前が真っ暗になる立ち眩み」とかけて、「やる気をなくした選手」と解く。その心は『どちらも気を失う』でしょう。,
,完全な同音異義語型,栄養不足で目の前が真っ暗になる立ち眩み,栄養分が足りていない状態,ふそく,不足（栄養が足りないこと）,不測（予期せぬ出来事）,予期せぬトラブル,「栄養不足で目の前が真っ暗になる立ち眩み」とかけて、「予期せぬトラブル」と解く。その心は『どちらも不測』でしょう。,
,完全な同音異義語型,栄養不足で目の前が真っ暗になる立ち眩み,立ち上がる動作、直立すること,きりつ,起立（立ち上がる動作）,規律（規則、秩序）,軍隊の規律,「栄養不足で目の前が真っ暗になる立ち眩み」とかけて、「軍隊の規律」と解く。その心は『どちらも規律』でしょう。,
,完全な同音異義語型,初めて食べる異国の料理への胸躍る好奇心,未知の味覚体験へのわくわくする感情、期待,きたい,未知の味に「期待」する,飛行機の「機体」,空港で整備中の飛行機,初めて食べる異国の料理への胸躍る好奇心とかけて、空港で整備中の飛行機と解く。その心は『どちらも「きたい（期待/機体）」でしょう。』,
,多義語型,初めて食べる異国の料理への胸躍る好奇心,未知の味の正体を探ろうとする行為,さぐる,どんな味か「探る」,暗闇の中を手で「探る」,暗闇で落とし物を探している人,初めて食べる異国の料理への胸躍る好奇心とかけて、暗闇で落とし物を探している人と解く。その心は『どちらも「（正体を）探る」でしょう。』,
,フレーズ・慣用句型,初めて食べる異国の料理への胸躍る好奇心,感情が高まり、わくわくする様子,むねがおどる,「胸が踊る」ような感覚,株価が激しく変動して「踊る」,乱高下を続ける株価,初めて食べる異国の料理への胸躍る好奇心とかけて、乱高下を続ける株価と解く。その心は『どちらも「（感情や数字が）踊る」でしょう。』,
,完全な同音異義語型,初めて食べる異国の料理への胸躍る好奇心,未知の感覚としての「味」そのもの,あじ,新しい「味」に期待する,魚の「鯵」,新鮮な魚介を扱う魚屋,初めて食べる異国の料理への胸躍る好奇心とかけて、新鮮な魚介を扱う魚屋と解く。その心は『どちらも「あじ（味/鯵）」が気になるでしょう。』,
,多義語型,初めて食べる異国の料理への胸躍る好奇心,新しい世界や可能性を受け入れる、始める行為,ひらく,新たな味覚の世界が「開く」,新しいお店を「開く」,開業準備に忙しい店主,初めて食べる異国の料理への胸躍る好奇心とかけて、開業準備に忙しい店主と解く。その心は『どちらも「（新しい世界や事業を）開く」でしょう。』,
,フレーズ・慣用句型,初めて食べる異国の料理への胸躍る好奇心,食べ物を口の中に入れる行為,くちにする,初めての料理を「口にする」,噂や秘密を「口にする」,ゴシップ好きでうっかり秘密を漏らす人,初めて食べる異国の料理への胸躍る好奇心とかけて、ゴシップ好きでうっかり秘密を漏らす人と解く。その心は『どちらも「（味や情報を）口にする」でしょう。』,
,多義語型,自分の作った料理を褒められて顔が赤くなる羞恥心,顔が赤く変化する、色づく様子,そまる,染まる (顔が赤く染まる),染まる (色がつく、布などが染料によって色を変える),真っ白い布,「自分の作った料理を褒められて顔が赤くなる羞恥心」とかけて、「真っ白い布」と解く。その心は「どちらも『染まる』でしょう。」,
,フレーズ・慣用句型,自分の作った料理を褒められて顔が赤くなる羞恥心,周囲の視線が集中し、恥ずかしく感じる状態,めがきになる,目が気になる (周囲の視線や評価を気にする),目が気になる (視力や目の健康状態について心配する),視力検査を控えた人,「自分の作った料理を褒められて顔が赤くなる羞恥心」とかけて、「視力検査を控えた人」と解く。その心は「どちらも『目が気になる』でしょう。」,
,完全な同音異義語型,自分の作った料理を褒められて顔が赤くなる羞恥心,顔面が赤く変色する、照れて血が上る様子,あからむ,赤らむ (顔が赤くなる),明らむ (夜が明けて明るくなる),夜明け前の東の空,「自分の作った料理を褒められて顔が赤くなる羞恥心」とかけて、「夜明け前の東の空」と解く。その心は「どちらも『明らむ（赤らむ）』でしょう。」,
,多義語型,自分の作った料理を褒められて顔が赤くなる羞恥心,褒められすぎて顔が熱くなり、やや興奮したような状態,のぼせる,のぼせる (褒められて興奮状態になる、顔に血が上る),のぼせる (風呂などで湯気や熱によって頭がぼーっとする),長風呂で湯あたりしている人,「自分の作った料理を褒められて顔が赤くなる羞恥心」とかけて、「長風呂で湯あたりしている人」と解く。その心は「どちらも『のぼせる』でしょう。」,
,フレーズ・慣用句型,自分の作った料理を褒められて顔が赤くなる羞恥心,恥ずかしさから、顔をうつむかせたり視線を避ける動作,ふせる,伏せる (恥ずかしさで顔や目を伏せる),伏せる (カードを裏返す、犬が体を地面に伏せる),ゲームで手札を隠すポーカープレイヤー,「自分の作った料理を褒められて顔が赤くなる羞恥心」とかけて、「ゲームで手札を隠すポーカープレイヤー」と解く。その心は「どちらも『伏せる』でしょう。」,
,完全な同音異義語型,自分の作った料理を褒められて顔が赤くなる羞恥心,褒められて感じる恥ずかしさ、顔が赤くなる原因となる感情,はじ,恥 (羞恥心、恥ずかしい感情),端 (物の終わりや始まり、切れ端、糸のほつれなど),ほつれたセーターの糸,「自分の作った料理を褒められて顔が赤くなる羞恥心」とかけて、「ほつれたセーターの糸」と解く。その心は「どちらも『はじ（端/恥）』でしょう。」,
,完全な同音異義語型,誰にも邪魔されずに一人で食べる孤高の至福,他からの干渉がなく、純粋に食事を楽しむ状態,むじゃき,無邪気（飾り気なく楽しむさま）,無邪気（子供や動物に見られる、純真で素直な様子）,生まれたばかりの子犬,誰にも邪魔されずに一人で食べる孤高の至福とかけて、生まれたばかりの子犬と解く。その心は「どちらも無邪気」でしょう。,
,完全な同音異義語型,誰にも邪魔されずに一人で食べる孤高の至福,自分だけの特別な時間を確保している状態,どくせん,独占（自分ひとりが占めて楽しむこと）,独占（市場や情報をひとつの企業や個人が占めること）,市場を掌握する大企業,誰にも邪魔されずに一人で食べる孤高の至福とかけて、市場を掌握する大企業と解く。その心は「どちらも独占」でしょう。,
,多義語型,誰にも邪魔されずに一人で食べる孤高の至福,他人に気兼ねすることなく、自分の好きなように振る舞えること,きまま,気まま（自分の思うままに行動すること）,気まま（束縛されずに自由に過ごす様子）,飼い主のいない野良猫,誰にも邪魔されずに一人で食べる孤高の至福とかけて、飼い主のいない野良猫と解く。その心は「どちらも気まま」でしょう。,
,多義語型,誰にも邪魔されずに一人で食べる孤高の至福,心が満たされ、不足がない状態,まんぞく,満足（心が十分に満ち足りること）,満足（要求や期待が十分に満たされること）,厳しい検査をクリアした最新製品,誰にも邪魔されずに一人で食べる孤高の至福とかけて、厳しい検査をクリアした最新製品と解く。その心は「どちらも満足」でしょう。,
,フレーズ・慣用句型,誰にも邪魔されずに一人で食べる孤高の至福,自分だけのものとして、他人と共有せずに楽しむこと,ひとりじめ,一人占め（自分一人だけで占有して楽しむこと）,一人占め（あるものを他者に分け与えず自分だけで所有すること）,大好きな人気漫画を買い占めた子供,誰にも邪魔されずに一人で食べる孤高の至福とかけて、大好きな人気漫画を買い占めた子供と解く。その心は「どちらも一人占め」でしょう。,
,フレーズ・慣用句型,誰にも邪魔されずに一人で食べる孤高の至福,他人の都合や配慮を考えず、自分の思い通りに振る舞えること,わがまま,我が儘（他人の意向を顧みず、自分の思うままにすること）,我が儘（自己中心的で、他人のことを考えない言動）,周りを振り回すワガママな王様,誰にも邪魔されずに一人で食べる孤高の至福とかけて、周りを振り回すワガママな王様と解く。その心は「どちらも我が儘」でしょう。,
,完全な同音異義語型,大行列に並んでやっと食べられた時の涙が出るほどの達成感,長い苦労の末に得られた成果や報い。,かい,甲斐（苦労の甲斐がある）,貝（潮干狩りで獲る貝）,潮干狩りをする人,「大行列に並んでやっと食べられた時の涙が出るほどの達成感」とかけて、「潮干狩りをする人」と解く。その心は「どちらも『かい』があるでしょう。」,
,完全な同音異義語型,大行列に並んでやっと食べられた時の涙が出るほどの達成感,困難を乗り越えて、目標に到達すること。,たっする,達する（目標に達する）,脱する（危険を脱する）,危機的状況から抜け出した人,「大行列に並んでやっと食べられた時の涙が出るほどの達成感」とかけて、「危機的状況から抜け出した人」と解く。その心は「どちらも『たっする』でしょう。」,
,多義語型,大行列に並んでやっと食べられた時の涙が出るほどの達成感,努力や期待に対して良い結果が返ってくる、あるいはつらい状況に耐え忍ぶ。,こたえる,応える（期待に応える、努力が報われる）,堪える（つらさに堪える、涙を堪える）,厳しい練習に耐え抜くアスリート,「大行列に並んでやっと食べられた時の涙が出るほどの達成感」とかけて、「厳しい練習に耐え抜くアスリート」と解く。その心は「どちらも『こたえる』でしょう。」,
,多義語型,大行列に並んでやっと食べられた時の涙が出るほどの達成感,食べ物の味覚を感じる喜び、または感動を体験する。,あじわう,味わう（絶品の味を味わう、達成感を味わう）,味わう（人生の苦楽を味わう、経験を味わう）,多くの経験を積んだ人生の先輩,「大行列に並んでやっと食べられた時の涙が出るほどの達成感」とかけて、「多くの経験を積んだ人生の先輩」と解く。その心は「どちらも『味わう』でしょう。」,
,フレーズ・慣用句型,大行列に並んでやっと食べられた時の涙が出るほどの達成感,長い苦労や待ち時間が無駄にならなかったという感覚。,むだにならない,無駄にならない（行列に並んだ苦労が無駄にならない）,無駄にならない（資源や努力が有効活用される）,食材を余すことなく使い切る料理人,「大行列に並んでやっと食べられた時の涙が出るほどの達成感」とかけて、「食材を余すことなく使い切る料理人」と解く。その心は「どちらも『無駄にならない』でしょう。」,
,フレーズ・慣用句型,大行列に並んでやっと食べられた時の涙が出るほどの達成感,長い時間を待ち望んだ結果。,くびをながくする,首を長くする（待ちわびる気持ち）,首が長い（動物の特徴）,キリン,「大行列に並んでやっと食べられた時の涙が出るほどの達成感」とかけて、「キリン」と解く。その心は「どちらも『首を長くする』でしょう。」,
,完全な同音異義語型,お酒に酔ってフワフワと宙に浮くような酩酊感,体がふわふわと浮き上がるような感覚,ふゆう,浮遊,腐葉,森林の地面に積もる落ち葉,「お酒に酔ってフワフワと宙に浮くような酩酊感」とかけて、「森林の地面に積もる落ち葉」と解く。その心は『どちらも「腐葉」（浮遊）でしょう。』,
,完全な同音異義語型,お酒に酔ってフワフワと宙に浮くような酩酊感,意識がぼんやりとして明確でない状態,もうろう,朦朧,網羅,膨大な情報を全て集めた資料,「お酒に酔ってフワフワと宙に浮くような酩酊感」とかけて、「膨大な情報を全て集めた資料」と解く。その心は『どちらも「網羅」（朦朧）でしょう。』,
,多義語型,お酒に酔ってフワフワと宙に浮くような酩酊感,体が安定せず、あてもなく揺れ動く様子,ふらふら,ふらふら（体調が優れない、足元がおぼつかない様子）,ふらふら（目的もなくあてもなく歩き回る様子）,気の向くままに散歩する人,「お酒に酔ってフワフワと宙に浮くような酩酊感」とかけて、「気の向くままに散歩する人」と解く。その心は『どちらも「ふらふら」でしょう。』,
,多義語型,お酒に酔ってフワフワと宙に浮くような酩酊感,気分が高まり、心地よい状態,こうよう,高揚（気分が高まること）,紅葉（秋に葉の色が変わること）,秋の美しい山々,「お酒に酔ってフワフワと宙に浮くような酩酊感」とかけて、「秋の美しい山々」と解く。その心は『どちらも「こうよう」でしょう。』,
,フレーズ・慣用句型,お酒に酔ってフワフワと宙に浮くような酩酊感,地に足がつかず、体が浮いているような感覚,あしがちゅうにうく,足が宙に浮く（現実感がなく浮ついた気持ち）,足が宙に浮く（物理的に足が地面から離れる状態）,ブランコに乗って空を飛ぶ子供,「お酒に酔ってフワフワと宙に浮くような酩酊感」とかけて、「ブランコに乗って空を飛ぶ子供」と解く。その心は『どちらも「足が宙に浮く」でしょう。』,
,フレーズ・慣用句型,お酒に酔ってフワフワと宙に浮くような酩酊感,思考がまとまらず、頭がぼんやりしている状態,あたまのなかがまっしろ,頭の中が真っ白（何も考えられない、思考停止の状態）,頭の中が真っ白（物理的に雪などで覆われた白い状態）,冬の富士山の山頂,「お酒に酔ってフワフワと宙に浮くような酩酊感」とかけて、「冬の富士山の山頂」と解く。その心は『どちらも「頭の中が真っ白」でしょう。』,
,完全な同音異義語型,期待はずれの料理を出された時の砂を噛むような虚無感,心が満たされず「空っぽ」のような虚無感,から,空 (から),殻 (から),食べ終えた後のアサリの皿,期待はずれの料理を出された時の砂を噛むような虚無感とかけて、食べ終えた後のアサリの皿と解く。その心は「どちらも『空』でしょう。」,
,完全な同音異義語型,期待はずれの料理を出された時の砂を噛むような虚無感,期待が打ち砕かれ、目標が「死亡」したかのような失望感,しぼう,死亡 (しぼう),志望 (しぼう),受験を控えた学生の願書,期待はずれの料理を出された時の砂を噛むような虚無感とかけて、受験を控えた学生の願書と解く。その心は「どちらも『志望』があるでしょう。」,
,多義語型,期待はずれの料理を出された時の砂を噛むような虚無感,料理に「味が無く」、食べる気も起きない,あじがない,味が無い,面白味がない,中身のないおしゃべり,期待はずれの料理を出された時の砂を噛むような虚無感とかけて、中身のないおしゃべりと解く。その心は「どちらも『味がない』でしょう。」,
,多義語型,期待はずれの料理を出された時の砂を噛むような虚無感,期待が裏切られ、心が「虚しい」気持ち,むなしい,虚しい (心に空虚感がある),虚しい (無駄である、報われない),いくら水を注いでも漏れてしまうバケツ,期待はずれの料理を出された時の砂を噛むような虚無感とかけて、いくら水を注いでも漏れてしまうバケツと解く。その心は「どちらも『虚しい』でしょう。」,
,フレーズ・慣用句型,期待はずれの料理を出された時の砂を噛むような虚無感,心に満たされるものが「何も無い」状態,なにもない,何も無い (心に空虚感がある),何も無い (物理的に存在しない),引っ越し後の空っぽの部屋,期待はずれの料理を出された時の砂を噛むような虚無感とかけて、引っ越し後の空っぽの部屋と解く。その心は「どちらも『何も無い』でしょう。」,
,フレーズ・慣用句型,期待はずれの料理を出された時の砂を噛むような虚無感,期待が裏切られ、場の雰囲気が「白けて」興ざめするような虚無感,しらける,白ける (興ざめする),白ける (夜が明けて白む),夜が明けていく東の空,期待はずれの料理を出された時の砂を噛むような虚無感とかけて、夜が明けていく東の空と解く。その心は「どちらも『白ける』でしょう。」,
,完全な同音異義語型,辛いものを食べて毛穴から汗が噴き出すカタルシス,体から液体が排出される物理的な行為,だす,汗を「出す」,課題を「出す」,締切に追われる学生,辛いものを食べて毛穴から汗が噴き出すカタルシスとかけて、締切に追われる学生と解く。その心は『どちらも課題を「出す」でしょう。』,
,完全な同音異義語型,辛いものを食べて毛穴から汗が噴き出すカタルシス,体温が上昇する物理的状態,あつくなる,体が「熱くなる」,議論が「熱くなる」,白熱した議論を交わす政治家,辛いものを食べて毛穴から汗が噴き出すカタルシスとかけて、白熱した議論を交わす政治家と解く。その心は『どちらも「熱くなる」でしょう。』,
,多義語型,辛いものを食べて毛穴から汗が噴き出すカタルシス,刺激が体の奥深くまで浸透する感覚,しみる,辛さが体に「染みる」,感動が「心に染みる」,感動的な映画を見た観客,辛いものを食べて毛穴から汗が噴き出すカタルシスとかけて、感動的な映画を見た観客と解く。その心は『どちらも「心に染みる」でしょう。』,
,多義語型,辛いものを食べて毛穴から汗が噴き出すカタルシス,体から液体が勢いよく排出される動作,ふきだす,汗が「噴き出す」,不満を「吹き出す」,長年の不満が爆発したサラリーマン,辛いものを食べて毛穴から汗が噴き出すカタルシスとかけて、長年の不満が爆発したサラリーマンと解く。その心は『どちらも「不満を吹き出す」でしょう。』,
,フレーズ・慣用句型,辛いものを食べて毛穴から汗が噴き出すカタルシス,身体的・精神的な清涼感や解放感,すっきりする,食後に「スッキリする」,大掃除で部屋が「スッキリする」,大掃除を終えた部屋,辛いものを食べて毛穴から汗が噴き出すカタルシスとかけて、大掃除を終えた部屋と解く。その心は『どちらも「スッキリする」でしょう。』,
,フレーズ・慣用句型,辛いものを食べて毛穴から汗が噴き出すカタルシス,身体から止まらない汗,あせがとまらない,「汗」が止まらない,「焦り」が止まらない,発表直前の緊張する受験生,辛いものを食べて毛穴から汗が噴き出すカタルシスとかけて、発表直前の緊張する受験生と解く。その心は『どちらも「焦りが止まらない」でしょう。』,
,多義語型,家族揃って食卓を囲む胸が温かくなる団欒,家族が一箇所に集まる,あつまる,集まる（家族が食卓に）,集まる（ゴミや不用品が堆積する）,ゴミ屋敷,「家族揃って食卓を囲む胸が温かくなる団欒」とかけて、「ゴミ屋敷」と解く。その心は「どちらも『ものが集まる』でしょう。」,
,多義語型,家族揃って食卓を囲む胸が温かくなる団欒,会話が弾む、楽しい時間が流れる,はなしがさく,話が咲く（会話が盛り上がる）,花が咲く（植物が成長して開花する）,庭の手入れ,「家族揃って食卓を囲む胸が温かくなる団欒」とかけて、「庭の手入れ」と解く。その心は「どちらも『花が咲く』でしょう。」,
,完全な同音異義語型,家族揃って食卓を囲む胸が温かくなる団欒,家族が集まって円を描くように座る,わになる,輪になる（人々が円形に集まる）,和になる（争いがなくなり穏やかになる）,喧嘩別れした夫婦の仲直り,「家族揃って食卓を囲む胸が温かくなる団欒」とかけて、「喧嘩別れした夫婦の仲直り」と解く。その心は「どちらも『和になる』でしょう。」,
,完全な同音異義語型,家族揃って食卓を囲む胸が温かくなる団欒,楽しい食事が終わり、食卓を離れる時間,おひらき,お開き（宴席や集まりの終わり）,お開き（本や扉を開くこと）,図書館の開館準備,「家族揃って食卓を囲む胸が温かくなる団欒」とかけて、「図書館の開館準備」と解く。その心は「どちらも『お開き』があるでしょう。」,
,フレーズ・慣用句型,家族揃って食卓を囲む胸が温かくなる団欒,家族が顔を合わせて交流する,かおをあわせる,顔を合わせる（家族と対面する）,顔を合わせる（会議や交渉などで対面する）,政治家の会談,「家族揃って食卓を囲む胸が温かくなる団欒」とかけて、「政治家の会談」と解く。その心は「どちらも『顔を合わせる』でしょう。」,
,フレーズ・慣用句型,家族揃って食卓を囲む胸が温かくなる団欒,和やかで心地よい雰囲気,ばがなごむ,場が和む（団欒の雰囲気）,場が和む（緊張が解けて穏やかな雰囲気となる）,険悪な会議の仲裁,「家族揃って食卓を囲む胸が温かくなる団欒」とかけて、「険悪な会議の仲裁」と解く。その心は「どちらも『場が和む』でしょう。」,
,完全な同音異義語型,食材の命に感謝していただく生命倫理,自然の「恵み」を受け取る心,めぐみ,恵み（恩恵、施し）,巡り（循環、出会い）,季節の移り変わりや、偶然の出会い,食材の命に感謝していただく生命倫理とかけて、季節の移り変わりや、偶然の出会いと解く。その心は「どちらも『めぐみ（恵み/巡り）』でしょう。」,
,完全な同音異義語型,食材の命に感謝していただく生命倫理,命を「いただく」という行為,いただく,いただく（食べる、もらうの謙譲語）,頂く（山の頂上に達する、頭上に持つ）,山の頂上を目指す登山家,食材の命に感謝していただく生命倫理とかけて、山の頂上を目指す登山家と解く。その心は「どちらも『いただく（頂く/戴く）』でしょう。」,
,多義語型,食材の命に感謝していただく生命倫理,命の「重み」を感じる心,おもみ,重み（命の尊厳や価値の度合い）,重み（物理的な重量）,重量挙げの選手,食材の命に感謝していただく生命倫理とかけて、重量挙げの選手と解く。その心は「どちらも『重み』を感じるでしょう。」,
,多義語型,食材の命に感謝していただく生命倫理,命を未来へと「つなぐ」連鎖,つなぐ,繋ぐ（命の連鎖や、精神的な絆を繋ぐ）,繋ぐ（物理的に連結する、関係を繋ぐ）,手と手を取り合うカップル,食材の命に感謝していただく生命倫理とかけて、手と手を取り合うカップルと解く。その心は「どちらも『つなぐ』ものでしょう。」,
,フレーズ・慣用句型,食材の命に感謝していただく生命倫理,命を「粗末にしない」という思い,そまつにしない,粗末にしない（命を無駄にせず大切に扱う）,粗末にしない（物を丁寧に扱い、価値を損なわない）,大切なコレクションを持つコレクター,食材の命に感謝していただく生命倫理とかけて、大切なコレクションを持つコレクターと解く。その心は「どちらも『粗末にしない』でしょう。」,
,フレーズ・慣用句型,食材の命に感謝していただく生命倫理,命を無駄にしないという「もったいない」の精神,もったいない,もったいない（命に対する畏敬と惜しむ気持ち）,もったいない（まだ使えるものを捨てるのが惜しい、高価なものをぞんざいに扱うのが惜しい）,まだ十分使えるのに、新しいものに買い替えようとしている人,食材の命に感謝していただく生命倫理とかけて、まだ十分使えるのに、新しいものに買い替えようとしている人と解く。その心は「どちらも『もったいない』と感じるでしょう。」,
,多義語型,地域の風土に根ざした伝統的な食文化,代々受け継がれ、大切に育まれるもの,じっくりそだてる,じっくり育てる（文化や食材を時間をかけて育む）,じっくり育てる（人材や才能を時間をかけて育成する）,将来有望な若手社員,「地域の風土に根ざした伝統的な食文化」とかけて、「将来有望な若手社員」と解く。その心は「どちらもじっくり育てるものでしょう。」,
,完全な同音異義語型,地域の風土に根ざした伝統的な食文化,情報や知識が継承されること,つたわる,伝わる（世代から世代へと知識や技術が伝播する）,通る（水や電気が管や線を通って流れる）,水道管の中を流れる水,「地域の風土に根ざした伝統的な食文化」とかけて、「水道管の中を流れる水」と解く。その心は「どちらも『伝わる』ものでしょう。」,
,フレーズ・慣用句型,地域の風土に根ざした伝統的な食文化,生活に深く根差し、不可欠な存在であること,くらしにかかせない,暮らしに欠かせない（人々の生活に密着した必需品）,暮らしに欠かせない（現代生活で必要不可欠なサービスや道具）,現代社会におけるスマートフォンやインターネット,「地域の風土に根ざした伝統的な食文化」とかけて、「現代社会におけるスマートフォンやインターネット」と解く。その心は「どちらも『暮らしに欠かせない』ものでしょう。」,
,多義語型,地域の風土に根ざした伝統的な食文化,その土地で採れる素材を用いて作られること,じのものでつくる,地のもので作る（地元産の食材や原料を用いる）,地のもので作る（土地や土台を基礎にして何かを構築する）,基礎工事から始める頑丈な家屋,「地域の風土に根ざした伝統的な食文化」とかけて、「基礎工事から始める頑丈な家屋」と解く。その心は「どちらも『地のもので作る』ものでしょう。」,
,完全な同音異義語型,地域の風土に根ざした伝統的な食文化,古くから受け継がれてきた習わし,でんとう,伝統（代々受け継がれてきた文化や習慣）,電灯（電気で光る照明器具）,夜道を明るく照らす街灯,「地域の風土に根ざした伝統的な食文化」とかけて、「夜道を明るく照らす街灯」と解く。その心は「どちらも『伝統（電灯）』でしょう。」,
,フレーズ・慣用句型,地域の風土に根ざした伝統的な食文化,調理や準備に時間と労力を費やすこと,てまひまかける,手間暇かける（料理に時間と労力を惜しまない）,手間暇かける（精緻な作業に多くの時間と労力を投じる）,細部にまでこだわって制作された精巧な工芸品,「地域の風土に根ざした伝統的な食文化」とかけて、「細部にまでこだわって制作された精巧な工芸品」と解く。その心は「どちらも『手間暇かける』ものでしょう。」,
,完全な同音異義語型,食品の安全性を担保するトレーサビリティの確保,履歴を「たどる」、情報の出所を「さかのぼる」,さかのぼる,遡る（情報の出所を辿る）,坂を登る（物理的に坂道を上る）,登山家,「食品の安全性を担保するトレーサビリティの確保」とかけて、「登山家」と解く。その心は「どちらも『さかのぼる』でしょう。」,
,完全な同音異義語型,食品の安全性を担保するトレーサビリティの確保,履歴を「きろく」する、情報を「きろく」する,きろく,記録（文字やデータで情報を書き残すこと）,記憶（心に留め置くこと）,物忘れが激しい人,「食品の安全性を担保するトレーサビリティの確保」とかけて、「物忘れが激しい人」と解く。その心は「どちらも『きろく（記録・記憶）』が大切でしょう。」,
,多義語型,食品の安全性を担保するトレーサビリティの確保,情報の「透明性」、情報が「はっきり見える」,みえる,見える（情報が可視化され、明らかになること）,見える（幽霊や霊などが物理的には見えないものが見えること）,霊能力者,「食品の安全性を担保するトレーサビリティの確保」とかけて、「霊能力者」と解く。その心は「どちらも『見える』でしょう。」,
,多義語型,食品の安全性を担保するトレーサビリティの確保,安全性を「たもつ」、信頼性を「たもつ」,たもつ,保つ（安全性や信頼性といった状態を維持すること）,保つ（姿勢や均衡、冷静さなどを維持すること）,ヨガの達人,「食品の安全性を担保するトレーサビリティの確保」とかけて、「ヨガの達人」と解く。その心は「どちらも『姿勢を保つ』ことが重要でしょう。」,
,フレーズ・慣用句型,食品の安全性を担保するトレーサビリティの確保,履歴や経路を「たどる」,あしあとをたどる,足跡を辿る（製品の履歴や流通経路を追跡する）,足跡を辿る（動物や人の物理的な足跡を追跡する）,名探偵,「食品の安全性を担保するトレーサビリティの確保」とかけて、「名探偵」と解く。その心は「どちらも『足跡を辿る』ことが重要でしょう。」,
,フレーズ・慣用句型,食品の安全性を担保するトレーサビリティの確保,隠れた情報も「明らかにする」,うらをあかす,裏を明かす（生産や流通の隠れた情報を開示する）,裏を明かす（秘密や悪事の全貌を公にする）,密告者,「食品の安全性を担保するトレーサビリティの確保」とかけて、「密告者」と解く。その心は「どちらも『裏を明かす』でしょう。」,
,完全な同音異義語型,宗教上の理由で特定の食品を避ける禁忌,食べ物を回避すること,さける,避ける,裂ける,破れた服,「宗教上の理由で特定の食品を避ける禁忌」とかけて、「破れた服」と解く。その心は『どちらも「さける」』でしょう。,
,完全な同音異義語型,宗教上の理由で特定の食品を避ける禁忌,特定のものを飲食しないこと,たつ,断つ,立つ,新規事業の企画担当者,「宗教上の理由で特定の食品を避ける禁忌」とかけて、「新規事業の企画担当者」と解く。その心は『どちらも「たつ」』でしょう。,
,多義語型,宗教上の理由で特定の食品を避ける禁忌,食べ物の選択肢を限定すること,しぼる,絞る,絞る,濡れたタオル,「宗教上の理由で特定の食品を避ける禁忌」とかけて、「濡れたタオル」と解く。その心は『どちらも「絞る」』でしょう。,
,多義語型,宗教上の理由で特定の食品を避ける禁忌,特定の食品の摂取を中断すること,やめる,止める,辞める,会社を辞める人,「宗教上の理由で特定の食品を避ける禁忌」とかけて、「会社を辞める人」と解く。その心は『どちらも「やめる」』でしょう。,
,フレーズ・慣用句型,宗教上の理由で特定の食品を避ける禁忌,食べ物を摂取しないこと,くちにしない,口にしない,口にしない,秘密を守る人,「宗教上の理由で特定の食品を避ける禁忌」とかけて、「秘密を守る人」と解く。その心は『どちらも「口にしない」』でしょう。,
,フレーズ・慣用句型,宗教上の理由で特定の食品を避ける禁忌,特定の食べ物の摂取を差し控えること,ひかえる,控える,控える,舞台の出番を待つ役者,「宗教上の理由で特定の食品を避ける禁忌」とかけて、「舞台の出番を待つ役者」と解く。その心は『どちらも「控える」』でしょう。,
,完全な同音異義語型,必要な栄養素をバランスよく摂取する健康管理,病気を防ぐ,ふせぐ,防ぐ（病気や不調から体を守る）,塞ぐ（穴や隙間を閉じる）,水漏れを修理する配管工,必要な栄養素をバランスよく摂取する健康管理とかけて、水漏れを修理する配管工と解く。その心は「どちらも『ふせぐ』でしょう。」,
,完全な同音異義語型,必要な栄養素をバランスよく摂取する健康管理,体の調子を整える,ちょうし,調子（体や物の状態）,丁子（スパイスの一種、クローブ）,インド料理のスパイス売り,必要な栄養素をバランスよく摂取する健康管理とかけて、インド料理のスパイス売りと解く。その心は「どちらも『ちょうし』を扱うでしょう。」,
,多義語型,必要な栄養素をバランスよく摂取する健康管理,身体の土台を築く,どだい,土台（体の健康の基礎）,土台（建物や構造物の基礎）,頑丈な家を建てる大工,必要な栄養素をバランスよく摂取する健康管理とかけて、頑丈な家を建てる大工と解く。その心は「どちらも『土台』が肝心でしょう。」,
,多義語型,必要な栄養素をバランスよく摂取する健康管理,体を強くする,つよくする,強くする（身体能力や抵抗力を向上させる）,強くする（音量や影響力を増す、強調する）,スピーチで一番伝えたいメッセージを強調する演説家,必要な栄養素をバランスよく摂取する健康管理とかけて、スピーチで一番伝えたいメッセージを強調する演説家と解く。その心は「どちらも『強くする』ことが重要でしょう。」,
,フレーズ・慣用句型,必要な栄養素をバランスよく摂取する健康管理,栄養が体中に行き渡る,いきわたる,行き渡る（栄養が体の隅々まで届く）,行き渡る（情報や物が全員に届く）,大勢の参加者に案内を配るイベントスタッフ,必要な栄養素をバランスよく摂取する健康管理とかけて、大勢の参加者に案内を配るイベントスタッフと解く。その心は「どちらも『行き渡る』ことを目指すでしょう。」,
,フレーズ・慣用句型,必要な栄養素をバランスよく摂取する健康管理,体の巡りを良くする,めぐりをよくする,巡りを良くする（血行や代謝を促進する）,巡りを良くする（地域経済や季節のサイクルを活性化させる）,地域経済の活性化を願う市長,必要な栄養素をバランスよく摂取する健康管理とかけて、地域経済の活性化を願う市長と解く。その心は「どちらも『巡りを良くする』ことが大切でしょう。」,
,完全な同音異義語型,環境負荷を減らすための地産地消の推進,物流における余計な運搬が少なく、無駄がない状態。,はこび,運ぶ（物流の運搬）,運び（足の運び、動作）,熟練の日本舞踊家,「環境負荷を減らすための地産地消の推進」とかけて、「熟練の日本舞踊家」と解く。その心は『どちらも「ムダな運びがない」でしょう。』,
,完全な同音異義語型,環境負荷を減らすための地産地消の推進,計画や活動を前に進めること。,すいしん,推進（物事を推し進めること）,垂直（鉛直方向に対して直角であること）,超高層ビルの設計者,「環境負荷を減らすための地産地消の推進」とかけて、「超高層ビルの設計者」と解く。その心は『どちらも「すいしん（推進/垂直）が肝心」でしょう。』,
,多義語型,環境負荷を減らすための地産地消の推進,輸送による二酸化炭素排出量やコストを少なくすること。,へらす,減らす（環境負荷や経費などを削減する）,減らす（食事の量や体重などを少なくする）,ダイエットに励む人,「環境負荷を減らすための地産地消の推進」とかけて、「ダイエットに励む人」と解く。その心は『どちらも「余分なものを減らす」でしょう。』,
,多義語型,環境負荷を減らすための地産地消の推進,食材の輸送距離が短いため、鮮度が保たれている状態。,しんせん,新鮮（食材の鮮度が高いこと）,新鮮（目新しく、斬新なこと）,新しい発想で社会を変える発明家,「環境負荷を減らすための地産地消の推進」とかけて、「新しい発想で社会を変える発明家」と解く。その心は『どちらも「しんせん（新鮮）さがカギ」でしょう。』,
,フレーズ・慣用句型,環境負荷を減らすための地産地消の推進,地域内で自らが食材などを生産すること。,みずからうみだす,自ら生み出す（地元の生産者が食材などを）,自ら生み出す（アーティストが作品を、研究者が成果を）,独自の世界観を持つ芸術家,「環境負荷を減らすための地産地消の推進」とかけて、「独自の世界観を持つ芸術家」と解く。その心は『どちらも「自ら生み出す」でしょう。』,
,フレーズ・慣用句型,環境負荷を減らすための地産地消の推進,生産者と消費者の距離が近く、互いの関係が明確であること。,かおがみえる,顔が見える（生産者の情報が明確で安心感がある）,顔が見える（人前に出て、知名度がある）,テレビで活躍する人気タレント,「環境負荷を減らすための地産地消の推進」とかけて、「テレビで活躍する人気タレント」と解く。その心は『どちらも「顔が見える」でしょう。』,
,完全な同音異義語型,まだ食べられる食品を廃棄してしまうフードロス問題,食品が使われずに捨てられる、処分される,はいき,廃棄（食品を廃棄する）,排気（ガスや熱を外部へ排出する）,車のエンジン,まだ食べられる食品を廃棄してしまうフードロス問題とかけて、車のエンジンと解く。その心は「どちらも『はいき（廃棄/排気）』するでしょう。」,
,完全な同音異義語型,まだ食べられる食品を廃棄してしまうフードロス問題,消費期限や賞味期限によって判断される,きげん,期限（消費期限、賞味期限）,機嫌（人の気分や気持ちの状態）,不機嫌な上司,まだ食べられる食品を廃棄してしまうフードロス問題とかけて、不機嫌な上司と解く。その心は「どちらも『きげん（期限/機嫌）』が悪くなるでしょう。」,
,多義語型,まだ食べられる食品を廃棄してしまうフードロス問題,未処理の食品が大量に残されている状態,やまづみ,山積み（廃棄される食品が大量にある様子）,山積み（解決すべき問題や仕事が大量にある状況）,困難な問題を抱えた担当者,まだ食べられる食品を廃棄してしまうフードロス問題とかけて、困難な問題を抱えた担当者と解く。その心は「どちらも『山積み』でしょう。」,
,多義語型,まだ食べられる食品を廃棄してしまうフードロス問題,食品が品質を損ない、食べられなくなる,いたむ,傷む（食品が品質劣化する）,傷む（心が悲しみや苦しみで痛む）,失恋したばかりの人,まだ食べられる食品を廃棄してしまうフードロス問題とかけて、失恋したばかりの人と解く。その心は「どちらも『傷む』でしょう。」,
,フレーズ・慣用句型,まだ食べられる食品を廃棄してしまうフードロス問題,食品の価値や命を無駄にしている状況,いのちをそまつにする,命を粗末にする（食べ物の命を無駄にすること）,命を粗末にする（危険な行為によって自分の命を軽んじること）,危険な運転をするドライバー,まだ食べられる食品を廃棄してしまうフードロス問題とかけて、危険な運転をするドライバーと解く。その心は「どちらも『命を粗末にする』でしょう。」,
,フレーズ・慣用句型,まだ食べられる食品を廃棄してしまうフードロス問題,食品が使い道や消費される場所を失う,いきばをうしなう,行き場を失う（食品が消費されずに捨てられる状況）,行き場を失う（職や居場所、帰る場所を失う）,職を失った人,まだ食べられる食品を廃棄してしまうフードロス問題とかけて、職を失った人と解く。その心は「どちらも『行き場を失う』でしょう。」,
,多義語型,将来の食糧不足に備える食料安全保障,食料を確保し、費用を用意する,まかなう,賄う（食料や費用を賄う）,賄う（会社の経費を賄う）,会社の経理担当者,「将来の食糧不足に備える食料安全保障」とかけて、「会社の経理担当者」と解く。その心は「どちらも『賄う』でしょう。」,
,完全な同音異義語型,将来の食糧不足に備える食料安全保障,食料危機への準備,そなえ,備え（食料の備え）,供え（仏壇への供え物）,お墓参りをする人,「将来の食糧不足に備える食料安全保障」とかけて、「お墓参りをする人」と解く。その心は「どちらも『備え（供え）』が大切でしょう。」,
,フレーズ・慣用句型,将来の食糧不足に備える食料安全保障,供給体制の対策を講じる,てをうつ,手を打つ（対策を講じる）,手を打つ（相撲で土俵に手をつく）,相撲の力士,「将来の食糧不足に備える食料安全保障」とかけて、「相撲の力士」と解く。その心は「どちらも『手を打つ』でしょう。」,
,完全な同音異義語型,将来の食糧不足に備える食料安全保障,食料供給を立て直す,たてなおす,立て直す（食料供給体制を立て直す）,建て直す（老朽化した家を建て直す）,老朽化した家屋の持ち主,「将来の食糧不足に備える食料安全保障」とかけて、「老朽化した家屋の持ち主」と解く。その心は「どちらも『立て直す（建て直す）』でしょう。」,
,多義語型,将来の食糧不足に備える食料安全保障,食料を全体に行き渡らせる,いきわたる,行き渡る（食料が行き渡る）,行き渡る（指導者の目が行き渡る）,隅々まで気を配るベテラン教師,「将来の食糧不足に備える食料安全保障」とかけて、「隅々まで気を配るベテラン教師」と解く。その心は「どちらも『行き渡る』ことが大切でしょう。」,
,フレーズ・慣用句型,将来の食糧不足に備える食料安全保障,食料不足の危機から社会の身を守る,みをまもる,身を守る（食料不足の危機から身を守る）,身を守る（護身術で自分の身を守る）,護身術を習う人,「将来の食糧不足に備える食料安全保障」とかけて、「護身術を習う人」と解く。その心は「どちらも『身を守る』でしょう。」,
,完全な同音異義語型,動物性食品を一切口にしないヴィーガニズム,動物性食品の摂取を止める、肉類を食べない,にくをたつ,肉を絶つ（動物性食品の摂取をやめる）,布を裁つ（生地を切る）,仕立て屋さん,動物性食品を一切口にしないヴィーガニズムとかけて、仕立て屋さんと解く。その心は『どちらも【肉を絶つ（裁つ）】でしょう。』,
,多義語型,動物性食品を一切口にしないヴィーガニズム,動物の命を尊重する、生き方を大切にする,いのちをたいせつにする,命を大切にする（動物の命を尊重する）,命を大切にする（人の命、自身の健康を重んじる）,医者,動物性食品を一切口にしないヴィーガニズムとかけて、医者と解く。その心は『どちらも【命を大切にする】でしょう。』,
,フレーズ・慣用句型,動物性食品を一切口にしないヴィーガニズム,動物性食品が食卓に並ばない、食卓に登場しない,しょくたくにのぼらない,食卓に上らない（動物性食品が食卓に並ばない）,食卓に上らない（話題にならない、議論の対象にならない）,裏方で活躍する人,動物性食品を一切口にしないヴィーガニズムとかけて、裏方で活躍する人と解く。その心は『どちらも【食卓に上らない】でしょう。』,
,完全な同音異義語型,動物性食品を一切口にしないヴィーガニズム,動物性食品の摂取をやめる,とめる,止める（動物性食品の摂取をやめる）,留める（記憶や記録に残す）,歴史家,動物性食品を一切口にしないヴィーガニズムとかけて、歴史家と解く。その心は『どちらも【止める（留める）】でしょう。』,
,多義語型,動物性食品を一切口にしないヴィーガニズム,動物性のものを避ける生き方、主義,みち,道（ヴィーガンとしての生き方、主義）,道（物理的な道路、進路）,道路工事をする人,動物性食品を一切口にしないヴィーガニズムとかけて、道路工事をする人と解く。その心は『どちらも【道】でしょう。』,
,フレーズ・慣用句型,動物性食品を一切口にしないヴィーガニズム,動物性食品を食卓に並べない、置かない,しょくたくにおかない,食卓に置かない（動物性食品を食卓に並べない）,食卓に置かない（仕事に手を抜かない、おろそかにしない）,仕事に手を抜かない職人,動物性食品を一切口にしないヴィーガニズムとかけて、仕事に手を抜かない職人と解く。その心は『どちらも【食卓に置かない】でしょう。』,
,完全な同音異義語型,食品の保存期間を定めた消費期限のルール,定められた日を過ぎると、その効力が失われ『期限』切れとなること。,きげん,期限,機嫌,ご機嫌斜めなアイドル,食品の保存期間を定めた消費期限のルールとかけて、ご機嫌斜めなアイドルと解く。その心は「どちらも『きげん』が大切でしょう。」,
,多義語型,食品の保存期間を定めた消費期限のルール,期間を過ぎると食品の品質が『落ちる』こと。,おちる,落ちる（品質）,落ちる（不合格）,受験に失敗した学生,食品の保存期間を定めた消費期限のルールとかけて、受験に失敗した学生と解く。その心は「どちらも『おちる』と悲しいでしょう。」,
,フレーズ・慣用句型,食品の保存期間を定めた消費期限のルール,安全のために『守るべき』決まりであること。,まもるべきもの,守るべきもの（ルール、規定）,守るべきもの（大切な財産）,代々受け継がれてきた家宝,食品の保存期間を定めた消費期限のルールとかけて、代々受け継がれてきた家宝と解く。その心は「どちらも『まもるべきもの』でしょう。」,
,完全な同音異義語型,食品の保存期間を定めた消費期限のルール,期限を過ぎて食べられなくなった食品は『古い』ものであること。,ふるい,古い（経過した時間）,古い（時代遅れの、保守的な）,新しい流行についていけない人,食品の保存期間を定めた消費期限のルールとかけて、新しい流行についていけない人と解く。その心は「どちらも『ふるい』ものを抱えているでしょう。」,
,多義語型,食品の保存期間を定めた消費期限のルール,定められた期間を『越える』と、食品として問題になること。,こえる,越える（期限、期間）,越える（障害、困難）,高い壁を乗り越えようとするアスリート,食品の保存期間を定めた消費期限のルールとかけて、高い壁を乗り越えようとするアスリートと解く。その心は「どちらも『こえる』ことに意味があるでしょう。」,
,フレーズ・慣用句型,食品の保存期間を定めた消費期限のルール,期限切れの食品は、もはや『役に立たない』こと。,やくにたたない,役に立たない（食用として）,役に立たない（機能しない）,動かなくなった古い機械,食品の保存期間を定めた消費期限のルールとかけて、動かなくなった古い機械と解く。その心は「どちらも『やくにたたない』と捨てられてしまうでしょう。」,
,多義語型,人工的に作られた添加物の規制基準,基準を遵守する行為,まもる,規制基準を「守る」,ゴールを「守る」,サッカーのゴールキーパー,人工的に作られた添加物の規制基準とかけて、サッカーのゴールキーパーと解く。その心は「どちらも『守る』ことが大切でしょう」。,
,完全な同音異義語型,人工的に作られた添加物の規制基準,基準を新しく設定する行為,もうける,規制基準を「設ける」,利益を「儲ける」,商売人,人工的に作られた添加物の規制基準とかけて、商売人と解く。その心は「どちらも『もうける』ことが大切でしょう」。,
,フレーズ・慣用句型,人工的に作られた添加物の規制基準,添加物の使用量が上限に達しそれ以上増えない状態,あたまうち,使用量が「頭打ち」になる,業績が「頭打ち」になる,伸び悩む企業,人工的に作られた添加物の規制基準とかけて、伸び悩む企業と解く。その心は「どちらも『頭打ち』になることがあるでしょう」。,
,多義語型,人工的に作られた添加物の規制基準,安全と危険の境界を明確にする行為,せんびき,安全と危険の「線引き」,絵の「線引き」,イラストレーター,人工的に作られた添加物の規制基準とかけて、イラストレーターと解く。その心は「どちらも『線引き』が重要でしょう」。,
,完全な同音異義語型,人工的に作られた添加物の規制基準,使用に制限がかかること,きせい,使用に「規制」がかかる,故郷への「帰省」,故郷を離れて暮らす家族,人工的に作られた添加物の規制基準とかけて、故郷を離れて暮らす家族と解く。その心は「どちらも『きせい』があるでしょう」。,
,フレーズ・慣用句型,人工的に作られた添加物の規制基準,安全性が公に認められること,おすみつき,厳しい基準をクリアして「お墨付き」を得る,師匠から芸の「お墨付き」をもらう,落語家の弟子,人工的に作られた添加物の規制基準とかけて、落語家の弟子と解く。その心は「どちらも『お墨付き』を得るのが大変でしょう」。,
,完全な同音異義語型,五味,味覚の一つで、口に強い刺激を与える状態。,からい,辛い（味が刺激的）,辛い（つらい、苦しい状況）,人生の困難な状況,五味とかけて、人生の困難な状況と解く。その心は「どちらも『辛い（からい/つらい）』でしょう。」,
,完全な同音異義語型,五味,調味料や香りが食材に深く浸透すること。,しみる,染みる（味が素材に染み渡る）,沁みる（心に深く感じられる、寒さが身に応える）,心に響く感動的な言葉,五味とかけて、心に響く感動的な言葉と解く。その心は「どちらも『染みる/沁みる』でしょう。」,
,多義語型,五味,各味覚の要素が調和し、全体のバランスが良い状態になること。,ととのう,整う（味のバランスが良く調和する）,整う（準備が完了する、身なりがきちんとなる）,出かける前の身支度,五味とかけて、出かける前の身支度と解く。その心は「どちらも『整う』でしょう。」,
,多義語型,五味,料理の味付けが完全に決定され、これ以上手を加える必要がない状態。,きまる,決まる（味がこれで良いと確定する）,決まる（物事が確定する、ファッションなどが格好良く決まる）,プロのモデルがポーズをとる姿,五味とかけて、プロのモデルがポーズをとる姿と解く。その心は「どちらも『決まる』でしょう。」,
,フレーズ・慣用句型,五味,非常に美味しい味を経験し、その奥深さに感銘を受ける状態。,したをまく,舌を巻く（非常に美味しくて感嘆する）,舌を巻く（非常に驚き、感嘆する）,見事な手品師の芸,五味とかけて、見事な手品師の芸と解く。その心は「どちらも『舌を巻く』でしょう。」,
,フレーズ・慣用句型,五味,食材や料理に本来の風味が豊かに現れ、深みが増すこと。,あじがでる,味が出る（素材のうまみや風味が際立つ）,味が出る（人柄や文章に深みや個性が現れる）,年齢を重ねた熟練の役者,五味とかけて、年齢を重ねた熟練の役者と解く。その心は「どちらも『味が出る』でしょう。」,
,完全な同音異義語型,食事のマナーや作法を身につける食育,食べ物に関する知識を深めること,ちしき,知識,血色,患者の顔色を気にかける医者,食事のマナーや作法を身につける食育とかけて、患者の顔色を気にかける医者と解く。その心は『どちらも『ちしき（知識／血色）』でしょう。』,
,完全な同音異義語型,食事のマナーや作法を身につける食育,食事の作法を正しく定めること,きせい,規正,寄生,他の生物から栄養を奪って生きる植物,食事のマナーや作法を身につける食育とかけて、他の生物から栄養を奪って生きる植物と解く。その心は『どちらも『きせい（規正／寄生）』でしょう。』,
,多義語型,食事のマナーや作法を身につける食育,食べ方や振る舞いの形式を整えること,かたち,形 (作法や形式),形 (物体の形状),粘土で作品を作る彫刻家,食事のマナーや作法を身につける食育とかけて、粘土で作品を作る彫刻家と解く。その心は『どちらも『形』が肝心でしょう。』,
,多義語型,食事のマナーや作法を身につける食育,悪い習慣を改め、良い行儀にすること,ただす,正す (行儀を正す),正す (間違いを修正する),誤字脱字を修正する校閲者,食事のマナーや作法を身につける食育とかけて、誤字脱字を修正する校閲者と解く。その心は『どちらも『正す』でしょう。』,
,フレーズ・慣用句型,食事のマナーや作法を身につける食育,適切な振る舞いを習得し、自分のものにすること,みにつける,身につける (習得する),身につける (着用する),TPOに合わせて服装を選ぶ人,食事のマナーや作法を身につける食育とかけて、TPOに合わせて服装を選ぶ人と解く。その心は『どちらも『身につける』でしょう。』,
,フレーズ・慣用句型,食事のマナーや作法を身につける食育,食事の最初から最後まで、きちんとした振る舞いで終えること,しめくくり,締めくくり (食事の一連の行為を終えること),締めくくり (物事の終結や結び),大規模なイベントの最終局面,食事のマナーや作法を身につける食育とかけて、大規模なイベントの最終局面と解く。その心は『どちらも『締めくくり』でしょう。』,
,多義語型,遺伝子を操作して収穫量を増やすバイオテクノロジー,生命の設計図を扱う,せっけい,設計（遺伝子の設計図）,設計（建築物の設計や人生設計）,夢のマイホームを建てる建築家,遺伝子を操作して収穫量を増やすバイオテクノロジーとかけて、夢のマイホームを建てる建築家と解く。その心は『どちらも「設計」をするでしょう。』,
,多義語型,遺伝子を操作して収穫量を増やすバイオテクノロジー,新しい品種を生み出す,つくる,作る（新たな特性を持つ作物を作る）,作る（芸術作品や食事を作る）,新しい芸術作品を生み出す芸術家,遺伝子を操作して収穫量を増やすバイオテクノロジーとかけて、新しい芸術作品を生み出す芸術家と解く。その心は『どちらも新しいものを「作る」でしょう。』,
,完全な同音異義語型,遺伝子を操作して収穫量を増やすバイオテクノロジー,収穫量を増加させる,ふやす,増やす（収穫量を増加させる）,生やす（ひげを生やす）,ひげを伸ばす人,遺伝子を操作して収穫量を増やすバイオテクノロジーとかけて、ひげを伸ばす人と解く。その心は『どちらも「はやす」でしょう。』,
,完全な同音異義語型,遺伝子を操作して収穫量を増やすバイオテクノロジー,生産性を大きく変える,かいかく,改革（品種や生産性を改革する）,開拓（未開の土地や分野を開拓する）,未開の地を進む探検家,遺伝子を操作して収穫量を増やすバイオテクノロジーとかけて、未開の地を進む探検家と解く。その心は『どちらも「かいかく」を進めるでしょう。』,
,フレーズ・慣用句型,遺伝子を操作して収穫量を増やすバイオテクノロジー,遺伝子に直接手を加える,てをくわえる,手を加える（遺伝子に直接操作を加える）,手を加える（料理に工夫を加える）,料理に腕を振るう料理人,遺伝子を操作して収穫量を増やすバイオテクノロジーとかけて、料理に腕を振るう料理人と解く。その心は『どちらも「手を加える」でしょう。』,
,フレーズ・慣用句型,遺伝子を操作して収穫量を増やすバイオテクノロジー,食糧問題解決への期待がある,みこみがある,見込みがある（未来の食糧問題解決への見込み）,見込みがある（将来有望な若者）,将来有望な若者,遺伝子を操作して収穫量を増やすバイオテクノロジーとかけて、将来有望な若者と解く。その心は『どちらも「見込みがある」でしょう。』,
,完全な同音異義語型,季節の移り変わりを感じる旬の概念,時の流れや季節の変化,うつり,移り（季節の移り変わり）,写り（写真の写り、鏡の写り）,写真の出来栄え,「季節の移り変わりを感じる旬の概念」とかけて、「写真の出来栄え」と解く。その心は「どちらも『写り』でしょう。」,
,多義語型,季節の移り変わりを感じる旬の概念,最も充実した、最高の状態,まる,丸（旬の食材が最も充実して丸々としている様子）,丸（試験で満点を表す「丸」）,試験で満点を取った優等生,「季節の移り変わりを感じる旬の概念」とかけて、「試験で満点を取った優等生」と解く。その心は「どちらも『丸』でしょう。」,
,フレーズ・慣用句型,季節の移り変わりを感じる旬の概念,まさにその時期が到来する、最盛期が始まる期待感,まさにこれから,まさにこれから（旬の時期が到来する、期待感）,まさにこれから（新しいことを始めようとする瞬間）,新しい挑戦を前に意気込んでいる人,「季節の移り変わりを感じる旬の概念」とかけて、「新しい挑戦を前に意気込んでいる人」と解く。その心は「どちらも『まさにこれから』でしょう。」,
,多義語型,季節の移り変わりを感じる旬の概念,最も美味しい、風味、味わい,あじ,味（旬の食材が持つ独自の美味しさ）,味（人生や物事の面白み、趣）,人生の深みを経験した哲学者,「季節の移り変わりを感じる旬の概念」とかけて、「人生の深みを経験した哲学者」と解く。その心は「どちらも『味』でしょう。」,
,完全な同音異義語型,季節の移り変わりを感じる旬の概念,実が成熟する、旬を迎える,なる,成る（実が成る、旬を迎える）,鳴る（鐘が鳴る、音が鳴る）,大晦日の除夜の鐘,「季節の移り変わりを感じる旬の概念」とかけて、「大晦日の除夜の鐘」と解く。その心は「どちらも『鳴る』でしょう。」,
,フレーズ・慣用句型,季節の移り変わりを感じる旬の概念,自然の豊かな恵みがある、最高の時期,めぐみがあふれる,恵みがあふれる（旬の時期の豊かな収穫や恩恵）,恵みがあふれる（慈愛や恩恵が豊かに与えられる様子）,困っている人々に手を差し伸べる慈善家,「季節の移り変わりを感じる旬の概念」とかけて、「困っている人々に手を差し伸べる慈善家」と解く。その心は「どちらも『恵みがあふれる』でしょう。」,
,完全な同音異義語型,食品のカロリーや栄養素を計算する栄養学,適切な量や質を判断し、計画する,はかる,計る（計算・計画）,測る（長さを測定する）,建築現場の職人,「食品のカロリーや栄養素を計算する栄養学」とかけて、「建築現場の職人」と解く。その心は「どちらも『はかる』でしょう。」,
,完全な同音異義語型,食品のカロリーや栄養素を計算する栄養学,健康を良い状態に維持する,まもる,守る（健康を守る）,護る（外敵から身を護る）,兵士,「食品のカロリーや栄養素を計算する栄養学」とかけて、「兵士」と解く。その心は「どちらも『まもる』でしょう。」,
,多義語型,食品のカロリーや栄養素を計算する栄養学,食事全体の比率や均衡を考慮する,ばらんす,バランス（栄養のバランス）,バランス（身体や物事の均衡）,綱渡り芸人,「食品のカロリーや栄養素を計算する栄養学」とかけて、「綱渡り芸人」と解く。その心は「どちらも『バランス』が重要でしょう。」,
,多義語型,食品のカロリーや栄養素を計算する栄養学,適切な食生活へと導く,しどう,指導（栄養指導）,指導（教え導くこと）,スポーツのコーチ,「食品のカロリーや栄養素を計算する栄養学」とかけて、「スポーツのコーチ」と解く。その心は「どちらも『指導』するでしょう。」,
,フレーズ・慣用句型,食品のカロリーや栄養素を計算する栄養学,食生活を改めて改善する,みなおす,見直す（食生活を見直す）,見直す（評価や価値を再認識する）,忘れ去られていた古き良き製品,「食品のカロリーや栄養素を計算する栄養学」とかけて、「忘れ去られていた古き良き製品」と解く。その心は「どちらも『見直す』ことで価値が再認識されるでしょう。」,
,フレーズ・慣用句型,食品のカロリーや栄養素を計算する栄養学,栄養状態や食生活の問題点を評価する,しんだん,診断（栄養状態の診断）,診断（機械の故障箇所を特定する）,車の整備士,「食品のカロリーや栄養素を計算する栄養学」とかけて、「車の整備士」と解く。その心は「どちらも『診断』が大切でしょう。」,
,多義語型,有機肥料を使って作物を育てるオーガニック農法,土壌や作物の成長を促す,そだてる,育てる（作物を成長させる）,育てる（才能や能力を伸ばす）,子供の才能を伸ばそうとする親,「有機肥料を使って作物を育てるオーガニック農法」とかけて、「子供の才能を伸ばそうとする親」と解く。その心は「どちらも『じっくりと育てる』でしょう。」,
,フレーズ・慣用句型,有機肥料を使って作物を育てるオーガニック農法,環境への負荷が少ない,ちきゅうにやさしい,地球に優しい（環境負荷が低い）,地球に優しい（思いやりや配慮がある）,困っている人に手を差し伸べる人,「有機肥料を使って作物を育てるオーガニック農法」とかけて、「困っている人に手を差し伸べる人」と解く。その心は「どちらも『地球に優しい』でしょう。」,
,完全な同音異義語型,有機肥料を使って作物を育てるオーガニック農法,健康な土壌を作る,どじょう,土壌（作物を育てる地面）,泥鰌（淡水魚の一種）,水の底を泳ぎ回る魚,「有機肥料を使って作物を育てるオーガニック農法」とかけて、「水の底を泳ぎ回る魚」と解く。その心は「どちらも『土壌（どじょう）』でしょう。」,
,多義語型,有機肥料を使って作物を育てるオーガニック農法,土壌に養分を供給する,えいようをあたえる,栄養を与える（土壌や作物に）,栄養を与える（人や動物に食事で）,育ち盛りの子供にご飯を作る母親,「有機肥料を使って作物を育てるオーガニック農法」とかけて、「育ち盛りの子供にご飯を作る母親」と解く。その心は「どちらも『栄養を与える』でしょう。」,
,フレーズ・慣用句型,有機肥料を使って作物を育てるオーガニック農法,昔ながらの伝統的な手法を用いる,むかしながら,昔ながら（伝統的な手法）,昔ながら（変わらない様子や関係）,久しぶりに会った幼なじみ,「有機肥料を使って作物を育てるオーガニック農法」とかけて、「久しぶりに会った幼なじみ」と解く。その心は「どちらも『昔ながら』でしょう。」,
,完全な同音異義語型,有機肥料を使って作物を育てるオーガニック農法,作物が力強く成長する,はえる,生える（植物が地面から育つ）,映える（景色が美しく見える）,富士山を背景にした美しい風景,「有機肥料を使って作物を育てるオーガニック農法」とかけて、「富士山を背景にした美しい風景」と解く。その心は「どちらも『（作物や景色が）生える／映える』でしょう。」,
,完全な同音異義語型,新しい味覚の組み合わせを探求する分子ガストロノミー,未知の領域を切り拓く,かいたく,開拓,海拓,干拓事業に取り組む人々,新しい味覚の組み合わせを探求する分子ガストロノミーとかけて、干拓事業に取り組む人々と解く。その心は『どちらも【開拓】でしょう。』,
,多義語型,新しい味覚の組み合わせを探求する分子ガストロノミー,味覚の組み立てや構成を明らかにする,こうぞう,構造,構造,建築物の骨組みを作る職人,新しい味覚の組み合わせを探求する分子ガストロノミーとかけて、建築物の骨組みを作る職人と解く。その心は『どちらも【構造】でしょう。』,
,フレーズ・慣用句型,新しい味覚の組み合わせを探求する分子ガストロノミー,確かな情報がないまま、未知の可能性を探る,てさぐり,手探り,手探り,暗闇の中で鍵を探す人,新しい味覚の組み合わせを探求する分子ガストロノミーとかけて、暗闇の中で鍵を探す人と解く。その心は『どちらも【手探り】でしょう。』,
,完全な同音異義語型,新しい味覚の組み合わせを探求する分子ガストロノミー,科学的な理論やシステムを組み立てる,こうちく,構築,構築,城を築く大工,新しい味覚の組み合わせを探求する分子ガストロノミーとかけて、城を築く大工と解く。その心は『どちらも【構築】でしょう。』,
,多義語型,新しい味覚の組み合わせを探求する分子ガストロノミー,従来の調理法にはない、物事が今までとは違った状態になること,へんか,変化,変化,カメレオン,新しい味覚の組み合わせを探求する分子ガストロノミーとかけて、カメレオンと解く。その心は『どちらも【変化】でしょう。』,
,フレーズ・慣用句型,新しい味覚の組み合わせを探求する分子ガストロノミー,複雑な要素の適切な釣り合いを保つように調整すること,バランスをとる,バランスを取る,バランスを取る,一本橋を渡る人,新しい味覚の組み合わせを探求する分子ガストロノミーとかけて、一本橋を渡る人と解く。その心は『どちらも【バランスを取る】でしょう。』,
,多義語型,見た目の美しさを追求する料理の盛り付けの美学,料理を美しく見せるために、形や色を整える、配置する、デザインする。最終的な「形」が重要。,かたちをととのえる,形を整える,法律の『形』を整える,法律の条文を整備する政治家,見た目の美しさを追求する料理の盛り付けの美学とかけて、法律の条文を整備する政治家と解く。その心は『どちらも形を整える』でしょう。,
,多義語型,見た目の美しさを追求する料理の盛り付けの美学,料理を配置することで、全体のバランスを取り、完成度を高める。,バランスがだいじ,『バランス』が大事,収支の『バランス』,家計簿と睨めっこする主婦,見た目の美しさを追求する料理の盛り付けの美学とかけて、家計簿と睨めっこする主婦と解く。その心は『どちらも『バランスが大事』でしょう。,
,フレーズ・慣用句型,見た目の美しさを追求する料理の盛り付けの美学,皿の上に絵を描くように、美的センスを表現する。色使い、配置、余白の美。,えをかく,皿の上に『絵を描く』ように盛り付ける,将来のビジョンや計画を『絵を描く』ように語る,新しい事業計画を発表する起業家,見た目の美しさを追求する料理の盛り付けの美学とかけて、新しい事業計画を発表する起業家と解く。その心は『どちらも『絵を描く』でしょう。,
,フレーズ・慣用句型,見た目の美しさを追求する料理の盛り付けの美学,料理の色合い、配置、高さを考慮し、視覚的な美しさを追求する。,めをたのしませる,盛り付けで『目を楽しませる』,素晴らしい景色や芸術作品で『目を楽しませる』,絶景を巡る旅行者,見た目の美しさを追求する料理の盛り付けの美学とかけて、絶景を巡る旅行者と解く。その心は『どちらも『目を楽しませる』でしょう。,
,完全な同音異義語型,見た目の美しさを追求する料理の盛り付けの美学,料理の配置や色合いを『配置』し、美しい構図を作る。,はいち,食材を『配置』する,学校で生徒を『配置』する,新学期にクラス分けをする先生,見た目の美しさを追求する料理の盛り付けの美学とかけて、新学期にクラス分けをする先生と解く。その心は『どちらも『配置』でしょう。,
,完全な同音異義語型,見た目の美しさを追求する料理の盛り付けの美学,料理を盛り付ける際、細部にわたり『こだわり』を持って美しさを追求する。,こだわり,盛り付けに『こだわり』がある,豆腐の『こだわり』,創業200年の老舗豆腐店,見た目の美しさを追求する料理の盛り付けの美学とかけて、創業200年の老舗豆腐店と解く。その心は『どちらも『こだわり』でしょう。,
,完全な同音異義語型,一定の品質を保って提供されるチェーン店のマニュアル,マニュアルが示す一貫した方針や品質,いちかん,一貫,一缶,缶ビール,「一定の品質を保って提供されるチェーン店のマニュアル」とかけて、「缶ビール」と解く。その心は「どちらも『一貫（一缶）』でしょう。」,
,多義語型,一定の品質を保って提供されるチェーン店のマニュアル,作業や品質の基準を定めるもの,きじゅん,基準,基準,測量士,「一定の品質を保って提供されるチェーン店のマニュアル」とかけて、「測量士」と解く。その心は「どちらも『基準』を設けるでしょう。」,
,フレーズ・慣用句型,一定の品質を保って提供されるチェーン店のマニュアル,全ての従業員が同じ方向を向いて作業を進めるための指針,おなじほうこう,同じ方向,同じ方向,羅針盤,「一定の品質を保って提供されるチェーン店のマニュアル」とかけて、「羅針盤」と解く。その心は「どちらも『同じ方向』を示すでしょう。」,
,完全な同音異義語型,一定の品質を保って提供されるチェーン店のマニュアル,従業員への具体的な指示が明記されている,しじ,指示,支持,熱烈なファンの応援,「一定の品質を保って提供されるチェーン店のマニュアル」とかけて、「熱烈なファンの応援」と解く。その心は「どちらも『指示（支持）』が大事でしょう。」,
,多義語型,一定の品質を保って提供されるチェーン店のマニュアル,作業の明確な流れが体系的に記述されている,ながれ,流れ,流れ,川,「一定の品質を保って提供されるチェーン店のマニュアル」とかけて、「川」と解く。その心は「どちらも『流れ』があるでしょう。」,
,フレーズ・慣用句型,一定の品質を保って提供されるチェーン店のマニュアル,模範となる手本を示すことで、品質を均一にする,てほん,手本,手本,書道の先生,「一定の品質を保って提供されるチェーン店のマニュアル」とかけて、「書道の先生」と解く。その心は「どちらも『手本』となるでしょう。」,
,完全な同音異義語型,原産地やブランドを偽って販売する産地偽装の不正,偽って見せる、真実を隠す、ごまかす、見せかけ,ぎそう,偽装 (偽って見せかけること、本来の姿を隠すこと),擬装 (船舶や航空機などに施す迷彩塗装や偽装網など),敵の目を欺くためのカメレオン,原産地やブランドを偽って販売する産地偽装の不正とかけて、敵の目を欺くためのカメレオンと解く。その心は『どちらも【ぎそう】でしょう。』,
,完全な同音異義語型,原産地やブランドを偽って販売する産地偽装の不正,本当ではない姿、見せかけ、架空のもの,かそう,仮想 (現実には存在しないものを、仮に想定すること),仮装 (扮装して他人に変身すること),ハロウィンのパーティーに参加する人,原産地やブランドを偽って販売する産地偽装の不正とかけて、ハロウィンのパーティーに参加する人と解く。その心は『どちらも【かそう】でしょう。』,
,多義語型,原産地やブランドを偽って販売する産地偽装の不正,中身がない、実体が伴わない、見せかけだけ,からっぽ,空っぽ (実体が伴わず、内容が乏しい状態),空っぽ (物理的に容器などが空である状態),中身を使い切ったマヨネーズのチューブ,原産地やブランドを偽って販売する産地偽装の不正とかけて、中身を使い切ったマヨネーズのチューブと解く。その心は『どちらも【からっぽ】でしょう。』,
,多義語型,原産地やブランドを偽って販売する産地偽装の不正,隠された事実がある、表向きと実態が違う、不正がある,うら,裏 (表からは見えない不正な部分、隠された事実),裏 (物理的に物の背面や内側),本のカバーの裏側,原産地やブランドを偽って販売する産地偽装の不正とかけて、本のカバーの裏側と解く。その心は『どちらも【うら】があるでしょう。』,
,フレーズ・慣用句型,原産地やブランドを偽って販売する産地偽装の不正,見せかけが露見する、不正が暴かれる、本性が現れる,めっきがはがれる,メッキが剥がれる (見せかけの体裁が崩れ、実態が露見すること),メッキが剥がれる (物理的に金属の表面処理が取れてしまうこと),安物のアクセサリー,原産地やブランドを偽って販売する産地偽装の不正とかけて、安物のアクセサリーと解く。その心は『どちらも【メッキが剥がれる】でしょう。』,
,フレーズ・慣用句型,原産地やブランドを偽って販売する産地偽装の不正,隠していた悪事が露見する、本性が現れる,しっぽをだす,尻尾を出す (隠していた悪事や本性が露見すること),尻尾を出す (動物が隠していた尻尾を外に出す様子),隠れていて見つかった動物,原産地やブランドを偽って販売する産地偽装の不正とかけて、隠れていて見つかった動物と解く。その心は『どちらも【尻尾を出す】でしょう。』,
,完全な同音異義語型,非常時に備えて食料を備蓄するローリングストック,災害に備えて食料を置いておくこと、常に準備があること,そなえ,備え,供え,神棚や仏壇に飾るもの（神仏への供え物）,非常時に備えて食料を備蓄するローリングストックとかけて、神棚や仏壇に飾るものと解く。その心は「どちらも『備え』でしょう。」,
,多義語型,非常時に備えて食料を備蓄するローリングストック,古いものから消費し、新しいものを補充するサイクルを回す,まわす,回す,回す（ネジを回す、電話を回すなど）,ネジを締めたり、人に電話をかけさせたりする行為,非常時に備えて食料を備蓄するローリングストックとかけて、ネジを締めたり、人に電話をかけさせたりする行為と解く。その心は「どちらも『回す』でしょう。」,
,フレーズ・慣用句型,非常時に備えて食料を備蓄するローリングストック,食料を無駄にすることなく消費する,むだにしない,無駄にしない,無駄口を叩かない,仕事中に私語を慎む人,非常時に備えて食料を備蓄するローリングストックとかけて、仕事中に私語を慎む人と解く。その心は「どちらも『無駄にしない』でしょう。」,
,完全な同音異義語型,非常時に備えて食料を備蓄するローリングストック,食料備蓄の状態を常に適切に把握し、入れ替えを行うこと,かんり,管理,官吏,昔の役所の職員（公務員）,非常時に備えて食料を備蓄するローリングストックとかけて、昔の役所の職員と解く。その心は「どちらも『管理』でしょう。」,
,多義語型,非常時に備えて食料を備蓄するローリングストック,食料などを貯める行為,ためる,貯める,溜める（水や不満を溜める）,水を汲んだり、不満を心に抱え込んだりする行為,非常時に備えて食料を備蓄するローリングストックとかけて、水を汲んだり、不満を心に抱え込んだりする行為と解く。その心は「どちらも『貯める（溜める）』でしょう。」,
,フレーズ・慣用句型,非常時に備えて食料を備蓄するローリングストック,食料の入れ替えを計画的に行う,けいかくてき,計画的,計画的犯行,綿密な計画を立てて犯罪を実行する人,非常時に備えて食料を備蓄するローリングストックとかけて、綿密な計画を立てて犯罪を実行する人と解く。その心は「どちらも『計画的』でしょう。」,
,完全な同音異義語型,植物由来の原料で肉の食感を再現する代替肉の技術,肉の食感を人工的に作り出す,さいせい,再生（食感を「再生」する）,再生（音楽や映像を「再生」する）,レコードプレーヤー,植物由来の原料で肉の食感を再現する代替肉の技術とかけて、レコードプレーヤーと解く。その心は『どちらも「再生」するでしょう。』,
,完全な同音異義語型,植物由来の原料で肉の食感を再現する代替肉の技術,新しい食品を開発・製造する,しんせい,新製（新しい食品を「新製」する）,申請（許可や届け出を「申請」する）,役所の窓口,植物由来の原料で肉の食感を再現する代替肉の技術とかけて、役所の窓口と解く。その心は『どちらも「新製（申請）」するでしょう。』,
,多義語型,植物由来の原料で肉の食感を再現する代替肉の技術,本物の肉の振る舞いを模倣する,まねる,真似る（肉の食感を「真似る」）,真似る（人の言葉や行動を「真似る」）,オウム,植物由来の原料で肉の食感を再現する代替肉の技術とかけて、オウムと解く。その心は『どちらも「真似る」でしょう。』,
,多義語型,植物由来の原料で肉の食感を再現する代替肉の技術,本物の肉とは異なるもの,ちがう,違う（本物の肉とは「違う」）,違う（間違いや誤りが「違う」）,テストの採点をする先生,植物由来の原料で肉の食感を再現する代替肉の技術とかけて、テストの採点をする先生と解く。その心は『どちらも「違う」でしょう。』,
,フレーズ・慣用句型,植物由来の原料で肉の食感を再現する代替肉の技術,アイデアや原料を具体的な形態に加工する,かたちにする,形にする（植物原料を肉の食感の「形にする」）,形にする（アイデアや夢を「形にする」）,デザイナー,植物由来の原料で肉の食感を再現する代替肉の技術とかけて、デザイナーと解く。その心は『どちらも「形にする」でしょう。』,
,フレーズ・慣用句型,植物由来の原料で肉の食感を再現する代替肉の技術,地球環境への負荷を低減する効果がある,ちきゅうにやさしい,地球に優しい（「地球に優しい」食の選択肢を提供する）,地球に優しい（環境保護活動やエコ製品が「地球に優しい」）,リサイクル運動の推進者,植物由来の原料で肉の食感を再現する代替肉の技術とかけて、リサイクル運動の推進者と解く。その心は『どちらも「地球に優しい」でしょう。』,
,多義語型,ムスリムが安心して食べられるハラール認証,安心できる食事を提供する,あたえる,与える（安心と清浄な食事を「与える」）,与える（感動や影響を「与える」）,発表会で観客に感動を与える演奏家,ムスリムが安心して食べられるハラール認証とかけて、発表会で観客に感動を与える演奏家と解く。その心は『どちらも（安心や感動を）「与える」』でしょう。,
,完全な同音異義語型,ムスリムが安心して食べられるハラール認証,食べ物が清いこと,きよい,清い（食べ物が「清い」）,潔い（態度が「潔い」）,負けを認めたスポーツ選手,ムスリムが安心して食べられるハラール認証とかけて、負けを認めたスポーツ選手と解く。その心は『どちらも「清い」（食べ物）か、「潔い」（態度）か』でしょう。,
,フレーズ・慣用句型,ムスリムが安心して食べられるハラール認証,食の安全に間違いがないことを保証する,まちがいがない,間違いがない（食の安全性に「間違いがない」）,間違いがない（正確である、確実である）,緻密な計画を立てる建築家,ムスリムが安心して食べられるハラール認証とかけて、緻密な計画を立てる建築家と解く。その心は『どちらも「間違いがない」』でしょう。,
,多義語型,ムスリムが安心して食べられるハラール認証,飲食して良いものを区別する,よい,良い（飲食して「良い」もの）,良い（品質や出来が「良い」）,腕利きの職人が仕上げた工芸品,ムスリムが安心して食べられるハラール認証とかけて、腕利きの職人が仕上げた工芸品と解く。その心は『どちらも「良い」ものである』でしょう。,
,完全な同音異義語型,ムスリムが安心して食べられるハラール認証,飲食が禁止されていないことを示す,きんし,禁じ（飲食が「禁じ」られていない）,近視（目が「近視」である）,黒板の字がよく見えない小学生,ムスリムが安心して食べられるハラール認証とかけて、黒板の字がよく見えない小学生と解く。その心は『どちらも「禁じ」られていないか、「近視」か』でしょう。,
,フレーズ・慣用句型,ムスリムが安心して食べられるハラール認証,不適切な食品から身を守るための基準,みをまもる,身を守る（不適切な食品から「身を守る」）,身を守る（危険や攻撃から「身を守る」）,災害発生時に避難する人々,ムスリムが安心して食べられるハラール認証とかけて、災害発生時に避難する人々と解く。その心は『どちらも「身を守る」』でしょう。,
,完全な同音異義語型,食を通じて心身のバランスを整える薬膳の思想,体質を良くする、状態を是正する,かいぜん,改善,改竄,犯罪者が証拠隠滅のために行う行為,食を通じて心身のバランスを整える薬膳の思想とかけて、犯罪者が証拠隠滅のために行う行為と解く。その心は「どちらも『かいぜん』でしょう。」,
,完全な同音異義語型,食を通じて心身のバランスを整える薬膳の思想,体を大切に守り育む,ようじょう,養生,養生,建築現場で床や壁をシートで覆う作業,食を通じて心身のバランスを整える薬膳の思想とかけて、建築現場で床や壁をシートで覆う作業と解く。その心は「どちらも『ようじょう』でしょう。」,
,多義語型,食を通じて心身のバランスを整える薬膳の思想,体内の滞りを排出し、巡りを良くする,ながす,流す,流す,噂話が好きな人,食を通じて心身のバランスを整える薬膳の思想とかけて、噂話が好きな人と解く。その心は「どちらも『（情報を）流す』でしょう。」,
,多義語型,食を通じて心身のバランスを整える薬膳の思想,体内の不足しているものを補う,ほてん,補填,補填,会社の予算不足を埋めること,食を通じて心身のバランスを整える薬膳の思想とかけて、会社の予算不足を埋めることと解く。その心は「どちらも『（不足を）補填する』でしょう。」,
,フレーズ・慣用句型,食を通じて心身のバランスを整える薬膳の思想,体の機能を内側から改善する,ないめんからととのえる,内面から整える,内面から整える,精神を磨き人格を向上させる人,食を通じて心身のバランスを整える薬膳の思想とかけて、精神を磨き人格を向上させる人と解く。その心は「どちらも『内面から整える』でしょう。」,
,フレーズ・慣用句型,食を通じて心身のバランスを整える薬膳の思想,複数の要素の最適な配置が健康に繋がる,くみあわせがだいじ,組み合わせが大事,組み合わせが大事,プロ野球の監督,食を通じて心身のバランスを整える薬膳の思想とかけて、プロ野球の監督と解く。その心は「どちらも『（最適な）組み合わせが大事』でしょう。」,
,完全な同音異義語型,涙をボロボロこぼしながら玉ねぎをみじん切りにする下ごしらえ,刺激で目を擦る、細かく切る,こする,擦る（目を擦る）,擦る（火を起こすために木を擦る）,火起こしをするサバイバル経験者,涙をボロボロこぼしながら玉ねぎをみじん切りにする下ごしらえとかけて、火起こしをするサバイバル経験者と解く。その心は「どちらも『擦る』でしょう。」,
,完全な同音異義語型,涙をボロボロこぼしながら玉ねぎをみじん切りにする下ごしらえ,食材を細かく切る,きざむ,刻む（玉ねぎを刻む）,刻む（時間を刻む）,古い時計職人,涙をボロボロこぼしながら玉ねぎをみじん切りにする下ごしらえとかけて、古い時計職人と解く。その心は「どちらも『刻む』でしょう。」,
,多義語型,涙をボロボロこぼしながら玉ねぎをみじん切りにする下ごしらえ,涙が目からこぼれる,ながす,流す（涙を流す）,流す（悪い噂を流す）,悪質なゴシップ記者,涙をボロボロこぼしながら玉ねぎをみじん切りにする下ごしらえとかけて、悪質なゴシップ記者と解く。その心は「どちらも『流す』でしょう。」,
,多義語型,涙をボロボロこぼしながら玉ねぎをみじん切りにする下ごしらえ,刺激で涙が目から出る,でる,出る（涙が出る）,出る（芝居に出る）,有名な舞台役者,涙をボロボロこぼしながら玉ねぎをみじん切りにする下ごしらえとかけて、有名な舞台役者と解く。その心は「どちらも『出る』でしょう。」,
,フレーズ・慣用句型,涙をボロボロこぼしながら玉ねぎをみじん切りにする下ごしらえ,刺激が強くて目を開けていられない,めがあけていられない,目を開けていられない（刺激で目を開けていられない）,目を開けていられない（あまりの惨状に目を開けていられない）,悲惨な事故現場を目の当たりにした人,涙をボロボロこぼしながら玉ねぎをみじん切りにする下ごしらえとかけて、悲惨な事故現場を目の当たりにした人と解く。その心は「どちらも『目を開けていられない』でしょう。」,
,フレーズ・慣用句型,涙をボロボロこぼしながら玉ねぎをみじん切りにする下ごしらえ,刺激で涙が止まらない,なみだがとまらない,涙が止まらない（刺激で涙が止まらない）,涙が止まらない（感動で涙が止まらない）,オリンピックで金メダルを獲得した選手,涙をボロボロこぼしながら玉ねぎをみじん切りにする下ごしらえとかけて、オリンピックで金メダルを獲得した選手と解く。その心は「どちらも『涙が止まらない』でしょう。」,
,完全な同音異義語型,煙で目が痛い中うちわで扇ぐ秋刀魚の炭火焼き,煙が目に刺激を与え、痛く感じる様子,めにしみる,目に染みる,身に染みる,貧乏生活の厳しさ,「煙で目が痛い中うちわで扇ぐ秋刀魚の炭火焼き」とかけて、「貧乏生活の厳しさ」と解く。その心は「どちらも『身に染みる（目に染みる）』でしょう。」,
,完全な同音異義語型,煙で目が痛い中うちわで扇ぐ秋刀魚の炭火焼き,うちわで風を送り、火力を強める動作,かぜをおくる,風を送る,禍（かぜ）を送る,ゴシップ好きで人の悪口ばかり言う人,「煙で目が痛い中うちわで扇ぐ秋刀魚の炭火焼き」とかけて、「ゴシップ好きで人の悪口ばかり言う人」と解く。その心は「どちらも『禍（風）を送る』でしょう。」,
,多義語型,煙で目が痛い中うちわで扇ぐ秋刀魚の炭火焼き,焼くことで秋刀魚が美味しくなる状態,うまくなる,旨くなる,上手くなる,毎日練習に励むスポーツ選手,「煙で目が痛い中うちわで扇ぐ秋刀魚の炭火焼き」とかけて、「毎日練習に励むスポーツ選手」と解く。その心は「どちらも『うまくなる（旨くなる/上手くなる）』でしょう。」,
,多義語型,煙で目が痛い中うちわで扇ぐ秋刀魚の炭火焼き,焦げ付かないように火加減に注意を払う,きをつかう,気を遣う,気を使う,職場の人間関係に悩む中間管理職,「煙で目が痛い中うちわで扇ぐ秋刀魚の炭火焼き」とかけて、「職場の人間関係に悩む中間管理職」と解く。その心は「どちらも『気を遣う』でしょう。」,
,フレーズ・慣用句型,煙で目が痛い中うちわで扇ぐ秋刀魚の炭火焼き,煙の刺激で生理的に涙が出る現象,なみだがでる,涙が出る,涙が出る,感動的な映画のクライマックス,「煙で目が痛い中うちわで扇ぐ秋刀魚の炭火焼き」とかけて、「感動的な映画のクライマックス」と解く。その心は「どちらも『涙が出る』でしょう。」,
,フレーズ・慣用句型,煙で目が痛い中うちわで扇ぐ秋刀魚の炭火焼き,うちわで扇ぐことで火が勢いよく燃え上がる様子,ひをふく,火を吹く,火を吹く,激怒して部下を叱りつける上司,「煙で目が痛い中うちわで扇ぐ秋刀魚の炭火焼き」とかけて、「激怒して部下を叱りつける上司」と解く。その心は「どちらも『火を吹く』でしょう。」,
,多義語型,重い米俵を腰を痛めながら運ぶ収穫作業,体（腰など）に疲労がたまり、固まる状態,こる,凝る（筋肉などが固まる）,凝る（趣味や仕事などに熱中する、手の込んだ細工をする）,盆栽の細かな手入れをする職人,重い米俵を腰を痛めながら運ぶ収穫作業とかけて、盆栽の細かな手入れをする職人と解く。その心は「どちらも『凝る』でしょう。」,
,多義語型,重い米俵を腰を痛めながら運ぶ収穫作業,物理的に重いものを下から上へ動かす行為,もちあげる,持ち上げる（物理的に物を）,持ち上げる（人をご機嫌取りのために褒めそやす）,上司に取り入ろうとゴマをする部下,重い米俵を腰を痛めながら運ぶ収穫作業とかけて、上司に取り入ろうとゴマをする部下と解く。その心は「どちらも相手を『持ち上げる』でしょう。」,
,フレーズ・慣用句型,重い米俵を腰を痛めながら運ぶ収穫作業,体力を顧みず、限界を超えて作業を続けること,むりをする,無理をする（体や健康に）,無理をする（資金繰りや計画において、困難な状況で敢行する）,資金繰りに困りながらも無謀な新規事業を始める経営者,重い米俵を腰を痛めながら運ぶ収穫作業とかけて、資金繰りに困りながらも無謀な新規事業を始める経営者と解く。その心は「どちらも『無理をする』でしょう。」,
,フレーズ・慣用句型,重い米俵を腰を痛めながら運ぶ収穫作業,物理的に背負っていた重い物を地面に置く行為,にをおろす,荷を下ろす（物理的に重いものを）,荷を下ろす（長年の責任や負担から解放される）,長年勤めた会社を定年退職する人,重い米俵を腰を痛めながら運ぶ収穫作業とかけて、長年勤めた会社を定年退職する人と解く。その心は「どちらも『荷を下ろす』でしょう。」,
,完全な同音異義語型,重い米俵を腰を痛めながら運ぶ収穫作業,物を特定の場所から別の場所へ移動させる行為,はこぶ,運ぶ（物理的なものを移動させる）,運ぶ（運勢やツキが巡ってくる）,宝くじに当たって幸運に恵まれた人,重い米俵を腰を痛めながら運ぶ収穫作業とかけて、宝くじに当たって幸運に恵まれた人と解く。その心は「どちらも『運ぶ』でしょう。」,
,完全な同音異義語型,重い米俵を腰を痛めながら運ぶ収穫作業,物体を下から上へ、または低い位置から高い位置へ動かす行為,あげる,上げる（物理的に持ち上げる）,揚げる（油で調理する、旗を竿の先に掲げる）,天ぷらなどの揚げ物料理を作る人,重い米俵を腰を痛めながら運ぶ収穫作業とかけて、天ぷらなどの揚げ物料理を作る人と解く。その心は「どちらも『揚げる』でしょう。」,
,完全な同音異義語型,油が跳ねて手に火傷を負いながら揚げる唐揚げ作り,油で食材を熱して上へ向かわせる動作,あげる,揚げる（唐揚げを揚げる）,挙げる（手を挙げる、証拠を挙げる）,授業中に発言しようと手を挙げる生徒,油が跳ねて手に火傷を負いながら揚げる唐揚げ作りとかけて、授業中に発言しようと手を挙げる生徒と解く。その心は『どちらも【あげる】でしょう。』,
,完全な同音異義語型,油が跳ねて手に火傷を負いながら揚げる唐揚げ作り,火傷の危険が伴う状態,きけん,危険（な作業）,棄権（試合を棄権する）,運動会でリレーを棄権する選手,油が跳ねて手に火傷を負いながら揚げる唐揚げ作りとかけて、運動会でリレーを棄権する選手と解く。その心は『どちらも【きけん】でしょう。』,
,多義語型,油が跳ねて手に火傷を負いながら揚げる唐揚げ作り,物理的に温度が高い状態,あつい,熱い（油、火傷）,厚い（人情、信頼、本）,厚い信頼を寄せられている上司,油が跳ねて手に火傷を負いながら揚げる唐揚げ作りとかけて、厚い信頼を寄せられている上司と解く。その心は『どちらも【あつい】でしょう。』,
,多義語型,油が跳ねて手に火傷を負いながら揚げる唐揚げ作り,油や調理器具を丁寧に管理・使用する様子,あつかう,扱う（油を慎重に扱う）,扱う（部下を扱う、商品を扱う）,部下の才能をうまく扱う経営者,油が跳ねて手に火傷を負いながら揚げる唐揚げ作りとかけて、部下の才能をうまく扱う経営者と解く。その心は『どちらも【あつかう】でしょう。』,
,フレーズ・慣用句型,油が跳ねて手に火傷を負いながら揚げる唐揚げ作り,調理に時間や手間、注意が必要な状態,てがかかる,手がかかる（調理に）,手がかかる（世話が焼ける、面倒を見る必要がある）,いたずらばかりして手がかかる子供,油が跳ねて手に火傷を負いながら揚げる唐揚げ作りとかけて、いたずらばかりして手がかかる子供と解く。その心は『どちらも【手がかかる】でしょう。』,
,フレーズ・慣用句型,油が跳ねて手に火傷を負いながら揚げる唐揚げ作り,火傷で物理的に苦痛な経験をする,いたいめにあう,痛い目に遭う（油で火傷をして）,痛い目に遭う（失敗してひどい経験をする）,ギャンブルで大金を失って痛い目に遭う人,油が跳ねて手に火傷を負いながら揚げる唐揚げ作りとかけて、ギャンブルで大金を失って痛い目に遭う人と解く。その心は『どちらも【痛い目に遭う】でしょう。』,
,完全な同音異義語型,喉が渇いてカラカラの状態で駆け込むビアガーデンの飲み会,喉が渇いており、ビールがグラスに「注がれる」のを心待ちにしている状態。,つぐ,注ぐ（ビールをグラスに注ぐ）,継ぐ（家業や伝統などを継ぐ）,先代の跡を継ぐ若き後継者,喉が渇いてカラカラの状態で駆け込むビアガーデンの飲み会とかけて、先代の跡を継ぐ若き後継者と解く。その心は「どちらも『つぐ』でしょう。」,
,完全な同音異義語型,喉が渇いてカラカラの状態で駆け込むビアガーデンの飲み会,冷えたビールを飲んだ時に、その「効き目」で渇きが癒される感覚。,きく,効く（冷たいビールが喉に効く）,菊（日本の国花でもある秋の花）,秋の訪れを告げる美しい花,喉が渇いてカラカラの状態で駆け込むビアガーデンの飲み会とかけて、秋の訪れを告げる美しい花と解く。その心は「どちらも『きく』でしょう。」,
,多義語型,喉が渇いてカラカラの状態で駆け込むビアガーデンの飲み会,喉の渇きが癒され、まるで体が「生き返った」ように感じる。,いきかえる,生き返る（体が回復したように感じる）,生き返る（絶滅寸前から復活する）,一度は絶滅したと思われていた希少な生物,喉が渇いてカラカラの状態で駆け込むビアガーデンの飲み会とかけて、一度は絶滅したと思われていた希少な生物と解く。その心は「どちらも『生き返る』でしょう。」,
,多義語型,喉が渇いてカラカラの状態で駆け込むビアガーデンの飲み会,渇きから「解放」され、開放的な気分になる。,かいほう,解放（喉の渇きから解放される）,開放（窓や扉を開け放つ）,夏風が心地よく吹き込む全開放された窓,喉が渇いてカラカラの状態で駆け込むビアガーデンの飲み会とかけて、夏風が心地よく吹き込む全開放された窓と解く。その心は「どちらも『開放』でしょう。」,
,フレーズ・慣用句型,喉が渇いてカラカラの状態で駆け込むビアガーデンの飲み会,最初の一杯を飲んで、ようやく「一息つく」安堵感。,ひといきつく,一息つく（喉の渇きが癒え、安堵する）,一息つく（忙しい仕事の合間に休憩する）,締め切り間際の激務の中でようやく休憩に入った編集者,喉が渇いてカラカラの状態で駆け込むビアガーデンの飲み会とかけて、締め切り間際の激務の中でようやく休憩に入った編集者と解く。その心は「どちらも『一息つく』でしょう。」,
,フレーズ・慣用句型,喉が渇いてカラカラの状態で駆け込むビアガーデンの飲み会,参加者と「杯を交わし」、親睦を深める。,さかずきをかわす,杯を交わす（酒を酌み交わし親睦を深める）,杯を交わす（固い誓いや和解の証として酒を酌み交わす）,長年の対立を乗り越え、和解の誓いを立てる両組織の代表者,喉が渇いてカラカラの状態で駆け込むビアガーデンの飲み会とかけて、長年の対立を乗り越え、和解の誓いを立てる両組織の代表者と解く。その心は「どちらも『杯を交わす』でしょう。」,
,完全な同音異義語型,真夏の炎天下で汗だくになって並ぶかき氷屋の行列,暑さに耐えながら、目的のものを得るまで「待つ」,まつ,待つ（列で順番を待つ）,松（常緑針葉樹の松）,門松など正月に飾られる縁起物,真夏の炎天下で汗だくになって並ぶかき氷屋の行列とかけて、門松など正月に飾られる縁起物と解く。その心は『どちらも「まつ」でしょう。』,
,完全な同音異義語型,真夏の炎天下で汗だくになって並ぶかき氷屋の行列,暑さで体が「溶ける」ように感じる,とける,溶ける（かき氷が溶ける、暑さで体が溶けそう）,解ける（問題が解ける、ひもが解ける）,難解な数式を解き明かした数学者,真夏の炎天下で汗だくになって並ぶかき氷屋の行列とかけて、難解な数式を解き明かした数学者と解く。その心は『どちらも「とける」でしょう。』,
,多義語型,真夏の炎天下で汗だくになって並ぶかき氷屋の行列,暑さで汗が体から「滴る」,したたる,滴る（汗が滴り落ちる）,滴る（魅力が滴る、色気が滴る）,圧倒的なオーラを放つカリスマ性のある人物,真夏の炎天下で汗だくになって並ぶかき氷屋の行列とかけて、圧倒的なオーラを放つカリスマ性のある人物と解く。その心は『どちらも「したたる」でしょう。』,
,多義語型,真夏の炎天下で汗だくになって並ぶかき氷屋の行列,皆が同じように「並ぶ」,ならぶ,並ぶ（列に並ぶ）,並ぶ（匹敵する、肩を並べる）,互角の実力を持つ二人のベテラン棋士,真夏の炎天下で汗だくになって並ぶかき氷屋の行列とかけて、互角の実力を持つ二人のベテラン棋士と解く。その心は『どちらも「ならぶ」でしょう。』,
,フレーズ・慣用句型,真夏の炎天下で汗だくになって並ぶかき氷屋の行列,暑さと待ち時間に「我慢」する,がまんくらべ,我慢（暑さと待ち時間に耐える）,我慢比べ（どちらが先に音を上げるか競う遊び）,真剣勝負で粘り強く競い合う子供たち,真夏の炎天下で汗だくになって並ぶかき氷屋の行列とかけて、真剣勝負で粘り強く競い合う子供たちと解く。その心は『どちらも「我慢比べ」でしょう。』,
,フレーズ・慣用句型,真夏の炎天下で汗だくになって並ぶかき氷屋の行列,炎天下で体が「煮える」ように熱い,はらがにえくりかえる,煮える（暑さで体が煮えるよう）,腹が煮えくり返る（激しい怒りを感じる様子）,不正を目の当たりにして激怒している正義感の強い人,真夏の炎天下で汗だくになって並ぶかき氷屋の行列とかけて、不正を目の当たりにして激怒している正義感の強い人と解く。その心は『どちらも「腹が煮えくり返る」でしょう。』,
,完全な同音異義語型,激辛ラーメンを食べて口から火が出るような大食いチャレンジ,辛さで口から火が出る（比喩）,ひがでる,火が出る（口から火が出る）,日が出る（太陽が昇る）,夜が明ける瞬間,激辛ラーメンを食べて口から火が出るような大食いチャレンジとかけて、夜が明ける瞬間と解く。その心は「どちらも火（日）が出る」でしょう。,
,完全な同音異義語型,激辛ラーメンを食べて口から火が出るような大食いチャレンジ,完食を目指し、限界に挑戦する,かんしょく,完食（全て食べ切る）,観測（天体を観察する）,天文学者や星を観察する人,激辛ラーメンを食べて口から火が出るような大食いチャレンジとかけて、天文学者や星を観察する人と解く。その心は「どちらも完食（観測）を目指す」でしょう。,
,多義語型,激辛ラーメンを食べて口から火が出るような大食いチャレンジ,辛さで身体が熱くなる,ひがでる,火が出る（比喩的な辛さの炎）,火が出る（実際に燃え上がる炎）,薪ストーブや焚き火,激辛ラーメンを食べて口から火が出るような大食いチャレンジとかけて、薪ストーブや焚き火と解く。その心は「どちらも火が出る」でしょう。,
,多義語型,激辛ラーメンを食べて口から火が出るような大食いチャレンジ,ラーメンの風味や辛さが奥深い,あじ,味（食品の味覚や風味）,味（物事の趣や味わい）,古い日本庭園や趣のある景色,激辛ラーメンを食べて口から火が出るような大食いチャレンジとかけて、古い日本庭園や趣のある景色と解く。その心は「どちらも深い味がある」でしょう。,
,フレーズ・慣用句型,激辛ラーメンを食べて口から火が出るような大食いチャレンジ,辛さで身体から物理的に汗が吹き出す,あせをながす,汗を流す（身体から汗が出る）,汗を流す（努力する、苦労する）,新製品開発に心血を注ぐ研究者,激辛ラーメンを食べて口から火が出るような大食いチャレンジとかけて、新製品開発に心血を注ぐ研究者と解く。その心は「どちらも汗を流す」でしょう。,
,フレーズ・慣用句型,激辛ラーメンを食べて口から火が出るような大食いチャレンジ,辛さで思わず涙がこぼれる,なみだをながす,涙を流す（辛くて涙が出る）,涙を流す（感動や悲しみで涙を流す）,オリンピックで金メダルを取った選手,激辛ラーメンを食べて口から火が出るような大食いチャレンジとかけて、オリンピックで金メダルを取った選手と解く。その心は「どちらも涙を流す」でしょう。,
,完全な同音異義語型,指先が凍えるような冷水で米を研ぐ冬の朝の家事,冷水で手を洗い、寒さに手が感覚を失う（荒れる）,あらう,洗う（米を洗う、手を洗う）,荒う（波が荒う）,荒波の日本海,「指先が凍えるような冷水で米を研ぐ冬の朝の家事」とかけて、「荒波の日本海」と解く。その心は「どちらも『あらう』でしょう。,
,完全な同音異義語型,指先が凍えるような冷水で米を研ぐ冬の朝の家事,冷たい水に指先が浸かり、寒さで体が疲労する,つかれる,疲れる（寒さで体が疲労する）,浸かれる（湯に浸かれる）,温泉巡りを楽しむ人,「指先が凍えるような冷水で米を研ぐ冬の朝の家事」とかけて、「温泉巡りを楽しむ人」と解く。その心は「どちらも『つかれる』でしょう。,
,多義語型,指先が凍えるような冷水で米を研ぐ冬の朝の家事,冷水によって指先が冷たくなる、感覚がはっきりする,さめる,冷める（手が冷える）,覚める（眠りから覚める）,目覚まし時計,「指先が凍えるような冷水で米を研ぐ冬の朝の家事」とかけて、「目覚まし時計」と解く。その心は「どちらも『さめる』でしょう。,
,多義語型,指先が凍えるような冷水で米を研ぐ冬の朝の家事,お米を研磨する,とぐ,研ぐ（米を研ぐ）,研ぐ（刀を研ぐ、腕を磨ぐ）,名刀を磨く刀匠,「指先が凍えるような冷水で米を研ぐ冬の朝の家事」とかけて、「名刀を磨く刀匠」と解く。その心は「どちらも『研ぐ』でしょう。,
,フレーズ・慣用句型,指先が凍えるような冷水で米を研ぐ冬の朝の家事,冷たさで指の関節が固くなり動かせない状態,ゆびがまがらない,指が曲がらない（冷えて固くなる）,指が曲がらない（不正をしない、清廉潔白である）,どんな誘惑にも屈しない清廉な政治家,「指先が凍えるような冷水で米を研ぐ冬の朝の家事」とかけて、「どんな誘惑にも屈しない清廉な政治家」と解く。その心は「どちらも『指が曲がらない』でしょう。,
,フレーズ・慣用句型,指先が凍えるような冷水で米を研ぐ冬の朝の家事,米を研いだ水を捨てる行為,みずにながす,水に流す（研ぎ汁を流す）,水に流す（過去の出来事を忘れる、許す）,過去の過ちを許し、再出発する友人,「指先が凍えるような冷水で米を研ぐ冬の朝の家事」とかけて、「過去の過ちを許し、再出発する友人」と解く。その心は「どちらも『水に流す』でしょう。,
,完全な同音異義語型,臭い生ゴミの汁が服に跳ねて舌打ちするゴミ出し,悪臭が漂う、不快な状況,におう,匂う（悪臭を放つ）,匂う（美しさや趣が感じられる）,春の訪れを告げる梅の花,臭い生ゴミの汁が服に跳ねて舌打ちするゴミ出しとかけて、春の訪れを告げる梅の花と解く。その心は『どちらも匂うでしょう。』,
,完全な同音異義語型,臭い生ゴミの汁が服に跳ねて舌打ちするゴミ出し,服に汚れが付着する,しみ,染み（服についた汚れ）,染み（味が深く染み込んだ状態）,よく煮込まれて味が染みた煮物,臭い生ゴミの汁が服に跳ねて舌打ちするゴミ出しとかけて、よく煮込まれて味が染みた煮物と解く。その心は『どちらも染みがあるでしょう。』,
,多義語型,臭い生ゴミの汁が服に跳ねて舌打ちするゴミ出し,不要なものを排出する行為,だす,出す（ゴミを外へ排出する）,出す（作品を世に送り出す）,ヒット作を次々と生み出すベストセラー作家,臭い生ゴミの汁が服に跳ねて舌打ちするゴミ出しとかけて、ヒット作を次々と生み出すベストセラー作家と解く。その心は『どちらも（成果物を）出すでしょう。』,
,多義語型,臭い生ゴミの汁が服に跳ねて舌打ちするゴミ出し,液体が飛び散る物理的動作,はねる,跳ねる（汁が飛び散る）,跳ねる（魚が水面を飛び跳ねる、激しく動く）,釣りの最中に竿を大きくしならせる大物,臭い生ゴミの汁が服に跳ねて舌打ちするゴミ出しとかけて、釣りの最中に竿を大きくしならせる大物と解く。その心は『どちらもよく跳ねるでしょう。』,
,フレーズ・慣用句型,臭い生ゴミの汁が服に跳ねて舌打ちするゴミ出し,準備や努力が無駄になること,だいなし,台無し（服が汚れて着られなくなる）,台無し（これまでの計画や努力が全て無駄になる）,入念に準備した企画が直前で中止になった担当者,臭い生ゴミの汁が服に跳ねて舌打ちするゴミ出しとかけて、入念に準備した企画が直前で中止になった担当者と解く。その心は『どちらも台無しでしょう。』,
,フレーズ・慣用句型,臭い生ゴミの汁が服に跳ねて舌打ちするゴミ出し,不運な状況に見舞われること,うんがない,運がない（不運な出来事が起こる）,運がない（運搬手段がない、運送ができない）,船便しかない離島への引っ越しで、大量の荷物に困っている人,臭い生ゴミの汁が服に跳ねて舌打ちするゴミ出しとかけて、船便しかない離島への引っ越しで、大量の荷物に困っている人と解く。その心は『どちらも運（搬）がないでしょう。』,
,多義語型,お腹が空きすぎて胃がキリキリ痛む深夜のコンビニ買い出し,深夜に食料を求めて家を出るための「準備を整える」行為。,こしらえる,深夜の買い出しのために家を出る支度を『こしらえる』（準備する）,新しい企画や物事を一から『こしらえる』（作り出す）,企画書を作成する人,お腹が空きすぎて胃がキリキリ痛む深夜のコンビニ買い出しとかけて、企画書を作成する人と解く。その心は「どちらも新しいものを『こしらえる』でしょう。」,
,フレーズ・慣用句型,お腹が空きすぎて胃がキリキリ痛む深夜のコンビニ買い出し,胃の痛みが限界に達し、耐えきれずにコンビニへ「駆け込む」切羽詰まった状況。,せっぱつまる,空腹と胃の痛みで『切羽詰まる』状況に陥り、コンビニに駆け込む,期限や締め切りが『切羽詰まる』,締め切り間際の漫画家,お腹が空きすぎて胃がキリキリ痛む深夜のコンビニ買い出しとかけて、締め切り間際の漫画家と解く。その心は「どちらも『切羽詰まる』でしょう。」,
,完全な同音異義語型,お腹が空きすぎて胃がキリキリ痛む深夜のコンビニ買い出し,胃の痛みが「鋭い」感覚。,するどい,胃がキリキリと『鋭い』痛みを感じる,研ぎ澄まされた刃物の『鋭い』切れ味,切れ味の良い包丁,お腹が空きすぎて胃がキリキリ痛む深夜のコンビニ買い出しとかけて、切れ味の良い包丁と解く。その心は「どちらも『鋭い』でしょう。」,
,多義語型,お腹が空きすぎて胃がキリキリ痛む深夜のコンビニ買い出し,空腹を満たすために食料を「探し求める」行動。,さがす,深夜のコンビニで、空腹を満たすための食料を『探す』,失くしたものを『探す』,宝探しをしている子供,お腹が空きすぎて胃がキリキリ痛む深夜のコンビニ買い出しとかけて、宝探しをしている子供と解く。その心は「どちらも必死に『探す』でしょう。」,
,フレーズ・慣用句型,お腹が空きすぎて胃がキリキリ痛む深夜のコンビニ買い出し,胃の不調や空腹によって「体が不調な状態」であること。,ちょうしがわるい,胃がキリキリ痛むほど『調子が悪い』状態,機械や楽器などの『調子が悪い』,演奏中に音が出なくなった古いピアノ,お腹が空きすぎて胃がキリキリ痛む深夜のコンビニ買い出しとかけて、演奏中に音が出なくなった古いピアノと解く。その心は「どちらも『調子が悪い』でしょう。」,
,完全な同音異義語型,お腹が空きすぎて胃がキリキリ痛む深夜のコンビニ買い出し,胃がキリキリと痛む「苦痛」の状態。その苦痛からの「解放」を求める。,かいほう,空腹の苦痛から『解放』されたい,数学の『開法』（平方根などを求める計算）,数学の難問に挑む学生,お腹が空きすぎて胃がキリキリ痛む深夜のコンビニ買い出しとかけて、数学の難問に挑む学生と解く。その心は「どちらも『解放』を求めるでしょう。」,
,多義語型,苦い青汁を一息で飲み干して顔をしかめる健康習慣,苦いものを飲んで顔が歪む、嫌なことでも健康のために「耐える」,たえる,耐える（苦味に耐える）,絶える（途絶える、命が尽きる）,命が尽きかけている病気の患者,「苦い青汁を一息で飲み干して顔をしかめる健康習慣」とかけて、「命が尽きかけている病気の患者」と解く。その心は「どちらも『たえる』でしょう。,
,フレーズ・慣用句型,苦い青汁を一息で飲み干して顔をしかめる健康習慣,苦いものを無理に飲み込む際、自分に「言い聞かせる」,いいきかせる,言い聞かせる（自分に「言い聞かせる」）,言い聞かせる（目下の人に諭して「言い聞かせる」）,親が子に諭して説得する場面,「苦い青汁を一息で飲み干して顔をしかめる健康習慣」とかけて、「親が子に諭して説得する場面」と解く。その心は「どちらも『言い聞かせる』でしょう。,
,完全な同音異義語型,苦い青汁を一息で飲み干して顔をしかめる健康習慣,青汁の「青」という色,あおい,青い（色味が「青い」）,葵（植物の「葵」）,水戸黄門の家紋,「苦い青汁を一息で飲み干して顔をしかめる健康習慣」とかけて、「水戸黄門の家紋」と解く。その心は「どちらも『あおい』でしょう。,
,多義語型,苦い青汁を一息で飲み干して顔をしかめる健康習慣,青汁を口から胃へ「流し込む」物理的行為,ながしこむ,流し込む（液体を「流し込む」）,流し込む（情報や技術を「流し込む」）,若手社員に経験やノウハウを教え込むベテラン社員,「苦い青汁を一息で飲み干して顔をしかめる健康習慣」とかけて、「若手社員に経験やノウハウを教え込むベテラン社員」と解く。その心は「どちらも『流し込む』でしょう。,
,フレーズ・慣用句型,苦い青汁を一息で飲み干して顔をしかめる健康習慣,苦い味に耐えきれず「眉をひそめる」表情,まゆをひそめる,眉をひそめる（苦味で顔をしかめて「眉をひそめる」）,眉をひそめる（心配事や不快な出来事に「眉をひそめる」）,社会の不正に怒りを覚えるジャーナリスト,「苦い青汁を一息で飲み干して顔をしかめる健康習慣」とかけて、「社会の不正に怒りを覚えるジャーナリスト」と解く。その心は「どちらも『眉をひそめる』でしょう。,
,完全な同音異義語型,苦い青汁を一息で飲み干して顔をしかめる健康習慣,青「汁」という液体の性質,しる,汁（青「汁」）,知る（事実や情報を「知る」）,事件の真相を究明する探偵,「苦い青汁を一息で飲み干して顔をしかめる健康習慣」とかけて、「事件の真相を究明する探偵」と解く。その心は「どちらも『しる』でしょう。,
,完全な同音異義語型,眩しいフラッシュを焚いて料理を撮影するSNSへの投稿,写真を写す動作,とる,撮る（写真を撮る）,獲る（魚を獲る）,大漁を狙う漁師,「眩しいフラッシュを焚いて料理を撮影するSNSへの投稿」とかけて、「大漁を狙う漁師」と解く。その心は「どちらも『とる』でしょう。」,
,多義語型,眩しいフラッシュを焚いて料理を撮影するSNSへの投稿,写真の見栄えが良くなる,はえる,映える（写真が美しく見える）,生える（植物が生長する）,芝生の手入れをする庭師,「眩しいフラッシュを焚いて料理を撮影するSNSへの投稿」とかけて、「芝生の手入れをする庭師」と解く。その心は「どちらも『はえる』でしょう。」,
,フレーズ・慣用句型,眩しいフラッシュを焚いて料理を撮影するSNSへの投稿,フラッシュが強く光を発する,ひかりをはなつ,光を放つ（フラッシュが光る）,光を放つ（才能や能力が際立って輝く）,天才的なひらめきを得た発明家,「眩しいフラッシュを焚いて料理を撮影するSNSへの投稿」とかけて、「天才的なひらめきを得た発明家」と解く。その心は「どちらも『光を放つ』でしょう。」,
,完全な同音異義語型,眩しいフラッシュを焚いて料理を撮影するSNSへの投稿,フラッシュの光が対象物を明るくする,てる,照る（フラッシュが料理を照らす）,照る（太陽が地上を照らす）,よく晴れた日の日差し,「眩しいフラッシュを焚いて料理を撮影するSNSへの投稿」とかけて、「よく晴れた日の日差し」と解く。その心は「どちらも『照る』でしょう。」,
,多義語型,眩しいフラッシュを焚いて料理を撮影するSNSへの投稿,撮影した写真を一般に公開する行為,こうかい,公開（SNSで写真を公開する）,航海（船で海を渡る）,大海原を旅する船乗り,「眩しいフラッシュを焚いて料理を撮影するSNSへの投稿」とかけて、「大海原を旅する船乗り」と解く。その心は「どちらも『こうかい』でしょう。」,
,フレーズ・慣用句型,眩しいフラッシュを焚いて料理を撮影するSNSへの投稿,フラッシュによって料理が鮮やかに見える,いろどりをそえる,彩りを添える（写真写りを良くする）,彩りを添える（物事に華やかさを加える）,結婚式の会場を飾るフラワーコーディネーター,「眩しいフラッシュを焚いて料理を撮影するSNSへの投稿」とかけて、「結婚式の会場を飾るフラワーコーディネーター」と解く。その心は「どちらも『彩りを添える』でしょう。」,
,完全な同音異義語型,肩がパンパンに凝るまで蕎麦を打ち続ける職人の修行,蕎麦打ちによる身体の「凝り」,こる,凝る,趣向が凝る,凝ったデザインを次々と生み出す服飾デザイナー,肩がパンパンに凝るまで蕎麦を打ち続ける職人の修行とかけて、凝ったデザインを次々と生み出す服飾デザイナーと解く。その心は『どちらも【凝る】』でしょう。,
,完全な同音異義語型,肩がパンパンに凝るまで蕎麦を打ち続ける職人の修行,蕎麦の生地を「打つ」作業,うつ,打つ,碁を打つ,集中して囲碁を打つ棋士,肩がパンパンに凝るまで蕎麦を打ち続ける職人の修行とかけて、集中して囲碁を打つ棋士と解く。その心は『どちらも【打つ】』でしょう。,
,多義語型,肩がパンパンに凝るまで蕎麦を打ち続ける職人の修行,蕎麦打ちの作業を「続ける」こと,つづける,続ける,（関係が）続く,長年連れ添った夫婦,肩がパンパンに凝るまで蕎麦を打ち続ける職人の修行とかけて、長年連れ添った夫婦と解く。その心は『どちらも【続く】』でしょう。,
,多義語型,肩がパンパンに凝るまで蕎麦を打ち続ける職人の修行,蕎麦打ちの技術を「磨く」こと,うでをみがく,腕を磨く,（物理的に）腕を磨く,大切な腕時計を丁寧に手入れする人,肩がパンパンに凝るまで蕎麦を打ち続ける職人の修行とかけて、大切な腕時計を丁寧に手入れする人と解く。その心は『どちらも【腕を磨く】』でしょう。,
,フレーズ・慣用句型,肩がパンパンに凝るまで蕎麦を打ち続ける職人の修行,長時間の作業で肩が「パンパンになる」こと,パンパンになる,肩がパンパンになる,お腹がパンパンになる,食べ過ぎてお腹がパンパンになった子供,肩がパンパンに凝るまで蕎麦を打ち続ける職人の修行とかけて、食べ過ぎてお腹がパンパンになった子供と解く。その心は『どちらも【パンパンになる】』でしょう。,
,フレーズ・慣用句型,肩がパンパンに凝るまで蕎麦を打ち続ける職人の修行,蕎麦の生地を麺棒で「伸ばす」こと,のばす,伸ばす,（期限を）伸ばす,締め切りが迫った原稿の提出期限を延長してもらうライター,肩がパンパンに凝るまで蕎麦を打ち続ける職人の修行とかけて、締め切りが迫った原稿の提出期限を延長してもらうライターと解く。その心は『どちらも【伸ばす】』でしょう。,
,多義語型,熱々の鉄板に触れて指先をヒヤリとさせる焼肉屋での火傷,物理的に高温を帯び、触れると危険な状態,ねつをもつ,熱を持つ（物理的に熱を帯びる）,熱を持つ（情熱や熱意を持つ）,熱心な新人社員,熱々の鉄板に触れて指先をヒヤリとさせる焼肉屋での火傷とかけて、熱心な新人社員と解く。その心は「どちらも『熱を持つ』でしょう」。,
,完全な同音異義語型,熱々の鉄板に触れて指先をヒヤリとさせる焼肉屋での火傷,非常に高い温度である状態,あつい,熱い（高温である）,厚い（分厚い、手厚い）,厚い信頼を寄せられている上司,熱々の鉄板に触れて指先をヒヤリとさせる焼肉屋での火傷とかけて、厚い信頼を寄せられている上司と解く。その心は「どちらも『あつい』でしょう」。,
,フレーズ・慣用句型,熱々の鉄板に触れて指先をヒヤリとさせる焼肉屋での火傷,火傷によって身体的な損傷や手間がかかる状況,てがやける,手が焼ける（実際に手が火傷する、熱い状態になる）,手が焼ける（世話に手間がかかる、苦労する）,反抗期を迎えた子供,熱々の鉄板に触れて指先をヒヤリとさせる焼肉屋での火傷とかけて、反抗期を迎えた子供と解く。その心は「どちらも『手が焼ける』でしょう」。,
,完全な同音異義語型,熱々の鉄板に触れて指先をヒヤリとさせる焼肉屋での火傷,対象を加熱する行為、またはその結果として生じる損傷,やく,焼く（肉や皮膚を焼く、焦がす）,役（役割、任務、役目を果たす）,舞台で熱演する役者,熱々の鉄板に触れて指先をヒヤリとさせる焼肉屋での火傷とかけて、舞台で熱演する役者と解く。その心は「どちらも『やく』でしょう」。,
,多義語型,熱々の鉄板に触れて指先をヒヤリとさせる焼肉屋での火傷,身体的に負う損害や不快な感覚,いたみ,痛み（肉体的な苦痛）,痛み（損害、損失）,景気の悪い経済状況,熱々の鉄板に触れて指先をヒヤリとさせる焼肉屋での火傷とかけて、景気の悪い経済状況と解く。その心は「どちらも『痛み』を伴うでしょう」。,
,フレーズ・慣用句型,熱々の鉄板に触れて指先をヒヤリとさせる焼肉屋での火傷,物理的に温度が上昇する、または熱い状態になること,あつくなる,熱くなる（物理的に熱を帯びる、高温になる）,熱くなる（感情的に興奮する、白熱する）,白熱した議論を交わす二人,熱々の鉄板に触れて指先をヒヤリとさせる焼肉屋での火傷とかけて、白熱した議論を交わす二人と解く。その心は「どちらも『熱くなる』でしょう」。,
,多義語型,息が詰まるような沈黙の中で行われる両家顔合わせの食事会,雰囲気が張り詰めていて、リラックスできない状態,かたい,固い（雰囲気が固い）,固い（物理的に硬い）,地球の中心部,【息が詰まるような沈黙の中で行われる両家顔合わせの食事会】とかけて、【地球の中心部】と解く。その心は「どちらも【固い】でしょう。」,
,フレーズ・慣用句型,息が詰まるような沈黙の中で行われる両家顔合わせの食事会,会話が途切れ、場が気まずい状態,まがもたない,間が持たない（会話が続かない）,間が持たない（物理的に安定しない）,橋渡しがないと崩れ落ちる不安定な積み木,【息が詰まるような沈黙の中で行われる両家顔合わせの食事会】とかけて、【橋渡しがないと崩れ落ちる不安定な積み木】と解く。その心は「どちらも【間が持たない】でしょう。」,
,完全な同音異義語型,息が詰まるような沈黙の中で行われる両家顔合わせの食事会,話が進まず、滞っている様子,ながれない,流れない（話や雰囲気がスムーズに進まない）,流れない（液体が滞る）,詰まった排水溝,【息が詰まるような沈黙の中で行われる両家顔合わせの食事会】とかけて、【詰まった排水溝】と解く。その心は「どちらも【流れない】でしょう。」,
,多義語型,息が詰まるような沈黙の中で行われる両家顔合わせの食事会,緊張感や重い空気が満ちている状態,はる,張る（空気が張り詰める、緊張が張る）,張る（物理的に広げる）,キャンプのテント,【息が詰まるような沈黙の中で行われる両家顔合わせの食事会】とかけて、【キャンプのテント】と解く。その心は「どちらも【張る】でしょう。」,
,フレーズ・慣用句型,息が詰まるような沈黙の中で行われる両家顔合わせの食事会,会話のきっかけや、話の糸口が見つからない状態,きりぐちがない,切り口がない（話題のきっかけが見つからない）,切り口がない（物理的に開ける部分がない）,未開封のレトルト食品,【息が詰まるような沈黙の中で行われる両家顔合わせの食事会】とかけて、【未開封のレトルト食品】と解く。その心は「どちらも【切り口がない】でしょう。」,
,完全な同音異義語型,息が詰まるような沈黙の中で行われる両家顔合わせの食事会,本音や気持ちが相手に伝わらない、声をかけられない状態,こえがとどかない,声が届かない（気持ちが伝わらない）,声が届かない（物理的に遠くて聞こえない）,遠く離れた山頂で叫ぶ人,【息が詰まるような沈黙の中で行われる両家顔合わせの食事会】とかけて、【遠く離れた山頂で叫ぶ人】と解く。その心は「どちらも【声が届かない】でしょう。」,
,完全な同音異義語型,満員電車で潰されたケーキの箱を見て絶望する持ち帰り,ケーキの箱が潰れて原型を失う物理的状態,かたなし,形無し（原型を留めない状態）,型無し（だらしがない、見込みがない）,後継ぎとして期待されたが遊び惚けてばかりの放蕩息子,満員電車で潰されたケーキの箱を見て絶望する持ち帰りとかけて、後継ぎとして期待されたが遊び惚けてばかりの放蕩息子と解く。その心は『どちらも「かたなし」でしょう。』,
,多義語型,満員電車でケーキの箱が物理的に潰れ、期待が絶望に変わる状況,,つぶれる,潰れる（物理的に圧迫され原型を失う）,潰れる（計画や希望が頓挫する、時間が無駄になる）,予算オーバーで中止になった新プロジェクト,満員電車で潰されたケーキの箱を見て絶望する持ち帰りとかけて、予算オーバーで中止になった新プロジェクトと解く。その心は『どちらも「つぶれる」でしょう。』,
,フレーズ・慣用句型,ケーキの箱と中身が物理的に原型をとどめないほど壊れている状態,,むざんなすがた,無残な姿（物理的な破損のひどさ）,無残な姿（悲惨な境遇や痛ましい状況）,雨に打たれて震えている捨て猫,満員電車で潰されたケーキの箱を見て絶望する持ち帰りとかけて、雨に打たれて震えている捨て猫と解く。その心は『どちらも「むざんなすがた」でしょう。』,
,完全な同音異義語型,持ち帰りの目的が達成できず、ケーキが駄目になること,,しっぱい,失敗（ケーキが無駄になる結果）,失費（無駄な出費）,無駄遣いが多くて家計を圧迫する生活,満員電車で潰されたケーキの箱を見て絶望する持ち帰りとかけて、無駄遣いが多くて家計を圧迫する生活と解く。その心は『どちらも「しっぱい」でしょう。』,
,多義語型,ケーキの箱が物理的にへこむ状態、および持ち主の気持ちが沈む状態,,へこむ,凹む（物理的にくぼむ、変形する）,凹む（気落ちする、がっかりする）,上司に厳しく叱責されて落ち込んでいる新人社員,満員電車で潰されたケーキの箱を見て絶望する持ち帰りとかけて、上司に厳しく叱責されて落ち込んでいる新人社員と解く。その心は『どちらも「へこむ」でしょう。』,
,フレーズ・慣用句型,ケーキを無事に持ち帰るという努力や期待が、潰れることで無駄になること,,みずのあわ,水の泡（努力が無駄になること）,水の泡（物理的に水面に立つ泡）,子供が石鹸で遊んだ後に風呂桶に残った白い泡,満員電車で潰されたケーキの箱を見て絶望する持ち帰りとかけて、子供が石鹸で遊んだ後に風呂桶に残った白い泡と解く。その心は『どちらも「みずのあわ」でしょう。』,
,多義語型,むせ返るようなニンニクの匂いを漂わせて帰る二郎系ラーメンの完食,匂いが充満し、満足感が心に満ちる,みちる,満ちる（匂いや満腹感が満ちる）,満ちる（月が満ちる、潮が満ちる）,満月や満潮,「むせ返るようなニンニクの匂いを漂わせて帰る二郎系ラーメンの完食」とかけて、「満月や満潮」と解く。その心は「どちらも『満ちる』でしょう。」,
,完全な同音異義語型,むせ返るようなニンニクの匂いを漂わせて帰る二郎系ラーメンの完食,ニンニクの匂いや味が非常に強いこと,こい,濃い（ニンニクの匂いや味が濃い）,恋（初めての恋心）,少年少女の初めての感情,「むせ返るようなニンニクの匂いを漂わせて帰る二郎系ラーメンの完食」とかけて、「少年少女の初めての感情」と解く。その心は「どちらも『濃い/恋』でしょう。」,
,フレーズ・慣用句型,むせ返るようなニンニクの匂いを漂わせて帰る二郎系ラーメンの完食,身体や衣服に強い匂いが染みつくこと,においがつく,匂いが付く（ニンニクの匂いが身体に付く）,職に就く（仕事に就く）,新社会人,「むせ返るようなニンニクの匂いを漂わせて帰る二郎系ラーメンの完食」とかけて、「新社会人」と解く。その心は「どちらも『匂いがつく/職に就く』でしょう。」,
,多義語型,むせ返るようなニンニクの匂いを漂わせて帰る二郎系ラーメンの完食,ニンニクの香りが周囲に漂い、満腹感が心に生まれること,たつ,立つ（匂いが立つ、満足感が立つ）,立つ（計画が立つ、人が立つ）,新規プロジェクトの計画,「むせ返るようなニンニクの匂いを漂わせて帰る二郎系ラーメンの完食」とかけて、「新規プロジェクトの計画」と解く。その心は「どちらも『立つ』でしょう。」,
,完全な同音異義語型,むせ返るようなニンニクの匂いを漂わせて帰る二郎系ラーメンの完食,ラーメンを最後まで食べ切ること,かんしょく,完食（ラーメンを完食すること）,間食（食事と食事の合間にとる軽食）,昼食と夕食の間の小腹を満たす行為,「むせ返るようなニンニクの匂いを漂わせて帰る二郎系ラーメンの完食」とかけて、「昼食と夕食の間の小腹を満たす行為」と解く。その心は「どちらも『完食/間食』でしょう。」,
,フレーズ・慣用句型,むせ返るようなニンニクの匂いを漂わせて帰る二郎系ラーメンの完食,ニンニク臭い息を吐き出すこと,いきをはく,息を吐く（ニンニク臭い息を吐く）,息を吐く（本音や弱音を吐く）,隠していた本音を打ち明ける人,「むせ返るようなニンニクの匂いを漂わせて帰る二郎系ラーメンの完食」とかけて、「隠していた本音を打ち明ける人」と解く。その心は「どちらも『息を吐く』でしょう。」,
,完全な同音異義語型,焦げた匂いを嗅いでオーブンの前でパニックになるお菓子作り,失敗しそうになって精神的に追い詰められ、急いで対応しようとする状態,あせる,焦る,褪せる,昔の思い出,焦げた匂いを嗅いでオーブンの前でパニックになるお菓子作りとかけて、昔の思い出と解く。その心は「どちらも『あせる』でしょう。」,
,完全な同音異義語型,焦げた匂いを嗅いでオーブンの前でパニックになるお菓子作り,焦げた異臭を嗅覚で感知する行為,かぐ,（匂いを）嗅ぐ,家具,部屋のインテリアを選ぶ人,焦げた匂いを嗅いでオーブンの前でパニックになるお菓子作りとかけて、部屋のインテリアを選ぶ人と解く。その心は「どちらも『かぐ』でしょう。」,
,多義語型,焦げた匂いを嗅いでオーブンの前でパニックになるお菓子作り,努力や材料が台無しになり、無益になる危機的状況,むだ,無駄,無駄,体についている余分な脂肪を気にする人,焦げた匂いを嗅いでオーブンの前でパニックになるお菓子作りとかけて、体についている余分な脂肪を気にする人と解く。その心は「どちらも『むだ』が気になるでしょう。」,
,多義語型,焦げた匂いを嗅いでオーブンの前でパニックになるお菓子作り,状況が悪化して、どうすることもできない状態になる,てがつけられない,手がつけられない,手がつけられない,いたずらをして暴れている子供,焦げた匂いを嗅いでオーブンの前でパニックになるお菓子作りとかけて、いたずらをして暴れている子供と解く。その心は「どちらも『手がつけられない』でしょう。」,
,フレーズ・慣用句型,焦げた匂いを嗅いでオーブンの前でパニックになるお菓子作り,これまでの努力や苦労が全て無駄になり、台無しになること,みずのあわ,水の泡,水の泡,炭酸飲料をグラスに注いだ時,焦げた匂いを嗅いでオーブンの前でパニックになるお菓子作りとかけて、炭酸飲料をグラスに注いだ時と解く。その心は「どちらも『水の泡』が見えるでしょう。」,
,フレーズ・慣用句型,焦げた匂いを嗅いでオーブンの前でパニックになるお菓子作り,心配や恐怖、極度の緊張から精神的に焦り、かく汗,ひやあせをかく,冷や汗をかく,冷や汗をかく,悪寒がして体温がうまく調整できない人,焦げた匂いを嗅いでオーブンの前でパニックになるお菓子作りとかけて、悪寒がして体温がうまく調整できない人と解く。その心は「どちらも『冷や汗をかく』でしょう。」,
,多義語型,重い買い物カゴを両手に下げて腕がちぎれそうになる週末の買い出し,重さに耐え忍ぶ状態,たえる,耐える（重さに耐える）,絶える（途切れてなくなる）,途中で壊れてしまう橋,重い買い物カゴを両手に下げて腕がちぎれそうになる週末の買い出しとかけて、途中で壊れてしまう橋と解く。その心は『どちらも「たえる」でしょう。』,
,多義語型,重い買い物カゴを両手に下げて腕がちぎれそうになる週末の買い出し,カゴの中がいっぱいの状態,つまる,詰まる（カゴに物が詰まる）,詰まる（言葉に詰まる、息が詰まる）,緊張して言葉が出ない話し手,重い買い物カゴを両手に下げて腕がちぎれそうになる週末の買い出しとかけて、緊張して言葉が出ない話し手と解く。その心は『どちらも「つまる」でしょう。』,
,完全な同音異義語型,重い買い物カゴを両手に下げて腕がちぎれそうになる週末の買い出し,腕の感覚が麻痺する状態,しびれる,痺れる（腕が痺れる）,痺れる（感動して心が震える）,ロックコンサートで熱狂する観客,重い買い物カゴを両手に下げて腕がちぎれそうになる週末の買い出しとかけて、ロックコンサートで熱狂する観客と解く。その心は『どちらも「しびれる」でしょう。』,
,完全な同音異義語型,重い買い物カゴを両手に下げて腕がちぎれそうになる週末の買い出し,多くの荷物を手で持っている状態,かかえる,抱える（重いカゴを抱える）,抱える（問題を抱える）,複雑な課題を多く持つプロジェクトリーダー,重い買い物カゴを両手に下げて腕がちぎれそうになる週末の買い出しとかけて、複雑な課題を多く持つプロジェクトリーダーと解く。その心は『どちらも「かかえる」でしょう。』,
,フレーズ・慣用句型,重い買い物カゴを両手に下げて腕がちぎれそうになる週末の買い出し,重すぎて腕を上げるのが困難な状態,てがあがらない,手が上がらない（重くて腕が上がらない）,手が上がらない（手に負えない、解決策がない）,難問に直面して解決策が見つからない研究者,重い買い物カゴを両手に下げて腕がちぎれそうになる週末の買い出しとかけて、難問に直面して解決策が見つからない研究者と解く。その心は『どちらも「手が上がらない」でしょう。』,
,フレーズ・慣用句型,重い買い物カゴを両手に下げて腕がちぎれそうになる週末の買い出し,疲労困憊で休息を求める状態,ひとやすみしたい,一休みしたい（重さに疲れて一休みしたい）,一休みしたい（激務が終わり休息を取りたい）,怒涛のような忙しさだった確定申告後の税理士,重い買い物カゴを両手に下げて腕がちぎれそうになる週末の買い出しとかけて、怒涛のような忙しさだった確定申告後の税理士と解く。その心は『どちらも「一休みしたい」でしょう。』,
,多義語型,痛い出費に冷や汗をかく高級フレンチでの会計,高額な支払いで、精神的・金銭的に負担を感じ、決着をつける場面,せいさん,清算,精算,間違った計算を直す経理担当者,「痛い出費に冷や汗をかく高級フレンチでの会計」とかけて、「間違った計算を直す経理担当者」と解く。その心は「どちらも『精算』でしょう。」,
,完全な同音異義語型,痛い出費に冷や汗をかく高級フレンチでの会計,緊張や焦りから出る体液,あぶら,脂（脂汗）,油（食用油）,天ぷら屋の職人,「痛い出費に冷や汗をかく高級フレンチでの会計」とかけて、「天ぷら屋の職人」と解く。その心は「どちらも『油』を使うでしょう。」,
,フレーズ・慣用句型,痛い出費に冷や汗をかく高級フレンチでの会計,支払いを避けられない状況、後戻りできない状況,あとにはひけない,後には引けない（支払いを止められない）,後には引けない（勝負から逃げられない）,絶体絶命の勝負師,「痛い出費に冷や汗をかく高級フレンチでの会計」とかけて、「絶体絶命の勝負師」と解く。その心は「どちらも『後には引けない』でしょう。」,
,完全な同音異義語型,痛い出費に冷や汗をかく高級フレンチでの会計,金銭的な計算や支払い,かんじょう,勘定,感情,激しく喜怒哀楽を表現する役者,「痛い出費に冷や汗をかく高級フレンチでの会計」とかけて、「激しく喜怒哀楽を表現する役者」と解く。その心は「どちらも『感情』をあらわにするでしょう。」,
,多義語型,痛い出費に冷や汗をかく高級フレンチでの会計,不安や緊張で顔色が悪くなる状態,あおい,青い（顔色が）,青い（未熟な）,駆け出しの新米ビジネスマン,「痛い出費に冷や汗をかく高級フレンチでの会計」とかけて、「駆け出しの新米ビジネスマン」と解く。その心は「どちらも『青い』でしょう。」,
,フレーズ・慣用句型,痛い出費に冷や汗をかく高級フレンチでの会計,金銭的に余裕がなく、身動きが取れない状態,くびがまわらない,首が回らない（金銭的な苦境）,首が回らない（物理的に動かせない）,緊張でガチガチになっているロボット,「痛い出費に冷や汗をかく高級フレンチでの会計」とかけて、「緊張でガチガチになっているロボット」と解く。その心は「どちらも『首が回らない』でしょう。」,
,完全な同音異義語型,寒い冬空の下で震えながらすする屋台のおでん屋台での立ち食い,出汁や具材を煮込んだ液体,つゆ,汁,露,早朝、葉っぱの上で輝く水滴,「寒い冬空の下で震えながらすする屋台のおでん屋台での立ち食い」とかけて、「早朝、葉っぱの上で輝く水滴」と解く。その心は「どちらも『つゆ』でしょう。」,
,完全な同音異義語型,寒い冬空の下で震えながらすする屋台のおでん屋台での立ち食い,体が温まる要因となる液体,つゆ,汁,梅雨,じめじめとした季節に長々と続く雨,「寒い冬空の下で震えながらすする屋台のおでん屋台での立ち食い」とかけて、「じめじめとした季節に長々と続く雨」と解く。その心は「どちらも『つゆ』でしょう。」,
,多義語型,寒い冬空の下で震えながらすする屋台のおでん屋台での立ち食い,冷えた体が熱を帯びる感覚,あたたまる,温まる (体が温まる),暖まる (部屋や空間が暖まる),家族が集う居間のストーブの前,「寒い冬空の下で震えながらすする屋台のおでん屋台での立ち食い」とかけて、「家族が集う居間のストーブの前」と解く。その心は「どちらも『温まる（暖まる）』でしょう。」,
,多義語型,寒い冬空の下で震えながらすする屋台のおでん屋台での立ち食い,立ったまま食べる行為、商売を始める,たつ,立つ (立ち食い、屋台が立つ),立つ (計画が立つ、周囲から注目される),周囲から注目される新人アーティスト,「寒い冬空の下で震えながらすする屋台のおでん屋台での立ち食い」とかけて、「周囲から注目される新人アーティスト」と解く。その心は「どちらも『立つ』でしょう。」,
,フレーズ・慣用句型,寒い冬空の下で震えながらすする屋台のおでん屋台での立ち食い,物理的に冷え切った身体を温めること,からだが あたたまる,体が温まる,心が温まる,友人からのサプライズプレゼント,「寒い冬空の下で震えながらすする屋台のおでん屋台での立ち食い」とかけて、「友人からのサプライズプレゼント」と解く。その心は「どちらも『体が温まる（心が温まる）』でしょう。」,
,フレーズ・慣用句型,寒い冬空の下で震えながらすする屋台のおでん屋台での立ち食い,冷え切った状態を改善し、快適な状態に戻す,ひえきった からだを あたためる,冷え切った体を温める,冷え切った関係を温める,長年口をきいていなかった夫婦,「寒い冬空の下で震えながらすする屋台のおでん屋台での立ち食い」とかけて、「長年口をきいていなかった夫婦」と解く。その心は「どちらも『冷え切った関係（体）を温める』でしょう。」,
,フレーズ・慣用句型,納豆のネバネバが口の周りについて痒くなる朝食,ネバネバが口の周りに残って痒みが続く状態,あとをひく,後を引く,後を引く,終わらない会議,「納豆のネバネバが口の周りについて痒くなる朝食」とかけて、「終わらない会議」と解く。その心は「どちらも『後を引く』でしょう。」,
,完全な同音異義語型,納豆のネバネバが口の周りについて痒くなる朝食,ネバネバが口の周りにまとわりつき、からまる状態,からまる,絡まる,空回る,成果が出ないプロジェクト,「納豆のネバネバが口の周りについて痒くなる朝食」とかけて、「成果が出ないプロジェクト」と解く。その心は「どちらも『空回る』でしょう。」,
,多義語型,納豆のネバネバが口の周りについて痒くなる朝食,口の周りのネバネバが物理的に除去できない状態,とれない,取れない,取れない,責任感の強いリーダー,「納豆のネバネバが口の周りについて痒くなる朝食」とかけて、「責任感の強いリーダー」と解く。その心は「どちらも『取れない』でしょう。」,
,フレーズ・慣用句型,納豆のネバネバが口の周りについて痒くなる朝食,口の周りのネバネバが不快感として意識される状態,きになる,気になる,気になる,好きな人の態度,「納豆のネバネバが口の周りについて痒くなる朝食」とかけて、「好きな人の態度」と解く。その心は「どちらも『気になる』でしょう。」,
,完全な同音異義語型,納豆のネバネバが口の周りについて痒くなる朝食,口の周りの痒みを物理的に和らげようと皮膚を掻く動作,かく,掻く,書く,作家,「納豆のネバネバが口の周りについて痒くなる朝食」とかけて、「作家」と解く。その心は「どちらも『かく』でしょう。」,
,多義語型,納豆のネバネバが口の周りについて痒くなる朝食,口の周りがネバネバによって物理的に不潔な状態になること,よごれる,汚れる,汚れる,スキャンダルにまみれた政治家,「納豆のネバネバが口の周りについて痒くなる朝食」とかけて、「スキャンダルにまみれた政治家」と解く。その心は「どちらも『汚れる』でしょう。」,
,完全な同音異義語型,魚の骨が喉に刺さって涙目でご飯を丸飲みする応急処置,喉の異物を取り除く行為、または苦痛がなくなる状態,とる,取る（骨を取り除く、苦痛が取れる）,撮る（写真や映像を撮影する）,写真家,「魚の骨が喉に刺さって涙目でご飯を丸飲みする応急処置」とかけて、「写真家」と解く。その心は「どちらも『とる』でしょう。」,
,完全な同音異義語型,魚の骨が喉に刺さって涙目でご飯を丸飲みする応急処置,喉に骨が引っかかり、身動きが取れない状態,かかる,掛かる（喉に骨が引っかかる）,懸かる（勝負や運命が左右される状況）,スポーツの試合の最終局面,「魚の骨が喉に刺さって涙目でご飯を丸飲みする応急処置」とかけて、「スポーツの試合の最終局面」と解く。その心は「どちらも『かかる』でしょう。」,
,多義語型,魚の骨が喉に刺さって涙目でご飯を丸飲みする応急処置,肉体的な痛みや不快感による苦痛,くるしい,苦しい（喉に骨が刺さる痛み）,苦しい（経済的に困窮している状況）,借金で首が回らない会社,「魚の骨が喉に刺さって涙目でご飯を丸飲みする応急処置」とかけて、「借金で首が回らない会社」と解く。その心は「どちらも『苦しい』でしょう。」,
,多義語型,魚の骨が喉に刺さって涙目でご飯を丸飲みする応急処置,異物（骨）が喉に残った状態、または残さないようにすること,のこす,残す（喉に骨が残る）,残す（食事を食べ残す）,食事を途中でやめて残してしまった子供,「魚の骨が喉に刺さって涙目でご飯を丸飲みする応急処置」とかけて、「食事を途中でやめて残してしまった子供」と解く。その心は「どちらも『残す』でしょう。」,
,フレーズ・慣用句型,魚の骨が喉に刺さって涙目でご飯を丸飲みする応急処置,自分で対処できず、八方塞がりの状況,どうにもならない,どうにもならない（骨が喉に刺さって自分では取り出せない）,どうにもならない（解決策が見つからない手詰まりの状態）,経営破綻寸前の会社,「魚の骨が喉に刺さって涙目でご飯を丸飲みする応急処置」とかけて、「経営破綻寸前の会社」と解く。その心は「どちらも『どうにもならない』でしょう。」,
,フレーズ・慣用句型,魚の骨が喉に刺さって涙目でご飯を丸飲みする応急処置,痛みや不快感で涙がにじみ、目が潤む状態,めがうるむ,目が潤む（痛みで涙目になる）,目が潤む（感動して涙ぐむ）,結婚式で花嫁の親が見せる表情,「魚の骨が喉に刺さって涙目でご飯を丸飲みする応急処置」とかけて、「結婚式で花嫁の親が見せる表情」と解く。その心は「どちらも『目が潤む』でしょう。」,
,多義語型,カチカチのあずきバーを噛んで歯が欠けそうになる夏のおやつタイム,硬すぎて歯が立たず、食いしばって体が硬直するような感覚,かたまる,（食いしばって体が）固まる,（組織として）まとまる,新しく結成されたスポーツチーム,「カチカチのあずきバーを噛んで歯が欠けそうになる夏のおやつタイム」とかけて、「新しく結成されたスポーツチーム」と解く。その心は『どちらも「なかなか『固まる（まとまる）』のが難しい』でしょう。』,
,完全な同音異義語型,カチカチのあずきバーを噛んで歯が欠けそうになる夏のおやつタイム,あずきバーが非常に「硬い」状態,かたい,あずきバーが『硬い』,決意が『固い』,目標達成に向けて努力を続ける受験生,「カチカチのあずきバーを噛んで歯が欠けそうになる夏のおやつタイム」とかけて、「目標達成に向けて努力を続ける受験生」と解く。その心は『どちらも「『かたい（硬い/固い）』意志を持っている』でしょう。』,
,フレーズ・慣用句型,カチカチのあずきバーを噛んで歯が欠けそうになる夏のおやつタイム,あずきバーが硬すぎて、物理的に歯で砕けない状態,はがたたない,（硬すぎて物理的に）歯が立たない,（相手が強すぎて）歯が立たない,熟練のプロ棋士に挑む初心者,「カチカチのあずきバーを噛んで歯が欠けそうになる夏のおやつタイム」とかけて、「熟練のプロ棋士に挑む初心者」と解く。その心は『どちらも「『歯が立たない』と感じる』でしょう。』,
,多義語型,カチカチのあずきバーを噛んで歯が欠けそうになる夏のおやつタイム,歯が物理的に損なわれ、破損の危機にある状態,こわれる,（歯が）壊れる寸前,（人間関係が）壊れる,長年の友人との喧嘩,「カチカチのあずきバーを噛んで歯が欠けそうになる夏のおやつタイム」とかけて、「長年の友人との喧嘩」と解く。その心は『どちらも「大切なものが『壊れる』か心配になる』でしょう。』,
,完全な同音異義語型,カチカチのあずきバーを噛んで歯が欠けそうになる夏のおやつタイム,冷たさによる身体への刺激で震えるような感覚,れい,（冷たさで）『冷』える、震える,『霊』的な存在,肝試しに参加した人,「カチカチのあずきバーを噛んで歯が欠けそうになる夏のおやつタイム」とかけて、「肝試しに参加した人」と解く。その心は『どちらも「『れい（冷/霊）』で体が震える』でしょう。』,
,フレーズ・慣用句型,カチカチのあずきバーを噛んで歯が欠けそうになる夏のおやつタイム,あずきバーが非常に硬く、口の中で砕きにくい状態,くちがかたい,（物理的に硬すぎて）口が堅い,（秘密を漏らさない）口が堅い,決して秘密を漏らさないスパイ,「カチカチのあずきバーを噛んで歯が欠けそうになる夏のおやつタイム」とかけて、「決して秘密を漏らさないスパイ」と解く。その心は『どちらも「『口が堅い』でしょう。」』,
,多義語型,熱燗を注ぎすぎて手にこぼしアチチと叫ぶお花見の宴会,熱燗が手にこぼれて感じる物理的な「熱さ」と、驚きによる感情の「熱さ」,あつい,熱い（温度が高い、感情が激しい）,厚い（物の厚みがある、人情や友情が深い）,分厚い人情味あふれる漫画や、厚い友情を持つ人々,熱燗を注ぎすぎて手にこぼしアチチと叫ぶお花見の宴会とかけて、とても分厚い人情味あふれる漫画と解く。その心は『どちらも【熱い／厚い】でしょう。』,
,フレーズ・慣用句型,熱燗を注ぎすぎて手にこぼしアチチと叫ぶお花見の宴会,熱燗が手にこぼれて火傷しそうなほど「手が熱い」状態,てがあつい,手が熱い（熱くて触れない）,手厚い（もてなしや待遇が丁寧である）,VIP客を至れり尽くせりでもてなす老舗旅館や、親切な介護士,熱燗を注ぎすぎて手にこぼしアチチと叫ぶお花見の宴会とかけて、VIP客をもてなす老舗旅館と解く。その心は『どちらも【手が熱い／手厚い】でしょう。』,
,完全な同音異義語型,熱燗を注ぎすぎて手にこぼしアチチと叫ぶお花見の宴会,熱燗が手に触れて感じる物理的な「熱い」感覚,あつい,熱い（温度が高い）,篤い（病状が重い、信仰心が深い、人情が深い）,重い病に臥せっている人、または強い信仰心を持つ修道士,熱燗を注ぎすぎて手にこぼしアチチと叫ぶお花見の宴会とかけて、重い病に臥せっている人と解く。その心は『どちらも【熱い／篤い】でしょう。』,
,多義語型,熱燗を注ぎすぎて手にこぼしアチチと叫ぶお花見の宴会,熱燗をこぼして「アチチ」と騒ぎ、周囲も驚く物理的な「騒がしさ」,さわがしい,騒がしい（音がうるさい、喧しい）,騒がしい（世の中の情勢が落ち着かない、心が落ち着かない）,情勢が不安定な世界情勢や、悩みで落ち着かない人の心,熱燗を注ぎすぎて手にこぼしアチチと叫ぶお花見の宴会とかけて、情勢が不安定な世界情勢と解く。その心は『どちらも【騒がしい】でしょう。』,
,フレーズ・慣用句型,熱燗を注ぎすぎて手にこぼしアチチと叫ぶお花見の宴会,熱燗が熱すぎてまともに「手につかない」状態、または驚きで他のことが「手につかない」状態,てにつかない,手につかない（熱すぎて触れない、驚きで作業ができない）,手につかない（心配事などで集中できず、仕事や勉強ができない）,恋煩いで勉強が全く手につかない学生や、悩みで仕事が捗らない人,熱燗を注ぎすぎて手にこぼしアチチと叫ぶお花見の宴会とかけて、恋煩いで勉強が全く手につかない学生と解く。その心は『どちらも【手につかない】でしょう。』,
,完全な同音異義語型,熱燗を注ぎすぎて手にこぼしアチチと叫ぶお花見の宴会,熱燗として供される「酒」そのもの,さけ,酒（アルコール飲料）,鮭（回遊魚の一種）,秋の川を懸命に遡上する魚や、鮭漁を営む漁師,熱燗を注ぎすぎて手にこぼしアチチと叫ぶお花見の宴会とかけて、秋の川を懸命に遡上する魚と解く。その心は『どちらも【酒／鮭】でしょう。』,
,完全な同音異義語型,レシピ通りに調味料を計量して鍋に入れる調理,正確な分量をはかる行為,はかる,計る,図る,会社の発展を目指す経営者,レシピ通りに調味料を計量して鍋に入れる調理とかけて、会社の発展を目指す経営者と解く。その心は「どちらも『はかる』でしょう。」,
,完全な同音異義語型,レシピ通りに調味料を計量して鍋に入れる調理,材料を鍋に投入する動作,とうにゅう,投入,豆乳,健康のために豆乳を飲む人,レシピ通りに調味料を計量して鍋に入れる調理とかけて、健康のために豆乳を飲む人と解く。その心は「どちらも『とうにゅう』でしょう。」,
,多義語型,レシピ通りに調味料を計量して鍋に入れる調理,料理の味を確かめる行為,あじをみる,味をみる（調理）,味をみる（相手の様子を探る）,商談で相手の反応を伺う営業マン,レシピ通りに調味料を計量して鍋に入れる調理とかけて、商談で相手の反応を伺う営業マンと解く。その心は「どちらも『味をみる』でしょう。」,
,多義語型,レシピ通りに調味料を計量して鍋に入れる調理,材料を一体にまとめる行為,まとめる,まとめる（材料）,まとめる（意見）,会議で多様な意見をまとめる議長,レシピ通りに調味料を計量して鍋に入れる調理とかけて、会議で多様な意見をまとめる議長と解く。その心は「どちらも『まとめる』でしょう。」,
,フレーズ・慣用句型,レシピ通りに調味料を計量して鍋に入れる調理,鍋を熱源にかける動作,ひにかける,火にかける（鍋）,火にかける（嫌疑をかける）,不正行為を疑われた政治家,レシピ通りに調味料を計量して鍋に入れる調理とかけて、不正行為を疑われた政治家と解く。その心は「どちらも『火にかける』でしょう。」,
,フレーズ・慣用句型,レシピ通りに調味料を計量して鍋に入れる調理,料理の完成度や出来栄え,しあがり,仕上がり（料理）,仕上がり（仕事の出来栄え）,納期直前の大仕事を終えた職人,レシピ通りに調味料を計量して鍋に入れる調理とかけて、納期直前の大仕事を終えた職人と解く。その心は「どちらも『仕上がり』でしょう。」,
,完全な同音異義語型,スマホのアプリを使って指定の場所に弁当を届けるフードデリバリー,注文を受けて商品を運ぶ行為,はいたつ,配達,敗訴,裁判に負けて落ち込んでいる弁護士,スマホのアプリを使って指定の場所に弁当を届けるフードデリバリーとかけて、裁判に負けて落ち込んでいる弁護士と解く。その心は「どちらも『はいたつ（配達/敗訴）』でしょう。」,
,完全な同音異義語型,スマホのアプリを使って指定の場所に弁当を届けるフードデリバリー,アプリで商品の依頼をする行為,ちゅうもん,注文,鋳物,型に溶かした金属を流し込んで作る工芸品,スマホのアプリを使って指定の場所に弁当を届けるフードデリバリーとかけて、型に溶かした金属を流し込んで作る工芸品と解く。その心は「どちらも『ちゅうもん（注文/鋳物）』でしょう。」,
,多義語型,スマホのアプリを使って指定の場所に弁当を届けるフードデリバリー,目的地に到着する,つく,着く,尽くす,顧客の要望に全力を尽くす営業マン,スマホのアプリを使って指定の場所に弁当を届けるフードデリバリーとかけて、顧客の要望に全力を尽くす営業マンと解く。その心は「どちらも『つく（着く/尽くす）』でしょう。」,
,多義語型,スマホのアプリを使って指定の場所に弁当を届けるフードデリバリー,商品を顧客の元へ運ぶ、渡す,とどける,届ける,届け出る,役所に婚姻届を提出するカップル,スマホのアプリを使って指定の場所に弁当を届けるフードデリバリーとかけて、役所に婚姻届を提出するカップルと解く。その心は「どちらも『とどける（届ける/届け出る）』でしょう。」,
,フレーズ・慣用句型,スマホのアプリを使って指定の場所に弁当を届けるフードデリバリー,食事を配る行為,しょくじをくばる,食事を配る,気配りをする（気を配る）,お客様に細やかなサービスをする旅館の女将,スマホのアプリを使って指定の場所に弁当を届けるフードデリバリーとかけて、お客様に細やかなサービスをする旅館の女将と解く。その心は「どちらも『しょくじをくばる（食事を配る/気を配る）』でしょう。」,
,フレーズ・慣用句型,スマホのアプリを使って指定の場所に弁当を届けるフードデリバリー,弁当が冷めないように熱い状態を保つ,ねつをもつ,熱を持つ（弁当が）,熱を持つ（議論が白熱する、夢に情熱を持つ）,白熱した議論を交わす政治家たち,スマホのアプリを使って指定の場所に弁当を届けるフードデリバリーとかけて、白熱した議論を交わす政治家たちと解く。その心は「どちらも『ねつをもつ（熱を持つ）』でしょう。」,
,多義語型,タッチパネルで注文して自動で運ばれてくる回転寿司のシステム,注文した品が顧客の席まで「届く」,とどく,注文品が「届く」,気持ちが相手に「届く」,遠距離恋愛中の恋人,「タッチパネルで注文して自動で運ばれてくる回転寿司のシステム」とかけて、「遠距離恋愛中の恋人」と解く。その心は『どちらも「届く」でしょう。』,
,多義語型,タッチパネルで注文して自動で運ばれてくる回転寿司のシステム,システムが効率よく機能的に「回る」,まわる,システムが効率的に「回る」,持ち回りの担当が順番に「回る」,持ち回りの担当役員,「タッチパネルで注文して自動で運ばれてくる回転寿司のシステム」とかけて、「持ち回りの担当役員」と解く。その心は『どちらも「回る」でしょう。』,
,フレーズ・慣用句型,タッチパネルで注文して自動で運ばれてくる回転寿司のシステム,注文品が顧客の元へ「真っ直ぐ進む」,まっすぐすすむ,注文品が「真っ直ぐ進む」,目標に向かって「真っ直ぐ進む」,夢に向かって努力を続ける若者,「タッチパネルで注文して自動で運ばれてくる回転寿司のシステム」とかけて、「夢に向かって努力を続ける若者」と解く。その心は『どちらも「真っ直ぐ進む」でしょう。』,
,フレーズ・慣用句型,タッチパネルで注文して自動で運ばれてくる回転寿司のシステム,店員が物理的に「手を出す」必要がない,てをださない,店員が「手を出す」必要がない,不要な争いごとに「手を出さない」,争いごとを好まない平和主義者,「タッチパネルで注文して自動で運ばれてくる回転寿司のシステム」とかけて、「争いごとを好まない平和主義者」と解く。その心は『どちらも「手を出さない」でしょう。』,
,完全な同音異義語型,タッチパネルで注文して自動で運ばれてくる回転寿司のシステム,寿司が客席まで自動で「運搬」される,はこび,寿司が「運び」される,物語の「運び」（展開）,長編小説のストーリーテリング,「タッチパネルで注文して自動で運ばれてくる回転寿司のシステム」とかけて、「長編小説のストーリーテリング」と解く。その心は『どちらも「運び」でしょう。』,
,完全な同音異義語型,タッチパネルで注文して自動で運ばれてくる回転寿司のシステム,寿司が自動で客席に「来る」,らい,寿司が客席に「来」る（到来）,空から落ちてくる「雷」,夏の夕立とともに鳴り響く自然現象,「タッチパネルで注文して自動で運ばれてくる回転寿司のシステム」とかけて、「夏の夕立とともに鳴り響く自然現象」と解く。その心は『どちらも「らい」（来/雷）でしょう。』,
,多義語型,スーパーの閉店間際に貼られる半額シールを狙う値引き品漁り,商品を安く手に入れようとする意図を持つ行為,ねらう,狙う（価格低下の機会を狙う）,狙う（標的を定め、目標に到達しようとする）,獲物を追う狩人,「スーパーの閉店間際に貼られる半額シールを狙う値引き品漁り」とかけて、「獲物を追う狩人」と解く。その心は「どちらも『狙う』でしょう。」,
,フレーズ・慣用句型,スーパーの閉店間際に貼られる半額シールを狙う値引き品漁り,割引品を見つけるために集中して見る行為,めをこらす,目を凝らす（半額シールを見落とさないように）,目を凝らす（細部を確認するために集中する）,針の穴に糸を通す職人,「スーパーの閉店間際に貼られる半額シールを狙う値引き品漁り」とかけて、「針の穴に糸を通す職人」と解く。その心は「どちらも『目を凝らす』でしょう。」,
,完全な同音異義語型,スーパーの閉店間際に貼られる半額シールを狙う値引き品漁り,商品の価格が安くなる状態,さがる,下がる（値段が下がる）,下がる（物理的に吊るされて下に位置する）,ブランコに乗った子供,「スーパーの閉店間際に貼られる半額シールを狙う値引き品漁り」とかけて、「ブランコに乗った子供」と解く。その心は「どちらも『下がる』でしょう。」,
,多義語型,スーパーの閉店間際に貼られる半額シールを狙う値引き品漁り,適切な時間やタイミングに間に合うこと,まにあう,間に合う（良い商品や閉店時間に）,間に合う（必要を満たす、事足りる）,ぎりぎりの人数で回すプロジェクトチーム,「スーパーの閉店間際に貼られる半額シールを狙う値引き品漁り」とかけて、「ぎりぎりの人数で回すプロジェクトチーム」と解く。その心は「どちらも『間に合う』でしょう。」,
,フレーズ・慣用句型,スーパーの閉店間際に貼られる半額シールを狙う値引き品漁り,埋もれた良い品物を見つけ出すこと,ほりだしものをみつける,掘り出し物を見つける（お得な商品を見つける）,掘り出し物を見つける（地面から価値あるものを見つけ出す）,遺跡の発掘調査団,「スーパーの閉店間際に貼られる半額シールを狙う値引き品漁り」とかけて、「遺跡の発掘調査団」と解く。その心は「どちらも『掘り出し物を見つける』でしょう。」,
,完全な同音異義語型,スーパーの閉店間際に貼られる半額シールを狙う値引き品漁り,目的の商品を探し求める行為,さがす,探す（値引き品を探す）,探す（失くした物や行方不明のものを探す）,迷子になった子供の親,「スーパーの閉店間際に貼られる半額シールを狙う値引き品漁り」とかけて、「迷子になった子供の親」と解く。その心は「どちらも『探す』でしょう。」,
,完全な同音異義語型,休日の朝にコーヒー豆を挽いてドリップするルーティン,豆を粉砕する、物理的に動かす,ひく,豆を「挽く」,「線を引く」,設計図を描く建築士,休日の朝にコーヒー豆を挽いてドリップするルーティンとかけて、設計図を描く建築士と解く。その心は『どちらも「ひく」でしょう。』,
,完全な同音異義語型,休日の朝にコーヒー豆を挽いてドリップするルーティン,抽出液がフィルターから落ちる様子,したたる,コーヒーが「滴る」,涎が「したたる」,美味しそうな料理を目の前にした食いしん坊,休日の朝にコーヒー豆を挽いてドリップするルーティンとかけて、美味しそうな料理を目の前にした食いしん坊と解く。その心は『どちらも「したたる」でしょう。』,
,多義語型,休日の朝にコーヒー豆を挽いてドリップするルーティン,コーヒーの風味や成分を抽出する,とりだす,旨味を「取り出す」,必要なものを「取り出す」,散らかった鞄の中から鍵を探す人,休日の朝にコーヒー豆を挽いてドリップするルーティンとかけて、散らかった鞄の中から鍵を探す人と解く。その心は『どちらも「大切なものを取り出す」でしょう。』,
,多義語型,休日の朝にコーヒー豆を挽いてドリップするルーティン,コーヒーが抽出されるのを焦らず過ごす,まつ,抽出されるのを「待つ」,人を「待つ」,約束の時間にカフェで友人を待つ人,休日の朝にコーヒー豆を挽いてドリップするルーティンとかけて、約束の時間にカフェで友人を待つ人と解く。その心は『どちらも「じっと待つ」でしょう。』,
,フレーズ・慣用句型,休日の朝にコーヒー豆を挽いてドリップするルーティン,良い香りが部屋に充満する,かおりがたつ,「香りが立つ」,「計画が立つ」,新しい事業を企画するチーム,休日の朝にコーヒー豆を挽いてドリップするルーティンとかけて、新しい事業を企画するチームと解く。その心は『どちらも「立つ」でしょう。』,
,フレーズ・慣用句型,休日の朝にコーヒー豆を挽いてドリップするルーティン,丁寧に、心を込めて作業する,こころをこめる,「心を込める」（丁寧に淹れる）,「心を込める」（気持ちを表現する）,大切な人へのプレゼントを選ぶ人,休日の朝にコーヒー豆を挽いてドリップするルーティンとかけて、大切な人へのプレゼントを選ぶ人と解く。その心は『どちらも「心を込める」でしょう。』,
,多義語型,冷蔵庫の余り物を組み合わせてチャーハンを作る節約料理,様々な食材を一つにまとめ上げる,まとまる,まとまる（散らばった食材が料理として一つになる）,まとまる（物事が収拾がつき、決着する）,揉めていた会議,冷蔵庫の余り物を組み合わせてチャーハンを作る節約料理とかけて、揉めていた会議と解く。その心は『どちらもまとまる』でしょう。,
,多義語型,冷蔵庫の余り物を組み合わせてチャーハンを作る節約料理,食材を無駄なく有効活用する,いかす,生かす（食材を有効利用する）,生かす（人の命を助ける）,溺れている人を助けた人,冷蔵庫の余り物を組み合わせてチャーハンを作る節約料理とかけて、溺れている人を助けた人と解く。その心は『どちらも生かす』でしょう。,
,フレーズ・慣用句型,冷蔵庫の余り物を組み合わせてチャーハンを作る節約料理,食材を無駄にせず使い切る,むだがない,無駄がない（食材の活用法に）,無駄がない（動きや構成に）,精密に組み立てられた機械,冷蔵庫の余り物を組み合わせてチャーハンを作る節約料理とかけて、精密に組み立てられた機械と解く。その心は『どちらも無駄がない』でしょう。,
,フレーズ・慣用句型,冷蔵庫の余り物を組み合わせてチャーハンを作る節約料理,限られた材料で工夫を凝らす,てまひまかける,手間暇かける（美味しくするために）,手間暇かける（丹精込めて育てる）,盆栽を育てる名人,冷蔵庫の余り物を組み合わせてチャーハンを作る節約料理とかけて、盆栽を育てる名人と解く。その心は『どちらも手間暇かける』でしょう。,
,完全な同音異義語型,冷蔵庫の余り物を組み合わせてチャーハンを作る節約料理,余っている食材を活用する,りよう,利用（余り物を料理に使う）,理容（髪を整えること）,髪を切る床屋さん,冷蔵庫の余り物を組み合わせてチャーハンを作る節約料理とかけて、髪を切る床屋さんと解く。その心は『どちらも利用（理容）する』でしょう。,
,完全な同音異義語型,冷蔵庫の余り物を組み合わせてチャーハンを作る節約料理,余り物が新しい姿に変わる,へんしん,変身（食材が別の料理に姿を変える）,変心（気持ちや態度が変わる）,恋人の心変わり,冷蔵庫の余り物を組み合わせてチャーハンを作る節約料理とかけて、恋人の心変わりと解く。その心は『どちらも変身（変心）する』でしょう。,
,完全な同音異義語型,農家が直売所で朝採れの新鮮な野菜を並べる販売,より良い野菜を「選ぶ」,えらぶ,選ぶ（多くのものの中から良いものを取り出す）,偉ぶ（偉そうに振る舞う）,権力をかさに着た役人,農家が直売所で朝採れの新鮮な野菜を並べる販売とかけて、権力をかさに着た役人と解く。その心は「どちらも『えらぶ』でしょう。」,
,完全な同音異義語型,農家が直売所で朝採れの新鮮な野菜を並べる販売,「旬」の恵みが豊富,しゅん,旬（季節の最も良い時期）,俊（才知や動作が優れていること）,陸上競技の短距離選手,農家が直売所で朝採れの新鮮な野菜を並べる販売とかけて、陸上競技の短距離選手と解く。その心は「どちらも『しゅん』でしょう。」,
,多義語型,農家が直売所で朝採れの新鮮な野菜を並べる販売,丹精込めて作物を「育てる」,そだてる,育てる（作物を生育させる）,育てる（子供や人材を育成する）,新入社員の教育係,農家が直売所で朝採れの新鮮な野菜を並べる販売とかけて、新入社員の教育係と解く。その心は「どちらも『育てる』でしょう。」,
,多義語型,農家が直売所で朝採れの新鮮な野菜を並べる販売,彩り豊かな野菜が「並ぶ」,ならぶ,並ぶ（商品が陳列されている）,並ぶ（競争相手と肩を並べる、匹敵する）,競技で好敵手と競い合うランナー,農家が直売所で朝採れの新鮮な野菜を並べる販売とかけて、競技で好敵手と競い合うランナーと解く。その心は「どちらも『並ぶ』でしょう。」,
,フレーズ・慣用句型,農家が直売所で朝採れの新鮮な野菜を並べる販売,手間暇かけて「手塩にかける」,てしおにかける,手塩にかける（丹精込めて育てる）,手塩にかける（苦労して面倒を見る、大切に世話をする）,溺愛する孫の世話をする祖父母,農家が直売所で朝採れの新鮮な野菜を並べる販売とかけて、溺愛する孫の世話をする祖父母と解く。その心は「どちらも『手塩にかける』でしょう。」,
,フレーズ・慣用句型,農家が直売所で朝採れの新鮮な野菜を並べる販売,朝早くから収穫や準備をするため「早起き」,はやおき,早起き（朝早くに起きること）,早起きは三文の得（健康や利益に繋がる行為）,健康的な習慣を続けている人,農家が直売所で朝採れの新鮮な野菜を並べる販売とかけて、健康的な習慣を続けている人と解く。その心は「どちらも『早起き』でしょう。」,
,完全な同音異義語型,バーベキュー場に機材と食材を持ち込んで肉を焼くアウトドア,網の上で肉を焼く行為やその加減,やき,焼き（肉の焼き加減）,妬き（嫉妬の感情）,恋に悩む人,バーベキュー場に機材と食材を持ち込んで肉を焼くアウトドアとかけて、恋に悩む人と解く。その心は「どちらも『やき』でしょう。」,
,完全な同音異義語型,バーベキュー場に機材と食材を持ち込んで肉を焼くアウトドア,食材を乗せて焼くための道具,あみ,網（焼肉用の網）,編み（編み物で使う編み方）,毛糸でマフラーを作る人,バーベキュー場に機材と食材を持ち込んで肉を焼くアウトドアとかけて、毛糸でマフラーを作る人と解く。その心は「どちらも『あみ』でしょう。」,
,多義語型,バーベキュー場に機材と食材を持ち込んで肉を焼くアウトドア,炭火で肉に熱を通す行為,やく,焼く（肉を焼く）,役（役割を演じる）,舞台で演技をする役者,バーベキュー場に機材と食材を持ち込んで肉を焼くアウトドアとかけて、舞台で演技をする役者と解く。その心は「どちらも『やく』でしょう。」,
,多義語型,バーベキュー場に機材と食材を持ち込んで肉を焼くアウトドア,火力が強すぎて肉が炭になる状態,こげる,焦げる（肉が焦げる）,漕げる（舟を漕ぐ）,小舟で湖を進む人,バーベキュー場に機材と食材を持ち込んで肉を焼くアウトドアとかけて、小舟で湖を進む人と解く。その心は「どちらも『こげる』でしょう。」,
,フレーズ・慣用句型,バーベキュー場に機材と食材を持ち込んで肉を焼くアウトドア,薪や炭に火をつけて燃焼させる行為,ひをおこす,火を起こす（火を焚く）,火を起こす（争いや騒動を引き起こす）,争い事を好むトラブルメーカー,バーベキュー場に機材と食材を持ち込んで肉を焼くアウトドアとかけて、争い事を好むトラブルメーカーと解く。その心は「どちらも『火を起こす』でしょう。」,
,フレーズ・慣用句型,バーベキュー場に機材と食材を持ち込んで肉を焼くアウトドア,準備した食材や機材を現場に運ぶ行為,もちこむ,持ち込む（道具や食材を現場に運ぶ）,持ち込む（問題や案件を会議などで提起する）,会議で重要な議題を提案する人,バーベキュー場に機材と食材を持ち込んで肉を焼くアウトドアとかけて、会議で重要な議題を提案する人と解く。その心は「どちらも『持ち込む』でしょう。」,
,完全な同音異義語型,子供のためにキャラクターの形に海苔を切り抜くキャラ弁作り,海苔を特定の形に「切る」,きる,切る（海苔を刃物で切る）,着る（衣服を身に着ける）,ファッションモデル,子供のためにキャラクターの形に海苔を切り抜くキャラ弁作りとかけて、ファッションモデルと解く。その心は『どちらも「きる」でしょう。』,
,多義語型,子供のためにキャラクターの形に海苔を切り抜くキャラ弁作り,細かい作業で集中力を「使う」,つかう,遣う（気遣い、神経を使う）,使う（道具やお金を使う）,倹約家,子供のためにキャラクターの形に海苔を切り抜くキャラ弁作りとかけて、倹約家と解く。その心は『どちらも「つかう」でしょう。』,
,フレーズ・慣用句型,子供のためにキャラクターの形に海苔を切り抜くキャラ弁作り,綺麗に整える、形を「ととのえる」,かたちをととのえる,形を整える（キャラクターの形を綺麗にする）,形を整える（整頓する、体裁を整える）,部屋の片付けが苦手な人,子供のためにキャラクターの形に海苔を切り抜くキャラ弁作りとかけて、部屋の片付けが苦手な人と解く。その心は『どちらも「形を整える」のが大変でしょう。』,
,完全な同音異義語型,子供のためにキャラクターの形に海苔を切り抜くキャラ弁作り,完成品を見て「喜ぶ」,よろこび,喜び（子供がキャラ弁を見て喜ぶ感情）,慶び（祝賀、おめでたいこと）,結婚式の招待客,子供のためにキャラクターの形に海苔を切り抜くキャラ弁作りとかけて、結婚式の招待客と解く。その心は『どちらも「よろこび」に包まれるでしょう。』,
,多義語型,子供のためにキャラクターの形に海苔を切り抜くキャラ弁作り,細かい作業で「目」を酷使する,め,目（視覚器官、作業の焦点）,目（目標、狙い）,射撃手,子供のためにキャラクターの形に海苔を切り抜くキャラ弁作りとかけて、射撃手と解く。その心は『どちらも「目」が重要でしょう。』,
,フレーズ・慣用句型,子供のためにキャラクターの形に海苔を切り抜くキャラ弁作り,試行錯誤して「工夫を凝らす」,くふうをこらす,工夫を凝らす（見た目やアイデアに）,工夫を凝らす（対策や戦略に）,新製品開発担当者,子供のためにキャラクターの形に海苔を切り抜くキャラ弁作りとかけて、新製品開発担当者と解く。その心は『どちらも「工夫を凝らす」でしょう。』,
,完全な同音異義語型,会社に持っていくためにお茶を水筒に詰める節約行動,水筒に液体を「詰める」行為,つめる,詰める（つめる）,爪（つめ）,ネコ,「会社に持っていくためにお茶を水筒に詰める節約行動」とかけて、「ネコ」と解く。その心は「どちらも『爪（つめ）』でしょう。」,
,完全な同音異義語型,会社に持っていくためにお茶を水筒に詰める節約行動,自分で淹れたお茶を「持参」していく行為,じさん,持参（じさん）,自賛（じさん）,うぬぼれ屋,「会社に持っていくためにお茶を水筒に詰める節約行動」とかけて、「うぬぼれ屋」と解く。その心は「どちらも『自賛（じさん）』でしょう。」,
,多義語型,会社に持っていくためにお茶を水筒に詰める節約行動,毎日お茶を水筒に「注ぐ」行為,そそぐ,注ぐ（そそぐ）,注ぐ（そそぐ）,子供の教育に熱心な親,「会社に持っていくためにお茶を水筒に詰める節約行動」とかけて、「子供の教育に熱心な親」と解く。その心は「どちらも『愛情を注ぐ（そそぐ）』でしょう。」,
,多義語型,会社に持っていくためにお茶を水筒に詰める節約行動,節約によって、お金が少しずつ「貯まる」こと,たまる,貯まる（たまる）,溜まる（たまる）,仕事で疲れているビジネスパーソン,「会社に持っていくためにお茶を水筒に詰める節約行動」とかけて、「仕事で疲れているビジネスパーソン」と解く。その心は「どちらも『疲れが溜まる（たまる）』でしょう。」,
,フレーズ・慣用句型,会社に持っていくためにお茶を水筒に詰める節約行動,お茶代が節約されて「浮く」こと,うく,浮く（うく）,足が浮く（うく）,落ち着きのない人,「会社に持っていくためにお茶を水筒に詰める節約行動」とかけて、「落ち着きのない人」と解く。その心は「どちらも『足が浮く（うく）』でしょう。」,
,フレーズ・慣用句型,会社に持っていくためにお茶を水筒に詰める節約行動,毎日続けることで節約の効果が「積もる」こと,つもる,積もる（つもる）,話が積もる（つもる）,久しぶりに会った旧友,「会社に持っていくためにお茶を水筒に詰める節約行動」とかけて、「久しぶりに会った旧友」と解く。その心は「どちらも『話が積もる（つもる）』でしょう。」,
,多義語型,飲食店に入ってメニューを見てから注文を決める外食,メニューから料理を「選ぶ」,えらぶ,選ぶ,偉ぶる,偉そうな態度を取る人,飲食店に入ってメニューを見てから注文を決める外食とかけて、偉そうな態度を取る人と解く。その心は「どちらも『選ぶ（偉ぶる）』でしょう。」,
,フレーズ・慣用句型,飲食店に入ってメニューを見てから注文を決める外食,メニューに「目を通す」,めをとおす,目を通す,目を通す,契約書を確認するビジネスマン,飲食店に入ってメニューを見てから注文を決める外食とかけて、契約書を確認するビジネスマンと解く。その心は「どちらも『目を通す』でしょう。」,
,完全な同音異義語型,飲食店に入ってメニューを見てから注文を決める外食,何にするか「迷う」,まよう,迷う,繭,蝶になる前のさなぎ,飲食店に入ってメニューを見てから注文を決める外食とかけて、蝶になる前のさなぎと解く。その心は「どちらも『迷う（繭）』でしょう。」,
,完全な同音異義語型,飲食店に入ってメニューを見てから注文を決める外食,席に「着く」,せき,席,咳,風邪をひいて体調の悪い人,飲食店に入ってメニューを見てから注文を決める外食とかけて、風邪をひいて体調の悪い人と解く。その心は「どちらも『席（咳）』が出るでしょう。」,
,多義語型,飲食店に入ってメニューを見てから注文を決める外食,注文する料理を「吟味」する,ぎんみ,吟味,吟味,裁判で証人の証言を詳しく調べる裁判官,飲食店に入ってメニューを見てから注文を決める外食とかけて、裁判で証人の証言を詳しく調べる裁判官と解く。その心は「どちらも『吟味』するでしょう。」,
,フレーズ・慣用句型,飲食店に入ってメニューを見てから注文を決める外食,どの料理にしようか「品定めをする」,しなさだめをする,品定めをする,品定めをする,結婚相手を選ぶ人,飲食店に入ってメニューを見てから注文を決める外食とかけて、結婚相手を選ぶ人と解く。その心は「どちらも『品定めをする』でしょう。」,
,完全な同音異義語型,クリスマスに予約していたフライドチキンを受け取る行事,チキンを受け取る、手にする動作,とる,取る（受け取る）,撮る（写真を撮る）,記念写真を撮るカメラマン,クリスマスに予約していたフライドチキンを受け取る行事とかけて、記念写真を撮るカメラマンと解く。その心は「どちらも『とる』でしょう。」,
,完全な同音異義語型,クリスマスに予約していたフライドチキンを受け取る行事,行列に並び、順番を待つ状態,ならぶ,並ぶ（行列に並ぶ）,習う（学ぶ、習得する）,伝統芸能の師に弟子入りしたばかりの人,クリスマスに予約していたフライドチキンを受け取る行事とかけて、伝統芸能の師に弟子入りしたばかりの人と解く。その心は「どちらも『ならぶ』でしょう。」,
,多義語型,クリスマスに予約していたフライドチキンを受け取る行事,順番が来るのをじっと待つ,まってる,待っている（順番が来るのを待つ）,待っている（獲物を狙って隠れて待つ）,茂みに潜むハンター,クリスマスに予約していたフライドチキンを受け取る行事とかけて、茂みに潜むハンターと解く。その心は「どちらも『ひたすら待っている』でしょう。」,
,多義語型,クリスマスに予約していたフライドチキンを受け取る行事,家族が集まって和やかに過ごす,だんらん,団らん（家族の和やかな集まり）,団らん（火を囲んで暖を取る）,寒い冬に暖炉の周りに集まる人々,クリスマスに予約していたフライドチキンを受け取る行事とかけて、寒い冬に暖炉の周りに集まる人々と解く。その心は「どちらも『団らん』でしょう。」,
,フレーズ・慣用句型,クリスマスに予約していたフライドチキンを受け取る行事,店先にできる長い列,ながいもの,長いもの（長い行列）,長いもの（長いものには巻かれろ）,強大な権力に逆らわない世渡り上手な人,クリスマスに予約していたフライドチキンを受け取る行事とかけて、強大な権力に逆らわない世渡り上手な人と解く。その心は「どちらも『長いもの』でしょう。」,
,フレーズ・慣用句型,クリスマスに予約していたフライドチキンを受け取る行事,普段よりも少し豪華な食事,ちょっとぜいたく,ちょっとした贅沢（日常の特別感）,ちょっとした贅沢（自分へのご褒美）,頑張った自分へのご褒美に高級スイーツを買う人,クリスマスに予約していたフライドチキンを受け取る行事とかけて、頑張った自分へのご褒美に高級スイーツを買う人と解く。その心は「どちらも『ちょっとした贅沢』でしょう。」,
,多義語型,お正月に家族親戚が集まっておせち料理を囲む新年会,家族が集まり、会話が弾む賑やかな様子。,はなやか,華やか (雰囲気),華やか (装飾や色彩が際立つ様子),花火大会の夜空,お正月に家族親戚が集まっておせち料理を囲む新年会とかけて、花火大会の夜空と解く。その心は「どちらも『華やか』でしょう。」,
,多義語型,お正月に家族親戚が集まっておせち料理を囲む新年会,目上の人や親戚の子供にお年玉などを「渡す」行為がある。,わたす,渡す (金品などを手渡す),渡す (人や物を向こう岸へ移動させる),渡し舟の船頭,お正月に家族親戚が集まっておせち料理を囲む新年会とかけて、渡し舟の船頭と解く。その心は「どちらも『渡す』でしょう。」,
,フレーズ・慣用句型,お正月に家族親戚が集まっておせち料理を囲む新年会,家族や親戚と久しぶりに会い、会話が盛り上がり、弾む様子。,はながさく,会話に「花が咲く」,実際に「花が咲く」,春の野原,お正月に家族親戚が集まっておせち料理を囲む新年会とかけて、春の野原と解く。その心は「どちらも『花が咲く』でしょう。」,
,フレーズ・慣用句型,お正月に家族親戚が集まっておせち料理を囲む新年会,家族や親戚が一堂に集まり、顔見せをする様子。,かおをそろえる,みんな「顔を揃える」,物理的に顔の形を揃える,マネキン人形の製造工場,お正月に家族親戚が集まっておせち料理を囲む新年会とかけて、マネキン人形の製造工場と解く。その心は「どちらも『顔を揃える』でしょう。」,
,完全な同音異義語型,お正月に家族親戚が集まっておせち料理を囲む新年会,おせち料理の中に、まめに働くことを願う「豆」が入っている。,まめ,豆 (食べ物),忠実で勤勉な様子,働き者の夫,お正月に家族親戚が集まっておせち料理を囲む新年会とかけて、働き者の夫と解く。その心は「どちらも『まめ』でしょう。」,
,完全な同音異義語型,お正月に家族親戚が集まっておせち料理を囲む新年会,新年を祝う「おせち」料理が食卓に並ぶ。,おせち,おせち (料理),惜しい (残念な気持ちや状況),惜しいところで目標を逃したスポーツ選手,お正月に家族親戚が集まっておせち料理を囲む新年会とかけて、惜しいところで目標を逃したスポーツ選手と解く。その心は「どちらも『おせち（惜しい）』でしょう。」,
,多義語型,ダイエットのために毎回の食事のカロリーを記録するレコーディング,食べたものの内容や量をしっかり「把握」する,はあく,把握,把握（手でしっかりとつかむこと）,鬼ごっこで逃げる相手を捕まえようとする人,ダイエットのために毎回の食事のカロリーを記録するレコーディングとかけて、鬼ごっこで逃げる相手を捕まえようとする人と解く。その心は「どちらも『把握』が大切でしょう。」,
,フレーズ・慣用句型,ダイエットのために毎回の食事のカロリーを記録するレコーディング,日々の記録が「積み重なる」,つみかさなる,積み重なる,積み重なる（荷物などが上にどんどん増えること）,引越し前日の段ボールの山,ダイエットのために毎回の食事のカロリーを記録するレコーディングとかけて、引越し前日の段ボールの山と解く。その心は「どちらも『積み重なる』でしょう。」,
,完全な同音異義語型,ダイエットのために毎回の食事のカロリーを記録するレコーディング,記録をつけることで食事を「管理」する,かんり,管理,官吏（国の公務員）,昔の国の役人,ダイエットのために毎回の食事のカロリーを記録するレコーディングとかけて、昔の国の役人と解く。その心は「どちらも『かんり（管理／官吏）』でしょう。」,
,多義語型,ダイエットのために毎回の食事のカロリーを記録するレコーディング,食べた記録をノートやアプリに「つける」,つける,記録をつける,火をつける,キャンプで焚き火を始める人,ダイエットのために毎回の食事のカロリーを記録するレコーディングとかけて、キャンプで焚き火を始める人と解く。その心は「どちらも『つける』でしょう。」,
,フレーズ・慣用句型,ダイエットのために毎回の食事のカロリーを記録するレコーディング,記録した内容を「見直す」ことで改善点を探す,みなおす,見直す,見直す（一度手放したものを再び手に入れる）,昔の恋人と復縁した人,ダイエットのために毎回の食事のカロリーを記録するレコーディングとかけて、昔の恋人と復縁した人と解く。その心は「どちらも『見直す』ことがあるでしょう。」,
,完全な同音異義語型,ダイエットのために毎回の食事のカロリーを記録するレコーディング,記録に基づいて摂取カロリーを「調整」する,ちょうせい,調整,潮汐（海の干満）,海の満ち引き,ダイエットのために毎回の食事のカロリーを記録するレコーディングとかけて、海の満ち引きと解く。その心は「どちらも『ちょうせい（調整／潮汐）』があるでしょう。」,
,完全な同音異義語型,畑の土を耕して種をまき水をやる農業体験,耕した土を平らにする作業,ならす,均す,鳴らす,運動会のピストル,畑の土を耕して種をまき水をやる農業体験とかけて、運動会のピストルと解く。その心は「どちらも『鳴らす（均す）』でしょう。」,
,完全な同音異義語型,畑の土を耕して種をまき水をやる農業体験,種を広範囲に散らす行為,まく,撒く,巻く,寿司職人,畑の土を耕して種をまき水をやる農業体験とかけて、寿司職人と解く。その心は「どちらも『巻く（撒く）』でしょう。」,
,多義語型,畑の土を耕して種をまき水をやる農業体験,植物が成長するように手をかけること,そだてる,育てる,育てる,新人育成担当のコーチ,畑の土を耕して種をまき水をやる農業体験とかけて、新人育成担当のコーチと解く。その心は「どちらも『育てる』でしょう。」,
,多義語型,畑の土を耕して種をまき水をやる農業体験,種から芽が出てくること,めをだす,芽を出す,芽を出す,新しいプロジェクトの企画書,畑の土を耕して種をまき水をやる農業体験とかけて、新しいプロジェクトの企画書と解く。その心は「どちらも『芽を出す』でしょう。」,
,フレーズ・慣用句型,畑の土を耕して種をまき水をやる農業体験,丹精込めて世話をすること,てしおにかける,手塩にかける,手塩にかける,溺愛する孫の世話をするおじいちゃん,畑の土を耕して種をまき水をやる農業体験とかけて、溺愛する孫の世話をするおじいちゃんと解く。その心は「どちらも『手塩にかける』でしょう。」,
,フレーズ・慣用句型,畑の土を耕して種をまき水をやる農業体験,作物が育つための土台をしっかり整えること,きそをかためる,基礎を固める,基礎を固める,算数のドリルを繰り返し解く小学生,畑の土を耕して種をまき水をやる農業体験とかけて、算数のドリルを繰り返し解く小学生と解く。その心は「どちらも『基礎を固める』でしょう。」,
,完全な同音異義語型,フードバンクに余った缶詰やレトルト食品を寄付するボランティア,食品などを提供し、助けを差し伸べる行為,しえん,支援,紫煙,タバコを吸う人,フードバンクに余った缶詰やレトルト食品を寄付するボランティアとかけて、タバコを吸う人と解く。その心は『どちらも「しえん」でしょう』,
,完全な同音異義語型,フードバンクに余った缶詰やレトルト食品を寄付するボランティア,食品を分配し、人々に与える行為,くばる,配る,気を配る,周囲に気を配る人,フードバンクに余った缶詰やレトルト食品を寄付するボランティアとかけて、周囲に気を配る人と解く。その心は『どちらも「くばる」でしょう』,
,多義語型,フードバンクに余った缶詰やレトルト食品を寄付するボランティア,食品を集めて提供する行為,よせる,寄せる,寄せる,好きな人に思いを寄せる人,フードバンクに余った缶詰やレトルト食品を寄付するボランティアとかけて、好きな人に思いを寄せる人と解く。その心は『どちらも「よせる」でしょう』,
,多義語型,フードバンクに余った缶詰やレトルト食品を寄付するボランティア,食品を困っている人々に与える行為,あげる,あげる,あげる,出世を望むサラリーマン,フードバンクに余った缶詰やレトルト食品を寄付するボランティアとかけて、出世を望むサラリーマンと解く。その心は『どちらも「あげる」ことが大切でしょう』,
,フレーズ・慣用句型,フードバンクに余った缶詰やレトルト食品を寄付するボランティア,飢えに苦しむ人々に食料を提供し、その生命を維持させる,いのちをつなぐ,命を繋ぐ,命を繋ぐ,高所の作業員,フードバンクに余った缶詰やレトルト食品を寄付するボランティアとかけて、高所の作業員と解く。その心は『どちらも「命を繋ぐ」ことが大事でしょう』,
,フレーズ・慣用句型,フードバンクに余った缶詰やレトルト食品を寄付するボランティア,余剰食品を有効活用し、廃棄を避ける,むだにしない,無駄にしない,無駄にしない,成功を夢見る起業家,フードバンクに余った缶詰やレトルト食品を寄付するボランティアとかけて、成功を夢見る起業家と解く。その心は『どちらも「無駄にしない」ことが大切でしょう』,
,フレーズ・慣用句型,テレビのグルメ番組を見て紹介されたお店をネットで調べる検索,美味しそうな情報を得て、その詳細を深く掘り下げて探す。見つける。,さがす,検索して『探す』,隠された宝物を『探す』,隠されたお宝を探す冒険家,テレビのグルメ番組を見て紹介されたお店をネットで調べる検索とかけて、隠されたお宝を探す冒険家と解く。その心は『どちらも【探す】でしょう。』,
,多義語型,テレビのグルメ番組を見て紹介されたお店をネットで調べる検索,興味のあるお店の情報に『たどり着く』。目的地を見つける。,たどりつく,目的の店情報に『辿り着く』,長い道のりを経て目的地に『辿り着く』,難所の多い山道を歩き続ける登山家,テレビのグルメ番組を見て紹介されたお店をネットで調べる検索とかけて、難所の多い山道を歩き続ける登山家と解く。その心は『どちらも【目的地に辿り着く】でしょう。』,
,完全な同音異義語型,テレビのグルメ番組を見て紹介されたお店をネットで調べる検索,美味しそうな情報を『得る』。情報を獲得する。,える,情報を『得る』,獲物を『獲る』,獲物を狙うライオン,テレビのグルメ番組を見て紹介されたお店をネットで調べる検索とかけて、獲物を狙うライオンと解く。その心は『どちらも【獲る】でしょう。』,
,多義語型,テレビのグルメ番組を見て紹介されたお店をネットで調べる検索,情報を細かく、深く『掘り下げる』。詳細を調査する。,ほりさげる,情報を『掘り下げる』,地面を深く『掘り下げる』,金脈を探して地面を深く掘る鉱夫,テレビのグルメ番組を見て紹介されたお店をネットで調べる検索とかけて、金脈を探して地面を深く掘る鉱夫と解く。その心は『どちらも【掘り下げる】でしょう。』,
,完全な同音異義語型,テレビのグルメ番組を見て紹介されたお店をネットで調べる検索,興味を惹かれて『はまる』。夢中になる。,はまる,検索に『はまる』,パズルのピースが『填まる』,ジグソーパズルの最後のピース,テレビのグルメ番組を見て紹介されたお店をネットで調べる検索とかけて、ジグソーパズルの最後のピースと解く。その心は『どちらも【ぴたりと填まる】でしょう。』,
,フレーズ・慣用句型,テレビのグルメ番組を見て紹介されたお店をネットで調べる検索,関連情報を芋づる式に『引き出す』。次々に情報を発見する。,いもづるしきにひきだす,関連情報を『芋づる式に引き出す』,サツマイモを土から『芋づる式に引き出す』,豊作のサツマイモ畑で収穫する農家,テレビのグルメ番組を見て紹介されたお店をネットで調べる検索とかけて、豊作のサツマイモ畑で収穫する農家と解く。その心は『どちらも【芋づる式に引き出す】でしょう。』,
,完全な同音異義語型,コインを入れて温かいカップのコーヒーを買う自動販売機の利用,お金を投入する動作,とうにゅう,投入（硬貨を機械に入れる行為）,豆乳（大豆を原料とする飲料）,健康のために毎日飲む大豆の飲み物,コインを入れて温かいカップのコーヒーを買う自動販売機の利用とかけて、健康のために毎日飲む大豆の飲み物と解く。その心は『どちらも「投入（豆乳）」でしょう。』,
,多義語型,コインを入れて温かいカップのコーヒーを買う自動販売機の利用,コーヒーが機械から出てくる,でる,出る（商品が出てくる）,出る（舞台に登場する、結果が発表される）,オーディションを勝ち抜いた新人の初舞台,コインを入れて温かいカップのコーヒーを買う自動販売機の利用とかけて、オーディションを勝ち抜いた新人の初舞台と解く。その心は『どちらも「出る」でしょう。』,
,フレーズ・慣用句型,コインを入れて温かいカップのコーヒーを買う自動販売機の利用,コーヒーを待つ、あるいは釣り銭が戻ってくる,かえってくる,返ってくる（商品や釣り銭が戻ってくる）,返ってくる（借りたものが戻る、返答がある）,貸した漫画がなかなか返ってこない友人,コインを入れて温かいカップのコーヒーを買う自動販売機の利用とかけて、貸した漫画がなかなか返ってこない友人と解く。その心は『どちらも「返ってくる」でしょう。』,
,完全な同音異義語型,コインを入れて温かいカップのコーヒーを買う自動販売機の利用,選択するための押しボタン,ぼたん,ボタン（操作するためのスイッチ）,牡丹（美しい花の名前）,初夏に庭園を彩る豪華な花,コインを入れて温かいカップのコーヒーを買う自動販売機の利用とかけて、初夏に庭園を彩る豪華な花と解く。その心は『どちらも「ボタン」でしょう。』,
,多義語型,コインを入れて温かいカップのコーヒーを買う自動販売機の利用,商品を手に取る行為,てにいれる,手に入れる（商品を取得する）,手に入れる（情報や権利を獲得する、目標を達成する）,長年の努力で夢のタイトルを手に入れたアスリート,コインを入れて温かいカップのコーヒーを買う自動販売機の利用とかけて、長年の努力で夢のタイトルを手に入れたアスリートと解く。その心は『どちらも「手に入れる」でしょう。』,
,フレーズ・慣用句型,コインを入れて温かいカップのコーヒーを買う自動販売機の利用,コーヒーが注がれて温かくなるのを待つ状態,あたたかいのをまつ,温かいのを待つ（コーヒーがカップに注がれるのを待つ）,温かいのを待つ（人からの思いやりや励ましの言葉を待つ）,困難に直面して慰めの言葉を求めている人,コインを入れて温かいカップのコーヒーを買う自動販売機の利用とかけて、困難に直面して慰めの言葉を求めている人と解く。その心は『どちらも「温かいのを待つ」でしょう。』,
,フレーズ・慣用句型,鍋の締めにうどんを入れて最後までスープを味わい尽くす食べ方,食べ終わっても、その美味しさが口の中に残る満足感や、名残惜しさを感じる状態,あとをひく,後を引く (美味しさが残り、満足感が続く),後を引く (ある出来事や感情が後々まで影響を及ぼす),忘れられない初恋の思い出,「鍋の締めにうどんを入れて最後までスープを味わい尽くす食べ方」とかけて、「忘れられない初恋の思い出」と解く。その心は「どちらも『後を引く』でしょう。」,
,多義語型,鍋の締めにうどんを入れて最後までスープを味わい尽くす食べ方,残りのスープや具材を丁寧に「食べる」行為,いただく,頂く (食べる、もらうの謙譲語),頂 (山の最も高い場所、頂上),富士山の山頂,「鍋の締めにうどんを入れて最後までスープを味わい尽くす食べ方」とかけて、「富士山の山頂」と解く。その心は「どちらも『頂く』でしょう。」,
,完全な同音異義語型,鍋の締めにうどんを入れて最後までスープを味わい尽くす食べ方,鍋料理の最終段階や「終わり」を意味する,しめ,締め (物事の終わり、最終段階),標 (しめなわの「しめ」。神聖な場所などに設置される縄),神社で神聖な場所と俗世を区切る縄,「鍋の締めにうどんを入れて最後までスープを味わい尽くす食べ方」とかけて、「神社で神聖な場所と俗世を区切る縄」と解く。その心は「どちらも『締め（標）』でしょう。」,
,フレーズ・慣用句型,鍋の締めにうどんを入れて最後までスープを味わい尽くす食べ方,器に残った汁気や具材が全てなくなり、文字通り空になる状態,さらになる,皿になる (残りがなくなり、器が空になる),更になる (物事が一層進展する、一段と良くなる),日々、スキルアップを目指して努力するプロの職人,「鍋の締めにうどんを入れて最後までスープを味わい尽くす食べ方」とかけて、「日々、スキルアップを目指して努力するプロの職人」と解く。その心は「どちらも『更になる』でしょう。」,
,完全な同音異義語型,鍋の締めにうどんを入れて最後までスープを味わい尽くす食べ方,鍋のスープに含まれる、味の「素」となる液体,だし,出汁 (料理のうま味の元となる液体),舵 (船や航空機の方向を制御する装置),荒波の海上を進む船の方向を決める装置,「鍋の締めにうどんを入れて最後までスープを味わい尽くす食べ方」とかけて、「荒波の海上を進む船の方向を決める装置」と解く。その心は「どちらも『出汁（舵）』でしょう。」,
,多義語型,鍋の締めにうどんを入れて最後までスープを味わい尽くす食べ方,器の「底部」に残ったスープまで、余すことなく味わう,そこ,底 (器の底部),礎 (物事の基礎、土台),建物が安定して建つための頑丈な土台,「鍋の締めにうどんを入れて最後までスープを味わい尽くす食べ方」とかけて、「建物が安定して建つための頑丈な土台」と解く。その心は「どちらも『底（礎）』でしょう。」,
,完全な同音異義語型,ドライブスルーで車に乗ったままハンバーガーを受け取るテイクアウト,車を前に進める動作。,うごかす,動かす（車を動かす）,動かす（人の心を動かす）,人々の心を震わせる演説家,ドライブスルーとかけて、人々の心を震わせる演説家と解く。その心は「どちらも人を『動かす』でしょう。」,
,完全な同音異義語型,ドライブスルーで車に乗ったままハンバーガーを受け取るテイクアウト,商品を注文する行為。,ちゅうもん,注文（商品を注文する）,呪文（魔法使いが唱える言葉）,魔法使い,ドライブスルーとかけて、魔法使いと解く。その心は「どちらも『ちゅうもん（注文／呪文）』でしょう。」,
,多義語型,ドライブスルーで車に乗ったままハンバーガーを受け取るテイクアウト,車が前に動いていく状態。,すすむ,進む（車が前に進む）,進む（学業や病状が進行する）,研究を続ける学生,ドライブスルーとかけて、研究を続ける学生と解く。その心は「どちらも前に『進む』でしょう。」,
,多義語型,ドライブスルーで車に乗ったままハンバーガーを受け取るテイクアウト,提供される食べ物の温度。,あたたかい,温かい（出来立てのハンバーガー）,暖かい（人の心や雰囲気が温かい）,困っている人を助ける優しい人,ドライブスルーとかけて、困っている人を助ける優しい人と解く。その心は「どちらも『あたたかい』でしょう。」,
,フレーズ・慣用句型,ドライブスルーで車に乗ったままハンバーガーを受け取るテイクアウト,車から降りて店の外に出る必要がない。,そとにでない,外に出ない（車から外に出ないで済む）,外に出ない（機密情報や噂が漏れない）,秘密を厳守する組織のメンバー,ドライブスルーとかけて、秘密を厳守する組織のメンバーと解く。その心は「どちらも情報が『外に出ない』でしょう。」,
,フレーズ・慣用句型,ドライブスルーで車に乗ったままハンバーガーを受け取るテイクアウト,注文や受け取りのために車の窓を開放する。,まどをあける,窓を開ける（物理的に車の窓を開ける）,窓を開ける（比喩的に心を開く、悩みなどを打ち明ける）,悩みを打ち明け、心を開く人,ドライブスルーとかけて、悩みを打ち明け、心を開く人と解く。その心は「どちらも『窓を開ける』でしょう。」,
,多義語型,ふるさと納税の返礼品として地方の特産の和牛を受け取る手続き,和牛という良い品物を最終的に自分のものにする行為,てにいれる,手に入れる（和牛を自分のものにする）,手に入れる（情報、機会など）,重要な情報を極秘に入手したスパイ,「ふるさと納税の返礼品として地方の特産の和牛を受け取る手続き」とかけて、「重要な情報を極秘に入手したスパイ」と解く。その心は「どちらも『手に入れる』でしょう。」,
,フレーズ・慣用句型,ふるさと納税の返礼品として地方の特産の和牛を受け取る手続き,寄付という行動を通じて、普段は高価でなかなか購入できないような良い品物を得られるようになること,てがとどく,手が届く（普段は高くて「手が届かない」和牛が、ふるさと納税で「手が届く」ようになる）,手が届く（物理的に高い場所にあるものに腕を伸ばして取る）,子供が高い棚の上にあるお菓子を取ろうとしている姿,「ふるさと納税の返礼品として地方の特産の和牛を受け取る手続き」とかけて、「子供が高い棚の上にあるお菓子を取ろうとしている姿」と解く。その心は「どちらも『手が届く』でしょう。」,
,完全な同音異義語型,ふるさと納税の返礼品として地方の特産の和牛を受け取る手続き,返礼品という恩恵を確実に獲得する,える,得る（和牛を「得る」）,獲る（獲物を「獲る」）,猟師が山中で獲物を捕らえる行為,「ふるさと納税の返礼品として地方の特産の和牛を受け取る手続き」とかけて、「猟師が山中で獲物を捕らえる行為」と解く。その心は「どちらも『える（得る/獲る）』でしょう。」,
,多義語型,ふるさと納税の返礼品として地方の特産の和牛を受け取る手続き,和牛という肉の塊が自宅に届くこと,かたまり,塊（和牛の肉の塊）,塊（土の塊や石の塊など、固まって一体となっているもの）,粘土でできた大きな作品,「ふるさと納税の返礼品として地方の特産の和牛を受け取る手続き」とかけて、「粘土でできた大きな作品」と解く。その心は「どちらも『かたまり』でしょう。」,
,完全な同音異義語型,ふるさと納税の返礼品として地方の特産の和牛を受け取る手続き,地方に寄付することで地域社会に貢献する側面,こうけん,貢献（地域社会への「貢献」）,好転（状況がよい方向に「好転」する）,停滞していたプロジェクトの状況,「ふるさと納税の返礼品として地方の特産の和牛を受け取る手続き」とかけて、「停滞していたプロジェクトの状況」と解く。その心は「どちらも『こうけん（貢献/好転）』が期待されるでしょう。」,
,フレーズ・慣用句型,ふるさと納税の返礼品として地方の特産の和牛を受け取る手続き,申請や書類の準備に時間や労力をかける行為,てまひまかける,手間暇をかける（申請手続きに）,手間暇をかける（料理や手作業に）,丹精込めて盆栽を育てる老人,「ふるさと納税の返礼品として地方の特産の和牛を受け取る手続き」とかけて、「丹精込めて盆栽を育てる老人」と解く。その心は「どちらも『手間暇をかける』でしょう。」,
,完全な同音異義語型,デパ地下で色々な惣菜を少しずつ買って帰る中食,献立を考える手間が省け、様々な種類を組み合わせる,くみたて,組み立て（献立を組み立てる手間が省ける）,組み立て（プラモデルなどを組み立てる）,プラモデル,デパ地下で色々な惣菜を少しずつ買って帰る中食とかけて、プラモデルと解く。その心は『どちらも「組み立て」でしょう。』,
,完全な同音異義語型,デパ地下で色々な惣菜を少しずつ買って帰る中食,購入した様々な惣菜を自宅で美しく盛り付ける,もりつけ,盛り付け（自宅で料理を盛り付ける）,盛り付け（庭の土を盛り付ける作業）,庭師,デパ地下で色々な惣菜を少しずつ買って帰る中食とかけて、庭師と解く。その心は『どちらも「盛り付け」でしょう。』,
,多義語型,デパ地下で色々な惣菜を少しずつ買って帰る中食,買ってきた惣菜を食べる前に再度温める,あたためる,温める（料理を温める）,温める（アイデアを温める、計画を温める）,新しい企画をじっくり考える企画担当者,デパ地下で色々な惣菜を少しずつ買って帰る中食とかけて、新しい企画をじっくり考える企画担当者と解く。その心は『どちらも「温める」でしょう。』,
,多義語型,デパ地下で色々な惣菜を少しずつ買って帰る中食,豊富な品揃えで食卓が豊かになる,ゆたか,豊か（食卓が豊かになる）,豊か（心が豊か）,精神的に満たされた人,デパ地下で色々な惣菜を少しずつ買って帰る中食とかけて、精神的に満たされた人と解く。その心は『どちらも「心が豊か」でしょう。』,
,フレーズ・慣用句型,デパ地下で色々な惣菜を少しずつ買って帰る中食,食卓に華やかさや彩りが生まれる,はながさく,花が咲く（食卓に華が咲く）,花が咲く（地面から植物の花が咲く）,春の野原,デパ地下で色々な惣菜を少しずつ買って帰る中食とかけて、春の野原と解く。その心は『どちらも「花が咲く」でしょう。』,
,フレーズ・慣用句型,デパ地下で色々な惣菜を少しずつ買って帰る中食,多くの種類の惣菜を一度に揃えることができる,いっせいにそろう,一斉に揃う（様々な料理が食卓に並ぶ）,一斉に揃う（運動会のスタートラインで選手が並ぶ）,運動会の選手たち,デパ地下で色々な惣菜を少しずつ買って帰る中食とかけて、運動会の選手たちと解く。その心は『どちらも「一斉に揃う」でしょう。』,
,完全な同音異義語型,栄養士が小学校の給食の献立を1ヶ月分作成する業務,献立の内容を決定する,きめる,決める (献立を決定する),締める (帯を締める),力士,栄養士が小学校の給食の献立を1ヶ月分作成する業務とかけて、力士と解く。その心は『どちらも【きめる】でしょう。』,
,多義語型,栄養士が小学校の給食の献立を1ヶ月分作成する業務,献立の構成や要素を組み合わせる,くみたてる,組み立てる (献立の構成を組み立てる),組み立てる (精密部品を組み立てる),精密機械の技術者,栄養士が小学校の給食の献立を1ヶ月分作成する業務とかけて、精密機械の技術者と解く。その心は『どちらも【くみたてる】でしょう。』,
,フレーズ・慣用句型,栄養士が小学校の給食の献立を1ヶ月分作成する業務,食材や盛り付けに変化を持たせ、見た目も楽しませる工夫をする,いろどりゆたか,彩り豊か (献立に様々な食材や色を取り入れる),彩り豊か (絵の具を使い、鮮やかに表現する),ベテランの画家,栄養士が小学校の給食の献立を1ヶ月分作成する業務とかけて、ベテランの画家と解く。その心は『どちらも【彩り豊か】でしょう。』,
,完全な同音異義語型,栄養士が小学校の給食の献立を1ヶ月分作成する業務,季節やイベントに応じて献立を変更する,きりかえる,切り替える (献立を新しい内容に切り替える),切り替える (配線を切り替える),電気工事士,栄養士が小学校の給食の献立を1ヶ月分作成する業務とかけて、電気工事士と解く。その心は『どちらも【きりかえる】でしょう。』,
,多義語型,栄養士が小学校の給食の献立を1ヶ月分作成する業務,栄養バランスや予算、嗜好など様々な要素を考慮して内容を熟考する,かんがえる,考える (献立の内容を深く思考する),考える (最善の一手を思考する),プロの棋士,栄養士が小学校の給食の献立を1ヶ月分作成する業務とかけて、プロの棋士と解く。その心は『どちらも【かんがえる】でしょう。』,
,フレーズ・慣用句型,栄養士が小学校の給食の献立を1ヶ月分作成する業務,1ヶ月分の献立が全て作成され、準備が整った状態,ひととおりそろう,一通り揃う (1ヶ月分の献立表がすべて完成し整う),一通り揃う (生活に必要な物がすべてある状態),新生活を始める一人暮らしの部屋,栄養士が小学校の給食の献立を1ヶ月分作成する業務とかけて、新生活を始める一人暮らしの部屋と解く。その心は『どちらも【一通り揃う】でしょう。』,
,完全な同音異義語型,飲食店の厨房で大量の皿をスポンジで洗い続けるアルバイト,水仕事で手が荒れてしまう状態,あれる,荒れる,枯れる,水分を失い枯れてしまった植物,「飲食店の厨房で大量の皿をスポンジで洗い続けるアルバイト」とかけて、「水分を失い枯れてしまった植物」と解く。その心は「どちらも『荒れる（枯れる）』でしょう。」,
,完全な同音異義語型,飲食店の厨房で大量の皿をスポンジで洗い続けるアルバイト,皿を水で洗い流す動作,ながす,流す,長す,髪を伸ばしている人,「飲食店の厨房で大量の皿をスポンジで洗い続けるアルバイト」とかけて、「髪を伸ばしている人」と解く。その心は「どちらも『流す（長す）』でしょう。」,
,多義語型,飲食店の厨房で大量の皿をスポンジで洗い続けるアルバイト,山のように皿が積まれている状態,つむ,積む,詰む,将棋の終盤,「飲食店の厨房で大量の皿をスポンジで洗い続けるアルバイト」とかけて、「将棋の終盤」と解く。その心は「どちらも『積む（詰む）』でしょう。」,
,多義語型,飲食店の厨房で大量の皿をスポンジで洗い続けるアルバイト,皿を洗い終えて重ねていく動作,かさねる,重ねる,重ねる,熟練の職人,「飲食店の厨房で大量の皿をスポンジで洗い続けるアルバイト」とかけて、「熟練の職人」と解く。その心は「どちらも『（経験を）重ねる』でしょう。」,
,フレーズ・慣用句型,飲食店の厨房で大量の皿をスポンジで洗い続けるアルバイト,水仕事で手が荒れてしまう状態,てがあれる,手が荒れる,手がつけられない,いたずらが過ぎて手に負えない子供,「飲食店の厨房で大量の皿をスポンジで洗い続けるアルバイト」とかけて、「いたずらが過ぎて手に負えない子供」と解く。その心は「どちらも『手が荒れる（手がつけられない）』でしょう。」,
,フレーズ・慣用句型,飲食店の厨房で大量の皿をスポンジで洗い続けるアルバイト,洗い場で水が流れていく様子,ながされる,流される,流される,主体性がなく周りの意見に影響されやすい人,「飲食店の厨房で大量の皿をスポンジで洗い続けるアルバイト」とかけて、「主体性がなく周りの意見に影響されやすい人」と解く。その心は「どちらも『流される』でしょう。」,
,多義語型,食後の口直しにミント味のガムを噛むエチケット,口の中が爽やかになり、気分が良くなる,すっきりする,スッキリする（口の中や気分が）,スッキリする（片付いて気持ちが良い）,大掃除後の部屋,「食後の口直しにミント味のガムを噛むエチケット」とかけて、「大掃除後の部屋」と解く。その心は「どちらもスッキリする」でしょう。,
,完全な同音異義語型,食後の口直しにミント味のガムを噛むエチケット,口の中の嫌な臭いを消す,けす,消す（臭いを）,芥子（植物の名前）,パンのトッピングに使われる植物,「食後の口直しにミント味のガムを噛むエチケット」とかけて、「パンのトッピングに使われる植物」と解く。その心は「どちらも『消す（芥子）』でしょう。」,
,フレーズ・慣用句型,食後の口直しにミント味のガムを噛むエチケット,ガムを口に入れる,くちにする,口にする（ガムを食べる）,口にする（発言する、秘密を漏らす）,秘密を打ち明ける人,「食後の口直しにミント味のガムを噛むエチケット」とかけて、「秘密を打ち明ける人」と解く。その心は「どちらも『口にする』でしょう。」,
,完全な同音異義語型,食後の口直しにミント味のガムを噛むエチケット,マナーやルールを守る,まもる,守る（エチケットを）,護る（国や大切なものを）,故郷を守る兵士,「食後の口直しにミント味のガムを噛むエチケット」とかけて、「故郷を守る兵士」と解く。その心は「どちらも『守る（護る）』でしょう。」,
,多義語型,食後の口直しにミント味のガムを噛むエチケット,口の中の状態を改める、気分を転換する,あらためる,改める（口の中の状態を）,改める（態度や考え方を）,自分の悪い行いを反省する人,「食後の口直しにミント味のガムを噛むエチケット」とかけて、「自分の悪い行いを反省する人」と解く。その心は「どちらも『改める』でしょう。」,
,フレーズ・慣用句型,食後の口直しにミント味のガムを噛むエチケット,口の中を清潔にし、嫌な後味を消す,くちをすすぐ,口を濯ぐ（物理的に清めるような行為）,口を濯ぐ（汚名を返上する、悪事を謝罪して身を清める）,汚職事件で批判された政治家,「食後の口直しにミント味のガムを噛むエチケット」とかけて、「汚職事件で批判された政治家」と解く。その心は「どちらも『口を濯ぐ』でしょう。」,
,完全な同音異義語型,盛れるカラコン,瞳を魅力的に見せるために、視覚的な効果を『盛る』ことができる。,もる,盛る（魅力的に見せる）,盛る（器に高く積み上げる）,定食屋のご飯,盛れるカラコンとかけて、定食屋のご飯と解く。その心は「どちらも『盛る』のが大事でしょう。」,
,完全な同音異義語型,盛れるカラコン,装着すると、瞳の印象ががらりと『変身』する。,へんしん,変身（外見や雰囲気が変わること）,変身（全く別の姿に変わること）,チョウの幼虫,盛れるカラコンとかけて、チョウの幼虫と解く。その心は「どちらも、やがて『変身』するでしょう。」,
,多義語型,盛れるカラコン,装着していると、瞳に水分を与えて『潤す』必要がある。,うるおす,潤す（目に水分を与える）,潤す（豊かにする、満たす）,貧乏な芸術家,盛れるカラコンとかけて、貧乏な芸術家と解く。その心は「どちらも『潤う』ことが大事でしょう。」,
,多義語型,盛れるカラコン,魅力的な瞳で、人の視線を『引き付ける』。,ひきつける,引き付ける（魅力で人の注意を惹く）,引き付ける（物理的に手前に引き寄せる）,強力な磁石,盛れるカラコンとかけて、強力な磁石と解く。その心は「どちらも人を『引き付ける』でしょう。」,
,フレーズ・慣用句型,盛れるカラコン,瞳に『色をつける』ことで、印象を変える。,いろをつける,色をつける（瞳の色を変える）,色をつける（優劣や価値を評価する）,骨董品の鑑定士,盛れるカラコンとかけて、骨董品の鑑定士と解く。その心は「どちらも『色をつける』ことがあるでしょう。」,
,フレーズ・慣用句型,盛れるカラコン,瞳に『輝きを与える』ことで、表情を明るく見せる。,かがやきをあたえる,輝きを与える（瞳を輝かせる）,輝きを与える（物理的に光沢を出す、才能を開花させる）,研磨職人,盛れるカラコンとかけて、研磨職人と解く。その心は「どちらも『輝きを与える』でしょう。」,
,多義語型,痛い厚底スニーカー,長時間履くと足に疲労がたまる状態,つかれる,疲れる,憑かれる,霊に取り憑かれた人,痛い厚底スニーカーとかけて、霊に取り憑かれた人と解く。その心は「どちらも憑かれる（疲れる）」でしょう。,
,完全な同音異義語型,痛い厚底スニーカー,足に水ぶくれができること,まめ,豆,忠実、真面目,几帳面でよく働く人,痛い厚底スニーカーとかけて、几帳面でよく働く人と解く。その心は「どちらもマメ」でしょう。,
,フレーズ・慣用句型,痛い厚底スニーカー,厚底でバランスを崩し、歩行が不安定になる状態,あしをとられる,足を取られる,金銭的な損失を被る、困難に陥る,無計画な投資で損をした人,痛い厚底スニーカーとかけて、無計画な投資で損をした人と解く。その心は「どちらも足を取られる」でしょう。,
,多義語型,痛い厚底スニーカー,物理的に背が高くなる,たかくなる,高くなる,（物価や評価などが）高くなる,不動産価格が上昇している地域の土地,痛い厚底スニーカーとかけて、不動産価格が上昇している地域の土地と解く。その心は「どちらも高くなる」でしょう。,
,完全な同音異義語型,痛い厚底スニーカー,物理的に重く感じる,おもい,重い,（心が）重い、深刻な,過去の恋愛を忘れられない人,痛い厚底スニーカーとかけて、過去の恋愛を忘れられない人と解く。その心は「どちらも重い」でしょう。,
,フレーズ・慣用句型,痛い厚底スニーカー,長時間履くと足に疲労や痛みが集中する,あしにくる,足に来る,（計画や戦略がうまくいかず）不利な状況になる,劣勢に立たされた競技の戦略,痛い厚底スニーカーとかけて、劣勢に立たされた競技の戦略と解く。その心は「どちらも足に来る」でしょう。,
,完全な同音異義語型,エモいフィルムカメラ,フィルムを巻き上げる物理的な動作,まく,巻く,撒く,畑で野菜を育てる農家,エモいフィルムカメラとかけて、畑で野菜を育てる農家と解く。その心は『どちらも「巻く」でしょう。』,
,多義語型,エモいフィルムカメラ,光を内部へ取り込む機能,とりこむ,取り込む,取り込む,顧客獲得に熱心な営業マン,エモいフィルムカメラとかけて、顧客獲得に熱心な営業マンと解く。その心は『どちらも「取り込む」でしょう。』,
,フレーズ・慣用句型,エモいフィルムカメラ,撮影時にシャッターを切る動作,しゃったーをきる,シャッターを切る,シャッターを切る,一日の営業を終える商店主,エモいフィルムカメラとかけて、一日の営業を終える商店主と解く。その心は『どちらも「シャッターを切る」でしょう。』,
,完全な同音異義語型,エモいフィルムカメラ,現像するまで撮影した写真の像が見えないこと,ぞうがみえない,像が見えない,象が見えない,ジャングルの中で象を探す探検家,エモいフィルムカメラとかけて、ジャングルの中で象を探す探検家と解く。その心は『どちらも「像が見えない」でしょう。』,
,多義語型,エモいフィルムカメラ,独特の風合いや深みがあり、写真表現に趣があること,あじがある,味がある,味がある,熟練の料理人が作った出汁,エモいフィルムカメラとかけて、熟練の料理人が作った出汁と解く。その心は『どちらも「味がある」でしょう。』,
,フレーズ・慣用句型,エモいフィルムカメラ,撮影から現像まで一連の工程に時間や手間がかかること,てまひまかかる,手間暇かかる,手間暇かかる,丹精込めて育てられた盆栽,エモいフィルムカメラとかけて、丹精込めて育てられた盆栽と解く。その心は『どちらも「手間暇かかる」でしょう。』,
,完全な同音異義語型,映えるスイーツ,見た目が美しい、写真写りが良い,みばえ,見栄え,身ばえ,着飾った人,映えるスイーツとかけて、着飾った人と解く。その心は『どちらも「見栄え/身ばえ」が良いでしょう』。,
,完全な同音異義語型,映えるスイーツ,味わいが豊かで美味しい,あまい,甘い,甘い,新米の先生,映えるスイーツとかけて、新米の先生と解く。その心は『どちらも「甘い」でしょう』。,
,多義語型,映えるスイーツ,写真を撮影される,とる,撮る,捕る,漁師,映えるスイーツとかけて、漁師と解く。その心は『どちらも「撮る/捕る」でしょう』。,
,多義語型,映えるスイーツ,美しい装飾が施されている,かざる,飾る,飾る,武士,映えるスイーツとかけて、武士と解く。その心は『どちらも「飾る」でしょう』。,
,フレーズ・慣用句型,映えるスイーツ,SNSで話題になり注目を集める,バズる,バズる,バズる,蜂の群れ,映えるスイーツとかけて、蜂の群れと解く。その心は『どちらも「バズる」でしょう』。,
,フレーズ・慣用句型,映えるスイーツ,特別な存在として注目を集める,スポットライトをあびる,スポットライトを浴びる,スポットライトを浴びる,舞台役者,映えるスイーツとかけて、舞台役者と解く。その心は『どちらも「スポットライトを浴びる」でしょう』。,
,完全な同音異義語型,臭い古着,悪い匂いがする,あくしゅう,悪臭（がする）,悪習（がある）,なかなかやめられない悪い癖を持つ人,臭い古着とかけて、なかなかやめられない悪い癖を持つ人と解く。その心は「どちらも悪習（あくしゅう）でしょう。」,
,完全な同音異義語型,臭い古着,古い状態である,ふる,古（い）,降る,空から雨や雪が降る様子,臭い古着とかけて、空から雨や雪が降る様子と解く。その心は「どちらも『古（ふる）』から『降る（ふる）』でしょう。」,
,多義語型,臭い古着,昔のものが残っている,のこる,残る（物理的に存在する）,残る（記憶や印象に残る）,忘れられない思い出,臭い古着とかけて、忘れられない思い出と解く。その心は「どちらも『残る』でしょう。」,
,多義語型,臭い古着,不快な匂いを放つ,においがする,匂いがする（物理的な悪臭）,匂いがする（怪しい気配や裏事情）,何か裏がある状況や事件,臭い古着とかけて、何か裏がある状況や事件と解く。その心は「どちらも『匂いがする』でしょう。」,
,フレーズ・慣用句型,臭い古着,洗っても悪臭が消えない,においがとれない,匂いが取れない（物理的な悪臭が消せない）,責任が取れない（義務や責務を果たせない）,無責任な政治家,臭い古着とかけて、無責任な政治家と解く。その心は「どちらも『匂いが取れない』でしょう。」,
,フレーズ・慣用句型,臭い古着,換気が悪く、空気がこもっている,かぜとおしがわるい,風通しが悪い（空気の循環が悪い）,風通しが悪い（意見や情報が共有されにくい組織や関係）,社員の意見が聞かれない閉鎖的な会社,臭い古着とかけて、社員の意見が聞かれない閉鎖的な会社と解く。その心は「どちらも『風通しが悪い』でしょう。」,
,完全な同音異義語型,熱いサウナハット,汗を吸収する機能がある。,すう,吸う (汗を吸う),喫う (煙草を喫う),愛煙家,熱いサウナハットとかけて、愛煙家と解く。その心は「どちらも『吸う』でしょう。」,
,完全な同音異義語型,熱いサウナハット,のぼせを防止する。,ふせぐ,防ぐ (のぼせを防ぐ),塞ぐ (機嫌を塞ぐ),機嫌が悪い人,熱いサウナハットとかけて、機嫌が悪い人と解く。その心は「どちらも『塞ぐ』でしょう。」,
,多義語型,熱いサウナハット,熱から頭部を保護する。,あたま,頭 (身体の部位),頭 (組織のトップ、長),会社のトップ,熱いサウナハットとかけて、会社のトップと解く。その心は「どちらも『頭』が大切でしょう。」,
,多義語型,熱いサウナハット,熱い蒸気で『蒸れる』ことがある。,むれる,蒸れる (熱気で湿る),群れる (集まる),集団行動をする動物,熱いサウナハットとかけて、集団行動をする動物と解く。その心は「どちらも『蒸れる』でしょう。」,
,フレーズ・慣用句型,熱いサウナハット,サウナ内で『頭を冷ます』役割がある。,あたまをひやす,頭を冷やす (物理的に熱を冷ます),頭を冷やす (感情的にならず冷静になる),感情的になっている人,熱いサウナハットとかけて、感情的になっている人と解く。その心は「どちらも『頭を冷やす』でしょう。」,
,フレーズ・慣用句型,熱いサウナハット,サウナに入って『汗をかく』。,あせをかく,汗をかく (発汗する),汗をかく (苦労する、努力する),新しい仕事を始めたばかりの新人,熱いサウナハットとかけて、新しい仕事を始めたばかりの新人さんと解く。その心は「どちらも『汗をかく』でしょう。」,
,完全な同音異義語型,冷たいハンディファン,風を送る、空気を循環させる,そうふう,送風,総譜,オーケストラの指揮者,冷たいハンディファンとかけて、オーケストラの指揮者と解く。その心は『どちらも総譜（送風）するでしょう。』,
,完全な同音異義語型,冷たいハンディファン,暑い体を冷やす,ひやす,冷やす,費やす,貯蓄を取り崩す人,冷たいハンディファンとかけて、貯蓄を取り崩す人と解く。その心は『どちらも費やす（冷やす）でしょう。』,
,多義語型,冷たいハンディファン,手で持つことができる,もつ,持つ,持つ,責任感の強いリーダー,冷たいハンディファンとかけて、責任感の強いリーダーと解く。その心は『どちらも責任を『持つ』でしょう。』,
,多義語型,冷たいハンディファン,風を動かす,うごかす,動かす,動かす,熱弁を振るう演説家,冷たいハンディファンとかけて、熱弁を振るう演説家と解く。その心は『どちらも人を動かすでしょう。』,
,フレーズ・慣用句型,冷たいハンディファン,体の熱を冷ます,ねつをさます,熱を冷ます,熱を冷ます,応援していたチームが負けてがっかりしている人,冷たいハンディファンとかけて、応援していたチームが負けてがっかりしている人と解く。その心は『どちらも熱を冷ますでしょう。』,
,フレーズ・慣用句型,冷たいハンディファン,電池から電気が供給され、動作する,でんきがとおる,電気が通る,気が通る,意思の疎通ができたチームメンバー,冷たいハンディファンとかけて、意思の疎通ができたチームメンバーと解く。その心は『どちらも電気が通る（気が通る）でしょう。』,
,フレーズ・慣用句型,うるさいTikTok音源,音が大きく、繰り返し流れて耳から離れない,あたまにのこる,頭に残る（耳から離れない、記憶に残る）,頭に残る（記憶から消えない、忘れられない）,忘れられない初恋の相手,「うるさいTikTok音源」とかけて、「忘れられない初恋の相手」と解く。その心は『どちらも「頭に残る」』でしょう。,
,完全な同音異義語型,うるさいTikTok音源,多くの人に知られ、繰り返し耳にする,はやり,流行り（トレンドとなる音源）,疫病（感染症が流行すること）,昔の伝染病,「うるさいTikTok音源」とかけて、「昔の伝染病」と解く。その心は『どちらも「はやり（流行り／疫病）」』でしょう。,
,多義語型,うるさいTikTok音源,再生を停止したり音量を小さくしたりすること,けす,消す（音源の再生を止める）,消す（存在や痕跡をなくす）,電気のスイッチ,「うるさいTikTok音源」とかけて、「電気のスイッチ」と解く。その心は『どちらも「消す」』でしょう。,
,フレーズ・慣用句型,うるさいTikTok音源,一度流れ出すと、なかなか停止しにくい,とめられない,止められない（再生を停止できない、しにくい）,止められない（勢いがあり、制止することができない）,暴走する列車,「うるさいTikTok音源」とかけて、「暴走する列車」と解く。その心は『どちらも「止められない」』でしょう。,
,完全な同音異義語型,うるさいTikTok音源,耳障りで不快に感じる,さわる,障る（耳障りで不快である）,触る（手で物体に触れる）,美術館に展示された繊細な美術品,「うるさいTikTok音源」とかけて、「美術館に展示された繊細な美術品」と解く。その心は『どちらも「さわる（障る／触る）」』でしょう。,
,多義語型,うるさいTikTok音源,周囲に不快感や集中阻害をもたらす,めいわく,迷惑（音による不快感や妨害）,迷惑（他者の負担となる行為や状態）,突然押しかけてくる訪問販売員,「うるさいTikTok音源」とかけて、「突然押しかけてくる訪問販売員」と解く。その心は『どちらも「迷惑」』でしょう。,
,フレーズ・慣用句型,甘いシーシャ,甘い香りが広がり、リラックスした気分になる,あまいふんいきになる,甘い雰囲気になる（味が甘く、リラックスできる空間の雰囲気）,甘い雰囲気になる（恋人同士のムードが盛り上がる）,恋愛が成就しそうなカップル,甘いシーシャとかけて、恋愛が成就しそうなカップルと解く。その心は「どちらも『甘い雰囲気になる』でしょう。」,
,完全な同音異義語型,甘いシーシャ,煙をゆっくりと吸い込む,すう,吸う（煙を吸い込む）,崇う（神仏を崇める）,宗教熱心な信者,甘いシーシャとかけて、宗教熱心な信者と解く。その心は「どちらも『すう（吸う／崇う）』でしょう。」,
,多義語型,甘いシーシャ,ゆったりとした甘い香りの煙で心身が安らぐ,くつろぎ,寛ぎ（心身がリラックスして安らぐこと）,寛ぎ（物理的・精神的にゆったりできる状態や場所）,温泉旅館の露天風呂,甘いシーシャとかけて、温泉旅館の露天風呂と解く。その心は「どちらも『寛ぎ』でしょう。」,
,フレーズ・慣用句型,甘いシーシャ,煙を口から出す,けむりをはく,煙を吐く（物理的に煙を口から出す）,煙を吐く（比喩的に、嘘やでまかせを言う）,嘘ばかりつく政治家,甘いシーシャとかけて、嘘ばかりつく政治家と解く。その心は「どちらも『煙を吐く』でしょう。」,
,完全な同音異義語型,甘いシーシャ,煙を深く吸い込んで、ゆっくりと煙を出す動作,ふかす,吹かす（煙草などを深く吸い、ゆっくり煙を出す）,噴かす（エンジンの回転数を上げて空ぶかしをする）,暴走族のバイク,甘いシーシャとかけて、暴走族のバイクと解く。その心は「どちらも『ふかす（吹かす／噴かす）』でしょう。」,
,多義語型,甘いシーシャ,甘い香りや味が口や鼻の中に長く残る,あとをひく,後を引く（良い香りや味が長く残る）,後を引く（問題や出来事が解決せずに影響が続く）,なかなか解決しない厄介な問題,甘いシーシャとかけて、なかなか解決しない厄介な問題と解く。その心は「どちらも『後を引く』でしょう。」,
,完全な同音異義語型,借りるお金,返済義務が生じる、増える、重くなる,ふくらむ,膨らむ（金額が膨らむ）,膨らむ（風船などが膨らむ）,風船,「借りるお金」とかけて、「風船」と解く。その心は「どちらも『ふくらむ』と大変でしょう。」,
,完全な同音異義語型,借りるお金,返さなければならない、利子,へんさい,返済,変災（自然災害や事故などによる災難）,予測不能な災難,「借りるお金」とかけて、「予測不能な災難」と解く。その心は「どちらも『へんさい（返済／変災）』が必要になることがあるでしょう。」,
,多義語型,借りるお金,返済の計画を立てる、見通し,めど,目処（返済の目処）,目処（計画の目処）,新規プロジェクトの計画,「借りるお金」とかけて、「新規プロジェクトの計画」と解く。その心は「どちらも『めど』が肝心でしょう。」,
,多義語型,借りるお金,返済の責任、償い,つぐなう,償う（借金を償う）,償う（罪を償う）,過ちを犯した人,「借りるお金」とかけて、「過ちを犯した人」と解く。その心は「どちらも『つぐなう』必要があるでしょう。」,
,フレーズ・慣用句型,借りるお金,経済的に苦しい状態、動けない,くびがまわらない,首が回らない（経済的に）,首が回らない（物理的に）,寝違えて首が動かせない人,「借りるお金」とかけて、「寝違えて首が動かせない人」と解く。その心は「どちらも『首が回らない』と身動きが取れないでしょう。」,
,フレーズ・慣用句型,借りるお金,返済が終わりそうにない、際限がない,きりがありません,きりがありません（返済が）,きりがありません（作業が）,延々と続く単純作業,「借りるお金」とかけて、「延々と続く単純作業」と解く。その心は「どちらも『きりがありません』と疲れてしまうでしょう。」,
,完全な同音異義語型,裁く法律,公正な判断を行い、罪を定める,さいばん,裁判（法律が「裁判」を行う）,菜園（野菜を育てる「菜園」）,家庭菜園で野菜を育てる人,裁く法律とかけて、家庭菜園で野菜を育てる人と解く。その心は「どちらも『さいばん』するでしょう。」,
,完全な同音異義語型,裁く法律,規則や基準を定め、罪状を規定する,きてい,規定（法律に「規定」がある）,既定（変更できない「既定」の事実）,変えることのできない昔からのしきたり,裁く法律とかけて、変えることのできない昔からのしきたりと解く。その心は「どちらも『きてい』があるでしょう。」,
,多義語型,裁く法律,人の行動や自由を制限する、枠にはめる,しばる,縛る（人の行動を「縛る」）,縛る（荷物を「縛る」）,届け物を送る宅配業者,裁く法律とかけて、届け物を送る宅配業者と解く。その心は「どちらも『荷物を縛る（行動を縛る）』でしょう。」,
,多義語型,裁く法律,間違いや不正を正し、社会秩序を取り戻す,ただす,正す（社会の不正を「正す」）,正す（姿勢を「正す」）,緊張して面接に臨む就活生,裁く法律とかけて、緊張して面接に臨む就活生と解く。その心は「どちらも『姿勢を正す（不正を正す）』でしょう。」,
,フレーズ・慣用句型,裁く法律,罪に対して厳しく罰する、許さない,きびしいめにあわせる,厳しい目に合わせる（罪人に「厳しい目に合わせる」）,厳しい目に合わせる（裁縫で布の柄を「厳しい目に合わせる」）,裁縫で美しい模様を作り出す職人,裁く法律とかけて、裁縫で美しい模様を作り出す職人と解く。その心は「どちらも『厳しい目に合わせる』でしょう。」,
,フレーズ・慣用句型,裁く法律,争いや事件に最終的な判断を下し、決着をつける,けっちゃくをつける,決着をつける（事件に「決着をつける」）,決着をつける（長年の言い争いに「決着をつける」）,長年の言い争いを終わらせようと奔走する仲裁人,裁く法律とかけて、長年の言い争いを終わらせようと奔走する仲裁人と解く。その心は「どちらも『決着をつける』でしょう。」,
,完全な同音異義語型,甘いシーシャ,良い香りがする,かおり,香り,香織 (女性の名前),アイドルグループのメンバー,「甘いシーシャ」とかけて、「アイドルグループの香織さん」と解く。その心は「どちらも『かおり』が良いでしょう。」,
,多義語型,甘いシーシャ,煙が立ち上る,たつ,立つ (煙が上に上がる物理的な動き),立つ (計画や意見が具体化する),新規事業の企画を練るビジネスパーソン,「甘いシーシャ」とかけて、「新規事業の企画を練るビジネスパーソン」と解く。その心は「どちらも『立つ』でしょう。」,
,フレーズ・慣用句型,甘いシーシャ,甘い煙が漂う,あまいムードがただよう,甘い煙が漂う,甘いムードが漂う (ロマンチックな雰囲気),初めてのデートを楽しむカップル,「甘いシーシャ」とかけて、「初めてのデートを楽しむカップル」と解く。その心は「どちらも『甘いムードが漂う』でしょう。」,
,完全な同音異義語型,甘いシーシャ,煙を吹かす,ふかす,吹かす (煙を),蒸かす (芋などを),収穫したばかりのサツマイモを蒸かす農家の人,「甘いシーシャ」とかけて、「収穫したばかりのサツマイモを蒸かす農家の人」と解く。その心は「どちらも『ふかす』でしょう。」,
,多義語型,甘いシーシャ,甘い味がする、甘さが強烈,あまい,甘い (味覚や嗅覚としての甘さ),甘い (考えや対応が不十分、手ぬるい),敵への対応が甘い司令官,「甘いシーシャ」とかけて、「敵への対応が甘い司令官」と解く。その心は「どちらも『あまい』でしょう。」,
,フレーズ・慣用句型,甘いシーシャ,一服する、休憩がてら吸う,いっぷくする,一服する (シーシャを吸う),一服する (休憩をとる、薬を飲む),忙しい仕事の合間に休憩する人,「甘いシーシャ」とかけて、「忙しい仕事の合間にホッと一息つく人」と解く。その心は「どちらも『一服する』でしょう。」,
,多義語型,キツいコルセット,締め付けが強く、身体的に窮屈な状態,くるしい,苦しい（身体的苦痛）,苦しい（精神的・経済的困難）,借金で首が回らない人,キツいコルセットとかけて、借金で首が回らない人と解く。その心は「どちらも苦しい」でしょう。,
,多義語型,キツいコルセット,身体の形を矯正し、引き締める作用,からだをひきしめる,体を引き締める（物理的な矯正）,体を引き締める（運動や節制による努力）,夏に向けてダイエットする人,キツいコルセットとかけて、夏に向けてダイエットする人と解く。その心は「どちらも体を引き締める」でしょう。,
,フレーズ・慣用句型,キツいコルセット,物理的に締め付けられ、余裕がない状態,ゆとりがない,ゆとりがない（物理的な空間の不足）,ゆとりがない（時間的・精神的な余裕の不足）,締め切りに追われるライター,キツいコルセットとかけて、締め切りに追われるライターと解く。その心は「どちらもゆとりがない」でしょう。,
,フレーズ・慣用句型,キツいコルセット,姿勢を強制し、正しい位置に保つ機能,せいかくになおす,正確に直す（姿勢を正す）,正確に直す（誤りや間違いを修正する）,誤字脱字が多い文章を校正する人,キツいコルセットとかけて、誤字脱字が多い文章を校正する人と解く。その心は「どちらも正確に直す」でしょう。,
,完全な同音異義語型,キツいコルセット,身体に負荷や負担が加わる様子,かかる,体に掛かる（物理的な負荷）,病気に罹る（病気になる）,インフルエンザが流行する季節,キツいコルセットとかけて、インフルエンザが流行する季節と解く。その心は「どちらも『かかる』」でしょう。,
,完全な同音異義語型,キツいコルセット,身体を固定し、安定させる作用,かためる,体を固める（姿勢を固定する）,方針を固める（計画や意思を確定する）,事業計画の最終段階,キツいコルセットとかけて、事業計画の最終段階と解く。その心は「どちらも『かためる』」でしょう。,
,完全な同音異義語型,重いゲーミングPC,ゲームに集中して時間を忘れてしまう,ねっちゅう,熱中（ゲームに熱中する）,熱中（熱中症）,真夏の炎天下で作業する人,「重いゲーミングPC」とかけて、「真夏の炎天下で作業する人」と解く。その心は「どちらも『ねっちゅう（熱中）』するでしょう。」,
,完全な同音異義語型,重いゲーミングPC,高性能な部品を数多く搭載している,つんでいる,積んでいる（高性能パーツを）,詰んでいる（将棋の最終局面）,将棋の最終局面,「重いゲーミングPC」とかけて、「将棋の最終局面」と解く。その心は「どちらも『つんでいる（積んでいる/詰んでいる）』でしょう。」,
,多義語型,重いゲーミングPC,本体が物理的に重く、移動させるのが困難,はこびがたいへん,運びが大変（物理的な移動が困難）,運びが大変（物事の進展が困難）,困難な交渉事,「重いゲーミングPC」とかけて、「困難な交渉事」と解く。その心は「どちらも『運びが大変』でしょう。」,
,多義語型,重いゲーミングPC,高価な投資となるため、購入に熟考と判断が必要,けつだん,決断（購入の決断）,決断（リーダーとしての判断）,組織のリーダー,「重いゲーミングPC」とかけて、「組織のリーダー」と解く。その心は「どちらも『決断』が求められるでしょう。」,
,フレーズ・慣用句型,重いゲーミングPC,長時間使用すると本体が熱を持つ,あつくなる,熱くなる（機器の温度が上昇する）,熱くなる（議論や試合などが白熱する）,白熱した議論や試合,「重いゲーミングPC」とかけて、「白熱した議論や試合」と解く。その心は「どちらも『熱くなる』でしょう。」,
,フレーズ・慣用句型,重いゲーミングPC,高性能でゲームがスムーズに動作する,サクサクうごく,サクサク動く（動作が軽快）,サクサク食べる（食感が良い）,揚げたての天ぷら,「重いゲーミングPC」とかけて、「揚げたての天ぷら」と解く。その心は「どちらも『サクサク』でしょう。」,
,多義語型,眩しいリングライト,対象物を明るく見せる,てらす,照らす,照らす,恋心を抱いた中学生,眩しいリングライトとかけて、恋心を抱いた中学生と解く。その心は『どちらも顔を照らすでしょう』,
,完全な同音異義語型,眩しいリングライト,光が輪になっている,わ,輪,和,茶道のお点前,眩しいリングライトとかけて、茶道のお点前と解く。その心は『どちらも和を大切にするでしょう』,
,フレーズ・慣用句型,眩しいリングライト,被写体を魅力的に見せる,めをひく,目を引く,目を引く,達磨の絵付け師,眩しいリングライトとかけて、達磨の絵付け師と解く。その心は『どちらも目を引くでしょう』,
,多義語型,眩しいリングライト,周りを明るくする,あかるくする,明るくする,明るくする,宴会を盛り上げる幹事,眩しいリングライトとかけて、宴会を盛り上げる幹事と解く。その心は『どちらも場を明るくするでしょう』,
,完全な同音異義語型,眩しいリングライト,撮影の対象物が中心にある,ちゅうしん,中心,忠臣,主君に仕える家臣,眩しいリングライトとかけて、主君に仕える家臣と解く。その心は『どちらも中心を大切にするでしょう』,
,フレーズ・慣用句型,眩しいリングライト,輝きを放っている,ひかりをはなつ,光を放つ,光を放つ,才能に溢れた若手芸術家,眩しいリングライトとかけて、才能に溢れた若手芸術家と解く。その心は『どちらも光を放つでしょう』,
,完全な同音異義語型,痒いカラータトゥー,痒いので皮膚を掻く,かく,掻く,書く,作家,痒いカラータトゥーとかけて、作家と解く。その心は『どちらも【かく】でしょう。』,
,完全な同音異義語型,痒いカラータトゥー,痒みや炎症で痛いと感じることがある,いたい,痛い,居たい,帰りたくない子供,痒いカラータトゥーとかけて、帰りたくない子供と解く。その心は『どちらも【いたい】でしょう。』,
,多義語型,痒いカラータトゥー,肌に色や痒みが現れる、付着する,つく,付く,付く,宝くじに当たった人,痒いカラータトゥーとかけて、宝くじに当たった人と解く。その心は『どちらも【付く】でしょう。』,
,多義語型,痒いカラータトゥー,痒みや炎症でタトゥーが浮き出るように感じる,うかぶ,浮き出る,浮かぶ,アイデアマン,痒いカラータトゥーとかけて、アイデアマンと解く。その心は『どちらも【うかぶ】でしょう。』,
,フレーズ・慣用句型,痒いカラータトゥー,痒くて思わず手を伸ばしてしまう,かゆいところにて,痒い所に手,痒い所に手,気の利いたサービス,痒いカラータトゥーとかけて、気の利いたサービスと解く。その心は『どちらも【痒い所に手】でしょう。』,
,フレーズ・慣用句型,痒いカラータトゥー,痒みがなかなか治まらず、後に残る,あとをひく,後を引く,後を引く,美味しくてやめられないお菓子,痒いカラータトゥーとかけて、美味しくてやめられないお菓子と解く。その心は『どちらも【後を引く】でしょう。』,
,完全な同音異義語型,苦いエナジードリンク,味覚や覚醒作用により感覚を覚ます,しげき,刺激,磁気,コンパス,苦いエナジードリンクとかけて、コンパスと解く。その心は「どちらも『刺激』でしょう。」,
,完全な同音異義語型,苦いエナジードリンク,飲んだらすぐに効果が出る,そっこう,即効,速攻,バスケットボールの試合,苦いエナジードリンクとかけて、バスケットボールの試合と解く。その心は「どちらも『即効』でしょう。」,
,多義語型,苦いエナジードリンク,意識や精神の働きを一点に集める,しゅうちゅう,集中,集中,都心の通勤ラッシュ,苦いエナジードリンクとかけて、都心の通勤ラッシュと解く。その心は「どちらも『集中』でしょう。」,
,多義語型,苦いエナジードリンク,肉体的、精神的な活動力を与える,かつりょく,活力,活力,経済の活性化,苦いエナジードリンクとかけて、経済の活性化と解く。その心は「どちらも『活力』でしょう。」,
,フレーズ・慣用句型,苦いエナジードリンク,眠気から覚め、意識がはっきりする,めをさます,目を覚ます,目を覚ます,悪の組織から脱退した元幹部,苦いエナジードリンクとかけて、悪の組織から脱退した元幹部と解く。その心は「どちらも『目を覚ます』でしょう。」,
,フレーズ・慣用句型,苦いエナジードリンク,飲んで自分自身の気力を高める,ふるいたたせる,奮い立たせる,奮い立たせる,劣勢のチームを鼓舞する監督,苦いエナジードリンクとかけて、劣勢のチームを鼓舞する監督と解く。その心は「どちらも『奮い立たせる』でしょう。」,
,完全な同音異義語型,痺れるCBDリキッド,使用することで効果を体感できる。,きく,効果が「効く」,腕が「利く」,ベテランの職人,痺れるCBDリキッドとかけて、ベテランの職人と解く。その心は『どちらも【よく効く】でしょう。』,
,完全な同音異義語型,痺れるCBDリキッド,使用すると体に電流が走るような刺激を感じる。,でんき,その感覚がまるで「電気」のよう,「電気」,電気工事士,痺れるCBDリキッドとかけて、電気工事士と解く。その心は『どちらも【電気に通じている】でしょう。』,
,多義語型,痺れるCBDリキッド,効果で体がリラックスして弛緩する。,ゆるむ,からだが「緩む」,気が「緩む」,休暇中の社員,痺れるCBDリキッドとかけて、休暇中の社員と解く。その心は『どちらも【からだが緩む】でしょう。』,
,多義語型,痺れるCBDリキッド,口内に独特の刺激を与える。,しげき,口内に「刺激」を与える,周囲に「刺激」を与える,新人アイドル,痺れるCBDリキッドとかけて、新人アイドルと解く。その心は『どちらも【強い刺激を与える】でしょう。』,
,フレーズ・慣用句型,痺れるCBDリキッド,痺れるような感覚で、思わず動きが止まる。,たちどまる,その感覚に思わず「立ち止まる」,熟考するために「立ち止まる」,人生の岐路に立つ人,痺れるCBDリキッドとかけて、人生の岐路に立つ人と解く。その心は『どちらも【立ち止まる時がある】でしょう。』,
,フレーズ・慣用句型,痺れるCBDリキッド,口の中がピリピリとした感覚になる。,ぴりぴり,口の中が「ピリピリ」する,「神経がピリピリ」する,締切前の漫画家,痺れるCBDリキッドとかけて、締切前の漫画家と解く。その心は『どちらも【神経がピリピリする】でしょう。』,
,完全な同音異義語型,痛い軟骨ピアス,経験してもうやりたくないと感じる状態,こり,懲りる,凝り,デスクワークで疲れた肩,「痛い軟骨ピアス」とかけて、「デスクワークで疲れた肩」と解く。その心は『どちらも「こり」があるでしょう。』,
,完全な同音異義語型,痛い軟骨ピアス,炎症で皮膚が膨らむ状態,はれる,腫れる,晴れる,雨上がりの空,「痛い軟骨ピアス」とかけて、「雨上がりの空」と解く。その心は『どちらも「はれる」でしょう。』,
,多義語型,痛い軟骨ピアス,開けた穴が自然に閉じていく様子,ふさがる,塞がる（穴が）,塞がる（予定が）,忙しいビジネスパーソン,「痛い軟骨ピアス」とかけて、「忙しいビジネスパーソン」と解く。その心は『どちらも「塞がる」でしょう。』,
,多義語型,痛い軟骨ピアス,硬い軟骨を物理的に突き通す行為,つらぬく,貫く（物理的に）,貫く（信念を）,自分の信念を曲げない人,「痛い軟骨ピアス」とかけて、「自分の信念を曲げない人」と解く。その心は『どちらも「貫く」でしょう。』,
,フレーズ・慣用句型,痛い軟骨ピアス,身体的な苦痛を我慢し続ける状態,いたみにたえる,痛みに耐える（身体的な）,痛みに耐える（精神的・経済的な）,投資で大損した起業家,「痛い軟骨ピアス」とかけて、「投資で大損した起業家」と解く。その心は『どちらも「痛みに耐える」でしょう。』,
,フレーズ・慣用句型,痛い軟骨ピアス,開けたばかりの傷口がデリケートであること,きずつく,傷つきやすい（物理的に）,傷つきやすい（精神的に）,他人の評価を気にする繊細な心の持ち主,「痛い軟骨ピアス」とかけて、「他人の評価を気にする繊細な心の持ち主」と解く。その心は『どちらも「傷つきやすい」でしょう。』,
,完全な同音異義語型,チクチクするニット帽,繊維が肌を「針」のように刺激する,はり,針,貼り,掲示板にポスターを貼る人,チクチクするニット帽とかけて、掲示板にポスターを貼る人と解く。その心は「どちらも『針（貼り）』があるでしょう。」,
,多義語型,チクチクするニット帽,着心地が悪く、肌への刺激が「きつい」,きつい,きつい,きつい,厳しい上司,チクチクするニット帽とかけて、厳しい上司と解く。その心は「どちらも『きつい』でしょう。」,
,フレーズ・慣用句型,チクチクするニット帽,繊維が肌に刺激を与え、物理的に「肌に合わない」,はだにあわない,肌に合わない,肌に合わない,転勤先の職場で孤立している社員,チクチクするニット帽とかけて、転勤先の職場で孤立している社員と解く。その心は「どちらも『肌に合わない』でしょう。」,
,完全な同音異義語型,チクチクするニット帽,繊維が肌を「棘」のように刺激する,とげ,棘,咎,部下のミスを厳しく指摘する上司,チクチクするニット帽とかけて、部下のミスを厳しく指摘する上司と解く。その心は「どちらも『咎（棘）』があるでしょう。」,
,多義語型,チクチクするニット帽,肌に刺激が「当たる」,あたる,当たる,当たる,宝くじに当たって喜んでいる人,チクチクするニット帽とかけて、宝くじに当たって喜んでいる人と解く。その心は「どちらも『当たる』でしょう。」,
,フレーズ・慣用句型,チクチクするニット帽,不快感に物理的に「我慢できない」,がまんできない,我慢できない,我慢できない,大好物のケーキを目の前にしたダイエット中の人,チクチクするニット帽とかけて、大好物のケーキを目の前にしたダイエット中の人と解く。その心は「どちらも『我慢できない』でしょう。」,
,完全な同音異義語型,ベタつくヘアオイル,触ると「ねばつく」感触がある,ねばる,粘る,粘る,諦めずに目標を追うスポーツ選手,ベタつくヘアオイルとかけて、諦めずに目標を追うスポーツ選手と解く。その心は「どちらも粘る」でしょう。,
,完全な同音異義語型,ベタつくヘアオイル,髪に「油分」を与える,しゅし,脂質,趣旨,会議の議長,ベタつくヘアオイルとかけて、会議の議長と解く。その心は「どちらも脂質（趣旨）」でしょう。,
,多義語型,ベタつくヘアオイル,量が多すぎると髪が「重く」なる,おもい,重い,重い,責任感の強いリーダー,ベタつくヘアオイルとかけて、責任感の強いリーダーと解く。その心は「どちらも重い」でしょう。,
,多義語型,ベタつくヘアオイル,髪が「まとまる」効果がある,まとまる,纏まる,纏まる,議論が白熱した会議,ベタつくヘアオイルとかけて、議論が白熱した会議と解く。その心は「どちらも纏まる」でしょう。,
,フレーズ・慣用句型,ベタつくヘアオイル,髪にツヤが出て「光り輝く」,ひかりかがやく,光り輝く,光り輝く,将来を嘱望される若き才能,ベタつくヘアオイルとかけて、将来を嘱望される若き才能と解く。その心は「どちらも光り輝く」でしょう。,
,フレーズ・慣用句型,ベタつくヘアオイル,髪に「身につける」ように塗布する,みにつける,身につける,身につける,毎日努力して専門知識を学ぶ学生,ベタつくヘアオイルとかけて、毎日努力して専門知識を学ぶ学生と解く。その心は「どちらも身につける」でしょう。,
,多義語型,匂うルームフレグランス,良い香りが空間に「広がる」。,かおりがたつ,香りが立つ,計画が立つ,新規プロジェクトの企画担当者,匂うルームフレグランスとかけて、新規プロジェクトの企画担当者と解く。その心は『どちらも香りが立つ（計画が立つ）でしょう。』,
,多義語型,匂うルームフレグランス,良い香りが空間に「広がる」。,ひろがる,香りが広がる,噂が広がる,噂話が好きな人,匂うルームフレグランスとかけて、噂話が好きな人と解く。その心は『どちらも香りが広がる（噂が広がる）でしょう。』,
,フレーズ・慣用句型,匂うルームフレグランス,良い香りで空間に「存在を主張する」。,そんざいをアピールする,存在をアピールする,存在をアピールする,就職活動中の学生,匂うルームフレグランスとかけて、就職活動中の学生と解く。その心は『どちらも存在をアピールするでしょう。』,
,完全な同音異義語型,匂うルームフレグランス,良い香りが「する」。,におう,匂う,似合う,その人にぴったりの服,匂うルームフレグランスとかけて、その人にぴったりの服と解く。その心は『どちらも似合う（匂う）でしょう。』,
,フレーズ・慣用句型,匂うルームフレグランス,良い香りで「気分を明るくする」。,きぶんてんかん,気分転換,気分転換,疲れたビジネスマン,匂うルームフレグランスとかけて、疲れたビジネスマンと解く。その心は『どちらも気分転換でしょう。』,
,完全な同音異義語型,匂うルームフレグランス,良い香りが「長持ちする」。,じぞく,持続,時速,高速道路を走る車,匂うルームフレグランスとかけて、高速道路を走る車と解く。その心は『どちらも持続（時速）でしょう。』,
,多義語型,眩しいネオン管,光を発する、明るい,ひかる,光る,光る,才能あふれる若手芸人,「眩しいネオン管」とかけて、「才能あふれる若手芸人」と解く。その心は「どちらも『光る』でしょう。」,
,フレーズ・慣用句型,眩しいネオン管,夜の街を華やかに飾る,よるをいろどる,夜を彩る,夜を彩る,夏祭りの花火大会,「眩しいネオン管」とかけて、「夏祭りの花火大会」と解く。その心は「どちらも『夜を彩る』でしょう。」,
,完全な同音異義語型,眩しいネオン管,筒状のガラスの容器,かん,管,勘,鋭い直感を持つベテラン刑事,「眩しいネオン管」とかけて、「鋭い直感を持つベテラン刑事」と解く。その心は「どちらも『かん』が命でしょう。」,
,多義語型,眩しいネオン管,様々な色がある,いろがある,色がある,色がある,議論が白熱する会議,「眩しいネオン管」とかけて、「議論が白熱する会議」と解く。その心は「どちらも『色がある』でしょう。」,
,フレーズ・慣用句型,眩しいネオン管,人の視線を集める,めをひく,目を引く,目を引く,華麗な技を披露するフィギュアスケーター,「眩しいネオン管」とかけて、「華麗な技を披露するフィギュアスケーター」と解く。その心は「どちらも『目を引く』でしょう。」,
,完全な同音異義語型,眩しいネオン管,電気を流すことで発光する,でんきがながれる,電気が流れる,転機が訪れる,新しい事業を立ち上げるベンチャー企業の社長,「眩しいネオン管」とかけて、「新しい事業を立ち上げるベンチャー企業の社長」と解く。その心は「どちらも『でんきがながれる（転機が訪れる）』でしょう。」,
,多義語型,響くワイヤレススピーカー,音が遠くまで届き、聞く人の心を揺さぶる,ひびく,音が「響く」,心に「響く」,感動的なスピーチ,「響くワイヤレススピーカー」とかけて、「感動的なスピーチ」と解く。その心は「どちらも心に響く」でしょう。,
,完全な同音異義語型,響くワイヤレススピーカー,電線やケーブルがない,むせん,「無線」,「無銭」,お金のない人,「響くワイヤレススピーカー」とかけて、「お金のない人」と解く。その心は「どちらも無線（無銭）でしょう」。,
,フレーズ・慣用句型,響くワイヤレススピーカー,遠くの人にも音が伝わる,おとがとどく,「音」が届く,「願い」が届く,困っている人の願いを聞き入れる神様,「響くワイヤレススピーカー」とかけて、「困っている人の願いを聞き入れる神様」と解く。その心は「どちらも願いが届く」でしょう。,
,多義語型,響くワイヤレススピーカー,音源から音を再び出し、楽しませる,さいせい,音楽を「再生」する,会社を「再生」する,破綻した会社を立て直す経営者,「響くワイヤレススピーカー」とかけて、「破綻した会社を立て直す経営者」と解く。その心は「どちらも再生が重要」でしょう。,
,完全な同音異義語型,響くワイヤレススピーカー,音を発する元となるもの,おんげん,音楽の「音源」,「温泉」,温泉旅館,「響くワイヤレススピーカー」とかけて、「温泉旅館」と解く。その心は「どちらも音源（温泉）が良い」でしょう。,
,フレーズ・慣用句型,響くワイヤレススピーカー,音が空間全体に広がる,みちる,空間に「音が満ちる」,自信が「満ちる」,自信に満ちたスポーツ選手,「響くワイヤレススピーカー」とかけて、「自信に満ちたスポーツ選手」と解く。その心は「どちらも満ちる」でしょう。,
,完全な同音異義語型,痛いネイルチップ,物理的に爪を圧迫し、傷つける可能性がある,きずつく,傷つく（爪が傷つく）,傷つく（データが破損する）,データが破損したパソコン,「痛いネイルチップ」とかけて、「データが破損したパソコン」と解く。その心は「どちらも『きずつく』でしょう。」,
,多義語型,痛いネイルチップ,爪や指先に物理的な負担がかかる,ふたん,負担（身体的な負担）,負担（経済的・責任的な負担）,一家の大黒柱,「痛いネイルチップ」とかけて、「一家の大黒柱」と解く。その心は「どちらも『負担』が大きいでしょう。」,
,フレーズ・慣用句型,痛いネイルチップ,合わないことで爪がダメージを受け、割れる可能性がある,つめがわれる,爪が割れる（物理的な損傷）,爪が割れる（競争で劣勢になる）,市場競争で後れを取った企業,「痛いネイルチップ」とかけて、「市場競争で後れを取った企業」と解く。その心は「どちらも『爪が割れる』でしょう。」,
,完全な同音異義語型,痛いネイルチップ,身体に合わず、または見た目が場違いで違和感がある,いかん,違和感（フィットしない、場違いな感じ）,遺憾（残念に思うこと、不満）,期待を裏切った政治家,「痛いネイルチップ」とかけて、「期待を裏切った政治家」と解く。その心は「どちらも『いかん（違和感／遺憾）』でしょう。」,
,多義語型,痛いネイルチップ,着用に際して不具合や不快感という問題がある,もんだい,問題（不具合や不快感）,問題（解決すべき課題や質問）,難しい算数のテスト,「痛いネイルチップ」とかけて、「難しい算数のテスト」と解く。その心は「どちらも『問題』があるでしょう。」,
,フレーズ・慣用句型,痛いネイルチップ,痛くて身体的に我慢ができない,がまんができない,我慢ができない（痛みや不快さに耐えられない）,我慢ができない（欲求を抑えられない）,好きな食べ物を目の前にしたダイエット中の人,「痛いネイルチップ」とかけて、「好きな食べ物を目の前にしたダイエット中の人」と解く。その心は「どちらも『我慢ができない』でしょう。」,
,完全な同音異義語型,熱いヘアアイロン,熱源の危険性、扱いに注意が必要,あつかい,扱い（取り扱いに注意を要する物）,扱い（人への接し方や対応）,上司の機嫌,熱いヘアアイロンとかけて、上司の機嫌と解く。その心は「どちらも扱いが難しい」でしょう。,
,完全な同音異義語型,熱いヘアアイロン,髪に形を施す、クセを矯正する,かたをつける,形を付ける（髪型を整える）,片を付ける（問題を解決する、決着させる）,未解決のトラブル,熱いヘアアイロンとかけて、未解決のトラブルと解く。その心は「どちらも片を付ける必要がある」でしょう。,
,多義語型,熱いヘアアイロン,物理的に温度が高い状態,あつい,熱い（高温であること）,熱い（情熱的であること、夢中であること）,新人アイドルファン,熱いヘアアイロンとかけて、新人アイドルファンと解く。その心は「どちらも熱い」でしょう。,
,多義語型,熱いヘアアイロン,髪の癖やうねりをまっすぐにする動作,のばす,伸ばす（髪の毛の癖をまっすぐにする）,延ばす（期限や期間を長くする）,夏休みの宿題,熱いヘアアイロンとかけて、夏休みの宿題と解く。その心は「どちらものばすことがある」でしょう。,
,フレーズ・慣用句型,熱いヘアアイロン,高温部への接触による危険、慎重な使用が求められる,てをだすときにはちゅうい,手を出す時には注意（本体に触れると火傷する）,手を出す時には注意（安易に関わると危険な事柄）,危険な投資話,熱いヘアアイロンとかけて、危険な投資話と解く。その心は「どちらも手を出す時には注意が必要でしょう」でしょう。,
,フレーズ・慣用句型,熱いヘアアイロン,髪型をデザインし、形を整える機能,スタイルをつくる,スタイルを作る（髪型を整える）,スタイルを作る（独自の形式ややり方を確立する）,新進気鋭のファッションデザイナー,熱いヘアアイロンとかけて、新進気鋭のファッションデザイナーと解く。その心は「どちらもスタイルを作る」でしょう。,
,完全な同音異義語型,冷たいフラペチーノ,液体が固体になり、冷たい状態になる,こおる,凍る,凝る,肩こりに悩む人,「冷たいフラペチーノ」とかけて、「肩こりに悩む人」と解く。その心は「どちらも『こおる』でしょう。」,
,完全な同音異義語型,冷たいフラペチーノ,ストローを使って液体を摂取する,のむ,飲む,呑む,大事な秘密を抱える人,「冷たいフラペチーノ」とかけて、「大事な秘密を抱える人」と解く。その心は「どちらも『のむ』でしょう。」,
,多義語型,冷たいフラペチーノ,温度を下げる、ひんやりさせる,ひやす,冷やす,冷やす,興奮しやすい人,「冷たいフラペチーノ」とかけて、「興奮しやすい人」と解く。その心は「どちらも『冷やす』でしょう。」,
,多義語型,冷たいフラペチーノ,時間とともに氷が溶けて液体に戻る,とける,溶ける,解ける,複雑な事件の捜査官,「冷たいフラペチーノ」とかけて、「複雑な事件の捜査官」と解く。その心は「どちらも『解ける』でしょう。」,
,フレーズ・慣用句型,冷たいフラペチーノ,氷やクリームが混ざり合って塊状になっている,かたまり,塊,塊,強い信念を持つ人,「冷たいフラペチーノ」とかけて、「強い信念を持つ人」と解く。その心は「どちらも『塊（かたまり）』でしょう。」,
,フレーズ・慣用句型,冷たいフラペチーノ,ストローで液体を上へ引き上げる,すいあげる,吸い上げる,吸い上げる,顧客の意見を熱心に聞く営業マン,「冷たいフラペチーノ」とかけて、「顧客の意見を熱心に聞く営業マン」と解く。その心は「どちらも『吸い上げる』でしょう。」,
,完全な同音異義語型,臭いVAPE,蒸気を外に吐き出す,ふきだす,噴き出す（蒸気を）,吹き出す（笑いを）,面白い漫才師,臭いVAPEとかけて、面白い漫才師と解く。その心は「どちらも『ふきだす』でしょう。」,
,完全な同音異義語型,臭いVAPE,蒸気を肺に吸い込む,すう,吸う（煙を）,数（数をかぞえる）,幼稚園の先生,臭いVAPEとかけて、幼稚園の先生と解く。その心は「どちらも『すう（吸う・数）』でしょう。」,
,多義語型,臭いVAPE,不快な匂いがする,くさい,臭い（悪臭がする）,臭い（怪しい、いかがわしい）,詐欺師,臭いVAPEとかけて、詐欺師と解く。その心は「どちらも『臭い』でしょう。」,
,多義語型,臭いVAPE,周囲から不快に思われる,きらわれる,嫌われる（匂いが原因で）,嫌われる（言動や性格が原因で）,自己中心的な人,臭いVAPEとかけて、自己中心的な人と解く。その心は「どちらも『嫌われる』でしょう。」,
,フレーズ・慣用句型,臭いVAPE,悪臭をまき散らす,においをはなつ,匂いを放つ（悪臭を発する）,匂いを放つ（独特の存在感や魅力を示す）,カリスマ的なスター選手,臭いVAPEとかけて、カリスマ的なスター選手と解く。その心は「どちらも『匂いを放つ』でしょう。」,
,フレーズ・慣用句型,臭いVAPE,匂いのせいで人が近寄らない,ひとがはなれる,人が離れる（物理的に距離を取る）,人が離れる（支持や人気を失う）,スキャンダルを起こした政治家,臭いVAPEとかけて、スキャンダルを起こした政治家と解く。その心は「どちらも『人が離れる』でしょう。」,
,完全な同音異義語型,繋がる無料Wi-Fi,料金がかからない,むりょう,無料,無量（数えきれないほど多いこと）,夜空の星,繋がる無料Wi-Fiとかけて、夜空の星と解く。その心は『どちらも「むりょう（無料/無量）」でしょう。』,
,完全な同音異義語型,繋がる無料Wi-Fi,データ転送が高速である,はやい,速い,早い（時間が早い、起床が早い）,早起きな人,繋がる無料Wi-Fiとかけて、早起きな人と解く。その心は『どちらも「はやい（速い/早い）」でしょう。』,
,多義語型,繋がる無料Wi-Fi,接続が途切れることなく安定している,あんてい,安定（通信状態が安定していること）,安定（生活や情勢が落ち着いて揺るぎないこと）,平和な家庭,繋がる無料Wi-Fiとかけて、平和な家庭と解く。その心は『どちらも「安定」が大切でしょう。』,
,多義語型,繋がる無料Wi-Fi,複数の端末やシステムが接続された通信網,ネットワーク,ネットワーク（情報通信網）,ネットワーク（人脈や組織間の連携）,人脈の広いビジネスマン,繋がる無料Wi-Fiとかけて、人脈の広いビジネスマンと解く。その心は『どちらも「ネットワーク」でしょう。』,
,フレーズ・慣用句型,繋がる無料Wi-Fi,電波を捉えて通信が可能になる,でんぱをつかむ,電波を掴む（無線電波を捉える）,電波を掴む（流行や世間の動向を察知する）,流行に敏感な若者,繋がる無料Wi-Fiとかけて、流行に敏感な若者と解く。その心は『どちらも「電波を掴む」でしょう。』,
,フレーズ・慣用句型,繋がる無料Wi-Fi,通信状態が良好である,でんぱがよい,電波が良い（通信の受信感度が良い）,電波が良い（世間の動向を察知する感覚が優れている）,時代の流れを読み解く評論家,繋がる無料Wi-Fiとかけて、時代の流れを読み解く評論家と解く。その心は『どちらも「電波が良い」でしょう。』,
,完全な同音異義語型,充電するモバイルバッテリー,電気を蓄える、容量が増える,ためる,電気を貯める,不満を溜める,ストレスを抱えるサラリーマン,「充電するモバイルバッテリー」とかけて、「ストレスを抱えるサラリーマン」と解く。その心は「どちらも『不満を溜める』でしょう。」,
,完全な同音異義語型,充電するモバイルバッテリー,電源に繋がっている、コードを差し込む,つなぐ,電源コードを繋ぐ,家業を継ぐ,伝統芸能の師匠,「充電するモバイルバッテリー」とかけて、「伝統芸能の師匠」と解く。その心は「どちらも『次世代へ継ぐ』でしょう。」,
,多義語型,充電するモバイルバッテリー,使う前に準備する、いざという時に備える,じゅうぶん,十分に充電する,十分に勉強する,試験前の受験生,「充電するモバイルバッテリー」とかけて、「試験前の受験生」と解く。その心は「どちらも『来るべき時に備え、十分に準備する』でしょう。」,
,多義語型,充電するモバイルバッテリー,外部からの電力供給を受け入れる,うけいれる,電気を受け入れる,新しい状況を受け入れる,変化の激しい時代を生きる人,「充電するモバイルバッテリー」とかけて、「変化の激しい時代を生きる人」と解く。その心は「どちらも『新しいものを柔軟に受け入れる』でしょう。」,
,フレーズ・慣用句型,充電するモバイルバッテリー,容量が回復する、元気になる、満タンになる,もとにもどる,元の充電量に戻る,元の元気な状態に戻る,風邪で寝込んでいた人,「充電するモバイルバッテリー」とかけて、「風邪で寝込んでいた人」と解く。その心は「どちらも『元の元気な状態に戻る』でしょう。」,
,フレーズ・慣用句型,充電するモバイルバッテリー,外部からの電気で力を蓄える、いざという時のために備える,ちからをたくわえる,電力を蓄える,実力を蓄える,虎視眈々とチャンスを伺う武将,「充電するモバイルバッテリー」とかけて、「虎視眈々とチャンスを伺う武将」と解く。その心は「どちらも『来るべき時に備えて力を蓄える』でしょう。」,
,完全な同音異義語型,被るバケットハット,頭を深く覆う形状、日差しを防ぐ,ふかい,深い,不快,満員電車での通勤,被るバケットハットとかけて、満員電車での通勤と解く。その心は『どちらも「不快」でしょう。』,
,完全な同音異義語型,被るバケットハット,帽子を頭にのせる動作,かぶる,被る（帽子を）,被る（被害を）,悪質な詐欺に引っかかった人,被るバケットハットとかけて、悪質な詐欺に引っかかった人と解く。その心は『どちらも「被る」でしょう。』,
,多義語型,被るバケットハット,日差しや視線を遮る、顔を覆う,ガード,ガード（遮る）,ガード（見張る、守る役目）,私設の警備員,被るバケットハットとかけて、私設の警備員と解く。その心は『どちらも「ガード」でしょう。』,
,多義語型,被るバケットハット,頭に乗せる、流行に乗る,のる,乗る（頭に）,乗る（流行に）,最新のトレンドを追う若者,被るバケットハットとかけて、最新のトレンドを追う若者と解く。その心は『どちらも「乗る」でしょう。』,
,フレーズ・慣用句型,被るバケットハット,深く被ると表情が見えにくくなる,かおがみえない,顔が見えない（物理的に）,顔が見えない（正体が不明、責任の所在が不明）,匿名の情報提供者,被るバケットハットとかけて、匿名の情報提供者と解く。その心は『どちらも「顔が見えない」でしょう。』,
,フレーズ・慣用句型,被るバケットハット,頭をすっぽりと覆う,すっぽり,すっぽり（覆う様子）,すっぽり（完全に忘れる）,試験前に勉強した内容を忘れてしまった学生,被るバケットハットとかけて、試験前に勉強した内容を忘れてしまった学生と解く。その心は『どちらも「すっぽり」でしょう。』,
,多義語型,着るオーバーサイズT,体への締め付けがなく、ゆったりしている状態,ゆるい,緩い (サイズが),緩い (規律や管理が),規律の緩い組織,着るオーバーサイズTとかけて、規律の緩い組織と解く。その心は「どちらも緩いでしょう。」,
,フレーズ・慣用句型,着るオーバーサイズT,肩のラインが服によって下に位置し、落ちているように見える,かたがおちる,肩が落ちる (デザインで),肩が落ちる (失望して),試合に負けて落ち込んでいる選手,着るオーバーサイズTとかけて、試合に負けて落ち込んでいる選手と解く。その心は「どちらも肩が落ちるでしょう。」,
,完全な同音異義語型,着るオーバーサイズT,体に締め付けがなく、布地に余裕がある状態,ゆとり,ゆとり (サイズに),ゆとり (時間的・経済的な),悠々自適な老後を送る人,着るオーバーサイズTとかけて、悠々自適な老後を送る人と解く。その心は「どちらもゆとりがあるでしょう。」,
,多義語型,着るオーバーサイズT,身体のラインや体型を隠す機能,たいけいかばー,体型カバー (服で),体裁を整えて欠点を隠すこと,失敗を巧妙に隠す政治家,着るオーバーサイズTとかけて、失敗を巧妙に隠す政治家と解く。その心は「どちらも体型カバーでしょう。」,
,完全な同音異義語型,着るオーバーサイズT,布地が大きく、体に余ってだぶだぶになる状態,だぶる,だぶる (サイズが),ダブる (予定が重なる),同じ日に予定が重なってしまった人,着るオーバーサイズTとかけて、同じ日に予定が重なってしまった人と解く。その心は「どちらもだぶるでしょう。」,
,フレーズ・慣用句型,着るオーバーサイズT,身体のラインが見えなくなり、シルエットが曖昧になる,すがたをかくす,姿を隠す (服が身体の),姿を隠す (行方をくらます),突然行方不明になった有名人,着るオーバーサイズTとかけて、突然行方不明になった有名人と解く。その心は「どちらも姿を隠すでしょう。」,
,完全な同音異義語型,履くダッドスニーカー,物理的にかかとの部分が高い状態,かかとがたかい,かかとが高い,かかとが高い（尊大である、偉ぶっている）,傲慢な人,履くダッドスニーカーとかけて、傲慢な人と解く。その心は「どちらも『かかとが高い』でしょう。」,
,完全な同音異義語型,履くダッドスニーカー,ファッショントレンドとして人気がある状態,はやり,流行り（ファッション）,流行り（病気の蔓延）,インフルエンザ,履くダッドスニーカーとかけて、インフルエンザと解く。その心は「どちらも『流行り』でしょう。」,
,多義語型,履くダッドスニーカー,厚底によって物理的に底を高くする効果,そこあげ,底上げ（物理的なかさ増し）,底上げ（全体の水準やレベルを向上させる）,企業の業績改善策,履くダッドスニーカーとかけて、企業の業績改善策と解く。その心は「どちらも『底上げ』でしょう。」,
,多義語型,履くダッドスニーカー,足元に物理的なボリュームを出す,ボリュームがある,ボリュームがある（物理的なかさ、量）,ボリュームがある（音声の大きさ）,テレビの音量,履くダッドスニーカーとかけて、テレビの音量と解く。その心は「どちらも『ボリュームがある』でしょう。」,
,フレーズ・慣用句型,履くダッドスニーカー,ごつい靴で物理的に足元をしっかりとさせる,あしもとをかためる,足元を固める（物理的に安定させる）,足元を固める（基盤や地位を安定させる、準備をしっかりする）,新規事業の立ち上げ,履くダッドスニーカーとかけて、新規事業の立ち上げと解く。その心は「どちらも『足元を固める』でしょう。」,
,フレーズ・慣用句型,履くダッドスニーカー,見た目と裏腹に軽くて歩きやすい履き心地,けいかい,軽快（履き心地や足取りが軽い）,軽快（音楽のリズムやテンポが良い）,楽しい音楽,履くダッドスニーカーとかけて、楽しい音楽と解く。その心は「どちらも『軽快』でしょう。」,
,完全な同音異義語型,乗る電動キックボード,走行中にバランスを崩して転倒する可能性がある,こける,転ける（人が倒れる）,焦げる（火で焼けて黒くなる）,調理中の焼き魚,「乗る電動キックボード」とかけて、「調理中の焼き魚」と解く。その心は「どちらも『焦げる（こける）』ことがあるでしょう。」,
,完全な同音異義語型,乗る電動キックボード,目的地に到達する,つく,着く（目的地に到達する）,付く（汚れなどが付着する）,白い服を着て食事をする人,「乗る電動キックボード」とかけて、「白い服を着て食事をする人」と解く。その心は「どちらも『着く／付く（つく）』ことがあるでしょう。」,
,多義語型,乗る電動キックボード,ブレーキをかけて停止する,とまる,止まる（車両が停止する）,止まる（出費などが継続しなくなる）,無駄遣いをやめたい経営者,「乗る電動キックボード」とかけて、「無駄遣いをやめたい経営者」と解く。その心は「どちらも『止まる』ことが重要でしょう。」,
,多義語型,乗る電動キックボード,道路をまっすぐ進む,まっすぐ,真っ直ぐ（方向が真っ直ぐであること）,真っ直ぐ（態度や性格が正直で誠実なこと）,正直で裏表のない人,「乗る電動キックボード」とかけて、「正直で裏表のない人」と解く。その心は「どちらも『真っ直ぐ』なのが良いでしょう。」,
,フレーズ・慣用句型,乗る電動キックボード,バッテリー切れで走行不能になり、その場に留まる,あしがとまる,足が止まる（物理的に動かなくなる）,足が止まる（興味を惹かれて立ち止まる）,ショーウィンドウに飾られた新作コレクション,「乗る電動キックボード」とかけて、「ショーウィンドウに飾られた新作コレクション」と解く。その心は「どちらも『足が止まる』ことがあるでしょう。」,
,フレーズ・慣用句型,乗る電動キックボード,交通ルールを無視すると危険な事故に繋がる可能性がある,あぶないはなし,危ない話（危険な事故や状況に関する情報）,危ない話（聞くに堪えないような、秘密の暴露話やスキャンダル）,スクープを狙う週刊誌の記者,「乗る電動キックボード」とかけて、「スクープを狙う週刊誌の記者」と解く。その心は「どちらも『危ない話』を耳にすることがあるでしょう。」,
,完全な同音異義語型,飛ばす小型ドローン,上空をぐるぐる回る動作,せんかい,旋回,専科医,特定の病気を専門に診る医者,飛ばす小型ドローンとかけて、特定の病気を専門に診る医者と解く。その心は『どちらも【せんかい】でしょう。』,
,完全な同音異義語型,飛ばす小型ドローン,映像や荷物などを指定の場所へ届ける,おくる,送る,贈る,心を込めてプレゼントを渡す人,飛ばす小型ドローンとかけて、心を込めてプレゼントを渡す人と解く。その心は『どちらも【おくる】でしょう。』,
,多義語型,飛ばす小型ドローン,上空から映像をカメラに収める,とる,撮る,捕る,川で魚を捕まえる漁師,飛ばす小型ドローンとかけて、川で魚を捕まえる漁師と解く。その心は『どちらも【とる】でしょう。』,
,多義語型,飛ばす小型ドローン,リモコンで意のままに動かす,そうさ,操作,捜査,事件の犯人を追い詰める刑事,飛ばす小型ドローンとかけて、事件の犯人を追い詰める刑事と解く。その心は『どちらも【そうさ】でしょう。』,
,フレーズ・慣用句型,飛ばす小型ドローン,空を移動する際、人々がそれを見上げる,みあげる,見上げる,見上げる,偉大な功績を挙げた先輩を尊敬する新人,飛ばす小型ドローンとかけて、偉大な功績を挙げた先輩を尊敬する新人、と解く。その心は『どちらも【見上げる】でしょう。』,
,フレーズ・慣用句型,飛ばす小型ドローン,上空から広い範囲を見渡すことが可能,めせんがたかい,目線が高い,目線が高い,プライドが高く、周囲を見下しがちな人,飛ばす小型ドローンとかけて、プライドが高く周囲を見下しがちな人と解く。その心は『どちらも【目線が高い】でしょう。』,
,完全な同音異義語型,撮るスマホカメラ,被写体を画像として記録する,うつす,写す,移す,引っ越し業者,撮るスマホカメラとかけて、引っ越し業者と解く。その心は「どちらも荷物をうつす（写す/移す）」でしょう。,
,多義語型,撮るスマホカメラ,撮影時にピントや画角の範囲を限定する,しぼる,絞る（ピントを絞る）,絞る（知恵を絞る）,企画会議の参加者,撮るスマホカメラとかけて、企画会議の参加者と解く。その心は「どちらも知恵を絞るでしょう。」,
,フレーズ・慣用句型,撮るスマホカメラ,被写体を明瞭にするために光を当てる,ひかりをあてる,光を当てる（物理的に）,光を当てる（注目を集める、問題を明らかにする）,社会問題を提起するジャーナリスト,撮るスマホカメラとかけて、社会問題を提起するジャーナリストと解く。その心は「どちらも真実に光を当てるでしょう。」,
,完全な同音異義語型,撮るスマホカメラ,瞬間や被写体を捉える,とらえる,捉える,捕らえる,警察官,撮るスマホカメラとかけて、警察官と解く。その心は「どちらも犯人を捕らえるでしょう。」,
,多義語型,撮るスマホカメラ,最適な構図のために撮影の向きや視点を変える,かくどをかえる,角度を変える（物理的なアングル）,角度を変える（見方・考え方）,行き詰まった企画者,撮るスマホカメラとかけて、行き詰まった企画者と解く。その心は「どちらも考えの角度を変えるでしょう。」,
,フレーズ・慣用句型,撮るスマホカメラ,撮りたい対象に集中してピントを合わせる,しょうてんをあわせる,焦点を合わせる（光学的に）,焦点を合わせる（議論や課題の核心に）,議論をまとめる議長,撮るスマホカメラとかけて、議論をまとめる議長と解く。その心は「どちらも論点に焦点を合わせるでしょう。」,
,多義語型,聴くノイキャンイヤホン,ノイズキャンセリング機能が周囲の騒音を効果的に遮断する,きく,効く（ノイズキャンセリングが「効く」）,効く（薬が病状に「効く」）,風邪薬,「聴くノイキャンイヤホン」とかけて、「風邪薬」と解く。その心は『どちらも「効く」でしょう。』,
,フレーズ・慣用句型,聴くノイキャンイヤホン,外部の音を物理的に遮断し、集中できる環境を作る,そとのおとをシャットアウト,外の音をシャットアウト（ノイズキャンセリングで「外の音をシャットアウト」する）,外の音をシャットアウト（他人の意見や批判を意図的に聞かない）,人の意見を聞き入れない頑固な人,「聴くノイキャンイヤホン」とかけて、「人の意見を聞き入れない頑固な人」と解く。その心は『どちらも「外の音をシャットアウト」するでしょう。』,
,完全な同音異義語型,聴くノイキャンイヤホン,耳障りな騒音を消し去る,けす,消す（雑音を「消す」）,消す（電気を「消す」）,部屋の電気のスイッチ,「聴くノイキャンイヤホン」とかけて、「部屋の電気のスイッチ」と解く。その心は『どちらも「消す」でしょう。』,
,多義語型,聴くノイキャンイヤホン,耳に装着する行為,つける,着ける（耳に「着ける」）,付ける（日記を「付ける」、印を「付ける」）,毎日欠かさず日記を書く人,「聴くノイキャンイヤホン」とかけて、「毎日欠かさず日記を書く人」と解く。その心は『どちらも「つける」でしょう。』,
,フレーズ・慣用句型,聴くノイキャンイヤホン,邪魔な音が入らず、自分の聞きたい音だけに集中できる,よけいなものが入ってこない,余計なものが入ってこない（雑音が「余計なものが入ってこない」）,余計なものが入ってこない（不要な介入や干渉がない）,厳重に警備されたプライベート空間,「聴くノイキャンイヤホン」とかけて、「厳重に警備されたプライベート空間」と解く。その心は『どちらも「余計なものが入ってこない」でしょう。』,
,完全な同音異義語型,聴くノイキャンイヤホン,騒音が無くなることで静寂が訪れる,なくなる,無くなる（騒音が「無くなる」）,亡くなる（人が「亡くなる」）,お葬式,「聴くノイキャンイヤホン」とかけて、「お葬式」と解く。その心は『どちらも「なくなる」でしょう。』,
,完全な同音異義語型,使うタブレット端末,バッテリーを消耗し、エネルギーを補給する,じゅうでん,充電 (バッテリーを充填する),銃弾 (弾丸),兵士,使うタブレット端末とかけて、兵士と解く。その心は『どちらもじゅうでんが必要でしょう。』,
,完全な同音異義語型,使うタブレット端末,情報を表示するための表示領域がある,がめん,画面 (表示ディスプレイ),仮面 (顔を覆うもの),ヒーロー,使うタブレット端末とかけて、ヒーローと解く。その心は『どちらもがめんがあるでしょう。』,
,多義語型,使うタブレット端末,指やペンで文字や絵を記録する,かく,書く (文字や情報を記録する),掻く (汗を掻く、頭を掻く),スポーツ選手,使うタブレット端末とかけて、スポーツ選手と解く。その心は『どちらもかくでしょう。』,
,多義語型,使うタブレット端末,アプリやファイルを選んで起動させる,ひらく,開く (アプリやファイルを起動する),開く (店や事業を始める),店主,使うタブレット端末とかけて、店主と解く。その心は『どちらもひらくでしょう。』,
,フレーズ・慣用句型,使うタブレット端末,多くの情報や機能が凝縮されている,つまる,詰まる (情報や機能が凝縮されている),詰まる (緊張などで息が苦しくなる),試験中の受験生,使うタブレット端末とかけて、試験中の受験生と解く。その心は『どちらも詰まっているでしょう。』,
,フレーズ・慣用句型,使うタブレット端末,便利さから常に持ち歩き、手元から離せない,てばなせない,手放せない (便利さから常に携帯している),手放せない (愛着や責任から大切にしている),子供を可愛がる親,使うタブレット端末とかけて、子供を可愛がる親と解く。その心は『どちらも手放せないでしょう。』,
,多義語型,持ち歩くアクスタ,どこへでも一緒に連れて行く、付き添う,おとも,お供,お供,ご飯のおかず,持ち歩くアクスタとかけて、ご飯のおかずと解く。その心は「どちらも『お供』でしょう。」,
,フレーズ・慣用句型,持ち歩くアクスタ,どこでも物理的に直立する、自立する,たつ,立つ,立つ,新規事業を計画する経営者,持ち歩くアクスタとかけて、新規事業を計画する経営者と解く。その心は「どちらも『立つ』でしょう。」,
,完全な同音異義語型,持ち歩くアクスタ,外出先で置かれる、持ち出される,おきにでる,置きに出る,沖に出る,海へ出発する船乗り,持ち歩くアクスタとかけて、海へ出発する船乗りと解く。その心は「どちらも『おき(沖/置き)に出る』でしょう。」,
,多義語型,持ち歩くアクスタ,人々の目に触れる、鑑賞される,みられる,見られる,見られる,新人として厳しく評価される社員,持ち歩くアクスタとかけて、新人として厳しく評価される社員と解く。その心は「どちらも『見られる』でしょう。」,
,フレーズ・慣用句型,持ち歩くアクスタ,傷つかないように容器に入れる,ケースにいれる,ケースに入れる,ケースに入れる,犯罪捜査の対象となった容疑者,持ち歩くアクスタとかけて、犯罪捜査の対象となった容疑者と解く。その心は「どちらも『ケースに入れる』でしょう。」,
,完全な同音異義語型,持ち歩くアクスタ,厚みがなく、かさばらない,うすい,薄い,薄い,友情が冷めてしまった二人,持ち歩くアクスタとかけて、友情が冷めてしまった二人と解く。その心は「どちらも『薄い』でしょう。」,
,多義語型,開けるガチャガチャ,中から何が出てくるか予期できない,なにがでるかわからない,何が出るか分からない,何が出るか分からない,来年の運勢を占うおみくじ,開けるガチャガチャとかけて、来年の運勢を占うおみくじと解く。その心は「どちらも『何が出るか分からない』でしょう。」,
,フレーズ・慣用句型,開けるガチャガチャ,お金を使って結果を待つ、運を試す,うんだめし,運試し,運試し,人生をかけた大勝負に挑むギャンブラー,開けるガチャガチャとかけて、人生をかけた大勝負に挑むギャンブラーと解く。その心は「どちらも『運試し』でしょう。」,
,完全な同音異義語型,開けるガチャガチャ,中身がなくなると入れ物が空になる,から,空,殻,割れた卵の外側,開けるガチャガチャとかけて、割れた卵の外側と解く。その心は「どちらも『から』でしょう。」,
,多義語型,開けるガチャガチャ,カプセルを物理的に開ける,あける,開ける,開ける,未来の可能性を広げる研究者,開けるガチャガチャとかけて、未来の可能性を広げる研究者と解く。その心は「どちらも『開ける』でしょう。」,
,フレーズ・慣用句型,開けるガチャガチャ,中身が出てくるまで期待で胸が高まる,むねがたかなる,胸が高鳴る,胸が高鳴る,初めてのデートを控えた若者,開けるガチャガチャとかけて、初めてのデートを控えた若者と解く。その心は「どちらも『胸が高鳴る』でしょう。」,
,完全な同音異義語型,開けるガチャガチャ,カプセルがコロコロと出てくる様子,ころ,転,頃,旬の野菜が出回る季節,開けるガチャガチャとかけて、旬の野菜が出回る季節と解く。その心は「どちらも『ころ』でしょう。」,
,完全な同音異義語型,遊ぶSwitch,ゲームデータを読み込む,ろーど,ゲームを「ロード」する,道路（Road）,長距離トラックの運転手,「遊ぶSwitch」とかけて、「長距離トラックの運転手」と解く。その心は「どちらも『ロード』が重要でしょう。」,
,完全な同音異義語型,遊ぶSwitch,ゲームプレイ中に戦略を考える,ねる,戦略を「練る」,パン生地を「練る」,パン職人,「遊ぶSwitch」とかけて、「パン職人」と解く。その心は「どちらも「練る」でしょう。」,
,多義語型,遊ぶSwitch,画面を注視する,みる,画面を「見る」,面倒を「見る」,小さな子供の親,「遊ぶSwitch」とかけて、「小さな子供の親」と解く。その心は「どちらも子供を『見る』でしょう。」,
,多義語型,遊ぶSwitch,ゲームの目標を達成する,くりあ,ゲームを「クリア」する,障害や問題を「クリア」する,難題に立ち向かうビジネスパーソン,「遊ぶSwitch」とかけて、「難題に立ち向かうビジネスパーソン」と解く。その心は「どちらも課題を『クリア』するでしょう。」,
,フレーズ・慣用句型,遊ぶSwitch,プレイしている時間が経過する,たつ,時間が「経つ」,計画が「立つ」,新規プロジェクトの企画者,「遊ぶSwitch」とかけて、「新規プロジェクトの企画者」と解く。その心は「どちらも企画が『立つ』でしょう。」,
,フレーズ・慣用句型,遊ぶSwitch,バッテリーの電力が尽きる,きれる,バッテリーが「切れる」,電話が「切れる」,長電話をしている人,「遊ぶSwitch」とかけて、「長電話をしている人」と解く。その心は「どちらも途中で『切れる』でしょう。」,
,完全な同音異義語型,飾るトレカケース,カードを保護する、傷つけない,まもる,カードを「守る」,ルールや約束を「守る」,ルールを遵守するスポーツ選手,飾るトレカケースとかけて、ルールを遵守するスポーツ選手と解く。その心は『どちらも【守る】でしょう。』,
,完全な同音異義語型,飾るトレカケース,カードを収納し、中に収める,おさめる,カードを「収める」,国や世の中を「治める」,国を治める君主,飾るトレカケースとかけて、国を治める君主と解く。その心は『どちらも【おさめる】でしょう。』,
,多義語型,飾るトレカケース,中のカードが美しく輝く、目立つ,ひかる,中のカードが「光る」,才能やアイデアが「光る」,アイデアが光る企画担当者,飾るトレカケースとかけて、アイデアが光る企画担当者と解く。その心は『どちらも【光る】でしょう。』,
,多義語型,飾るトレカケース,カードをコレクションとして集める,あつめる,カードを「集める」,情報や人々を「集める」,情報を集める探偵,飾るトレカケースとかけて、情報を集める探偵と解く。その心は『どちらも【集める】でしょう。』,
,フレーズ・慣用句型,飾るトレカケース,中のカードの魅力を際立たせる,ひきたてる,カードを「引き立てる」,料理の味を「引き立てる」,料理の腕が良いシェフ,飾るトレカケースとかけて、料理の腕が良いシェフと解く。その心は『どちらも【引き立てる】でしょう。』,
,フレーズ・慣用句型,飾るトレカケース,大切なカードを丁寧に扱う、保管する,だいじにする,カードを「大事にする」,家族や健康を「大事にする」,家族を大事にする親,飾るトレカケースとかけて、家族を大事にする親と解く。その心は『どちらも【大事にする】でしょう。』,
,完全な同音異義語型,塗るティントリップ,唇に色が定着する、彩られる,いろ,色,囲炉,古民家の暖房器具,「塗るティントリップ」とかけて、「古民家の暖房器具」と解く。その心は『どちらも「いろ」でしょう。』,
,多義語型,塗るティントリップ,唇にぴったりと付着する、落ちにくい,みっちゃく,密着,密着,スクープを狙う週刊誌の記者,「塗るティントリップ」とかけて、「スクープを狙う週刊誌の記者」と解く。その心は『どちらも「密着」するでしょう。』,
,フレーズ・慣用句型,塗るティントリップ,唇に色を付けて印象を良くする,いろをつける,色を付ける（着色する）,色を付ける（異論を述べる）,会議で企画に反対意見を述べる重役,「塗るティントリップ」とかけて、「会議で企画に反対意見を述べる重役」と解く。その心は『どちらも「色を付ける」でしょう。』,
,完全な同音異義語型,塗るティントリップ,発色した色が持続する,ながもち,長持ち,長餅,青森県八戸市に伝わる郷土菓子,「塗るティントリップ」とかけて、「青森県八戸市に伝わる郷土菓子」と解く。その心は『どちらも「長持ち」でしょう。』,
,多義語型,塗るティントリップ,唇そのものが染まったように色が定着する,そまる,染まる（色が定着する）,染まる（悪習に影響される）,悪い仲間に感化されて非行に走った若者,「塗るティントリップ」とかけて、「悪い仲間に感化されて非行に走った若者」と解く。その心は『どちらも「染まる」でしょう。』,
,フレーズ・慣用句型,塗るティントリップ,唇に色を加え、魅力的な印象を付与する,いろがつく,色が付く（唇に色がつく）,色が付く（男女関係が生まれる）,スキャンダルを報じられた人気アイドル,「塗るティントリップ」とかけて、「スキャンダルを報じられた人気アイドル」と解く。その心は『どちらも「色が付く」でしょう。』,
,完全な同音異義語型,引くアイライナー,線を引く、目元を強調する,ひく,引く（線を）,弾く（鍵盤を）,ピアノ奏者,引くアイライナーとかけて、ピアノ奏者と解く。その心は「どちらも『ひく』でしょう。」,
,完全な同音異義語型,引くアイライナー,目元に自信が生まれる、印象を強める,じしん,自信（目元に）,地震（地面が揺れる）,耐震構造の建物,引くアイライナーとかけて、耐震構造の建物と解く。その心は「どちらも『自信（じしん）』が大切でしょう。」,
,多義語型,引くアイライナー,目を引きつける、魅力を高める,ひく,引く（線を）,引く（気を）,聴衆の注目を浴びる演説家,引くアイライナーとかけて、聴衆の注目を浴びる演説家と解く。その心は「どちらも『気を引く』でしょう。」,
,多義語型,引くアイライナー,メイクの印象を決める、仕上げる,きめる,決める（メイクを）,決める（勝負を）,試合中のスポーツ選手,引くアイライナーとかけて、試合中のスポーツ選手と解く。その心は「どちらも『決める』が肝心でしょう。」,
,フレーズ・慣用句型,引くアイライナー,視線を惹きつける、印象を強くする,めをひく,目を引く（魅力で）,目を引く（注目を）,魅力的なプレゼンテーション,引くアイライナーとかけて、魅力的なプレゼンテーションと解く。その心は「どちらも『目を引く』でしょう。」,
,フレーズ・慣用句型,引くアイライナー,細い筆を動かす、丁寧に作業する,ふでをはしらせる,筆を走らせる（細い線を）,筆を走らせる（文章を急いで書く）,締め切りに追われる小説家,引くアイライナーとかけて、締め切りに追われる小説家と解く。その心は「どちらも『筆を走らせる』でしょう。」,
,多義語型,貼るニキビパッチ,ニキビを覆い隠す、目立たなくする,かくす,隠す（ニキビを覆い隠す）,隠す（秘密や物を隠す）,秘密を抱える人,貼るニキビパッチとかけて、秘密を抱える人と解く。その心は『どちらも【隠す】でしょう。』,
,フレーズ・慣用句型,貼るニキビパッチ,肌の表面に薄く密着する膜状のもの,うすいまく,薄い膜（皮膚を覆う薄い膜）,薄い膜（危うい関係性や表面的なつながり）,表面的な付き合いしかない友人,貼るニキビパッチとかけて、表面的な付き合いしかない友人と解く。その心は『どちらも【薄い膜】でしょう。』,
,完全な同音異義語型,貼るニキビパッチ,肌に貼り付くこと,ふちゃく,付着（肌に付着する）,不着（郵便物が届かないこと）,届かなかった郵便物,貼るニキビパッチとかけて、届かなかった郵便物と解く。その心は『どちらも【不着】でしょう。』,
,多義語型,貼るニキビパッチ,肌にしっかりと固定される、とどまる,ていちゃく,定着（肌に定着させる）,定着（習慣や文化が根付くこと）,新しい習慣を身につける人,貼るニキビパッチとかけて、新しい習慣を身につける人と解く。その心は『どちらも【定着】でしょう。』,
,フレーズ・慣用句型,貼るニキビパッチ,外部からの刺激や菌から肌を防御する,はだをまもる,肌を守る（物理的に保護する）,肌を守る（羞恥心から裸を隠す）,人前で裸になることを恥ずかしがる人,貼るニキビパッチとかけて、人前で裸になることを恥ずかしがる人と解く。その心は『どちらも【肌を守る】でしょう。』,
,完全な同音異義語型,貼るニキビパッチ,ニキビに効果を発揮する,きく,効く（薬効が効く）,聞く（耳で音や話を聞く）,先生の話を聞く生徒,貼るニキビパッチとかけて、先生の話を聞く生徒と解く。その心は『どちらも【効く】でしょう。』,
,完全な同音異義語型,飲むプロテイン,体が大きくなる、筋肉が育つ,せいちょう,成長,生長,庭の観葉植物,飲むプロテインとかけて、庭の観葉植物と解く。その心は「どちらも『生長』するでしょう。」,
,完全な同音異義語型,飲むプロテイン,体に必要な栄養素,ようぶん,養分,要文,会社の機密文書,飲むプロテインとかけて、会社の機密文書と解く。その心は「どちらも『要文』でしょう。」,
,多義語型,飲むプロテイン,体内に栄養を摂取する,とりこむ,取り込む,取り込む,月末の締め切りの仕事,飲むプロテインとかけて、月末の締め切りの仕事と解く。その心は「どちらも『取り込む』でしょう。」,
,多義語型,飲むプロテイン,粉末が液体に混ざり合う,とける,溶ける,解ける,難事件の謎,飲むプロテインとかけて、難事件の謎と解く。その心は「どちらも『溶ける（解ける）』でしょう。」,
,フレーズ・慣用句型,飲むプロテイン,筋肉や栄養が身体に定着する,みにつく,身につく,身につく,難しい専門知識,飲むプロテインとかけて、難しい専門知識と解く。その心は「どちらも『身につく』でしょう。」,
,フレーズ・慣用句型,飲むプロテイン,理想の体型になる、筋肉がつく,かたちになる,形になる,形になる,長年の開発プロジェクト,飲むプロテインとかけて、長年の開発プロジェクトと解く。その心は「どちらも『形になる』でしょう。」,
,フレーズ・慣用句型,食べる地球グミ,球体の形をしている、一口で食べられる、珍しい見た目,せかいがかわる,世界が変わる,世界が変わる,革命が起きた国,食べる地球グミとかけて、革命が起きた国と解く。その心は『どちらも「世界が変わる」でしょう。』,
,フレーズ・慣用句型,食べる地球グミ,球体を丸ごと口に入れる、中身がある,まるのみ,丸呑み,丸呑み,意見を聞き入れるばかりで反論しない人,食べる地球グミとかけて、意見を聞き入れるばかりで反論しない人と解く。その心は『どちらも「丸呑み」するでしょう。』,
,多義語型,食べる地球グミ,形が球体である,まる,丸,丸,採点された答案用紙,食べる地球グミとかけて、採点された答案用紙と解く。その心は『どちらも「丸」があるでしょう。』,
,多義語型,食べる地球グミ,球体の中に液体（シロップ）がある,かく,核,核,原子力発電所,食べる地球グミとかけて、原子力発電所と解く。その心は『どちらも「核」を持つでしょう。』,
,完全な同音異義語型,食べる地球グミ,食べ物として口に入れ、体に吸収される,しょうか,消化,消化,山積みの仕事を片付けるビジネスマン,食べる地球グミとかけて、山積みの仕事を片付けるビジネスマンと解く。その心は『どちらも「消化」するでしょう。』,
,完全な同音異義語型,食べる地球グミ,球体の中に液体の部分がある,しん,芯,芯,鉛筆,食べる地球グミとかけて、鉛筆と解く。その心は『どちらも「芯」があるでしょう。』,
,完全な同音異義語型,買うブラインドボックス,中身が見えず、開けるまで分からない状態,かいふう,開封（箱を開ける行為）,快風（心地よい風）,夏の海辺,買うブラインドボックスとかけて、夏の海辺と解く。その心は「どちらも『かいふう』でしょう。」,
,完全な同音異義語型,買うブラインドボックス,何が出るか分からず、結果が運次第であること,けっか,結果（中身がどうなるか）,結跏（座禅の組み方）,瞑想する修行僧,買うブラインドボックスとかけて、瞑想する修行僧と解く。その心は「どちらも『けっか』でしょう。」,
,多義語型,買うブラインドボックス,何が入っているか、その内容,なかみ,中身（箱に入っているもの）,中身（人の内面、本質）,人の性格や考え方,買うブラインドボックスとかけて、人の性格や考え方と解く。その心は「どちらも『中身』でしょう。」,
,多義語型,買うブラインドボックス,狙ったものが出るか、成功するかどうか,あたり,当たり（良いものが出ること、狙ったものが出ること）,当たり（予測が的中すること、見当がつくこと）,占い師の予言,買うブラインドボックスとかけて、占い師の予言と解く。その心は「どちらも『当たり』でしょう。」,
,フレーズ・慣用句型,買うブラインドボックス,開けるまで何が入っているか不明であること,ふたをあけてみないとわからない,蓋を開けてみないと分からない（物理的に箱を開けるまで不明）,蓋を開けてみないと分からない（事態の行く末が不明）,選挙の投票結果,買うブラインドボックスとかけて、選挙の投票結果と解く。その心は「どちらも『蓋を開けてみないと分からない』でしょう。」,
,フレーズ・慣用句型,買うブラインドボックス,良いものが出ることを期待して買う、運任せであること,うんをためす,運を試す（良いものを引き当てることを期待する行為）,運を試す（自分の力量や運命に挑戦する行為）,新しい事業への挑戦者,買うブラインドボックスとかけて、新しい事業への挑戦者と解く。その心は「どちらも『運を試す』でしょう。」,
,完全な同音異義語型,使うクッションファンデ,容器から適量をパフで取って肌に塗る。,とる,取る（パフでファンデーションを取る）,捕る（魚や獲物を捕獲する）,網で魚を捕る漁師,使うクッションファンデとかけて、網で魚を捕る漁師と解く。その心は『どちらも【取る】でしょう。』,
,完全な同音異義語型,使うクッションファンデ,肌の欠点を覆い隠し、保護する。,かばー,カバー（肌をカバーする）,カバ（動物のカバ）,動物園の人気者、カバ,使うクッションファンデとかけて、動物園の人気者、カバと解く。その心は『どちらも【カバー】でしょう。』,
,多義語型,使うクッションファンデ,肌の凹凸や色ムラを隠し、表面を均一にする。,ととのえる,整える（肌の表面を整える）,整える（身なりや準備を整える）,結婚式の準備をする花嫁,使うクッションファンデとかけて、結婚式の準備をする花嫁と解く。その心は『どちらも【整える】でしょう。』,
,多義語型,使うクッションファンデ,肌に隙間なくフィットし、ファンデが剥がれにくい状態。,みっちゃく,密着（肌に密着する）,密着（対象に密着して取材する）,スクープを狙う週刊誌記者,使うクッションファンデとかけて、スクープを狙う週刊誌記者と解く。その心は『どちらも【密着】でしょう。』,
,フレーズ・慣用句型,使うクッションファンデ,肌の水分を保ち、乾燥から守る。,うるおいをあたえる,潤いを与える（肌に潤いを与える）,潤いを与える（生活や心に潤いを与える）,単調な日々に刺激を求める人,使うクッションファンデとかけて、単調な日々に刺激を求める人と解く。その心は『どちらも【潤いを与える】でしょう。』,
,フレーズ・慣用句型,使うクッションファンデ,肌の色ムラや凹凸を均一にし、美しい状態にする。,いろをそろえる,色を揃える（肌の色を均一にする）,色を揃える（トランプやカードで同じ色の札を揃える）,トランプゲームをする人,使うクッションファンデとかけて、トランプゲームをする人と解く。その心は『どちらも【色を揃える】でしょう。』,
,多義語型,回すカプセルトイ,中に入っているものが何であるか、外からでは分からない状態。,なかみ,中身（カプセルに入っている景品）,中身（話の内容や人の本質）,見た目だけ良い人,「回すカプセルトイ」とかけて、「見た目だけ良い人」と解く。その心は「どちらも『『中身』が気になりますでしょう』」,
,多義語型,回すカプセルトイ,ハンドルを回すことで、中の部品や機構が動き出す動作。,まわす,回す（ハンドルを回転させる）,回す（物事を順調に進める、効率的に処理する）,多忙なプロジェクトリーダー,「回すカプセルトイ」とかけて、「多忙なプロジェクトリーダー」と解く。その心は「どちらも『うまく『回す』のが肝心でしょう』」,
,完全な同音異義語型,回すカプセルトイ,出てくるカプセルや景品が「玉」のような形状をしていること。,たま,玉（カプセルやビー玉）,卵（鶏などの卵）,養鶏場,「回すカプセルトイ」とかけて、「養鶏場」と解く。その心は「どちらも『たくさんの『玉（たま）』が生まれるでしょう』」,
,完全な同音異義語型,回すカプセルトイ,ハンドルを「ひねる」ように回す動作。,ひねり,捻り（ハンドルを捻る動作）,捻り（相撲の技や、会話における機知）,相撲取り,「回すカプセルトイ」とかけて、「相撲取り」と解く。その心は「どちらも『『捻り（ひねり）』が肝心でしょう』」,
,フレーズ・慣用句型,回すカプセルトイ,どんな景品が出てくるか予想できない、不確実性。,なにがでるかわからない,何が出るか分からない（中身のランダム性）,何が起こるか分からない（将来の予測不能な状況）,人生の旅,「回すカプセルトイ」とかけて、「人生の旅」と解く。その心は「どちらも『『何が起こるか分からない』のが醍醐味でしょう』」,
,フレーズ・慣用句型,回すカプセルトイ,欲しかった景品が出た時に感じる大きな喜び。,おおよろこび,大喜び（目当ての景品が出た時の感情）,大喜び（子供や孫の成長や成功に対する感情）,孫の成長を見守る祖父母,「回すカプセルトイ」とかけて、「孫の成長を見守る祖父母」と解く。その心は「どちらも『『大喜び』する瞬間があるでしょう』」,
,多義語型,拭く汗拭きシート,汗を拭いて体が清潔になり、気分が清々しくなる,きれいになる,綺麗になる（汗が取れて清潔になる）,綺麗になる（散らかった部屋が片付く）,散らかった部屋を片付けた後,「拭く汗拭きシート」とかけて、「散らかった部屋を片付けた後」と解く。その心は「どちらも『綺麗になる』でしょう。」,
,フレーズ・慣用句型,拭く汗拭きシート,汗を拭いてリフレッシュし、気分が切り替わる,きぶんてんかん,気分転換（汗を拭いてスッキリする）,気分転換（マンネリを解消する）,毎日同じ仕事でマンネリを感じている人,「拭く汗拭きシート」とかけて、「毎日同じ仕事でマンネリを感じている人」と解く。その心は「どちらも『気分転換』が必要でしょう。」,
,完全な同音異義語型,拭く汗拭きシート,汗を「拭く」という行為,ふく,拭く（汗を拭き取る）,福（幸運や幸福）,招き猫,「拭く汗拭きシート」とかけて、「招き猫」と解く。その心は「どちらも『福（拭く）』を呼ぶでしょう。」,
,多義語型,拭く汗拭きシート,肌のべたつきを抑え、状態を「整える」,ととのえる,整える（肌の状態を）,整える（準備や身支度を）,大事なプレゼンの準備をする人,「拭く汗拭きシート」とかけて、「大事なプレゼンの準備をする人」と解く。その心は「どちらも『整える』でしょう。」,
,フレーズ・慣用句型,拭く汗拭きシート,薄くて場所を取らず、携帯しやすい,かさばらない,嵩張らない（シートなので）,嵩張らない（データなので物理的な場所を取らない）,電子書籍,「拭く汗拭きシート」とかけて、「電子書籍」と解く。その心は「どちらも『嵩張らない』でしょう。」,
,完全な同音異義語型,拭く汗拭きシート,汗を「取る」機能,とる,取る（汗を取り除く）,捕る（昆虫を捕獲する）,昆虫採集をする子供,「拭く汗拭きシート」とかけて、「昆虫採集をする子供」と解く。その心は「どちらも『捕る（取る）』でしょう。」,
,多義語型,測るスマートウォッチ,健康状態を監視・確認する,みる,見る（健康データを確認する）,見る（目を向けて鑑賞する）,映画やドラマを視聴する人,測るスマートウォッチとかけて、映画やドラマを視聴する人と解く。その心は「どちらも『見る』でしょう。」,
,完全な同音異義語型,測るスマートウォッチ,様々なデータを計測する,はかる,測る（数値を計測する）,謀る（悪事を計画する）,密かに悪事を企てる悪党,測るスマートウォッチとかけて、密かに悪事を企てる悪党と解く。その心は「どちらも『はかる』でしょう。」,
,フレーズ・慣用句型,測るスマートウォッチ,腕に装着して使う,みにつける,身につける（腕に装着する）,身につける（技術や知識を習得する）,新しいスキルを習得中の学生,測るスマートウォッチとかけて、新しいスキルを習得中の学生と解く。その心は「どちらも『身につける』でしょう。」,
,多義語型,測るスマートウォッチ,体の動きや状態のデータを捉える,キャッチする,キャッチする（データを捉える）,キャッチする（飛んできたボールを捕球する）,野球の試合でボールを捕るキャッチャー,測るスマートウォッチとかけて、野球の試合でボールを捕るキャッチャーと解く。その心は「どちらも『キャッチする』でしょう。」,
,完全な同音異義語型,測るスマートウォッチ,ユーザーの運動履歴をデータとして保存する,きろく,記録（データを残すこと）,帰路（帰り道のこと）,長旅を終えて家路を急ぐ旅人,測るスマートウォッチとかけて、長旅を終えて家路を急ぐ旅人と解く。その心は「どちらも『きろく』でしょう。」,
,フレーズ・慣用句型,測るスマートウォッチ,腕に布やバンドなどを巻くように取り付ける,まきつける,巻きつける（腕に装着する）,巻きつける（巧みに話して相手を引き込む）,プレゼンテーションで聴衆を惹きつける講師,測るスマートウォッチとかけて、プレゼンテーションで聴衆を惹きつける講師と解く。その心は「どちらも『巻きつける』でしょう。」,
,完全な同音異義語型,振るペンライト,応援のために手で動かす行為,ふる,振る（手でペンライトを振る）,降る（雨や雪が降る）,梅雨時,「振るペンライト」とかけて、「梅雨時」と解く。その心は「どちらも『降る』でしょう。」,
,完全な同音異義語型,振るペンライト,ペンライトを振ることで生じる物理的な動き,しんどう,振動（ペンライトを振ると振動する）,震度（地震の揺れの度合い）,地震速報,「振るペンライト」とかけて、「地震速報」と解く。その心は「どちらも『震度』でしょう。」,
,多義語型,振るペンライト,光を放ち、周囲を明るくする機能,てらす,照らす（光で会場を照らす）,照らす（恥ずかしさで顔が赤くなる）,恋に落ちた少女,「振るペンライト」とかけて、「恋に落ちた少女」と解く。その心は「どちらも『照らす』でしょう。」,
,多義語型,振るペンライト,表示される色を切り替える操作,かえる,変える（ペンライトの色を変える）,変える（考えや意見を変える）,意見の対立が激しい会議,「振るペンライト」とかけて、「意見の対立が激しい会議」と解く。その心は「どちらも『変える』でしょう。」,
,フレーズ・慣用句型,振るペンライト,ライブなどの熱狂的な応援で感じる感情,むねがあつくなる,胸が熱くなる（感動や興奮で胸が熱くなる）,胸が熱くなる（高熱で体温が上がる）,高熱で寝込んでいる人,「振るペンライト」とかけて、「高熱で寝込んでいる人」と解く。その心は「どちらも『胸が熱くなる』でしょう。」,
,フレーズ・慣用句型,振るペンライト,ペンライトを伴う手の動作,てをふる,手を振る（ペンライトを持って手を振る）,手を振る（別れ際に挨拶する）,久しぶりに再会した友人との別れ際,「振るペンライト」とかけて、「久しぶりに再会した友人との別れ際」と解く。その心は「どちらも『手を振る』でしょう。」,
,多義語型,エモい夕焼け,鮮やかな色に変わり、空に広がる,そまる,空が赤く「染まる」,悪に「染まる」,悪い影響を受けて道を踏み外した人,エモい夕焼けとかけて、悪い影響を受けて道を踏み外した人と解く。その心は「どちらも『染まる』でしょう。」,
,多義語型,エモい夕焼け,感動して心が熱くなる、胸がいっぱいになる,むねがあつい,感動で「胸が熱い」,体温が高くて「胸が熱い」,高熱を出して苦しむ病人,エモい夕焼けとかけて、高熱を出して苦しむ病人と解く。その心は「どちらも『胸が熱い』でしょう。」,
,フレーズ・慣用句型,エモい夕焼け,その美しさに感動し、言葉が出ない,いきをのむ,その美しさに「息をのむ」,苦痛で思わず「息をのむ」,激しい運動で疲労困憊したランナー,エモい夕焼けとかけて、激しい運動で疲労困憊したランナーと解く。その心は「どちらも『息をのむ』でしょう。」,
,フレーズ・慣用句型,エモい夕焼け,強く印象に残り、忘れがたい感動を与える,こころにのこる,記憶に深く「心に残る」,精神的な傷が「心に残る」,過去のトラウマを抱える人,エモい夕焼けとかけて、過去のトラウマを抱える人と解く。その心は「どちらも『心に残る』でしょう。」,
,完全な同音異義語型,エモい夕焼け,特有の赤みがかった美しい色合い,あかね,夕焼けの「茜色」,植物の「茜」,染物の材料を採取する人,エモい夕焼けとかけて、染物の材料を採取する人と解く。その心は「どちらも『茜』でしょう。」,
,完全な同音異義語型,エモい夕焼け,一日の終わりを告げる時間、日が沈む,くれる,日が「暮れる」,物を「呉れる」,慈善事業で物資を「呉れる」ボランティア,エモい夕焼けとかけて、慈善事業で物資を「呉れる」ボランティアと解く。その心は「どちらも『くれる』でしょう。」,
,完全な同音異義語型,痛いゲリラ豪雨,短時間に大量の雨が降り、場所が水に浸かること,しんすい,浸水,進水,新造船の初めての出航,痛いゲリラ豪雨とかけて、新造船の初めての出航と解く。その心は「どちらも浸水（進水）でしょう。」,
,完全な同音異義語型,痛いゲリラ豪雨,急な天候悪化で、視界が遮られること,ふうさ,封鎖,風刺,社会や政治を批判するユーモアのある表現,痛いゲリラ豪雨とかけて、社会や政治を批判するユーモアのある表現と解く。その心は「どちらも封鎖（風刺）でしょう。」,
,多義語型,痛いゲリラ豪雨,突然降り出すため、事前に準備ができないこと,そなえがない,備えがない,備えがない,緊急事態に直面した時の準備不足,痛いゲリラ豪雨とかけて、緊急事態に直面した時の準備不足と解く。その心は「どちらも『備えがない』でしょう。」,
,多義語型,痛いゲリラ豪雨,雨によって交通が混乱し、身動きが取りにくくなること,うんどうふそく,運動不足,運動不足,健康管理がおろそかになっている人,痛いゲリラ豪雨とかけて、健康管理がおろそかになっている人と解く。その心は「どちらも『運動不足』でしょう。」,
,フレーズ・慣用句型,痛いゲリラ豪雨,突発的な事態に見舞われ、身動きが取れなくなる状態,てがあしがでる,手足が出る,手が出る（足が出る）,予算オーバーで出費がかさむ状況,痛いゲリラ豪雨とかけて、予算オーバーで出費がかさむ状況と解く。その心は「どちらも『手足が出る』でしょう。」,
,フレーズ・慣用句型,痛いゲリラ豪雨,予想外の場所で、水に阻まれ、進路を遮られること,みずをさされる,水を差される,水を差される,盛り上がっている会話に横から邪魔が入る状況,痛いゲリラ豪雨とかけて、盛り上がっている会話に横から邪魔が入る状況と解く。その心は「どちらも『水を差される』でしょう。」,
,多義語型,しんどい猛暑日,物理的に非常に暑く、体温が上昇する状態,あつい,暑い,熱い,ライブ会場,しんどい猛暑日とかけて、ライブ会場と解く。その心は「どちらも熱い」でしょう。,
,完全な同音異義語型,しんどい猛暑日,空気が重く、不快指数が高い状態,しつど,湿度,指導,若手社員を育てる上司,しんどい猛暑日とかけて、若手社員を育てる上司と解く。その心は「どちらも湿度（指導）が高い」でしょう。,
,フレーズ・慣用句型,しんどい猛暑日,体から多量の水分が出て、不快な感覚がある状態,あせをかく,汗をかく,恥をかく,人前で大失敗した人,しんどい猛暑日とかけて、人前で大失敗した人と解く。その心は「どちらも汗をかく」でしょう。,
,多義語型,しんどい猛暑日,高温のために健康に悪影響が出る可能性のある状態,ねっちゅう,熱中症,熱中（する）,好きなゲームに熱中している子供,しんどい猛暑日とかけて、好きなゲームに熱中している子供と解く。その心は「どちらも熱中している」でしょう。,
,完全な同音異義語型,しんどい猛暑日,空気がこもって、息苦しさを感じる状態,むし,蒸し,虫,虫かごの中のクワガタ,しんどい猛暑日とかけて、虫かごの中のクワガタと解く。その心は「どちらも蒸し（虫）がいる」でしょう。,
,フレーズ・慣用句型,しんどい猛暑日,体調が優れず、健康状態が悪くなる状態,くずす,体調を崩す,字を崩す,急いで書いた走り書き,しんどい猛暑日とかけて、急いで書いた走り書きと解く。その心は「どちらも（体調や字を）崩す」でしょう。,
,完全な同音異義語型,ヤバい線状降水帯,大量の雨が降り続き、水が周囲に『溜まる』,たまる,水が溜まる,ストレスが溜まる,仕事で忙殺される現代人,「ヤバい線状降水帯」とかけて、「仕事で忙殺される現代人」と解く。その心は「どちらも『ストレスが溜まる』でしょう。」,
,多義語型,ヤバい線状降水帯,同じ場所に雨雲が『停滞する』,ていたい,雨雲が停滞する,経済が停滞する,不景気な経済状況,「ヤバい線状降水帯」とかけて、「不景気な経済状況」と解く。その心は「どちらも『停滞する』でしょう。」,
,フレーズ・慣用句型,ヤバい線状降水帯,周囲が大量の雨で『水浸し』になる,みずびたし,水浸しになる,借金で水浸しになる,多額の借金を抱えた経営者,「ヤバい線状降水帯」とかけて、「多額の借金を抱えた経営者」と解く。その心は「どちらも『水浸し』でしょう。」,
,完全な同音異義語型,ヤバい線状降水帯,災害発生に『警戒』が必要な状態,けいかい,警戒,軽快,軽やかなステップを踏むダンサー,「ヤバい線状降水帯」とかけて、「軽やかなステップを踏むダンサー」と解く。その心は「どちらも『けいかい（警戒／軽快）』でしょう。」,
,多義語型,ヤバい線状降水帯,大量の雨が『止まらない』,とまらない,雨が止まらない,食欲が止まらない,食べ盛りの高校生,「ヤバい線状降水帯」とかけて、「食べ盛りの高校生」と解く。その心は「どちらも『止まらない』でしょう。」,
,フレーズ・慣用句型,ヤバい線状降水帯,大雨による交通麻痺などで『身動きが取れない』状態になる,みうごきがとれない,身動きが取れない,借金で身動きが取れない,経済的に追い詰められた人,「ヤバい線状降水帯」とかけて、「経済的に追い詰められた人」と解く。その心は「どちらも『身動きが取れない』でしょう。」,
,完全な同音異義語型,チルい夜風,体を冷やす、心を落ち着かせる,さます,冷ます,覚ます,酔っ払い,チルい夜風とかけて、酔っ払いと解く。その心は「どちらも『さます』でしょう。」,
,多義語型,チルい夜風,静かに吹く、そよぐ,ふく,吹く,拭く,悲しんでいる人,チルい夜風とかけて、悲しんでいる人と解く。その心は「どちらも『ふく』でしょう。」,
,フレーズ・慣用句型,チルい夜風,肌に触れて心地よい,はだにあう,肌に合う（物理的に）,肌に合う（相性が良い）,親友,チルい夜風とかけて、親友と解く。その心は「どちらも『肌に合う』でしょう。」,
,完全な同音異義語型,チルい夜風,体の熱や緊張を取り除く,ぬく,抜く（気を抜く、熱を抜く）,抜く（歯を抜く、草を抜く）,歯医者,チルい夜風とかけて、歯医者と解く。その心は「どちらも『ぬく』でしょう。」,
,多義語型,チルい夜風,落ち着いた、のんびりした気分をもたらす,ゆったり,ゆったり（した気分）,ゆったり（したサイズ、空間）,サイズの大きな服を着ている人,チルい夜風とかけて、サイズの大きな服を着ている人と解く。その心は「どちらも『ゆったり』でしょう。」,
,フレーズ・慣用句型,チルい夜風,頭部を涼しくし、冷静にする,あたまをひやす,頭を冷やす（物理的に）,頭を冷やす（冷静になる）,激怒している人,チルい夜風とかけて、激怒している人と解く。その心は「どちらも『頭を冷やす』でしょう。」,